Tarih;Saat;PTF (TL/MWh);PTF (USD/MWh);PTF (EUR/MWh)
31.12.2025;00:00;2.799,98;65,34;55,50
31.12.2025;01:00;2.410,11;56,24;47,77
31.12.2025;02:00;1.830,84;42,72;36,29
31.12.2025;03:00;2.125,00;49,59;42,12
31.12.2025;04:00;1.800,01;42,00;35,68
31.12.2025;05:00;2.125,00;49,59;42,12
31.12.2025;06:00;2.817,00;65,73;55,84
31.12.2025;07:00;2.399,98;56,00;47,57
31.12.2025;08:00;3.349,99;78,17;66,40
31.12.2025;09:00;3.400,00;79,34;67,39
31.12.2025;10:00;3.400,00;79,34;67,39
31.12.2025;11:00;3.400,00;79,34;67,39
31.12.2025;12:00;3.400,00;79,34;67,39
31.12.2025;13:00;3.400,00;79,34;67,39
31.12.2025;14:00;3.400,00;79,34;67,39
31.12.2025;15:00;3.245,99;75,74;64,34
31.12.2025;16:00;3.299,39;76,99;65,40
31.12.2025;17:00;3.400,00;79,34;67,39
31.12.2025;18:00;3.400,00;79,34;67,39
31.12.2025;19:00;3.000,00;70,00;59,46
31.12.2025;20:00;2.563,34;59,82;50,81
31.12.2025;21:00;2.933,33;68,45;58,14
31.12.2025;22:00;2.917,77;68,09;57,83
31.12.2025;23:00;2.917,78;68,09;57,83
01.01.2026;00:00;3.057,34;71,33;60,60
01.01.2026;01:00;2.910,11;67,89;57,68
01.01.2026;02:00;2.634,00;61,45;52,21
01.01.2026;03:00;2.799,00;65,30;55,48
01.01.2026;04:00;2.469,99;57,63;48,96
01.01.2026;05:00;1.694,81;39,54;33,59
01.01.2026;06:00;1.799,98;41,99;35,68
01.01.2026;07:00;1.900,00;44,33;37,66
01.01.2026;08:00;2.765,00;64,51;54,80
01.01.2026;09:00;2.995,01;69,88;59,36
01.01.2026;10:00;2.486,99;58,02;49,29
01.01.2026;11:00;2.450,99;57,18;48,58
01.01.2026;12:00;1.800,01;42,00;35,68
01.01.2026;13:00;2.902,33;67,71;57,53
01.01.2026;14:00;2.605,00;60,78;51,63
01.01.2026;15:00;2.634,01;61,45;52,21
01.01.2026;16:00;3.195,00;74,54;63,33
01.01.2026;17:00;3.400,00;79,32;67,39
01.01.2026;18:00;3.400,00;79,32;67,39
01.01.2026;19:00;3.399,99;79,32;67,39
01.01.2026;20:00;3.400,00;79,32;67,39
01.01.2026;21:00;3.400,00;79,32;67,39
01.01.2026;22:00;2.957,77;69,01;58,62
01.01.2026;23:00;2.957,77;69,01;58,62
02.01.2026;00:00;3.129,99;73,05;62,24
02.01.2026;01:00;3.095,00;72,24;61,55
02.01.2026;02:00;2.275,01;53,10;45,24
02.01.2026;03:00;2.649,98;61,85;52,70
02.01.2026;04:00;2.470,00;57,65;49,12
02.01.2026;05:00;2.600,00;60,68;51,70
02.01.2026;06:00;2.996,60;69,94;59,59
02.01.2026;07:00;3.400,00;79,35;67,61
02.01.2026;08:00;3.400,00;79,35;67,61
02.01.2026;09:00;3.400,00;79,35;67,61
02.01.2026;10:00;3.400,00;79,35;67,61
02.01.2026;11:00;3.094,01;72,21;61,53
02.01.2026;12:00;2.561,09;59,77;50,93
02.01.2026;13:00;2.271,42;53,01;45,17
02.01.2026;14:00;2.649,99;61,85;52,70
02.01.2026;15:00;2.941,01;68,64;58,49
02.01.2026;16:00;3.400,00;79,35;67,61
02.01.2026;17:00;3.400,00;79,35;67,61
02.01.2026;18:00;3.400,00;79,35;67,61
02.01.2026;19:00;3.400,00;79,35;67,61
02.01.2026;20:00;3.400,00;79,35;67,61
02.01.2026;21:00;3.400,00;79,35;67,61
02.01.2026;22:00;3.167,23;73,92;62,98
02.01.2026;23:00;2.994,01;69,88;59,54
03.01.2026;00:00;3.299,85;77,02;65,62
03.01.2026;01:00;3.199,01;74,66;63,62
03.01.2026;02:00;2.881,82;67,26;57,31
03.01.2026;03:00;2.499,99;58,35;49,72
03.01.2026;04:00;2.000,00;46,68;39,77
03.01.2026;05:00;1.900,00;44,35;37,78
03.01.2026;06:00;2.700,00;63,02;53,69
03.01.2026;07:00;3.200,00;74,69;63,64
03.01.2026;08:00;3.400,00;79,35;67,61
03.01.2026;09:00;3.400,00;79,35;67,61
03.01.2026;10:00;2.827,99;66,00;56,24
03.01.2026;11:00;3.001,44;70,05;59,69
03.01.2026;12:00;1.799,98;42,01;35,79
03.01.2026;13:00;2.677,77;62,50;53,25
03.01.2026;14:00;2.450,99;57,21;48,74
03.01.2026;15:00;2.600,00;60,68;51,70
03.01.2026;16:00;2.649,99;61,85;52,70
03.01.2026;17:00;3.395,00;79,24;67,51
03.01.2026;18:00;3.400,00;79,35;67,61
03.01.2026;19:00;3.299,99;77,02;65,62
03.01.2026;20:00;3.190,00;74,45;63,44
03.01.2026;21:00;3.394,99;79,24;67,51
03.01.2026;22:00;2.891,27;67,48;57,50
03.01.2026;23:00;2.469,99;57,65;49,12
04.01.2026;00:00;3.399,99;79,29;67,60
04.01.2026;01:00;2.124,99;49,56;42,25
04.01.2026;02:00;1.694,78;39,52;33,70
04.01.2026;03:00;1.694,78;39,52;33,70
04.01.2026;04:00;1.694,78;39,52;33,70
04.01.2026;05:00;1.694,78;39,52;33,70
04.01.2026;06:00;1.694,79;39,52;33,70
04.01.2026;07:00;1.799,98;41,98;35,79
04.01.2026;08:00;1.694,78;39,52;33,70
04.01.2026;09:00;1.649,98;38,48;32,81
04.01.2026;10:00;1.000,01;23,32;19,88
04.01.2026;11:00;853,99;19,92;16,98
04.01.2026;12:00;715,11;16,68;14,22
04.01.2026;13:00;1.399,99;32,65;27,84
04.01.2026;14:00;1.400,00;32,65;27,84
04.01.2026;15:00;1.400,00;32,65;27,84
04.01.2026;16:00;2.989,86;69,72;59,45
04.01.2026;17:00;3.400,00;79,29;67,60
04.01.2026;18:00;3.400,00;79,29;67,60
04.01.2026;19:00;3.400,00;79,29;67,60
04.01.2026;20:00;3.145,01;73,34;62,53
04.01.2026;21:00;3.400,00;79,29;67,60
04.01.2026;22:00;2.984,00;69,59;59,33
04.01.2026;23:00;2.884,00;67,26;57,34
05.01.2026;00:00;1.694,79;39,52;33,70
05.01.2026;01:00;1.694,79;39,52;33,70
05.01.2026;02:00;1.655,01;38,60;32,91
05.01.2026;03:00;1.654,80;38,59;32,90
05.01.2026;04:00;1.495,00;34,86;29,73
05.01.2026;05:00;1.694,78;39,52;33,70
05.01.2026;06:00;2.989,00;69,70;59,43
05.01.2026;07:00;3.249,99;75,79;64,62
05.01.2026;08:00;3.400,00;79,29;67,60
05.01.2026;09:00;3.400,00;79,29;67,60
05.01.2026;10:00;3.400,00;79,29;67,60
05.01.2026;11:00;3.095,00;72,18;61,54
05.01.2026;12:00;2.450,99;57,16;48,73
05.01.2026;13:00;2.689,00;62,71;53,47
05.01.2026;14:00;2.900,01;67,63;57,66
05.01.2026;15:00;3.300,00;76,96;65,62
05.01.2026;16:00;3.400,00;79,29;67,60
05.01.2026;17:00;3.400,00;79,29;67,60
05.01.2026;18:00;3.400,00;79,29;67,60
05.01.2026;19:00;3.400,00;79,29;67,60
05.01.2026;20:00;3.400,00;79,29;67,60
05.01.2026;21:00;3.400,00;79,29;67,60
05.01.2026;22:00;3.086,25;71,97;61,37
05.01.2026;23:00;2.689,01;62,71;53,47
06.01.2026;00:00;3.193,93;74,48;63,51
06.01.2026;01:00;3.087,76;72,01;61,40
06.01.2026;02:00;2.470,00;57,60;49,11
06.01.2026;03:00;2.430,64;56,68;48,33
06.01.2026;04:00;2.000,00;46,64;39,77
06.01.2026;05:00;2.477,00;57,76;49,25
06.01.2026;06:00;2.876,00;67,07;57,18
06.01.2026;07:00;3.400,00;79,29;67,60
06.01.2026;08:00;3.400,00;79,29;67,60
06.01.2026;09:00;3.400,00;79,29;67,60
06.01.2026;10:00;3.399,99;79,29;67,60
06.01.2026;11:00;2.527,00;58,93;50,25
06.01.2026;12:00;2.349,99;54,80;46,73
06.01.2026;13:00;2.500,99;58,32;49,73
06.01.2026;14:00;2.819,83;65,76;56,07
06.01.2026;15:00;2.945,99;68,70;58,58
06.01.2026;16:00;3.400,00;79,29;67,60
06.01.2026;17:00;3.400,00;79,29;67,60
06.01.2026;18:00;3.400,00;79,29;67,60
06.01.2026;19:00;3.400,00;79,29;67,60
06.01.2026;20:00;3.400,00;79,29;67,60
06.01.2026;21:00;3.400,00;79,29;67,60
06.01.2026;22:00;2.862,39;66,75;56,91
06.01.2026;23:00;2.499,99;58,30;49,71
07.01.2026;00:00;2.900,01;67,50;57,76
07.01.2026;01:00;2.699,99;62,84;53,78
07.01.2026;02:00;2.599,98;60,51;51,78
07.01.2026;03:00;2.450,99;57,05;48,82
07.01.2026;04:00;2.249,99;52,37;44,81
07.01.2026;05:00;2.561,00;59,61;51,01
07.01.2026;06:00;2.888,75;67,24;57,54
07.01.2026;07:00;3.389,99;78,90;67,52
07.01.2026;08:00;3.400,00;79,13;67,72
07.01.2026;09:00;3.400,00;79,13;67,72
07.01.2026;10:00;3.400,00;79,13;67,72
07.01.2026;11:00;2.948,54;68,63;58,73
07.01.2026;12:00;1.740,10;40,50;34,66
07.01.2026;13:00;1.654,81;38,52;32,96
07.01.2026;14:00;2.200,00;51,20;43,82
07.01.2026;15:00;1.799,97;41,89;35,85
07.01.2026;16:00;3.400,00;79,13;67,72
07.01.2026;17:00;3.400,00;79,13;67,72
07.01.2026;18:00;3.400,00;79,13;67,72
07.01.2026;19:00;3.249,99;75,64;64,73
07.01.2026;20:00;3.370,40;78,45;67,13
07.01.2026;21:00;3.400,00;79,13;67,72
07.01.2026;22:00;2.867,17;66,73;57,11
07.01.2026;23:00;2.274,99;52,95;45,31
08.01.2026;00:00;2.499,99;58,18;49,64
08.01.2026;01:00;1.814,00;42,22;36,02
08.01.2026;02:00;1.649,99;38,40;32,76
08.01.2026;03:00;1.649,99;38,40;32,76
08.01.2026;04:00;1.649,99;38,40;32,76
08.01.2026;05:00;1.799,98;41,89;35,74
08.01.2026;06:00;2.600,00;60,51;51,63
08.01.2026;07:00;2.724,65;63,41;54,10
08.01.2026;08:00;3.400,00;79,13;67,51
08.01.2026;09:00;3.400,00;79,13;67,51
08.01.2026;10:00;3.300,00;76,80;65,53
08.01.2026;11:00;3.245,99;75,55;64,45
08.01.2026;12:00;2.900,01;67,49;57,58
08.01.2026;13:00;2.998,01;69,78;59,53
08.01.2026;14:00;3.124,08;72,71;62,03
08.01.2026;15:00;2.479,00;57,70;49,22
08.01.2026;16:00;3.000,00;69,82;59,57
08.01.2026;17:00;3.400,00;79,13;67,51
08.01.2026;18:00;3.246,00;75,55;64,45
08.01.2026;19:00;3.144,00;73,17;62,43
08.01.2026;20:00;3.349,00;77,94;66,50
08.01.2026;21:00;3.400,00;79,13;67,51
08.01.2026;22:00;3.249,99;75,64;64,53
08.01.2026;23:00;2.898,00;67,45;57,54
09.01.2026;00:00;2.600,00;60,50;51,76
09.01.2026;01:00;2.499,98;58,17;49,77
09.01.2026;02:00;2.499,99;58,17;49,77
09.01.2026;03:00;2.759,25;64,21;54,93
09.01.2026;04:00;2.900,01;67,48;57,74
09.01.2026;05:00;2.948,01;68,60;58,69
09.01.2026;06:00;3.385,00;78,77;67,39
09.01.2026;07:00;3.400,00;79,12;67,69
09.01.2026;08:00;3.400,00;79,12;67,69
09.01.2026;09:00;3.400,00;79,12;67,69
09.01.2026;10:00;3.400,00;79,12;67,69
09.01.2026;11:00;3.400,00;79,12;67,69
09.01.2026;12:00;3.380,00;78,65;67,29
09.01.2026;13:00;3.297,24;76,73;65,64
09.01.2026;14:00;3.385,00;78,77;67,39
09.01.2026;15:00;3.300,00;76,79;65,70
09.01.2026;16:00;3.400,00;79,12;67,69
09.01.2026;17:00;3.400,00;79,12;67,69
09.01.2026;18:00;3.400,00;79,12;67,69
09.01.2026;19:00;3.349,01;77,93;66,68
09.01.2026;20:00;3.299,00;76,77;65,68
09.01.2026;21:00;3.299,01;76,77;65,68
09.01.2026;22:00;2.868,61;66,75;57,11
09.01.2026;23:00;2.897,18;67,42;57,68
10.01.2026;00:00;2.950,00;68,65;58,78
10.01.2026;01:00;2.662,06;61,94;53,05
10.01.2026;02:00;2.350,00;54,68;46,83
10.01.2026;03:00;1.999,99;46,54;39,85
10.01.2026;04:00;1.799,97;41,88;35,87
10.01.2026;05:00;2.350,00;54,68;46,83
10.01.2026;06:00;2.704,56;62,93;53,89
10.01.2026;07:00;3.190,17;74,23;63,57
10.01.2026;08:00;3.400,00;79,12;67,75
10.01.2026;09:00;3.400,00;79,12;67,75
10.01.2026;10:00;3.400,00;79,12;67,75
10.01.2026;11:00;3.139,62;73,06;62,56
10.01.2026;12:00;2.600,00;60,50;51,81
10.01.2026;13:00;2.410,11;56,08;48,03
10.01.2026;14:00;1.400,00;32,58;27,90
10.01.2026;15:00;1.649,99;38,39;32,88
10.01.2026;16:00;3.198,00;74,42;63,72
10.01.2026;17:00;3.199,99;74,46;63,76
10.01.2026;18:00;3.245,99;75,53;64,68
10.01.2026;19:00;2.999,99;69,81;59,78
10.01.2026;20:00;3.030,67;70,52;60,39
10.01.2026;21:00;3.385,00;78,77;67,45
10.01.2026;22:00;2.849,00;66,29;56,77
10.01.2026;23:00;2.155,02;50,15;42,94
11.01.2026;00:00;1.799,97;41,87;35,95
11.01.2026;01:00;1.621,49;37,72;32,39
11.01.2026;02:00;1.399,99;32,57;27,96
11.01.2026;03:00;1.400,00;32,57;27,96
11.01.2026;04:00;1.527,40;35,53;30,51
11.01.2026;05:00;1.642,69;38,21;32,81
11.01.2026;06:00;1.642,70;38,21;32,81
11.01.2026;07:00;1.655,01;38,50;33,06
11.01.2026;08:00;2.347,70;54,62;46,89
11.01.2026;09:00;2.605,00;60,60;52,03
11.01.2026;10:00;2.200,00;51,18;43,94
11.01.2026;11:00;3.280,00;76,30;65,51
11.01.2026;12:00;3.384,99;78,75;67,61
11.01.2026;13:00;3.400,00;79,09;67,91
11.01.2026;14:00;3.299,99;76,77;65,91
11.01.2026;15:00;2.899,99;67,46;57,92
11.01.2026;16:00;2.599,01;60,46;51,91
11.01.2026;17:00;3.034,93;70,60;60,62
11.01.2026;18:00;3.299,99;76,77;65,91
11.01.2026;19:00;3.300,00;76,77;65,91
11.01.2026;20:00;3.206,25;74,59;64,04
11.01.2026;21:00;3.389,99;78,86;67,71
11.01.2026;22:00;3.000,01;69,79;59,92
11.01.2026;23:00;2.210,11;51,41;44,14
12.01.2026;00:00;2.920,00;67,93;58,32
12.01.2026;01:00;3.129,77;72,81;62,51
12.01.2026;02:00;2.600,00;60,48;51,93
12.01.2026;03:00;1.642,70;38,21;32,81
12.01.2026;04:00;1.642,70;38,21;32,81
12.01.2026;05:00;1.655,01;38,50;33,06
12.01.2026;06:00;2.805,24;65,26;56,03
12.01.2026;07:00;2.850,01;66,30;56,92
12.01.2026;08:00;2.912,77;67,76;58,18
12.01.2026;09:00;3.400,00;79,09;67,91
12.01.2026;10:00;3.400,00;79,09;67,91
12.01.2026;11:00;3.400,00;79,09;67,91
12.01.2026;12:00;3.385,01;78,75;67,61
12.01.2026;13:00;3.400,00;79,09;67,91
12.01.2026;14:00;3.400,00;79,09;67,91
12.01.2026;15:00;3.130,00;72,81;62,52
12.01.2026;16:00;3.399,99;79,09;67,91
12.01.2026;17:00;3.400,00;79,09;67,91
12.01.2026;18:00;3.400,00;79,09;67,91
12.01.2026;19:00;3.300,00;76,77;65,91
12.01.2026;20:00;3.028,12;70,44;60,48
12.01.2026;21:00;2.900,01;67,46;57,92
12.01.2026;22:00;2.921,24;67,96;58,35
12.01.2026;23:00;3.062,40;71,24;61,17
13.01.2026;00:00;2.994,00;69,65;59,80
13.01.2026;01:00;2.768,99;64,42;55,31
13.01.2026;02:00;2.617,34;60,89;52,28
13.01.2026;03:00;2.562,34;59,61;51,18
13.01.2026;04:00;2.562,34;59,61;51,18
13.01.2026;05:00;2.694,00;62,67;53,81
13.01.2026;06:00;3.249,99;75,61;64,91
13.01.2026;07:00;3.400,00;79,09;67,91
13.01.2026;08:00;3.400,00;79,09;67,91
13.01.2026;09:00;3.400,00;79,09;67,91
13.01.2026;10:00;3.400,00;79,09;67,91
13.01.2026;11:00;3.400,00;79,09;67,91
13.01.2026;12:00;3.400,00;79,09;67,91
13.01.2026;13:00;3.400,00;79,09;67,91
13.01.2026;14:00;3.400,00;79,09;67,91
13.01.2026;15:00;3.317,00;77,16;66,25
13.01.2026;16:00;3.400,00;79,09;67,91
13.01.2026;17:00;3.400,00;79,09;67,91
13.01.2026;18:00;3.400,00;79,09;67,91
13.01.2026;19:00;3.400,00;79,09;67,91
13.01.2026;20:00;3.400,00;79,09;67,91
13.01.2026;21:00;3.400,00;79,09;67,91
13.01.2026;22:00;3.399,99;79,09;67,91
13.01.2026;23:00;3.160,01;73,51;63,11
14.01.2026;00:00;3.250,01;75,47;64,61
14.01.2026;01:00;3.117,99;72,41;61,99
14.01.2026;02:00;2.614,33;60,71;51,97
14.01.2026;03:00;2.599,99;60,38;51,69
14.01.2026;04:00;2.683,70;62,32;53,35
14.01.2026;05:00;2.788,00;64,75;55,43
14.01.2026;06:00;3.250,00;75,47;64,61
14.01.2026;07:00;3.400,00;78,96;67,59
14.01.2026;08:00;3.400,00;78,96;67,59
14.01.2026;09:00;3.400,00;78,96;67,59
14.01.2026;10:00;3.400,00;78,96;67,59
14.01.2026;11:00;3.400,00;78,96;67,59
14.01.2026;12:00;3.400,00;78,96;67,59
14.01.2026;13:00;3.400,00;78,96;67,59
14.01.2026;14:00;3.400,00;78,96;67,59
14.01.2026;15:00;3.400,00;78,96;67,59
14.01.2026;16:00;3.400,00;78,96;67,59
14.01.2026;17:00;3.400,00;78,96;67,59
14.01.2026;18:00;3.400,00;78,96;67,59
14.01.2026;19:00;3.400,00;78,96;67,59
14.01.2026;20:00;3.400,00;78,96;67,59
14.01.2026;21:00;3.400,00;78,96;67,59
14.01.2026;22:00;3.400,00;78,96;67,59
14.01.2026;23:00;3.250,00;75,47;64,61
15.01.2026;00:00;3.180,01;73,82;63,28
15.01.2026;01:00;3.099,99;71,96;61,68
15.01.2026;02:00;2.789,01;64,75;55,50
15.01.2026;03:00;2.673,33;62,06;53,19
15.01.2026;04:00;2.599,98;60,36;51,74
15.01.2026;05:00;2.673,33;62,06;53,19
15.01.2026;06:00;2.995,00;69,53;59,60
15.01.2026;07:00;3.374,33;78,33;67,14
15.01.2026;08:00;3.400,00;78,93;67,65
15.01.2026;09:00;3.400,00;78,93;67,65
15.01.2026;10:00;3.400,00;78,93;67,65
15.01.2026;11:00;3.400,00;78,93;67,65
15.01.2026;12:00;2.673,34;62,06;53,19
15.01.2026;13:00;2.673,34;62,06;53,19
15.01.2026;14:00;3.100,00;71,96;61,68
15.01.2026;15:00;2.673,34;62,06;53,19
15.01.2026;16:00;3.400,00;78,93;67,65
15.01.2026;17:00;3.400,00;78,93;67,65
15.01.2026;18:00;3.400,00;78,93;67,65
15.01.2026;19:00;3.400,00;78,93;67,65
15.01.2026;20:00;3.400,00;78,93;67,65
15.01.2026;21:00;3.400,00;78,93;67,65
15.01.2026;22:00;3.400,00;78,93;67,65
15.01.2026;23:00;3.400,00;78,93;67,65
16.01.2026;00:00;3.250,00;75,42;64,74
16.01.2026;01:00;3.129,99;72,63;62,35
16.01.2026;02:00;2.854,75;66,25;56,87
16.01.2026;03:00;2.777,01;64,44;55,32
16.01.2026;04:00;2.652,25;61,55;52,83
16.01.2026;05:00;2.779,24;64,49;55,36
16.01.2026;06:00;3.309,24;76,79;65,92
16.01.2026;07:00;3.400,00;78,90;67,73
16.01.2026;08:00;3.400,00;78,90;67,73
16.01.2026;09:00;3.400,00;78,90;67,73
16.01.2026;10:00;3.400,00;78,90;67,73
16.01.2026;11:00;3.400,00;78,90;67,73
16.01.2026;12:00;3.130,00;72,63;62,35
16.01.2026;13:00;3.097,99;71,89;61,71
16.01.2026;14:00;3.368,01;78,16;67,09
16.01.2026;15:00;3.309,25;76,79;65,92
16.01.2026;16:00;3.400,00;78,90;67,73
16.01.2026;17:00;3.400,00;78,90;67,73
16.01.2026;18:00;3.400,00;78,90;67,73
16.01.2026;19:00;3.400,00;78,90;67,73
16.01.2026;20:00;3.299,99;76,58;65,74
16.01.2026;21:00;3.150,01;73,10;62,75
16.01.2026;22:00;2.599,99;60,34;51,79
16.01.2026;23:00;2.615,46;60,69;52,10
17.01.2026;00:00;3.400,00;78,86;67,79
17.01.2026;01:00;3.388,89;78,60;67,57
17.01.2026;02:00;2.789,69;64,70;55,62
17.01.2026;03:00;2.639,24;61,21;52,62
17.01.2026;04:00;2.200,00;51,03;43,86
17.01.2026;05:00;1.799,98;41,75;35,89
17.01.2026;06:00;2.275,01;52,77;45,36
17.01.2026;07:00;1.642,70;38,10;32,75
17.01.2026;08:00;3.400,00;78,86;67,79
17.01.2026;09:00;3.400,00;78,86;67,79
17.01.2026;10:00;3.400,00;78,86;67,79
17.01.2026;11:00;3.400,00;78,86;67,79
17.01.2026;12:00;3.037,18;70,44;60,56
17.01.2026;13:00;2.979,27;69,10;59,40
17.01.2026;14:00;2.763,25;64,09;55,09
17.01.2026;15:00;2.384,00;55,29;47,53
17.01.2026;16:00;2.780,00;64,48;55,43
17.01.2026;17:00;3.400,00;78,86;67,79
17.01.2026;18:00;3.400,00;78,86;67,79
17.01.2026;19:00;3.388,01;78,58;67,55
17.01.2026;20:00;2.880,01;66,80;57,42
17.01.2026;21:00;3.369,56;78,15;67,18
17.01.2026;22:00;2.919,99;67,73;58,22
17.01.2026;23:00;2.510,11;58,22;50,05
18.01.2026;00:00;3.079,67;71,47;61,55
18.01.2026;01:00;3.089,29;71,70;61,74
18.01.2026;02:00;2.657,18;61,67;53,11
18.01.2026;03:00;2.499,99;58,02;49,97
18.01.2026;04:00;2.600,00;60,34;51,96
18.01.2026;05:00;1.799,98;41,77;35,97
18.01.2026;06:00;2.949,99;68,46;58,96
18.01.2026;07:00;3.249,98;75,43;64,95
18.01.2026;08:00;3.099,99;71,95;61,96
18.01.2026;09:00;1.799,98;41,77;35,97
18.01.2026;10:00;1.642,70;38,12;32,83
18.01.2026;11:00;1.642,69;38,12;32,83
18.01.2026;12:00;1.649,98;38,29;32,98
18.01.2026;13:00;1.655,01;38,41;33,08
18.01.2026;14:00;1.649,98;38,29;32,98
18.01.2026;15:00;1.527,40;35,45;30,53
18.01.2026;16:00;2.605,00;60,46;52,06
18.01.2026;17:00;3.249,98;75,43;64,95
18.01.2026;18:00;3.368,00;78,17;67,31
18.01.2026;19:00;3.400,00;78,91;67,95
18.01.2026;20:00;3.368,00;78,17;67,31
18.01.2026;21:00;3.104,41;72,05;62,05
18.01.2026;22:00;2.599,99;60,34;51,96
18.01.2026;23:00;2.275,00;52,80;45,47
19.01.2026;00:00;3.118,00;72,36;62,32
19.01.2026;01:00;2.900,00;67,30;57,96
19.01.2026;02:00;2.594,00;60,20;51,84
19.01.2026;03:00;1.799,98;41,77;35,97
19.01.2026;04:00;1.655,01;38,41;33,08
19.01.2026;05:00;2.410,11;55,93;48,17
19.01.2026;06:00;2.715,67;63,03;54,28
19.01.2026;07:00;3.009,62;69,85;60,15
19.01.2026;08:00;3.400,00;78,91;67,95
19.01.2026;09:00;3.400,00;78,91;67,95
19.01.2026;10:00;3.310,01;76,82;66,15
19.01.2026;11:00;2.612,56;60,63;52,22
19.01.2026;12:00;2.599,99;60,34;51,96
19.01.2026;13:00;2.756,34;63,97;55,09
19.01.2026;14:00;2.604,00;60,43;52,04
19.01.2026;15:00;2.643,08;61,34;52,83
19.01.2026;16:00;3.400,00;78,91;67,95
19.01.2026;17:00;3.400,00;78,91;67,95
19.01.2026;18:00;3.400,00;78,91;67,95
19.01.2026;19:00;3.400,00;78,91;67,95
19.01.2026;20:00;3.363,34;78,06;67,22
19.01.2026;21:00;3.212,00;74,54;64,20
19.01.2026;22:00;2.938,60;68,20;58,73
19.01.2026;23:00;2.888,00;67,03;57,72
20.01.2026;00:00;2.900,00;67,30;57,96
20.01.2026;01:00;2.604,99;60,46;52,06
20.01.2026;02:00;2.989,00;69,37;59,74
20.01.2026;03:00;2.663,33;61,81;53,23
20.01.2026;04:00;2.250,00;52,22;44,97
20.01.2026;05:00;2.610,01;60,57;52,16
20.01.2026;06:00;3.025,00;70,20;60,46
20.01.2026;07:00;3.400,00;78,91;67,95
20.01.2026;08:00;3.400,00;78,91;67,95
20.01.2026;09:00;3.400,00;78,91;67,95
20.01.2026;10:00;3.400,00;78,91;67,95
20.01.2026;11:00;2.777,01;64,45;55,50
20.01.2026;12:00;2.666,01;61,87;53,28
20.01.2026;13:00;2.777,00;64,45;55,50
20.01.2026;14:00;2.859,30;66,36;57,15
20.01.2026;15:00;2.789,70;64,74;55,76
20.01.2026;16:00;3.400,00;78,91;67,95
20.01.2026;17:00;3.400,00;78,91;67,95
20.01.2026;18:00;3.400,00;78,91;67,95
20.01.2026;19:00;3.400,00;78,91;67,95
20.01.2026;20:00;3.400,00;78,91;67,95
20.01.2026;21:00;3.400,00;78,91;67,95
20.01.2026;22:00;3.349,01;77,72;66,93
20.01.2026;23:00;3.160,01;73,34;63,16
21.01.2026;00:00;3.200,00;74,08;63,72
21.01.2026;01:00;2.874,34;66,54;57,24
21.01.2026;02:00;2.654,33;61,45;52,86
21.01.2026;03:00;2.666,00;61,72;53,09
21.01.2026;04:00;2.666,00;61,72;53,09
21.01.2026;05:00;2.666,01;61,72;53,09
21.01.2026;06:00;3.110,01;72,00;61,93
21.01.2026;07:00;3.376,00;78,16;67,23
21.01.2026;08:00;3.400,00;78,71;67,71
21.01.2026;09:00;3.400,00;78,71;67,71
21.01.2026;10:00;3.400,00;78,71;67,71
21.01.2026;11:00;3.400,00;78,71;67,71
21.01.2026;12:00;3.400,00;78,71;67,71
21.01.2026;13:00;3.400,00;78,71;67,71
21.01.2026;14:00;3.400,00;78,71;67,71
21.01.2026;15:00;3.400,00;78,71;67,71
21.01.2026;16:00;3.400,00;78,71;67,71
21.01.2026;17:00;3.400,00;78,71;67,71
21.01.2026;18:00;3.400,00;78,71;67,71
21.01.2026;19:00;3.400,00;78,71;67,71
21.01.2026;20:00;3.400,00;78,71;67,71
21.01.2026;21:00;3.376,00;78,16;67,23
21.01.2026;22:00;3.007,77;69,63;59,90
21.01.2026;23:00;3.007,78;69,63;59,90
22.01.2026;00:00;3.250,00;75,22;64,23
22.01.2026;01:00;2.957,33;68,45;58,45
22.01.2026;02:00;2.599,99;60,18;51,38
22.01.2026;03:00;2.650,01;61,33;52,37
22.01.2026;04:00;2.343,21;54,23;46,31
22.01.2026;05:00;2.333,03;54,00;46,11
22.01.2026;06:00;2.900,01;67,12;57,31
22.01.2026;07:00;3.110,00;71,98;61,46
22.01.2026;08:00;3.400,00;78,69;67,20
22.01.2026;09:00;3.400,00;78,69;67,20
22.01.2026;10:00;3.400,00;78,69;67,20
22.01.2026;11:00;3.400,00;78,69;67,20
22.01.2026;12:00;3.400,00;78,69;67,20
22.01.2026;13:00;3.400,00;78,69;67,20
22.01.2026;14:00;3.400,00;78,69;67,20
22.01.2026;15:00;3.400,00;78,69;67,20
22.01.2026;16:00;3.400,00;78,69;67,20
22.01.2026;17:00;3.400,00;78,69;67,20
22.01.2026;18:00;3.400,00;78,69;67,20
22.01.2026;19:00;3.400,00;78,69;67,20
22.01.2026;20:00;3.099,99;71,75;61,27
22.01.2026;21:00;2.684,34;62,13;53,05
22.01.2026;22:00;2.684,33;62,13;53,05
22.01.2026;23:00;2.998,00;69,39;59,25
23.01.2026;00:00;3.045,26;70,47;60,16
23.01.2026;01:00;2.710,11;62,71;53,54
23.01.2026;02:00;2.798,00;64,74;55,28
23.01.2026;03:00;2.700,01;62,48;53,34
23.01.2026;04:00;2.752,25;63,69;54,37
23.01.2026;05:00;2.900,00;67,10;57,29
23.01.2026;06:00;3.130,00;72,43;61,84
23.01.2026;07:00;3.160,01;73,12;62,43
23.01.2026;08:00;3.400,00;78,67;67,17
23.01.2026;09:00;3.400,00;78,67;67,17
23.01.2026;10:00;3.400,00;78,67;67,17
23.01.2026;11:00;3.400,00;78,67;67,17
23.01.2026;12:00;3.400,00;78,67;67,17
23.01.2026;13:00;3.400,00;78,67;67,17
23.01.2026;14:00;3.400,00;78,67;67,17
23.01.2026;15:00;3.400,00;78,67;67,17
23.01.2026;16:00;3.400,00;78,67;67,17
23.01.2026;17:00;3.400,00;78,67;67,17
23.01.2026;18:00;3.400,00;78,67;67,17
23.01.2026;19:00;3.400,00;78,67;67,17
23.01.2026;20:00;3.347,24;77,45;66,13
23.01.2026;21:00;3.198,99;74,02;63,20
23.01.2026;22:00;3.007,78;69,60;59,42
23.01.2026;23:00;3.110,00;71,96;61,44
24.01.2026;00:00;3.200,00;74,03;63,31
24.01.2026;01:00;2.913,64;67,41;57,65
24.01.2026;02:00;2.875,99;66,54;56,90
24.01.2026;03:00;2.742,25;63,44;54,26
24.01.2026;04:00;2.710,10;62,70;53,62
24.01.2026;05:00;2.781,36;64,35;55,03
24.01.2026;06:00;3.170,35;73,35;62,73
24.01.2026;07:00;2.825,60;65,37;55,90
24.01.2026;08:00;3.100,00;71,72;61,33
24.01.2026;09:00;3.400,00;78,66;67,27
24.01.2026;10:00;3.400,00;78,66;67,27
24.01.2026;11:00;3.400,00;78,66;67,27
24.01.2026;12:00;3.177,65;73,51;62,87
24.01.2026;13:00;3.174,45;73,44;62,81
24.01.2026;14:00;2.789,69;64,54;55,19
24.01.2026;15:00;3.007,01;69,57;59,49
24.01.2026;16:00;3.390,00;78,43;67,07
24.01.2026;17:00;3.400,00;78,66;67,27
24.01.2026;18:00;3.400,00;78,66;67,27
24.01.2026;19:00;3.400,00;78,66;67,27
24.01.2026;20:00;3.400,00;78,66;67,27
24.01.2026;21:00;3.400,00;78,66;67,27
24.01.2026;22:00;3.095,00;71,60;61,23
24.01.2026;23:00;2.957,24;68,42;58,51
25.01.2026;00:00;3.105,73;71,89;61,24
25.01.2026;01:00;2.977,34;68,91;58,71
25.01.2026;02:00;2.600,00;60,18;51,27
25.01.2026;03:00;2.910,10;67,36;57,39
25.01.2026;04:00;3.100,00;71,75;61,13
25.01.2026;05:00;2.605,00;60,30;51,37
25.01.2026;06:00;3.384,99;78,35;66,75
25.01.2026;07:00;3.384,99;78,35;66,75
25.01.2026;08:00;3.267,46;75,63;64,43
25.01.2026;09:00;3.214,46;74,40;63,39
25.01.2026;10:00;2.199,99;50,92;43,38
25.01.2026;11:00;1.642,70;38,02;32,39
25.01.2026;12:00;1.655,01;38,31;32,64
25.01.2026;13:00;1.649,99;38,19;32,54
25.01.2026;14:00;1.000,00;23,15;19,72
25.01.2026;15:00;1.400,00;32,40;27,61
25.01.2026;16:00;2.900,00;67,12;57,19
25.01.2026;17:00;3.400,00;78,70;67,05
25.01.2026;18:00;3.400,00;78,70;67,05
25.01.2026;19:00;3.400,00;78,70;67,05
25.01.2026;20:00;3.299,01;76,36;65,06
25.01.2026;21:00;3.299,00;76,36;65,06
25.01.2026;22:00;2.881,70;66,70;56,83
25.01.2026;23:00;1.799,97;41,66;35,50
26.01.2026;00:00;2.876,00;66,57;56,71
26.01.2026;01:00;2.600,00;60,18;51,27
26.01.2026;02:00;1.940,11;44,91;38,26
26.01.2026;03:00;2.200,00;50,92;43,38
26.01.2026;04:00;2.199,99;50,92;43,38
26.01.2026;05:00;2.599,99;60,18;51,27
26.01.2026;06:00;2.946,00;68,19;58,09
26.01.2026;07:00;3.200,00;74,07;63,10
26.01.2026;08:00;3.400,00;78,70;67,05
26.01.2026;09:00;3.400,00;78,70;67,05
26.01.2026;10:00;2.695,00;62,38;53,14
26.01.2026;11:00;2.868,34;66,39;56,56
26.01.2026;12:00;1.814,00;41,99;35,77
26.01.2026;13:00;2.516,00;58,24;49,61
26.01.2026;14:00;2.780,01;64,35;54,82
26.01.2026;15:00;2.600,00;60,18;51,27
26.01.2026;16:00;3.400,00;78,70;67,05
26.01.2026;17:00;3.400,00;78,70;67,05
26.01.2026;18:00;3.400,00;78,70;67,05
26.01.2026;19:00;3.400,00;78,70;67,05
26.01.2026;20:00;3.367,33;77,94;66,40
26.01.2026;21:00;3.051,00;70,62;60,17
26.01.2026;22:00;2.274,99;52,66;44,86
26.01.2026;23:00;1.642,69;38,02;32,39
27.01.2026;00:00;1.599,99;37,03;31,55
27.01.2026;01:00;1.590,90;36,82;31,37
27.01.2026;02:00;1.399,99;32,40;27,61
27.01.2026;03:00;1.590,89;36,82;31,37
27.01.2026;04:00;1.500,01;34,72;29,58
27.01.2026;05:00;1.642,69;38,02;32,39
27.01.2026;06:00;1.642,69;38,02;32,39
27.01.2026;07:00;1.642,70;38,02;32,39
27.01.2026;08:00;2.792,58;64,64;55,07
27.01.2026;09:00;3.298,01;76,34;65,04
27.01.2026;10:00;2.410,11;55,78;47,53
27.01.2026;11:00;3.245,99;75,13;64,01
27.01.2026;12:00;2.604,99;60,30;51,37
27.01.2026;13:00;3.037,17;70,30;59,89
27.01.2026;14:00;3.298,01;76,34;65,04
27.01.2026;15:00;2.999,99;69,44;59,16
27.01.2026;16:00;3.400,00;78,70;67,05
27.01.2026;17:00;3.400,00;78,70;67,05
27.01.2026;18:00;3.400,00;78,70;67,05
27.01.2026;19:00;3.400,00;78,70;67,05
27.01.2026;20:00;3.348,97;77,52;66,04
27.01.2026;21:00;3.400,00;78,70;67,05
27.01.2026;22:00;3.061,20;70,86;60,37
27.01.2026;23:00;2.799,99;64,81;55,22
28.01.2026;00:00;3.071,45;70,94;59,84
28.01.2026;01:00;2.600,00;60,05;50,66
28.01.2026;02:00;2.908,99;67,19;56,68
28.01.2026;03:00;2.599,01;60,03;50,64
28.01.2026;04:00;2.249,99;51,97;43,84
28.01.2026;05:00;2.469,99;57,05;48,12
28.01.2026;06:00;3.200,01;73,91;62,35
28.01.2026;07:00;3.400,00;78,53;66,24
28.01.2026;08:00;3.400,00;78,53;66,24
28.01.2026;09:00;3.400,00;78,53;66,24
28.01.2026;10:00;3.400,00;78,53;66,24
28.01.2026;11:00;3.400,00;78,53;66,24
28.01.2026;12:00;3.400,00;78,53;66,24
28.01.2026;13:00;3.400,00;78,53;66,24
28.01.2026;14:00;3.370,00;77,83;65,66
28.01.2026;15:00;2.880,01;66,52;56,11
28.01.2026;16:00;3.246,00;74,97;63,24
28.01.2026;17:00;3.400,00;78,53;66,24
28.01.2026;18:00;3.400,00;78,53;66,24
28.01.2026;19:00;3.145,01;72,64;61,28
28.01.2026;20:00;2.599,99;60,05;50,66
28.01.2026;21:00;2.900,01;66,98;56,50
28.01.2026;22:00;2.899,99;66,98;56,50
28.01.2026;23:00;2.155,99;49,79;42,01
29.01.2026;00:00;3.089,99;71,34;60,06
29.01.2026;01:00;3.057,00;70,57;59,42
29.01.2026;02:00;2.600,00;60,02;50,53
29.01.2026;03:00;1.799,98;41,55;34,98
29.01.2026;04:00;1.642,69;37,92;31,93
29.01.2026;05:00;1.642,70;37,92;31,93
29.01.2026;06:00;2.200,00;50,79;42,76
29.01.2026;07:00;3.044,44;70,28;59,17
29.01.2026;08:00;3.400,00;78,49;66,08
29.01.2026;09:00;3.400,00;78,49;66,08
29.01.2026;10:00;2.900,00;66,95;56,36
29.01.2026;11:00;3.003,92;69,35;58,38
29.01.2026;12:00;2.603,64;60,11;50,60
29.01.2026;13:00;2.908,07;67,14;56,52
29.01.2026;14:00;2.995,01;69,14;58,21
29.01.2026;15:00;2.675,83;61,77;52,01
29.01.2026;16:00;3.086,89;71,26;60,00
29.01.2026;17:00;3.400,00;78,49;66,08
29.01.2026;18:00;3.400,00;78,49;66,08
29.01.2026;19:00;3.290,32;75,96;63,95
29.01.2026;20:00;2.969,00;68,54;57,71
29.01.2026;21:00;3.057,00;70,57;59,42
29.01.2026;22:00;2.969,01;68,54;57,71
29.01.2026;23:00;2.210,10;51,02;42,96
30.01.2026;00:00;1.642,70;37,91;31,63
30.01.2026;01:00;1.642,70;37,91;31,63
30.01.2026;02:00;1.642,70;37,91;31,63
30.01.2026;03:00;1.799,97;41,54;34,66
30.01.2026;04:00;1.578,89;36,44;30,40
30.01.2026;05:00;1.642,70;37,91;31,63
30.01.2026;06:00;2.780,01;64,16;53,53
30.01.2026;07:00;2.580,01;59,54;49,68
30.01.2026;08:00;2.900,01;66,92;55,84
30.01.2026;09:00;3.400,00;78,46;65,47
30.01.2026;10:00;3.399,99;78,46;65,47
30.01.2026;11:00;3.274,46;75,57;63,05
30.01.2026;12:00;2.697,00;62,24;51,93
30.01.2026;13:00;2.589,01;59,75;49,85
30.01.2026;14:00;2.951,28;68,11;56,83
30.01.2026;15:00;2.777,77;64,10;53,49
30.01.2026;16:00;3.057,00;70,55;58,86
30.01.2026;17:00;3.288,01;75,88;63,31
30.01.2026;18:00;3.400,00;78,46;65,47
30.01.2026;19:00;3.400,00;78,46;65,47
30.01.2026;20:00;3.118,32;71,96;60,04
30.01.2026;21:00;2.672,48;61,67;51,46
30.01.2026;22:00;2.600,00;60,00;50,06
30.01.2026;23:00;2.599,98;60,00;50,06
31.01.2026;00:00;3.140,01;72,44;60,56
31.01.2026;01:00;3.050,01;70,37;58,82
31.01.2026;02:00;2.998,00;69,17;57,82
31.01.2026;03:00;2.850,15;65,76;54,97
31.01.2026;04:00;2.395,01;55,26;46,19
31.01.2026;05:00;2.600,00;59,98;50,15
31.01.2026;06:00;2.945,99;67,97;56,82
31.01.2026;07:00;3.038,48;70,10;58,60
31.01.2026;08:00;3.100,00;71,52;59,79
31.01.2026;09:00;3.140,00;72,44;60,56
31.01.2026;10:00;3.150,00;72,67;60,75
31.01.2026;11:00;3.353,11;77,36;64,67
31.01.2026;12:00;3.038,49;70,10;58,60
31.01.2026;13:00;3.049,99;70,37;58,82
31.01.2026;14:00;3.050,00;70,37;58,82
31.01.2026;15:00;3.038,49;70,10;58,60
31.01.2026;16:00;2.355,01;54,33;45,42
31.01.2026;17:00;2.600,00;59,98;50,15
31.01.2026;18:00;3.246,00;74,89;62,60
31.01.2026;19:00;2.998,00;69,17;57,82
31.01.2026;20:00;2.998,00;69,17;57,82
31.01.2026;21:00;3.140,01;72,44;60,56
31.01.2026;22:00;2.809,08;64,81;54,18
31.01.2026;23:00;2.275,00;52,49;43,88
01.02.2026;00:00;2.999,99;69,22;58,03
01.02.2026;01:00;3.000,00;69,22;58,03
01.02.2026;02:00;2.977,00;68,69;57,58
01.02.2026;03:00;2.988,01;68,94;57,80
01.02.2026;04:00;2.836,00;65,43;54,86
01.02.2026;05:00;2.825,27;65,19;54,65
01.02.2026;06:00;2.849,01;65,73;55,11
01.02.2026;07:00;1.999,99;46,15;38,69
01.02.2026;08:00;1.799,98;41,53;34,82
01.02.2026;09:00;1.547,40;35,70;29,93
01.02.2026;10:00;803,47;18,54;15,54
01.02.2026;11:00;1.001,01;23,10;19,36
01.02.2026;12:00;900,00;20,77;17,41
01.02.2026;13:00;1.547,39;35,70;29,93
01.02.2026;14:00;1.642,69;37,90;31,77
01.02.2026;15:00;700,01;16,15;13,54
01.02.2026;16:00;2.599,99;59,99;50,29
01.02.2026;17:00;2.999,99;69,22;58,03
01.02.2026;18:00;3.246,00;74,89;62,79
01.02.2026;19:00;3.165,06;73,03;61,22
01.02.2026;20:00;3.000,00;69,22;58,03
01.02.2026;21:00;2.999,99;69,22;58,03
01.02.2026;22:00;1.547,39;35,70;29,93
01.02.2026;23:00;1.000,01;23,07;19,34
02.02.2026;00:00;2.198,00;50,71;42,52
02.02.2026;01:00;1.642,69;37,90;31,77
02.02.2026;02:00;1.000,00;23,07;19,34
02.02.2026;03:00;1.642,69;37,90;31,77
02.02.2026;04:00;1.554,11;35,86;30,06
02.02.2026;05:00;1.578,90;36,43;30,54
02.02.2026;06:00;1.250,00;28,84;24,18
02.02.2026;07:00;1.642,70;37,90;31,77
02.02.2026;08:00;3.337,36;77,00;64,55
02.02.2026;09:00;3.400,00;78,45;65,77
02.02.2026;10:00;3.137,00;72,38;60,68
02.02.2026;11:00;3.100,00;71,53;59,96
02.02.2026;12:00;2.897,24;66,85;56,04
02.02.2026;13:00;3.087,04;71,23;59,71
02.02.2026;14:00;3.087,04;71,23;59,71
02.02.2026;15:00;2.836,01;65,43;54,86
02.02.2026;16:00;3.130,01;72,22;60,54
02.02.2026;17:00;3.400,00;78,45;65,77
02.02.2026;18:00;3.399,13;78,43;65,75
02.02.2026;19:00;3.100,00;71,53;59,96
02.02.2026;20:00;2.699,99;62,30;52,23
02.02.2026;21:00;2.979,01;68,73;57,62
02.02.2026;22:00;2.836,00;65,43;54,86
02.02.2026;23:00;2.897,24;66,85;56,04
03.02.2026;00:00;2.995,01;69,10;57,93
03.02.2026;01:00;2.700,00;62,30;52,23
03.02.2026;02:00;2.517,00;58,07;48,69
03.02.2026;03:00;2.699,98;62,30;52,22
03.02.2026;04:00;2.797,00;64,53;54,10
03.02.2026;05:00;2.764,19;63,78;53,47
03.02.2026;06:00;2.999,99;69,22;58,03
03.02.2026;07:00;3.385,00;78,10;65,48
03.02.2026;08:00;3.400,00;78,45;65,77
03.02.2026;09:00;3.400,00;78,45;65,77
03.02.2026;10:00;3.400,00;78,45;65,77
03.02.2026;11:00;3.400,00;78,45;65,77
03.02.2026;12:00;3.000,01;69,22;58,03
03.02.2026;13:00;3.035,50;70,04;58,71
03.02.2026;14:00;2.750,01;63,45;53,19
03.02.2026;15:00;2.849,00;65,73;55,11
03.02.2026;16:00;3.400,00;78,45;65,77
03.02.2026;17:00;3.400,00;78,45;65,77
03.02.2026;18:00;3.400,00;78,45;65,77
03.02.2026;19:00;3.400,00;78,45;65,77
03.02.2026;20:00;3.400,00;78,45;65,77
03.02.2026;21:00;3.400,00;78,45;65,77
03.02.2026;22:00;2.997,17;69,15;57,97
03.02.2026;23:00;2.939,24;67,82;56,85
04.02.2026;00:00;2.913,63;67,11;56,59
04.02.2026;01:00;2.897,25;66,73;56,27
04.02.2026;02:00;2.789,69;64,25;54,18
04.02.2026;03:00;2.499,98;57,58;48,56
04.02.2026;04:00;2.199,99;50,67;42,73
04.02.2026;05:00;2.200,00;50,67;42,73
04.02.2026;06:00;2.880,01;66,33;55,94
04.02.2026;07:00;3.191,00;73,50;61,98
04.02.2026;08:00;3.400,00;78,31;66,04
04.02.2026;09:00;3.400,00;78,31;66,04
04.02.2026;10:00;2.599,98;59,88;50,50
04.02.2026;11:00;1.999,99;46,06;38,85
04.02.2026;12:00;1.614,90;37,20;31,37
04.02.2026;13:00;1.642,69;37,84;31,91
04.02.2026;14:00;1.794,01;41,32;34,84
04.02.2026;15:00;2.599,98;59,88;50,50
04.02.2026;16:00;3.191,00;73,50;61,98
04.02.2026;17:00;3.400,00;78,31;66,04
04.02.2026;18:00;3.400,00;78,31;66,04
04.02.2026;19:00;3.400,00;78,31;66,04
04.02.2026;20:00;3.190,99;73,50;61,98
04.02.2026;21:00;2.897,25;66,73;56,27
04.02.2026;22:00;2.749,70;63,33;53,41
04.02.2026;23:00;2.499,98;57,58;48,56
05.02.2026;00:00;2.913,63;67,11;56,87
05.02.2026;01:00;2.849,00;65,62;55,61
05.02.2026;02:00;1.813,99;41,78;35,41
05.02.2026;03:00;1.642,70;37,84;32,06
05.02.2026;04:00;1.642,69;37,84;32,06
05.02.2026;05:00;1.642,69;37,84;32,06
05.02.2026;06:00;2.395,21;55,17;46,75
05.02.2026;07:00;2.984,99;68,76;58,26
05.02.2026;08:00;3.400,00;78,32;66,36
05.02.2026;09:00;3.314,71;76,35;64,70
05.02.2026;10:00;2.000,21;46,07;39,04
05.02.2026;11:00;1.740,10;40,08;33,96
05.02.2026;12:00;1.400,00;32,25;27,32
05.02.2026;13:00;1.592,89;36,69;31,09
05.02.2026;14:00;1.642,70;37,84;32,06
05.02.2026;15:00;2.210,11;50,91;43,14
05.02.2026;16:00;2.979,00;68,62;58,14
05.02.2026;17:00;3.400,00;78,32;66,36
05.02.2026;18:00;3.199,99;73,71;62,46
05.02.2026;19:00;2.971,47;68,44;58,00
05.02.2026;20:00;2.797,01;64,43;54,59
05.02.2026;21:00;3.146,88;72,49;61,42
05.02.2026;22:00;1.133,32;26,10;22,12
05.02.2026;23:00;249,99;5,76;4,88
06.02.2026;00:00;1.057,00;24,34;20,59
06.02.2026;01:00;1.056,99;24,34;20,59
06.02.2026;02:00;1.000,01;23,03;19,48
06.02.2026;03:00;1.000,01;23,03;19,48
06.02.2026;04:00;1.574,19;36,25;30,67
06.02.2026;05:00;1.642,70;37,83;32,00
06.02.2026;06:00;1.574,20;36,25;30,67
06.02.2026;07:00;2.155,99;49,65;42,00
06.02.2026;08:00;3.400,00;78,30;66,23
06.02.2026;09:00;3.400,00;78,30;66,23
06.02.2026;10:00;3.400,00;78,30;66,23
06.02.2026;11:00;3.400,00;78,30;66,23
06.02.2026;12:00;2.850,00;65,63;55,52
06.02.2026;13:00;2.303,00;53,03;44,86
06.02.2026;14:00;3.000,00;69,09;58,44
06.02.2026;15:00;2.789,69;64,24;54,34
06.02.2026;16:00;3.099,01;71,37;60,37
06.02.2026;17:00;3.400,00;78,30;66,23
06.02.2026;18:00;3.400,00;78,30;66,23
06.02.2026;19:00;2.950,01;67,93;57,47
06.02.2026;20:00;2.302,99;53,03;44,86
06.02.2026;21:00;2.185,18;50,32;42,57
06.02.2026;22:00;1.619,98;37,31;31,56
06.02.2026;23:00;1.001,01;23,05;19,50
07.02.2026;00:00;1.600,00;36,82;31,22
07.02.2026;01:00;1.642,69;37,80;32,06
07.02.2026;02:00;1.544,39;35,54;30,14
07.02.2026;03:00;1.457,14;33,53;28,44
07.02.2026;04:00;1.075,00;24,74;20,98
07.02.2026;05:00;1.600,00;36,82;31,22
07.02.2026;06:00;2.047,37;47,11;39,95
07.02.2026;07:00;2.413,63;55,54;47,10
07.02.2026;08:00;2.675,99;61,58;52,22
07.02.2026;09:00;3.400,00;78,24;66,35
07.02.2026;10:00;3.118,50;71,76;60,86
07.02.2026;11:00;3.127,59;71,97;61,03
07.02.2026;12:00;2.249,92;51,78;43,91
07.02.2026;13:00;2.675,99;61,58;52,22
07.02.2026;14:00;1.799,97;41,42;35,13
07.02.2026;15:00;1.997,01;45,96;38,97
07.02.2026;16:00;3.049,37;70,17;59,51
07.02.2026;17:00;3.199,99;73,64;62,45
07.02.2026;18:00;3.400,00;78,24;66,35
07.02.2026;19:00;3.400,00;78,24;66,35
07.02.2026;20:00;3.193,63;73,49;62,32
07.02.2026;21:00;3.097,01;71,27;60,44
07.02.2026;22:00;2.898,00;66,69;56,55
07.02.2026;23:00;2.898,00;66,69;56,55
08.02.2026;00:00;3.200,00;73,64;62,45
08.02.2026;01:00;2.848,01;65,54;55,58
08.02.2026;02:00;2.647,99;60,94;51,67
08.02.2026;03:00;2.848,01;65,54;55,58
08.02.2026;04:00;2.796,00;64,34;54,56
08.02.2026;05:00;2.796,00;64,34;54,56
08.02.2026;06:00;3.145,00;72,38;61,37
08.02.2026;07:00;3.130,00;72,03;61,08
08.02.2026;08:00;2.880,00;66,28;56,20
08.02.2026;09:00;1.642,69;37,80;32,06
08.02.2026;10:00;1.547,39;35,61;30,20
08.02.2026;11:00;1.547,39;35,61;30,20
08.02.2026;12:00;1.547,39;35,61;30,20
08.02.2026;13:00;1.642,70;37,80;32,06
08.02.2026;14:00;1.642,69;37,80;32,06
08.02.2026;15:00;1.821,71;41,92;35,55
08.02.2026;16:00;2.799,99;64,44;54,64
08.02.2026;17:00;2.900,00;66,74;56,59
08.02.2026;18:00;3.249,01;74,77;63,40
08.02.2026;19:00;3.400,00;78,24;66,35
08.02.2026;20:00;3.246,00;74,70;63,34
08.02.2026;21:00;2.848,01;65,54;55,58
08.02.2026;22:00;2.848,01;65,54;55,58
08.02.2026;23:00;2.848,00;65,54;55,58
09.02.2026;00:00;2.900,00;66,74;56,59
09.02.2026;01:00;2.827,99;65,08;55,19
09.02.2026;02:00;2.700,01;62,13;52,69
09.02.2026;03:00;2.156,00;49,62;42,07
09.02.2026;04:00;1.813,99;41,74;35,40
09.02.2026;05:00;2.250,00;51,78;43,91
09.02.2026;06:00;2.900,01;66,74;56,59
09.02.2026;07:00;3.300,01;75,94;64,40
09.02.2026;08:00;3.400,00;78,24;66,35
09.02.2026;09:00;3.400,00;78,24;66,35
09.02.2026;10:00;3.388,48;77,98;66,12
09.02.2026;11:00;2.789,69;64,20;54,44
09.02.2026;12:00;2.698,00;62,09;52,65
09.02.2026;13:00;2.699,99;62,13;52,69
09.02.2026;14:00;2.649,99;60,98;51,71
09.02.2026;15:00;2.649,98;60,98;51,71
09.02.2026;16:00;3.199,00;73,62;62,43
09.02.2026;17:00;3.400,00;78,24;66,35
09.02.2026;18:00;3.400,00;78,24;66,35
09.02.2026;19:00;3.199,00;73,62;62,43
09.02.2026;20:00;2.599,01;59,81;50,72
09.02.2026;21:00;2.699,99;62,13;52,69
09.02.2026;22:00;2.710,11;62,37;52,89
09.02.2026;23:00;2.700,00;62,13;52,69
10.02.2026;00:00;2.880,01;66,28;56,20
10.02.2026;01:00;2.827,99;65,08;55,19
10.02.2026;02:00;1.799,98;41,42;35,13
10.02.2026;03:00;1.642,70;37,80;32,06
10.02.2026;04:00;1.642,69;37,80;32,06
10.02.2026;05:00;1.642,70;37,80;32,06
10.02.2026;06:00;2.400,00;55,23;46,84
10.02.2026;07:00;2.399,99;55,23;46,83
10.02.2026;08:00;2.876,00;66,18;56,12
10.02.2026;09:00;3.400,00;78,24;66,35
10.02.2026;10:00;3.140,00;72,26;61,28
10.02.2026;11:00;3.104,50;71,44;60,58
10.02.2026;12:00;2.697,00;62,07;52,63
10.02.2026;13:00;2.834,10;65,22;55,31
10.02.2026;14:00;2.923,24;67,27;57,05
10.02.2026;15:00;2.649,98;60,98;51,71
10.02.2026;16:00;2.695,01;62,02;52,59
10.02.2026;17:00;3.370,01;77,55;65,76
10.02.2026;18:00;3.140,01;72,26;61,28
10.02.2026;19:00;3.064,19;70,52;59,80
10.02.2026;20:00;2.789,70;64,20;54,44
10.02.2026;21:00;2.984,01;68,67;58,23
10.02.2026;22:00;2.850,01;65,59;55,62
10.02.2026;23:00;2.875,99;66,18;56,12
11.02.2026;00:00;2.940,49;67,57;56,97
11.02.2026;01:00;2.789,70;64,10;54,05
11.02.2026;02:00;2.604,99;59,86;50,47
11.02.2026;03:00;2.399,01;55,13;46,48
11.02.2026;04:00;2.399,01;55,13;46,48
11.02.2026;05:00;2.694,00;61,91;52,19
11.02.2026;06:00;3.136,82;72,08;60,77
11.02.2026;07:00;3.400,00;78,13;65,87
11.02.2026;08:00;3.400,00;78,13;65,87
11.02.2026;09:00;3.400,00;78,13;65,87
11.02.2026;10:00;3.400,00;78,13;65,87
11.02.2026;11:00;3.400,00;78,13;65,87
11.02.2026;12:00;2.694,01;61,91;52,19
11.02.2026;13:00;2.676,00;61,49;51,84
11.02.2026;14:00;2.527,00;58,07;48,96
11.02.2026;15:00;2.156,00;49,54;41,77
11.02.2026;16:00;2.215,01;50,90;42,91
11.02.2026;17:00;3.400,00;78,13;65,87
11.02.2026;18:00;3.400,00;78,13;65,87
11.02.2026;19:00;3.239,01;74,43;62,75
11.02.2026;20:00;2.789,01;64,09;54,03
11.02.2026;21:00;3.059,01;70,29;59,26
11.02.2026;22:00;2.876,00;66,09;55,72
11.02.2026;23:00;2.000,01;45,96;38,75
12.02.2026;00:00;2.395,01;55,00;46,19
12.02.2026;01:00;1.799,98;41,34;34,71
12.02.2026;02:00;1.592,49;36,57;30,71
12.02.2026;03:00;1.599,99;36,74;30,86
12.02.2026;04:00;1.642,70;37,72;31,68
12.02.2026;05:00;1.642,70;37,72;31,68
12.02.2026;06:00;1.649,99;37,89;31,82
12.02.2026;07:00;2.521,00;57,89;48,62
12.02.2026;08:00;2.900,00;66,60;55,93
12.02.2026;09:00;2.898,01;66,55;55,89
12.02.2026;10:00;2.750,00;63,15;53,03
12.02.2026;11:00;3.210,72;73,73;61,92
12.02.2026;12:00;2.605,00;59,82;50,24
12.02.2026;13:00;2.812,99;64,60;54,25
12.02.2026;14:00;3.065,38;70,40;59,12
12.02.2026;15:00;3.099,99;71,19;59,78
12.02.2026;16:00;3.176,22;72,94;61,25
12.02.2026;17:00;2.999,99;68,89;57,86
12.02.2026;18:00;2.699,98;62,00;52,07
12.02.2026;19:00;2.156,00;49,51;41,58
12.02.2026;20:00;1.599,99;36,74;30,86
12.02.2026;21:00;1.999,99;45,93;38,57
12.02.2026;22:00;1.600,00;36,74;30,86
12.02.2026;23:00;1.000,01;22,96;19,29
13.02.2026;00:00;1.449,99;33,28;27,93
13.02.2026;01:00;1.449,99;33,28;27,93
13.02.2026;02:00;1.001,01;22,98;19,28
13.02.2026;03:00;1.000,01;22,96;19,26
13.02.2026;04:00;1.100,01;25,25;21,19
13.02.2026;05:00;1.400,00;32,14;26,97
13.02.2026;06:00;999,99;22,95;19,26
13.02.2026;07:00;1.642,70;37,71;31,64
13.02.2026;08:00;2.949,99;67,72;56,83
13.02.2026;09:00;3.316,35;76,13;63,88
13.02.2026;10:00;3.375,01;77,47;65,01
13.02.2026;11:00;3.098,01;71,12;59,68
13.02.2026;12:00;2.875,99;66,02;55,40
13.02.2026;13:00;1.999,00;45,89;38,51
13.02.2026;14:00;2.849,01;65,40;54,88
13.02.2026;15:00;2.570,11;59,00;49,51
13.02.2026;16:00;2.949,99;67,72;56,83
13.02.2026;17:00;3.098,01;71,12;59,68
13.02.2026;18:00;3.130,00;71,85;60,29
13.02.2026;19:00;3.098,01;71,12;59,68
13.02.2026;20:00;3.098,00;71,11;59,68
13.02.2026;21:00;3.375,00;77,47;65,01
13.02.2026;22:00;2.244,00;51,51;43,23
13.02.2026;23:00;1.799,97;41,32;34,67
14.02.2026;00:00;1.699,99;39,02;32,85
14.02.2026;01:00;1.642,69;37,70;31,74
14.02.2026;02:00;1.642,70;37,70;31,74
14.02.2026;03:00;1.642,70;37,70;31,74
14.02.2026;04:00;1.642,69;37,70;31,74
14.02.2026;05:00;1.689,99;38,79;32,66
14.02.2026;06:00;2.560,00;58,76;49,47
14.02.2026;07:00;2.910,11;66,79;56,23
14.02.2026;08:00;3.269,99;75,05;63,19
14.02.2026;09:00;3.098,01;71,10;59,87
14.02.2026;10:00;1.980,00;45,44;38,26
14.02.2026;11:00;1.979,99;45,44;38,26
14.02.2026;12:00;1.547,40;35,52;29,90
14.02.2026;13:00;1.500,01;34,43;28,99
14.02.2026;14:00;1.000,01;22,95;19,32
14.02.2026;15:00;299,99;6,89;5,80
14.02.2026;16:00;1.799,98;41,31;34,78
14.02.2026;17:00;2.784,01;63,90;53,80
14.02.2026;18:00;3.101,13;71,18;59,93
14.02.2026;19:00;3.375,00;77,46;65,22
14.02.2026;20:00;2.450,00;56,23;47,34
14.02.2026;21:00;3.133,70;71,92;60,56
14.02.2026;22:00;1.689,99;38,79;32,66
14.02.2026;23:00;700,01;16,07;13,53
15.02.2026;00:00;681,17;15,64;13,19
15.02.2026;01:00;250,01;5,74;4,84
15.02.2026;02:00;234,99;5,40;4,55
15.02.2026;03:00;171,01;3,93;3,31
15.02.2026;04:00;170,01;3,90;3,29
15.02.2026;05:00;170,01;3,90;3,29
15.02.2026;06:00;171,00;3,93;3,31
15.02.2026;07:00;171,00;3,93;3,31
15.02.2026;08:00;50,01;1,15;0,97
15.02.2026;09:00;0,00;0,00;0,00
15.02.2026;10:00;0,00;0,00;0,00
15.02.2026;11:00;0,00;0,00;0,00
15.02.2026;12:00;0,00;0,00;0,00
15.02.2026;13:00;0,00;0,00;0,00
15.02.2026;14:00;0,00;0,00;0,00
15.02.2026;15:00;0,00;0,00;0,00
15.02.2026;16:00;0,00;0,00;0,00
15.02.2026;17:00;250,00;5,74;4,84
15.02.2026;18:00;1.642,69;37,73;31,81
15.02.2026;19:00;1.642,69;37,73;31,81
15.02.2026;20:00;1.000,68;22,98;19,38
15.02.2026;21:00;500,01;11,48;9,68
15.02.2026;22:00;100,00;2,30;1,94
15.02.2026;23:00;9,90;0,23;0,19
16.02.2026;00:00;0,00;0,00;0,00
16.02.2026;01:00;0,00;0,00;0,00
16.02.2026;02:00;0,00;0,00;0,00
16.02.2026;03:00;0,00;0,00;0,00
16.02.2026;04:00;0,00;0,00;0,00
16.02.2026;05:00;0,00;0,00;0,00
16.02.2026;06:00;170,00;3,90;3,29
16.02.2026;07:00;272,00;6,25;5,27
16.02.2026;08:00;3.129,99;71,88;60,61
16.02.2026;09:00;2.049,99;47,08;39,70
16.02.2026;10:00;999,99;22,97;19,37
16.02.2026;11:00;235,00;5,40;4,55
16.02.2026;12:00;170,00;3,90;3,29
16.02.2026;13:00;171,00;3,93;3,31
16.02.2026;14:00;779,99;17,91;15,10
16.02.2026;15:00;1.077,01;24,73;20,86
16.02.2026;16:00;1.799,97;41,34;34,86
16.02.2026;17:00;3.400,00;78,08;65,84
16.02.2026;18:00;3.370,01;77,39;65,26
16.02.2026;19:00;3.179,28;73,01;61,57
16.02.2026;20:00;2.867,39;65,85;55,53
16.02.2026;21:00;2.899,01;66,58;56,14
16.02.2026;22:00;1.000,00;22,97;19,37
16.02.2026;23:00;235,00;5,40;4,55
17.02.2026;00:00;780,00;17,91;15,11
17.02.2026;01:00;700,01;16,08;13,56
17.02.2026;02:00;616,98;14,17;11,95
17.02.2026;03:00;312,00;7,17;6,04
17.02.2026;04:00;272,00;6,25;5,27
17.02.2026;05:00;299,25;6,87;5,80
17.02.2026;06:00;700,01;16,08;13,56
17.02.2026;07:00;1.450,00;33,30;28,08
17.02.2026;08:00;3.098,00;71,15;59,99
17.02.2026;09:00;2.000,00;45,93;38,73
17.02.2026;10:00;1.213,48;27,87;23,50
17.02.2026;11:00;1.642,69;37,73;31,81
17.02.2026;12:00;700,01;16,08;13,56
17.02.2026;13:00;1.155,92;26,55;22,38
17.02.2026;14:00;1.642,70;37,73;31,81
17.02.2026;15:00;1.495,39;34,34;28,96
17.02.2026;16:00;1.649,99;37,89;31,95
17.02.2026;17:00;2.107,00;48,39;40,80
17.02.2026;18:00;2.600,00;59,71;50,35
17.02.2026;19:00;1.649,99;37,89;31,95
17.02.2026;20:00;1.642,69;37,73;31,81
17.02.2026;21:00;2.501,00;57,44;48,43
17.02.2026;22:00;999,99;22,97;19,37
17.02.2026;23:00;500,00;11,48;9,68
18.02.2026;00:00;600,00;13,75;11,59
18.02.2026;01:00;500,01;11,46;9,66
18.02.2026;02:00;330,27;7,57;6,38
18.02.2026;03:00;235,01;5,39;4,54
18.02.2026;04:00;234,99;5,39;4,54
18.02.2026;05:00;235,01;5,39;4,54
18.02.2026;06:00;700,00;16,04;13,52
18.02.2026;07:00;1.450,00;33,23;28,01
18.02.2026;08:00;1.995,00;45,72;38,53
18.02.2026;09:00;2.745,00;62,90;53,02
18.02.2026;10:00;2.200,00;50,42;42,49
18.02.2026;11:00;2.199,99;50,42;42,49
18.02.2026;12:00;1.642,70;37,64;31,73
18.02.2026;13:00;2.700,01;61,87;52,15
18.02.2026;14:00;3.128,99;71,70;60,44
18.02.2026;15:00;3.400,00;77,91;65,67
18.02.2026;16:00;3.349,98;76,77;64,70
18.02.2026;17:00;3.140,00;71,96;60,65
18.02.2026;18:00;3.375,01;77,34;65,19
18.02.2026;19:00;3.400,00;77,91;65,67
18.02.2026;20:00;3.094,33;70,91;59,77
18.02.2026;21:00;2.673,02;61,26;51,63
18.02.2026;22:00;2.698,00;61,83;52,11
18.02.2026;23:00;1.940,11;44,46;37,47
19.02.2026;00:00;2.900,00;66,43;56,11
19.02.2026;01:00;2.351,03;53,86;45,49
19.02.2026;02:00;1.799,97;41,23;34,83
19.02.2026;03:00;1.649,99;37,80;31,92
19.02.2026;04:00;2.744,99;62,88;53,11
19.02.2026;05:00;3.389,99;77,66;65,59
19.02.2026;06:00;3.400,00;77,89;65,78
19.02.2026;07:00;3.400,00;77,89;65,78
19.02.2026;08:00;3.400,00;77,89;65,78
19.02.2026;09:00;3.400,00;77,89;65,78
19.02.2026;10:00;1.512,63;34,65;29,27
19.02.2026;11:00;500,00;11,45;9,67
19.02.2026;12:00;1.277,01;29,25;24,71
19.02.2026;13:00;999,99;22,91;19,35
19.02.2026;14:00;317,41;7,27;6,14
19.02.2026;15:00;499,99;11,45;9,67
19.02.2026;16:00;1.799,98;41,23;34,83
19.02.2026;17:00;3.400,00;77,89;65,78
19.02.2026;18:00;3.400,00;77,89;65,78
19.02.2026;19:00;3.400,00;77,89;65,78
19.02.2026;20:00;3.296,89;75,53;63,79
19.02.2026;21:00;2.899,01;66,41;56,09
19.02.2026;22:00;2.545,00;58,30;49,24
19.02.2026;23:00;1.642,69;37,63;31,78
20.02.2026;00:00;1.750,00;40,07;33,85
20.02.2026;01:00;1.649,99;37,78;31,92
20.02.2026;02:00;1.294,01;29,63;25,03
20.02.2026;03:00;1.294,00;29,63;25,03
20.02.2026;04:00;1.549,01;35,47;29,97
20.02.2026;05:00;1.649,99;37,78;31,92
20.02.2026;06:00;1.600,00;36,63;30,95
20.02.2026;07:00;1.420,00;32,51;27,47
20.02.2026;08:00;2.000,00;45,79;38,69
20.02.2026;09:00;1.294,00;29,63;25,03
20.02.2026;10:00;171,90;3,94;3,33
20.02.2026;11:00;50,00;1,14;0,97
20.02.2026;12:00;0,00;0,00;0,00
20.02.2026;13:00;0,00;0,00;0,00
20.02.2026;14:00;0,00;0,00;0,00
20.02.2026;15:00;170,00;3,89;3,29
20.02.2026;16:00;201,01;4,60;3,89
20.02.2026;17:00;1.699,99;38,92;32,89
20.02.2026;18:00;3.300,00;75,56;63,84
20.02.2026;19:00;2.000,01;45,79;38,69
20.02.2026;20:00;2.900,00;66,40;56,10
20.02.2026;21:00;2.999,00;68,67;58,02
20.02.2026;22:00;1.349,99;30,91;26,12
20.02.2026;23:00;779,99;17,86;15,09
21.02.2026;00:00;1.499,99;34,33;29,11
21.02.2026;01:00;1.446,40;33,10;28,07
21.02.2026;02:00;1.446,40;33,10;28,07
21.02.2026;03:00;1.270,12;29,07;24,65
21.02.2026;04:00;1.699,98;38,91;32,99
21.02.2026;05:00;1.892,98;43,33;36,73
21.02.2026;06:00;1.892,98;43,33;36,73
21.02.2026;07:00;1.599,98;36,62;31,05
21.02.2026;08:00;1.699,98;38,91;32,99
21.02.2026;09:00;1.446,39;33,10;28,07
21.02.2026;10:00;287,00;6,57;5,57
21.02.2026;11:00;200,00;4,58;3,88
21.02.2026;12:00;171,01;3,91;3,32
21.02.2026;13:00;181,00;4,14;3,51
21.02.2026;14:00;240,00;5,49;4,66
21.02.2026;15:00;854,00;19,55;16,57
21.02.2026;16:00;1.001,00;22,91;19,42
21.02.2026;17:00;2.350,01;53,79;45,60
21.02.2026;18:00;3.245,99;74,29;62,99
21.02.2026;19:00;2.999,93;68,66;58,21
21.02.2026;20:00;2.999,93;68,66;58,21
21.02.2026;21:00;2.499,99;57,22;48,51
21.02.2026;22:00;1.699,98;38,91;32,99
21.02.2026;23:00;1.200,00;27,47;23,29
22.02.2026;00:00;1.600,01;36,62;31,14
22.02.2026;01:00;1.446,40;33,11;28,15
22.02.2026;02:00;1.418,00;32,46;27,60
22.02.2026;03:00;1.201,01;27,49;23,37
22.02.2026;04:00;1.599,98;36,62;31,14
22.02.2026;05:00;1.740,09;39,83;33,87
22.02.2026;06:00;1.599,99;36,62;31,14
22.02.2026;07:00;699,99;16,02;13,62
22.02.2026;08:00;230,90;5,29;4,49
22.02.2026;09:00;170,01;3,89;3,31
22.02.2026;10:00;8,42;0,19;0,16
22.02.2026;11:00;0,00;0,00;0,00
22.02.2026;12:00;0,00;0,00;0,00
22.02.2026;13:00;0,00;0,00;0,00
22.02.2026;14:00;24,64;0,56;0,48
22.02.2026;15:00;170,40;3,90;3,32
22.02.2026;16:00;260,01;5,95;5,06
22.02.2026;17:00;1.740,10;39,83;33,87
22.02.2026;18:00;2.700,00;61,80;52,55
22.02.2026;19:00;2.350,01;53,79;45,74
22.02.2026;20:00;2.200,00;50,36;42,82
22.02.2026;21:00;2.876,00;65,83;55,97
22.02.2026;22:00;1.050,00;24,03;20,43
22.02.2026;23:00;780,00;17,85;15,18
23.02.2026;00:00;1.599,99;36,62;31,14
23.02.2026;01:00;1.599,98;36,62;31,14
23.02.2026;02:00;1.446,40;33,11;28,15
23.02.2026;03:00;1.000,01;22,89;19,46
23.02.2026;04:00;1.740,09;39,83;33,87
23.02.2026;05:00;1.989,99;45,55;38,73
23.02.2026;06:00;2.190,01;50,13;42,62
23.02.2026;07:00;1.740,09;39,83;33,87
23.02.2026;08:00;3.375,00;77,25;65,68
23.02.2026;09:00;2.200,00;50,36;42,82
23.02.2026;10:00;1.740,10;39,83;33,87
23.02.2026;11:00;1.499,99;34,33;29,19
23.02.2026;12:00;1.500,00;34,33;29,19
23.02.2026;13:00;1.740,09;39,83;33,87
23.02.2026;14:00;1.263,63;28,92;24,59
23.02.2026;15:00;1.446,40;33,11;28,15
23.02.2026;16:00;1.990,00;45,55;38,73
23.02.2026;17:00;3.370,01;77,14;65,59
23.02.2026;18:00;3.400,00;77,82;66,17
23.02.2026;19:00;3.400,00;77,82;66,17
23.02.2026;20:00;3.370,00;77,14;65,59
23.02.2026;21:00;3.051,00;69,84;59,38
23.02.2026;22:00;2.999,00;68,65;58,37
23.02.2026;23:00;2.797,00;64,02;54,43
24.02.2026;00:00;2.994,00;68,53;58,27
24.02.2026;01:00;2.999,92;68,67;58,38
24.02.2026;02:00;2.599,99;59,51;50,60
24.02.2026;03:00;2.000,53;45,79;38,93
24.02.2026;04:00;3.298,00;75,49;64,19
24.02.2026;05:00;3.400,00;77,82;66,17
24.02.2026;06:00;3.400,00;77,82;66,17
24.02.2026;07:00;1.990,00;45,55;38,73
24.02.2026;08:00;3.130,00;71,64;60,92
24.02.2026;09:00;1.740,10;39,83;33,87
24.02.2026;10:00;995,00;22,77;19,36
24.02.2026;11:00;1.375,00;31,47;26,76
24.02.2026;12:00;501,30;11,47;9,76
24.02.2026;13:00;700,00;16,02;13,62
24.02.2026;14:00;900,00;20,60;17,52
24.02.2026;15:00;235,00;5,38;4,57
24.02.2026;16:00;1.740,09;39,83;33,87
24.02.2026;17:00;2.573,00;58,89;50,08
24.02.2026;18:00;3.400,00;77,82;66,17
24.02.2026;19:00;3.400,00;77,82;66,17
24.02.2026;20:00;3.298,01;75,49;64,19
24.02.2026;21:00;2.700,00;61,80;52,55
24.02.2026;22:00;2.698,01;61,76;52,51
24.02.2026;23:00;2.451,00;56,10;47,70
25.02.2026;00:00;2.000,00;45,71;38,71
25.02.2026;01:00;2.489,00;56,89;48,18
25.02.2026;02:00;1.739,98;39,77;33,68
25.02.2026;03:00;1.699,98;38,85;32,91
25.02.2026;04:00;1.739,98;39,77;33,68
25.02.2026;05:00;2.199,99;50,28;42,58
25.02.2026;06:00;1.739,98;39,77;33,68
25.02.2026;07:00;1.442,39;32,97;27,92
25.02.2026;08:00;3.129,99;71,54;60,59
25.02.2026;09:00;2.798,00;63,95;54,16
25.02.2026;10:00;2.500,99;57,16;48,41
25.02.2026;11:00;2.500,99;57,16;48,41
25.02.2026;12:00;2.900,00;66,28;56,13
25.02.2026;13:00;3.225,01;73,71;62,43
25.02.2026;14:00;3.288,48;75,16;63,65
25.02.2026;15:00;2.999,92;68,56;58,07
25.02.2026;16:00;3.288,48;75,16;63,65
25.02.2026;17:00;3.000,00;68,56;58,07
25.02.2026;18:00;3.246,00;74,19;62,83
25.02.2026;19:00;3.375,00;77,14;65,33
25.02.2026;20:00;3.000,00;68,56;58,07
25.02.2026;21:00;2.798,00;63,95;54,16
25.02.2026;22:00;1.990,00;45,48;38,52
25.02.2026;23:00;1.984,00;45,34;38,40
26.02.2026;00:00;2.000,01;45,69;38,77
26.02.2026;01:00;1.940,10;44,32;37,61
26.02.2026;02:00;1.739,98;39,75;33,73
26.02.2026;03:00;1.549,00;35,38;30,03
26.02.2026;04:00;2.047,60;46,77;39,69
26.02.2026;05:00;2.498,00;57,06;48,43
26.02.2026;06:00;2.489,60;56,87;48,26
26.02.2026;07:00;2.000,00;45,69;38,77
26.02.2026;08:00;3.250,01;74,24;63,00
26.02.2026;09:00;1.794,01;40,98;34,78
26.02.2026;10:00;1.000,00;22,84;19,39
26.02.2026;11:00;1.675,00;38,26;32,47
26.02.2026;12:00;700,00;15,99;13,57
26.02.2026;13:00;1.000,00;22,84;19,39
26.02.2026;14:00;1.200,01;27,41;23,26
26.02.2026;15:00;1.000,01;22,84;19,39
26.02.2026;16:00;1.000,01;22,84;19,39
26.02.2026;17:00;2.000,00;45,69;38,77
26.02.2026;18:00;1.549,01;35,38;30,03
26.02.2026;19:00;1.739,97;39,75;33,73
26.02.2026;20:00;1.739,98;39,75;33,73
26.02.2026;21:00;2.143,99;48,97;41,56
26.02.2026;22:00;1.300,00;29,70;25,20
26.02.2026;23:00;900,00;20,56;17,45
27.02.2026;00:00;1.500,00;34,26;29,06
27.02.2026;01:00;1.739,97;39,74;33,70
27.02.2026;02:00;1.549,01;35,37;30,01
27.02.2026;03:00;1.450,00;33,11;28,09
27.02.2026;04:00;1.500,00;34,26;29,06
27.02.2026;05:00;1.990,00;45,45;38,55
27.02.2026;06:00;1.739,97;39,74;33,70
27.02.2026;07:00;999,11;22,82;19,35
27.02.2026;08:00;2.468,00;56,36;47,81
27.02.2026;09:00;1.739,97;39,74;33,70
27.02.2026;10:00;1.263,64;28,86;24,48
27.02.2026;11:00;1.739,97;39,74;33,70
27.02.2026;12:00;1.200,01;27,40;23,25
27.02.2026;13:00;999,10;22,82;19,35
27.02.2026;14:00;1.850,00;42,25;35,84
27.02.2026;15:00;1.300,00;29,69;25,18
27.02.2026;16:00;1.300,00;29,69;25,18
27.02.2026;17:00;1.794,00;40,97;34,75
27.02.2026;18:00;2.468,00;56,36;47,81
27.02.2026;19:00;2.468,00;56,36;47,81
27.02.2026;20:00;2.468,01;56,36;47,81
27.02.2026;21:00;1.989,99;45,45;38,55
27.02.2026;22:00;1.649,99;37,68;31,96
27.02.2026;23:00;1.494,00;34,12;28,94
28.02.2026;00:00;1.739,98;39,72;33,65
28.02.2026;01:00;1.639,99;37,44;31,71
28.02.2026;02:00;1.450,00;33,10;28,04
28.02.2026;03:00;1.484,00;33,88;28,70
28.02.2026;04:00;1.600,01;36,53;30,94
28.02.2026;05:00;1.739,98;39,72;33,65
28.02.2026;06:00;1.739,98;39,72;33,65
28.02.2026;07:00;1.450,00;33,10;28,04
28.02.2026;08:00;1.449,99;33,10;28,04
28.02.2026;09:00;1.199,99;27,40;23,21
28.02.2026;10:00;1.437,39;32,82;27,80
28.02.2026;11:00;675,10;15,41;13,06
28.02.2026;12:00;499,99;11,41;9,67
28.02.2026;13:00;675,11;15,41;13,06
28.02.2026;14:00;1.449,99;33,10;28,04
28.02.2026;15:00;899,99;20,55;17,40
28.02.2026;16:00;1.201,00;27,42;23,22
28.02.2026;17:00;1.739,98;39,72;33,65
28.02.2026;18:00;1.739,98;39,72;33,65
28.02.2026;19:00;1.997,01;45,59;38,62
28.02.2026;20:00;2.000,01;45,66;38,68
28.02.2026;21:00;1.997,00;45,59;38,62
28.02.2026;22:00;1.639,99;37,44;31,71
28.02.2026;23:00;1.600,00;36,53;30,94
01.03.2026;00:00;1.650,00;37,67;31,91
01.03.2026;01:00;1.417,40;32,36;27,42
01.03.2026;02:00;1.417,39;32,36;27,42
01.03.2026;03:00;1.400,00;31,96;27,08
01.03.2026;04:00;1.650,01;37,67;31,91
01.03.2026;05:00;1.899,99;43,38;36,75
01.03.2026;06:00;1.989,99;45,43;38,49
01.03.2026;07:00;1.449,99;33,10;28,05
01.03.2026;08:00;250,00;5,71;4,84
01.03.2026;09:00;50,00;1,14;0,97
01.03.2026;10:00;0,00;0,00;0,00
01.03.2026;11:00;0,00;0,00;0,00
01.03.2026;12:00;0,00;0,00;0,00
01.03.2026;13:00;0,00;0,00;0,00
01.03.2026;14:00;0,00;0,00;0,00
01.03.2026;15:00;164,90;3,76;3,19
01.03.2026;16:00;300,00;6,85;5,80
01.03.2026;17:00;1.300,00;29,68;25,14
01.03.2026;18:00;1.800,01;41,10;34,82
01.03.2026;19:00;1.989,99;45,43;38,49
01.03.2026;20:00;1.989,99;45,43;38,49
01.03.2026;21:00;1.739,98;39,73;33,65
01.03.2026;22:00;1.639,99;37,44;31,72
01.03.2026;23:00;1.639,98;37,44;31,72
02.03.2026;00:00;1.739,97;39,73;33,65
02.03.2026;01:00;1.650,00;37,67;31,91
02.03.2026;02:00;1.485,00;33,90;28,72
02.03.2026;03:00;1.409,40;32,18;27,26
02.03.2026;04:00;1.499,99;34,25;29,01
02.03.2026;05:00;1.900,00;43,38;36,75
02.03.2026;06:00;1.500,00;34,25;29,01
02.03.2026;07:00;1.400,00;31,96;27,08
02.03.2026;08:00;2.489,61;56,84;48,15
02.03.2026;09:00;1.450,00;33,11;28,05
02.03.2026;10:00;1.000,00;22,83;19,34
02.03.2026;11:00;1.449,99;33,10;28,05
02.03.2026;12:00;800,01;18,27;15,47
02.03.2026;13:00;1.201,01;27,42;23,23
02.03.2026;14:00;1.499,99;34,25;29,01
02.03.2026;15:00;1.000,00;22,83;19,34
02.03.2026;16:00;1.450,00;33,11;28,05
02.03.2026;17:00;2.920,67;66,68;56,49
02.03.2026;18:00;3.400,00;77,63;65,76
02.03.2026;19:00;3.400,00;77,63;65,76
02.03.2026;20:00;3.400,00;77,63;65,76
02.03.2026;21:00;3.288,48;75,08;63,61
02.03.2026;22:00;2.944,01;67,21;56,94
02.03.2026;23:00;3.009,07;68,70;58,20
03.03.2026;00:00;2.603,64;59,44;50,36
03.03.2026;01:00;2.124,99;48,52;41,10
03.03.2026;02:00;2.550,00;58,22;49,32
03.03.2026;03:00;2.598,01;59,32;50,25
03.03.2026;04:00;3.200,00;73,06;61,89
03.03.2026;05:00;3.400,00;77,63;65,76
03.03.2026;06:00;3.130,00;71,46;60,54
03.03.2026;07:00;2.500,01;57,08;48,36
03.03.2026;08:00;2.599,00;59,34;50,27
03.03.2026;09:00;1.999,99;45,66;38,68
03.03.2026;10:00;1.399,99;31,96;27,08
03.03.2026;11:00;1.445,40;33,00;27,96
03.03.2026;12:00;999,99;22,83;19,34
03.03.2026;13:00;1.099,99;25,11;21,28
03.03.2026;14:00;1.739,97;39,73;33,65
03.03.2026;15:00;1.400,00;31,96;27,08
03.03.2026;16:00;1.989,99;45,43;38,49
03.03.2026;17:00;2.849,01;65,05;55,11
03.03.2026;18:00;3.271,57;74,69;63,28
03.03.2026;19:00;3.300,00;75,34;63,83
03.03.2026;20:00;3.288,48;75,08;63,61
03.03.2026;21:00;2.799,99;63,93;54,16
03.03.2026;22:00;2.434,00;55,57;47,08
03.03.2026;23:00;1.739,98;39,73;33,65
04.03.2026;00:00;1.999,97;45,57;38,85
04.03.2026;01:00;1.800,01;41,02;34,97
04.03.2026;02:00;1.501,00;34,20;29,16
04.03.2026;03:00;1.501,00;34,20;29,16
04.03.2026;04:00;1.575,69;35,90;30,61
04.03.2026;05:00;1.849,99;42,16;35,94
04.03.2026;06:00;1.744,00;39,74;33,88
04.03.2026;07:00;1.050,00;23,93;20,40
04.03.2026;08:00;2.000,00;45,57;38,85
04.03.2026;09:00;1.501,00;34,20;29,16
04.03.2026;10:00;1.554,11;35,41;30,19
04.03.2026;11:00;1.800,00;41,02;34,97
04.03.2026;12:00;1.199,99;27,34;23,31
04.03.2026;13:00;1.475,00;33,61;28,66
04.03.2026;14:00;1.300,01;29,62;25,26
04.03.2026;15:00;700,01;15,95;13,60
04.03.2026;16:00;675,11;15,38;13,12
04.03.2026;17:00;1.800,01;41,02;34,97
04.03.2026;18:00;2.600,00;59,25;50,51
04.03.2026;19:00;2.600,01;59,25;50,51
04.03.2026;20:00;3.246,00;73,97;63,06
04.03.2026;21:00;2.790,00;63,58;54,20
04.03.2026;22:00;2.775,00;63,23;53,91
04.03.2026;23:00;2.600,01;59,25;50,51
05.03.2026;00:00;1.849,98;42,15;36,27
05.03.2026;01:00;1.940,11;44,20;38,03
05.03.2026;02:00;1.849,99;42,15;36,27
05.03.2026;03:00;1.744,00;39,73;34,19
05.03.2026;04:00;2.789,70;63,56;54,69
05.03.2026;05:00;3.249,99;74,05;63,71
05.03.2026;06:00;2.999,00;68,33;58,79
05.03.2026;07:00;2.598,00;59,19;50,93
05.03.2026;08:00;2.700,00;61,52;52,93
05.03.2026;09:00;1.499,99;34,18;29,41
05.03.2026;10:00;799,99;18,23;15,68
05.03.2026;11:00;1.400,00;31,90;27,45
05.03.2026;12:00;1.250,00;28,48;24,51
05.03.2026;13:00;1.600,01;36,45;31,37
05.03.2026;14:00;1.499,99;34,18;29,41
05.03.2026;15:00;800,01;18,23;15,68
05.03.2026;16:00;1.743,98;39,73;34,19
05.03.2026;17:00;2.697,00;61,45;52,87
05.03.2026;18:00;3.400,00;77,46;66,65
05.03.2026;19:00;3.400,00;77,46;66,65
05.03.2026;20:00;3.400,00;77,46;66,65
05.03.2026;21:00;3.100,00;70,63;60,77
05.03.2026;22:00;2.999,99;68,35;58,81
05.03.2026;23:00;2.790,00;63,57;54,70
06.03.2026;00:00;2.790,01;63,56;54,71
06.03.2026;01:00;2.600,01;59,23;50,99
06.03.2026;02:00;2.598,01;59,19;50,95
06.03.2026;03:00;2.598,01;59,19;50,95
06.03.2026;04:00;3.199,99;72,90;62,75
06.03.2026;05:00;3.375,00;76,89;66,18
06.03.2026;06:00;3.199,99;72,90;62,75
06.03.2026;07:00;1.900,00;43,29;37,26
06.03.2026;08:00;3.400,00;77,46;66,67
06.03.2026;09:00;3.400,00;77,46;66,67
06.03.2026;10:00;3.288,48;74,92;64,49
06.03.2026;11:00;3.325,00;75,75;65,20
06.03.2026;12:00;1.743,98;39,73;34,20
06.03.2026;13:00;1.399,99;31,90;27,45
06.03.2026;14:00;2.347,70;53,49;46,04
06.03.2026;15:00;1.743,99;39,73;34,20
06.03.2026;16:00;1.849,99;42,15;36,28
06.03.2026;17:00;2.000,01;45,57;39,22
06.03.2026;18:00;3.400,00;77,46;66,67
06.03.2026;19:00;3.288,47;74,92;64,49
06.03.2026;20:00;3.396,88;77,39;66,61
06.03.2026;21:00;2.999,99;68,35;58,83
06.03.2026;22:00;1.999,01;45,54;39,20
06.03.2026;23:00;1.499,99;34,17;29,42
07.03.2026;00:00;2.000,00;45,54;39,23
07.03.2026;01:00;1.744,01;39,71;34,21
07.03.2026;02:00;1.485,00;33,82;29,13
07.03.2026;03:00;1.499,99;34,16;29,42
07.03.2026;04:00;1.723,20;39,24;33,80
07.03.2026;05:00;2.199,99;50,10;43,15
07.03.2026;06:00;2.143,99;48,82;42,05
07.03.2026;07:00;1.743,98;39,71;34,21
07.03.2026;08:00;1.000,01;22,77;19,62
07.03.2026;09:00;200,01;4,55;3,92
07.03.2026;10:00;170,39;3,88;3,34
07.03.2026;11:00;170,40;3,88;3,34
07.03.2026;12:00;100,00;2,28;1,96
07.03.2026;13:00;140,00;3,19;2,75
07.03.2026;14:00;164,90;3,76;3,23
07.03.2026;15:00;160,00;3,64;3,14
07.03.2026;16:00;170,40;3,88;3,34
07.03.2026;17:00;1.429,01;32,54;28,03
07.03.2026;18:00;2.200,00;50,10;43,15
07.03.2026;19:00;2.399,99;54,65;47,08
07.03.2026;20:00;2.900,00;66,04;56,88
07.03.2026;21:00;2.510,10;57,16;49,24
07.03.2026;22:00;1.744,01;39,71;34,21
07.03.2026;23:00;1.695,99;38,62;33,27
08.03.2026;00:00;2.200,00;50,11;43,23
08.03.2026;01:00;1.956,31;44,56;38,44
08.03.2026;02:00;1.500,00;34,16;29,48
08.03.2026;03:00;1.500,01;34,16;29,48
08.03.2026;04:00;2.199,99;50,11;43,23
08.03.2026;05:00;2.548,80;58,05;50,08
08.03.2026;06:00;2.675,99;60,95;52,58
08.03.2026;07:00;1.923,00;43,80;37,79
08.03.2026;08:00;300,00;6,83;5,90
08.03.2026;09:00;0,00;0,00;0,00
08.03.2026;10:00;0,00;0,00;0,00
08.03.2026;11:00;0,00;0,00;0,00
08.03.2026;12:00;0,00;0,00;0,00
08.03.2026;13:00;0,00;0,00;0,00
08.03.2026;14:00;0,00;0,00;0,00
08.03.2026;15:00;0,00;0,00;0,00
08.03.2026;16:00;164,90;3,76;3,24
08.03.2026;17:00;1.000,00;22,78;19,65
08.03.2026;18:00;1.999,01;45,53;39,28
08.03.2026;19:00;2.300,00;52,39;45,20
08.03.2026;20:00;2.400,00;54,66;47,16
08.03.2026;21:00;2.400,00;54,66;47,16
08.03.2026;22:00;1.275,00;29,04;25,05
08.03.2026;23:00;1.000,00;22,78;19,65
09.03.2026;00:00;1.700,01;38,72;33,41
09.03.2026;01:00;1.399,01;31,86;27,49
09.03.2026;02:00;1.000,01;22,78;19,65
09.03.2026;03:00;1.200,00;27,33;23,58
09.03.2026;04:00;1.650,01;37,58;32,42
09.03.2026;05:00;1.723,19;39,25;33,86
09.03.2026;06:00;1.429,01;32,55;28,08
09.03.2026;07:00;1.000,00;22,78;19,65
09.03.2026;08:00;1.849,98;42,14;36,35
09.03.2026;09:00;1.400,00;31,89;27,51
09.03.2026;10:00;249,99;5,69;4,91
09.03.2026;11:00;201,00;4,58;3,95
09.03.2026;12:00;170,01;3,87;3,34
09.03.2026;13:00;171,00;3,89;3,36
09.03.2026;14:00;179,01;4,08;3,52
09.03.2026;15:00;200,01;4,56;3,93
09.03.2026;16:00;901,01;20,52;17,70
09.03.2026;17:00;2.399,99;54,66;47,16
09.03.2026;18:00;3.200,00;72,88;62,88
09.03.2026;19:00;2.900,00;66,05;56,99
09.03.2026;20:00;3.400,00;77,44;66,81
09.03.2026;21:00;3.200,00;72,88;62,88
09.03.2026;22:00;2.900,00;66,05;56,99
09.03.2026;23:00;2.399,99;54,66;47,16
10.03.2026;00:00;1.990,00;45,32;39,10
10.03.2026;01:00;1.723,18;39,25;33,86
10.03.2026;02:00;1.723,18;39,25;33,86
10.03.2026;03:00;1.723,20;39,25;33,86
10.03.2026;04:00;2.895,02;65,94;56,89
10.03.2026;05:00;3.288,48;74,90;64,62
10.03.2026;06:00;2.675,99;60,95;52,58
10.03.2026;07:00;2.347,69;53,47;46,13
10.03.2026;08:00;2.789,69;63,54;54,82
10.03.2026;09:00;1.683,97;38,35;33,09
10.03.2026;10:00;1.200,01;27,33;23,58
10.03.2026;11:00;1.000,01;22,78;19,65
10.03.2026;12:00;250,01;5,69;4,91
10.03.2026;13:00;501,00;11,41;9,84
10.03.2026;14:00;1.000,01;22,78;19,65
10.03.2026;15:00;1.000,00;22,78;19,65
10.03.2026;16:00;1.500,00;34,16;29,48
10.03.2026;17:00;2.994,01;68,19;58,83
10.03.2026;18:00;3.398,99;77,42;66,79
10.03.2026;19:00;3.246,00;73,93;63,78
10.03.2026;20:00;3.400,00;77,44;66,81
10.03.2026;21:00;3.200,00;72,88;62,88
10.03.2026;22:00;3.040,20;69,24;59,74
10.03.2026;23:00;2.777,78;63,27;54,58
11.03.2026;00:00;3.225,00;73,29;63,44
11.03.2026;01:00;2.993,31;68,03;58,88
11.03.2026;02:00;2.875,99;65,36;56,58
11.03.2026;03:00;2.717,18;61,75;53,45
11.03.2026;04:00;3.238,19;73,59;63,70
11.03.2026;05:00;3.400,00;77,27;66,88
11.03.2026;06:00;3.300,00;75,00;64,92
11.03.2026;07:00;3.288,47;74,74;64,69
11.03.2026;08:00;3.400,00;77,27;66,88
11.03.2026;09:00;2.450,99;55,70;48,22
11.03.2026;10:00;1.723,19;39,16;33,90
11.03.2026;11:00;1.499,99;34,09;29,51
11.03.2026;12:00;1.000,00;22,73;19,67
11.03.2026;13:00;1.000,00;22,73;19,67
11.03.2026;14:00;1.723,19;39,16;33,90
11.03.2026;15:00;1.723,18;39,16;33,90
11.03.2026;16:00;2.489,60;56,58;48,98
11.03.2026;17:00;2.900,01;65,91;57,05
11.03.2026;18:00;3.400,00;77,27;66,88
11.03.2026;19:00;3.400,00;77,27;66,88
11.03.2026;20:00;3.400,00;77,27;66,88
11.03.2026;21:00;3.400,00;77,27;66,88
11.03.2026;22:00;3.210,65;72,97;63,16
11.03.2026;23:00;3.097,00;70,39;60,92
12.03.2026;00:00;3.140,01;71,39;61,31
12.03.2026;01:00;2.799,99;63,66;54,67
12.03.2026;02:00;2.584,00;58,75;50,45
12.03.2026;03:00;2.489,00;56,59;48,60
12.03.2026;04:00;2.600,00;59,11;50,76
12.03.2026;05:00;3.129,99;71,16;61,11
12.03.2026;06:00;2.199,99;50,02;42,95
12.03.2026;07:00;2.125,00;48,31;41,49
12.03.2026;08:00;2.987,17;67,92;58,32
12.03.2026;09:00;1.743,99;39,65;34,05
12.03.2026;10:00;1.050,00;23,87;20,50
12.03.2026;11:00;1.744,00;39,65;34,05
12.03.2026;12:00;700,00;15,92;13,67
12.03.2026;13:00;1.000,00;22,74;19,52
12.03.2026;14:00;1.699,93;38,65;33,19
12.03.2026;15:00;1.454,43;33,07;28,40
12.03.2026;16:00;1.744,01;39,65;34,05
12.03.2026;17:00;2.410,10;54,80;47,06
12.03.2026;18:00;3.299,99;75,03;64,43
12.03.2026;19:00;3.299,00;75,01;64,41
12.03.2026;20:00;3.400,00;77,30;66,38
12.03.2026;21:00;3.149,99;71,62;61,50
12.03.2026;22:00;2.440,01;55,48;47,64
12.03.2026;23:00;1.957,64;44,51;38,22
13.03.2026;00:00;3.129,76;71,14;61,27
13.03.2026;01:00;2.772,21;63,01;54,27
13.03.2026;02:00;2.600,00;59,10;50,90
13.03.2026;03:00;2.789,69;63,41;54,62
13.03.2026;04:00;2.997,99;68,14;58,69
13.03.2026;05:00;3.211,44;72,99;62,87
13.03.2026;06:00;2.600,00;59,10;50,90
13.03.2026;07:00;2.400,00;54,55;46,99
13.03.2026;08:00;2.900,00;65,91;56,78
13.03.2026;09:00;1.744,00;39,64;34,14
13.03.2026;10:00;1.400,00;31,82;27,41
13.03.2026;11:00;1.500,01;34,09;29,37
13.03.2026;12:00;800,00;18,18;15,66
13.03.2026;13:00;350,00;7,96;6,85
13.03.2026;14:00;1.600,00;36,37;31,32
13.03.2026;15:00;1.719,09;39,07;33,66
13.03.2026;16:00;1.744,00;39,64;34,14
13.03.2026;17:00;2.671,13;60,71;52,30
13.03.2026;18:00;3.140,00;71,37;61,48
13.03.2026;19:00;2.945,99;66,96;57,68
13.03.2026;20:00;3.299,99;75,01;64,61
13.03.2026;21:00;2.997,99;68,14;58,69
13.03.2026;22:00;3.094,71;70,34;60,59
13.03.2026;23:00;2.889,01;65,66;56,56
14.03.2026;00:00;2.999,93;68,13;58,97
14.03.2026;01:00;2.894,00;65,73;56,89
14.03.2026;02:00;2.789,70;63,36;54,84
14.03.2026;03:00;2.456,00;55,78;48,28
14.03.2026;04:00;3.090,00;70,18;60,74
14.03.2026;05:00;3.213,00;72,97;63,16
14.03.2026;06:00;2.989,99;67,91;58,78
14.03.2026;07:00;2.136,88;48,53;42,01
14.03.2026;08:00;1.750,00;39,74;34,40
14.03.2026;09:00;2.347,70;53,32;46,15
14.03.2026;10:00;1.670,00;37,93;32,83
14.03.2026;11:00;1.500,00;34,07;29,49
14.03.2026;12:00;1.201,01;27,28;23,61
14.03.2026;13:00;1.429,01;32,45;28,09
14.03.2026;14:00;2.300,01;52,24;45,21
14.03.2026;15:00;2.197,99;49,92;43,21
14.03.2026;16:00;2.300,00;52,24;45,21
14.03.2026;17:00;2.989,98;67,91;58,78
14.03.2026;18:00;2.989,98;67,91;58,78
14.03.2026;19:00;3.199,47;72,66;62,89
14.03.2026;20:00;3.300,00;74,95;64,87
14.03.2026;21:00;2.900,01;65,86;57,01
14.03.2026;22:00;3.009,56;68,35;59,16
14.03.2026;23:00;2.907,11;66,02;57,15
15.03.2026;00:00;2.800,00;63,61;55,50
15.03.2026;01:00;2.399,99;54,52;47,57
15.03.2026;02:00;1.500,00;34,07;29,73
15.03.2026;03:00;1.300,00;29,53;25,77
15.03.2026;04:00;1.709,20;38,83;33,88
15.03.2026;05:00;1.743,99;39,62;34,57
15.03.2026;06:00;1.900,00;43,16;37,66
15.03.2026;07:00;1.590,00;36,12;31,52
15.03.2026;08:00;1.600,00;36,35;31,71
15.03.2026;09:00;1.600,01;36,35;31,71
15.03.2026;10:00;1.201,00;27,28;23,80
15.03.2026;11:00;999,99;22,72;19,82
15.03.2026;12:00;1.000,01;22,72;19,82
15.03.2026;13:00;1.300,00;29,53;25,77
15.03.2026;14:00;1.743,99;39,62;34,57
15.03.2026;15:00;1.554,10;35,30;30,80
15.03.2026;16:00;1.244,00;28,26;24,66
15.03.2026;17:00;1.744,01;39,62;34,57
15.03.2026;18:00;2.468,54;56,08;48,93
15.03.2026;19:00;3.199,48;72,68;63,42
15.03.2026;20:00;3.400,00;77,24;67,39
15.03.2026;21:00;2.946,00;66,92;58,39
15.03.2026;22:00;2.500,00;56,79;49,55
15.03.2026;23:00;1.749,99;39,75;34,69
16.03.2026;00:00;1.744,01;39,62;34,57
16.03.2026;01:00;1.719,09;39,05;34,07
16.03.2026;02:00;1.498,01;34,03;29,69
16.03.2026;03:00;1.418,00;32,21;28,11
16.03.2026;04:00;1.744,00;39,62;34,57
16.03.2026;05:00;1.744,00;39,62;34,57
16.03.2026;06:00;1.744,00;39,62;34,57
16.03.2026;07:00;2.400,00;54,52;47,57
16.03.2026;08:00;3.400,00;77,24;67,39
16.03.2026;09:00;3.400,00;77,24;67,39
16.03.2026;10:00;3.400,00;77,24;67,39
16.03.2026;11:00;3.400,00;77,24;67,39
16.03.2026;12:00;2.300,00;52,25;45,59
16.03.2026;13:00;2.797,99;63,56;55,46
16.03.2026;14:00;3.219,58;73,14;63,81
16.03.2026;15:00;3.200,00;72,69;63,43
16.03.2026;16:00;2.900,01;65,88;57,48
16.03.2026;17:00;3.088,02;70,15;61,21
16.03.2026;18:00;3.400,00;77,24;67,39
16.03.2026;19:00;3.400,00;77,24;67,39
16.03.2026;20:00;3.400,00;77,24;67,39
16.03.2026;21:00;2.999,99;68,15;59,46
16.03.2026;22:00;2.874,95;65,31;56,98
16.03.2026;23:00;2.200,00;49,98;43,61
17.03.2026;00:00;2.988,88;67,90;59,24
17.03.2026;01:00;2.900,01;65,88;57,48
17.03.2026;02:00;1.891,99;42,98;37,50
17.03.2026;03:00;1.743,99;39,62;34,57
17.03.2026;04:00;2.199,99;49,98;43,61
17.03.2026;05:00;2.200,00;49,98;43,61
17.03.2026;06:00;1.744,01;39,62;34,57
17.03.2026;07:00;1.743,99;39,62;34,57
17.03.2026;08:00;1.891,99;42,98;37,50
17.03.2026;09:00;1.744,01;39,62;34,57
17.03.2026;10:00;1.050,00;23,85;20,81
17.03.2026;11:00;1.000,00;22,72;19,82
17.03.2026;12:00;241,41;5,48;4,78
17.03.2026;13:00;300,00;6,81;5,95
17.03.2026;14:00;1.000,00;22,72;19,82
17.03.2026;15:00;1.000,01;22,72;19,82
17.03.2026;16:00;1.744,00;39,62;34,57
17.03.2026;17:00;2.789,70;63,37;55,29
17.03.2026;18:00;2.988,89;67,90;59,24
17.03.2026;19:00;3.000,01;68,15;59,46
17.03.2026;20:00;3.227,00;73,31;63,96
17.03.2026;21:00;2.900,00;65,88;57,48
17.03.2026;22:00;2.784,00;63,24;55,18
17.03.2026;23:00;1.833,71;41,66;36,35
18.03.2026;00:00;2.047,61;46,42;40,54
18.03.2026;01:00;1.744,00;39,54;34,53
18.03.2026;02:00;1.699,99;38,54;33,66
18.03.2026;03:00;1.600,01;36,28;31,68
18.03.2026;04:00;1.800,01;40,81;35,64
18.03.2026;05:00;2.199,99;49,88;43,56
18.03.2026;06:00;1.743,99;39,54;34,53
18.03.2026;07:00;1.300,00;29,47;25,74
18.03.2026;08:00;1.743,99;39,54;34,53
18.03.2026;09:00;1.719,09;38,98;34,04
18.03.2026;10:00;1.744,00;39,54;34,53
18.03.2026;11:00;1.429,00;32,40;28,29
18.03.2026;12:00;900,00;20,41;17,82
18.03.2026;13:00;999,99;22,67;19,80
18.03.2026;14:00;1.743,99;39,54;34,53
18.03.2026;15:00;1.499,99;34,01;29,70
18.03.2026;16:00;1.743,99;39,54;34,53
18.03.2026;17:00;1.743,99;39,54;34,53
18.03.2026;18:00;1.999,99;45,35;39,60
18.03.2026;19:00;1.891,99;42,90;37,46
18.03.2026;20:00;1.744,01;39,54;34,53
18.03.2026;21:00;2.199,99;49,88;43,56
18.03.2026;22:00;1.429,00;32,40;28,29
18.03.2026;23:00;700,00;15,87;13,86
19.03.2026;00:00;859,12;19,47;16,93
19.03.2026;01:00;355,99;8,07;7,01
19.03.2026;02:00;263,00;5,96;5,18
19.03.2026;03:00;236,99;5,37;4,67
19.03.2026;04:00;240,01;5,44;4,73
19.03.2026;05:00;235,01;5,33;4,63
19.03.2026;06:00;230,00;5,21;4,53
19.03.2026;07:00;171,39;3,88;3,38
19.03.2026;08:00;189,99;4,31;3,74
19.03.2026;09:00;189,99;4,31;3,74
19.03.2026;10:00;171,40;3,88;3,38
19.03.2026;11:00;171,39;3,88;3,38
19.03.2026;12:00;171,01;3,88;3,37
19.03.2026;13:00;171,02;3,88;3,37
19.03.2026;14:00;171,40;3,88;3,38
19.03.2026;15:00;194,49;4,41;3,83
19.03.2026;16:00;235,00;5,33;4,63
19.03.2026;17:00;600,01;13,60;11,82
19.03.2026;18:00;1.275,00;28,90;25,12
19.03.2026;19:00;1.600,00;36,26;31,53
19.03.2026;20:00;1.743,99;39,53;34,36
19.03.2026;21:00;1.489,00;33,75;29,34
19.03.2026;22:00;230,00;5,21;4,53
19.03.2026;23:00;175,00;3,97;3,45
20.03.2026;00:00;171,02;3,88;3,36
20.03.2026;01:00;139,99;3,17;2,75
20.03.2026;02:00;0,00;0,00;0,00
20.03.2026;03:00;0,00;0,00;0,00
20.03.2026;04:00;0,00;0,00;0,00
20.03.2026;05:00;0,02;0,00;0,00
20.03.2026;06:00;164,91;3,74;3,24
20.03.2026;07:00;160,01;3,63;3,14
20.03.2026;08:00;155,11;3,51;3,05
20.03.2026;09:00;163,35;3,70;3,21
20.03.2026;10:00;100,01;2,27;1,96
20.03.2026;11:00;0,00;0,00;0,00
20.03.2026;12:00;0,00;0,00;0,00
20.03.2026;13:00;0,00;0,00;0,00
20.03.2026;14:00;0,00;0,00;0,00
20.03.2026;15:00;0,00;0,00;0,00
20.03.2026;16:00;164,90;3,74;3,24
20.03.2026;17:00;189,99;4,30;3,73
20.03.2026;18:00;240,01;5,44;4,71
20.03.2026;19:00;250,00;5,66;4,91
20.03.2026;20:00;300,01;6,80;5,89
20.03.2026;21:00;250,00;5,66;4,91
20.03.2026;22:00;174,99;3,97;3,44
20.03.2026;23:00;170,00;3,85;3,34
21.03.2026;00:00;240,00;5,44;4,71
21.03.2026;01:00;200,00;4,53;3,93
21.03.2026;02:00;171,01;3,87;3,36
21.03.2026;03:00;170,01;3,85;3,34
21.03.2026;04:00;164,95;3,74;3,24
21.03.2026;05:00;170,00;3,85;3,34
21.03.2026;06:00;171,00;3,87;3,36
21.03.2026;07:00;171,00;3,87;3,36
21.03.2026;08:00;171,01;3,87;3,36
21.03.2026;09:00;170,01;3,85;3,34
21.03.2026;10:00;170,01;3,85;3,34
21.03.2026;11:00;170,00;3,85;3,34
21.03.2026;12:00;164,91;3,74;3,24
21.03.2026;13:00;170,00;3,85;3,34
21.03.2026;14:00;164,91;3,74;3,24
21.03.2026;15:00;171,00;3,87;3,36
21.03.2026;16:00;200,01;4,53;3,93
21.03.2026;17:00;300,01;6,80;5,89
21.03.2026;18:00;900,00;20,39;17,68
21.03.2026;19:00;1.000,00;22,66;19,64
21.03.2026;20:00;1.891,99;42,87;37,16
21.03.2026;21:00;1.499,99;33,99;29,46
21.03.2026;22:00;271,00;6,14;5,32
21.03.2026;23:00;250,00;5,66;4,91
22.03.2026;00:00;356,00;8,07;6,99
22.03.2026;01:00;249,99;5,66;4,91
22.03.2026;02:00;200,00;4,53;3,93
22.03.2026;03:00;189,99;4,30;3,73
22.03.2026;04:00;175,00;3,97;3,44
22.03.2026;05:00;189,99;4,30;3,73
22.03.2026;06:00;240,00;5,44;4,71
22.03.2026;07:00;227,00;5,14;4,46
22.03.2026;08:00;180,07;4,08;3,54
22.03.2026;09:00;171,01;3,87;3,36
22.03.2026;10:00;171,00;3,87;3,36
22.03.2026;11:00;171,01;3,87;3,36
22.03.2026;12:00;174,99;3,97;3,44
22.03.2026;13:00;190,00;4,31;3,73
22.03.2026;14:00;200,01;4,53;3,93
22.03.2026;15:00;251,00;5,69;4,93
22.03.2026;16:00;1.000,00;22,66;19,64
22.03.2026;17:00;2.390,01;54,16;46,94
22.03.2026;18:00;2.595,01;58,80;50,96
22.03.2026;19:00;2.399,99;54,38;47,13
22.03.2026;20:00;1.499,93;33,99;29,46
22.03.2026;21:00;1.499,99;33,99;29,46
22.03.2026;22:00;1.700,00;38,52;33,39
22.03.2026;23:00;1.200,00;27,19;23,57
23.03.2026;00:00;300,01;6,80;5,89
23.03.2026;01:00;251,00;5,69;4,93
23.03.2026;02:00;237,00;5,37;4,65
23.03.2026;03:00;231,01;5,23;4,54
23.03.2026;04:00;234,99;5,32;4,61
23.03.2026;05:00;250,10;5,67;4,91
23.03.2026;06:00;251,01;5,69;4,93
23.03.2026;07:00;371,31;8,41;7,29
23.03.2026;08:00;2.300,00;52,12;45,17
23.03.2026;09:00;1.892,00;42,87;37,16
23.03.2026;10:00;2.489,61;56,41;48,89
23.03.2026;11:00;3.129,99;70,92;61,47
23.03.2026;12:00;2.489,61;56,41;48,89
23.03.2026;13:00;3.000,00;67,98;58,92
23.03.2026;14:00;2.989,01;67,73;58,70
23.03.2026;15:00;2.199,99;49,85;43,21
23.03.2026;16:00;2.589,00;58,66;50,85
23.03.2026;17:00;3.112,01;70,52;61,12
23.03.2026;18:00;3.199,47;72,50;62,83
23.03.2026;19:00;3.400,00;77,04;66,77
23.03.2026;20:00;3.400,00;77,04;66,77
23.03.2026;21:00;2.600,00;58,91;51,06
23.03.2026;22:00;1.799,01;40,76;35,33
23.03.2026;23:00;1.744,00;39,52;34,25
24.03.2026;00:00;1.850,01;41,92;36,33
24.03.2026;01:00;1.719,08;38,95;33,76
24.03.2026;02:00;1.499,99;33,99;29,46
24.03.2026;03:00;1.719,09;38,95;33,76
24.03.2026;04:00;1.400,00;31,72;27,49
24.03.2026;05:00;1.499,99;33,99;29,46
24.03.2026;06:00;1.499,99;33,99;29,46
24.03.2026;07:00;1.000,00;22,66;19,64
24.03.2026;08:00;2.196,72;49,78;43,14
24.03.2026;09:00;2.153,00;48,78;42,28
24.03.2026;10:00;1.719,09;38,95;33,76
24.03.2026;11:00;1.719,08;38,95;33,76
24.03.2026;12:00;1.201,01;27,21;23,59
24.03.2026;13:00;1.429,01;32,38;28,06
24.03.2026;14:00;1.719,09;38,95;33,76
24.03.2026;15:00;800,00;18,13;15,71
24.03.2026;16:00;1.719,09;38,95;33,76
24.03.2026;17:00;2.532,17;57,38;49,73
24.03.2026;18:00;1.719,09;38,95;33,76
24.03.2026;19:00;2.200,00;49,85;43,21
24.03.2026;20:00;1.719,09;38,95;33,76
24.03.2026;21:00;2.124,99;48,15;41,73
24.03.2026;22:00;1.429,01;32,38;28,06
24.03.2026;23:00;439,47;9,96;8,63
25.03.2026;00:00;1.222,01;27,62;23,97
25.03.2026;01:00;800,01;18,08;15,70
25.03.2026;02:00;1.000,00;22,60;19,62
25.03.2026;03:00;500,01;11,30;9,81
25.03.2026;04:00;484,99;10,96;9,51
25.03.2026;05:00;485,00;10,96;9,51
25.03.2026;06:00;1.000,00;22,60;19,62
25.03.2026;07:00;1.200,00;27,12;23,54
25.03.2026;08:00;2.047,60;46,28;40,17
25.03.2026;09:00;1.700,00;38,42;33,35
25.03.2026;10:00;1.000,01;22,60;19,62
25.03.2026;11:00;800,00;18,08;15,69
25.03.2026;12:00;485,00;10,96;9,51
25.03.2026;13:00;783,90;17,72;15,38
25.03.2026;14:00;251,01;5,67;4,92
25.03.2026;15:00;601,00;13,58;11,79
25.03.2026;16:00;500,01;11,30;9,81
25.03.2026;17:00;1.429,01;32,30;28,04
25.03.2026;18:00;1.500,00;33,90;29,43
25.03.2026;19:00;2.990,01;67,58;58,66
25.03.2026;20:00;2.858,01;64,60;56,07
25.03.2026;21:00;1.999,01;45,18;39,22
25.03.2026;22:00;1.595,99;36,07;31,31
25.03.2026;23:00;1.200,00;27,12;23,54
26.03.2026;00:00;1.200,01;27,11;23,38
26.03.2026;01:00;1.000,00;22,59;19,49
26.03.2026;02:00;1.000,01;22,59;19,49
26.03.2026;03:00;1.200,00;27,11;23,38
26.03.2026;04:00;1.200,01;27,11;23,38
26.03.2026;05:00;1.349,99;30,50;26,30
26.03.2026;06:00;1.499,99;33,89;29,23
26.03.2026;07:00;1.499,99;33,89;29,23
26.03.2026;08:00;1.720,01;38,86;33,51
26.03.2026;09:00;2.200,00;49,70;42,87
26.03.2026;10:00;900,00;20,33;17,54
26.03.2026;11:00;1.200,00;27,11;23,38
26.03.2026;12:00;1.200,01;27,11;23,38
26.03.2026;13:00;1.298,04;29,33;25,29
26.03.2026;14:00;1.200,01;27,11;23,38
26.03.2026;15:00;397,99;8,99;7,75
26.03.2026;16:00;1.499,99;33,89;29,23
26.03.2026;17:00;3.100,00;70,03;60,40
26.03.2026;18:00;3.400,00;76,81;66,25
26.03.2026;19:00;3.400,00;76,81;66,25
26.03.2026;20:00;3.400,00;76,81;66,25
26.03.2026;21:00;3.400,00;76,81;66,25
26.03.2026;22:00;2.977,01;67,26;58,01
26.03.2026;23:00;1.649,98;37,28;32,15
27.03.2026;00:00;2.199,99;49,69;42,83
27.03.2026;01:00;1.200,00;27,10;23,36
27.03.2026;02:00;500,01;11,29;9,74
27.03.2026;03:00;500,01;11,29;9,74
27.03.2026;04:00;251,01;5,67;4,89
27.03.2026;05:00;300,01;6,78;5,84
27.03.2026;06:00;490,00;11,07;9,54
27.03.2026;07:00;355,99;8,04;6,93
27.03.2026;08:00;1.499,99;33,88;29,20
27.03.2026;09:00;240,01;5,42;4,67
27.03.2026;10:00;171,00;3,86;3,33
27.03.2026;11:00;164,91;3,72;3,21
27.03.2026;12:00;0,00;0,00;0,00
27.03.2026;13:00;0,00;0,00;0,00
27.03.2026;14:00;100,00;2,26;1,95
27.03.2026;15:00;164,91;3,72;3,21
27.03.2026;16:00;249,99;5,65;4,87
27.03.2026;17:00;699,99;15,81;13,63
27.03.2026;18:00;1.200,01;27,10;23,36
27.03.2026;19:00;3.199,47;72,27;62,29
27.03.2026;20:00;2.500,01;56,47;48,67
27.03.2026;21:00;2.897,99;65,46;56,42
27.03.2026;22:00;1.429,00;32,28;27,82
27.03.2026;23:00;601,00;13,57;11,70
28.03.2026;00:00;1.499,98;33,87;29,32
28.03.2026;01:00;1.000,00;22,58;19,55
28.03.2026;02:00;700,00;15,81;13,68
28.03.2026;03:00;415,10;9,37;8,11
28.03.2026;04:00;300,01;6,77;5,86
28.03.2026;05:00;800,01;18,07;15,64
28.03.2026;06:00;1.200,00;27,10;23,46
28.03.2026;07:00;171,00;3,86;3,34
28.03.2026;08:00;170,01;3,84;3,32
28.03.2026;09:00;170,01;3,84;3,32
28.03.2026;10:00;164,91;3,72;3,22
28.03.2026;11:00;171,01;3,86;3,34
28.03.2026;12:00;171,00;3,86;3,34
28.03.2026;13:00;189,99;4,29;3,71
28.03.2026;14:00;243,53;5,50;4,76
28.03.2026;15:00;231,00;5,22;4,52
28.03.2026;16:00;500,01;11,29;9,77
28.03.2026;17:00;1.200,01;27,10;23,46
28.03.2026;18:00;2.700,01;60,97;52,77
28.03.2026;19:00;3.400,00;76,78;66,46
28.03.2026;20:00;3.400,00;76,78;66,46
28.03.2026;21:00;2.789,70;63,00;54,53
28.03.2026;22:00;1.499,99;33,87;29,32
28.03.2026;23:00;700,01;15,81;13,68
29.03.2026;00:00;2.451,00;55,34;48,04
29.03.2026;01:00;1.450,00;32,74;28,42
29.03.2026;02:00;500,00;11,29;9,80
29.03.2026;03:00;500,01;11,29;9,80
29.03.2026;04:00;300,01;6,77;5,88
29.03.2026;05:00;500,00;11,29;9,80
29.03.2026;06:00;490,00;11,06;9,61
29.03.2026;07:00;251,00;5,67;4,92
29.03.2026;08:00;237,01;5,35;4,65
29.03.2026;09:00;200,00;4,52;3,92
29.03.2026;10:00;186,00;4,20;3,65
29.03.2026;11:00;174,99;3,95;3,43
29.03.2026;12:00;100,00;2,26;1,96
29.03.2026;13:00;79,99;1,81;1,57
29.03.2026;14:00;161,91;3,66;3,17
29.03.2026;15:00;200,00;4,52;3,92
29.03.2026;16:00;251,00;5,67;4,92
29.03.2026;17:00;1.200,00;27,09;23,52
29.03.2026;18:00;1.499,99;33,87;29,40
29.03.2026;19:00;3.299,99;74,51;64,69
29.03.2026;20:00;3.200,00;72,25;62,73
29.03.2026;21:00;2.500,00;56,45;49,01
29.03.2026;22:00;1.499,01;33,85;29,38
29.03.2026;23:00;799,99;18,06;15,68
30.03.2026;00:00;600,00;13,55;11,76
30.03.2026;01:00;356,00;8,04;6,98
30.03.2026;02:00;251,01;5,67;4,92
30.03.2026;03:00;251,00;5,67;4,92
30.03.2026;04:00;249,99;5,64;4,90
30.03.2026;05:00;251,01;5,67;4,92
30.03.2026;06:00;500,00;11,29;9,80
30.03.2026;07:00;1.200,00;27,09;23,52
30.03.2026;08:00;1.740,10;39,29;34,11
30.03.2026;09:00;1.820,00;41,09;35,68
30.03.2026;10:00;1.200,01;27,10;23,52
30.03.2026;11:00;1.249,99;28,22;24,50
30.03.2026;12:00;800,00;18,06;15,68
30.03.2026;13:00;1.200,00;27,09;23,52
30.03.2026;14:00;1.499,99;33,87;29,40
30.03.2026;15:00;1.060,30;23,94;20,78
30.03.2026;16:00;2.000,01;45,16;39,20
30.03.2026;17:00;3.094,01;69,86;60,65
30.03.2026;18:00;3.325,00;75,08;65,18
30.03.2026;19:00;3.400,00;76,77;66,65
30.03.2026;20:00;3.400,00;76,77;66,65
30.03.2026;21:00;3.325,00;75,08;65,18
30.03.2026;22:00;2.999,99;67,74;58,81
30.03.2026;23:00;2.000,00;45,16;39,20
31.03.2026;00:00;2.390,00;53,96;46,85
31.03.2026;01:00;1.350,00;30,48;26,46
31.03.2026;02:00;699,99;15,81;13,72
31.03.2026;03:00;899,99;20,32;17,64
31.03.2026;04:00;500,01;11,29;9,80
31.03.2026;05:00;899,99;20,32;17,64
31.03.2026;06:00;1.200,01;27,10;23,52
31.03.2026;07:00;1.200,00;27,09;23,52
31.03.2026;08:00;1.645,01;37,14;32,25
31.03.2026;09:00;1.200,00;27,09;23,52
31.03.2026;10:00;499,99;11,29;9,80
31.03.2026;11:00;400,01;9,03;7,84
31.03.2026;12:00;231,00;5,22;4,53
31.03.2026;13:00;249,99;5,64;4,90
31.03.2026;14:00;500,00;11,29;9,80
31.03.2026;15:00;300,00;6,77;5,88
31.03.2026;16:00;948,79;21,42;18,60
31.03.2026;17:00;2.200,00;49,67;43,12
31.03.2026;18:00;3.000,01;67,74;58,81
31.03.2026;19:00;3.400,00;76,77;66,65
31.03.2026;20:00;3.400,00;76,77;66,65
31.03.2026;21:00;2.941,78;66,42;57,67
31.03.2026;22:00;1.744,01;39,38;34,19
31.03.2026;23:00;999,99;22,58;19,60
01.04.2026;00:00;1.499,99;33,80;29,40
01.04.2026;01:00;800,00;18,02;15,68
01.04.2026;02:00;500,00;11,27;9,80
01.04.2026;03:00;500,51;11,28;9,81
01.04.2026;04:00;835,01;18,81;16,37
01.04.2026;05:00;1.200,00;27,04;23,52
01.04.2026;06:00;1.200,00;27,04;23,52
01.04.2026;07:00;500,03;11,27;9,80
01.04.2026;08:00;999,00;22,51;19,58
01.04.2026;09:00;404,49;9,11;7,93
01.04.2026;10:00;300,01;6,76;5,88
01.04.2026;11:00;300,00;6,76;5,88
01.04.2026;12:00;181,00;4,08;3,55
01.04.2026;13:00;200,01;4,51;3,92
01.04.2026;14:00;250,00;5,63;4,90
01.04.2026;15:00;250,01;5,63;4,90
01.04.2026;16:00;500,01;11,27;9,80
01.04.2026;17:00;1.200,01;27,04;23,52
01.04.2026;18:00;1.300,01;29,29;25,48
01.04.2026;19:00;2.098,48;47,28;41,13
01.04.2026;20:00;1.699,01;38,28;33,30
01.04.2026;21:00;1.499,98;33,80;29,40
01.04.2026;22:00;600,01;13,52;11,76
01.04.2026;23:00;250,00;5,63;4,90
02.04.2026;00:00;249,99;5,63;4,91
02.04.2026;01:00;240,00;5,41;4,71
02.04.2026;02:00;201,01;4,53;3,95
02.04.2026;03:00;200,00;4,50;3,93
02.04.2026;04:00;199,99;4,50;3,93
02.04.2026;05:00;201,00;4,53;3,95
02.04.2026;06:00;201,01;4,53;3,95
02.04.2026;07:00;250,01;5,63;4,91
02.04.2026;08:00;1.000,00;22,52;19,64
02.04.2026;09:00;1.200,01;27,03;23,56
02.04.2026;10:00;1.249,99;28,16;24,54
02.04.2026;11:00;1.200,01;27,03;23,56
02.04.2026;12:00;499,99;11,26;9,82
02.04.2026;13:00;499,99;11,26;9,82
02.04.2026;14:00;500,00;11,26;9,82
02.04.2026;15:00;260,00;5,86;5,11
02.04.2026;16:00;300,01;6,76;5,89
02.04.2026;17:00;500,01;11,26;9,82
02.04.2026;18:00;899,00;20,25;17,65
02.04.2026;19:00;2.450,00;55,19;48,11
02.04.2026;20:00;2.047,61;46,12;40,20
02.04.2026;21:00;2.000,00;45,05;39,27
02.04.2026;22:00;1.000,01;22,52;19,64
02.04.2026;23:00;355,99;8,02;6,99
03.04.2026;00:00;237,00;5,34;4,60
03.04.2026;01:00;201,01;4,53;3,90
03.04.2026;02:00;200,00;4,51;3,89
03.04.2026;03:00;174,99;3,94;3,40
03.04.2026;04:00;171,02;3,85;3,32
03.04.2026;05:00;189,99;4,28;3,69
03.04.2026;06:00;190,01;4,28;3,69
03.04.2026;07:00;174,99;3,94;3,40
03.04.2026;08:00;260,01;5,86;5,05
03.04.2026;09:00;250,01;5,63;4,86
03.04.2026;10:00;200,01;4,51;3,89
03.04.2026;11:00;175,00;3,94;3,40
03.04.2026;12:00;170,01;3,83;3,30
03.04.2026;13:00;167,38;3,77;3,25
03.04.2026;14:00;179,00;4,03;3,48
03.04.2026;15:00;175,00;3,94;3,40
03.04.2026;16:00;240,00;5,41;4,66
03.04.2026;17:00;999,00;22,50;19,41
03.04.2026;18:00;1.200,01;27,03;23,31
03.04.2026;19:00;3.000,01;67,58;58,28
03.04.2026;20:00;3.000,01;67,58;58,28
03.04.2026;21:00;2.587,01;58,27;50,25
03.04.2026;22:00;1.499,99;33,79;29,14
03.04.2026;23:00;999,00;22,50;19,41
04.04.2026;00:00;1.200,01;27,02;23,44
04.04.2026;01:00;999,00;22,49;19,52
04.04.2026;02:00;875,99;19,72;17,11
04.04.2026;03:00;610,00;13,73;11,92
04.04.2026;04:00;699,99;15,76;13,67
04.04.2026;05:00;999,99;22,51;19,54
04.04.2026;06:00;900,01;20,26;17,58
04.04.2026;07:00;250,01;5,63;4,88
04.04.2026;08:00;207,00;4,66;4,04
04.04.2026;09:00;199,01;4,48;3,89
04.04.2026;10:00;199,01;4,48;3,89
04.04.2026;11:00;199,99;4,50;3,91
04.04.2026;12:00;175,00;3,94;3,42
04.04.2026;13:00;199,99;4,50;3,91
04.04.2026;14:00;200,01;4,50;3,91
04.04.2026;15:00;249,99;5,63;4,88
04.04.2026;16:00;456,00;10,27;8,91
04.04.2026;17:00;1.499,99;33,77;29,30
04.04.2026;18:00;3.945,00;88,82;77,07
04.04.2026;19:00;4.500,00;101,32;87,91
04.04.2026;20:00;4.499,98;101,32;87,91
04.04.2026;21:00;3.600,00;81,05;70,33
04.04.2026;22:00;1.725,00;38,84;33,70
04.04.2026;23:00;1.090,48;24,55;21,30
05.04.2026;00:00;1.350,00;30,38;26,32
05.04.2026;01:00;999,99;22,51;19,50
05.04.2026;02:00;500,00;11,25;9,75
05.04.2026;03:00;300,00;6,75;5,85
05.04.2026;04:00;299,99;6,75;5,85
05.04.2026;05:00;299,20;6,73;5,83
05.04.2026;06:00;234,08;5,27;4,56
05.04.2026;07:00;120,00;2,70;2,34
05.04.2026;08:00;0,00;0,00;0,00
05.04.2026;09:00;0,00;0,00;0,00
05.04.2026;10:00;0,00;0,00;0,00
05.04.2026;11:00;0,00;0,00;0,00
05.04.2026;12:00;0,00;0,00;0,00
05.04.2026;13:00;0,00;0,00;0,00
05.04.2026;14:00;0,00;0,00;0,00
05.04.2026;15:00;0,00;0,00;0,00
05.04.2026;16:00;0,00;0,00;0,00
05.04.2026;17:00;171,01;3,85;3,33
05.04.2026;18:00;700,02;15,76;13,65
05.04.2026;19:00;1.899,00;42,74;37,03
05.04.2026;20:00;2.000,01;45,01;39,00
05.04.2026;21:00;1.899,01;42,74;37,03
05.04.2026;22:00;1.090,48;24,54;21,26
05.04.2026;23:00;500,01;11,25;9,75
06.04.2026;00:00;288,59;6,50;5,63
06.04.2026;01:00;250,01;5,63;4,87
06.04.2026;02:00;250,00;5,63;4,87
06.04.2026;03:00;249,99;5,63;4,87
06.04.2026;04:00;249,99;5,63;4,87
06.04.2026;05:00;300,01;6,75;5,85
06.04.2026;06:00;310,99;7,00;6,06
06.04.2026;07:00;252,01;5,67;4,91
06.04.2026;08:00;252,01;5,67;4,91
06.04.2026;09:00;200,00;4,50;3,90
06.04.2026;10:00;149,99;3,38;2,92
06.04.2026;11:00;0,00;0,00;0,00
06.04.2026;12:00;0,00;0,00;0,00
06.04.2026;13:00;0,00;0,00;0,00
06.04.2026;14:00;146,51;3,30;2,86
06.04.2026;15:00;171,02;3,85;3,33
06.04.2026;16:00;500,00;11,25;9,75
06.04.2026;17:00;1.990,00;44,79;38,80
06.04.2026;18:00;3.249,99;73,15;63,37
06.04.2026;19:00;4.400,00;99,03;85,79
06.04.2026;20:00;4.450,01;100,16;86,77
06.04.2026;21:00;3.945,01;88,79;76,92
06.04.2026;22:00;3.323,69;74,81;64,81
06.04.2026;23:00;2.750,01;61,89;53,62
07.04.2026;00:00;1.729,99;38,94;33,73
07.04.2026;01:00;1.123,45;25,29;21,91
07.04.2026;02:00;989,99;22,28;19,30
07.04.2026;03:00;999,99;22,51;19,50
07.04.2026;04:00;999,98;22,51;19,50
07.04.2026;05:00;1.200,01;27,01;23,40
07.04.2026;06:00;1.200,01;27,01;23,40
07.04.2026;07:00;600,00;13,50;11,70
07.04.2026;08:00;582,00;13,10;11,35
07.04.2026;09:00;235,01;5,29;4,58
07.04.2026;10:00;168,01;3,78;3,28
07.04.2026;11:00;170,01;3,83;3,31
07.04.2026;12:00;0,00;0,00;0,00
07.04.2026;13:00;0,00;0,00;0,00
07.04.2026;14:00;137,99;3,11;2,69
07.04.2026;15:00;0,00;0,00;0,00
07.04.2026;16:00;171,00;3,85;3,33
07.04.2026;17:00;749,48;16,87;14,61
07.04.2026;18:00;2.699,99;60,77;52,65
07.04.2026;19:00;4.500,00;101,28;87,74
07.04.2026;20:00;4.349,99;97,91;84,82
07.04.2026;21:00;3.945,00;88,79;76,92
07.04.2026;22:00;1.275,00;28,70;24,86
07.04.2026;23:00;525,87;11,84;10,25
08.04.2026;00:00;998,01;22,42;19,41
08.04.2026;01:00;397,39;8,93;7,73
08.04.2026;02:00;303,00;6,81;5,89
08.04.2026;03:00;270,00;6,07;5,25
08.04.2026;04:00;250,00;5,62;4,86
08.04.2026;05:00;260,01;5,84;5,06
08.04.2026;06:00;270,01;6,07;5,25
08.04.2026;07:00;250,00;5,62;4,86
08.04.2026;08:00;749,48;16,84;14,58
08.04.2026;09:00;320,02;7,19;6,23
08.04.2026;10:00;260,00;5,84;5,06
08.04.2026;11:00;224,00;5,03;4,36
08.04.2026;12:00;170,01;3,82;3,31
08.04.2026;13:00;171,01;3,84;3,33
08.04.2026;14:00;200,01;4,49;3,89
08.04.2026;15:00;199,00;4,47;3,87
08.04.2026;16:00;234,99;5,28;4,57
08.04.2026;17:00;749,47;16,84;14,58
08.04.2026;18:00;900,00;20,22;17,51
08.04.2026;19:00;2.037,00;45,77;39,63
08.04.2026;20:00;2.199,99;49,43;42,80
08.04.2026;21:00;2.750,00;61,79;53,50
08.04.2026;22:00;1.264,37;28,41;24,60
08.04.2026;23:00;700,02;15,73;13,62
09.04.2026;00:00;492,00;11,05;9,56
09.04.2026;01:00;700,00;15,72;13,60
09.04.2026;02:00;880,00;19,76;17,10
09.04.2026;03:00;876,00;19,67;17,02
09.04.2026;04:00;999,99;22,46;19,43
09.04.2026;05:00;1.200,01;26,95;23,32
09.04.2026;06:00;1.499,99;33,69;29,15
09.04.2026;07:00;1.050,00;23,58;20,41
09.04.2026;08:00;1.000,00;22,46;19,43
09.04.2026;09:00;499,99;11,23;9,72
09.04.2026;10:00;299,76;6,73;5,83
09.04.2026;11:00;250,00;5,61;4,86
09.04.2026;12:00;189,99;4,27;3,69
09.04.2026;13:00;200,01;4,49;3,89
09.04.2026;14:00;500,00;11,23;9,72
09.04.2026;15:00;350,00;7,86;6,80
09.04.2026;16:00;1.000,00;22,46;19,43
09.04.2026;17:00;3.323,70;74,65;64,59
09.04.2026;18:00;3.696,00;83,01;71,83
09.04.2026;19:00;4.500,00;101,07;87,45
09.04.2026;20:00;4.500,00;101,07;87,45
09.04.2026;21:00;4.400,01;98,82;85,51
09.04.2026;22:00;3.400,00;76,36;66,08
09.04.2026;23:00;2.785,70;62,56;54,14
10.04.2026;00:00;2.699,99;60,74;51,96
10.04.2026;01:00;1.200,01;27,00;23,09
10.04.2026;02:00;1.200,00;26,99;23,09
10.04.2026;03:00;1.200,01;27,00;23,09
10.04.2026;04:00;1.200,01;27,00;23,09
10.04.2026;05:00;1.695,00;38,13;32,62
10.04.2026;06:00;1.200,00;26,99;23,09
10.04.2026;07:00;750,01;16,87;14,43
10.04.2026;08:00;3.599,99;80,98;69,27
10.04.2026;09:00;2.100,00;47,24;40,41
10.04.2026;10:00;999,99;22,50;19,24
10.04.2026;11:00;1.200,00;26,99;23,09
10.04.2026;12:00;443,01;9,97;8,52
10.04.2026;13:00;300,01;6,75;5,77
10.04.2026;14:00;1.082,64;24,35;20,83
10.04.2026;15:00;745,00;16,76;14,34
10.04.2026;16:00;999,99;22,50;19,24
10.04.2026;17:00;2.080,99;46,81;40,04
10.04.2026;18:00;2.451,00;55,14;47,16
10.04.2026;19:00;4.450,00;100,11;85,63
10.04.2026;20:00;4.500,00;101,23;86,59
10.04.2026;21:00;3.599,99;80,98;69,27
10.04.2026;22:00;2.660,00;59,84;51,19
10.04.2026;23:00;1.650,00;37,12;31,75
11.04.2026;00:00;2.499,99;56,17;48,12
11.04.2026;01:00;1.200,01;26,96;23,10
11.04.2026;02:00;1.130,00;25,39;21,75
11.04.2026;03:00;1.200,00;26,96;23,10
11.04.2026;04:00;1.200,00;26,96;23,10
11.04.2026;05:00;1.200,01;26,96;23,10
11.04.2026;06:00;1.150,00;25,84;22,14
11.04.2026;07:00;500,00;11,23;9,62
11.04.2026;08:00;999,98;22,47;19,25
11.04.2026;09:00;449,48;10,10;8,65
11.04.2026;10:00;250,00;5,62;4,81
11.04.2026;11:00;225,00;5,06;4,33
11.04.2026;12:00;171,01;3,84;3,29
11.04.2026;13:00;190,00;4,27;3,66
11.04.2026;14:00;250,00;5,62;4,81
11.04.2026;15:00;301,00;6,76;5,79
11.04.2026;16:00;402,00;9,03;7,74
11.04.2026;17:00;1.913,01;42,98;36,82
11.04.2026;18:00;3.249,99;73,02;62,56
11.04.2026;19:00;4.500,00;101,10;86,62
11.04.2026;20:00;4.500,00;101,10;86,62
11.04.2026;21:00;4.099,99;92,11;78,92
11.04.2026;22:00;3.100,01;69,65;59,67
11.04.2026;23:00;3.500,01;78,63;67,37
12.04.2026;00:00;2.699,99;60,65;51,85
12.04.2026;01:00;1.499,98;33,70;28,80
12.04.2026;02:00;1.200,00;26,96;23,04
12.04.2026;03:00;1.200,00;26,96;23,04
12.04.2026;04:00;999,99;22,46;19,20
12.04.2026;05:00;1.200,00;26,96;23,04
12.04.2026;06:00;999,98;22,46;19,20
12.04.2026;07:00;200,01;4,49;3,84
12.04.2026;08:00;0,00;0,00;0,00
12.04.2026;09:00;0,00;0,00;0,00
12.04.2026;10:00;0,00;0,00;0,00
12.04.2026;11:00;0,00;0,00;0,00
12.04.2026;12:00;0,00;0,00;0,00
12.04.2026;13:00;0,00;0,00;0,00
12.04.2026;14:00;0,00;0,00;0,00
12.04.2026;15:00;0,00;0,00;0,00
12.04.2026;16:00;0,00;0,00;0,00
12.04.2026;17:00;190,00;4,27;3,65
12.04.2026;18:00;550,00;12,36;10,56
12.04.2026;19:00;3.451,53;77,54;66,28
12.04.2026;20:00;4.099,99;92,10;78,73
12.04.2026;21:00;2.799,00;62,88;53,75
12.04.2026;22:00;1.249,99;28,08;24,00
12.04.2026;23:00;745,01;16,74;14,31
13.04.2026;00:00;499,99;11,23;9,60
13.04.2026;01:00;300,00;6,74;5,76
13.04.2026;02:00;249,99;5,62;4,80
13.04.2026;03:00;250,00;5,62;4,80
13.04.2026;04:00;225,00;5,05;4,32
13.04.2026;05:00;300,00;6,74;5,76
13.04.2026;06:00;328,82;7,39;6,31
13.04.2026;07:00;250,00;5,62;4,80
13.04.2026;08:00;453,84;10,20;8,72
13.04.2026;09:00;225,01;5,05;4,32
13.04.2026;10:00;171,01;3,84;3,28
13.04.2026;11:00;171,02;3,84;3,28
13.04.2026;12:00;0,00;0,00;0,00
13.04.2026;13:00;50,01;1,12;0,96
13.04.2026;14:00;170,00;3,82;3,26
13.04.2026;15:00;167,36;3,76;3,21
13.04.2026;16:00;199,00;4,47;3,82
13.04.2026;17:00;999,99;22,46;19,20
13.04.2026;18:00;3.495,00;78,51;67,12
13.04.2026;19:00;4.500,00;101,09;86,41
13.04.2026;20:00;4.500,00;101,09;86,41
13.04.2026;21:00;4.500,00;101,09;86,41
13.04.2026;22:00;3.639,18;81,75;69,88
13.04.2026;23:00;3.023,60;67,92;58,06
14.04.2026;00:00;2.997,99;67,35;57,57
14.04.2026;01:00;1.400,00;31,45;26,88
14.04.2026;02:00;1.150,01;25,83;22,08
14.04.2026;03:00;1.500,00;33,70;28,80
14.04.2026;04:00;1.200,00;26,96;23,04
14.04.2026;05:00;1.550,00;34,82;29,77
14.04.2026;06:00;1.550,00;34,82;29,77
14.04.2026;07:00;800,00;17,97;15,36
14.04.2026;08:00;850,00;19,09;16,32
14.04.2026;09:00;300,00;6,74;5,76
14.04.2026;10:00;200,01;4,49;3,84
14.04.2026;11:00;200,00;4,49;3,84
14.04.2026;12:00;149,99;3,37;2,88
14.04.2026;13:00;170,99;3,84;3,28
14.04.2026;14:00;255,99;5,75;4,92
14.04.2026;15:00;236,99;5,32;4,55
14.04.2026;16:00;500,00;11,23;9,60
14.04.2026;17:00;2.900,01;65,15;55,69
14.04.2026;18:00;2.081,00;46,75;39,96
14.04.2026;19:00;4.499,98;101,09;86,41
14.04.2026;20:00;4.500,00;101,09;86,41
14.04.2026;21:00;4.389,99;98,62;84,30
14.04.2026;22:00;3.250,00;73,01;62,41
14.04.2026;23:00;3.234,39;72,66;62,11
15.04.2026;00:00;2.099,99;47,05;40,25
15.04.2026;01:00;1.898,01;42,52;36,38
15.04.2026;02:00;1.499,99;33,61;28,75
15.04.2026;03:00;1.500,00;33,61;28,75
15.04.2026;04:00;1.295,01;29,01;24,82
15.04.2026;05:00;1.500,00;33,61;28,75
15.04.2026;06:00;1.450,00;32,49;27,79
15.04.2026;07:00;999,99;22,40;19,17
15.04.2026;08:00;2.499,00;55,99;47,90
15.04.2026;09:00;1.450,01;32,49;27,79
15.04.2026;10:00;880,00;19,72;16,87
15.04.2026;11:00;799,01;17,90;15,31
15.04.2026;12:00;217,64;4,88;4,17
15.04.2026;13:00;250,00;5,60;4,79
15.04.2026;14:00;699,99;15,68;13,42
15.04.2026;15:00;453,85;10,17;8,70
15.04.2026;16:00;1.226,01;27,47;23,50
15.04.2026;17:00;2.600,00;58,25;49,83
15.04.2026;18:00;2.899,99;64,97;55,58
15.04.2026;19:00;4.500,00;100,82;86,25
15.04.2026;20:00;4.500,00;100,82;86,25
15.04.2026;21:00;4.084,79;91,51;78,29
15.04.2026;22:00;3.250,00;72,81;62,29
15.04.2026;23:00;1.619,98;36,29;31,05
16.04.2026;00:00;1.200,00;26,88;22,80
16.04.2026;01:00;999,99;22,40;19,00
16.04.2026;02:00;999,98;22,40;19,00
16.04.2026;03:00;813,00;18,21;15,45
16.04.2026;04:00;500,00;11,20;9,50
16.04.2026;05:00;700,01;15,68;13,30
16.04.2026;06:00;493,00;11,04;9,37
16.04.2026;07:00;299,99;6,72;5,70
16.04.2026;08:00;328,82;7,36;6,25
16.04.2026;09:00;200,01;4,48;3,80
16.04.2026;10:00;189,99;4,26;3,61
16.04.2026;11:00;175,00;3,92;3,33
16.04.2026;12:00;0,00;0,00;0,00
16.04.2026;13:00;100,01;2,24;1,90
16.04.2026;14:00;171,00;3,83;3,25
16.04.2026;15:00;167,36;3,75;3,18
16.04.2026;16:00;199,99;4,48;3,80
16.04.2026;17:00;800,01;17,92;15,20
16.04.2026;18:00;999,98;22,40;19,00
16.04.2026;19:00;2.570,00;57,56;48,83
16.04.2026;20:00;2.499,99;55,99;47,50
16.04.2026;21:00;1.499,99;33,60;28,50
16.04.2026;22:00;999,38;22,38;18,99
16.04.2026;23:00;500,00;11,20;9,50
17.04.2026;00:00;465,20;10,41;8,84
17.04.2026;01:00;500,00;11,19;9,50
17.04.2026;02:00;349,99;7,84;6,65
17.04.2026;03:00;327,01;7,32;6,21
17.04.2026;04:00;310,00;6,94;5,89
17.04.2026;05:00;331,43;7,42;6,30
17.04.2026;06:00;300,01;6,72;5,70
17.04.2026;07:00;250,01;5,60;4,75
17.04.2026;08:00;302,99;6,78;5,76
17.04.2026;09:00;200,01;4,48;3,80
17.04.2026;10:00;171,01;3,83;3,25
17.04.2026;11:00;171,00;3,83;3,25
17.04.2026;12:00;150,00;3,36;2,85
17.04.2026;13:00;150,00;3,36;2,85
17.04.2026;14:00;177,00;3,96;3,36
17.04.2026;15:00;177,00;3,96;3,36
17.04.2026;16:00;257,01;5,75;4,88
17.04.2026;17:00;478,99;10,72;9,10
17.04.2026;18:00;453,84;10,16;8,62
17.04.2026;19:00;1.200,00;26,86;22,80
17.04.2026;20:00;1.275,00;28,54;24,22
17.04.2026;21:00;999,99;22,39;19,00
17.04.2026;22:00;398,47;8,92;7,57
17.04.2026;23:00;250,00;5,60;4,75
18.04.2026;00:00;301,41;6,75;5,72
18.04.2026;01:00;299,68;6,71;5,69
18.04.2026;02:00;240,00;5,37;4,56
18.04.2026;03:00;200,00;4,48;3,80
18.04.2026;04:00;199,99;4,48;3,80
18.04.2026;05:00;200,00;4,48;3,80
18.04.2026;06:00;190,01;4,25;3,61
18.04.2026;07:00;190,01;4,25;3,61
18.04.2026;08:00;310,01;6,94;5,89
18.04.2026;09:00;500,00;11,19;9,49
18.04.2026;10:00;400,01;8,95;7,60
18.04.2026;11:00;660,00;14,77;12,53
18.04.2026;12:00;260,00;5,82;4,94
18.04.2026;13:00;300,00;6,71;5,70
18.04.2026;14:00;350,30;7,84;6,65
18.04.2026;15:00;236,99;5,30;4,50
18.04.2026;16:00;190,01;4,25;3,61
18.04.2026;17:00;240,01;5,37;4,56
18.04.2026;18:00;398,47;8,92;7,57
18.04.2026;19:00;1.499,98;33,57;28,48
18.04.2026;20:00;2.874,99;64,35;54,59
18.04.2026;21:00;1.898,00;42,48;36,04
18.04.2026;22:00;1.157,00;25,90;21,97
18.04.2026;23:00;500,39;11,20;9,50
19.04.2026;00:00;270,01;6,04;5,12
19.04.2026;01:00;257,01;5,75;4,88
19.04.2026;02:00;250,00;5,59;4,74
19.04.2026;03:00;240,01;5,37;4,55
19.04.2026;04:00;222,99;4,99;4,23
19.04.2026;05:00;237,00;5,30;4,50
19.04.2026;06:00;199,01;4,45;3,78
19.04.2026;07:00;170,00;3,80;3,23
19.04.2026;08:00;170,00;3,80;3,23
19.04.2026;09:00;20,00;0,45;0,38
19.04.2026;10:00;0,00;0,00;0,00
19.04.2026;11:00;0,00;0,00;0,00
19.04.2026;12:00;0,00;0,00;0,00
19.04.2026;13:00;0,00;0,00;0,00
19.04.2026;14:00;0,00;0,00;0,00
19.04.2026;15:00;0,00;0,00;0,00
19.04.2026;16:00;0,00;0,00;0,00
19.04.2026;17:00;171,00;3,83;3,25
19.04.2026;18:00;250,01;5,59;4,74
19.04.2026;19:00;1.200,00;26,85;22,77
19.04.2026;20:00;1.952,01;43,67;37,04
19.04.2026;21:00;1.414,68;31,65;26,85
19.04.2026;22:00;999,99;22,37;18,98
19.04.2026;23:00;482,85;10,80;9,16
20.04.2026;00:00;303,81;6,80;5,77
20.04.2026;01:00;300,01;6,71;5,69
20.04.2026;02:00;256,00;5,73;4,86
20.04.2026;03:00;267,00;5,97;5,07
20.04.2026;04:00;270,00;6,04;5,12
20.04.2026;05:00;311,00;6,96;5,90
20.04.2026;06:00;330,00;7,38;6,26
20.04.2026;07:00;300,01;6,71;5,69
20.04.2026;08:00;749,99;16,78;14,23
20.04.2026;09:00;453,84;10,15;8,61
20.04.2026;10:00;235,00;5,26;4,46
20.04.2026;11:00;199,99;4,47;3,80
20.04.2026;12:00;149,99;3,36;2,85
20.04.2026;13:00;167,34;3,74;3,18
20.04.2026;14:00;171,01;3,83;3,25
20.04.2026;15:00;171,00;3,83;3,25
20.04.2026;16:00;250,00;5,59;4,74
20.04.2026;17:00;850,00;19,02;16,13
20.04.2026;18:00;3.100,01;69,35;58,83
20.04.2026;19:00;4.500,00;100,67;85,40
20.04.2026;20:00;4.500,00;100,67;85,40
20.04.2026;21:00;4.211,30;94,21;79,92
20.04.2026;22:00;3.323,70;74,36;63,07
20.04.2026;23:00;1.727,09;38,64;32,78
21.04.2026;00:00;1.499,98;33,56;28,47
21.04.2026;01:00;997,00;22,30;18,92
21.04.2026;02:00;749,98;16,78;14,23
21.04.2026;03:00;500,00;11,19;9,49
21.04.2026;04:00;499,99;11,19;9,49
21.04.2026;05:00;700,00;15,66;13,28
21.04.2026;06:00;499,99;11,19;9,49
21.04.2026;07:00;300,01;6,71;5,69
21.04.2026;08:00;311,00;6,96;5,90
21.04.2026;09:00;175,01;3,92;3,32
21.04.2026;10:00;100,00;2,24;1,90
21.04.2026;11:00;0,00;0,00;0,00
21.04.2026;12:00;0,00;0,00;0,00
21.04.2026;13:00;0,00;0,00;0,00
21.04.2026;14:00;0,00;0,00;0,00
21.04.2026;15:00;30,00;0,67;0,57
21.04.2026;16:00;190,00;4,25;3,61
21.04.2026;17:00;500,00;11,19;9,49
21.04.2026;18:00;1.499,98;33,56;28,47
21.04.2026;19:00;4.500,00;100,67;85,40
21.04.2026;20:00;4.500,00;100,67;85,40
21.04.2026;21:00;3.499,00;78,28;66,40
21.04.2026;22:00;1.499,99;33,56;28,47
21.04.2026;23:00;749,98;16,78;14,23
22.04.2026;00:00;500,01;11,16;9,49
22.04.2026;01:00;500,01;11,16;9,49
22.04.2026;02:00;400,00;8,93;7,59
22.04.2026;03:00;499,99;11,16;9,49
22.04.2026;04:00;495,01;11,05;9,39
22.04.2026;05:00;732,00;16,34;13,89
22.04.2026;06:00;370,00;8,26;7,02
22.04.2026;07:00;199,00;4,44;3,78
22.04.2026;08:00;180,05;4,02;3,42
22.04.2026;09:00;171,00;3,82;3,24
22.04.2026;10:00;100,01;2,23;1,90
22.04.2026;11:00;1,00;0,02;0,02
22.04.2026;12:00;0,00;0,00;0,00
22.04.2026;13:00;0,00;0,00;0,00
22.04.2026;14:00;65,38;1,46;1,24
22.04.2026;15:00;120,00;2,68;2,28
22.04.2026;16:00;177,00;3,95;3,36
22.04.2026;17:00;371,88;8,30;7,06
22.04.2026;18:00;749,99;16,74;14,23
22.04.2026;19:00;2.999,00;66,95;56,91
22.04.2026;20:00;3.600,01;80,37;68,31
22.04.2026;21:00;2.900,01;64,74;55,03
22.04.2026;22:00;1.001,00;22,35;18,99
22.04.2026;23:00;310,01;6,92;5,88
23.04.2026;00:00;240,01;5,36;4,55
23.04.2026;01:00;209,01;4,66;3,96
23.04.2026;02:00;199,00;4,44;3,77
23.04.2026;03:00;199,00;4,44;3,77
23.04.2026;04:00;175,01;3,91;3,32
23.04.2026;05:00;180,26;4,02;3,42
23.04.2026;06:00;170,99;3,82;3,24
23.04.2026;07:00;0,00;0,00;0,00
23.04.2026;08:00;0,00;0,00;0,00
23.04.2026;09:00;0,00;0,00;0,00
23.04.2026;10:00;0,00;0,00;0,00
23.04.2026;11:00;0,00;0,00;0,00
23.04.2026;12:00;0,00;0,00;0,00
23.04.2026;13:00;0,00;0,00;0,00
23.04.2026;14:00;0,00;0,00;0,00
23.04.2026;15:00;0,00;0,00;0,00
23.04.2026;16:00;0,00;0,00;0,00
23.04.2026;17:00;190,00;4,24;3,60
23.04.2026;18:00;499,99;11,16;9,48
23.04.2026;19:00;1.500,00;33,47;28,45
23.04.2026;20:00;3.250,00;72,53;61,65
23.04.2026;21:00;1.784,01;39,81;33,84
23.04.2026;22:00;759,01;16,94;14,40
23.04.2026;23:00;450,00;10,04;8,54
24.04.2026;00:00;600,01;13,39;11,40
24.04.2026;01:00;499,99;11,16;9,50
24.04.2026;02:00;350,31;7,82;6,65
24.04.2026;03:00;389,99;8,70;7,41
24.04.2026;04:00;450,00;10,04;8,55
24.04.2026;05:00;750,00;16,74;14,25
24.04.2026;06:00;700,00;15,62;13,30
24.04.2026;07:00;450,00;10,04;8,55
24.04.2026;08:00;749,99;16,74;14,24
24.04.2026;09:00;350,31;7,82;6,65
24.04.2026;10:00;200,01;4,46;3,80
24.04.2026;11:00;199,01;4,44;3,78
24.04.2026;12:00;50,00;1,12;0,95
24.04.2026;13:00;0,00;0,00;0,00
24.04.2026;14:00;170,00;3,79;3,23
24.04.2026;15:00;170,00;3,79;3,23
24.04.2026;16:00;209,00;4,66;3,97
24.04.2026;17:00;999,99;22,31;18,99
24.04.2026;18:00;1.499,99;33,47;28,49
24.04.2026;19:00;4.200,00;93,72;79,77
24.04.2026;20:00;4.400,00;98,19;83,57
24.04.2026;21:00;2.900,01;64,71;55,08
24.04.2026;22:00;1.390,00;31,02;26,40
24.04.2026;23:00;749,98;16,74;14,24
25.04.2026;00:00;699,99;15,62;13,30
25.04.2026;01:00;699,98;15,62;13,29
25.04.2026;02:00;399,99;8,93;7,60
25.04.2026;03:00;350,30;7,82;6,65
25.04.2026;04:00;340,01;7,59;6,46
25.04.2026;05:00;334,99;7,48;6,36
25.04.2026;06:00;209,01;4,66;3,97
25.04.2026;07:00;171,00;3,82;3,25
25.04.2026;08:00;167,32;3,73;3,18
25.04.2026;09:00;0,00;0,00;0,00
25.04.2026;10:00;0,00;0,00;0,00
25.04.2026;11:00;0,00;0,00;0,00
25.04.2026;12:00;0,00;0,00;0,00
25.04.2026;13:00;0,00;0,00;0,00
25.04.2026;14:00;0,00;0,00;0,00
25.04.2026;15:00;10,00;0,22;0,19
25.04.2026;16:00;171,01;3,82;3,25
25.04.2026;17:00;349,99;7,81;6,65
25.04.2026;18:00;1.200,01;26,78;22,79
25.04.2026;19:00;4.444,08;99,17;84,41
25.04.2026;20:00;4.500,00;100,42;85,47
25.04.2026;21:00;4.264,15;95,15;80,99
25.04.2026;22:00;1.649,99;36,82;31,34
25.04.2026;23:00;879,99;19,64;16,71
26.04.2026;00:00;900,00;20,07;17,16
26.04.2026;01:00;1.200,00;26,75;22,88
26.04.2026;02:00;1.000,01;22,29;19,07
26.04.2026;03:00;999,99;22,29;19,06
26.04.2026;04:00;899,01;20,04;17,14
26.04.2026;05:00;998,00;22,25;19,03
26.04.2026;06:00;449,01;10,01;8,56
26.04.2026;07:00;99,48;2,22;1,90
26.04.2026;08:00;0,00;0,00;0,00
26.04.2026;09:00;0,00;0,00;0,00
26.04.2026;10:00;0,00;0,00;0,00
26.04.2026;11:00;0,00;0,00;0,00
26.04.2026;12:00;0,00;0,00;0,00
26.04.2026;13:00;0,00;0,00;0,00
26.04.2026;14:00;0,00;0,00;0,00
26.04.2026;15:00;0,00;0,00;0,00
26.04.2026;16:00;0,00;0,00;0,00
26.04.2026;17:00;6,00;0,13;0,11
26.04.2026;18:00;253,00;5,64;4,82
26.04.2026;19:00;1.104,00;24,61;21,05
26.04.2026;20:00;3.800,01;84,72;72,45
26.04.2026;21:00;2.200,01;49,05;41,94
26.04.2026;22:00;800,00;17,84;15,25
26.04.2026;23:00;300,00;6,69;5,72
27.04.2026;00:00;240,00;5,35;4,58
27.04.2026;01:00;199,99;4,46;3,81
27.04.2026;02:00;171,00;3,81;3,26
27.04.2026;03:00;161,00;3,59;3,07
27.04.2026;04:00;96,08;2,14;1,83
27.04.2026;05:00;133,01;2,97;2,54
27.04.2026;06:00;100,01;2,23;1,91
27.04.2026;07:00;0,00;0,00;0,00
27.04.2026;08:00;0,00;0,00;0,00
27.04.2026;09:00;0,00;0,00;0,00
27.04.2026;10:00;0,00;0,00;0,00
27.04.2026;11:00;0,00;0,00;0,00
27.04.2026;12:00;0,00;0,00;0,00
27.04.2026;13:00;0,00;0,00;0,00
27.04.2026;14:00;0,00;0,00;0,00
27.04.2026;15:00;0,00;0,00;0,00
27.04.2026;16:00;0,00;0,00;0,00
27.04.2026;17:00;171,01;3,81;3,26
27.04.2026;18:00;299,99;6,69;5,72
27.04.2026;19:00;1.000,00;22,29;19,06
27.04.2026;20:00;3.299,99;73,57;62,91
27.04.2026;21:00;1.400,01;31,21;26,69
27.04.2026;22:00;600,00;13,38;11,44
27.04.2026;23:00;300,00;6,69;5,72
28.04.2026;00:00;300,00;6,69;5,72
28.04.2026;01:00;300,01;6,69;5,72
28.04.2026;02:00;270,01;6,02;5,15
28.04.2026;03:00;299,99;6,69;5,72
28.04.2026;04:00;299,99;6,69;5,72
28.04.2026;05:00;341,00;7,60;6,50
28.04.2026;06:00;250,01;5,57;4,77
28.04.2026;07:00;170,01;3,79;3,24
28.04.2026;08:00;139,99;3,12;2,67
28.04.2026;09:00;0,00;0,00;0,00
28.04.2026;10:00;0,00;0,00;0,00
28.04.2026;11:00;0,00;0,00;0,00
28.04.2026;12:00;0,00;0,00;0,00
28.04.2026;13:00;0,00;0,00;0,00
28.04.2026;14:00;0,00;0,00;0,00
28.04.2026;15:00;0,00;0,00;0,00
28.04.2026;16:00;0,00;0,00;0,00
28.04.2026;17:00;200,00;4,46;3,81
28.04.2026;18:00;399,01;8,90;7,61
28.04.2026;19:00;1.499,99;33,44;28,60
28.04.2026;20:00;3.200,00;71,34;61,01
28.04.2026;21:00;1.499,99;33,44;28,60
28.04.2026;22:00;739,99;16,50;14,11
28.04.2026;23:00;310,00;6,91;5,91
29.04.2026;00:00;500,17;11,13;9,48
29.04.2026;01:00;500,00;11,13;9,48
29.04.2026;02:00;398,00;8,86;7,54
29.04.2026;03:00;320,00;7,12;6,06
29.04.2026;04:00;311,00;6,92;5,89
29.04.2026;05:00;398,00;8,86;7,54
29.04.2026;06:00;300,00;6,68;5,69
29.04.2026;07:00;179,99;4,01;3,41
29.04.2026;08:00;171,01;3,81;3,24
29.04.2026;09:00;6,00;0,13;0,11
29.04.2026;10:00;0,00;0,00;0,00
29.04.2026;11:00;0,00;0,00;0,00
29.04.2026;12:00;0,00;0,00;0,00
29.04.2026;13:00;0,00;0,00;0,00
29.04.2026;14:00;0,00;0,00;0,00
29.04.2026;15:00;0,00;0,00;0,00
29.04.2026;16:00;169,91;3,78;3,22
29.04.2026;17:00;398,01;8,86;7,54
29.04.2026;18:00;890,01;19,80;16,87
29.04.2026;19:00;4.300,01;95,68;81,49
29.04.2026;20:00;4.500,00;100,14;85,28
29.04.2026;21:00;4.399,99;97,91;83,38
29.04.2026;22:00;3.000,00;66,76;56,85
29.04.2026;23:00;1.104,01;24,57;20,92
30.04.2026;00:00;899,00;19,99;17,10
30.04.2026;01:00;400,97;8,92;7,63
30.04.2026;02:00;699,98;15,57;13,31
30.04.2026;03:00;612,34;13,62;11,65
30.04.2026;04:00;699,98;15,57;13,31
30.04.2026;05:00;888,02;19,75;16,89
30.04.2026;06:00;350,31;7,79;6,66
30.04.2026;07:00;249,01;5,54;4,74
30.04.2026;08:00;236,99;5,27;4,51
30.04.2026;09:00;169,90;3,78;3,23
30.04.2026;10:00;0,00;0,00;0,00
30.04.2026;11:00;0,00;0,00;0,00
30.04.2026;12:00;0,00;0,00;0,00
30.04.2026;13:00;0,00;0,00;0,00
30.04.2026;14:00;0,00;0,00;0,00
30.04.2026;15:00;0,00;0,00;0,00
30.04.2026;16:00;169,91;3,78;3,23
30.04.2026;17:00;300,00;6,67;5,71
30.04.2026;18:00;699,98;15,57;13,31
30.04.2026;19:00;2.075,81;46,16;39,48
30.04.2026;20:00;3.390,01;75,38;64,47
30.04.2026;21:00;2.000,00;44,47;38,04
30.04.2026;22:00;700,00;15,57;13,31
30.04.2026;23:00;300,00;6,67;5,71
01.05.2026;00:00;174,99;3,89;3,32
01.05.2026;01:00;171,01;3,80;3,25
01.05.2026;02:00;170,00;3,78;3,23
01.05.2026;03:00;170,00;3,78;3,23
01.05.2026;04:00;167,99;3,73;3,19
01.05.2026;05:00;169,90;3,78;3,23
01.05.2026;06:00;0,00;0,00;0,00
01.05.2026;07:00;0,00;0,00;0,00
01.05.2026;08:00;0,00;0,00;0,00
01.05.2026;09:00;0,00;0,00;0,00
01.05.2026;10:00;0,00;0,00;0,00
01.05.2026;11:00;0,00;0,00;0,00
01.05.2026;12:00;0,00;0,00;0,00
01.05.2026;13:00;0,00;0,00;0,00
01.05.2026;14:00;0,00;0,00;0,00
01.05.2026;15:00;0,00;0,00;0,00
01.05.2026;16:00;0,00;0,00;0,00
01.05.2026;17:00;161,00;3,58;3,06
01.05.2026;18:00;174,99;3,89;3,32
01.05.2026;19:00;235,00;5,22;4,46
01.05.2026;20:00;249,99;5,56;4,75
01.05.2026;21:00;200,01;4,45;3,80
01.05.2026;22:00;175,00;3,89;3,32
01.05.2026;23:00;170,01;3,78;3,23
02.05.2026;00:00;174,99;3,89;3,33
02.05.2026;01:00;171,01;3,80;3,25
02.05.2026;02:00;171,00;3,80;3,25
02.05.2026;03:00;171,01;3,80;3,25
02.05.2026;04:00;170,01;3,78;3,23
02.05.2026;05:00;170,99;3,80;3,25
02.05.2026;06:00;167,99;3,74;3,20
02.05.2026;07:00;99,47;2,21;1,89
02.05.2026;08:00;149,47;3,32;2,84
02.05.2026;09:00;149,48;3,32;2,84
02.05.2026;10:00;0,00;0,00;0,00
02.05.2026;11:00;0,00;0,00;0,00
02.05.2026;12:00;0,00;0,00;0,00
02.05.2026;13:00;0,00;0,00;0,00
02.05.2026;14:00;0,00;0,00;0,00
02.05.2026;15:00;0,00;0,00;0,00
02.05.2026;16:00;148,99;3,31;2,83
02.05.2026;17:00;171,01;3,80;3,25
02.05.2026;18:00;189,99;4,22;3,61
02.05.2026;19:00;300,00;6,67;5,71
02.05.2026;20:00;740,00;16,46;14,08
02.05.2026;21:00;500,01;11,12;9,51
02.05.2026;22:00;240,00;5,34;4,57
02.05.2026;23:00;175,00;3,89;3,33
03.05.2026;00:00;174,99;3,89;3,33
03.05.2026;01:00;171,00;3,80;3,25
03.05.2026;02:00;170,00;3,78;3,23
03.05.2026;03:00;170,00;3,78;3,23
03.05.2026;04:00;169,91;3,78;3,23
03.05.2026;05:00;169,90;3,78;3,23
03.05.2026;06:00;139,99;3,11;2,66
03.05.2026;07:00;0,00;0,00;0,00
03.05.2026;08:00;0,00;0,00;0,00
03.05.2026;09:00;0,00;0,00;0,00
03.05.2026;10:00;0,00;0,00;0,00
03.05.2026;11:00;0,00;0,00;0,00
03.05.2026;12:00;0,00;0,00;0,00
03.05.2026;13:00;0,00;0,00;0,00
03.05.2026;14:00;0,00;0,00;0,00
03.05.2026;15:00;0,00;0,00;0,00
03.05.2026;16:00;6,00;0,13;0,11
03.05.2026;17:00;169,90;3,78;3,23
03.05.2026;18:00;170,01;3,78;3,23
03.05.2026;19:00;175,00;3,89;3,33
03.05.2026;20:00;200,00;4,45;3,80
03.05.2026;21:00;175,00;3,89;3,33
03.05.2026;22:00;171,00;3,80;3,25
03.05.2026;23:00;169,90;3,78;3,23
04.05.2026;00:00;149,00;3,31;2,83
04.05.2026;01:00;149,00;3,31;2,83
04.05.2026;02:00;149,00;3,31;2,83
04.05.2026;03:00;149,00;3,31;2,83
04.05.2026;04:00;140,00;3,11;2,66
04.05.2026;05:00;139,99;3,11;2,66
04.05.2026;06:00;133,01;2,96;2,53
04.05.2026;07:00;149,00;3,31;2,83
04.05.2026;08:00;189,99;4,22;3,61
04.05.2026;09:00;200,01;4,45;3,80
04.05.2026;10:00;200,01;4,45;3,80
04.05.2026;11:00;200,01;4,45;3,80
04.05.2026;12:00;177,00;3,94;3,37
04.05.2026;13:00;200,00;4,45;3,80
04.05.2026;14:00;235,00;5,23;4,47
04.05.2026;15:00;231,00;5,14;4,39
04.05.2026;16:00;456,00;10,14;8,67
04.05.2026;17:00;1.485,00;33,02;28,25
04.05.2026;18:00;2.000,00;44,47;38,04
04.05.2026;19:00;4.099,99;91,17;77,99
04.05.2026;20:00;4.500,00;100,07;85,60
04.05.2026;21:00;4.500,00;100,07;85,60
04.05.2026;22:00;3.945,09;87,73;75,04
04.05.2026;23:00;1.649,98;36,69;31,38
05.05.2026;00:00;700,00;15,57;13,31
05.05.2026;01:00;699,99;15,57;13,31
05.05.2026;02:00;699,98;15,57;13,31
05.05.2026;03:00;455,99;10,14;8,67
05.05.2026;04:00;449,99;10,01;8,56
05.05.2026;05:00;583,95;12,99;11,11
05.05.2026;06:00;370,00;8,23;7,04
05.05.2026;07:00;310,99;6,92;5,92
05.05.2026;08:00;1.200,01;26,69;22,83
05.05.2026;09:00;1.485,00;33,02;28,25
05.05.2026;10:00;799,99;17,79;15,22
05.05.2026;11:00;499,92;11,12;9,51
05.05.2026;12:00;230,01;5,11;4,38
05.05.2026;13:00;252,01;5,60;4,79
05.05.2026;14:00;310,99;6,92;5,92
05.05.2026;15:00;341,42;7,59;6,49
05.05.2026;16:00;1.200,01;26,69;22,83
05.05.2026;17:00;2.900,01;64,49;55,16
05.05.2026;18:00;3.445,40;76,62;65,54
05.05.2026;19:00;4.200,01;93,40;79,89
05.05.2026;20:00;4.390,06;97,62;83,51
05.05.2026;21:00;4.100,00;91,17;77,99
05.05.2026;22:00;3.000,00;66,71;57,06
05.05.2026;23:00;1.500,00;33,36;28,53
06.05.2026;00:00;1.000,00;22,17;18,93
06.05.2026;01:00;499,67;11,08;9,46
06.05.2026;02:00;453,85;10,06;8,59
06.05.2026;03:00;367,01;8,14;6,95
06.05.2026;04:00;390,00;8,65;7,38
06.05.2026;05:00;400,00;8,87;7,57
06.05.2026;06:00;303,64;6,73;5,75
06.05.2026;07:00;205,00;4,55;3,88
06.05.2026;08:00;230,01;5,10;4,35
06.05.2026;09:00;200,01;4,43;3,79
06.05.2026;10:00;171,00;3,79;3,24
06.05.2026;11:00;171,00;3,79;3,24
06.05.2026;12:00;0,00;0,00;0,00
06.05.2026;13:00;0,00;0,00;0,00
06.05.2026;14:00;164,99;3,66;3,12
06.05.2026;15:00;149,01;3,30;2,82
06.05.2026;16:00;200,01;4,43;3,79
06.05.2026;17:00;444,01;9,84;8,40
06.05.2026;18:00;1.295,00;28,71;24,51
06.05.2026;19:00;3.839,99;85,14;72,68
06.05.2026;20:00;4.300,01;95,34;81,39
06.05.2026;21:00;4.300,00;95,34;81,39
06.05.2026;22:00;3.250,00;72,06;61,51
06.05.2026;23:00;2.200,00;48,78;41,64
07.05.2026;00:00;882,23;19,55;16,72
07.05.2026;01:00;456,00;10,10;8,64
07.05.2026;02:00;455,99;10,10;8,64
07.05.2026;03:00;334,99;7,42;6,35
07.05.2026;04:00;303,00;6,71;5,74
07.05.2026;05:00;300,00;6,65;5,69
07.05.2026;06:00;205,00;4,54;3,89
07.05.2026;07:00;189,99;4,21;3,60
07.05.2026;08:00;174,99;3,88;3,32
07.05.2026;09:00;0,00;0,00;0,00
07.05.2026;10:00;0,00;0,00;0,00
07.05.2026;11:00;0,00;0,00;0,00
07.05.2026;12:00;0,00;0,00;0,00
07.05.2026;13:00;0,00;0,00;0,00
07.05.2026;14:00;0,00;0,00;0,00
07.05.2026;15:00;0,00;0,00;0,00
07.05.2026;16:00;169,90;3,76;3,22
07.05.2026;17:00;310,00;6,87;5,88
07.05.2026;18:00;800,00;17,73;15,16
07.05.2026;19:00;3.799,99;84,19;72,03
07.05.2026;20:00;4.300,00;95,27;81,51
07.05.2026;21:00;3.945,49;87,42;74,79
07.05.2026;22:00;1.649,98;36,56;31,28
07.05.2026;23:00;600,01;13,29;11,37
08.05.2026;00:00;810,01;17,94;15,26
08.05.2026;01:00;327,01;7,24;6,16
08.05.2026;02:00;328,83;7,28;6,19
08.05.2026;03:00;349,67;7,75;6,59
08.05.2026;04:00;349,68;7,75;6,59
08.05.2026;05:00;447,01;9,90;8,42
08.05.2026;06:00;209,00;4,63;3,94
08.05.2026;07:00;167,37;3,71;3,15
08.05.2026;08:00;20,00;0,44;0,38
08.05.2026;09:00;0,00;0,00;0,00
08.05.2026;10:00;0,00;0,00;0,00
08.05.2026;11:00;0,00;0,00;0,00
08.05.2026;12:00;0,00;0,00;0,00
08.05.2026;13:00;0,00;0,00;0,00
08.05.2026;14:00;0,00;0,00;0,00
08.05.2026;15:00;0,00;0,00;0,00
08.05.2026;16:00;167,37;3,71;3,15
08.05.2026;17:00;249,99;5,54;4,71
08.05.2026;18:00;455,99;10,10;8,59
08.05.2026;19:00;2.300,00;50,95;43,32
08.05.2026;20:00;2.999,00;66,43;56,48
08.05.2026;21:00;2.570,01;56,93;48,40
08.05.2026;22:00;799,99;17,72;15,07
08.05.2026;23:00;350,30;7,76;6,60
09.05.2026;00:00;813,64;18,02;15,31
09.05.2026;01:00;499,99;11,07;9,41
09.05.2026;02:00;399,00;8,84;7,51
09.05.2026;03:00;310,01;6,87;5,83
09.05.2026;04:00;305,01;6,75;5,74
09.05.2026;05:00;323,00;7,15;6,08
09.05.2026;06:00;200,00;4,43;3,76
09.05.2026;07:00;138,01;3,06;2,60
09.05.2026;08:00;0,00;0,00;0,00
09.05.2026;09:00;0,00;0,00;0,00
09.05.2026;10:00;0,00;0,00;0,00
09.05.2026;11:00;0,00;0,00;0,00
09.05.2026;12:00;0,00;0,00;0,00
09.05.2026;13:00;0,00;0,00;0,00
09.05.2026;14:00;0,00;0,00;0,00
09.05.2026;15:00;0,00;0,00;0,00
09.05.2026;16:00;6,00;0,13;0,11
09.05.2026;17:00;205,01;4,54;3,86
09.05.2026;18:00;500,01;11,07;9,41
09.05.2026;19:00;1.999,00;44,27;37,62
09.05.2026;20:00;4.100,00;90,80;77,17
09.05.2026;21:00;3.700,00;81,94;69,64
09.05.2026;22:00;1.200,00;26,57;22,59
09.05.2026;23:00;500,01;11,07;9,41
10.05.2026;00:00;349,99;7,74;6,59
10.05.2026;01:00;695,01;15,38;13,08
10.05.2026;02:00;700,01;15,49;13,17
10.05.2026;03:00;699,98;15,49;13,17
10.05.2026;04:00;670,00;14,83;12,61
10.05.2026;05:00;690,00;15,27;12,99
10.05.2026;06:00;217,63;4,82;4,10
10.05.2026;07:00;0,00;0,00;0,00
10.05.2026;08:00;0,00;0,00;0,00
10.05.2026;09:00;0,00;0,00;0,00
10.05.2026;10:00;0,00;0,00;0,00
10.05.2026;11:00;0,00;0,00;0,00
10.05.2026;12:00;0,00;0,00;0,00
10.05.2026;13:00;0,00;0,00;0,00
10.05.2026;14:00;0,00;0,00;0,00
10.05.2026;15:00;0,00;0,00;0,00
10.05.2026;16:00;0,00;0,00;0,00
10.05.2026;17:00;0,00;0,00;0,00
10.05.2026;18:00;200,00;4,43;3,76
10.05.2026;19:00;650,01;14,38;12,23
10.05.2026;20:00;2.799,01;61,94;52,68
10.05.2026;21:00;3.249,99;71,92;61,16
10.05.2026;22:00;813,63;18,00;15,31
10.05.2026;23:00;350,01;7,75;6,59
11.05.2026;00:00;250,01;5,53;4,71
11.05.2026;01:00;223,00;4,93;4,20
11.05.2026;02:00;240,01;5,31;4,52
11.05.2026;03:00;299,99;6,64;5,65
11.05.2026;04:00;300,00;6,64;5,65
11.05.2026;05:00;303,63;6,72;5,71
11.05.2026;06:00;250,00;5,53;4,70
11.05.2026;07:00;189,99;4,20;3,58
11.05.2026;08:00;170,00;3,76;3,20
11.05.2026;09:00;6,01;0,13;0,11
11.05.2026;10:00;0,00;0,00;0,00
11.05.2026;11:00;0,00;0,00;0,00
11.05.2026;12:00;0,00;0,00;0,00
11.05.2026;13:00;0,00;0,00;0,00
11.05.2026;14:00;0,00;0,00;0,00
11.05.2026;15:00;8,01;0,18;0,15
11.05.2026;16:00;177,01;3,92;3,33
11.05.2026;17:00;304,01;6,73;5,72
11.05.2026;18:00;1.200,01;26,55;22,58
11.05.2026;19:00;3.599,99;79,66;67,75
11.05.2026;20:00;4.300,01;95,15;80,92
11.05.2026;21:00;4.300,00;95,15;80,92
11.05.2026;22:00;2.567,01;56,80;48,31
11.05.2026;23:00;863,24;19,10;16,25
12.05.2026;00:00;1.189,00;26,31;22,38
12.05.2026;01:00;800,01;17,70;15,06
12.05.2026;02:00;581,01;12,86;10,93
12.05.2026;03:00;350,00;7,75;6,59
12.05.2026;04:00;334,99;7,41;6,30
12.05.2026;05:00;349,01;7,72;6,57
12.05.2026;06:00;253,93;5,62;4,78
12.05.2026;07:00;171,01;3,78;3,22
12.05.2026;08:00;139,99;3,10;2,63
12.05.2026;09:00;0,00;0,00;0,00
12.05.2026;10:00;0,00;0,00;0,00
12.05.2026;11:00;0,00;0,00;0,00
12.05.2026;12:00;0,00;0,00;0,00
12.05.2026;13:00;0,00;0,00;0,00
12.05.2026;14:00;0,00;0,00;0,00
12.05.2026;15:00;0,00;0,00;0,00
12.05.2026;16:00;139,99;3,10;2,63
12.05.2026;17:00;200,00;4,43;3,76
12.05.2026;18:00;303,99;6,73;5,72
12.05.2026;19:00;800,01;17,70;15,06
12.05.2026;20:00;3.600,00;79,66;67,75
12.05.2026;21:00;2.570,00;56,87;48,37
12.05.2026;22:00;600,00;13,28;11,29
12.05.2026;23:00;310,00;6,86;5,83
13.05.2026;00:00;200,00;4,42;3,75
13.05.2026;01:00;190,00;4,19;3,56
13.05.2026;02:00;199,00;4,39;3,73
13.05.2026;03:00;190,00;4,19;3,56
13.05.2026;04:00;190,00;4,19;3,56
13.05.2026;05:00;199,01;4,39;3,73
13.05.2026;06:00;171,00;3,78;3,21
13.05.2026;07:00;150,00;3,31;2,81
13.05.2026;08:00;50,00;1,10;0,94
13.05.2026;09:00;0,00;0,00;0,00
13.05.2026;10:00;0,00;0,00;0,00
13.05.2026;11:00;0,00;0,00;0,00
13.05.2026;12:00;0,00;0,00;0,00
13.05.2026;13:00;0,00;0,00;0,00
13.05.2026;14:00;0,00;0,00;0,00
13.05.2026;15:00;0,00;0,00;0,00
13.05.2026;16:00;170,99;3,78;3,21
13.05.2026;17:00;303,99;6,71;5,70
13.05.2026;18:00;730,00;16,12;13,69
13.05.2026;19:00;4.100,00;90,52;76,91
13.05.2026;20:00;4.490,01;99,13;84,23
13.05.2026;21:00;4.300,01;94,93;80,66
13.05.2026;22:00;2.199,99;48,57;41,27
13.05.2026;23:00;1.200,00;26,49;22,51
14.05.2026;00:00;304,00;6,71;5,71
14.05.2026;01:00;256,00;5,65;4,81
14.05.2026;02:00;256,00;5,65;4,81
14.05.2026;03:00;240,88;5,32;4,53
14.05.2026;04:00;228,99;5,05;4,30
14.05.2026;05:00;250,01;5,52;4,70
14.05.2026;06:00;190,01;4,19;3,57
14.05.2026;07:00;171,00;3,77;3,21
14.05.2026;08:00;171,00;3,77;3,21
14.05.2026;09:00;6,00;0,13;0,11
14.05.2026;10:00;0,00;0,00;0,00
14.05.2026;11:00;0,00;0,00;0,00
14.05.2026;12:00;0,00;0,00;0,00
14.05.2026;13:00;0,00;0,00;0,00
14.05.2026;14:00;10,01;0,22;0,19
14.05.2026;15:00;170,01;3,75;3,19
14.05.2026;16:00;220,00;4,86;4,13
14.05.2026;17:00;695,00;15,34;13,06
14.05.2026;18:00;1.499,99;33,10;28,18
14.05.2026;19:00;3.325,00;73,38;62,47
14.05.2026;20:00;4.300,01;94,90;80,79
14.05.2026;21:00;4.300,01;94,90;80,79
14.05.2026;22:00;3.699,00;81,63;69,50
14.05.2026;23:00;2.567,00;56,65;48,23
15.05.2026;00:00;899,99;19,85;16,95
15.05.2026;01:00;349,99;7,72;6,59
15.05.2026;02:00;500,00;11,03;9,42
15.05.2026;03:00;500,00;11,03;9,42
15.05.2026;04:00;499,00;11,01;9,40
15.05.2026;05:00;513,63;11,33;9,68
15.05.2026;06:00;305,00;6,73;5,75
15.05.2026;07:00;310,01;6,84;5,84
15.05.2026;08:00;329,99;7,28;6,22
15.05.2026;09:00;250,00;5,52;4,71
15.05.2026;10:00;175,00;3,86;3,30
15.05.2026;11:00;169,99;3,75;3,20
15.05.2026;12:00;0,00;0,00;0,00
15.05.2026;13:00;0,00;0,00;0,00
15.05.2026;14:00;99,00;2,18;1,86
15.05.2026;15:00;171,00;3,77;3,22
15.05.2026;16:00;249,99;5,51;4,71
15.05.2026;17:00;909,99;20,07;17,14
15.05.2026;18:00;1.200,01;26,47;22,61
15.05.2026;19:00;3.948,77;87,11;74,39
15.05.2026;20:00;4.500,00;99,27;84,77
15.05.2026;21:00;4.379,99;96,62;82,51
15.05.2026;22:00;4.140,00;91,33;77,99
15.05.2026;23:00;1.850,00;40,81;34,85
16.05.2026;00:00;999,99;22,05;18,83
16.05.2026;01:00;899,00;19,82;16,93
16.05.2026;02:00;593,01;13,08;11,17
16.05.2026;03:00;500,00;11,03;9,42
16.05.2026;04:00;350,00;7,72;6,59
16.05.2026;05:00;327,93;7,23;6,18
16.05.2026;06:00;199,99;4,41;3,77
16.05.2026;07:00;100,00;2,21;1,88
16.05.2026;08:00;0,00;0,00;0,00
16.05.2026;09:00;0,00;0,00;0,00
16.05.2026;10:00;0,00;0,00;0,00
16.05.2026;11:00;0,00;0,00;0,00
16.05.2026;12:00;0,00;0,00;0,00
16.05.2026;13:00;0,00;0,00;0,00
16.05.2026;14:00;0,00;0,00;0,00
16.05.2026;15:00;0,00;0,00;0,00
16.05.2026;16:00;0,00;0,00;0,00
16.05.2026;17:00;180,00;3,97;3,39
16.05.2026;18:00;303,00;6,68;5,71
16.05.2026;19:00;1.500,00;33,08;28,25
16.05.2026;20:00;3.219,99;71,01;60,64
16.05.2026;21:00;1.725,00;38,04;32,49
16.05.2026;22:00;376,00;8,29;7,08
16.05.2026;23:00;295,99;6,53;5,57
17.05.2026;00:00;175,00;3,86;3,31
17.05.2026;01:00;174,99;3,86;3,31
17.05.2026;02:00;171,00;3,77;3,24
17.05.2026;03:00;169,91;3,74;3,22
17.05.2026;04:00;170,00;3,75;3,22
17.05.2026;05:00;170,00;3,75;3,22
17.05.2026;06:00;0,10;0,00;0,00
17.05.2026;07:00;0,00;0,00;0,00
17.05.2026;08:00;0,00;0,00;0,00
17.05.2026;09:00;0,00;0,00;0,00
17.05.2026;10:00;0,00;0,00;0,00
17.05.2026;11:00;0,00;0,00;0,00
17.05.2026;12:00;0,00;0,00;0,00
17.05.2026;13:00;0,00;0,00;0,00
17.05.2026;14:00;0,00;0,00;0,00
17.05.2026;15:00;0,00;0,00;0,00
17.05.2026;16:00;0,00;0,00;0,00
17.05.2026;17:00;0,00;0,00;0,00
17.05.2026;18:00;170,00;3,75;3,22
17.05.2026;19:00;305,00;6,72;5,78
17.05.2026;20:00;1.500,00;33,05;28,40
17.05.2026;21:00;2.200,00;48,47;41,66
17.05.2026;22:00;500,00;11,02;9,47
17.05.2026;23:00;305,00;6,72;5,78
18.05.2026;00:00;300,01;6,61;5,68
18.05.2026;01:00;205,01;4,52;3,88
18.05.2026;02:00;199,01;4,38;3,77
18.05.2026;03:00;199,99;4,41;3,79
18.05.2026;04:00;194,50;4,29;3,68
18.05.2026;05:00;198,86;4,38;3,77
18.05.2026;06:00;170,00;3,75;3,22
18.05.2026;07:00;169,91;3,74;3,22
18.05.2026;08:00;171,00;3,77;3,24
18.05.2026;09:00;150,00;3,30;2,84
18.05.2026;10:00;8,01;0,18;0,15
18.05.2026;11:00;99,00;2,18;1,87
18.05.2026;12:00;0,00;0,00;0,00
18.05.2026;13:00;1,99;0,04;0,04
18.05.2026;14:00;169,91;3,74;3,22
18.05.2026;15:00;170,99;3,77;3,24
18.05.2026;16:00;249,99;5,51;4,73
18.05.2026;17:00;799,01;17,60;15,13
18.05.2026;18:00;2.700,00;59,49;51,13
18.05.2026;19:00;4.300,00;94,74;81,42
18.05.2026;20:00;4.300,01;94,74;81,42
18.05.2026;21:00;4.300,00;94,74;81,42
18.05.2026;22:00;2.954,44;65,09;55,94
18.05.2026;23:00;2.100,00;46,27;39,76
19.05.2026;00:00;325,00;7,16;6,15
19.05.2026;01:00;300,01;6,61;5,68
19.05.2026;02:00;252,01;5,55;4,77
19.05.2026;03:00;299,99;6,61;5,68
19.05.2026;04:00;240,01;5,29;4,54
19.05.2026;05:00;200,01;4,41;3,79
19.05.2026;06:00;169,91;3,74;3,22
19.05.2026;07:00;0,00;0,00;0,00
19.05.2026;08:00;0,00;0,00;0,00
19.05.2026;09:00;0,00;0,00;0,00
19.05.2026;10:00;0,00;0,00;0,00
19.05.2026;11:00;0,00;0,00;0,00
19.05.2026;12:00;0,00;0,00;0,00
19.05.2026;13:00;0,00;0,00;0,00
19.05.2026;14:00;0,00;0,00;0,00
19.05.2026;15:00;0,00;0,00;0,00
19.05.2026;16:00;0,00;0,00;0,00
19.05.2026;17:00;171,01;3,77;3,24
19.05.2026;18:00;310,01;6,83;5,87
19.05.2026;19:00;2.100,00;46,27;39,76
19.05.2026;20:00;4.000,01;88,13;75,74
19.05.2026;21:00;3.599,99;79,32;68,17
19.05.2026;22:00;1.725,01;38,01;32,66
19.05.2026;23:00;500,01;11,02;9,47
20.05.2026;00:00;328,01;7,22;6,20
20.05.2026;01:00;250,00;5,50;4,73
20.05.2026;02:00;210,28;4,63;3,98
20.05.2026;03:00;210,73;4,64;3,98
20.05.2026;04:00;299,99;6,60;5,67
20.05.2026;05:00;250,01;5,50;4,73
20.05.2026;06:00;199,01;4,38;3,76
20.05.2026;07:00;200,00;4,40;3,78
20.05.2026;08:00;249,99;5,50;4,73
20.05.2026;09:00;200,00;4,40;3,78
20.05.2026;10:00;177,00;3,89;3,35
20.05.2026;11:00;174,99;3,85;3,31
20.05.2026;12:00;128,01;2,82;2,42
20.05.2026;13:00;169,90;3,74;3,21
20.05.2026;14:00;171,01;3,76;3,23
20.05.2026;15:00;199,00;4,38;3,76
20.05.2026;16:00;300,00;6,60;5,67
20.05.2026;17:00;500,01;11,00;9,46
20.05.2026;18:00;745,00;16,39;14,09
20.05.2026;19:00;3.190,00;70,19;60,32
20.05.2026;20:00;4.245,00;93,40;80,27
20.05.2026;21:00;4.142,01;91,14;78,33
20.05.2026;22:00;1.749,99;38,51;33,09
20.05.2026;23:00;500,01;11,00;9,46
21.05.2026;00:00;324,99;7,15;6,15
21.05.2026;01:00;290,01;6,38;5,48
21.05.2026;02:00;250,00;5,50;4,73
21.05.2026;03:00;229,00;5,04;4,33
21.05.2026;04:00;300,01;6,60;5,67
21.05.2026;05:00;259,95;5,72;4,92
21.05.2026;06:00;200,00;4,40;3,78
21.05.2026;07:00;300,00;6,60;5,67
21.05.2026;08:00;399,99;8,80;7,56
21.05.2026;09:00;305,00;6,71;5,77
21.05.2026;10:00;230,00;5,06;4,35
21.05.2026;11:00;207,01;4,55;3,91
21.05.2026;12:00;170,01;3,74;3,21
21.05.2026;13:00;174,99;3,85;3,31
21.05.2026;14:00;220,00;4,84;4,16
21.05.2026;15:00;300,00;6,60;5,67
21.05.2026;16:00;500,01;11,00;9,46
21.05.2026;17:00;2.900,00;63,81;54,84
21.05.2026;18:00;3.900,00;85,81;73,75
21.05.2026;19:00;4.000,01;88,01;75,64
21.05.2026;20:00;4.300,01;94,61;81,31
21.05.2026;21:00;4.233,00;93,14;80,05
21.05.2026;22:00;3.600,00;79,21;68,08
21.05.2026;23:00;2.700,00;59,41;51,06
22.05.2026;00:00;1.650,00;36,26;31,27
22.05.2026;01:00;500,00;10,99;9,48
22.05.2026;02:00;399,99;8,79;7,58
22.05.2026;03:00;349,99;7,69;6,63
22.05.2026;04:00;331,51;7,28;6,28
22.05.2026;05:00;300,01;6,59;5,69
22.05.2026;06:00;190,00;4,17;3,60
22.05.2026;07:00;189,99;4,17;3,60
22.05.2026;08:00;196,01;4,31;3,71
22.05.2026;09:00;189,99;4,17;3,60
22.05.2026;10:00;169,91;3,73;3,22
22.05.2026;11:00;170,00;3,74;3,22
22.05.2026;12:00;20,00;0,44;0,38
22.05.2026;13:00;60,01;1,32;1,14
22.05.2026;14:00;199,99;4,39;3,79
22.05.2026;15:00;228,99;5,03;4,34
22.05.2026;16:00;376,63;8,28;7,14
22.05.2026;17:00;2.567,00;56,41;48,65
22.05.2026;18:00;2.567,00;56,41;48,65
22.05.2026;19:00;4.000,01;87,89;75,80
22.05.2026;20:00;4.300,01;94,49;81,49
22.05.2026;21:00;4.200,00;92,29;79,59
22.05.2026;22:00;3.249,99;71,41;61,59
22.05.2026;23:00;1.727,10;37,95;32,73
23.05.2026;00:00;1.485,00;32,62;28,08
23.05.2026;01:00;315,00;6,92;5,96
23.05.2026;02:00;315,01;6,92;5,96
23.05.2026;03:00;303,99;6,68;5,75
23.05.2026;04:00;302,99;6,66;5,73
23.05.2026;05:00;240,01;5,27;4,54
23.05.2026;06:00;171,00;3,76;3,23
23.05.2026;07:00;100,00;2,20;1,89
23.05.2026;08:00;40,00;0,88;0,76
23.05.2026;09:00;0,00;0,00;0,00
23.05.2026;10:00;0,00;0,00;0,00
23.05.2026;11:00;0,00;0,00;0,00
23.05.2026;12:00;0,00;0,00;0,00
23.05.2026;13:00;0,00;0,00;0,00
23.05.2026;14:00;0,00;0,00;0,00
23.05.2026;15:00;19,99;0,44;0,38
23.05.2026;16:00;170,99;3,76;3,23
23.05.2026;17:00;229,99;5,05;4,35
23.05.2026;18:00;303,01;6,66;5,73
23.05.2026;19:00;1.499,99;32,95;28,37
23.05.2026;20:00;4.127,00;90,65;78,05
23.05.2026;21:00;3.023,61;66,41;57,18
23.05.2026;22:00;520,00;11,42;9,83
23.05.2026;23:00;300,01;6,59;5,67
24.05.2026;00:00;310,01;6,81;5,86
24.05.2026;01:00;300,00;6,59;5,68
24.05.2026;02:00;300,00;6,59;5,68
24.05.2026;03:00;300,00;6,59;5,68
24.05.2026;04:00;252,01;5,53;4,77
24.05.2026;05:00;252,01;5,53;4,77
24.05.2026;06:00;174,99;3,84;3,31
24.05.2026;07:00;38,01;0,83;0,72
24.05.2026;08:00;0,00;0,00;0,00
24.05.2026;09:00;0,00;0,00;0,00
24.05.2026;10:00;0,00;0,00;0,00
24.05.2026;11:00;0,00;0,00;0,00
24.05.2026;12:00;0,00;0,00;0,00
24.05.2026;13:00;0,00;0,00;0,00
24.05.2026;14:00;0,00;0,00;0,00
24.05.2026;15:00;0,00;0,00;0,00
24.05.2026;16:00;0,00;0,00;0,00
24.05.2026;17:00;0,00;0,00;0,00
24.05.2026;18:00;169,90;3,73;3,21
24.05.2026;19:00;210,00;4,61;3,97
24.05.2026;20:00;1.199,00;26,32;22,68
24.05.2026;21:00;800,01;17,56;15,13
24.05.2026;22:00;240,07;5,27;4,54
24.05.2026;23:00;175,00;3,84;3,31
25.05.2026;00:00;174,99;3,84;3,31
25.05.2026;01:00;174,99;3,84;3,31
25.05.2026;02:00;174,99;3,84;3,31
25.05.2026;03:00;171,01;3,75;3,24
25.05.2026;04:00;171,01;3,75;3,24
25.05.2026;05:00;171,00;3,75;3,23
25.05.2026;06:00;100,00;2,20;1,89
25.05.2026;07:00;0,00;0,00;0,00
25.05.2026;08:00;0,00;0,00;0,00
25.05.2026;09:00;0,00;0,00;0,00
25.05.2026;10:00;0,00;0,00;0,00
25.05.2026;11:00;0,00;0,00;0,00
25.05.2026;12:00;0,00;0,00;0,00
25.05.2026;13:00;0,00;0,00;0,00
25.05.2026;14:00;0,00;0,00;0,00
25.05.2026;15:00;0,00;0,00;0,00
25.05.2026;16:00;38,01;0,83;0,72
25.05.2026;17:00;174,99;3,84;3,31
25.05.2026;18:00;196,00;4,30;3,71
25.05.2026;19:00;336,63;7,39;6,37
25.05.2026;20:00;1.508,70;33,12;28,54
25.05.2026;21:00;899,99;19,76;17,03
25.05.2026;22:00;320,01;7,02;6,05
25.05.2026;23:00;207,00;4,54;3,92
26.05.2026;00:00;199,99;4,39;3,78
26.05.2026;01:00;175,00;3,84;3,31
26.05.2026;02:00;171,01;3,75;3,24
26.05.2026;03:00;174,99;3,84;3,31
26.05.2026;04:00;171,01;3,75;3,24
26.05.2026;05:00;171,00;3,75;3,23
26.05.2026;06:00;0,00;0,00;0,00
26.05.2026;07:00;0,00;0,00;0,00
26.05.2026;08:00;0,00;0,00;0,00
26.05.2026;09:00;0,00;0,00;0,00
26.05.2026;10:00;0,00;0,00;0,00
26.05.2026;11:00;0,00;0,00;0,00
26.05.2026;12:00;0,00;0,00;0,00
26.05.2026;13:00;0,00;0,00;0,00
26.05.2026;14:00;0,00;0,00;0,00
26.05.2026;15:00;0,00;0,00;0,00
26.05.2026;16:00;0,00;0,00;0,00
26.05.2026;17:00;0,00;0,00;0,00
26.05.2026;18:00;19,99;0,44;0,38
26.05.2026;19:00;190,01;4,17;3,59
26.05.2026;20:00;328,01;7,20;6,21
26.05.2026;21:00;315,01;6,92;5,96
26.05.2026;22:00;296,00;6,50;5,60
26.05.2026;23:00;175,00;3,84;3,31
27.05.2026;00:00;166,99;3,66;3,14
27.05.2026;01:00;20,00;0,44;0,38
27.05.2026;02:00;20,00;0,44;0,38
27.05.2026;03:00;128,00;2,81;2,41
27.05.2026;04:00;20,00;0,44;0,38
27.05.2026;05:00;0,00;0,00;0,00
27.05.2026;06:00;0,00;0,00;0,00
27.05.2026;07:00;0,00;0,00;0,00
27.05.2026;08:00;0,00;0,00;0,00
27.05.2026;09:00;0,00;0,00;0,00
27.05.2026;10:00;0,00;0,00;0,00
27.05.2026;11:00;0,00;0,00;0,00
27.05.2026;12:00;0,00;0,00;0,00
27.05.2026;13:00;0,00;0,00;0,00
27.05.2026;14:00;0,00;0,00;0,00
27.05.2026;15:00;0,00;0,00;0,00
27.05.2026;16:00;0,00;0,00;0,00
27.05.2026;17:00;0,00;0,00;0,00
27.05.2026;18:00;0,00;0,00;0,00
27.05.2026;19:00;195,01;4,27;3,67
27.05.2026;20:00;303,99;6,66;5,72
27.05.2026;21:00;315,01;6,90;5,93
27.05.2026;22:00;300,00;6,57;5,65
27.05.2026;23:00;200,01;4,38;3,77
28.05.2026;00:00;488,01;10,69;9,19
28.05.2026;01:00;365,09;8,00;6,87
28.05.2026;02:00;350,00;7,67;6,59
28.05.2026;03:00;315,01;6,90;5,93
28.05.2026;04:00;302,99;6,64;5,70
28.05.2026;05:00;300,00;6,57;5,65
28.05.2026;06:00;80,00;1,75;1,51
28.05.2026;07:00;0,00;0,00;0,00
28.05.2026;08:00;0,00;0,00;0,00
28.05.2026;09:00;0,00;0,00;0,00
28.05.2026;10:00;0,00;0,00;0,00
28.05.2026;11:00;0,00;0,00;0,00
28.05.2026;12:00;0,00;0,00;0,00
28.05.2026;13:00;0,00;0,00;0,00
28.05.2026;14:00;0,00;0,00;0,00
28.05.2026;15:00;0,00;0,00;0,00
28.05.2026;16:00;0,00;0,00;0,00
28.05.2026;17:00;0,00;0,00;0,00
28.05.2026;18:00;166,99;3,66;3,14
28.05.2026;19:00;219,99;4,82;4,14
28.05.2026;20:00;322,46;7,07;6,07
28.05.2026;21:00;310,01;6,79;5,84
28.05.2026;22:00;250,00;5,48;4,71
28.05.2026;23:00;199,01;4,36;3,75
29.05.2026;00:00;196,01;4,30;3,69
29.05.2026;01:00;174,99;3,83;3,29
29.05.2026;02:00;171,01;3,75;3,22
29.05.2026;03:00;170,01;3,73;3,20
29.05.2026;04:00;169,82;3,72;3,20
29.05.2026;05:00;80,00;1,75;1,51
29.05.2026;06:00;0,00;0,00;0,00
29.05.2026;07:00;0,00;0,00;0,00
29.05.2026;08:00;0,00;0,00;0,00
29.05.2026;09:00;0,00;0,00;0,00
29.05.2026;10:00;0,00;0,00;0,00
29.05.2026;11:00;0,00;0,00;0,00
29.05.2026;12:00;0,00;0,00;0,00
29.05.2026;13:00;0,00;0,00;0,00
29.05.2026;14:00;0,00;0,00;0,00
29.05.2026;15:00;0,00;0,00;0,00
29.05.2026;16:00;0,00;0,00;0,00
29.05.2026;17:00;0,00;0,00;0,00
29.05.2026;18:00;0,00;0,00;0,00
29.05.2026;19:00;170,00;3,73;3,20
29.05.2026;20:00;189,99;4,16;3,58
29.05.2026;21:00;199,00;4,36;3,75
29.05.2026;22:00;190,00;4,16;3,58
29.05.2026;23:00;171,01;3,75;3,22
30.05.2026;00:00;171,00;3,75;3,22
30.05.2026;01:00;165,00;3,62;3,11
30.05.2026;02:00;167,00;3,66;3,14
30.05.2026;03:00;120,01;2,63;2,26
30.05.2026;04:00;149,99;3,29;2,82
30.05.2026;05:00;99,99;2,19;1,88
30.05.2026;06:00;0,00;0,00;0,00
30.05.2026;07:00;0,00;0,00;0,00
30.05.2026;08:00;0,00;0,00;0,00
30.05.2026;09:00;0,00;0,00;0,00
30.05.2026;10:00;0,00;0,00;0,00
30.05.2026;11:00;0,00;0,00;0,00
30.05.2026;12:00;0,00;0,00;0,00
30.05.2026;13:00;0,00;0,00;0,00
30.05.2026;14:00;0,00;0,00;0,00
30.05.2026;15:00;0,00;0,00;0,00
30.05.2026;16:00;0,00;0,00;0,00
30.05.2026;17:00;0,00;0,00;0,00
30.05.2026;18:00;19,00;0,42;0,36
30.05.2026;19:00;300,00;6,57;5,65
30.05.2026;20:00;599,99;13,15;11,29
30.05.2026;21:00;800,00;17,53;15,06
30.05.2026;22:00;500,83;10,98;9,43
30.05.2026;23:00;328,01;7,19;6,17
31.05.2026;00:00;349,99;7,67;6,59
31.05.2026;01:00;328,01;7,19;6,17
31.05.2026;02:00;315,01;6,90;5,93
31.05.2026;03:00;300,00;6,57;5,65
31.05.2026;04:00;250,01;5,48;4,71
31.05.2026;05:00;230,01;5,04;4,33
31.05.2026;06:00;30,01;0,66;0,56
31.05.2026;07:00;0,00;0,00;0,00
31.05.2026;08:00;0,00;0,00;0,00
31.05.2026;09:00;0,00;0,00;0,00
31.05.2026;10:00;0,00;0,00;0,00
31.05.2026;11:00;0,00;0,00;0,00
31.05.2026;12:00;0,00;0,00;0,00
31.05.2026;13:00;0,00;0,00;0,00
31.05.2026;14:00;0,00;0,00;0,00
31.05.2026;15:00;0,00;0,00;0,00
31.05.2026;16:00;0,00;0,00;0,00
31.05.2026;17:00;18,99;0,42;0,36
31.05.2026;18:00;249,99;5,48;4,71
31.05.2026;19:00;1.274,99;27,94;24,00
31.05.2026;20:00;4.300,00;94,23;80,95
31.05.2026;21:00;4.300,01;94,23;80,95
31.05.2026;22:00;4.300,00;94,23;80,95
31.05.2026;23:00;1.849,99;40,54;34,83
01.06.2026;00:00;456,00;9,99;8,58
01.06.2026;01:00;350,00;7,67;6,59
01.06.2026;02:00;322,99;7,08;6,08
01.06.2026;03:00;340,00;7,45;6,40
01.06.2026;04:00;349,68;7,66;6,58
01.06.2026;05:00;327,00;7,17;6,16
01.06.2026;06:00;200,00;4,38;3,76
01.06.2026;07:00;169,90;3,72;3,20
01.06.2026;08:00;169,01;3,70;3,18
01.06.2026;09:00;45,00;0,99;0,85
01.06.2026;10:00;0,00;0,00;0,00
01.06.2026;11:00;55,00;1,21;1,04
01.06.2026;12:00;0,00;0,00;0,00
01.06.2026;13:00;60,00;1,31;1,13
01.06.2026;14:00;171,01;3,75;3,22
01.06.2026;15:00;199,99;4,38;3,76
01.06.2026;16:00;343,00;7,52;6,46
01.06.2026;17:00;1.500,00;32,87;28,24
01.06.2026;18:00;4.300,00;94,23;80,95
01.06.2026;19:00;4.400,01;96,43;82,83
01.06.2026;20:00;4.500,00;98,62;84,71
01.06.2026;21:00;4.300,01;94,23;80,95
01.06.2026;22:00;4.099,99;89,85;77,18
01.06.2026;23:00;4.500,00;98,62;84,71
02.06.2026;00:00;2.699,99;59,17;50,83
02.06.2026;01:00;1.800,00;39,45;33,88
02.06.2026;02:00;2.165,61;47,46;40,77
02.06.2026;03:00;3.199,99;70,13;60,24
02.06.2026;04:00;3.590,01;78,67;67,58
02.06.2026;05:00;2.234,99;48,98;42,07
02.06.2026;06:00;399,99;8,77;7,53
02.06.2026;07:00;200,01;4,38;3,77
02.06.2026;08:00;171,01;3,75;3,22
02.06.2026;09:00;169,91;3,72;3,20
02.06.2026;10:00;95,01;2,08;1,79
02.06.2026;11:00;100,06;2,19;1,88
02.06.2026;12:00;0,00;0,00;0,00
02.06.2026;13:00;60,00;1,31;1,13
02.06.2026;14:00;171,00;3,75;3,22
02.06.2026;15:00;195,01;4,27;3,67
02.06.2026;16:00;315,00;6,90;5,93
02.06.2026;17:00;1.000,03;21,92;18,83
02.06.2026;18:00;2.124,99;46,57;40,00
02.06.2026;19:00;4.000,00;87,66;75,30
02.06.2026;20:00;4.449,01;97,50;83,75
02.06.2026;21:00;4.300,01;94,23;80,95
02.06.2026;22:00;4.100,01;89,85;77,18
02.06.2026;23:00;2.249,99;49,31;42,35
03.06.2026;00:00;2.224,10;48,53;41,65
03.06.2026;01:00;900,00;19,64;16,85
03.06.2026;02:00;327,01;7,14;6,12
03.06.2026;03:00;300,00;6,55;5,62
03.06.2026;04:00;299,99;6,55;5,62
03.06.2026;05:00;210,67;4,60;3,94
03.06.2026;06:00;171,00;3,73;3,20
03.06.2026;07:00;35,01;0,76;0,66
03.06.2026;08:00;170,00;3,71;3,18
03.06.2026;09:00;99,47;2,17;1,86
03.06.2026;10:00;19,01;0,41;0,36
03.06.2026;11:00;55,01;1,20;1,03
03.06.2026;12:00;0,00;0,00;0,00
03.06.2026;13:00;60,00;1,31;1,12
03.06.2026;14:00;169,90;3,71;3,18
03.06.2026;15:00;171,00;3,73;3,20
03.06.2026;16:00;250,00;5,46;4,68
03.06.2026;17:00;600,00;13,09;11,24
03.06.2026;18:00;1.200,01;26,19;22,47
03.06.2026;19:00;3.599,99;78,56;67,41
03.06.2026;20:00;4.245,01;92,64;79,49
03.06.2026;21:00;4.100,01;89,47;76,77
03.06.2026;22:00;3.023,61;65,98;56,62
03.06.2026;23:00;1.200,01;26,19;22,47
04.06.2026;00:00;1.490,00;32,50;27,91
04.06.2026;01:00;702,01;15,31;13,15
04.06.2026;02:00;699,99;15,27;13,11
04.06.2026;03:00;999,97;21,81;18,73
04.06.2026;04:00;999,97;21,81;18,73
04.06.2026;05:00;999,01;21,79;18,71
04.06.2026;06:00;300,00;6,54;5,62
04.06.2026;07:00;189,99;4,14;3,56
04.06.2026;08:00;200,01;4,36;3,75
04.06.2026;09:00;175,00;3,82;3,28
04.06.2026;10:00;171,00;3,73;3,20
04.06.2026;11:00;171,00;3,73;3,20
04.06.2026;12:00;19,99;0,44;0,37
04.06.2026;13:00;171,01;3,73;3,20
04.06.2026;14:00;180,01;3,93;3,37
04.06.2026;15:00;196,01;4,28;3,67
04.06.2026;16:00;261,01;5,69;4,89
04.06.2026;17:00;1.000,00;21,81;18,73
04.06.2026;18:00;2.249,99;49,08;42,14
04.06.2026;19:00;3.609,99;78,75;67,62
04.06.2026;20:00;4.294,77;93,69;80,44
04.06.2026;21:00;4.244,76;92,60;79,51
04.06.2026;22:00;3.599,99;78,53;67,43
04.06.2026;23:00;1.475,99;32,20;27,65
05.06.2026;00:00;3.200,00;69,76;60,06
05.06.2026;01:00;1.899,99;41,42;35,66
05.06.2026;02:00;994,82;21,69;18,67
05.06.2026;03:00;1.000,00;21,80;18,77
05.06.2026;04:00;1.900,00;41,42;35,66
05.06.2026;05:00;1.295,01;28,23;24,31
05.06.2026;06:00;899,99;19,62;16,89
05.06.2026;07:00;599,00;13,06;11,24
05.06.2026;08:00;745,01;16,24;13,98
05.06.2026;09:00;598,99;13,06;11,24
05.06.2026;10:00;300,01;6,54;5,63
05.06.2026;11:00;320,01;6,98;6,01
05.06.2026;12:00;200,01;4,36;3,75
05.06.2026;13:00;249,01;5,43;4,67
05.06.2026;14:00;598,99;13,06;11,24
05.06.2026;15:00;656,00;14,30;12,31
05.06.2026;16:00;1.400,01;30,52;26,28
05.06.2026;17:00;3.190,01;69,55;59,88
05.06.2026;18:00;2.765,43;60,29;51,91
05.06.2026;19:00;3.845,39;83,83;72,18
05.06.2026;20:00;4.222,06;92,04;79,25
05.06.2026;21:00;3.995,00;87,09;74,99
05.06.2026;22:00;2.799,00;61,02;52,54
05.06.2026;23:00;2.224,10;48,49;41,75
06.06.2026;00:00;4.052,58;88,32;76,00
06.06.2026;01:00;2.600,01;56,66;48,76
06.06.2026;02:00;799,75;17,43;15,00
06.06.2026;03:00;1.841,49;40,13;34,53
06.06.2026;04:00;2.224,10;48,47;41,71
06.06.2026;05:00;1.300,02;28,33;24,38
06.06.2026;06:00;312,40;6,81;5,86
06.06.2026;07:00;200,00;4,36;3,75
06.06.2026;08:00;199,29;4,34;3,74
06.06.2026;09:00;176,04;3,84;3,30
06.06.2026;10:00;171,00;3,73;3,21
06.06.2026;11:00;171,00;3,73;3,21
06.06.2026;12:00;97,01;2,11;1,82
06.06.2026;13:00;171,00;3,73;3,21
06.06.2026;14:00;172,99;3,77;3,24
06.06.2026;15:00;189,99;4,14;3,56
06.06.2026;16:00;205,00;4,47;3,84
06.06.2026;17:00;599,00;13,05;11,23
06.06.2026;18:00;999,98;21,79;18,75
06.06.2026;19:00;2.429,99;52,96;45,57
06.06.2026;20:00;3.845,40;83,80;72,11
06.06.2026;21:00;3.699,99;80,63;69,38
06.06.2026;22:00;1.799,99;39,23;33,75
06.06.2026;23:00;1.400,01;30,51;26,25
07.06.2026;00:00;999,98;21,78;18,72
07.06.2026;01:00;365,09;7,95;6,83
07.06.2026;02:00;300,00;6,53;5,62
07.06.2026;03:00;303,99;6,62;5,69
07.06.2026;04:00;329,99;7,19;6,18
07.06.2026;05:00;299,99;6,53;5,62
07.06.2026;06:00;172,99;3,77;3,24
07.06.2026;07:00;0,00;0,00;0,00
07.06.2026;08:00;0,00;0,00;0,00
07.06.2026;09:00;0,00;0,00;0,00
07.06.2026;10:00;0,00;0,00;0,00
07.06.2026;11:00;0,00;0,00;0,00
07.06.2026;12:00;0,00;0,00;0,00
07.06.2026;13:00;0,00;0,00;0,00
07.06.2026;14:00;0,00;0,00;0,00
07.06.2026;15:00;0,00;0,00;0,00
07.06.2026;16:00;0,00;0,00;0,00
07.06.2026;17:00;171,00;3,72;3,20
07.06.2026;18:00;207,01;4,51;3,88
07.06.2026;19:00;699,99;15,25;13,10
07.06.2026;20:00;2.700,00;58,81;50,55
07.06.2026;21:00;1.649,99;35,94;30,89
07.06.2026;22:00;800,00;17,43;14,98
07.06.2026;23:00;315,01;6,86;5,90
08.06.2026;00:00;600,00;13,07;11,23
08.06.2026;01:00;315,01;6,86;5,90
08.06.2026;02:00;299,99;6,53;5,62
08.06.2026;03:00;250,00;5,45;4,68
08.06.2026;04:00;250,00;5,45;4,68
08.06.2026;05:00;200,00;4,36;3,74
08.06.2026;06:00;171,00;3,72;3,20
08.06.2026;07:00;170,00;3,70;3,18
08.06.2026;08:00;198,85;4,33;3,72
08.06.2026;09:00;180,01;3,92;3,37
08.06.2026;10:00;171,01;3,73;3,20
08.06.2026;11:00;171,00;3,72;3,20
08.06.2026;12:00;120,01;2,61;2,25
08.06.2026;13:00;171,00;3,72;3,20
08.06.2026;14:00;196,01;4,27;3,67
08.06.2026;15:00;200,01;4,36;3,74
08.06.2026;16:00;303,99;6,62;5,69
08.06.2026;17:00;600,00;13,07;11,23
08.06.2026;18:00;999,97;21,78;18,72
08.06.2026;19:00;2.037,00;44,37;38,13
08.06.2026;20:00;3.845,39;83,76;71,99
08.06.2026;21:00;3.600,00;78,42;67,40
08.06.2026;22:00;1.799,99;39,21;33,70
08.06.2026;23:00;1.500,00;32,67;28,08
09.06.2026;00:00;2.249,99;49,01;42,12
09.06.2026;01:00;1.080,00;23,53;20,22
09.06.2026;02:00;999,97;21,78;18,72
09.06.2026;03:00;999,97;21,78;18,72
09.06.2026;04:00;999,16;21,76;18,71
09.06.2026;05:00;599,00;13,05;11,21
09.06.2026;06:00;252,00;5,49;4,72
09.06.2026;07:00;200,00;4,36;3,74
09.06.2026;08:00;299,99;6,53;5,62
09.06.2026;09:00;240,01;5,23;4,49
09.06.2026;10:00;199,99;4,36;3,74
09.06.2026;11:00;199,00;4,33;3,73
09.06.2026;12:00;171,01;3,73;3,20
09.06.2026;13:00;199,01;4,33;3,73
09.06.2026;14:00;249,99;5,45;4,68
09.06.2026;15:00;349,68;7,62;6,55
09.06.2026;16:00;799,99;17,43;14,98
09.06.2026;17:00;2.699,99;58,81;50,55
09.06.2026;18:00;2.570,00;55,98;48,11
09.06.2026;19:00;3.600,00;78,42;67,40
09.06.2026;20:00;4.176,00;90,96;78,18
09.06.2026;21:00;4.100,01;89,31;76,76
09.06.2026;22:00;3.595,00;78,31;67,30
09.06.2026;23:00;2.224,10;48,45;41,64
10.06.2026;00:00;3.500,00;76,06;66,03
10.06.2026;01:00;1.899,99;41,29;35,85
10.06.2026;02:00;999,99;21,73;18,87
10.06.2026;03:00;1.175,00;25,54;22,17
10.06.2026;04:00;1.699,99;36,94;32,07
10.06.2026;05:00;1.200,01;26,08;22,64
10.06.2026;06:00;599,00;13,02;11,30
10.06.2026;07:00;343,00;7,45;6,47
10.06.2026;08:00;999,98;21,73;18,87
10.06.2026;09:00;992,17;21,56;18,72
10.06.2026;10:00;402,00;8,74;7,58
10.06.2026;11:00;365,09;7,93;6,89
10.06.2026;12:00;240,01;5,22;4,53
10.06.2026;13:00;355,01;7,72;6,70
10.06.2026;14:00;1.200,01;26,08;22,64
10.06.2026;15:00;2.277,45;49,49;42,97
10.06.2026;16:00;2.538,00;55,16;47,88
10.06.2026;17:00;3.889,99;84,54;73,39
10.06.2026;18:00;3.600,00;78,24;67,92
10.06.2026;19:00;3.600,00;78,24;67,92
10.06.2026;20:00;4.100,01;89,10;77,35
10.06.2026;21:00;4.100,00;89,10;77,35
10.06.2026;22:00;3.249,99;70,63;61,32
10.06.2026;23:00;3.107,67;67,54;58,63
11.06.2026;00:00;2.499,99;54,31;47,00
11.06.2026;01:00;1.500,00;32,59;28,20
11.06.2026;02:00;1.000,01;21,72;18,80
11.06.2026;03:00;2.200,00;47,79;41,36
11.06.2026;04:00;2.200,00;47,79;41,36
11.06.2026;05:00;999,98;21,72;18,80
11.06.2026;06:00;598,99;13,01;11,26
11.06.2026;07:00;300,00;6,52;5,64
11.06.2026;08:00;800,00;17,38;15,04
11.06.2026;09:00;598,99;13,01;11,26
11.06.2026;10:00;310,99;6,76;5,85
11.06.2026;11:00;300,01;6,52;5,64
11.06.2026;12:00;200,00;4,34;3,76
11.06.2026;13:00;300,01;6,52;5,64
11.06.2026;14:00;599,00;13,01;11,26
11.06.2026;15:00;649,00;14,10;12,20
11.06.2026;16:00;1.500,00;32,59;28,20
11.06.2026;17:00;2.785,70;60,52;52,37
11.06.2026;18:00;3.050,00;66,26;57,34
11.06.2026;19:00;3.974,40;86,34;74,72
11.06.2026;20:00;4.100,01;89,07;77,08
11.06.2026;21:00;4.104,93;89,17;77,17
11.06.2026;22:00;3.500,00;76,03;65,80
11.06.2026;23:00;3.520,00;76,47;66,17
12.06.2026;00:00;2.499,99;54,29;47,00
12.06.2026;01:00;1.999,98;43,43;37,60
12.06.2026;02:00;1.899,99;41,26;35,72
12.06.2026;03:00;2.249,99;48,86;42,30
12.06.2026;04:00;2.224,09;48,30;41,82
12.06.2026;05:00;1.600,00;34,75;30,08
12.06.2026;06:00;1.200,01;26,06;22,56
12.06.2026;07:00;355,00;7,71;6,67
12.06.2026;08:00;999,98;21,72;18,80
12.06.2026;09:00;598,99;13,01;11,26
12.06.2026;10:00;303,00;6,58;5,70
12.06.2026;11:00;303,00;6,58;5,70
12.06.2026;12:00;199,00;4,32;3,74
12.06.2026;13:00;200,00;4,34;3,76
12.06.2026;14:00;599,00;13,01;11,26
12.06.2026;15:00;500,00;10,86;9,40
12.06.2026;16:00;999,99;21,72;18,80
12.06.2026;17:00;1.650,00;35,83;31,02
12.06.2026;18:00;1.000,00;21,72;18,80
12.06.2026;19:00;3.594,99;78,07;67,59
12.06.2026;20:00;3.974,40;86,31;74,72
12.06.2026;21:00;3.875,99;84,17;72,87
12.06.2026;22:00;1.949,98;42,35;36,66
12.06.2026;23:00;700,00;15,20;13,16
13.06.2026;00:00;1.949,98;42,33;36,69
13.06.2026;01:00;1.500,00;32,56;28,22
13.06.2026;02:00;999,98;21,71;18,81
13.06.2026;03:00;999,97;21,71;18,81
13.06.2026;04:00;800,00;17,37;15,05
13.06.2026;05:00;500,01;10,85;9,41
13.06.2026;06:00;249,00;5,41;4,68
13.06.2026;07:00;172,99;3,76;3,25
13.06.2026;08:00;175,00;3,80;3,29
13.06.2026;09:00;174,99;3,80;3,29
13.06.2026;10:00;172,00;3,73;3,24
13.06.2026;11:00;172,99;3,76;3,25
13.06.2026;12:00;170,99;3,71;3,22
13.06.2026;13:00;173,00;3,76;3,26
13.06.2026;14:00;200,00;4,34;3,76
13.06.2026;15:00;240,01;5,21;4,52
13.06.2026;16:00;252,01;5,47;4,74
13.06.2026;17:00;300,00;6,51;5,64
13.06.2026;18:00;310,01;6,73;5,83
13.06.2026;19:00;999,98;21,71;18,81
13.06.2026;20:00;2.000,01;43,42;37,63
13.06.2026;21:00;2.000,01;43,42;37,63
13.06.2026;22:00;1.300,01;28,22;24,46
13.06.2026;23:00;736,36;15,98;13,85
14.06.2026;00:00;999,97;21,70;18,75
14.06.2026;01:00;699,99;15,19;13,12
14.06.2026;02:00;500,01;10,85;9,37
14.06.2026;03:00;366,07;7,94;6,86
14.06.2026;04:00;320,00;6,94;6,00
14.06.2026;05:00;300,00;6,51;5,62
14.06.2026;06:00;175,00;3,80;3,28
14.06.2026;07:00;50,00;1,08;0,94
14.06.2026;08:00;0,00;0,00;0,00
14.06.2026;09:00;0,00;0,00;0,00
14.06.2026;10:00;0,00;0,00;0,00
14.06.2026;11:00;0,00;0,00;0,00
14.06.2026;12:00;0,00;0,00;0,00
14.06.2026;13:00;0,00;0,00;0,00
14.06.2026;14:00;0,00;0,00;0,00
14.06.2026;15:00;0,00;0,00;0,00
14.06.2026;16:00;170,00;3,69;3,19
14.06.2026;17:00;200,00;4,34;3,75
14.06.2026;18:00;331,51;7,19;6,21
14.06.2026;19:00;1.100,01;23,87;20,62
14.06.2026;20:00;2.500,00;54,25;46,87
14.06.2026;21:00;2.000,01;43,40;37,49
14.06.2026;22:00;1.899,99;41,23;35,62
14.06.2026;23:00;1.200,01;26,04;22,50
15.06.2026;00:00;700,00;15,19;13,12
15.06.2026;01:00;320,00;6,94;6,00
15.06.2026;02:00;302,99;6,57;5,68
15.06.2026;03:00;999,97;21,70;18,75
15.06.2026;04:00;999,98;21,70;18,75
15.06.2026;05:00;1.000,01;21,70;18,75
15.06.2026;06:00;355,01;7,70;6,66
15.06.2026;07:00;207,01;4,49;3,88
15.06.2026;08:00;399,00;8,66;7,48
15.06.2026;09:00;365,10;7,92;6,84
15.06.2026;10:00;300,01;6,51;5,62
15.06.2026;11:00;329,99;7,16;6,19
15.06.2026;12:00;207,01;4,49;3,88
15.06.2026;13:00;303,00;6,57;5,68
15.06.2026;14:00;500,01;10,85;9,37
15.06.2026;15:00;999,00;21,68;18,73
15.06.2026;16:00;999,98;21,70;18,75
15.06.2026;17:00;2.000,01;43,40;37,49
15.06.2026;18:00;2.511,94;54,51;47,09
15.06.2026;19:00;4.000,00;86,79;74,99
15.06.2026;20:00;4.200,00;91,13;78,74
15.06.2026;21:00;4.100,01;88,96;76,86
15.06.2026;22:00;3.795,00;82,35;71,14
15.06.2026;23:00;3.000,00;65,10;56,24
16.06.2026;00:00;2.961,04;64,25;55,51
16.06.2026;01:00;1.500,01;32,55;28,12
16.06.2026;02:00;999,97;21,70;18,75
16.06.2026;03:00;1.500,00;32,55;28,12
16.06.2026;04:00;1.900,00;41,23;35,62
16.06.2026;05:00;1.500,00;32,55;28,12
16.06.2026;06:00;800,00;17,36;15,00
16.06.2026;07:00;250,00;5,42;4,69
16.06.2026;08:00;325,01;7,05;6,09
16.06.2026;09:00;277,01;6,01;5,19
16.06.2026;10:00;200,00;4,34;3,75
16.06.2026;11:00;200,00;4,34;3,75
16.06.2026;12:00;170,00;3,69;3,19
16.06.2026;13:00;190,00;4,12;3,56
16.06.2026;14:00;200,00;4,34;3,75
16.06.2026;15:00;216,01;4,69;4,05
16.06.2026;16:00;325,00;7,05;6,09
16.06.2026;17:00;1.000,00;21,70;18,75
16.06.2026;18:00;1.999,98;43,40;37,49
16.06.2026;19:00;3.974,39;86,24;74,51
16.06.2026;20:00;4.100,01;88,96;76,86
16.06.2026;21:00;4.100,00;88,96;76,86
16.06.2026;22:00;3.390,00;73,56;63,55
16.06.2026;23:00;1.850,00;40,14;34,68
17.06.2026;00:00;2.099,99;45,46;39,17
17.06.2026;01:00;1.189,00;25,74;22,18
17.06.2026;02:00;875,99;18,96;16,34
17.06.2026;03:00;900,00;19,48;16,79
17.06.2026;04:00;799,99;17,32;14,92
17.06.2026;05:00;589,00;12,75;10,99
17.06.2026;06:00;304,00;6,58;5,67
17.06.2026;07:00;174,99;3,79;3,26
17.06.2026;08:00;298,99;6,47;5,58
17.06.2026;09:00;248,01;5,37;4,63
17.06.2026;10:00;199,00;4,31;3,71
17.06.2026;11:00;196,01;4,24;3,66
17.06.2026;12:00;169,99;3,68;3,17
17.06.2026;13:00;175,00;3,79;3,26
17.06.2026;14:00;211,00;4,57;3,94
17.06.2026;15:00;250,00;5,41;4,66
17.06.2026;16:00;303,01;6,56;5,65
17.06.2026;17:00;999,98;21,65;18,65
17.06.2026;18:00;1.197,41;25,92;22,33
17.06.2026;19:00;3.271,26;70,82;61,01
17.06.2026;20:00;3.974,40;86,04;74,13
17.06.2026;21:00;3.974,40;86,04;74,13
17.06.2026;22:00;2.500,01;54,12;46,63
17.06.2026;23:00;1.400,00;30,31;26,11
18.06.2026;00:00;2.600,01;56,26;48,50
18.06.2026;01:00;1.499,97;32,46;27,98
18.06.2026;02:00;999,97;21,64;18,65
18.06.2026;03:00;988,88;21,40;18,45
18.06.2026;04:00;513,63;11,11;9,58
18.06.2026;05:00;303,99;6,58;5,67
18.06.2026;06:00;250,01;5,41;4,66
18.06.2026;07:00;175,00;3,79;3,26
18.06.2026;08:00;249,99;5,41;4,66
18.06.2026;09:00;199,99;4,33;3,73
18.06.2026;10:00;174,99;3,79;3,26
18.06.2026;11:00;174,99;3,79;3,26
18.06.2026;12:00;170,00;3,68;3,17
18.06.2026;13:00;171,01;3,70;3,19
18.06.2026;14:00;200,00;4,33;3,73
18.06.2026;15:00;240,01;5,19;4,48
18.06.2026;16:00;300,01;6,49;5,60
18.06.2026;17:00;800,00;17,31;14,92
18.06.2026;18:00;999,98;21,64;18,65
18.06.2026;19:00;1.484,99;32,13;27,70
18.06.2026;20:00;2.060,20;44,58;38,43
18.06.2026;21:00;2.124,99;45,98;39,64
18.06.2026;22:00;1.066,63;23,08;19,90
18.06.2026;23:00;596,74;12,91;11,13
19.06.2026;00:00;899,99;19,47;16,78
19.06.2026;01:00;355,00;7,68;6,62
19.06.2026;02:00;303,99;6,58;5,67
19.06.2026;03:00;310,01;6,71;5,78
19.06.2026;04:00;300,01;6,49;5,59
19.06.2026;05:00;259,93;5,62;4,85
19.06.2026;06:00;190,00;4,11;3,54
19.06.2026;07:00;171,01;3,70;3,19
19.06.2026;08:00;228,99;4,95;4,27
19.06.2026;09:00;216,00;4,67;4,03
19.06.2026;10:00;190,00;4,11;3,54
19.06.2026;11:00;180,00;3,89;3,36
19.06.2026;12:00;170,01;3,68;3,17
19.06.2026;13:00;171,00;3,70;3,19
19.06.2026;14:00;248,00;5,36;4,62
19.06.2026;15:00;279,67;6,05;5,21
19.06.2026;16:00;304,00;6,58;5,67
19.06.2026;17:00;500,00;10,82;9,32
19.06.2026;18:00;1.010,00;21,85;18,83
19.06.2026;19:00;1.499,97;32,45;27,97
19.06.2026;20:00;2.488,89;53,84;46,40
19.06.2026;21:00;2.488,88;53,84;46,40
19.06.2026;22:00;1.400,00;30,28;26,10
19.06.2026;23:00;1.000,00;21,63;18,64
20.06.2026;00:00;1.772,24;38,32;33,37
20.06.2026;01:00;910,00;19,68;17,13
20.06.2026;02:00;355,01;7,68;6,68
20.06.2026;03:00;310,00;6,70;5,84
20.06.2026;04:00;331,51;7,17;6,24
20.06.2026;05:00;310,01;6,70;5,84
20.06.2026;06:00;240,01;5,19;4,52
20.06.2026;07:00;174,99;3,78;3,29
20.06.2026;08:00;174,99;3,78;3,29
20.06.2026;09:00;171,00;3,70;3,22
20.06.2026;10:00;170,00;3,68;3,20
20.06.2026;11:00;170,00;3,68;3,20
20.06.2026;12:00;101,06;2,19;1,90
20.06.2026;13:00;169,99;3,68;3,20
20.06.2026;14:00;171,00;3,70;3,22
20.06.2026;15:00;171,00;3,70;3,22
20.06.2026;16:00;171,01;3,70;3,22
20.06.2026;17:00;200,00;4,32;3,77
20.06.2026;18:00;507,00;10,96;9,55
20.06.2026;19:00;1.450,00;31,35;27,30
20.06.2026;20:00;1.999,01;43,23;37,64
20.06.2026;21:00;1.949,99;42,17;36,71
20.06.2026;22:00;1.080,01;23,35;20,33
20.06.2026;23:00;702,00;15,18;13,22
21.06.2026;00:00;999,99;21,61;18,86
21.06.2026;01:00;945,00;20,42;17,83
21.06.2026;02:00;700,00;15,13;13,21
21.06.2026;03:00;730,01;15,78;13,77
21.06.2026;04:00;355,68;7,69;6,71
21.06.2026;05:00;237,00;5,12;4,47
21.06.2026;06:00;171,01;3,70;3,23
21.06.2026;07:00;0,00;0,00;0,00
21.06.2026;08:00;0,00;0,00;0,00
21.06.2026;09:00;0,00;0,00;0,00
21.06.2026;10:00;0,00;0,00;0,00
21.06.2026;11:00;0,00;0,00;0,00
21.06.2026;12:00;0,00;0,00;0,00
21.06.2026;13:00;0,00;0,00;0,00
21.06.2026;14:00;0,00;0,00;0,00
21.06.2026;15:00;0,00;0,00;0,00
21.06.2026;16:00;0,00;0,00;0,00
21.06.2026;17:00;171,00;3,70;3,23
21.06.2026;18:00;304,00;6,57;5,73
21.06.2026;19:00;1.275,00;27,55;24,05
21.06.2026;20:00;1.391,49;30,07;26,25
21.06.2026;21:00;999,98;21,61;18,86
21.06.2026;22:00;488,89;10,57;9,22
21.06.2026;23:00;302,99;6,55;5,72
22.06.2026;00:00;800,01;17,29;15,09
22.06.2026;01:00;500,00;10,81;9,43
22.06.2026;02:00;349,99;7,56;6,60
22.06.2026;03:00;303,99;6,57;5,73
22.06.2026;04:00;300,01;6,48;5,66
22.06.2026;05:00;222,99;4,82;4,21
22.06.2026;06:00;180,00;3,89;3,40
22.06.2026;07:00;171,00;3,70;3,23
22.06.2026;08:00;200,00;4,32;3,77
22.06.2026;09:00;199,00;4,30;3,75
22.06.2026;10:00;175,00;3,78;3,30
22.06.2026;11:00;174,99;3,78;3,30
22.06.2026;12:00;169,99;3,67;3,21
22.06.2026;13:00;170,01;3,67;3,21
22.06.2026;14:00;180,01;3,89;3,40
22.06.2026;15:00;220,01;4,75;4,15
22.06.2026;16:00;448,00;9,68;8,45
22.06.2026;17:00;1.400,01;30,26;26,41
22.06.2026;18:00;1.500,00;32,42;28,30
22.06.2026;19:00;2.305,00;49,81;43,48
22.06.2026;20:00;3.974,39;85,89;74,97
22.06.2026;21:00;3.974,39;85,89;74,97
22.06.2026;22:00;1.996,00;43,14;37,65
22.06.2026;23:00;1.899,99;41,06;35,84
23.06.2026;00:00;1.600,00;34,58;30,18
23.06.2026;01:00;1.400,01;30,26;26,41
23.06.2026;02:00;1.250,00;27,01;23,58
23.06.2026;03:00;1.499,99;32,42;28,30
23.06.2026;04:00;1.799,99;38,90;33,96
23.06.2026;05:00;1.499,97;32,42;28,30
23.06.2026;06:00;700,00;15,13;13,21
23.06.2026;07:00;325,00;7,02;6,13
23.06.2026;08:00;1.000,01;21,61;18,86
23.06.2026;09:00;899,99;19,45;16,98
23.06.2026;10:00;310,00;6,70;5,85
23.06.2026;11:00;250,01;5,40;4,72
23.06.2026;12:00;190,00;4,11;3,58
23.06.2026;13:00;248,00;5,36;4,68
23.06.2026;14:00;365,10;7,89;6,89
23.06.2026;15:00;702,00;15,17;13,24
23.06.2026;16:00;999,98;21,61;18,86
23.06.2026;17:00;2.900,01;62,67;54,71
23.06.2026;18:00;1.420,01;30,69;26,79
23.06.2026;19:00;3.805,00;82,23;71,78
23.06.2026;20:00;4.244,99;91,74;80,08
23.06.2026;21:00;4.200,00;90,77;79,23
23.06.2026;22:00;3.400,00;73,48;64,14
23.06.2026;23:00;2.538,00;54,85;47,88
24.06.2026;00:00;2.700,00;58,22;50,83
24.06.2026;01:00;1.958,32;42,23;36,87
24.06.2026;02:00;1.507,01;32,50;28,37
24.06.2026;03:00;2.099,99;45,28;39,54
24.06.2026;04:00;2.500,01;53,91;47,07
24.06.2026;05:00;1.500,00;32,34;28,24
24.06.2026;06:00;1.499,97;32,34;28,24
24.06.2026;07:00;550,01;11,86;10,36
24.06.2026;08:00;2.451,00;52,85;46,14
24.06.2026;09:00;1.499,97;32,34;28,24
24.06.2026;10:00;899,99;19,41;16,94
24.06.2026;11:00;500,01;10,78;9,41
24.06.2026;12:00;250,01;5,39;4,71
24.06.2026;13:00;500,01;10,78;9,41
24.06.2026;14:00;999,97;21,56;18,83
24.06.2026;15:00;999,98;21,56;18,83
24.06.2026;16:00;1.175,00;25,34;22,12
24.06.2026;17:00;3.653,79;78,79;68,79
24.06.2026;18:00;3.789,25;81,71;71,34
24.06.2026;19:00;4.050,00;87,33;76,25
24.06.2026;20:00;4.294,77;92,61;80,86
24.06.2026;21:00;4.250,01;91,64;80,01
24.06.2026;22:00;3.250,00;70,08;61,19
24.06.2026;23:00;3.799,98;81,94;71,54
25.06.2026;00:00;2.450,99;52,83;46,32
25.06.2026;01:00;1.850,00;39,88;34,96
25.06.2026;02:00;1.649,99;35,57;31,18
25.06.2026;03:00;1.499,98;32,33;28,34
25.06.2026;04:00;1.499,98;32,33;28,34
25.06.2026;05:00;2.195,20;47,32;41,48
25.06.2026;06:00;1.800,01;38,80;34,01
25.06.2026;07:00;500,01;10,78;9,45
25.06.2026;08:00;1.849,99;39,88;34,96
25.06.2026;09:00;1.200,00;25,87;22,68
25.06.2026;10:00;349,98;7,54;6,61
25.06.2026;11:00;303,99;6,55;5,74
25.06.2026;12:00;190,00;4,10;3,59
25.06.2026;13:00;250,00;5,39;4,72
25.06.2026;14:00;399,67;8,61;7,55
25.06.2026;15:00;989,98;21,34;18,71
25.06.2026;16:00;1.699,99;36,64;32,12
25.06.2026;17:00;2.000,00;43,11;37,79
25.06.2026;18:00;2.200,01;47,42;41,57
25.06.2026;19:00;4.097,89;88,33;77,44
25.06.2026;20:00;4.250,01;91,61;80,31
25.06.2026;21:00;4.250,00;91,61;80,31
25.06.2026;22:00;2.495,90;53,80;47,16
25.06.2026;23:00;1.899,98;40,95;35,90
26.06.2026;00:00;2.495,90;53,78;47,39
26.06.2026;01:00;1.850,00;39,86;35,13
26.06.2026;02:00;1.669,79;35,98;31,70
26.06.2026;03:00;1.800,00;38,78;34,18
26.06.2026;04:00;2.195,19;47,30;41,68
26.06.2026;05:00;1.499,97;32,32;28,48
26.06.2026;06:00;910,01;19,61;17,28
26.06.2026;07:00;310,01;6,68;5,89
26.06.2026;08:00;1.400,01;30,17;26,58
26.06.2026;09:00;900,00;19,39;17,09
26.06.2026;10:00;500,00;10,77;9,49
26.06.2026;11:00;369,56;7,96;7,02
26.06.2026;12:00;200,00;4,31;3,80
26.06.2026;13:00;200,01;4,31;3,80
26.06.2026;14:00;702,01;15,13;13,33
26.06.2026;15:00;1.274,99;27,47;24,21
26.06.2026;16:00;1.499,97;32,32;28,48
26.06.2026;17:00;1.919,98;41,37;36,45
26.06.2026;18:00;1.500,00;32,32;28,48
26.06.2026;19:00;3.904,16;84,12;74,13
26.06.2026;20:00;4.250,00;91,58;80,69
26.06.2026;21:00;4.200,00;90,50;79,74
26.06.2026;22:00;3.449,72;74,33;65,50
26.06.2026;23:00;2.499,99;53,87;47,47
27.06.2026;00:00;2.858,01;61,55;54,21
27.06.2026;01:00;2.195,19;47,28;41,64
27.06.2026;02:00;1.899,98;40,92;36,04
27.06.2026;03:00;2.000,00;43,08;37,94
27.06.2026;04:00;2.195,19;47,28;41,64
27.06.2026;05:00;1.499,97;32,31;28,45
27.06.2026;06:00;500,00;10,77;9,48
27.06.2026;07:00;199,01;4,29;3,78
27.06.2026;08:00;199,00;4,29;3,77
27.06.2026;09:00;180,00;3,88;3,41
27.06.2026;10:00;171,01;3,68;3,24
27.06.2026;11:00;171,00;3,68;3,24
27.06.2026;12:00;170,00;3,66;3,22
27.06.2026;13:00;171,00;3,68;3,24
27.06.2026;14:00;175,00;3,77;3,32
27.06.2026;15:00;220,01;4,74;4,17
27.06.2026;16:00;330,00;7,11;6,26
27.06.2026;17:00;1.011,29;21,78;19,18
27.06.2026;18:00;1.523,00;32,80;28,89
27.06.2026;19:00;2.587,01;55,72;49,07
27.06.2026;20:00;3.860,00;83,14;73,22
27.06.2026;21:00;3.600,01;77,54;68,29
27.06.2026;22:00;1.899,99;40,92;36,04
27.06.2026;23:00;1.899,98;40,92;36,04
28.06.2026;00:00;1.500,00;32,29;28,34
28.06.2026;01:00;1.499,98;32,29;28,34
28.06.2026;02:00;1.499,97;32,29;28,34
28.06.2026;03:00;1.429,01;30,77;27,00
28.06.2026;04:00;1.400,00;30,14;26,45
28.06.2026;05:00;1.080,00;23,25;20,40
28.06.2026;06:00;252,01;5,43;4,76
28.06.2026;07:00;170,00;3,66;3,21
28.06.2026;08:00;0,00;0,00;0,00
28.06.2026;09:00;0,00;0,00;0,00
28.06.2026;10:00;0,00;0,00;0,00
28.06.2026;11:00;0,00;0,00;0,00
28.06.2026;12:00;0,00;0,00;0,00
28.06.2026;13:00;0,00;0,00;0,00
28.06.2026;14:00;0,00;0,00;0,00
28.06.2026;15:00;0,00;0,00;0,00
28.06.2026;16:00;169,99;3,66;3,21
28.06.2026;17:00;180,01;3,88;3,40
28.06.2026;18:00;589,01;12,68;11,13
28.06.2026;19:00;1.649,99;35,52;31,17
28.06.2026;20:00;1.849,99;39,83;34,95
28.06.2026;21:00;1.999,99;43,06;37,79
28.06.2026;22:00;1.500,03;32,29;28,34
28.06.2026;23:00;1.786,01;38,45;33,74
29.06.2026;00:00;1.700,00;36,60;32,12
29.06.2026;01:00;1.490,00;32,08;28,15
29.06.2026;02:00;1.499,98;32,29;28,34
29.06.2026;03:00;1.499,97;32,29;28,34
29.06.2026;04:00;1.499,99;32,29;28,34
29.06.2026;05:00;1.499,98;32,29;28,34
29.06.2026;06:00;500,01;10,76;9,45
29.06.2026;07:00;299,99;6,46;5,67
29.06.2026;08:00;1.499,97;32,29;28,34
29.06.2026;09:00;1.499,98;32,29;28,34
29.06.2026;10:00;1.400,00;30,14;26,45
29.06.2026;11:00;993,11;21,38;18,76
29.06.2026;12:00;310,00;6,67;5,86
29.06.2026;13:00;656,01;14,12;12,39
29.06.2026;14:00;1.499,98;32,29;28,34
29.06.2026;15:00;1.499,98;32,29;28,34
29.06.2026;16:00;1.849,02;39,81;34,93
29.06.2026;17:00;1.799,97;38,75;34,01
29.06.2026;18:00;1.799,97;38,75;34,01
29.06.2026;19:00;3.600,00;77,51;68,02
29.06.2026;20:00;4.300,01;92,58;81,24
29.06.2026;21:00;4.300,01;92,58;81,24
29.06.2026;22:00;3.000,00;64,59;56,68
29.06.2026;23:00;1.500,00;32,29;28,34
30.06.2026;00:00;2.445,19;52,64;46,20
30.06.2026;01:00;1.899,99;40,91;35,90
30.06.2026;02:00;1.899,99;40,91;35,90
30.06.2026;03:00;1.899,99;40,91;35,90
30.06.2026;04:00;1.912,00;41,16;36,12
30.06.2026;05:00;1.499,99;32,29;28,34
30.06.2026;06:00;1.800,00;38,75;34,01
30.06.2026;07:00;800,00;17,22;15,11
30.06.2026;08:00;1.800,00;38,75;34,01
30.06.2026;09:00;1.500,00;32,29;28,34
30.06.2026;10:00;1.400,00;30,14;26,45
30.06.2026;11:00;1.400,01;30,14;26,45
30.06.2026;12:00;500,00;10,76;9,45
30.06.2026;13:00;1.400,00;30,14;26,45
30.06.2026;14:00;1.799,97;38,75;34,01
30.06.2026;15:00;1.175,00;25,30;22,20
30.06.2026;16:00;1.400,00;30,14;26,45
30.06.2026;17:00;2.900,01;62,44;54,79
30.06.2026;18:00;2.999,13;64,57;56,66
30.06.2026;19:00;3.880,90;83,55;73,32
30.06.2026;20:00;4.307,31;92,73;81,38
30.06.2026;21:00;4.300,01;92,58;81,24
30.06.2026;22:00;3.999,98;86,12;75,57
30.06.2026;23:00;3.617,39;77,88;68,34
01.07.2026;00:00;4.090,67;87,87;77,04
01.07.2026;01:00;4.000,00;85,92;75,34
01.07.2026;02:00;3.575,03;76,79;67,33
01.07.2026;03:00;3.544,71;76,14;66,76
01.07.2026;04:00;3.506,05;75,31;66,03
01.07.2026;05:00;3.000,00;64,44;56,50
01.07.2026;06:00;1.899,99;40,81;35,78
01.07.2026;07:00;370,01;7,95;6,97
01.07.2026;08:00;2.800,00;60,14;52,74
01.07.2026;09:00;3.489,99;74,96;65,73
01.07.2026;10:00;2.499,67;53,69;47,08
01.07.2026;11:00;2.429,01;52,17;45,75
01.07.2026;12:00;1.499,97;32,22;28,25
01.07.2026;13:00;2.429,01;52,17;45,75
01.07.2026;14:00;3.500,89;75,20;65,94
01.07.2026;15:00;3.475,57;74,65;65,46
01.07.2026;16:00;3.995,00;85,81;75,24
01.07.2026;17:00;4.400,01;94,51;82,87
01.07.2026;18:00;4.200,00;90,22;79,10
01.07.2026;19:00;3.800,00;81,62;71,57
01.07.2026;20:00;4.400,00;94,51;82,87
01.07.2026;21:00;4.300,00;92,36;80,99
01.07.2026;22:00;3.700,63;79,49;69,70
01.07.2026;23:00;4.000,00;85,92;75,34
02.07.2026;00:00;3.743,00;80,37;70,51
02.07.2026;01:00;3.200,00;68,71;60,28
02.07.2026;02:00;3.300,00;70,85;62,16
02.07.2026;03:00;3.269,01;70,19;61,58
02.07.2026;04:00;3.999,99;85,88;75,35
02.07.2026;05:00;3.999,99;85,88;75,35
02.07.2026;06:00;3.488,22;74,90;65,71
02.07.2026;07:00;1.799,97;38,65;33,91
02.07.2026;08:00;3.680,00;79,01;69,32
02.07.2026;09:00;3.499,99;75,15;65,93
02.07.2026;10:00;2.699,99;57,97;50,86
02.07.2026;11:00;2.999,01;64,39;56,49
02.07.2026;12:00;1.499,98;32,21;28,26
02.07.2026;13:00;2.997,00;64,35;56,45
02.07.2026;14:00;2.997,01;64,35;56,46
02.07.2026;15:00;2.007,00;43,09;37,81
02.07.2026;16:00;2.537,99;54,49;47,81
02.07.2026;17:00;3.803,12;81,66;71,64
02.07.2026;18:00;2.925,00;62,80;55,10
02.07.2026;19:00;4.237,01;90,97;79,81
02.07.2026;20:00;4.500,00;96,62;84,77
02.07.2026;21:00;4.500,00;96,62;84,77
02.07.2026;22:00;4.000,01;85,88;75,35
02.07.2026;23:00;3.499,40;75,14;65,92
03.07.2026;00:00;3.500,99;75,15;65,95
03.07.2026;01:00;3.000,00;64,40;56,51
03.07.2026;02:00;3.499,99;75,13;65,93
03.07.2026;03:00;3.500,00;75,13;65,93
03.07.2026;04:00;4.090,79;87,81;77,06
03.07.2026;05:00;3.600,00;77,28;67,81
03.07.2026;06:00;2.450,99;52,61;46,17
03.07.2026;07:00;1.799,98;38,64;33,90
03.07.2026;08:00;3.599,99;77,28;67,81
03.07.2026;09:00;3.499,99;75,13;65,93
03.07.2026;10:00;2.537,99;54,48;47,81
03.07.2026;11:00;2.250,00;48,30;42,38
03.07.2026;12:00;1.499,98;32,20;28,25
03.07.2026;13:00;1.897,17;40,72;35,74
03.07.2026;14:00;3.549,05;76,18;66,85
03.07.2026;15:00;3.499,99;75,13;65,93
03.07.2026;16:00;3.000,01;64,40;56,51
03.07.2026;17:00;3.804,29;81,66;71,66
03.07.2026;18:00;3.389,89;72,77;63,85
03.07.2026;19:00;3.852,62;82,70;72,57
03.07.2026;20:00;4.235,01;90,91;79,77
03.07.2026;21:00;4.200,00;90,15;79,11
03.07.2026;22:00;3.488,19;74,88;65,70
03.07.2026;23:00;2.924,18;62,77;55,08
04.07.2026;00:00;3.400,00;72,95;63,95
04.07.2026;01:00;3.677,01;78,89;69,16
04.07.2026;02:00;3.400,01;72,95;63,95
04.07.2026;03:00;3.658,00;78,48;68,80
04.07.2026;04:00;3.677,01;78,89;69,16
04.07.2026;05:00;3.389,89;72,73;63,76
04.07.2026;06:00;2.538,00;54,45;47,73
04.07.2026;07:00;1.500,00;32,18;28,21
04.07.2026;08:00;1.850,00;39,69;34,79
04.07.2026;09:00;1.764,01;37,85;33,18
04.07.2026;10:00;1.499,97;32,18;28,21
04.07.2026;11:00;1.499,97;32,18;28,21
04.07.2026;12:00;700,01;15,02;13,17
04.07.2026;13:00;1.499,97;32,18;28,21
04.07.2026;14:00;1.696,72;36,40;31,91
04.07.2026;15:00;1.691,90;36,30;31,82
04.07.2026;16:00;1.499,97;32,18;28,21
04.07.2026;17:00;1.499,99;32,18;28,21
04.07.2026;18:00;1.499,98;32,18;28,21
04.07.2026;19:00;3.000,00;64,37;56,42
04.07.2026;20:00;4.045,41;86,80;76,09
04.07.2026;21:00;4.030,12;86,47;75,80
04.07.2026;22:00;3.400,01;72,95;63,95
04.07.2026;23:00;2.099,99;45,06;39,50
05.07.2026;00:00;3.400,01;72,91;63,68
05.07.2026;01:00;2.874,99;61,65;53,84
05.07.2026;02:00;1.900,00;40,74;35,58
05.07.2026;03:00;2.425,09;52,00;45,42
05.07.2026;04:00;1.708,64;36,64;32,00
05.07.2026;05:00;1.499,97;32,16;28,09
05.07.2026;06:00;2.000,00;42,89;37,46
05.07.2026;07:00;303,99;6,52;5,69
05.07.2026;08:00;174,99;3,75;3,28
05.07.2026;09:00;170,01;3,65;3,18
05.07.2026;10:00;169,98;3,65;3,18
05.07.2026;11:00;169,99;3,65;3,18
05.07.2026;12:00;170,00;3,65;3,18
05.07.2026;13:00;171,01;3,67;3,20
05.07.2026;14:00;196,01;4,20;3,67
05.07.2026;15:00;200,00;4,29;3,75
05.07.2026;16:00;449,99;9,65;8,43
05.07.2026;17:00;920,00;19,73;17,23
05.07.2026;18:00;1.587,23;34,04;29,73
05.07.2026;19:00;1.899,99;40,74;35,58
05.07.2026;20:00;3.023,60;64,84;56,63
05.07.2026;21:00;3.500,01;75,05;65,55
05.07.2026;22:00;3.000,00;64,33;56,18
05.07.2026;23:00;2.425,10;52,00;45,42
06.07.2026;00:00;2.560,29;54,90;47,95
06.07.2026;01:00;2.050,00;43,96;38,39
06.07.2026;02:00;1.899,99;40,74;35,58
06.07.2026;03:00;1.750,00;37,53;32,77
06.07.2026;04:00;2.425,10;52,00;45,42
06.07.2026;05:00;1.500,00;32,17;28,09
06.07.2026;06:00;1.500,00;32,17;28,09
06.07.2026;07:00;800,00;17,15;14,98
06.07.2026;08:00;2.999,00;64,31;56,17
06.07.2026;09:00;2.425,10;52,00;45,42
06.07.2026;10:00;1.499,99;32,17;28,09
06.07.2026;11:00;1.499,99;32,17;28,09
06.07.2026;12:00;600,01;12,87;11,24
06.07.2026;13:00;1.400,01;30,02;26,22
06.07.2026;14:00;2.518,75;54,01;47,17
06.07.2026;15:00;2.397,18;51,40;44,89
06.07.2026;16:00;2.099,99;45,03;39,33
06.07.2026;17:00;2.799,01;60,02;52,42
06.07.2026;18:00;2.176,69;46,68;40,77
06.07.2026;19:00;3.499,99;75,05;65,55
06.07.2026;20:00;4.235,00;90,81;79,31
06.07.2026;21:00;4.400,00;94,35;82,40
06.07.2026;22:00;3.499,00;75,03;65,53
06.07.2026;23:00;2.537,99;54,42;47,53
07.07.2026;00:00;3.400,01;72,91;63,68
07.07.2026;01:00;3.499,99;75,05;65,55
07.07.2026;02:00;3.499,00;75,03;65,53
07.07.2026;03:00;3.579,70;76,76;67,04
07.07.2026;04:00;3.400,00;72,91;63,68
07.07.2026;05:00;2.865,59;61,45;53,67
07.07.2026;06:00;1.999,99;42,89;37,46
07.07.2026;07:00;1.275,00;27,34;23,88
07.07.2026;08:00;2.718,55;58,30;50,91
07.07.2026;09:00;2.200,01;47,18;41,20
07.07.2026;10:00;1.500,00;32,17;28,09
07.07.2026;11:00;1.807,04;38,75;33,84
07.07.2026;12:00;1.400,00;30,02;26,22
07.07.2026;13:00;1.999,98;42,89;37,46
07.07.2026;14:00;1.999,99;42,89;37,46
07.07.2026;15:00;1.987,57;42,62;37,22
07.07.2026;16:00;2.395,31;51,36;44,86
07.07.2026;17:00;2.865,59;61,45;53,67
07.07.2026;18:00;2.451,00;52,56;45,90
07.07.2026;19:00;2.874,99;61,65;53,84
07.07.2026;20:00;4.245,00;91,03;79,50
07.07.2026;21:00;4.435,01;95,10;83,06
07.07.2026;22:00;3.692,66;79,18;69,16
07.07.2026;23:00;2.999,99;64,33;56,18
08.07.2026;00:00;3.199,01;68,45;59,94
08.07.2026;01:00;3.184,90;68,15;59,67
08.07.2026;02:00;3.199,01;68,45;59,94
08.07.2026;03:00;3.379,01;72,30;63,31
08.07.2026;04:00;3.188,89;68,23;59,75
08.07.2026;05:00;2.600,01;55,63;48,72
08.07.2026;06:00;2.050,00;43,86;38,41
08.07.2026;07:00;1.499,97;32,09;28,10
08.07.2026;08:00;2.797,99;59,87;52,42
08.07.2026;09:00;2.499,68;53,48;46,84
08.07.2026;10:00;1.672,00;35,78;31,33
08.07.2026;11:00;1.799,97;38,51;33,73
08.07.2026;12:00;998,00;21,35;18,70
08.07.2026;13:00;1.799,97;38,51;33,73
08.07.2026;14:00;2.116,41;45,28;39,65
08.07.2026;15:00;2.500,00;53,49;46,84
08.07.2026;16:00;3.400,01;72,75;63,70
08.07.2026;17:00;3.449,99;73,82;64,64
08.07.2026;18:00;3.323,70;71,12;62,27
08.07.2026;19:00;4.000,00;85,59;74,95
08.07.2026;20:00;4.497,79;96,24;84,27
08.07.2026;21:00;4.300,01;92,01;80,57
08.07.2026;22:00;3.686,23;78,87;69,07
08.07.2026;23:00;3.323,70;71,12;62,27
09.07.2026;00:00;3.600,01;77,00;67,37
09.07.2026;01:00;3.618,42;77,40;67,72
09.07.2026;02:00;3.055,01;65,34;57,17
09.07.2026;03:00;3.014,09;64,47;56,41
09.07.2026;04:00;4.000,00;85,56;74,86
09.07.2026;05:00;3.613,15;77,28;67,62
09.07.2026;06:00;3.897,18;83,36;72,93
09.07.2026;07:00;2.050,01;43,85;38,36
09.07.2026;08:00;3.336,04;71,36;62,43
09.07.2026;09:00;2.767,37;59,19;51,79
09.07.2026;10:00;2.000,01;42,78;37,43
09.07.2026;11:00;1.899,99;40,64;35,56
09.07.2026;12:00;1.475,99;31,57;27,62
09.07.2026;13:00;2.413,63;51,63;45,17
09.07.2026;14:00;3.478,04;74,39;65,09
09.07.2026;15:00;3.200,01;68,45;59,89
09.07.2026;16:00;3.500,00;74,86;65,50
09.07.2026;17:00;3.600,00;77,00;67,37
09.07.2026;18:00;3.457,18;73,95;64,70
09.07.2026;19:00;3.377,00;72,23;63,20
09.07.2026;20:00;4.300,00;91,97;80,47
09.07.2026;21:00;4.300,01;91,97;80,47
09.07.2026;22:00;3.691,99;78,97;69,09
09.07.2026;23:00;3.603,81;77,08;67,44
10.07.2026;00:00;3.325,00;71,09;62,30
10.07.2026;01:00;3.600,00;76,97;67,45
10.07.2026;02:00;3.400,00;72,70;63,70
10.07.2026;03:00;3.325,01;71,09;62,30
10.07.2026;04:00;4.100,01;87,66;76,82
10.07.2026;05:00;3.553,50;75,98;66,58
10.07.2026;06:00;2.895,45;61,91;54,25
10.07.2026;07:00;2.050,01;43,83;38,41
10.07.2026;08:00;3.932,88;84,09;73,69
10.07.2026;09:00;3.719,09;79,52;69,68
10.07.2026;10:00;2.399,99;51,32;44,97
10.07.2026;11:00;2.600,00;55,59;48,71
10.07.2026;12:00;1.400,00;29,93;26,23
10.07.2026;13:00;1.499,98;32,07;28,10
10.07.2026;14:00;3.325,00;71,09;62,30
10.07.2026;15:00;3.000,01;64,14;56,21
10.07.2026;16:00;3.325,00;71,09;62,30
10.07.2026;17:00;3.000,01;64,14;56,21
10.07.2026;18:00;3.000,01;64,14;56,21
10.07.2026;19:00;3.797,99;81,21;71,16
10.07.2026;20:00;4.295,00;91,83;80,47
10.07.2026;21:00;4.021,01;85,98;75,34
10.07.2026;22:00;3.000,00;64,14;56,21
10.07.2026;23:00;3.400,00;72,70;63,70
11.07.2026;00:00;3.800,00;81,22;71,05
11.07.2026;01:00;3.325,00;71,07;62,17
11.07.2026;02:00;3.449,01;73,72;64,49
11.07.2026;03:00;3.323,69;71,04;62,15
11.07.2026;04:00;3.662,00;78,27;68,47
11.07.2026;05:00;3.449,00;73,72;64,49
11.07.2026;06:00;2.300,01;49,16;43,01
11.07.2026;07:00;1.000,00;21,37;18,70
11.07.2026;08:00;1.850,00;39,54;34,59
11.07.2026;09:00;1.721,43;36,79;32,19
11.07.2026;10:00;1.499,98;32,06;28,05
11.07.2026;11:00;1.400,00;29,92;26,18
11.07.2026;12:00;500,00;10,69;9,35
11.07.2026;13:00;999,94;21,37;18,70
11.07.2026;14:00;1.200,00;25,65;22,44
11.07.2026;15:00;1.064,54;22,75;19,90
11.07.2026;16:00;1.500,00;32,06;28,05
11.07.2026;17:00;2.718,55;58,11;50,83
11.07.2026;18:00;3.200,00;68,40;59,83
11.07.2026;19:00;3.325,00;71,07;62,17
11.07.2026;20:00;4.500,00;96,18;84,14
11.07.2026;21:00;4.450,01;95,12;83,21
11.07.2026;22:00;3.000,00;64,12;56,09
11.07.2026;23:00;2.800,47;59,86;52,36
12.07.2026;00:00;3.570,33;76,28;66,71
12.07.2026;01:00;3.449,01;73,68;64,44
12.07.2026;02:00;3.449,00;73,68;64,44
12.07.2026;03:00;3.400,01;72,64;63,53
12.07.2026;04:00;3.399,89;72,63;63,53
12.07.2026;05:00;2.698,00;57,64;50,41
12.07.2026;06:00;3.300,00;70,50;61,66
12.07.2026;07:00;1.498,88;32,02;28,01
12.07.2026;08:00;240,00;5,13;4,48
12.07.2026;09:00;171,01;3,65;3,20
12.07.2026;10:00;170,00;3,63;3,18
12.07.2026;11:00;170,99;3,65;3,19
12.07.2026;12:00;170,01;3,63;3,18
12.07.2026;13:00;174,99;3,74;3,27
12.07.2026;14:00;200,00;4,27;3,74
12.07.2026;15:00;222,00;4,74;4,15
12.07.2026;16:00;499,00;10,66;9,32
12.07.2026;17:00;1.898,88;40,57;35,48
12.07.2026;18:00;3.000,00;64,09;56,05
12.07.2026;19:00;3.200,00;68,36;59,79
12.07.2026;20:00;4.140,00;88,45;77,35
12.07.2026;21:00;4.151,00;88,68;77,56
12.07.2026;22:00;3.399,88;72,63;63,53
12.07.2026;23:00;3.474,90;74,24;64,93
13.07.2026;00:00;3.599,99;76,91;67,27
13.07.2026;01:00;3.191,27;68,18;59,63
13.07.2026;02:00;2.800,48;59,83;52,33
13.07.2026;03:00;3.400,01;72,64;63,53
13.07.2026;04:00;3.151,66;67,33;58,89
13.07.2026;05:00;2.800,48;59,83;52,33
13.07.2026;06:00;1.799,97;38,45;33,63
13.07.2026;07:00;1.000,00;21,36;18,68
13.07.2026;08:00;2.199,01;46,98;41,09
13.07.2026;09:00;1.990,00;42,51;37,18
13.07.2026;10:00;1.476,00;31,53;27,58
13.07.2026;11:00;1.515,01;32,37;28,31
13.07.2026;12:00;1.000,00;21,36;18,68
13.07.2026;13:00;1.499,99;32,05;28,03
13.07.2026;14:00;2.399,68;51,27;44,84
13.07.2026;15:00;1.849,99;39,52;34,57
13.07.2026;16:00;3.150,00;67,30;58,86
13.07.2026;17:00;3.325,01;71,03;62,13
13.07.2026;18:00;2.050,01;43,80;38,30
13.07.2026;19:00;3.650,99;78,00;68,22
13.07.2026;20:00;4.500,00;96,14;84,08
13.07.2026;21:00;4.488,89;95,90;83,87
13.07.2026;22:00;3.349,01;71,55;62,58
13.07.2026;23:00;2.938,85;62,78;54,91
14.07.2026;00:00;3.875,99;82,81;72,42
14.07.2026;01:00;3.457,17;73,86;64,60
14.07.2026;02:00;3.000,00;64,09;56,05
14.07.2026;03:00;3.325,00;71,03;62,13
14.07.2026;04:00;3.499,72;74,77;65,39
14.07.2026;05:00;2.999,99;64,09;56,05
14.07.2026;06:00;2.198,00;46,96;41,07
14.07.2026;07:00;1.200,00;25,64;22,42
14.07.2026;08:00;2.050,01;43,80;38,30
14.07.2026;09:00;2.050,01;43,80;38,30
14.07.2026;10:00;1.499,98;32,05;28,03
14.07.2026;11:00;1.799,98;38,45;33,63
14.07.2026;12:00;899,99;19,23;16,82
14.07.2026;13:00;1.400,00;29,91;26,16
14.07.2026;14:00;1.799,97;38,45;33,63
14.07.2026;15:00;1.650,00;35,25;30,83
14.07.2026;16:00;2.305,00;49,24;43,07
14.07.2026;17:00;2.800,48;59,83;52,33
14.07.2026;18:00;2.925,00;62,49;54,65
14.07.2026;19:00;3.299,99;70,50;61,66
14.07.2026;20:00;4.356,00;93,06;81,39
14.07.2026;21:00;4.400,00;94,00;82,21
14.07.2026;22:00;3.599,99;76,91;67,27
14.07.2026;23:00;3.000,01;64,09;56,05
15.07.2026;00:00;3.325,00;70,88;62,03
15.07.2026;01:00;2.717,20;57,92;50,69
15.07.2026;02:00;2.153,64;45,91;40,18
15.07.2026;03:00;2.900,00;61,82;54,10
15.07.2026;04:00;2.717,19;57,92;50,69
15.07.2026;05:00;2.108,00;44,94;39,33
15.07.2026;06:00;2.108,00;44,94;39,33
15.07.2026;07:00;999,94;21,32;18,66
15.07.2026;08:00;1.499,98;31,97;27,98
15.07.2026;09:00;1.499,97;31,97;27,98
15.07.2026;10:00;1.001,00;21,34;18,67
15.07.2026;11:00;1.274,99;27,18;23,79
15.07.2026;12:00;521,43;11,12;9,73
15.07.2026;13:00;1.274,99;27,18;23,79
15.07.2026;14:00;2.300,01;49,03;42,91
15.07.2026;15:00;2.108,01;44,94;39,33
15.07.2026;16:00;1.400,01;29,84;26,12
15.07.2026;17:00;2.108,01;44,94;39,33
15.07.2026;18:00;2.900,01;61,82;54,10
15.07.2026;19:00;3.409,81;72,69;63,61
15.07.2026;20:00;4.009,65;85,47;74,81
15.07.2026;21:00;3.941,74;84,02;73,54
15.07.2026;22:00;3.299,99;70,34;61,57
15.07.2026;23:00;3.000,01;63,95;55,97
16.07.2026;00:00;3.860,01;82,26;72,18
16.07.2026;01:00;3.995,01;85,14;74,70
16.07.2026;02:00;3.400,00;72,46;63,58
16.07.2026;03:00;3.595,01;76,61;67,22
16.07.2026;04:00;3.586,83;76,44;67,07
16.07.2026;05:00;3.500,00;74,59;65,45
16.07.2026;06:00;2.709,20;57,73;50,66
16.07.2026;07:00;1.399,99;29,83;26,18
16.07.2026;08:00;2.300,00;49,01;43,01
16.07.2026;09:00;1.880,01;40,06;35,15
16.07.2026;10:00;1.499,97;31,97;28,05
16.07.2026;11:00;2.000,00;42,62;37,40
16.07.2026;12:00;955,99;20,37;17,88
16.07.2026;13:00;1.900,00;40,49;35,53
16.07.2026;14:00;2.300,01;49,01;43,01
16.07.2026;15:00;2.050,01;43,69;38,33
16.07.2026;16:00;2.875,00;61,27;53,76
16.07.2026;17:00;3.299,47;70,31;61,70
16.07.2026;18:00;2.709,20;57,73;50,66
16.07.2026;19:00;3.999,01;85,22;74,78
16.07.2026;20:00;4.487,17;95,62;83,90
16.07.2026;21:00;4.486,34;95,61;83,89
16.07.2026;22:00;3.457,18;73,67;64,65
16.07.2026;23:00;2.999,99;63,93;56,10
17.07.2026;00:00;3.957,17;84,33;73,99
17.07.2026;01:00;3.400,01;72,46;63,58
17.07.2026;02:00;3.000,00;63,93;56,10
17.07.2026;03:00;3.651,00;77,80;68,27
17.07.2026;04:00;3.495,00;74,48;65,35
17.07.2026;05:00;3.200,01;68,19;59,84
17.07.2026;06:00;2.300,00;49,01;43,01
17.07.2026;07:00;998,60;21,28;18,67
17.07.2026;08:00;2.700,00;57,54;50,49
17.07.2026;09:00;2.150,00;45,82;40,20
17.07.2026;10:00;1.900,00;40,49;35,53
17.07.2026;11:00;1.522,99;32,46;28,48
17.07.2026;12:00;1.000,00;21,31;18,70
17.07.2026;13:00;1.387,18;29,56;25,94
17.07.2026;14:00;2.731,00;58,20;51,07
17.07.2026;15:00;1.499,98;31,97;28,05
17.07.2026;16:00;2.050,01;43,69;38,33
17.07.2026;17:00;3.299,99;70,32;61,71
17.07.2026;18:00;2.987,17;63,66;55,86
17.07.2026;19:00;3.499,48;74,58;65,44
17.07.2026;20:00;4.400,01;93,77;82,28
17.07.2026;21:00;4.487,18;95,62;83,91
17.07.2026;22:00;3.995,00;85,14;74,70
17.07.2026;23:00;3.370,00;71,82;63,02
18.07.2026;00:00;3.937,17;83,83;73,11
18.07.2026;01:00;3.495,01;74,41;64,90
18.07.2026;02:00;3.099,99;66,00;57,56
18.07.2026;03:00;3.250,00;69,20;60,35
18.07.2026;04:00;3.499,71;74,51;64,98
18.07.2026;05:00;3.194,00;68,01;59,31
18.07.2026;06:00;2.100,00;44,71;38,99
18.07.2026;07:00;1.387,17;29,53;25,76
18.07.2026;08:00;2.099,99;44,71;38,99
18.07.2026;09:00;1.556,00;33,13;28,89
18.07.2026;10:00;1.499,97;31,94;27,85
18.07.2026;11:00;1.400,01;29,81;26,00
18.07.2026;12:00;800,00;17,03;14,85
18.07.2026;13:00;1.499,97;31,94;27,85
18.07.2026;14:00;1.499,97;31,94;27,85
18.07.2026;15:00;1.250,01;26,61;23,21
18.07.2026;16:00;1.499,98;31,94;27,85
18.07.2026;17:00;2.694,00;57,36;50,02
18.07.2026;18:00;2.999,48;63,86;55,70
18.07.2026;19:00;4.000,00;85,17;74,27
18.07.2026;20:00;4.404,99;93,79;81,79
18.07.2026;21:00;4.477,17;95,33;83,13
18.07.2026;22:00;3.849,07;81,95;71,47
18.07.2026;23:00;3.497,82;74,47;64,95
19.07.2026;00:00;3.566,81;75,91;66,36
19.07.2026;01:00;3.474,89;73,96;64,65
19.07.2026;02:00;3.023,60;64,35;56,26
19.07.2026;03:00;3.474,88;73,96;64,65
19.07.2026;04:00;3.290,96;70,04;61,23
19.07.2026;05:00;3.499,47;74,48;65,11
19.07.2026;06:00;3.250,01;69,17;60,47
19.07.2026;07:00;1.898,88;40,41;35,33
19.07.2026;08:00;400,00;8,51;7,44
19.07.2026;09:00;1.000,01;21,28;18,61
19.07.2026;10:00;656,01;13,96;12,21
19.07.2026;11:00;500,00;10,64;9,30
19.07.2026;12:00;499,88;10,64;9,30
19.07.2026;13:00;1.390,01;29,58;25,86
19.07.2026;14:00;1.499,97;31,92;27,91
19.07.2026;15:00;1.000,01;21,28;18,61
19.07.2026;16:00;1.499,99;31,92;27,91
19.07.2026;17:00;2.898,88;61,70;53,94
19.07.2026;18:00;3.000,00;63,85;55,82
19.07.2026;19:00;3.744,01;79,68;69,66
19.07.2026;20:00;4.298,88;91,49;79,98
19.07.2026;21:00;4.400,01;93,65;81,87
19.07.2026;22:00;3.996,00;85,05;74,35
19.07.2026;23:00;3.777,01;80,39;70,27
20.07.2026;00:00;3.803,54;80,95;70,77
20.07.2026;01:00;3.389,84;72,15;63,07
20.07.2026;02:00;2.925,01;62,25;54,42
20.07.2026;03:00;3.499,48;74,48;65,11
20.07.2026;04:00;3.499,48;74,48;65,11
20.07.2026;05:00;3.400,01;72,36;63,26
20.07.2026;06:00;2.125,99;45,25;39,56
20.07.2026;07:00;1.499,97;31,92;27,91
20.07.2026;08:00;3.200,00;68,11;59,54
20.07.2026;09:00;3.023,61;64,35;56,26
20.07.2026;10:00;2.199,00;46,80;40,91
20.07.2026;11:00;2.398,84;51,05;44,63
20.07.2026;12:00;1.400,00;29,80;26,05
20.07.2026;13:00;1.899,99;40,44;35,35
20.07.2026;14:00;3.000,00;63,85;55,82
20.07.2026;15:00;3.389,84;72,15;63,07
20.07.2026;16:00;3.519,50;74,91;65,48
20.07.2026;17:00;3.599,90;76,62;66,98
20.07.2026;18:00;3.577,33;76,14;66,56
20.07.2026;19:00;4.499,99;95,77;83,73
20.07.2026;20:00;4.500,00;95,77;83,73
20.07.2026;21:00;4.500,00;95,77;83,73
20.07.2026;22:00;3.999,00;85,11;74,40
20.07.2026;23:00;3.483,01;74,13;64,80
21.07.2026;00:00;3.677,33;78,26;68,42
21.07.2026;01:00;3.677,34;78,26;68,42
21.07.2026;02:00;3.535,00;75,24;65,77
21.07.2026;03:00;3.249,99;69,17;60,47
21.07.2026;04:00;3.250,00;69,17;60,47
21.07.2026;05:00;3.300,00;70,23;61,40
21.07.2026;06:00;2.300,00;48,95;42,79
21.07.2026;07:00;1.211,29;25,78;22,54
21.07.2026;08:00;2.900,00;61,72;53,96
21.07.2026;09:00;3.000,01;63,85;55,82
21.07.2026;10:00;1.898,88;40,41;35,33
21.07.2026;11:00;2.000,00;42,57;37,21
21.07.2026;12:00;655,99;13,96;12,21
21.07.2026;13:00;1.499,98;31,92;27,91
21.07.2026;14:00;3.300,00;70,23;61,40
21.07.2026;15:00;3.300,00;70,23;61,40
21.07.2026;16:00;3.370,00;71,72;62,70
21.07.2026;17:00;3.449,99;73,43;64,19
21.07.2026;18:00;3.524,34;75,01;65,57
21.07.2026;19:00;4.300,00;91,52;80,00
21.07.2026;20:00;4.500,00;95,77;83,73
21.07.2026;21:00;4.497,68;95,72;83,68
21.07.2026;22:00;3.966,33;84,42;73,80
21.07.2026;23:00;3.499,48;74,48;65,11
22.07.2026;00:00;3.891,45;82,63;72,26
22.07.2026;01:00;3.602,00;76,49;66,89
22.07.2026;02:00;2.993,00;63,55;55,58
22.07.2026;03:00;3.449,01;73,24;64,05
22.07.2026;04:00;3.484,15;73,98;64,70
22.07.2026;05:00;3.555,00;75,49;66,01
22.07.2026;06:00;3.963,50;84,16;73,60
22.07.2026;07:00;2.117,71;44,97;39,33
22.07.2026;08:00;3.739,15;79,40;69,43
22.07.2026;09:00;3.795,00;80,58;70,47
22.07.2026;10:00;3.250,00;69,01;60,35
22.07.2026;11:00;3.449,01;73,24;64,05
22.07.2026;12:00;2.699,00;57,31;50,12
22.07.2026;13:00;3.300,01;70,07;61,28
22.07.2026;14:00;3.600,00;76,44;66,85
22.07.2026;15:00;3.083,01;65,47;57,25
22.07.2026;16:00;3.599,99;76,44;66,85
22.07.2026;17:00;3.900,01;82,81;72,42
22.07.2026;18:00;3.915,27;83,14;72,71
22.07.2026;19:00;4.499,67;95,55;83,56
22.07.2026;20:00;4.500,00;95,55;83,56
22.07.2026;21:00;4.500,00;95,55;83,56
22.07.2026;22:00;4.099,99;87,06;76,14
22.07.2026;23:00;3.600,00;76,44;66,85
23.07.2026;00:00;3.798,00;80,61;70,58
23.07.2026;01:00;3.499,99;74,29;65,05
23.07.2026;02:00;3.000,01;63,68;55,75
23.07.2026;03:00;3.156,64;67,00;58,66
23.07.2026;04:00;3.499,48;74,28;65,04
23.07.2026;05:00;3.590,01;76,20;66,72
23.07.2026;06:00;2.699,99;57,31;50,18
23.07.2026;07:00;2.050,00;43,51;38,10
23.07.2026;08:00;3.370,00;71,53;62,63
23.07.2026;09:00;3.300,00;70,04;61,33
23.07.2026;10:00;2.413,64;51,23;44,86
23.07.2026;11:00;2.212,57;46,96;41,12
23.07.2026;12:00;1.499,98;31,84;27,88
23.07.2026;13:00;2.050,01;43,51;38,10
23.07.2026;14:00;2.672,01;56,71;49,66
23.07.2026;15:00;2.700,00;57,31;50,18
23.07.2026;16:00;3.499,47;74,28;65,04
23.07.2026;17:00;3.597,99;76,37;66,87
23.07.2026;18:00;3.500,00;74,29;65,05
23.07.2026;19:00;3.960,40;84,06;73,60
23.07.2026;20:00;4.499,01;95,49;83,61
23.07.2026;21:00;4.500,00;95,51;83,63
23.07.2026;22:00;3.900,00;82,78;72,48
23.07.2026;23:00;3.490,01;74,08;64,86
24.07.2026;00:00;3.299,01;70,00;61,36
24.07.2026;01:00;3.513,40;74,55;65,35
24.07.2026;02:00;3.567,14;75,69;66,35
24.07.2026;03:00;3.390,01;71,93;63,05
24.07.2026;04:00;3.499,47;74,25;65,09
24.07.2026;05:00;3.250,00;68,96;60,45
24.07.2026;06:00;3.656,49;77,58;68,01
24.07.2026;07:00;2.700,00;57,29;50,22
24.07.2026;08:00;3.883,00;82,39;72,22
24.07.2026;09:00;3.797,99;80,58;70,64
24.07.2026;10:00;3.499,72;74,26;65,09
24.07.2026;11:00;3.249,99;68,96;60,45
24.07.2026;12:00;1.949,98;41,37;36,27
24.07.2026;13:00;2.100,00;44,56;39,06
24.07.2026;14:00;3.450,00;73,20;64,17
24.07.2026;15:00;3.465,00;73,52;64,45
24.07.2026;16:00;3.450,00;73,20;64,17
24.07.2026;17:00;3.599,99;76,38;66,96
24.07.2026;18:00;3.519,53;74,68;65,46
24.07.2026;19:00;3.995,00;84,76;74,30
24.07.2026;20:00;4.300,00;91,24;79,98
24.07.2026;21:00;4.000,00;84,87;74,40
24.07.2026;22:00;3.123,60;66,27;58,10
24.07.2026;23:00;2.413,63;51,21;44,89
25.07.2026;00:00;3.200,00;67,87;59,47
25.07.2026;01:00;3.249,01;68,91;60,39
25.07.2026;02:00;3.483,45;73,89;64,74
25.07.2026;03:00;3.299,99;69,99;61,33
25.07.2026;04:00;3.000,00;63,63;55,76
25.07.2026;05:00;2.873,54;60,95;53,41
25.07.2026;06:00;2.050,01;43,48;38,10
25.07.2026;07:00;1.499,98;31,82;27,88
25.07.2026;08:00;2.149,99;45,60;39,96
25.07.2026;09:00;1.600,01;33,94;29,74
25.07.2026;10:00;1.849,99;39,24;34,38
25.07.2026;11:00;1.500,00;31,82;27,88
25.07.2026;12:00;1.499,97;31,81;27,88
25.07.2026;13:00;1.800,01;38,18;33,45
25.07.2026;14:00;900,00;19,09;16,73
25.07.2026;15:00;530,01;11,24;9,85
25.07.2026;16:00;1.499,98;31,82;27,88
25.07.2026;17:00;2.000,00;42,42;37,17
25.07.2026;18:00;2.499,99;53,03;46,46
25.07.2026;19:00;3.000,00;63,63;55,76
25.07.2026;20:00;3.990,01;84,63;74,16
25.07.2026;21:00;4.023,00;85,33;74,77
25.07.2026;22:00;3.544,00;75,17;65,87
25.07.2026;23:00;3.244,01;68,81;60,29
26.07.2026;00:00;2.597,50;55,07;48,37
26.07.2026;01:00;3.250,00;68,91;60,53
26.07.2026;02:00;3.200,01;67,85;59,60
26.07.2026;03:00;3.499,48;74,20;65,17
26.07.2026;04:00;3.590,00;76,12;66,86
26.07.2026;05:00;3.300,00;69,97;61,46
26.07.2026;06:00;3.444,00;73,02;64,14
26.07.2026;07:00;2.300,01;48,77;42,83
26.07.2026;08:00;1.299,00;27,54;24,19
26.07.2026;09:00;250,01;5,30;4,66
26.07.2026;10:00;250,00;5,30;4,66
26.07.2026;11:00;250,01;5,30;4,66
26.07.2026;12:00;240,01;5,09;4,47
26.07.2026;13:00;304,00;6,45;5,66
26.07.2026;14:00;999,99;21,20;18,62
26.07.2026;15:00;1.499,98;31,80;27,94
26.07.2026;16:00;656,02;13,91;12,22
26.07.2026;17:00;2.999,01;63,59;55,85
26.07.2026;18:00;3.544,01;75,14;66,00
26.07.2026;19:00;4.300,00;91,17;80,08
26.07.2026;20:00;4.044,00;85,74;75,31
26.07.2026;21:00;3.777,01;80,08;70,34
26.07.2026;22:00;3.743,00;79,36;69,71
26.07.2026;23:00;3.595,01;76,22;66,95
27.07.2026;00:00;3.560,50;75,49;66,31
27.07.2026;01:00;2.597,50;55,07;48,37
27.07.2026;02:00;2.597,50;55,07;48,37
27.07.2026;03:00;2.985,00;63,29;55,59
27.07.2026;04:00;3.250,00;68,91;60,53
27.07.2026;05:00;3.192,45;67,69;59,46
27.07.2026;06:00;2.597,49;55,07;48,37
27.07.2026;07:00;1.812,56;38,43;33,76
27.07.2026;08:00;2.597,50;55,07;48,37
27.07.2026;09:00;2.100,00;44,52;39,11
27.07.2026;10:00;1.988,67;42,16;37,04
27.07.2026;11:00;2.284,99;48,45;42,55
27.07.2026;12:00;1.000,00;21,20;18,62
27.07.2026;13:00;2.050,00;43,46;38,18
27.07.2026;14:00;2.100,00;44,52;39,11
27.07.2026;15:00;1.499,98;31,80;27,94
27.07.2026;16:00;2.790,01;59,15;51,96
27.07.2026;17:00;3.964,33;84,05;73,83
27.07.2026;18:00;3.000,01;63,61;55,87
27.07.2026;19:00;4.300,00;91,17;80,08
27.07.2026;20:00;4.500,00;95,41;83,81
27.07.2026;21:00;4.500,00;95,41;83,81
27.07.2026;22:00;3.964,34;84,05;73,83
27.07.2026;23:00;3.780,01;80,14;70,40
28.07.2026;00:00;3.891,68;82,51;72,48
28.07.2026;01:00;3.499,99;74,21;65,18
28.07.2026;02:00;2.850,00;60,43;53,08
28.07.2026;03:00;3.749,93;79,51;69,84
28.07.2026;04:00;3.500,00;74,21;65,18
28.07.2026;05:00;3.499,48;74,20;65,17
28.07.2026;06:00;3.589,01;76,10;66,84
28.07.2026;07:00;1.999,99;42,40;37,25
28.07.2026;08:00;2.750,00;58,31;51,22
28.07.2026;09:00;2.228,80;47,26;41,51
28.07.2026;10:00;1.400,01;29,68;26,07
28.07.2026;11:00;2.011,00;42,64;37,45
28.07.2026;12:00;330,00;7,00;6,15
28.07.2026;13:00;1.400,01;29,68;26,07
28.07.2026;14:00;1.500,00;31,80;27,94
28.07.2026;15:00;1.001,00;21,22;18,64
28.07.2026;16:00;1.999,98;42,40;37,25
28.07.2026;17:00;2.798,00;59,32;52,11
28.07.2026;18:00;3.023,61;64,11;56,31
28.07.2026;19:00;3.685,00;78,13;68,63
28.07.2026;20:00;4.000,00;84,81;74,49
28.07.2026;21:00;3.750,00;79,51;69,84
28.07.2026;22:00;3.398,01;72,05;63,28
28.07.2026;23:00;2.749,99;58,31;51,21
29.07.2026;00:00;3.000,00;63,47;55,68
29.07.2026;01:00;1.499,98;31,73;27,84
29.07.2026;02:00;1.499,98;31,73;27,84
29.07.2026;03:00;1.600,01;33,85;29,70
29.07.2026;04:00;1.899,99;40,20;35,27
29.07.2026;05:00;1.800,01;38,08;33,41
29.07.2026;06:00;1.725,01;36,49;32,02
29.07.2026;07:00;500,00;10,58;9,28
29.07.2026;08:00;1.499,98;31,73;27,84
29.07.2026;09:00;1.499,98;31,73;27,84
29.07.2026;10:00;900,00;19,04;16,71
29.07.2026;11:00;800,00;16,92;14,85
29.07.2026;12:00;252,00;5,33;4,68
29.07.2026;13:00;500,01;10,58;9,28
29.07.2026;14:00;1.499,97;31,73;27,84
29.07.2026;15:00;997,00;21,09;18,51
29.07.2026;16:00;1.555,99;32,92;28,88
29.07.2026;17:00;2.888,11;61,10;53,61
29.07.2026;18:00;2.050,01;43,37;38,05
29.07.2026;19:00;3.650,99;77,24;67,77
29.07.2026;20:00;3.995,01;84,52;74,15
29.07.2026;21:00;3.795,00;80,29;70,44
29.07.2026;22:00;3.000,00;63,47;55,68
29.07.2026;23:00;2.000,00;42,31;37,12
30.07.2026;00:00;2.849,99;60,27;53,03
30.07.2026;01:00;1.998,00;42,25;37,18
30.07.2026;02:00;1.994,94;42,19;37,12
30.07.2026;03:00;1.999,98;42,29;37,21
30.07.2026;04:00;1.949,99;41,23;36,28
30.07.2026;05:00;1.555,99;32,90;28,95
30.07.2026;06:00;1.997,99;42,25;37,18
30.07.2026;07:00;998,00;21,10;18,57
30.07.2026;08:00;2.100,00;44,41;39,07
30.07.2026;09:00;1.499,97;31,72;27,91
30.07.2026;10:00;1.400,00;29,60;26,05
30.07.2026;11:00;1.249,99;26,43;23,26
30.07.2026;12:00;310,01;6,56;5,77
30.07.2026;13:00;1.000,00;21,15;18,61
30.07.2026;14:00;800,00;16,92;14,89
30.07.2026;15:00;1.556,00;32,90;28,95
30.07.2026;16:00;1.509,44;31,92;28,09
30.07.2026;17:00;2.200,00;46,52;40,93
30.07.2026;18:00;2.451,00;51,83;45,60
30.07.2026;19:00;4.000,00;84,58;74,43
30.07.2026;20:00;4.199,47;88,80;78,14
30.07.2026;21:00;4.099,99;86,70;76,29
30.07.2026;22:00;3.349,01;70,82;62,31
30.07.2026;23:00;2.999,99;63,44;55,82
31.07.2026;00:00;2.388,01;50,48;44,32
31.07.2026;01:00;2.153,63;45,52;39,97
31.07.2026;02:00;1.671,99;35,34;31,03
31.07.2026;03:00;1.800,01;38,05;33,40
31.07.2026;04:00;1.750,00;36,99;32,48
31.07.2026;05:00;1.750,00;36,99;32,48
31.07.2026;06:00;2.100,00;44,39;38,97
31.07.2026;07:00;1.042,00;22,03;19,34
31.07.2026;08:00;2.305,00;48,72;42,77
31.07.2026;09:00;1.999,98;42,28;37,11
31.07.2026;10:00;1.200,00;25,37;22,27
31.07.2026;11:00;1.499,97;31,71;27,84
31.07.2026;12:00;455,99;9,64;8,46
31.07.2026;13:00;550,00;11,63;10,21
31.07.2026;14:00;2.400,00;50,73;44,54
31.07.2026;15:00;1.499,97;31,71;27,84
31.07.2026;16:00;1.550,00;32,76;28,76
31.07.2026;17:00;2.400,00;50,73;44,54
31.07.2026;18:00;2.849,99;60,24;52,89
31.07.2026;19:00;4.099,99;86,67;76,08
31.07.2026;20:00;4.200,01;88,78;77,94
31.07.2026;21:00;3.895,00;82,33;72,28
31.07.2026;22:00;3.023,61;63,91;56,11
31.07.2026;23:00;2.790,01;58,98;51,78
01.08.2026;00:00;3.023,60;63,89;55,76
01.08.2026;01:00;3.000,00;63,39;55,32
01.08.2026;02:00;2.849,99;60,22;52,56
01.08.2026;03:00;2.874,99;60,75;53,02
01.08.2026;04:00;2.750,00;58,11;50,71
01.08.2026;05:00;2.399,99;50,71;44,26
01.08.2026;06:00;2.999,99;63,39;55,32
01.08.2026;07:00;1.400,00;29,58;25,82
01.08.2026;08:00;1.200,00;25,36;22,13
01.08.2026;09:00;998,00;21,09;18,40
01.08.2026;10:00;500,00;10,56;9,22
01.08.2026;11:00;998,00;21,09;18,40
01.08.2026;12:00;350,00;7,40;6,45
01.08.2026;13:00;1.400,00;29,58;25,82
01.08.2026;14:00;2.644,49;55,88;48,77
01.08.2026;15:00;1.499,97;31,69;27,66
01.08.2026;16:00;1.499,99;31,69;27,66
01.08.2026;17:00;2.300,01;48,60;42,41
01.08.2026;18:00;2.330,01;49,23;42,97
01.08.2026;19:00;4.127,00;87,20;76,11
01.08.2026;20:00;4.300,01;90,86;79,30
01.08.2026;21:00;4.200,01;88,74;77,45
01.08.2026;22:00;3.499,97;73,95;64,54
01.08.2026;23:00;3.407,01;71,99;62,83
02.08.2026;00:00;4.000,00;84,49;73,42
02.08.2026;01:00;3.787,99;80,01;69,52
02.08.2026;02:00;2.912,68;61,52;53,46
02.08.2026;03:00;3.000,00;63,36;55,06
02.08.2026;04:00;3.400,00;71,81;62,40
02.08.2026;05:00;3.249,99;68,64;59,65
02.08.2026;06:00;2.499,99;52,80;45,88
02.08.2026;07:00;1.499,98;31,68;27,53
02.08.2026;08:00;1.499,97;31,68;27,53
02.08.2026;09:00;500,00;10,56;9,18
02.08.2026;10:00;250,35;5,29;4,59
02.08.2026;11:00;300,01;6,34;5,51
02.08.2026;12:00;300,01;6,34;5,51
02.08.2026;13:00;1.027,00;21,69;18,85
02.08.2026;14:00;1.556,00;32,87;28,56
02.08.2026;15:00;1.556,00;32,87;28,56
02.08.2026;16:00;2.498,00;52,76;45,85
02.08.2026;17:00;1.499,98;31,68;27,53
02.08.2026;18:00;2.498,00;52,76;45,85
02.08.2026;19:00;3.299,99;69,70;60,57
02.08.2026;20:00;3.875,99;81,87;71,14
02.08.2026;21:00;4.000,01;84,49;73,42
02.08.2026;22:00;3.397,18;71,75;62,35
02.08.2026;23:00;3.397,18;71,75;62,35
03.08.2026;00:00;3.500,00;73,93;64,24
03.08.2026;01:00;3.000,00;63,36;55,06
03.08.2026;02:00;3.130,69;66,12;57,46
03.08.2026;03:00;3.101,99;65,52;56,93
03.08.2026;04:00;3.370,01;71,18;61,85
03.08.2026;05:00;3.250,00;68,64;59,65
03.08.2026;06:00;2.999,99;63,36;55,06
03.08.2026;07:00;2.700,00;57,03;49,56
03.08.2026;08:00;3.802,29;80,31;69,79
03.08.2026;09:00;3.600,00;76,04;66,07
03.08.2026;10:00;2.999,99;63,36;55,06
03.08.2026;11:00;3.437,01;72,59;63,08
03.08.2026;12:00;2.330,00;49,21;42,76
03.08.2026;13:00;3.437,01;72,59;63,08
03.08.2026;14:00;3.437,00;72,59;63,08
03.08.2026;15:00;3.123,49;65,97;57,33
03.08.2026;16:00;3.101,99;65,52;56,93
03.08.2026;17:00;3.800,00;80,26;69,75
03.08.2026;18:00;3.930,17;83,01;72,13
03.08.2026;19:00;4.499,99;95,05;82,59
03.08.2026;20:00;4.500,00;95,05;82,59
03.08.2026;21:00;4.400,01;92,93;80,76
03.08.2026;22:00;3.500,00;73,93;64,24
03.08.2026;23:00;3.436,01;72,57;63,06
04.08.2026;00:00;3.444,01;72,74;63,21
04.08.2026;01:00;3.544,86;74,87;65,06
04.08.2026;02:00;3.370,01;71,18;61,85
04.08.2026;03:00;3.000,00;63,36;55,06
04.08.2026;04:00;3.300,00;69,70;60,57
04.08.2026;05:00;3.300,00;69,70;60,57
04.08.2026;06:00;3.599,99;76,04;66,07
04.08.2026;07:00;2.400,00;50,69;44,05
04.08.2026;08:00;3.299,99;69,70;60,57
04.08.2026;09:00;2.999,99;63,36;55,06
04.08.2026;10:00;2.199,01;46,45;40,36
04.08.2026;11:00;2.330,01;49,21;42,76
04.08.2026;12:00;1.470,40;31,06;26,99
04.08.2026;13:00;2.199,99;46,47;40,38
04.08.2026;14:00;2.300,00;48,58;42,21
04.08.2026;15:00;2.673,86;56,48;49,08
04.08.2026;16:00;3.743,00;79,06;68,70
04.08.2026;17:00;3.597,00;75,97;66,02
04.08.2026;18:00;3.524,01;74,43;64,68
04.08.2026;19:00;4.394,94;92,83;80,66
04.08.2026;20:00;4.404,99;93,04;80,85
04.08.2026;21:00;4.399,00;92,91;80,74
04.08.2026;22:00;3.742,99;79,06;68,70
04.08.2026;23:00;3.398,95;71,79;62,38
05.08.2026;00:00;3.600,00;75,87;65,83
05.08.2026;01:00;3.250,01;68,49;59,43
05.08.2026;02:00;3.483,43;73,41;63,70
05.08.2026;03:00;3.250,00;68,49;59,43
05.08.2026;04:00;3.463,99;73,00;63,34
05.08.2026;05:00;3.463,99;73,00;63,34
05.08.2026;06:00;3.262,49;68,76;59,66
05.08.2026;07:00;2.600,00;54,79;47,54
05.08.2026;08:00;3.183,22;67,09;58,21
05.08.2026;09:00;2.984,13;62,89;54,57
05.08.2026;10:00;2.000,00;42,15;36,57
05.08.2026;11:00;2.451,00;51,65;44,82
05.08.2026;12:00;1.499,97;31,61;27,43
05.08.2026;13:00;2.739,19;57,73;50,09
05.08.2026;14:00;2.994,99;63,12;54,76
05.08.2026;15:00;3.190,00;67,23;58,33
05.08.2026;16:00;3.483,43;73,41;63,70
05.08.2026;17:00;3.499,00;73,74;63,98
05.08.2026;18:00;3.400,00;71,65;62,17
05.08.2026;19:00;4.150,00;87,46;75,88
05.08.2026;20:00;4.300,01;90,62;78,63
05.08.2026;21:00;4.184,68;88,19;76,52
05.08.2026;22:00;3.484,01;73,43;63,71
05.08.2026;23:00;3.359,41;70,80;61,43
06.08.2026;00:00;3.600,00;75,84;65,88
06.08.2026;01:00;3.200,01;67,41;58,56
06.08.2026;02:00;3.175,86;66,90;58,12
06.08.2026;03:00;3.376,23;71,12;61,79
06.08.2026;04:00;3.529,99;74,36;64,60
06.08.2026;05:00;3.490,00;73,52;63,87
06.08.2026;06:00;2.899,01;61,07;53,06
06.08.2026;07:00;2.300,01;48,45;42,09
06.08.2026;08:00;3.400,00;71,63;62,22
06.08.2026;09:00;3.023,60;63,70;55,34
06.08.2026;10:00;2.320,00;48,87;42,46
06.08.2026;11:00;2.350,00;49,51;43,01
06.08.2026;12:00;1.499,98;31,60;27,45
06.08.2026;13:00;2.785,69;58,68;50,98
06.08.2026;14:00;3.000,00;63,20;54,90
06.08.2026;15:00;3.329,35;70,14;60,93
06.08.2026;16:00;3.400,01;71,63;62,22
06.08.2026;17:00;3.829,14;80,67;70,08
06.08.2026;18:00;3.709,08;78,14;67,88
06.08.2026;19:00;4.273,95;90,04;78,22
06.08.2026;20:00;4.400,00;92,69;80,53
06.08.2026;21:00;4.300,01;90,58;78,70
06.08.2026;22:00;4.000,00;84,26;73,20
06.08.2026;23:00;3.542,44;74,63;64,83
07.08.2026;00:00;3.594,01;75,68;65,57
07.08.2026;01:00;3.500,01;73,70;63,86
07.08.2026;02:00;3.300,00;69,49;60,21
07.08.2026;03:00;3.023,61;63,67;55,17
07.08.2026;04:00;3.366,00;70,88;61,41
07.08.2026;05:00;3.430,00;72,23;62,58
07.08.2026;06:00;3.400,00;71,60;62,03
07.08.2026;07:00;2.499,99;52,64;45,61
07.08.2026;08:00;3.600,00;75,81;65,68
07.08.2026;09:00;3.465,01;72,97;63,22
07.08.2026;10:00;2.858,00;60,18;52,14
07.08.2026;11:00;2.900,00;61,07;52,91
07.08.2026;12:00;1.499,98;31,59;27,37
07.08.2026;13:00;2.278,98;47,99;41,58
07.08.2026;14:00;3.395,00;71,49;61,94
07.08.2026;15:00;3.400,01;71,60;62,03
07.08.2026;16:00;3.400,01;71,60;62,03
07.08.2026;17:00;3.784,14;79,69;69,04
07.08.2026;18:00;3.999,99;84,23;72,98
07.08.2026;19:00;4.199,47;88,43;76,62
07.08.2026;20:00;4.400,01;92,66;80,28
07.08.2026;21:00;4.200,01;88,44;76,63
07.08.2026;22:00;3.999,99;84,23;72,98
07.08.2026;23:00;3.594,01;75,68;65,57
08.08.2026;00:00;3.998,00;84,16;72,91
08.08.2026;01:00;3.369,69;70,93;61,45
08.08.2026;02:00;3.200,00;67,36;58,36
08.08.2026;03:00;3.023,61;63,65;55,14
08.08.2026;04:00;3.010,00;63,36;54,89
08.08.2026;05:00;3.517,31;74,04;64,14
08.08.2026;06:00;3.500,00;73,68;63,83
08.08.2026;07:00;2.099,99;44,21;38,30
08.08.2026;08:00;1.499,99;31,58;27,35
08.08.2026;09:00;1.749,99;36,84;31,91
08.08.2026;10:00;1.556,00;32,75;28,38
08.08.2026;11:00;1.999,99;42,10;36,47
08.08.2026;12:00;925,01;19,47;16,87
08.08.2026;13:00;1.499,98;31,57;27,35
08.08.2026;14:00;1.499,99;31,58;27,35
08.08.2026;15:00;1.499,99;31,58;27,35
08.08.2026;16:00;2.330,00;49,05;42,49
08.08.2026;17:00;3.400,01;71,57;62,00
08.08.2026;18:00;3.490,01;73,47;63,64
08.08.2026;19:00;3.999,01;84,18;72,93
08.08.2026;20:00;4.059,02;85,44;74,02
08.08.2026;21:00;3.999,99;84,20;72,95
08.08.2026;22:00;3.460,00;72,83;63,10
08.08.2026;23:00;3.400,01;71,57;62,00
09.08.2026;00:00;3.899,96;82,06;71,20
09.08.2026;01:00;2.999,99;63,13;54,77
09.08.2026;02:00;2.699,99;56,81;49,29
09.08.2026;03:00;3.000,00;63,13;54,77
09.08.2026;04:00;2.640,00;55,55;48,20
09.08.2026;05:00;2.639,99;55,55;48,20
09.08.2026;06:00;2.874,99;60,50;52,49
09.08.2026;07:00;1.236,51;26,02;22,57
09.08.2026;08:00;250,00;5,26;4,56
09.08.2026;09:00;200,01;4,21;3,65
09.08.2026;10:00;175,00;3,68;3,19
09.08.2026;11:00;180,00;3,79;3,29
09.08.2026;12:00;180,01;3,79;3,29
09.08.2026;13:00;196,00;4,12;3,58
09.08.2026;14:00;175,00;3,68;3,19
09.08.2026;15:00;248,00;5,22;4,53
09.08.2026;16:00;545,59;11,48;9,96
09.08.2026;17:00;2.121,71;44,65;38,74
09.08.2026;18:00;2.499,01;52,59;45,62
09.08.2026;19:00;3.900,00;82,07;71,20
09.08.2026;20:00;3.999,99;84,17;73,03
09.08.2026;21:00;3.899,99;82,07;71,20
09.08.2026;22:00;3.500,00;73,65;63,90
09.08.2026;23:00;3.463,21;72,87;63,23
10.08.2026;00:00;3.800,00;79,96;69,37
10.08.2026;01:00;2.639,99;55,55;48,20
10.08.2026;02:00;1.800,00;37,88;32,86
10.08.2026;03:00;1.750,00;36,82;31,95
10.08.2026;04:00;1.999,99;42,08;36,51
10.08.2026;05:00;2.200,01;46,29;40,16
10.08.2026;06:00;1.700,00;35,77;31,04
10.08.2026;07:00;1.250,00;26,30;22,82
10.08.2026;08:00;2.149,99;45,24;39,25
10.08.2026;09:00;2.149,99;45,24;39,25
10.08.2026;10:00;1.499,98;31,56;27,38
10.08.2026;11:00;1.706,00;35,90;31,15
10.08.2026;12:00;1.499,97;31,56;27,38
10.08.2026;13:00;2.500,01;52,61;45,64
10.08.2026;14:00;3.487,37;73,38;63,67
10.08.2026;15:00;2.999,00;63,11;54,75
10.08.2026;16:00;3.658,01;76,97;66,78
10.08.2026;17:00;3.983,88;83,83;72,73
10.08.2026;18:00;3.794,01;79,84;69,27
10.08.2026;19:00;4.025,57;84,71;73,49
10.08.2026;20:00;4.300,00;90,48;78,50
10.08.2026;21:00;4.000,01;84,17;73,03
10.08.2026;22:00;3.600,00;75,75;65,72
10.08.2026;23:00;3.483,43;73,30;63,60
11.08.2026;00:00;3.562,72;74,97;65,04
11.08.2026;01:00;3.300,00;69,44;60,25
11.08.2026;02:00;3.225,00;67,86;58,88
11.08.2026;03:00;3.000,00;63,13;54,77
11.08.2026;04:00;3.000,01;63,13;54,77
11.08.2026;05:00;3.200,00;67,34;58,42
11.08.2026;06:00;2.887,17;60,75;52,71
11.08.2026;07:00;1.999,99;42,08;36,51
11.08.2026;08:00;3.469,00;73,00;63,33
11.08.2026;09:00;2.987,17;62,86;54,54
11.08.2026;10:00;2.484,98;52,29;45,37
11.08.2026;11:00;2.570,01;54,08;46,92
11.08.2026;12:00;1.559,52;32,82;28,47
11.08.2026;13:00;2.800,01;58,92;51,12
11.08.2026;14:00;3.285,99;69,15;59,99
11.08.2026;15:00;2.900,00;61,02;52,94
11.08.2026;16:00;3.286,00;69,15;59,99
11.08.2026;17:00;3.651,00;76,83;66,65
11.08.2026;18:00;3.580,00;75,33;65,36
11.08.2026;19:00;4.000,01;84,17;73,03
11.08.2026;20:00;4.299,02;90,46;78,49
11.08.2026;21:00;4.082,19;85,90;74,53
11.08.2026;22:00;3.000,00;63,13;54,77
11.08.2026;23:00;3.457,18;72,75;63,12
12.08.2026;00:00;3.850,01;80,84;69,95
12.08.2026;01:00;3.267,18;68,60;59,36
12.08.2026;02:00;3.000,00;62,99;54,50
12.08.2026;03:00;3.267,18;68,60;59,36
12.08.2026;04:00;3.300,00;69,29;59,95
12.08.2026;05:00;3.499,99;73,49;63,59
12.08.2026;06:00;3.285,99;69,00;59,70
12.08.2026;07:00;2.200,01;46,19;39,97
12.08.2026;08:00;3.100,01;65,09;56,32
12.08.2026;09:00;2.800,01;58,79;50,87
12.08.2026;10:00;1.998,99;41,97;36,32
12.08.2026;11:00;2.330,00;48,92;42,33
12.08.2026;12:00;1.256,00;26,37;22,82
12.08.2026;13:00;2.500,00;52,49;45,42
12.08.2026;14:00;2.370,00;49,76;43,06
12.08.2026;15:00;2.295,87;48,21;41,71
12.08.2026;16:00;3.296,04;69,21;59,88
12.08.2026;17:00;3.753,72;78,82;68,20
12.08.2026;18:00;3.366,00;70,68;61,15
12.08.2026;19:00;3.700,00;77,69;67,22
12.08.2026;20:00;4.000,00;83,99;72,67
12.08.2026;21:00;3.722,07;78,15;67,62
12.08.2026;22:00;3.534,01;74,20;64,21
12.08.2026;23:00;3.400,01;71,39;61,77
13.08.2026;00:00;3.496,13;73,37;63,60
13.08.2026;01:00;2.992,00;62,79;54,43
13.08.2026;02:00;2.700,09;56,66;49,12
13.08.2026;03:00;2.700,00;56,66;49,12
13.08.2026;04:00;2.500,01;52,47;45,48
13.08.2026;05:00;2.800,00;58,76;50,94
13.08.2026;06:00;2.700,00;56,66;49,12
13.08.2026;07:00;1.499,98;31,48;27,29
13.08.2026;08:00;2.399,99;50,37;43,66
13.08.2026;09:00;2.199,01;46,15;40,00
13.08.2026;10:00;1.987,18;41,70;36,15
13.08.2026;11:00;2.100,00;44,07;38,20
13.08.2026;12:00;1.000,01;20,99;18,19
13.08.2026;13:00;1.999,98;41,97;36,38
13.08.2026;14:00;3.000,00;62,96;54,58
13.08.2026;15:00;2.899,01;60,84;52,74
13.08.2026;16:00;2.999,01;62,94;54,56
13.08.2026;17:00;3.121,06;65,50;56,78
13.08.2026;18:00;3.000,00;62,96;54,58
13.08.2026;19:00;3.876,00;81,34;70,51
13.08.2026;20:00;4.000,00;83,94;72,77
13.08.2026;21:00;3.860,00;81,01;70,22
13.08.2026;22:00;3.387,18;71,08;61,62
13.08.2026;23:00;2.330,01;48,90;42,39
14.08.2026;00:00;3.479,51;72,99;63,27
14.08.2026;01:00;2.984,98;62,62;54,27
14.08.2026;02:00;2.284,50;47,93;41,54
14.08.2026;03:00;1.990,01;41,75;36,18
14.08.2026;04:00;1.900,00;39,86;34,55
14.08.2026;05:00;2.002,02;42,00;36,40
14.08.2026;06:00;2.099,99;44,05;38,18
14.08.2026;07:00;1.484,85;31,15;27,00
14.08.2026;08:00;2.682,00;56,26;48,76
14.08.2026;09:00;1.999,98;41,96;36,36
14.08.2026;10:00;1.996,00;41,87;36,29
14.08.2026;11:00;2.199,99;46,15;40,00
14.08.2026;12:00;1.499,97;31,47;27,27
14.08.2026;13:00;1.999,98;41,96;36,36
14.08.2026;14:00;3.075,01;64,51;55,91
14.08.2026;15:00;2.999,99;62,94;54,55
14.08.2026;16:00;2.999,99;62,94;54,55
14.08.2026;17:00;3.636,01;76,28;66,11
14.08.2026;18:00;3.600,00;75,52;65,46
14.08.2026;19:00;3.744,48;78,55;68,08
14.08.2026;20:00;4.142,43;86,90;75,32
14.08.2026;21:00;3.974,88;83,39;72,27
14.08.2026;22:00;3.385,00;71,01;61,55
14.08.2026;23:00;3.536,00;74,18;64,29
15.08.2026;00:00;3.500,00;73,40;63,66
15.08.2026;01:00;2.995,01;62,81;54,48
15.08.2026;02:00;2.519,99;52,85;45,84
15.08.2026;03:00;2.279,99;47,81;41,47
15.08.2026;04:00;2.279,99;47,81;41,47
15.08.2026;05:00;2.400,00;50,33;43,66
15.08.2026;06:00;2.520,00;52,85;45,84
15.08.2026;07:00;1.629,99;34,18;29,65
15.08.2026;08:00;1.587,00;33,28;28,87
15.08.2026;09:00;1.389,98;29,15;25,28
15.08.2026;10:00;1.065,01;22,33;19,37
15.08.2026;11:00;1.299,99;27,26;23,65
15.08.2026;12:00;989,89;20,76;18,01
15.08.2026;13:00;1.499,99;31,46;27,28
15.08.2026;14:00;2.012,00;42,19;36,60
15.08.2026;15:00;1.400,01;29,36;25,47
15.08.2026;16:00;2.012,00;42,19;36,60
15.08.2026;17:00;3.100,01;65,01;56,39
15.08.2026;18:00;3.464,99;72,66;63,03
15.08.2026;19:00;3.694,00;77,47;67,19
15.08.2026;20:00;3.894,99;81,68;70,85
15.08.2026;21:00;3.744,47;78,52;68,11
15.08.2026;22:00;3.250,01;68,15;59,12
15.08.2026;23:00;3.096,99;64,95;56,33
16.08.2026;00:00;3.184,00;66,72;57,74
16.08.2026;01:00;3.029,99;63,49;54,95
16.08.2026;02:00;2.894,00;60,64;52,49
16.08.2026;03:00;3.055,00;64,02;55,41
16.08.2026;04:00;3.200,01;67,06;58,04
16.08.2026;05:00;3.494,48;73,23;63,38
16.08.2026;06:00;3.766,93;78,94;68,32
16.08.2026;07:00;2.498,03;52,35;45,30
16.08.2026;08:00;999,99;20,96;18,14
16.08.2026;09:00;574,99;12,05;10,43
16.08.2026;10:00;303,00;6,35;5,50
16.08.2026;11:00;350,00;7,33;6,35
16.08.2026;12:00;499,99;10,48;9,07
16.08.2026;13:00;1.499,98;31,43;27,20
16.08.2026;14:00;2.893,99;60,64;52,49
16.08.2026;15:00;1.499,99;31,43;27,20
16.08.2026;16:00;1.556,00;32,61;28,22
16.08.2026;17:00;2.990,01;62,66;54,23
16.08.2026;18:00;3.344,99;70,10;60,66
16.08.2026;19:00;3.584,01;75,10;65,00
16.08.2026;20:00;3.795,01;79,53;68,83
16.08.2026;21:00;3.800,00;79,63;68,92
16.08.2026;22:00;3.590,00;75,23;65,11
16.08.2026;23:00;3.665,01;76,80;66,47
17.08.2026;00:00;3.584,00;75,10;65,00
17.08.2026;01:00;3.200,00;67,06;58,04
17.08.2026;02:00;3.200,00;67,06;58,04
17.08.2026;03:00;3.000,00;62,87;54,41
17.08.2026;04:00;2.799,18;58,66;50,77
17.08.2026;05:00;2.900,01;60,77;52,59
17.08.2026;06:00;3.075,00;64,44;55,77
17.08.2026;07:00;2.400,00;50,29;43,53
17.08.2026;08:00;3.875,00;81,20;70,28
17.08.2026;09:00;3.700,00;77,53;67,10
17.08.2026;10:00;2.879,99;60,35;52,23
17.08.2026;11:00;3.232,00;67,73;58,62
17.08.2026;12:00;2.799,18;58,66;50,77
17.08.2026;13:00;3.500,00;73,34;63,48
17.08.2026;14:00;3.482,30;72,97;63,15
17.08.2026;15:00;3.023,61;63,36;54,84
17.08.2026;16:00;3.232,00;67,73;58,62
17.08.2026;17:00;3.974,74;83,29;72,09
17.08.2026;18:00;3.733,53;78,24;67,71
17.08.2026;19:00;4.299,94;90,11;77,98
17.08.2026;20:00;4.500,00;94,30;81,61
17.08.2026;21:00;4.299,93;90,11;77,98
17.08.2026;22:00;3.768,00;78,96;68,34
17.08.2026;23:00;3.480,00;72,92;63,11
18.08.2026;00:00;3.999,99;83,82;72,54
18.08.2026;01:00;3.433,98;71,96;62,28
18.08.2026;02:00;3.365,08;70,52;61,03
18.08.2026;03:00;3.400,01;71,25;61,66
18.08.2026;04:00;3.433,99;71,96;62,28
18.08.2026;05:00;3.498,99;73,32;63,46
18.08.2026;06:00;3.496,93;73,28;63,42
18.08.2026;07:00;2.973,74;62,32;53,93
18.08.2026;08:00;3.773,79;79,08;68,44
18.08.2026;09:00;3.023,60;63,36;54,84
18.08.2026;10:00;2.330,00;48,83;42,26
18.08.2026;11:00;2.330,00;48,83;42,26
18.08.2026;12:00;1.499,97;31,43;27,20
18.08.2026;13:00;2.330,00;48,83;42,26
18.08.2026;14:00;2.828,01;59,26;51,29
18.08.2026;15:00;2.973,74;62,32;53,93
18.08.2026;16:00;3.741,01;78,39;67,85
18.08.2026;17:00;3.990,01;83,61;72,36
18.08.2026;18:00;3.899,99;81,73;70,73
18.08.2026;19:00;4.500,00;94,30;81,61
18.08.2026;20:00;4.500,00;94,30;81,61
18.08.2026;21:00;4.500,00;94,30;81,61
18.08.2026;22:00;3.494,47;73,23;63,38
18.08.2026;23:00;3.594,01;75,31;65,18
19.08.2026;00:00;3.584,01;74,96;64,64
19.08.2026;01:00;3.476,06;72,70;62,69
19.08.2026;02:00;3.300,00;69,02;59,52
19.08.2026;03:00;3.023,60;63,24;54,53
19.08.2026;04:00;3.250,00;67,98;58,62
19.08.2026;05:00;3.400,00;71,11;61,32
19.08.2026;06:00;3.299,99;69,02;59,52
19.08.2026;07:00;2.941,98;61,53;53,06
19.08.2026;08:00;3.400,00;71,11;61,32
19.08.2026;09:00;2.700,01;56,47;48,70
19.08.2026;10:00;1.700,00;35,56;30,66
19.08.2026;11:00;1.800,00;37,65;32,46
19.08.2026;12:00;1.488,99;31,14;26,86
19.08.2026;13:00;2.470,00;51,66;44,55
19.08.2026;14:00;2.800,01;58,56;50,50
19.08.2026;15:00;1.999,99;41,83;36,07
19.08.2026;16:00;2.999,99;62,75;54,11
19.08.2026;17:00;3.999,99;83,66;72,14
19.08.2026;18:00;3.600,00;75,30;64,93
19.08.2026;19:00;4.372,31;91,45;78,86
19.08.2026;20:00;4.400,01;92,03;79,36
19.08.2026;21:00;3.872,07;80,99;69,84
19.08.2026;22:00;3.376,96;70,63;60,91
19.08.2026;23:00;3.365,99;70,40;60,71
20.08.2026;00:00;3.590,00;75,06;64,84
20.08.2026;01:00;3.393,94;70,96;61,30
20.08.2026;02:00;3.323,70;69,49;60,03
20.08.2026;03:00;3.075,00;64,29;55,54
20.08.2026;04:00;2.899,01;60,61;52,36
20.08.2026;05:00;3.000,00;62,72;54,18
20.08.2026;06:00;2.974,79;62,20;53,73
20.08.2026;07:00;2.470,00;51,64;44,61
20.08.2026;08:00;2.999,99;62,72;54,18
20.08.2026;09:00;2.500,00;52,27;45,15
20.08.2026;10:00;2.295,88;48,00;41,47
20.08.2026;11:00;2.273,98;47,54;41,07
20.08.2026;12:00;1.499,98;31,36;27,09
20.08.2026;13:00;1.999,99;41,82;36,12
20.08.2026;14:00;2.550,00;53,31;46,06
20.08.2026;15:00;3.190,01;66,70;57,62
20.08.2026;16:00;3.390,01;70,88;61,23
20.08.2026;17:00;3.479,51;72,75;62,85
20.08.2026;18:00;3.700,00;77,36;66,83
20.08.2026;19:00;4.250,01;88,86;76,76
20.08.2026;20:00;4.293,95;89,78;77,56
20.08.2026;21:00;3.975,00;83,11;71,79
20.08.2026;22:00;3.495,30;73,08;63,13
20.08.2026;23:00;3.390,00;70,88;61,23
21.08.2026;00:00;3.527,24;73,72;63,55
21.08.2026;01:00;3.446,29;72,03;62,09
21.08.2026;02:00;3.000,00;62,70;54,05
21.08.2026;03:00;3.199,00;66,86;57,63
21.08.2026;04:00;3.264,88;68,24;58,82
21.08.2026;05:00;3.470,19;72,53;62,52
21.08.2026;06:00;3.493,00;73,00;62,93
21.08.2026;07:00;2.700,00;56,43;48,64
21.08.2026;08:00;3.527,25;73,72;63,55
21.08.2026;09:00;3.400,01;71,06;61,25
21.08.2026;10:00;2.243,44;46,89;40,42
21.08.2026;11:00;2.399,99;50,16;43,24
21.08.2026;12:00;1.499,98;31,35;27,02
21.08.2026;13:00;1.999,00;41,78;36,01
21.08.2026;14:00;2.584,21;54,01;46,56
21.08.2026;15:00;2.300,01;48,07;41,44
21.08.2026;16:00;3.244,99;67,82;58,46
21.08.2026;17:00;3.590,00;75,03;64,68
21.08.2026;18:00;3.527,25;73,72;63,55
21.08.2026;19:00;4.250,00;88,83;76,57
21.08.2026;20:00;4.400,00;91,96;79,27
21.08.2026;21:00;4.227,25;88,35;76,16
21.08.2026;22:00;3.599,00;75,22;64,84
21.08.2026;23:00;3.527,24;73,72;63,55
22.08.2026;00:00;3.572,00;74,63;63,81
22.08.2026;01:00;3.611,11;75,44;64,51
22.08.2026;02:00;3.517,77;73,49;62,84
22.08.2026;03:00;3.443,47;71,94;61,52
22.08.2026;04:00;3.000,00;62,68;53,59
22.08.2026;05:00;3.494,00;73,00;62,42
22.08.2026;06:00;3.611,12;75,45;64,51
22.08.2026;07:00;3.333,34;69,64;59,55
22.08.2026;08:00;3.499,99;73,12;62,53
22.08.2026;09:00;2.925,00;61,11;52,25
22.08.2026;10:00;2.300,00;48,05;41,09
22.08.2026;11:00;2.900,01;60,59;51,81
22.08.2026;12:00;2.099,99;43,87;37,52
22.08.2026;13:00;2.999,00;62,66;53,58
22.08.2026;14:00;3.385,01;70,72;60,47
22.08.2026;15:00;3.033,62;63,38;54,20
22.08.2026;16:00;3.517,78;73,50;62,84
22.08.2026;17:00;3.690,01;77,09;65,92
22.08.2026;18:00;3.800,14;79,39;67,89
22.08.2026;19:00;4.500,00;94,02;80,39
22.08.2026;20:00;4.500,00;94,02;80,39
22.08.2026;21:00;4.427,18;92,49;79,09
22.08.2026;22:00;3.788,78;79,16;67,69
22.08.2026;23:00;3.457,78;72,24;61,77
23.08.2026;00:00;3.572,00;74,60;63,77
23.08.2026;01:00;3.489,06;72,87;62,29
23.08.2026;02:00;3.000,00;62,66;53,56
23.08.2026;03:00;3.320,00;69,34;59,27
23.08.2026;04:00;3.380,90;70,61;60,36
23.08.2026;05:00;3.379,93;70,59;60,34
23.08.2026;06:00;4.100,01;85,63;73,19
23.08.2026;07:00;3.000,01;62,66;53,56
23.08.2026;08:00;1.499,97;31,33;26,78
23.08.2026;09:00;1.499,97;31,33;26,78
23.08.2026;10:00;921,00;19,24;16,44
23.08.2026;11:00;595,00;12,43;10,62
23.08.2026;12:00;250,01;5,22;4,46
23.08.2026;13:00;303,00;6,33;5,41
23.08.2026;14:00;456,00;9,52;8,14
23.08.2026;15:00;655,99;13,70;11,71
23.08.2026;16:00;960,00;20,05;17,14
23.08.2026;17:00;2.603,64;54,38;46,48
23.08.2026;18:00;2.668,99;55,74;47,65
23.08.2026;19:00;3.800,01;79,37;67,84
23.08.2026;20:00;4.067,86;84,96;72,62
23.08.2026;21:00;3.911,01;81,68;69,82
23.08.2026;22:00;3.489,06;72,87;62,29
23.08.2026;23:00;2.800,01;58,48;49,99
24.08.2026;00:00;3.667,59;76,60;65,47
24.08.2026;01:00;2.700,00;56,39;48,20
24.08.2026;02:00;2.019,00;42,17;36,04
24.08.2026;03:00;1.999,99;41,77;35,70
24.08.2026;04:00;2.019,00;42,17;36,04
24.08.2026;05:00;2.265,30;47,31;40,44
24.08.2026;06:00;2.019,01;42,17;36,04
24.08.2026;07:00;1.000,00;20,89;17,85
24.08.2026;08:00;2.900,01;60,57;51,77
24.08.2026;09:00;2.400,00;50,13;42,84
24.08.2026;10:00;2.023,75;42,27;36,13
24.08.2026;11:00;2.198,11;45,91;39,24
24.08.2026;12:00;1.400,00;29,24;24,99
24.08.2026;13:00;1.722,40;35,97;30,75
24.08.2026;14:00;2.800,00;58,48;49,99
24.08.2026;15:00;2.330,01;48,66;41,60
24.08.2026;16:00;3.472,38;72,52;61,99
24.08.2026;17:00;3.697,00;77,21;66,00
24.08.2026;18:00;3.790,86;79,17;67,67
24.08.2026;19:00;4.249,53;88,75;75,86
24.08.2026;20:00;4.249,53;88,75;75,86
24.08.2026;21:00;3.986,47;83,26;71,17
24.08.2026;22:00;3.200,01;66,83;57,13
24.08.2026;23:00;3.468,87;72,45;61,93
25.08.2026;00:00;3.697,00;77,21;66,00
25.08.2026;01:00;3.300,00;68,92;58,91
25.08.2026;02:00;3.300,00;68,92;58,91
25.08.2026;03:00;2.900,00;60,57;51,77
25.08.2026;04:00;2.900,01;60,57;51,77
25.08.2026;05:00;3.187,32;66,57;56,90
25.08.2026;06:00;2.904,99;60,67;51,86
25.08.2026;07:00;1.499,98;31,33;26,78
25.08.2026;08:00;2.875,00;60,05;51,32
25.08.2026;09:00;2.330,01;48,66;41,60
25.08.2026;10:00;2.154,99;45,01;38,47
25.08.2026;11:00;2.319,99;48,45;41,42
25.08.2026;12:00;1.499,97;31,33;26,78
25.08.2026;13:00;2.949,01;61,59;52,65
25.08.2026;14:00;2.949,01;61,59;52,65
25.08.2026;15:00;2.800,00;58,48;49,99
25.08.2026;16:00;3.277,24;68,45;58,51
25.08.2026;17:00;3.594,47;75,07;64,17
25.08.2026;18:00;3.323,70;69,42;59,33
25.08.2026;19:00;4.183,43;87,37;74,68
25.08.2026;20:00;4.295,00;89,70;76,67
25.08.2026;21:00;3.827,01;79,93;68,32
25.08.2026;22:00;3.473,00;72,54;62,00
25.08.2026;23:00;3.400,00;71,01;60,70
26.08.2026;00:00;3.800,00;79,18;67,86
26.08.2026;01:00;3.366,58;70,15;60,12
26.08.2026;02:00;3.246,28;67,64;57,98
26.08.2026;03:00;3.023,61;63,00;54,00
26.08.2026;04:00;3.071,99;64,01;54,86
26.08.2026;05:00;3.400,01;70,84;60,72
26.08.2026;06:00;3.442,33;71,73;61,48
26.08.2026;07:00;3.250,00;67,72;58,04
26.08.2026;08:00;3.800,00;79,18;67,86
26.08.2026;09:00;3.615,12;75,33;64,56
26.08.2026;10:00;3.365,99;70,14;60,11
26.08.2026;11:00;3.466,01;72,22;61,90
26.08.2026;12:00;2.699,99;56,26;48,22
26.08.2026;13:00;3.597,99;74,97;64,26
26.08.2026;14:00;3.466,01;72,22;61,90
26.08.2026;15:00;2.899,01;60,41;51,77
26.08.2026;16:00;3.800,01;79,18;67,86
26.08.2026;17:00;4.489,99;93,56;80,19
26.08.2026;18:00;4.500,00;93,76;80,37
26.08.2026;19:00;4.500,00;93,76;80,37
26.08.2026;20:00;4.500,00;93,76;80,37
26.08.2026;21:00;4.500,00;93,76;80,37
26.08.2026;22:00;3.749,69;78,13;66,97
26.08.2026;23:00;3.689,01;76,87;65,88
27.08.2026;00:00;3.477,00;72,42;62,10
27.08.2026;01:00;3.505,00;73,00;62,60
27.08.2026;02:00;3.420,30;71,24;61,09
27.08.2026;03:00;3.400,00;70,82;60,73
27.08.2026;04:00;3.000,00;62,48;53,58
27.08.2026;05:00;3.431,57;71,47;61,29
27.08.2026;06:00;3.477,00;72,42;62,10
27.08.2026;07:00;2.258,29;47,04;40,33
27.08.2026;08:00;3.594,47;74,87;64,20
27.08.2026;09:00;3.594,47;74,87;64,20
27.08.2026;10:00;3.264,99;68,00;58,31
27.08.2026;11:00;3.500,00;72,90;62,51
27.08.2026;12:00;2.125,99;44,28;37,97
27.08.2026;13:00;3.594,48;74,87;64,20
27.08.2026;14:00;3.483,17;72,55;62,21
27.08.2026;15:00;3.265,00;68,00;58,31
27.08.2026;16:00;3.590,01;74,77;64,12
27.08.2026;17:00;3.700,00;77,06;66,08
27.08.2026;18:00;3.845,68;80,10;68,69
27.08.2026;19:00;4.300,00;89,56;76,80
27.08.2026;20:00;4.250,00;88,52;75,91
27.08.2026;21:00;4.077,00;84,92;72,82
27.08.2026;22:00;3.544,01;73,82;63,30
27.08.2026;23:00;3.495,29;72,80;62,43
28.08.2026;00:00;3.489,53;72,65;62,27
28.08.2026;01:00;3.400,01;70,79;60,67
28.08.2026;02:00;3.326,43;69,26;59,36
28.08.2026;03:00;3.323,70;69,20;59,31
28.08.2026;04:00;3.400,00;70,79;60,67
28.08.2026;05:00;3.649,99;76,00;65,13
28.08.2026;06:00;3.198,76;66,60;57,08
28.08.2026;07:00;2.099,99;43,72;37,47
28.08.2026;08:00;3.198,77;66,60;57,08
28.08.2026;09:00;2.330,00;48,51;41,58
28.08.2026;10:00;1.799,99;37,48;32,12
28.08.2026;11:00;2.298,14;47,85;41,01
28.08.2026;12:00;1.499,97;31,23;26,77
28.08.2026;13:00;1.750,00;36,44;31,23
28.08.2026;14:00;2.258,29;47,02;40,30
28.08.2026;15:00;1.499,97;31,23;26,77
28.08.2026;16:00;3.100,00;64,54;55,32
28.08.2026;17:00;3.634,01;75,66;64,85
28.08.2026;18:00;3.600,00;74,95;64,24
28.08.2026;19:00;3.995,01;83,18;71,29
28.08.2026;20:00;3.986,00;82,99;71,13
28.08.2026;21:00;3.594,47;74,84;64,14
28.08.2026;22:00;3.198,77;66,60;57,08
28.08.2026;23:00;2.600,00;54,13;46,40
29.08.2026;00:00;3.267,00;68,00;58,38
29.08.2026;01:00;2.999,99;62,44;53,61
29.08.2026;02:00;1.749,99;36,42;31,27
29.08.2026;03:00;1.749,99;36,42;31,27
29.08.2026;04:00;1.500,00;31,22;26,81
29.08.2026;05:00;2.989,78;62,23;53,43
29.08.2026;06:00;2.989,79;62,23;53,43
29.08.2026;07:00;1.880,00;39,13;33,60
29.08.2026;08:00;2.300,01;47,87;41,10
29.08.2026;09:00;2.258,30;47,00;40,36
29.08.2026;10:00;2.350,00;48,91;42,00
29.08.2026;11:00;2.100,00;43,71;37,53
29.08.2026;12:00;1.499,97;31,22;26,81
29.08.2026;13:00;1.999,99;41,63;35,74
29.08.2026;14:00;2.999,99;62,44;53,61
29.08.2026;15:00;1.515,01;31,53;27,07
29.08.2026;16:00;2.125,99;44,25;37,99
29.08.2026;17:00;3.266,99;68,00;58,38
29.08.2026;18:00;3.000,01;62,44;53,61
29.08.2026;19:00;3.820,00;79,51;68,27
29.08.2026;20:00;4.193,13;87,27;74,93
29.08.2026;21:00;3.857,24;80,28;68,93
29.08.2026;22:00;3.207,25;66,75;57,32
29.08.2026;23:00;2.413,64;50,24;43,13
30.08.2026;00:00;3.157,77;65,69;56,40
30.08.2026;01:00;2.500,00;52,00;44,66
30.08.2026;02:00;1.499,99;31,20;26,79
30.08.2026;03:00;1.499,99;31,20;26,79
30.08.2026;04:00;1.250,00;26,00;22,33
30.08.2026;05:00;2.238,30;46,56;39,98
30.08.2026;06:00;2.500,01;52,00;44,66
30.08.2026;07:00;3.475,10;72,29;62,07
30.08.2026;08:00;1.499,99;31,20;26,79
30.08.2026;09:00;800,01;16,64;14,29
30.08.2026;10:00;259,94;5,41;4,64
30.08.2026;11:00;250,00;5,20;4,47
30.08.2026;12:00;200,00;4,16;3,57
30.08.2026;13:00;302,99;6,30;5,41
30.08.2026;14:00;1.000,00;20,80;17,86
30.08.2026;15:00;1.499,98;31,20;26,79
30.08.2026;16:00;1.999,99;41,60;35,72
30.08.2026;17:00;3.000,00;62,40;53,59
30.08.2026;18:00;2.330,00;48,47;41,62
30.08.2026;19:00;3.509,99;73,01;62,70
30.08.2026;20:00;3.510,00;73,01;62,70
30.08.2026;21:00;3.157,78;65,69;56,40
30.08.2026;22:00;2.300,01;47,84;41,08
30.08.2026;23:00;2.000,00;41,60;35,72
31.08.2026;00:00;1.999,99;41,60;35,72
31.08.2026;01:00;1.518,41;31,59;27,12
31.08.2026;02:00;2.238,29;46,56;39,98
31.08.2026;03:00;2.470,00;51,38;44,12
31.08.2026;04:00;2.200,01;45,76;39,30
31.08.2026;05:00;2.055,00;42,75;36,71
31.08.2026;06:00;3.000,00;62,40;53,59
31.08.2026;07:00;2.300,00;47,84;41,08
31.08.2026;08:00;2.330,01;48,47;41,62
31.08.2026;09:00;2.500,00;52,00;44,66
31.08.2026;10:00;1.499,98;31,20;26,79
31.08.2026;11:00;2.238,30;46,56;39,98
31.08.2026;12:00;1.499,98;31,20;26,79
31.08.2026;13:00;3.000,00;62,40;53,59
31.08.2026;14:00;2.500,00;52,00;44,66
31.08.2026;15:00;1.499,98;31,20;26,79
31.08.2026;16:00;3.000,00;62,40;53,59
31.08.2026;17:00;3.700,00;76,97;66,09
31.08.2026;18:00;3.300,00;68,65;58,94
31.08.2026;19:00;3.975,00;82,69;71,00
31.08.2026;20:00;3.800,01;79,05;67,88
31.08.2026;21:00;3.649,99;75,93;65,20
31.08.2026;22:00;3.400,01;70,73;60,73
31.08.2026;23:00;3.050,00;63,44;54,48
