time_utc,time_turkey,delivery_month,contract_name,hourly_forward_TRY_MWh,source,interpolation_flag,extrapolation_flag,near_term_anchor_flag
2025-12-31T20:00:00+00:00,2025-12-31T23:00:00+03:00,2025-12,,2917.78,near_term_anchor:spot_to_next_linear,True,True,True
2025-12-31T21:00:00+00:00,2026-01-01T00:00:00+03:00,2026-01,,2917.757463087165,near_term_anchor:spot_to_next_linear,True,True,True
2025-12-31T22:00:00+00:00,2026-01-01T01:00:00+03:00,2026-01,,2917.734926174333,near_term_anchor:spot_to_next_linear,True,True,True
2025-12-31T23:00:00+00:00,2026-01-01T02:00:00+03:00,2026-01,,2917.712389261507,near_term_anchor:spot_to_next_linear,True,True,True
2026-01-01T00:00:00+00:00,2026-01-01T03:00:00+03:00,2026-01,,2917.6898523486893,near_term_anchor:spot_to_next_linear,True,True,True
2026-01-01T01:00:00+00:00,2026-01-01T04:00:00+03:00,2026-01,,2917.667315435881,near_term_anchor:spot_to_next_linear,True,True,True
2026-01-01T02:00:00+00:00,2026-01-01T05:00:00+03:00,2026-01,,2917.6447785230807,near_term_anchor:spot_to_next_linear,True,True,True
2026-01-01T03:00:00+00:00,2026-01-01T06:00:00+03:00,2026-01,,2917.622241610288,near_term_anchor:spot_to_next_linear,True,True,True
2026-01-01T04:00:00+00:00,2026-01-01T07:00:00+03:00,2026-01,,2917.5997046975017,near_term_anchor:spot_to_next_linear,True,True,True
2026-01-01T05:00:00+00:00,2026-01-01T08:00:00+03:00,2026-01,,2917.5771677847215,near_term_anchor:spot_to_next_linear,True,True,True
2026-01-01T06:00:00+00:00,2026-01-01T09:00:00+03:00,2026-01,,2917.5546308719463,near_term_anchor:spot_to_next_linear,True,True,True
2026-01-01T07:00:00+00:00,2026-01-01T10:00:00+03:00,2026-01,,2917.532093959175,near_term_anchor:spot_to_next_linear,True,True,True
2026-01-01T08:00:00+00:00,2026-01-01T11:00:00+03:00,2026-01,,2917.5095570464096,near_term_anchor:spot_to_next_linear,True,True,True
2026-01-01T09:00:00+00:00,2026-01-01T12:00:00+03:00,2026-01,,2917.48702013365,near_term_anchor:spot_to_next_linear,True,True,True
2026-01-01T10:00:00+00:00,2026-01-01T13:00:00+03:00,2026-01,,2917.464483220896,near_term_anchor:spot_to_next_linear,True,True,True
2026-01-01T11:00:00+00:00,2026-01-01T14:00:00+03:00,2026-01,,2917.4419463081476,near_term_anchor:spot_to_next_linear,True,True,True
2026-01-01T12:00:00+00:00,2026-01-01T15:00:00+03:00,2026-01,,2917.419409395404,near_term_anchor:spot_to_next_linear,True,True,True
2026-01-01T13:00:00+00:00,2026-01-01T16:00:00+03:00,2026-01,,2917.396872482664,near_term_anchor:spot_to_next_linear,True,True,True
2026-01-01T14:00:00+00:00,2026-01-01T17:00:00+03:00,2026-01,,2917.3743355699266,near_term_anchor:spot_to_next_linear,True,True,True
2026-01-01T15:00:00+00:00,2026-01-01T18:00:00+03:00,2026-01,,2917.351798657191,near_term_anchor:spot_to_next_linear,True,True,True
2026-01-01T16:00:00+00:00,2026-01-01T19:00:00+03:00,2026-01,,2917.329261744456,near_term_anchor:spot_to_next_linear,True,True,True
2026-01-01T17:00:00+00:00,2026-01-01T20:00:00+03:00,2026-01,,2917.306724831719,near_term_anchor:spot_to_next_linear,True,True,True
2026-01-01T18:00:00+00:00,2026-01-01T21:00:00+03:00,2026-01,,2917.2841879189787,near_term_anchor:spot_to_next_linear,True,True,True
2026-01-01T19:00:00+00:00,2026-01-01T22:00:00+03:00,2026-01,,2917.2616510062335,near_term_anchor:spot_to_next_linear,True,True,True
2026-01-01T20:00:00+00:00,2026-01-01T23:00:00+03:00,2026-01,,2917.239114093482,near_term_anchor:spot_to_next_linear,True,True,True
2026-01-01T21:00:00+00:00,2026-01-02T00:00:00+03:00,2026-01,,2917.216577180724,near_term_anchor:spot_to_next_linear,True,True,True
2026-01-01T22:00:00+00:00,2026-01-02T01:00:00+03:00,2026-01,,2917.194040267959,near_term_anchor:spot_to_next_linear,True,True,True
2026-01-01T23:00:00+00:00,2026-01-02T02:00:00+03:00,2026-01,,2917.171503355186,near_term_anchor:spot_to_next_linear,True,True,True
2026-01-02T00:00:00+00:00,2026-01-02T03:00:00+03:00,2026-01,,2917.1489664424053,near_term_anchor:spot_to_next_linear,True,True,True
2026-01-02T01:00:00+00:00,2026-01-02T04:00:00+03:00,2026-01,,2917.126429529615,near_term_anchor:spot_to_next_linear,True,True,True
2026-01-02T02:00:00+00:00,2026-01-02T05:00:00+03:00,2026-01,,2917.1038926168167,near_term_anchor:spot_to_next_linear,True,True,True
2026-01-02T03:00:00+00:00,2026-01-02T06:00:00+03:00,2026-01,,2917.081355704013,near_term_anchor:spot_to_next_linear,True,True,True
2026-01-02T04:00:00+00:00,2026-01-02T07:00:00+03:00,2026-01,,2917.058818791204,near_term_anchor:spot_to_next_linear,True,True,True
2026-01-02T05:00:00+00:00,2026-01-02T08:00:00+03:00,2026-01,,2917.0362818783897,near_term_anchor:spot_to_next_linear,True,True,True
2026-01-02T06:00:00+00:00,2026-01-02T09:00:00+03:00,2026-01,,2917.013744965571,near_term_anchor:spot_to_next_linear,True,True,True
2026-01-02T07:00:00+00:00,2026-01-02T10:00:00+03:00,2026-01,,2916.991208052748,near_term_anchor:spot_to_next_linear,True,True,True
2026-01-02T08:00:00+00:00,2026-01-02T11:00:00+03:00,2026-01,,2916.968671139923,near_term_anchor:spot_to_next_linear,True,True,True
2026-01-02T09:00:00+00:00,2026-01-02T12:00:00+03:00,2026-01,,2916.9461342270993,near_term_anchor:spot_to_next_linear,True,True,True
2026-01-02T10:00:00+00:00,2026-01-02T13:00:00+03:00,2026-01,,2916.923597314278,near_term_anchor:spot_to_next_linear,True,True,True
2026-01-02T11:00:00+00:00,2026-01-02T14:00:00+03:00,2026-01,,2916.901060401461,near_term_anchor:spot_to_next_linear,True,True,True
2026-01-02T12:00:00+00:00,2026-01-02T15:00:00+03:00,2026-01,,2916.8785234886495,near_term_anchor:spot_to_next_linear,True,True,True
2026-01-02T13:00:00+00:00,2026-01-02T16:00:00+03:00,2026-01,,2916.855986575844,near_term_anchor:spot_to_next_linear,True,True,True
2026-01-02T14:00:00+00:00,2026-01-02T17:00:00+03:00,2026-01,,2916.833449663044,near_term_anchor:spot_to_next_linear,True,True,True
2026-01-02T15:00:00+00:00,2026-01-02T18:00:00+03:00,2026-01,,2916.8109127502503,near_term_anchor:spot_to_next_linear,True,True,True
2026-01-02T16:00:00+00:00,2026-01-02T19:00:00+03:00,2026-01,,2916.788375837463,near_term_anchor:spot_to_next_linear,True,True,True
2026-01-02T17:00:00+00:00,2026-01-02T20:00:00+03:00,2026-01,,2916.7658389246817,near_term_anchor:spot_to_next_linear,True,True,True
2026-01-02T18:00:00+00:00,2026-01-02T21:00:00+03:00,2026-01,,2916.743302011908,near_term_anchor:spot_to_next_linear,True,True,True
2026-01-02T19:00:00+00:00,2026-01-02T22:00:00+03:00,2026-01,,2916.720765099142,near_term_anchor:spot_to_next_linear,True,True,True
2026-01-02T20:00:00+00:00,2026-01-02T23:00:00+03:00,2026-01,,2916.6982281863857,near_term_anchor:spot_to_next_linear,True,True,True
2026-01-02T21:00:00+00:00,2026-01-03T00:00:00+03:00,2026-01,,2916.675691273638,near_term_anchor:spot_to_next_linear,True,True,True
2026-01-02T22:00:00+00:00,2026-01-03T01:00:00+03:00,2026-01,,2916.653154360899,near_term_anchor:spot_to_next_linear,True,True,True
2026-01-02T23:00:00+00:00,2026-01-03T02:00:00+03:00,2026-01,,2916.6306174481656,near_term_anchor:spot_to_next_linear,True,True,True
2026-01-03T00:00:00+00:00,2026-01-03T03:00:00+03:00,2026-01,,2916.608080535437,near_term_anchor:spot_to_next_linear,True,True,True
2026-01-03T01:00:00+00:00,2026-01-03T04:00:00+03:00,2026-01,,2916.585543622711,near_term_anchor:spot_to_next_linear,True,True,True
2026-01-03T02:00:00+00:00,2026-01-03T05:00:00+03:00,2026-01,,2916.563006709988,near_term_anchor:spot_to_next_linear,True,True,True
2026-01-03T03:00:00+00:00,2026-01-03T06:00:00+03:00,2026-01,,2916.540469797268,near_term_anchor:spot_to_next_linear,True,True,True
2026-01-03T04:00:00+00:00,2026-01-03T07:00:00+03:00,2026-01,,2916.517932884551,near_term_anchor:spot_to_next_linear,True,True,True
2026-01-03T05:00:00+00:00,2026-01-03T08:00:00+03:00,2026-01,,2916.4953959718355,near_term_anchor:spot_to_next_linear,True,True,True
2026-01-03T06:00:00+00:00,2026-01-03T09:00:00+03:00,2026-01,,2916.472859059119,near_term_anchor:spot_to_next_linear,True,True,True
2026-01-03T07:00:00+00:00,2026-01-03T10:00:00+03:00,2026-01,,2916.4503221464,near_term_anchor:spot_to_next_linear,True,True,True
2026-01-03T08:00:00+00:00,2026-01-03T11:00:00+03:00,2026-01,,2916.4277852336777,near_term_anchor:spot_to_next_linear,True,True,True
2026-01-03T09:00:00+00:00,2026-01-03T12:00:00+03:00,2026-01,,2916.405248320951,near_term_anchor:spot_to_next_linear,True,True,True
2026-01-03T10:00:00+00:00,2026-01-03T13:00:00+03:00,2026-01,,2916.382711408219,near_term_anchor:spot_to_next_linear,True,True,True
2026-01-03T11:00:00+00:00,2026-01-03T14:00:00+03:00,2026-01,,2916.3601744954813,near_term_anchor:spot_to_next_linear,True,True,True
2026-01-03T12:00:00+00:00,2026-01-03T15:00:00+03:00,2026-01,,2916.3376375827365,near_term_anchor:spot_to_next_linear,True,True,True
2026-01-03T13:00:00+00:00,2026-01-03T16:00:00+03:00,2026-01,,2916.3151006699864,near_term_anchor:spot_to_next_linear,True,True,True
2026-01-03T14:00:00+00:00,2026-01-03T17:00:00+03:00,2026-01,,2916.29256375723,near_term_anchor:spot_to_next_linear,True,True,True
2026-01-03T15:00:00+00:00,2026-01-03T18:00:00+03:00,2026-01,,2916.2700268444664,near_term_anchor:spot_to_next_linear,True,True,True
2026-01-03T16:00:00+00:00,2026-01-03T19:00:00+03:00,2026-01,,2916.2474899316953,near_term_anchor:spot_to_next_linear,True,True,True
2026-01-03T17:00:00+00:00,2026-01-03T20:00:00+03:00,2026-01,,2916.2249530189156,near_term_anchor:spot_to_next_linear,True,True,True
2026-01-03T18:00:00+00:00,2026-01-03T21:00:00+03:00,2026-01,,2916.2024161061267,near_term_anchor:spot_to_next_linear,True,True,True
2026-01-03T19:00:00+00:00,2026-01-03T22:00:00+03:00,2026-01,,2916.1798791933275,near_term_anchor:spot_to_next_linear,True,True,True
2026-01-03T20:00:00+00:00,2026-01-03T23:00:00+03:00,2026-01,,2916.15734228052,near_term_anchor:spot_to_next_linear,True,True,True
2026-01-03T21:00:00+00:00,2026-01-04T00:00:00+03:00,2026-01,,2916.134805367706,near_term_anchor:spot_to_next_linear,True,True,True
2026-01-03T22:00:00+00:00,2026-01-04T01:00:00+03:00,2026-01,,2916.112268454886,near_term_anchor:spot_to_next_linear,True,True,True
2026-01-03T23:00:00+00:00,2026-01-04T02:00:00+03:00,2026-01,,2916.089731542061,near_term_anchor:spot_to_next_linear,True,True,True
2026-01-04T00:00:00+00:00,2026-01-04T03:00:00+03:00,2026-01,,2916.0671946292337,near_term_anchor:spot_to_next_linear,True,True,True
2026-01-04T01:00:00+00:00,2026-01-04T04:00:00+03:00,2026-01,,2916.0446577164053,near_term_anchor:spot_to_next_linear,True,True,True
2026-01-04T02:00:00+00:00,2026-01-04T05:00:00+03:00,2026-01,,2916.0221208035778,near_term_anchor:spot_to_next_linear,True,True,True
2026-01-04T03:00:00+00:00,2026-01-04T06:00:00+03:00,2026-01,,2915.9995838907544,near_term_anchor:spot_to_next_linear,True,True,True
2026-01-04T04:00:00+00:00,2026-01-04T07:00:00+03:00,2026-01,,2915.9770469779364,near_term_anchor:spot_to_next_linear,True,True,True
2026-01-04T05:00:00+00:00,2026-01-04T08:00:00+03:00,2026-01,,2915.9545100651244,near_term_anchor:spot_to_next_linear,True,True,True
2026-01-04T06:00:00+00:00,2026-01-04T09:00:00+03:00,2026-01,,2915.9319731523196,near_term_anchor:spot_to_next_linear,True,True,True
2026-01-04T07:00:00+00:00,2026-01-04T10:00:00+03:00,2026-01,,2915.909436239521,near_term_anchor:spot_to_next_linear,True,True,True
2026-01-04T08:00:00+00:00,2026-01-04T11:00:00+03:00,2026-01,,2915.8868993267256,near_term_anchor:spot_to_next_linear,True,True,True
2026-01-04T09:00:00+00:00,2026-01-04T12:00:00+03:00,2026-01,,2915.8643624139336,near_term_anchor:spot_to_next_linear,True,True,True
2026-01-04T10:00:00+00:00,2026-01-04T13:00:00+03:00,2026-01,,2915.841825501143,near_term_anchor:spot_to_next_linear,True,True,True
2026-01-04T11:00:00+00:00,2026-01-04T14:00:00+03:00,2026-01,,2915.8192885883527,near_term_anchor:spot_to_next_linear,True,True,True
2026-01-04T12:00:00+00:00,2026-01-04T15:00:00+03:00,2026-01,,2915.7967516755643,near_term_anchor:spot_to_next_linear,True,True,True
2026-01-04T13:00:00+00:00,2026-01-04T16:00:00+03:00,2026-01,,2915.774214762777,near_term_anchor:spot_to_next_linear,True,True,True
2026-01-04T14:00:00+00:00,2026-01-04T17:00:00+03:00,2026-01,,2915.7516778499885,near_term_anchor:spot_to_next_linear,True,True,True
2026-01-04T15:00:00+00:00,2026-01-04T18:00:00+03:00,2026-01,,2915.7291409372,near_term_anchor:spot_to_next_linear,True,True,True
2026-01-04T16:00:00+00:00,2026-01-04T19:00:00+03:00,2026-01,,2915.706604024413,near_term_anchor:spot_to_next_linear,True,True,True
2026-01-04T17:00:00+00:00,2026-01-04T20:00:00+03:00,2026-01,,2915.684067111628,near_term_anchor:spot_to_next_linear,True,True,True
2026-01-04T18:00:00+00:00,2026-01-04T21:00:00+03:00,2026-01,,2915.661530198845,near_term_anchor:spot_to_next_linear,True,True,True
2026-01-04T19:00:00+00:00,2026-01-04T22:00:00+03:00,2026-01,,2915.6389932860643,near_term_anchor:spot_to_next_linear,True,True,True
2026-01-04T20:00:00+00:00,2026-01-04T23:00:00+03:00,2026-01,,2915.6164563732887,near_term_anchor:spot_to_next_linear,True,True,True
2026-01-04T21:00:00+00:00,2026-01-05T00:00:00+03:00,2026-01,,2915.5939194605185,near_term_anchor:spot_to_next_linear,True,True,True
2026-01-04T22:00:00+00:00,2026-01-05T01:00:00+03:00,2026-01,,2915.5713825477533,near_term_anchor:spot_to_next_linear,True,True,True
2026-01-04T23:00:00+00:00,2026-01-05T02:00:00+03:00,2026-01,,2915.548845634992,near_term_anchor:spot_to_next_linear,True,True,True
2026-01-05T00:00:00+00:00,2026-01-05T03:00:00+03:00,2026-01,,2915.5263087222334,near_term_anchor:spot_to_next_linear,True,True,True
2026-01-05T01:00:00+00:00,2026-01-05T04:00:00+03:00,2026-01,,2915.5037718094754,near_term_anchor:spot_to_next_linear,True,True,True
2026-01-05T02:00:00+00:00,2026-01-05T05:00:00+03:00,2026-01,,2915.4812348967166,near_term_anchor:spot_to_next_linear,True,True,True
2026-01-05T03:00:00+00:00,2026-01-05T06:00:00+03:00,2026-01,,2915.458697983955,near_term_anchor:spot_to_next_linear,True,True,True
2026-01-05T04:00:00+00:00,2026-01-05T07:00:00+03:00,2026-01,,2915.43616107119,near_term_anchor:spot_to_next_linear,True,True,True
2026-01-05T05:00:00+00:00,2026-01-05T08:00:00+03:00,2026-01,,2915.413624158421,near_term_anchor:spot_to_next_linear,True,True,True
2026-01-05T06:00:00+00:00,2026-01-05T09:00:00+03:00,2026-01,,2915.391087245646,near_term_anchor:spot_to_next_linear,True,True,True
2026-01-05T07:00:00+00:00,2026-01-05T10:00:00+03:00,2026-01,,2915.3685503328625,near_term_anchor:spot_to_next_linear,True,True,True
2026-01-05T08:00:00+00:00,2026-01-05T11:00:00+03:00,2026-01,,2915.3460134200714,near_term_anchor:spot_to_next_linear,True,True,True
2026-01-05T09:00:00+00:00,2026-01-05T12:00:00+03:00,2026-01,,2915.3234765072734,near_term_anchor:spot_to_next_linear,True,True,True
2026-01-05T10:00:00+00:00,2026-01-05T13:00:00+03:00,2026-01,,2915.300939594469,near_term_anchor:spot_to_next_linear,True,True,True
2026-01-05T11:00:00+00:00,2026-01-05T14:00:00+03:00,2026-01,,2915.2784026816594,near_term_anchor:spot_to_next_linear,True,True,True
2026-01-05T12:00:00+00:00,2026-01-05T15:00:00+03:00,2026-01,,2915.2558657688464,near_term_anchor:spot_to_next_linear,True,True,True
2026-01-05T13:00:00+00:00,2026-01-05T16:00:00+03:00,2026-01,,2915.2333288560335,near_term_anchor:spot_to_next_linear,True,True,True
2026-01-05T14:00:00+00:00,2026-01-05T17:00:00+03:00,2026-01,,2915.2107919432224,near_term_anchor:spot_to_next_linear,True,True,True
2026-01-05T15:00:00+00:00,2026-01-05T18:00:00+03:00,2026-01,,2915.188255030415,near_term_anchor:spot_to_next_linear,True,True,True
2026-01-05T16:00:00+00:00,2026-01-05T19:00:00+03:00,2026-01,,2915.165718117614,near_term_anchor:spot_to_next_linear,True,True,True
2026-01-05T17:00:00+00:00,2026-01-05T20:00:00+03:00,2026-01,,2915.14318120482,near_term_anchor:spot_to_next_linear,True,True,True
2026-01-05T18:00:00+00:00,2026-01-05T21:00:00+03:00,2026-01,,2915.1206442920356,near_term_anchor:spot_to_next_linear,True,True,True
2026-01-05T19:00:00+00:00,2026-01-05T22:00:00+03:00,2026-01,,2915.0981073792614,near_term_anchor:spot_to_next_linear,True,True,True
2026-01-05T20:00:00+00:00,2026-01-05T23:00:00+03:00,2026-01,,2915.075570466498,near_term_anchor:spot_to_next_linear,True,True,True
2026-01-05T21:00:00+00:00,2026-01-06T00:00:00+03:00,2026-01,,2915.0530335537464,near_term_anchor:spot_to_next_linear,True,True,True
2026-01-05T22:00:00+00:00,2026-01-06T01:00:00+03:00,2026-01,,2915.0304966410044,near_term_anchor:spot_to_next_linear,True,True,True
2026-01-05T23:00:00+00:00,2026-01-06T02:00:00+03:00,2026-01,,2915.007959728271,near_term_anchor:spot_to_next_linear,True,True,True
2026-01-06T00:00:00+00:00,2026-01-06T03:00:00+03:00,2026-01,,2914.9854228155455,near_term_anchor:spot_to_next_linear,True,True,True
2026-01-06T01:00:00+00:00,2026-01-06T04:00:00+03:00,2026-01,,2914.962885902825,near_term_anchor:spot_to_next_linear,True,True,True
2026-01-06T02:00:00+00:00,2026-01-06T05:00:00+03:00,2026-01,,2914.940348990108,near_term_anchor:spot_to_next_linear,True,True,True
2026-01-06T03:00:00+00:00,2026-01-06T06:00:00+03:00,2026-01,,2914.9178120773927,near_term_anchor:spot_to_next_linear,True,True,True
2026-01-06T04:00:00+00:00,2026-01-06T07:00:00+03:00,2026-01,,2914.8952751646766,near_term_anchor:spot_to_next_linear,True,True,True
2026-01-06T05:00:00+00:00,2026-01-06T08:00:00+03:00,2026-01,,2914.8727382519587,near_term_anchor:spot_to_next_linear,True,True,True
2026-01-06T06:00:00+00:00,2026-01-06T09:00:00+03:00,2026-01,,2914.8502013392385,near_term_anchor:spot_to_next_linear,True,True,True
2026-01-06T07:00:00+00:00,2026-01-06T10:00:00+03:00,2026-01,,2914.8276644265165,near_term_anchor:spot_to_next_linear,True,True,True
2026-01-06T08:00:00+00:00,2026-01-06T11:00:00+03:00,2026-01,,2914.8051275137923,near_term_anchor:spot_to_next_linear,True,True,True
2026-01-06T09:00:00+00:00,2026-01-06T12:00:00+03:00,2026-01,,2914.7825906010657,near_term_anchor:spot_to_next_linear,True,True,True
2026-01-06T10:00:00+00:00,2026-01-06T13:00:00+03:00,2026-01,,2914.760053688338,near_term_anchor:spot_to_next_linear,True,True,True
2026-01-06T11:00:00+00:00,2026-01-06T14:00:00+03:00,2026-01,,2914.7375167756086,near_term_anchor:spot_to_next_linear,True,True,True
2026-01-06T12:00:00+00:00,2026-01-06T15:00:00+03:00,2026-01,,2914.7149798628798,near_term_anchor:spot_to_next_linear,True,True,True
2026-01-06T13:00:00+00:00,2026-01-06T16:00:00+03:00,2026-01,,2914.6924429501523,near_term_anchor:spot_to_next_linear,True,True,True
2026-01-06T14:00:00+00:00,2026-01-06T17:00:00+03:00,2026-01,,2914.669906037427,near_term_anchor:spot_to_next_linear,True,True,True
2026-01-06T15:00:00+00:00,2026-01-06T18:00:00+03:00,2026-01,,2914.6473691247043,near_term_anchor:spot_to_next_linear,True,True,True
2026-01-06T16:00:00+00:00,2026-01-06T19:00:00+03:00,2026-01,,2914.624832211983,near_term_anchor:spot_to_next_linear,True,True,True
2026-01-06T17:00:00+00:00,2026-01-06T20:00:00+03:00,2026-01,,2914.6022952992635,near_term_anchor:spot_to_next_linear,True,True,True
2026-01-06T18:00:00+00:00,2026-01-06T21:00:00+03:00,2026-01,,2914.579758386544,near_term_anchor:spot_to_next_linear,True,True,True
2026-01-06T19:00:00+00:00,2026-01-06T22:00:00+03:00,2026-01,,2914.557221473826,near_term_anchor:spot_to_next_linear,True,True,True
2026-01-06T20:00:00+00:00,2026-01-06T23:00:00+03:00,2026-01,,2914.5346845611093,near_term_anchor:spot_to_next_linear,True,True,True
2026-01-06T21:00:00+00:00,2026-01-07T00:00:00+03:00,2026-01,,2914.512147648395,near_term_anchor:spot_to_next_linear,True,True,True
2026-01-06T22:00:00+00:00,2026-01-07T01:00:00+03:00,2026-01,,2914.4896107356826,near_term_anchor:spot_to_next_linear,True,True,True
2026-01-06T23:00:00+00:00,2026-01-07T02:00:00+03:00,2026-01,,2914.4670738229715,near_term_anchor:spot_to_next_linear,True,True,True
2026-01-07T00:00:00+00:00,2026-01-07T03:00:00+03:00,2026-01,,2914.4445369102623,near_term_anchor:spot_to_next_linear,True,True,True
2026-01-07T01:00:00+00:00,2026-01-07T04:00:00+03:00,2026-01,,2914.421999997555,near_term_anchor:spot_to_next_linear,True,True,True
2026-01-07T02:00:00+00:00,2026-01-07T05:00:00+03:00,2026-01,,2914.399463084848,near_term_anchor:spot_to_next_linear,True,True,True
2026-01-07T03:00:00+00:00,2026-01-07T06:00:00+03:00,2026-01,,2914.3769261721404,near_term_anchor:spot_to_next_linear,True,True,True
2026-01-07T04:00:00+00:00,2026-01-07T07:00:00+03:00,2026-01,,2914.354389259431,near_term_anchor:spot_to_next_linear,True,True,True
2026-01-07T05:00:00+00:00,2026-01-07T08:00:00+03:00,2026-01,,2914.3318523467196,near_term_anchor:spot_to_next_linear,True,True,True
2026-01-07T06:00:00+00:00,2026-01-07T09:00:00+03:00,2026-01,,2914.309315434004,near_term_anchor:spot_to_next_linear,True,True,True
2026-01-07T07:00:00+00:00,2026-01-07T10:00:00+03:00,2026-01,,2914.2867785212825,near_term_anchor:spot_to_next_linear,True,True,True
2026-01-07T08:00:00+00:00,2026-01-07T11:00:00+03:00,2026-01,,2914.264241608556,near_term_anchor:spot_to_next_linear,True,True,True
2026-01-07T09:00:00+00:00,2026-01-07T12:00:00+03:00,2026-01,,2914.2417046958235,near_term_anchor:spot_to_next_linear,True,True,True
2026-01-07T10:00:00+00:00,2026-01-07T13:00:00+03:00,2026-01,,2914.2191677830847,near_term_anchor:spot_to_next_linear,True,True,True
2026-01-07T11:00:00+00:00,2026-01-07T14:00:00+03:00,2026-01,,2914.1966308703386,near_term_anchor:spot_to_next_linear,True,True,True
2026-01-07T12:00:00+00:00,2026-01-07T15:00:00+03:00,2026-01,,2914.1740939575857,near_term_anchor:spot_to_next_linear,True,True,True
2026-01-07T13:00:00+00:00,2026-01-07T16:00:00+03:00,2026-01,,2914.151557044827,near_term_anchor:spot_to_next_linear,True,True,True
2026-01-07T14:00:00+00:00,2026-01-07T17:00:00+03:00,2026-01,,2914.1290201320635,near_term_anchor:spot_to_next_linear,True,True,True
2026-01-07T15:00:00+00:00,2026-01-07T18:00:00+03:00,2026-01,,2914.1064832192965,near_term_anchor:spot_to_next_linear,True,True,True
2026-01-07T16:00:00+00:00,2026-01-07T19:00:00+03:00,2026-01,,2914.083946306528,near_term_anchor:spot_to_next_linear,True,True,True
2026-01-07T17:00:00+00:00,2026-01-07T20:00:00+03:00,2026-01,,2914.0614093937593,near_term_anchor:spot_to_next_linear,True,True,True
2026-01-07T18:00:00+00:00,2026-01-07T21:00:00+03:00,2026-01,,2914.038872480991,near_term_anchor:spot_to_next_linear,True,True,True
2026-01-07T19:00:00+00:00,2026-01-07T22:00:00+03:00,2026-01,,2914.016335568225,near_term_anchor:spot_to_next_linear,True,True,True
2026-01-07T20:00:00+00:00,2026-01-07T23:00:00+03:00,2026-01,,2913.9937986554623,near_term_anchor:spot_to_next_linear,True,True,True
2026-01-07T21:00:00+00:00,2026-01-08T00:00:00+03:00,2026-01,,2913.9712617427044,near_term_anchor:spot_to_next_linear,True,True,True
2026-01-07T22:00:00+00:00,2026-01-08T01:00:00+03:00,2026-01,,2913.9487248299506,near_term_anchor:spot_to_next_linear,True,True,True
2026-01-07T23:00:00+00:00,2026-01-08T02:00:00+03:00,2026-01,,2913.9261879172,near_term_anchor:spot_to_next_linear,True,True,True
2026-01-08T00:00:00+00:00,2026-01-08T03:00:00+03:00,2026-01,,2913.903651004454,near_term_anchor:spot_to_next_linear,True,True,True
2026-01-08T01:00:00+00:00,2026-01-08T04:00:00+03:00,2026-01,,2913.8811140917123,near_term_anchor:spot_to_next_linear,True,True,True
2026-01-08T02:00:00+00:00,2026-01-08T05:00:00+03:00,2026-01,,2913.858577178975,near_term_anchor:spot_to_next_linear,True,True,True
2026-01-08T03:00:00+00:00,2026-01-08T06:00:00+03:00,2026-01,,2913.8360402662397,near_term_anchor:spot_to_next_linear,True,True,True
2026-01-08T04:00:00+00:00,2026-01-08T07:00:00+03:00,2026-01,,2913.813503353506,near_term_anchor:spot_to_next_linear,True,True,True
2026-01-08T05:00:00+00:00,2026-01-08T08:00:00+03:00,2026-01,,2913.790966440773,near_term_anchor:spot_to_next_linear,True,True,True
2026-01-08T06:00:00+00:00,2026-01-08T09:00:00+03:00,2026-01,,2913.768429528041,near_term_anchor:spot_to_next_linear,True,True,True
2026-01-08T07:00:00+00:00,2026-01-08T10:00:00+03:00,2026-01,,2913.7458926153095,near_term_anchor:spot_to_next_linear,True,True,True
2026-01-08T08:00:00+00:00,2026-01-08T11:00:00+03:00,2026-01,,2913.7233557025775,near_term_anchor:spot_to_next_linear,True,True,True
2026-01-08T09:00:00+00:00,2026-01-08T12:00:00+03:00,2026-01,,2913.700818789843,near_term_anchor:spot_to_next_linear,True,True,True
2026-01-08T10:00:00+00:00,2026-01-08T13:00:00+03:00,2026-01,,2913.6782818771053,near_term_anchor:spot_to_next_linear,True,True,True
2026-01-08T11:00:00+00:00,2026-01-08T14:00:00+03:00,2026-01,,2913.655744964363,near_term_anchor:spot_to_next_linear,True,True,True
2026-01-08T12:00:00+00:00,2026-01-08T15:00:00+03:00,2026-01,,2913.6332080516163,near_term_anchor:spot_to_next_linear,True,True,True
2026-01-08T13:00:00+00:00,2026-01-08T16:00:00+03:00,2026-01,,2913.6106711388666,near_term_anchor:spot_to_next_linear,True,True,True
2026-01-08T14:00:00+00:00,2026-01-08T17:00:00+03:00,2026-01,,2913.588134226114,near_term_anchor:spot_to_next_linear,True,True,True
2026-01-08T15:00:00+00:00,2026-01-08T18:00:00+03:00,2026-01,,2913.56559731336,near_term_anchor:spot_to_next_linear,True,True,True
2026-01-08T16:00:00+00:00,2026-01-08T19:00:00+03:00,2026-01,,2913.5430604006037,near_term_anchor:spot_to_next_linear,True,True,True
2026-01-08T17:00:00+00:00,2026-01-08T20:00:00+03:00,2026-01,,2913.520523487844,near_term_anchor:spot_to_next_linear,True,True,True
2026-01-08T18:00:00+00:00,2026-01-08T21:00:00+03:00,2026-01,,2913.497986575081,near_term_anchor:spot_to_next_linear,True,True,True
2026-01-08T19:00:00+00:00,2026-01-08T22:00:00+03:00,2026-01,,2913.4754496623173,near_term_anchor:spot_to_next_linear,True,True,True
2026-01-08T20:00:00+00:00,2026-01-08T23:00:00+03:00,2026-01,,2913.452912749555,near_term_anchor:spot_to_next_linear,True,True,True
2026-01-08T21:00:00+00:00,2026-01-09T00:00:00+03:00,2026-01,,2913.430375836795,near_term_anchor:spot_to_next_linear,True,True,True
2026-01-08T22:00:00+00:00,2026-01-09T01:00:00+03:00,2026-01,,2913.4078389240376,near_term_anchor:spot_to_next_linear,True,True,True
2026-01-08T23:00:00+00:00,2026-01-09T02:00:00+03:00,2026-01,,2913.3853020112824,near_term_anchor:spot_to_next_linear,True,True,True
2026-01-09T00:00:00+00:00,2026-01-09T03:00:00+03:00,2026-01,,2913.36276509853,near_term_anchor:spot_to_next_linear,True,True,True
2026-01-09T01:00:00+00:00,2026-01-09T04:00:00+03:00,2026-01,,2913.3402281857802,near_term_anchor:spot_to_next_linear,True,True,True
2026-01-09T02:00:00+00:00,2026-01-09T05:00:00+03:00,2026-01,,2913.3176912730346,near_term_anchor:spot_to_next_linear,True,True,True
2026-01-09T03:00:00+00:00,2026-01-09T06:00:00+03:00,2026-01,,2913.2951543602953,near_term_anchor:spot_to_next_linear,True,True,True
2026-01-09T04:00:00+00:00,2026-01-09T07:00:00+03:00,2026-01,,2913.2726174475642,near_term_anchor:spot_to_next_linear,True,True,True
2026-01-09T05:00:00+00:00,2026-01-09T08:00:00+03:00,2026-01,,2913.25008053484,near_term_anchor:spot_to_next_linear,True,True,True
2026-01-09T06:00:00+00:00,2026-01-09T09:00:00+03:00,2026-01,,2913.2275436221216,near_term_anchor:spot_to_next_linear,True,True,True
2026-01-09T07:00:00+00:00,2026-01-09T10:00:00+03:00,2026-01,,2913.2050067094087,near_term_anchor:spot_to_next_linear,True,True,True
2026-01-09T08:00:00+00:00,2026-01-09T11:00:00+03:00,2026-01,,2913.1824697967013,near_term_anchor:spot_to_next_linear,True,True,True
2026-01-09T09:00:00+00:00,2026-01-09T12:00:00+03:00,2026-01,,2913.1599328839993,near_term_anchor:spot_to_next_linear,True,True,True
2026-01-09T10:00:00+00:00,2026-01-09T13:00:00+03:00,2026-01,,2913.137395971302,near_term_anchor:spot_to_next_linear,True,True,True
2026-01-09T11:00:00+00:00,2026-01-09T14:00:00+03:00,2026-01,,2913.1148590586085,near_term_anchor:spot_to_next_linear,True,True,True
2026-01-09T12:00:00+00:00,2026-01-09T15:00:00+03:00,2026-01,,2913.0923221459198,near_term_anchor:spot_to_next_linear,True,True,True
2026-01-09T13:00:00+00:00,2026-01-09T16:00:00+03:00,2026-01,,2913.069785233234,near_term_anchor:spot_to_next_linear,True,True,True
2026-01-09T14:00:00+00:00,2026-01-09T17:00:00+03:00,2026-01,,2913.0472483205513,near_term_anchor:spot_to_next_linear,True,True,True
2026-01-09T15:00:00+00:00,2026-01-09T18:00:00+03:00,2026-01,,2913.0247114078693,near_term_anchor:spot_to_next_linear,True,True,True
2026-01-09T16:00:00+00:00,2026-01-09T19:00:00+03:00,2026-01,,2913.0021744951864,near_term_anchor:spot_to_next_linear,True,True,True
2026-01-09T17:00:00+00:00,2026-01-09T20:00:00+03:00,2026-01,,2912.979637582501,near_term_anchor:spot_to_next_linear,True,True,True
2026-01-09T18:00:00+00:00,2026-01-09T21:00:00+03:00,2026-01,,2912.957100669811,near_term_anchor:spot_to_next_linear,True,True,True
2026-01-09T19:00:00+00:00,2026-01-09T22:00:00+03:00,2026-01,,2912.934563757117,near_term_anchor:spot_to_next_linear,True,True,True
2026-01-09T20:00:00+00:00,2026-01-09T23:00:00+03:00,2026-01,,2912.9120268444176,near_term_anchor:spot_to_next_linear,True,True,True
2026-01-09T21:00:00+00:00,2026-01-10T00:00:00+03:00,2026-01,,2912.889489931711,near_term_anchor:spot_to_next_linear,True,True,True
2026-01-09T22:00:00+00:00,2026-01-10T01:00:00+03:00,2026-01,,2912.8669530189964,near_term_anchor:spot_to_next_linear,True,True,True
2026-01-09T23:00:00+00:00,2026-01-10T02:00:00+03:00,2026-01,,2912.8444161062703,near_term_anchor:spot_to_next_linear,True,True,True
2026-01-10T00:00:00+00:00,2026-01-10T03:00:00+03:00,2026-01,,2912.821879193533,near_term_anchor:spot_to_next_linear,True,True,True
2026-01-10T01:00:00+00:00,2026-01-10T04:00:00+03:00,2026-01,,2912.799342280785,near_term_anchor:spot_to_next_linear,True,True,True
2026-01-10T02:00:00+00:00,2026-01-10T05:00:00+03:00,2026-01,,2912.7768053680284,near_term_anchor:spot_to_next_linear,True,True,True
2026-01-10T03:00:00+00:00,2026-01-10T06:00:00+03:00,2026-01,,2912.7542684552636,near_term_anchor:spot_to_next_linear,True,True,True
2026-01-10T04:00:00+00:00,2026-01-10T07:00:00+03:00,2026-01,,2912.731731542493,near_term_anchor:spot_to_next_linear,True,True,True
2026-01-10T05:00:00+00:00,2026-01-10T08:00:00+03:00,2026-01,,2912.7091946297173,near_term_anchor:spot_to_next_linear,True,True,True
2026-01-10T06:00:00+00:00,2026-01-10T09:00:00+03:00,2026-01,,2912.6866577169376,near_term_anchor:spot_to_next_linear,True,True,True
2026-01-10T07:00:00+00:00,2026-01-10T10:00:00+03:00,2026-01,,2912.6641208041565,near_term_anchor:spot_to_next_linear,True,True,True
2026-01-10T08:00:00+00:00,2026-01-10T11:00:00+03:00,2026-01,,2912.641583891376,near_term_anchor:spot_to_next_linear,True,True,True
2026-01-10T09:00:00+00:00,2026-01-10T12:00:00+03:00,2026-01,,2912.619046978599,near_term_anchor:spot_to_next_linear,True,True,True
2026-01-10T10:00:00+00:00,2026-01-10T13:00:00+03:00,2026-01,,2912.596510065827,near_term_anchor:spot_to_next_linear,True,True,True
2026-01-10T11:00:00+00:00,2026-01-10T14:00:00+03:00,2026-01,,2912.5739731530625,near_term_anchor:spot_to_next_linear,True,True,True
2026-01-10T12:00:00+00:00,2026-01-10T15:00:00+03:00,2026-01,,2912.5514362403064,near_term_anchor:spot_to_next_linear,True,True,True
2026-01-10T13:00:00+00:00,2026-01-10T16:00:00+03:00,2026-01,,2912.52889932756,near_term_anchor:spot_to_next_linear,True,True,True
2026-01-10T14:00:00+00:00,2026-01-10T17:00:00+03:00,2026-01,,2912.5063624148224,near_term_anchor:spot_to_next_linear,True,True,True
2026-01-10T15:00:00+00:00,2026-01-10T18:00:00+03:00,2026-01,,2912.483825502094,near_term_anchor:spot_to_next_linear,True,True,True
2026-01-10T16:00:00+00:00,2026-01-10T19:00:00+03:00,2026-01,,2912.4612885893757,near_term_anchor:spot_to_next_linear,True,True,True
2026-01-10T17:00:00+00:00,2026-01-10T20:00:00+03:00,2026-01,,2912.438751676668,near_term_anchor:spot_to_next_linear,True,True,True
2026-01-10T18:00:00+00:00,2026-01-10T21:00:00+03:00,2026-01,,2912.416214763967,near_term_anchor:spot_to_next_linear,True,True,True
2026-01-10T19:00:00+00:00,2026-01-10T22:00:00+03:00,2026-01,,2912.393677851273,near_term_anchor:spot_to_next_linear,True,True,True
2026-01-10T20:00:00+00:00,2026-01-10T23:00:00+03:00,2026-01,,2912.3711409385833,near_term_anchor:spot_to_next_linear,True,True,True
2026-01-10T21:00:00+00:00,2026-01-11T00:00:00+03:00,2026-01,,2912.348604025897,near_term_anchor:spot_to_next_linear,True,True,True
2026-01-10T22:00:00+00:00,2026-01-11T01:00:00+03:00,2026-01,,2912.3260671132157,near_term_anchor:spot_to_next_linear,True,True,True
2026-01-10T23:00:00+00:00,2026-01-11T02:00:00+03:00,2026-01,,2912.3035302005383,near_term_anchor:spot_to_next_linear,True,True,True
2026-01-11T00:00:00+00:00,2026-01-11T03:00:00+03:00,2026-01,,2912.2809932878654,near_term_anchor:spot_to_next_linear,True,True,True
2026-01-11T01:00:00+00:00,2026-01-11T04:00:00+03:00,2026-01,,2912.2584563751943,near_term_anchor:spot_to_next_linear,True,True,True
2026-01-11T02:00:00+00:00,2026-01-11T05:00:00+03:00,2026-01,,2912.2359194625224,near_term_anchor:spot_to_next_linear,True,True,True
2026-01-11T03:00:00+00:00,2026-01-11T06:00:00+03:00,2026-01,,2912.213382549847,near_term_anchor:spot_to_next_linear,True,True,True
2026-01-11T04:00:00+00:00,2026-01-11T07:00:00+03:00,2026-01,,2912.1908456371657,near_term_anchor:spot_to_next_linear,True,True,True
2026-01-11T05:00:00+00:00,2026-01-11T08:00:00+03:00,2026-01,,2912.1683087244746,near_term_anchor:spot_to_next_linear,True,True,True
2026-01-11T06:00:00+00:00,2026-01-11T09:00:00+03:00,2026-01,,2912.1457718117717,near_term_anchor:spot_to_next_linear,True,True,True
2026-01-11T07:00:00+00:00,2026-01-11T10:00:00+03:00,2026-01,,2912.1232348990566,near_term_anchor:spot_to_next_linear,True,True,True
2026-01-11T08:00:00+00:00,2026-01-11T11:00:00+03:00,2026-01,,2912.1006979863278,near_term_anchor:spot_to_next_linear,True,True,True
2026-01-11T09:00:00+00:00,2026-01-11T12:00:00+03:00,2026-01,,2912.078161073585,near_term_anchor:spot_to_next_linear,True,True,True
2026-01-11T10:00:00+00:00,2026-01-11T13:00:00+03:00,2026-01,,2912.0556241608274,near_term_anchor:spot_to_next_linear,True,True,True
2026-01-11T11:00:00+00:00,2026-01-11T14:00:00+03:00,2026-01,,2912.033087248055,near_term_anchor:spot_to_next_linear,True,True,True
2026-01-11T12:00:00+00:00,2026-01-11T15:00:00+03:00,2026-01,,2912.010550335268,near_term_anchor:spot_to_next_linear,True,True,True
2026-01-11T13:00:00+00:00,2026-01-11T16:00:00+03:00,2026-01,,2911.9880134224663,near_term_anchor:spot_to_next_linear,True,True,True
2026-01-11T14:00:00+00:00,2026-01-11T17:00:00+03:00,2026-01,,2911.965476509651,near_term_anchor:spot_to_next_linear,True,True,True
2026-01-11T15:00:00+00:00,2026-01-11T18:00:00+03:00,2026-01,,2911.9429395968227,near_term_anchor:spot_to_next_linear,True,True,True
2026-01-11T16:00:00+00:00,2026-01-11T19:00:00+03:00,2026-01,,2911.920402683982,near_term_anchor:spot_to_next_linear,True,True,True
2026-01-11T17:00:00+00:00,2026-01-11T20:00:00+03:00,2026-01,,2911.89786577113,near_term_anchor:spot_to_next_linear,True,True,True
2026-01-11T18:00:00+00:00,2026-01-11T21:00:00+03:00,2026-01,,2911.875328858268,near_term_anchor:spot_to_next_linear,True,True,True
2026-01-11T19:00:00+00:00,2026-01-11T22:00:00+03:00,2026-01,,2911.8527919453977,near_term_anchor:spot_to_next_linear,True,True,True
2026-01-11T20:00:00+00:00,2026-01-11T23:00:00+03:00,2026-01,,2911.830255032522,near_term_anchor:spot_to_next_linear,True,True,True
2026-01-11T21:00:00+00:00,2026-01-12T00:00:00+03:00,2026-01,,2911.807718119645,near_term_anchor:spot_to_next_linear,True,True,True
2026-01-11T22:00:00+00:00,2026-01-12T01:00:00+03:00,2026-01,,2911.7851812067693,near_term_anchor:spot_to_next_linear,True,True,True
2026-01-11T23:00:00+00:00,2026-01-12T02:00:00+03:00,2026-01,,2911.7626442938977,near_term_anchor:spot_to_next_linear,True,True,True
2026-01-12T00:00:00+00:00,2026-01-12T03:00:00+03:00,2026-01,,2911.7401073810315,near_term_anchor:spot_to_next_linear,True,True,True
2026-01-12T01:00:00+00:00,2026-01-12T04:00:00+03:00,2026-01,,2911.7175704681713,near_term_anchor:spot_to_next_linear,True,True,True
2026-01-12T02:00:00+00:00,2026-01-12T05:00:00+03:00,2026-01,,2911.6950335553192,near_term_anchor:spot_to_next_linear,True,True,True
2026-01-12T03:00:00+00:00,2026-01-12T06:00:00+03:00,2026-01,,2911.672496642475,near_term_anchor:spot_to_next_linear,True,True,True
2026-01-12T04:00:00+00:00,2026-01-12T07:00:00+03:00,2026-01,,2911.649959729639,near_term_anchor:spot_to_next_linear,True,True,True
2026-01-12T05:00:00+00:00,2026-01-12T08:00:00+03:00,2026-01,,2911.6274228168095,near_term_anchor:spot_to_next_linear,True,True,True
2026-01-12T06:00:00+00:00,2026-01-12T09:00:00+03:00,2026-01,,2911.6048859039856,near_term_anchor:spot_to_next_linear,True,True,True
2026-01-12T07:00:00+00:00,2026-01-12T10:00:00+03:00,2026-01,,2911.582348991166,near_term_anchor:spot_to_next_linear,True,True,True
2026-01-12T08:00:00+00:00,2026-01-12T11:00:00+03:00,2026-01,,2911.5598120783493,near_term_anchor:spot_to_next_linear,True,True,True
2026-01-12T09:00:00+00:00,2026-01-12T12:00:00+03:00,2026-01,,2911.5372751655364,near_term_anchor:spot_to_next_linear,True,True,True
2026-01-12T10:00:00+00:00,2026-01-12T13:00:00+03:00,2026-01,,2911.5147382527275,near_term_anchor:spot_to_next_linear,True,True,True
2026-01-12T11:00:00+00:00,2026-01-12T14:00:00+03:00,2026-01,,2911.4922013399223,near_term_anchor:spot_to_next_linear,True,True,True
2026-01-12T12:00:00+00:00,2026-01-12T15:00:00+03:00,2026-01,,2911.4696644271207,near_term_anchor:spot_to_next_linear,True,True,True
2026-01-12T13:00:00+00:00,2026-01-12T16:00:00+03:00,2026-01,,2911.447127514323,near_term_anchor:spot_to_next_linear,True,True,True
2026-01-12T14:00:00+00:00,2026-01-12T17:00:00+03:00,2026-01,,2911.4245906015303,near_term_anchor:spot_to_next_linear,True,True,True
2026-01-12T15:00:00+00:00,2026-01-12T18:00:00+03:00,2026-01,,2911.402053688745,near_term_anchor:spot_to_next_linear,True,True,True
2026-01-12T16:00:00+00:00,2026-01-12T19:00:00+03:00,2026-01,,2911.379516775967,near_term_anchor:spot_to_next_linear,True,True,True
2026-01-12T17:00:00+00:00,2026-01-12T20:00:00+03:00,2026-01,,2911.3569798631966,near_term_anchor:spot_to_next_linear,True,True,True
2026-01-12T18:00:00+00:00,2026-01-12T21:00:00+03:00,2026-01,,2911.3344429504327,near_term_anchor:spot_to_next_linear,True,True,True
2026-01-12T19:00:00+00:00,2026-01-12T22:00:00+03:00,2026-01,,2911.3119060376757,near_term_anchor:spot_to_next_linear,True,True,True
2026-01-12T20:00:00+00:00,2026-01-12T23:00:00+03:00,2026-01,,2911.289369124928,near_term_anchor:spot_to_next_linear,True,True,True
2026-01-12T21:00:00+00:00,2026-01-13T00:00:00+03:00,2026-01,,2911.2668322121895,near_term_anchor:spot_to_next_linear,True,True,True
2026-01-12T22:00:00+00:00,2026-01-13T01:00:00+03:00,2026-01,,2911.2442952994616,near_term_anchor:spot_to_next_linear,True,True,True
2026-01-12T23:00:00+00:00,2026-01-13T02:00:00+03:00,2026-01,,2911.221758386743,near_term_anchor:spot_to_next_linear,True,True,True
2026-01-13T00:00:00+00:00,2026-01-13T03:00:00+03:00,2026-01,,2911.199221474033,near_term_anchor:spot_to_next_linear,True,True,True
2026-01-13T01:00:00+00:00,2026-01-13T04:00:00+03:00,2026-01,,2911.176684561329,near_term_anchor:spot_to_next_linear,True,True,True
2026-01-13T02:00:00+00:00,2026-01-13T05:00:00+03:00,2026-01,,2911.1541476486263,near_term_anchor:spot_to_next_linear,True,True,True
2026-01-13T03:00:00+00:00,2026-01-13T06:00:00+03:00,2026-01,,2911.1316107359235,near_term_anchor:spot_to_next_linear,True,True,True
2026-01-13T04:00:00+00:00,2026-01-13T07:00:00+03:00,2026-01,,2911.109073823218,near_term_anchor:spot_to_next_linear,True,True,True
2026-01-13T05:00:00+00:00,2026-01-13T08:00:00+03:00,2026-01,,2911.086536910507,near_term_anchor:spot_to_next_linear,True,True,True
2026-01-13T06:00:00+00:00,2026-01-13T09:00:00+03:00,2026-01,,2911.06399999779,near_term_anchor:spot_to_next_linear,True,True,True
2026-01-13T07:00:00+00:00,2026-01-13T10:00:00+03:00,2026-01,,2911.041463085064,near_term_anchor:spot_to_next_linear,True,True,True
2026-01-13T08:00:00+00:00,2026-01-13T11:00:00+03:00,2026-01,,2911.018926172327,near_term_anchor:spot_to_next_linear,True,True,True
2026-01-13T09:00:00+00:00,2026-01-13T12:00:00+03:00,2026-01,,2910.996389259578,near_term_anchor:spot_to_next_linear,True,True,True
2026-01-13T10:00:00+00:00,2026-01-13T13:00:00+03:00,2026-01,,2910.9738523468172,near_term_anchor:spot_to_next_linear,True,True,True
2026-01-13T11:00:00+00:00,2026-01-13T14:00:00+03:00,2026-01,,2910.9513154340443,near_term_anchor:spot_to_next_linear,True,True,True
2026-01-13T12:00:00+00:00,2026-01-13T15:00:00+03:00,2026-01,,2910.928778521259,near_term_anchor:spot_to_next_linear,True,True,True
2026-01-13T13:00:00+00:00,2026-01-13T16:00:00+03:00,2026-01,,2910.9062416084626,near_term_anchor:spot_to_next_linear,True,True,True
2026-01-13T14:00:00+00:00,2026-01-13T17:00:00+03:00,2026-01,,2910.883704695654,near_term_anchor:spot_to_next_linear,True,True,True
2026-01-13T15:00:00+00:00,2026-01-13T18:00:00+03:00,2026-01,,2910.8611677828353,near_term_anchor:spot_to_next_linear,True,True,True
2026-01-13T16:00:00+00:00,2026-01-13T19:00:00+03:00,2026-01,,2910.838630870008,near_term_anchor:spot_to_next_linear,True,True,True
2026-01-13T17:00:00+00:00,2026-01-13T20:00:00+03:00,2026-01,,2910.8160939571753,near_term_anchor:spot_to_next_linear,True,True,True
2026-01-13T18:00:00+00:00,2026-01-13T21:00:00+03:00,2026-01,,2910.7935570443397,near_term_anchor:spot_to_next_linear,True,True,True
2026-01-13T19:00:00+00:00,2026-01-13T22:00:00+03:00,2026-01,,2910.771020131502,near_term_anchor:spot_to_next_linear,True,True,True
2026-01-13T20:00:00+00:00,2026-01-13T23:00:00+03:00,2026-01,,2910.7484832186647,near_term_anchor:spot_to_next_linear,True,True,True
2026-01-13T21:00:00+00:00,2026-01-14T00:00:00+03:00,2026-01,,2910.725946305829,near_term_anchor:spot_to_next_linear,True,True,True
2026-01-13T22:00:00+00:00,2026-01-14T01:00:00+03:00,2026-01,,2910.7034093929974,near_term_anchor:spot_to_next_linear,True,True,True
2026-01-13T23:00:00+00:00,2026-01-14T02:00:00+03:00,2026-01,,2910.6808724801726,near_term_anchor:spot_to_next_linear,True,True,True
2026-01-14T00:00:00+00:00,2026-01-14T03:00:00+03:00,2026-01,,2910.6583355673574,near_term_anchor:spot_to_next_linear,True,True,True
2026-01-14T01:00:00+00:00,2026-01-14T04:00:00+03:00,2026-01,,2910.635798654555,near_term_anchor:spot_to_next_linear,True,True,True
2026-01-14T02:00:00+00:00,2026-01-14T05:00:00+03:00,2026-01,,2910.6132617417693,near_term_anchor:spot_to_next_linear,True,True,True
2026-01-14T03:00:00+00:00,2026-01-14T06:00:00+03:00,2026-01,,2910.5907248290036,near_term_anchor:spot_to_next_linear,True,True,True
2026-01-14T04:00:00+00:00,2026-01-14T07:00:00+03:00,2026-01,,2910.568187916262,near_term_anchor:spot_to_next_linear,True,True,True
2026-01-14T05:00:00+00:00,2026-01-14T08:00:00+03:00,2026-01,,2910.5456510035447,near_term_anchor:spot_to_next_linear,True,True,True
2026-01-14T06:00:00+00:00,2026-01-14T09:00:00+03:00,2026-01,,2910.52311409085,near_term_anchor:spot_to_next_linear,True,True,True
2026-01-14T07:00:00+00:00,2026-01-14T10:00:00+03:00,2026-01,,2910.500577178175,near_term_anchor:spot_to_next_linear,True,True,True
2026-01-14T08:00:00+00:00,2026-01-14T11:00:00+03:00,2026-01,,2910.4780402655165,near_term_anchor:spot_to_next_linear,True,True,True
2026-01-14T09:00:00+00:00,2026-01-14T12:00:00+03:00,2026-01,,2910.4555033528727,near_term_anchor:spot_to_next_linear,True,True,True
2026-01-14T10:00:00+00:00,2026-01-14T13:00:00+03:00,2026-01,,2910.43296644024,near_term_anchor:spot_to_next_linear,True,True,True
2026-01-14T11:00:00+00:00,2026-01-14T14:00:00+03:00,2026-01,,2910.410429527614,near_term_anchor:spot_to_next_linear,True,True,True
2026-01-14T12:00:00+00:00,2026-01-14T15:00:00+03:00,2026-01,,2910.3878926149923,near_term_anchor:spot_to_next_linear,True,True,True
2026-01-14T13:00:00+00:00,2026-01-14T16:00:00+03:00,2026-01,,2910.3653557023736,near_term_anchor:spot_to_next_linear,True,True,True
2026-01-14T14:00:00+00:00,2026-01-14T17:00:00+03:00,2026-01,,2910.342818789755,near_term_anchor:spot_to_next_linear,True,True,True
2026-01-14T15:00:00+00:00,2026-01-14T18:00:00+03:00,2026-01,,2910.3202818771338,near_term_anchor:spot_to_next_linear,True,True,True
2026-01-14T16:00:00+00:00,2026-01-14T19:00:00+03:00,2026-01,,2910.2977449645077,near_term_anchor:spot_to_next_linear,True,True,True
2026-01-14T17:00:00+00:00,2026-01-14T20:00:00+03:00,2026-01,,2910.2752080518762,near_term_anchor:spot_to_next_linear,True,True,True
2026-01-14T18:00:00+00:00,2026-01-14T21:00:00+03:00,2026-01,,2910.252671139239,near_term_anchor:spot_to_next_linear,True,True,True
2026-01-14T19:00:00+00:00,2026-01-14T22:00:00+03:00,2026-01,,2910.2301342265946,near_term_anchor:spot_to_next_linear,True,True,True
2026-01-14T20:00:00+00:00,2026-01-14T23:00:00+03:00,2026-01,,2910.2075973139417,near_term_anchor:spot_to_next_linear,True,True,True
2026-01-14T21:00:00+00:00,2026-01-15T00:00:00+03:00,2026-01,,2910.1850604012793,near_term_anchor:spot_to_next_linear,True,True,True
2026-01-14T22:00:00+00:00,2026-01-15T01:00:00+03:00,2026-01,,2910.162523488608,near_term_anchor:spot_to_next_linear,True,True,True
2026-01-14T23:00:00+00:00,2026-01-15T02:00:00+03:00,2026-01,,2910.139986575927,near_term_anchor:spot_to_next_linear,True,True,True
2026-01-15T00:00:00+00:00,2026-01-15T03:00:00+03:00,2026-01,,2910.117449663237,near_term_anchor:spot_to_next_linear,True,True,True
2026-01-15T01:00:00+00:00,2026-01-15T04:00:00+03:00,2026-01,,2910.0949127505364,near_term_anchor:spot_to_next_linear,True,True,True
2026-01-15T02:00:00+00:00,2026-01-15T05:00:00+03:00,2026-01,,2910.0723758378253,near_term_anchor:spot_to_next_linear,True,True,True
2026-01-15T03:00:00+00:00,2026-01-15T06:00:00+03:00,2026-01,,2910.0498389251015,near_term_anchor:spot_to_next_linear,True,True,True
2026-01-15T04:00:00+00:00,2026-01-15T07:00:00+03:00,2026-01,,2910.027302012365,near_term_anchor:spot_to_next_linear,True,True,True
2026-01-15T05:00:00+00:00,2026-01-15T08:00:00+03:00,2026-01,,2910.0047650996153,near_term_anchor:spot_to_next_linear,True,True,True
2026-01-15T06:00:00+00:00,2026-01-15T09:00:00+03:00,2026-01,,2909.9822281868537,near_term_anchor:spot_to_next_linear,True,True,True
2026-01-15T07:00:00+00:00,2026-01-15T10:00:00+03:00,2026-01,,2909.9596912740817,near_term_anchor:spot_to_next_linear,True,True,True
2026-01-15T08:00:00+00:00,2026-01-15T11:00:00+03:00,2026-01,,2909.9371543613006,near_term_anchor:spot_to_next_linear,True,True,True
2026-01-15T09:00:00+00:00,2026-01-15T12:00:00+03:00,2026-01,,2909.9146174485113,near_term_anchor:spot_to_next_linear,True,True,True
2026-01-15T10:00:00+00:00,2026-01-15T13:00:00+03:00,2026-01,,2909.892080535714,near_term_anchor:spot_to_next_linear,True,True,True
2026-01-15T11:00:00+00:00,2026-01-15T14:00:00+03:00,2026-01,,2909.8695436229104,near_term_anchor:spot_to_next_linear,True,True,True
2026-01-15T12:00:00+00:00,2026-01-15T15:00:00+03:00,2026-01,,2909.847006710102,near_term_anchor:spot_to_next_linear,True,True,True
2026-01-15T13:00:00+00:00,2026-01-15T16:00:00+03:00,2026-01,,2909.8244697972873,near_term_anchor:spot_to_next_linear,True,True,True
2026-01-15T14:00:00+00:00,2026-01-15T17:00:00+03:00,2026-01,,2909.8019328844653,near_term_anchor:spot_to_next_linear,True,True,True
2026-01-15T15:00:00+00:00,2026-01-15T18:00:00+03:00,2026-01,,2909.779395971634,near_term_anchor:spot_to_next_linear,True,True,True
2026-01-15T16:00:00+00:00,2026-01-15T19:00:00+03:00,2026-01,,2909.7568590587957,near_term_anchor:spot_to_next_linear,True,True,True
2026-01-15T17:00:00+00:00,2026-01-15T20:00:00+03:00,2026-01,,2909.7343221459505,near_term_anchor:spot_to_next_linear,True,True,True
2026-01-15T18:00:00+00:00,2026-01-15T21:00:00+03:00,2026-01,,2909.711785233099,near_term_anchor:spot_to_next_linear,True,True,True
2026-01-15T19:00:00+00:00,2026-01-15T22:00:00+03:00,2026-01,,2909.689248320241,near_term_anchor:spot_to_next_linear,True,True,True
2026-01-15T20:00:00+00:00,2026-01-15T23:00:00+03:00,2026-01,,2909.6667114073784,near_term_anchor:spot_to_next_linear,True,True,True
2026-01-15T21:00:00+00:00,2026-01-16T00:00:00+03:00,2026-01,,2909.6441744945128,near_term_anchor:spot_to_next_linear,True,True,True
2026-01-15T22:00:00+00:00,2026-01-16T01:00:00+03:00,2026-01,,2909.6216375816443,near_term_anchor:spot_to_next_linear,True,True,True
2026-01-15T23:00:00+00:00,2026-01-16T02:00:00+03:00,2026-01,,2909.599100668774,near_term_anchor:spot_to_next_linear,True,True,True
2026-01-16T00:00:00+00:00,2026-01-16T03:00:00+03:00,2026-01,,2909.576563755904,near_term_anchor:spot_to_next_linear,True,True,True
2026-01-16T01:00:00+00:00,2026-01-16T04:00:00+03:00,2026-01,,2909.5540268430327,near_term_anchor:spot_to_next_linear,True,True,True
2026-01-16T02:00:00+00:00,2026-01-16T05:00:00+03:00,2026-01,,2909.5314899301598,near_term_anchor:spot_to_next_linear,True,True,True
2026-01-16T03:00:00+00:00,2026-01-16T06:00:00+03:00,2026-01,,2909.5089530172836,near_term_anchor:spot_to_next_linear,True,True,True
2026-01-16T04:00:00+00:00,2026-01-16T07:00:00+03:00,2026-01,,2909.4864161044034,near_term_anchor:spot_to_next_linear,True,True,True
2026-01-16T05:00:00+00:00,2026-01-16T08:00:00+03:00,2026-01,,2909.463879191519,near_term_anchor:spot_to_next_linear,True,True,True
2026-01-16T06:00:00+00:00,2026-01-16T09:00:00+03:00,2026-01,,2909.44134227863,near_term_anchor:spot_to_next_linear,True,True,True
2026-01-16T07:00:00+00:00,2026-01-16T10:00:00+03:00,2026-01,,2909.418805365736,near_term_anchor:spot_to_next_linear,True,True,True
2026-01-16T08:00:00+00:00,2026-01-16T11:00:00+03:00,2026-01,,2909.396268452837,near_term_anchor:spot_to_next_linear,True,True,True
2026-01-16T09:00:00+00:00,2026-01-16T12:00:00+03:00,2026-01,,2909.3737315399344,near_term_anchor:spot_to_next_linear,True,True,True
2026-01-16T10:00:00+00:00,2026-01-16T13:00:00+03:00,2026-01,,2909.3511946270296,near_term_anchor:spot_to_next_linear,True,True,True
2026-01-16T11:00:00+00:00,2026-01-16T14:00:00+03:00,2026-01,,2909.328657714125,near_term_anchor:spot_to_next_linear,True,True,True
2026-01-16T12:00:00+00:00,2026-01-16T15:00:00+03:00,2026-01,,2909.3061208012223,near_term_anchor:spot_to_next_linear,True,True,True
2026-01-16T13:00:00+00:00,2026-01-16T16:00:00+03:00,2026-01,,2909.283583888325,near_term_anchor:spot_to_next_linear,True,True,True
2026-01-16T14:00:00+00:00,2026-01-16T17:00:00+03:00,2026-01,,2909.261046975437,near_term_anchor:spot_to_next_linear,True,True,True
2026-01-16T15:00:00+00:00,2026-01-16T18:00:00+03:00,2026-01,,2909.238510062559,near_term_anchor:spot_to_next_linear,True,True,True
2026-01-16T16:00:00+00:00,2026-01-16T19:00:00+03:00,2026-01,,2909.2159731496936,near_term_anchor:spot_to_next_linear,True,True,True
2026-01-16T17:00:00+00:00,2026-01-16T20:00:00+03:00,2026-01,,2909.1934362368434,near_term_anchor:spot_to_next_linear,True,True,True
2026-01-16T18:00:00+00:00,2026-01-16T21:00:00+03:00,2026-01,,2909.1708993240086,near_term_anchor:spot_to_next_linear,True,True,True
2026-01-16T19:00:00+00:00,2026-01-16T22:00:00+03:00,2026-01,,2909.1483624111893,near_term_anchor:spot_to_next_linear,True,True,True
2026-01-16T20:00:00+00:00,2026-01-16T23:00:00+03:00,2026-01,,2909.1258254983877,near_term_anchor:spot_to_next_linear,True,True,True
2026-01-16T21:00:00+00:00,2026-01-17T00:00:00+03:00,2026-01,,2909.103288585604,near_term_anchor:spot_to_next_linear,True,True,True
2026-01-16T22:00:00+00:00,2026-01-17T01:00:00+03:00,2026-01,,2909.080751672837,near_term_anchor:spot_to_next_linear,True,True,True
2026-01-16T23:00:00+00:00,2026-01-17T02:00:00+03:00,2026-01,,2909.0582147600876,near_term_anchor:spot_to_next_linear,True,True,True
2026-01-17T00:00:00+00:00,2026-01-17T03:00:00+03:00,2026-01,,2909.035677847355,near_term_anchor:spot_to_next_linear,True,True,True
2026-01-17T01:00:00+00:00,2026-01-17T04:00:00+03:00,2026-01,,2909.013140934637,near_term_anchor:spot_to_next_linear,True,True,True
2026-01-17T02:00:00+00:00,2026-01-17T05:00:00+03:00,2026-01,,2908.9906040219303,near_term_anchor:spot_to_next_linear,True,True,True
2026-01-17T03:00:00+00:00,2026-01-17T06:00:00+03:00,2026-01,,2908.968067109233,near_term_anchor:spot_to_next_linear,True,True,True
2026-01-17T04:00:00+00:00,2026-01-17T07:00:00+03:00,2026-01,,2908.945530196542,near_term_anchor:spot_to_next_linear,True,True,True
2026-01-17T05:00:00+00:00,2026-01-17T08:00:00+03:00,2026-01,,2908.922993283857,near_term_anchor:spot_to_next_linear,True,True,True
2026-01-17T06:00:00+00:00,2026-01-17T09:00:00+03:00,2026-01,,2908.9004563711746,near_term_anchor:spot_to_next_linear,True,True,True
2026-01-17T07:00:00+00:00,2026-01-17T10:00:00+03:00,2026-01,,2908.8779194584936,near_term_anchor:spot_to_next_linear,True,True,True
2026-01-17T08:00:00+00:00,2026-01-17T11:00:00+03:00,2026-01,,2908.8553825458125,near_term_anchor:spot_to_next_linear,True,True,True
2026-01-17T09:00:00+00:00,2026-01-17T12:00:00+03:00,2026-01,,2908.8328456331305,near_term_anchor:spot_to_next_linear,True,True,True
2026-01-17T10:00:00+00:00,2026-01-17T13:00:00+03:00,2026-01,,2908.8103087204477,near_term_anchor:spot_to_next_linear,True,True,True
2026-01-17T11:00:00+00:00,2026-01-17T14:00:00+03:00,2026-01,,2908.7877718077652,near_term_anchor:spot_to_next_linear,True,True,True
2026-01-17T12:00:00+00:00,2026-01-17T15:00:00+03:00,2026-01,,2908.7652348950837,near_term_anchor:spot_to_next_linear,True,True,True
2026-01-17T13:00:00+00:00,2026-01-17T16:00:00+03:00,2026-01,,2908.7426979824045,near_term_anchor:spot_to_next_linear,True,True,True
2026-01-17T14:00:00+00:00,2026-01-17T17:00:00+03:00,2026-01,,2908.720161069727,near_term_anchor:spot_to_next_linear,True,True,True
2026-01-17T15:00:00+00:00,2026-01-17T18:00:00+03:00,2026-01,,2908.697624157053,near_term_anchor:spot_to_next_linear,True,True,True
2026-01-17T16:00:00+00:00,2026-01-17T19:00:00+03:00,2026-01,,2908.6750872443836,near_term_anchor:spot_to_next_linear,True,True,True
2026-01-17T17:00:00+00:00,2026-01-17T20:00:00+03:00,2026-01,,2908.65255033172,near_term_anchor:spot_to_next_linear,True,True,True
2026-01-17T18:00:00+00:00,2026-01-17T21:00:00+03:00,2026-01,,2908.630013419061,near_term_anchor:spot_to_next_linear,True,True,True
2026-01-17T19:00:00+00:00,2026-01-17T22:00:00+03:00,2026-01,,2908.6074765064072,near_term_anchor:spot_to_next_linear,True,True,True
2026-01-17T20:00:00+00:00,2026-01-17T23:00:00+03:00,2026-01,,2908.5849395937576,near_term_anchor:spot_to_next_linear,True,True,True
2026-01-17T21:00:00+00:00,2026-01-18T00:00:00+03:00,2026-01,,2908.5624026811092,near_term_anchor:spot_to_next_linear,True,True,True
2026-01-17T22:00:00+00:00,2026-01-18T01:00:00+03:00,2026-01,,2908.5398657684623,near_term_anchor:spot_to_next_linear,True,True,True
2026-01-17T23:00:00+00:00,2026-01-18T02:00:00+03:00,2026-01,,2908.5173288558162,near_term_anchor:spot_to_next_linear,True,True,True
2026-01-18T00:00:00+00:00,2026-01-18T03:00:00+03:00,2026-01,,2908.49479194317,near_term_anchor:spot_to_next_linear,True,True,True
2026-01-18T01:00:00+00:00,2026-01-18T04:00:00+03:00,2026-01,,2908.4722550305237,near_term_anchor:spot_to_next_linear,True,True,True
2026-01-18T02:00:00+00:00,2026-01-18T05:00:00+03:00,2026-01,,2908.4497181178776,near_term_anchor:spot_to_next_linear,True,True,True
2026-01-18T03:00:00+00:00,2026-01-18T06:00:00+03:00,2026-01,,2908.4271812052307,near_term_anchor:spot_to_next_linear,True,True,True
2026-01-18T04:00:00+00:00,2026-01-18T07:00:00+03:00,2026-01,,2908.4046442925833,near_term_anchor:spot_to_next_linear,True,True,True
2026-01-18T05:00:00+00:00,2026-01-18T08:00:00+03:00,2026-01,,2908.3821073799363,near_term_anchor:spot_to_next_linear,True,True,True
2026-01-18T06:00:00+00:00,2026-01-18T09:00:00+03:00,2026-01,,2908.3595704672907,near_term_anchor:spot_to_next_linear,True,True,True
2026-01-18T07:00:00+00:00,2026-01-18T10:00:00+03:00,2026-01,,2908.337033554647,near_term_anchor:spot_to_next_linear,True,True,True
2026-01-18T08:00:00+00:00,2026-01-18T11:00:00+03:00,2026-01,,2908.3144966420036,near_term_anchor:spot_to_next_linear,True,True,True
2026-01-18T09:00:00+00:00,2026-01-18T12:00:00+03:00,2026-01,,2908.2919597293626,near_term_anchor:spot_to_next_linear,True,True,True
2026-01-18T10:00:00+00:00,2026-01-18T13:00:00+03:00,2026-01,,2908.2694228167225,near_term_anchor:spot_to_next_linear,True,True,True
2026-01-18T11:00:00+00:00,2026-01-18T14:00:00+03:00,2026-01,,2908.246885904082,near_term_anchor:spot_to_next_linear,True,True,True
2026-01-18T12:00:00+00:00,2026-01-18T15:00:00+03:00,2026-01,,2908.2243489914404,near_term_anchor:spot_to_next_linear,True,True,True
2026-01-18T13:00:00+00:00,2026-01-18T16:00:00+03:00,2026-01,,2908.201812078799,near_term_anchor:spot_to_next_linear,True,True,True
2026-01-18T14:00:00+00:00,2026-01-18T17:00:00+03:00,2026-01,,2908.179275166155,near_term_anchor:spot_to_next_linear,True,True,True
2026-01-18T15:00:00+00:00,2026-01-18T18:00:00+03:00,2026-01,,2908.1567382535072,near_term_anchor:spot_to_next_linear,True,True,True
2026-01-18T16:00:00+00:00,2026-01-18T19:00:00+03:00,2026-01,,2908.134201340855,near_term_anchor:spot_to_next_linear,True,True,True
2026-01-18T17:00:00+00:00,2026-01-18T20:00:00+03:00,2026-01,,2908.1116644281965,near_term_anchor:spot_to_next_linear,True,True,True
2026-01-18T18:00:00+00:00,2026-01-18T21:00:00+03:00,2026-01,,2908.0891275155304,near_term_anchor:spot_to_next_linear,True,True,True
2026-01-18T19:00:00+00:00,2026-01-18T22:00:00+03:00,2026-01,,2908.066590602855,near_term_anchor:spot_to_next_linear,True,True,True
2026-01-18T20:00:00+00:00,2026-01-18T23:00:00+03:00,2026-01,,2908.0440536901706,near_term_anchor:spot_to_next_linear,True,True,True
2026-01-18T21:00:00+00:00,2026-01-19T00:00:00+03:00,2026-01,,2908.0215167774772,near_term_anchor:spot_to_next_linear,True,True,True
2026-01-18T22:00:00+00:00,2026-01-19T01:00:00+03:00,2026-01,,2907.9989798647744,near_term_anchor:spot_to_next_linear,True,True,True
2026-01-18T23:00:00+00:00,2026-01-19T02:00:00+03:00,2026-01,,2907.976442952062,near_term_anchor:spot_to_next_linear,True,True,True
2026-01-19T00:00:00+00:00,2026-01-19T03:00:00+03:00,2026-01,,2907.9539060393395,near_term_anchor:spot_to_next_linear,True,True,True
2026-01-19T01:00:00+00:00,2026-01-19T04:00:00+03:00,2026-01,,2907.9313691266075,near_term_anchor:spot_to_next_linear,True,True,True
2026-01-19T02:00:00+00:00,2026-01-19T05:00:00+03:00,2026-01,,2907.908832213866,near_term_anchor:spot_to_next_linear,True,True,True
2026-01-19T03:00:00+00:00,2026-01-19T06:00:00+03:00,2026-01,,2907.886295301116,near_term_anchor:spot_to_next_linear,True,True,True
2026-01-19T04:00:00+00:00,2026-01-19T07:00:00+03:00,2026-01,,2907.86375838836,near_term_anchor:spot_to_next_linear,True,True,True
2026-01-19T05:00:00+00:00,2026-01-19T08:00:00+03:00,2026-01,,2907.841221475599,near_term_anchor:spot_to_next_linear,True,True,True
2026-01-19T06:00:00+00:00,2026-01-19T09:00:00+03:00,2026-01,,2907.8186845628334,near_term_anchor:spot_to_next_linear,True,True,True
2026-01-19T07:00:00+00:00,2026-01-19T10:00:00+03:00,2026-01,,2907.7961476500636,near_term_anchor:spot_to_next_linear,True,True,True
2026-01-19T08:00:00+00:00,2026-01-19T11:00:00+03:00,2026-01,,2907.7736107372916,near_term_anchor:spot_to_next_linear,True,True,True
2026-01-19T09:00:00+00:00,2026-01-19T12:00:00+03:00,2026-01,,2907.751073824518,near_term_anchor:spot_to_next_linear,True,True,True
2026-01-19T10:00:00+00:00,2026-01-19T13:00:00+03:00,2026-01,,2907.728536911743,near_term_anchor:spot_to_next_linear,True,True,True
2026-01-19T11:00:00+00:00,2026-01-19T14:00:00+03:00,2026-01,,2907.7059999989683,near_term_anchor:spot_to_next_linear,True,True,True
2026-01-19T12:00:00+00:00,2026-01-19T15:00:00+03:00,2026-01,,2907.6834630861936,near_term_anchor:spot_to_next_linear,True,True,True
2026-01-19T13:00:00+00:00,2026-01-19T16:00:00+03:00,2026-01,,2907.6609261734197,near_term_anchor:spot_to_next_linear,True,True,True
2026-01-19T14:00:00+00:00,2026-01-19T17:00:00+03:00,2026-01,,2907.638389260647,near_term_anchor:spot_to_next_linear,True,True,True
2026-01-19T15:00:00+00:00,2026-01-19T18:00:00+03:00,2026-01,,2907.6158523478784,near_term_anchor:spot_to_next_linear,True,True,True
2026-01-19T16:00:00+00:00,2026-01-19T19:00:00+03:00,2026-01,,2907.593315435117,near_term_anchor:spot_to_next_linear,True,True,True
2026-01-19T17:00:00+00:00,2026-01-19T20:00:00+03:00,2026-01,,2907.5707785223663,near_term_anchor:spot_to_next_linear,True,True,True
2026-01-19T18:00:00+00:00,2026-01-19T21:00:00+03:00,2026-01,,2907.548241609629,near_term_anchor:spot_to_next_linear,True,True,True
2026-01-19T19:00:00+00:00,2026-01-19T22:00:00+03:00,2026-01,,2907.525704696907,near_term_anchor:spot_to_next_linear,True,True,True
2026-01-19T20:00:00+00:00,2026-01-19T23:00:00+03:00,2026-01,,2907.503167784201,near_term_anchor:spot_to_next_linear,True,True,True
2026-01-19T21:00:00+00:00,2026-01-20T00:00:00+03:00,2026-01,,2907.480630871513,near_term_anchor:spot_to_next_linear,True,True,True
2026-01-19T22:00:00+00:00,2026-01-20T01:00:00+03:00,2026-01,,2907.458093958843,near_term_anchor:spot_to_next_linear,True,True,True
2026-01-19T23:00:00+00:00,2026-01-20T02:00:00+03:00,2026-01,,2907.435557046194,near_term_anchor:spot_to_next_linear,True,True,True
2026-01-20T00:00:00+00:00,2026-01-20T03:00:00+03:00,2026-01,,2907.413020133566,near_term_anchor:spot_to_next_linear,True,True,True
2026-01-20T01:00:00+00:00,2026-01-20T04:00:00+03:00,2026-01,,2907.3904832209605,near_term_anchor:spot_to_next_linear,True,True,True
2026-01-20T02:00:00+00:00,2026-01-20T05:00:00+03:00,2026-01,,2907.367946308377,near_term_anchor:spot_to_next_linear,True,True,True
2026-01-20T03:00:00+00:00,2026-01-20T06:00:00+03:00,2026-01,,2907.3454093958158,near_term_anchor:spot_to_next_linear,True,True,True
2026-01-20T04:00:00+00:00,2026-01-20T07:00:00+03:00,2026-01,,2907.3228724832757,near_term_anchor:spot_to_next_linear,True,True,True
2026-01-20T05:00:00+00:00,2026-01-20T08:00:00+03:00,2026-01,,2907.3003355707574,near_term_anchor:spot_to_next_linear,True,True,True
2026-01-20T06:00:00+00:00,2026-01-20T09:00:00+03:00,2026-01,,2907.2777986582632,near_term_anchor:spot_to_next_linear,True,True,True
2026-01-20T07:00:00+00:00,2026-01-20T10:00:00+03:00,2026-01,,2907.255261745793,near_term_anchor:spot_to_next_linear,True,True,True
2026-01-20T08:00:00+00:00,2026-01-20T11:00:00+03:00,2026-01,,2907.232724833347,near_term_anchor:spot_to_next_linear,True,True,True
2026-01-20T09:00:00+00:00,2026-01-20T12:00:00+03:00,2026-01,,2907.210187920926,near_term_anchor:spot_to_next_linear,True,True,True
2026-01-20T10:00:00+00:00,2026-01-20T13:00:00+03:00,2026-01,,2907.1876510085294,near_term_anchor:spot_to_next_linear,True,True,True
2026-01-20T11:00:00+00:00,2026-01-20T14:00:00+03:00,2026-01,,2907.165114096157,near_term_anchor:spot_to_next_linear,True,True,True
2026-01-20T12:00:00+00:00,2026-01-20T15:00:00+03:00,2026-01,,2907.142577183809,near_term_anchor:spot_to_next_linear,True,True,True
2026-01-20T13:00:00+00:00,2026-01-20T16:00:00+03:00,2026-01,,2907.120040271486,near_term_anchor:spot_to_next_linear,True,True,True
2026-01-20T14:00:00+00:00,2026-01-20T17:00:00+03:00,2026-01,,2907.0975033591862,near_term_anchor:spot_to_next_linear,True,True,True
2026-01-20T15:00:00+00:00,2026-01-20T18:00:00+03:00,2026-01,,2907.074966446907,near_term_anchor:spot_to_next_linear,True,True,True
2026-01-20T16:00:00+00:00,2026-01-20T19:00:00+03:00,2026-01,,2907.0524295346463,near_term_anchor:spot_to_next_linear,True,True,True
2026-01-20T17:00:00+00:00,2026-01-20T20:00:00+03:00,2026-01,,2907.029892622398,near_term_anchor:spot_to_next_linear,True,True,True
2026-01-20T18:00:00+00:00,2026-01-20T21:00:00+03:00,2026-01,,2907.0073557101578,near_term_anchor:spot_to_next_linear,True,True,True
2026-01-20T19:00:00+00:00,2026-01-20T22:00:00+03:00,2026-01,,2906.9848187979196,near_term_anchor:spot_to_next_linear,True,True,True
2026-01-20T20:00:00+00:00,2026-01-20T23:00:00+03:00,2026-01,,2906.962281885678,near_term_anchor:spot_to_next_linear,True,True,True
2026-01-20T21:00:00+00:00,2026-01-21T00:00:00+03:00,2026-01,,2906.9397449734274,near_term_anchor:spot_to_next_linear,True,True,True
2026-01-20T22:00:00+00:00,2026-01-21T01:00:00+03:00,2026-01,,2906.91720806116,near_term_anchor:spot_to_next_linear,True,True,True
2026-01-20T23:00:00+00:00,2026-01-21T02:00:00+03:00,2026-01,,2906.894671148867,near_term_anchor:spot_to_next_linear,True,True,True
2026-01-21T00:00:00+00:00,2026-01-21T03:00:00+03:00,2026-01,,2906.8721342365375,near_term_anchor:spot_to_next_linear,True,True,True
2026-01-21T01:00:00+00:00,2026-01-21T04:00:00+03:00,2026-01,,2906.8495973241606,near_term_anchor:spot_to_next_linear,True,True,True
2026-01-21T02:00:00+00:00,2026-01-21T05:00:00+03:00,2026-01,,2906.827060411726,near_term_anchor:spot_to_next_linear,True,True,True
2026-01-21T03:00:00+00:00,2026-01-21T06:00:00+03:00,2026-01,,2906.8045234992237,near_term_anchor:spot_to_next_linear,True,True,True
2026-01-21T04:00:00+00:00,2026-01-21T07:00:00+03:00,2026-01,,2906.7819865866422,near_term_anchor:spot_to_next_linear,True,True,True
2026-01-21T05:00:00+00:00,2026-01-21T08:00:00+03:00,2026-01,,2906.75944967397,near_term_anchor:spot_to_next_linear,True,True,True
2026-01-21T06:00:00+00:00,2026-01-21T09:00:00+03:00,2026-01,,2906.736912761194,near_term_anchor:spot_to_next_linear,True,True,True
2026-01-21T07:00:00+00:00,2026-01-21T10:00:00+03:00,2026-01,,2906.7143758483016,near_term_anchor:spot_to_next_linear,True,True,True
2026-01-21T08:00:00+00:00,2026-01-21T11:00:00+03:00,2026-01,,2906.6918389352786,near_term_anchor:spot_to_next_linear,True,True,True
2026-01-21T09:00:00+00:00,2026-01-21T12:00:00+03:00,2026-01,,2906.66930202211,near_term_anchor:spot_to_next_linear,True,True,True
2026-01-21T10:00:00+00:00,2026-01-21T13:00:00+03:00,2026-01,,2906.6467651087796,near_term_anchor:spot_to_next_linear,True,True,True
2026-01-21T11:00:00+00:00,2026-01-21T14:00:00+03:00,2026-01,,2906.6242281952705,near_term_anchor:spot_to_next_linear,True,True,True
2026-01-21T12:00:00+00:00,2026-01-21T15:00:00+03:00,2026-01,,2906.601691281566,near_term_anchor:spot_to_next_linear,True,True,True
2026-01-21T13:00:00+00:00,2026-01-21T16:00:00+03:00,2026-01,,2906.5791543676487,near_term_anchor:spot_to_next_linear,True,True,True
2026-01-21T14:00:00+00:00,2026-01-21T17:00:00+03:00,2026-01,,2906.5566174534974,near_term_anchor:spot_to_next_linear,True,True,True
2026-01-21T15:00:00+00:00,2026-01-21T18:00:00+03:00,2026-01,,2906.534080539092,near_term_anchor:spot_to_next_linear,True,True,True
2026-01-21T16:00:00+00:00,2026-01-21T19:00:00+03:00,2026-01,,2906.51154362441,near_term_anchor:spot_to_next_linear,True,True,True
2026-01-21T17:00:00+00:00,2026-01-21T20:00:00+03:00,2026-01,,2906.4890067094284,near_term_anchor:spot_to_next_linear,True,True,True
2026-01-21T18:00:00+00:00,2026-01-21T21:00:00+03:00,2026-01,,2906.466469794122,near_term_anchor:spot_to_next_linear,True,True,True
2026-01-21T19:00:00+00:00,2026-01-21T22:00:00+03:00,2026-01,,2906.4439328784665,near_term_anchor:spot_to_next_linear,True,True,True
2026-01-21T20:00:00+00:00,2026-01-21T23:00:00+03:00,2026-01,,2906.421395962439,near_term_anchor:spot_to_next_linear,True,True,True
2026-01-21T21:00:00+00:00,2026-01-22T00:00:00+03:00,2026-01,,2906.3988590460162,near_term_anchor:spot_to_next_linear,True,True,True
2026-01-21T22:00:00+00:00,2026-01-22T01:00:00+03:00,2026-01,,2906.3763221291774,near_term_anchor:spot_to_next_linear,True,True,True
2026-01-21T23:00:00+00:00,2026-01-22T02:00:00+03:00,2026-01,,2906.353785211901,near_term_anchor:spot_to_next_linear,True,True,True
2026-01-22T00:00:00+00:00,2026-01-22T03:00:00+03:00,2026-01,,2906.3312482941697,near_term_anchor:spot_to_next_linear,True,True,True
2026-01-22T01:00:00+00:00,2026-01-22T04:00:00+03:00,2026-01,,2906.3087113759675,near_term_anchor:spot_to_next_linear,True,True,True
2026-01-22T02:00:00+00:00,2026-01-22T05:00:00+03:00,2026-01,,2906.2861744572792,near_term_anchor:spot_to_next_linear,True,True,True
2026-01-22T03:00:00+00:00,2026-01-22T06:00:00+03:00,2026-01,,2906.263637538093,near_term_anchor:spot_to_next_linear,True,True,True
2026-01-22T04:00:00+00:00,2026-01-22T07:00:00+03:00,2026-01,,2906.2411006184,near_term_anchor:spot_to_next_linear,True,True,True
2026-01-22T05:00:00+00:00,2026-01-22T08:00:00+03:00,2026-01,,2906.218563698197,near_term_anchor:spot_to_next_linear,True,True,True
2026-01-22T06:00:00+00:00,2026-01-22T09:00:00+03:00,2026-01,,2906.1960267774857,near_term_anchor:spot_to_next_linear,True,True,True
2026-01-22T07:00:00+00:00,2026-01-22T10:00:00+03:00,2026-01,,2906.1734898562736,near_term_anchor:spot_to_next_linear,True,True,True
2026-01-22T08:00:00+00:00,2026-01-22T11:00:00+03:00,2026-01,,2906.150952934575,near_term_anchor:spot_to_next_linear,True,True,True
2026-01-22T09:00:00+00:00,2026-01-22T12:00:00+03:00,2026-01,,2906.12841601241,near_term_anchor:spot_to_next_linear,True,True,True
2026-01-22T10:00:00+00:00,2026-01-22T13:00:00+03:00,2026-01,,2906.105879089805,near_term_anchor:spot_to_next_linear,True,True,True
2026-01-22T11:00:00+00:00,2026-01-22T14:00:00+03:00,2026-01,,2906.083342166796,near_term_anchor:spot_to_next_linear,True,True,True
2026-01-22T12:00:00+00:00,2026-01-22T15:00:00+03:00,2026-01,,2906.0608052434272,near_term_anchor:spot_to_next_linear,True,True,True
2026-01-22T13:00:00+00:00,2026-01-22T16:00:00+03:00,2026-01,,2906.038268319757,near_term_anchor:spot_to_next_linear,True,True,True
2026-01-22T14:00:00+00:00,2026-01-22T17:00:00+03:00,2026-01,,2906.0157313958553,near_term_anchor:spot_to_next_linear,True,True,True
2026-01-22T15:00:00+00:00,2026-01-22T18:00:00+03:00,2026-01,,2905.993194471806,near_term_anchor:spot_to_next_linear,True,True,True
2026-01-22T16:00:00+00:00,2026-01-22T19:00:00+03:00,2026-01,,2905.9706575477085,near_term_anchor:spot_to_next_linear,True,True,True
2026-01-22T17:00:00+00:00,2026-01-22T20:00:00+03:00,2026-01,,2905.948120623678,near_term_anchor:spot_to_next_linear,True,True,True
2026-01-22T18:00:00+00:00,2026-01-22T21:00:00+03:00,2026-01,,2905.9255836998445,near_term_anchor:spot_to_next_linear,True,True,True
2026-01-22T19:00:00+00:00,2026-01-22T22:00:00+03:00,2026-01,,2905.9030467763573,near_term_anchor:spot_to_next_linear,True,True,True
2026-01-22T20:00:00+00:00,2026-01-22T23:00:00+03:00,2026-01,,2905.880509853386,near_term_anchor:spot_to_next_linear,True,True,True
2026-01-22T21:00:00+00:00,2026-01-23T00:00:00+03:00,2026-01,,2905.85797293112,near_term_anchor:spot_to_next_linear,True,True,True
2026-01-22T22:00:00+00:00,2026-01-23T01:00:00+03:00,2026-01,,2905.835436009769,near_term_anchor:spot_to_next_linear,True,True,True
2026-01-22T23:00:00+00:00,2026-01-23T02:00:00+03:00,2026-01,,2905.812899089566,near_term_anchor:spot_to_next_linear,True,True,True
2026-01-23T00:00:00+00:00,2026-01-23T03:00:00+03:00,2026-01,,2905.790362170766,near_term_anchor:spot_to_next_linear,True,True,True
2026-01-23T01:00:00+00:00,2026-01-23T04:00:00+03:00,2026-01,,2905.767825253647,near_term_anchor:spot_to_next_linear,True,True,True
2026-01-23T02:00:00+00:00,2026-01-23T05:00:00+03:00,2026-01,,2905.745288338514,near_term_anchor:spot_to_next_linear,True,True,True
2026-01-23T03:00:00+00:00,2026-01-23T06:00:00+03:00,2026-01,,2905.7227514256933,near_term_anchor:spot_to_next_linear,True,True,True
2026-01-23T04:00:00+00:00,2026-01-23T07:00:00+03:00,2026-01,,2905.7002145155375,near_term_anchor:spot_to_next_linear,True,True,True
2026-01-23T05:00:00+00:00,2026-01-23T08:00:00+03:00,2026-01,,2905.677677608422,near_term_anchor:spot_to_next_linear,True,True,True
2026-01-23T06:00:00+00:00,2026-01-23T09:00:00+03:00,2026-01,,2905.6551407047473,near_term_anchor:spot_to_next_linear,True,True,True
2026-01-23T07:00:00+00:00,2026-01-23T10:00:00+03:00,2026-01,,2905.632603804939,near_term_anchor:spot_to_next_linear,True,True,True
2026-01-23T08:00:00+00:00,2026-01-23T11:00:00+03:00,2026-01,,2905.610066909448,near_term_anchor:spot_to_next_linear,True,True,True
2026-01-23T09:00:00+00:00,2026-01-23T12:00:00+03:00,2026-01,,2905.587530018746,near_term_anchor:spot_to_next_linear,True,True,True
2026-01-23T10:00:00+00:00,2026-01-23T13:00:00+03:00,2026-01,,2905.564993133325,near_term_anchor:spot_to_next_linear,True,True,True
2026-01-23T11:00:00+00:00,2026-01-23T14:00:00+03:00,2026-01,,2905.542456253696,near_term_anchor:spot_to_next_linear,True,True,True
2026-01-23T12:00:00+00:00,2026-01-23T15:00:00+03:00,2026-01,,2905.519919380383,near_term_anchor:spot_to_next_linear,True,True,True
2026-01-23T13:00:00+00:00,2026-01-23T16:00:00+03:00,2026-01,,2905.4973825139223,near_term_anchor:spot_to_next_linear,True,True,True
2026-01-23T14:00:00+00:00,2026-01-23T17:00:00+03:00,2026-01,,2905.4748456548577,near_term_anchor:spot_to_next_linear,True,True,True
2026-01-23T15:00:00+00:00,2026-01-23T18:00:00+03:00,2026-01,,2905.4523088037363,near_term_anchor:spot_to_next_linear,True,True,True
2026-01-23T16:00:00+00:00,2026-01-23T19:00:00+03:00,2026-01,,2905.429771961104,near_term_anchor:spot_to_next_linear,True,True,True
2026-01-23T17:00:00+00:00,2026-01-23T20:00:00+03:00,2026-01,,2905.4072351274976,near_term_anchor:spot_to_next_linear,True,True,True
2026-01-23T18:00:00+00:00,2026-01-23T21:00:00+03:00,2026-01,,2905.3846983034377,near_term_anchor:spot_to_next_linear,True,True,True
2026-01-23T19:00:00+00:00,2026-01-23T22:00:00+03:00,2026-01,,2905.362161489425,near_term_anchor:spot_to_next_linear,True,True,True
2026-01-23T20:00:00+00:00,2026-01-23T23:00:00+03:00,2026-01,,2905.339624685924,near_term_anchor:spot_to_next_linear,True,True,True
2026-01-23T21:00:00+00:00,2026-01-24T00:00:00+03:00,2026-01,,2905.3170878933574,near_term_anchor:spot_to_next_linear,True,True,True
2026-01-23T22:00:00+00:00,2026-01-24T01:00:00+03:00,2026-01,,2905.294551112097,near_term_anchor:spot_to_next_linear,True,True,True
2026-01-23T23:00:00+00:00,2026-01-24T02:00:00+03:00,2026-01,,2905.2720143424485,near_term_anchor:spot_to_next_linear,True,True,True
2026-01-24T00:00:00+00:00,2026-01-24T03:00:00+03:00,2026-01,,2905.2494775846408,near_term_anchor:spot_to_next_linear,True,True,True
2026-01-24T01:00:00+00:00,2026-01-24T04:00:00+03:00,2026-01,,2905.2269408388092,near_term_anchor:spot_to_next_linear,True,True,True
2026-01-24T02:00:00+00:00,2026-01-24T05:00:00+03:00,2026-01,,2905.204404104982,near_term_anchor:spot_to_next_linear,True,True,True
2026-01-24T03:00:00+00:00,2026-01-24T06:00:00+03:00,2026-01,,2905.181867383064,near_term_anchor:spot_to_next_linear,True,True,True
2026-01-24T04:00:00+00:00,2026-01-24T07:00:00+03:00,2026-01,,2905.1593306728178,near_term_anchor:spot_to_next_linear,True,True,True
2026-01-24T05:00:00+00:00,2026-01-24T08:00:00+03:00,2026-01,,2905.136793973845,near_term_anchor:spot_to_next_linear,True,True,True
2026-01-24T06:00:00+00:00,2026-01-24T09:00:00+03:00,2026-01,,2905.114257285567,near_term_anchor:spot_to_next_linear,True,True,True
2026-01-24T07:00:00+00:00,2026-01-24T10:00:00+03:00,2026-01,,2905.0917206072,near_term_anchor:spot_to_next_linear,True,True,True
2026-01-24T08:00:00+00:00,2026-01-24T11:00:00+03:00,2026-01,,2905.069183937735,near_term_anchor:spot_to_next_linear,True,True,True
2026-01-24T09:00:00+00:00,2026-01-24T12:00:00+03:00,2026-01,,2905.0466472759153,near_term_anchor:spot_to_next_linear,True,True,True
2026-01-24T10:00:00+00:00,2026-01-24T13:00:00+03:00,2026-01,,2905.0241106202097,near_term_anchor:spot_to_next_linear,True,True,True
2026-01-24T11:00:00+00:00,2026-01-24T14:00:00+03:00,2026-01,,2905.0015739687897,near_term_anchor:spot_to_next_linear,True,True,True
2026-01-24T12:00:00+00:00,2026-01-24T15:00:00+03:00,2026-01,,2904.9790373195033,near_term_anchor:spot_to_next_linear,True,True,True
2026-01-24T13:00:00+00:00,2026-01-24T16:00:00+03:00,2026-01,,2904.956500669845,near_term_anchor:spot_to_next_linear,True,True,True
2026-01-24T14:00:00+00:00,2026-01-24T17:00:00+03:00,2026-01,,2904.9339640169333,near_term_anchor:spot_to_next_linear,True,True,True
2026-01-24T15:00:00+00:00,2026-01-24T18:00:00+03:00,2026-01,,2904.9114273574837,near_term_anchor:spot_to_next_linear,True,True,True
2026-01-24T16:00:00+00:00,2026-01-24T19:00:00+03:00,2026-01,,2904.888890687784,near_term_anchor:spot_to_next_linear,True,True,True
2026-01-24T17:00:00+00:00,2026-01-24T20:00:00+03:00,2026-01,,2904.866354003669,near_term_anchor:spot_to_next_linear,True,True,True
2026-01-24T18:00:00+00:00,2026-01-24T21:00:00+03:00,2026-01,,2904.8438173004934,near_term_anchor:spot_to_next_linear,True,True,True
2026-01-24T19:00:00+00:00,2026-01-24T22:00:00+03:00,2026-01,,2904.8212805731105,near_term_anchor:spot_to_next_linear,True,True,True
2026-01-24T20:00:00+00:00,2026-01-24T23:00:00+03:00,2026-01,,2904.798743815851,near_term_anchor:spot_to_next_linear,True,True,True
2026-01-24T21:00:00+00:00,2026-01-25T00:00:00+03:00,2026-01,,2904.776207022506,near_term_anchor:spot_to_next_linear,True,True,True
2026-01-24T22:00:00+00:00,2026-01-25T01:00:00+03:00,2026-01,,2904.7536701863096,near_term_anchor:spot_to_next_linear,True,True,True
2026-01-24T23:00:00+00:00,2026-01-25T02:00:00+03:00,2026-01,,2904.7311332999275,near_term_anchor:spot_to_next_linear,True,True,True
2026-01-25T00:00:00+00:00,2026-01-25T03:00:00+03:00,2026-01,,2904.708596355449,near_term_anchor:spot_to_next_linear,True,True,True
2026-01-25T01:00:00+00:00,2026-01-25T04:00:00+03:00,2026-01,,2904.686059344385,near_term_anchor:spot_to_next_linear,True,True,True
2026-01-25T02:00:00+00:00,2026-01-25T05:00:00+03:00,2026-01,,2904.6635222576697,near_term_anchor:spot_to_next_linear,True,True,True
2026-01-25T03:00:00+00:00,2026-01-25T06:00:00+03:00,2026-01,,2904.6409850856726,near_term_anchor:spot_to_next_linear,True,True,True
2026-01-25T04:00:00+00:00,2026-01-25T07:00:00+03:00,2026-01,,2904.618447818216,near_term_anchor:spot_to_next_linear,True,True,True
2026-01-25T05:00:00+00:00,2026-01-25T08:00:00+03:00,2026-01,,2904.595910444598,near_term_anchor:spot_to_next_linear,True,True,True
2026-01-25T06:00:00+00:00,2026-01-25T09:00:00+03:00,2026-01,,2904.573372953629,near_term_anchor:spot_to_next_linear,True,True,True
2026-01-25T07:00:00+00:00,2026-01-25T10:00:00+03:00,2026-01,,2904.550835333679,near_term_anchor:spot_to_next_linear,True,True,True
2026-01-25T08:00:00+00:00,2026-01-25T11:00:00+03:00,2026-01,,2904.5282975727323,near_term_anchor:spot_to_next_linear,True,True,True
2026-01-25T09:00:00+00:00,2026-01-25T12:00:00+03:00,2026-01,,2904.5057596584625,near_term_anchor:spot_to_next_linear,True,True,True
2026-01-25T10:00:00+00:00,2026-01-25T13:00:00+03:00,2026-01,,2904.4832215783176,near_term_anchor:spot_to_next_linear,True,True,True
2026-01-25T11:00:00+00:00,2026-01-25T14:00:00+03:00,2026-01,,2904.460683319618,near_term_anchor:spot_to_next_linear,True,True,True
2026-01-25T12:00:00+00:00,2026-01-25T15:00:00+03:00,2026-01,,2904.438144869673,near_term_anchor:spot_to_next_linear,True,True,True
2026-01-25T13:00:00+00:00,2026-01-25T16:00:00+03:00,2026-01,,2904.415606215916,near_term_anchor:spot_to_next_linear,True,True,True
2026-01-25T14:00:00+00:00,2026-01-25T17:00:00+03:00,2026-01,,2904.393067346059,near_term_anchor:spot_to_next_linear,True,True,True
2026-01-25T15:00:00+00:00,2026-01-25T18:00:00+03:00,2026-01,,2904.3705282482665,near_term_anchor:spot_to_next_linear,True,True,True
2026-01-25T16:00:00+00:00,2026-01-25T19:00:00+03:00,2026-01,,2904.34798891135,near_term_anchor:spot_to_next_linear,True,True,True
2026-01-25T17:00:00+00:00,2026-01-25T20:00:00+03:00,2026-01,,2904.325449324986,near_term_anchor:spot_to_next_linear,True,True,True
2026-01-25T18:00:00+00:00,2026-01-25T21:00:00+03:00,2026-01,,2904.302909479959,near_term_anchor:spot_to_next_linear,True,True,True
2026-01-25T19:00:00+00:00,2026-01-25T22:00:00+03:00,2026-01,,2904.280369368432,near_term_anchor:spot_to_next_linear,True,True,True
2026-01-25T20:00:00+00:00,2026-01-25T23:00:00+03:00,2026-01,,2904.2578289842354,near_term_anchor:spot_to_next_linear,True,True,True
2026-01-25T21:00:00+00:00,2026-01-26T00:00:00+03:00,2026-01,,2904.2352883231893,near_term_anchor:spot_to_next_linear,True,True,True
2026-01-25T22:00:00+00:00,2026-01-26T01:00:00+03:00,2026-01,,2904.212747383449,near_term_anchor:spot_to_next_linear,True,True,True
2026-01-25T23:00:00+00:00,2026-01-26T02:00:00+03:00,2026-01,,2904.190206165882,near_term_anchor:spot_to_next_linear,True,True,True
2026-01-26T00:00:00+00:00,2026-01-26T03:00:00+03:00,2026-01,,2904.16766467447,near_term_anchor:spot_to_next_linear,True,True,True
2026-01-26T01:00:00+00:00,2026-01-26T04:00:00+03:00,2026-01,,2904.145122916738,near_term_anchor:spot_to_next_linear,True,True,True
2026-01-26T02:00:00+00:00,2026-01-26T05:00:00+03:00,2026-01,,2904.1225809042135,near_term_anchor:spot_to_next_linear,True,True,True
2026-01-26T03:00:00+00:00,2026-01-26T06:00:00+03:00,2026-01,,2904.1000386529095,near_term_anchor:spot_to_next_linear,True,True,True
2026-01-26T04:00:00+00:00,2026-01-26T07:00:00+03:00,2026-01,,2904.0774961838347,near_term_anchor:spot_to_next_linear,True,True,True
2026-01-26T05:00:00+00:00,2026-01-26T08:00:00+03:00,2026-01,,2904.0549535235305,near_term_anchor:spot_to_next_linear,True,True,True
2026-01-26T06:00:00+00:00,2026-01-26T09:00:00+03:00,2026-01,,2904.032410704625,near_term_anchor:spot_to_next_linear,True,True,True
2026-01-26T07:00:00+00:00,2026-01-26T10:00:00+03:00,2026-01,,2904.0098677664073,near_term_anchor:spot_to_next_linear,True,True,True
2026-01-26T08:00:00+00:00,2026-01-26T11:00:00+03:00,2026-01,,2903.9873247554187,near_term_anchor:spot_to_next_linear,True,True,True
2026-01-26T09:00:00+00:00,2026-01-26T12:00:00+03:00,2026-01,,2903.9647817260525,near_term_anchor:spot_to_next_linear,True,True,True
2026-01-26T10:00:00+00:00,2026-01-26T13:00:00+03:00,2026-01,,2903.9422387411664,near_term_anchor:spot_to_next_linear,True,True,True
2026-01-26T11:00:00+00:00,2026-01-26T14:00:00+03:00,2026-01,,2903.919695872693,near_term_anchor:spot_to_next_linear,True,True,True
2026-01-26T12:00:00+00:00,2026-01-26T15:00:00+03:00,2026-01,,2903.89715320225,near_term_anchor:spot_to_next_linear,True,True,True
2026-01-26T13:00:00+00:00,2026-01-26T16:00:00+03:00,2026-01,,2903.8746108217333,near_term_anchor:spot_to_next_linear,True,True,True
2026-01-26T14:00:00+00:00,2026-01-26T17:00:00+03:00,2026-01,,2903.852068833893,near_term_anchor:spot_to_next_linear,True,True,True
2026-01-26T15:00:00+00:00,2026-01-26T18:00:00+03:00,2026-01,,2903.8295273528797,near_term_anchor:spot_to_next_linear,True,True,True
2026-01-26T16:00:00+00:00,2026-01-26T19:00:00+03:00,2026-01,,2903.806986504751,near_term_anchor:spot_to_next_linear,True,True,True
2026-01-26T17:00:00+00:00,2026-01-26T20:00:00+03:00,2026-01,,2903.784446427932,near_term_anchor:spot_to_next_linear,True,True,True
2026-01-26T18:00:00+00:00,2026-01-26T21:00:00+03:00,2026-01,,2903.761907273607,near_term_anchor:spot_to_next_linear,True,True,True
2026-01-26T19:00:00+00:00,2026-01-26T22:00:00+03:00,2026-01,,2903.739369206035,near_term_anchor:spot_to_next_linear,True,True,True
2026-01-26T20:00:00+00:00,2026-01-26T23:00:00+03:00,2026-01,,2903.7168324027757,near_term_anchor:spot_to_next_linear,True,True,True
2026-01-26T21:00:00+00:00,2026-01-27T00:00:00+03:00,2026-01,,2903.694297054802,near_term_anchor:spot_to_next_linear,True,True,True
2026-01-26T22:00:00+00:00,2026-01-27T01:00:00+03:00,2026-01,,2903.6717633664916,near_term_anchor:spot_to_next_linear,True,True,True
2026-01-26T23:00:00+00:00,2026-01-27T02:00:00+03:00,2026-01,,2903.649231555471,near_term_anchor:spot_to_next_linear,True,True,True
2026-01-27T00:00:00+00:00,2026-01-27T03:00:00+03:00,2026-01,,2903.6267018522904,near_term_anchor:spot_to_next_linear,True,True,True
2026-01-27T01:00:00+00:00,2026-01-27T04:00:00+03:00,2026-01,,2903.6041744999134,near_term_anchor:spot_to_next_linear,True,True,True
2026-01-27T02:00:00+00:00,2026-01-27T05:00:00+03:00,2026-01,,2903.5816497529954,near_term_anchor:spot_to_next_linear,True,True,True
2026-01-27T03:00:00+00:00,2026-01-27T06:00:00+03:00,2026-01,,2903.5591278769293,near_term_anchor:spot_to_next_linear,True,True,True
2026-01-27T04:00:00+00:00,2026-01-27T07:00:00+03:00,2026-01,,2903.53660914663,near_term_anchor:spot_to_next_linear,True,True,True
2026-01-27T05:00:00+00:00,2026-01-27T08:00:00+03:00,2026-01,,2903.5140938450295,near_term_anchor:spot_to_next_linear,True,True,True
2026-01-27T06:00:00+00:00,2026-01-27T09:00:00+03:00,2026-01,,2903.491582261261,near_term_anchor:spot_to_next_linear,True,True,True
2026-01-27T07:00:00+00:00,2026-01-27T10:00:00+03:00,2026-01,,2903.469074688493,near_term_anchor:spot_to_next_linear,True,True,True
2026-01-27T08:00:00+00:00,2026-01-27T11:00:00+03:00,2026-01,,2903.446571421401,near_term_anchor:spot_to_next_linear,True,True,True
2026-01-27T09:00:00+00:00,2026-01-27T12:00:00+03:00,2026-01,,2903.4240727532324,near_term_anchor:spot_to_next_linear,True,True,True
2026-01-27T10:00:00+00:00,2026-01-27T13:00:00+03:00,2026-01,,2903.4015789724417,near_term_anchor:spot_to_next_linear,True,True,True
2026-01-27T11:00:00+00:00,2026-01-27T14:00:00+03:00,2026-01,,2903.379090358867,near_term_anchor:spot_to_next_linear,True,True,True
2026-01-27T12:00:00+00:00,2026-01-27T15:00:00+03:00,2026-01,,2903.3566071794157,near_term_anchor:spot_to_next_linear,True,True,True
2026-01-27T13:00:00+00:00,2026-01-27T16:00:00+03:00,2026-01,,2903.3341296832355,near_term_anchor:spot_to_next_linear,True,True,True
2026-01-27T14:00:00+00:00,2026-01-27T17:00:00+03:00,2026-01,,2903.311658096338,near_term_anchor:spot_to_next_linear,True,True,True
2026-01-27T15:00:00+00:00,2026-01-27T18:00:00+03:00,2026-01,,2903.289192615658,near_term_anchor:spot_to_next_linear,True,True,True
2026-01-27T16:00:00+00:00,2026-01-27T19:00:00+03:00,2026-01,,2903.266733402525,near_term_anchor:spot_to_next_linear,True,True,True
2026-01-27T17:00:00+00:00,2026-01-27T20:00:00+03:00,2026-01,,2903.244280575513,near_term_anchor:spot_to_next_linear,True,True,True
2026-01-27T18:00:00+00:00,2026-01-27T21:00:00+03:00,2026-01,,2903.2218342026745,near_term_anchor:spot_to_next_linear,True,True,True
2026-01-27T19:00:00+00:00,2026-01-27T22:00:00+03:00,2026-01,,2903.19939429313,near_term_anchor:spot_to_next_linear,True,True,True
2026-01-27T20:00:00+00:00,2026-01-27T23:00:00+03:00,2026-01,,2903.1769607880187,near_term_anchor:spot_to_next_linear,True,True,True
2026-01-27T21:00:00+00:00,2026-01-28T00:00:00+03:00,2026-01,,2903.1545335507917,near_term_anchor:spot_to_next_linear,True,True,True
2026-01-27T22:00:00+00:00,2026-01-28T01:00:00+03:00,2026-01,,2903.1321123568723,near_term_anchor:spot_to_next_linear,True,True,True
2026-01-27T23:00:00+00:00,2026-01-28T02:00:00+03:00,2026-01,,2903.109696882692,near_term_anchor:spot_to_next_linear,True,True,True
2026-01-28T00:00:00+00:00,2026-01-28T03:00:00+03:00,2026-01,,2903.0872866941145,near_term_anchor:spot_to_next_linear,True,True,True
2026-01-28T01:00:00+00:00,2026-01-28T04:00:00+03:00,2026-01,,2903.064881234296,near_term_anchor:spot_to_next_linear,True,True,True
2026-01-28T02:00:00+00:00,2026-01-28T05:00:00+03:00,2026-01,,2903.0424798110116,near_term_anchor:spot_to_next_linear,True,True,True
2026-01-28T03:00:00+00:00,2026-01-28T06:00:00+03:00,2026-01,,2903.020081583511,near_term_anchor:spot_to_next_linear,True,True,True
2026-01-28T04:00:00+00:00,2026-01-28T07:00:00+03:00,2026-01,,2902.9976855489685,near_term_anchor:spot_to_next_linear,True,True,True
2026-01-28T05:00:00+00:00,2026-01-28T08:00:00+03:00,2026-01,,2902.9752905286164,near_term_anchor:spot_to_next_linear,True,True,True
2026-01-28T06:00:00+00:00,2026-01-28T09:00:00+03:00,2026-01,,2902.9528951536545,near_term_anchor:spot_to_next_linear,True,True,True
2026-01-28T07:00:00+00:00,2026-01-28T10:00:00+03:00,2026-01,,2902.9304978510622,near_term_anchor:spot_to_next_linear,True,True,True
2026-01-28T08:00:00+00:00,2026-01-28T11:00:00+03:00,2026-01,,2902.908096829443,near_term_anchor:spot_to_next_linear,True,True,True
2026-01-28T09:00:00+00:00,2026-01-28T12:00:00+03:00,2026-01,,2902.8856900650653,near_term_anchor:spot_to_next_linear,True,True,True
2026-01-28T10:00:00+00:00,2026-01-28T13:00:00+03:00,2026-01,,2902.863275288275,near_term_anchor:spot_to_next_linear,True,True,True
2026-01-28T11:00:00+00:00,2026-01-28T14:00:00+03:00,2026-01,,2902.840849970477,near_term_anchor:spot_to_next_linear,True,True,True
2026-01-28T12:00:00+00:00,2026-01-28T15:00:00+03:00,2026-01,,2902.818411311923,near_term_anchor:spot_to_next_linear,True,True,True
2026-01-28T13:00:00+00:00,2026-01-28T16:00:00+03:00,2026-01,,2902.795956230551,near_term_anchor:spot_to_next_linear,True,True,True
2026-01-28T14:00:00+00:00,2026-01-28T17:00:00+03:00,2026-01,,2902.773481352163,near_term_anchor:spot_to_next_linear,True,True,True
2026-01-28T15:00:00+00:00,2026-01-28T18:00:00+03:00,2026-01,,2902.750983002239,near_term_anchor:spot_to_next_linear,True,True,True
2026-01-28T16:00:00+00:00,2026-01-28T19:00:00+03:00,2026-01,,2902.7284571997334,near_term_anchor:spot_to_next_linear,True,True,True
2026-01-28T17:00:00+00:00,2026-01-28T20:00:00+03:00,2026-01,,2902.705899653221,near_term_anchor:spot_to_next_linear,True,True,True
2026-01-28T18:00:00+00:00,2026-01-28T21:00:00+03:00,2026-01,,2902.6833057597855,near_term_anchor:spot_to_next_linear,True,True,True
2026-01-28T19:00:00+00:00,2026-01-28T22:00:00+03:00,2026-01,,2902.660670607082,near_term_anchor:spot_to_next_linear,True,True,True
2026-01-28T20:00:00+00:00,2026-01-28T23:00:00+03:00,2026-01,,2902.6379889790333,near_term_anchor:spot_to_next_linear,True,True,True
2026-01-28T21:00:00+00:00,2026-01-29T00:00:00+03:00,2026-01,,2902.615255365657,near_term_anchor:spot_to_next_linear,True,True,True
2026-01-28T22:00:00+00:00,2026-01-29T01:00:00+03:00,2026-01,,2902.5924639775367,near_term_anchor:spot_to_next_linear,True,True,True
2026-01-28T23:00:00+00:00,2026-01-29T02:00:00+03:00,2026-01,,2902.5696087654883,near_term_anchor:spot_to_next_linear,True,True,True
2026-01-29T00:00:00+00:00,2026-01-29T03:00:00+03:00,2026-01,,2902.5466834460126,near_term_anchor:spot_to_next_linear,True,True,True
2026-01-29T01:00:00+00:00,2026-01-29T04:00:00+03:00,2026-01,,2902.523681533123,near_term_anchor:spot_to_next_linear,True,True,True
2026-01-29T02:00:00+00:00,2026-01-29T05:00:00+03:00,2026-01,,2902.500596377186,near_term_anchor:spot_to_next_linear,True,True,True
2026-01-29T03:00:00+00:00,2026-01-29T06:00:00+03:00,2026-01,,2902.4774212114207,near_term_anchor:spot_to_next_linear,True,True,True
2026-01-29T04:00:00+00:00,2026-01-29T07:00:00+03:00,2026-01,,2902.4541492067256,near_term_anchor:spot_to_next_linear,True,True,True
2026-01-29T05:00:00+00:00,2026-01-29T08:00:00+03:00,2026-01,,2902.430773535502,near_term_anchor:spot_to_next_linear,True,True,True
2026-01-29T06:00:00+00:00,2026-01-29T09:00:00+03:00,2026-01,,2902.4072874451617,near_term_anchor:spot_to_next_linear,True,True,True
2026-01-29T07:00:00+00:00,2026-01-29T10:00:00+03:00,2026-01,,2902.383684342006,near_term_anchor:spot_to_next_linear,True,True,True
2026-01-29T08:00:00+00:00,2026-01-29T11:00:00+03:00,2026-01,,2902.3599578861426,near_term_anchor:spot_to_next_linear,True,True,True
2026-01-29T09:00:00+00:00,2026-01-29T12:00:00+03:00,2026-01,,2902.3361020981038,near_term_anchor:spot_to_next_linear,True,True,True
2026-01-29T10:00:00+00:00,2026-01-29T13:00:00+03:00,2026-01,,2902.3121114778,near_term_anchor:spot_to_next_linear,True,True,True
2026-01-29T11:00:00+00:00,2026-01-29T14:00:00+03:00,2026-01,,2902.2879811364073,near_term_anchor:spot_to_next_linear,True,True,True
2026-01-29T12:00:00+00:00,2026-01-29T15:00:00+03:00,2026-01,,2902.2637069417397,near_term_anchor:spot_to_next_linear,True,True,True
2026-01-29T13:00:00+00:00,2026-01-29T16:00:00+03:00,2026-01,,2902.23928567759,near_term_anchor:spot_to_next_linear,True,True,True
2026-01-29T14:00:00+00:00,2026-01-29T17:00:00+03:00,2026-01,,2902.21471521746,near_term_anchor:spot_to_next_linear,True,True,True
2026-01-29T15:00:00+00:00,2026-01-29T18:00:00+03:00,2026-01,,2902.189994712993,near_term_anchor:spot_to_next_linear,True,True,True
2026-01-29T16:00:00+00:00,2026-01-29T19:00:00+03:00,2026-01,,2902.165124797333,near_term_anchor:spot_to_next_linear,True,True,True
2026-01-29T17:00:00+00:00,2026-01-29T20:00:00+03:00,2026-01,,2902.14010780348,near_term_anchor:spot_to_next_linear,True,True,True
2026-01-29T18:00:00+00:00,2026-01-29T21:00:00+03:00,2026-01,,2902.114947997592,near_term_anchor:spot_to_next_linear,True,True,True
2026-01-29T19:00:00+00:00,2026-01-29T22:00:00+03:00,2026-01,,2902.089651826993,near_term_anchor:spot_to_next_linear,True,True,True
2026-01-29T20:00:00+00:00,2026-01-29T23:00:00+03:00,2026-01,,2902.064228182464,near_term_anchor:spot_to_next_linear,True,True,True
2026-01-29T21:00:00+00:00,2026-01-30T00:00:00+03:00,2026-01,,2902.038688674168,near_term_anchor:spot_to_next_linear,True,True,True
2026-01-29T22:00:00+00:00,2026-01-30T01:00:00+03:00,2026-01,,2902.01304792032,near_term_anchor:spot_to_next_linear,True,True,True
2026-01-29T23:00:00+00:00,2026-01-30T02:00:00+03:00,2026-01,,2901.9873238474484,near_term_anchor:spot_to_next_linear,True,True,True
2026-01-30T00:00:00+00:00,2026-01-30T03:00:00+03:00,2026-01,,2901.9615380007785,near_term_anchor:spot_to_next_linear,True,True,True
2026-01-30T01:00:00+00:00,2026-01-30T04:00:00+03:00,2026-01,,2901.9357158629496,near_term_anchor:spot_to_next_linear,True,True,True
2026-01-30T02:00:00+00:00,2026-01-30T05:00:00+03:00,2026-01,,2901.9098871789074,near_term_anchor:spot_to_next_linear,True,True,True
2026-01-30T03:00:00+00:00,2026-01-30T06:00:00+03:00,2026-01,,2901.8840862844286,near_term_anchor:spot_to_next_linear,True,True,True
2026-01-30T04:00:00+00:00,2026-01-30T07:00:00+03:00,2026-01,,2901.858352435296,near_term_anchor:spot_to_next_linear,True,True,True
2026-01-30T05:00:00+00:00,2026-01-30T08:00:00+03:00,2026-01,,2901.8327301336976,near_term_anchor:spot_to_next_linear,True,True,True
2026-01-30T06:00:00+00:00,2026-01-30T09:00:00+03:00,2026-01,,2901.807269447919,near_term_anchor:spot_to_next_linear,True,True,True
2026-01-30T07:00:00+00:00,2026-01-30T10:00:00+03:00,2026-01,,2901.7820263208832,near_term_anchor:spot_to_next_linear,True,True,True
2026-01-30T08:00:00+00:00,2026-01-30T11:00:00+03:00,2026-01,,2901.757062862527,near_term_anchor:spot_to_next_linear,True,True,True
2026-01-30T09:00:00+00:00,2026-01-30T12:00:00+03:00,2026-01,,2901.7324476204244,near_term_anchor:spot_to_next_linear,True,True,True
2026-01-30T10:00:00+00:00,2026-01-30T13:00:00+03:00,2026-01,,2901.7082558224392,near_term_anchor:spot_to_next_linear,True,True,True
2026-01-30T11:00:00+00:00,2026-01-30T14:00:00+03:00,2026-01,,2901.684569584562,near_term_anchor:spot_to_next_linear,True,True,True
2026-01-30T12:00:00+00:00,2026-01-30T15:00:00+03:00,2026-01,,2901.661478076395,near_term_anchor:spot_to_next_linear,True,True,True
2026-01-30T13:00:00+00:00,2026-01-30T16:00:00+03:00,2026-01,,2901.6390776360845,near_term_anchor:spot_to_next_linear,True,True,True
2026-01-30T14:00:00+00:00,2026-01-30T17:00:00+03:00,2026-01,,2901.617471825782,near_term_anchor:spot_to_next_linear,True,True,True
2026-01-30T15:00:00+00:00,2026-01-30T18:00:00+03:00,2026-01,,2901.59677141799,near_term_anchor:spot_to_next_linear,True,True,True
2026-01-30T16:00:00+00:00,2026-01-30T19:00:00+03:00,2026-01,,2901.5770943024563,near_term_anchor:spot_to_next_linear,True,True,True
2026-01-30T17:00:00+00:00,2026-01-30T20:00:00+03:00,2026-01,,2901.5585653025255,near_term_anchor:spot_to_next_linear,True,True,True
2026-01-30T18:00:00+00:00,2026-01-30T21:00:00+03:00,2026-01,,2901.541315889158,near_term_anchor:spot_to_next_linear,True,True,True
2026-01-30T19:00:00+00:00,2026-01-30T22:00:00+03:00,2026-01,,2901.525483780139,near_term_anchor:spot_to_next_linear,True,True,True
2026-01-30T20:00:00+00:00,2026-01-30T23:00:00+03:00,2026-01,,2901.5112124113307,near_term_anchor:spot_to_next_linear,True,True,True
2026-01-30T21:00:00+00:00,2026-01-31T00:00:00+03:00,2026-01,,2901.498650266189,near_term_anchor:spot_to_next_linear,True,True,True
2026-01-30T22:00:00+00:00,2026-01-31T01:00:00+03:00,2026-01,,2901.4879500492098,near_term_anchor:spot_to_next_linear,True,True,True
2026-01-30T23:00:00+00:00,2026-01-31T02:00:00+03:00,2026-01,,2901.4792676884517,near_term_anchor:spot_to_next_linear,True,True,True
2026-01-31T00:00:00+00:00,2026-01-31T03:00:00+03:00,2026-01,,2901.472761151868,near_term_anchor:spot_to_next_linear,True,True,True
2026-01-31T01:00:00+00:00,2026-01-31T04:00:00+03:00,2026-01,,2901.468589061851,near_term_anchor:spot_to_next_linear,True,True,True
2026-01-31T02:00:00+00:00,2026-01-31T05:00:00+03:00,2026-01,,2901.466909092196,near_term_anchor:spot_to_next_linear,True,True,True
2026-01-31T03:00:00+00:00,2026-01-31T06:00:00+03:00,2026-01,,2901.4678761316172,near_term_anchor:spot_to_next_linear,True,True,True
2026-01-31T04:00:00+00:00,2026-01-31T07:00:00+03:00,2026-01,,2901.4716401980527,near_term_anchor:spot_to_next_linear,True,True,True
2026-01-31T05:00:00+00:00,2026-01-31T08:00:00+03:00,2026-01,,2901.478344088271,near_term_anchor:spot_to_next_linear,True,True,True
2026-01-31T06:00:00+00:00,2026-01-31T09:00:00+03:00,2026-01,,2901.488120747773,near_term_anchor:spot_to_next_linear,True,True,True
2026-01-31T07:00:00+00:00,2026-01-31T10:00:00+03:00,2026-01,,2901.50109034671,near_term_anchor:spot_to_next_linear,True,True,True
2026-01-31T08:00:00+00:00,2026-01-31T11:00:00+03:00,2026-01,,2901.51735704853,near_term_anchor:spot_to_next_linear,True,True,True
2026-01-31T09:00:00+00:00,2026-01-31T12:00:00+03:00,2026-01,,2901.5370054593227,near_term_anchor:spot_to_next_linear,True,True,True
2026-01-31T10:00:00+00:00,2026-01-31T13:00:00+03:00,2026-01,,2901.560096747458,near_term_anchor:spot_to_next_linear,True,True,True
2026-01-31T11:00:00+00:00,2026-01-31T14:00:00+03:00,2026-01,,2901.586664425055,near_term_anchor:spot_to_next_linear,True,True,True
2026-01-31T12:00:00+00:00,2026-01-31T15:00:00+03:00,2026-01,,2901.6167097851608,near_term_anchor:spot_to_next_linear,True,True,True
2026-01-31T13:00:00+00:00,2026-01-31T16:00:00+03:00,2026-01,,2901.650196991294,near_term_anchor:spot_to_next_linear,True,True,True
2026-01-31T14:00:00+00:00,2026-01-31T17:00:00+03:00,2026-01,,2901.687047819215,near_term_anchor:spot_to_next_linear,True,True,True
2026-01-31T15:00:00+00:00,2026-01-31T18:00:00+03:00,2026-01,,2901.727136054516,near_term_anchor:spot_to_next_linear,True,True,True
2026-01-31T16:00:00+00:00,2026-01-31T19:00:00+03:00,2026-01,,2901.7702815538455,near_term_anchor:spot_to_next_linear,True,True,True
2026-01-31T17:00:00+00:00,2026-01-31T20:00:00+03:00,2026-01,,2901.816243982395,near_term_anchor:spot_to_next_linear,True,True,True
2026-01-31T18:00:00+00:00,2026-01-31T21:00:00+03:00,2026-01,,2901.8647162456564,near_term_anchor:spot_to_next_linear,True,True,True
2026-01-31T19:00:00+00:00,2026-01-31T22:00:00+03:00,2026-01,,2901.9153176394875,near_term_anchor:spot_to_next_linear,True,True,True
2026-01-31T20:00:00+00:00,2026-01-31T23:00:00+03:00,2026-01,,2901.9675867491965,near_term_anchor:spot_to_next_linear,True,True,True
2026-01-31T21:00:00+00:00,2026-02-01T00:00:00+03:00,2026-02,EBM0226,2902.020974135708,EPIAS_VEP:EBM0226,True,False,False
2026-01-31T22:00:00+00:00,2026-02-01T01:00:00+03:00,2026-02,EBM0226,2902.0748348549646,EPIAS_VEP:EBM0226,True,False,False
2026-01-31T23:00:00+00:00,2026-02-01T02:00:00+03:00,2026-02,EBM0226,2902.128604638809,EPIAS_VEP:EBM0226,True,False,False
2026-02-01T00:00:00+00:00,2026-02-01T03:00:00+03:00,2026-02,EBM0226,2902.1817945088965,EPIAS_VEP:EBM0226,True,False,False
2026-02-01T01:00:00+00:00,2026-02-01T04:00:00+03:00,2026-02,EBM0226,2902.2339853997255,EPIAS_VEP:EBM0226,True,False,False
2026-02-01T02:00:00+00:00,2026-02-01T05:00:00+03:00,2026-02,EBM0226,2902.2848228396592,EPIAS_VEP:EBM0226,True,False,False
2026-02-01T03:00:00+00:00,2026-02-01T06:00:00+03:00,2026-02,EBM0226,2902.3340117318216,EPIAS_VEP:EBM0226,True,False,False
2026-02-01T04:00:00+00:00,2026-02-01T07:00:00+03:00,2026-02,EBM0226,2902.381311270336,EPIAS_VEP:EBM0226,True,False,False
2026-02-01T05:00:00+00:00,2026-02-01T08:00:00+03:00,2026-02,EBM0226,2902.4265300214875,EPIAS_VEP:EBM0226,True,False,False
2026-02-01T06:00:00+00:00,2026-02-01T09:00:00+03:00,2026-02,EBM0226,2902.4695211937224,EPIAS_VEP:EBM0226,True,False,False
2026-02-01T07:00:00+00:00,2026-02-01T10:00:00+03:00,2026-02,EBM0226,2902.5101781158,EPIAS_VEP:EBM0226,True,False,False
2026-02-01T08:00:00+00:00,2026-02-01T11:00:00+03:00,2026-02,EBM0226,2902.5484299376703,EPIAS_VEP:EBM0226,True,False,False
2026-02-01T09:00:00+00:00,2026-02-01T12:00:00+03:00,2026-02,EBM0226,2902.584237564785,EPIAS_VEP:EBM0226,True,False,False
2026-02-01T10:00:00+00:00,2026-02-01T13:00:00+03:00,2026-02,EBM0226,2902.617589832914,EPIAS_VEP:EBM0226,True,False,False
2026-02-01T11:00:00+00:00,2026-02-01T14:00:00+03:00,2026-02,EBM0226,2902.648499927387,EPIAS_VEP:EBM0226,True,False,False
2026-02-01T12:00:00+00:00,2026-02-01T15:00:00+03:00,2026-02,EBM0226,2902.6770020478507,EPIAS_VEP:EBM0226,True,False,False
2026-02-01T13:00:00+00:00,2026-02-01T16:00:00+03:00,2026-02,EBM0226,2902.703148317268,EPIAS_VEP:EBM0226,True,False,False
2026-02-01T14:00:00+00:00,2026-02-01T17:00:00+03:00,2026-02,EBM0226,2902.7270059316975,EPIAS_VEP:EBM0226,True,False,False
2026-02-01T15:00:00+00:00,2026-02-01T18:00:00+03:00,2026-02,EBM0226,2902.748654545664,EPIAS_VEP:EBM0226,True,False,False
2026-02-01T16:00:00+00:00,2026-02-01T19:00:00+03:00,2026-02,EBM0226,2902.768183886404,EPIAS_VEP:EBM0226,True,False,False
2026-02-01T17:00:00+00:00,2026-02-01T20:00:00+03:00,2026-02,EBM0226,2902.785691589002,EPIAS_VEP:EBM0226,True,False,False
2026-02-01T18:00:00+00:00,2026-02-01T21:00:00+03:00,2026-02,EBM0226,2902.8012812434554,EPIAS_VEP:EBM0226,True,False,False
2026-02-01T19:00:00+00:00,2026-02-01T22:00:00+03:00,2026-02,EBM0226,2902.81506064391,EPIAS_VEP:EBM0226,True,False,False
2026-02-01T20:00:00+00:00,2026-02-01T23:00:00+03:00,2026-02,EBM0226,2902.827140229692,EPIAS_VEP:EBM0226,True,False,False
2026-02-01T21:00:00+00:00,2026-02-02T00:00:00+03:00,2026-02,EBM0226,2902.837631707369,EPIAS_VEP:EBM0226,True,False,False
2026-02-01T22:00:00+00:00,2026-02-02T01:00:00+03:00,2026-02,EBM0226,2902.8466468427932,EPIAS_VEP:EBM0226,True,False,False
2026-02-01T23:00:00+00:00,2026-02-02T02:00:00+03:00,2026-02,EBM0226,2902.8542964119492,EPIAS_VEP:EBM0226,True,False,False
2026-02-02T00:00:00+00:00,2026-02-02T03:00:00+03:00,2026-02,EBM0226,2902.8606892994408,EPIAS_VEP:EBM0226,True,False,False
2026-02-02T01:00:00+00:00,2026-02-02T04:00:00+03:00,2026-02,EBM0226,2902.865931733538,EPIAS_VEP:EBM0226,True,False,False
2026-02-02T02:00:00+00:00,2026-02-02T05:00:00+03:00,2026-02,EBM0226,2902.870126646888,EPIAS_VEP:EBM0226,True,False,False
2026-02-02T03:00:00+00:00,2026-02-02T06:00:00+03:00,2026-02,EBM0226,2902.873373152269,EPIAS_VEP:EBM0226,True,False,False
2026-02-02T04:00:00+00:00,2026-02-02T07:00:00+03:00,2026-02,EBM0226,2902.8757661231016,EPIAS_VEP:EBM0226,True,False,False
2026-02-02T05:00:00+00:00,2026-02-02T08:00:00+03:00,2026-02,EBM0226,2902.8773958687943,EPIAS_VEP:EBM0226,True,False,False
2026-02-02T06:00:00+00:00,2026-02-02T09:00:00+03:00,2026-02,EBM0226,2902.878347895447,EPIAS_VEP:EBM0226,True,False,False
2026-02-02T07:00:00+00:00,2026-02-02T10:00:00+03:00,2026-02,EBM0226,2902.8787027428825,EPIAS_VEP:EBM0226,True,False,False
2026-02-02T08:00:00+00:00,2026-02-02T11:00:00+03:00,2026-02,EBM0226,2902.8785358894374,EPIAS_VEP:EBM0226,True,False,False
2026-02-02T09:00:00+00:00,2026-02-02T12:00:00+03:00,2026-02,EBM0226,2902.8779177164797,EPIAS_VEP:EBM0226,True,False,False
2026-02-02T10:00:00+00:00,2026-02-02T13:00:00+03:00,2026-02,EBM0226,2902.876913525094,EPIAS_VEP:EBM0226,True,False,False
2026-02-02T11:00:00+00:00,2026-02-02T14:00:00+03:00,2026-02,EBM0226,2902.8755835978955,EPIAS_VEP:EBM0226,True,False,False
2026-02-02T12:00:00+00:00,2026-02-02T15:00:00+03:00,2026-02,EBM0226,2902.8739832994456,EPIAS_VEP:EBM0226,True,False,False
2026-02-02T13:00:00+00:00,2026-02-02T16:00:00+03:00,2026-02,EBM0226,2902.872163209248,EPIAS_VEP:EBM0226,True,False,False
2026-02-02T14:00:00+00:00,2026-02-02T17:00:00+03:00,2026-02,EBM0226,2902.870169281775,EPIAS_VEP:EBM0226,True,False,False
2026-02-02T15:00:00+00:00,2026-02-02T18:00:00+03:00,2026-02,EBM0226,2902.8680430284785,EPIAS_VEP:EBM0226,True,False,False
2026-02-02T16:00:00+00:00,2026-02-02T19:00:00+03:00,2026-02,EBM0226,2902.865821717183,EPIAS_VEP:EBM0226,True,False,False
2026-02-02T17:00:00+00:00,2026-02-02T20:00:00+03:00,2026-02,EBM0226,2902.863538584711,EPIAS_VEP:EBM0226,True,False,False
2026-02-02T18:00:00+00:00,2026-02-02T21:00:00+03:00,2026-02,EBM0226,2902.861223059016,EPIAS_VEP:EBM0226,True,False,False
2026-02-02T19:00:00+00:00,2026-02-02T22:00:00+03:00,2026-02,EBM0226,2902.8589009874972,EPIAS_VEP:EBM0226,True,False,False
2026-02-02T20:00:00+00:00,2026-02-02T23:00:00+03:00,2026-02,EBM0226,2902.8565948685514,EPIAS_VEP:EBM0226,True,False,False
2026-02-02T21:00:00+00:00,2026-02-03T00:00:00+03:00,2026-02,EBM0226,2902.8543240837794,EPIAS_VEP:EBM0226,True,False,False
2026-02-02T22:00:00+00:00,2026-02-03T01:00:00+03:00,2026-02,EBM0226,2902.852105128608,EPIAS_VEP:EBM0226,True,False,False
2026-02-02T23:00:00+00:00,2026-02-03T02:00:00+03:00,2026-02,EBM0226,2902.8499518393623,EPIAS_VEP:EBM0226,True,False,False
2026-02-03T00:00:00+00:00,2026-02-03T03:00:00+03:00,2026-02,EBM0226,2902.847875615162,EPIAS_VEP:EBM0226,True,False,False
2026-02-03T01:00:00+00:00,2026-02-03T04:00:00+03:00,2026-02,EBM0226,2902.8458856332527,EPIAS_VEP:EBM0226,True,False,False
2026-02-03T02:00:00+00:00,2026-02-03T05:00:00+03:00,2026-02,EBM0226,2902.843989056627,EPIAS_VEP:EBM0226,True,False,False
2026-02-03T03:00:00+00:00,2026-02-03T06:00:00+03:00,2026-02,EBM0226,2902.8421912330286,EPIAS_VEP:EBM0226,True,False,False
2026-02-03T04:00:00+00:00,2026-02-03T07:00:00+03:00,2026-02,EBM0226,2902.8404958846004,EPIAS_VEP:EBM0226,True,False,False
2026-02-03T05:00:00+00:00,2026-02-03T08:00:00+03:00,2026-02,EBM0226,2902.8389052876673,EPIAS_VEP:EBM0226,True,False,False
2026-02-03T06:00:00+00:00,2026-02-03T09:00:00+03:00,2026-02,EBM0226,2902.837420442271,EPIAS_VEP:EBM0226,True,False,False
2026-02-03T07:00:00+00:00,2026-02-03T10:00:00+03:00,2026-02,EBM0226,2902.8360412312313,EPIAS_VEP:EBM0226,True,False,False
2026-02-03T08:00:00+00:00,2026-02-03T11:00:00+03:00,2026-02,EBM0226,2902.8347665686283,EPIAS_VEP:EBM0226,True,False,False
2026-02-03T09:00:00+00:00,2026-02-03T12:00:00+03:00,2026-02,EBM0226,2902.833594537727,EPIAS_VEP:EBM0226,True,False,False
2026-02-03T10:00:00+00:00,2026-02-03T13:00:00+03:00,2026-02,EBM0226,2902.8325225184403,EPIAS_VEP:EBM0226,True,False,False
2026-02-03T11:00:00+00:00,2026-02-03T14:00:00+03:00,2026-02,EBM0226,2902.83154730453,EPIAS_VEP:EBM0226,True,False,False
2026-02-03T12:00:00+00:00,2026-02-03T15:00:00+03:00,2026-02,EBM0226,2902.830665210808,EPIAS_VEP:EBM0226,True,False,False
2026-02-03T13:00:00+00:00,2026-02-03T16:00:00+03:00,2026-02,EBM0226,2902.8298721706583,EPIAS_VEP:EBM0226,True,False,False
2026-02-03T14:00:00+00:00,2026-02-03T17:00:00+03:00,2026-02,EBM0226,2902.829163824249,EPIAS_VEP:EBM0226,True,False,False
2026-02-03T15:00:00+00:00,2026-02-03T18:00:00+03:00,2026-02,EBM0226,2902.8285355978346,EPIAS_VEP:EBM0226,True,False,False
2026-02-03T16:00:00+00:00,2026-02-03T19:00:00+03:00,2026-02,EBM0226,2902.8279827745905,EPIAS_VEP:EBM0226,True,False,False
2026-02-03T17:00:00+00:00,2026-02-03T20:00:00+03:00,2026-02,EBM0226,2902.8275005574387,EPIAS_VEP:EBM0226,True,False,False
2026-02-03T18:00:00+00:00,2026-02-03T21:00:00+03:00,2026-02,EBM0226,2902.827084124328,EPIAS_VEP:EBM0226,True,False,False
2026-02-03T19:00:00+00:00,2026-02-03T22:00:00+03:00,2026-02,EBM0226,2902.826728676455,EPIAS_VEP:EBM0226,True,False,False
2026-02-03T20:00:00+00:00,2026-02-03T23:00:00+03:00,2026-02,EBM0226,2902.8264294799083,EPIAS_VEP:EBM0226,True,False,False
2026-02-03T21:00:00+00:00,2026-02-04T00:00:00+03:00,2026-02,EBM0226,2902.826181901214,EPIAS_VEP:EBM0226,True,False,False
2026-02-03T22:00:00+00:00,2026-02-04T01:00:00+03:00,2026-02,EBM0226,2902.825981437259,EPIAS_VEP:EBM0226,True,False,False
2026-02-03T23:00:00+00:00,2026-02-04T02:00:00+03:00,2026-02,EBM0226,2902.8258237400446,EPIAS_VEP:EBM0226,True,False,False
2026-02-04T00:00:00+00:00,2026-02-04T03:00:00+03:00,2026-02,EBM0226,2902.8257046367335,EPIAS_VEP:EBM0226,True,False,False
2026-02-04T01:00:00+00:00,2026-02-04T04:00:00+03:00,2026-02,EBM0226,2902.8256201454196,EPIAS_VEP:EBM0226,True,False,False
2026-02-04T02:00:00+00:00,2026-02-04T05:00:00+03:00,2026-02,EBM0226,2902.825566487039,EPIAS_VEP:EBM0226,True,False,False
2026-02-04T03:00:00+00:00,2026-02-04T06:00:00+03:00,2026-02,EBM0226,2902.825540093818,EPIAS_VEP:EBM0226,True,False,False
2026-02-04T04:00:00+00:00,2026-02-04T07:00:00+03:00,2026-02,EBM0226,2902.82553761464,EPIAS_VEP:EBM0226,True,False,False
2026-02-04T05:00:00+00:00,2026-02-04T08:00:00+03:00,2026-02,EBM0226,2902.8255559176864,EPIAS_VEP:EBM0226,True,False,False
2026-02-04T06:00:00+00:00,2026-02-04T09:00:00+03:00,2026-02,EBM0226,2902.8255920906827,EPIAS_VEP:EBM0226,True,False,False
2026-02-04T07:00:00+00:00,2026-02-04T10:00:00+03:00,2026-02,EBM0226,2902.8256434390705,EPIAS_VEP:EBM0226,True,False,False
2026-02-04T08:00:00+00:00,2026-02-04T11:00:00+03:00,2026-02,EBM0226,2902.8257074823896,EPIAS_VEP:EBM0226,True,False,False
2026-02-04T09:00:00+00:00,2026-02-04T12:00:00+03:00,2026-02,EBM0226,2902.825781949142,EPIAS_VEP:EBM0226,True,False,False
2026-02-04T10:00:00+00:00,2026-02-04T13:00:00+03:00,2026-02,EBM0226,2902.825864770386,EPIAS_VEP:EBM0226,True,False,False
2026-02-04T11:00:00+00:00,2026-02-04T14:00:00+03:00,2026-02,EBM0226,2902.825954072293,EPIAS_VEP:EBM0226,True,False,False
2026-02-04T12:00:00+00:00,2026-02-04T15:00:00+03:00,2026-02,EBM0226,2902.8260481678635,EPIAS_VEP:EBM0226,True,False,False
2026-02-04T13:00:00+00:00,2026-02-04T16:00:00+03:00,2026-02,EBM0226,2902.8261455479987,EPIAS_VEP:EBM0226,True,False,False
2026-02-04T14:00:00+00:00,2026-02-04T17:00:00+03:00,2026-02,EBM0226,2902.826244872091,EPIAS_VEP:EBM0226,True,False,False
2026-02-04T15:00:00+00:00,2026-02-04T18:00:00+03:00,2026-02,EBM0226,2902.826344958284,EPIAS_VEP:EBM0226,True,False,False
2026-02-04T16:00:00+00:00,2026-02-04T19:00:00+03:00,2026-02,EBM0226,2902.8264447735373,EPIAS_VEP:EBM0226,True,False,False
2026-02-04T17:00:00+00:00,2026-02-04T20:00:00+03:00,2026-02,EBM0226,2902.826543423616,EPIAS_VEP:EBM0226,True,False,False
2026-02-04T18:00:00+00:00,2026-02-04T21:00:00+03:00,2026-02,EBM0226,2902.8266401431106,EPIAS_VEP:EBM0226,True,False,False
2026-02-04T19:00:00+00:00,2026-02-04T22:00:00+03:00,2026-02,EBM0226,2902.8267342855665,EPIAS_VEP:EBM0226,True,False,False
2026-02-04T20:00:00+00:00,2026-02-04T23:00:00+03:00,2026-02,EBM0226,2902.8268253138176,EPIAS_VEP:EBM0226,True,False,False
2026-02-04T21:00:00+00:00,2026-02-05T00:00:00+03:00,2026-02,EBM0226,2902.826912790572,EPIAS_VEP:EBM0226,True,False,False
2026-02-04T22:00:00+00:00,2026-02-05T01:00:00+03:00,2026-02,EBM0226,2902.8269963693106,EPIAS_VEP:EBM0226,True,False,False
2026-02-04T23:00:00+00:00,2026-02-05T02:00:00+03:00,2026-02,EBM0226,2902.8270757855435,EPIAS_VEP:EBM0226,True,False,False
2026-02-05T00:00:00+00:00,2026-02-05T03:00:00+03:00,2026-02,EBM0226,2902.8271508484513,EPIAS_VEP:EBM0226,True,False,False
2026-02-05T01:00:00+00:00,2026-02-05T04:00:00+03:00,2026-02,EBM0226,2902.8272214329445,EPIAS_VEP:EBM0226,True,False,False
2026-02-05T02:00:00+00:00,2026-02-05T05:00:00+03:00,2026-02,EBM0226,2902.8272874721565,EPIAS_VEP:EBM0226,True,False,False
2026-02-05T03:00:00+00:00,2026-02-05T06:00:00+03:00,2026-02,EBM0226,2902.8273489503863,EPIAS_VEP:EBM0226,True,False,False
2026-02-05T04:00:00+00:00,2026-02-05T07:00:00+03:00,2026-02,EBM0226,2902.827405896496,EPIAS_VEP:EBM0226,True,False,False
2026-02-05T05:00:00+00:00,2026-02-05T08:00:00+03:00,2026-02,EBM0226,2902.827458377767,EPIAS_VEP:EBM0226,True,False,False
2026-02-05T06:00:00+00:00,2026-02-05T09:00:00+03:00,2026-02,EBM0226,2902.827506494202,EPIAS_VEP:EBM0226,True,False,False
2026-02-05T07:00:00+00:00,2026-02-05T10:00:00+03:00,2026-02,EBM0226,2902.827550373282,EPIAS_VEP:EBM0226,True,False,False
2026-02-05T08:00:00+00:00,2026-02-05T11:00:00+03:00,2026-02,EBM0226,2902.827590165152,EPIAS_VEP:EBM0226,True,False,False
2026-02-05T09:00:00+00:00,2026-02-05T12:00:00+03:00,2026-02,EBM0226,2902.8276260382318,EPIAS_VEP:EBM0226,True,False,False
2026-02-05T10:00:00+00:00,2026-02-05T13:00:00+03:00,2026-02,EBM0226,2902.827658175236,EPIAS_VEP:EBM0226,True,False,False
2026-02-05T11:00:00+00:00,2026-02-05T14:00:00+03:00,2026-02,EBM0226,2902.82768676959,EPIAS_VEP:EBM0226,True,False,False
2026-02-05T12:00:00+00:00,2026-02-05T15:00:00+03:00,2026-02,EBM0226,2902.8277120222156,EPIAS_VEP:EBM0226,True,False,False
2026-02-05T13:00:00+00:00,2026-02-05T16:00:00+03:00,2026-02,EBM0226,2902.8277341386724,EPIAS_VEP:EBM0226,True,False,False
2026-02-05T14:00:00+00:00,2026-02-05T17:00:00+03:00,2026-02,EBM0226,2902.827753326632,EPIAS_VEP:EBM0226,True,False,False
2026-02-05T15:00:00+00:00,2026-02-05T18:00:00+03:00,2026-02,EBM0226,2902.8277697936624,EPIAS_VEP:EBM0226,True,False,False
2026-02-05T16:00:00+00:00,2026-02-05T19:00:00+03:00,2026-02,EBM0226,2902.827783745304,EPIAS_VEP:EBM0226,True,False,False
2026-02-05T17:00:00+00:00,2026-02-05T20:00:00+03:00,2026-02,EBM0226,2902.827795383421,EPIAS_VEP:EBM0226,True,False,False
2026-02-05T18:00:00+00:00,2026-02-05T21:00:00+03:00,2026-02,EBM0226,2902.8278049048035,EPIAS_VEP:EBM0226,True,False,False
2026-02-05T19:00:00+00:00,2026-02-05T22:00:00+03:00,2026-02,EBM0226,2902.8278125000047,EPIAS_VEP:EBM0226,True,False,False
2026-02-05T20:00:00+00:00,2026-02-05T23:00:00+03:00,2026-02,EBM0226,2902.8278183523867,EPIAS_VEP:EBM0226,True,False,False
2026-02-05T21:00:00+00:00,2026-02-06T00:00:00+03:00,2026-02,EBM0226,2902.827822637361,EPIAS_VEP:EBM0226,True,False,False
2026-02-05T22:00:00+00:00,2026-02-06T01:00:00+03:00,2026-02,EBM0226,2902.827825521803,EPIAS_VEP:EBM0226,True,False,False
2026-02-05T23:00:00+00:00,2026-02-06T02:00:00+03:00,2026-02,EBM0226,2902.8278271636204,EPIAS_VEP:EBM0226,True,False,False
2026-02-06T00:00:00+00:00,2026-02-06T03:00:00+03:00,2026-02,EBM0226,2902.827827711466,EPIAS_VEP:EBM0226,True,False,False
2026-02-06T01:00:00+00:00,2026-02-06T04:00:00+03:00,2026-02,EBM0226,2902.8278273045744,EPIAS_VEP:EBM0226,True,False,False
2026-02-06T02:00:00+00:00,2026-02-06T05:00:00+03:00,2026-02,EBM0226,2902.827826072708,EPIAS_VEP:EBM0226,True,False,False
2026-02-06T03:00:00+00:00,2026-02-06T06:00:00+03:00,2026-02,EBM0226,2902.827824136197,EPIAS_VEP:EBM0226,True,False,False
2026-02-06T04:00:00+00:00,2026-02-06T07:00:00+03:00,2026-02,EBM0226,2902.827821606062,EPIAS_VEP:EBM0226,True,False,False
2026-02-06T05:00:00+00:00,2026-02-06T08:00:00+03:00,2026-02,EBM0226,2902.8278185842078,EPIAS_VEP:EBM0226,True,False,False
2026-02-06T06:00:00+00:00,2026-02-06T09:00:00+03:00,2026-02,EBM0226,2902.8278151636746,EPIAS_VEP:EBM0226,True,False,False
2026-02-06T07:00:00+00:00,2026-02-06T10:00:00+03:00,2026-02,EBM0226,2902.8278114289415,EPIAS_VEP:EBM0226,True,False,False
2026-02-06T08:00:00+00:00,2026-02-06T11:00:00+03:00,2026-02,EBM0226,2902.827807456267,EPIAS_VEP:EBM0226,True,False,False
2026-02-06T09:00:00+00:00,2026-02-06T12:00:00+03:00,2026-02,EBM0226,2902.8278033140623,EPIAS_VEP:EBM0226,True,False,False
2026-02-06T10:00:00+00:00,2026-02-06T13:00:00+03:00,2026-02,EBM0226,2902.8277990632932,EPIAS_VEP:EBM0226,True,False,False
2026-02-06T11:00:00+00:00,2026-02-06T14:00:00+03:00,2026-02,EBM0226,2902.8277947578936,EPIAS_VEP:EBM0226,True,False,False
2026-02-06T12:00:00+00:00,2026-02-06T15:00:00+03:00,2026-02,EBM0226,2902.8277904451948,EPIAS_VEP:EBM0226,True,False,False
2026-02-06T13:00:00+00:00,2026-02-06T16:00:00+03:00,2026-02,EBM0226,2902.8277861663555,EPIAS_VEP:EBM0226,True,False,False
2026-02-06T14:00:00+00:00,2026-02-06T17:00:00+03:00,2026-02,EBM0226,2902.8277819567916,EPIAS_VEP:EBM0226,True,False,False
2026-02-06T15:00:00+00:00,2026-02-06T18:00:00+03:00,2026-02,EBM0226,2902.827777846601,EPIAS_VEP:EBM0226,True,False,False
2026-02-06T16:00:00+00:00,2026-02-06T19:00:00+03:00,2026-02,EBM0226,2902.8277738609845,EPIAS_VEP:EBM0226,True,False,False
2026-02-06T17:00:00+00:00,2026-02-06T20:00:00+03:00,2026-02,EBM0226,2902.8277700206586,EPIAS_VEP:EBM0226,True,False,False
2026-02-06T18:00:00+00:00,2026-02-06T21:00:00+03:00,2026-02,EBM0226,2902.827766342252,EPIAS_VEP:EBM0226,True,False,False
2026-02-06T19:00:00+00:00,2026-02-06T22:00:00+03:00,2026-02,EBM0226,2902.827762838691,EPIAS_VEP:EBM0226,True,False,False
2026-02-06T20:00:00+00:00,2026-02-06T23:00:00+03:00,2026-02,EBM0226,2902.8277595195705,EPIAS_VEP:EBM0226,True,False,False
2026-02-06T21:00:00+00:00,2026-02-07T00:00:00+03:00,2026-02,EBM0226,2902.8277563915044,EPIAS_VEP:EBM0226,True,False,False
2026-02-06T22:00:00+00:00,2026-02-07T01:00:00+03:00,2026-02,EBM0226,2902.827753458454,EPIAS_VEP:EBM0226,True,False,False
2026-02-06T23:00:00+00:00,2026-02-07T02:00:00+03:00,2026-02,EBM0226,2902.8277507220428,EPIAS_VEP:EBM0226,True,False,False
2026-02-07T00:00:00+00:00,2026-02-07T03:00:00+03:00,2026-02,EBM0226,2902.8277481818477,EPIAS_VEP:EBM0226,True,False,False
2026-02-07T01:00:00+00:00,2026-02-07T04:00:00+03:00,2026-02,EBM0226,2902.827745835671,EPIAS_VEP:EBM0226,True,False,False
2026-02-07T02:00:00+00:00,2026-02-07T05:00:00+03:00,2026-02,EBM0226,2902.8277436797944,EPIAS_VEP:EBM0226,True,False,False
2026-02-07T03:00:00+00:00,2026-02-07T06:00:00+03:00,2026-02,EBM0226,2902.8277417092145,EPIAS_VEP:EBM0226,True,False,False
2026-02-07T04:00:00+00:00,2026-02-07T07:00:00+03:00,2026-02,EBM0226,2902.8277399178587,EPIAS_VEP:EBM0226,True,False,False
2026-02-07T05:00:00+00:00,2026-02-07T08:00:00+03:00,2026-02,EBM0226,2902.8277382987803,EPIAS_VEP:EBM0226,True,False,False
2026-02-07T06:00:00+00:00,2026-02-07T09:00:00+03:00,2026-02,EBM0226,2902.82773684434,EPIAS_VEP:EBM0226,True,False,False
2026-02-07T07:00:00+00:00,2026-02-07T10:00:00+03:00,2026-02,EBM0226,2902.827735546365,EPIAS_VEP:EBM0226,True,False,False
2026-02-07T08:00:00+00:00,2026-02-07T11:00:00+03:00,2026-02,EBM0226,2902.8277343963,EPIAS_VEP:EBM0226,True,False,False
2026-02-07T09:00:00+00:00,2026-02-07T12:00:00+03:00,2026-02,EBM0226,2902.8277333853366,EPIAS_VEP:EBM0226,True,False,False
2026-02-07T10:00:00+00:00,2026-02-07T13:00:00+03:00,2026-02,EBM0226,2902.827732504534,EPIAS_VEP:EBM0226,True,False,False
2026-02-07T11:00:00+00:00,2026-02-07T14:00:00+03:00,2026-02,EBM0226,2902.8277317449215,EPIAS_VEP:EBM0226,True,False,False
2026-02-07T12:00:00+00:00,2026-02-07T15:00:00+03:00,2026-02,EBM0226,2902.8277310975814,EPIAS_VEP:EBM0226,True,False,False
2026-02-07T13:00:00+00:00,2026-02-07T16:00:00+03:00,2026-02,EBM0226,2902.8277305537263,EPIAS_VEP:EBM0226,True,False,False
2026-02-07T14:00:00+00:00,2026-02-07T17:00:00+03:00,2026-02,EBM0226,2902.8277301047665,EPIAS_VEP:EBM0226,True,False,False
2026-02-07T15:00:00+00:00,2026-02-07T18:00:00+03:00,2026-02,EBM0226,2902.827729742364,EPIAS_VEP:EBM0226,True,False,False
2026-02-07T16:00:00+00:00,2026-02-07T19:00:00+03:00,2026-02,EBM0226,2902.827729458478,EPIAS_VEP:EBM0226,True,False,False
2026-02-07T17:00:00+00:00,2026-02-07T20:00:00+03:00,2026-02,EBM0226,2902.827729245399,EPIAS_VEP:EBM0226,True,False,False
2026-02-07T18:00:00+00:00,2026-02-07T21:00:00+03:00,2026-02,EBM0226,2902.827729095776,EPIAS_VEP:EBM0226,True,False,False
2026-02-07T19:00:00+00:00,2026-02-07T22:00:00+03:00,2026-02,EBM0226,2902.827729002637,EPIAS_VEP:EBM0226,True,False,False
2026-02-07T20:00:00+00:00,2026-02-07T23:00:00+03:00,2026-02,EBM0226,2902.827728959405,EPIAS_VEP:EBM0226,True,False,False
2026-02-07T21:00:00+00:00,2026-02-08T00:00:00+03:00,2026-02,EBM0226,2902.8277289599037,EPIAS_VEP:EBM0226,True,False,False
2026-02-07T22:00:00+00:00,2026-02-08T01:00:00+03:00,2026-02,EBM0226,2902.8277289983653,EPIAS_VEP:EBM0226,True,False,False
2026-02-07T23:00:00+00:00,2026-02-08T02:00:00+03:00,2026-02,EBM0226,2902.827729069431,EPIAS_VEP:EBM0226,True,False,False
2026-02-08T00:00:00+00:00,2026-02-08T03:00:00+03:00,2026-02,EBM0226,2902.827729168145,EPIAS_VEP:EBM0226,True,False,False
2026-02-08T01:00:00+00:00,2026-02-08T04:00:00+03:00,2026-02,EBM0226,2902.827729289947,EPIAS_VEP:EBM0226,True,False,False
2026-02-08T02:00:00+00:00,2026-02-08T05:00:00+03:00,2026-02,EBM0226,2902.8277294306604,EPIAS_VEP:EBM0226,True,False,False
2026-02-08T03:00:00+00:00,2026-02-08T06:00:00+03:00,2026-02,EBM0226,2902.827729586478,EPIAS_VEP:EBM0226,True,False,False
2026-02-08T04:00:00+00:00,2026-02-08T07:00:00+03:00,2026-02,EBM0226,2902.827729753952,EPIAS_VEP:EBM0226,True,False,False
2026-02-08T05:00:00+00:00,2026-02-08T08:00:00+03:00,2026-02,EBM0226,2902.8277299299816,EPIAS_VEP:EBM0226,True,False,False
2026-02-08T06:00:00+00:00,2026-02-08T09:00:00+03:00,2026-02,EBM0226,2902.827730111797,EPIAS_VEP:EBM0226,True,False,False
2026-02-08T07:00:00+00:00,2026-02-08T10:00:00+03:00,2026-02,EBM0226,2902.827730296941,EPIAS_VEP:EBM0226,True,False,False
2026-02-08T08:00:00+00:00,2026-02-08T11:00:00+03:00,2026-02,EBM0226,2902.827730483251,EPIAS_VEP:EBM0226,True,False,False
2026-02-08T09:00:00+00:00,2026-02-08T12:00:00+03:00,2026-02,EBM0226,2902.8277306688424,EPIAS_VEP:EBM0226,True,False,False
2026-02-08T10:00:00+00:00,2026-02-08T13:00:00+03:00,2026-02,EBM0226,2902.8277308520865,EPIAS_VEP:EBM0226,True,False,False
2026-02-08T11:00:00+00:00,2026-02-08T14:00:00+03:00,2026-02,EBM0226,2902.8277310315934,EPIAS_VEP:EBM0226,True,False,False
2026-02-08T12:00:00+00:00,2026-02-08T15:00:00+03:00,2026-02,EBM0226,2902.8277312061937,EPIAS_VEP:EBM0226,True,False,False
2026-02-08T13:00:00+00:00,2026-02-08T16:00:00+03:00,2026-02,EBM0226,2902.8277313749177,EPIAS_VEP:EBM0226,True,False,False
2026-02-08T14:00:00+00:00,2026-02-08T17:00:00+03:00,2026-02,EBM0226,2902.8277315369787,EPIAS_VEP:EBM0226,True,False,False
2026-02-08T15:00:00+00:00,2026-02-08T18:00:00+03:00,2026-02,EBM0226,2902.8277316917583,EPIAS_VEP:EBM0226,True,False,False
2026-02-08T16:00:00+00:00,2026-02-08T19:00:00+03:00,2026-02,EBM0226,2902.827731838791,EPIAS_VEP:EBM0226,True,False,False
2026-02-08T17:00:00+00:00,2026-02-08T20:00:00+03:00,2026-02,EBM0226,2902.827731977749,EPIAS_VEP:EBM0226,True,False,False
2026-02-08T18:00:00+00:00,2026-02-08T21:00:00+03:00,2026-02,EBM0226,2902.8277321084242,EPIAS_VEP:EBM0226,True,False,False
2026-02-08T19:00:00+00:00,2026-02-08T22:00:00+03:00,2026-02,EBM0226,2902.8277322307126,EPIAS_VEP:EBM0226,True,False,False
2026-02-08T20:00:00+00:00,2026-02-08T23:00:00+03:00,2026-02,EBM0226,2902.827732344602,EPIAS_VEP:EBM0226,True,False,False
2026-02-08T21:00:00+00:00,2026-02-09T00:00:00+03:00,2026-02,EBM0226,2902.8277324501587,EPIAS_VEP:EBM0226,True,False,False
2026-02-08T22:00:00+00:00,2026-02-09T01:00:00+03:00,2026-02,EBM0226,2902.827732547515,EPIAS_VEP:EBM0226,True,False,False
2026-02-08T23:00:00+00:00,2026-02-09T02:00:00+03:00,2026-02,EBM0226,2902.827732636862,EPIAS_VEP:EBM0226,True,False,False
2026-02-09T00:00:00+00:00,2026-02-09T03:00:00+03:00,2026-02,EBM0226,2902.8277327184405,EPIAS_VEP:EBM0226,True,False,False
2026-02-09T01:00:00+00:00,2026-02-09T04:00:00+03:00,2026-02,EBM0226,2902.8277327925316,EPIAS_VEP:EBM0226,True,False,False
2026-02-09T02:00:00+00:00,2026-02-09T05:00:00+03:00,2026-02,EBM0226,2902.827732859447,EPIAS_VEP:EBM0226,True,False,False
2026-02-09T03:00:00+00:00,2026-02-09T06:00:00+03:00,2026-02,EBM0226,2902.827732919522,EPIAS_VEP:EBM0226,True,False,False
2026-02-09T04:00:00+00:00,2026-02-09T07:00:00+03:00,2026-02,EBM0226,2902.827732973091,EPIAS_VEP:EBM0226,True,False,False
2026-02-09T05:00:00+00:00,2026-02-09T08:00:00+03:00,2026-02,EBM0226,2902.8277330205256,EPIAS_VEP:EBM0226,True,False,False
2026-02-09T06:00:00+00:00,2026-02-09T09:00:00+03:00,2026-02,EBM0226,2902.82773306221,EPIAS_VEP:EBM0226,True,False,False
2026-02-09T07:00:00+00:00,2026-02-09T10:00:00+03:00,2026-02,EBM0226,2902.827733098515,EPIAS_VEP:EBM0226,True,False,False
2026-02-09T08:00:00+00:00,2026-02-09T11:00:00+03:00,2026-02,EBM0226,2902.82773312981,EPIAS_VEP:EBM0226,True,False,False
2026-02-09T09:00:00+00:00,2026-02-09T12:00:00+03:00,2026-02,EBM0226,2902.827733156461,EPIAS_VEP:EBM0226,True,False,False
2026-02-09T10:00:00+00:00,2026-02-09T13:00:00+03:00,2026-02,EBM0226,2902.827733178823,EPIAS_VEP:EBM0226,True,False,False
2026-02-09T11:00:00+00:00,2026-02-09T14:00:00+03:00,2026-02,EBM0226,2902.8277331972395,EPIAS_VEP:EBM0226,True,False,False
2026-02-09T12:00:00+00:00,2026-02-09T15:00:00+03:00,2026-02,EBM0226,2902.827733212038,EPIAS_VEP:EBM0226,True,False,False
2026-02-09T13:00:00+00:00,2026-02-09T16:00:00+03:00,2026-02,EBM0226,2902.8277332235343,EPIAS_VEP:EBM0226,True,False,False
2026-02-09T14:00:00+00:00,2026-02-09T17:00:00+03:00,2026-02,EBM0226,2902.8277332320326,EPIAS_VEP:EBM0226,True,False,False
2026-02-09T15:00:00+00:00,2026-02-09T18:00:00+03:00,2026-02,EBM0226,2902.827733237823,EPIAS_VEP:EBM0226,True,False,False
2026-02-09T16:00:00+00:00,2026-02-09T19:00:00+03:00,2026-02,EBM0226,2902.8277332411826,EPIAS_VEP:EBM0226,True,False,False
2026-02-09T17:00:00+00:00,2026-02-09T20:00:00+03:00,2026-02,EBM0226,2902.827733242377,EPIAS_VEP:EBM0226,True,False,False
2026-02-09T18:00:00+00:00,2026-02-09T21:00:00+03:00,2026-02,EBM0226,2902.8277332416687,EPIAS_VEP:EBM0226,True,False,False
2026-02-09T19:00:00+00:00,2026-02-09T22:00:00+03:00,2026-02,EBM0226,2902.8277332393177,EPIAS_VEP:EBM0226,True,False,False
2026-02-09T20:00:00+00:00,2026-02-09T23:00:00+03:00,2026-02,EBM0226,2902.827733235566,EPIAS_VEP:EBM0226,True,False,False
2026-02-09T21:00:00+00:00,2026-02-10T00:00:00+03:00,2026-02,EBM0226,2902.827733230627,EPIAS_VEP:EBM0226,True,False,False
2026-02-09T22:00:00+00:00,2026-02-10T01:00:00+03:00,2026-02,EBM0226,2902.827733224689,EPIAS_VEP:EBM0226,True,False,False
2026-02-09T23:00:00+00:00,2026-02-10T02:00:00+03:00,2026-02,EBM0226,2902.8277332179327,EPIAS_VEP:EBM0226,True,False,False
2026-02-10T00:00:00+00:00,2026-02-10T03:00:00+03:00,2026-02,EBM0226,2902.827733210519,EPIAS_VEP:EBM0226,True,False,False
2026-02-10T01:00:00+00:00,2026-02-10T04:00:00+03:00,2026-02,EBM0226,2902.827733202592,EPIAS_VEP:EBM0226,True,False,False
2026-02-10T02:00:00+00:00,2026-02-10T05:00:00+03:00,2026-02,EBM0226,2902.82773319428,EPIAS_VEP:EBM0226,True,False,False
2026-02-10T03:00:00+00:00,2026-02-10T06:00:00+03:00,2026-02,EBM0226,2902.8277331856984,EPIAS_VEP:EBM0226,True,False,False
2026-02-10T04:00:00+00:00,2026-02-10T07:00:00+03:00,2026-02,EBM0226,2902.8277331769486,EPIAS_VEP:EBM0226,True,False,False
2026-02-10T05:00:00+00:00,2026-02-10T08:00:00+03:00,2026-02,EBM0226,2902.827733168119,EPIAS_VEP:EBM0226,True,False,False
2026-02-10T06:00:00+00:00,2026-02-10T09:00:00+03:00,2026-02,EBM0226,2902.827733159285,EPIAS_VEP:EBM0226,True,False,False
2026-02-10T07:00:00+00:00,2026-02-10T10:00:00+03:00,2026-02,EBM0226,2902.827733150513,EPIAS_VEP:EBM0226,True,False,False
2026-02-10T08:00:00+00:00,2026-02-10T11:00:00+03:00,2026-02,EBM0226,2902.827733141859,EPIAS_VEP:EBM0226,True,False,False
2026-02-10T09:00:00+00:00,2026-02-10T12:00:00+03:00,2026-02,EBM0226,2902.827733133374,EPIAS_VEP:EBM0226,True,False,False
2026-02-10T10:00:00+00:00,2026-02-10T13:00:00+03:00,2026-02,EBM0226,2902.8277331251006,EPIAS_VEP:EBM0226,True,False,False
2026-02-10T11:00:00+00:00,2026-02-10T14:00:00+03:00,2026-02,EBM0226,2902.827733117076,EPIAS_VEP:EBM0226,True,False,False
2026-02-10T12:00:00+00:00,2026-02-10T15:00:00+03:00,2026-02,EBM0226,2902.827733109339,EPIAS_VEP:EBM0226,True,False,False
2026-02-10T13:00:00+00:00,2026-02-10T16:00:00+03:00,2026-02,EBM0226,2902.8277331018758,EPIAS_VEP:EBM0226,True,False,False
2026-02-10T14:00:00+00:00,2026-02-10T17:00:00+03:00,2026-02,EBM0226,2902.827733094701,EPIAS_VEP:EBM0226,True,False,False
2026-02-10T15:00:00+00:00,2026-02-10T18:00:00+03:00,2026-02,EBM0226,2902.8277330878554,EPIAS_VEP:EBM0226,True,False,False
2026-02-10T16:00:00+00:00,2026-02-10T19:00:00+03:00,2026-02,EBM0226,2902.827733081372,EPIAS_VEP:EBM0226,True,False,False
2026-02-10T17:00:00+00:00,2026-02-10T20:00:00+03:00,2026-02,EBM0226,2902.827733075279,EPIAS_VEP:EBM0226,True,False,False
2026-02-10T18:00:00+00:00,2026-02-10T21:00:00+03:00,2026-02,EBM0226,2902.8277330696005,EPIAS_VEP:EBM0226,True,False,False
2026-02-10T19:00:00+00:00,2026-02-10T22:00:00+03:00,2026-02,EBM0226,2902.8277330643564,EPIAS_VEP:EBM0226,True,False,False
2026-02-10T20:00:00+00:00,2026-02-10T23:00:00+03:00,2026-02,EBM0226,2902.827733059562,EPIAS_VEP:EBM0226,True,False,False
2026-02-10T21:00:00+00:00,2026-02-11T00:00:00+03:00,2026-02,EBM0226,2902.8277330552282,EPIAS_VEP:EBM0226,True,False,False
2026-02-10T22:00:00+00:00,2026-02-11T01:00:00+03:00,2026-02,EBM0226,2902.8277330513542,EPIAS_VEP:EBM0226,True,False,False
2026-02-10T23:00:00+00:00,2026-02-11T02:00:00+03:00,2026-02,EBM0226,2902.827733047931,EPIAS_VEP:EBM0226,True,False,False
2026-02-11T00:00:00+00:00,2026-02-11T03:00:00+03:00,2026-02,EBM0226,2902.8277330449423,EPIAS_VEP:EBM0226,True,False,False
2026-02-11T01:00:00+00:00,2026-02-11T04:00:00+03:00,2026-02,EBM0226,2902.8277330423675,EPIAS_VEP:EBM0226,True,False,False
2026-02-11T02:00:00+00:00,2026-02-11T05:00:00+03:00,2026-02,EBM0226,2902.827733040182,EPIAS_VEP:EBM0226,True,False,False
2026-02-11T03:00:00+00:00,2026-02-11T06:00:00+03:00,2026-02,EBM0226,2902.8277330383567,EPIAS_VEP:EBM0226,True,False,False
2026-02-11T04:00:00+00:00,2026-02-11T07:00:00+03:00,2026-02,EBM0226,2902.827733036851,EPIAS_VEP:EBM0226,True,False,False
2026-02-11T05:00:00+00:00,2026-02-11T08:00:00+03:00,2026-02,EBM0226,2902.827733035637,EPIAS_VEP:EBM0226,True,False,False
2026-02-11T06:00:00+00:00,2026-02-11T09:00:00+03:00,2026-02,EBM0226,2902.827733034664,EPIAS_VEP:EBM0226,True,False,False
2026-02-11T07:00:00+00:00,2026-02-11T10:00:00+03:00,2026-02,EBM0226,2902.8277330338874,EPIAS_VEP:EBM0226,True,False,False
2026-02-11T08:00:00+00:00,2026-02-11T11:00:00+03:00,2026-02,EBM0226,2902.8277330332617,EPIAS_VEP:EBM0226,True,False,False
2026-02-11T09:00:00+00:00,2026-02-11T12:00:00+03:00,2026-02,EBM0226,2902.8277330327423,EPIAS_VEP:EBM0226,True,False,False
2026-02-11T10:00:00+00:00,2026-02-11T13:00:00+03:00,2026-02,EBM0226,2902.8277330322935,EPIAS_VEP:EBM0226,True,False,False
2026-02-11T11:00:00+00:00,2026-02-11T14:00:00+03:00,2026-02,EBM0226,2902.8277330318965,EPIAS_VEP:EBM0226,True,False,False
2026-02-11T12:00:00+00:00,2026-02-11T15:00:00+03:00,2026-02,EBM0226,2902.8277330315336,EPIAS_VEP:EBM0226,True,False,False
2026-02-11T13:00:00+00:00,2026-02-11T16:00:00+03:00,2026-02,EBM0226,2902.8277330311857,EPIAS_VEP:EBM0226,True,False,False
2026-02-11T14:00:00+00:00,2026-02-11T17:00:00+03:00,2026-02,EBM0226,2902.8277330308365,EPIAS_VEP:EBM0226,True,False,False
2026-02-11T15:00:00+00:00,2026-02-11T18:00:00+03:00,2026-02,EBM0226,2902.827733030473,EPIAS_VEP:EBM0226,True,False,False
2026-02-11T16:00:00+00:00,2026-02-11T19:00:00+03:00,2026-02,EBM0226,2902.8277330300853,EPIAS_VEP:EBM0226,True,False,False
2026-02-11T17:00:00+00:00,2026-02-11T20:00:00+03:00,2026-02,EBM0226,2902.827733029664,EPIAS_VEP:EBM0226,True,False,False
2026-02-11T18:00:00+00:00,2026-02-11T21:00:00+03:00,2026-02,EBM0226,2902.827733029202,EPIAS_VEP:EBM0226,True,False,False
2026-02-11T19:00:00+00:00,2026-02-11T22:00:00+03:00,2026-02,EBM0226,2902.827733028693,EPIAS_VEP:EBM0226,True,False,False
2026-02-11T20:00:00+00:00,2026-02-11T23:00:00+03:00,2026-02,EBM0226,2902.8277330281385,EPIAS_VEP:EBM0226,True,False,False
2026-02-11T21:00:00+00:00,2026-02-12T00:00:00+03:00,2026-02,EBM0226,2902.8277330275455,EPIAS_VEP:EBM0226,True,False,False
2026-02-11T22:00:00+00:00,2026-02-12T01:00:00+03:00,2026-02,EBM0226,2902.8277330269184,EPIAS_VEP:EBM0226,True,False,False
2026-02-11T23:00:00+00:00,2026-02-12T02:00:00+03:00,2026-02,EBM0226,2902.8277330262526,EPIAS_VEP:EBM0226,True,False,False
2026-02-12T00:00:00+00:00,2026-02-12T03:00:00+03:00,2026-02,EBM0226,2902.8277330255432,EPIAS_VEP:EBM0226,True,False,False
2026-02-12T01:00:00+00:00,2026-02-12T04:00:00+03:00,2026-02,EBM0226,2902.8277330247856,EPIAS_VEP:EBM0226,True,False,False
2026-02-12T02:00:00+00:00,2026-02-12T05:00:00+03:00,2026-02,EBM0226,2902.827733023975,EPIAS_VEP:EBM0226,True,False,False
2026-02-12T03:00:00+00:00,2026-02-12T06:00:00+03:00,2026-02,EBM0226,2902.827733023121,EPIAS_VEP:EBM0226,True,False,False
2026-02-12T04:00:00+00:00,2026-02-12T07:00:00+03:00,2026-02,EBM0226,2902.827733022232,EPIAS_VEP:EBM0226,True,False,False
2026-02-12T05:00:00+00:00,2026-02-12T08:00:00+03:00,2026-02,EBM0226,2902.827733021318,EPIAS_VEP:EBM0226,True,False,False
2026-02-12T06:00:00+00:00,2026-02-12T09:00:00+03:00,2026-02,EBM0226,2902.8277330203905,EPIAS_VEP:EBM0226,True,False,False
2026-02-12T07:00:00+00:00,2026-02-12T10:00:00+03:00,2026-02,EBM0226,2902.8277330194605,EPIAS_VEP:EBM0226,True,False,False
2026-02-12T08:00:00+00:00,2026-02-12T11:00:00+03:00,2026-02,EBM0226,2902.8277330185415,EPIAS_VEP:EBM0226,True,False,False
2026-02-12T09:00:00+00:00,2026-02-12T12:00:00+03:00,2026-02,EBM0226,2902.8277330176506,EPIAS_VEP:EBM0226,True,False,False
2026-02-12T10:00:00+00:00,2026-02-12T13:00:00+03:00,2026-02,EBM0226,2902.8277330168085,EPIAS_VEP:EBM0226,True,False,False
2026-02-12T11:00:00+00:00,2026-02-12T14:00:00+03:00,2026-02,EBM0226,2902.827733016036,EPIAS_VEP:EBM0226,True,False,False
2026-02-12T12:00:00+00:00,2026-02-12T15:00:00+03:00,2026-02,EBM0226,2902.8277330153423,EPIAS_VEP:EBM0226,True,False,False
2026-02-12T13:00:00+00:00,2026-02-12T16:00:00+03:00,2026-02,EBM0226,2902.8277330147566,EPIAS_VEP:EBM0226,True,False,False
2026-02-12T14:00:00+00:00,2026-02-12T17:00:00+03:00,2026-02,EBM0226,2902.82773301431,EPIAS_VEP:EBM0226,True,False,False
2026-02-12T15:00:00+00:00,2026-02-12T18:00:00+03:00,2026-02,EBM0226,2902.82773301402,EPIAS_VEP:EBM0226,True,False,False
2026-02-12T16:00:00+00:00,2026-02-12T19:00:00+03:00,2026-02,EBM0226,2902.827733013898,EPIAS_VEP:EBM0226,True,False,False
2026-02-12T17:00:00+00:00,2026-02-12T20:00:00+03:00,2026-02,EBM0226,2902.82773301395,EPIAS_VEP:EBM0226,True,False,False
2026-02-12T18:00:00+00:00,2026-02-12T21:00:00+03:00,2026-02,EBM0226,2902.827733014177,EPIAS_VEP:EBM0226,True,False,False
2026-02-12T19:00:00+00:00,2026-02-12T22:00:00+03:00,2026-02,EBM0226,2902.8277330145756,EPIAS_VEP:EBM0226,True,False,False
2026-02-12T20:00:00+00:00,2026-02-12T23:00:00+03:00,2026-02,EBM0226,2902.827733015139,EPIAS_VEP:EBM0226,True,False,False
2026-02-12T21:00:00+00:00,2026-02-13T00:00:00+03:00,2026-02,EBM0226,2902.8277330158576,EPIAS_VEP:EBM0226,True,False,False
2026-02-12T22:00:00+00:00,2026-02-13T01:00:00+03:00,2026-02,EBM0226,2902.8277330167202,EPIAS_VEP:EBM0226,True,False,False
2026-02-12T23:00:00+00:00,2026-02-13T02:00:00+03:00,2026-02,EBM0226,2902.827733017713,EPIAS_VEP:EBM0226,True,False,False
2026-02-13T00:00:00+00:00,2026-02-13T03:00:00+03:00,2026-02,EBM0226,2902.8277330188184,EPIAS_VEP:EBM0226,True,False,False
2026-02-13T01:00:00+00:00,2026-02-13T04:00:00+03:00,2026-02,EBM0226,2902.8277330200126,EPIAS_VEP:EBM0226,True,False,False
2026-02-13T02:00:00+00:00,2026-02-13T05:00:00+03:00,2026-02,EBM0226,2902.8277330212672,EPIAS_VEP:EBM0226,True,False,False
2026-02-13T03:00:00+00:00,2026-02-13T06:00:00+03:00,2026-02,EBM0226,2902.8277330225474,EPIAS_VEP:EBM0226,True,False,False
2026-02-13T04:00:00+00:00,2026-02-13T07:00:00+03:00,2026-02,EBM0226,2902.827733023826,EPIAS_VEP:EBM0226,True,False,False
2026-02-13T05:00:00+00:00,2026-02-13T08:00:00+03:00,2026-02,EBM0226,2902.8277330250503,EPIAS_VEP:EBM0226,True,False,False
2026-02-13T06:00:00+00:00,2026-02-13T09:00:00+03:00,2026-02,EBM0226,2902.827733026195,EPIAS_VEP:EBM0226,True,False,False
2026-02-13T07:00:00+00:00,2026-02-13T10:00:00+03:00,2026-02,EBM0226,2902.827733027236,EPIAS_VEP:EBM0226,True,False,False
2026-02-13T08:00:00+00:00,2026-02-13T11:00:00+03:00,2026-02,EBM0226,2902.8277330281535,EPIAS_VEP:EBM0226,True,False,False
2026-02-13T09:00:00+00:00,2026-02-13T12:00:00+03:00,2026-02,EBM0226,2902.8277330289347,EPIAS_VEP:EBM0226,True,False,False
2026-02-13T10:00:00+00:00,2026-02-13T13:00:00+03:00,2026-02,EBM0226,2902.8277330295723,EPIAS_VEP:EBM0226,True,False,False
2026-02-13T11:00:00+00:00,2026-02-13T14:00:00+03:00,2026-02,EBM0226,2902.8277330300652,EPIAS_VEP:EBM0226,True,False,False
2026-02-13T12:00:00+00:00,2026-02-13T15:00:00+03:00,2026-02,EBM0226,2902.8277330304168,EPIAS_VEP:EBM0226,True,False,False
2026-02-13T13:00:00+00:00,2026-02-13T16:00:00+03:00,2026-02,EBM0226,2902.827733030635,EPIAS_VEP:EBM0226,True,False,False
2026-02-13T14:00:00+00:00,2026-02-13T17:00:00+03:00,2026-02,EBM0226,2902.8277330307315,EPIAS_VEP:EBM0226,True,False,False
2026-02-13T15:00:00+00:00,2026-02-13T18:00:00+03:00,2026-02,EBM0226,2902.8277330307187,EPIAS_VEP:EBM0226,True,False,False
2026-02-13T16:00:00+00:00,2026-02-13T19:00:00+03:00,2026-02,EBM0226,2902.8277330306114,EPIAS_VEP:EBM0226,True,False,False
2026-02-13T17:00:00+00:00,2026-02-13T20:00:00+03:00,2026-02,EBM0226,2902.8277330304277,EPIAS_VEP:EBM0226,True,False,False
2026-02-13T18:00:00+00:00,2026-02-13T21:00:00+03:00,2026-02,EBM0226,2902.8277330301903,EPIAS_VEP:EBM0226,True,False,False
2026-02-13T19:00:00+00:00,2026-02-13T22:00:00+03:00,2026-02,EBM0226,2902.827733029924,EPIAS_VEP:EBM0226,True,False,False
2026-02-13T20:00:00+00:00,2026-02-13T23:00:00+03:00,2026-02,EBM0226,2902.827733029659,EPIAS_VEP:EBM0226,True,False,False
2026-02-13T21:00:00+00:00,2026-02-14T00:00:00+03:00,2026-02,EBM0226,2902.827733029402,EPIAS_VEP:EBM0226,True,False,False
2026-02-13T22:00:00+00:00,2026-02-14T01:00:00+03:00,2026-02,EBM0226,2902.8277330291553,EPIAS_VEP:EBM0226,True,False,False
2026-02-13T23:00:00+00:00,2026-02-14T02:00:00+03:00,2026-02,EBM0226,2902.827733028914,EPIAS_VEP:EBM0226,True,False,False
2026-02-14T00:00:00+00:00,2026-02-14T03:00:00+03:00,2026-02,EBM0226,2902.8277330286764,EPIAS_VEP:EBM0226,True,False,False
2026-02-14T01:00:00+00:00,2026-02-14T04:00:00+03:00,2026-02,EBM0226,2902.827733028445,EPIAS_VEP:EBM0226,True,False,False
2026-02-14T02:00:00+00:00,2026-02-14T05:00:00+03:00,2026-02,EBM0226,2902.827733028225,EPIAS_VEP:EBM0226,True,False,False
2026-02-14T03:00:00+00:00,2026-02-14T06:00:00+03:00,2026-02,EBM0226,2902.8277330280225,EPIAS_VEP:EBM0226,True,False,False
2026-02-14T04:00:00+00:00,2026-02-14T07:00:00+03:00,2026-02,EBM0226,2902.827733027845,EPIAS_VEP:EBM0226,True,False,False
2026-02-14T05:00:00+00:00,2026-02-14T08:00:00+03:00,2026-02,EBM0226,2902.827733027699,EPIAS_VEP:EBM0226,True,False,False
2026-02-14T06:00:00+00:00,2026-02-14T09:00:00+03:00,2026-02,EBM0226,2902.8277330275864,EPIAS_VEP:EBM0226,True,False,False
2026-02-14T07:00:00+00:00,2026-02-14T10:00:00+03:00,2026-02,EBM0226,2902.8277330275064,EPIAS_VEP:EBM0226,True,False,False
2026-02-14T08:00:00+00:00,2026-02-14T11:00:00+03:00,2026-02,EBM0226,2902.8277330274545,EPIAS_VEP:EBM0226,True,False,False
2026-02-14T09:00:00+00:00,2026-02-14T12:00:00+03:00,2026-02,EBM0226,2902.827733027419,EPIAS_VEP:EBM0226,True,False,False
2026-02-14T10:00:00+00:00,2026-02-14T13:00:00+03:00,2026-02,EBM0226,2902.8277330273863,EPIAS_VEP:EBM0226,True,False,False
2026-02-14T11:00:00+00:00,2026-02-14T14:00:00+03:00,2026-02,EBM0226,2902.8277330273368,EPIAS_VEP:EBM0226,True,False,False
2026-02-14T12:00:00+00:00,2026-02-14T15:00:00+03:00,2026-02,EBM0226,2902.8277330272454,EPIAS_VEP:EBM0226,True,False,False
2026-02-14T13:00:00+00:00,2026-02-14T16:00:00+03:00,2026-02,EBM0226,2902.8277330270935,EPIAS_VEP:EBM0226,True,False,False
2026-02-14T14:00:00+00:00,2026-02-14T17:00:00+03:00,2026-02,EBM0226,2902.827733026893,EPIAS_VEP:EBM0226,True,False,False
2026-02-14T15:00:00+00:00,2026-02-14T18:00:00+03:00,2026-02,EBM0226,2902.8277330266496,EPIAS_VEP:EBM0226,True,False,False
2026-02-14T16:00:00+00:00,2026-02-14T19:00:00+03:00,2026-02,EBM0226,2902.827733026369,EPIAS_VEP:EBM0226,True,False,False
2026-02-14T17:00:00+00:00,2026-02-14T20:00:00+03:00,2026-02,EBM0226,2902.8277330260544,EPIAS_VEP:EBM0226,True,False,False
2026-02-14T18:00:00+00:00,2026-02-14T21:00:00+03:00,2026-02,EBM0226,2902.827733025712,EPIAS_VEP:EBM0226,True,False,False
2026-02-14T19:00:00+00:00,2026-02-14T22:00:00+03:00,2026-02,EBM0226,2902.8277330253504,EPIAS_VEP:EBM0226,True,False,False
2026-02-14T20:00:00+00:00,2026-02-14T23:00:00+03:00,2026-02,EBM0226,2902.827733024982,EPIAS_VEP:EBM0226,True,False,False
2026-02-14T21:00:00+00:00,2026-02-15T00:00:00+03:00,2026-02,EBM0226,2902.827733024619,EPIAS_VEP:EBM0226,True,False,False
2026-02-14T22:00:00+00:00,2026-02-15T01:00:00+03:00,2026-02,EBM0226,2902.8277330242736,EPIAS_VEP:EBM0226,True,False,False
2026-02-14T23:00:00+00:00,2026-02-15T02:00:00+03:00,2026-02,EBM0226,2902.8277330239575,EPIAS_VEP:EBM0226,True,False,False
2026-02-15T00:00:00+00:00,2026-02-15T03:00:00+03:00,2026-02,EBM0226,2902.8277330236842,EPIAS_VEP:EBM0226,True,False,False
2026-02-15T01:00:00+00:00,2026-02-15T04:00:00+03:00,2026-02,EBM0226,2902.8277330234696,EPIAS_VEP:EBM0226,True,False,False
2026-02-15T02:00:00+00:00,2026-02-15T05:00:00+03:00,2026-02,EBM0226,2902.827733023335,EPIAS_VEP:EBM0226,True,False,False
2026-02-15T03:00:00+00:00,2026-02-15T06:00:00+03:00,2026-02,EBM0226,2902.8277330233013,EPIAS_VEP:EBM0226,True,False,False
2026-02-15T04:00:00+00:00,2026-02-15T07:00:00+03:00,2026-02,EBM0226,2902.827733023384,EPIAS_VEP:EBM0226,True,False,False
2026-02-15T05:00:00+00:00,2026-02-15T08:00:00+03:00,2026-02,EBM0226,2902.827733023603,EPIAS_VEP:EBM0226,True,False,False
2026-02-15T06:00:00+00:00,2026-02-15T09:00:00+03:00,2026-02,EBM0226,2902.827733023971,EPIAS_VEP:EBM0226,True,False,False
2026-02-15T07:00:00+00:00,2026-02-15T10:00:00+03:00,2026-02,EBM0226,2902.827733024502,EPIAS_VEP:EBM0226,True,False,False
2026-02-15T08:00:00+00:00,2026-02-15T11:00:00+03:00,2026-02,EBM0226,2902.827733025205,EPIAS_VEP:EBM0226,True,False,False
2026-02-15T09:00:00+00:00,2026-02-15T12:00:00+03:00,2026-02,EBM0226,2902.827733026087,EPIAS_VEP:EBM0226,True,False,False
2026-02-15T10:00:00+00:00,2026-02-15T13:00:00+03:00,2026-02,EBM0226,2902.8277330271494,EPIAS_VEP:EBM0226,True,False,False
2026-02-15T11:00:00+00:00,2026-02-15T14:00:00+03:00,2026-02,EBM0226,2902.8277330283872,EPIAS_VEP:EBM0226,True,False,False
2026-02-15T12:00:00+00:00,2026-02-15T15:00:00+03:00,2026-02,EBM0226,2902.8277330297915,EPIAS_VEP:EBM0226,True,False,False
2026-02-15T13:00:00+00:00,2026-02-15T16:00:00+03:00,2026-02,EBM0226,2902.827733031352,EPIAS_VEP:EBM0226,True,False,False
2026-02-15T14:00:00+00:00,2026-02-15T17:00:00+03:00,2026-02,EBM0226,2902.8277330330598,EPIAS_VEP:EBM0226,True,False,False
2026-02-15T15:00:00+00:00,2026-02-15T18:00:00+03:00,2026-02,EBM0226,2902.8277330349056,EPIAS_VEP:EBM0226,True,False,False
2026-02-15T16:00:00+00:00,2026-02-15T19:00:00+03:00,2026-02,EBM0226,2902.827733036882,EPIAS_VEP:EBM0226,True,False,False
2026-02-15T17:00:00+00:00,2026-02-15T20:00:00+03:00,2026-02,EBM0226,2902.827733038982,EPIAS_VEP:EBM0226,True,False,False
2026-02-15T18:00:00+00:00,2026-02-15T21:00:00+03:00,2026-02,EBM0226,2902.8277330411956,EPIAS_VEP:EBM0226,True,False,False
2026-02-15T19:00:00+00:00,2026-02-15T22:00:00+03:00,2026-02,EBM0226,2902.8277330435108,EPIAS_VEP:EBM0226,True,False,False
2026-02-15T20:00:00+00:00,2026-02-15T23:00:00+03:00,2026-02,EBM0226,2902.8277330458873,EPIAS_VEP:EBM0226,True,False,False
2026-02-15T21:00:00+00:00,2026-02-16T00:00:00+03:00,2026-02,EBM0226,2902.827733048309,EPIAS_VEP:EBM0226,True,False,False
2026-02-15T22:00:00+00:00,2026-02-16T01:00:00+03:00,2026-02,EBM0226,2902.8277330507585,EPIAS_VEP:EBM0226,True,False,False
2026-02-15T23:00:00+00:00,2026-02-16T02:00:00+03:00,2026-02,EBM0226,2902.8277330532146,EPIAS_VEP:EBM0226,True,False,False
2026-02-16T00:00:00+00:00,2026-02-16T03:00:00+03:00,2026-02,EBM0226,2902.8277330556507,EPIAS_VEP:EBM0226,True,False,False
2026-02-16T01:00:00+00:00,2026-02-16T04:00:00+03:00,2026-02,EBM0226,2902.827733058035,EPIAS_VEP:EBM0226,True,False,False
2026-02-16T02:00:00+00:00,2026-02-16T05:00:00+03:00,2026-02,EBM0226,2902.8277330603305,EPIAS_VEP:EBM0226,True,False,False
2026-02-16T03:00:00+00:00,2026-02-16T06:00:00+03:00,2026-02,EBM0226,2902.8277330624915,EPIAS_VEP:EBM0226,True,False,False
2026-02-16T04:00:00+00:00,2026-02-16T07:00:00+03:00,2026-02,EBM0226,2902.827733064463,EPIAS_VEP:EBM0226,True,False,False
2026-02-16T05:00:00+00:00,2026-02-16T08:00:00+03:00,2026-02,EBM0226,2902.827733066181,EPIAS_VEP:EBM0226,True,False,False
2026-02-16T06:00:00+00:00,2026-02-16T09:00:00+03:00,2026-02,EBM0226,2902.8277330675746,EPIAS_VEP:EBM0226,True,False,False
2026-02-16T07:00:00+00:00,2026-02-16T10:00:00+03:00,2026-02,EBM0226,2902.827733068568,EPIAS_VEP:EBM0226,True,False,False
2026-02-16T08:00:00+00:00,2026-02-16T11:00:00+03:00,2026-02,EBM0226,2902.8277330690757,EPIAS_VEP:EBM0226,True,False,False
2026-02-16T09:00:00+00:00,2026-02-16T12:00:00+03:00,2026-02,EBM0226,2902.8277330690053,EPIAS_VEP:EBM0226,True,False,False
2026-02-16T10:00:00+00:00,2026-02-16T13:00:00+03:00,2026-02,EBM0226,2902.8277330682554,EPIAS_VEP:EBM0226,True,False,False
2026-02-16T11:00:00+00:00,2026-02-16T14:00:00+03:00,2026-02,EBM0226,2902.827733066712,EPIAS_VEP:EBM0226,True,False,False
2026-02-16T12:00:00+00:00,2026-02-16T15:00:00+03:00,2026-02,EBM0226,2902.8277330642595,EPIAS_VEP:EBM0226,True,False,False
2026-02-16T13:00:00+00:00,2026-02-16T16:00:00+03:00,2026-02,EBM0226,2902.827733060777,EPIAS_VEP:EBM0226,True,False,False
2026-02-16T14:00:00+00:00,2026-02-16T17:00:00+03:00,2026-02,EBM0226,2902.8277330561414,EPIAS_VEP:EBM0226,True,False,False
2026-02-16T15:00:00+00:00,2026-02-16T18:00:00+03:00,2026-02,EBM0226,2902.827733050223,EPIAS_VEP:EBM0226,True,False,False
2026-02-16T16:00:00+00:00,2026-02-16T19:00:00+03:00,2026-02,EBM0226,2902.827733042887,EPIAS_VEP:EBM0226,True,False,False
2026-02-16T17:00:00+00:00,2026-02-16T20:00:00+03:00,2026-02,EBM0226,2902.827733033992,EPIAS_VEP:EBM0226,True,False,False
2026-02-16T18:00:00+00:00,2026-02-16T21:00:00+03:00,2026-02,EBM0226,2902.827733023392,EPIAS_VEP:EBM0226,True,False,False
2026-02-16T19:00:00+00:00,2026-02-16T22:00:00+03:00,2026-02,EBM0226,2902.827733010934,EPIAS_VEP:EBM0226,True,False,False
2026-02-16T20:00:00+00:00,2026-02-16T23:00:00+03:00,2026-02,EBM0226,2902.8277329964612,EPIAS_VEP:EBM0226,True,False,False
2026-02-16T21:00:00+00:00,2026-02-17T00:00:00+03:00,2026-02,EBM0226,2902.8277329798134,EPIAS_VEP:EBM0226,True,False,False
2026-02-16T22:00:00+00:00,2026-02-17T01:00:00+03:00,2026-02,EBM0226,2902.8277329608295,EPIAS_VEP:EBM0226,True,False,False
2026-02-16T23:00:00+00:00,2026-02-17T02:00:00+03:00,2026-02,EBM0226,2902.827732939348,EPIAS_VEP:EBM0226,True,False,False
2026-02-17T00:00:00+00:00,2026-02-17T03:00:00+03:00,2026-02,EBM0226,2902.827732915208,EPIAS_VEP:EBM0226,True,False,False
2026-02-17T01:00:00+00:00,2026-02-17T04:00:00+03:00,2026-02,EBM0226,2902.827732888251,EPIAS_VEP:EBM0226,True,False,False
2026-02-17T02:00:00+00:00,2026-02-17T05:00:00+03:00,2026-02,EBM0226,2902.8277328583276,EPIAS_VEP:EBM0226,True,False,False
2026-02-17T03:00:00+00:00,2026-02-17T06:00:00+03:00,2026-02,EBM0226,2902.827732825295,EPIAS_VEP:EBM0226,True,False,False
2026-02-17T04:00:00+00:00,2026-02-17T07:00:00+03:00,2026-02,EBM0226,2902.827732789021,EPIAS_VEP:EBM0226,True,False,False
2026-02-17T05:00:00+00:00,2026-02-17T08:00:00+03:00,2026-02,EBM0226,2902.8277327493884,EPIAS_VEP:EBM0226,True,False,False
2026-02-17T06:00:00+00:00,2026-02-17T09:00:00+03:00,2026-02,EBM0226,2902.8277327063006,EPIAS_VEP:EBM0226,True,False,False
2026-02-17T07:00:00+00:00,2026-02-17T10:00:00+03:00,2026-02,EBM0226,2902.8277326596876,EPIAS_VEP:EBM0226,True,False,False
2026-02-17T08:00:00+00:00,2026-02-17T11:00:00+03:00,2026-02,EBM0226,2902.8277326095135,EPIAS_VEP:EBM0226,True,False,False
2026-02-17T09:00:00+00:00,2026-02-17T12:00:00+03:00,2026-02,EBM0226,2902.82773255578,EPIAS_VEP:EBM0226,True,False,False
2026-02-17T10:00:00+00:00,2026-02-17T13:00:00+03:00,2026-02,EBM0226,2902.8277324985356,EPIAS_VEP:EBM0226,True,False,False
2026-02-17T11:00:00+00:00,2026-02-17T14:00:00+03:00,2026-02,EBM0226,2902.827732437879,EPIAS_VEP:EBM0226,True,False,False
2026-02-17T12:00:00+00:00,2026-02-17T15:00:00+03:00,2026-02,EBM0226,2902.8277323739644,EPIAS_VEP:EBM0226,True,False,False
2026-02-17T13:00:00+00:00,2026-02-17T16:00:00+03:00,2026-02,EBM0226,2902.8277323070074,EPIAS_VEP:EBM0226,True,False,False
2026-02-17T14:00:00+00:00,2026-02-17T17:00:00+03:00,2026-02,EBM0226,2902.8277322373,EPIAS_VEP:EBM0226,True,False,False
2026-02-17T15:00:00+00:00,2026-02-17T18:00:00+03:00,2026-02,EBM0226,2902.827732165211,EPIAS_VEP:EBM0226,True,False,False
2026-02-17T16:00:00+00:00,2026-02-17T19:00:00+03:00,2026-02,EBM0226,2902.8277320911925,EPIAS_VEP:EBM0226,True,False,False
2026-02-17T17:00:00+00:00,2026-02-17T20:00:00+03:00,2026-02,EBM0226,2902.8277320157886,EPIAS_VEP:EBM0226,True,False,False
2026-02-17T18:00:00+00:00,2026-02-17T21:00:00+03:00,2026-02,EBM0226,2902.827731939644,EPIAS_VEP:EBM0226,True,False,False
2026-02-17T19:00:00+00:00,2026-02-17T22:00:00+03:00,2026-02,EBM0226,2902.82773186351,EPIAS_VEP:EBM0226,True,False,False
2026-02-17T20:00:00+00:00,2026-02-17T23:00:00+03:00,2026-02,EBM0226,2902.8277317882535,EPIAS_VEP:EBM0226,True,False,False
2026-02-17T21:00:00+00:00,2026-02-18T00:00:00+03:00,2026-02,EBM0226,2902.8277317148622,EPIAS_VEP:EBM0226,True,False,False
2026-02-17T22:00:00+00:00,2026-02-18T01:00:00+03:00,2026-02,EBM0226,2902.8277316444555,EPIAS_VEP:EBM0226,True,False,False
2026-02-17T23:00:00+00:00,2026-02-18T02:00:00+03:00,2026-02,EBM0226,2902.8277315782884,EPIAS_VEP:EBM0226,True,False,False
2026-02-18T00:00:00+00:00,2026-02-18T03:00:00+03:00,2026-02,EBM0226,2902.827731517755,EPIAS_VEP:EBM0226,True,False,False
2026-02-18T01:00:00+00:00,2026-02-18T04:00:00+03:00,2026-02,EBM0226,2902.8277314643974,EPIAS_VEP:EBM0226,True,False,False
2026-02-18T02:00:00+00:00,2026-02-18T05:00:00+03:00,2026-02,EBM0226,2902.8277314199136,EPIAS_VEP:EBM0226,True,False,False
2026-02-18T03:00:00+00:00,2026-02-18T06:00:00+03:00,2026-02,EBM0226,2902.8277313861613,EPIAS_VEP:EBM0226,True,False,False
2026-02-18T04:00:00+00:00,2026-02-18T07:00:00+03:00,2026-02,EBM0226,2902.8277313651606,EPIAS_VEP:EBM0226,True,False,False
2026-02-18T05:00:00+00:00,2026-02-18T08:00:00+03:00,2026-02,EBM0226,2902.8277313591057,EPIAS_VEP:EBM0226,True,False,False
2026-02-18T06:00:00+00:00,2026-02-18T09:00:00+03:00,2026-02,EBM0226,2902.8277313703607,EPIAS_VEP:EBM0226,True,False,False
2026-02-18T07:00:00+00:00,2026-02-18T10:00:00+03:00,2026-02,EBM0226,2902.8277314014667,EPIAS_VEP:EBM0226,True,False,False
2026-02-18T08:00:00+00:00,2026-02-18T11:00:00+03:00,2026-02,EBM0226,2902.827731455134,EPIAS_VEP:EBM0226,True,False,False
2026-02-18T09:00:00+00:00,2026-02-18T12:00:00+03:00,2026-02,EBM0226,2902.827731534243,EPIAS_VEP:EBM0226,True,False,False
2026-02-18T10:00:00+00:00,2026-02-18T13:00:00+03:00,2026-02,EBM0226,2902.827731641836,EPIAS_VEP:EBM0226,True,False,False
2026-02-18T11:00:00+00:00,2026-02-18T14:00:00+03:00,2026-02,EBM0226,2902.8277317811135,EPIAS_VEP:EBM0226,True,False,False
2026-02-18T12:00:00+00:00,2026-02-18T15:00:00+03:00,2026-02,EBM0226,2902.827731955424,EPIAS_VEP:EBM0226,True,False,False
2026-02-18T13:00:00+00:00,2026-02-18T16:00:00+03:00,2026-02,EBM0226,2902.827732168254,EPIAS_VEP:EBM0226,True,False,False
2026-02-18T14:00:00+00:00,2026-02-18T17:00:00+03:00,2026-02,EBM0226,2902.827732423208,EPIAS_VEP:EBM0226,True,False,False
2026-02-18T15:00:00+00:00,2026-02-18T18:00:00+03:00,2026-02,EBM0226,2902.827732723984,EPIAS_VEP:EBM0226,True,False,False
2026-02-18T16:00:00+00:00,2026-02-18T19:00:00+03:00,2026-02,EBM0226,2902.8277330743485,EPIAS_VEP:EBM0226,True,False,False
2026-02-18T17:00:00+00:00,2026-02-18T20:00:00+03:00,2026-02,EBM0226,2902.827733478108,EPIAS_VEP:EBM0226,True,False,False
2026-02-18T18:00:00+00:00,2026-02-18T21:00:00+03:00,2026-02,EBM0226,2902.8277339390743,EPIAS_VEP:EBM0226,True,False,False
2026-02-18T19:00:00+00:00,2026-02-18T22:00:00+03:00,2026-02,EBM0226,2902.8277344610256,EPIAS_VEP:EBM0226,True,False,False
2026-02-18T20:00:00+00:00,2026-02-18T23:00:00+03:00,2026-02,EBM0226,2902.8277350476565,EPIAS_VEP:EBM0226,True,False,False
2026-02-18T21:00:00+00:00,2026-02-19T00:00:00+03:00,2026-02,EBM0226,2902.8277357025336,EPIAS_VEP:EBM0226,True,False,False
2026-02-18T22:00:00+00:00,2026-02-19T01:00:00+03:00,2026-02,EBM0226,2902.827736429033,EPIAS_VEP:EBM0226,True,False,False
2026-02-18T23:00:00+00:00,2026-02-19T02:00:00+03:00,2026-02,EBM0226,2902.8277372302723,EPIAS_VEP:EBM0226,True,False,False
2026-02-19T00:00:00+00:00,2026-02-19T03:00:00+03:00,2026-02,EBM0226,2902.8277381090347,EPIAS_VEP:EBM0226,True,False,False
2026-02-19T01:00:00+00:00,2026-02-19T04:00:00+03:00,2026-02,EBM0226,2902.8277390676876,EPIAS_VEP:EBM0226,True,False,False
2026-02-19T02:00:00+00:00,2026-02-19T05:00:00+03:00,2026-02,EBM0226,2902.827740108095,EPIAS_VEP:EBM0226,True,False,False
2026-02-19T03:00:00+00:00,2026-02-19T06:00:00+03:00,2026-02,EBM0226,2902.8277412315206,EPIAS_VEP:EBM0226,True,False,False
2026-02-19T04:00:00+00:00,2026-02-19T07:00:00+03:00,2026-02,EBM0226,2902.82774243852,EPIAS_VEP:EBM0226,True,False,False
2026-02-19T05:00:00+00:00,2026-02-19T08:00:00+03:00,2026-02,EBM0226,2902.827743728829,EPIAS_VEP:EBM0226,True,False,False
2026-02-19T06:00:00+00:00,2026-02-19T09:00:00+03:00,2026-02,EBM0226,2902.8277451012427,EPIAS_VEP:EBM0226,True,False,False
2026-02-19T07:00:00+00:00,2026-02-19T10:00:00+03:00,2026-02,EBM0226,2902.8277465534893,EPIAS_VEP:EBM0226,True,False,False
2026-02-19T08:00:00+00:00,2026-02-19T11:00:00+03:00,2026-02,EBM0226,2902.8277480820902,EPIAS_VEP:EBM0226,True,False,False
2026-02-19T09:00:00+00:00,2026-02-19T12:00:00+03:00,2026-02,EBM0226,2902.8277496822147,EPIAS_VEP:EBM0226,True,False,False
2026-02-19T10:00:00+00:00,2026-02-19T13:00:00+03:00,2026-02,EBM0226,2902.8277513475255,EPIAS_VEP:EBM0226,True,False,False
2026-02-19T11:00:00+00:00,2026-02-19T14:00:00+03:00,2026-02,EBM0226,2902.8277530700207,EPIAS_VEP:EBM0226,True,False,False
2026-02-19T12:00:00+00:00,2026-02-19T15:00:00+03:00,2026-02,EBM0226,2902.8277548398664,EPIAS_VEP:EBM0226,True,False,False
2026-02-19T13:00:00+00:00,2026-02-19T16:00:00+03:00,2026-02,EBM0226,2902.8277566452225,EPIAS_VEP:EBM0226,True,False,False
2026-02-19T14:00:00+00:00,2026-02-19T17:00:00+03:00,2026-02,EBM0226,2902.827758472081,EPIAS_VEP:EBM0226,True,False,False
2026-02-19T15:00:00+00:00,2026-02-19T18:00:00+03:00,2026-02,EBM0226,2902.8277603040756,EPIAS_VEP:EBM0226,True,False,False
2026-02-19T16:00:00+00:00,2026-02-19T19:00:00+03:00,2026-02,EBM0226,2902.827762122301,EPIAS_VEP:EBM0226,True,False,False
2026-02-19T17:00:00+00:00,2026-02-19T20:00:00+03:00,2026-02,EBM0226,2902.827763905127,EPIAS_VEP:EBM0226,True,False,False
2026-02-19T18:00:00+00:00,2026-02-19T21:00:00+03:00,2026-02,EBM0226,2902.827765628022,EPIAS_VEP:EBM0226,True,False,False
2026-02-19T19:00:00+00:00,2026-02-19T22:00:00+03:00,2026-02,EBM0226,2902.827767263382,EPIAS_VEP:EBM0226,True,False,False
2026-02-19T20:00:00+00:00,2026-02-19T23:00:00+03:00,2026-02,EBM0226,2902.827768780349,EPIAS_VEP:EBM0226,True,False,False
2026-02-19T21:00:00+00:00,2026-02-20T00:00:00+03:00,2026-02,EBM0226,2902.8277701446427,EPIAS_VEP:EBM0226,True,False,False
2026-02-19T22:00:00+00:00,2026-02-20T01:00:00+03:00,2026-02,EBM0226,2902.8277713184148,EPIAS_VEP:EBM0226,True,False,False
2026-02-19T23:00:00+00:00,2026-02-20T02:00:00+03:00,2026-02,EBM0226,2902.8277722601106,EPIAS_VEP:EBM0226,True,False,False
2026-02-20T00:00:00+00:00,2026-02-20T03:00:00+03:00,2026-02,EBM0226,2902.8277729243528,EPIAS_VEP:EBM0226,True,False,False
2026-02-20T01:00:00+00:00,2026-02-20T04:00:00+03:00,2026-02,EBM0226,2902.8277732618467,EPIAS_VEP:EBM0226,True,False,False
2026-02-20T02:00:00+00:00,2026-02-20T05:00:00+03:00,2026-02,EBM0226,2902.8277732193133,EPIAS_VEP:EBM0226,True,False,False
2026-02-20T03:00:00+00:00,2026-02-20T06:00:00+03:00,2026-02,EBM0226,2902.827772739457,EPIAS_VEP:EBM0226,True,False,False
2026-02-20T04:00:00+00:00,2026-02-20T07:00:00+03:00,2026-02,EBM0226,2902.8277717609726,EPIAS_VEP:EBM0226,True,False,False
2026-02-20T05:00:00+00:00,2026-02-20T08:00:00+03:00,2026-02,EBM0226,2902.8277702185915,EPIAS_VEP:EBM0226,True,False,False
2026-02-20T06:00:00+00:00,2026-02-20T09:00:00+03:00,2026-02,EBM0226,2902.827768043172,EPIAS_VEP:EBM0226,True,False,False
2026-02-20T07:00:00+00:00,2026-02-20T10:00:00+03:00,2026-02,EBM0226,2902.827765161863,EPIAS_VEP:EBM0226,True,False,False
2026-02-20T08:00:00+00:00,2026-02-20T11:00:00+03:00,2026-02,EBM0226,2902.82776149832,EPIAS_VEP:EBM0226,True,False,False
2026-02-20T09:00:00+00:00,2026-02-20T12:00:00+03:00,2026-02,EBM0226,2902.827756972991,EPIAS_VEP:EBM0226,True,False,False
2026-02-20T10:00:00+00:00,2026-02-20T13:00:00+03:00,2026-02,EBM0226,2902.827751503486,EPIAS_VEP:EBM0226,True,False,False
2026-02-20T11:00:00+00:00,2026-02-20T14:00:00+03:00,2026-02,EBM0226,2902.8277450050277,EPIAS_VEP:EBM0226,True,False,False
2026-02-20T12:00:00+00:00,2026-02-20T15:00:00+03:00,2026-02,EBM0226,2902.827737391001,EPIAS_VEP:EBM0226,True,False,False
2026-02-20T13:00:00+00:00,2026-02-20T16:00:00+03:00,2026-02,EBM0226,2902.827728573599,EPIAS_VEP:EBM0226,True,False,False
2026-02-20T14:00:00+00:00,2026-02-20T17:00:00+03:00,2026-02,EBM0226,2902.827718464586,EPIAS_VEP:EBM0226,True,False,False
2026-02-20T15:00:00+00:00,2026-02-20T18:00:00+03:00,2026-02,EBM0226,2902.82770697618,EPIAS_VEP:EBM0226,True,False,False
2026-02-20T16:00:00+00:00,2026-02-20T19:00:00+03:00,2026-02,EBM0226,2902.8276940220608,EPIAS_VEP:EBM0226,True,False,False
2026-02-20T17:00:00+00:00,2026-02-20T20:00:00+03:00,2026-02,EBM0226,2902.827679518518,EPIAS_VEP:EBM0226,True,False,False
2026-02-20T18:00:00+00:00,2026-02-20T21:00:00+03:00,2026-02,EBM0226,2902.8276633857486,EPIAS_VEP:EBM0226,True,False,False
2026-02-20T19:00:00+00:00,2026-02-20T22:00:00+03:00,2026-02,EBM0226,2902.8276455493055,EPIAS_VEP:EBM0226,True,False,False
2026-02-20T20:00:00+00:00,2026-02-20T23:00:00+03:00,2026-02,EBM0226,2902.827625941713,EPIAS_VEP:EBM0226,True,False,False
2026-02-20T21:00:00+00:00,2026-02-21T00:00:00+03:00,2026-02,EBM0226,2902.827604504248,EPIAS_VEP:EBM0226,True,False,False
2026-02-20T22:00:00+00:00,2026-02-21T01:00:00+03:00,2026-02,EBM0226,2902.8275811889125,EPIAS_VEP:EBM0226,True,False,False
2026-02-20T23:00:00+00:00,2026-02-21T02:00:00+03:00,2026-02,EBM0226,2902.827555960568,EPIAS_VEP:EBM0226,True,False,False
2026-02-21T00:00:00+00:00,2026-02-21T03:00:00+03:00,2026-02,EBM0226,2902.827528799268,EPIAS_VEP:EBM0226,True,False,False
2026-02-21T01:00:00+00:00,2026-02-21T04:00:00+03:00,2026-02,EBM0226,2902.8274997027756,EPIAS_VEP:EBM0226,True,False,False
2026-02-21T02:00:00+00:00,2026-02-21T05:00:00+03:00,2026-02,EBM0226,2902.827468689284,EPIAS_VEP:EBM0226,True,False,False
2026-02-21T03:00:00+00:00,2026-02-21T06:00:00+03:00,2026-02,EBM0226,2902.8274358003264,EPIAS_VEP:EBM0226,True,False,False
2026-02-21T04:00:00+00:00,2026-02-21T07:00:00+03:00,2026-02,EBM0226,2902.8274011038743,EPIAS_VEP:EBM0226,True,False,False
2026-02-21T05:00:00+00:00,2026-02-21T08:00:00+03:00,2026-02,EBM0226,2902.827364697627,EPIAS_VEP:EBM0226,True,False,False
2026-02-21T06:00:00+00:00,2026-02-21T09:00:00+03:00,2026-02,EBM0226,2902.8273267124837,EPIAS_VEP:EBM0226,True,False,False
2026-02-21T07:00:00+00:00,2026-02-21T10:00:00+03:00,2026-02,EBM0226,2902.8272873161823,EPIAS_VEP:EBM0226,True,False,False
2026-02-21T08:00:00+00:00,2026-02-21T11:00:00+03:00,2026-02,EBM0226,2902.8272467171005,EPIAS_VEP:EBM0226,True,False,False
2026-02-21T09:00:00+00:00,2026-02-21T12:00:00+03:00,2026-02,EBM0226,2902.8272051681956,EPIAS_VEP:EBM0226,True,False,False
2026-02-21T10:00:00+00:00,2026-02-21T13:00:00+03:00,2026-02,EBM0226,2902.827162971064,EPIAS_VEP:EBM0226,True,False,False
2026-02-21T11:00:00+00:00,2026-02-21T14:00:00+03:00,2026-02,EBM0226,2902.827120480102,EPIAS_VEP:EBM0226,True,False,False
2026-02-21T12:00:00+00:00,2026-02-21T15:00:00+03:00,2026-02,EBM0226,2902.827078106719,EPIAS_VEP:EBM0226,True,False,False
2026-02-21T13:00:00+00:00,2026-02-21T16:00:00+03:00,2026-02,EBM0226,2902.8270363235847,EPIAS_VEP:EBM0226,True,False,False
2026-02-21T14:00:00+00:00,2026-02-21T17:00:00+03:00,2026-02,EBM0226,2902.8269956688678,EPIAS_VEP:EBM0226,True,False,False
2026-02-21T15:00:00+00:00,2026-02-21T18:00:00+03:00,2026-02,EBM0226,2902.826956750418,EPIAS_VEP:EBM0226,True,False,False
2026-02-21T16:00:00+00:00,2026-02-21T19:00:00+03:00,2026-02,EBM0226,2902.8269202498323,EPIAS_VEP:EBM0226,True,False,False
2026-02-21T17:00:00+00:00,2026-02-21T20:00:00+03:00,2026-02,EBM0226,2902.826886926345,EPIAS_VEP:EBM0226,True,False,False
2026-02-21T18:00:00+00:00,2026-02-21T21:00:00+03:00,2026-02,EBM0226,2902.82685762048,EPIAS_VEP:EBM0226,True,False,False
2026-02-21T19:00:00+00:00,2026-02-21T22:00:00+03:00,2026-02,EBM0226,2902.82683325738,EPIAS_VEP:EBM0226,True,False,False
2026-02-21T20:00:00+00:00,2026-02-21T23:00:00+03:00,2026-02,EBM0226,2902.8268148497364,EPIAS_VEP:EBM0226,True,False,False
2026-02-21T21:00:00+00:00,2026-02-22T00:00:00+03:00,2026-02,EBM0226,2902.8268035002247,EPIAS_VEP:EBM0226,True,False,False
2026-02-21T22:00:00+00:00,2026-02-22T01:00:00+03:00,2026-02,EBM0226,2902.8268004033484,EPIAS_VEP:EBM0226,True,False,False
2026-02-21T23:00:00+00:00,2026-02-22T02:00:00+03:00,2026-02,EBM0226,2902.8268068465736,EPIAS_VEP:EBM0226,True,False,False
2026-02-22T00:00:00+00:00,2026-02-22T03:00:00+03:00,2026-02,EBM0226,2902.8268242106387,EPIAS_VEP:EBM0226,True,False,False
2026-02-22T01:00:00+00:00,2026-02-22T04:00:00+03:00,2026-02,EBM0226,2902.8268539689093,EPIAS_VEP:EBM0226,True,False,False
2026-02-22T02:00:00+00:00,2026-02-22T05:00:00+03:00,2026-02,EBM0226,2902.8268976856393,EPIAS_VEP:EBM0226,True,False,False
2026-02-22T03:00:00+00:00,2026-02-22T06:00:00+03:00,2026-02,EBM0226,2902.826957012991,EPIAS_VEP:EBM0226,True,False,False
2026-02-22T04:00:00+00:00,2026-02-22T07:00:00+03:00,2026-02,EBM0226,2902.827033686662,EPIAS_VEP:EBM0226,True,False,False
2026-02-22T05:00:00+00:00,2026-02-22T08:00:00+03:00,2026-02,EBM0226,2902.8271295199593,EPIAS_VEP:EBM0226,True,False,False
2026-02-22T06:00:00+00:00,2026-02-22T09:00:00+03:00,2026-02,EBM0226,2902.827246396124,EPIAS_VEP:EBM0226,True,False,False
2026-02-22T07:00:00+00:00,2026-02-22T10:00:00+03:00,2026-02,EBM0226,2902.8273862587544,EPIAS_VEP:EBM0226,True,False,False
2026-02-22T08:00:00+00:00,2026-02-22T11:00:00+03:00,2026-02,EBM0226,2902.8275511001157,EPIAS_VEP:EBM0226,True,False,False
2026-02-22T09:00:00+00:00,2026-02-22T12:00:00+03:00,2026-02,EBM0226,2902.8277429471536,EPIAS_VEP:EBM0226,True,False,False
2026-02-22T10:00:00+00:00,2026-02-22T13:00:00+03:00,2026-02,EBM0226,2902.8279638450094,EPIAS_VEP:EBM0226,True,False,False
2026-02-22T11:00:00+00:00,2026-02-22T14:00:00+03:00,2026-02,EBM0226,2902.8282158378333,EPIAS_VEP:EBM0226,True,False,False
2026-02-22T12:00:00+00:00,2026-02-22T15:00:00+03:00,2026-02,EBM0226,2902.8285009466936,EPIAS_VEP:EBM0226,True,False,False
2026-02-22T13:00:00+00:00,2026-02-22T16:00:00+03:00,2026-02,EBM0226,2902.828821144376,EPIAS_VEP:EBM0226,True,False,False
2026-02-22T14:00:00+00:00,2026-02-22T17:00:00+03:00,2026-02,EBM0226,2902.829178326875,EPIAS_VEP:EBM0226,True,False,False
2026-02-22T15:00:00+00:00,2026-02-22T18:00:00+03:00,2026-02,EBM0226,2902.8295742813725,EPIAS_VEP:EBM0226,True,False,False
2026-02-22T16:00:00+00:00,2026-02-22T19:00:00+03:00,2026-02,EBM0226,2902.8300106505226,EPIAS_VEP:EBM0226,True,False,False
2026-02-22T17:00:00+00:00,2026-02-22T20:00:00+03:00,2026-02,EBM0226,2902.8304888928583,EPIAS_VEP:EBM0226,True,False,False
2026-02-22T18:00:00+00:00,2026-02-22T21:00:00+03:00,2026-02,EBM0226,2902.831010239152,EPIAS_VEP:EBM0226,True,False,False
2026-02-22T19:00:00+00:00,2026-02-22T22:00:00+03:00,2026-02,EBM0226,2902.831575644595,EPIAS_VEP:EBM0226,True,False,False
2026-02-22T20:00:00+00:00,2026-02-22T23:00:00+03:00,2026-02,EBM0226,2902.832185736662,EPIAS_VEP:EBM0226,True,False,False
2026-02-22T21:00:00+00:00,2026-02-23T00:00:00+03:00,2026-02,EBM0226,2902.83284075857,EPIAS_VEP:EBM0226,True,False,False
2026-02-22T22:00:00+00:00,2026-02-23T01:00:00+03:00,2026-02,EBM0226,2902.8335405082667,EPIAS_VEP:EBM0226,True,False,False
2026-02-22T23:00:00+00:00,2026-02-23T02:00:00+03:00,2026-02,EBM0226,2902.834284272928,EPIAS_VEP:EBM0226,True,False,False
2026-02-23T00:00:00+00:00,2026-02-23T03:00:00+03:00,2026-02,EBM0226,2902.8350707589857,EPIAS_VEP:EBM0226,True,False,False
2026-02-23T01:00:00+00:00,2026-02-23T04:00:00+03:00,2026-02,EBM0226,2902.83589801775,EPIAS_VEP:EBM0226,True,False,False
2026-02-23T02:00:00+00:00,2026-02-23T05:00:00+03:00,2026-02,EBM0226,2902.836763366762,EPIAS_VEP:EBM0226,True,False,False
2026-02-23T03:00:00+00:00,2026-02-23T06:00:00+03:00,2026-02,EBM0226,2902.837663307069,EPIAS_VEP:EBM0226,True,False,False
2026-02-23T04:00:00+00:00,2026-02-23T07:00:00+03:00,2026-02,EBM0226,2902.8385934366875,EPIAS_VEP:EBM0226,True,False,False
2026-02-23T05:00:00+00:00,2026-02-23T08:00:00+03:00,2026-02,EBM0226,2902.8395483606096,EPIAS_VEP:EBM0226,True,False,False
2026-02-23T06:00:00+00:00,2026-02-23T09:00:00+03:00,2026-02,EBM0226,2902.8405215977905,EPIAS_VEP:EBM0226,True,False,False
2026-02-23T07:00:00+00:00,2026-02-23T10:00:00+03:00,2026-02,EBM0226,2902.8415054856573,EPIAS_VEP:EBM0226,True,False,False
2026-02-23T08:00:00+00:00,2026-02-23T11:00:00+03:00,2026-02,EBM0226,2902.842491082784,EPIAS_VEP:EBM0226,True,False,False
2026-02-23T09:00:00+00:00,2026-02-23T12:00:00+03:00,2026-02,EBM0226,2902.8434680705013,EPIAS_VEP:EBM0226,True,False,False
2026-02-23T10:00:00+00:00,2026-02-23T13:00:00+03:00,2026-02,EBM0226,2902.8444246543377,EPIAS_VEP:EBM0226,True,False,False
2026-02-23T11:00:00+00:00,2026-02-23T14:00:00+03:00,2026-02,EBM0226,2902.845347466319,EPIAS_VEP:EBM0226,True,False,False
2026-02-23T12:00:00+00:00,2026-02-23T15:00:00+03:00,2026-02,EBM0226,2902.8462214693063,EPIAS_VEP:EBM0226,True,False,False
2026-02-23T13:00:00+00:00,2026-02-23T16:00:00+03:00,2026-02,EBM0226,2902.8470298647167,EPIAS_VEP:EBM0226,True,False,False
2026-02-23T14:00:00+00:00,2026-02-23T17:00:00+03:00,2026-02,EBM0226,2902.8477540051294,EPIAS_VEP:EBM0226,True,False,False
2026-02-23T15:00:00+00:00,2026-02-23T18:00:00+03:00,2026-02,EBM0226,2902.848373313441,EPIAS_VEP:EBM0226,True,False,False
2026-02-23T16:00:00+00:00,2026-02-23T19:00:00+03:00,2026-02,EBM0226,2902.848865210449,EPIAS_VEP:EBM0226,True,False,False
2026-02-23T17:00:00+00:00,2026-02-23T20:00:00+03:00,2026-02,EBM0226,2902.849205052924,EPIAS_VEP:EBM0226,True,False,False
2026-02-23T18:00:00+00:00,2026-02-23T21:00:00+03:00,2026-02,EBM0226,2902.8493660844197,EPIAS_VEP:EBM0226,True,False,False
2026-02-23T19:00:00+00:00,2026-02-23T22:00:00+03:00,2026-02,EBM0226,2902.84931940129,EPIAS_VEP:EBM0226,True,False,False
2026-02-23T20:00:00+00:00,2026-02-23T23:00:00+03:00,2026-02,EBM0226,2902.849033936585,EPIAS_VEP:EBM0226,True,False,False
2026-02-23T21:00:00+00:00,2026-02-24T00:00:00+03:00,2026-02,EBM0226,2902.848476464715,EPIAS_VEP:EBM0226,True,False,False
2026-02-23T22:00:00+00:00,2026-02-24T01:00:00+03:00,2026-02,EBM0226,2902.8476116300017,EPIAS_VEP:EBM0226,True,False,False
2026-02-23T23:00:00+00:00,2026-02-24T02:00:00+03:00,2026-02,EBM0226,2902.8464020024267,EPIAS_VEP:EBM0226,True,False,False
2026-02-24T00:00:00+00:00,2026-02-24T03:00:00+03:00,2026-02,EBM0226,2902.844808164117,EPIAS_VEP:EBM0226,True,False,False
2026-02-24T01:00:00+00:00,2026-02-24T04:00:00+03:00,2026-02,EBM0226,2902.842788830304,EPIAS_VEP:EBM0226,True,False,False
2026-02-24T02:00:00+00:00,2026-02-24T05:00:00+03:00,2026-02,EBM0226,2902.8403010087104,EPIAS_VEP:EBM0226,True,False,False
2026-02-24T03:00:00+00:00,2026-02-24T06:00:00+03:00,2026-02,EBM0226,2902.8373002014805,EPIAS_VEP:EBM0226,True,False,False
2026-02-24T04:00:00+00:00,2026-02-24T07:00:00+03:00,2026-02,EBM0226,2902.8337406539686,EPIAS_VEP:EBM0226,True,False,False
2026-02-24T05:00:00+00:00,2026-02-24T08:00:00+03:00,2026-02,EBM0226,2902.829575654813,EPIAS_VEP:EBM0226,True,False,False
2026-02-24T06:00:00+00:00,2026-02-24T09:00:00+03:00,2026-02,EBM0226,2902.824757891894,EPIAS_VEP:EBM0226,True,False,False
2026-02-24T07:00:00+00:00,2026-02-24T10:00:00+03:00,2026-02,EBM0226,2902.819239868833,EPIAS_VEP:EBM0226,True,False,False
2026-02-24T08:00:00+00:00,2026-02-24T11:00:00+03:00,2026-02,EBM0226,2902.81297438677,EPIAS_VEP:EBM0226,True,False,False
2026-02-24T09:00:00+00:00,2026-02-24T12:00:00+03:00,2026-02,EBM0226,2902.805915096164,EPIAS_VEP:EBM0226,True,False,False
2026-02-24T10:00:00+00:00,2026-02-24T13:00:00+03:00,2026-02,EBM0226,2902.798017123343,EPIAS_VEP:EBM0226,True,False,False
2026-02-24T11:00:00+00:00,2026-02-24T14:00:00+03:00,2026-02,EBM0226,2902.7892377764324,EPIAS_VEP:EBM0226,True,False,False
2026-02-24T12:00:00+00:00,2026-02-24T15:00:00+03:00,2026-02,EBM0226,2902.779537335152,EPIAS_VEP:EBM0226,True,False,False
2026-02-24T13:00:00+00:00,2026-02-24T16:00:00+03:00,2026-02,EBM0226,2902.768879928749,EPIAS_VEP:EBM0226,True,False,False
2026-02-24T14:00:00+00:00,2026-02-24T17:00:00+03:00,2026-02,EBM0226,2902.757234506041,EPIAS_VEP:EBM0226,True,False,False
2026-02-24T15:00:00+00:00,2026-02-24T18:00:00+03:00,2026-02,EBM0226,2902.74457590116,EPIAS_VEP:EBM0226,True,False,False
2026-02-24T16:00:00+00:00,2026-02-24T19:00:00+03:00,2026-02,EBM0226,2902.730885998092,EPIAS_VEP:EBM0226,True,False,False
2026-02-24T17:00:00+00:00,2026-02-24T20:00:00+03:00,2026-02,EBM0226,2902.7161549965394,EPIAS_VEP:EBM0226,True,False,False
2026-02-24T18:00:00+00:00,2026-02-24T21:00:00+03:00,2026-02,EBM0226,2902.7003827809085,EPIAS_VEP:EBM0226,True,False,False
2026-02-24T19:00:00+00:00,2026-02-24T22:00:00+03:00,2026-02,EBM0226,2902.6835803934096,EPIAS_VEP:EBM0226,True,False,False
2026-02-24T20:00:00+00:00,2026-02-24T23:00:00+03:00,2026-02,EBM0226,2902.6657716112827,EPIAS_VEP:EBM0226,True,False,False
2026-02-24T21:00:00+00:00,2026-02-25T00:00:00+03:00,2026-02,EBM0226,2902.6469946270367,EPIAS_VEP:EBM0226,True,False,False
2026-02-24T22:00:00+00:00,2026-02-25T01:00:00+03:00,2026-02,EBM0226,2902.6273038293234,EPIAS_VEP:EBM0226,True,False,False
2026-02-24T23:00:00+00:00,2026-02-25T02:00:00+03:00,2026-02,EBM0226,2902.606771680639,EPIAS_VEP:EBM0226,True,False,False
2026-02-25T00:00:00+00:00,2026-02-25T03:00:00+03:00,2026-02,EBM0226,2902.5854906864024,EPIAS_VEP:EBM0226,True,False,False
2026-02-25T01:00:00+00:00,2026-02-25T04:00:00+03:00,2026-02,EBM0226,2902.5635754481655,EPIAS_VEP:EBM0226,True,False,False
2026-02-25T02:00:00+00:00,2026-02-25T05:00:00+03:00,2026-02,EBM0226,2902.5411647917144,EPIAS_VEP:EBM0226,True,False,False
2026-02-25T03:00:00+00:00,2026-02-25T06:00:00+03:00,2026-02,EBM0226,2902.518423958592,EPIAS_VEP:EBM0226,True,False,False
2026-02-25T04:00:00+00:00,2026-02-25T07:00:00+03:00,2026-02,EBM0226,2902.495546847161,EPIAS_VEP:EBM0226,True,False,False
2026-02-25T05:00:00+00:00,2026-02-25T08:00:00+03:00,2026-02,EBM0226,2902.472758286688,EPIAS_VEP:EBM0226,True,False,False
2026-02-25T06:00:00+00:00,2026-02-25T09:00:00+03:00,2026-02,EBM0226,2902.4503163250547,EPIAS_VEP:EBM0226,True,False,False
2026-02-25T07:00:00+00:00,2026-02-25T10:00:00+03:00,2026-02,EBM0226,2902.4285145076165,EPIAS_VEP:EBM0226,True,False,False
2026-02-25T08:00:00+00:00,2026-02-25T11:00:00+03:00,2026-02,EBM0226,2902.4076841213987,EPIAS_VEP:EBM0226,True,False,False
2026-02-25T09:00:00+00:00,2026-02-25T12:00:00+03:00,2026-02,EBM0226,2902.3881963752815,EPIAS_VEP:EBM0226,True,False,False
2026-02-25T10:00:00+00:00,2026-02-25T13:00:00+03:00,2026-02,EBM0226,2902.3704644830377,EPIAS_VEP:EBM0226,True,False,False
2026-02-25T11:00:00+00:00,2026-02-25T14:00:00+03:00,2026-02,EBM0226,2902.3549456121104,EPIAS_VEP:EBM0226,True,False,False
2026-02-25T12:00:00+00:00,2026-02-25T15:00:00+03:00,2026-02,EBM0226,2902.342142656802,EPIAS_VEP:EBM0226,True,False,False
2026-02-25T13:00:00+00:00,2026-02-25T16:00:00+03:00,2026-02,EBM0226,2902.332605790161,EPIAS_VEP:EBM0226,True,False,False
2026-02-25T14:00:00+00:00,2026-02-25T17:00:00+03:00,2026-02,EBM0226,2902.32693374428,EPIAS_VEP:EBM0226,True,False,False
2026-02-25T15:00:00+00:00,2026-02-25T18:00:00+03:00,2026-02,EBM0226,2902.3257747639823,EPIAS_VEP:EBM0226,True,False,False
2026-02-25T16:00:00+00:00,2026-02-25T19:00:00+03:00,2026-02,EBM0226,2902.329827174025,EPIAS_VEP:EBM0226,True,False,False
2026-02-25T17:00:00+00:00,2026-02-25T20:00:00+03:00,2026-02,EBM0226,2902.339839494996,EPIAS_VEP:EBM0226,True,False,False
2026-02-25T18:00:00+00:00,2026-02-25T21:00:00+03:00,2026-02,EBM0226,2902.3566100380685,EPIAS_VEP:EBM0226,True,False,False
2026-02-25T19:00:00+00:00,2026-02-25T22:00:00+03:00,2026-02,EBM0226,2902.3809859037715,EPIAS_VEP:EBM0226,True,False,False
2026-02-25T20:00:00+00:00,2026-02-25T23:00:00+03:00,2026-02,EBM0226,2902.413861304932,EPIAS_VEP:EBM0226,True,False,False
2026-02-25T21:00:00+00:00,2026-02-26T00:00:00+03:00,2026-02,EBM0226,2902.4561751290885,EPIAS_VEP:EBM0226,True,False,False
2026-02-25T22:00:00+00:00,2026-02-26T01:00:00+03:00,2026-02,EBM0226,2902.5089076509566,EPIAS_VEP:EBM0226,True,False,False
2026-02-25T23:00:00+00:00,2026-02-26T02:00:00+03:00,2026-02,EBM0226,2902.573076301045,EPIAS_VEP:EBM0226,True,False,False
2026-02-26T00:00:00+00:00,2026-02-26T03:00:00+03:00,2026-02,EBM0226,2902.6497303924016,EPIAS_VEP:EBM0226,True,False,False
2026-02-26T01:00:00+00:00,2026-02-26T04:00:00+03:00,2026-02,EBM0226,2902.7399447037465,EPIAS_VEP:EBM0226,True,False,False
2026-02-26T02:00:00+00:00,2026-02-26T05:00:00+03:00,2026-02,EBM0226,2902.844811814068,EPIAS_VEP:EBM0226,True,False,False
2026-02-26T03:00:00+00:00,2026-02-26T06:00:00+03:00,2026-02,EBM0226,2902.9654330811927,EPIAS_VEP:EBM0226,True,False,False
2026-02-26T04:00:00+00:00,2026-02-26T07:00:00+03:00,2026-02,EBM0226,2903.1029081550732,EPIAS_VEP:EBM0226,True,False,False
2026-02-26T05:00:00+00:00,2026-02-26T08:00:00+03:00,2026-02,EBM0226,2903.2583229156617,EPIAS_VEP:EBM0226,True,False,False
2026-02-26T06:00:00+00:00,2026-02-26T09:00:00+03:00,2026-02,EBM0226,2903.4327357254024,EPIAS_VEP:EBM0226,True,False,False
2026-02-26T07:00:00+00:00,2026-02-26T10:00:00+03:00,2026-02,EBM0226,2903.627161887758,EPIAS_VEP:EBM0226,True,False,False
2026-02-26T08:00:00+00:00,2026-02-26T11:00:00+03:00,2026-02,EBM0226,2903.8425562059306,EPIAS_VEP:EBM0226,True,False,False
2026-02-26T09:00:00+00:00,2026-02-26T12:00:00+03:00,2026-02,EBM0226,2904.079793540238,EPIAS_VEP:EBM0226,True,False,False
2026-02-26T10:00:00+00:00,2026-02-26T13:00:00+03:00,2026-02,EBM0226,2904.339647268688,EPIAS_VEP:EBM0226,True,False,False
2026-02-26T11:00:00+00:00,2026-02-26T14:00:00+03:00,2026-02,EBM0226,2904.6227655632447,EPIAS_VEP:EBM0226,True,False,False
2026-02-26T12:00:00+00:00,2026-02-26T15:00:00+03:00,2026-02,EBM0226,2904.929645404449,EPIAS_VEP:EBM0226,True,False,False
2026-02-26T13:00:00+00:00,2026-02-26T16:00:00+03:00,2026-02,EBM0226,2905.2606042695934,EPIAS_VEP:EBM0226,True,False,False
2026-02-26T14:00:00+00:00,2026-02-26T17:00:00+03:00,2026-02,EBM0226,2905.615749444741,EPIAS_VEP:EBM0226,True,False,False
2026-02-26T15:00:00+00:00,2026-02-26T18:00:00+03:00,2026-02,EBM0226,2905.9949449288347,EPIAS_VEP:EBM0226,True,False,False
2026-02-26T16:00:00+00:00,2026-02-26T19:00:00+03:00,2026-02,EBM0226,2906.3977759191794,EPIAS_VEP:EBM0226,True,False,False
2026-02-26T17:00:00+00:00,2026-02-26T20:00:00+03:00,2026-02,EBM0226,2906.8235108918957,EPIAS_VEP:EBM0226,True,False,False
2026-02-26T18:00:00+00:00,2026-02-26T21:00:00+03:00,2026-02,EBM0226,2907.2710613188174,EPIAS_VEP:EBM0226,True,False,False
2026-02-26T19:00:00+00:00,2026-02-26T22:00:00+03:00,2026-02,EBM0226,2907.738939093995,EPIAS_VEP:EBM0226,True,False,False
2026-02-26T20:00:00+00:00,2026-02-26T23:00:00+03:00,2026-02,EBM0226,2908.2252117786556,EPIAS_VEP:EBM0226,True,False,False
2026-02-26T21:00:00+00:00,2026-02-27T00:00:00+03:00,2026-02,EBM0226,2908.7274558134236,EPIAS_VEP:EBM0226,True,False,False
2026-02-26T22:00:00+00:00,2026-02-27T01:00:00+03:00,2026-02,EBM0226,2909.242707891054,EPIAS_VEP:EBM0226,True,False,False
2026-02-26T23:00:00+00:00,2026-02-27T02:00:00+03:00,2026-02,EBM0226,2909.7674147320267,EPIAS_VEP:EBM0226,True,False,False
2026-02-27T00:00:00+00:00,2026-02-27T03:00:00+03:00,2026-02,EBM0226,2910.2973815593377,EPIAS_VEP:EBM0226,True,False,False
2026-02-27T01:00:00+00:00,2026-02-27T04:00:00+03:00,2026-02,EBM0226,2910.827719627814,EPIAS_VEP:EBM0226,True,False,False
2026-02-27T02:00:00+00:00,2026-02-27T05:00:00+03:00,2026-02,EBM0226,2911.3527932274296,EPIAS_VEP:EBM0226,True,False,False
2026-02-27T03:00:00+00:00,2026-02-27T06:00:00+03:00,2026-02,EBM0226,2911.8661666495013,EPIAS_VEP:EBM0226,True,False,False
2026-02-27T04:00:00+00:00,2026-02-27T07:00:00+03:00,2026-02,EBM0226,2912.360551679326,EPIAS_VEP:EBM0226,True,False,False
2026-02-27T05:00:00+00:00,2026-02-27T08:00:00+03:00,2026-02,EBM0226,2912.8277562588396,EPIAS_VEP:EBM0226,True,False,False
2026-02-27T06:00:00+00:00,2026-02-27T09:00:00+03:00,2026-02,EBM0226,2913.258635048112,EPIAS_VEP:EBM0226,True,False,False
2026-02-27T07:00:00+00:00,2026-02-27T10:00:00+03:00,2026-02,EBM0226,2913.643042704886,EPIAS_VEP:EBM0226,True,False,False
2026-02-27T08:00:00+00:00,2026-02-27T11:00:00+03:00,2026-02,EBM0226,2913.9697907967084,EPIAS_VEP:EBM0226,True,False,False
2026-02-27T09:00:00+00:00,2026-02-27T12:00:00+03:00,2026-02,EBM0226,2914.22660936016,EPIAS_VEP:EBM0226,True,False,False
2026-02-27T10:00:00+00:00,2026-02-27T13:00:00+03:00,2026-02,EBM0226,2914.400114226049,EPIAS_VEP:EBM0226,True,False,False
2026-02-27T11:00:00+00:00,2026-02-27T14:00:00+03:00,2026-02,EBM0226,2914.4757813375536,EPIAS_VEP:EBM0226,True,False,False
2026-02-27T12:00:00+00:00,2026-02-27T15:00:00+03:00,2026-02,EBM0226,2914.4379293997354,EPIAS_VEP:EBM0226,True,False,False
2026-02-27T13:00:00+00:00,2026-02-27T16:00:00+03:00,2026-02,EBM0226,2914.2697123128287,EPIAS_VEP:EBM0226,True,False,False
2026-02-27T14:00:00+00:00,2026-02-27T17:00:00+03:00,2026-02,EBM0226,2913.9531229574363,EPIAS_VEP:EBM0226,True,False,False
2026-02-27T15:00:00+00:00,2026-02-27T18:00:00+03:00,2026-02,EBM0226,2913.469010016237,EPIAS_VEP:EBM0226,True,False,False
2026-02-27T16:00:00+00:00,2026-02-27T19:00:00+03:00,2026-02,EBM0226,2912.7971096329184,EPIAS_VEP:EBM0226,True,False,False
2026-02-27T17:00:00+00:00,2026-02-27T20:00:00+03:00,2026-02,EBM0226,2911.9160938234727,EPIAS_VEP:EBM0226,True,False,False
2026-02-27T18:00:00+00:00,2026-02-27T21:00:00+03:00,2026-02,EBM0226,2910.8036376662326,EPIAS_VEP:EBM0226,True,False,False
2026-02-27T19:00:00+00:00,2026-02-27T22:00:00+03:00,2026-02,EBM0226,2909.4365074034517,EPIAS_VEP:EBM0226,True,False,False
2026-02-27T20:00:00+00:00,2026-02-27T23:00:00+03:00,2026-02,EBM0226,2907.7906716869225,EPIAS_VEP:EBM0226,True,False,False
2026-02-27T21:00:00+00:00,2026-02-28T00:00:00+03:00,2026-02,EBM0226,2905.8414382910028,EPIAS_VEP:EBM0226,True,False,False
2026-02-27T22:00:00+00:00,2026-02-28T01:00:00+03:00,2026-02,EBM0226,2903.563618696185,EPIAS_VEP:EBM0226,True,False,False
2026-02-27T23:00:00+00:00,2026-02-28T02:00:00+03:00,2026-02,EBM0226,2900.931723012433,EPIAS_VEP:EBM0226,True,False,False
2026-02-28T00:00:00+00:00,2026-02-28T03:00:00+03:00,2026-02,EBM0226,2897.920187761144,EPIAS_VEP:EBM0226,True,False,False
2026-02-28T01:00:00+00:00,2026-02-28T04:00:00+03:00,2026-02,EBM0226,2894.50363906472,EPIAS_VEP:EBM0226,True,False,False
2026-02-28T02:00:00+00:00,2026-02-28T05:00:00+03:00,2026-02,EBM0226,2890.6571938000893,EPIAS_VEP:EBM0226,True,False,False
2026-02-28T03:00:00+00:00,2026-02-28T06:00:00+03:00,2026-02,EBM0226,2886.356801253571,EPIAS_VEP:EBM0226,True,False,False
2026-02-28T04:00:00+00:00,2026-02-28T07:00:00+03:00,2026-02,EBM0226,2881.579627765412,EPIAS_VEP:EBM0226,True,False,False
2026-02-28T05:00:00+00:00,2026-02-28T08:00:00+03:00,2026-02,EBM0226,2876.3044867690414,EPIAS_VEP:EBM0226,True,False,False
2026-02-28T06:00:00+00:00,2026-02-28T09:00:00+03:00,2026-02,EBM0226,2870.512316508417,EPIAS_VEP:EBM0226,True,False,False
2026-02-28T07:00:00+00:00,2026-02-28T10:00:00+03:00,2026-02,EBM0226,2864.1867075521227,EPIAS_VEP:EBM0226,True,False,False
2026-02-28T08:00:00+00:00,2026-02-28T11:00:00+03:00,2026-02,EBM0226,2857.3144820103967,EPIAS_VEP:EBM0226,True,False,False
2026-02-28T09:00:00+00:00,2026-02-28T12:00:00+03:00,2026-02,EBM0226,2849.886326096025,EPIAS_VEP:EBM0226,True,False,False
2026-02-28T10:00:00+00:00,2026-02-28T13:00:00+03:00,2026-02,EBM0226,2841.8974773468976,EPIAS_VEP:EBM0226,True,False,False
2026-02-28T11:00:00+00:00,2026-02-28T14:00:00+03:00,2026-02,EBM0226,2833.3484674415986,EPIAS_VEP:EBM0226,True,False,False
2026-02-28T12:00:00+00:00,2026-02-28T15:00:00+03:00,2026-02,EBM0226,2824.245921084283,EPIAS_VEP:EBM0226,True,False,False
2026-02-28T13:00:00+00:00,2026-02-28T16:00:00+03:00,2026-02,EBM0226,2814.6034109056654,EPIAS_VEP:EBM0226,True,False,False
2026-02-28T14:00:00+00:00,2026-02-28T17:00:00+03:00,2026-02,EBM0226,2804.4423677176555,EPIAS_VEP:EBM0226,True,False,False
2026-02-28T15:00:00+00:00,2026-02-28T18:00:00+03:00,2026-02,EBM0226,2793.793044764375,EPIAS_VEP:EBM0226,True,False,False
2026-02-28T16:00:00+00:00,2026-02-28T19:00:00+03:00,2026-02,EBM0226,2782.695533826878,EPIAS_VEP:EBM0226,True,False,False
2026-02-28T17:00:00+00:00,2026-02-28T20:00:00+03:00,2026-02,EBM0226,2771.2008301542555,EPIAS_VEP:EBM0226,True,False,False
2026-02-28T18:00:00+00:00,2026-02-28T21:00:00+03:00,2026-02,EBM0226,2759.371942215531,EPIAS_VEP:EBM0226,True,False,False
2026-02-28T19:00:00+00:00,2026-02-28T22:00:00+03:00,2026-02,EBM0226,2747.285041170225,EPIAS_VEP:EBM0226,True,False,False
2026-02-28T20:00:00+00:00,2026-02-28T23:00:00+03:00,2026-02,EBM0226,2735.0306437542818,EPIAS_VEP:EBM0226,True,False,False
2026-02-28T21:00:00+00:00,2026-03-01T00:00:00+03:00,2026-03,EBM0326,2722.7148209762545,EPIAS_VEP:EBM0326,True,False,False
2026-02-28T22:00:00+00:00,2026-03-01T01:00:00+03:00,2026-03,EBM0326,2710.4604235536362,EPIAS_VEP:EBM0326,True,False,False
2026-02-28T23:00:00+00:00,2026-03-01T02:00:00+03:00,2026-03,EBM0326,2698.373522494987,EPIAS_VEP:EBM0326,True,False,False
2026-03-01T00:00:00+00:00,2026-03-01T03:00:00+03:00,2026-03,EBM0326,2686.5446345396767,EPIAS_VEP:EBM0326,True,False,False
2026-03-01T01:00:00+00:00,2026-03-01T04:00:00+03:00,2026-03,EBM0326,2675.049930847992,EPIAS_VEP:EBM0326,True,False,False
2026-03-01T02:00:00+00:00,2026-03-01T05:00:00+03:00,2026-03,EBM0326,2663.952419889929,EPIAS_VEP:EBM0326,True,False,False
2026-03-01T03:00:00+00:00,2026-03-01T06:00:00+03:00,2026-03,EBM0326,2653.303096915563,EPIAS_VEP:EBM0326,True,False,False
2026-03-01T04:00:00+00:00,2026-03-01T07:00:00+03:00,2026-03,EBM0326,2643.1420537061463,EPIAS_VEP:EBM0326,True,False,False
2026-03-01T05:00:00+00:00,2026-03-01T08:00:00+03:00,2026-03,EBM0326,2633.499543506403,EPIAS_VEP:EBM0326,True,False,False
2026-03-01T06:00:00+00:00,2026-03-01T09:00:00+03:00,2026-03,EBM0326,2624.3969971288507,EPIAS_VEP:EBM0326,True,False,False
2026-03-01T07:00:00+00:00,2026-03-01T10:00:00+03:00,2026-03,EBM0326,2615.8479872048206,EPIAS_VEP:EBM0326,True,False,False
2026-03-01T08:00:00+00:00,2026-03-01T11:00:00+03:00,2026-03,EBM0326,2607.8591384390943,EPIAS_VEP:EBM0326,True,False,False
2026-03-01T09:00:00+00:00,2026-03-01T12:00:00+03:00,2026-03,EBM0326,2600.430982510897,EPIAS_VEP:EBM0326,True,False,False
2026-03-01T10:00:00+00:00,2026-03-01T13:00:00+03:00,2026-03,EBM0326,2593.5587569587747,EPIAS_VEP:EBM0326,True,False,False
2026-03-01T11:00:00+00:00,2026-03-01T14:00:00+03:00,2026-03,EBM0326,2587.2331479951636,EPIAS_VEP:EBM0326,True,False,False
2026-03-01T12:00:00+00:00,2026-03-01T15:00:00+03:00,2026-03,EBM0326,2581.440977729969,EPIAS_VEP:EBM0326,True,False,False
2026-03-01T13:00:00+00:00,2026-03-01T16:00:00+03:00,2026-03,EBM0326,2576.16583673146,EPIAS_VEP:EBM0326,True,False,False
2026-03-01T14:00:00+00:00,2026-03-01T17:00:00+03:00,2026-03,EBM0326,2571.3886632432996,EPIAS_VEP:EBM0326,True,False,False
2026-03-01T15:00:00+00:00,2026-03-01T18:00:00+03:00,2026-03,EBM0326,2567.088270698643,EPIAS_VEP:EBM0326,True,False,False
2026-03-01T16:00:00+00:00,2026-03-01T19:00:00+03:00,2026-03,EBM0326,2563.241825437486,EPIAS_VEP:EBM0326,True,False,False
2026-03-01T17:00:00+00:00,2026-03-01T20:00:00+03:00,2026-03,EBM0326,2559.825276745919,EPIAS_VEP:EBM0326,True,False,False
2026-03-01T18:00:00+00:00,2026-03-01T21:00:00+03:00,2026-03,EBM0326,2556.8137415006527,EPIAS_VEP:EBM0326,True,False,False
2026-03-01T19:00:00+00:00,2026-03-01T22:00:00+03:00,2026-03,EBM0326,2554.1818458238895,EPIAS_VEP:EBM0326,True,False,False
2026-03-01T20:00:00+00:00,2026-03-01T23:00:00+03:00,2026-03,EBM0326,2551.904026236846,EPIAS_VEP:EBM0326,True,False,False
2026-03-01T21:00:00+00:00,2026-03-02T00:00:00+03:00,2026-03,EBM0326,2549.9547928493216,EPIAS_VEP:EBM0326,True,False,False
2026-03-01T22:00:00+00:00,2026-03-02T01:00:00+03:00,2026-03,EBM0326,2548.3089571416554,EPIAS_VEP:EBM0326,True,False,False
2026-03-01T23:00:00+00:00,2026-03-02T02:00:00+03:00,2026-03,EBM0326,2546.9418268880663,EPIAS_VEP:EBM0326,True,False,False
2026-03-02T00:00:00+00:00,2026-03-02T03:00:00+03:00,2026-03,EBM0326,2545.8293707402245,EPIAS_VEP:EBM0326,True,False,False
2026-03-02T01:00:00+00:00,2026-03-02T04:00:00+03:00,2026-03,EBM0326,2544.948354940274,EPIAS_VEP:EBM0326,True,False,False
2026-03-02T02:00:00+00:00,2026-03-02T05:00:00+03:00,2026-03,EBM0326,2544.2764545664504,EPIAS_VEP:EBM0326,True,False,False
2026-03-02T03:00:00+00:00,2026-03-02T06:00:00+03:00,2026-03,EBM0326,2543.7923416346594,EPIAS_VEP:EBM0326,True,False,False
2026-03-02T04:00:00+00:00,2026-03-02T07:00:00+03:00,2026-03,EBM0326,2543.475752288516,EPIAS_VEP:EBM0326,True,False,False
2026-03-02T05:00:00+00:00,2026-03-02T08:00:00+03:00,2026-03,EBM0326,2543.3075352106375,EPIAS_VEP:EBM0326,True,False,False
2026-03-02T06:00:00+00:00,2026-03-02T09:00:00+03:00,2026-03,EBM0326,2543.2696832815755,EPIAS_VEP:EBM0326,True,False,False
2026-03-02T07:00:00+00:00,2026-03-02T10:00:00+03:00,2026-03,EBM0326,2543.3453504015274,EPIAS_VEP:EBM0326,True,False,False
2026-03-02T08:00:00+00:00,2026-03-02T11:00:00+03:00,2026-03,EBM0326,2543.5188552755267,EPIAS_VEP:EBM0326,True,False,False
2026-03-02T09:00:00+00:00,2026-03-02T12:00:00+03:00,2026-03,EBM0326,2543.775673846732,EPIAS_VEP:EBM0326,True,False,False
2026-03-02T10:00:00+00:00,2026-03-02T13:00:00+03:00,2026-03,EBM0326,2544.102421945939,EPIAS_VEP:EBM0326,True,False,False
2026-03-02T11:00:00+00:00,2026-03-02T14:00:00+03:00,2026-03,EBM0326,2544.486829609724,EPIAS_VEP:EBM0326,True,False,False
2026-03-02T12:00:00+00:00,2026-03-02T15:00:00+03:00,2026-03,EBM0326,2544.9177084056305,EPIAS_VEP:EBM0326,True,False,False
2026-03-02T13:00:00+00:00,2026-03-02T16:00:00+03:00,2026-03,EBM0326,2545.3849129914065,EPIAS_VEP:EBM0326,True,False,False
2026-03-02T14:00:00+00:00,2026-03-02T17:00:00+03:00,2026-03,EBM0326,2545.879298027125,EPIAS_VEP:EBM0326,True,False,False
2026-03-02T15:00:00+00:00,2026-03-02T18:00:00+03:00,2026-03,EBM0326,2546.392671454725,EPIAS_VEP:EBM0326,True,False,False
2026-03-02T16:00:00+00:00,2026-03-02T19:00:00+03:00,2026-03,EBM0326,2546.917745059507,EPIAS_VEP:EBM0326,True,False,False
2026-03-02T17:00:00+00:00,2026-03-02T20:00:00+03:00,2026-03,EBM0326,2547.4480831327896,EPIAS_VEP:EBM0326,True,False,False
2026-03-02T18:00:00+00:00,2026-03-02T21:00:00+03:00,2026-03,EBM0326,2547.978049964552,EPIAS_VEP:EBM0326,True,False,False
2026-03-02T19:00:00+00:00,2026-03-02T22:00:00+03:00,2026-03,EBM0326,2548.502756809626,EPIAS_VEP:EBM0326,True,False,False
2026-03-02T20:00:00+00:00,2026-03-02T23:00:00+03:00,2026-03,EBM0326,2549.018008891012,EPIAS_VEP:EBM0326,True,False,False
2026-03-02T21:00:00+00:00,2026-03-03T00:00:00+03:00,2026-03,EBM0326,2549.520252929194,EPIAS_VEP:EBM0326,True,False,False
2026-03-02T22:00:00+00:00,2026-03-03T01:00:00+03:00,2026-03,EBM0326,2550.0065256169323,EPIAS_VEP:EBM0326,True,False,False
2026-03-02T23:00:00+00:00,2026-03-03T02:00:00+03:00,2026-03,EBM0326,2550.474403394861,EPIAS_VEP:EBM0326,True,False,False
2026-03-03T00:00:00+00:00,2026-03-03T03:00:00+03:00,2026-03,EBM0326,2550.9219538242187,EPIAS_VEP:EBM0326,True,False,False
2026-03-03T01:00:00+00:00,2026-03-03T04:00:00+03:00,2026-03,EBM0326,2551.347688799068,EPIAS_VEP:EBM0326,True,False,False
2026-03-03T02:00:00+00:00,2026-03-03T05:00:00+03:00,2026-03,EBM0326,2551.750519791254,EPIAS_VEP:EBM0326,True,False,False
2026-03-03T03:00:00+00:00,2026-03-03T06:00:00+03:00,2026-03,EBM0326,2552.1297152769084,EPIAS_VEP:EBM0326,True,False,False
2026-03-03T04:00:00+00:00,2026-03-03T07:00:00+03:00,2026-03,EBM0326,2552.4848604533454,EPIAS_VEP:EBM0326,True,False,False
2026-03-03T05:00:00+00:00,2026-03-03T08:00:00+03:00,2026-03,EBM0326,2552.815819319519,EPIAS_VEP:EBM0326,True,False,False
2026-03-03T06:00:00+00:00,2026-03-03T09:00:00+03:00,2026-03,EBM0326,2553.1226991615013,EPIAS_VEP:EBM0326,True,False,False
2026-03-03T07:00:00+00:00,2026-03-03T10:00:00+03:00,2026-03,EBM0326,2553.4058174565967,EPIAS_VEP:EBM0326,True,False,False
2026-03-03T08:00:00+00:00,2026-03-03T11:00:00+03:00,2026-03,EBM0326,2553.665671185359,EPIAS_VEP:EBM0326,True,False,False
2026-03-03T09:00:00+00:00,2026-03-03T12:00:00+03:00,2026-03,EBM0326,2553.9029085197594,EPIAS_VEP:EBM0326,True,False,False
2026-03-03T10:00:00+00:00,2026-03-03T13:00:00+03:00,2026-03,EBM0326,2554.1183028378173,EPIAS_VEP:EBM0326,True,False,False
2026-03-03T11:00:00+00:00,2026-03-03T14:00:00+03:00,2026-03,EBM0326,2554.3127289998642,EPIAS_VEP:EBM0326,True,False,False
2026-03-03T12:00:00+00:00,2026-03-03T15:00:00+03:00,2026-03,EBM0326,2554.4871418091143,EPIAS_VEP:EBM0326,True,False,False
2026-03-03T13:00:00+00:00,2026-03-03T16:00:00+03:00,2026-03,EBM0326,2554.642556569045,EPIAS_VEP:EBM0326,True,False,False
2026-03-03T14:00:00+00:00,2026-03-03T17:00:00+03:00,2026-03,EBM0326,2554.78003164212,EPIAS_VEP:EBM0326,True,False,False
2026-03-03T15:00:00+00:00,2026-03-03T18:00:00+03:00,2026-03,EBM0326,2554.90065290831,EPIAS_VEP:EBM0326,True,False,False
2026-03-03T16:00:00+00:00,2026-03-03T19:00:00+03:00,2026-03,EBM0326,2555.0055200175866,EPIAS_VEP:EBM0326,True,False,False
2026-03-03T17:00:00+00:00,2026-03-03T20:00:00+03:00,2026-03,EBM0326,2555.0957343277964,EPIAS_VEP:EBM0326,True,False,False
2026-03-03T18:00:00+00:00,2026-03-03T21:00:00+03:00,2026-03,EBM0326,2555.1723884179482,EPIAS_VEP:EBM0326,True,False,False
2026-03-03T19:00:00+00:00,2026-03-03T22:00:00+03:00,2026-03,EBM0326,2555.2365570667844,EPIAS_VEP:EBM0326,True,False,False
2026-03-03T20:00:00+00:00,2026-03-03T23:00:00+03:00,2026-03,EBM0326,2555.2892895873674,EPIAS_VEP:EBM0326,True,False,False
2026-03-03T21:00:00+00:00,2026-03-04T00:00:00+03:00,2026-03,EBM0326,2555.3316034102204,EPIAS_VEP:EBM0326,True,False,False
2026-03-03T22:00:00+00:00,2026-03-04T01:00:00+03:00,2026-03,EBM0326,2555.3644788100723,EPIAS_VEP:EBM0326,True,False,False
2026-03-03T23:00:00+00:00,2026-03-04T02:00:00+03:00,2026-03,EBM0326,2555.388854674476,EPIAS_VEP:EBM0326,True,False,False
2026-03-04T00:00:00+00:00,2026-03-04T03:00:00+03:00,2026-03,EBM0326,2555.4056252162686,EPIAS_VEP:EBM0326,True,False,False
2026-03-04T01:00:00+00:00,2026-03-04T04:00:00+03:00,2026-03,EBM0326,2555.4156375359844,EPIAS_VEP:EBM0326,True,False,False
2026-03-04T02:00:00+00:00,2026-03-04T05:00:00+03:00,2026-03,EBM0326,2555.4196899448007,EPIAS_VEP:EBM0326,True,False,False
2026-03-04T03:00:00+00:00,2026-03-04T06:00:00+03:00,2026-03,EBM0326,2555.4185309633035,EPIAS_VEP:EBM0326,True,False,False
2026-03-04T04:00:00+00:00,2026-03-04T07:00:00+03:00,2026-03,EBM0326,2555.4128589162506,EPIAS_VEP:EBM0326,True,False,False
2026-03-04T05:00:00+00:00,2026-03-04T08:00:00+03:00,2026-03,EBM0326,2555.4033220484657,EPIAS_VEP:EBM0326,True,False,False
2026-03-04T06:00:00+00:00,2026-03-04T09:00:00+03:00,2026-03,EBM0326,2555.390519092047,EPIAS_VEP:EBM0326,True,False,False
2026-03-04T07:00:00+00:00,2026-03-04T10:00:00+03:00,2026-03,EBM0326,2555.3750002200513,EPIAS_VEP:EBM0326,True,False,False
2026-03-04T08:00:00+00:00,2026-03-04T11:00:00+03:00,2026-03,EBM0326,2555.357268326791,EPIAS_VEP:EBM0326,True,False,False
2026-03-04T09:00:00+00:00,2026-03-04T12:00:00+03:00,2026-03,EBM0326,2555.3377805797213,EPIAS_VEP:EBM0326,True,False,False
2026-03-04T10:00:00+00:00,2026-03-04T13:00:00+03:00,2026-03,EBM0326,2555.316950192628,EPIAS_VEP:EBM0326,True,False,False
2026-03-04T11:00:00+00:00,2026-03-04T14:00:00+03:00,2026-03,EBM0326,2555.295148374404,EPIAS_VEP:EBM0326,True,False,False
2026-03-04T12:00:00+00:00,2026-03-04T15:00:00+03:00,2026-03,EBM0326,2555.2727064120872,EPIAS_VEP:EBM0326,True,False,False
2026-03-04T13:00:00+00:00,2026-03-04T16:00:00+03:00,2026-03,EBM0326,2555.249917851045,EPIAS_VEP:EBM0326,True,False,False
2026-03-04T14:00:00+00:00,2026-03-04T17:00:00+03:00,2026-03,EBM0326,2555.227040739167,EPIAS_VEP:EBM0326,True,False,False
2026-03-04T15:00:00+00:00,2026-03-04T18:00:00+03:00,2026-03,EBM0326,2555.204299905723,EPIAS_VEP:EBM0326,True,False,False
2026-03-04T16:00:00+00:00,2026-03-04T19:00:00+03:00,2026-03,EBM0326,2555.1818892490755,EPIAS_VEP:EBM0326,True,False,False
2026-03-04T17:00:00+00:00,2026-03-04T20:00:00+03:00,2026-03,EBM0326,2555.159974010762,EPIAS_VEP:EBM0326,True,False,False
2026-03-04T18:00:00+00:00,2026-03-04T21:00:00+03:00,2026-03,EBM0326,2555.138693016562,EPIAS_VEP:EBM0326,True,False,False
2026-03-04T19:00:00+00:00,2026-03-04T22:00:00+03:00,2026-03,EBM0326,2555.1181608680145,EPIAS_VEP:EBM0326,True,False,False
2026-03-04T20:00:00+00:00,2026-03-04T23:00:00+03:00,2026-03,EBM0326,2555.098470070523,EPIAS_VEP:EBM0326,True,False,False
2026-03-04T21:00:00+00:00,2026-03-05T00:00:00+03:00,2026-03,EBM0326,2555.0796930865704,EPIAS_VEP:EBM0326,True,False,False
2026-03-04T22:00:00+00:00,2026-03-05T01:00:00+03:00,2026-03,EBM0326,2555.061884304797,EPIAS_VEP:EBM0326,True,False,False
2026-03-04T23:00:00+00:00,2026-03-05T02:00:00+03:00,2026-03,EBM0326,2555.0450819176976,EPIAS_VEP:EBM0326,True,False,False
2026-03-05T00:00:00+00:00,2026-03-05T03:00:00+03:00,2026-03,EBM0326,2555.029309702501,EPIAS_VEP:EBM0326,True,False,False
2026-03-05T01:00:00+00:00,2026-03-05T04:00:00+03:00,2026-03,EBM0326,2555.014578701407,EPIAS_VEP:EBM0326,True,False,False
2026-03-05T02:00:00+00:00,2026-03-05T05:00:00+03:00,2026-03,EBM0326,2555.000888798814,EPIAS_VEP:EBM0326,True,False,False
2026-03-05T03:00:00+00:00,2026-03-05T06:00:00+03:00,2026-03,EBM0326,2554.9882301944112,EPIAS_VEP:EBM0326,True,False,False
2026-03-05T04:00:00+00:00,2026-03-05T07:00:00+03:00,2026-03,EBM0326,2554.976584772174,EPIAS_VEP:EBM0326,True,False,False
2026-03-05T05:00:00+00:00,2026-03-05T08:00:00+03:00,2026-03,EBM0326,2554.9659273662237,EPIAS_VEP:EBM0326,True,False,False
2026-03-05T06:00:00+00:00,2026-03-05T09:00:00+03:00,2026-03,EBM0326,2554.9562269253693,EPIAS_VEP:EBM0326,True,False,False
2026-03-05T07:00:00+00:00,2026-03-05T10:00:00+03:00,2026-03,EBM0326,2554.9474475788493,EPIAS_VEP:EBM0326,True,False,False
2026-03-05T08:00:00+00:00,2026-03-05T11:00:00+03:00,2026-03,EBM0326,2554.939549606373,EPIAS_VEP:EBM0326,True,False,False
2026-03-05T09:00:00+00:00,2026-03-05T12:00:00+03:00,2026-03,EBM0326,2554.932490316058,EPIAS_VEP:EBM0326,True,False,False
2026-03-05T10:00:00+00:00,2026-03-05T13:00:00+03:00,2026-03,EBM0326,2554.9262248342284,EPIAS_VEP:EBM0326,True,False,False
2026-03-05T11:00:00+00:00,2026-03-05T14:00:00+03:00,2026-03,EBM0326,2554.9207068113387,EPIAS_VEP:EBM0326,True,False,False
2026-03-05T12:00:00+00:00,2026-03-05T15:00:00+03:00,2026-03,EBM0326,2554.915889048526,EPIAS_VEP:EBM0326,True,False,False
2026-03-05T13:00:00+00:00,2026-03-05T16:00:00+03:00,2026-03,EBM0326,2554.9117240494106,EPIAS_VEP:EBM0326,True,False,False
2026-03-05T14:00:00+00:00,2026-03-05T17:00:00+03:00,2026-03,EBM0326,2554.9081645018737,EPIAS_VEP:EBM0326,True,False,False
2026-03-05T15:00:00+00:00,2026-03-05T18:00:00+03:00,2026-03,EBM0326,2554.9051636945583,EPIAS_VEP:EBM0326,True,False,False
2026-03-05T16:00:00+00:00,2026-03-05T19:00:00+03:00,2026-03,EBM0326,2554.9026758728196,EPIAS_VEP:EBM0326,True,False,False
2026-03-05T17:00:00+00:00,2026-03-05T20:00:00+03:00,2026-03,EBM0326,2554.9006565388113,EPIAS_VEP:EBM0326,True,False,False
2026-03-05T18:00:00+00:00,2026-03-05T21:00:00+03:00,2026-03,EBM0326,2554.8990627002636,EPIAS_VEP:EBM0326,True,False,False
2026-03-05T19:00:00+00:00,2026-03-05T22:00:00+03:00,2026-03,EBM0326,2554.897853072419,EPIAS_VEP:EBM0326,True,False,False
2026-03-05T20:00:00+00:00,2026-03-05T23:00:00+03:00,2026-03,EBM0326,2554.896988237414,EPIAS_VEP:EBM0326,True,False,False
2026-03-05T21:00:00+00:00,2026-03-06T00:00:00+03:00,2026-03,EBM0326,2554.8964307652413,EPIAS_VEP:EBM0326,True,False,False
2026-03-05T22:00:00+00:00,2026-03-06T01:00:00+03:00,2026-03,EBM0326,2554.8961453002353,EPIAS_VEP:EBM0326,True,False,False
2026-03-05T23:00:00+00:00,2026-03-06T02:00:00+03:00,2026-03,EBM0326,2554.89609861682,EPIAS_VEP:EBM0326,True,False,False
2026-03-06T00:00:00+00:00,2026-03-06T03:00:00+03:00,2026-03,EBM0326,2554.896259648054,EPIAS_VEP:EBM0326,True,False,False
2026-03-06T01:00:00+00:00,2026-03-06T04:00:00+03:00,2026-03,EBM0326,2554.8965994902974,EPIAS_VEP:EBM0326,True,False,False
2026-03-06T02:00:00+00:00,2026-03-06T05:00:00+03:00,2026-03,EBM0326,2554.897091387108,EPIAS_VEP:EBM0326,True,False,False
2026-03-06T03:00:00+00:00,2026-03-06T06:00:00+03:00,2026-03,EBM0326,2554.897710695262,EPIAS_VEP:EBM0326,True,False,False
2026-03-06T04:00:00+00:00,2026-03-06T07:00:00+03:00,2026-03,EBM0326,2554.8984348355602,EPIAS_VEP:EBM0326,True,False,False
2026-03-06T05:00:00+00:00,2026-03-06T08:00:00+03:00,2026-03,EBM0326,2554.8992432308996,EPIAS_VEP:EBM0326,True,False,False
2026-03-06T06:00:00+00:00,2026-03-06T09:00:00+03:00,2026-03,EBM0326,2554.9001172338594,EPIAS_VEP:EBM0326,True,False,False
2026-03-06T07:00:00+00:00,2026-03-06T10:00:00+03:00,2026-03,EBM0326,2554.90104004586,EPIAS_VEP:EBM0326,True,False,False
2026-03-06T08:00:00+00:00,2026-03-06T11:00:00+03:00,2026-03,EBM0326,2554.901996629764,EPIAS_VEP:EBM0326,True,False,False
2026-03-06T09:00:00+00:00,2026-03-06T12:00:00+03:00,2026-03,EBM0326,2554.9029736175935,EPIAS_VEP:EBM0326,True,False,False
2026-03-06T10:00:00+00:00,2026-03-06T13:00:00+03:00,2026-03,EBM0326,2554.9039592148715,EPIAS_VEP:EBM0326,True,False,False
2026-03-06T11:00:00+00:00,2026-03-06T14:00:00+03:00,2026-03,EBM0326,2554.9049431029257,EPIAS_VEP:EBM0326,True,False,False
2026-03-06T12:00:00+00:00,2026-03-06T15:00:00+03:00,2026-03,EBM0326,2554.9059163403276,EPIAS_VEP:EBM0326,True,False,False
2026-03-06T13:00:00+00:00,2026-03-06T16:00:00+03:00,2026-03,EBM0326,2554.906871264501,EPIAS_VEP:EBM0326,True,False,False
2026-03-06T14:00:00+00:00,2026-03-06T17:00:00+03:00,2026-03,EBM0326,2554.907801394403,EPIAS_VEP:EBM0326,True,False,False
2026-03-06T15:00:00+00:00,2026-03-06T18:00:00+03:00,2026-03,EBM0326,2554.908701335027,EPIAS_VEP:EBM0326,True,False,False
2026-03-06T16:00:00+00:00,2026-03-06T19:00:00+03:00,2026-03,EBM0326,2554.9095666843937,EPIAS_VEP:EBM0326,True,False,False
2026-03-06T17:00:00+00:00,2026-03-06T20:00:00+03:00,2026-03,EBM0326,2554.9103939435527,EPIAS_VEP:EBM0326,True,False,False
2026-03-06T18:00:00+00:00,2026-03-06T21:00:00+03:00,2026-03,EBM0326,2554.9111804300496,EPIAS_VEP:EBM0326,True,False,False
2026-03-06T19:00:00+00:00,2026-03-06T22:00:00+03:00,2026-03,EBM0326,2554.9119241952017,EPIAS_VEP:EBM0326,True,False,False
2026-03-06T20:00:00+00:00,2026-03-06T23:00:00+03:00,2026-03,EBM0326,2554.9126239454467,EPIAS_VEP:EBM0326,True,False,False
2026-03-06T21:00:00+00:00,2026-03-07T00:00:00+03:00,2026-03,EBM0326,2554.913278967968,EPIAS_VEP:EBM0326,True,False,False
2026-03-06T22:00:00+00:00,2026-03-07T01:00:00+03:00,2026-03,EBM0326,2554.9138890607187,EPIAS_VEP:EBM0326,True,False,False
2026-03-06T23:00:00+00:00,2026-03-07T02:00:00+03:00,2026-03,EBM0326,2554.914454466921,EPIAS_VEP:EBM0326,True,False,False
2026-03-07T00:00:00+00:00,2026-03-07T03:00:00+03:00,2026-03,EBM0326,2554.9149758140547,EPIAS_VEP:EBM0326,True,False,False
2026-03-07T01:00:00+00:00,2026-03-07T04:00:00+03:00,2026-03,EBM0326,2554.9154540573168,EPIAS_VEP:EBM0326,True,False,False
2026-03-07T02:00:00+00:00,2026-03-07T05:00:00+03:00,2026-03,EBM0326,2554.9158904274886,EPIAS_VEP:EBM0326,True,False,False
2026-03-07T03:00:00+00:00,2026-03-07T06:00:00+03:00,2026-03,EBM0326,2554.916286383111,EPIAS_VEP:EBM0326,True,False,False
2026-03-07T04:00:00+00:00,2026-03-07T07:00:00+03:00,2026-03,EBM0326,2554.916643566848,EPIAS_VEP:EBM0326,True,False,False
2026-03-07T05:00:00+00:00,2026-03-07T08:00:00+03:00,2026-03,EBM0326,2554.9169637658883,EPIAS_VEP:EBM0326,True,False,False
2026-03-07T06:00:00+00:00,2026-03-07T09:00:00+03:00,2026-03,EBM0326,2554.9172488762288,EPIAS_VEP:EBM0326,True,False,False
2026-03-07T07:00:00+00:00,2026-03-07T10:00:00+03:00,2026-03,EBM0326,2554.917500870656,EPIAS_VEP:EBM0326,True,False,False
2026-03-07T08:00:00+00:00,2026-03-07T11:00:00+03:00,2026-03,EBM0326,2554.917721770235,EPIAS_VEP:EBM0326,True,False,False
2026-03-07T09:00:00+00:00,2026-03-07T12:00:00+03:00,2026-03,EBM0326,2554.917913619106,EPIAS_VEP:EBM0326,True,False,False
2026-03-07T10:00:00+00:00,2026-03-07T13:00:00+03:00,2026-03,EBM0326,2554.9180784623973,EPIAS_VEP:EBM0326,True,False,False
2026-03-07T11:00:00+00:00,2026-03-07T14:00:00+03:00,2026-03,EBM0326,2554.918218327039,EPIAS_VEP:EBM0326,True,False,False
2026-03-07T12:00:00+00:00,2026-03-07T15:00:00+03:00,2026-03,EBM0326,2554.9183352052805,EPIAS_VEP:EBM0326,True,False,False
2026-03-07T13:00:00+00:00,2026-03-07T16:00:00+03:00,2026-03,EBM0326,2554.9184310407036,EPIAS_VEP:EBM0326,True,False,False
2026-03-07T14:00:00+00:00,2026-03-07T17:00:00+03:00,2026-03,EBM0326,2554.9185077165344,EPIAS_VEP:EBM0326,True,False,False
2026-03-07T15:00:00+00:00,2026-03-07T18:00:00+03:00,2026-03,EBM0326,2554.91856704606,EPIAS_VEP:EBM0326,True,False,False
2026-03-07T16:00:00+00:00,2026-03-07T19:00:00+03:00,2026-03,EBM0326,2554.9186107649625,EPIAS_VEP:EBM0326,True,False,False
2026-03-07T17:00:00+00:00,2026-03-07T20:00:00+03:00,2026-03,EBM0326,2554.918640525383,EPIAS_VEP:EBM0326,True,False,False
2026-03-07T18:00:00+00:00,2026-03-07T21:00:00+03:00,2026-03,EBM0326,2554.918657891553,EPIAS_VEP:EBM0326,True,False,False
2026-03-07T19:00:00+00:00,2026-03-07T22:00:00+03:00,2026-03,EBM0326,2554.9186643368134,EPIAS_VEP:EBM0326,True,False,False
2026-03-07T20:00:00+00:00,2026-03-07T23:00:00+03:00,2026-03,EBM0326,2554.9186612418835,EPIAS_VEP:EBM0326,True,False,False
2026-03-07T21:00:00+00:00,2026-03-08T00:00:00+03:00,2026-03,EBM0326,2554.9186498942126,EPIAS_VEP:EBM0326,True,False,False
2026-03-07T22:00:00+00:00,2026-03-08T01:00:00+03:00,2026-03,EBM0326,2554.9186314882936,EPIAS_VEP:EBM0326,True,False,False
2026-03-07T23:00:00+00:00,2026-03-08T02:00:00+03:00,2026-03,EBM0326,2554.918607126794,EPIAS_VEP:EBM0326,True,False,False
2026-03-08T00:00:00+00:00,2026-03-08T03:00:00+03:00,2026-03,EBM0326,2554.9185778223973,EPIAS_VEP:EBM0326,True,False,False
2026-03-08T01:00:00+00:00,2026-03-08T04:00:00+03:00,2026-03,EBM0326,2554.918544500238,EPIAS_VEP:EBM0326,True,False,False
2026-03-08T02:00:00+00:00,2026-03-08T05:00:00+03:00,2026-03,EBM0326,2554.9185080008338,EPIAS_VEP:EBM0326,True,False,False
2026-03-08T03:00:00+00:00,2026-03-08T06:00:00+03:00,2026-03,EBM0326,2554.9184690834168,EPIAS_VEP:EBM0326,True,False,False
2026-03-08T04:00:00+00:00,2026-03-08T07:00:00+03:00,2026-03,EBM0326,2554.918428429584,EPIAS_VEP:EBM0326,True,False,False
2026-03-08T05:00:00+00:00,2026-03-08T08:00:00+03:00,2026-03,EBM0326,2554.91838664719,EPIAS_VEP:EBM0326,True,False,False
2026-03-08T06:00:00+00:00,2026-03-08T09:00:00+03:00,2026-03,EBM0326,2554.918344274412,EPIAS_VEP:EBM0326,True,False,False
2026-03-08T07:00:00+00:00,2026-03-08T10:00:00+03:00,2026-03,EBM0326,2554.918301783927,EPIAS_VEP:EBM0326,True,False,False
2026-03-08T08:00:00+00:00,2026-03-08T11:00:00+03:00,2026-03,EBM0326,2554.918259587147,EPIAS_VEP:EBM0326,True,False,False
2026-03-08T09:00:00+00:00,2026-03-08T12:00:00+03:00,2026-03,EBM0326,2554.9182180384732,EPIAS_VEP:EBM0326,True,False,False
2026-03-08T10:00:00+00:00,2026-03-08T13:00:00+03:00,2026-03,EBM0326,2554.91817743951,EPIAS_VEP:EBM0326,True,False,False
2026-03-08T11:00:00+00:00,2026-03-08T14:00:00+03:00,2026-03,EBM0326,2554.918138043225,EPIAS_VEP:EBM0326,True,False,False
2026-03-08T12:00:00+00:00,2026-03-08T15:00:00+03:00,2026-03,EBM0326,2554.918100058007,EPIAS_VEP:EBM0326,True,False,False
2026-03-08T13:00:00+00:00,2026-03-08T16:00:00+03:00,2026-03,EBM0326,2554.9180636516035,EPIAS_VEP:EBM0326,True,False,False
2026-03-08T14:00:00+00:00,2026-03-08T17:00:00+03:00,2026-03,EBM0326,2554.9180289549236,EPIAS_VEP:EBM0326,True,False,False
2026-03-08T15:00:00+00:00,2026-03-08T18:00:00+03:00,2026-03,EBM0326,2554.9179960656766,EPIAS_VEP:EBM0326,True,False,False
2026-03-08T16:00:00+00:00,2026-03-08T19:00:00+03:00,2026-03,EBM0326,2554.917965051843,EPIAS_VEP:EBM0326,True,False,False
2026-03-08T17:00:00+00:00,2026-03-08T20:00:00+03:00,2026-03,EBM0326,2554.917935954963,EPIAS_VEP:EBM0326,True,False,False
2026-03-08T18:00:00+00:00,2026-03-08T21:00:00+03:00,2026-03,EBM0326,2554.9179087932353,EPIAS_VEP:EBM0326,True,False,False
2026-03-08T19:00:00+00:00,2026-03-08T22:00:00+03:00,2026-03,EBM0326,2554.917883564426,EPIAS_VEP:EBM0326,True,False,False
2026-03-08T20:00:00+00:00,2026-03-08T23:00:00+03:00,2026-03,EBM0326,2554.917860248589,EPIAS_VEP:EBM0326,True,False,False
2026-03-08T21:00:00+00:00,2026-03-09T00:00:00+03:00,2026-03,EBM0326,2554.917838810585,EPIAS_VEP:EBM0326,True,False,False
2026-03-08T22:00:00+00:00,2026-03-09T01:00:00+03:00,2026-03,EBM0326,2554.917819202416,EPIAS_VEP:EBM0326,True,False,False
2026-03-08T23:00:00+00:00,2026-03-09T02:00:00+03:00,2026-03,EBM0326,2554.917801365366,EPIAS_VEP:EBM0326,True,False,False
2026-03-09T00:00:00+00:00,2026-03-09T03:00:00+03:00,2026-03,EBM0326,2554.9177852319635,EPIAS_VEP:EBM0326,True,False,False
2026-03-09T01:00:00+00:00,2026-03-09T04:00:00+03:00,2026-03,EBM0326,2554.917770727767,EPIAS_VEP:EBM0326,True,False,False
2026-03-09T02:00:00+00:00,2026-03-09T05:00:00+03:00,2026-03,EBM0326,2554.917757772978,EPIAS_VEP:EBM0326,True,False,False
2026-03-09T03:00:00+00:00,2026-03-09T06:00:00+03:00,2026-03,EBM0326,2554.917746283887,EPIAS_VEP:EBM0326,True,False,False
2026-03-09T04:00:00+00:00,2026-03-09T07:00:00+03:00,2026-03,EBM0326,2554.9177361741745,EPIAS_VEP:EBM0326,True,False,False
2026-03-09T05:00:00+00:00,2026-03-09T08:00:00+03:00,2026-03,EBM0326,2554.9177273560545,EPIAS_VEP:EBM0326,True,False,False
2026-03-09T06:00:00+00:00,2026-03-09T09:00:00+03:00,2026-03,EBM0326,2554.9177197412896,EPIAS_VEP:EBM0326,True,False,False
2026-03-09T07:00:00+00:00,2026-03-09T10:00:00+03:00,2026-03,EBM0326,2554.917713242072,EPIAS_VEP:EBM0326,True,False,False
2026-03-09T08:00:00+00:00,2026-03-09T11:00:00+03:00,2026-03,EBM0326,2554.9177077717836,EPIAS_VEP:EBM0326,True,False,False
2026-03-09T09:00:00+00:00,2026-03-09T12:00:00+03:00,2026-03,EBM0326,2554.9177032456487,EPIAS_VEP:EBM0326,True,False,False
2026-03-09T10:00:00+00:00,2026-03-09T13:00:00+03:00,2026-03,EBM0326,2554.917699581279,EPIAS_VEP:EBM0326,True,False,False
2026-03-09T11:00:00+00:00,2026-03-09T14:00:00+03:00,2026-03,EBM0326,2554.9176966991254,EPIAS_VEP:EBM0326,True,False,False
2026-03-09T12:00:00+00:00,2026-03-09T15:00:00+03:00,2026-03,EBM0326,2554.9176945228455,EPIAS_VEP:EBM0326,True,False,False
2026-03-09T13:00:00+00:00,2026-03-09T16:00:00+03:00,2026-03,EBM0326,2554.917692979592,EPIAS_VEP:EBM0326,True,False,False
2026-03-09T14:00:00+00:00,2026-03-09T17:00:00+03:00,2026-03,EBM0326,2554.917692000232,EPIAS_VEP:EBM0326,True,False,False
2026-03-09T15:00:00+00:00,2026-03-09T18:00:00+03:00,2026-03,EBM0326,2554.9176915194976,EPIAS_VEP:EBM0326,True,False,False
2026-03-09T16:00:00+00:00,2026-03-09T19:00:00+03:00,2026-03,EBM0326,2554.9176914760865,EPIAS_VEP:EBM0326,True,False,False
2026-03-09T17:00:00+00:00,2026-03-09T20:00:00+03:00,2026-03,EBM0326,2554.917691812709,EPIAS_VEP:EBM0326,True,False,False
2026-03-09T18:00:00+00:00,2026-03-09T21:00:00+03:00,2026-03,EBM0326,2554.9176924760927,EPIAS_VEP:EBM0326,True,False,False
2026-03-09T19:00:00+00:00,2026-03-09T22:00:00+03:00,2026-03,EBM0326,2554.917693416949,EPIAS_VEP:EBM0326,True,False,False
2026-03-09T20:00:00+00:00,2026-03-09T23:00:00+03:00,2026-03,EBM0326,2554.9176945899076,EPIAS_VEP:EBM0326,True,False,False
2026-03-09T21:00:00+00:00,2026-03-10T00:00:00+03:00,2026-03,EBM0326,2554.917695953419,EPIAS_VEP:EBM0326,True,False,False
2026-03-09T22:00:00+00:00,2026-03-10T01:00:00+03:00,2026-03,EBM0326,2554.9176974696384,EPIAS_VEP:EBM0326,True,False,False
2026-03-09T23:00:00+00:00,2026-03-10T02:00:00+03:00,2026-03,EBM0326,2554.9176991042928,EPIAS_VEP:EBM0326,True,False,False
2026-03-10T00:00:00+00:00,2026-03-10T03:00:00+03:00,2026-03,EBM0326,2554.9177008265265,EPIAS_VEP:EBM0326,True,False,False
2026-03-10T01:00:00+00:00,2026-03-10T04:00:00+03:00,2026-03,EBM0326,2554.917702608738,EPIAS_VEP:EBM0326,True,False,False
2026-03-10T02:00:00+00:00,2026-03-10T05:00:00+03:00,2026-03,EBM0326,2554.9177044264093,EPIAS_VEP:EBM0326,True,False,False
2026-03-10T03:00:00+00:00,2026-03-10T06:00:00+03:00,2026-03,EBM0326,2554.917706257925,EPIAS_VEP:EBM0326,True,False,False
2026-03-10T04:00:00+00:00,2026-03-10T07:00:00+03:00,2026-03,EBM0326,2554.9177080843942,EPIAS_VEP:EBM0326,True,False,False
2026-03-10T05:00:00+00:00,2026-03-10T08:00:00+03:00,2026-03,EBM0326,2554.917709889466,EPIAS_VEP:EBM0326,True,False,False
2026-03-10T06:00:00+00:00,2026-03-10T09:00:00+03:00,2026-03,EBM0326,2554.9177116591463,EPIAS_VEP:EBM0326,True,False,False
2026-03-10T07:00:00+00:00,2026-03-10T10:00:00+03:00,2026-03,EBM0326,2554.9177133816156,EPIAS_VEP:EBM0326,True,False,False
2026-03-10T08:00:00+00:00,2026-03-10T11:00:00+03:00,2026-03,EBM0326,2554.917715047053,EPIAS_VEP:EBM0326,True,False,False
2026-03-10T09:00:00+00:00,2026-03-10T12:00:00+03:00,2026-03,EBM0326,2554.917716647467,EPIAS_VEP:EBM0326,True,False,False
2026-03-10T10:00:00+00:00,2026-03-10T13:00:00+03:00,2026-03,EBM0326,2554.917718176523,EPIAS_VEP:EBM0326,True,False,False
2026-03-10T11:00:00+00:00,2026-03-10T14:00:00+03:00,2026-03,EBM0326,2554.9177196293904,EPIAS_VEP:EBM0326,True,False,False
2026-03-10T12:00:00+00:00,2026-03-10T15:00:00+03:00,2026-03,EBM0326,2554.917721002584,EPIAS_VEP:EBM0326,True,False,False
2026-03-10T13:00:00+00:00,2026-03-10T16:00:00+03:00,2026-03,EBM0326,2554.9177222938233,EPIAS_VEP:EBM0326,True,False,False
2026-03-10T14:00:00+00:00,2026-03-10T17:00:00+03:00,2026-03,EBM0326,2554.917723501889,EPIAS_VEP:EBM0326,True,False,False
2026-03-10T15:00:00+00:00,2026-03-10T18:00:00+03:00,2026-03,EBM0326,2554.9177246265,EPIAS_VEP:EBM0326,True,False,False
2026-03-10T16:00:00+00:00,2026-03-10T19:00:00+03:00,2026-03,EBM0326,2554.9177256681887,EPIAS_VEP:EBM0326,True,False,False
2026-03-10T17:00:00+00:00,2026-03-10T20:00:00+03:00,2026-03,EBM0326,2554.91772662819,EPIAS_VEP:EBM0326,True,False,False
2026-03-10T18:00:00+00:00,2026-03-10T21:00:00+03:00,2026-03,EBM0326,2554.9177275083352,EPIAS_VEP:EBM0326,True,False,False
2026-03-10T19:00:00+00:00,2026-03-10T22:00:00+03:00,2026-03,EBM0326,2554.9177283109593,EPIAS_VEP:EBM0326,True,False,False
2026-03-10T20:00:00+00:00,2026-03-10T23:00:00+03:00,2026-03,EBM0326,2554.91772903881,EPIAS_VEP:EBM0326,True,False,False
2026-03-10T21:00:00+00:00,2026-03-11T00:00:00+03:00,2026-03,EBM0326,2554.9177296949706,EPIAS_VEP:EBM0326,True,False,False
2026-03-10T22:00:00+00:00,2026-03-11T01:00:00+03:00,2026-03,EBM0326,2554.9177302827834,EPIAS_VEP:EBM0326,True,False,False
2026-03-10T23:00:00+00:00,2026-03-11T02:00:00+03:00,2026-03,EBM0326,2554.9177308057874,EPIAS_VEP:EBM0326,True,False,False
2026-03-11T00:00:00+00:00,2026-03-11T03:00:00+03:00,2026-03,EBM0326,2554.9177312676593,EPIAS_VEP:EBM0326,True,False,False
2026-03-11T01:00:00+00:00,2026-03-11T04:00:00+03:00,2026-03,EBM0326,2554.9177316721593,EPIAS_VEP:EBM0326,True,False,False
2026-03-11T02:00:00+00:00,2026-03-11T05:00:00+03:00,2026-03,EBM0326,2554.917732023089,EPIAS_VEP:EBM0326,True,False,False
2026-03-11T03:00:00+00:00,2026-03-11T06:00:00+03:00,2026-03,EBM0326,2554.9177323242457,EPIAS_VEP:EBM0326,True,False,False
2026-03-11T04:00:00+00:00,2026-03-11T07:00:00+03:00,2026-03,EBM0326,2554.917732579391,EPIAS_VEP:EBM0326,True,False,False
2026-03-11T05:00:00+00:00,2026-03-11T08:00:00+03:00,2026-03,EBM0326,2554.91773279222,EPIAS_VEP:EBM0326,True,False,False
2026-03-11T06:00:00+00:00,2026-03-11T09:00:00+03:00,2026-03,EBM0326,2554.9177329663303,EPIAS_VEP:EBM0326,True,False,False
2026-03-11T07:00:00+00:00,2026-03-11T10:00:00+03:00,2026-03,EBM0326,2554.917733105208,EPIAS_VEP:EBM0326,True,False,False
2026-03-11T08:00:00+00:00,2026-03-11T11:00:00+03:00,2026-03,EBM0326,2554.917733212206,EPIAS_VEP:EBM0326,True,False,False
2026-03-11T09:00:00+00:00,2026-03-11T12:00:00+03:00,2026-03,EBM0326,2554.9177332905324,EPIAS_VEP:EBM0326,True,False,False
2026-03-11T10:00:00+00:00,2026-03-11T13:00:00+03:00,2026-03,EBM0326,2554.917733343239,EPIAS_VEP:EBM0326,True,False,False
2026-03-11T11:00:00+00:00,2026-03-11T14:00:00+03:00,2026-03,EBM0326,2554.917733373214,EPIAS_VEP:EBM0326,True,False,False
2026-03-11T12:00:00+00:00,2026-03-11T15:00:00+03:00,2026-03,EBM0326,2554.9177333831767,EPIAS_VEP:EBM0326,True,False,False
2026-03-11T13:00:00+00:00,2026-03-11T16:00:00+03:00,2026-03,EBM0326,2554.9177333756734,EPIAS_VEP:EBM0326,True,False,False
2026-03-11T14:00:00+00:00,2026-03-11T17:00:00+03:00,2026-03,EBM0326,2554.917733353077,EPIAS_VEP:EBM0326,True,False,False
2026-03-11T15:00:00+00:00,2026-03-11T18:00:00+03:00,2026-03,EBM0326,2554.9177333175885,EPIAS_VEP:EBM0326,True,False,False
2026-03-11T16:00:00+00:00,2026-03-11T19:00:00+03:00,2026-03,EBM0326,2554.9177332712397,EPIAS_VEP:EBM0326,True,False,False
2026-03-11T17:00:00+00:00,2026-03-11T20:00:00+03:00,2026-03,EBM0326,2554.9177332158947,EPIAS_VEP:EBM0326,True,False,False
2026-03-11T18:00:00+00:00,2026-03-11T21:00:00+03:00,2026-03,EBM0326,2554.917733153254,EPIAS_VEP:EBM0326,True,False,False
2026-03-11T19:00:00+00:00,2026-03-11T22:00:00+03:00,2026-03,EBM0326,2554.9177330848647,EPIAS_VEP:EBM0326,True,False,False
2026-03-11T20:00:00+00:00,2026-03-11T23:00:00+03:00,2026-03,EBM0326,2554.917733012122,EPIAS_VEP:EBM0326,True,False,False
2026-03-11T21:00:00+00:00,2026-03-12T00:00:00+03:00,2026-03,EBM0326,2554.9177329362797,EPIAS_VEP:EBM0326,True,False,False
2026-03-11T22:00:00+00:00,2026-03-12T01:00:00+03:00,2026-03,EBM0326,2554.9177328584533,EPIAS_VEP:EBM0326,True,False,False
2026-03-11T23:00:00+00:00,2026-03-12T02:00:00+03:00,2026-03,EBM0326,2554.91773277963,EPIAS_VEP:EBM0326,True,False,False
2026-03-12T00:00:00+00:00,2026-03-12T03:00:00+03:00,2026-03,EBM0326,2554.9177327006764,EPIAS_VEP:EBM0326,True,False,False
2026-03-12T01:00:00+00:00,2026-03-12T04:00:00+03:00,2026-03,EBM0326,2554.9177326223453,EPIAS_VEP:EBM0326,True,False,False
2026-03-12T02:00:00+00:00,2026-03-12T05:00:00+03:00,2026-03,EBM0326,2554.9177325452843,EPIAS_VEP:EBM0326,True,False,False
2026-03-12T03:00:00+00:00,2026-03-12T06:00:00+03:00,2026-03,EBM0326,2554.917732470044,EPIAS_VEP:EBM0326,True,False,False
2026-03-12T04:00:00+00:00,2026-03-12T07:00:00+03:00,2026-03,EBM0326,2554.9177323970866,EPIAS_VEP:EBM0326,True,False,False
2026-03-12T05:00:00+00:00,2026-03-12T08:00:00+03:00,2026-03,EBM0326,2554.917732326791,EPIAS_VEP:EBM0326,True,False,False
2026-03-12T06:00:00+00:00,2026-03-12T09:00:00+03:00,2026-03,EBM0326,2554.9177322594605,EPIAS_VEP:EBM0326,True,False,False
2026-03-12T07:00:00+00:00,2026-03-12T10:00:00+03:00,2026-03,EBM0326,2554.917732195332,EPIAS_VEP:EBM0326,True,False,False
2026-03-12T08:00:00+00:00,2026-03-12T11:00:00+03:00,2026-03,EBM0326,2554.9177321345787,EPIAS_VEP:EBM0326,True,False,False
2026-03-12T09:00:00+00:00,2026-03-12T12:00:00+03:00,2026-03,EBM0326,2554.917732077319,EPIAS_VEP:EBM0326,True,False,False
2026-03-12T10:00:00+00:00,2026-03-12T13:00:00+03:00,2026-03,EBM0326,2554.9177320236236,EPIAS_VEP:EBM0326,True,False,False
2026-03-12T11:00:00+00:00,2026-03-12T14:00:00+03:00,2026-03,EBM0326,2554.917731973523,EPIAS_VEP:EBM0326,True,False,False
2026-03-12T12:00:00+00:00,2026-03-12T15:00:00+03:00,2026-03,EBM0326,2554.917731927012,EPIAS_VEP:EBM0326,True,False,False
2026-03-12T13:00:00+00:00,2026-03-12T16:00:00+03:00,2026-03,EBM0326,2554.9177318840516,EPIAS_VEP:EBM0326,True,False,False
2026-03-12T14:00:00+00:00,2026-03-12T17:00:00+03:00,2026-03,EBM0326,2554.9177318445745,EPIAS_VEP:EBM0326,True,False,False
2026-03-12T15:00:00+00:00,2026-03-12T18:00:00+03:00,2026-03,EBM0326,2554.9177318084903,EPIAS_VEP:EBM0326,True,False,False
2026-03-12T16:00:00+00:00,2026-03-12T19:00:00+03:00,2026-03,EBM0326,2554.9177317756894,EPIAS_VEP:EBM0326,True,False,False
2026-03-12T17:00:00+00:00,2026-03-12T20:00:00+03:00,2026-03,EBM0326,2554.9177317460444,EPIAS_VEP:EBM0326,True,False,False
2026-03-12T18:00:00+00:00,2026-03-12T21:00:00+03:00,2026-03,EBM0326,2554.9177317194158,EPIAS_VEP:EBM0326,True,False,False
2026-03-12T19:00:00+00:00,2026-03-12T22:00:00+03:00,2026-03,EBM0326,2554.917731695654,EPIAS_VEP:EBM0326,True,False,False
2026-03-12T20:00:00+00:00,2026-03-12T23:00:00+03:00,2026-03,EBM0326,2554.917731674602,EPIAS_VEP:EBM0326,True,False,False
2026-03-12T21:00:00+00:00,2026-03-13T00:00:00+03:00,2026-03,EBM0326,2554.9177316560963,EPIAS_VEP:EBM0326,True,False,False
2026-03-12T22:00:00+00:00,2026-03-13T01:00:00+03:00,2026-03,EBM0326,2554.9177316399746,EPIAS_VEP:EBM0326,True,False,False
2026-03-12T23:00:00+00:00,2026-03-13T02:00:00+03:00,2026-03,EBM0326,2554.9177316260707,EPIAS_VEP:EBM0326,True,False,False
2026-03-13T00:00:00+00:00,2026-03-13T03:00:00+03:00,2026-03,EBM0326,2554.9177316142204,EPIAS_VEP:EBM0326,True,False,False
2026-03-13T01:00:00+00:00,2026-03-13T04:00:00+03:00,2026-03,EBM0326,2554.917731604262,EPIAS_VEP:EBM0326,True,False,False
2026-03-13T02:00:00+00:00,2026-03-13T05:00:00+03:00,2026-03,EBM0326,2554.9177315960374,EPIAS_VEP:EBM0326,True,False,False
2026-03-13T03:00:00+00:00,2026-03-13T06:00:00+03:00,2026-03,EBM0326,2554.917731589392,EPIAS_VEP:EBM0326,True,False,False
2026-03-13T04:00:00+00:00,2026-03-13T07:00:00+03:00,2026-03,EBM0326,2554.9177315841785,EPIAS_VEP:EBM0326,True,False,False
2026-03-13T05:00:00+00:00,2026-03-13T08:00:00+03:00,2026-03,EBM0326,2554.917731580255,EPIAS_VEP:EBM0326,True,False,False
2026-03-13T06:00:00+00:00,2026-03-13T09:00:00+03:00,2026-03,EBM0326,2554.9177315774878,EPIAS_VEP:EBM0326,True,False,False
2026-03-13T07:00:00+00:00,2026-03-13T10:00:00+03:00,2026-03,EBM0326,2554.9177315757493,EPIAS_VEP:EBM0326,True,False,False
2026-03-13T08:00:00+00:00,2026-03-13T11:00:00+03:00,2026-03,EBM0326,2554.917731574919,EPIAS_VEP:EBM0326,True,False,False
2026-03-13T09:00:00+00:00,2026-03-13T12:00:00+03:00,2026-03,EBM0326,2554.917731574882,EPIAS_VEP:EBM0326,True,False,False
2026-03-13T10:00:00+00:00,2026-03-13T13:00:00+03:00,2026-03,EBM0326,2554.9177315755323,EPIAS_VEP:EBM0326,True,False,False
2026-03-13T11:00:00+00:00,2026-03-13T14:00:00+03:00,2026-03,EBM0326,2554.9177315767715,EPIAS_VEP:EBM0326,True,False,False
2026-03-13T12:00:00+00:00,2026-03-13T15:00:00+03:00,2026-03,EBM0326,2554.917731578509,EPIAS_VEP:EBM0326,True,False,False
2026-03-13T13:00:00+00:00,2026-03-13T16:00:00+03:00,2026-03,EBM0326,2554.9177315806623,EPIAS_VEP:EBM0326,True,False,False
2026-03-13T14:00:00+00:00,2026-03-13T17:00:00+03:00,2026-03,EBM0326,2554.9177315831557,EPIAS_VEP:EBM0326,True,False,False
2026-03-13T15:00:00+00:00,2026-03-13T18:00:00+03:00,2026-03,EBM0326,2554.91773158592,EPIAS_VEP:EBM0326,True,False,False
2026-03-13T16:00:00+00:00,2026-03-13T19:00:00+03:00,2026-03,EBM0326,2554.9177315888933,EPIAS_VEP:EBM0326,True,False,False
2026-03-13T17:00:00+00:00,2026-03-13T20:00:00+03:00,2026-03,EBM0326,2554.91773159202,EPIAS_VEP:EBM0326,True,False,False
2026-03-13T18:00:00+00:00,2026-03-13T21:00:00+03:00,2026-03,EBM0326,2554.9177315952516,EPIAS_VEP:EBM0326,True,False,False
2026-03-13T19:00:00+00:00,2026-03-13T22:00:00+03:00,2026-03,EBM0326,2554.9177315985435,EPIAS_VEP:EBM0326,True,False,False
2026-03-13T20:00:00+00:00,2026-03-13T23:00:00+03:00,2026-03,EBM0326,2554.917731601859,EPIAS_VEP:EBM0326,True,False,False
2026-03-13T21:00:00+00:00,2026-03-14T00:00:00+03:00,2026-03,EBM0326,2554.9177316051646,EPIAS_VEP:EBM0326,True,False,False
2026-03-13T22:00:00+00:00,2026-03-14T01:00:00+03:00,2026-03,EBM0326,2554.9177316084324,EPIAS_VEP:EBM0326,True,False,False
2026-03-13T23:00:00+00:00,2026-03-14T02:00:00+03:00,2026-03,EBM0326,2554.917731611638,EPIAS_VEP:EBM0326,True,False,False
2026-03-14T00:00:00+00:00,2026-03-14T03:00:00+03:00,2026-03,EBM0326,2554.91773161476,EPIAS_VEP:EBM0326,True,False,False
2026-03-14T01:00:00+00:00,2026-03-14T04:00:00+03:00,2026-03,EBM0326,2554.917731617783,EPIAS_VEP:EBM0326,True,False,False
2026-03-14T02:00:00+00:00,2026-03-14T05:00:00+03:00,2026-03,EBM0326,2554.9177316206915,EPIAS_VEP:EBM0326,True,False,False
2026-03-14T03:00:00+00:00,2026-03-14T06:00:00+03:00,2026-03,EBM0326,2554.917731623474,EPIAS_VEP:EBM0326,True,False,False
2026-03-14T04:00:00+00:00,2026-03-14T07:00:00+03:00,2026-03,EBM0326,2554.917731626122,EPIAS_VEP:EBM0326,True,False,False
2026-03-14T05:00:00+00:00,2026-03-14T08:00:00+03:00,2026-03,EBM0326,2554.91773162863,EPIAS_VEP:EBM0326,True,False,False
2026-03-14T06:00:00+00:00,2026-03-14T09:00:00+03:00,2026-03,EBM0326,2554.9177316309933,EPIAS_VEP:EBM0326,True,False,False
2026-03-14T07:00:00+00:00,2026-03-14T10:00:00+03:00,2026-03,EBM0326,2554.9177316332098,EPIAS_VEP:EBM0326,True,False,False
2026-03-14T08:00:00+00:00,2026-03-14T11:00:00+03:00,2026-03,EBM0326,2554.9177316352793,EPIAS_VEP:EBM0326,True,False,False
2026-03-14T09:00:00+00:00,2026-03-14T12:00:00+03:00,2026-03,EBM0326,2554.9177316372025,EPIAS_VEP:EBM0326,True,False,False
2026-03-14T10:00:00+00:00,2026-03-14T13:00:00+03:00,2026-03,EBM0326,2554.91773163898,EPIAS_VEP:EBM0326,True,False,False
2026-03-14T11:00:00+00:00,2026-03-14T14:00:00+03:00,2026-03,EBM0326,2554.9177316406153,EPIAS_VEP:EBM0326,True,False,False
2026-03-14T12:00:00+00:00,2026-03-14T15:00:00+03:00,2026-03,EBM0326,2554.917731642111,EPIAS_VEP:EBM0326,True,False,False
2026-03-14T13:00:00+00:00,2026-03-14T16:00:00+03:00,2026-03,EBM0326,2554.917731643472,EPIAS_VEP:EBM0326,True,False,False
2026-03-14T14:00:00+00:00,2026-03-14T17:00:00+03:00,2026-03,EBM0326,2554.9177316447044,EPIAS_VEP:EBM0326,True,False,False
2026-03-14T15:00:00+00:00,2026-03-14T18:00:00+03:00,2026-03,EBM0326,2554.917731645815,EPIAS_VEP:EBM0326,True,False,False
2026-03-14T16:00:00+00:00,2026-03-14T19:00:00+03:00,2026-03,EBM0326,2554.917731646811,EPIAS_VEP:EBM0326,True,False,False
2026-03-14T17:00:00+00:00,2026-03-14T20:00:00+03:00,2026-03,EBM0326,2554.9177316477,EPIAS_VEP:EBM0326,True,False,False
2026-03-14T18:00:00+00:00,2026-03-14T21:00:00+03:00,2026-03,EBM0326,2554.9177316484884,EPIAS_VEP:EBM0326,True,False,False
2026-03-14T19:00:00+00:00,2026-03-14T22:00:00+03:00,2026-03,EBM0326,2554.917731649182,EPIAS_VEP:EBM0326,True,False,False
2026-03-14T20:00:00+00:00,2026-03-14T23:00:00+03:00,2026-03,EBM0326,2554.9177316497858,EPIAS_VEP:EBM0326,True,False,False
2026-03-14T21:00:00+00:00,2026-03-15T00:00:00+03:00,2026-03,EBM0326,2554.9177316503065,EPIAS_VEP:EBM0326,True,False,False
2026-03-14T22:00:00+00:00,2026-03-15T01:00:00+03:00,2026-03,EBM0326,2554.917731650749,EPIAS_VEP:EBM0326,True,False,False
2026-03-14T23:00:00+00:00,2026-03-15T02:00:00+03:00,2026-03,EBM0326,2554.91773165112,EPIAS_VEP:EBM0326,True,False,False
2026-03-15T00:00:00+00:00,2026-03-15T03:00:00+03:00,2026-03,EBM0326,2554.917731651427,EPIAS_VEP:EBM0326,True,False,False
2026-03-15T01:00:00+00:00,2026-03-15T04:00:00+03:00,2026-03,EBM0326,2554.9177316516752,EPIAS_VEP:EBM0326,True,False,False
2026-03-15T02:00:00+00:00,2026-03-15T05:00:00+03:00,2026-03,EBM0326,2554.9177316518703,EPIAS_VEP:EBM0326,True,False,False
2026-03-15T03:00:00+00:00,2026-03-15T06:00:00+03:00,2026-03,EBM0326,2554.9177316520168,EPIAS_VEP:EBM0326,True,False,False
2026-03-15T04:00:00+00:00,2026-03-15T07:00:00+03:00,2026-03,EBM0326,2554.917731652117,EPIAS_VEP:EBM0326,True,False,False
2026-03-15T05:00:00+00:00,2026-03-15T08:00:00+03:00,2026-03,EBM0326,2554.9177316521736,EPIAS_VEP:EBM0326,True,False,False
2026-03-15T06:00:00+00:00,2026-03-15T09:00:00+03:00,2026-03,EBM0326,2554.91773165219,EPIAS_VEP:EBM0326,True,False,False
2026-03-15T07:00:00+00:00,2026-03-15T10:00:00+03:00,2026-03,EBM0326,2554.9177316521705,EPIAS_VEP:EBM0326,True,False,False
2026-03-15T08:00:00+00:00,2026-03-15T11:00:00+03:00,2026-03,EBM0326,2554.9177316521186,EPIAS_VEP:EBM0326,True,False,False
2026-03-15T09:00:00+00:00,2026-03-15T12:00:00+03:00,2026-03,EBM0326,2554.917731652038,EPIAS_VEP:EBM0326,True,False,False
2026-03-15T10:00:00+00:00,2026-03-15T13:00:00+03:00,2026-03,EBM0326,2554.917731651932,EPIAS_VEP:EBM0326,True,False,False
2026-03-15T11:00:00+00:00,2026-03-15T14:00:00+03:00,2026-03,EBM0326,2554.917731651803,EPIAS_VEP:EBM0326,True,False,False
2026-03-15T12:00:00+00:00,2026-03-15T15:00:00+03:00,2026-03,EBM0326,2554.917731651653,EPIAS_VEP:EBM0326,True,False,False
2026-03-15T13:00:00+00:00,2026-03-15T16:00:00+03:00,2026-03,EBM0326,2554.917731651484,EPIAS_VEP:EBM0326,True,False,False
2026-03-15T14:00:00+00:00,2026-03-15T17:00:00+03:00,2026-03,EBM0326,2554.9177316512987,EPIAS_VEP:EBM0326,True,False,False
2026-03-15T15:00:00+00:00,2026-03-15T18:00:00+03:00,2026-03,EBM0326,2554.9177316510995,EPIAS_VEP:EBM0326,True,False,False
2026-03-15T16:00:00+00:00,2026-03-15T19:00:00+03:00,2026-03,EBM0326,2554.9177316508885,EPIAS_VEP:EBM0326,True,False,False
2026-03-15T17:00:00+00:00,2026-03-15T20:00:00+03:00,2026-03,EBM0326,2554.917731650669,EPIAS_VEP:EBM0326,True,False,False
2026-03-15T18:00:00+00:00,2026-03-15T21:00:00+03:00,2026-03,EBM0326,2554.9177316504433,EPIAS_VEP:EBM0326,True,False,False
2026-03-15T19:00:00+00:00,2026-03-15T22:00:00+03:00,2026-03,EBM0326,2554.917731650214,EPIAS_VEP:EBM0326,True,False,False
2026-03-15T20:00:00+00:00,2026-03-15T23:00:00+03:00,2026-03,EBM0326,2554.9177316499818,EPIAS_VEP:EBM0326,True,False,False
2026-03-15T21:00:00+00:00,2026-03-16T00:00:00+03:00,2026-03,EBM0326,2554.917731649748,EPIAS_VEP:EBM0326,True,False,False
2026-03-15T22:00:00+00:00,2026-03-16T01:00:00+03:00,2026-03,EBM0326,2554.917731649515,EPIAS_VEP:EBM0326,True,False,False
2026-03-15T23:00:00+00:00,2026-03-16T02:00:00+03:00,2026-03,EBM0326,2554.9177316492837,EPIAS_VEP:EBM0326,True,False,False
2026-03-16T00:00:00+00:00,2026-03-16T03:00:00+03:00,2026-03,EBM0326,2554.9177316490536,EPIAS_VEP:EBM0326,True,False,False
2026-03-16T01:00:00+00:00,2026-03-16T04:00:00+03:00,2026-03,EBM0326,2554.9177316488267,EPIAS_VEP:EBM0326,True,False,False
2026-03-16T02:00:00+00:00,2026-03-16T05:00:00+03:00,2026-03,EBM0326,2554.9177316486034,EPIAS_VEP:EBM0326,True,False,False
2026-03-16T03:00:00+00:00,2026-03-16T06:00:00+03:00,2026-03,EBM0326,2554.917731648385,EPIAS_VEP:EBM0326,True,False,False
2026-03-16T04:00:00+00:00,2026-03-16T07:00:00+03:00,2026-03,EBM0326,2554.9177316481714,EPIAS_VEP:EBM0326,True,False,False
2026-03-16T05:00:00+00:00,2026-03-16T08:00:00+03:00,2026-03,EBM0326,2554.9177316479627,EPIAS_VEP:EBM0326,True,False,False
2026-03-16T06:00:00+00:00,2026-03-16T09:00:00+03:00,2026-03,EBM0326,2554.9177316477603,EPIAS_VEP:EBM0326,True,False,False
2026-03-16T07:00:00+00:00,2026-03-16T10:00:00+03:00,2026-03,EBM0326,2554.9177316475652,EPIAS_VEP:EBM0326,True,False,False
2026-03-16T08:00:00+00:00,2026-03-16T11:00:00+03:00,2026-03,EBM0326,2554.9177316473783,EPIAS_VEP:EBM0326,True,False,False
2026-03-16T09:00:00+00:00,2026-03-16T12:00:00+03:00,2026-03,EBM0326,2554.9177316472,EPIAS_VEP:EBM0326,True,False,False
2026-03-16T10:00:00+00:00,2026-03-16T13:00:00+03:00,2026-03,EBM0326,2554.917731647034,EPIAS_VEP:EBM0326,True,False,False
2026-03-16T11:00:00+00:00,2026-03-16T14:00:00+03:00,2026-03,EBM0326,2554.9177316468804,EPIAS_VEP:EBM0326,True,False,False
2026-03-16T12:00:00+00:00,2026-03-16T15:00:00+03:00,2026-03,EBM0326,2554.91773164674,EPIAS_VEP:EBM0326,True,False,False
2026-03-16T13:00:00+00:00,2026-03-16T16:00:00+03:00,2026-03,EBM0326,2554.9177316466125,EPIAS_VEP:EBM0326,True,False,False
2026-03-16T14:00:00+00:00,2026-03-16T17:00:00+03:00,2026-03,EBM0326,2554.917731646498,EPIAS_VEP:EBM0326,True,False,False
2026-03-16T15:00:00+00:00,2026-03-16T18:00:00+03:00,2026-03,EBM0326,2554.9177316463943,EPIAS_VEP:EBM0326,True,False,False
2026-03-16T16:00:00+00:00,2026-03-16T19:00:00+03:00,2026-03,EBM0326,2554.9177316463015,EPIAS_VEP:EBM0326,True,False,False
2026-03-16T17:00:00+00:00,2026-03-16T20:00:00+03:00,2026-03,EBM0326,2554.9177316462183,EPIAS_VEP:EBM0326,True,False,False
2026-03-16T18:00:00+00:00,2026-03-16T21:00:00+03:00,2026-03,EBM0326,2554.9177316461432,EPIAS_VEP:EBM0326,True,False,False
2026-03-16T19:00:00+00:00,2026-03-16T22:00:00+03:00,2026-03,EBM0326,2554.9177316460746,EPIAS_VEP:EBM0326,True,False,False
2026-03-16T20:00:00+00:00,2026-03-16T23:00:00+03:00,2026-03,EBM0326,2554.917731646009,EPIAS_VEP:EBM0326,True,False,False
2026-03-16T21:00:00+00:00,2026-03-17T00:00:00+03:00,2026-03,EBM0326,2554.9177316459436,EPIAS_VEP:EBM0326,True,False,False
2026-03-16T22:00:00+00:00,2026-03-17T01:00:00+03:00,2026-03,EBM0326,2554.917731645877,EPIAS_VEP:EBM0326,True,False,False
2026-03-16T23:00:00+00:00,2026-03-17T02:00:00+03:00,2026-03,EBM0326,2554.917731645809,EPIAS_VEP:EBM0326,True,False,False
2026-03-17T00:00:00+00:00,2026-03-17T03:00:00+03:00,2026-03,EBM0326,2554.9177316457367,EPIAS_VEP:EBM0326,True,False,False
2026-03-17T01:00:00+00:00,2026-03-17T04:00:00+03:00,2026-03,EBM0326,2554.9177316456603,EPIAS_VEP:EBM0326,True,False,False
2026-03-17T02:00:00+00:00,2026-03-17T05:00:00+03:00,2026-03,EBM0326,2554.91773164558,EPIAS_VEP:EBM0326,True,False,False
2026-03-17T03:00:00+00:00,2026-03-17T06:00:00+03:00,2026-03,EBM0326,2554.9177316454943,EPIAS_VEP:EBM0326,True,False,False
2026-03-17T04:00:00+00:00,2026-03-17T07:00:00+03:00,2026-03,EBM0326,2554.9177316454047,EPIAS_VEP:EBM0326,True,False,False
2026-03-17T05:00:00+00:00,2026-03-17T08:00:00+03:00,2026-03,EBM0326,2554.917731645312,EPIAS_VEP:EBM0326,True,False,False
2026-03-17T06:00:00+00:00,2026-03-17T09:00:00+03:00,2026-03,EBM0326,2554.917731645218,EPIAS_VEP:EBM0326,True,False,False
2026-03-17T07:00:00+00:00,2026-03-17T10:00:00+03:00,2026-03,EBM0326,2554.917731645125,EPIAS_VEP:EBM0326,True,False,False
2026-03-17T08:00:00+00:00,2026-03-17T11:00:00+03:00,2026-03,EBM0326,2554.917731645036,EPIAS_VEP:EBM0326,True,False,False
2026-03-17T09:00:00+00:00,2026-03-17T12:00:00+03:00,2026-03,EBM0326,2554.9177316449513,EPIAS_VEP:EBM0326,True,False,False
2026-03-17T10:00:00+00:00,2026-03-17T13:00:00+03:00,2026-03,EBM0326,2554.917731644873,EPIAS_VEP:EBM0326,True,False,False
2026-03-17T11:00:00+00:00,2026-03-17T14:00:00+03:00,2026-03,EBM0326,2554.9177316448004,EPIAS_VEP:EBM0326,True,False,False
2026-03-17T12:00:00+00:00,2026-03-17T15:00:00+03:00,2026-03,EBM0326,2554.917731644735,EPIAS_VEP:EBM0326,True,False,False
2026-03-17T13:00:00+00:00,2026-03-17T16:00:00+03:00,2026-03,EBM0326,2554.9177316446785,EPIAS_VEP:EBM0326,True,False,False
2026-03-17T14:00:00+00:00,2026-03-17T17:00:00+03:00,2026-03,EBM0326,2554.917731644633,EPIAS_VEP:EBM0326,True,False,False
2026-03-17T15:00:00+00:00,2026-03-17T18:00:00+03:00,2026-03,EBM0326,2554.9177316446007,EPIAS_VEP:EBM0326,True,False,False
2026-03-17T16:00:00+00:00,2026-03-17T19:00:00+03:00,2026-03,EBM0326,2554.9177316445853,EPIAS_VEP:EBM0326,True,False,False
2026-03-17T17:00:00+00:00,2026-03-17T20:00:00+03:00,2026-03,EBM0326,2554.917731644588,EPIAS_VEP:EBM0326,True,False,False
2026-03-17T18:00:00+00:00,2026-03-17T21:00:00+03:00,2026-03,EBM0326,2554.917731644612,EPIAS_VEP:EBM0326,True,False,False
2026-03-17T19:00:00+00:00,2026-03-17T22:00:00+03:00,2026-03,EBM0326,2554.91773164466,EPIAS_VEP:EBM0326,True,False,False
2026-03-17T20:00:00+00:00,2026-03-17T23:00:00+03:00,2026-03,EBM0326,2554.9177316447326,EPIAS_VEP:EBM0326,True,False,False
2026-03-17T21:00:00+00:00,2026-03-18T00:00:00+03:00,2026-03,EBM0326,2554.9177316448336,EPIAS_VEP:EBM0326,True,False,False
2026-03-17T22:00:00+00:00,2026-03-18T01:00:00+03:00,2026-03,EBM0326,2554.917731644964,EPIAS_VEP:EBM0326,True,False,False
2026-03-17T23:00:00+00:00,2026-03-18T02:00:00+03:00,2026-03,EBM0326,2554.917731645123,EPIAS_VEP:EBM0326,True,False,False
2026-03-18T00:00:00+00:00,2026-03-18T03:00:00+03:00,2026-03,EBM0326,2554.9177316453106,EPIAS_VEP:EBM0326,True,False,False
2026-03-18T01:00:00+00:00,2026-03-18T04:00:00+03:00,2026-03,EBM0326,2554.917731645529,EPIAS_VEP:EBM0326,True,False,False
2026-03-18T02:00:00+00:00,2026-03-18T05:00:00+03:00,2026-03,EBM0326,2554.9177316457785,EPIAS_VEP:EBM0326,True,False,False
2026-03-18T03:00:00+00:00,2026-03-18T06:00:00+03:00,2026-03,EBM0326,2554.9177316460596,EPIAS_VEP:EBM0326,True,False,False
2026-03-18T04:00:00+00:00,2026-03-18T07:00:00+03:00,2026-03,EBM0326,2554.9177316463715,EPIAS_VEP:EBM0326,True,False,False
2026-03-18T05:00:00+00:00,2026-03-18T08:00:00+03:00,2026-03,EBM0326,2554.917731646714,EPIAS_VEP:EBM0326,True,False,False
2026-03-18T06:00:00+00:00,2026-03-18T09:00:00+03:00,2026-03,EBM0326,2554.917731647086,EPIAS_VEP:EBM0326,True,False,False
2026-03-18T07:00:00+00:00,2026-03-18T10:00:00+03:00,2026-03,EBM0326,2554.917731647486,EPIAS_VEP:EBM0326,True,False,False
2026-03-18T08:00:00+00:00,2026-03-18T11:00:00+03:00,2026-03,EBM0326,2554.9177316479154,EPIAS_VEP:EBM0326,True,False,False
2026-03-18T09:00:00+00:00,2026-03-18T12:00:00+03:00,2026-03,EBM0326,2554.9177316483733,EPIAS_VEP:EBM0326,True,False,False
2026-03-18T10:00:00+00:00,2026-03-18T13:00:00+03:00,2026-03,EBM0326,2554.9177316488613,EPIAS_VEP:EBM0326,True,False,False
2026-03-18T11:00:00+00:00,2026-03-18T14:00:00+03:00,2026-03,EBM0326,2554.917731649379,EPIAS_VEP:EBM0326,True,False,False
2026-03-18T12:00:00+00:00,2026-03-18T15:00:00+03:00,2026-03,EBM0326,2554.9177316499276,EPIAS_VEP:EBM0326,True,False,False
2026-03-18T13:00:00+00:00,2026-03-18T16:00:00+03:00,2026-03,EBM0326,2554.9177316505047,EPIAS_VEP:EBM0326,True,False,False
2026-03-18T14:00:00+00:00,2026-03-18T17:00:00+03:00,2026-03,EBM0326,2554.9177316511095,EPIAS_VEP:EBM0326,True,False,False
2026-03-18T15:00:00+00:00,2026-03-18T18:00:00+03:00,2026-03,EBM0326,2554.917731651739,EPIAS_VEP:EBM0326,True,False,False
2026-03-18T16:00:00+00:00,2026-03-18T19:00:00+03:00,2026-03,EBM0326,2554.9177316523887,EPIAS_VEP:EBM0326,True,False,False
2026-03-18T17:00:00+00:00,2026-03-18T20:00:00+03:00,2026-03,EBM0326,2554.917731653056,EPIAS_VEP:EBM0326,True,False,False
2026-03-18T18:00:00+00:00,2026-03-18T21:00:00+03:00,2026-03,EBM0326,2554.917731653738,EPIAS_VEP:EBM0326,True,False,False
2026-03-18T19:00:00+00:00,2026-03-18T22:00:00+03:00,2026-03,EBM0326,2554.9177316544324,EPIAS_VEP:EBM0326,True,False,False
2026-03-18T20:00:00+00:00,2026-03-18T23:00:00+03:00,2026-03,EBM0326,2554.9177316551354,EPIAS_VEP:EBM0326,True,False,False
2026-03-18T21:00:00+00:00,2026-03-19T00:00:00+03:00,2026-03,EBM0326,2554.9177316558435,EPIAS_VEP:EBM0326,True,False,False
2026-03-18T22:00:00+00:00,2026-03-19T01:00:00+03:00,2026-03,EBM0326,2554.917731656551,EPIAS_VEP:EBM0326,True,False,False
2026-03-18T23:00:00+00:00,2026-03-19T02:00:00+03:00,2026-03,EBM0326,2554.91773165725,EPIAS_VEP:EBM0326,True,False,False
2026-03-19T00:00:00+00:00,2026-03-19T03:00:00+03:00,2026-03,EBM0326,2554.9177316579335,EPIAS_VEP:EBM0326,True,False,False
2026-03-19T01:00:00+00:00,2026-03-19T04:00:00+03:00,2026-03,EBM0326,2554.9177316585933,EPIAS_VEP:EBM0326,True,False,False
2026-03-19T02:00:00+00:00,2026-03-19T05:00:00+03:00,2026-03,EBM0326,2554.9177316592195,EPIAS_VEP:EBM0326,True,False,False
2026-03-19T03:00:00+00:00,2026-03-19T06:00:00+03:00,2026-03,EBM0326,2554.9177316597998,EPIAS_VEP:EBM0326,True,False,False
2026-03-19T04:00:00+00:00,2026-03-19T07:00:00+03:00,2026-03,EBM0326,2554.9177316603227,EPIAS_VEP:EBM0326,True,False,False
2026-03-19T05:00:00+00:00,2026-03-19T08:00:00+03:00,2026-03,EBM0326,2554.9177316607775,EPIAS_VEP:EBM0326,True,False,False
2026-03-19T06:00:00+00:00,2026-03-19T09:00:00+03:00,2026-03,EBM0326,2554.9177316611517,EPIAS_VEP:EBM0326,True,False,False
2026-03-19T07:00:00+00:00,2026-03-19T10:00:00+03:00,2026-03,EBM0326,2554.917731661431,EPIAS_VEP:EBM0326,True,False,False
2026-03-19T08:00:00+00:00,2026-03-19T11:00:00+03:00,2026-03,EBM0326,2554.917731661601,EPIAS_VEP:EBM0326,True,False,False
2026-03-19T09:00:00+00:00,2026-03-19T12:00:00+03:00,2026-03,EBM0326,2554.9177316616474,EPIAS_VEP:EBM0326,True,False,False
2026-03-19T10:00:00+00:00,2026-03-19T13:00:00+03:00,2026-03,EBM0326,2554.9177316615546,EPIAS_VEP:EBM0326,True,False,False
2026-03-19T11:00:00+00:00,2026-03-19T14:00:00+03:00,2026-03,EBM0326,2554.917731661305,EPIAS_VEP:EBM0326,True,False,False
2026-03-19T12:00:00+00:00,2026-03-19T15:00:00+03:00,2026-03,EBM0326,2554.9177316608802,EPIAS_VEP:EBM0326,True,False,False
2026-03-19T13:00:00+00:00,2026-03-19T16:00:00+03:00,2026-03,EBM0326,2554.91773166026,EPIAS_VEP:EBM0326,True,False,False
2026-03-19T14:00:00+00:00,2026-03-19T17:00:00+03:00,2026-03,EBM0326,2554.9177316594223,EPIAS_VEP:EBM0326,True,False,False
2026-03-19T15:00:00+00:00,2026-03-19T18:00:00+03:00,2026-03,EBM0326,2554.9177316583437,EPIAS_VEP:EBM0326,True,False,False
2026-03-19T16:00:00+00:00,2026-03-19T19:00:00+03:00,2026-03,EBM0326,2554.917731657003,EPIAS_VEP:EBM0326,True,False,False
2026-03-19T17:00:00+00:00,2026-03-19T20:00:00+03:00,2026-03,EBM0326,2554.9177316553782,EPIAS_VEP:EBM0326,True,False,False
2026-03-19T18:00:00+00:00,2026-03-19T21:00:00+03:00,2026-03,EBM0326,2554.917731653447,EPIAS_VEP:EBM0326,True,False,False
2026-03-19T19:00:00+00:00,2026-03-19T22:00:00+03:00,2026-03,EBM0326,2554.917731651184,EPIAS_VEP:EBM0326,True,False,False
2026-03-19T20:00:00+00:00,2026-03-19T23:00:00+03:00,2026-03,EBM0326,2554.917731648566,EPIAS_VEP:EBM0326,True,False,False
2026-03-19T21:00:00+00:00,2026-03-20T00:00:00+03:00,2026-03,EBM0326,2554.91773164557,EPIAS_VEP:EBM0326,True,False,False
2026-03-19T22:00:00+00:00,2026-03-20T01:00:00+03:00,2026-03,EBM0326,2554.9177316421706,EPIAS_VEP:EBM0326,True,False,False
2026-03-19T23:00:00+00:00,2026-03-20T02:00:00+03:00,2026-03,EBM0326,2554.9177316383457,EPIAS_VEP:EBM0326,True,False,False
2026-03-20T00:00:00+00:00,2026-03-20T03:00:00+03:00,2026-03,EBM0326,2554.917731634075,EPIAS_VEP:EBM0326,True,False,False
2026-03-20T01:00:00+00:00,2026-03-20T04:00:00+03:00,2026-03,EBM0326,2554.9177316293376,EPIAS_VEP:EBM0326,True,False,False
2026-03-20T02:00:00+00:00,2026-03-20T05:00:00+03:00,2026-03,EBM0326,2554.9177316241116,EPIAS_VEP:EBM0326,True,False,False
2026-03-20T03:00:00+00:00,2026-03-20T06:00:00+03:00,2026-03,EBM0326,2554.9177316183777,EPIAS_VEP:EBM0326,True,False,False
2026-03-20T04:00:00+00:00,2026-03-20T07:00:00+03:00,2026-03,EBM0326,2554.917731612119,EPIAS_VEP:EBM0326,True,False,False
2026-03-20T05:00:00+00:00,2026-03-20T08:00:00+03:00,2026-03,EBM0326,2554.9177316053215,EPIAS_VEP:EBM0326,True,False,False
2026-03-20T06:00:00+00:00,2026-03-20T09:00:00+03:00,2026-03,EBM0326,2554.917731597976,EPIAS_VEP:EBM0326,True,False,False
2026-03-20T07:00:00+00:00,2026-03-20T10:00:00+03:00,2026-03,EBM0326,2554.917731590076,EPIAS_VEP:EBM0326,True,False,False
2026-03-20T08:00:00+00:00,2026-03-20T11:00:00+03:00,2026-03,EBM0326,2554.917731581621,EPIAS_VEP:EBM0326,True,False,False
2026-03-20T09:00:00+00:00,2026-03-20T12:00:00+03:00,2026-03,EBM0326,2554.9177315726142,EPIAS_VEP:EBM0326,True,False,False
2026-03-20T10:00:00+00:00,2026-03-20T13:00:00+03:00,2026-03,EBM0326,2554.9177315630664,EPIAS_VEP:EBM0326,True,False,False
2026-03-20T11:00:00+00:00,2026-03-20T14:00:00+03:00,2026-03,EBM0326,2554.9177315529955,EPIAS_VEP:EBM0326,True,False,False
2026-03-20T12:00:00+00:00,2026-03-20T15:00:00+03:00,2026-03,EBM0326,2554.917731542429,EPIAS_VEP:EBM0326,True,False,False
2026-03-20T13:00:00+00:00,2026-03-20T16:00:00+03:00,2026-03,EBM0326,2554.917731531403,EPIAS_VEP:EBM0326,True,False,False
2026-03-20T14:00:00+00:00,2026-03-20T17:00:00+03:00,2026-03,EBM0326,2554.9177315199677,EPIAS_VEP:EBM0326,True,False,False
2026-03-20T15:00:00+00:00,2026-03-20T18:00:00+03:00,2026-03,EBM0326,2554.9177315081815,EPIAS_VEP:EBM0326,True,False,False
2026-03-20T16:00:00+00:00,2026-03-20T19:00:00+03:00,2026-03,EBM0326,2554.9177314961166,EPIAS_VEP:EBM0326,True,False,False
2026-03-20T17:00:00+00:00,2026-03-20T20:00:00+03:00,2026-03,EBM0326,2554.9177314838594,EPIAS_VEP:EBM0326,True,False,False
2026-03-20T18:00:00+00:00,2026-03-20T21:00:00+03:00,2026-03,EBM0326,2554.9177314715125,EPIAS_VEP:EBM0326,True,False,False
2026-03-20T19:00:00+00:00,2026-03-20T22:00:00+03:00,2026-03,EBM0326,2554.917731459193,EPIAS_VEP:EBM0326,True,False,False
2026-03-20T20:00:00+00:00,2026-03-20T23:00:00+03:00,2026-03,EBM0326,2554.9177314470353,EPIAS_VEP:EBM0326,True,False,False
2026-03-20T21:00:00+00:00,2026-03-21T00:00:00+03:00,2026-03,EBM0326,2554.917731435193,EPIAS_VEP:EBM0326,True,False,False
2026-03-20T22:00:00+00:00,2026-03-21T01:00:00+03:00,2026-03,EBM0326,2554.9177314238423,EPIAS_VEP:EBM0326,True,False,False
2026-03-20T23:00:00+00:00,2026-03-21T02:00:00+03:00,2026-03,EBM0326,2554.9177314131784,EPIAS_VEP:EBM0326,True,False,False
2026-03-21T00:00:00+00:00,2026-03-21T03:00:00+03:00,2026-03,EBM0326,2554.917731403419,EPIAS_VEP:EBM0326,True,False,False
2026-03-21T01:00:00+00:00,2026-03-21T04:00:00+03:00,2026-03,EBM0326,2554.917731394806,EPIAS_VEP:EBM0326,True,False,False
2026-03-21T02:00:00+00:00,2026-03-21T05:00:00+03:00,2026-03,EBM0326,2554.9177313876044,EPIAS_VEP:EBM0326,True,False,False
2026-03-21T03:00:00+00:00,2026-03-21T06:00:00+03:00,2026-03,EBM0326,2554.9177313821033,EPIAS_VEP:EBM0326,True,False,False
2026-03-21T04:00:00+00:00,2026-03-21T07:00:00+03:00,2026-03,EBM0326,2554.91773137862,EPIAS_VEP:EBM0326,True,False,False
2026-03-21T05:00:00+00:00,2026-03-21T08:00:00+03:00,2026-03,EBM0326,2554.9177313774976,EPIAS_VEP:EBM0326,True,False,False
2026-03-21T06:00:00+00:00,2026-03-21T09:00:00+03:00,2026-03,EBM0326,2554.917731379107,EPIAS_VEP:EBM0326,True,False,False
2026-03-21T07:00:00+00:00,2026-03-21T10:00:00+03:00,2026-03,EBM0326,2554.9177313838445,EPIAS_VEP:EBM0326,True,False,False
2026-03-21T08:00:00+00:00,2026-03-21T11:00:00+03:00,2026-03,EBM0326,2554.917731392135,EPIAS_VEP:EBM0326,True,False,False
2026-03-21T09:00:00+00:00,2026-03-21T12:00:00+03:00,2026-03,EBM0326,2554.91773140443,EPIAS_VEP:EBM0326,True,False,False
2026-03-21T10:00:00+00:00,2026-03-21T13:00:00+03:00,2026-03,EBM0326,2554.917731421206,EPIAS_VEP:EBM0326,True,False,False
2026-03-21T11:00:00+00:00,2026-03-21T14:00:00+03:00,2026-03,EBM0326,2554.917731442966,EPIAS_VEP:EBM0326,True,False,False
2026-03-21T12:00:00+00:00,2026-03-21T15:00:00+03:00,2026-03,EBM0326,2554.9177314702356,EPIAS_VEP:EBM0326,True,False,False
2026-03-21T13:00:00+00:00,2026-03-21T16:00:00+03:00,2026-03,EBM0326,2554.9177315035618,EPIAS_VEP:EBM0326,True,False,False
2026-03-21T14:00:00+00:00,2026-03-21T17:00:00+03:00,2026-03,EBM0326,2554.91773154351,EPIAS_VEP:EBM0326,True,False,False
2026-03-21T15:00:00+00:00,2026-03-21T18:00:00+03:00,2026-03,EBM0326,2554.9177315906595,EPIAS_VEP:EBM0326,True,False,False
2026-03-21T16:00:00+00:00,2026-03-21T19:00:00+03:00,2026-03,EBM0326,2554.917731645601,EPIAS_VEP:EBM0326,True,False,False
2026-03-21T17:00:00+00:00,2026-03-21T20:00:00+03:00,2026-03,EBM0326,2554.917731708931,EPIAS_VEP:EBM0326,True,False,False
2026-03-21T18:00:00+00:00,2026-03-21T21:00:00+03:00,2026-03,EBM0326,2554.917731781247,EPIAS_VEP:EBM0326,True,False,False
2026-03-21T19:00:00+00:00,2026-03-21T22:00:00+03:00,2026-03,EBM0326,2554.9177318631405,EPIAS_VEP:EBM0326,True,False,False
2026-03-21T20:00:00+00:00,2026-03-21T23:00:00+03:00,2026-03,EBM0326,2554.917731955191,EPIAS_VEP:EBM0326,True,False,False
2026-03-21T21:00:00+00:00,2026-03-22T00:00:00+03:00,2026-03,EBM0326,2554.9177320579565,EPIAS_VEP:EBM0326,True,False,False
2026-03-21T22:00:00+00:00,2026-03-22T01:00:00+03:00,2026-03,EBM0326,2554.9177321719644,EPIAS_VEP:EBM0326,True,False,False
2026-03-21T23:00:00+00:00,2026-03-22T02:00:00+03:00,2026-03,EBM0326,2554.917732297701,EPIAS_VEP:EBM0326,True,False,False
2026-03-22T00:00:00+00:00,2026-03-22T03:00:00+03:00,2026-03,EBM0326,2554.917732435603,EPIAS_VEP:EBM0326,True,False,False
2026-03-22T01:00:00+00:00,2026-03-22T04:00:00+03:00,2026-03,EBM0326,2554.9177325860414,EPIAS_VEP:EBM0326,True,False,False
2026-03-22T02:00:00+00:00,2026-03-22T05:00:00+03:00,2026-03,EBM0326,2554.917732749305,EPIAS_VEP:EBM0326,True,False,False
2026-03-22T03:00:00+00:00,2026-03-22T06:00:00+03:00,2026-03,EBM0326,2554.9177329255863,EPIAS_VEP:EBM0326,True,False,False
2026-03-22T04:00:00+00:00,2026-03-22T07:00:00+03:00,2026-03,EBM0326,2554.9177331149695,EPIAS_VEP:EBM0326,True,False,False
2026-03-22T05:00:00+00:00,2026-03-22T08:00:00+03:00,2026-03,EBM0326,2554.917733317409,EPIAS_VEP:EBM0326,True,False,False
2026-03-22T06:00:00+00:00,2026-03-22T09:00:00+03:00,2026-03,EBM0326,2554.917733532712,EPIAS_VEP:EBM0326,True,False,False
2026-03-22T07:00:00+00:00,2026-03-22T10:00:00+03:00,2026-03,EBM0326,2554.9177337605215,EPIAS_VEP:EBM0326,True,False,False
2026-03-22T08:00:00+00:00,2026-03-22T11:00:00+03:00,2026-03,EBM0326,2554.91773400029,EPIAS_VEP:EBM0326,True,False,False
2026-03-22T09:00:00+00:00,2026-03-22T12:00:00+03:00,2026-03,EBM0326,2554.917734251257,EPIAS_VEP:EBM0326,True,False,False
2026-03-22T10:00:00+00:00,2026-03-22T13:00:00+03:00,2026-03,EBM0326,2554.9177345124294,EPIAS_VEP:EBM0326,True,False,False
2026-03-22T11:00:00+00:00,2026-03-22T14:00:00+03:00,2026-03,EBM0326,2554.917734782552,EPIAS_VEP:EBM0326,True,False,False
2026-03-22T12:00:00+00:00,2026-03-22T15:00:00+03:00,2026-03,EBM0326,2554.917735060084,EPIAS_VEP:EBM0326,True,False,False
2026-03-22T13:00:00+00:00,2026-03-22T16:00:00+03:00,2026-03,EBM0326,2554.91773534317,EPIAS_VEP:EBM0326,True,False,False
2026-03-22T14:00:00+00:00,2026-03-22T17:00:00+03:00,2026-03,EBM0326,2554.9177356296136,EPIAS_VEP:EBM0326,True,False,False
2026-03-22T15:00:00+00:00,2026-03-22T18:00:00+03:00,2026-03,EBM0326,2554.917735916849,EPIAS_VEP:EBM0326,True,False,False
2026-03-22T16:00:00+00:00,2026-03-22T19:00:00+03:00,2026-03,EBM0326,2554.917736201912,EPIAS_VEP:EBM0326,True,False,False
2026-03-22T17:00:00+00:00,2026-03-22T20:00:00+03:00,2026-03,EBM0326,2554.9177364814122,EPIAS_VEP:EBM0326,True,False,False
2026-03-22T18:00:00+00:00,2026-03-22T21:00:00+03:00,2026-03,EBM0326,2554.917736751504,EPIAS_VEP:EBM0326,True,False,False
2026-03-22T19:00:00+00:00,2026-03-22T22:00:00+03:00,2026-03,EBM0326,2554.917737007858,EPIAS_VEP:EBM0326,True,False,False
2026-03-22T20:00:00+00:00,2026-03-22T23:00:00+03:00,2026-03,EBM0326,2554.9177372456343,EPIAS_VEP:EBM0326,True,False,False
2026-03-22T21:00:00+00:00,2026-03-23T00:00:00+03:00,2026-03,EBM0326,2554.9177374594597,EPIAS_VEP:EBM0326,True,False,False
2026-03-22T22:00:00+00:00,2026-03-23T01:00:00+03:00,2026-03,EBM0326,2554.9177376434013,EPIAS_VEP:EBM0326,True,False,False
2026-03-22T23:00:00+00:00,2026-03-23T02:00:00+03:00,2026-03,EBM0326,2554.9177377909446,EPIAS_VEP:EBM0326,True,False,False
2026-03-23T00:00:00+00:00,2026-03-23T03:00:00+03:00,2026-03,EBM0326,2554.917737894974,EPIAS_VEP:EBM0326,True,False,False
2026-03-23T01:00:00+00:00,2026-03-23T04:00:00+03:00,2026-03,EBM0326,2554.91773794776,EPIAS_VEP:EBM0326,True,False,False
2026-03-23T02:00:00+00:00,2026-03-23T05:00:00+03:00,2026-03,EBM0326,2554.917737940947,EPIAS_VEP:EBM0326,True,False,False
2026-03-23T03:00:00+00:00,2026-03-23T06:00:00+03:00,2026-03,EBM0326,2554.9177378655513,EPIAS_VEP:EBM0326,True,False,False
2026-03-23T04:00:00+00:00,2026-03-23T07:00:00+03:00,2026-03,EBM0326,2554.917737711958,EPIAS_VEP:EBM0326,True,False,False
2026-03-23T05:00:00+00:00,2026-03-23T08:00:00+03:00,2026-03,EBM0326,2554.9177374699325,EPIAS_VEP:EBM0326,True,False,False
2026-03-23T06:00:00+00:00,2026-03-23T09:00:00+03:00,2026-03,EBM0326,2554.9177371286346,EPIAS_VEP:EBM0326,True,False,False
2026-03-23T07:00:00+00:00,2026-03-23T10:00:00+03:00,2026-03,EBM0326,2554.917736676642,EPIAS_VEP:EBM0326,True,False,False
2026-03-23T08:00:00+00:00,2026-03-23T11:00:00+03:00,2026-03,EBM0326,2554.9177361019847,EPIAS_VEP:EBM0326,True,False,False
2026-03-23T09:00:00+00:00,2026-03-23T12:00:00+03:00,2026-03,EBM0326,2554.9177353921887,EPIAS_VEP:EBM0326,True,False,False
2026-03-23T10:00:00+00:00,2026-03-23T13:00:00+03:00,2026-03,EBM0326,2554.9177345343337,EPIAS_VEP:EBM0326,True,False,False
2026-03-23T11:00:00+00:00,2026-03-23T14:00:00+03:00,2026-03,EBM0326,2554.917733515124,EPIAS_VEP:EBM0326,True,False,False
2026-03-23T12:00:00+00:00,2026-03-23T15:00:00+03:00,2026-03,EBM0326,2554.9177323209733,EPIAS_VEP:EBM0326,True,False,False
2026-03-23T13:00:00+00:00,2026-03-23T16:00:00+03:00,2026-03,EBM0326,2554.9177309381107,EPIAS_VEP:EBM0326,True,False,False
2026-03-23T14:00:00+00:00,2026-03-23T17:00:00+03:00,2026-03,EBM0326,2554.9177293526977,EPIAS_VEP:EBM0326,True,False,False
2026-03-23T15:00:00+00:00,2026-03-23T18:00:00+03:00,2026-03,EBM0326,2554.917727550966,EPIAS_VEP:EBM0326,True,False,False
2026-03-23T16:00:00+00:00,2026-03-23T19:00:00+03:00,2026-03,EBM0326,2554.9177255193767,EPIAS_VEP:EBM0326,True,False,False
2026-03-23T17:00:00+00:00,2026-03-23T20:00:00+03:00,2026-03,EBM0326,2554.917723244801,EPIAS_VEP:EBM0326,True,False,False
2026-03-23T18:00:00+00:00,2026-03-23T21:00:00+03:00,2026-03,EBM0326,2554.917720714723,EPIAS_VEP:EBM0326,True,False,False
2026-03-23T19:00:00+00:00,2026-03-23T22:00:00+03:00,2026-03,EBM0326,2554.917717917468,EPIAS_VEP:EBM0326,True,False,False
2026-03-23T20:00:00+00:00,2026-03-23T23:00:00+03:00,2026-03,EBM0326,2554.9177148424537,EPIAS_VEP:EBM0326,True,False,False
2026-03-23T21:00:00+00:00,2026-03-24T00:00:00+03:00,2026-03,EBM0326,2554.917711480473,EPIAS_VEP:EBM0326,True,False,False
2026-03-23T22:00:00+00:00,2026-03-24T01:00:00+03:00,2026-03,EBM0326,2554.9177078239977,EPIAS_VEP:EBM0326,True,False,False
2026-03-23T23:00:00+00:00,2026-03-24T02:00:00+03:00,2026-03,EBM0326,2554.917703867517,EPIAS_VEP:EBM0326,True,False,False
2026-03-24T00:00:00+00:00,2026-03-24T03:00:00+03:00,2026-03,EBM0326,2554.917699607903,EPIAS_VEP:EBM0326,True,False,False
2026-03-24T01:00:00+00:00,2026-03-24T04:00:00+03:00,2026-03,EBM0326,2554.917695044806,EPIAS_VEP:EBM0326,True,False,False
2026-03-24T02:00:00+00:00,2026-03-24T05:00:00+03:00,2026-03,EBM0326,2554.9176901810806,EPIAS_VEP:EBM0326,True,False,False
2026-03-24T03:00:00+00:00,2026-03-24T06:00:00+03:00,2026-03,EBM0326,2554.917685023241,EPIAS_VEP:EBM0326,True,False,False
2026-03-24T04:00:00+00:00,2026-03-24T07:00:00+03:00,2026-03,EBM0326,2554.9176795819462,EPIAS_VEP:EBM0326,True,False,False
2026-03-24T05:00:00+00:00,2026-03-24T08:00:00+03:00,2026-03,EBM0326,2554.9176738725178,EPIAS_VEP:EBM0326,True,False,False
2026-03-24T06:00:00+00:00,2026-03-24T09:00:00+03:00,2026-03,EBM0326,2554.917667915486,EPIAS_VEP:EBM0326,True,False,False
2026-03-24T07:00:00+00:00,2026-03-24T10:00:00+03:00,2026-03,EBM0326,2554.917661737159,EPIAS_VEP:EBM0326,True,False,False
2026-03-24T08:00:00+00:00,2026-03-24T11:00:00+03:00,2026-03,EBM0326,2554.917655370217,EPIAS_VEP:EBM0326,True,False,False
2026-03-24T09:00:00+00:00,2026-03-24T12:00:00+03:00,2026-03,EBM0326,2554.9176488543317,EPIAS_VEP:EBM0326,True,False,False
2026-03-24T10:00:00+00:00,2026-03-24T13:00:00+03:00,2026-03,EBM0326,2554.9176422368027,EPIAS_VEP:EBM0326,True,False,False
2026-03-24T11:00:00+00:00,2026-03-24T14:00:00+03:00,2026-03,EBM0326,2554.9176355732097,EPIAS_VEP:EBM0326,True,False,False
2026-03-24T12:00:00+00:00,2026-03-24T15:00:00+03:00,2026-03,EBM0326,2554.917628928072,EPIAS_VEP:EBM0326,True,False,False
2026-03-24T13:00:00+00:00,2026-03-24T16:00:00+03:00,2026-03,EBM0326,2554.91762237552,EPIAS_VEP:EBM0326,True,False,False
2026-03-24T14:00:00+00:00,2026-03-24T17:00:00+03:00,2026-03,EBM0326,2554.9176159999524,EPIAS_VEP:EBM0326,True,False,False
2026-03-24T15:00:00+00:00,2026-03-24T18:00:00+03:00,2026-03,EBM0326,2554.917609896697,EPIAS_VEP:EBM0326,True,False,False
2026-03-24T16:00:00+00:00,2026-03-24T19:00:00+03:00,2026-03,EBM0326,2554.917604172644,EPIAS_VEP:EBM0326,True,False,False
2026-03-24T17:00:00+00:00,2026-03-24T20:00:00+03:00,2026-03,EBM0326,2554.917598946859,EPIAS_VEP:EBM0326,True,False,False
2026-03-24T18:00:00+00:00,2026-03-24T21:00:00+03:00,2026-03,EBM0326,2554.9175943511536,EPIAS_VEP:EBM0326,True,False,False
2026-03-24T19:00:00+00:00,2026-03-24T22:00:00+03:00,2026-03,EBM0326,2554.91759053061,EPIAS_VEP:EBM0326,True,False,False
2026-03-24T20:00:00+00:00,2026-03-24T23:00:00+03:00,2026-03,EBM0326,2554.917587644042,EPIAS_VEP:EBM0326,True,False,False
2026-03-24T21:00:00+00:00,2026-03-25T00:00:00+03:00,2026-03,EBM0326,2554.9175858643744,EPIAS_VEP:EBM0326,True,False,False
2026-03-24T22:00:00+00:00,2026-03-25T01:00:00+03:00,2026-03,EBM0326,2554.917585378933,EPIAS_VEP:EBM0326,True,False,False
2026-03-24T23:00:00+00:00,2026-03-25T02:00:00+03:00,2026-03,EBM0326,2554.917586389621,EPIAS_VEP:EBM0326,True,False,False
2026-03-25T00:00:00+00:00,2026-03-25T03:00:00+03:00,2026-03,EBM0326,2554.9175891129694,EPIAS_VEP:EBM0326,True,False,False
2026-03-25T01:00:00+00:00,2026-03-25T04:00:00+03:00,2026-03,EBM0326,2554.9175937800323,EPIAS_VEP:EBM0326,True,False,False
2026-03-25T02:00:00+00:00,2026-03-25T05:00:00+03:00,2026-03,EBM0326,2554.9176006361176,EPIAS_VEP:EBM0326,True,False,False
2026-03-25T03:00:00+00:00,2026-03-25T06:00:00+03:00,2026-03,EBM0326,2554.9176099403203,EPIAS_VEP:EBM0326,True,False,False
2026-03-25T04:00:00+00:00,2026-03-25T07:00:00+03:00,2026-03,EBM0326,2554.917621964837,EPIAS_VEP:EBM0326,True,False,False
2026-03-25T05:00:00+00:00,2026-03-25T08:00:00+03:00,2026-03,EBM0326,2554.9176369940365,EPIAS_VEP:EBM0326,True,False,False
2026-03-25T06:00:00+00:00,2026-03-25T09:00:00+03:00,2026-03,EBM0326,2554.9176553232546,EPIAS_VEP:EBM0326,True,False,False
2026-03-25T07:00:00+00:00,2026-03-25T10:00:00+03:00,2026-03,EBM0326,2554.917677257292,EPIAS_VEP:EBM0326,True,False,False
2026-03-25T08:00:00+00:00,2026-03-25T11:00:00+03:00,2026-03,EBM0326,2554.9177031085824,EPIAS_VEP:EBM0326,True,False,False
2026-03-25T09:00:00+00:00,2026-03-25T12:00:00+03:00,2026-03,EBM0326,2554.9177331949995,EPIAS_VEP:EBM0326,True,False,False
2026-03-25T10:00:00+00:00,2026-03-25T13:00:00+03:00,2026-03,EBM0326,2554.9177678372694,EPIAS_VEP:EBM0326,True,False,False
2026-03-25T11:00:00+00:00,2026-03-25T14:00:00+03:00,2026-03,EBM0326,2554.917807355963,EPIAS_VEP:EBM0326,True,False,False
2026-03-25T12:00:00+00:00,2026-03-25T15:00:00+03:00,2026-03,EBM0326,2554.9178520680325,EPIAS_VEP:EBM0326,True,False,False
2026-03-25T13:00:00+00:00,2026-03-25T16:00:00+03:00,2026-03,EBM0326,2554.91790228286,EPIAS_VEP:EBM0326,True,False,False
2026-03-25T14:00:00+00:00,2026-03-25T17:00:00+03:00,2026-03,EBM0326,2554.9179582977836,EPIAS_VEP:EBM0326,True,False,False
2026-03-25T15:00:00+00:00,2026-03-25T18:00:00+03:00,2026-03,EBM0326,2554.9180203930796,EPIAS_VEP:EBM0326,True,False,False
2026-03-25T16:00:00+00:00,2026-03-25T19:00:00+03:00,2026-03,EBM0326,2554.918088826357,EPIAS_VEP:EBM0326,True,False,False
2026-03-25T17:00:00+00:00,2026-03-25T20:00:00+03:00,2026-03,EBM0326,2554.9181638263494,EPIAS_VEP:EBM0326,True,False,False
2026-03-25T18:00:00+00:00,2026-03-25T21:00:00+03:00,2026-03,EBM0326,2554.918245586075,EPIAS_VEP:EBM0326,True,False,False
2026-03-25T19:00:00+00:00,2026-03-25T22:00:00+03:00,2026-03,EBM0326,2554.918334255334,EPIAS_VEP:EBM0326,True,False,False
2026-03-25T20:00:00+00:00,2026-03-25T23:00:00+03:00,2026-03,EBM0326,2554.9184299325307,EPIAS_VEP:EBM0326,True,False,False
2026-03-25T21:00:00+00:00,2026-03-26T00:00:00+03:00,2026-03,EBM0326,2554.9185326558095,EPIAS_VEP:EBM0326,True,False,False
2026-03-25T22:00:00+00:00,2026-03-26T01:00:00+03:00,2026-03,EBM0326,2554.918642393485,EPIAS_VEP:EBM0326,True,False,False
2026-03-25T23:00:00+00:00,2026-03-26T02:00:00+03:00,2026-03,EBM0326,2554.918759033772,EPIAS_VEP:EBM0326,True,False,False
2026-03-26T00:00:00+00:00,2026-03-26T03:00:00+03:00,2026-03,EBM0326,2554.9188823738104,EPIAS_VEP:EBM0326,True,False,False
2026-03-26T01:00:00+00:00,2026-03-26T04:00:00+03:00,2026-03,EBM0326,2554.919012108002,EPIAS_VEP:EBM0326,True,False,False
2026-03-26T02:00:00+00:00,2026-03-26T05:00:00+03:00,2026-03,EBM0326,2554.919147815672,EPIAS_VEP:EBM0326,True,False,False
2026-03-26T03:00:00+00:00,2026-03-26T06:00:00+03:00,2026-03,EBM0326,2554.9192889481023,EPIAS_VEP:EBM0326,True,False,False
2026-03-26T04:00:00+00:00,2026-03-26T07:00:00+03:00,2026-03,EBM0326,2554.9194348149576,EPIAS_VEP:EBM0326,True,False,False
2026-03-26T05:00:00+00:00,2026-03-26T08:00:00+03:00,2026-03,EBM0326,2554.9195845701674,EPIAS_VEP:EBM0326,True,False,False
2026-03-26T06:00:00+00:00,2026-03-26T09:00:00+03:00,2026-03,EBM0326,2554.919737197344,EPIAS_VEP:EBM0326,True,False,False
2026-03-26T07:00:00+00:00,2026-03-26T10:00:00+03:00,2026-03,EBM0326,2554.919891494809,EPIAS_VEP:EBM0326,True,False,False
2026-03-26T08:00:00+00:00,2026-03-26T11:00:00+03:00,2026-03,EBM0326,2554.920046060329,EPIAS_VEP:EBM0326,True,False,False
2026-03-26T09:00:00+00:00,2026-03-26T12:00:00+03:00,2026-03,EBM0326,2554.9201992756857,EPIAS_VEP:EBM0326,True,False,False
2026-03-26T10:00:00+00:00,2026-03-26T13:00:00+03:00,2026-03,EBM0326,2554.9203492912193,EPIAS_VEP:EBM0326,True,False,False
2026-03-26T11:00:00+00:00,2026-03-26T14:00:00+03:00,2026-03,EBM0326,2554.9204940105083,EPIAS_VEP:EBM0326,True,False,False
2026-03-26T12:00:00+00:00,2026-03-26T15:00:00+03:00,2026-03,EBM0326,2554.920631075366,EPIAS_VEP:EBM0326,True,False,False
2026-03-26T13:00:00+00:00,2026-03-26T16:00:00+03:00,2026-03,EBM0326,2554.9207578513674,EPIAS_VEP:EBM0326,True,False,False
2026-03-26T14:00:00+00:00,2026-03-26T17:00:00+03:00,2026-03,EBM0326,2554.920871414143,EPIAS_VEP:EBM0326,True,False,False
2026-03-26T15:00:00+00:00,2026-03-26T18:00:00+03:00,2026-03,EBM0326,2554.920968536706,EPIAS_VEP:EBM0326,True,False,False
2026-03-26T16:00:00+00:00,2026-03-26T19:00:00+03:00,2026-03,EBM0326,2554.9210456780916,EPIAS_VEP:EBM0326,True,False,False
2026-03-26T17:00:00+00:00,2026-03-26T20:00:00+03:00,2026-03,EBM0326,2554.9210989736466,EPIAS_VEP:EBM0326,True,False,False
2026-03-26T18:00:00+00:00,2026-03-26T21:00:00+03:00,2026-03,EBM0326,2554.9211242273145,EPIAS_VEP:EBM0326,True,False,False
2026-03-26T19:00:00+00:00,2026-03-26T22:00:00+03:00,2026-03,EBM0326,2554.9211169063083,EPIAS_VEP:EBM0326,True,False,False
2026-03-26T20:00:00+00:00,2026-03-26T23:00:00+03:00,2026-03,EBM0326,2554.921072138582,EPIAS_VEP:EBM0326,True,False,False
2026-03-26T21:00:00+00:00,2026-03-27T00:00:00+03:00,2026-03,EBM0326,2554.9209847135635,EPIAS_VEP:EBM0326,True,False,False
2026-03-26T22:00:00+00:00,2026-03-27T01:00:00+03:00,2026-03,EBM0326,2554.9208490866326,EPIAS_VEP:EBM0326,True,False,False
2026-03-26T23:00:00+00:00,2026-03-27T02:00:00+03:00,2026-03,EBM0326,2554.9206593878635,EPIAS_VEP:EBM0326,True,False,False
2026-03-27T00:00:00+00:00,2026-03-27T03:00:00+03:00,2026-03,EBM0326,2554.9204094355864,EPIAS_VEP:EBM0326,True,False,False
2026-03-27T01:00:00+00:00,2026-03-27T04:00:00+03:00,2026-03,EBM0326,2554.9200927553566,EPIAS_VEP:EBM0326,True,False,False
2026-03-27T02:00:00+00:00,2026-03-27T05:00:00+03:00,2026-03,EBM0326,2554.919702604952,EPIAS_VEP:EBM0326,True,False,False
2026-03-27T03:00:00+00:00,2026-03-27T06:00:00+03:00,2026-03,EBM0326,2554.9192320060383,EPIAS_VEP:EBM0326,True,False,False
2026-03-27T04:00:00+00:00,2026-03-27T07:00:00+03:00,2026-03,EBM0326,2554.918673783187,EPIAS_VEP:EBM0326,True,False,False
2026-03-27T05:00:00+00:00,2026-03-27T08:00:00+03:00,2026-03,EBM0326,2554.9180206109313,EPIAS_VEP:EBM0326,True,False,False
2026-03-27T06:00:00+00:00,2026-03-27T09:00:00+03:00,2026-03,EBM0326,2554.9172650695923,EPIAS_VEP:EBM0326,True,False,False
2026-03-27T07:00:00+00:00,2026-03-27T10:00:00+03:00,2026-03,EBM0326,2554.9163997105943,EPIAS_VEP:EBM0326,True,False,False
2026-03-27T08:00:00+00:00,2026-03-27T11:00:00+03:00,2026-03,EBM0326,2554.915417132019,EPIAS_VEP:EBM0326,True,False,False
2026-03-27T09:00:00+00:00,2026-03-27T12:00:00+03:00,2026-03,EBM0326,2554.9143100651395,EPIAS_VEP:EBM0326,True,False,False
2026-03-27T10:00:00+00:00,2026-03-27T13:00:00+03:00,2026-03,EBM0326,2554.9130714726803,EPIAS_VEP:EBM0326,True,False,False
2026-03-27T11:00:00+00:00,2026-03-27T14:00:00+03:00,2026-03,EBM0326,2554.911694659525,EPIAS_VEP:EBM0326,True,False,False
2026-03-27T12:00:00+00:00,2026-03-27T15:00:00+03:00,2026-03,EBM0326,2554.9101733965754,EPIAS_VEP:EBM0326,True,False,False
2026-03-27T13:00:00+00:00,2026-03-27T16:00:00+03:00,2026-03,EBM0326,2554.9085020584316,EPIAS_VEP:EBM0326,True,False,False
2026-03-27T14:00:00+00:00,2026-03-27T17:00:00+03:00,2026-03,EBM0326,2554.9066757755177,EPIAS_VEP:EBM0326,True,False,False
2026-03-27T15:00:00+00:00,2026-03-27T18:00:00+03:00,2026-03,EBM0326,2554.9046906012186,EPIAS_VEP:EBM0326,True,False,False
2026-03-27T16:00:00+00:00,2026-03-27T19:00:00+03:00,2026-03,EBM0326,2554.902543694505,EPIAS_VEP:EBM0326,True,False,False
2026-03-27T17:00:00+00:00,2026-03-27T20:00:00+03:00,2026-03,EBM0326,2554.9002335184537,EPIAS_VEP:EBM0326,True,False,False
2026-03-27T18:00:00+00:00,2026-03-27T21:00:00+03:00,2026-03,EBM0326,2554.897760054936,EPIAS_VEP:EBM0326,True,False,False
2026-03-27T19:00:00+00:00,2026-03-27T22:00:00+03:00,2026-03,EBM0326,2554.8951250356376,EPIAS_VEP:EBM0326,True,False,False
2026-03-27T20:00:00+00:00,2026-03-27T23:00:00+03:00,2026-03,EBM0326,2554.8923321894035,EPIAS_VEP:EBM0326,True,False,False
2026-03-27T21:00:00+00:00,2026-03-28T00:00:00+03:00,2026-03,EBM0326,2554.8893875057393,EPIAS_VEP:EBM0326,True,False,False
2026-03-27T22:00:00+00:00,2026-03-28T01:00:00+03:00,2026-03,EBM0326,2554.886299514095,EPIAS_VEP:EBM0326,True,False,False
2026-03-27T23:00:00+00:00,2026-03-28T02:00:00+03:00,2026-03,EBM0326,2554.8830795783347,EPIAS_VEP:EBM0326,True,False,False
2026-03-28T00:00:00+00:00,2026-03-28T03:00:00+03:00,2026-03,EBM0326,2554.879742205537,EPIAS_VEP:EBM0326,True,False,False
2026-03-28T01:00:00+00:00,2026-03-28T04:00:00+03:00,2026-03,EBM0326,2554.876305367986,EPIAS_VEP:EBM0326,True,False,False
2026-03-28T02:00:00+00:00,2026-03-28T05:00:00+03:00,2026-03,EBM0326,2554.872790836912,EPIAS_VEP:EBM0326,True,False,False
2026-03-28T03:00:00+00:00,2026-03-28T06:00:00+03:00,2026-03,EBM0326,2554.8692245261714,EPIAS_VEP:EBM0326,True,False,False
2026-03-28T04:00:00+00:00,2026-03-28T07:00:00+03:00,2026-03,EBM0326,2554.8656368437023,EPIAS_VEP:EBM0326,True,False,False
2026-03-28T05:00:00+00:00,2026-03-28T08:00:00+03:00,2026-03,EBM0326,2554.8620630481555,EPIAS_VEP:EBM0326,True,False,False
2026-03-28T06:00:00+00:00,2026-03-28T09:00:00+03:00,2026-03,EBM0326,2554.858543607662,EPIAS_VEP:EBM0326,True,False,False
2026-03-28T07:00:00+00:00,2026-03-28T10:00:00+03:00,2026-03,EBM0326,2554.855124557212,EPIAS_VEP:EBM0326,True,False,False
2026-03-28T08:00:00+00:00,2026-03-28T11:00:00+03:00,2026-03,EBM0326,2554.851857850601,EPIAS_VEP:EBM0326,True,False,False
2026-03-28T09:00:00+00:00,2026-03-28T12:00:00+03:00,2026-03,EBM0326,2554.8488017023324,EPIAS_VEP:EBM0326,True,False,False
2026-03-28T10:00:00+00:00,2026-03-28T13:00:00+03:00,2026-03,EBM0326,2554.84602091429,EPIAS_VEP:EBM0326,True,False,False
2026-03-28T11:00:00+00:00,2026-03-28T14:00:00+03:00,2026-03,EBM0326,2554.8435871813513,EPIAS_VEP:EBM0326,True,False,False
2026-03-28T12:00:00+00:00,2026-03-28T15:00:00+03:00,2026-03,EBM0326,2554.8415793694685,EPIAS_VEP:EBM0326,True,False,False
2026-03-28T13:00:00+00:00,2026-03-28T16:00:00+03:00,2026-03,EBM0326,2554.8400837590398,EPIAS_VEP:EBM0326,True,False,False
2026-03-28T14:00:00+00:00,2026-03-28T17:00:00+03:00,2026-03,EBM0326,2554.83919424569,EPIAS_VEP:EBM0326,True,False,False
2026-03-28T15:00:00+00:00,2026-03-28T18:00:00+03:00,2026-03,EBM0326,2554.839012489835,EPIAS_VEP:EBM0326,True,False,False
2026-03-28T16:00:00+00:00,2026-03-28T19:00:00+03:00,2026-03,EBM0326,2554.839648005631,EPIAS_VEP:EBM0326,True,False,False
2026-03-28T17:00:00+00:00,2026-03-28T20:00:00+03:00,2026-03,EBM0326,2554.8412181791464,EPIAS_VEP:EBM0326,True,False,False
2026-03-28T18:00:00+00:00,2026-03-28T21:00:00+03:00,2026-03,EBM0326,2554.843848204817,EPIAS_VEP:EBM0326,True,False,False
2026-03-28T19:00:00+00:00,2026-03-28T22:00:00+03:00,2026-03,EBM0326,2554.847670928425,EPIAS_VEP:EBM0326,True,False,False
2026-03-28T20:00:00+00:00,2026-03-28T23:00:00+03:00,2026-03,EBM0326,2554.852826584098,EPIAS_VEP:EBM0326,True,False,False
2026-03-28T21:00:00+00:00,2026-03-29T00:00:00+03:00,2026-03,EBM0326,2554.859462412035,EPIAS_VEP:EBM0326,True,False,False
2026-03-28T22:00:00+00:00,2026-03-29T01:00:00+03:00,2026-03,EBM0326,2554.8677321429427,EPIAS_VEP:EBM0326,True,False,False
2026-03-28T23:00:00+00:00,2026-03-29T02:00:00+03:00,2026-03,EBM0326,2554.877795334451,EPIAS_VEP:EBM0326,True,False,False
2026-03-29T00:00:00+00:00,2026-03-29T03:00:00+03:00,2026-03,EBM0326,2554.8898165441433,EPIAS_VEP:EBM0326,True,False,False
2026-03-29T01:00:00+00:00,2026-03-29T04:00:00+03:00,2026-03,EBM0326,2554.903964323233,EPIAS_VEP:EBM0326,True,False,False
2026-03-29T02:00:00+00:00,2026-03-29T05:00:00+03:00,2026-03,EBM0326,2554.9204100144434,EPIAS_VEP:EBM0326,True,False,False
2026-03-29T03:00:00+00:00,2026-03-29T06:00:00+03:00,2026-03,EBM0326,2554.939326337229,EPIAS_VEP:EBM0326,True,False,False
2026-03-29T04:00:00+00:00,2026-03-29T07:00:00+03:00,2026-03,EBM0326,2554.9608857432077,EPIAS_VEP:EBM0326,True,False,False
2026-03-29T05:00:00+00:00,2026-03-29T08:00:00+03:00,2026-03,EBM0326,2554.9852585245303,EPIAS_VEP:EBM0326,True,False,False
2026-03-29T06:00:00+00:00,2026-03-29T09:00:00+03:00,2026-03,EBM0326,2555.0126106579387,EPIAS_VEP:EBM0326,True,False,False
2026-03-29T07:00:00+00:00,2026-03-29T10:00:00+03:00,2026-03,EBM0326,2555.043101367489,EPIAS_VEP:EBM0326,True,False,False
2026-03-29T08:00:00+00:00,2026-03-29T11:00:00+03:00,2026-03,EBM0326,2555.0768803893334,EPIAS_VEP:EBM0326,True,False,False
2026-03-29T09:00:00+00:00,2026-03-29T12:00:00+03:00,2026-03,EBM0326,2555.114084922653,EPIAS_VEP:EBM0326,True,False,False
2026-03-29T10:00:00+00:00,2026-03-29T13:00:00+03:00,2026-03,EBM0326,2555.1548362517556,EPIAS_VEP:EBM0326,True,False,False
2026-03-29T11:00:00+00:00,2026-03-29T14:00:00+03:00,2026-03,EBM0326,2555.1992360256195,EPIAS_VEP:EBM0326,True,False,False
2026-03-29T12:00:00+00:00,2026-03-29T15:00:00+03:00,2026-03,EBM0326,2555.2473621827635,EPIAS_VEP:EBM0326,True,False,False
2026-03-29T13:00:00+00:00,2026-03-29T16:00:00+03:00,2026-03,EBM0326,2555.2992645112695,EPIAS_VEP:EBM0326,True,False,False
2026-03-29T14:00:00+00:00,2026-03-29T17:00:00+03:00,2026-03,EBM0326,2555.3549598361633,EPIAS_VEP:EBM0326,True,False,False
2026-03-29T15:00:00+00:00,2026-03-29T18:00:00+03:00,2026-03,EBM0326,2555.4144268291843,EPIAS_VEP:EBM0326,True,False,False
2026-03-29T16:00:00+00:00,2026-03-29T19:00:00+03:00,2026-03,EBM0326,2555.477600439254,EPIAS_VEP:EBM0326,True,False,False
2026-03-29T17:00:00+00:00,2026-03-29T20:00:00+03:00,2026-03,EBM0326,2555.5443659457733,EPIAS_VEP:EBM0326,True,False,False
2026-03-29T18:00:00+00:00,2026-03-29T21:00:00+03:00,2026-03,EBM0326,2555.614552641266,EPIAS_VEP:EBM0326,True,False,False
2026-03-29T19:00:00+00:00,2026-03-29T22:00:00+03:00,2026-03,EBM0326,2555.687927154824,EPIAS_VEP:EBM0326,True,False,False
2026-03-29T20:00:00+00:00,2026-03-29T23:00:00+03:00,2026-03,EBM0326,2555.76418643344,EPIAS_VEP:EBM0326,True,False,False
2026-03-29T21:00:00+00:00,2026-03-30T00:00:00+03:00,2026-03,EBM0326,2555.8429504045534,EPIAS_VEP:EBM0326,True,False,False
2026-03-29T22:00:00+00:00,2026-03-30T01:00:00+03:00,2026-03,EBM0326,2555.9237543501254,EPIAS_VEP:EBM0326,True,False,False
2026-03-29T23:00:00+00:00,2026-03-30T02:00:00+03:00,2026-03,EBM0326,2556.006041030241,EPIAS_VEP:EBM0326,True,False,False
2026-03-30T00:00:00+00:00,2026-03-30T03:00:00+03:00,2026-03,EBM0326,2556.0891526027153,EPIAS_VEP:EBM0326,True,False,False
2026-03-30T01:00:00+00:00,2026-03-30T04:00:00+03:00,2026-03,EBM0326,2556.1723223944246,EPIAS_VEP:EBM0326,True,False,False
2026-03-30T02:00:00+00:00,2026-03-30T05:00:00+03:00,2026-03,EBM0326,2556.2546665901496,EPIAS_VEP:EBM0326,True,False,False
2026-03-30T03:00:00+00:00,2026-03-30T06:00:00+03:00,2026-03,EBM0326,2556.3351759155953,EPIAS_VEP:EBM0326,True,False,False
2026-03-30T04:00:00+00:00,2026-03-30T07:00:00+03:00,2026-03,EBM0326,2556.412707402974,EPIAS_VEP:EBM0326,True,False,False
2026-03-30T05:00:00+00:00,2026-03-30T08:00:00+03:00,2026-03,EBM0326,2556.485976340071,EPIAS_VEP:EBM0326,True,False,False
2026-03-30T06:00:00+00:00,2026-03-30T09:00:00+03:00,2026-03,EBM0326,2556.5535485170976,EPIAS_VEP:EBM0326,True,False,False
2026-03-30T07:00:00+00:00,2026-03-30T10:00:00+03:00,2026-03,EBM0326,2556.6138328997954,EPIAS_VEP:EBM0326,True,False,False
2026-03-30T08:00:00+00:00,2026-03-30T11:00:00+03:00,2026-03,EBM0326,2556.6650748722186,EPIAS_VEP:EBM0326,True,False,False
2026-03-30T09:00:00+00:00,2026-03-30T12:00:00+03:00,2026-03,EBM0326,2556.7053502087647,EPIAS_VEP:EBM0326,True,False,False
2026-03-30T10:00:00+00:00,2026-03-30T13:00:00+03:00,2026-03,EBM0326,2556.732559949511,EPIAS_VEP:EBM0326,True,False,False
2026-03-30T11:00:00+00:00,2026-03-30T14:00:00+03:00,2026-03,EBM0326,2556.7444263726793,EPIAS_VEP:EBM0326,True,False,False
2026-03-30T12:00:00+00:00,2026-03-30T15:00:00+03:00,2026-03,EBM0326,2556.738490273662,EPIAS_VEP:EBM0326,True,False,False
2026-03-30T13:00:00+00:00,2026-03-30T16:00:00+03:00,2026-03,EBM0326,2556.7121097783793,EPIAS_VEP:EBM0326,True,False,False
2026-03-30T14:00:00+00:00,2026-03-30T17:00:00+03:00,2026-03,EBM0326,2556.662460936889,EPIAS_VEP:EBM0326,True,False,False
2026-03-30T15:00:00+00:00,2026-03-30T18:00:00+03:00,2026-03,EBM0326,2556.586540361437,EPIAS_VEP:EBM0326,True,False,False
2026-03-30T16:00:00+00:00,2026-03-30T19:00:00+03:00,2026-03,EBM0326,2556.481170191338,EPIAS_VEP:EBM0326,True,False,False
2026-03-30T17:00:00+00:00,2026-03-30T20:00:00+03:00,2026-03,EBM0326,2556.343005685037,EPIAS_VEP:EBM0326,True,False,False
2026-03-30T18:00:00+00:00,2026-03-30T21:00:00+03:00,2026-03,EBM0326,2556.1685457571257,EPIAS_VEP:EBM0326,True,False,False
2026-03-30T19:00:00+00:00,2026-03-30T22:00:00+03:00,2026-03,EBM0326,2555.9541467947893,EPIAS_VEP:EBM0326,True,False,False
2026-03-30T20:00:00+00:00,2026-03-30T23:00:00+03:00,2026-03,EBM0326,2555.696040103802,EPIAS_VEP:EBM0326,True,False,False
2026-03-30T21:00:00+00:00,2026-03-31T00:00:00+03:00,2026-03,EBM0326,2555.390353348424,EPIAS_VEP:EBM0326,True,False,False
2026-03-30T22:00:00+00:00,2026-03-31T01:00:00+03:00,2026-03,EBM0326,2555.0331363620703,EPIAS_VEP:EBM0326,True,False,False
2026-03-30T23:00:00+00:00,2026-03-31T02:00:00+03:00,2026-03,EBM0326,2554.6203917159874,EPIAS_VEP:EBM0326,True,False,False
2026-03-31T00:00:00+00:00,2026-03-31T03:00:00+03:00,2026-03,EBM0326,2554.1481104409495,EPIAS_VEP:EBM0326,True,False,False
2026-03-31T01:00:00+00:00,2026-03-31T04:00:00+03:00,2026-03,EBM0326,2553.6123133017245,EPIAS_VEP:EBM0326,True,False,False
2026-03-31T02:00:00+00:00,2026-03-31T05:00:00+03:00,2026-03,EBM0326,2553.009098025199,EPIAS_VEP:EBM0326,True,False,False
2026-03-31T03:00:00+00:00,2026-03-31T06:00:00+03:00,2026-03,EBM0326,2552.334692880093,EPIAS_VEP:EBM0326,True,False,False
2026-03-31T04:00:00+00:00,2026-03-31T07:00:00+03:00,2026-03,EBM0326,2551.5855169984893,EPIAS_VEP:EBM0326,True,False,False
2026-03-31T05:00:00+00:00,2026-03-31T08:00:00+03:00,2026-03,EBM0326,2550.758247816348,EPIAS_VEP:EBM0326,True,False,False
2026-03-31T06:00:00+00:00,2026-03-31T09:00:00+03:00,2026-03,EBM0326,2549.8498959910926,EPIAS_VEP:EBM0326,True,False,False
2026-03-31T07:00:00+00:00,2026-03-31T10:00:00+03:00,2026-03,EBM0326,2548.85788812853,EPIAS_VEP:EBM0326,True,False,False
2026-03-31T08:00:00+00:00,2026-03-31T11:00:00+03:00,2026-03,EBM0326,2547.7801576180345,EPIAS_VEP:EBM0326,True,False,False
2026-03-31T09:00:00+00:00,2026-03-31T12:00:00+03:00,2026-03,EBM0326,2546.6152438333283,EPIAS_VEP:EBM0326,True,False,False
2026-03-31T10:00:00+00:00,2026-03-31T13:00:00+03:00,2026-03,EBM0326,2545.3623999055403,EPIAS_VEP:EBM0326,True,False,False
2026-03-31T11:00:00+00:00,2026-03-31T14:00:00+03:00,2026-03,EBM0326,2544.021709214593,EPIAS_VEP:EBM0326,True,False,False
2026-03-31T12:00:00+00:00,2026-03-31T15:00:00+03:00,2026-03,EBM0326,2542.59421067357,EPIAS_VEP:EBM0326,True,False,False
2026-03-31T13:00:00+00:00,2026-03-31T16:00:00+03:00,2026-03,EBM0326,2541.082032797802,EPIAS_VEP:EBM0326,True,False,False
2026-03-31T14:00:00+00:00,2026-03-31T17:00:00+03:00,2026-03,EBM0326,2539.488536454712,EPIAS_VEP:EBM0326,True,False,False
2026-03-31T15:00:00+00:00,2026-03-31T18:00:00+03:00,2026-03,EBM0326,2537.818466081645,EPIAS_VEP:EBM0326,True,False,False
2026-03-31T16:00:00+00:00,2026-03-31T19:00:00+03:00,2026-03,EBM0326,2536.0781090354394,EPIAS_VEP:EBM0326,True,False,False
2026-03-31T17:00:00+00:00,2026-03-31T20:00:00+03:00,2026-03,EBM0326,2534.2754625995244,EPIAS_VEP:EBM0326,True,False,False
2026-03-31T18:00:00+00:00,2026-03-31T21:00:00+03:00,2026-03,EBM0326,2532.420408019534,EPIAS_VEP:EBM0326,True,False,False
2026-03-31T19:00:00+00:00,2026-03-31T22:00:00+03:00,2026-03,EBM0326,2530.524890768049,EPIAS_VEP:EBM0326,True,False,False
2026-03-31T20:00:00+00:00,2026-03-31T23:00:00+03:00,2026-03,EBM0326,2528.6031060478217,EPIAS_VEP:EBM0326,True,False,False
2026-03-31T21:00:00+00:00,2026-04-01T00:00:00+03:00,2026-04,EBM0426,2526.671688348429,EPIAS_VEP:EBM0426,True,False,False
2026-03-31T22:00:00+00:00,2026-04-01T01:00:00+03:00,2026-04,EBM0426,2524.7499036220092,EPIAS_VEP:EBM0426,True,False,False
2026-03-31T23:00:00+00:00,2026-04-01T02:00:00+03:00,2026-04,EBM0426,2522.854386358114,EPIAS_VEP:EBM0426,True,False,False
2026-04-01T00:00:00+00:00,2026-04-01T03:00:00+03:00,2026-04,EBM0426,2520.9993317621825,EPIAS_VEP:EBM0426,True,False,False
2026-04-01T01:00:00+00:00,2026-04-01T04:00:00+03:00,2026-04,EBM0426,2519.196685307268,EPIAS_VEP:EBM0426,True,False,False
2026-04-01T02:00:00+00:00,2026-04-01T05:00:00+03:00,2026-04,EBM0426,2517.456328239499,EPIAS_VEP:EBM0426,True,False,False
2026-04-01T03:00:00+00:00,2026-04-01T06:00:00+03:00,2026-04,EBM0426,2515.7862578427203,EPIAS_VEP:EBM0426,True,False,False
2026-04-01T04:00:00+00:00,2026-04-01T07:00:00+03:00,2026-04,EBM0426,2514.1927614742035,EPIAS_VEP:EBM0426,True,False,False
2026-04-01T05:00:00+00:00,2026-04-01T08:00:00+03:00,2026-04,EBM0426,2512.680583571683,EPIAS_VEP:EBM0426,True,False,False
2026-04-01T06:00:00+00:00,2026-04-01T09:00:00+03:00,2026-04,EBM0426,2511.2530850029975,EPIAS_VEP:EBM0426,True,False,False
2026-04-01T07:00:00+00:00,2026-04-01T10:00:00+03:00,2026-04,EBM0426,2509.9123942838773,EPIAS_VEP:EBM0426,True,False,False
2026-04-01T08:00:00+00:00,2026-04-01T11:00:00+03:00,2026-04,EBM0426,2508.6595503278027,EPIAS_VEP:EBM0426,True,False,False
2026-04-01T09:00:00+00:00,2026-04-01T12:00:00+03:00,2026-04,EBM0426,2507.494636515074,EPIAS_VEP:EBM0426,True,False,False
2026-04-01T10:00:00+00:00,2026-04-01T13:00:00+03:00,2026-04,EBM0426,2506.4169059772107,EPIAS_VEP:EBM0426,True,False,False
2026-04-01T11:00:00+00:00,2026-04-01T14:00:00+03:00,2026-04,EBM0426,2505.424898088329,EPIAS_VEP:EBM0426,True,False,False
2026-04-01T12:00:00+00:00,2026-04-01T15:00:00+03:00,2026-04,EBM0426,2504.5165462381974,EPIAS_VEP:EBM0426,True,False,False
2026-04-01T13:00:00+00:00,2026-04-01T16:00:00+03:00,2026-04,EBM0426,2503.6892770330246,EPIAS_VEP:EBM0426,True,False,False
2026-04-01T14:00:00+00:00,2026-04-01T17:00:00+03:00,2026-04,EBM0426,2502.940101130644,EPIAS_VEP:EBM0426,True,False,False
2026-04-01T15:00:00+00:00,2026-04-01T18:00:00+03:00,2026-04,EBM0426,2502.265695967435,EPIAS_VEP:EBM0426,True,False,False
2026-04-01T16:00:00+00:00,2026-04-01T19:00:00+03:00,2026-04,EBM0426,2501.662480675912,EPIAS_VEP:EBM0426,True,False,False
2026-04-01T17:00:00+00:00,2026-04-01T20:00:00+03:00,2026-04,EBM0426,2501.1266835252445,EPIAS_VEP:EBM0426,True,False,False
2026-04-01T18:00:00+00:00,2026-04-01T21:00:00+03:00,2026-04,EBM0426,2500.6544022427847,EPIAS_VEP:EBM0426,True,False,False
2026-04-01T19:00:00+00:00,2026-04-01T22:00:00+03:00,2026-04,EBM0426,2500.241657593781,EPIAS_VEP:EBM0426,True,False,False
2026-04-01T20:00:00+00:00,2026-04-01T23:00:00+03:00,2026-04,EBM0426,2499.884440608503,EPIAS_VEP:EBM0426,True,False,False
2026-04-01T21:00:00+00:00,2026-04-02T00:00:00+03:00,2026-04,EBM0426,2499.5787538577115,EPIAS_VEP:EBM0426,True,False,False
2026-04-01T22:00:00+00:00,2026-04-02T01:00:00+03:00,2026-04,EBM0426,2499.320647174355,EPIAS_VEP:EBM0426,True,False,False
2026-04-01T23:00:00+00:00,2026-04-02T02:00:00+03:00,2026-04,EBM0426,2499.1062482222474,EPIAS_VEP:EBM0426,True,False,False
2026-04-02T00:00:00+00:00,2026-04-02T03:00:00+03:00,2026-04,EBM0426,2498.9317883067333,EPIAS_VEP:EBM0426,True,False,False
2026-04-02T01:00:00+00:00,2026-04-02T04:00:00+03:00,2026-04,EBM0426,2498.793623814584,EPIAS_VEP:EBM0426,True,False,False
2026-04-02T02:00:00+00:00,2026-04-02T05:00:00+03:00,2026-04,EBM0426,2498.6882536599896,EPIAS_VEP:EBM0426,True,False,False
2026-04-02T03:00:00+00:00,2026-04-02T06:00:00+03:00,2026-04,EBM0426,2498.612333101009,EPIAS_VEP:EBM0426,True,False,False
2026-04-02T04:00:00+00:00,2026-04-02T07:00:00+03:00,2026-04,EBM0426,2498.5626842765832,EPIAS_VEP:EBM0426,True,False,False
2026-04-02T05:00:00+00:00,2026-04-02T08:00:00+03:00,2026-04,EBM0426,2498.5363037985926,EPIAS_VEP:EBM0426,True,False,False
2026-04-02T06:00:00+00:00,2026-04-02T09:00:00+03:00,2026-04,EBM0426,2498.5303677167394,EPIAS_VEP:EBM0426,True,False,False
2026-04-02T07:00:00+00:00,2026-04-02T10:00:00+03:00,2026-04,EBM0426,2498.5422341565954,EPIAS_VEP:EBM0426,True,False,False
2026-04-02T08:00:00+00:00,2026-04-02T11:00:00+03:00,2026-04,EBM0426,2498.56944391321,EPIAS_VEP:EBM0426,True,False,False
2026-04-02T09:00:00+00:00,2026-04-02T12:00:00+03:00,2026-04,EBM0426,2498.609719264468,EPIAS_VEP:EBM0426,True,False,False
2026-04-02T10:00:00+00:00,2026-04-02T13:00:00+03:00,2026-04,EBM0426,2498.6609612501106,EPIAS_VEP:EBM0426,True,False,False
2026-04-02T11:00:00+00:00,2026-04-02T14:00:00+03:00,2026-04,EBM0426,2498.7212456442026,EPIAS_VEP:EBM0426,True,False,False
2026-04-02T12:00:00+00:00,2026-04-02T15:00:00+03:00,2026-04,EBM0426,2498.7888178309327,EPIAS_VEP:EBM0426,True,False,False
2026-04-02T13:00:00+00:00,2026-04-02T16:00:00+03:00,2026-04,EBM0426,2498.862086776174,EPIAS_VEP:EBM0426,True,False,False
2026-04-02T14:00:00+00:00,2026-04-02T17:00:00+03:00,2026-04,EBM0426,2498.9396182702653,EPIAS_VEP:EBM0426,True,False,False
2026-04-02T15:00:00+00:00,2026-04-02T18:00:00+03:00,2026-04,EBM0426,2499.0201276011194,EPIAS_VEP:EBM0426,True,False,False
2026-04-02T16:00:00+00:00,2026-04-02T19:00:00+03:00,2026-04,EBM0426,2499.10247180107,EPIAS_VEP:EBM0426,True,False,False
2026-04-02T17:00:00+00:00,2026-04-02T20:00:00+03:00,2026-04,EBM0426,2499.1856415959396,EPIAS_VEP:EBM0426,True,False,False
2026-04-02T18:00:00+00:00,2026-04-02T21:00:00+03:00,2026-04,EBM0426,2499.2687531706206,EPIAS_VEP:EBM0426,True,False,False
2026-04-02T19:00:00+00:00,2026-04-02T22:00:00+03:00,2026-04,EBM0426,2499.3510398520953,EPIAS_VEP:EBM0426,True,False,False
2026-04-02T20:00:00+00:00,2026-04-02T23:00:00+03:00,2026-04,EBM0426,2499.4318437982784,EPIAS_VEP:EBM0426,True,False,False
2026-04-02T21:00:00+00:00,2026-04-03T00:00:00+03:00,2026-04,EBM0426,2499.510607769349,EPIAS_VEP:EBM0426,True,False,False
2026-04-02T22:00:00+00:00,2026-04-03T01:00:00+03:00,2026-04,EBM0426,2499.586867047356,EPIAS_VEP:EBM0426,True,False,False
2026-04-02T23:00:00+00:00,2026-04-03T02:00:00+03:00,2026-04,EBM0426,2499.6602415598204,EPIAS_VEP:EBM0426,True,False,False
2026-04-03T00:00:00+00:00,2026-04-03T03:00:00+03:00,2026-04,EBM0426,2499.73042825381,EPIAS_VEP:EBM0426,True,False,False
2026-04-03T01:00:00+00:00,2026-04-03T04:00:00+03:00,2026-04,EBM0426,2499.7971937584866,EPIAS_VEP:EBM0426,True,False,False
2026-04-03T02:00:00+00:00,2026-04-03T05:00:00+03:00,2026-04,EBM0426,2499.860367366438,EPIAS_VEP:EBM0426,True,False,False
2026-04-03T03:00:00+00:00,2026-04-03T06:00:00+03:00,2026-04,EBM0426,2499.919834357123,EPIAS_VEP:EBM0426,True,False,False
2026-04-03T04:00:00+00:00,2026-04-03T07:00:00+03:00,2026-04,EBM0426,2499.975529679515,EPIAS_VEP:EBM0426,True,False,False
2026-04-03T05:00:00+00:00,2026-04-03T08:00:00+03:00,2026-04,EBM0426,2500.027432005402,EPIAS_VEP:EBM0426,True,False,False
2026-04-03T06:00:00+00:00,2026-04-03T09:00:00+03:00,2026-04,EBM0426,2500.075558159849,EPIAS_VEP:EBM0426,True,False,False
2026-04-03T07:00:00+00:00,2026-04-03T10:00:00+03:00,2026-04,EBM0426,2500.1199579309746,EPIAS_VEP:EBM0426,True,False,False
2026-04-03T08:00:00+00:00,2026-04-03T11:00:00+03:00,2026-04,EBM0426,2500.1607092573286,EPIAS_VEP:EBM0426,True,False,False
2026-04-03T09:00:00+00:00,2026-04-03T12:00:00+03:00,2026-04,EBM0426,2500.19791378792,EPIAS_VEP:EBM0426,True,False,False
2026-04-03T10:00:00+00:00,2026-04-03T13:00:00+03:00,2026-04,EBM0426,2500.2316928070795,EPIAS_VEP:EBM0426,True,False,False
2026-04-03T11:00:00+00:00,2026-04-03T14:00:00+03:00,2026-04,EBM0426,2500.26218351401,EPIAS_VEP:EBM0426,True,False,False
2026-04-03T12:00:00+00:00,2026-04-03T15:00:00+03:00,2026-04,EBM0426,2500.2895356448817,EPIAS_VEP:EBM0426,True,False,False
2026-04-03T13:00:00+00:00,2026-04-03T16:00:00+03:00,2026-04,EBM0426,2500.313908423763,EPIAS_VEP:EBM0426,True,False,False
2026-04-03T14:00:00+00:00,2026-04-03T17:00:00+03:00,2026-04,EBM0426,2500.3354678274077,EPIAS_VEP:EBM0426,True,False,False
2026-04-03T15:00:00+00:00,2026-04-03T18:00:00+03:00,2026-04,EBM0426,2500.3543841479745,EPIAS_VEP:EBM0426,True,False,False
2026-04-03T16:00:00+00:00,2026-04-03T19:00:00+03:00,2026-04,EBM0426,2500.370829837089,EPIAS_VEP:EBM0426,True,False,False
2026-04-03T17:00:00+00:00,2026-04-03T20:00:00+03:00,2026-04,EBM0426,2500.38497761421,EPIAS_VEP:EBM0426,True,False,False
2026-04-03T18:00:00+00:00,2026-04-03T21:00:00+03:00,2026-04,EBM0426,2500.3969988220624,EPIAS_VEP:EBM0426,True,False,False
2026-04-03T19:00:00+00:00,2026-04-03T22:00:00+03:00,2026-04,EBM0426,2500.4070620118587,EPIAS_VEP:EBM0426,True,False,False
2026-04-03T20:00:00+00:00,2026-04-03T23:00:00+03:00,2026-04,EBM0426,2500.415331741179,EPIAS_VEP:EBM0426,True,False,False
2026-04-03T21:00:00+00:00,2026-04-04T00:00:00+03:00,2026-04,EBM0426,2500.421967567652,EPIAS_VEP:EBM0426,True,False,False
2026-04-03T22:00:00+00:00,2026-04-04T01:00:00+03:00,2026-04,EBM0426,2500.42712322198,EPIAS_VEP:EBM0426,True,False,False
2026-04-03T23:00:00+00:00,2026-04-04T02:00:00+03:00,2026-04,EBM0426,2500.4309459443593,EPIAS_VEP:EBM0426,True,False,False
2026-04-04T00:00:00+00:00,2026-04-04T03:00:00+03:00,2026-04,EBM0426,2500.433575968913,EPIAS_VEP:EBM0426,True,False,False
2026-04-04T01:00:00+00:00,2026-04-04T04:00:00+03:00,2026-04,EBM0426,2500.435146141417,EPIAS_VEP:EBM0426,True,False,False
2026-04-04T02:00:00+00:00,2026-04-04T05:00:00+03:00,2026-04,EBM0426,2500.4357816563033,EPIAS_VEP:EBM0426,True,False,False
2026-04-04T03:00:00+00:00,2026-04-04T06:00:00+03:00,2026-04,EBM0426,2500.4355998996375,EPIAS_VEP:EBM0426,True,False,False
2026-04-04T04:00:00+00:00,2026-04-04T07:00:00+03:00,2026-04,EBM0426,2500.434710385569,EPIAS_VEP:EBM0426,True,False,False
2026-04-04T05:00:00+00:00,2026-04-04T08:00:00+03:00,2026-04,EBM0426,2500.433214774505,EPIAS_VEP:EBM0426,True,False,False
2026-04-04T06:00:00+00:00,2026-04-04T09:00:00+03:00,2026-04,EBM0426,2500.4312069620655,EPIAS_VEP:EBM0426,True,False,False
2026-04-04T07:00:00+00:00,2026-04-04T10:00:00+03:00,2026-04,EBM0426,2500.4287732286425,EPIAS_VEP:EBM0426,True,False,False
2026-04-04T08:00:00+00:00,2026-04-04T11:00:00+03:00,2026-04,EBM0426,2500.4259924401817,EPIAS_VEP:EBM0426,True,False,False
2026-04-04T09:00:00+00:00,2026-04-04T12:00:00+03:00,2026-04,EBM0426,2500.422936291554,EPIAS_VEP:EBM0426,True,False,False
2026-04-04T10:00:00+00:00,2026-04-04T13:00:00+03:00,2026-04,EBM0426,2500.4196695846354,EPIAS_VEP:EBM0426,True,False,False
2026-04-04T11:00:00+00:00,2026-04-04T14:00:00+03:00,2026-04,EBM0426,2500.4162505339223,EPIAS_VEP:EBM0426,True,False,False
2026-04-04T12:00:00+00:00,2026-04-04T15:00:00+03:00,2026-04,EBM0426,2500.412731093201,EPIAS_VEP:EBM0426,True,False,False
2026-04-04T13:00:00+00:00,2026-04-04T16:00:00+03:00,2026-04,EBM0426,2500.409157297454,EPIAS_VEP:EBM0426,True,False,False
2026-04-04T14:00:00+00:00,2026-04-04T17:00:00+03:00,2026-04,EBM0426,2500.4055696148084,EPIAS_VEP:EBM0426,True,False,False
2026-04-04T15:00:00+00:00,2026-04-04T18:00:00+03:00,2026-04,EBM0426,2500.4020033039105,EPIAS_VEP:EBM0426,True,False,False
2026-04-04T16:00:00+00:00,2026-04-04T19:00:00+03:00,2026-04,EBM0426,2500.398488772696,EPIAS_VEP:EBM0426,True,False,False
2026-04-04T17:00:00+00:00,2026-04-04T20:00:00+03:00,2026-04,EBM0426,2500.3950519350196,EPIAS_VEP:EBM0426,True,False,False
2026-04-04T18:00:00+00:00,2026-04-04T21:00:00+03:00,2026-04,EBM0426,2500.3917145621085,EPIAS_VEP:EBM0426,True,False,False
2026-04-04T19:00:00+00:00,2026-04-04T22:00:00+03:00,2026-04,EBM0426,2500.3884946262447,EPIAS_VEP:EBM0426,True,False,False
2026-04-04T20:00:00+00:00,2026-04-04T23:00:00+03:00,2026-04,EBM0426,2500.385406634504,EPIAS_VEP:EBM0426,True,False,False
2026-04-04T21:00:00+00:00,2026-04-05T00:00:00+03:00,2026-04,EBM0426,2500.3824619507495,EPIAS_VEP:EBM0426,True,False,False
2026-04-04T22:00:00+00:00,2026-04-05T01:00:00+03:00,2026-04,EBM0426,2500.3796691044327,EPIAS_VEP:EBM0426,True,False,False
2026-04-04T23:00:00+00:00,2026-04-05T02:00:00+03:00,2026-04,EBM0426,2500.377034085056,EPIAS_VEP:EBM0426,True,False,False
2026-04-05T00:00:00+00:00,2026-04-05T03:00:00+03:00,2026-04,EBM0426,2500.374560621464,EPIAS_VEP:EBM0426,True,False,False
2026-04-05T01:00:00+00:00,2026-04-05T04:00:00+03:00,2026-04,EBM0426,2500.3722504453417,EPIAS_VEP:EBM0426,True,False,False
2026-04-05T02:00:00+00:00,2026-04-05T05:00:00+03:00,2026-04,EBM0426,2500.3701035385593,EPIAS_VEP:EBM0426,True,False,False
2026-04-05T03:00:00+00:00,2026-04-05T06:00:00+03:00,2026-04,EBM0426,2500.3681183641925,EPIAS_VEP:EBM0426,True,False,False
2026-04-05T04:00:00+00:00,2026-04-05T07:00:00+03:00,2026-04,EBM0426,2500.3662920812135,EPIAS_VEP:EBM0426,True,False,False
2026-04-05T05:00:00+00:00,2026-04-05T08:00:00+03:00,2026-04,EBM0426,2500.3646207430065,EPIAS_VEP:EBM0426,True,False,False
2026-04-05T06:00:00+00:00,2026-04-05T09:00:00+03:00,2026-04,EBM0426,2500.3630994799964,EPIAS_VEP:EBM0426,True,False,False
2026-04-05T07:00:00+00:00,2026-04-05T10:00:00+03:00,2026-04,EBM0426,2500.3617226667816,EPIAS_VEP:EBM0426,True,False,False
2026-04-05T08:00:00+00:00,2026-04-05T11:00:00+03:00,2026-04,EBM0426,2500.3604840742632,EPIAS_VEP:EBM0426,True,False,False
2026-04-05T09:00:00+00:00,2026-04-05T12:00:00+03:00,2026-04,EBM0426,2500.3593770073253,EPIAS_VEP:EBM0426,True,False,False
2026-04-05T10:00:00+00:00,2026-04-05T13:00:00+03:00,2026-04,EBM0426,2500.3583944286934,EPIAS_VEP:EBM0426,True,False,False
2026-04-05T11:00:00+00:00,2026-04-05T14:00:00+03:00,2026-04,EBM0426,2500.3575290696417,EPIAS_VEP:EBM0426,True,False,False
2026-04-05T12:00:00+00:00,2026-04-05T15:00:00+03:00,2026-04,EBM0426,2500.356773528252,EPIAS_VEP:EBM0426,True,False,False
2026-04-05T13:00:00+00:00,2026-04-05T16:00:00+03:00,2026-04,EBM0426,2500.356120355948,EPIAS_VEP:EBM0426,True,False,False
2026-04-05T14:00:00+00:00,2026-04-05T17:00:00+03:00,2026-04,EBM0426,2500.355562133051,EPIAS_VEP:EBM0426,True,False,False
2026-04-05T15:00:00+00:00,2026-04-05T18:00:00+03:00,2026-04,EBM0426,2500.3550915340957,EPIAS_VEP:EBM0426,True,False,False
2026-04-05T16:00:00+00:00,2026-04-05T19:00:00+03:00,2026-04,EBM0426,2500.3547013836524,EPIAS_VEP:EBM0426,True,False,False
2026-04-05T17:00:00+00:00,2026-04-05T20:00:00+03:00,2026-04,EBM0426,2500.3543847033875,EPIAS_VEP:EBM0426,True,False,False
2026-04-05T18:00:00+00:00,2026-04-05T21:00:00+03:00,2026-04,EBM0426,2500.35413475108,EPIAS_VEP:EBM0426,True,False,False
2026-04-05T19:00:00+00:00,2026-04-05T22:00:00+03:00,2026-04,EBM0426,2500.353945052285,EPIAS_VEP:EBM0426,True,False,False
2026-04-05T20:00:00+00:00,2026-04-05T23:00:00+03:00,2026-04,EBM0426,2500.3538094253317,EPIAS_VEP:EBM0426,True,False,False
2026-04-05T21:00:00+00:00,2026-04-06T00:00:00+03:00,2026-04,EBM0426,2500.3537220002927,EPIAS_VEP:EBM0426,True,False,False
2026-04-05T22:00:00+00:00,2026-04-06T01:00:00+03:00,2026-04,EBM0426,2500.353677232547,EPIAS_VEP:EBM0426,True,False,False
2026-04-05T23:00:00+00:00,2026-04-06T02:00:00+03:00,2026-04,EBM0426,2500.353669911521,EPIAS_VEP:EBM0426,True,False,False
2026-04-06T00:00:00+00:00,2026-04-06T03:00:00+03:00,2026-04,EBM0426,2500.353695165169,EPIAS_VEP:EBM0426,True,False,False
2026-04-06T01:00:00+00:00,2026-04-06T04:00:00+03:00,2026-04,EBM0426,2500.353748460702,EPIAS_VEP:EBM0426,True,False,False
2026-04-06T02:00:00+00:00,2026-04-06T05:00:00+03:00,2026-04,EBM0426,2500.353825602064,EPIAS_VEP:EBM0426,True,False,False
2026-04-06T03:00:00+00:00,2026-04-06T06:00:00+03:00,2026-04,EBM0426,2500.3539227246033,EPIAS_VEP:EBM0426,True,False,False
2026-04-06T04:00:00+00:00,2026-04-06T07:00:00+03:00,2026-04,EBM0426,2500.354036287358,EPIAS_VEP:EBM0426,True,False,False
2026-04-06T05:00:00+00:00,2026-04-06T08:00:00+03:00,2026-04,EBM0426,2500.3541630633417,EPIAS_VEP:EBM0426,True,False,False
2026-04-06T06:00:00+00:00,2026-04-06T09:00:00+03:00,2026-04,EBM0426,2500.3543001281873,EPIAS_VEP:EBM0426,True,False,False
2026-04-06T07:00:00+00:00,2026-04-06T10:00:00+03:00,2026-04,EBM0426,2500.3544448474713,EPIAS_VEP:EBM0426,True,False,False
2026-04-06T08:00:00+00:00,2026-04-06T11:00:00+03:00,2026-04,EBM0426,2500.3545948630067,EPIAS_VEP:EBM0426,True,False,False
2026-04-06T09:00:00+00:00,2026-04-06T12:00:00+03:00,2026-04,EBM0426,2500.354748078371,EPIAS_VEP:EBM0426,True,False,False
2026-04-06T10:00:00+00:00,2026-04-06T13:00:00+03:00,2026-04,EBM0426,2500.3549026439055,EPIAS_VEP:EBM0426,True,False,False
2026-04-06T11:00:00+00:00,2026-04-06T14:00:00+03:00,2026-04,EBM0426,2500.355056941394,EPIAS_VEP:EBM0426,True,False,False
2026-04-06T12:00:00+00:00,2026-04-06T15:00:00+03:00,2026-04,EBM0426,2500.355209568606,EPIAS_VEP:EBM0426,True,False,False
2026-04-06T13:00:00+00:00,2026-04-06T16:00:00+03:00,2026-04,EBM0426,2500.3553593238626,EPIAS_VEP:EBM0426,True,False,False
2026-04-06T14:00:00+00:00,2026-04-06T17:00:00+03:00,2026-04,EBM0426,2500.355505190778,EPIAS_VEP:EBM0426,True,False,False
2026-04-06T15:00:00+00:00,2026-04-06T18:00:00+03:00,2026-04,EBM0426,2500.3556463232853,EPIAS_VEP:EBM0426,True,False,False
2026-04-06T16:00:00+00:00,2026-04-06T19:00:00+03:00,2026-04,EBM0426,2500.355782031047,EPIAS_VEP:EBM0426,True,False,False
2026-04-06T17:00:00+00:00,2026-04-06T20:00:00+03:00,2026-04,EBM0426,2500.3559117653435,EPIAS_VEP:EBM0426,True,False,False
2026-04-06T18:00:00+00:00,2026-04-06T21:00:00+03:00,2026-04,EBM0426,2500.3560351055003,EPIAS_VEP:EBM0426,True,False,False
2026-04-06T19:00:00+00:00,2026-04-06T22:00:00+03:00,2026-04,EBM0426,2500.3561517459148,EPIAS_VEP:EBM0426,True,False,False
2026-04-06T20:00:00+00:00,2026-04-06T23:00:00+03:00,2026-04,EBM0426,2500.3562614837238,EPIAS_VEP:EBM0426,True,False,False
2026-04-06T21:00:00+00:00,2026-04-07T00:00:00+03:00,2026-04,EBM0426,2500.3563642071394,EPIAS_VEP:EBM0426,True,False,False
2026-04-06T22:00:00+00:00,2026-04-07T01:00:00+03:00,2026-04,EBM0426,2500.356459884475,EPIAS_VEP:EBM0426,True,False,False
2026-04-06T23:00:00+00:00,2026-04-07T02:00:00+03:00,2026-04,EBM0426,2500.356548553872,EPIAS_VEP:EBM0426,True,False,False
2026-04-07T00:00:00+00:00,2026-04-07T03:00:00+03:00,2026-04,EBM0426,2500.356630313733,EPIAS_VEP:EBM0426,True,False,False
2026-04-07T01:00:00+00:00,2026-04-07T04:00:00+03:00,2026-04,EBM0426,2500.356705313855,EPIAS_VEP:EBM0426,True,False,False
2026-04-07T02:00:00+00:00,2026-04-07T05:00:00+03:00,2026-04,EBM0426,2500.3567737472526,EPIAS_VEP:EBM0426,True,False,False
2026-04-07T03:00:00+00:00,2026-04-07T06:00:00+03:00,2026-04,EBM0426,2500.356835842661,EPIAS_VEP:EBM0426,True,False,False
2026-04-07T04:00:00+00:00,2026-04-07T07:00:00+03:00,2026-04,EBM0426,2500.3568918576893,EPIAS_VEP:EBM0426,True,False,False
2026-04-07T05:00:00+00:00,2026-04-07T08:00:00+03:00,2026-04,EBM0426,2500.3569420726126,EPIAS_VEP:EBM0426,True,False,False
2026-04-07T06:00:00+00:00,2026-04-07T09:00:00+03:00,2026-04,EBM0426,2500.35698678477,EPIAS_VEP:EBM0426,True,False,False
2026-04-07T07:00:00+00:00,2026-04-07T10:00:00+03:00,2026-04,EBM0426,2500.357026303543,EPIAS_VEP:EBM0426,True,False,False
2026-04-07T08:00:00+00:00,2026-04-07T11:00:00+03:00,2026-04,EBM0426,2500.357060945882,EPIAS_VEP:EBM0426,True,False,False
2026-04-07T09:00:00+00:00,2026-04-07T12:00:00+03:00,2026-04,EBM0426,2500.357091032356,EPIAS_VEP:EBM0426,True,False,False
2026-04-07T10:00:00+00:00,2026-04-07T13:00:00+03:00,2026-04,EBM0426,2500.357116883691,EPIAS_VEP:EBM0426,True,False,False
2026-04-07T11:00:00+00:00,2026-04-07T14:00:00+03:00,2026-04,EBM0426,2500.3571388177593,EPIAS_VEP:EBM0426,True,False,False
2026-04-07T12:00:00+00:00,2026-04-07T15:00:00+03:00,2026-04,EBM0426,2500.357157146995,EPIAS_VEP:EBM0426,True,False,False
2026-04-07T13:00:00+00:00,2026-04-07T16:00:00+03:00,2026-04,EBM0426,2500.3571721762005,EPIAS_VEP:EBM0426,True,False,False
2026-04-07T14:00:00+00:00,2026-04-07T17:00:00+03:00,2026-04,EBM0426,2500.3571842007123,EPIAS_VEP:EBM0426,True,False,False
2026-04-07T15:00:00+00:00,2026-04-07T18:00:00+03:00,2026-04,EBM0426,2500.3571935049004,EPIAS_VEP:EBM0426,True,False,False
2026-04-07T16:00:00+00:00,2026-04-07T19:00:00+03:00,2026-04,EBM0426,2500.3572003609643,EPIAS_VEP:EBM0426,True,False,False
2026-04-07T17:00:00+00:00,2026-04-07T20:00:00+03:00,2026-04,EBM0426,2500.3572050280013,EPIAS_VEP:EBM0426,True,False,False
2026-04-07T18:00:00+00:00,2026-04-07T21:00:00+03:00,2026-04,EBM0426,2500.3572077513227,EPIAS_VEP:EBM0426,True,False,False
2026-04-07T19:00:00+00:00,2026-04-07T22:00:00+03:00,2026-04,EBM0426,2500.3572087619846,EPIAS_VEP:EBM0426,True,False,False
2026-04-07T20:00:00+00:00,2026-04-07T23:00:00+03:00,2026-04,EBM0426,2500.3572082765168,EPIAS_VEP:EBM0426,True,False,False
2026-04-07T21:00:00+00:00,2026-04-08T00:00:00+03:00,2026-04,EBM0426,2500.3572064968234,EPIAS_VEP:EBM0426,True,False,False
2026-04-07T22:00:00+00:00,2026-04-08T01:00:00+03:00,2026-04,EBM0426,2500.3572036102314,EPIAS_VEP:EBM0426,True,False,False
2026-04-07T23:00:00+00:00,2026-04-08T02:00:00+03:00,2026-04,EBM0426,2500.357199789666,EPIAS_VEP:EBM0426,True,False,False
2026-04-08T00:00:00+00:00,2026-04-08T03:00:00+03:00,2026-04,EBM0426,2500.3571951939407,EPIAS_VEP:EBM0426,True,False,False
2026-04-08T01:00:00+00:00,2026-04-08T04:00:00+03:00,2026-04,EBM0426,2500.3571899681383,EPIAS_VEP:EBM0426,True,False,False
2026-04-08T02:00:00+00:00,2026-04-08T05:00:00+03:00,2026-04,EBM0426,2500.357184244071,EPIAS_VEP:EBM0426,True,False,False
2026-04-08T03:00:00+00:00,2026-04-08T06:00:00+03:00,2026-04,EBM0426,2500.357178140804,EPIAS_VEP:EBM0426,True,False,False
2026-04-08T04:00:00+00:00,2026-04-08T07:00:00+03:00,2026-04,EBM0426,2500.3571717652276,EPIAS_VEP:EBM0426,True,False,False
2026-04-08T05:00:00+00:00,2026-04-08T08:00:00+03:00,2026-04,EBM0426,2500.3571652126675,EPIAS_VEP:EBM0426,True,False,False
2026-04-08T06:00:00+00:00,2026-04-08T09:00:00+03:00,2026-04,EBM0426,2500.3571585675245,EPIAS_VEP:EBM0426,True,False,False
2026-04-08T07:00:00+00:00,2026-04-08T10:00:00+03:00,2026-04,EBM0426,2500.357151903926,EPIAS_VEP:EBM0426,True,False,False
2026-04-08T08:00:00+00:00,2026-04-08T11:00:00+03:00,2026-04,EBM0426,2500.357145286392,EPIAS_VEP:EBM0426,True,False,False
2026-04-08T09:00:00+00:00,2026-04-08T12:00:00+03:00,2026-04,EBM0426,2500.3571387705033,EPIAS_VEP:EBM0426,True,False,False
2026-04-08T10:00:00+00:00,2026-04-08T13:00:00+03:00,2026-04,EBM0426,2500.3571324035597,EPIAS_VEP:EBM0426,True,False,False
2026-04-08T11:00:00+00:00,2026-04-08T14:00:00+03:00,2026-04,EBM0426,2500.357126225233,EPIAS_VEP:EBM0426,True,False,False
2026-04-08T12:00:00+00:00,2026-04-08T15:00:00+03:00,2026-04,EBM0426,2500.357120268204,EPIAS_VEP:EBM0426,True,False,False
2026-04-08T13:00:00+00:00,2026-04-08T16:00:00+03:00,2026-04,EBM0426,2500.3571145587784,EPIAS_VEP:EBM0426,True,False,False
2026-04-08T14:00:00+00:00,2026-04-08T17:00:00+03:00,2026-04,EBM0426,2500.3571091174854,EPIAS_VEP:EBM0426,True,False,False
2026-04-08T15:00:00+00:00,2026-04-08T18:00:00+03:00,2026-04,EBM0426,2500.3571039596486,EPIAS_VEP:EBM0426,True,False,False
2026-04-08T16:00:00+00:00,2026-04-08T19:00:00+03:00,2026-04,EBM0426,2500.35709909593,EPIAS_VEP:EBM0426,True,False,False
2026-04-08T17:00:00+00:00,2026-04-08T20:00:00+03:00,2026-04,EBM0426,2500.3570945328433,EPIAS_VEP:EBM0426,True,False,False
2026-04-08T18:00:00+00:00,2026-04-08T21:00:00+03:00,2026-04,EBM0426,2500.357090273241,EPIAS_VEP:EBM0426,True,False,False
2026-04-08T19:00:00+00:00,2026-04-08T22:00:00+03:00,2026-04,EBM0426,2500.3570863167715,EPIAS_VEP:EBM0426,True,False,False
2026-04-08T20:00:00+00:00,2026-04-08T23:00:00+03:00,2026-04,EBM0426,2500.357082660305,EPIAS_VEP:EBM0426,True,False,False
2026-04-08T21:00:00+00:00,2026-04-09T00:00:00+03:00,2026-04,EBM0426,2500.357079298329,EPIAS_VEP:EBM0426,True,False,False
2026-04-08T22:00:00+00:00,2026-04-09T01:00:00+03:00,2026-04,EBM0426,2500.357076223316,EPIAS_VEP:EBM0426,True,False,False
2026-04-08T23:00:00+00:00,2026-04-09T02:00:00+03:00,2026-04,EBM0426,2500.3570734260575,EPIAS_VEP:EBM0426,True,False,False
2026-04-09T00:00:00+00:00,2026-04-09T03:00:00+03:00,2026-04,EBM0426,2500.3570708959724,EPIAS_VEP:EBM0426,True,False,False
2026-04-09T01:00:00+00:00,2026-04-09T04:00:00+03:00,2026-04,EBM0426,2500.3570686213875,EPIAS_VEP:EBM0426,True,False,False
2026-04-09T02:00:00+00:00,2026-04-09T05:00:00+03:00,2026-04,EBM0426,2500.35706658979,EPIAS_VEP:EBM0426,True,False,False
2026-04-09T03:00:00+00:00,2026-04-09T06:00:00+03:00,2026-04,EBM0426,2500.357064788053,EPIAS_VEP:EBM0426,True,False,False
2026-04-09T04:00:00+00:00,2026-04-09T07:00:00+03:00,2026-04,EBM0426,2500.357063202639,EPIAS_VEP:EBM0426,True,False,False
2026-04-09T05:00:00+00:00,2026-04-09T08:00:00+03:00,2026-04,EBM0426,2500.3570618197823,EPIAS_VEP:EBM0426,True,False,False
2026-04-09T06:00:00+00:00,2026-04-09T09:00:00+03:00,2026-04,EBM0426,2500.357060625645,EPIAS_VEP:EBM0426,True,False,False
2026-04-09T07:00:00+00:00,2026-04-09T10:00:00+03:00,2026-04,EBM0426,2500.3570596064565,EPIAS_VEP:EBM0426,True,False,False
2026-04-09T08:00:00+00:00,2026-04-09T11:00:00+03:00,2026-04,EBM0426,2500.3570587486347,EPIAS_VEP:EBM0426,True,False,False
2026-04-09T09:00:00+00:00,2026-04-09T12:00:00+03:00,2026-04,EBM0426,2500.3570580388846,EPIAS_VEP:EBM0426,True,False,False
2026-04-09T10:00:00+00:00,2026-04-09T13:00:00+03:00,2026-04,EBM0426,2500.357057464285,EPIAS_VEP:EBM0426,True,False,False
2026-04-09T11:00:00+00:00,2026-04-09T14:00:00+03:00,2026-04,EBM0426,2500.35705701236,EPIAS_VEP:EBM0426,True,False,False
2026-04-09T12:00:00+00:00,2026-04-09T15:00:00+03:00,2026-04,EBM0426,2500.357056671137,EPIAS_VEP:EBM0426,True,False,False
2026-04-09T13:00:00+00:00,2026-04-09T16:00:00+03:00,2026-04,EBM0426,2500.3570564291913,EPIAS_VEP:EBM0426,True,False,False
2026-04-09T14:00:00+00:00,2026-04-09T17:00:00+03:00,2026-04,EBM0426,2500.357056275681,EPIAS_VEP:EBM0426,True,False,False
2026-04-09T15:00:00+00:00,2026-04-09T18:00:00+03:00,2026-04,EBM0426,2500.35705620037,EPIAS_VEP:EBM0426,True,False,False
2026-04-09T16:00:00+00:00,2026-04-09T19:00:00+03:00,2026-04,EBM0426,2500.357056193644,EPIAS_VEP:EBM0426,True,False,False
2026-04-09T17:00:00+00:00,2026-04-09T20:00:00+03:00,2026-04,EBM0426,2500.3570562465175,EPIAS_VEP:EBM0426,True,False,False
2026-04-09T18:00:00+00:00,2026-04-09T21:00:00+03:00,2026-04,EBM0426,2500.3570563506346,EPIAS_VEP:EBM0426,True,False,False
2026-04-09T19:00:00+00:00,2026-04-09T22:00:00+03:00,2026-04,EBM0426,2500.357056498264,EPIAS_VEP:EBM0426,True,False,False
2026-04-09T20:00:00+00:00,2026-04-09T23:00:00+03:00,2026-04,EBM0426,2500.357056682289,EPIAS_VEP:EBM0426,True,False,False
2026-04-09T21:00:00+00:00,2026-04-10T00:00:00+03:00,2026-04,EBM0426,2500.3570568961923,EPIAS_VEP:EBM0426,True,False,False
2026-04-09T22:00:00+00:00,2026-04-10T01:00:00+03:00,2026-04,EBM0426,2500.357057134039,EPIAS_VEP:EBM0426,True,False,False
2026-04-09T23:00:00+00:00,2026-04-10T02:00:00+03:00,2026-04,EBM0426,2500.357057390456,EPIAS_VEP:EBM0426,True,False,False
2026-04-10T00:00:00+00:00,2026-04-10T03:00:00+03:00,2026-04,EBM0426,2500.357057660603,EPIAS_VEP:EBM0426,True,False,False
2026-04-10T01:00:00+00:00,2026-04-10T04:00:00+03:00,2026-04,EBM0426,2500.3570579401517,EPIAS_VEP:EBM0426,True,False,False
2026-04-10T02:00:00+00:00,2026-04-10T05:00:00+03:00,2026-04,EBM0426,2500.357058225258,EPIAS_VEP:EBM0426,True,False,False
2026-04-10T03:00:00+00:00,2026-04-10T06:00:00+03:00,2026-04,EBM0426,2500.357058512532,EPIAS_VEP:EBM0426,True,False,False
2026-04-10T04:00:00+00:00,2026-04-10T07:00:00+03:00,2026-04,EBM0426,2500.357058799011,EPIAS_VEP:EBM0426,True,False,False
2026-04-10T05:00:00+00:00,2026-04-10T08:00:00+03:00,2026-04,EBM0426,2500.35705908213,EPIAS_VEP:EBM0426,True,False,False
2026-04-10T06:00:00+00:00,2026-04-10T09:00:00+03:00,2026-04,EBM0426,2500.3570593596933,EPIAS_VEP:EBM0426,True,False,False
2026-04-10T07:00:00+00:00,2026-04-10T10:00:00+03:00,2026-04,EBM0426,2500.3570596298478,EPIAS_VEP:EBM0426,True,False,False
2026-04-10T08:00:00+00:00,2026-04-10T11:00:00+03:00,2026-04,EBM0426,2500.3570598910514,EPIAS_VEP:EBM0426,True,False,False
2026-04-10T09:00:00+00:00,2026-04-10T12:00:00+03:00,2026-04,EBM0426,2500.3570601420492,EPIAS_VEP:EBM0426,True,False,False
2026-04-10T10:00:00+00:00,2026-04-10T13:00:00+03:00,2026-04,EBM0426,2500.3570603818475,EPIAS_VEP:EBM0426,True,False,False
2026-04-10T11:00:00+00:00,2026-04-10T14:00:00+03:00,2026-04,EBM0426,2500.357060609688,EPIAS_VEP:EBM0426,True,False,False
2026-04-10T12:00:00+00:00,2026-04-10T15:00:00+03:00,2026-04,EBM0426,2500.357060825023,EPIAS_VEP:EBM0426,True,False,False
2026-04-10T13:00:00+00:00,2026-04-10T16:00:00+03:00,2026-04,EBM0426,2500.357061027495,EPIAS_VEP:EBM0426,True,False,False
2026-04-10T14:00:00+00:00,2026-04-10T17:00:00+03:00,2026-04,EBM0426,2500.3570612169156,EPIAS_VEP:EBM0426,True,False,False
2026-04-10T15:00:00+00:00,2026-04-10T18:00:00+03:00,2026-04,EBM0426,2500.3570613932407,EPIAS_VEP:EBM0426,True,False,False
2026-04-10T16:00:00+00:00,2026-04-10T19:00:00+03:00,2026-04,EBM0426,2500.357061556556,EPIAS_VEP:EBM0426,True,False,False
2026-04-10T17:00:00+00:00,2026-04-10T20:00:00+03:00,2026-04,EBM0426,2500.3570617070577,EPIAS_VEP:EBM0426,True,False,False
2026-04-10T18:00:00+00:00,2026-04-10T21:00:00+03:00,2026-04,EBM0426,2500.3570618450344,EPIAS_VEP:EBM0426,True,False,False
2026-04-10T19:00:00+00:00,2026-04-10T22:00:00+03:00,2026-04,EBM0426,2500.3570619708516,EPIAS_VEP:EBM0426,True,False,False
2026-04-10T20:00:00+00:00,2026-04-10T23:00:00+03:00,2026-04,EBM0426,2500.3570620849414,EPIAS_VEP:EBM0426,True,False,False
2026-04-10T21:00:00+00:00,2026-04-11T00:00:00+03:00,2026-04,EBM0426,2500.357062187787,EPIAS_VEP:EBM0426,True,False,False
2026-04-10T22:00:00+00:00,2026-04-11T01:00:00+03:00,2026-04,EBM0426,2500.357062279914,EPIAS_VEP:EBM0426,True,False,False
2026-04-10T23:00:00+00:00,2026-04-11T02:00:00+03:00,2026-04,EBM0426,2500.357062361879,EPIAS_VEP:EBM0426,True,False,False
2026-04-11T00:00:00+00:00,2026-04-11T03:00:00+03:00,2026-04,EBM0426,2500.357062434259,EPIAS_VEP:EBM0426,True,False,False
2026-04-11T01:00:00+00:00,2026-04-11T04:00:00+03:00,2026-04,EBM0426,2500.357062497646,EPIAS_VEP:EBM0426,True,False,False
2026-04-11T02:00:00+00:00,2026-04-11T05:00:00+03:00,2026-04,EBM0426,2500.357062552636,EPIAS_VEP:EBM0426,True,False,False
2026-04-11T03:00:00+00:00,2026-04-11T06:00:00+03:00,2026-04,EBM0426,2500.357062599824,EPIAS_VEP:EBM0426,True,False,False
2026-04-11T04:00:00+00:00,2026-04-11T07:00:00+03:00,2026-04,EBM0426,2500.3570626397996,EPIAS_VEP:EBM0426,True,False,False
2026-04-11T05:00:00+00:00,2026-04-11T08:00:00+03:00,2026-04,EBM0426,2500.357062673142,EPIAS_VEP:EBM0426,True,False,False
2026-04-11T06:00:00+00:00,2026-04-11T09:00:00+03:00,2026-04,EBM0426,2500.3570627004165,EPIAS_VEP:EBM0426,True,False,False
2026-04-11T07:00:00+00:00,2026-04-11T10:00:00+03:00,2026-04,EBM0426,2500.3570627221684,EPIAS_VEP:EBM0426,True,False,False
2026-04-11T08:00:00+00:00,2026-04-11T11:00:00+03:00,2026-04,EBM0426,2500.357062738925,EPIAS_VEP:EBM0426,True,False,False
2026-04-11T09:00:00+00:00,2026-04-11T12:00:00+03:00,2026-04,EBM0426,2500.3570627511886,EPIAS_VEP:EBM0426,True,False,False
2026-04-11T10:00:00+00:00,2026-04-11T13:00:00+03:00,2026-04,EBM0426,2500.3570627594363,EPIAS_VEP:EBM0426,True,False,False
2026-04-11T11:00:00+00:00,2026-04-11T14:00:00+03:00,2026-04,EBM0426,2500.357062764121,EPIAS_VEP:EBM0426,True,False,False
2026-04-11T12:00:00+00:00,2026-04-11T15:00:00+03:00,2026-04,EBM0426,2500.3570627656686,EPIAS_VEP:EBM0426,True,False,False
2026-04-11T13:00:00+00:00,2026-04-11T16:00:00+03:00,2026-04,EBM0426,2500.3570627644763,EPIAS_VEP:EBM0426,True,False,False
2026-04-11T14:00:00+00:00,2026-04-11T17:00:00+03:00,2026-04,EBM0426,2500.3570627609165,EPIAS_VEP:EBM0426,True,False,False
2026-04-11T15:00:00+00:00,2026-04-11T18:00:00+03:00,2026-04,EBM0426,2500.3570627553336,EPIAS_VEP:EBM0426,True,False,False
2026-04-11T16:00:00+00:00,2026-04-11T19:00:00+03:00,2026-04,EBM0426,2500.357062748045,EPIAS_VEP:EBM0426,True,False,False
2026-04-11T17:00:00+00:00,2026-04-11T20:00:00+03:00,2026-04,EBM0426,2500.3570627393424,EPIAS_VEP:EBM0426,True,False,False
2026-04-11T18:00:00+00:00,2026-04-11T21:00:00+03:00,2026-04,EBM0426,2500.3570627294926,EPIAS_VEP:EBM0426,True,False,False
2026-04-11T19:00:00+00:00,2026-04-11T22:00:00+03:00,2026-04,EBM0426,2500.3570627187364,EPIAS_VEP:EBM0426,True,False,False
2026-04-11T20:00:00+00:00,2026-04-11T23:00:00+03:00,2026-04,EBM0426,2500.3570627072927,EPIAS_VEP:EBM0426,True,False,False
2026-04-11T21:00:00+00:00,2026-04-12T00:00:00+03:00,2026-04,EBM0426,2500.357062695357,EPIAS_VEP:EBM0426,True,False,False
2026-04-11T22:00:00+00:00,2026-04-12T01:00:00+03:00,2026-04,EBM0426,2500.3570626831056,EPIAS_VEP:EBM0426,True,False,False
2026-04-11T23:00:00+00:00,2026-04-12T02:00:00+03:00,2026-04,EBM0426,2500.357062670695,EPIAS_VEP:EBM0426,True,False,False
2026-04-12T00:00:00+00:00,2026-04-12T03:00:00+03:00,2026-04,EBM0426,2500.357062658262,EPIAS_VEP:EBM0426,True,False,False
2026-04-12T01:00:00+00:00,2026-04-12T04:00:00+03:00,2026-04,EBM0426,2500.357062645925,EPIAS_VEP:EBM0426,True,False,False
2026-04-12T02:00:00+00:00,2026-04-12T05:00:00+03:00,2026-04,EBM0426,2500.357062633786,EPIAS_VEP:EBM0426,True,False,False
2026-04-12T03:00:00+00:00,2026-04-12T06:00:00+03:00,2026-04,EBM0426,2500.357062621932,EPIAS_VEP:EBM0426,True,False,False
2026-04-12T04:00:00+00:00,2026-04-12T07:00:00+03:00,2026-04,EBM0426,2500.357062610437,EPIAS_VEP:EBM0426,True,False,False
2026-04-12T05:00:00+00:00,2026-04-12T08:00:00+03:00,2026-04,EBM0426,2500.3570625993616,EPIAS_VEP:EBM0426,True,False,False
2026-04-12T06:00:00+00:00,2026-04-12T09:00:00+03:00,2026-04,EBM0426,2500.3570625887537,EPIAS_VEP:EBM0426,True,False,False
2026-04-12T07:00:00+00:00,2026-04-12T10:00:00+03:00,2026-04,EBM0426,2500.357062578651,EPIAS_VEP:EBM0426,True,False,False
2026-04-12T08:00:00+00:00,2026-04-12T11:00:00+03:00,2026-04,EBM0426,2500.3570625690813,EPIAS_VEP:EBM0426,True,False,False
2026-04-12T09:00:00+00:00,2026-04-12T12:00:00+03:00,2026-04,EBM0426,2500.3570625600637,EPIAS_VEP:EBM0426,True,False,False
2026-04-12T10:00:00+00:00,2026-04-12T13:00:00+03:00,2026-04,EBM0426,2500.3570625516095,EPIAS_VEP:EBM0426,True,False,False
2026-04-12T11:00:00+00:00,2026-04-12T14:00:00+03:00,2026-04,EBM0426,2500.357062543724,EPIAS_VEP:EBM0426,True,False,False
2026-04-12T12:00:00+00:00,2026-04-12T15:00:00+03:00,2026-04,EBM0426,2500.3570625364073,EPIAS_VEP:EBM0426,True,False,False
2026-04-12T13:00:00+00:00,2026-04-12T16:00:00+03:00,2026-04,EBM0426,2500.3570625296534,EPIAS_VEP:EBM0426,True,False,False
2026-04-12T14:00:00+00:00,2026-04-12T17:00:00+03:00,2026-04,EBM0426,2500.35706252345,EPIAS_VEP:EBM0426,True,False,False
2026-04-12T15:00:00+00:00,2026-04-12T18:00:00+03:00,2026-04,EBM0426,2500.357062517783,EPIAS_VEP:EBM0426,True,False,False
2026-04-12T16:00:00+00:00,2026-04-12T19:00:00+03:00,2026-04,EBM0426,2500.3570625126345,EPIAS_VEP:EBM0426,True,False,False
2026-04-12T17:00:00+00:00,2026-04-12T20:00:00+03:00,2026-04,EBM0426,2500.357062507984,EPIAS_VEP:EBM0426,True,False,False
2026-04-12T18:00:00+00:00,2026-04-12T21:00:00+03:00,2026-04,EBM0426,2500.3570625038087,EPIAS_VEP:EBM0426,True,False,False
2026-04-12T19:00:00+00:00,2026-04-12T22:00:00+03:00,2026-04,EBM0426,2500.3570625000834,EPIAS_VEP:EBM0426,True,False,False
2026-04-12T20:00:00+00:00,2026-04-12T23:00:00+03:00,2026-04,EBM0426,2500.3570624967847,EPIAS_VEP:EBM0426,True,False,False
2026-04-12T21:00:00+00:00,2026-04-13T00:00:00+03:00,2026-04,EBM0426,2500.357062493888,EPIAS_VEP:EBM0426,True,False,False
2026-04-12T22:00:00+00:00,2026-04-13T01:00:00+03:00,2026-04,EBM0426,2500.3570624913677,EPIAS_VEP:EBM0426,True,False,False
2026-04-12T23:00:00+00:00,2026-04-13T02:00:00+03:00,2026-04,EBM0426,2500.357062489199,EPIAS_VEP:EBM0426,True,False,False
2026-04-13T00:00:00+00:00,2026-04-13T03:00:00+03:00,2026-04,EBM0426,2500.357062487356,EPIAS_VEP:EBM0426,True,False,False
2026-04-13T01:00:00+00:00,2026-04-13T04:00:00+03:00,2026-04,EBM0426,2500.3570624858135,EPIAS_VEP:EBM0426,True,False,False
2026-04-13T02:00:00+00:00,2026-04-13T05:00:00+03:00,2026-04,EBM0426,2500.357062484549,EPIAS_VEP:EBM0426,True,False,False
2026-04-13T03:00:00+00:00,2026-04-13T06:00:00+03:00,2026-04,EBM0426,2500.35706248354,EPIAS_VEP:EBM0426,True,False,False
2026-04-13T04:00:00+00:00,2026-04-13T07:00:00+03:00,2026-04,EBM0426,2500.3570624827657,EPIAS_VEP:EBM0426,True,False,False
2026-04-13T05:00:00+00:00,2026-04-13T08:00:00+03:00,2026-04,EBM0426,2500.3570624822037,EPIAS_VEP:EBM0426,True,False,False
2026-04-13T06:00:00+00:00,2026-04-13T09:00:00+03:00,2026-04,EBM0426,2500.3570624818335,EPIAS_VEP:EBM0426,True,False,False
2026-04-13T07:00:00+00:00,2026-04-13T10:00:00+03:00,2026-04,EBM0426,2500.357062481633,EPIAS_VEP:EBM0426,True,False,False
2026-04-13T08:00:00+00:00,2026-04-13T11:00:00+03:00,2026-04,EBM0426,2500.3570624815793,EPIAS_VEP:EBM0426,True,False,False
2026-04-13T09:00:00+00:00,2026-04-13T12:00:00+03:00,2026-04,EBM0426,2500.3570624816507,EPIAS_VEP:EBM0426,True,False,False
2026-04-13T10:00:00+00:00,2026-04-13T13:00:00+03:00,2026-04,EBM0426,2500.3570624818285,EPIAS_VEP:EBM0426,True,False,False
2026-04-13T11:00:00+00:00,2026-04-13T14:00:00+03:00,2026-04,EBM0426,2500.3570624820945,EPIAS_VEP:EBM0426,True,False,False
2026-04-13T12:00:00+00:00,2026-04-13T15:00:00+03:00,2026-04,EBM0426,2500.3570624824333,EPIAS_VEP:EBM0426,True,False,False
2026-04-13T13:00:00+00:00,2026-04-13T16:00:00+03:00,2026-04,EBM0426,2500.3570624828294,EPIAS_VEP:EBM0426,True,False,False
2026-04-13T14:00:00+00:00,2026-04-13T17:00:00+03:00,2026-04,EBM0426,2500.3570624832705,EPIAS_VEP:EBM0426,True,False,False
2026-04-13T15:00:00+00:00,2026-04-13T18:00:00+03:00,2026-04,EBM0426,2500.357062483744,EPIAS_VEP:EBM0426,True,False,False
2026-04-13T16:00:00+00:00,2026-04-13T19:00:00+03:00,2026-04,EBM0426,2500.357062484239,EPIAS_VEP:EBM0426,True,False,False
2026-04-13T17:00:00+00:00,2026-04-13T20:00:00+03:00,2026-04,EBM0426,2500.3570624847457,EPIAS_VEP:EBM0426,True,False,False
2026-04-13T18:00:00+00:00,2026-04-13T21:00:00+03:00,2026-04,EBM0426,2500.3570624852546,EPIAS_VEP:EBM0426,True,False,False
2026-04-13T19:00:00+00:00,2026-04-13T22:00:00+03:00,2026-04,EBM0426,2500.3570624857584,EPIAS_VEP:EBM0426,True,False,False
2026-04-13T20:00:00+00:00,2026-04-13T23:00:00+03:00,2026-04,EBM0426,2500.357062486252,EPIAS_VEP:EBM0426,True,False,False
2026-04-13T21:00:00+00:00,2026-04-14T00:00:00+03:00,2026-04,EBM0426,2500.35706248673,EPIAS_VEP:EBM0426,True,False,False
2026-04-13T22:00:00+00:00,2026-04-14T01:00:00+03:00,2026-04,EBM0426,2500.357062487188,EPIAS_VEP:EBM0426,True,False,False
2026-04-13T23:00:00+00:00,2026-04-14T02:00:00+03:00,2026-04,EBM0426,2500.357062487624,EPIAS_VEP:EBM0426,True,False,False
2026-04-14T00:00:00+00:00,2026-04-14T03:00:00+03:00,2026-04,EBM0426,2500.3570624880344,EPIAS_VEP:EBM0426,True,False,False
2026-04-14T01:00:00+00:00,2026-04-14T04:00:00+03:00,2026-04,EBM0426,2500.357062488419,EPIAS_VEP:EBM0426,True,False,False
2026-04-14T02:00:00+00:00,2026-04-14T05:00:00+03:00,2026-04,EBM0426,2500.3570624887766,EPIAS_VEP:EBM0426,True,False,False
2026-04-14T03:00:00+00:00,2026-04-14T06:00:00+03:00,2026-04,EBM0426,2500.3570624891076,EPIAS_VEP:EBM0426,True,False,False
2026-04-14T04:00:00+00:00,2026-04-14T07:00:00+03:00,2026-04,EBM0426,2500.3570624894132,EPIAS_VEP:EBM0426,True,False,False
2026-04-14T05:00:00+00:00,2026-04-14T08:00:00+03:00,2026-04,EBM0426,2500.357062489694,EPIAS_VEP:EBM0426,True,False,False
2026-04-14T06:00:00+00:00,2026-04-14T09:00:00+03:00,2026-04,EBM0426,2500.3570624899507,EPIAS_VEP:EBM0426,True,False,False
2026-04-14T07:00:00+00:00,2026-04-14T10:00:00+03:00,2026-04,EBM0426,2500.357062490185,EPIAS_VEP:EBM0426,True,False,False
2026-04-14T08:00:00+00:00,2026-04-14T11:00:00+03:00,2026-04,EBM0426,2500.357062490399,EPIAS_VEP:EBM0426,True,False,False
2026-04-14T09:00:00+00:00,2026-04-14T12:00:00+03:00,2026-04,EBM0426,2500.357062490595,EPIAS_VEP:EBM0426,True,False,False
2026-04-14T10:00:00+00:00,2026-04-14T13:00:00+03:00,2026-04,EBM0426,2500.3570624907748,EPIAS_VEP:EBM0426,True,False,False
2026-04-14T11:00:00+00:00,2026-04-14T14:00:00+03:00,2026-04,EBM0426,2500.357062490939,EPIAS_VEP:EBM0426,True,False,False
2026-04-14T12:00:00+00:00,2026-04-14T15:00:00+03:00,2026-04,EBM0426,2500.3570624910885,EPIAS_VEP:EBM0426,True,False,False
2026-04-14T13:00:00+00:00,2026-04-14T16:00:00+03:00,2026-04,EBM0426,2500.357062491224,EPIAS_VEP:EBM0426,True,False,False
2026-04-14T14:00:00+00:00,2026-04-14T17:00:00+03:00,2026-04,EBM0426,2500.357062491346,EPIAS_VEP:EBM0426,True,False,False
2026-04-14T15:00:00+00:00,2026-04-14T18:00:00+03:00,2026-04,EBM0426,2500.357062491457,EPIAS_VEP:EBM0426,True,False,False
2026-04-14T16:00:00+00:00,2026-04-14T19:00:00+03:00,2026-04,EBM0426,2500.357062491558,EPIAS_VEP:EBM0426,True,False,False
2026-04-14T17:00:00+00:00,2026-04-14T20:00:00+03:00,2026-04,EBM0426,2500.3570624916506,EPIAS_VEP:EBM0426,True,False,False
2026-04-14T18:00:00+00:00,2026-04-14T21:00:00+03:00,2026-04,EBM0426,2500.3570624917356,EPIAS_VEP:EBM0426,True,False,False
2026-04-14T19:00:00+00:00,2026-04-14T22:00:00+03:00,2026-04,EBM0426,2500.3570624918116,EPIAS_VEP:EBM0426,True,False,False
2026-04-14T20:00:00+00:00,2026-04-14T23:00:00+03:00,2026-04,EBM0426,2500.3570624918775,EPIAS_VEP:EBM0426,True,False,False
2026-04-14T21:00:00+00:00,2026-04-15T00:00:00+03:00,2026-04,EBM0426,2500.3570624919334,EPIAS_VEP:EBM0426,True,False,False
2026-04-14T22:00:00+00:00,2026-04-15T01:00:00+03:00,2026-04,EBM0426,2500.3570624919785,EPIAS_VEP:EBM0426,True,False,False
2026-04-14T23:00:00+00:00,2026-04-15T02:00:00+03:00,2026-04,EBM0426,2500.357062492014,EPIAS_VEP:EBM0426,True,False,False
2026-04-15T00:00:00+00:00,2026-04-15T03:00:00+03:00,2026-04,EBM0426,2500.3570624920408,EPIAS_VEP:EBM0426,True,False,False
2026-04-15T01:00:00+00:00,2026-04-15T04:00:00+03:00,2026-04,EBM0426,2500.3570624920612,EPIAS_VEP:EBM0426,True,False,False
2026-04-15T02:00:00+00:00,2026-04-15T05:00:00+03:00,2026-04,EBM0426,2500.357062492077,EPIAS_VEP:EBM0426,True,False,False
2026-04-15T03:00:00+00:00,2026-04-15T06:00:00+03:00,2026-04,EBM0426,2500.357062492088,EPIAS_VEP:EBM0426,True,False,False
2026-04-15T04:00:00+00:00,2026-04-15T07:00:00+03:00,2026-04,EBM0426,2500.3570624920944,EPIAS_VEP:EBM0426,True,False,False
2026-04-15T05:00:00+00:00,2026-04-15T08:00:00+03:00,2026-04,EBM0426,2500.357062492098,EPIAS_VEP:EBM0426,True,False,False
2026-04-15T06:00:00+00:00,2026-04-15T09:00:00+03:00,2026-04,EBM0426,2500.3570624921,EPIAS_VEP:EBM0426,True,False,False
2026-04-15T07:00:00+00:00,2026-04-15T10:00:00+03:00,2026-04,EBM0426,2500.3570624921017,EPIAS_VEP:EBM0426,True,False,False
2026-04-15T08:00:00+00:00,2026-04-15T11:00:00+03:00,2026-04,EBM0426,2500.3570624921044,EPIAS_VEP:EBM0426,True,False,False
2026-04-15T09:00:00+00:00,2026-04-15T12:00:00+03:00,2026-04,EBM0426,2500.357062492109,EPIAS_VEP:EBM0426,True,False,False
2026-04-15T10:00:00+00:00,2026-04-15T13:00:00+03:00,2026-04,EBM0426,2500.357062492116,EPIAS_VEP:EBM0426,True,False,False
2026-04-15T11:00:00+00:00,2026-04-15T14:00:00+03:00,2026-04,EBM0426,2500.3570624921254,EPIAS_VEP:EBM0426,True,False,False
2026-04-15T12:00:00+00:00,2026-04-15T15:00:00+03:00,2026-04,EBM0426,2500.35706249214,EPIAS_VEP:EBM0426,True,False,False
2026-04-15T13:00:00+00:00,2026-04-15T16:00:00+03:00,2026-04,EBM0426,2500.35706249216,EPIAS_VEP:EBM0426,True,False,False
2026-04-15T14:00:00+00:00,2026-04-15T17:00:00+03:00,2026-04,EBM0426,2500.3570624921854,EPIAS_VEP:EBM0426,True,False,False
2026-04-15T15:00:00+00:00,2026-04-15T18:00:00+03:00,2026-04,EBM0426,2500.357062492216,EPIAS_VEP:EBM0426,True,False,False
2026-04-15T16:00:00+00:00,2026-04-15T19:00:00+03:00,2026-04,EBM0426,2500.3570624922513,EPIAS_VEP:EBM0426,True,False,False
2026-04-15T17:00:00+00:00,2026-04-15T20:00:00+03:00,2026-04,EBM0426,2500.3570624922904,EPIAS_VEP:EBM0426,True,False,False
2026-04-15T18:00:00+00:00,2026-04-15T21:00:00+03:00,2026-04,EBM0426,2500.357062492332,EPIAS_VEP:EBM0426,True,False,False
2026-04-15T19:00:00+00:00,2026-04-15T22:00:00+03:00,2026-04,EBM0426,2500.3570624923746,EPIAS_VEP:EBM0426,True,False,False
2026-04-15T20:00:00+00:00,2026-04-15T23:00:00+03:00,2026-04,EBM0426,2500.357062492418,EPIAS_VEP:EBM0426,True,False,False
2026-04-15T21:00:00+00:00,2026-04-16T00:00:00+03:00,2026-04,EBM0426,2500.3570624924632,EPIAS_VEP:EBM0426,True,False,False
2026-04-15T22:00:00+00:00,2026-04-16T01:00:00+03:00,2026-04,EBM0426,2500.35706249251,EPIAS_VEP:EBM0426,True,False,False
2026-04-15T23:00:00+00:00,2026-04-16T02:00:00+03:00,2026-04,EBM0426,2500.35706249256,EPIAS_VEP:EBM0426,True,False,False
2026-04-16T00:00:00+00:00,2026-04-16T03:00:00+03:00,2026-04,EBM0426,2500.3570624926147,EPIAS_VEP:EBM0426,True,False,False
2026-04-16T01:00:00+00:00,2026-04-16T04:00:00+03:00,2026-04,EBM0426,2500.3570624926747,EPIAS_VEP:EBM0426,True,False,False
2026-04-16T02:00:00+00:00,2026-04-16T05:00:00+03:00,2026-04,EBM0426,2500.3570624927415,EPIAS_VEP:EBM0426,True,False,False
2026-04-16T03:00:00+00:00,2026-04-16T06:00:00+03:00,2026-04,EBM0426,2500.357062492815,EPIAS_VEP:EBM0426,True,False,False
2026-04-16T04:00:00+00:00,2026-04-16T07:00:00+03:00,2026-04,EBM0426,2500.3570624928952,EPIAS_VEP:EBM0426,True,False,False
2026-04-16T05:00:00+00:00,2026-04-16T08:00:00+03:00,2026-04,EBM0426,2500.357062492982,EPIAS_VEP:EBM0426,True,False,False
2026-04-16T06:00:00+00:00,2026-04-16T09:00:00+03:00,2026-04,EBM0426,2500.357062493076,EPIAS_VEP:EBM0426,True,False,False
2026-04-16T07:00:00+00:00,2026-04-16T10:00:00+03:00,2026-04,EBM0426,2500.357062493175,EPIAS_VEP:EBM0426,True,False,False
2026-04-16T08:00:00+00:00,2026-04-16T11:00:00+03:00,2026-04,EBM0426,2500.357062493278,EPIAS_VEP:EBM0426,True,False,False
2026-04-16T09:00:00+00:00,2026-04-16T12:00:00+03:00,2026-04,EBM0426,2500.357062493384,EPIAS_VEP:EBM0426,True,False,False
2026-04-16T10:00:00+00:00,2026-04-16T13:00:00+03:00,2026-04,EBM0426,2500.357062493491,EPIAS_VEP:EBM0426,True,False,False
2026-04-16T11:00:00+00:00,2026-04-16T14:00:00+03:00,2026-04,EBM0426,2500.3570624935955,EPIAS_VEP:EBM0426,True,False,False
2026-04-16T12:00:00+00:00,2026-04-16T15:00:00+03:00,2026-04,EBM0426,2500.357062493697,EPIAS_VEP:EBM0426,True,False,False
2026-04-16T13:00:00+00:00,2026-04-16T16:00:00+03:00,2026-04,EBM0426,2500.357062493794,EPIAS_VEP:EBM0426,True,False,False
2026-04-16T14:00:00+00:00,2026-04-16T17:00:00+03:00,2026-04,EBM0426,2500.3570624938857,EPIAS_VEP:EBM0426,True,False,False
2026-04-16T15:00:00+00:00,2026-04-16T18:00:00+03:00,2026-04,EBM0426,2500.357062493971,EPIAS_VEP:EBM0426,True,False,False
2026-04-16T16:00:00+00:00,2026-04-16T19:00:00+03:00,2026-04,EBM0426,2500.357062494049,EPIAS_VEP:EBM0426,True,False,False
2026-04-16T17:00:00+00:00,2026-04-16T20:00:00+03:00,2026-04,EBM0426,2500.357062494119,EPIAS_VEP:EBM0426,True,False,False
2026-04-16T18:00:00+00:00,2026-04-16T21:00:00+03:00,2026-04,EBM0426,2500.357062494182,EPIAS_VEP:EBM0426,True,False,False
2026-04-16T19:00:00+00:00,2026-04-16T22:00:00+03:00,2026-04,EBM0426,2500.357062494238,EPIAS_VEP:EBM0426,True,False,False
2026-04-16T20:00:00+00:00,2026-04-16T23:00:00+03:00,2026-04,EBM0426,2500.357062494288,EPIAS_VEP:EBM0426,True,False,False
2026-04-16T21:00:00+00:00,2026-04-17T00:00:00+03:00,2026-04,EBM0426,2500.3570624943313,EPIAS_VEP:EBM0426,True,False,False
2026-04-16T22:00:00+00:00,2026-04-17T01:00:00+03:00,2026-04,EBM0426,2500.357062494368,EPIAS_VEP:EBM0426,True,False,False
2026-04-16T23:00:00+00:00,2026-04-17T02:00:00+03:00,2026-04,EBM0426,2500.357062494399,EPIAS_VEP:EBM0426,True,False,False
2026-04-17T00:00:00+00:00,2026-04-17T03:00:00+03:00,2026-04,EBM0426,2500.357062494424,EPIAS_VEP:EBM0426,True,False,False
2026-04-17T01:00:00+00:00,2026-04-17T04:00:00+03:00,2026-04,EBM0426,2500.3570624944423,EPIAS_VEP:EBM0426,True,False,False
2026-04-17T02:00:00+00:00,2026-04-17T05:00:00+03:00,2026-04,EBM0426,2500.357062494453,EPIAS_VEP:EBM0426,True,False,False
2026-04-17T03:00:00+00:00,2026-04-17T06:00:00+03:00,2026-04,EBM0426,2500.3570624944555,EPIAS_VEP:EBM0426,True,False,False
2026-04-17T04:00:00+00:00,2026-04-17T07:00:00+03:00,2026-04,EBM0426,2500.3570624944473,EPIAS_VEP:EBM0426,True,False,False
2026-04-17T05:00:00+00:00,2026-04-17T08:00:00+03:00,2026-04,EBM0426,2500.357062494428,EPIAS_VEP:EBM0426,True,False,False
2026-04-17T06:00:00+00:00,2026-04-17T09:00:00+03:00,2026-04,EBM0426,2500.3570624943986,EPIAS_VEP:EBM0426,True,False,False
2026-04-17T07:00:00+00:00,2026-04-17T10:00:00+03:00,2026-04,EBM0426,2500.35706249436,EPIAS_VEP:EBM0426,True,False,False
2026-04-17T08:00:00+00:00,2026-04-17T11:00:00+03:00,2026-04,EBM0426,2500.3570624943122,EPIAS_VEP:EBM0426,True,False,False
2026-04-17T09:00:00+00:00,2026-04-17T12:00:00+03:00,2026-04,EBM0426,2500.3570624942568,EPIAS_VEP:EBM0426,True,False,False
2026-04-17T10:00:00+00:00,2026-04-17T13:00:00+03:00,2026-04,EBM0426,2500.3570624941935,EPIAS_VEP:EBM0426,True,False,False
2026-04-17T11:00:00+00:00,2026-04-17T14:00:00+03:00,2026-04,EBM0426,2500.3570624941226,EPIAS_VEP:EBM0426,True,False,False
2026-04-17T12:00:00+00:00,2026-04-17T15:00:00+03:00,2026-04,EBM0426,2500.3570624940435,EPIAS_VEP:EBM0426,True,False,False
2026-04-17T13:00:00+00:00,2026-04-17T16:00:00+03:00,2026-04,EBM0426,2500.357062493956,EPIAS_VEP:EBM0426,True,False,False
2026-04-17T14:00:00+00:00,2026-04-17T17:00:00+03:00,2026-04,EBM0426,2500.3570624938607,EPIAS_VEP:EBM0426,True,False,False
2026-04-17T15:00:00+00:00,2026-04-17T18:00:00+03:00,2026-04,EBM0426,2500.357062493759,EPIAS_VEP:EBM0426,True,False,False
2026-04-17T16:00:00+00:00,2026-04-17T19:00:00+03:00,2026-04,EBM0426,2500.3570624936497,EPIAS_VEP:EBM0426,True,False,False
2026-04-17T17:00:00+00:00,2026-04-17T20:00:00+03:00,2026-04,EBM0426,2500.3570624935337,EPIAS_VEP:EBM0426,True,False,False
2026-04-17T18:00:00+00:00,2026-04-17T21:00:00+03:00,2026-04,EBM0426,2500.3570624934123,EPIAS_VEP:EBM0426,True,False,False
2026-04-17T19:00:00+00:00,2026-04-17T22:00:00+03:00,2026-04,EBM0426,2500.3570624932872,EPIAS_VEP:EBM0426,True,False,False
2026-04-17T20:00:00+00:00,2026-04-17T23:00:00+03:00,2026-04,EBM0426,2500.357062493159,EPIAS_VEP:EBM0426,True,False,False
2026-04-17T21:00:00+00:00,2026-04-18T00:00:00+03:00,2026-04,EBM0426,2500.357062493029,EPIAS_VEP:EBM0426,True,False,False
2026-04-17T22:00:00+00:00,2026-04-18T01:00:00+03:00,2026-04,EBM0426,2500.357062492899,EPIAS_VEP:EBM0426,True,False,False
2026-04-17T23:00:00+00:00,2026-04-18T02:00:00+03:00,2026-04,EBM0426,2500.35706249277,EPIAS_VEP:EBM0426,True,False,False
2026-04-18T00:00:00+00:00,2026-04-18T03:00:00+03:00,2026-04,EBM0426,2500.357062492645,EPIAS_VEP:EBM0426,True,False,False
2026-04-18T01:00:00+00:00,2026-04-18T04:00:00+03:00,2026-04,EBM0426,2500.357062492526,EPIAS_VEP:EBM0426,True,False,False
2026-04-18T02:00:00+00:00,2026-04-18T05:00:00+03:00,2026-04,EBM0426,2500.357062492415,EPIAS_VEP:EBM0426,True,False,False
2026-04-18T03:00:00+00:00,2026-04-18T06:00:00+03:00,2026-04,EBM0426,2500.3570624923163,EPIAS_VEP:EBM0426,True,False,False
2026-04-18T04:00:00+00:00,2026-04-18T07:00:00+03:00,2026-04,EBM0426,2500.357062492232,EPIAS_VEP:EBM0426,True,False,False
2026-04-18T05:00:00+00:00,2026-04-18T08:00:00+03:00,2026-04,EBM0426,2500.357062492165,EPIAS_VEP:EBM0426,True,False,False
2026-04-18T06:00:00+00:00,2026-04-18T09:00:00+03:00,2026-04,EBM0426,2500.357062492117,EPIAS_VEP:EBM0426,True,False,False
2026-04-18T07:00:00+00:00,2026-04-18T10:00:00+03:00,2026-04,EBM0426,2500.3570624920912,EPIAS_VEP:EBM0426,True,False,False
2026-04-18T08:00:00+00:00,2026-04-18T11:00:00+03:00,2026-04,EBM0426,2500.3570624920885,EPIAS_VEP:EBM0426,True,False,False
2026-04-18T09:00:00+00:00,2026-04-18T12:00:00+03:00,2026-04,EBM0426,2500.3570624921103,EPIAS_VEP:EBM0426,True,False,False
2026-04-18T10:00:00+00:00,2026-04-18T13:00:00+03:00,2026-04,EBM0426,2500.3570624921576,EPIAS_VEP:EBM0426,True,False,False
2026-04-18T11:00:00+00:00,2026-04-18T14:00:00+03:00,2026-04,EBM0426,2500.35706249223,EPIAS_VEP:EBM0426,True,False,False
2026-04-18T12:00:00+00:00,2026-04-18T15:00:00+03:00,2026-04,EBM0426,2500.357062492328,EPIAS_VEP:EBM0426,True,False,False
2026-04-18T13:00:00+00:00,2026-04-18T16:00:00+03:00,2026-04,EBM0426,2500.357062492453,EPIAS_VEP:EBM0426,True,False,False
2026-04-18T14:00:00+00:00,2026-04-18T17:00:00+03:00,2026-04,EBM0426,2500.357062492607,EPIAS_VEP:EBM0426,True,False,False
2026-04-18T15:00:00+00:00,2026-04-18T18:00:00+03:00,2026-04,EBM0426,2500.3570624927916,EPIAS_VEP:EBM0426,True,False,False
2026-04-18T16:00:00+00:00,2026-04-18T19:00:00+03:00,2026-04,EBM0426,2500.3570624930094,EPIAS_VEP:EBM0426,True,False,False
2026-04-18T17:00:00+00:00,2026-04-18T20:00:00+03:00,2026-04,EBM0426,2500.357062493263,EPIAS_VEP:EBM0426,True,False,False
2026-04-18T18:00:00+00:00,2026-04-18T21:00:00+03:00,2026-04,EBM0426,2500.3570624935564,EPIAS_VEP:EBM0426,True,False,False
2026-04-18T19:00:00+00:00,2026-04-18T22:00:00+03:00,2026-04,EBM0426,2500.3570624938925,EPIAS_VEP:EBM0426,True,False,False
2026-04-18T20:00:00+00:00,2026-04-18T23:00:00+03:00,2026-04,EBM0426,2500.3570624942745,EPIAS_VEP:EBM0426,True,False,False
2026-04-18T21:00:00+00:00,2026-04-19T00:00:00+03:00,2026-04,EBM0426,2500.357062494705,EPIAS_VEP:EBM0426,True,False,False
2026-04-18T22:00:00+00:00,2026-04-19T01:00:00+03:00,2026-04,EBM0426,2500.357062495188,EPIAS_VEP:EBM0426,True,False,False
2026-04-18T23:00:00+00:00,2026-04-19T02:00:00+03:00,2026-04,EBM0426,2500.357062495727,EPIAS_VEP:EBM0426,True,False,False
2026-04-19T00:00:00+00:00,2026-04-19T03:00:00+03:00,2026-04,EBM0426,2500.3570624963254,EPIAS_VEP:EBM0426,True,False,False
2026-04-19T01:00:00+00:00,2026-04-19T04:00:00+03:00,2026-04,EBM0426,2500.3570624969875,EPIAS_VEP:EBM0426,True,False,False
2026-04-19T02:00:00+00:00,2026-04-19T05:00:00+03:00,2026-04,EBM0426,2500.3570624977174,EPIAS_VEP:EBM0426,True,False,False
2026-04-19T03:00:00+00:00,2026-04-19T06:00:00+03:00,2026-04,EBM0426,2500.3570624985177,EPIAS_VEP:EBM0426,True,False,False
2026-04-19T04:00:00+00:00,2026-04-19T07:00:00+03:00,2026-04,EBM0426,2500.3570624993918,EPIAS_VEP:EBM0426,True,False,False
2026-04-19T05:00:00+00:00,2026-04-19T08:00:00+03:00,2026-04,EBM0426,2500.3570625003417,EPIAS_VEP:EBM0426,True,False,False
2026-04-19T06:00:00+00:00,2026-04-19T09:00:00+03:00,2026-04,EBM0426,2500.35706250137,EPIAS_VEP:EBM0426,True,False,False
2026-04-19T07:00:00+00:00,2026-04-19T10:00:00+03:00,2026-04,EBM0426,2500.357062502478,EPIAS_VEP:EBM0426,True,False,False
2026-04-19T08:00:00+00:00,2026-04-19T11:00:00+03:00,2026-04,EBM0426,2500.357062503665,EPIAS_VEP:EBM0426,True,False,False
2026-04-19T09:00:00+00:00,2026-04-19T12:00:00+03:00,2026-04,EBM0426,2500.357062504928,EPIAS_VEP:EBM0426,True,False,False
2026-04-19T10:00:00+00:00,2026-04-19T13:00:00+03:00,2026-04,EBM0426,2500.357062506263,EPIAS_VEP:EBM0426,True,False,False
2026-04-19T11:00:00+00:00,2026-04-19T14:00:00+03:00,2026-04,EBM0426,2500.357062507669,EPIAS_VEP:EBM0426,True,False,False
2026-04-19T12:00:00+00:00,2026-04-19T15:00:00+03:00,2026-04,EBM0426,2500.3570625091425,EPIAS_VEP:EBM0426,True,False,False
2026-04-19T13:00:00+00:00,2026-04-19T16:00:00+03:00,2026-04,EBM0426,2500.357062510678,EPIAS_VEP:EBM0426,True,False,False
2026-04-19T14:00:00+00:00,2026-04-19T17:00:00+03:00,2026-04,EBM0426,2500.3570625122684,EPIAS_VEP:EBM0426,True,False,False
2026-04-19T15:00:00+00:00,2026-04-19T18:00:00+03:00,2026-04,EBM0426,2500.357062513903,EPIAS_VEP:EBM0426,True,False,False
2026-04-19T16:00:00+00:00,2026-04-19T19:00:00+03:00,2026-04,EBM0426,2500.3570625155703,EPIAS_VEP:EBM0426,True,False,False
2026-04-19T17:00:00+00:00,2026-04-19T20:00:00+03:00,2026-04,EBM0426,2500.357062517258,EPIAS_VEP:EBM0426,True,False,False
2026-04-19T18:00:00+00:00,2026-04-19T21:00:00+03:00,2026-04,EBM0426,2500.357062518952,EPIAS_VEP:EBM0426,True,False,False
2026-04-19T19:00:00+00:00,2026-04-19T22:00:00+03:00,2026-04,EBM0426,2500.357062520636,EPIAS_VEP:EBM0426,True,False,False
2026-04-19T20:00:00+00:00,2026-04-19T23:00:00+03:00,2026-04,EBM0426,2500.3570625222915,EPIAS_VEP:EBM0426,True,False,False
2026-04-19T21:00:00+00:00,2026-04-20T00:00:00+03:00,2026-04,EBM0426,2500.357062523896,EPIAS_VEP:EBM0426,True,False,False
2026-04-19T22:00:00+00:00,2026-04-20T01:00:00+03:00,2026-04,EBM0426,2500.3570625254247,EPIAS_VEP:EBM0426,True,False,False
2026-04-19T23:00:00+00:00,2026-04-20T02:00:00+03:00,2026-04,EBM0426,2500.357062526852,EPIAS_VEP:EBM0426,True,False,False
2026-04-20T00:00:00+00:00,2026-04-20T03:00:00+03:00,2026-04,EBM0426,2500.3570625281477,EPIAS_VEP:EBM0426,True,False,False
2026-04-20T01:00:00+00:00,2026-04-20T04:00:00+03:00,2026-04,EBM0426,2500.357062529278,EPIAS_VEP:EBM0426,True,False,False
2026-04-20T02:00:00+00:00,2026-04-20T05:00:00+03:00,2026-04,EBM0426,2500.3570625302077,EPIAS_VEP:EBM0426,True,False,False
2026-04-20T03:00:00+00:00,2026-04-20T06:00:00+03:00,2026-04,EBM0426,2500.357062530898,EPIAS_VEP:EBM0426,True,False,False
2026-04-20T04:00:00+00:00,2026-04-20T07:00:00+03:00,2026-04,EBM0426,2500.3570625313064,EPIAS_VEP:EBM0426,True,False,False
2026-04-20T05:00:00+00:00,2026-04-20T08:00:00+03:00,2026-04,EBM0426,2500.3570625313887,EPIAS_VEP:EBM0426,True,False,False
2026-04-20T06:00:00+00:00,2026-04-20T09:00:00+03:00,2026-04,EBM0426,2500.3570625310954,EPIAS_VEP:EBM0426,True,False,False
2026-04-20T07:00:00+00:00,2026-04-20T10:00:00+03:00,2026-04,EBM0426,2500.357062530374,EPIAS_VEP:EBM0426,True,False,False
2026-04-20T08:00:00+00:00,2026-04-20T11:00:00+03:00,2026-04,EBM0426,2500.3570625291686,EPIAS_VEP:EBM0426,True,False,False
2026-04-20T09:00:00+00:00,2026-04-20T12:00:00+03:00,2026-04,EBM0426,2500.3570625274197,EPIAS_VEP:EBM0426,True,False,False
2026-04-20T10:00:00+00:00,2026-04-20T13:00:00+03:00,2026-04,EBM0426,2500.357062525066,EPIAS_VEP:EBM0426,True,False,False
2026-04-20T11:00:00+00:00,2026-04-20T14:00:00+03:00,2026-04,EBM0426,2500.3570625220423,EPIAS_VEP:EBM0426,True,False,False
2026-04-20T12:00:00+00:00,2026-04-20T15:00:00+03:00,2026-04,EBM0426,2500.3570625182815,EPIAS_VEP:EBM0426,True,False,False
2026-04-20T13:00:00+00:00,2026-04-20T16:00:00+03:00,2026-04,EBM0426,2500.357062513714,EPIAS_VEP:EBM0426,True,False,False
2026-04-20T14:00:00+00:00,2026-04-20T17:00:00+03:00,2026-04,EBM0426,2500.357062508267,EPIAS_VEP:EBM0426,True,False,False
2026-04-20T15:00:00+00:00,2026-04-20T18:00:00+03:00,2026-04,EBM0426,2500.357062501867,EPIAS_VEP:EBM0426,True,False,False
2026-04-20T16:00:00+00:00,2026-04-20T19:00:00+03:00,2026-04,EBM0426,2500.357062494438,EPIAS_VEP:EBM0426,True,False,False
2026-04-20T17:00:00+00:00,2026-04-20T20:00:00+03:00,2026-04,EBM0426,2500.357062485904,EPIAS_VEP:EBM0426,True,False,False
2026-04-20T18:00:00+00:00,2026-04-20T21:00:00+03:00,2026-04,EBM0426,2500.357062476186,EPIAS_VEP:EBM0426,True,False,False
2026-04-20T19:00:00+00:00,2026-04-20T22:00:00+03:00,2026-04,EBM0426,2500.357062465209,EPIAS_VEP:EBM0426,True,False,False
2026-04-20T20:00:00+00:00,2026-04-20T23:00:00+03:00,2026-04,EBM0426,2500.357062452899,EPIAS_VEP:EBM0426,True,False,False
2026-04-20T21:00:00+00:00,2026-04-21T00:00:00+03:00,2026-04,EBM0426,2500.3570624391846,EPIAS_VEP:EBM0426,True,False,False
2026-04-20T22:00:00+00:00,2026-04-21T01:00:00+03:00,2026-04,EBM0426,2500.357062423999,EPIAS_VEP:EBM0426,True,False,False
2026-04-20T23:00:00+00:00,2026-04-21T02:00:00+03:00,2026-04,EBM0426,2500.357062407282,EPIAS_VEP:EBM0426,True,False,False
2026-04-21T00:00:00+00:00,2026-04-21T03:00:00+03:00,2026-04,EBM0426,2500.3570623889773,EPIAS_VEP:EBM0426,True,False,False
2026-04-21T01:00:00+00:00,2026-04-21T04:00:00+03:00,2026-04,EBM0426,2500.3570623690402,EPIAS_VEP:EBM0426,True,False,False
2026-04-21T02:00:00+00:00,2026-04-21T05:00:00+03:00,2026-04,EBM0426,2500.357062347432,EPIAS_VEP:EBM0426,True,False,False
2026-04-21T03:00:00+00:00,2026-04-21T06:00:00+03:00,2026-04,EBM0426,2500.357062324126,EPIAS_VEP:EBM0426,True,False,False
2026-04-21T04:00:00+00:00,2026-04-21T07:00:00+03:00,2026-04,EBM0426,2500.357062299112,EPIAS_VEP:EBM0426,True,False,False
2026-04-21T05:00:00+00:00,2026-04-21T08:00:00+03:00,2026-04,EBM0426,2500.3570622723946,EPIAS_VEP:EBM0426,True,False,False
2026-04-21T06:00:00+00:00,2026-04-21T09:00:00+03:00,2026-04,EBM0426,2500.3570622439975,EPIAS_VEP:EBM0426,True,False,False
2026-04-21T07:00:00+00:00,2026-04-21T10:00:00+03:00,2026-04,EBM0426,2500.357062213967,EPIAS_VEP:EBM0426,True,False,False
2026-04-21T08:00:00+00:00,2026-04-21T11:00:00+03:00,2026-04,EBM0426,2500.3570621823733,EPIAS_VEP:EBM0426,True,False,False
2026-04-21T09:00:00+00:00,2026-04-21T12:00:00+03:00,2026-04,EBM0426,2500.3570621493127,EPIAS_VEP:EBM0426,True,False,False
2026-04-21T10:00:00+00:00,2026-04-21T13:00:00+03:00,2026-04,EBM0426,2500.3570621149133,EPIAS_VEP:EBM0426,True,False,False
2026-04-21T11:00:00+00:00,2026-04-21T14:00:00+03:00,2026-04,EBM0426,2500.357062079338,EPIAS_VEP:EBM0426,True,False,False
2026-04-21T12:00:00+00:00,2026-04-21T15:00:00+03:00,2026-04,EBM0426,2500.357062042787,EPIAS_VEP:EBM0426,True,False,False
2026-04-21T13:00:00+00:00,2026-04-21T16:00:00+03:00,2026-04,EBM0426,2500.3570620055034,EPIAS_VEP:EBM0426,True,False,False
2026-04-21T14:00:00+00:00,2026-04-21T17:00:00+03:00,2026-04,EBM0426,2500.357061967775,EPIAS_VEP:EBM0426,True,False,False
2026-04-21T15:00:00+00:00,2026-04-21T18:00:00+03:00,2026-04,EBM0426,2500.357061929939,EPIAS_VEP:EBM0426,True,False,False
2026-04-21T16:00:00+00:00,2026-04-21T19:00:00+03:00,2026-04,EBM0426,2500.357061892386,EPIAS_VEP:EBM0426,True,False,False
2026-04-21T17:00:00+00:00,2026-04-21T20:00:00+03:00,2026-04,EBM0426,2500.3570618555627,EPIAS_VEP:EBM0426,True,False,False
2026-04-21T18:00:00+00:00,2026-04-21T21:00:00+03:00,2026-04,EBM0426,2500.357061819975,EPIAS_VEP:EBM0426,True,False,False
2026-04-21T19:00:00+00:00,2026-04-21T22:00:00+03:00,2026-04,EBM0426,2500.3570617861938,EPIAS_VEP:EBM0426,True,False,False
2026-04-21T20:00:00+00:00,2026-04-21T23:00:00+03:00,2026-04,EBM0426,2500.357061754857,EPIAS_VEP:EBM0426,True,False,False
2026-04-21T21:00:00+00:00,2026-04-22T00:00:00+03:00,2026-04,EBM0426,2500.357061726674,EPIAS_VEP:EBM0426,True,False,False
2026-04-21T22:00:00+00:00,2026-04-22T01:00:00+03:00,2026-04,EBM0426,2500.357061702428,EPIAS_VEP:EBM0426,True,False,False
2026-04-21T23:00:00+00:00,2026-04-22T02:00:00+03:00,2026-04,EBM0426,2500.3570616829793,EPIAS_VEP:EBM0426,True,False,False
2026-04-22T00:00:00+00:00,2026-04-22T03:00:00+03:00,2026-04,EBM0426,2500.3570616692678,EPIAS_VEP:EBM0426,True,False,False
2026-04-22T01:00:00+00:00,2026-04-22T04:00:00+03:00,2026-04,EBM0426,2500.357061662314,EPIAS_VEP:EBM0426,True,False,False
2026-04-22T02:00:00+00:00,2026-04-22T05:00:00+03:00,2026-04,EBM0426,2500.3570616632237,EPIAS_VEP:EBM0426,True,False,False
2026-04-22T03:00:00+00:00,2026-04-22T06:00:00+03:00,2026-04,EBM0426,2500.3570616731827,EPIAS_VEP:EBM0426,True,False,False
2026-04-22T04:00:00+00:00,2026-04-22T07:00:00+03:00,2026-04,EBM0426,2500.357061693461,EPIAS_VEP:EBM0426,True,False,False
2026-04-22T05:00:00+00:00,2026-04-22T08:00:00+03:00,2026-04,EBM0426,2500.3570617254127,EPIAS_VEP:EBM0426,True,False,False
2026-04-22T06:00:00+00:00,2026-04-22T09:00:00+03:00,2026-04,EBM0426,2500.357061770468,EPIAS_VEP:EBM0426,True,False,False
2026-04-22T07:00:00+00:00,2026-04-22T10:00:00+03:00,2026-04,EBM0426,2500.357061830139,EPIAS_VEP:EBM0426,True,False,False
2026-04-22T08:00:00+00:00,2026-04-22T11:00:00+03:00,2026-04,EBM0426,2500.3570619060088,EPIAS_VEP:EBM0426,True,False,False
2026-04-22T09:00:00+00:00,2026-04-22T12:00:00+03:00,2026-04,EBM0426,2500.3570619997267,EPIAS_VEP:EBM0426,True,False,False
2026-04-22T10:00:00+00:00,2026-04-22T13:00:00+03:00,2026-04,EBM0426,2500.3570621130007,EPIAS_VEP:EBM0426,True,False,False
2026-04-22T11:00:00+00:00,2026-04-22T14:00:00+03:00,2026-04,EBM0426,2500.3570622475904,EPIAS_VEP:EBM0426,True,False,False
2026-04-22T12:00:00+00:00,2026-04-22T15:00:00+03:00,2026-04,EBM0426,2500.3570624052923,EPIAS_VEP:EBM0426,True,False,False
2026-04-22T13:00:00+00:00,2026-04-22T16:00:00+03:00,2026-04,EBM0426,2500.357062587925,EPIAS_VEP:EBM0426,True,False,False
2026-04-22T14:00:00+00:00,2026-04-22T17:00:00+03:00,2026-04,EBM0426,2500.3570627973186,EPIAS_VEP:EBM0426,True,False,False
2026-04-22T15:00:00+00:00,2026-04-22T18:00:00+03:00,2026-04,EBM0426,2500.357063035292,EPIAS_VEP:EBM0426,True,False,False
2026-04-22T16:00:00+00:00,2026-04-22T19:00:00+03:00,2026-04,EBM0426,2500.3570633036343,EPIAS_VEP:EBM0426,True,False,False
2026-04-22T17:00:00+00:00,2026-04-22T20:00:00+03:00,2026-04,EBM0426,2500.3570636040795,EPIAS_VEP:EBM0426,True,False,False
2026-04-22T18:00:00+00:00,2026-04-22T21:00:00+03:00,2026-04,EBM0426,2500.357063938281,EPIAS_VEP:EBM0426,True,False,False
2026-04-22T19:00:00+00:00,2026-04-22T22:00:00+03:00,2026-04,EBM0426,2500.357064307783,EPIAS_VEP:EBM0426,True,False,False
2026-04-22T20:00:00+00:00,2026-04-22T23:00:00+03:00,2026-04,EBM0426,2500.357064713984,EPIAS_VEP:EBM0426,True,False,False
2026-04-22T21:00:00+00:00,2026-04-23T00:00:00+03:00,2026-04,EBM0426,2500.357065158103,EPIAS_VEP:EBM0426,True,False,False
2026-04-22T22:00:00+00:00,2026-04-23T01:00:00+03:00,2026-04,EBM0426,2500.357065641135,EPIAS_VEP:EBM0426,True,False,False
2026-04-22T23:00:00+00:00,2026-04-23T02:00:00+03:00,2026-04,EBM0426,2500.3570661638078,EPIAS_VEP:EBM0426,True,False,False
2026-04-23T00:00:00+00:00,2026-04-23T03:00:00+03:00,2026-04,EBM0426,2500.3570667265353,EPIAS_VEP:EBM0426,True,False,False
2026-04-23T01:00:00+00:00,2026-04-23T04:00:00+03:00,2026-04,EBM0426,2500.3570673293643,EPIAS_VEP:EBM0426,True,False,False
2026-04-23T02:00:00+00:00,2026-04-23T05:00:00+03:00,2026-04,EBM0426,2500.3570679719182,EPIAS_VEP:EBM0426,True,False,False
2026-04-23T03:00:00+00:00,2026-04-23T06:00:00+03:00,2026-04,EBM0426,2500.357068653338,EPIAS_VEP:EBM0426,True,False,False
2026-04-23T04:00:00+00:00,2026-04-23T07:00:00+03:00,2026-04,EBM0426,2500.3570693722154,EPIAS_VEP:EBM0426,True,False,False
2026-04-23T05:00:00+00:00,2026-04-23T08:00:00+03:00,2026-04,EBM0426,2500.357070126526,EPIAS_VEP:EBM0426,True,False,False
2026-04-23T06:00:00+00:00,2026-04-23T09:00:00+03:00,2026-04,EBM0426,2500.3570709135597,EPIAS_VEP:EBM0426,True,False,False
2026-04-23T07:00:00+00:00,2026-04-23T10:00:00+03:00,2026-04,EBM0426,2500.3570717298403,EPIAS_VEP:EBM0426,True,False,False
2026-04-23T08:00:00+00:00,2026-04-23T11:00:00+03:00,2026-04,EBM0426,2500.3570725710506,EPIAS_VEP:EBM0426,True,False,False
2026-04-23T09:00:00+00:00,2026-04-23T12:00:00+03:00,2026-04,EBM0426,2500.3570734319496,EPIAS_VEP:EBM0426,True,False,False
2026-04-23T10:00:00+00:00,2026-04-23T13:00:00+03:00,2026-04,EBM0426,2500.357074306288,EPIAS_VEP:EBM0426,True,False,False
2026-04-23T11:00:00+00:00,2026-04-23T14:00:00+03:00,2026-04,EBM0426,2500.3570751867233,EPIAS_VEP:EBM0426,True,False,False
2026-04-23T12:00:00+00:00,2026-04-23T15:00:00+03:00,2026-04,EBM0426,2500.357076064732,EPIAS_VEP:EBM0426,True,False,False
2026-04-23T13:00:00+00:00,2026-04-23T16:00:00+03:00,2026-04,EBM0426,2500.357076930522,EPIAS_VEP:EBM0426,True,False,False
2026-04-23T14:00:00+00:00,2026-04-23T17:00:00+03:00,2026-04,EBM0426,2500.357077772942,EPIAS_VEP:EBM0426,True,False,False
2026-04-23T15:00:00+00:00,2026-04-23T18:00:00+03:00,2026-04,EBM0426,2500.357078579397,EPIAS_VEP:EBM0426,True,False,False
2026-04-23T16:00:00+00:00,2026-04-23T19:00:00+03:00,2026-04,EBM0426,2500.357079335761,EPIAS_VEP:EBM0426,True,False,False
2026-04-23T17:00:00+00:00,2026-04-23T20:00:00+03:00,2026-04,EBM0426,2500.357080026301,EPIAS_VEP:EBM0426,True,False,False
2026-04-23T18:00:00+00:00,2026-04-23T21:00:00+03:00,2026-04,EBM0426,2500.3570806335997,EPIAS_VEP:EBM0426,True,False,False
2026-04-23T19:00:00+00:00,2026-04-23T22:00:00+03:00,2026-04,EBM0426,2500.357081138487,EPIAS_VEP:EBM0426,True,False,False
2026-04-23T20:00:00+00:00,2026-04-23T23:00:00+03:00,2026-04,EBM0426,2500.3570815199773,EPIAS_VEP:EBM0426,True,False,False
2026-04-23T21:00:00+00:00,2026-04-24T00:00:00+03:00,2026-04,EBM0426,2500.35708175522,EPIAS_VEP:EBM0426,True,False,False
2026-04-23T22:00:00+00:00,2026-04-24T01:00:00+03:00,2026-04,EBM0426,2500.357081819462,EPIAS_VEP:EBM0426,True,False,False
2026-04-23T23:00:00+00:00,2026-04-24T02:00:00+03:00,2026-04,EBM0426,2500.357081686025,EPIAS_VEP:EBM0426,True,False,False
2026-04-24T00:00:00+00:00,2026-04-24T03:00:00+03:00,2026-04,EBM0426,2500.357081326299,EPIAS_VEP:EBM0426,True,False,False
2026-04-24T01:00:00+00:00,2026-04-24T04:00:00+03:00,2026-04,EBM0426,2500.3570807097526,EPIAS_VEP:EBM0426,True,False,False
2026-04-24T02:00:00+00:00,2026-04-24T05:00:00+03:00,2026-04,EBM0426,2500.3570798039736,EPIAS_VEP:EBM0426,True,False,False
2026-04-24T03:00:00+00:00,2026-04-24T06:00:00+03:00,2026-04,EBM0426,2500.3570785747283,EPIAS_VEP:EBM0426,True,False,False
2026-04-24T04:00:00+00:00,2026-04-24T07:00:00+03:00,2026-04,EBM0426,2500.3570769860526,EPIAS_VEP:EBM0426,True,False,False
2026-04-24T05:00:00+00:00,2026-04-24T08:00:00+03:00,2026-04,EBM0426,2500.357075000373,EPIAS_VEP:EBM0426,True,False,False
2026-04-24T06:00:00+00:00,2026-04-24T09:00:00+03:00,2026-04,EBM0426,2500.357072578665,EPIAS_VEP:EBM0426,True,False,False
2026-04-24T07:00:00+00:00,2026-04-24T10:00:00+03:00,2026-04,EBM0426,2500.357069680656,EPIAS_VEP:EBM0426,True,False,False
2026-04-24T08:00:00+00:00,2026-04-24T11:00:00+03:00,2026-04,EBM0426,2500.357066265065,EPIAS_VEP:EBM0426,True,False,False
2026-04-24T09:00:00+00:00,2026-04-24T12:00:00+03:00,2026-04,EBM0426,2500.357062289891,EPIAS_VEP:EBM0426,True,False,False
2026-04-24T10:00:00+00:00,2026-04-24T13:00:00+03:00,2026-04,EBM0426,2500.3570577127584,EPIAS_VEP:EBM0426,True,False,False
2026-04-24T11:00:00+00:00,2026-04-24T14:00:00+03:00,2026-04,EBM0426,2500.357052491311,EPIAS_VEP:EBM0426,True,False,False
2026-04-24T12:00:00+00:00,2026-04-24T15:00:00+03:00,2026-04,EBM0426,2500.357046583671,EPIAS_VEP:EBM0426,True,False,False
2026-04-24T13:00:00+00:00,2026-04-24T16:00:00+03:00,2026-04,EBM0426,2500.35703994896,EPIAS_VEP:EBM0426,True,False,False
2026-04-24T14:00:00+00:00,2026-04-24T17:00:00+03:00,2026-04,EBM0426,2500.357032547891,EPIAS_VEP:EBM0426,True,False,False
2026-04-24T15:00:00+00:00,2026-04-24T18:00:00+03:00,2026-04,EBM0426,2500.3570243434337,EPIAS_VEP:EBM0426,True,False,False
2026-04-24T16:00:00+00:00,2026-04-24T19:00:00+03:00,2026-04,EBM0426,2500.3570153015526,EPIAS_VEP:EBM0426,True,False,False
2026-04-24T17:00:00+00:00,2026-04-24T20:00:00+03:00,2026-04,EBM0426,2500.357005392026,EPIAS_VEP:EBM0426,True,False,False
2026-04-24T18:00:00+00:00,2026-04-24T21:00:00+03:00,2026-04,EBM0426,2500.3569945893532,EPIAS_VEP:EBM0426,True,False,False
2026-04-24T19:00:00+00:00,2026-04-24T22:00:00+03:00,2026-04,EBM0426,2500.356982873742,EPIAS_VEP:EBM0426,True,False,False
2026-04-24T20:00:00+00:00,2026-04-24T23:00:00+03:00,2026-04,EBM0426,2500.3569702321915,EPIAS_VEP:EBM0426,True,False,False
2026-04-24T21:00:00+00:00,2026-04-25T00:00:00+03:00,2026-04,EBM0426,2500.356956659665,EPIAS_VEP:EBM0426,True,False,False
2026-04-24T22:00:00+00:00,2026-04-25T01:00:00+03:00,2026-04,EBM0426,2500.3569421603493,EPIAS_VEP:EBM0426,True,False,False
2026-04-24T23:00:00+00:00,2026-04-25T02:00:00+03:00,2026-04,EBM0426,2500.3569267490157,EPIAS_VEP:EBM0426,True,False,False
2026-04-25T00:00:00+00:00,2026-04-25T03:00:00+03:00,2026-04,EBM0426,2500.3569104524663,EPIAS_VEP:EBM0426,True,False,False
2026-04-25T01:00:00+00:00,2026-04-25T04:00:00+03:00,2026-04,EBM0426,2500.356893311079,EPIAS_VEP:EBM0426,True,False,False
2026-04-25T02:00:00+00:00,2026-04-25T05:00:00+03:00,2026-04,EBM0426,2500.3568753804366,EPIAS_VEP:EBM0426,True,False,False
2026-04-25T03:00:00+00:00,2026-04-25T06:00:00+03:00,2026-04,EBM0426,2500.356856733039,EPIAS_VEP:EBM0426,True,False,False
2026-04-25T04:00:00+00:00,2026-04-25T07:00:00+03:00,2026-04,EBM0426,2500.3568374601005,EPIAS_VEP:EBM0426,True,False,False
2026-04-25T05:00:00+00:00,2026-04-25T08:00:00+03:00,2026-04,EBM0426,2500.356817673407,EPIAS_VEP:EBM0426,True,False,False
2026-04-25T06:00:00+00:00,2026-04-25T09:00:00+03:00,2026-04,EBM0426,2500.356797507249,EPIAS_VEP:EBM0426,True,False,False
2026-04-25T07:00:00+00:00,2026-04-25T10:00:00+03:00,2026-04,EBM0426,2500.3567771203993,EPIAS_VEP:EBM0426,True,False,False
2026-04-25T08:00:00+00:00,2026-04-25T11:00:00+03:00,2026-04,EBM0426,2500.3567566981287,EPIAS_VEP:EBM0426,True,False,False
2026-04-25T09:00:00+00:00,2026-04-25T12:00:00+03:00,2026-04,EBM0426,2500.356736454247,EPIAS_VEP:EBM0426,True,False,False
2026-04-25T10:00:00+00:00,2026-04-25T13:00:00+03:00,2026-04,EBM0426,2500.3567166331427,EPIAS_VEP:EBM0426,True,False,False
2026-04-25T11:00:00+00:00,2026-04-25T14:00:00+03:00,2026-04,EBM0426,2500.3566975118083,EPIAS_VEP:EBM0426,True,False,False
2026-04-25T12:00:00+00:00,2026-04-25T15:00:00+03:00,2026-04,EBM0426,2500.356679401821,EPIAS_VEP:EBM0426,True,False,False
2026-04-25T13:00:00+00:00,2026-04-25T16:00:00+03:00,2026-04,EBM0426,2500.356662651258,EPIAS_VEP:EBM0426,True,False,False
2026-04-25T14:00:00+00:00,2026-04-25T17:00:00+03:00,2026-04,EBM0426,2500.356647646506,EPIAS_VEP:EBM0426,True,False,False
2026-04-25T15:00:00+00:00,2026-04-25T18:00:00+03:00,2026-04,EBM0426,2500.356634813937,EPIAS_VEP:EBM0426,True,False,False
2026-04-25T16:00:00+00:00,2026-04-25T19:00:00+03:00,2026-04,EBM0426,2500.356624621407,EPIAS_VEP:EBM0426,True,False,False
2026-04-25T17:00:00+00:00,2026-04-25T20:00:00+03:00,2026-04,EBM0426,2500.3566175795386,EPIAS_VEP:EBM0426,True,False,False
2026-04-25T18:00:00+00:00,2026-04-25T21:00:00+03:00,2026-04,EBM0426,2500.356614242743,EPIAS_VEP:EBM0426,True,False,False
2026-04-25T19:00:00+00:00,2026-04-25T22:00:00+03:00,2026-04,EBM0426,2500.3566152099224,EPIAS_VEP:EBM0426,True,False,False
2026-04-25T20:00:00+00:00,2026-04-25T23:00:00+03:00,2026-04,EBM0426,2500.3566211248035,EPIAS_VEP:EBM0426,True,False,False
2026-04-25T21:00:00+00:00,2026-04-26T00:00:00+03:00,2026-04,EBM0426,2500.356632675841,EPIAS_VEP:EBM0426,True,False,False
2026-04-25T22:00:00+00:00,2026-04-26T01:00:00+03:00,2026-04,EBM0426,2500.3566505956264,EPIAS_VEP:EBM0426,True,False,False
2026-04-25T23:00:00+00:00,2026-04-26T02:00:00+03:00,2026-04,EBM0426,2500.356675659734,EPIAS_VEP:EBM0426,True,False,False
2026-04-26T00:00:00+00:00,2026-04-26T03:00:00+03:00,2026-04,EBM0426,2500.3567086849284,EPIAS_VEP:EBM0426,True,False,False
2026-04-26T01:00:00+00:00,2026-04-26T04:00:00+03:00,2026-04,EBM0426,2500.3567505266587,EPIAS_VEP:EBM0426,True,False,False
2026-04-26T02:00:00+00:00,2026-04-26T05:00:00+03:00,2026-04,EBM0426,2500.3568020757534,EPIAS_VEP:EBM0426,True,False,False
2026-04-26T03:00:00+00:00,2026-04-26T06:00:00+03:00,2026-04,EBM0426,2500.356864254237,EPIAS_VEP:EBM0426,True,False,False
2026-04-26T04:00:00+00:00,2026-04-26T07:00:00+03:00,2026-04,EBM0426,2500.356938010174,EPIAS_VEP:EBM0426,True,False,False
2026-04-26T05:00:00+00:00,2026-04-26T08:00:00+03:00,2026-04,EBM0426,2500.3570243114546,EPIAS_VEP:EBM0426,True,False,False
2026-04-26T06:00:00+00:00,2026-04-26T09:00:00+03:00,2026-04,EBM0426,2500.357124138416,EPIAS_VEP:EBM0426,True,False,False
2026-04-26T07:00:00+00:00,2026-04-26T10:00:00+03:00,2026-04,EBM0426,2500.3572384752147,EPIAS_VEP:EBM0426,True,False,False
2026-04-26T08:00:00+00:00,2026-04-26T11:00:00+03:00,2026-04,EBM0426,2500.357368299843,EPIAS_VEP:EBM0426,True,False,False
2026-04-26T09:00:00+00:00,2026-04-26T12:00:00+03:00,2026-04,EBM0426,2500.3575145726945,EPIAS_VEP:EBM0426,True,False,False
2026-04-26T10:00:00+00:00,2026-04-26T13:00:00+03:00,2026-04,EBM0426,2500.3576782235828,EPIAS_VEP:EBM0426,True,False,False
2026-04-26T11:00:00+00:00,2026-04-26T14:00:00+03:00,2026-04,EBM0426,2500.3578601371123,EPIAS_VEP:EBM0426,True,False,False
2026-04-26T12:00:00+00:00,2026-04-26T15:00:00+03:00,2026-04,EBM0426,2500.3580611363136,EPIAS_VEP:EBM0426,True,False,False
2026-04-26T13:00:00+00:00,2026-04-26T16:00:00+03:00,2026-04,EBM0426,2500.358281964452,EPIAS_VEP:EBM0426,True,False,False
2026-04-26T14:00:00+00:00,2026-04-26T17:00:00+03:00,2026-04,EBM0426,2500.358523264932,EPIAS_VEP:EBM0426,True,False,False
2026-04-26T15:00:00+00:00,2026-04-26T18:00:00+03:00,2026-04,EBM0426,2500.35878555921,EPIAS_VEP:EBM0426,True,False,False
2026-04-26T16:00:00+00:00,2026-04-26T19:00:00+03:00,2026-04,EBM0426,2500.3590692226635,EPIAS_VEP:EBM0426,True,False,False
2026-04-26T17:00:00+00:00,2026-04-26T20:00:00+03:00,2026-04,EBM0426,2500.359374458362,EPIAS_VEP:EBM0426,True,False,False
2026-04-26T18:00:00+00:00,2026-04-26T21:00:00+03:00,2026-04,EBM0426,2500.3597012687005,EPIAS_VEP:EBM0426,True,False,False
2026-04-26T19:00:00+00:00,2026-04-26T22:00:00+03:00,2026-04,EBM0426,2500.3600494248785,EPIAS_VEP:EBM0426,True,False,False
2026-04-26T20:00:00+00:00,2026-04-26T23:00:00+03:00,2026-04,EBM0426,2500.3604184342175,EPIAS_VEP:EBM0426,True,False,False
2026-04-26T21:00:00+00:00,2026-04-27T00:00:00+03:00,2026-04,EBM0426,2500.360807505345,EPIAS_VEP:EBM0426,True,False,False
2026-04-26T22:00:00+00:00,2026-04-27T01:00:00+03:00,2026-04,EBM0426,2500.361215511296,EPIAS_VEP:EBM0426,True,False,False
2026-04-26T23:00:00+00:00,2026-04-27T02:00:00+03:00,2026-04,EBM0426,2500.361640950603,EPIAS_VEP:EBM0426,True,False,False
2026-04-27T00:00:00+00:00,2026-04-27T03:00:00+03:00,2026-04,EBM0426,2500.3620819064954,EPIAS_VEP:EBM0426,True,False,False
2026-04-27T01:00:00+00:00,2026-04-27T04:00:00+03:00,2026-04,EBM0426,2500.3625360043566,EPIAS_VEP:EBM0426,True,False,False
2026-04-27T02:00:00+00:00,2026-04-27T05:00:00+03:00,2026-04,EBM0426,2500.363000367629,EPIAS_VEP:EBM0426,True,False,False
2026-04-27T03:00:00+00:00,2026-04-27T06:00:00+03:00,2026-04,EBM0426,2500.363471572405,EPIAS_VEP:EBM0426,True,False,False
2026-04-27T04:00:00+00:00,2026-04-27T07:00:00+03:00,2026-04,EBM0426,2500.3639456009887,EPIAS_VEP:EBM0426,True,False,False
2026-04-27T05:00:00+00:00,2026-04-27T08:00:00+03:00,2026-04,EBM0426,2500.364417794775,EPIAS_VEP:EBM0426,True,False,False
2026-04-27T06:00:00+00:00,2026-04-27T09:00:00+03:00,2026-04,EBM0426,2500.3648828068494,EPIAS_VEP:EBM0426,True,False,False
2026-04-27T07:00:00+00:00,2026-04-27T10:00:00+03:00,2026-04,EBM0426,2500.3653345547677,EPIAS_VEP:EBM0426,True,False,False
2026-04-27T08:00:00+00:00,2026-04-27T11:00:00+03:00,2026-04,EBM0426,2500.3657661740535,EPIAS_VEP:EBM0426,True,False,False
2026-04-27T09:00:00+00:00,2026-04-27T12:00:00+03:00,2026-04,EBM0426,2500.366169973025,EPIAS_VEP:EBM0426,True,False,False
2026-04-27T10:00:00+00:00,2026-04-27T13:00:00+03:00,2026-04,EBM0426,2500.3665373896315,EPIAS_VEP:EBM0426,True,False,False
2026-04-27T11:00:00+00:00,2026-04-27T14:00:00+03:00,2026-04,EBM0426,2500.366858951073,EPIAS_VEP:EBM0426,True,False,False
2026-04-27T12:00:00+00:00,2026-04-27T15:00:00+03:00,2026-04,EBM0426,2500.3671242370597,EPIAS_VEP:EBM0426,True,False,False
2026-04-27T13:00:00+00:00,2026-04-27T16:00:00+03:00,2026-04,EBM0426,2500.367321847655,EPIAS_VEP:EBM0426,True,False,False
2026-04-27T14:00:00+00:00,2026-04-27T17:00:00+03:00,2026-04,EBM0426,2500.36743937675,EPIAS_VEP:EBM0426,True,False,False
2026-04-27T15:00:00+00:00,2026-04-27T18:00:00+03:00,2026-04,EBM0426,2500.3674633922997,EPIAS_VEP:EBM0426,True,False,False
2026-04-27T16:00:00+00:00,2026-04-27T19:00:00+03:00,2026-04,EBM0426,2500.3673794245697,EPIAS_VEP:EBM0426,True,False,False
2026-04-27T17:00:00+00:00,2026-04-27T20:00:00+03:00,2026-04,EBM0426,2500.3671719637364,EPIAS_VEP:EBM0426,True,False,False
2026-04-27T18:00:00+00:00,2026-04-27T21:00:00+03:00,2026-04,EBM0426,2500.3668244682813,EPIAS_VEP:EBM0426,True,False,False
2026-04-27T19:00:00+00:00,2026-04-27T22:00:00+03:00,2026-04,EBM0426,2500.3663193857387,EPIAS_VEP:EBM0426,True,False,False
2026-04-27T20:00:00+00:00,2026-04-27T23:00:00+03:00,2026-04,EBM0426,2500.3656381874475,EPIAS_VEP:EBM0426,True,False,False
2026-04-27T21:00:00+00:00,2026-04-28T00:00:00+03:00,2026-04,EBM0426,2500.364761419059,EPIAS_VEP:EBM0426,True,False,False
2026-04-27T22:00:00+00:00,2026-04-28T01:00:00+03:00,2026-04,EBM0426,2500.3636687686544,EPIAS_VEP:EBM0426,True,False,False
2026-04-27T23:00:00+00:00,2026-04-28T02:00:00+03:00,2026-04,EBM0426,2500.3623391544247,EPIAS_VEP:EBM0426,True,False,False
2026-04-28T00:00:00+00:00,2026-04-28T03:00:00+03:00,2026-04,EBM0426,2500.360750833932,EPIAS_VEP:EBM0426,True,False,False
2026-04-28T01:00:00+00:00,2026-04-28T04:00:00+03:00,2026-04,EBM0426,2500.3588815370717,EPIAS_VEP:EBM0426,True,False,False
2026-04-28T02:00:00+00:00,2026-04-28T05:00:00+03:00,2026-04,EBM0426,2500.356708624907,EPIAS_VEP:EBM0426,True,False,False
2026-04-28T03:00:00+00:00,2026-04-28T06:00:00+03:00,2026-04,EBM0426,2500.3542092765965,EPIAS_VEP:EBM0426,True,False,False
2026-04-28T04:00:00+00:00,2026-04-28T07:00:00+03:00,2026-04,EBM0426,2500.3513607066866,EPIAS_VEP:EBM0426,True,False,False
2026-04-28T05:00:00+00:00,2026-04-28T08:00:00+03:00,2026-04,EBM0426,2500.3481404150425,EPIAS_VEP:EBM0426,True,False,False
2026-04-28T06:00:00+00:00,2026-04-28T09:00:00+03:00,2026-04,EBM0426,2500.3445264717093,EPIAS_VEP:EBM0426,True,False,False
2026-04-28T07:00:00+00:00,2026-04-28T10:00:00+03:00,2026-04,EBM0426,2500.3404978389394,EPIAS_VEP:EBM0426,True,False,False
2026-04-28T08:00:00+00:00,2026-04-28T11:00:00+03:00,2026-04,EBM0426,2500.336034732586,EPIAS_VEP:EBM0426,True,False,False
2026-04-28T09:00:00+00:00,2026-04-28T12:00:00+03:00,2026-04,EBM0426,2500.3311190249688,EPIAS_VEP:EBM0426,True,False,False
2026-04-28T10:00:00+00:00,2026-04-28T13:00:00+03:00,2026-04,EBM0426,2500.325734691183,EPIAS_VEP:EBM0426,True,False,False
2026-04-28T11:00:00+00:00,2026-04-28T14:00:00+03:00,2026-04,EBM0426,2500.3198683006685,EPIAS_VEP:EBM0426,True,False,False
2026-04-28T12:00:00+00:00,2026-04-28T15:00:00+03:00,2026-04,EBM0426,2500.3135095556463,EPIAS_VEP:EBM0426,True,False,False
2026-04-28T13:00:00+00:00,2026-04-28T16:00:00+03:00,2026-04,EBM0426,2500.306651877757,EPIAS_VEP:EBM0426,True,False,False
2026-04-28T14:00:00+00:00,2026-04-28T17:00:00+03:00,2026-04,EBM0426,2500.299293043935,EPIAS_VEP:EBM0426,True,False,False
2026-04-28T15:00:00+00:00,2026-04-28T18:00:00+03:00,2026-04,EBM0426,2500.291435872177,EPIAS_VEP:EBM0426,True,False,False
2026-04-28T16:00:00+00:00,2026-04-28T19:00:00+03:00,2026-04,EBM0426,2500.283088957423,EPIAS_VEP:EBM0426,True,False,False
2026-04-28T17:00:00+00:00,2026-04-28T20:00:00+03:00,2026-04,EBM0426,2500.2742674572737,EPIAS_VEP:EBM0426,True,False,False
2026-04-28T18:00:00+00:00,2026-04-28T21:00:00+03:00,2026-04,EBM0426,2500.2649939266857,EPIAS_VEP:EBM0426,True,False,False
2026-04-28T19:00:00+00:00,2026-04-28T22:00:00+03:00,2026-04,EBM0426,2500.2552992001183,EPIAS_VEP:EBM0426,True,False,False
2026-04-28T20:00:00+00:00,2026-04-28T23:00:00+03:00,2026-04,EBM0426,2500.2452233188865,EPIAS_VEP:EBM0426,True,False,False
2026-04-28T21:00:00+00:00,2026-04-29T00:00:00+03:00,2026-04,EBM0426,2500.234816500635,EPIAS_VEP:EBM0426,True,False,False
2026-04-28T22:00:00+00:00,2026-04-29T01:00:00+03:00,2026-04,EBM0426,2500.2241401469264,EPIAS_VEP:EBM0426,True,False,False
2026-04-28T23:00:00+00:00,2026-04-29T02:00:00+03:00,2026-04,EBM0426,2500.2132678839225,EPIAS_VEP:EBM0426,True,False,False
2026-04-29T00:00:00+00:00,2026-04-29T03:00:00+03:00,2026-04,EBM0426,2500.2022866300204,EPIAS_VEP:EBM0426,True,False,False
2026-04-29T01:00:00+00:00,2026-04-29T04:00:00+03:00,2026-04,EBM0426,2500.191297683078,EPIAS_VEP:EBM0426,True,False,False
2026-04-29T02:00:00+00:00,2026-04-29T05:00:00+03:00,2026-04,EBM0426,2500.1804178185403,EPIAS_VEP:EBM0426,True,False,False
2026-04-29T03:00:00+00:00,2026-04-29T06:00:00+03:00,2026-04,EBM0426,2500.1697803883317,EPIAS_VEP:EBM0426,True,False,False
2026-04-29T04:00:00+00:00,2026-04-29T07:00:00+03:00,2026-04,EBM0426,2500.1595364088435,EPIAS_VEP:EBM0426,True,False,False
2026-04-29T05:00:00+00:00,2026-04-29T08:00:00+03:00,2026-04,EBM0426,2500.1498556246806,EPIAS_VEP:EBM0426,True,False,False
2026-04-29T06:00:00+00:00,2026-04-29T09:00:00+03:00,2026-04,EBM0426,2500.140927533055,EPIAS_VEP:EBM0426,True,False,False
2026-04-29T07:00:00+00:00,2026-04-29T10:00:00+03:00,2026-04,EBM0426,2500.1329623518654,EPIAS_VEP:EBM0426,True,False,False
2026-04-29T08:00:00+00:00,2026-04-29T11:00:00+03:00,2026-04,EBM0426,2500.1261919125054,EPIAS_VEP:EBM0426,True,False,False
2026-04-29T09:00:00+00:00,2026-04-29T12:00:00+03:00,2026-04,EBM0426,2500.120870457142,EPIAS_VEP:EBM0426,True,False,False
2026-04-29T10:00:00+00:00,2026-04-29T13:00:00+03:00,2026-04,EBM0426,2500.117275315,EPIAS_VEP:EBM0426,True,False,False
2026-04-29T11:00:00+00:00,2026-04-29T14:00:00+03:00,2026-04,EBM0426,2500.11570743451,EPIAS_VEP:EBM0426,True,False,False
2026-04-29T12:00:00+00:00,2026-04-29T15:00:00+03:00,2026-04,EBM0426,2500.11649174282,EPIAS_VEP:EBM0426,True,False,False
2026-04-29T13:00:00+00:00,2026-04-29T16:00:00+03:00,2026-04,EBM0426,2500.1199773025846,EPIAS_VEP:EBM0426,True,False,False
2026-04-29T14:00:00+00:00,2026-04-29T17:00:00+03:00,2026-04,EBM0426,2500.1265372335333,EPIAS_VEP:EBM0426,True,False,False
2026-04-29T15:00:00+00:00,2026-04-29T18:00:00+03:00,2026-04,EBM0426,2500.1365683639156,EPIAS_VEP:EBM0426,True,False,False
2026-04-29T16:00:00+00:00,2026-04-29T19:00:00+03:00,2026-04,EBM0426,2500.1504905745073,EPIAS_VEP:EBM0426,True,False,False
2026-04-29T17:00:00+00:00,2026-04-29T20:00:00+03:00,2026-04,EBM0426,2500.1687457954954,EPIAS_VEP:EBM0426,True,False,False
2026-04-29T18:00:00+00:00,2026-04-29T21:00:00+03:00,2026-04,EBM0426,2500.191796614259,EPIAS_VEP:EBM0426,True,False,False
2026-04-29T19:00:00+00:00,2026-04-29T22:00:00+03:00,2026-04,EBM0426,2500.220124449847,EPIAS_VEP:EBM0426,True,False,False
2026-04-29T20:00:00+00:00,2026-04-29T23:00:00+03:00,2026-04,EBM0426,2500.254227247897,EPIAS_VEP:EBM0426,True,False,False
2026-04-29T21:00:00+00:00,2026-04-30T00:00:00+03:00,2026-04,EBM0426,2500.294616647851,EPIAS_VEP:EBM0426,True,False,False
2026-04-29T22:00:00+00:00,2026-04-30T01:00:00+03:00,2026-04,EBM0426,2500.3418145726764,EPIAS_VEP:EBM0426,True,False,False
2026-04-29T23:00:00+00:00,2026-04-30T02:00:00+03:00,2026-04,EBM0426,2500.3963491899235,EPIAS_VEP:EBM0426,True,False,False
2026-04-30T00:00:00+00:00,2026-04-30T03:00:00+03:00,2026-04,EBM0426,2500.458750191934,EPIAS_VEP:EBM0426,True,False,False
2026-04-30T01:00:00+00:00,2026-04-30T04:00:00+03:00,2026-04,EBM0426,2500.5295433423817,EPIAS_VEP:EBM0426,True,False,False
2026-04-30T02:00:00+00:00,2026-04-30T05:00:00+03:00,2026-04,EBM0426,2500.6092442361705,EPIAS_VEP:EBM0426,True,False,False
2026-04-30T03:00:00+00:00,2026-04-30T06:00:00+03:00,2026-04,EBM0426,2500.6983512201173,EPIAS_VEP:EBM0426,True,False,False
2026-04-30T04:00:00+00:00,2026-04-30T07:00:00+03:00,2026-04,EBM0426,2500.7973374228654,EPIAS_VEP:EBM0426,True,False,False
2026-04-30T05:00:00+00:00,2026-04-30T08:00:00+03:00,2026-04,EBM0426,2500.9066418441876,EPIAS_VEP:EBM0426,True,False,False
2026-04-30T06:00:00+00:00,2026-04-30T09:00:00+03:00,2026-04,EBM0426,2501.0266594563604,EPIAS_VEP:EBM0426,True,False,False
2026-04-30T07:00:00+00:00,2026-04-30T10:00:00+03:00,2026-04,EBM0426,2501.1577302737273,EPIAS_VEP:EBM0426,True,False,False
2026-04-30T08:00:00+00:00,2026-04-30T11:00:00+03:00,2026-04,EBM0426,2501.300127350933,EPIAS_VEP:EBM0426,True,False,False
2026-04-30T09:00:00+00:00,2026-04-30T12:00:00+03:00,2026-04,EBM0426,2501.4540436758434,EPIAS_VEP:EBM0426,True,False,False
2026-04-30T10:00:00+00:00,2026-04-30T13:00:00+03:00,2026-04,EBM0426,2501.619577929845,EPIAS_VEP:EBM0426,True,False,False
2026-04-30T11:00:00+00:00,2026-04-30T14:00:00+03:00,2026-04,EBM0426,2501.796719096196,EPIAS_VEP:EBM0426,True,False,False
2026-04-30T12:00:00+00:00,2026-04-30T15:00:00+03:00,2026-04,EBM0426,2501.985329906621,EPIAS_VEP:EBM0426,True,False,False
2026-04-30T13:00:00+00:00,2026-04-30T16:00:00+03:00,2026-04,EBM0426,2502.1851291271746,EPIAS_VEP:EBM0426,True,False,False
2026-04-30T14:00:00+00:00,2026-04-30T17:00:00+03:00,2026-04,EBM0426,2502.3956726971796,EPIAS_VEP:EBM0426,True,False,False
2026-04-30T15:00:00+00:00,2026-04-30T18:00:00+03:00,2026-04,EBM0426,2502.616333749286,EPIAS_VEP:EBM0426,True,False,False
2026-04-30T16:00:00+00:00,2026-04-30T19:00:00+03:00,2026-04,EBM0426,2502.8462815551557,EPIAS_VEP:EBM0426,True,False,False
2026-04-30T17:00:00+00:00,2026-04-30T20:00:00+03:00,2026-04,EBM0426,2503.084459459269,EPIAS_VEP:EBM0426,True,False,False
2026-04-30T18:00:00+00:00,2026-04-30T21:00:00+03:00,2026-04,EBM0426,2503.3295618842217,EPIAS_VEP:EBM0426,True,False,False
2026-04-30T19:00:00+00:00,2026-04-30T22:00:00+03:00,2026-04,EBM0426,2503.5800105132876,EPIAS_VEP:EBM0426,True,False,False
2026-04-30T20:00:00+00:00,2026-04-30T23:00:00+03:00,2026-04,EBM0426,2503.833929778057,EPIAS_VEP:EBM0426,True,False,False
2026-04-30T21:00:00+00:00,2026-05-01T00:00:00+03:00,2026-05,EBM0526,2504.0891218169772,EPIAS_VEP:EBM0526,True,False,False
2026-04-30T22:00:00+00:00,2026-05-01T01:00:00+03:00,2026-05,EBM0526,2504.3430410817646,EPIAS_VEP:EBM0526,True,False,False
2026-04-30T23:00:00+00:00,2026-05-01T02:00:00+03:00,2026-05,EBM0526,2504.59348971087,EPIAS_VEP:EBM0526,True,False,False
2026-05-01T00:00:00+00:00,2026-05-01T03:00:00+03:00,2026-05,EBM0526,2504.838592137201,EPIAS_VEP:EBM0526,True,False,False
2026-05-01T01:00:00+00:00,2026-05-01T04:00:00+03:00,2026-05,EBM0526,2505.076770043609,EPIAS_VEP:EBM0526,True,False,False
2026-05-01T02:00:00+00:00,2026-05-01T05:00:00+03:00,2026-05,EBM0526,2505.3067178526485,EPIAS_VEP:EBM0526,True,False,False
2026-05-01T03:00:00+00:00,2026-05-01T06:00:00+03:00,2026-05,EBM0526,2505.527378908783,EPIAS_VEP:EBM0526,True,False,False
2026-05-01T04:00:00+00:00,2026-05-01T07:00:00+03:00,2026-05,EBM0526,2505.7379224836063,EPIAS_VEP:EBM0526,True,False,False
2026-05-01T05:00:00+00:00,2026-05-01T08:00:00+03:00,2026-05,EBM0526,2505.9377217097376,EPIAS_VEP:EBM0526,True,False,False
2026-05-01T06:00:00+00:00,2026-05-01T09:00:00+03:00,2026-05,EBM0526,2506.1263325264626,EPIAS_VEP:EBM0526,True,False,False
2026-05-01T07:00:00+00:00,2026-05-01T10:00:00+03:00,2026-05,EBM0526,2506.303473699811,EPIAS_VEP:EBM0526,True,False,False
2026-05-01T08:00:00+00:00,2026-05-01T11:00:00+03:00,2026-05,EBM0526,2506.4690079614766,EPIAS_VEP:EBM0526,True,False,False
2026-05-01T09:00:00+00:00,2026-05-01T12:00:00+03:00,2026-05,EBM0526,2506.622924294699,EPIAS_VEP:EBM0526,True,False,False
2026-05-01T10:00:00+00:00,2026-05-01T13:00:00+03:00,2026-05,EBM0526,2506.765321380837,EPIAS_VEP:EBM0526,True,False,False
2026-05-01T11:00:00+00:00,2026-05-01T14:00:00+03:00,2026-05,EBM0526,2506.8963922077382,EPIAS_VEP:EBM0526,True,False,False
2026-05-01T12:00:00+00:00,2026-05-01T15:00:00+03:00,2026-05,EBM0526,2507.0164098300274,EPIAS_VEP:EBM0526,True,False,False
2026-05-01T13:00:00+00:00,2026-05-01T16:00:00+03:00,2026-05,EBM0526,2507.125714262026,EPIAS_VEP:EBM0526,True,False,False
2026-05-01T14:00:00+00:00,2026-05-01T17:00:00+03:00,2026-05,EBM0526,2507.224700475986,EPIAS_VEP:EBM0526,True,False,False
2026-05-01T15:00:00+00:00,2026-05-01T18:00:00+03:00,2026-05,EBM0526,2507.3138074716494,EPIAS_VEP:EBM0526,True,False,False
2026-05-01T16:00:00+00:00,2026-05-01T19:00:00+03:00,2026-05,EBM0526,2507.393508377627,EPIAS_VEP:EBM0526,True,False,False
2026-05-01T17:00:00+00:00,2026-05-01T20:00:00+03:00,2026-05,EBM0526,2507.464301540697,EPIAS_VEP:EBM0526,True,False,False
2026-05-01T18:00:00+00:00,2026-05-01T21:00:00+03:00,2026-05,EBM0526,2507.526702555716,EPIAS_VEP:EBM0526,True,False,False
2026-05-01T19:00:00+00:00,2026-05-01T22:00:00+03:00,2026-05,EBM0526,2507.5812371863003,EPIAS_VEP:EBM0526,True,False,False
2026-05-01T20:00:00+00:00,2026-05-01T23:00:00+03:00,2026-05,EBM0526,2507.6284351247264,EPIAS_VEP:EBM0526,True,False,False
2026-05-01T21:00:00+00:00,2026-05-02T00:00:00+03:00,2026-05,EBM0526,2507.668824538468,EPIAS_VEP:EBM0526,True,False,False
2026-05-01T22:00:00+00:00,2026-05-02T01:00:00+03:00,2026-05,EBM0526,2507.702927350402,EPIAS_VEP:EBM0526,True,False,False
2026-05-01T23:00:00+00:00,2026-05-02T02:00:00+03:00,2026-05,EBM0526,2507.731255199868,EPIAS_VEP:EBM0526,True,False,False
2026-05-02T00:00:00+00:00,2026-05-02T03:00:00+03:00,2026-05,EBM0526,2507.7543060323856,EPIAS_VEP:EBM0526,True,False,False
2026-05-02T01:00:00+00:00,2026-05-02T04:00:00+03:00,2026-05,EBM0526,2507.772561266871,EPIAS_VEP:EBM0526,True,False,False
2026-05-02T02:00:00+00:00,2026-05-02T05:00:00+03:00,2026-05,EBM0526,2507.786483490552,EPIAS_VEP:EBM0526,True,False,False
2026-05-02T03:00:00+00:00,2026-05-02T06:00:00+03:00,2026-05,EBM0526,2507.7965146334463,EPIAS_VEP:EBM0526,True,False,False
2026-05-02T04:00:00+00:00,2026-05-02T07:00:00+03:00,2026-05,EBM0526,2507.803074576138,EPIAS_VEP:EBM0526,True,False,False
2026-05-02T05:00:00+00:00,2026-05-02T08:00:00+03:00,2026-05,EBM0526,2507.806560146665,EPIAS_VEP:EBM0526,True,False,False
2026-05-02T06:00:00+00:00,2026-05-02T09:00:00+03:00,2026-05,EBM0526,2507.8073444645224,EPIAS_VEP:EBM0526,True,False,False
2026-05-02T07:00:00+00:00,2026-05-02T10:00:00+03:00,2026-05,EBM0526,2507.8057765921044,EPIAS_VEP:EBM0526,True,False,False
2026-05-02T08:00:00+00:00,2026-05-02T11:00:00+03:00,2026-05,EBM0526,2507.8021814562762,EPIAS_VEP:EBM0526,True,False,False
2026-05-02T09:00:00+00:00,2026-05-02T12:00:00+03:00,2026-05,EBM0526,2507.7968600051595,EPIAS_VEP:EBM0526,True,False,False
2026-05-02T10:00:00+00:00,2026-05-02T13:00:00+03:00,2026-05,EBM0526,2507.7900895676466,EPIAS_VEP:EBM0526,True,False,False
2026-05-02T11:00:00+00:00,2026-05-02T14:00:00+03:00,2026-05,EBM0526,2507.782124385545,EPIAS_VEP:EBM0526,True,False,False
2026-05-02T12:00:00+00:00,2026-05-02T15:00:00+03:00,2026-05,EBM0526,2507.773196290621,EPIAS_VEP:EBM0526,True,False,False
2026-05-02T13:00:00+00:00,2026-05-02T16:00:00+03:00,2026-05,EBM0526,2507.7635155011185,EPIAS_VEP:EBM0526,True,False,False
2026-05-02T14:00:00+00:00,2026-05-02T17:00:00+03:00,2026-05,EBM0526,2507.753271514568,EPIAS_VEP:EBM0526,True,False,False
2026-05-02T15:00:00+00:00,2026-05-02T18:00:00+03:00,2026-05,EBM0526,2507.7426340758657,EPIAS_VEP:EBM0526,True,False,False
2026-05-02T16:00:00+00:00,2026-05-02T19:00:00+03:00,2026-05,EBM0526,2507.7317542016735,EPIAS_VEP:EBM0526,True,False,False
2026-05-02T17:00:00+00:00,2026-05-02T20:00:00+03:00,2026-05,EBM0526,2507.72076524416,EPIAS_VEP:EBM0526,True,False,False
2026-05-02T18:00:00+00:00,2026-05-02T21:00:00+03:00,2026-05,EBM0526,2507.7097839789876,EPIAS_VEP:EBM0526,True,False,False
2026-05-02T19:00:00+00:00,2026-05-02T22:00:00+03:00,2026-05,EBM0526,2507.6989117042117,EPIAS_VEP:EBM0526,True,False,False
2026-05-02T20:00:00+00:00,2026-05-02T23:00:00+03:00,2026-05,EBM0526,2507.6882353384044,EPIAS_VEP:EBM0526,True,False,False
2026-05-02T21:00:00+00:00,2026-05-03T00:00:00+03:00,2026-05,EBM0526,2507.6778285078844,EPIAS_VEP:EBM0526,True,False,False
2026-05-02T22:00:00+00:00,2026-05-03T01:00:00+03:00,2026-05,EBM0526,2507.6677526143517,EPIAS_VEP:EBM0526,True,False,False
2026-05-02T23:00:00+00:00,2026-05-03T02:00:00+03:00,2026-05,EBM0526,2507.6580578755697,EPIAS_VEP:EBM0526,True,False,False
2026-05-03T00:00:00+00:00,2026-05-03T03:00:00+03:00,2026-05,EBM0526,2507.648784332958,EPIAS_VEP:EBM0526,True,False,False
2026-05-03T01:00:00+00:00,2026-05-03T04:00:00+03:00,2026-05,EBM0526,2507.6399628210625,EPIAS_VEP:EBM0526,True,False,False
2026-05-03T02:00:00+00:00,2026-05-03T05:00:00+03:00,2026-05,EBM0526,2507.6316158949135,EPIAS_VEP:EBM0526,True,False,False
2026-05-03T03:00:00+00:00,2026-05-03T06:00:00+03:00,2026-05,EBM0526,2507.623758712175,EPIAS_VEP:EBM0526,True,False,False
2026-05-03T04:00:00+00:00,2026-05-03T07:00:00+03:00,2026-05,EBM0526,2507.616399867836,EPIAS_VEP:EBM0526,True,False,False
2026-05-03T05:00:00+00:00,2026-05-03T08:00:00+03:00,2026-05,EBM0526,2507.609542179929,EPIAS_VEP:EBM0526,True,False,False
2026-05-03T06:00:00+00:00,2026-05-03T09:00:00+03:00,2026-05,EBM0526,2507.6031834254163,EPIAS_VEP:EBM0526,True,False,False
2026-05-03T07:00:00+00:00,2026-05-03T10:00:00+03:00,2026-05,EBM0526,2507.597317025958,EPIAS_VEP:EBM0526,True,False,False
2026-05-03T08:00:00+00:00,2026-05-03T11:00:00+03:00,2026-05,EBM0526,2507.591932683787,EPIAS_VEP:EBM0526,True,False,False
2026-05-03T09:00:00+00:00,2026-05-03T12:00:00+03:00,2026-05,EBM0526,2507.587016968349,EPIAS_VEP:EBM0526,True,False,False
2026-05-03T10:00:00+00:00,2026-05-03T13:00:00+03:00,2026-05,EBM0526,2507.582553854738,EPIAS_VEP:EBM0526,True,False,False
2026-05-03T11:00:00+00:00,2026-05-03T14:00:00+03:00,2026-05,EBM0526,2507.578525215264,EPIAS_VEP:EBM0526,True,False,False
2026-05-03T12:00:00+00:00,2026-05-03T15:00:00+03:00,2026-05,EBM0526,2507.57491126577,EPIAS_VEP:EBM0526,True,False,False
2026-05-03T13:00:00+00:00,2026-05-03T16:00:00+03:00,2026-05,EBM0526,2507.571690968492,EPIAS_VEP:EBM0526,True,False,False
2026-05-03T14:00:00+00:00,2026-05-03T17:00:00+03:00,2026-05,EBM0526,2507.5688423934557,EPIAS_VEP:EBM0526,True,False,False
2026-05-03T15:00:00+00:00,2026-05-03T18:00:00+03:00,2026-05,EBM0526,2507.5663430405048,EPIAS_VEP:EBM0526,True,False,False
2026-05-03T16:00:00+00:00,2026-05-03T19:00:00+03:00,2026-05,EBM0526,2507.5641701241602,EPIAS_VEP:EBM0526,True,False,False
2026-05-03T17:00:00+00:00,2026-05-03T20:00:00+03:00,2026-05,EBM0526,2507.5623008235552,EPIAS_VEP:EBM0526,True,False,False
2026-05-03T18:00:00+00:00,2026-05-03T21:00:00+03:00,2026-05,EBM0526,2507.5607124997255,EPIAS_VEP:EBM0526,True,False,False
2026-05-03T19:00:00+00:00,2026-05-03T22:00:00+03:00,2026-05,EBM0526,2507.5593828825404,EPIAS_VEP:EBM0526,True,False,False
2026-05-03T20:00:00+00:00,2026-05-03T23:00:00+03:00,2026-05,EBM0526,2507.558290229537,EPIAS_VEP:EBM0526,True,False,False
2026-05-03T21:00:00+00:00,2026-05-04T00:00:00+03:00,2026-05,EBM0526,2507.5574134588783,EPIAS_VEP:EBM0526,True,False,False
2026-05-03T22:00:00+00:00,2026-05-04T01:00:00+03:00,2026-05,EBM0526,2507.5567322586226,EPIAS_VEP:EBM0526,True,False,False
2026-05-03T23:00:00+00:00,2026-05-04T02:00:00+03:00,2026-05,EBM0526,2507.5562271743966,EPIAS_VEP:EBM0526,True,False,False
2026-05-04T00:00:00+00:00,2026-05-04T03:00:00+03:00,2026-05,EBM0526,2507.555879677516,EPIAS_VEP:EBM0526,True,False,False
2026-05-04T01:00:00+00:00,2026-05-04T04:00:00+03:00,2026-05,EBM0526,2507.555672215494,EPIAS_VEP:EBM0526,True,False,False
2026-05-04T02:00:00+00:00,2026-05-04T05:00:00+03:00,2026-05,EBM0526,2507.5555882467943,EPIAS_VEP:EBM0526,True,False,False
2026-05-04T03:00:00+00:00,2026-05-04T06:00:00+03:00,2026-05,EBM0526,2507.5556122615744,EPIAS_VEP:EBM0526,True,False,False
2026-05-04T04:00:00+00:00,2026-05-04T07:00:00+03:00,2026-05,EBM0526,2507.5557297900823,EPIAS_VEP:EBM0526,True,False,False
2026-05-04T05:00:00+00:00,2026-05-04T08:00:00+03:00,2026-05,EBM0526,2507.555927400254,EPIAS_VEP:EBM0526,True,False,False
2026-05-04T06:00:00+00:00,2026-05-04T09:00:00+03:00,2026-05,EBM0526,2507.5561926859614,EPIAS_VEP:EBM0526,True,False,False
2026-05-04T07:00:00+00:00,2026-05-04T10:00:00+03:00,2026-05,EBM0526,2507.5565142472533,EPIAS_VEP:EBM0526,True,False,False
2026-05-04T08:00:00+00:00,2026-05-04T11:00:00+03:00,2026-05,EBM0526,2507.5568816638256,EPIAS_VEP:EBM0526,True,False,False
2026-05-04T09:00:00+00:00,2026-05-04T12:00:00+03:00,2026-05,EBM0526,2507.557285462864,EPIAS_VEP:EBM0526,True,False,False
2026-05-04T10:00:00+00:00,2026-05-04T13:00:00+03:00,2026-05,EBM0526,2507.557717082304,EPIAS_VEP:EBM0526,True,False,False
2026-05-04T11:00:00+00:00,2026-05-04T14:00:00+03:00,2026-05,EBM0526,2507.55816883045,EPIAS_VEP:EBM0526,True,False,False
2026-05-04T12:00:00+00:00,2026-05-04T15:00:00+03:00,2026-05,EBM0526,2507.5586338428157,EPIAS_VEP:EBM0526,True,False,False
2026-05-04T13:00:00+00:00,2026-05-04T16:00:00+03:00,2026-05,EBM0526,2507.5591060369456,EPIAS_VEP:EBM0526,True,False,False
2026-05-04T14:00:00+00:00,2026-05-04T17:00:00+03:00,2026-05,EBM0526,2507.559580065916,EPIAS_VEP:EBM0526,True,False,False
2026-05-04T15:00:00+00:00,2026-05-04T18:00:00+03:00,2026-05,EBM0526,2507.5600512711158,EPIAS_VEP:EBM0526,True,False,False
2026-05-04T16:00:00+00:00,2026-05-04T19:00:00+03:00,2026-05,EBM0526,2507.56051563484,EPIAS_VEP:EBM0526,True,False,False
2026-05-04T17:00:00+00:00,2026-05-04T20:00:00+03:00,2026-05,EBM0526,2507.5609697331743,EPIAS_VEP:EBM0526,True,False,False
2026-05-04T18:00:00+00:00,2026-05-04T21:00:00+03:00,2026-05,EBM0526,2507.561410689555,EPIAS_VEP:EBM0526,True,False,False
2026-05-04T19:00:00+00:00,2026-05-04T22:00:00+03:00,2026-05,EBM0526,2507.5618361293623,EPIAS_VEP:EBM0526,True,False,False
2026-05-04T20:00:00+00:00,2026-05-04T23:00:00+03:00,2026-05,EBM0526,2507.562244135822,EPIAS_VEP:EBM0526,True,False,False
2026-05-04T21:00:00+00:00,2026-05-05T00:00:00+03:00,2026-05,EBM0526,2507.562633207462,EPIAS_VEP:EBM0526,True,False,False
2026-05-04T22:00:00+00:00,2026-05-05T01:00:00+03:00,2026-05,EBM0526,2507.5630022173127,EPIAS_VEP:EBM0526,True,False,False
2026-05-04T23:00:00+00:00,2026-05-05T02:00:00+03:00,2026-05,EBM0526,2507.5633503739978,EPIAS_VEP:EBM0526,True,False,False
2026-05-05T00:00:00+00:00,2026-05-05T03:00:00+03:00,2026-05,EBM0526,2507.563677184836,EPIAS_VEP:EBM0526,True,False,False
2026-05-05T01:00:00+00:00,2026-05-05T04:00:00+03:00,2026-05,EBM0526,2507.5639824210243,EPIAS_VEP:EBM0526,True,False,False
2026-05-05T02:00:00+00:00,2026-05-05T05:00:00+03:00,2026-05,EBM0526,2507.5642660849576,EPIAS_VEP:EBM0526,True,False,False
2026-05-05T03:00:00+00:00,2026-05-05T06:00:00+03:00,2026-05,EBM0526,2507.564528379704,EPIAS_VEP:EBM0526,True,False,False
2026-05-05T04:00:00+00:00,2026-05-05T07:00:00+03:00,2026-05,EBM0526,2507.5647696806377,EPIAS_VEP:EBM0526,True,False,False
2026-05-05T05:00:00+00:00,2026-05-05T08:00:00+03:00,2026-05,EBM0526,2507.564990509212,EPIAS_VEP:EBM0526,True,False,False
2026-05-05T06:00:00+00:00,2026-05-05T09:00:00+03:00,2026-05,EBM0526,2507.5651915088274,EPIAS_VEP:EBM0526,True,False,False
2026-05-05T07:00:00+00:00,2026-05-05T10:00:00+03:00,2026-05,EBM0526,2507.56537342275,EPIAS_VEP:EBM0526,True,False,False
2026-05-05T08:00:00+00:00,2026-05-05T11:00:00+03:00,2026-05,EBM0526,2507.5655370740083,EPIAS_VEP:EBM0526,True,False,False
2026-05-05T09:00:00+00:00,2026-05-05T12:00:00+03:00,2026-05,EBM0526,2507.5656833472062,EPIAS_VEP:EBM0526,True,False,False
2026-05-05T10:00:00+00:00,2026-05-05T13:00:00+03:00,2026-05,EBM0526,2507.565813172155,EPIAS_VEP:EBM0526,True,False,False
2026-05-05T11:00:00+00:00,2026-05-05T14:00:00+03:00,2026-05,EBM0526,2507.5659275092466,EPIAS_VEP:EBM0526,True,False,False
2026-05-05T12:00:00+00:00,2026-05-05T15:00:00+03:00,2026-05,EBM0526,2507.566027336473,EPIAS_VEP:EBM0526,True,False,False
2026-05-05T13:00:00+00:00,2026-05-05T16:00:00+03:00,2026-05,EBM0526,2507.5661136379904,EPIAS_VEP:EBM0526,True,False,False
2026-05-05T14:00:00+00:00,2026-05-05T17:00:00+03:00,2026-05,EBM0526,2507.5661873941376,EPIAS_VEP:EBM0526,True,False,False
2026-05-05T15:00:00+00:00,2026-05-05T18:00:00+03:00,2026-05,EBM0526,2507.5662495728066,EPIAS_VEP:EBM0526,True,False,False
2026-05-05T16:00:00+00:00,2026-05-05T19:00:00+03:00,2026-05,EBM0526,2507.566301122066,EPIAS_VEP:EBM0526,True,False,False
2026-05-05T17:00:00+00:00,2026-05-05T20:00:00+03:00,2026-05,EBM0526,2507.5663429639417,EPIAS_VEP:EBM0526,True,False,False
2026-05-05T18:00:00+00:00,2026-05-05T21:00:00+03:00,2026-05,EBM0526,2507.5663759892623,EPIAS_VEP:EBM0526,True,False,False
2026-05-05T19:00:00+00:00,2026-05-05T22:00:00+03:00,2026-05,EBM0526,2507.5664010534756,EPIAS_VEP:EBM0526,True,False,False
2026-05-05T20:00:00+00:00,2026-05-05T23:00:00+03:00,2026-05,EBM0526,2507.5664189733475,EPIAS_VEP:EBM0526,True,False,False
2026-05-05T21:00:00+00:00,2026-05-06T00:00:00+03:00,2026-05,EBM0526,2507.5664305244527,EPIAS_VEP:EBM0526,True,False,False
2026-05-05T22:00:00+00:00,2026-05-06T01:00:00+03:00,2026-05,EBM0526,2507.5664364393842,EPIAS_VEP:EBM0526,True,False,False
2026-05-05T23:00:00+00:00,2026-05-06T02:00:00+03:00,2026-05,EBM0526,2507.5664374066,EPIAS_VEP:EBM0526,True,False,False
2026-05-06T00:00:00+00:00,2026-05-06T03:00:00+03:00,2026-05,EBM0526,2507.56643406983,EPIAS_VEP:EBM0526,True,False,False
2026-05-06T01:00:00+00:00,2026-05-06T04:00:00+03:00,2026-05,EBM0526,2507.5664270279785,EPIAS_VEP:EBM0526,True,False,False
2026-05-06T02:00:00+00:00,2026-05-06T05:00:00+03:00,2026-05,EBM0526,2507.5664168354583,EPIAS_VEP:EBM0526,True,False,False
2026-05-06T03:00:00+00:00,2026-05-06T06:00:00+03:00,2026-05,EBM0526,2507.566404002897,EPIAS_VEP:EBM0526,True,False,False
2026-05-06T04:00:00+00:00,2026-05-06T07:00:00+03:00,2026-05,EBM0526,2507.5663889981515,EPIAS_VEP:EBM0526,True,False,False
2026-05-06T05:00:00+00:00,2026-05-06T08:00:00+03:00,2026-05,EBM0526,2507.566372247595,EPIAS_VEP:EBM0526,True,False,False
2026-05-06T06:00:00+00:00,2026-05-06T09:00:00+03:00,2026-05,EBM0526,2507.5663541376175,EPIAS_VEP:EBM0526,True,False,False
2026-05-06T07:00:00+00:00,2026-05-06T10:00:00+03:00,2026-05,EBM0526,2507.5663350162977,EPIAS_VEP:EBM0526,True,False,False
2026-05-06T08:00:00+00:00,2026-05-06T11:00:00+03:00,2026-05,EBM0526,2507.5663151952162,EPIAS_VEP:EBM0526,True,False,False
2026-05-06T09:00:00+00:00,2026-05-06T12:00:00+03:00,2026-05,EBM0526,2507.566294951367,EPIAS_VEP:EBM0526,True,False,False
2026-05-06T10:00:00+00:00,2026-05-06T13:00:00+03:00,2026-05,EBM0526,2507.5662745291393,EPIAS_VEP:EBM0526,True,False,False
2026-05-06T11:00:00+00:00,2026-05-06T14:00:00+03:00,2026-05,EBM0526,2507.5662541423435,EPIAS_VEP:EBM0526,True,False,False
2026-05-06T12:00:00+00:00,2026-05-06T15:00:00+03:00,2026-05,EBM0526,2507.5662339762503,EPIAS_VEP:EBM0526,True,False,False
2026-05-06T13:00:00+00:00,2026-05-06T16:00:00+03:00,2026-05,EBM0526,2507.5662141896332,EPIAS_VEP:EBM0526,True,False,False
2026-05-06T14:00:00+00:00,2026-05-06T17:00:00+03:00,2026-05,EBM0526,2507.5661949167825,EPIAS_VEP:EBM0526,True,False,False
2026-05-06T15:00:00+00:00,2026-05-06T18:00:00+03:00,2026-05,EBM0526,2507.566176269484,EPIAS_VEP:EBM0526,True,False,False
2026-05-06T16:00:00+00:00,2026-05-06T19:00:00+03:00,2026-05,EBM0526,2507.5661583389474,EPIAS_VEP:EBM0526,True,False,False
2026-05-06T17:00:00+00:00,2026-05-06T20:00:00+03:00,2026-05,EBM0526,2507.5661411976703,EPIAS_VEP:EBM0526,True,False,False
2026-05-06T18:00:00+00:00,2026-05-06T21:00:00+03:00,2026-05,EBM0526,2507.5661249012333,EPIAS_VEP:EBM0526,True,False,False
2026-05-06T19:00:00+00:00,2026-05-06T22:00:00+03:00,2026-05,EBM0526,2507.566109490013,EPIAS_VEP:EBM0526,True,False,False
2026-05-06T20:00:00+00:00,2026-05-06T23:00:00+03:00,2026-05,EBM0526,2507.56609499081,EPIAS_VEP:EBM0526,True,False,False
2026-05-06T21:00:00+00:00,2026-05-07T00:00:00+03:00,2026-05,EBM0526,2507.5660814183934,EPIAS_VEP:EBM0526,True,False,False
2026-05-06T22:00:00+00:00,2026-05-07T01:00:00+03:00,2026-05,EBM0526,2507.5660687769496,EPIAS_VEP:EBM0526,True,False,False
2026-05-06T23:00:00+00:00,2026-05-07T02:00:00+03:00,2026-05,EBM0526,2507.566057061439,EPIAS_VEP:EBM0526,True,False,False
2026-05-07T00:00:00+00:00,2026-05-07T03:00:00+03:00,2026-05,EBM0526,2507.5660462588608,EPIAS_VEP:EBM0526,True,False,False
2026-05-07T01:00:00+00:00,2026-05-07T04:00:00+03:00,2026-05,EBM0526,2507.5660363494217,EPIAS_VEP:EBM0526,True,False,False
2026-05-07T02:00:00+00:00,2026-05-07T05:00:00+03:00,2026-05,EBM0526,2507.566027307619,EPIAS_VEP:EBM0526,True,False,False
2026-05-07T03:00:00+00:00,2026-05-07T06:00:00+03:00,2026-05,EBM0526,2507.566019103231,EPIAS_VEP:EBM0526,True,False,False
2026-05-07T04:00:00+00:00,2026-05-07T07:00:00+03:00,2026-05,EBM0526,2507.566011702222,EPIAS_VEP:EBM0526,True,False,False
2026-05-07T05:00:00+00:00,2026-05-07T08:00:00+03:00,2026-05,EBM0526,2507.566005067559,EPIAS_VEP:EBM0526,True,False,False
2026-05-07T06:00:00+00:00,2026-05-07T09:00:00+03:00,2026-05,EBM0526,2507.565999159955,EPIAS_VEP:EBM0526,True,False,False
2026-05-07T07:00:00+00:00,2026-05-07T10:00:00+03:00,2026-05,EBM0526,2507.5659939385314,EPIAS_VEP:EBM0526,True,False,False
2026-05-07T08:00:00+00:00,2026-05-07T11:00:00+03:00,2026-05,EBM0526,2507.5659893614097,EPIAS_VEP:EBM0526,True,False,False
2026-05-07T09:00:00+00:00,2026-05-07T12:00:00+03:00,2026-05,EBM0526,2507.565985386235,EPIAS_VEP:EBM0526,True,False,False
2026-05-07T10:00:00+00:00,2026-05-07T13:00:00+03:00,2026-05,EBM0526,2507.565981970631,EPIAS_VEP:EBM0526,True,False,False
2026-05-07T11:00:00+00:00,2026-05-07T14:00:00+03:00,2026-05,EBM0526,2507.5659790725995,EPIAS_VEP:EBM0526,True,False,False
2026-05-07T12:00:00+00:00,2026-05-07T15:00:00+03:00,2026-05,EBM0526,2507.56597665086,EPIAS_VEP:EBM0526,True,False,False
2026-05-07T13:00:00+00:00,2026-05-07T16:00:00+03:00,2026-05,EBM0526,2507.5659746651418,EPIAS_VEP:EBM0526,True,False,False
2026-05-07T14:00:00+00:00,2026-05-07T17:00:00+03:00,2026-05,EBM0526,2507.5659730764223,EPIAS_VEP:EBM0526,True,False,False
2026-05-07T15:00:00+00:00,2026-05-07T18:00:00+03:00,2026-05,EBM0526,2507.5659718471306,EPIAS_VEP:EBM0526,True,False,False
2026-05-07T16:00:00+00:00,2026-05-07T19:00:00+03:00,2026-05,EBM0526,2507.5659709413026,EPIAS_VEP:EBM0526,True,False,False
2026-05-07T17:00:00+00:00,2026-05-07T20:00:00+03:00,2026-05,EBM0526,2507.5659703247043,EPIAS_VEP:EBM0526,True,False,False
2026-05-07T18:00:00+00:00,2026-05-07T21:00:00+03:00,2026-05,EBM0526,2507.565969964924,EPIAS_VEP:EBM0526,True,False,False
2026-05-07T19:00:00+00:00,2026-05-07T22:00:00+03:00,2026-05,EBM0526,2507.5659698314325,EPIAS_VEP:EBM0526,True,False,False
2026-05-07T20:00:00+00:00,2026-05-07T23:00:00+03:00,2026-05,EBM0526,2507.56596989562,EPIAS_VEP:EBM0526,True,False,False
2026-05-07T21:00:00+00:00,2026-05-08T00:00:00+03:00,2026-05,EBM0526,2507.565970130811,EPIAS_VEP:EBM0526,True,False,False
2026-05-07T22:00:00+00:00,2026-05-08T01:00:00+03:00,2026-05,EBM0526,2507.565970512255,EPIAS_VEP:EBM0526,True,False,False
2026-05-07T23:00:00+00:00,2026-05-08T02:00:00+03:00,2026-05,EBM0526,2507.5659710171035,EPIAS_VEP:EBM0526,True,False,False
2026-05-08T00:00:00+00:00,2026-05-08T03:00:00+03:00,2026-05,EBM0526,2507.5659716243727,EPIAS_VEP:EBM0526,True,False,False
2026-05-08T01:00:00+00:00,2026-05-08T04:00:00+03:00,2026-05,EBM0526,2507.565972314892,EPIAS_VEP:EBM0526,True,False,False
2026-05-08T02:00:00+00:00,2026-05-08T05:00:00+03:00,2026-05,EBM0526,2507.565973071245,EPIAS_VEP:EBM0526,True,False,False
2026-05-08T03:00:00+00:00,2026-05-08T06:00:00+03:00,2026-05,EBM0526,2507.5659738777003,EPIAS_VEP:EBM0526,True,False,False
2026-05-08T04:00:00+00:00,2026-05-08T07:00:00+03:00,2026-05,EBM0526,2507.565974720135,EPIAS_VEP:EBM0526,True,False,False
2026-05-08T05:00:00+00:00,2026-05-08T08:00:00+03:00,2026-05,EBM0526,2507.565975585954,EPIAS_VEP:EBM0526,True,False,False
2026-05-08T06:00:00+00:00,2026-05-08T09:00:00+03:00,2026-05,EBM0526,2507.565976464006,EPIAS_VEP:EBM0526,True,False,False
2026-05-08T07:00:00+00:00,2026-05-08T10:00:00+03:00,2026-05,EBM0526,2507.5659773444945,EPIAS_VEP:EBM0526,True,False,False
2026-05-08T08:00:00+00:00,2026-05-08T11:00:00+03:00,2026-05,EBM0526,2507.5659782188955,EPIAS_VEP:EBM0526,True,False,False
2026-05-08T09:00:00+00:00,2026-05-08T12:00:00+03:00,2026-05,EBM0526,2507.5659790798654,EPIAS_VEP:EBM0526,True,False,False
2026-05-08T10:00:00+00:00,2026-05-08T13:00:00+03:00,2026-05,EBM0526,2507.5659799211544,EPIAS_VEP:EBM0526,True,False,False
2026-05-08T11:00:00+00:00,2026-05-08T14:00:00+03:00,2026-05,EBM0526,2507.565980737521,EPIAS_VEP:EBM0526,True,False,False
2026-05-08T12:00:00+00:00,2026-05-08T15:00:00+03:00,2026-05,EBM0526,2507.565981524647,EPIAS_VEP:EBM0526,True,False,False
2026-05-08T13:00:00+00:00,2026-05-08T16:00:00+03:00,2026-05,EBM0526,2507.565982279057,EPIAS_VEP:EBM0526,True,False,False
2026-05-08T14:00:00+00:00,2026-05-08T17:00:00+03:00,2026-05,EBM0526,2507.565982998038,EPIAS_VEP:EBM0526,True,False,False
2026-05-08T15:00:00+00:00,2026-05-08T18:00:00+03:00,2026-05,EBM0526,2507.5659836795658,EPIAS_VEP:EBM0526,True,False,False
2026-05-08T16:00:00+00:00,2026-05-08T19:00:00+03:00,2026-05,EBM0526,2507.5659843222306,EPIAS_VEP:EBM0526,True,False,False
2026-05-08T17:00:00+00:00,2026-05-08T20:00:00+03:00,2026-05,EBM0526,2507.565984925171,EPIAS_VEP:EBM0526,True,False,False
2026-05-08T18:00:00+00:00,2026-05-08T21:00:00+03:00,2026-05,EBM0526,2507.5659854880073,EPIAS_VEP:EBM0526,True,False,False
2026-05-08T19:00:00+00:00,2026-05-08T22:00:00+03:00,2026-05,EBM0526,2507.5659860107844,EPIAS_VEP:EBM0526,True,False,False
2026-05-08T20:00:00+00:00,2026-05-08T23:00:00+03:00,2026-05,EBM0526,2507.5659864939144,EPIAS_VEP:EBM0526,True,False,False
2026-05-08T21:00:00+00:00,2026-05-09T00:00:00+03:00,2026-05,EBM0526,2507.565986938123,EPIAS_VEP:EBM0526,True,False,False
2026-05-08T22:00:00+00:00,2026-05-09T01:00:00+03:00,2026-05,EBM0526,2507.5659873444038,EPIAS_VEP:EBM0526,True,False,False
2026-05-08T23:00:00+00:00,2026-05-09T02:00:00+03:00,2026-05,EBM0526,2507.565987713972,EPIAS_VEP:EBM0526,True,False,False
2026-05-09T00:00:00+00:00,2026-05-09T03:00:00+03:00,2026-05,EBM0526,2507.565988048225,EPIAS_VEP:EBM0526,True,False,False
2026-05-09T01:00:00+00:00,2026-05-09T04:00:00+03:00,2026-05,EBM0526,2507.5659883487056,EPIAS_VEP:EBM0526,True,False,False
2026-05-09T02:00:00+00:00,2026-05-09T05:00:00+03:00,2026-05,EBM0526,2507.5659886170647,EPIAS_VEP:EBM0526,True,False,False
2026-05-09T03:00:00+00:00,2026-05-09T06:00:00+03:00,2026-05,EBM0526,2507.5659888550367,EPIAS_VEP:EBM0526,True,False,False
2026-05-09T04:00:00+00:00,2026-05-09T07:00:00+03:00,2026-05,EBM0526,2507.565989064411,EPIAS_VEP:EBM0526,True,False,False
2026-05-09T05:00:00+00:00,2026-05-09T08:00:00+03:00,2026-05,EBM0526,2507.56598924701,EPIAS_VEP:EBM0526,True,False,False
2026-05-09T06:00:00+00:00,2026-05-09T09:00:00+03:00,2026-05,EBM0526,2507.565989404663,EPIAS_VEP:EBM0526,True,False,False
2026-05-09T07:00:00+00:00,2026-05-09T10:00:00+03:00,2026-05,EBM0526,2507.565989539193,EPIAS_VEP:EBM0526,True,False,False
2026-05-09T08:00:00+00:00,2026-05-09T11:00:00+03:00,2026-05,EBM0526,2507.5659896523975,EPIAS_VEP:EBM0526,True,False,False
2026-05-09T09:00:00+00:00,2026-05-09T12:00:00+03:00,2026-05,EBM0526,2507.565989746036,EPIAS_VEP:EBM0526,True,False,False
2026-05-09T10:00:00+00:00,2026-05-09T13:00:00+03:00,2026-05,EBM0526,2507.565989821818,EPIAS_VEP:EBM0526,True,False,False
2026-05-09T11:00:00+00:00,2026-05-09T14:00:00+03:00,2026-05,EBM0526,2507.5659898813956,EPIAS_VEP:EBM0526,True,False,False
2026-05-09T12:00:00+00:00,2026-05-09T15:00:00+03:00,2026-05,EBM0526,2507.565989926351,EPIAS_VEP:EBM0526,True,False,False
2026-05-09T13:00:00+00:00,2026-05-09T16:00:00+03:00,2026-05,EBM0526,2507.5659899581933,EPIAS_VEP:EBM0526,True,False,False
2026-05-09T14:00:00+00:00,2026-05-09T17:00:00+03:00,2026-05,EBM0526,2507.565989978353,EPIAS_VEP:EBM0526,True,False,False
2026-05-09T15:00:00+00:00,2026-05-09T18:00:00+03:00,2026-05,EBM0526,2507.565989988182,EPIAS_VEP:EBM0526,True,False,False
2026-05-09T16:00:00+00:00,2026-05-09T19:00:00+03:00,2026-05,EBM0526,2507.5659899889492,EPIAS_VEP:EBM0526,True,False,False
2026-05-09T17:00:00+00:00,2026-05-09T20:00:00+03:00,2026-05,EBM0526,2507.565989981842,EPIAS_VEP:EBM0526,True,False,False
2026-05-09T18:00:00+00:00,2026-05-09T21:00:00+03:00,2026-05,EBM0526,2507.5659899679654,EPIAS_VEP:EBM0526,True,False,False
2026-05-09T19:00:00+00:00,2026-05-09T22:00:00+03:00,2026-05,EBM0526,2507.5659899483408,EPIAS_VEP:EBM0526,True,False,False
2026-05-09T20:00:00+00:00,2026-05-09T23:00:00+03:00,2026-05,EBM0526,2507.56598992391,EPIAS_VEP:EBM0526,True,False,False
2026-05-09T21:00:00+00:00,2026-05-10T00:00:00+03:00,2026-05,EBM0526,2507.5659898955355,EPIAS_VEP:EBM0526,True,False,False
2026-05-09T22:00:00+00:00,2026-05-10T01:00:00+03:00,2026-05,EBM0526,2507.565989864004,EPIAS_VEP:EBM0526,True,False,False
2026-05-09T23:00:00+00:00,2026-05-10T02:00:00+03:00,2026-05,EBM0526,2507.5659898300296,EPIAS_VEP:EBM0526,True,False,False
2026-05-10T00:00:00+00:00,2026-05-10T03:00:00+03:00,2026-05,EBM0526,2507.5659897942533,EPIAS_VEP:EBM0526,True,False,False
2026-05-10T01:00:00+00:00,2026-05-10T04:00:00+03:00,2026-05,EBM0526,2507.5659897572486,EPIAS_VEP:EBM0526,True,False,False
2026-05-10T02:00:00+00:00,2026-05-10T05:00:00+03:00,2026-05,EBM0526,2507.5659897195255,EPIAS_VEP:EBM0526,True,False,False
2026-05-10T03:00:00+00:00,2026-05-10T06:00:00+03:00,2026-05,EBM0526,2507.565989681532,EPIAS_VEP:EBM0526,True,False,False
2026-05-10T04:00:00+00:00,2026-05-10T07:00:00+03:00,2026-05,EBM0526,2507.5659896436605,EPIAS_VEP:EBM0526,True,False,False
2026-05-10T05:00:00+00:00,2026-05-10T08:00:00+03:00,2026-05,EBM0526,2507.565989606252,EPIAS_VEP:EBM0526,True,False,False
2026-05-10T06:00:00+00:00,2026-05-10T09:00:00+03:00,2026-05,EBM0526,2507.565989569597,EPIAS_VEP:EBM0526,True,False,False
2026-05-10T07:00:00+00:00,2026-05-10T10:00:00+03:00,2026-05,EBM0526,2507.5659895339395,EPIAS_VEP:EBM0526,True,False,False
2026-05-10T08:00:00+00:00,2026-05-10T11:00:00+03:00,2026-05,EBM0526,2507.5659894994797,EPIAS_VEP:EBM0526,True,False,False
2026-05-10T09:00:00+00:00,2026-05-10T12:00:00+03:00,2026-05,EBM0526,2507.5659894663813,EPIAS_VEP:EBM0526,True,False,False
2026-05-10T10:00:00+00:00,2026-05-10T13:00:00+03:00,2026-05,EBM0526,2507.5659894347755,EPIAS_VEP:EBM0526,True,False,False
2026-05-10T11:00:00+00:00,2026-05-10T14:00:00+03:00,2026-05,EBM0526,2507.5659894047603,EPIAS_VEP:EBM0526,True,False,False
2026-05-10T12:00:00+00:00,2026-05-10T15:00:00+03:00,2026-05,EBM0526,2507.5659893764055,EPIAS_VEP:EBM0526,True,False,False
2026-05-10T13:00:00+00:00,2026-05-10T16:00:00+03:00,2026-05,EBM0526,2507.5659893497555,EPIAS_VEP:EBM0526,True,False,False
2026-05-10T14:00:00+00:00,2026-05-10T17:00:00+03:00,2026-05,EBM0526,2507.5659893248335,EPIAS_VEP:EBM0526,True,False,False
2026-05-10T15:00:00+00:00,2026-05-10T18:00:00+03:00,2026-05,EBM0526,2507.5659893016423,EPIAS_VEP:EBM0526,True,False,False
2026-05-10T16:00:00+00:00,2026-05-10T19:00:00+03:00,2026-05,EBM0526,2507.5659892801696,EPIAS_VEP:EBM0526,True,False,False
2026-05-10T17:00:00+00:00,2026-05-10T20:00:00+03:00,2026-05,EBM0526,2507.565989260387,EPIAS_VEP:EBM0526,True,False,False
2026-05-10T18:00:00+00:00,2026-05-10T21:00:00+03:00,2026-05,EBM0526,2507.5659892422555,EPIAS_VEP:EBM0526,True,False,False
2026-05-10T19:00:00+00:00,2026-05-10T22:00:00+03:00,2026-05,EBM0526,2507.5659892257263,EPIAS_VEP:EBM0526,True,False,False
2026-05-10T20:00:00+00:00,2026-05-10T23:00:00+03:00,2026-05,EBM0526,2507.5659892107433,EPIAS_VEP:EBM0526,True,False,False
2026-05-10T21:00:00+00:00,2026-05-11T00:00:00+03:00,2026-05,EBM0526,2507.5659891972423,EPIAS_VEP:EBM0526,True,False,False
2026-05-10T22:00:00+00:00,2026-05-11T01:00:00+03:00,2026-05,EBM0526,2507.565989185153,EPIAS_VEP:EBM0526,True,False,False
2026-05-10T23:00:00+00:00,2026-05-11T02:00:00+03:00,2026-05,EBM0526,2507.565989174399,EPIAS_VEP:EBM0526,True,False,False
2026-05-11T00:00:00+00:00,2026-05-11T03:00:00+03:00,2026-05,EBM0526,2507.5659891649025,EPIAS_VEP:EBM0526,True,False,False
2026-05-11T01:00:00+00:00,2026-05-11T04:00:00+03:00,2026-05,EBM0526,2507.5659891565856,EPIAS_VEP:EBM0526,True,False,False
2026-05-11T02:00:00+00:00,2026-05-11T05:00:00+03:00,2026-05,EBM0526,2507.565989149371,EPIAS_VEP:EBM0526,True,False,False
2026-05-11T03:00:00+00:00,2026-05-11T06:00:00+03:00,2026-05,EBM0526,2507.5659891431796,EPIAS_VEP:EBM0526,True,False,False
2026-05-11T04:00:00+00:00,2026-05-11T07:00:00+03:00,2026-05,EBM0526,2507.565989137935,EPIAS_VEP:EBM0526,True,False,False
2026-05-11T05:00:00+00:00,2026-05-11T08:00:00+03:00,2026-05,EBM0526,2507.5659891335604,EPIAS_VEP:EBM0526,True,False,False
2026-05-11T06:00:00+00:00,2026-05-11T09:00:00+03:00,2026-05,EBM0526,2507.5659891299824,EPIAS_VEP:EBM0526,True,False,False
2026-05-11T07:00:00+00:00,2026-05-11T10:00:00+03:00,2026-05,EBM0526,2507.5659891271316,EPIAS_VEP:EBM0526,True,False,False
2026-05-11T08:00:00+00:00,2026-05-11T11:00:00+03:00,2026-05,EBM0526,2507.565989124939,EPIAS_VEP:EBM0526,True,False,False
2026-05-11T09:00:00+00:00,2026-05-11T12:00:00+03:00,2026-05,EBM0526,2507.5659891233395,EPIAS_VEP:EBM0526,True,False,False
2026-05-11T10:00:00+00:00,2026-05-11T13:00:00+03:00,2026-05,EBM0526,2507.5659891222704,EPIAS_VEP:EBM0526,True,False,False
2026-05-11T11:00:00+00:00,2026-05-11T14:00:00+03:00,2026-05,EBM0526,2507.5659891216724,EPIAS_VEP:EBM0526,True,False,False
2026-05-11T12:00:00+00:00,2026-05-11T15:00:00+03:00,2026-05,EBM0526,2507.5659891214905,EPIAS_VEP:EBM0526,True,False,False
2026-05-11T13:00:00+00:00,2026-05-11T16:00:00+03:00,2026-05,EBM0526,2507.565989121673,EPIAS_VEP:EBM0526,True,False,False
2026-05-11T14:00:00+00:00,2026-05-11T17:00:00+03:00,2026-05,EBM0526,2507.56598912217,EPIAS_VEP:EBM0526,True,False,False
2026-05-11T15:00:00+00:00,2026-05-11T18:00:00+03:00,2026-05,EBM0526,2507.5659891229357,EPIAS_VEP:EBM0526,True,False,False
2026-05-11T16:00:00+00:00,2026-05-11T19:00:00+03:00,2026-05,EBM0526,2507.565989123927,EPIAS_VEP:EBM0526,True,False,False
2026-05-11T17:00:00+00:00,2026-05-11T20:00:00+03:00,2026-05,EBM0526,2507.5659891251044,EPIAS_VEP:EBM0526,True,False,False
2026-05-11T18:00:00+00:00,2026-05-11T21:00:00+03:00,2026-05,EBM0526,2507.565989126433,EPIAS_VEP:EBM0526,True,False,False
2026-05-11T19:00:00+00:00,2026-05-11T22:00:00+03:00,2026-05,EBM0526,2507.5659891278806,EPIAS_VEP:EBM0526,True,False,False
2026-05-11T20:00:00+00:00,2026-05-11T23:00:00+03:00,2026-05,EBM0526,2507.5659891294176,EPIAS_VEP:EBM0526,True,False,False
2026-05-11T21:00:00+00:00,2026-05-12T00:00:00+03:00,2026-05,EBM0526,2507.5659891310174,EPIAS_VEP:EBM0526,True,False,False
2026-05-11T22:00:00+00:00,2026-05-12T01:00:00+03:00,2026-05,EBM0526,2507.5659891326563,EPIAS_VEP:EBM0526,True,False,False
2026-05-11T23:00:00+00:00,2026-05-12T02:00:00+03:00,2026-05,EBM0526,2507.5659891343143,EPIAS_VEP:EBM0526,True,False,False
2026-05-12T00:00:00+00:00,2026-05-12T03:00:00+03:00,2026-05,EBM0526,2507.5659891359705,EPIAS_VEP:EBM0526,True,False,False
2026-05-12T01:00:00+00:00,2026-05-12T04:00:00+03:00,2026-05,EBM0526,2507.5659891376076,EPIAS_VEP:EBM0526,True,False,False
2026-05-12T02:00:00+00:00,2026-05-12T05:00:00+03:00,2026-05,EBM0526,2507.565989139212,EPIAS_VEP:EBM0526,True,False,False
2026-05-12T03:00:00+00:00,2026-05-12T06:00:00+03:00,2026-05,EBM0526,2507.56598914077,EPIAS_VEP:EBM0526,True,False,False
2026-05-12T04:00:00+00:00,2026-05-12T07:00:00+03:00,2026-05,EBM0526,2507.5659891422706,EPIAS_VEP:EBM0526,True,False,False
2026-05-12T05:00:00+00:00,2026-05-12T08:00:00+03:00,2026-05,EBM0526,2507.5659891437044,EPIAS_VEP:EBM0526,True,False,False
2026-05-12T06:00:00+00:00,2026-05-12T09:00:00+03:00,2026-05,EBM0526,2507.565989145065,EPIAS_VEP:EBM0526,True,False,False
2026-05-12T07:00:00+00:00,2026-05-12T10:00:00+03:00,2026-05,EBM0526,2507.565989146347,EPIAS_VEP:EBM0526,True,False,False
2026-05-12T08:00:00+00:00,2026-05-12T11:00:00+03:00,2026-05,EBM0526,2507.565989147546,EPIAS_VEP:EBM0526,True,False,False
2026-05-12T09:00:00+00:00,2026-05-12T12:00:00+03:00,2026-05,EBM0526,2507.5659891486594,EPIAS_VEP:EBM0526,True,False,False
2026-05-12T10:00:00+00:00,2026-05-12T13:00:00+03:00,2026-05,EBM0526,2507.565989149685,EPIAS_VEP:EBM0526,True,False,False
2026-05-12T11:00:00+00:00,2026-05-12T14:00:00+03:00,2026-05,EBM0526,2507.5659891506216,EPIAS_VEP:EBM0526,True,False,False
2026-05-12T12:00:00+00:00,2026-05-12T15:00:00+03:00,2026-05,EBM0526,2507.5659891514715,EPIAS_VEP:EBM0526,True,False,False
2026-05-12T13:00:00+00:00,2026-05-12T16:00:00+03:00,2026-05,EBM0526,2507.5659891522364,EPIAS_VEP:EBM0526,True,False,False
2026-05-12T14:00:00+00:00,2026-05-12T17:00:00+03:00,2026-05,EBM0526,2507.565989152919,EPIAS_VEP:EBM0526,True,False,False
2026-05-12T15:00:00+00:00,2026-05-12T18:00:00+03:00,2026-05,EBM0526,2507.565989153523,EPIAS_VEP:EBM0526,True,False,False
2026-05-12T16:00:00+00:00,2026-05-12T19:00:00+03:00,2026-05,EBM0526,2507.565989154051,EPIAS_VEP:EBM0526,True,False,False
2026-05-12T17:00:00+00:00,2026-05-12T20:00:00+03:00,2026-05,EBM0526,2507.565989154507,EPIAS_VEP:EBM0526,True,False,False
2026-05-12T18:00:00+00:00,2026-05-12T21:00:00+03:00,2026-05,EBM0526,2507.565989154895,EPIAS_VEP:EBM0526,True,False,False
2026-05-12T19:00:00+00:00,2026-05-12T22:00:00+03:00,2026-05,EBM0526,2507.565989155218,EPIAS_VEP:EBM0526,True,False,False
2026-05-12T20:00:00+00:00,2026-05-12T23:00:00+03:00,2026-05,EBM0526,2507.5659891554824,EPIAS_VEP:EBM0526,True,False,False
2026-05-12T21:00:00+00:00,2026-05-13T00:00:00+03:00,2026-05,EBM0526,2507.565989155691,EPIAS_VEP:EBM0526,True,False,False
2026-05-12T22:00:00+00:00,2026-05-13T01:00:00+03:00,2026-05,EBM0526,2507.5659891558494,EPIAS_VEP:EBM0526,True,False,False
2026-05-12T23:00:00+00:00,2026-05-13T02:00:00+03:00,2026-05,EBM0526,2507.5659891559626,EPIAS_VEP:EBM0526,True,False,False
2026-05-13T00:00:00+00:00,2026-05-13T03:00:00+03:00,2026-05,EBM0526,2507.5659891560344,EPIAS_VEP:EBM0526,True,False,False
2026-05-13T01:00:00+00:00,2026-05-13T04:00:00+03:00,2026-05,EBM0526,2507.5659891560704,EPIAS_VEP:EBM0526,True,False,False
2026-05-13T02:00:00+00:00,2026-05-13T05:00:00+03:00,2026-05,EBM0526,2507.5659891560754,EPIAS_VEP:EBM0526,True,False,False
2026-05-13T03:00:00+00:00,2026-05-13T06:00:00+03:00,2026-05,EBM0526,2507.5659891560535,EPIAS_VEP:EBM0526,True,False,False
2026-05-13T04:00:00+00:00,2026-05-13T07:00:00+03:00,2026-05,EBM0526,2507.565989156011,EPIAS_VEP:EBM0526,True,False,False
2026-05-13T05:00:00+00:00,2026-05-13T08:00:00+03:00,2026-05,EBM0526,2507.5659891559526,EPIAS_VEP:EBM0526,True,False,False
2026-05-13T06:00:00+00:00,2026-05-13T09:00:00+03:00,2026-05,EBM0526,2507.565989155884,EPIAS_VEP:EBM0526,True,False,False
2026-05-13T07:00:00+00:00,2026-05-13T10:00:00+03:00,2026-05,EBM0526,2507.5659891558107,EPIAS_VEP:EBM0526,True,False,False
2026-05-13T08:00:00+00:00,2026-05-13T11:00:00+03:00,2026-05,EBM0526,2507.565989155738,EPIAS_VEP:EBM0526,True,False,False
2026-05-13T09:00:00+00:00,2026-05-13T12:00:00+03:00,2026-05,EBM0526,2507.5659891556675,EPIAS_VEP:EBM0526,True,False,False
2026-05-13T10:00:00+00:00,2026-05-13T13:00:00+03:00,2026-05,EBM0526,2507.565989155601,EPIAS_VEP:EBM0526,True,False,False
2026-05-13T11:00:00+00:00,2026-05-13T14:00:00+03:00,2026-05,EBM0526,2507.5659891555415,EPIAS_VEP:EBM0526,True,False,False
2026-05-13T12:00:00+00:00,2026-05-13T15:00:00+03:00,2026-05,EBM0526,2507.565989155491,EPIAS_VEP:EBM0526,True,False,False
2026-05-13T13:00:00+00:00,2026-05-13T16:00:00+03:00,2026-05,EBM0526,2507.56598915545,EPIAS_VEP:EBM0526,True,False,False
2026-05-13T14:00:00+00:00,2026-05-13T17:00:00+03:00,2026-05,EBM0526,2507.5659891554187,EPIAS_VEP:EBM0526,True,False,False
2026-05-13T15:00:00+00:00,2026-05-13T18:00:00+03:00,2026-05,EBM0526,2507.5659891553964,EPIAS_VEP:EBM0526,True,False,False
2026-05-13T16:00:00+00:00,2026-05-13T19:00:00+03:00,2026-05,EBM0526,2507.565989155383,EPIAS_VEP:EBM0526,True,False,False
2026-05-13T17:00:00+00:00,2026-05-13T20:00:00+03:00,2026-05,EBM0526,2507.5659891553764,EPIAS_VEP:EBM0526,True,False,False
2026-05-13T18:00:00+00:00,2026-05-13T21:00:00+03:00,2026-05,EBM0526,2507.5659891553773,EPIAS_VEP:EBM0526,True,False,False
2026-05-13T19:00:00+00:00,2026-05-13T22:00:00+03:00,2026-05,EBM0526,2507.5659891553855,EPIAS_VEP:EBM0526,True,False,False
2026-05-13T20:00:00+00:00,2026-05-13T23:00:00+03:00,2026-05,EBM0526,2507.5659891553996,EPIAS_VEP:EBM0526,True,False,False
2026-05-13T21:00:00+00:00,2026-05-14T00:00:00+03:00,2026-05,EBM0526,2507.5659891554164,EPIAS_VEP:EBM0526,True,False,False
2026-05-13T22:00:00+00:00,2026-05-14T01:00:00+03:00,2026-05,EBM0526,2507.5659891554346,EPIAS_VEP:EBM0526,True,False,False
2026-05-13T23:00:00+00:00,2026-05-14T02:00:00+03:00,2026-05,EBM0526,2507.56598915545,EPIAS_VEP:EBM0526,True,False,False
2026-05-14T00:00:00+00:00,2026-05-14T03:00:00+03:00,2026-05,EBM0526,2507.565989155462,EPIAS_VEP:EBM0526,True,False,False
2026-05-14T01:00:00+00:00,2026-05-14T04:00:00+03:00,2026-05,EBM0526,2507.5659891554687,EPIAS_VEP:EBM0526,True,False,False
2026-05-14T02:00:00+00:00,2026-05-14T05:00:00+03:00,2026-05,EBM0526,2507.5659891554697,EPIAS_VEP:EBM0526,True,False,False
2026-05-14T03:00:00+00:00,2026-05-14T06:00:00+03:00,2026-05,EBM0526,2507.5659891554637,EPIAS_VEP:EBM0526,True,False,False
2026-05-14T04:00:00+00:00,2026-05-14T07:00:00+03:00,2026-05,EBM0526,2507.565989155451,EPIAS_VEP:EBM0526,True,False,False
2026-05-14T05:00:00+00:00,2026-05-14T08:00:00+03:00,2026-05,EBM0526,2507.565989155432,EPIAS_VEP:EBM0526,True,False,False
2026-05-14T06:00:00+00:00,2026-05-14T09:00:00+03:00,2026-05,EBM0526,2507.565989155408,EPIAS_VEP:EBM0526,True,False,False
2026-05-14T07:00:00+00:00,2026-05-14T10:00:00+03:00,2026-05,EBM0526,2507.5659891553814,EPIAS_VEP:EBM0526,True,False,False
2026-05-14T08:00:00+00:00,2026-05-14T11:00:00+03:00,2026-05,EBM0526,2507.5659891553514,EPIAS_VEP:EBM0526,True,False,False
2026-05-14T09:00:00+00:00,2026-05-14T12:00:00+03:00,2026-05,EBM0526,2507.5659891553173,EPIAS_VEP:EBM0526,True,False,False
2026-05-14T10:00:00+00:00,2026-05-14T13:00:00+03:00,2026-05,EBM0526,2507.5659891552796,EPIAS_VEP:EBM0526,True,False,False
2026-05-14T11:00:00+00:00,2026-05-14T14:00:00+03:00,2026-05,EBM0526,2507.5659891552377,EPIAS_VEP:EBM0526,True,False,False
2026-05-14T12:00:00+00:00,2026-05-14T15:00:00+03:00,2026-05,EBM0526,2507.5659891551927,EPIAS_VEP:EBM0526,True,False,False
2026-05-14T13:00:00+00:00,2026-05-14T16:00:00+03:00,2026-05,EBM0526,2507.5659891551454,EPIAS_VEP:EBM0526,True,False,False
2026-05-14T14:00:00+00:00,2026-05-14T17:00:00+03:00,2026-05,EBM0526,2507.565989155096,EPIAS_VEP:EBM0526,True,False,False
2026-05-14T15:00:00+00:00,2026-05-14T18:00:00+03:00,2026-05,EBM0526,2507.565989155045,EPIAS_VEP:EBM0526,True,False,False
2026-05-14T16:00:00+00:00,2026-05-14T19:00:00+03:00,2026-05,EBM0526,2507.565989154994,EPIAS_VEP:EBM0526,True,False,False
2026-05-14T17:00:00+00:00,2026-05-14T20:00:00+03:00,2026-05,EBM0526,2507.5659891549435,EPIAS_VEP:EBM0526,True,False,False
2026-05-14T18:00:00+00:00,2026-05-14T21:00:00+03:00,2026-05,EBM0526,2507.5659891548935,EPIAS_VEP:EBM0526,True,False,False
2026-05-14T19:00:00+00:00,2026-05-14T22:00:00+03:00,2026-05,EBM0526,2507.5659891548444,EPIAS_VEP:EBM0526,True,False,False
2026-05-14T20:00:00+00:00,2026-05-14T23:00:00+03:00,2026-05,EBM0526,2507.565989154796,EPIAS_VEP:EBM0526,True,False,False
2026-05-14T21:00:00+00:00,2026-05-15T00:00:00+03:00,2026-05,EBM0526,2507.5659891547502,EPIAS_VEP:EBM0526,True,False,False
2026-05-14T22:00:00+00:00,2026-05-15T01:00:00+03:00,2026-05,EBM0526,2507.565989154706,EPIAS_VEP:EBM0526,True,False,False
2026-05-14T23:00:00+00:00,2026-05-15T02:00:00+03:00,2026-05,EBM0526,2507.5659891546657,EPIAS_VEP:EBM0526,True,False,False
2026-05-15T00:00:00+00:00,2026-05-15T03:00:00+03:00,2026-05,EBM0526,2507.565989154627,EPIAS_VEP:EBM0526,True,False,False
2026-05-15T01:00:00+00:00,2026-05-15T04:00:00+03:00,2026-05,EBM0526,2507.5659891545915,EPIAS_VEP:EBM0526,True,False,False
2026-05-15T02:00:00+00:00,2026-05-15T05:00:00+03:00,2026-05,EBM0526,2507.56598915456,EPIAS_VEP:EBM0526,True,False,False
2026-05-15T03:00:00+00:00,2026-05-15T06:00:00+03:00,2026-05,EBM0526,2507.565989154533,EPIAS_VEP:EBM0526,True,False,False
2026-05-15T04:00:00+00:00,2026-05-15T07:00:00+03:00,2026-05,EBM0526,2507.5659891545097,EPIAS_VEP:EBM0526,True,False,False
2026-05-15T05:00:00+00:00,2026-05-15T08:00:00+03:00,2026-05,EBM0526,2507.565989154491,EPIAS_VEP:EBM0526,True,False,False
2026-05-15T06:00:00+00:00,2026-05-15T09:00:00+03:00,2026-05,EBM0526,2507.5659891544747,EPIAS_VEP:EBM0526,True,False,False
2026-05-15T07:00:00+00:00,2026-05-15T10:00:00+03:00,2026-05,EBM0526,2507.5659891544574,EPIAS_VEP:EBM0526,True,False,False
2026-05-15T08:00:00+00:00,2026-05-15T11:00:00+03:00,2026-05,EBM0526,2507.565989154437,EPIAS_VEP:EBM0526,True,False,False
2026-05-15T09:00:00+00:00,2026-05-15T12:00:00+03:00,2026-05,EBM0526,2507.5659891544124,EPIAS_VEP:EBM0526,True,False,False
2026-05-15T10:00:00+00:00,2026-05-15T13:00:00+03:00,2026-05,EBM0526,2507.565989154384,EPIAS_VEP:EBM0526,True,False,False
2026-05-15T11:00:00+00:00,2026-05-15T14:00:00+03:00,2026-05,EBM0526,2507.565989154352,EPIAS_VEP:EBM0526,True,False,False
2026-05-15T12:00:00+00:00,2026-05-15T15:00:00+03:00,2026-05,EBM0526,2507.565989154316,EPIAS_VEP:EBM0526,True,False,False
2026-05-15T13:00:00+00:00,2026-05-15T16:00:00+03:00,2026-05,EBM0526,2507.5659891542755,EPIAS_VEP:EBM0526,True,False,False
2026-05-15T14:00:00+00:00,2026-05-15T17:00:00+03:00,2026-05,EBM0526,2507.5659891542305,EPIAS_VEP:EBM0526,True,False,False
2026-05-15T15:00:00+00:00,2026-05-15T18:00:00+03:00,2026-05,EBM0526,2507.565989154182,EPIAS_VEP:EBM0526,True,False,False
2026-05-15T16:00:00+00:00,2026-05-15T19:00:00+03:00,2026-05,EBM0526,2507.5659891541304,EPIAS_VEP:EBM0526,True,False,False
2026-05-15T17:00:00+00:00,2026-05-15T20:00:00+03:00,2026-05,EBM0526,2507.5659891540777,EPIAS_VEP:EBM0526,True,False,False
2026-05-15T18:00:00+00:00,2026-05-15T21:00:00+03:00,2026-05,EBM0526,2507.565989154024,EPIAS_VEP:EBM0526,True,False,False
2026-05-15T19:00:00+00:00,2026-05-15T22:00:00+03:00,2026-05,EBM0526,2507.5659891539713,EPIAS_VEP:EBM0526,True,False,False
2026-05-15T20:00:00+00:00,2026-05-15T23:00:00+03:00,2026-05,EBM0526,2507.5659891539203,EPIAS_VEP:EBM0526,True,False,False
2026-05-15T21:00:00+00:00,2026-05-16T00:00:00+03:00,2026-05,EBM0526,2507.5659891538726,EPIAS_VEP:EBM0526,True,False,False
2026-05-15T22:00:00+00:00,2026-05-16T01:00:00+03:00,2026-05,EBM0526,2507.5659891538303,EPIAS_VEP:EBM0526,True,False,False
2026-05-15T23:00:00+00:00,2026-05-16T02:00:00+03:00,2026-05,EBM0526,2507.565989153794,EPIAS_VEP:EBM0526,True,False,False
2026-05-16T00:00:00+00:00,2026-05-16T03:00:00+03:00,2026-05,EBM0526,2507.5659891537634,EPIAS_VEP:EBM0526,True,False,False
2026-05-16T01:00:00+00:00,2026-05-16T04:00:00+03:00,2026-05,EBM0526,2507.5659891537393,EPIAS_VEP:EBM0526,True,False,False
2026-05-16T02:00:00+00:00,2026-05-16T05:00:00+03:00,2026-05,EBM0526,2507.565989153722,EPIAS_VEP:EBM0526,True,False,False
2026-05-16T03:00:00+00:00,2026-05-16T06:00:00+03:00,2026-05,EBM0526,2507.56598915371,EPIAS_VEP:EBM0526,True,False,False
2026-05-16T04:00:00+00:00,2026-05-16T07:00:00+03:00,2026-05,EBM0526,2507.5659891536993,EPIAS_VEP:EBM0526,True,False,False
2026-05-16T05:00:00+00:00,2026-05-16T08:00:00+03:00,2026-05,EBM0526,2507.565989153689,EPIAS_VEP:EBM0526,True,False,False
2026-05-16T06:00:00+00:00,2026-05-16T09:00:00+03:00,2026-05,EBM0526,2507.565989153677,EPIAS_VEP:EBM0526,True,False,False
2026-05-16T07:00:00+00:00,2026-05-16T10:00:00+03:00,2026-05,EBM0526,2507.5659891536643,EPIAS_VEP:EBM0526,True,False,False
2026-05-16T08:00:00+00:00,2026-05-16T11:00:00+03:00,2026-05,EBM0526,2507.565989153649,EPIAS_VEP:EBM0526,True,False,False
2026-05-16T09:00:00+00:00,2026-05-16T12:00:00+03:00,2026-05,EBM0526,2507.5659891536316,EPIAS_VEP:EBM0526,True,False,False
2026-05-16T10:00:00+00:00,2026-05-16T13:00:00+03:00,2026-05,EBM0526,2507.5659891536116,EPIAS_VEP:EBM0526,True,False,False
2026-05-16T11:00:00+00:00,2026-05-16T14:00:00+03:00,2026-05,EBM0526,2507.565989153589,EPIAS_VEP:EBM0526,True,False,False
2026-05-16T12:00:00+00:00,2026-05-16T15:00:00+03:00,2026-05,EBM0526,2507.565989153564,EPIAS_VEP:EBM0526,True,False,False
2026-05-16T13:00:00+00:00,2026-05-16T16:00:00+03:00,2026-05,EBM0526,2507.565989153536,EPIAS_VEP:EBM0526,True,False,False
2026-05-16T14:00:00+00:00,2026-05-16T17:00:00+03:00,2026-05,EBM0526,2507.5659891535065,EPIAS_VEP:EBM0526,True,False,False
2026-05-16T15:00:00+00:00,2026-05-16T18:00:00+03:00,2026-05,EBM0526,2507.5659891534756,EPIAS_VEP:EBM0526,True,False,False
2026-05-16T16:00:00+00:00,2026-05-16T19:00:00+03:00,2026-05,EBM0526,2507.565989153441,EPIAS_VEP:EBM0526,True,False,False
2026-05-16T17:00:00+00:00,2026-05-16T20:00:00+03:00,2026-05,EBM0526,2507.565989153403,EPIAS_VEP:EBM0526,True,False,False
2026-05-16T18:00:00+00:00,2026-05-16T21:00:00+03:00,2026-05,EBM0526,2507.5659891533596,EPIAS_VEP:EBM0526,True,False,False
2026-05-16T19:00:00+00:00,2026-05-16T22:00:00+03:00,2026-05,EBM0526,2507.565989153313,EPIAS_VEP:EBM0526,True,False,False
2026-05-16T20:00:00+00:00,2026-05-16T23:00:00+03:00,2026-05,EBM0526,2507.5659891532628,EPIAS_VEP:EBM0526,True,False,False
2026-05-16T21:00:00+00:00,2026-05-17T00:00:00+03:00,2026-05,EBM0526,2507.565989153211,EPIAS_VEP:EBM0526,True,False,False
2026-05-16T22:00:00+00:00,2026-05-17T01:00:00+03:00,2026-05,EBM0526,2507.565989153158,EPIAS_VEP:EBM0526,True,False,False
2026-05-16T23:00:00+00:00,2026-05-17T02:00:00+03:00,2026-05,EBM0526,2507.5659891531054,EPIAS_VEP:EBM0526,True,False,False
2026-05-17T00:00:00+00:00,2026-05-17T03:00:00+03:00,2026-05,EBM0526,2507.5659891530545,EPIAS_VEP:EBM0526,True,False,False
2026-05-17T01:00:00+00:00,2026-05-17T04:00:00+03:00,2026-05,EBM0526,2507.5659891530067,EPIAS_VEP:EBM0526,True,False,False
2026-05-17T02:00:00+00:00,2026-05-17T05:00:00+03:00,2026-05,EBM0526,2507.565989152963,EPIAS_VEP:EBM0526,True,False,False
2026-05-17T03:00:00+00:00,2026-05-17T06:00:00+03:00,2026-05,EBM0526,2507.5659891529253,EPIAS_VEP:EBM0526,True,False,False
2026-05-17T04:00:00+00:00,2026-05-17T07:00:00+03:00,2026-05,EBM0526,2507.5659891528944,EPIAS_VEP:EBM0526,True,False,False
2026-05-17T05:00:00+00:00,2026-05-17T08:00:00+03:00,2026-05,EBM0526,2507.5659891528717,EPIAS_VEP:EBM0526,True,False,False
2026-05-17T06:00:00+00:00,2026-05-17T09:00:00+03:00,2026-05,EBM0526,2507.56598915286,EPIAS_VEP:EBM0526,True,False,False
2026-05-17T07:00:00+00:00,2026-05-17T10:00:00+03:00,2026-05,EBM0526,2507.565989152862,EPIAS_VEP:EBM0526,True,False,False
2026-05-17T08:00:00+00:00,2026-05-17T11:00:00+03:00,2026-05,EBM0526,2507.5659891528817,EPIAS_VEP:EBM0526,True,False,False
2026-05-17T09:00:00+00:00,2026-05-17T12:00:00+03:00,2026-05,EBM0526,2507.5659891529203,EPIAS_VEP:EBM0526,True,False,False
2026-05-17T10:00:00+00:00,2026-05-17T13:00:00+03:00,2026-05,EBM0526,2507.565989152979,EPIAS_VEP:EBM0526,True,False,False
2026-05-17T11:00:00+00:00,2026-05-17T14:00:00+03:00,2026-05,EBM0526,2507.5659891530604,EPIAS_VEP:EBM0526,True,False,False
2026-05-17T12:00:00+00:00,2026-05-17T15:00:00+03:00,2026-05,EBM0526,2507.565989153167,EPIAS_VEP:EBM0526,True,False,False
2026-05-17T13:00:00+00:00,2026-05-17T16:00:00+03:00,2026-05,EBM0526,2507.5659891533,EPIAS_VEP:EBM0526,True,False,False
2026-05-17T14:00:00+00:00,2026-05-17T17:00:00+03:00,2026-05,EBM0526,2507.5659891534647,EPIAS_VEP:EBM0526,True,False,False
2026-05-17T15:00:00+00:00,2026-05-17T18:00:00+03:00,2026-05,EBM0526,2507.565989153665,EPIAS_VEP:EBM0526,True,False,False
2026-05-17T16:00:00+00:00,2026-05-17T19:00:00+03:00,2026-05,EBM0526,2507.5659891539044,EPIAS_VEP:EBM0526,True,False,False
2026-05-17T17:00:00+00:00,2026-05-17T20:00:00+03:00,2026-05,EBM0526,2507.5659891541854,EPIAS_VEP:EBM0526,True,False,False
2026-05-17T18:00:00+00:00,2026-05-17T21:00:00+03:00,2026-05,EBM0526,2507.565989154513,EPIAS_VEP:EBM0526,True,False,False
2026-05-17T19:00:00+00:00,2026-05-17T22:00:00+03:00,2026-05,EBM0526,2507.5659891548908,EPIAS_VEP:EBM0526,True,False,False
2026-05-17T20:00:00+00:00,2026-05-17T23:00:00+03:00,2026-05,EBM0526,2507.5659891553223,EPIAS_VEP:EBM0526,True,False,False
2026-05-17T21:00:00+00:00,2026-05-18T00:00:00+03:00,2026-05,EBM0526,2507.5659891558103,EPIAS_VEP:EBM0526,True,False,False
2026-05-17T22:00:00+00:00,2026-05-18T01:00:00+03:00,2026-05,EBM0526,2507.565989156358,EPIAS_VEP:EBM0526,True,False,False
2026-05-17T23:00:00+00:00,2026-05-18T02:00:00+03:00,2026-05,EBM0526,2507.565989156968,EPIAS_VEP:EBM0526,True,False,False
2026-05-18T00:00:00+00:00,2026-05-18T03:00:00+03:00,2026-05,EBM0526,2507.5659891576465,EPIAS_VEP:EBM0526,True,False,False
2026-05-18T01:00:00+00:00,2026-05-18T04:00:00+03:00,2026-05,EBM0526,2507.5659891583964,EPIAS_VEP:EBM0526,True,False,False
2026-05-18T02:00:00+00:00,2026-05-18T05:00:00+03:00,2026-05,EBM0526,2507.5659891592218,EPIAS_VEP:EBM0526,True,False,False
2026-05-18T03:00:00+00:00,2026-05-18T06:00:00+03:00,2026-05,EBM0526,2507.5659891601294,EPIAS_VEP:EBM0526,True,False,False
2026-05-18T04:00:00+00:00,2026-05-18T07:00:00+03:00,2026-05,EBM0526,2507.565989161125,EPIAS_VEP:EBM0526,True,False,False
2026-05-18T05:00:00+00:00,2026-05-18T08:00:00+03:00,2026-05,EBM0526,2507.5659891622136,EPIAS_VEP:EBM0526,True,False,False
2026-05-18T06:00:00+00:00,2026-05-18T09:00:00+03:00,2026-05,EBM0526,2507.5659891634,EPIAS_VEP:EBM0526,True,False,False
2026-05-18T07:00:00+00:00,2026-05-18T10:00:00+03:00,2026-05,EBM0526,2507.5659891646887,EPIAS_VEP:EBM0526,True,False,False
2026-05-18T08:00:00+00:00,2026-05-18T11:00:00+03:00,2026-05,EBM0526,2507.565989166084,EPIAS_VEP:EBM0526,True,False,False
2026-05-18T09:00:00+00:00,2026-05-18T12:00:00+03:00,2026-05,EBM0526,2507.5659891675887,EPIAS_VEP:EBM0526,True,False,False
2026-05-18T10:00:00+00:00,2026-05-18T13:00:00+03:00,2026-05,EBM0526,2507.5659891692053,EPIAS_VEP:EBM0526,True,False,False
2026-05-18T11:00:00+00:00,2026-05-18T14:00:00+03:00,2026-05,EBM0526,2507.5659891709342,EPIAS_VEP:EBM0526,True,False,False
2026-05-18T12:00:00+00:00,2026-05-18T15:00:00+03:00,2026-05,EBM0526,2507.5659891727764,EPIAS_VEP:EBM0526,True,False,False
2026-05-18T13:00:00+00:00,2026-05-18T16:00:00+03:00,2026-05,EBM0526,2507.5659891747314,EPIAS_VEP:EBM0526,True,False,False
2026-05-18T14:00:00+00:00,2026-05-18T17:00:00+03:00,2026-05,EBM0526,2507.5659891767964,EPIAS_VEP:EBM0526,True,False,False
2026-05-18T15:00:00+00:00,2026-05-18T18:00:00+03:00,2026-05,EBM0526,2507.565989178967,EPIAS_VEP:EBM0526,True,False,False
2026-05-18T16:00:00+00:00,2026-05-18T19:00:00+03:00,2026-05,EBM0526,2507.5659891812365,EPIAS_VEP:EBM0526,True,False,False
2026-05-18T17:00:00+00:00,2026-05-18T20:00:00+03:00,2026-05,EBM0526,2507.565989183597,EPIAS_VEP:EBM0526,True,False,False
2026-05-18T18:00:00+00:00,2026-05-18T21:00:00+03:00,2026-05,EBM0526,2507.565989186041,EPIAS_VEP:EBM0526,True,False,False
2026-05-18T19:00:00+00:00,2026-05-18T22:00:00+03:00,2026-05,EBM0526,2507.565989188557,EPIAS_VEP:EBM0526,True,False,False
2026-05-18T20:00:00+00:00,2026-05-18T23:00:00+03:00,2026-05,EBM0526,2507.5659891911296,EPIAS_VEP:EBM0526,True,False,False
2026-05-18T21:00:00+00:00,2026-05-19T00:00:00+03:00,2026-05,EBM0526,2507.565989193737,EPIAS_VEP:EBM0526,True,False,False
2026-05-18T22:00:00+00:00,2026-05-19T01:00:00+03:00,2026-05,EBM0526,2507.5659891963555,EPIAS_VEP:EBM0526,True,False,False
2026-05-18T23:00:00+00:00,2026-05-19T02:00:00+03:00,2026-05,EBM0526,2507.5659891989567,EPIAS_VEP:EBM0526,True,False,False
2026-05-19T00:00:00+00:00,2026-05-19T03:00:00+03:00,2026-05,EBM0526,2507.56598920151,EPIAS_VEP:EBM0526,True,False,False
2026-05-19T01:00:00+00:00,2026-05-19T04:00:00+03:00,2026-05,EBM0526,2507.5659892039803,EPIAS_VEP:EBM0526,True,False,False
2026-05-19T02:00:00+00:00,2026-05-19T05:00:00+03:00,2026-05,EBM0526,2507.5659892063272,EPIAS_VEP:EBM0526,True,False,False
2026-05-19T03:00:00+00:00,2026-05-19T06:00:00+03:00,2026-05,EBM0526,2507.565989208507,EPIAS_VEP:EBM0526,True,False,False
2026-05-19T04:00:00+00:00,2026-05-19T07:00:00+03:00,2026-05,EBM0526,2507.5659892104704,EPIAS_VEP:EBM0526,True,False,False
2026-05-19T05:00:00+00:00,2026-05-19T08:00:00+03:00,2026-05,EBM0526,2507.565989212163,EPIAS_VEP:EBM0526,True,False,False
2026-05-19T06:00:00+00:00,2026-05-19T09:00:00+03:00,2026-05,EBM0526,2507.565989213525,EPIAS_VEP:EBM0526,True,False,False
2026-05-19T07:00:00+00:00,2026-05-19T10:00:00+03:00,2026-05,EBM0526,2507.5659892144927,EPIAS_VEP:EBM0526,True,False,False
2026-05-19T08:00:00+00:00,2026-05-19T11:00:00+03:00,2026-05,EBM0526,2507.565989214996,EPIAS_VEP:EBM0526,True,False,False
2026-05-19T09:00:00+00:00,2026-05-19T12:00:00+03:00,2026-05,EBM0526,2507.565989214959,EPIAS_VEP:EBM0526,True,False,False
2026-05-19T10:00:00+00:00,2026-05-19T13:00:00+03:00,2026-05,EBM0526,2507.5659892143003,EPIAS_VEP:EBM0526,True,False,False
2026-05-19T11:00:00+00:00,2026-05-19T14:00:00+03:00,2026-05,EBM0526,2507.5659892129324,EPIAS_VEP:EBM0526,True,False,False
2026-05-19T12:00:00+00:00,2026-05-19T15:00:00+03:00,2026-05,EBM0526,2507.565989210761,EPIAS_VEP:EBM0526,True,False,False
2026-05-19T13:00:00+00:00,2026-05-19T16:00:00+03:00,2026-05,EBM0526,2507.565989207686,EPIAS_VEP:EBM0526,True,False,False
2026-05-19T14:00:00+00:00,2026-05-19T17:00:00+03:00,2026-05,EBM0526,2507.5659892036033,EPIAS_VEP:EBM0526,True,False,False
2026-05-19T15:00:00+00:00,2026-05-19T18:00:00+03:00,2026-05,EBM0526,2507.5659891984037,EPIAS_VEP:EBM0526,True,False,False
2026-05-19T16:00:00+00:00,2026-05-19T19:00:00+03:00,2026-05,EBM0526,2507.5659891919718,EPIAS_VEP:EBM0526,True,False,False
2026-05-19T17:00:00+00:00,2026-05-19T20:00:00+03:00,2026-05,EBM0526,2507.5659891841865,EPIAS_VEP:EBM0526,True,False,False
2026-05-19T18:00:00+00:00,2026-05-19T21:00:00+03:00,2026-05,EBM0526,2507.5659891749274,EPIAS_VEP:EBM0526,True,False,False
2026-05-19T19:00:00+00:00,2026-05-19T22:00:00+03:00,2026-05,EBM0526,2507.56598916407,EPIAS_VEP:EBM0526,True,False,False
2026-05-19T20:00:00+00:00,2026-05-19T23:00:00+03:00,2026-05,EBM0526,2507.5659891514883,EPIAS_VEP:EBM0526,True,False,False
2026-05-19T21:00:00+00:00,2026-05-20T00:00:00+03:00,2026-05,EBM0526,2507.565989137056,EPIAS_VEP:EBM0526,True,False,False
2026-05-19T22:00:00+00:00,2026-05-20T01:00:00+03:00,2026-05,EBM0526,2507.5659891206474,EPIAS_VEP:EBM0526,True,False,False
2026-05-19T23:00:00+00:00,2026-05-20T02:00:00+03:00,2026-05,EBM0526,2507.565989102138,EPIAS_VEP:EBM0526,True,False,False
2026-05-20T00:00:00+00:00,2026-05-20T03:00:00+03:00,2026-05,EBM0526,2507.565989081409,EPIAS_VEP:EBM0526,True,False,False
2026-05-20T01:00:00+00:00,2026-05-20T04:00:00+03:00,2026-05,EBM0526,2507.565989058345,EPIAS_VEP:EBM0526,True,False,False
2026-05-20T02:00:00+00:00,2026-05-20T05:00:00+03:00,2026-05,EBM0526,2507.565989032839,EPIAS_VEP:EBM0526,True,False,False
2026-05-20T03:00:00+00:00,2026-05-20T06:00:00+03:00,2026-05,EBM0526,2507.5659890047928,EPIAS_VEP:EBM0526,True,False,False
2026-05-20T04:00:00+00:00,2026-05-20T07:00:00+03:00,2026-05,EBM0526,2507.5659889741232,EPIAS_VEP:EBM0526,True,False,False
2026-05-20T05:00:00+00:00,2026-05-20T08:00:00+03:00,2026-05,EBM0526,2507.565988940761,EPIAS_VEP:EBM0526,True,False,False
2026-05-20T06:00:00+00:00,2026-05-20T09:00:00+03:00,2026-05,EBM0526,2507.565988904653,EPIAS_VEP:EBM0526,True,False,False
2026-05-20T07:00:00+00:00,2026-05-20T10:00:00+03:00,2026-05,EBM0526,2507.5659888657656,EPIAS_VEP:EBM0526,True,False,False
2026-05-20T08:00:00+00:00,2026-05-20T11:00:00+03:00,2026-05,EBM0526,2507.565988824094,EPIAS_VEP:EBM0526,True,False,False
2026-05-20T09:00:00+00:00,2026-05-20T12:00:00+03:00,2026-05,EBM0526,2507.56598877966,EPIAS_VEP:EBM0526,True,False,False
2026-05-20T10:00:00+00:00,2026-05-20T13:00:00+03:00,2026-05,EBM0526,2507.5659887325205,EPIAS_VEP:EBM0526,True,False,False
2026-05-20T11:00:00+00:00,2026-05-20T14:00:00+03:00,2026-05,EBM0526,2507.565988682768,EPIAS_VEP:EBM0526,True,False,False
2026-05-20T12:00:00+00:00,2026-05-20T15:00:00+03:00,2026-05,EBM0526,2507.5659886305366,EPIAS_VEP:EBM0526,True,False,False
2026-05-20T13:00:00+00:00,2026-05-20T16:00:00+03:00,2026-05,EBM0526,2507.565988576009,EPIAS_VEP:EBM0526,True,False,False
2026-05-20T14:00:00+00:00,2026-05-20T17:00:00+03:00,2026-05,EBM0526,2507.565988519419,EPIAS_VEP:EBM0526,True,False,False
2026-05-20T15:00:00+00:00,2026-05-20T18:00:00+03:00,2026-05,EBM0526,2507.5659884610577,EPIAS_VEP:EBM0526,True,False,False
2026-05-20T16:00:00+00:00,2026-05-20T19:00:00+03:00,2026-05,EBM0526,2507.565988401281,EPIAS_VEP:EBM0526,True,False,False
2026-05-20T17:00:00+00:00,2026-05-20T20:00:00+03:00,2026-05,EBM0526,2507.5659883405147,EPIAS_VEP:EBM0526,True,False,False
2026-05-20T18:00:00+00:00,2026-05-20T21:00:00+03:00,2026-05,EBM0526,2507.565988279261,EPIAS_VEP:EBM0526,True,False,False
2026-05-20T19:00:00+00:00,2026-05-20T22:00:00+03:00,2026-05,EBM0526,2507.565988218105,EPIAS_VEP:EBM0526,True,False,False
2026-05-20T20:00:00+00:00,2026-05-20T23:00:00+03:00,2026-05,EBM0526,2507.565988157719,EPIAS_VEP:EBM0526,True,False,False
2026-05-20T21:00:00+00:00,2026-05-21T00:00:00+03:00,2026-05,EBM0526,2507.56598809887,EPIAS_VEP:EBM0526,True,False,False
2026-05-20T22:00:00+00:00,2026-05-21T01:00:00+03:00,2026-05,EBM0526,2507.565988042424,EPIAS_VEP:EBM0526,True,False,False
2026-05-20T23:00:00+00:00,2026-05-21T02:00:00+03:00,2026-05,EBM0526,2507.5659879893524,EPIAS_VEP:EBM0526,True,False,False
2026-05-21T00:00:00+00:00,2026-05-21T03:00:00+03:00,2026-05,EBM0526,2507.5659879407367,EPIAS_VEP:EBM0526,True,False,False
2026-05-21T01:00:00+00:00,2026-05-21T04:00:00+03:00,2026-05,EBM0526,2507.565987897776,EPIAS_VEP:EBM0526,True,False,False
2026-05-21T02:00:00+00:00,2026-05-21T05:00:00+03:00,2026-05,EBM0526,2507.565987861791,EPIAS_VEP:EBM0526,True,False,False
2026-05-21T03:00:00+00:00,2026-05-21T06:00:00+03:00,2026-05,EBM0526,2507.56598783423,EPIAS_VEP:EBM0526,True,False,False
2026-05-21T04:00:00+00:00,2026-05-21T07:00:00+03:00,2026-05,EBM0526,2507.5659878166703,EPIAS_VEP:EBM0526,True,False,False
2026-05-21T05:00:00+00:00,2026-05-21T08:00:00+03:00,2026-05,EBM0526,2507.5659878108213,EPIAS_VEP:EBM0526,True,False,False
2026-05-21T06:00:00+00:00,2026-05-21T09:00:00+03:00,2026-05,EBM0526,2507.565987818526,EPIAS_VEP:EBM0526,True,False,False
2026-05-21T07:00:00+00:00,2026-05-21T10:00:00+03:00,2026-05,EBM0526,2507.565987841763,EPIAS_VEP:EBM0526,True,False,False
2026-05-21T08:00:00+00:00,2026-05-21T11:00:00+03:00,2026-05,EBM0526,2507.5659878826423,EPIAS_VEP:EBM0526,True,False,False
2026-05-21T09:00:00+00:00,2026-05-21T12:00:00+03:00,2026-05,EBM0526,2507.565987943406,EPIAS_VEP:EBM0526,True,False,False
2026-05-21T10:00:00+00:00,2026-05-21T13:00:00+03:00,2026-05,EBM0526,2507.5659880264243,EPIAS_VEP:EBM0526,True,False,False
2026-05-21T11:00:00+00:00,2026-05-21T14:00:00+03:00,2026-05,EBM0526,2507.5659881341867,EPIAS_VEP:EBM0526,True,False,False
2026-05-21T12:00:00+00:00,2026-05-21T15:00:00+03:00,2026-05,EBM0526,2507.565988269297,EPIAS_VEP:EBM0526,True,False,False
2026-05-21T13:00:00+00:00,2026-05-21T16:00:00+03:00,2026-05,EBM0526,2507.5659884344627,EPIAS_VEP:EBM0526,True,False,False
2026-05-21T14:00:00+00:00,2026-05-21T17:00:00+03:00,2026-05,EBM0526,2507.565988632479,EPIAS_VEP:EBM0526,True,False,False
2026-05-21T15:00:00+00:00,2026-05-21T18:00:00+03:00,2026-05,EBM0526,2507.5659888662103,EPIAS_VEP:EBM0526,True,False,False
2026-05-21T16:00:00+00:00,2026-05-21T19:00:00+03:00,2026-05,EBM0526,2507.565989138576,EPIAS_VEP:EBM0526,True,False,False
2026-05-21T17:00:00+00:00,2026-05-21T20:00:00+03:00,2026-05,EBM0526,2507.565989452522,EPIAS_VEP:EBM0526,True,False,False
2026-05-21T18:00:00+00:00,2026-05-21T21:00:00+03:00,2026-05,EBM0526,2507.565989810998,EPIAS_VEP:EBM0526,True,False,False
2026-05-21T19:00:00+00:00,2026-05-21T22:00:00+03:00,2026-05,EBM0526,2507.5659902169223,EPIAS_VEP:EBM0526,True,False,False
2026-05-21T20:00:00+00:00,2026-05-21T23:00:00+03:00,2026-05,EBM0526,2507.5659906731485,EPIAS_VEP:EBM0526,True,False,False
2026-05-21T21:00:00+00:00,2026-05-22T00:00:00+03:00,2026-05,EBM0526,2507.5659911824246,EPIAS_VEP:EBM0526,True,False,False
2026-05-21T22:00:00+00:00,2026-05-22T01:00:00+03:00,2026-05,EBM0526,2507.5659917473463,EPIAS_VEP:EBM0526,True,False,False
2026-05-21T23:00:00+00:00,2026-05-22T02:00:00+03:00,2026-05,EBM0526,2507.5659923703074,EPIAS_VEP:EBM0526,True,False,False
2026-05-22T00:00:00+00:00,2026-05-22T03:00:00+03:00,2026-05,EBM0526,2507.5659930534416,EPIAS_VEP:EBM0526,True,False,False
2026-05-22T01:00:00+00:00,2026-05-22T04:00:00+03:00,2026-05,EBM0526,2507.5659937985615,EPIAS_VEP:EBM0526,True,False,False
2026-05-22T02:00:00+00:00,2026-05-22T05:00:00+03:00,2026-05,EBM0526,2507.56599460709,EPIAS_VEP:EBM0526,True,False,False
2026-05-22T03:00:00+00:00,2026-05-22T06:00:00+03:00,2026-05,EBM0526,2507.5659954799867,EPIAS_VEP:EBM0526,True,False,False
2026-05-22T04:00:00+00:00,2026-05-22T07:00:00+03:00,2026-05,EBM0526,2507.565996417664,EPIAS_VEP:EBM0526,True,False,False
2026-05-22T05:00:00+00:00,2026-05-22T08:00:00+03:00,2026-05,EBM0526,2507.565997419901,EPIAS_VEP:EBM0526,True,False,False
2026-05-22T06:00:00+00:00,2026-05-22T09:00:00+03:00,2026-05,EBM0526,2507.565998485752,EPIAS_VEP:EBM0526,True,False,False
2026-05-22T07:00:00+00:00,2026-05-22T10:00:00+03:00,2026-05,EBM0526,2507.5659996134445,EPIAS_VEP:EBM0526,True,False,False
2026-05-22T08:00:00+00:00,2026-05-22T11:00:00+03:00,2026-05,EBM0526,2507.5660008002733,EPIAS_VEP:EBM0526,True,False,False
2026-05-22T09:00:00+00:00,2026-05-22T12:00:00+03:00,2026-05,EBM0526,2507.566002042486,EPIAS_VEP:EBM0526,True,False,False
2026-05-22T10:00:00+00:00,2026-05-22T13:00:00+03:00,2026-05,EBM0526,2507.5660033351683,EPIAS_VEP:EBM0526,True,False,False
2026-05-22T11:00:00+00:00,2026-05-22T14:00:00+03:00,2026-05,EBM0526,2507.566004672117,EPIAS_VEP:EBM0526,True,False,False
2026-05-22T12:00:00+00:00,2026-05-22T15:00:00+03:00,2026-05,EBM0526,2507.5660060457108,EPIAS_VEP:EBM0526,True,False,False
2026-05-22T13:00:00+00:00,2026-05-22T16:00:00+03:00,2026-05,EBM0526,2507.566007446777,EPIAS_VEP:EBM0526,True,False,False
2026-05-22T14:00:00+00:00,2026-05-22T17:00:00+03:00,2026-05,EBM0526,2507.566008864453,EPIAS_VEP:EBM0526,True,False,False
2026-05-22T15:00:00+00:00,2026-05-22T18:00:00+03:00,2026-05,EBM0526,2507.566010286048,EPIAS_VEP:EBM0526,True,False,False
2026-05-22T16:00:00+00:00,2026-05-22T19:00:00+03:00,2026-05,EBM0526,2507.5660116968997,EPIAS_VEP:EBM0526,True,False,False
2026-05-22T17:00:00+00:00,2026-05-22T20:00:00+03:00,2026-05,EBM0526,2507.566013080233,EPIAS_VEP:EBM0526,True,False,False
2026-05-22T18:00:00+00:00,2026-05-22T21:00:00+03:00,2026-05,EBM0526,2507.5660144170183,EPIAS_VEP:EBM0526,True,False,False
2026-05-22T19:00:00+00:00,2026-05-22T22:00:00+03:00,2026-05,EBM0526,2507.5660156858335,EPIAS_VEP:EBM0526,True,False,False
2026-05-22T20:00:00+00:00,2026-05-22T23:00:00+03:00,2026-05,EBM0526,2507.5660168627287,EPIAS_VEP:EBM0526,True,False,False
2026-05-22T21:00:00+00:00,2026-05-23T00:00:00+03:00,2026-05,EBM0526,2507.566017921099,EPIAS_VEP:EBM0526,True,False,False
2026-05-22T22:00:00+00:00,2026-05-23T01:00:00+03:00,2026-05,EBM0526,2507.56601883157,EPIAS_VEP:EBM0526,True,False,False
2026-05-22T23:00:00+00:00,2026-05-23T02:00:00+03:00,2026-05,EBM0526,2507.566019561893,EPIAS_VEP:EBM0526,True,False,False
2026-05-23T00:00:00+00:00,2026-05-23T03:00:00+03:00,2026-05,EBM0526,2507.566020076845,EPIAS_VEP:EBM0526,True,False,False
2026-05-23T01:00:00+00:00,2026-05-23T04:00:00+03:00,2026-05,EBM0526,2507.5660203381617,EPIAS_VEP:EBM0526,True,False,False
2026-05-23T02:00:00+00:00,2026-05-23T05:00:00+03:00,2026-05,EBM0526,2507.5660203044904,EPIAS_VEP:EBM0526,True,False,False
2026-05-23T03:00:00+00:00,2026-05-23T06:00:00+03:00,2026-05,EBM0526,2507.5660199313597,EPIAS_VEP:EBM0526,True,False,False
2026-05-23T04:00:00+00:00,2026-05-23T07:00:00+03:00,2026-05,EBM0526,2507.566019171184,EPIAS_VEP:EBM0526,True,False,False
2026-05-23T05:00:00+00:00,2026-05-23T08:00:00+03:00,2026-05,EBM0526,2507.5660179732995,EPIAS_VEP:EBM0526,True,False,False
2026-05-23T06:00:00+00:00,2026-05-23T09:00:00+03:00,2026-05,EBM0526,2507.5660162840404,EPIAS_VEP:EBM0526,True,False,False
2026-05-23T07:00:00+00:00,2026-05-23T10:00:00+03:00,2026-05,EBM0526,2507.5660140468594,EPIAS_VEP:EBM0526,True,False,False
2026-05-23T08:00:00+00:00,2026-05-23T11:00:00+03:00,2026-05,EBM0526,2507.5660112024934,EPIAS_VEP:EBM0526,True,False,False
2026-05-23T09:00:00+00:00,2026-05-23T12:00:00+03:00,2026-05,EBM0526,2507.5660076891922,EPIAS_VEP:EBM0526,True,False,False
2026-05-23T10:00:00+00:00,2026-05-23T13:00:00+03:00,2026-05,EBM0526,2507.5660034429993,EPIAS_VEP:EBM0526,True,False,False
2026-05-23T11:00:00+00:00,2026-05-23T14:00:00+03:00,2026-05,EBM0526,2507.565998398104,EPIAS_VEP:EBM0526,True,False,False
2026-05-23T12:00:00+00:00,2026-05-23T15:00:00+03:00,2026-05,EBM0526,2507.565992487269,EPIAS_VEP:EBM0526,True,False,False
2026-05-23T13:00:00+00:00,2026-05-23T16:00:00+03:00,2026-05,EBM0526,2507.5659856423295,EPIAS_VEP:EBM0526,True,False,False
2026-05-23T14:00:00+00:00,2026-05-23T17:00:00+03:00,2026-05,EBM0526,2507.5659777947885,EPIAS_VEP:EBM0526,True,False,False
2026-05-23T15:00:00+00:00,2026-05-23T18:00:00+03:00,2026-05,EBM0526,2507.5659688765,EPIAS_VEP:EBM0526,True,False,False
2026-05-23T16:00:00+00:00,2026-05-23T19:00:00+03:00,2026-05,EBM0526,2507.565958820454,EPIAS_VEP:EBM0526,True,False,False
2026-05-23T17:00:00+00:00,2026-05-23T20:00:00+03:00,2026-05,EBM0526,2507.5659475616685,EPIAS_VEP:EBM0526,True,False,False
2026-05-23T18:00:00+00:00,2026-05-23T21:00:00+03:00,2026-05,EBM0526,2507.565935038196,EPIAS_VEP:EBM0526,True,False,False
2026-05-23T19:00:00+00:00,2026-05-23T22:00:00+03:00,2026-05,EBM0526,2507.565921192248,EPIAS_VEP:EBM0526,True,False,False
2026-05-23T20:00:00+00:00,2026-05-23T23:00:00+03:00,2026-05,EBM0526,2507.5659059714467,EPIAS_VEP:EBM0526,True,False,False
2026-05-23T21:00:00+00:00,2026-05-24T00:00:00+03:00,2026-05,EBM0526,2507.5658893302107,EPIAS_VEP:EBM0526,True,False,False
2026-05-23T22:00:00+00:00,2026-05-24T01:00:00+03:00,2026-05,EBM0526,2507.565871231279,EPIAS_VEP:EBM0526,True,False,False
2026-05-23T23:00:00+00:00,2026-05-24T02:00:00+03:00,2026-05,EBM0526,2507.5658516473727,EPIAS_VEP:EBM0526,True,False,False
2026-05-24T00:00:00+00:00,2026-05-24T03:00:00+03:00,2026-05,EBM0526,2507.5658305630054,EPIAS_VEP:EBM0526,True,False,False
2026-05-24T01:00:00+00:00,2026-05-24T04:00:00+03:00,2026-05,EBM0526,2507.5658079764403,EPIAS_VEP:EBM0526,True,False,False
2026-05-24T02:00:00+00:00,2026-05-24T05:00:00+03:00,2026-05,EBM0526,2507.5657839018018,EPIAS_VEP:EBM0526,True,False,False
2026-05-24T03:00:00+00:00,2026-05-24T06:00:00+03:00,2026-05,EBM0526,2507.565758371332,EPIAS_VEP:EBM0526,True,False,False
2026-05-24T04:00:00+00:00,2026-05-24T07:00:00+03:00,2026-05,EBM0526,2507.5657314377995,EPIAS_VEP:EBM0526,True,False,False
2026-05-24T05:00:00+00:00,2026-05-24T08:00:00+03:00,2026-05,EBM0526,2507.565703177052,EPIAS_VEP:EBM0526,True,False,False
2026-05-24T06:00:00+00:00,2026-05-24T09:00:00+03:00,2026-05,EBM0526,2507.5656736907094,EPIAS_VEP:EBM0526,True,False,False
2026-05-24T07:00:00+00:00,2026-05-24T10:00:00+03:00,2026-05,EBM0526,2507.565643108992,EPIAS_VEP:EBM0526,True,False,False
2026-05-24T08:00:00+00:00,2026-05-24T11:00:00+03:00,2026-05,EBM0526,2507.5656115936645,EPIAS_VEP:EBM0526,True,False,False
2026-05-24T09:00:00+00:00,2026-05-24T12:00:00+03:00,2026-05,EBM0526,2507.5655793410997,EPIAS_VEP:EBM0526,True,False,False
2026-05-24T10:00:00+00:00,2026-05-24T13:00:00+03:00,2026-05,EBM0526,2507.565546585425,EPIAS_VEP:EBM0526,True,False,False
2026-05-24T11:00:00+00:00,2026-05-24T14:00:00+03:00,2026-05,EBM0526,2507.565513601751,EPIAS_VEP:EBM0526,True,False,False
2026-05-24T12:00:00+00:00,2026-05-24T15:00:00+03:00,2026-05,EBM0526,2507.5654807094434,EPIAS_VEP:EBM0526,True,False,False
2026-05-24T13:00:00+00:00,2026-05-24T16:00:00+03:00,2026-05,EBM0526,2507.565448275423,EPIAS_VEP:EBM0526,True,False,False
2026-05-24T14:00:00+00:00,2026-05-24T17:00:00+03:00,2026-05,EBM0526,2507.565416717454,EPIAS_VEP:EBM0526,True,False,False
2026-05-24T15:00:00+00:00,2026-05-24T18:00:00+03:00,2026-05,EBM0526,2507.5653865073887,EPIAS_VEP:EBM0526,True,False,False
2026-05-24T16:00:00+00:00,2026-05-24T19:00:00+03:00,2026-05,EBM0526,2507.5653581743236,EPIAS_VEP:EBM0526,True,False,False
2026-05-24T17:00:00+00:00,2026-05-24T20:00:00+03:00,2026-05,EBM0526,2507.5653323076194,EPIAS_VEP:EBM0526,True,False,False
2026-05-24T18:00:00+00:00,2026-05-24T21:00:00+03:00,2026-05,EBM0526,2507.5653095597354,EPIAS_VEP:EBM0526,True,False,False
2026-05-24T19:00:00+00:00,2026-05-24T22:00:00+03:00,2026-05,EBM0526,2507.5652906488153,EPIAS_VEP:EBM0526,True,False,False
2026-05-24T20:00:00+00:00,2026-05-24T23:00:00+03:00,2026-05,EBM0526,2507.5652763609633,EPIAS_VEP:EBM0526,True,False,False
2026-05-24T21:00:00+00:00,2026-05-25T00:00:00+03:00,2026-05,EBM0526,2507.5652675521355,EPIAS_VEP:EBM0526,True,False,False
2026-05-24T22:00:00+00:00,2026-05-25T01:00:00+03:00,2026-05,EBM0526,2507.5652651495666,EPIAS_VEP:EBM0526,True,False,False
2026-05-24T23:00:00+00:00,2026-05-25T02:00:00+03:00,2026-05,EBM0526,2507.5652701526515,EPIAS_VEP:EBM0526,True,False,False
2026-05-25T00:00:00+00:00,2026-05-25T03:00:00+03:00,2026-05,EBM0526,2507.565283633186,EPIAS_VEP:EBM0526,True,False,False
2026-05-25T01:00:00+00:00,2026-05-25T04:00:00+03:00,2026-05,EBM0526,2507.5653067348676,EPIAS_VEP:EBM0526,True,False,False
2026-05-25T02:00:00+00:00,2026-05-25T05:00:00+03:00,2026-05,EBM0526,2507.5653406719453,EPIAS_VEP:EBM0526,True,False,False
2026-05-25T03:00:00+00:00,2026-05-25T06:00:00+03:00,2026-05,EBM0526,2507.5653867269125,EPIAS_VEP:EBM0526,True,False,False
2026-05-25T04:00:00+00:00,2026-05-25T07:00:00+03:00,2026-05,EBM0526,2507.5654462471093,EPIAS_VEP:EBM0526,True,False,False
2026-05-25T05:00:00+00:00,2026-05-25T08:00:00+03:00,2026-05,EBM0526,2507.565520640119,EPIAS_VEP:EBM0526,True,False,False
2026-05-25T06:00:00+00:00,2026-05-25T09:00:00+03:00,2026-05,EBM0526,2507.5656113678156,EPIAS_VEP:EBM0526,True,False,False
2026-05-25T07:00:00+00:00,2026-05-25T10:00:00+03:00,2026-05,EBM0526,2507.565719938924,EPIAS_VEP:EBM0526,True,False,False
2026-05-25T08:00:00+00:00,2026-05-25T11:00:00+03:00,2026-05,EBM0526,2507.5658478999467,EPIAS_VEP:EBM0526,True,False,False
2026-05-25T09:00:00+00:00,2026-05-25T12:00:00+03:00,2026-05,EBM0526,2507.5659968243112,EPIAS_VEP:EBM0526,True,False,False
2026-05-25T10:00:00+00:00,2026-05-25T13:00:00+03:00,2026-05,EBM0526,2507.56616829957,EPIAS_VEP:EBM0526,True,False,False
2026-05-25T11:00:00+00:00,2026-05-25T14:00:00+03:00,2026-05,EBM0526,2507.5663639125087,EPIAS_VEP:EBM0526,True,False,False
2026-05-25T12:00:00+00:00,2026-05-25T15:00:00+03:00,2026-05,EBM0526,2507.566585231998,EPIAS_VEP:EBM0526,True,False,False
2026-05-25T13:00:00+00:00,2026-05-25T16:00:00+03:00,2026-05,EBM0526,2507.566833789432,EPIAS_VEP:EBM0526,True,False,False
2026-05-25T14:00:00+00:00,2026-05-25T17:00:00+03:00,2026-05,EBM0526,2507.5671110565986,EPIAS_VEP:EBM0526,True,False,False
2026-05-25T15:00:00+00:00,2026-05-25T18:00:00+03:00,2026-05,EBM0526,2507.5674184208215,EPIAS_VEP:EBM0526,True,False,False
2026-05-25T16:00:00+00:00,2026-05-25T19:00:00+03:00,2026-05,EBM0526,2507.5677571572337,EPIAS_VEP:EBM0526,True,False,False
2026-05-25T17:00:00+00:00,2026-05-25T20:00:00+03:00,2026-05,EBM0526,2507.568128398042,EPIAS_VEP:EBM0526,True,False,False
2026-05-25T18:00:00+00:00,2026-05-25T21:00:00+03:00,2026-05,EBM0526,2507.568533098652,EPIAS_VEP:EBM0526,True,False,False
2026-05-25T19:00:00+00:00,2026-05-25T22:00:00+03:00,2026-05,EBM0526,2507.568972000545,EPIAS_VEP:EBM0526,True,False,False
2026-05-25T20:00:00+00:00,2026-05-25T23:00:00+03:00,2026-05,EBM0526,2507.5694455908074,EPIAS_VEP:EBM0526,True,False,False
2026-05-25T21:00:00+00:00,2026-05-26T00:00:00+03:00,2026-05,EBM0526,2507.569954058242,EPIAS_VEP:EBM0526,True,False,False
2026-05-25T22:00:00+00:00,2026-05-26T01:00:00+03:00,2026-05,EBM0526,2507.570497246007,EPIAS_VEP:EBM0526,True,False,False
2026-05-25T23:00:00+00:00,2026-05-26T02:00:00+03:00,2026-05,EBM0526,2507.571074600773,EPIAS_VEP:EBM0526,True,False,False
2026-05-26T00:00:00+00:00,2026-05-26T03:00:00+03:00,2026-05,EBM0526,2507.571685118401,EPIAS_VEP:EBM0526,True,False,False
2026-05-26T01:00:00+00:00,2026-05-26T04:00:00+03:00,2026-05,EBM0526,2507.572327286207,EPIAS_VEP:EBM0526,True,False,False
2026-05-26T02:00:00+00:00,2026-05-26T05:00:00+03:00,2026-05,EBM0526,2507.57299902191,EPIAS_VEP:EBM0526,True,False,False
2026-05-26T03:00:00+00:00,2026-05-26T06:00:00+03:00,2026-05,EBM0526,2507.5736976094176,EPIAS_VEP:EBM0526,True,False,False
2026-05-26T04:00:00+00:00,2026-05-26T07:00:00+03:00,2026-05,EBM0526,2507.5744196316487,EPIAS_VEP:EBM0526,True,False,False
2026-05-26T05:00:00+00:00,2026-05-26T08:00:00+03:00,2026-05,EBM0526,2507.5751609006775,EPIAS_VEP:EBM0526,True,False,False
2026-05-26T06:00:00+00:00,2026-05-26T09:00:00+03:00,2026-05,EBM0526,2507.5759163855323,EPIAS_VEP:EBM0526,True,False,False
2026-05-26T07:00:00+00:00,2026-05-26T10:00:00+03:00,2026-05,EBM0526,2507.5766801380673,EPIAS_VEP:EBM0526,True,False,False
2026-05-26T08:00:00+00:00,2026-05-26T11:00:00+03:00,2026-05,EBM0526,2507.577445217412,EPIAS_VEP:EBM0526,True,False,False
2026-05-26T09:00:00+00:00,2026-05-26T12:00:00+03:00,2026-05,EBM0526,2507.5782036135984,EPIAS_VEP:EBM0526,True,False,False
2026-05-26T10:00:00+00:00,2026-05-26T13:00:00+03:00,2026-05,EBM0526,2507.5789461710524,EPIAS_VEP:EBM0526,True,False,False
2026-05-26T11:00:00+00:00,2026-05-26T14:00:00+03:00,2026-05,EBM0526,2507.5796625127523,EPIAS_VEP:EBM0526,True,False,False
2026-05-26T12:00:00+00:00,2026-05-26T15:00:00+03:00,2026-05,EBM0526,2507.580340965975,EPIAS_VEP:EBM0526,True,False,False
2026-05-26T13:00:00+00:00,2026-05-26T16:00:00+03:00,2026-05,EBM0526,2507.580968490662,EPIAS_VEP:EBM0526,True,False,False
2026-05-26T14:00:00+00:00,2026-05-26T17:00:00+03:00,2026-05,EBM0526,2507.5815306115733,EPIAS_VEP:EBM0526,True,False,False
2026-05-26T15:00:00+00:00,2026-05-26T18:00:00+03:00,2026-05,EBM0526,2507.582011355534,EPIAS_VEP:EBM0526,True,False,False
2026-05-26T16:00:00+00:00,2026-05-26T19:00:00+03:00,2026-05,EBM0526,2507.582393195224,EPIAS_VEP:EBM0526,True,False,False
2026-05-26T17:00:00+00:00,2026-05-26T20:00:00+03:00,2026-05,EBM0526,2507.5826570011022,EPIAS_VEP:EBM0526,True,False,False
2026-05-26T18:00:00+00:00,2026-05-26T21:00:00+03:00,2026-05,EBM0526,2507.582782003225,EPIAS_VEP:EBM0526,True,False,False
2026-05-26T19:00:00+00:00,2026-05-26T22:00:00+03:00,2026-05,EBM0526,2507.5827457648634,EPIAS_VEP:EBM0526,True,False,False
2026-05-26T20:00:00+00:00,2026-05-26T23:00:00+03:00,2026-05,EBM0526,2507.5825241700045,EPIAS_VEP:EBM0526,True,False,False
2026-05-26T21:00:00+00:00,2026-05-27T00:00:00+03:00,2026-05,EBM0526,2507.5820914269757,EPIAS_VEP:EBM0526,True,False,False
2026-05-26T22:00:00+00:00,2026-05-27T01:00:00+03:00,2026-05,EBM0526,2507.5814200906016,EPIAS_VEP:EBM0526,True,False,False
2026-05-26T23:00:00+00:00,2026-05-27T02:00:00+03:00,2026-05,EBM0526,2507.5804811054804,EPIAS_VEP:EBM0526,True,False,False
2026-05-27T00:00:00+00:00,2026-05-27T03:00:00+03:00,2026-05,EBM0526,2507.579243873115,EPIAS_VEP:EBM0526,True,False,False
2026-05-27T01:00:00+00:00,2026-05-27T04:00:00+03:00,2026-05,EBM0526,2507.577676345814,EPIAS_VEP:EBM0526,True,False,False
2026-05-27T02:00:00+00:00,2026-05-27T05:00:00+03:00,2026-05,EBM0526,2507.5757451504146,EPIAS_VEP:EBM0526,True,False,False
2026-05-27T03:00:00+00:00,2026-05-27T06:00:00+03:00,2026-05,EBM0526,2507.573415745038,EPIAS_VEP:EBM0526,True,False,False
2026-05-27T04:00:00+00:00,2026-05-27T07:00:00+03:00,2026-05,EBM0526,2507.570652612205,EPIAS_VEP:EBM0526,True,False,False
2026-05-27T05:00:00+00:00,2026-05-27T08:00:00+03:00,2026-05,EBM0526,2507.5674194917774,EPIAS_VEP:EBM0526,True,False,False
2026-05-27T06:00:00+00:00,2026-05-27T09:00:00+03:00,2026-05,EBM0526,2507.563679657272,EPIAS_VEP:EBM0526,True,False,False
2026-05-27T07:00:00+00:00,2026-05-27T10:00:00+03:00,2026-05,EBM0526,2507.5593962391727,EPIAS_VEP:EBM0526,True,False,False
2026-05-27T08:00:00+00:00,2026-05-27T11:00:00+03:00,2026-05,EBM0526,2507.5545325989096,EPIAS_VEP:EBM0526,True,False,False
2026-05-27T09:00:00+00:00,2026-05-27T12:00:00+03:00,2026-05,EBM0526,2507.5490527572056,EPIAS_VEP:EBM0526,True,False,False
2026-05-27T10:00:00+00:00,2026-05-27T13:00:00+03:00,2026-05,EBM0526,2507.5429218804406,EPIAS_VEP:EBM0526,True,False,False
2026-05-27T11:00:00+00:00,2026-05-27T14:00:00+03:00,2026-05,EBM0526,2507.5361068286325,EPIAS_VEP:EBM0526,True,False,False
2026-05-27T12:00:00+00:00,2026-05-27T15:00:00+03:00,2026-05,EBM0526,2507.528576768526,EPIAS_VEP:EBM0526,True,False,False
2026-05-27T13:00:00+00:00,2026-05-27T16:00:00+03:00,2026-05,EBM0526,2507.5203038551,EPIAS_VEP:EBM0526,True,False,False
2026-05-27T14:00:00+00:00,2026-05-27T17:00:00+03:00,2026-05,EBM0526,2507.511263984573,EPIAS_VEP:EBM0526,True,False,False
2026-05-27T15:00:00+00:00,2026-05-27T18:00:00+03:00,2026-05,EBM0526,2507.5014376216927,EPIAS_VEP:EBM0526,True,False,False
2026-05-27T16:00:00+00:00,2026-05-27T19:00:00+03:00,2026-05,EBM0526,2507.490810703725,EPIAS_VEP:EBM0526,True,False,False
2026-05-27T17:00:00+00:00,2026-05-27T20:00:00+03:00,2026-05,EBM0526,2507.479375623087,EPIAS_VEP:EBM0526,True,False,False
2026-05-27T18:00:00+00:00,2026-05-27T21:00:00+03:00,2026-05,EBM0526,2507.467132290041,EPIAS_VEP:EBM0526,True,False,False
2026-05-27T19:00:00+00:00,2026-05-27T22:00:00+03:00,2026-05,EBM0526,2507.454089276202,EPIAS_VEP:EBM0526,True,False,False
2026-05-27T20:00:00+00:00,2026-05-27T23:00:00+03:00,2026-05,EBM0526,2507.440265038873,EPIAS_VEP:EBM0526,True,False,False
2026-05-27T21:00:00+00:00,2026-05-28T00:00:00+03:00,2026-05,EBM0526,2507.425689225344,EPIAS_VEP:EBM0526,True,False,False
2026-05-27T22:00:00+00:00,2026-05-28T01:00:00+03:00,2026-05,EBM0526,2507.4104040553166,EPIAS_VEP:EBM0526,True,False,False
2026-05-27T23:00:00+00:00,2026-05-28T02:00:00+03:00,2026-05,EBM0526,2507.3944657784864,EPIAS_VEP:EBM0526,True,False,False
2026-05-28T00:00:00+00:00,2026-05-28T03:00:00+03:00,2026-05,EBM0526,2507.3779462030593,EPIAS_VEP:EBM0526,True,False,False
2026-05-28T01:00:00+00:00,2026-05-28T04:00:00+03:00,2026-05,EBM0526,2507.36093428958,EPIAS_VEP:EBM0526,True,False,False
2026-05-28T02:00:00+00:00,2026-05-28T05:00:00+03:00,2026-05,EBM0526,2507.343537802889,EPIAS_VEP:EBM0526,True,False,False
2026-05-28T03:00:00+00:00,2026-05-28T06:00:00+03:00,2026-05,EBM0526,2507.325885013312,EPIAS_VEP:EBM0526,True,False,False
2026-05-28T04:00:00+00:00,2026-05-28T07:00:00+03:00,2026-05,EBM0526,2507.308126436311,EPIAS_VEP:EBM0526,True,False,False
2026-05-28T05:00:00+00:00,2026-05-28T08:00:00+03:00,2026-05,EBM0526,2507.290436597764,EPIAS_VEP:EBM0526,True,False,False
2026-05-28T06:00:00+00:00,2026-05-28T09:00:00+03:00,2026-05,EBM0526,2507.27301580982,EPIAS_VEP:EBM0526,True,False,False
2026-05-28T07:00:00+00:00,2026-05-28T10:00:00+03:00,2026-05,EBM0526,2507.2560919398857,EPIAS_VEP:EBM0526,True,False,False
2026-05-28T08:00:00+00:00,2026-05-28T11:00:00+03:00,2026-05,EBM0526,2507.2399221527007,EPIAS_VEP:EBM0526,True,False,False
2026-05-28T09:00:00+00:00,2026-05-28T12:00:00+03:00,2026-05,EBM0526,2507.224794602728,EPIAS_VEP:EBM0526,True,False,False
2026-05-28T10:00:00+00:00,2026-05-28T13:00:00+03:00,2026-05,EBM0526,2507.211030051128,EPIAS_VEP:EBM0526,True,False,False
2026-05-28T11:00:00+00:00,2026-05-28T14:00:00+03:00,2026-05,EBM0526,2507.19898337852,EPIAS_VEP:EBM0526,True,False,False
2026-05-28T12:00:00+00:00,2026-05-28T15:00:00+03:00,2026-05,EBM0526,2507.1890449614307,EPIAS_VEP:EBM0526,True,False,False
2026-05-28T13:00:00+00:00,2026-05-28T16:00:00+03:00,2026-05,EBM0526,2507.1816418769617,EPIAS_VEP:EBM0526,True,False,False
2026-05-28T14:00:00+00:00,2026-05-28T17:00:00+03:00,2026-05,EBM0526,2507.1772388966347,EPIAS_VEP:EBM0526,True,False,False
2026-05-28T15:00:00+00:00,2026-05-28T18:00:00+03:00,2026-05,EBM0526,2507.1763392267,EPIAS_VEP:EBM0526,True,False,False
2026-05-28T16:00:00+00:00,2026-05-28T19:00:00+03:00,2026-05,EBM0526,2507.1794849484318,EPIAS_VEP:EBM0526,True,False,False
2026-05-28T17:00:00+00:00,2026-05-28T20:00:00+03:00,2026-05,EBM0526,2507.1872571080994,EPIAS_VEP:EBM0526,True,False,False
2026-05-28T18:00:00+00:00,2026-05-28T21:00:00+03:00,2026-05,EBM0526,2507.2002754023915,EPIAS_VEP:EBM0526,True,False,False
2026-05-28T19:00:00+00:00,2026-05-28T22:00:00+03:00,2026-05,EBM0526,2507.219197401202,EPIAS_VEP:EBM0526,True,False,False
2026-05-28T20:00:00+00:00,2026-05-28T23:00:00+03:00,2026-05,EBM0526,2507.2447172457987,EPIAS_VEP:EBM0526,True,False,False
2026-05-28T21:00:00+00:00,2026-05-29T00:00:00+03:00,2026-05,EBM0526,2507.277563756625,EPIAS_VEP:EBM0526,True,False,False
2026-05-28T22:00:00+00:00,2026-05-29T01:00:00+03:00,2026-05,EBM0526,2507.3184978813147,EPIAS_VEP:EBM0526,True,False,False
2026-05-28T23:00:00+00:00,2026-05-29T02:00:00+03:00,2026-05,EBM0526,2507.3683094100425,EPIAS_VEP:EBM0526,True,False,False
2026-05-29T00:00:00+00:00,2026-05-29T03:00:00+03:00,2026-05,EBM0526,2507.4278128821097,EPIAS_VEP:EBM0526,True,False,False
2026-05-29T01:00:00+00:00,2026-05-29T04:00:00+03:00,2026-05,EBM0526,2507.497842604793,EPIAS_VEP:EBM0526,True,False,False
2026-05-29T02:00:00+00:00,2026-05-29T05:00:00+03:00,2026-05,EBM0526,2507.5792467029955,EPIAS_VEP:EBM0526,True,False,False
2026-05-29T03:00:00+00:00,2026-05-29T06:00:00+03:00,2026-05,EBM0526,2507.6728801162753,EPIAS_VEP:EBM0526,True,False,False
2026-05-29T04:00:00+00:00,2026-05-29T07:00:00+03:00,2026-05,EBM0526,2507.7795964584366,EPIAS_VEP:EBM0526,True,False,False
2026-05-29T05:00:00+00:00,2026-05-29T08:00:00+03:00,2026-05,EBM0526,2507.9002386541883,EPIAS_VEP:EBM0526,True,False,False
2026-05-29T06:00:00+00:00,2026-05-29T09:00:00+03:00,2026-05,EBM0526,2508.0356282675084,EPIAS_VEP:EBM0526,True,False,False
2026-05-29T07:00:00+00:00,2026-05-29T10:00:00+03:00,2026-05,EBM0526,2508.1865534374265,EPIAS_VEP:EBM0526,True,False,False
2026-05-29T08:00:00+00:00,2026-05-29T11:00:00+03:00,2026-05,EBM0526,2508.3537553390606,EPIAS_VEP:EBM0526,True,False,False
2026-05-29T09:00:00+00:00,2026-05-29T12:00:00+03:00,2026-05,EBM0526,2508.537913091101,EPIAS_VEP:EBM0526,True,False,False
2026-05-29T10:00:00+00:00,2026-05-29T13:00:00+03:00,2026-05,EBM0526,2508.739627035619,EPIAS_VEP:EBM0526,True,False,False
2026-05-29T11:00:00+00:00,2026-05-29T14:00:00+03:00,2026-05,EBM0526,2508.959400322293,EPIAS_VEP:EBM0526,True,False,False
2026-05-29T12:00:00+00:00,2026-05-29T15:00:00+03:00,2026-05,EBM0526,2509.197618737014,EPIAS_VEP:EBM0526,True,False,False
2026-05-29T13:00:00+00:00,2026-05-29T16:00:00+03:00,2026-05,EBM0526,2509.4545287245587,EPIAS_VEP:EBM0526,True,False,False
2026-05-29T14:00:00+00:00,2026-05-29T17:00:00+03:00,2026-05,EBM0526,2509.7302135667437,EPIAS_VEP:EBM0526,True,False,False
2026-05-29T15:00:00+00:00,2026-05-29T18:00:00+03:00,2026-05,EBM0526,2510.02456769143,EPIAS_VEP:EBM0526,True,False,False
2026-05-29T16:00:00+00:00,2026-05-29T19:00:00+03:00,2026-05,EBM0526,2510.3372691040354,EPIAS_VEP:EBM0526,True,False,False
2026-05-29T17:00:00+00:00,2026-05-29T20:00:00+03:00,2026-05,EBM0526,2510.667749952125,EPIAS_VEP:EBM0526,True,False,False
2026-05-29T18:00:00+00:00,2026-05-29T21:00:00+03:00,2026-05,EBM0526,2511.0151652552695,EPIAS_VEP:EBM0526,True,False,False
2026-05-29T19:00:00+00:00,2026-05-29T22:00:00+03:00,2026-05,EBM0526,2511.3783598569603,EPIAS_VEP:EBM0526,True,False,False
2026-05-29T20:00:00+00:00,2026-05-29T23:00:00+03:00,2026-05,EBM0526,2511.755833683079,EPIAS_VEP:EBM0526,True,False,False
2026-05-29T21:00:00+00:00,2026-05-30T00:00:00+03:00,2026-05,EBM0526,2512.145705422436,EPIAS_VEP:EBM0526,True,False,False
2026-05-29T22:00:00+00:00,2026-05-30T01:00:00+03:00,2026-05,EBM0526,2512.5456747793874,EPIAS_VEP:EBM0526,True,False,False
2026-05-29T23:00:00+00:00,2026-05-30T02:00:00+03:00,2026-05,EBM0526,2512.952983486719,EPIAS_VEP:EBM0526,True,False,False
2026-05-30T00:00:00+00:00,2026-05-30T03:00:00+03:00,2026-05,EBM0526,2513.364375308656,EPIAS_VEP:EBM0526,True,False,False
2026-05-30T01:00:00+00:00,2026-05-30T04:00:00+03:00,2026-05,EBM0526,2513.7760553099897,EPIAS_VEP:EBM0526,True,False,False
2026-05-30T02:00:00+00:00,2026-05-30T05:00:00+03:00,2026-05,EBM0526,2514.1836487168985,EPIAS_VEP:EBM0526,True,False,False
2026-05-30T03:00:00+00:00,2026-05-30T06:00:00+03:00,2026-05,EBM0526,2514.582159748943,EPIAS_VEP:EBM0526,True,False,False
2026-05-30T04:00:00+00:00,2026-05-30T07:00:00+03:00,2026-05,EBM0526,2514.965930859727,EPIAS_VEP:EBM0526,True,False,False
2026-05-30T05:00:00+00:00,2026-05-30T08:00:00+03:00,2026-05,EBM0526,2515.328602885798,EPIAS_VEP:EBM0526,True,False,False
2026-05-30T06:00:00+00:00,2026-05-30T09:00:00+03:00,2026-05,EBM0526,2515.6630766695316,EPIAS_VEP:EBM0526,True,False,False
2026-05-30T07:00:00+00:00,2026-05-30T10:00:00+03:00,2026-05,EBM0526,2515.9614767919306,EPIAS_VEP:EBM0526,True,False,False
2026-05-30T08:00:00+00:00,2026-05-30T11:00:00+03:00,2026-05,EBM0526,2516.2151181252466,EPIAS_VEP:EBM0526,True,False,False
2026-05-30T09:00:00+00:00,2026-05-30T12:00:00+03:00,2026-05,EBM0526,2516.4144759929654,EPIAS_VEP:EBM0526,True,False,False
2026-05-30T10:00:00+00:00,2026-05-30T13:00:00+03:00,2026-05,EBM0526,2516.5491608056786,EPIAS_VEP:EBM0526,True,False,False
2026-05-30T11:00:00+00:00,2026-05-30T14:00:00+03:00,2026-05,EBM0526,2516.607898125293,EPIAS_VEP:EBM0526,True,False,False
2026-05-30T12:00:00+00:00,2026-05-30T15:00:00+03:00,2026-05,EBM0526,2516.57851519655,EPIAS_VEP:EBM0526,True,False,False
2026-05-30T13:00:00+00:00,2026-05-30T16:00:00+03:00,2026-05,EBM0526,2516.4479350732927,EPIAS_VEP:EBM0526,True,False,False
2026-05-30T14:00:00+00:00,2026-05-30T17:00:00+03:00,2026-05,EBM0526,2516.2021795567593,EPIAS_VEP:EBM0526,True,False,False
2026-05-30T15:00:00+00:00,2026-05-30T18:00:00+03:00,2026-05,EBM0526,2515.8263822535982,EPIAS_VEP:EBM0526,True,False,False
2026-05-30T16:00:00+00:00,2026-05-30T19:00:00+03:00,2026-05,EBM0526,2515.304813151419,EPIAS_VEP:EBM0526,True,False,False
2026-05-30T17:00:00+00:00,2026-05-30T20:00:00+03:00,2026-05,EBM0526,2514.620916198521,EPIAS_VEP:EBM0526,True,False,False
2026-05-30T18:00:00+00:00,2026-05-30T21:00:00+03:00,2026-05,EBM0526,2513.757361460806,EPIAS_VEP:EBM0526,True,False,False
2026-05-30T19:00:00+00:00,2026-05-30T22:00:00+03:00,2026-05,EBM0526,2512.696113511468,EPIAS_VEP:EBM0526,True,False,False
2026-05-30T20:00:00+00:00,2026-05-30T23:00:00+03:00,2026-05,EBM0526,2511.4185177864724,EPIAS_VEP:EBM0526,True,False,False
2026-05-30T21:00:00+00:00,2026-05-31T00:00:00+03:00,2026-05,EBM0526,2509.9054067093484,EPIAS_VEP:EBM0526,True,False,False
2026-05-30T22:00:00+00:00,2026-05-31T01:00:00+03:00,2026-05,EBM0526,2508.137227450763,EPIAS_VEP:EBM0526,True,False,False
2026-05-30T23:00:00+00:00,2026-05-31T02:00:00+03:00,2026-05,EBM0526,2506.094193239627,EPIAS_VEP:EBM0526,True,False,False
2026-05-31T00:00:00+00:00,2026-05-31T03:00:00+03:00,2026-05,EBM0526,2503.756460181022,EPIAS_VEP:EBM0526,True,False,False
2026-05-31T01:00:00+00:00,2026-05-31T04:00:00+03:00,2026-05,EBM0526,2501.104331559618,EPIAS_VEP:EBM0526,True,False,False
2026-05-31T02:00:00+00:00,2026-05-31T05:00:00+03:00,2026-05,EBM0526,2498.118491612985,EPIAS_VEP:EBM0526,True,False,False
2026-05-31T03:00:00+00:00,2026-05-31T06:00:00+03:00,2026-05,EBM0526,2494.7802707444516,EPIAS_VEP:EBM0526,True,False,False
2026-05-31T04:00:00+00:00,2026-05-31T07:00:00+03:00,2026-05,EBM0526,2491.0719441071046,EPIAS_VEP:EBM0526,True,False,False
2026-05-31T05:00:00+00:00,2026-05-31T08:00:00+03:00,2026-05,EBM0526,2486.977065425866,EPIAS_VEP:EBM0526,True,False,False
2026-05-31T06:00:00+00:00,2026-05-31T09:00:00+03:00,2026-05,EBM0526,2482.4808378301636,EPIAS_VEP:EBM0526,True,False,False
2026-05-31T07:00:00+00:00,2026-05-31T10:00:00+03:00,2026-05,EBM0526,2477.5705233417993,EPIAS_VEP:EBM0526,True,False,False
2026-05-31T08:00:00+00:00,2026-05-31T11:00:00+03:00,2026-05,EBM0526,2472.2358924977084,EPIAS_VEP:EBM0526,True,False,False
2026-05-31T09:00:00+00:00,2026-05-31T12:00:00+03:00,2026-05,EBM0526,2466.4697153814063,EPIAS_VEP:EBM0526,True,False,False
2026-05-31T10:00:00+00:00,2026-05-31T13:00:00+03:00,2026-05,EBM0526,2460.2682950860753,EPIAS_VEP:EBM0526,True,False,False
2026-05-31T11:00:00+00:00,2026-05-31T14:00:00+03:00,2026-05,EBM0526,2453.632044332278,EPIAS_VEP:EBM0526,True,False,False
2026-05-31T12:00:00+00:00,2026-05-31T15:00:00+03:00,2026-05,EBM0526,2446.5661056099816,EPIAS_VEP:EBM0526,True,False,False
2026-05-31T13:00:00+00:00,2026-05-31T16:00:00+03:00,2026-05,EBM0526,2439.0810148036276,EPIAS_VEP:EBM0526,True,False,False
2026-05-31T14:00:00+00:00,2026-05-31T17:00:00+03:00,2026-05,EBM0526,2431.1934077860187,EPIAS_VEP:EBM0526,True,False,False
2026-05-31T15:00:00+00:00,2026-05-31T18:00:00+03:00,2026-05,EBM0526,2422.9267689273943,EPIAS_VEP:EBM0526,True,False,False
2026-05-31T16:00:00+00:00,2026-05-31T19:00:00+03:00,2026-05,EBM0526,2414.3122198561286,EPIAS_VEP:EBM0526,True,False,False
2026-05-31T17:00:00+00:00,2026-05-31T20:00:00+03:00,2026-05,EBM0526,2405.38934612261,EPIAS_VEP:EBM0526,True,False,False
2026-05-31T18:00:00+00:00,2026-05-31T21:00:00+03:00,2026-05,EBM0526,2396.2070586542063,EPIAS_VEP:EBM0526,True,False,False
2026-05-31T19:00:00+00:00,2026-05-31T22:00:00+03:00,2026-05,EBM0526,2386.8244860432424,EPIAS_VEP:EBM0526,True,False,False
2026-05-31T20:00:00+00:00,2026-05-31T23:00:00+03:00,2026-05,EBM0526,2377.311892773654,EPIAS_VEP:EBM0526,True,False,False
2026-05-31T21:00:00+00:00,2026-06-01T00:00:00+03:00,2026-06,EBM0626,2367.7516174807447,EPIAS_VEP:EBM0626,True,False,False
2026-05-31T22:00:00+00:00,2026-06-01T01:00:00+03:00,2026-06,EBM0626,2358.2390242094557,EPIAS_VEP:EBM0626,True,False,False
2026-05-31T23:00:00+00:00,2026-06-01T02:00:00+03:00,2026-06,EBM0626,2348.8564515950734,EPIAS_VEP:EBM0626,True,False,False
2026-06-01T00:00:00+00:00,2026-06-01T03:00:00+03:00,2026-06,EBM0626,2339.674164122554,EPIAS_VEP:EBM0626,True,False,False
2026-06-01T01:00:00+00:00,2026-06-01T04:00:00+03:00,2026-06,EBM0626,2330.7512903837855,EPIAS_VEP:EBM0626,True,False,False
2026-06-01T02:00:00+00:00,2026-06-01T05:00:00+03:00,2026-06,EBM0626,2322.136741306337,EPIAS_VEP:EBM0626,True,False,False
2026-06-01T03:00:00+00:00,2026-06-01T06:00:00+03:00,2026-06,EBM0626,2313.870102440831,EPIAS_VEP:EBM0626,True,False,False
2026-06-01T04:00:00+00:00,2026-06-01T07:00:00+03:00,2026-06,EBM0626,2305.98249541585,EPIAS_VEP:EBM0626,True,False,False
2026-06-01T05:00:00+00:00,2026-06-01T08:00:00+03:00,2026-06,EBM0626,2298.4974046017696,EPIAS_VEP:EBM0626,True,False,False
2026-06-01T06:00:00+00:00,2026-06-01T09:00:00+03:00,2026-06,EBM0626,2291.4314658715157,EPIAS_VEP:EBM0626,True,False,False
2026-06-01T07:00:00+00:00,2026-06-01T10:00:00+03:00,2026-06,EBM0626,2284.7952151096456,EPIAS_VEP:EBM0626,True,False,False
2026-06-01T08:00:00+00:00,2026-06-01T11:00:00+03:00,2026-06,EBM0626,2278.5937948062224,EPIAS_VEP:EBM0626,True,False,False
2026-06-01T09:00:00+00:00,2026-06-01T12:00:00+03:00,2026-06,EBM0626,2272.82761768189,EPIAS_VEP:EBM0626,True,False,False
2026-06-01T10:00:00+00:00,2026-06-01T13:00:00+03:00,2026-06,EBM0626,2267.492986829904,EPIAS_VEP:EBM0626,True,False,False
2026-06-01T11:00:00+00:00,2026-06-01T14:00:00+03:00,2026-06,EBM0626,2262.5826723338437,EPIAS_VEP:EBM0626,True,False,False
2026-06-01T12:00:00+00:00,2026-06-01T15:00:00+03:00,2026-06,EBM0626,2258.0864447306953,EPIAS_VEP:EBM0626,True,False,False
2026-06-01T13:00:00+00:00,2026-06-01T16:00:00+03:00,2026-06,EBM0626,2253.9915660423044,EPIAS_VEP:EBM0626,True,False,False
2026-06-01T14:00:00+00:00,2026-06-01T17:00:00+03:00,2026-06,EBM0626,2250.283239398136,EPIAS_VEP:EBM0626,True,False,False
2026-06-01T15:00:00+00:00,2026-06-01T18:00:00+03:00,2026-06,EBM0626,2246.945018523143,EPIAS_VEP:EBM0626,True,False,False
2026-06-01T16:00:00+00:00,2026-06-01T19:00:00+03:00,2026-06,EBM0626,2243.95917857043,EPIAS_VEP:EBM0626,True,False,False
2026-06-01T17:00:00+00:00,2026-06-01T20:00:00+03:00,2026-06,EBM0626,2241.3070499433425,EPIAS_VEP:EBM0626,True,False,False
2026-06-01T18:00:00+00:00,2026-06-01T21:00:00+03:00,2026-06,EBM0626,2238.9693168794593,EPIAS_VEP:EBM0626,True,False,False
2026-06-01T19:00:00+00:00,2026-06-01T22:00:00+03:00,2026-06,EBM0626,2236.9262826634576,EPIAS_VEP:EBM0626,True,False,False
2026-06-01T20:00:00+00:00,2026-06-01T23:00:00+03:00,2026-06,EBM0626,2235.1581034004193,EPIAS_VEP:EBM0626,True,False,False
2026-06-01T21:00:00+00:00,2026-06-02T00:00:00+03:00,2026-06,EBM0626,2233.644992319252,EPIAS_VEP:EBM0626,True,False,False
2026-06-01T22:00:00+00:00,2026-06-02T01:00:00+03:00,2026-06,EBM0626,2232.367396590617,EPIAS_VEP:EBM0626,True,False,False
2026-06-01T23:00:00+00:00,2026-06-02T02:00:00+03:00,2026-06,EBM0626,2231.306148638034,EPIAS_VEP:EBM0626,True,False,False
2026-06-02T00:00:00+00:00,2026-06-02T03:00:00+03:00,2026-06,EBM0626,2230.4425938974564,EPIAS_VEP:EBM0626,True,False,False
2026-06-02T01:00:00+00:00,2026-06-02T04:00:00+03:00,2026-06,EBM0626,2229.7586969420654,EPIAS_VEP:EBM0626,True,False,False
2026-06-02T02:00:00+00:00,2026-06-02T05:00:00+03:00,2026-06,EBM0626,2229.2371278377454,EPIAS_VEP:EBM0626,True,False,False
2026-06-02T03:00:00+00:00,2026-06-02T06:00:00+03:00,2026-06,EBM0626,2228.861330532778,EPIAS_VEP:EBM0626,True,False,False
2026-06-02T04:00:00+00:00,2026-06-02T07:00:00+03:00,2026-06,EBM0626,2228.6155750147536,EPIAS_VEP:EBM0626,True,False,False
2026-06-02T05:00:00+00:00,2026-06-02T08:00:00+03:00,2026-06,EBM0626,2228.4849948903016,EPIAS_VEP:EBM0626,True,False,False
2026-06-02T06:00:00+00:00,2026-06-02T09:00:00+03:00,2026-06,EBM0626,2228.455611960641,EPIAS_VEP:EBM0626,True,False,False
2026-06-02T07:00:00+00:00,2026-06-02T10:00:00+03:00,2026-06,EBM0626,2228.5143492795955,EPIAS_VEP:EBM0626,True,False,False
2026-06-02T08:00:00+00:00,2026-06-02T11:00:00+03:00,2026-06,EBM0626,2228.649034091885,EPIAS_VEP:EBM0626,True,False,False
2026-06-02T09:00:00+00:00,2026-06-02T12:00:00+03:00,2026-06,EBM0626,2228.8483919593923,EPIAS_VEP:EBM0626,True,False,False
2026-06-02T10:00:00+00:00,2026-06-02T13:00:00+03:00,2026-06,EBM0626,2229.102033292682,EPIAS_VEP:EBM0626,True,False,False
2026-06-02T11:00:00+00:00,2026-06-02T14:00:00+03:00,2026-06,EBM0626,2229.4004334152155,EPIAS_VEP:EBM0626,True,False,False
2026-06-02T12:00:00+00:00,2026-06-02T15:00:00+03:00,2026-06,EBM0626,2229.7349071992194,EPIAS_VEP:EBM0626,True,False,False
2026-06-02T13:00:00+00:00,2026-06-02T16:00:00+03:00,2026-06,EBM0626,2230.0975792256686,EPIAS_VEP:EBM0626,True,False,False
2026-06-02T14:00:00+00:00,2026-06-02T17:00:00+03:00,2026-06,EBM0626,2230.4813503369096,EPIAS_VEP:EBM0626,True,False,False
2026-06-02T15:00:00+00:00,2026-06-02T18:00:00+03:00,2026-06,EBM0626,2230.879861369458,EPIAS_VEP:EBM0626,True,False,False
2026-06-02T16:00:00+00:00,2026-06-02T19:00:00+03:00,2026-06,EBM0626,2231.2874547768884,EPIAS_VEP:EBM0626,True,False,False
2026-06-02T17:00:00+00:00,2026-06-02T20:00:00+03:00,2026-06,EBM0626,2231.69913477873,EPIAS_VEP:EBM0626,True,False,False
2026-06-02T18:00:00+00:00,2026-06-02T21:00:00+03:00,2026-06,EBM0626,2232.1105266011255,EPIAS_VEP:EBM0626,True,False,False
2026-06-02T19:00:00+00:00,2026-06-02T22:00:00+03:00,2026-06,EBM0626,2232.5178353088327,EPIAS_VEP:EBM0626,True,False,False
2026-06-02T20:00:00+00:00,2026-06-02T23:00:00+03:00,2026-06,EBM0626,2232.917804666041,EPIAS_VEP:EBM0626,True,False,False
2026-06-02T21:00:00+00:00,2026-06-03T00:00:00+03:00,2026-06,EBM0626,2233.3076764055013,EPIAS_VEP:EBM0626,True,False,False
2026-06-02T22:00:00+00:00,2026-06-03T01:00:00+03:00,2026-06,EBM0626,2233.6851502315917,EPIAS_VEP:EBM0626,True,False,False
2026-06-02T23:00:00+00:00,2026-06-03T02:00:00+03:00,2026-06,EBM0626,2234.048344833141,EPIAS_VEP:EBM0626,True,False,False
2026-06-03T00:00:00+00:00,2026-06-03T03:00:00+03:00,2026-06,EBM0626,2234.3957601360466,EPIAS_VEP:EBM0626,True,False,False
2026-06-03T01:00:00+00:00,2026-06-03T04:00:00+03:00,2026-06,EBM0626,2234.726240983814,EPIAS_VEP:EBM0626,True,False,False
2026-06-03T02:00:00+00:00,2026-06-03T05:00:00+03:00,2026-06,EBM0626,2235.038942396027,EPIAS_VEP:EBM0626,True,False,False
2026-06-03T03:00:00+00:00,2026-06-03T06:00:00+03:00,2026-06,EBM0626,2235.3332965202626,EPIAS_VEP:EBM0626,True,False,False
2026-06-03T04:00:00+00:00,2026-06-03T07:00:00+03:00,2026-06,EBM0626,2235.608981361953,EPIAS_VEP:EBM0626,True,False,False
2026-06-03T05:00:00+00:00,2026-06-03T08:00:00+03:00,2026-06,EBM0626,2235.8658913489676,EPIAS_VEP:EBM0626,True,False,False
2026-06-03T06:00:00+00:00,2026-06-03T09:00:00+03:00,2026-06,EBM0626,2236.104109763134,EPIAS_VEP:EBM0626,True,False,False
2026-06-03T07:00:00+00:00,2026-06-03T10:00:00+03:00,2026-06,EBM0626,2236.3238830492355,EPIAS_VEP:EBM0626,True,False,False
2026-06-03T08:00:00+00:00,2026-06-03T11:00:00+03:00,2026-06,EBM0626,2236.52559699317,EPIAS_VEP:EBM0626,True,False,False
2026-06-03T09:00:00+00:00,2026-06-03T12:00:00+03:00,2026-06,EBM0626,2236.709754744622,EPIAS_VEP:EBM0626,True,False,False
2026-06-03T10:00:00+00:00,2026-06-03T13:00:00+03:00,2026-06,EBM0626,2236.8769566456676,EPIAS_VEP:EBM0626,True,False,False
2026-06-03T11:00:00+00:00,2026-06-03T14:00:00+03:00,2026-06,EBM0626,2237.0278818150023,EPIAS_VEP:EBM0626,True,False,False
2026-06-03T12:00:00+00:00,2026-06-03T15:00:00+03:00,2026-06,EBM0626,2237.1632714277484,EPIAS_VEP:EBM0626,True,False,False
2026-06-03T13:00:00+00:00,2026-06-03T16:00:00+03:00,2026-06,EBM0626,2237.2839136229386,EPIAS_VEP:EBM0626,True,False,False
2026-06-03T14:00:00+00:00,2026-06-03T17:00:00+03:00,2026-06,EBM0626,2237.390629964555,EPIAS_VEP:EBM0626,True,False,False
2026-06-03T15:00:00+00:00,2026-06-03T18:00:00+03:00,2026-06,EBM0626,2237.4842633773096,EPIAS_VEP:EBM0626,True,False,False
2026-06-03T16:00:00+00:00,2026-06-03T19:00:00+03:00,2026-06,EBM0626,2237.56566747501,EPIAS_VEP:EBM0626,True,False,False
2026-06-03T17:00:00+00:00,2026-06-03T20:00:00+03:00,2026-06,EBM0626,2237.6356971972173,EPIAS_VEP:EBM0626,True,False,False
2026-06-03T18:00:00+00:00,2026-06-03T21:00:00+03:00,2026-06,EBM0626,2237.6952006688375,EPIAS_VEP:EBM0626,True,False,False
2026-06-03T19:00:00+00:00,2026-06-03T22:00:00+03:00,2026-06,EBM0626,2237.745012197149,EPIAS_VEP:EBM0626,True,False,False
2026-06-03T20:00:00+00:00,2026-06-03T23:00:00+03:00,2026-06,EBM0626,2237.785946321456,EPIAS_VEP:EBM0626,True,False,False
2026-06-03T21:00:00+00:00,2026-06-04T00:00:00+03:00,2026-06,EBM0626,2237.8187928319326,EPIAS_VEP:EBM0626,True,False,False
2026-06-03T22:00:00+00:00,2026-06-04T01:00:00+03:00,2026-06,EBM0626,2237.8443126762163,EPIAS_VEP:EBM0626,True,False,False
2026-06-03T23:00:00+00:00,2026-06-04T02:00:00+03:00,2026-06,EBM0626,2237.8632346747486,EPIAS_VEP:EBM0626,True,False,False
2026-06-04T00:00:00+00:00,2026-06-04T03:00:00+03:00,2026-06,EBM0626,2237.8762529687965,EPIAS_VEP:EBM0626,True,False,False
2026-06-04T01:00:00+00:00,2026-06-04T04:00:00+03:00,2026-06,EBM0626,2237.8840251282522,EPIAS_VEP:EBM0626,True,False,False
2026-06-04T02:00:00+00:00,2026-06-04T05:00:00+03:00,2026-06,EBM0626,2237.8871708498036,EPIAS_VEP:EBM0626,True,False,False
2026-06-04T03:00:00+00:00,2026-06-04T06:00:00+03:00,2026-06,EBM0626,2237.886271179718,EPIAS_VEP:EBM0626,True,False,False
2026-06-04T04:00:00+00:00,2026-06-04T07:00:00+03:00,2026-06,EBM0626,2237.88186819927,EPIAS_VEP:EBM0626,True,False,False
2026-06-04T05:00:00+00:00,2026-06-04T08:00:00+03:00,2026-06,EBM0626,2237.8744651147076,EPIAS_VEP:EBM0626,True,False,False
2026-06-04T06:00:00+00:00,2026-06-04T09:00:00+03:00,2026-06,EBM0626,2237.8645266975523,EPIAS_VEP:EBM0626,True,False,False
2026-06-04T07:00:00+00:00,2026-06-04T10:00:00+03:00,2026-06,EBM0626,2237.8524800249056,EPIAS_VEP:EBM0626,True,False,False
2026-06-04T08:00:00+00:00,2026-06-04T11:00:00+03:00,2026-06,EBM0626,2237.838715473292,EPIAS_VEP:EBM0626,True,False,False
2026-06-04T09:00:00+00:00,2026-06-04T12:00:00+03:00,2026-06,EBM0626,2237.823587923325,EPIAS_VEP:EBM0626,True,False,False
2026-06-04T10:00:00+00:00,2026-06-04T13:00:00+03:00,2026-06,EBM0626,2237.8074181361626,EPIAS_VEP:EBM0626,True,False,False
2026-06-04T11:00:00+00:00,2026-06-04T14:00:00+03:00,2026-06,EBM0626,2237.790494266263,EPIAS_VEP:EBM0626,True,False,False
2026-06-04T12:00:00+00:00,2026-06-04T15:00:00+03:00,2026-06,EBM0626,2237.773073478363,EPIAS_VEP:EBM0626,True,False,False
2026-06-04T13:00:00+00:00,2026-06-04T16:00:00+03:00,2026-06,EBM0626,2237.7553836398647,EPIAS_VEP:EBM0626,True,False,False
2026-06-04T14:00:00+00:00,2026-06-04T17:00:00+03:00,2026-06,EBM0626,2237.737625062916,EPIAS_VEP:EBM0626,True,False,False
2026-06-04T15:00:00+00:00,2026-06-04T18:00:00+03:00,2026-06,EBM0626,2237.7199722733903,EPIAS_VEP:EBM0626,True,False,False
2026-06-04T16:00:00+00:00,2026-06-04T19:00:00+03:00,2026-06,EBM0626,2237.702575786749,EPIAS_VEP:EBM0626,True,False,False
2026-06-04T17:00:00+00:00,2026-06-04T20:00:00+03:00,2026-06,EBM0626,2237.6855638733177,EPIAS_VEP:EBM0626,True,False,False
2026-06-04T18:00:00+00:00,2026-06-04T21:00:00+03:00,2026-06,EBM0626,2237.669044297934,EPIAS_VEP:EBM0626,True,False,False
2026-06-04T19:00:00+00:00,2026-06-04T22:00:00+03:00,2026-06,EBM0626,2237.6531060211405,EPIAS_VEP:EBM0626,True,False,False
2026-06-04T20:00:00+00:00,2026-06-04T23:00:00+03:00,2026-06,EBM0626,2237.6378208511437,EPIAS_VEP:EBM0626,True,False,False
2026-06-04T21:00:00+00:00,2026-06-05T00:00:00+03:00,2026-06,EBM0626,2237.6232450376383,EPIAS_VEP:EBM0626,True,False,False
2026-06-04T22:00:00+00:00,2026-06-05T01:00:00+03:00,2026-06,EBM0626,2237.6094208003256,EPIAS_VEP:EBM0626,True,False,False
2026-06-04T23:00:00+00:00,2026-06-05T02:00:00+03:00,2026-06,EBM0626,2237.5963777864963,EPIAS_VEP:EBM0626,True,False,False
2026-06-05T00:00:00+00:00,2026-06-05T03:00:00+03:00,2026-06,EBM0626,2237.5841344534533,EPIAS_VEP:EBM0626,True,False,False
2026-06-05T01:00:00+00:00,2026-06-05T04:00:00+03:00,2026-06,EBM0626,2237.572699372813,EPIAS_VEP:EBM0626,True,False,False
2026-06-05T02:00:00+00:00,2026-06-05T05:00:00+03:00,2026-06,EBM0626,2237.562072454836,EPIAS_VEP:EBM0626,True,False,False
2026-06-05T03:00:00+00:00,2026-06-05T06:00:00+03:00,2026-06,EBM0626,2237.55224609194,EPIAS_VEP:EBM0626,True,False,False
2026-06-05T04:00:00+00:00,2026-06-05T07:00:00+03:00,2026-06,EBM0626,2237.54320622139,EPIAS_VEP:EBM0626,True,False,False
2026-06-05T05:00:00+00:00,2026-06-05T08:00:00+03:00,2026-06,EBM0626,2237.5349333079334,EPIAS_VEP:EBM0626,True,False,False
2026-06-05T06:00:00+00:00,2026-06-05T09:00:00+03:00,2026-06,EBM0626,2237.5274032477855,EPIAS_VEP:EBM0626,True,False,False
2026-06-05T07:00:00+00:00,2026-06-05T10:00:00+03:00,2026-06,EBM0626,2237.5205881959223,EPIAS_VEP:EBM0626,True,False,False
2026-06-05T08:00:00+00:00,2026-06-05T11:00:00+03:00,2026-06,EBM0626,2237.5144573190896,EPIAS_VEP:EBM0626,True,False,False
2026-06-05T09:00:00+00:00,2026-06-05T12:00:00+03:00,2026-06,EBM0626,2237.508977477305,EPIAS_VEP:EBM0626,True,False,False
2026-06-05T10:00:00+00:00,2026-06-05T13:00:00+03:00,2026-06,EBM0626,2237.504113836946,EPIAS_VEP:EBM0626,True,False,False
2026-06-05T11:00:00+00:00,2026-06-05T14:00:00+03:00,2026-06,EBM0626,2237.4998304187366,EPIAS_VEP:EBM0626,True,False,False
2026-06-05T12:00:00+00:00,2026-06-05T15:00:00+03:00,2026-06,EBM0626,2237.496090584109,EPIAS_VEP:EBM0626,True,False,False
2026-06-05T13:00:00+00:00,2026-06-05T16:00:00+03:00,2026-06,EBM0626,2237.4928574635464,EPIAS_VEP:EBM0626,True,False,False
2026-06-05T14:00:00+00:00,2026-06-05T17:00:00+03:00,2026-06,EBM0626,2237.4900943305665,EPIAS_VEP:EBM0626,True,False,False
2026-06-05T15:00:00+00:00,2026-06-05T18:00:00+03:00,2026-06,EBM0626,2237.4877649250325,EPIAS_VEP:EBM0626,True,False,False
2026-06-05T16:00:00+00:00,2026-06-05T19:00:00+03:00,2026-06,EBM0626,2237.4858337294663,EPIAS_VEP:EBM0626,True,False,False
2026-06-05T17:00:00+00:00,2026-06-05T20:00:00+03:00,2026-06,EBM0626,2237.484266201989,EPIAS_VEP:EBM0626,True,False,False
2026-06-05T18:00:00+00:00,2026-06-05T21:00:00+03:00,2026-06,EBM0626,2237.48302896944,EPIAS_VEP:EBM0626,True,False,False
2026-06-05T19:00:00+00:00,2026-06-05T22:00:00+03:00,2026-06,EBM0626,2237.4820899841293,EPIAS_VEP:EBM0626,True,False,False
2026-06-05T20:00:00+00:00,2026-06-05T23:00:00+03:00,2026-06,EBM0626,2237.481418647563,EPIAS_VEP:EBM0626,True,False,False
2026-06-05T21:00:00+00:00,2026-06-06T00:00:00+03:00,2026-06,EBM0626,2237.4809859043394,EPIAS_VEP:EBM0626,True,False,False
2026-06-05T22:00:00+00:00,2026-06-06T01:00:00+03:00,2026-06,EBM0626,2237.480764309286,EPIAS_VEP:EBM0626,True,False,False
2026-06-05T23:00:00+00:00,2026-06-06T02:00:00+03:00,2026-06,EBM0626,2237.4807280707314,EPIAS_VEP:EBM0626,True,False,False
2026-06-06T00:00:00+00:00,2026-06-06T03:00:00+03:00,2026-06,EBM0626,2237.4808530726655,EPIAS_VEP:EBM0626,True,False,False
2026-06-06T01:00:00+00:00,2026-06-06T04:00:00+03:00,2026-06,EBM0626,2237.481116878362,EPIAS_VEP:EBM0626,True,False,False
2026-06-06T02:00:00+00:00,2026-06-06T05:00:00+03:00,2026-06,EBM0626,2237.4814987178806,EPIAS_VEP:EBM0626,True,False,False
2026-06-06T03:00:00+00:00,2026-06-06T06:00:00+03:00,2026-06,EBM0626,2237.4819794616833,EPIAS_VEP:EBM0626,True,False,False
2026-06-06T04:00:00+00:00,2026-06-06T07:00:00+03:00,2026-06,EBM0626,2237.4825415824516,EPIAS_VEP:EBM0626,True,False,False
2026-06-06T05:00:00+00:00,2026-06-06T08:00:00+03:00,2026-06,EBM0626,2237.483169107013,EPIAS_VEP:EBM0626,True,False,False
2026-06-06T06:00:00+00:00,2026-06-06T09:00:00+03:00,2026-06,EBM0626,2237.483847560129,EPIAS_VEP:EBM0626,True,False,False
2026-06-06T07:00:00+00:00,2026-06-06T10:00:00+03:00,2026-06,EBM0626,2237.484563901743,EPIAS_VEP:EBM0626,True,False,False
2026-06-06T08:00:00+00:00,2026-06-06T11:00:00+03:00,2026-06,EBM0626,2237.4853064591334,EPIAS_VEP:EBM0626,True,False,False
2026-06-06T09:00:00+00:00,2026-06-06T12:00:00+03:00,2026-06,EBM0626,2237.48606485528,EPIAS_VEP:EBM0626,True,False,False
2026-06-06T10:00:00+00:00,2026-06-06T13:00:00+03:00,2026-06,EBM0626,2237.4868299346085,EPIAS_VEP:EBM0626,True,False,False
2026-06-06T11:00:00+00:00,2026-06-06T14:00:00+03:00,2026-06,EBM0626,2237.487593687151,EPIAS_VEP:EBM0626,True,False,False
2026-06-06T12:00:00+00:00,2026-06-06T15:00:00+03:00,2026-06,EBM0626,2237.488349172037,EPIAS_VEP:EBM0626,True,False,False
2026-06-06T13:00:00+00:00,2026-06-06T16:00:00+03:00,2026-06,EBM0626,2237.4890904411186,EPIAS_VEP:EBM0626,True,False,False
2026-06-06T14:00:00+00:00,2026-06-06T17:00:00+03:00,2026-06,EBM0626,2237.4898124634224,EPIAS_VEP:EBM0626,True,False,False
2026-06-06T15:00:00+00:00,2026-06-06T18:00:00+03:00,2026-06,EBM0626,2237.4905110510226,EPIAS_VEP:EBM0626,True,False,False
2026-06-06T16:00:00+00:00,2026-06-06T19:00:00+03:00,2026-06,EBM0626,2237.491182786839,EPIAS_VEP:EBM0626,True,False,False
2026-06-06T17:00:00+00:00,2026-06-06T20:00:00+03:00,2026-06,EBM0626,2237.491824954776,EPIAS_VEP:EBM0626,True,False,False
2026-06-06T18:00:00+00:00,2026-06-06T21:00:00+03:00,2026-06,EBM0626,2237.49243547255,EPIAS_VEP:EBM0626,True,False,False
2026-06-06T19:00:00+00:00,2026-06-06T22:00:00+03:00,2026-06,EBM0626,2237.4930128274746,EPIAS_VEP:EBM0626,True,False,False
2026-06-06T20:00:00+00:00,2026-06-06T23:00:00+03:00,2026-06,EBM0626,2237.4935560154067,EPIAS_VEP:EBM0626,True,False,False
2026-06-06T21:00:00+00:00,2026-06-07T00:00:00+03:00,2026-06,EBM0626,2237.4940644830135,EPIAS_VEP:EBM0626,True,False,False
2026-06-06T22:00:00+00:00,2026-06-07T01:00:00+03:00,2026-06,EBM0626,2237.4945380734525,EPIAS_VEP:EBM0626,True,False,False
2026-06-06T23:00:00+00:00,2026-06-07T02:00:00+03:00,2026-06,EBM0626,2237.494976975524,EPIAS_VEP:EBM0626,True,False,False
2026-06-07T00:00:00+00:00,2026-06-07T03:00:00+03:00,2026-06,EBM0626,2237.4953816763136,EPIAS_VEP:EBM0626,True,False,False
2026-06-07T01:00:00+00:00,2026-06-07T04:00:00+03:00,2026-06,EBM0626,2237.495752917303,EPIAS_VEP:EBM0626,True,False,False
2026-06-07T02:00:00+00:00,2026-06-07T05:00:00+03:00,2026-06,EBM0626,2237.496091653898,EPIAS_VEP:EBM0626,True,False,False
2026-06-07T03:00:00+00:00,2026-06-07T06:00:00+03:00,2026-06,EBM0626,2237.4963990183055,EPIAS_VEP:EBM0626,True,False,False
2026-06-07T04:00:00+00:00,2026-06-07T07:00:00+03:00,2026-06,EBM0626,2237.4966762856575,EPIAS_VEP:EBM0626,True,False,False
2026-06-07T05:00:00+00:00,2026-06-07T08:00:00+03:00,2026-06,EBM0626,2237.4969248432762,EPIAS_VEP:EBM0626,True,False,False
2026-06-07T06:00:00+00:00,2026-06-07T09:00:00+03:00,2026-06,EBM0626,2237.497146162947,EPIAS_VEP:EBM0626,True,False,False
2026-06-07T07:00:00+00:00,2026-06-07T10:00:00+03:00,2026-06,EBM0626,2237.497341776063,EPIAS_VEP:EBM0626,True,False,False
2026-06-07T08:00:00+00:00,2026-06-07T11:00:00+03:00,2026-06,EBM0626,2237.4975132514933,EPIAS_VEP:EBM0626,True,False,False
2026-06-07T09:00:00+00:00,2026-06-07T12:00:00+03:00,2026-06,EBM0626,2237.4976621760215,EPIAS_VEP:EBM0626,True,False,False
2026-06-07T10:00:00+00:00,2026-06-07T13:00:00+03:00,2026-06,EBM0626,2237.497790137198,EPIAS_VEP:EBM0626,True,False,False
2026-06-07T11:00:00+00:00,2026-06-07T14:00:00+03:00,2026-06,EBM0626,2237.497898708448,EPIAS_VEP:EBM0626,True,False,False
2026-06-07T12:00:00+00:00,2026-06-07T15:00:00+03:00,2026-06,EBM0626,2237.497989436274,EPIAS_VEP:EBM0626,True,False,False
2026-06-07T13:00:00+00:00,2026-06-07T16:00:00+03:00,2026-06,EBM0626,2237.498063829403,EPIAS_VEP:EBM0626,True,False,False
2026-06-07T14:00:00+00:00,2026-06-07T17:00:00+03:00,2026-06,EBM0626,2237.4981233497074,EPIAS_VEP:EBM0626,True,False,False
2026-06-07T15:00:00+00:00,2026-06-07T18:00:00+03:00,2026-06,EBM0626,2237.49816940477,EPIAS_VEP:EBM0626,True,False,False
2026-06-07T16:00:00+00:00,2026-06-07T19:00:00+03:00,2026-06,EBM0626,2237.4982033419305,EPIAS_VEP:EBM0626,True,False,False
2026-06-07T17:00:00+00:00,2026-06-07T20:00:00+03:00,2026-06,EBM0626,2237.498226443681,EPIAS_VEP:EBM0626,True,False,False
2026-06-07T18:00:00+00:00,2026-06-07T21:00:00+03:00,2026-06,EBM0626,2237.4982399242704,EPIAS_VEP:EBM0626,True,False,False
2026-06-07T19:00:00+00:00,2026-06-07T22:00:00+03:00,2026-06,EBM0626,2237.4982449273975,EPIAS_VEP:EBM0626,True,False,False
2026-06-07T20:00:00+00:00,2026-06-07T23:00:00+03:00,2026-06,EBM0626,2237.49824252486,EPIAS_VEP:EBM0626,True,False,False
2026-06-07T21:00:00+00:00,2026-06-08T00:00:00+03:00,2026-06,EBM0626,2237.498233716055,EPIAS_VEP:EBM0626,True,False,False
2026-06-07T22:00:00+00:00,2026-06-08T01:00:00+03:00,2026-06,EBM0626,2237.4982194282184,EPIAS_VEP:EBM0626,True,False,False
2026-06-07T23:00:00+00:00,2026-06-08T02:00:00+03:00,2026-06,EBM0626,2237.498200517307,EPIAS_VEP:EBM0626,True,False,False
2026-06-08T00:00:00+00:00,2026-06-08T03:00:00+03:00,2026-06,EBM0626,2237.4981777694265,EPIAS_VEP:EBM0626,True,False,False
2026-06-08T01:00:00+00:00,2026-06-08T04:00:00+03:00,2026-06,EBM0626,2237.4981519027233,EPIAS_VEP:EBM0626,True,False,False
2026-06-08T02:00:00+00:00,2026-06-08T05:00:00+03:00,2026-06,EBM0626,2237.4981235696578,EPIAS_VEP:EBM0626,True,False,False
2026-06-08T03:00:00+00:00,2026-06-08T06:00:00+03:00,2026-06,EBM0626,2237.498093359592,EPIAS_VEP:EBM0626,True,False,False
2026-06-08T04:00:00+00:00,2026-06-08T07:00:00+03:00,2026-06,EBM0626,2237.4980618016225,EPIAS_VEP:EBM0626,True,False,False
2026-06-08T05:00:00+00:00,2026-06-08T08:00:00+03:00,2026-06,EBM0626,2237.4980293676026,EPIAS_VEP:EBM0626,True,False,False
2026-06-08T06:00:00+00:00,2026-06-08T09:00:00+03:00,2026-06,EBM0626,2237.497996475297,EPIAS_VEP:EBM0626,True,False,False
2026-06-08T07:00:00+00:00,2026-06-08T10:00:00+03:00,2026-06,EBM0626,2237.497963491626,EPIAS_VEP:EBM0626,True,False,False
2026-06-08T08:00:00+00:00,2026-06-08T11:00:00+03:00,2026-06,EBM0626,2237.4979307359527,EPIAS_VEP:EBM0626,True,False,False
2026-06-08T09:00:00+00:00,2026-06-08T12:00:00+03:00,2026-06,EBM0626,2237.4978984833833,EPIAS_VEP:EBM0626,True,False,False
2026-06-08T10:00:00+00:00,2026-06-08T13:00:00+03:00,2026-06,EBM0626,2237.4978669680436,EPIAS_VEP:EBM0626,True,False,False
2026-06-08T11:00:00+00:00,2026-06-08T14:00:00+03:00,2026-06,EBM0626,2237.497836386301,EPIAS_VEP:EBM0626,True,False,False
2026-06-08T12:00:00+00:00,2026-06-08T15:00:00+03:00,2026-06,EBM0626,2237.49780689992,EPIAS_VEP:EBM0626,True,False,False
2026-06-08T13:00:00+00:00,2026-06-08T16:00:00+03:00,2026-06,EBM0626,2237.4977786391173,EPIAS_VEP:EBM0626,True,False,False
2026-06-08T14:00:00+00:00,2026-06-08T17:00:00+03:00,2026-06,EBM0626,2237.497751705512,EPIAS_VEP:EBM0626,True,False,False
2026-06-08T15:00:00+00:00,2026-06-08T18:00:00+03:00,2026-06,EBM0626,2237.4977261749523,EPIAS_VEP:EBM0626,True,False,False
2026-06-08T16:00:00+00:00,2026-06-08T19:00:00+03:00,2026-06,EBM0626,2237.497702100206,EPIAS_VEP:EBM0626,True,False,False
2026-06-08T17:00:00+00:00,2026-06-08T20:00:00+03:00,2026-06,EBM0626,2237.497679513515,EPIAS_VEP:EBM0626,True,False,False
2026-06-08T18:00:00+00:00,2026-06-08T21:00:00+03:00,2026-06,EBM0626,2237.4976584290052,EPIAS_VEP:EBM0626,True,False,False
2026-06-08T19:00:00+00:00,2026-06-08T22:00:00+03:00,2026-06,EBM0626,2237.4976388449427,EPIAS_VEP:EBM0626,True,False,False
2026-06-08T20:00:00+00:00,2026-06-08T23:00:00+03:00,2026-06,EBM0626,2237.4976207458417,EPIAS_VEP:EBM0626,True,False,False
2026-06-08T21:00:00+00:00,2026-06-09T00:00:00+03:00,2026-06,EBM0626,2237.4976041044247,EPIAS_VEP:EBM0626,True,False,False
2026-06-08T22:00:00+00:00,2026-06-09T01:00:00+03:00,2026-06,EBM0626,2237.4975888834315,EPIAS_VEP:EBM0626,True,False,False
2026-06-08T23:00:00+00:00,2026-06-09T02:00:00+03:00,2026-06,EBM0626,2237.4975750372832,EPIAS_VEP:EBM0626,True,False,False
2026-06-09T00:00:00+00:00,2026-06-09T03:00:00+03:00,2026-06,EBM0626,2237.497562513604,EPIAS_VEP:EBM0626,True,False,False
2026-06-09T01:00:00+00:00,2026-06-09T04:00:00+03:00,2026-06,EBM0626,2237.497551254607,EPIAS_VEP:EBM0626,True,False,False
2026-06-09T02:00:00+00:00,2026-06-09T05:00:00+03:00,2026-06,EBM0626,2237.4975411983464,EPIAS_VEP:EBM0626,True,False,False
2026-06-09T03:00:00+00:00,2026-06-09T06:00:00+03:00,2026-06,EBM0626,2237.497532279843,EPIAS_VEP:EBM0626,True,False,False
2026-06-09T04:00:00+00:00,2026-06-09T07:00:00+03:00,2026-06,EBM0626,2237.4975244320913,EPIAS_VEP:EBM0626,True,False,False
2026-06-09T05:00:00+00:00,2026-06-09T08:00:00+03:00,2026-06,EBM0626,2237.4975175869477,EPIAS_VEP:EBM0626,True,False,False
2026-06-09T06:00:00+00:00,2026-06-09T09:00:00+03:00,2026-06,EBM0626,2237.497511675918,EPIAS_VEP:EBM0626,True,False,False
2026-06-09T07:00:00+00:00,2026-06-09T10:00:00+03:00,2026-06,EBM0626,2237.4975066308416,EPIAS_VEP:EBM0626,True,False,False
2026-06-09T08:00:00+00:00,2026-06-09T11:00:00+03:00,2026-06,EBM0626,2237.497502384482,EPIAS_VEP:EBM0626,True,False,False
2026-06-09T09:00:00+00:00,2026-06-09T12:00:00+03:00,2026-06,EBM0626,2237.4974988710305,EPIAS_VEP:EBM0626,True,False,False
2026-06-09T10:00:00+00:00,2026-06-09T13:00:00+03:00,2026-06,EBM0626,2237.4974960265326,EPIAS_VEP:EBM0626,True,False,False
2026-06-09T11:00:00+00:00,2026-06-09T14:00:00+03:00,2026-06,EBM0626,2237.4974937892375,EPIAS_VEP:EBM0626,True,False,False
2026-06-09T12:00:00+00:00,2026-06-09T15:00:00+03:00,2026-06,EBM0626,2237.4974920998857,EPIAS_VEP:EBM0626,True,False,False
2026-06-09T13:00:00+00:00,2026-06-09T16:00:00+03:00,2026-06,EBM0626,2237.497490901929,EPIAS_VEP:EBM0626,True,False,False
2026-06-09T14:00:00+00:00,2026-06-09T17:00:00+03:00,2026-06,EBM0626,2237.4974901417,EPIAS_VEP:EBM0626,True,False,False
2026-06-09T15:00:00+00:00,2026-06-09T18:00:00+03:00,2026-06,EBM0626,2237.497489768533,EPIAS_VEP:EBM0626,True,False,False
2026-06-09T16:00:00+00:00,2026-06-09T19:00:00+03:00,2026-06,EBM0626,2237.4974897348416,EPIAS_VEP:EBM0626,True,False,False
2026-06-09T17:00:00+00:00,2026-06-09T20:00:00+03:00,2026-06,EBM0626,2237.4974899961544,EPIAS_VEP:EBM0626,True,False,False
2026-06-09T18:00:00+00:00,2026-06-09T21:00:00+03:00,2026-06,EBM0626,2237.497490511117,EPIAS_VEP:EBM0626,True,False,False
2026-06-09T19:00:00+00:00,2026-06-09T22:00:00+03:00,2026-06,EBM0626,2237.4974912414677,EPIAS_VEP:EBM0626,True,False,False
2026-06-09T20:00:00+00:00,2026-06-09T23:00:00+03:00,2026-06,EBM0626,2237.4974921519856,EPIAS_VEP:EBM0626,True,False,False
2026-06-09T21:00:00+00:00,2026-06-10T00:00:00+03:00,2026-06,EBM0626,2237.497493210418,EPIAS_VEP:EBM0626,True,False,False
2026-06-09T22:00:00+00:00,2026-06-10T01:00:00+03:00,2026-06,EBM0626,2237.497494387389,EPIAS_VEP:EBM0626,True,False,False
2026-06-09T23:00:00+00:00,2026-06-10T02:00:00+03:00,2026-06,EBM0626,2237.4974956562946,EPIAS_VEP:EBM0626,True,False,False
2026-06-10T00:00:00+00:00,2026-06-10T03:00:00+03:00,2026-06,EBM0626,2237.4974969931823,EPIAS_VEP:EBM0626,True,False,False
2026-06-10T01:00:00+00:00,2026-06-10T04:00:00+03:00,2026-06,EBM0626,2237.497498376626,EPIAS_VEP:EBM0626,True,False,False
2026-06-10T02:00:00+00:00,2026-06-10T05:00:00+03:00,2026-06,EBM0626,2237.4974997875925,EPIAS_VEP:EBM0626,True,False,False
2026-06-10T03:00:00+00:00,2026-06-10T06:00:00+03:00,2026-06,EBM0626,2237.497501209304,EPIAS_VEP:EBM0626,True,False,False
2026-06-10T04:00:00+00:00,2026-06-10T07:00:00+03:00,2026-06,EBM0626,2237.4975026270963,EPIAS_VEP:EBM0626,True,False,False
2026-06-10T05:00:00+00:00,2026-06-10T08:00:00+03:00,2026-06,EBM0626,2237.4975040282757,EPIAS_VEP:EBM0626,True,False,False
2026-06-10T06:00:00+00:00,2026-06-10T09:00:00+03:00,2026-06,EBM0626,2237.4975054019787,EPIAS_VEP:EBM0626,True,False,False
2026-06-10T07:00:00+00:00,2026-06-10T10:00:00+03:00,2026-06,EBM0626,2237.4975067390324,EPIAS_VEP:EBM0626,True,False,False
2026-06-10T08:00:00+00:00,2026-06-10T11:00:00+03:00,2026-06,EBM0626,2237.497508031814,EPIAS_VEP:EBM0626,True,False,False
2026-06-10T09:00:00+00:00,2026-06-10T12:00:00+03:00,2026-06,EBM0626,2237.4975092741183,EPIAS_VEP:EBM0626,True,False,False
2026-06-10T10:00:00+00:00,2026-06-10T13:00:00+03:00,2026-06,EBM0626,2237.4975104610294,EPIAS_VEP:EBM0626,True,False,False
2026-06-10T11:00:00+00:00,2026-06-10T14:00:00+03:00,2026-06,EBM0626,2237.497511588797,EPIAS_VEP:EBM0626,True,False,False
2026-06-10T12:00:00+00:00,2026-06-10T15:00:00+03:00,2026-06,EBM0626,2237.4975126547165,EPIAS_VEP:EBM0626,True,False,False
2026-06-10T13:00:00+00:00,2026-06-10T16:00:00+03:00,2026-06,EBM0626,2237.497513657016,EPIAS_VEP:EBM0626,True,False,False
2026-06-10T14:00:00+00:00,2026-06-10T17:00:00+03:00,2026-06,EBM0626,2237.4975145947496,EPIAS_VEP:EBM0626,True,False,False
2026-06-10T15:00:00+00:00,2026-06-10T18:00:00+03:00,2026-06,EBM0626,2237.4975154676954,EPIAS_VEP:EBM0626,True,False,False
2026-06-10T16:00:00+00:00,2026-06-10T19:00:00+03:00,2026-06,EBM0626,2237.497516276267,EPIAS_VEP:EBM0626,True,False,False
2026-06-10T17:00:00+00:00,2026-06-10T20:00:00+03:00,2026-06,EBM0626,2237.4975170214248,EPIAS_VEP:EBM0626,True,False,False
2026-06-10T18:00:00+00:00,2026-06-10T21:00:00+03:00,2026-06,EBM0626,2237.4975177045935,EPIAS_VEP:EBM0626,True,False,False
2026-06-10T19:00:00+00:00,2026-06-10T22:00:00+03:00,2026-06,EBM0626,2237.49751832759,EPIAS_VEP:EBM0626,True,False,False
2026-06-10T20:00:00+00:00,2026-06-10T23:00:00+03:00,2026-06,EBM0626,2237.4975188925487,EPIAS_VEP:EBM0626,True,False,False
2026-06-10T21:00:00+00:00,2026-06-11T00:00:00+03:00,2026-06,EBM0626,2237.497519401863,EPIAS_VEP:EBM0626,True,False,False
2026-06-10T22:00:00+00:00,2026-06-11T01:00:00+03:00,2026-06,EBM0626,2237.4975198581283,EPIAS_VEP:EBM0626,True,False,False
2026-06-10T23:00:00+00:00,2026-06-11T02:00:00+03:00,2026-06,EBM0626,2237.4975202640935,EPIAS_VEP:EBM0626,True,False,False
2026-06-11T00:00:00+00:00,2026-06-11T03:00:00+03:00,2026-06,EBM0626,2237.4975206226136,EPIAS_VEP:EBM0626,True,False,False
2026-06-11T01:00:00+00:00,2026-06-11T04:00:00+03:00,2026-06,EBM0626,2237.4975209366085,EPIAS_VEP:EBM0626,True,False,False
2026-06-11T02:00:00+00:00,2026-06-11T05:00:00+03:00,2026-06,EBM0626,2237.4975212090276,EPIAS_VEP:EBM0626,True,False,False
2026-06-11T03:00:00+00:00,2026-06-11T06:00:00+03:00,2026-06,EBM0626,2237.497521442819,EPIAS_VEP:EBM0626,True,False,False
2026-06-11T04:00:00+00:00,2026-06-11T07:00:00+03:00,2026-06,EBM0626,2237.4975216409007,EPIAS_VEP:EBM0626,True,False,False
2026-06-11T05:00:00+00:00,2026-06-11T08:00:00+03:00,2026-06,EBM0626,2237.4975218061377,EPIAS_VEP:EBM0626,True,False,False
2026-06-11T06:00:00+00:00,2026-06-11T09:00:00+03:00,2026-06,EBM0626,2237.497521941324,EPIAS_VEP:EBM0626,True,False,False
2026-06-11T07:00:00+00:00,2026-06-11T10:00:00+03:00,2026-06,EBM0626,2237.497522049166,EPIAS_VEP:EBM0626,True,False,False
2026-06-11T08:00:00+00:00,2026-06-11T11:00:00+03:00,2026-06,EBM0626,2237.497522132267,EPIAS_VEP:EBM0626,True,False,False
2026-06-11T09:00:00+00:00,2026-06-11T12:00:00+03:00,2026-06,EBM0626,2237.4975221931177,EPIAS_VEP:EBM0626,True,False,False
2026-06-11T10:00:00+00:00,2026-06-11T13:00:00+03:00,2026-06,EBM0626,2237.497522234087,EPIAS_VEP:EBM0626,True,False,False
2026-06-11T11:00:00+00:00,2026-06-11T14:00:00+03:00,2026-06,EBM0626,2237.497522257414,EPIAS_VEP:EBM0626,True,False,False
2026-06-11T12:00:00+00:00,2026-06-11T15:00:00+03:00,2026-06,EBM0626,2237.4975222652083,EPIAS_VEP:EBM0626,True,False,False
2026-06-11T13:00:00+00:00,2026-06-11T16:00:00+03:00,2026-06,EBM0626,2237.497522259447,EPIAS_VEP:EBM0626,True,False,False
2026-06-11T14:00:00+00:00,2026-06-11T17:00:00+03:00,2026-06,EBM0626,2237.4975222419725,EPIAS_VEP:EBM0626,True,False,False
2026-06-11T15:00:00+00:00,2026-06-11T18:00:00+03:00,2026-06,EBM0626,2237.4975222144926,EPIAS_VEP:EBM0626,True,False,False
2026-06-11T16:00:00+00:00,2026-06-11T19:00:00+03:00,2026-06,EBM0626,2237.4975221785835,EPIAS_VEP:EBM0626,True,False,False
2026-06-11T17:00:00+00:00,2026-06-11T20:00:00+03:00,2026-06,EBM0626,2237.497522135692,EPIAS_VEP:EBM0626,True,False,False
2026-06-11T18:00:00+00:00,2026-06-11T21:00:00+03:00,2026-06,EBM0626,2237.49752208714,EPIAS_VEP:EBM0626,True,False,False
2026-06-11T19:00:00+00:00,2026-06-11T22:00:00+03:00,2026-06,EBM0626,2237.4975220341266,EPIAS_VEP:EBM0626,True,False,False
2026-06-11T20:00:00+00:00,2026-06-11T23:00:00+03:00,2026-06,EBM0626,2237.497521977734,EPIAS_VEP:EBM0626,True,False,False
2026-06-11T21:00:00+00:00,2026-06-12T00:00:00+03:00,2026-06,EBM0626,2237.4975219189328,EPIAS_VEP:EBM0626,True,False,False
2026-06-11T22:00:00+00:00,2026-06-12T01:00:00+03:00,2026-06,EBM0626,2237.4975218585896,EPIAS_VEP:EBM0626,True,False,False
2026-06-11T23:00:00+00:00,2026-06-12T02:00:00+03:00,2026-06,EBM0626,2237.497521797469,EPIAS_VEP:EBM0626,True,False,False
2026-06-12T00:00:00+00:00,2026-06-12T03:00:00+03:00,2026-06,EBM0626,2237.4975217362407,EPIAS_VEP:EBM0626,True,False,False
2026-06-12T01:00:00+00:00,2026-06-12T04:00:00+03:00,2026-06,EBM0626,2237.4975216754897,EPIAS_VEP:EBM0626,True,False,False
2026-06-12T02:00:00+00:00,2026-06-12T05:00:00+03:00,2026-06,EBM0626,2237.4975216157195,EPIAS_VEP:EBM0626,True,False,False
2026-06-12T03:00:00+00:00,2026-06-12T06:00:00+03:00,2026-06,EBM0626,2237.4975215573577,EPIAS_VEP:EBM0626,True,False,False
2026-06-12T04:00:00+00:00,2026-06-12T07:00:00+03:00,2026-06,EBM0626,2237.497521500761,EPIAS_VEP:EBM0626,True,False,False
2026-06-12T05:00:00+00:00,2026-06-12T08:00:00+03:00,2026-06,EBM0626,2237.4975214462247,EPIAS_VEP:EBM0626,True,False,False
2026-06-12T06:00:00+00:00,2026-06-12T09:00:00+03:00,2026-06,EBM0626,2237.4975213939842,EPIAS_VEP:EBM0626,True,False,False
2026-06-12T07:00:00+00:00,2026-06-12T10:00:00+03:00,2026-06,EBM0626,2237.4975213442235,EPIAS_VEP:EBM0626,True,False,False
2026-06-12T08:00:00+00:00,2026-06-12T11:00:00+03:00,2026-06,EBM0626,2237.4975212970794,EPIAS_VEP:EBM0626,True,False,False
2026-06-12T09:00:00+00:00,2026-06-12T12:00:00+03:00,2026-06,EBM0626,2237.4975212526465,EPIAS_VEP:EBM0626,True,False,False
2026-06-12T10:00:00+00:00,2026-06-12T13:00:00+03:00,2026-06,EBM0626,2237.4975212109807,EPIAS_VEP:EBM0626,True,False,False
2026-06-12T11:00:00+00:00,2026-06-12T14:00:00+03:00,2026-06,EBM0626,2237.497521172106,EPIAS_VEP:EBM0626,True,False,False
2026-06-12T12:00:00+00:00,2026-06-12T15:00:00+03:00,2026-06,EBM0626,2237.497521136017,EPIAS_VEP:EBM0626,True,False,False
2026-06-12T13:00:00+00:00,2026-06-12T16:00:00+03:00,2026-06,EBM0626,2237.497521102682,EPIAS_VEP:EBM0626,True,False,False
2026-06-12T14:00:00+00:00,2026-06-12T17:00:00+03:00,2026-06,EBM0626,2237.49752107205,EPIAS_VEP:EBM0626,True,False,False
2026-06-12T15:00:00+00:00,2026-06-12T18:00:00+03:00,2026-06,EBM0626,2237.4975210440493,EPIAS_VEP:EBM0626,True,False,False
2026-06-12T16:00:00+00:00,2026-06-12T19:00:00+03:00,2026-06,EBM0626,2237.497521018594,EPIAS_VEP:EBM0626,True,False,False
2026-06-12T17:00:00+00:00,2026-06-12T20:00:00+03:00,2026-06,EBM0626,2237.497520995585,EPIAS_VEP:EBM0626,True,False,False
2026-06-12T18:00:00+00:00,2026-06-12T21:00:00+03:00,2026-06,EBM0626,2237.4975209749136,EPIAS_VEP:EBM0626,True,False,False
2026-06-12T19:00:00+00:00,2026-06-12T22:00:00+03:00,2026-06,EBM0626,2237.4975209564627,EPIAS_VEP:EBM0626,True,False,False
2026-06-12T20:00:00+00:00,2026-06-12T23:00:00+03:00,2026-06,EBM0626,2237.4975209401105,EPIAS_VEP:EBM0626,True,False,False
2026-06-12T21:00:00+00:00,2026-06-13T00:00:00+03:00,2026-06,EBM0626,2237.497520925732,EPIAS_VEP:EBM0626,True,False,False
2026-06-12T22:00:00+00:00,2026-06-13T01:00:00+03:00,2026-06,EBM0626,2237.4975209132,EPIAS_VEP:EBM0626,True,False,False
2026-06-12T23:00:00+00:00,2026-06-13T02:00:00+03:00,2026-06,EBM0626,2237.497520902388,EPIAS_VEP:EBM0626,True,False,False
2026-06-13T00:00:00+00:00,2026-06-13T03:00:00+03:00,2026-06,EBM0626,2237.497520893169,EPIAS_VEP:EBM0626,True,False,False
2026-06-13T01:00:00+00:00,2026-06-13T04:00:00+03:00,2026-06,EBM0626,2237.4975208854185,EPIAS_VEP:EBM0626,True,False,False
2026-06-13T02:00:00+00:00,2026-06-13T05:00:00+03:00,2026-06,EBM0626,2237.4975208790142,EPIAS_VEP:EBM0626,True,False,False
2026-06-13T03:00:00+00:00,2026-06-13T06:00:00+03:00,2026-06,EBM0626,2237.497520873839,EPIAS_VEP:EBM0626,True,False,False
2026-06-13T04:00:00+00:00,2026-06-13T07:00:00+03:00,2026-06,EBM0626,2237.497520869778,EPIAS_VEP:EBM0626,True,False,False
2026-06-13T05:00:00+00:00,2026-06-13T08:00:00+03:00,2026-06,EBM0626,2237.4975208667206,EPIAS_VEP:EBM0626,True,False,False
2026-06-13T06:00:00+00:00,2026-06-13T09:00:00+03:00,2026-06,EBM0626,2237.4975208645637,EPIAS_VEP:EBM0626,True,False,False
2026-06-13T07:00:00+00:00,2026-06-13T10:00:00+03:00,2026-06,EBM0626,2237.497520863208,EPIAS_VEP:EBM0626,True,False,False
2026-06-13T08:00:00+00:00,2026-06-13T11:00:00+03:00,2026-06,EBM0626,2237.497520862561,EPIAS_VEP:EBM0626,True,False,False
2026-06-13T09:00:00+00:00,2026-06-13T12:00:00+03:00,2026-06,EBM0626,2237.4975208625356,EPIAS_VEP:EBM0626,True,False,False
2026-06-13T10:00:00+00:00,2026-06-13T13:00:00+03:00,2026-06,EBM0626,2237.49752086305,EPIAS_VEP:EBM0626,True,False,False
2026-06-13T11:00:00+00:00,2026-06-13T14:00:00+03:00,2026-06,EBM0626,2237.4975208640276,EPIAS_VEP:EBM0626,True,False,False
2026-06-13T12:00:00+00:00,2026-06-13T15:00:00+03:00,2026-06,EBM0626,2237.4975208653973,EPIAS_VEP:EBM0626,True,False,False
2026-06-13T13:00:00+00:00,2026-06-13T16:00:00+03:00,2026-06,EBM0626,2237.4975208670926,EPIAS_VEP:EBM0626,True,False,False
2026-06-13T14:00:00+00:00,2026-06-13T17:00:00+03:00,2026-06,EBM0626,2237.4975208690535,EPIAS_VEP:EBM0626,True,False,False
2026-06-13T15:00:00+00:00,2026-06-13T18:00:00+03:00,2026-06,EBM0626,2237.497520871226,EPIAS_VEP:EBM0626,True,False,False
2026-06-13T16:00:00+00:00,2026-06-13T19:00:00+03:00,2026-06,EBM0626,2237.4975208735596,EPIAS_VEP:EBM0626,True,False,False
2026-06-13T17:00:00+00:00,2026-06-13T20:00:00+03:00,2026-06,EBM0626,2237.497520876011,EPIAS_VEP:EBM0626,True,False,False
2026-06-13T18:00:00+00:00,2026-06-13T21:00:00+03:00,2026-06,EBM0626,2237.497520878541,EPIAS_VEP:EBM0626,True,False,False
2026-06-13T19:00:00+00:00,2026-06-13T22:00:00+03:00,2026-06,EBM0626,2237.497520881115,EPIAS_VEP:EBM0626,True,False,False
2026-06-13T20:00:00+00:00,2026-06-13T23:00:00+03:00,2026-06,EBM0626,2237.4975208837036,EPIAS_VEP:EBM0626,True,False,False
2026-06-13T21:00:00+00:00,2026-06-14T00:00:00+03:00,2026-06,EBM0626,2237.4975208862793,EPIAS_VEP:EBM0626,True,False,False
2026-06-13T22:00:00+00:00,2026-06-14T01:00:00+03:00,2026-06,EBM0626,2237.49752088882,EPIAS_VEP:EBM0626,True,False,False
2026-06-13T23:00:00+00:00,2026-06-14T02:00:00+03:00,2026-06,EBM0626,2237.4975208913056,EPIAS_VEP:EBM0626,True,False,False
2026-06-14T00:00:00+00:00,2026-06-14T03:00:00+03:00,2026-06,EBM0626,2237.4975208937194,EPIAS_VEP:EBM0626,True,False,False
2026-06-14T01:00:00+00:00,2026-06-14T04:00:00+03:00,2026-06,EBM0626,2237.497520896048,EPIAS_VEP:EBM0626,True,False,False
2026-06-14T02:00:00+00:00,2026-06-14T05:00:00+03:00,2026-06,EBM0626,2237.4975208982823,EPIAS_VEP:EBM0626,True,False,False
2026-06-14T03:00:00+00:00,2026-06-14T06:00:00+03:00,2026-06,EBM0626,2237.4975209004156,EPIAS_VEP:EBM0626,True,False,False
2026-06-14T04:00:00+00:00,2026-06-14T07:00:00+03:00,2026-06,EBM0626,2237.4975209024424,EPIAS_VEP:EBM0626,True,False,False
2026-06-14T05:00:00+00:00,2026-06-14T08:00:00+03:00,2026-06,EBM0626,2237.497520904359,EPIAS_VEP:EBM0626,True,False,False
2026-06-14T06:00:00+00:00,2026-06-14T09:00:00+03:00,2026-06,EBM0626,2237.4975209061627,EPIAS_VEP:EBM0626,True,False,False
2026-06-14T07:00:00+00:00,2026-06-14T10:00:00+03:00,2026-06,EBM0626,2237.497520907851,EPIAS_VEP:EBM0626,True,False,False
2026-06-14T08:00:00+00:00,2026-06-14T11:00:00+03:00,2026-06,EBM0626,2237.4975209094255,EPIAS_VEP:EBM0626,True,False,False
2026-06-14T09:00:00+00:00,2026-06-14T12:00:00+03:00,2026-06,EBM0626,2237.4975209108875,EPIAS_VEP:EBM0626,True,False,False
2026-06-14T10:00:00+00:00,2026-06-14T13:00:00+03:00,2026-06,EBM0626,2237.4975209122395,EPIAS_VEP:EBM0626,True,False,False
2026-06-14T11:00:00+00:00,2026-06-14T14:00:00+03:00,2026-06,EBM0626,2237.497520913484,EPIAS_VEP:EBM0626,True,False,False
2026-06-14T12:00:00+00:00,2026-06-14T15:00:00+03:00,2026-06,EBM0626,2237.4975209146255,EPIAS_VEP:EBM0626,True,False,False
2026-06-14T13:00:00+00:00,2026-06-14T16:00:00+03:00,2026-06,EBM0626,2237.4975209156682,EPIAS_VEP:EBM0626,True,False,False
2026-06-14T14:00:00+00:00,2026-06-14T17:00:00+03:00,2026-06,EBM0626,2237.497520916615,EPIAS_VEP:EBM0626,True,False,False
2026-06-14T15:00:00+00:00,2026-06-14T18:00:00+03:00,2026-06,EBM0626,2237.4975209174695,EPIAS_VEP:EBM0626,True,False,False
2026-06-14T16:00:00+00:00,2026-06-14T19:00:00+03:00,2026-06,EBM0626,2237.4975209182367,EPIAS_VEP:EBM0626,True,False,False
2026-06-14T17:00:00+00:00,2026-06-14T20:00:00+03:00,2026-06,EBM0626,2237.4975209189224,EPIAS_VEP:EBM0626,True,False,False
2026-06-14T18:00:00+00:00,2026-06-14T21:00:00+03:00,2026-06,EBM0626,2237.4975209195327,EPIAS_VEP:EBM0626,True,False,False
2026-06-14T19:00:00+00:00,2026-06-14T22:00:00+03:00,2026-06,EBM0626,2237.4975209200734,EPIAS_VEP:EBM0626,True,False,False
2026-06-14T20:00:00+00:00,2026-06-14T23:00:00+03:00,2026-06,EBM0626,2237.49752092055,EPIAS_VEP:EBM0626,True,False,False
2026-06-14T21:00:00+00:00,2026-06-15T00:00:00+03:00,2026-06,EBM0626,2237.497520920968,EPIAS_VEP:EBM0626,True,False,False
2026-06-14T22:00:00+00:00,2026-06-15T01:00:00+03:00,2026-06,EBM0626,2237.497520921334,EPIAS_VEP:EBM0626,True,False,False
2026-06-14T23:00:00+00:00,2026-06-15T02:00:00+03:00,2026-06,EBM0626,2237.4975209216545,EPIAS_VEP:EBM0626,True,False,False
2026-06-15T00:00:00+00:00,2026-06-15T03:00:00+03:00,2026-06,EBM0626,2237.4975209219365,EPIAS_VEP:EBM0626,True,False,False
2026-06-15T01:00:00+00:00,2026-06-15T04:00:00+03:00,2026-06,EBM0626,2237.4975209221866,EPIAS_VEP:EBM0626,True,False,False
2026-06-15T02:00:00+00:00,2026-06-15T05:00:00+03:00,2026-06,EBM0626,2237.497520922412,EPIAS_VEP:EBM0626,True,False,False
2026-06-15T03:00:00+00:00,2026-06-15T06:00:00+03:00,2026-06,EBM0626,2237.4975209226195,EPIAS_VEP:EBM0626,True,False,False
2026-06-15T04:00:00+00:00,2026-06-15T07:00:00+03:00,2026-06,EBM0626,2237.497520922815,EPIAS_VEP:EBM0626,True,False,False
2026-06-15T05:00:00+00:00,2026-06-15T08:00:00+03:00,2026-06,EBM0626,2237.497520923004,EPIAS_VEP:EBM0626,True,False,False
2026-06-15T06:00:00+00:00,2026-06-15T09:00:00+03:00,2026-06,EBM0626,2237.497520923191,EPIAS_VEP:EBM0626,True,False,False
2026-06-15T07:00:00+00:00,2026-06-15T10:00:00+03:00,2026-06,EBM0626,2237.497520923381,EPIAS_VEP:EBM0626,True,False,False
2026-06-15T08:00:00+00:00,2026-06-15T11:00:00+03:00,2026-06,EBM0626,2237.4975209235786,EPIAS_VEP:EBM0626,True,False,False
2026-06-15T09:00:00+00:00,2026-06-15T12:00:00+03:00,2026-06,EBM0626,2237.497520923786,EPIAS_VEP:EBM0626,True,False,False
2026-06-15T10:00:00+00:00,2026-06-15T13:00:00+03:00,2026-06,EBM0626,2237.497520924006,EPIAS_VEP:EBM0626,True,False,False
2026-06-15T11:00:00+00:00,2026-06-15T14:00:00+03:00,2026-06,EBM0626,2237.497520924242,EPIAS_VEP:EBM0626,True,False,False
2026-06-15T12:00:00+00:00,2026-06-15T15:00:00+03:00,2026-06,EBM0626,2237.4975209244963,EPIAS_VEP:EBM0626,True,False,False
2026-06-15T13:00:00+00:00,2026-06-15T16:00:00+03:00,2026-06,EBM0626,2237.4975209247705,EPIAS_VEP:EBM0626,True,False,False
2026-06-15T14:00:00+00:00,2026-06-15T17:00:00+03:00,2026-06,EBM0626,2237.4975209250665,EPIAS_VEP:EBM0626,True,False,False
2026-06-15T15:00:00+00:00,2026-06-15T18:00:00+03:00,2026-06,EBM0626,2237.497520925386,EPIAS_VEP:EBM0626,True,False,False
2026-06-15T16:00:00+00:00,2026-06-15T19:00:00+03:00,2026-06,EBM0626,2237.4975209257304,EPIAS_VEP:EBM0626,True,False,False
2026-06-15T17:00:00+00:00,2026-06-15T20:00:00+03:00,2026-06,EBM0626,2237.4975209261006,EPIAS_VEP:EBM0626,True,False,False
2026-06-15T18:00:00+00:00,2026-06-15T21:00:00+03:00,2026-06,EBM0626,2237.497520926497,EPIAS_VEP:EBM0626,True,False,False
2026-06-15T19:00:00+00:00,2026-06-15T22:00:00+03:00,2026-06,EBM0626,2237.497520926919,EPIAS_VEP:EBM0626,True,False,False
2026-06-15T20:00:00+00:00,2026-06-15T23:00:00+03:00,2026-06,EBM0626,2237.497520927365,EPIAS_VEP:EBM0626,True,False,False
2026-06-15T21:00:00+00:00,2026-06-16T00:00:00+03:00,2026-06,EBM0626,2237.4975209278323,EPIAS_VEP:EBM0626,True,False,False
2026-06-15T22:00:00+00:00,2026-06-16T01:00:00+03:00,2026-06,EBM0626,2237.4975209283193,EPIAS_VEP:EBM0626,True,False,False
2026-06-15T23:00:00+00:00,2026-06-16T02:00:00+03:00,2026-06,EBM0626,2237.497520928822,EPIAS_VEP:EBM0626,True,False,False
2026-06-16T00:00:00+00:00,2026-06-16T03:00:00+03:00,2026-06,EBM0626,2237.4975209293348,EPIAS_VEP:EBM0626,True,False,False
2026-06-16T01:00:00+00:00,2026-06-16T04:00:00+03:00,2026-06,EBM0626,2237.4975209298536,EPIAS_VEP:EBM0626,True,False,False
2026-06-16T02:00:00+00:00,2026-06-16T05:00:00+03:00,2026-06,EBM0626,2237.497520930373,EPIAS_VEP:EBM0626,True,False,False
2026-06-16T03:00:00+00:00,2026-06-16T06:00:00+03:00,2026-06,EBM0626,2237.4975209308864,EPIAS_VEP:EBM0626,True,False,False
2026-06-16T04:00:00+00:00,2026-06-16T07:00:00+03:00,2026-06,EBM0626,2237.497520931386,EPIAS_VEP:EBM0626,True,False,False
2026-06-16T05:00:00+00:00,2026-06-16T08:00:00+03:00,2026-06,EBM0626,2237.4975209318636,EPIAS_VEP:EBM0626,True,False,False
2026-06-16T06:00:00+00:00,2026-06-16T09:00:00+03:00,2026-06,EBM0626,2237.4975209323097,EPIAS_VEP:EBM0626,True,False,False
2026-06-16T07:00:00+00:00,2026-06-16T10:00:00+03:00,2026-06,EBM0626,2237.4975209327145,EPIAS_VEP:EBM0626,True,False,False
2026-06-16T08:00:00+00:00,2026-06-16T11:00:00+03:00,2026-06,EBM0626,2237.497520933068,EPIAS_VEP:EBM0626,True,False,False
2026-06-16T09:00:00+00:00,2026-06-16T12:00:00+03:00,2026-06,EBM0626,2237.4975209333593,EPIAS_VEP:EBM0626,True,False,False
2026-06-16T10:00:00+00:00,2026-06-16T13:00:00+03:00,2026-06,EBM0626,2237.497520933577,EPIAS_VEP:EBM0626,True,False,False
2026-06-16T11:00:00+00:00,2026-06-16T14:00:00+03:00,2026-06,EBM0626,2237.4975209337076,EPIAS_VEP:EBM0626,True,False,False
2026-06-16T12:00:00+00:00,2026-06-16T15:00:00+03:00,2026-06,EBM0626,2237.4975209337367,EPIAS_VEP:EBM0626,True,False,False
2026-06-16T13:00:00+00:00,2026-06-16T16:00:00+03:00,2026-06,EBM0626,2237.4975209336494,EPIAS_VEP:EBM0626,True,False,False
2026-06-16T14:00:00+00:00,2026-06-16T17:00:00+03:00,2026-06,EBM0626,2237.4975209334298,EPIAS_VEP:EBM0626,True,False,False
2026-06-16T15:00:00+00:00,2026-06-16T18:00:00+03:00,2026-06,EBM0626,2237.4975209330596,EPIAS_VEP:EBM0626,True,False,False
2026-06-16T16:00:00+00:00,2026-06-16T19:00:00+03:00,2026-06,EBM0626,2237.4975209325185,EPIAS_VEP:EBM0626,True,False,False
2026-06-16T17:00:00+00:00,2026-06-16T20:00:00+03:00,2026-06,EBM0626,2237.497520931786,EPIAS_VEP:EBM0626,True,False,False
2026-06-16T18:00:00+00:00,2026-06-16T21:00:00+03:00,2026-06,EBM0626,2237.497520930838,EPIAS_VEP:EBM0626,True,False,False
2026-06-16T19:00:00+00:00,2026-06-16T22:00:00+03:00,2026-06,EBM0626,2237.497520929651,EPIAS_VEP:EBM0626,True,False,False
2026-06-16T20:00:00+00:00,2026-06-16T23:00:00+03:00,2026-06,EBM0626,2237.497520928199,EPIAS_VEP:EBM0626,True,False,False
2026-06-16T21:00:00+00:00,2026-06-17T00:00:00+03:00,2026-06,EBM0626,2237.4975209264553,EPIAS_VEP:EBM0626,True,False,False
2026-06-16T22:00:00+00:00,2026-06-17T01:00:00+03:00,2026-06,EBM0626,2237.497520924393,EPIAS_VEP:EBM0626,True,False,False
2026-06-16T23:00:00+00:00,2026-06-17T02:00:00+03:00,2026-06,EBM0626,2237.4975209219842,EPIAS_VEP:EBM0626,True,False,False
2026-06-17T00:00:00+00:00,2026-06-17T03:00:00+03:00,2026-06,EBM0626,2237.497520919201,EPIAS_VEP:EBM0626,True,False,False
2026-06-17T01:00:00+00:00,2026-06-17T04:00:00+03:00,2026-06,EBM0626,2237.497520916016,EPIAS_VEP:EBM0626,True,False,False
2026-06-17T02:00:00+00:00,2026-06-17T05:00:00+03:00,2026-06,EBM0626,2237.4975209124023,EPIAS_VEP:EBM0626,True,False,False
2026-06-17T03:00:00+00:00,2026-06-17T06:00:00+03:00,2026-06,EBM0626,2237.4975209083336,EPIAS_VEP:EBM0626,True,False,False
2026-06-17T04:00:00+00:00,2026-06-17T07:00:00+03:00,2026-06,EBM0626,2237.4975209037843,EPIAS_VEP:EBM0626,True,False,False
2026-06-17T05:00:00+00:00,2026-06-17T08:00:00+03:00,2026-06,EBM0626,2237.4975208987303,EPIAS_VEP:EBM0626,True,False,False
2026-06-17T06:00:00+00:00,2026-06-17T09:00:00+03:00,2026-06,EBM0626,2237.4975208931482,EPIAS_VEP:EBM0626,True,False,False
2026-06-17T07:00:00+00:00,2026-06-17T10:00:00+03:00,2026-06,EBM0626,2237.497520887017,EPIAS_VEP:EBM0626,True,False,False
2026-06-17T08:00:00+00:00,2026-06-17T11:00:00+03:00,2026-06,EBM0626,2237.497520880317,EPIAS_VEP:EBM0626,True,False,False
2026-06-17T09:00:00+00:00,2026-06-17T12:00:00+03:00,2026-06,EBM0626,2237.497520873034,EPIAS_VEP:EBM0626,True,False,False
2026-06-17T10:00:00+00:00,2026-06-17T13:00:00+03:00,2026-06,EBM0626,2237.4975208651576,EPIAS_VEP:EBM0626,True,False,False
2026-06-17T11:00:00+00:00,2026-06-17T14:00:00+03:00,2026-06,EBM0626,2237.4975208566825,EPIAS_VEP:EBM0626,True,False,False
2026-06-17T12:00:00+00:00,2026-06-17T15:00:00+03:00,2026-06,EBM0626,2237.497520847608,EPIAS_VEP:EBM0626,True,False,False
2026-06-17T13:00:00+00:00,2026-06-17T16:00:00+03:00,2026-06,EBM0626,2237.4975208379424,EPIAS_VEP:EBM0626,True,False,False
2026-06-17T14:00:00+00:00,2026-06-17T17:00:00+03:00,2026-06,EBM0626,2237.4975208277006,EPIAS_VEP:EBM0626,True,False,False
2026-06-17T15:00:00+00:00,2026-06-17T18:00:00+03:00,2026-06,EBM0626,2237.4975208169067,EPIAS_VEP:EBM0626,True,False,False
2026-06-17T16:00:00+00:00,2026-06-17T19:00:00+03:00,2026-06,EBM0626,2237.497520805594,EPIAS_VEP:EBM0626,True,False,False
2026-06-17T17:00:00+00:00,2026-06-17T20:00:00+03:00,2026-06,EBM0626,2237.4975207938073,EPIAS_VEP:EBM0626,True,False,False
2026-06-17T18:00:00+00:00,2026-06-17T21:00:00+03:00,2026-06,EBM0626,2237.497520781603,EPIAS_VEP:EBM0626,True,False,False
2026-06-17T19:00:00+00:00,2026-06-17T22:00:00+03:00,2026-06,EBM0626,2237.49752076905,EPIAS_VEP:EBM0626,True,False,False
2026-06-17T20:00:00+00:00,2026-06-17T23:00:00+03:00,2026-06,EBM0626,2237.4975207562306,EPIAS_VEP:EBM0626,True,False,False
2026-06-17T21:00:00+00:00,2026-06-18T00:00:00+03:00,2026-06,EBM0626,2237.4975207432435,EPIAS_VEP:EBM0626,True,False,False
2026-06-17T22:00:00+00:00,2026-06-18T01:00:00+03:00,2026-06,EBM0626,2237.497520730203,EPIAS_VEP:EBM0626,True,False,False
2026-06-17T23:00:00+00:00,2026-06-18T02:00:00+03:00,2026-06,EBM0626,2237.497520717242,EPIAS_VEP:EBM0626,True,False,False
2026-06-18T00:00:00+00:00,2026-06-18T03:00:00+03:00,2026-06,EBM0626,2237.4975207045118,EPIAS_VEP:EBM0626,True,False,False
2026-06-18T01:00:00+00:00,2026-06-18T04:00:00+03:00,2026-06,EBM0626,2237.497520692186,EPIAS_VEP:EBM0626,True,False,False
2026-06-18T02:00:00+00:00,2026-06-18T05:00:00+03:00,2026-06,EBM0626,2237.497520680458,EPIAS_VEP:EBM0626,True,False,False
2026-06-18T03:00:00+00:00,2026-06-18T06:00:00+03:00,2026-06,EBM0626,2237.497520669545,EPIAS_VEP:EBM0626,True,False,False
2026-06-18T04:00:00+00:00,2026-06-18T07:00:00+03:00,2026-06,EBM0626,2237.4975206596873,EPIAS_VEP:EBM0626,True,False,False
2026-06-18T05:00:00+00:00,2026-06-18T08:00:00+03:00,2026-06,EBM0626,2237.4975206511513,EPIAS_VEP:EBM0626,True,False,False
2026-06-18T06:00:00+00:00,2026-06-18T09:00:00+03:00,2026-06,EBM0626,2237.497520644229,EPIAS_VEP:EBM0626,True,False,False
2026-06-18T07:00:00+00:00,2026-06-18T10:00:00+03:00,2026-06,EBM0626,2237.4975206392396,EPIAS_VEP:EBM0626,True,False,False
2026-06-18T08:00:00+00:00,2026-06-18T11:00:00+03:00,2026-06,EBM0626,2237.4975206365293,EPIAS_VEP:EBM0626,True,False,False
2026-06-18T09:00:00+00:00,2026-06-18T12:00:00+03:00,2026-06,EBM0626,2237.497520636473,EPIAS_VEP:EBM0626,True,False,False
2026-06-18T10:00:00+00:00,2026-06-18T13:00:00+03:00,2026-06,EBM0626,2237.4975206394747,EPIAS_VEP:EBM0626,True,False,False
2026-06-18T11:00:00+00:00,2026-06-18T14:00:00+03:00,2026-06,EBM0626,2237.497520645967,EPIAS_VEP:EBM0626,True,False,False
2026-06-18T12:00:00+00:00,2026-06-18T15:00:00+03:00,2026-06,EBM0626,2237.49752065641,EPIAS_VEP:EBM0626,True,False,False
2026-06-18T13:00:00+00:00,2026-06-18T16:00:00+03:00,2026-06,EBM0626,2237.4975206712907,EPIAS_VEP:EBM0626,True,False,False
2026-06-18T14:00:00+00:00,2026-06-18T17:00:00+03:00,2026-06,EBM0626,2237.497520691123,EPIAS_VEP:EBM0626,True,False,False
2026-06-18T15:00:00+00:00,2026-06-18T18:00:00+03:00,2026-06,EBM0626,2237.4975207164453,EPIAS_VEP:EBM0626,True,False,False
2026-06-18T16:00:00+00:00,2026-06-18T19:00:00+03:00,2026-06,EBM0626,2237.497520747819,EPIAS_VEP:EBM0626,True,False,False
2026-06-18T17:00:00+00:00,2026-06-18T20:00:00+03:00,2026-06,EBM0626,2237.4975207858274,EPIAS_VEP:EBM0626,True,False,False
2026-06-18T18:00:00+00:00,2026-06-18T21:00:00+03:00,2026-06,EBM0626,2237.4975208310707,EPIAS_VEP:EBM0626,True,False,False
2026-06-18T19:00:00+00:00,2026-06-18T22:00:00+03:00,2026-06,EBM0626,2237.4975208841615,EPIAS_VEP:EBM0626,True,False,False
2026-06-18T20:00:00+00:00,2026-06-18T23:00:00+03:00,2026-06,EBM0626,2237.497520945721,EPIAS_VEP:EBM0626,True,False,False
2026-06-18T21:00:00+00:00,2026-06-19T00:00:00+03:00,2026-06,EBM0626,2237.497521016375,EPIAS_VEP:EBM0626,True,False,False
2026-06-18T22:00:00+00:00,2026-06-19T01:00:00+03:00,2026-06,EBM0626,2237.497521096744,EPIAS_VEP:EBM0626,True,False,False
2026-06-18T23:00:00+00:00,2026-06-19T02:00:00+03:00,2026-06,EBM0626,2237.4975211874407,EPIAS_VEP:EBM0626,True,False,False
2026-06-19T00:00:00+00:00,2026-06-19T03:00:00+03:00,2026-06,EBM0626,2237.497521289058,EPIAS_VEP:EBM0626,True,False,False
2026-06-19T01:00:00+00:00,2026-06-19T04:00:00+03:00,2026-06,EBM0626,2237.497521402164,EPIAS_VEP:EBM0626,True,False,False
2026-06-19T02:00:00+00:00,2026-06-19T05:00:00+03:00,2026-06,EBM0626,2237.4975215272893,EPIAS_VEP:EBM0626,True,False,False
2026-06-19T03:00:00+00:00,2026-06-19T06:00:00+03:00,2026-06,EBM0626,2237.4975216649186,EPIAS_VEP:EBM0626,True,False,False
2026-06-19T04:00:00+00:00,2026-06-19T07:00:00+03:00,2026-06,EBM0626,2237.497521815473,EPIAS_VEP:EBM0626,True,False,False
2026-06-19T05:00:00+00:00,2026-06-19T08:00:00+03:00,2026-06,EBM0626,2237.4975219793005,EPIAS_VEP:EBM0626,True,False,False
2026-06-19T06:00:00+00:00,2026-06-19T09:00:00+03:00,2026-06,EBM0626,2237.4975221566597,EPIAS_VEP:EBM0626,True,False,False
2026-06-19T07:00:00+00:00,2026-06-19T10:00:00+03:00,2026-06,EBM0626,2237.4975223477036,EPIAS_VEP:EBM0626,True,False,False
2026-06-19T08:00:00+00:00,2026-06-19T11:00:00+03:00,2026-06,EBM0626,2237.4975225524618,EPIAS_VEP:EBM0626,True,False,False
2026-06-19T09:00:00+00:00,2026-06-19T12:00:00+03:00,2026-06,EBM0626,2237.4975227708205,EPIAS_VEP:EBM0626,True,False,False
2026-06-19T10:00:00+00:00,2026-06-19T13:00:00+03:00,2026-06,EBM0626,2237.4975230025034,EPIAS_VEP:EBM0626,True,False,False
2026-06-19T11:00:00+00:00,2026-06-19T14:00:00+03:00,2026-06,EBM0626,2237.4975232470492,EPIAS_VEP:EBM0626,True,False,False
2026-06-19T12:00:00+00:00,2026-06-19T15:00:00+03:00,2026-06,EBM0626,2237.4975235037878,EPIAS_VEP:EBM0626,True,False,False
2026-06-19T13:00:00+00:00,2026-06-19T16:00:00+03:00,2026-06,EBM0626,2237.497523771817,EPIAS_VEP:EBM0626,True,False,False
2026-06-19T14:00:00+00:00,2026-06-19T17:00:00+03:00,2026-06,EBM0626,2237.4975240499766,EPIAS_VEP:EBM0626,True,False,False
2026-06-19T15:00:00+00:00,2026-06-19T18:00:00+03:00,2026-06,EBM0626,2237.4975243368217,EPIAS_VEP:EBM0626,True,False,False
2026-06-19T16:00:00+00:00,2026-06-19T19:00:00+03:00,2026-06,EBM0626,2237.497524630595,EPIAS_VEP:EBM0626,True,False,False
2026-06-19T17:00:00+00:00,2026-06-19T20:00:00+03:00,2026-06,EBM0626,2237.497524929198,EPIAS_VEP:EBM0626,True,False,False
2026-06-19T18:00:00+00:00,2026-06-19T21:00:00+03:00,2026-06,EBM0626,2237.49752523016,EPIAS_VEP:EBM0626,True,False,False
2026-06-19T19:00:00+00:00,2026-06-19T22:00:00+03:00,2026-06,EBM0626,2237.4975255306103,EPIAS_VEP:EBM0626,True,False,False
2026-06-19T20:00:00+00:00,2026-06-19T23:00:00+03:00,2026-06,EBM0626,2237.497525827247,EPIAS_VEP:EBM0626,True,False,False
2026-06-19T21:00:00+00:00,2026-06-20T00:00:00+03:00,2026-06,EBM0626,2237.497526116308,EPIAS_VEP:EBM0626,True,False,False
2026-06-19T22:00:00+00:00,2026-06-20T01:00:00+03:00,2026-06,EBM0626,2237.4975263935403,EPIAS_VEP:EBM0626,True,False,False
2026-06-19T23:00:00+00:00,2026-06-20T02:00:00+03:00,2026-06,EBM0626,2237.497526654171,EPIAS_VEP:EBM0626,True,False,False
2026-06-20T00:00:00+00:00,2026-06-20T03:00:00+03:00,2026-06,EBM0626,2237.4975268928806,EPIAS_VEP:EBM0626,True,False,False
2026-06-20T01:00:00+00:00,2026-06-20T04:00:00+03:00,2026-06,EBM0626,2237.497527103775,EPIAS_VEP:EBM0626,True,False,False
2026-06-20T02:00:00+00:00,2026-06-20T05:00:00+03:00,2026-06,EBM0626,2237.497527280363,EPIAS_VEP:EBM0626,True,False,False
2026-06-20T03:00:00+00:00,2026-06-20T06:00:00+03:00,2026-06,EBM0626,2237.497527415535,EPIAS_VEP:EBM0626,True,False,False
2026-06-20T04:00:00+00:00,2026-06-20T07:00:00+03:00,2026-06,EBM0626,2237.4975275015454,EPIAS_VEP:EBM0626,True,False,False
2026-06-20T05:00:00+00:00,2026-06-20T08:00:00+03:00,2026-06,EBM0626,2237.4975275300003,EPIAS_VEP:EBM0626,True,False,False
2026-06-20T06:00:00+00:00,2026-06-20T09:00:00+03:00,2026-06,EBM0626,2237.4975274918465,EPIAS_VEP:EBM0626,True,False,False
2026-06-20T07:00:00+00:00,2026-06-20T10:00:00+03:00,2026-06,EBM0626,2237.4975273773707,EPIAS_VEP:EBM0626,True,False,False
2026-06-20T08:00:00+00:00,2026-06-20T11:00:00+03:00,2026-06,EBM0626,2237.497527176205,EPIAS_VEP:EBM0626,True,False,False
2026-06-20T09:00:00+00:00,2026-06-20T12:00:00+03:00,2026-06,EBM0626,2237.497526877334,EPIAS_VEP:EBM0626,True,False,False
2026-06-20T10:00:00+00:00,2026-06-20T13:00:00+03:00,2026-06,EBM0626,2237.4975264691157,EPIAS_VEP:EBM0626,True,False,False
2026-06-20T11:00:00+00:00,2026-06-20T14:00:00+03:00,2026-06,EBM0626,2237.4975259393127,EPIAS_VEP:EBM0626,True,False,False
2026-06-20T12:00:00+00:00,2026-06-20T15:00:00+03:00,2026-06,EBM0626,2237.4975252751333,EPIAS_VEP:EBM0626,True,False,False
2026-06-20T13:00:00+00:00,2026-06-20T16:00:00+03:00,2026-06,EBM0626,2237.497524463282,EPIAS_VEP:EBM0626,True,False,False
2026-06-20T14:00:00+00:00,2026-06-20T17:00:00+03:00,2026-06,EBM0626,2237.497523490029,EPIAS_VEP:EBM0626,True,False,False
2026-06-20T15:00:00+00:00,2026-06-20T18:00:00+03:00,2026-06,EBM0626,2237.49752234129,EPIAS_VEP:EBM0626,True,False,False
2026-06-20T16:00:00+00:00,2026-06-20T19:00:00+03:00,2026-06,EBM0626,2237.4975210027233,EPIAS_VEP:EBM0626,True,False,False
2026-06-20T17:00:00+00:00,2026-06-20T20:00:00+03:00,2026-06,EBM0626,2237.497519459845,EPIAS_VEP:EBM0626,True,False,False
2026-06-20T18:00:00+00:00,2026-06-20T21:00:00+03:00,2026-06,EBM0626,2237.497517698164,EPIAS_VEP:EBM0626,True,False,False
2026-06-20T19:00:00+00:00,2026-06-20T22:00:00+03:00,2026-06,EBM0626,2237.497515703334,EPIAS_VEP:EBM0626,True,False,False
2026-06-20T20:00:00+00:00,2026-06-20T23:00:00+03:00,2026-06,EBM0626,2237.4975134613333,EPIAS_VEP:EBM0626,True,False,False
2026-06-20T21:00:00+00:00,2026-06-21T00:00:00+03:00,2026-06,EBM0626,2237.497510958659,EPIAS_VEP:EBM0626,True,False,False
2026-06-20T22:00:00+00:00,2026-06-21T01:00:00+03:00,2026-06,EBM0626,2237.4975081825564,EPIAS_VEP:EBM0626,True,False,False
2026-06-20T23:00:00+00:00,2026-06-21T02:00:00+03:00,2026-06,EBM0626,2237.497505121266,EPIAS_VEP:EBM0626,True,False,False
2026-06-21T00:00:00+00:00,2026-06-21T03:00:00+03:00,2026-06,EBM0626,2237.497501764303,EPIAS_VEP:EBM0626,True,False,False
2026-06-21T01:00:00+00:00,2026-06-21T04:00:00+03:00,2026-06,EBM0626,2237.497498102761,EPIAS_VEP:EBM0626,True,False,False
2026-06-21T02:00:00+00:00,2026-06-21T05:00:00+03:00,2026-06,EBM0626,2237.497494129649,EPIAS_VEP:EBM0626,True,False,False
2026-06-21T03:00:00+00:00,2026-06-21T06:00:00+03:00,2026-06,EBM0626,2237.4974898402597,EPIAS_VEP:EBM0626,True,False,False
2026-06-21T04:00:00+00:00,2026-06-21T07:00:00+03:00,2026-06,EBM0626,2237.4974852325627,EPIAS_VEP:EBM0626,True,False,False
2026-06-21T05:00:00+00:00,2026-06-21T08:00:00+03:00,2026-06,EBM0626,2237.4974803076357,EPIAS_VEP:EBM0626,True,False,False
2026-06-21T06:00:00+00:00,2026-06-21T09:00:00+03:00,2026-06,EBM0626,2237.497475070126,EPIAS_VEP:EBM0626,True,False,False
2026-06-21T07:00:00+00:00,2026-06-21T10:00:00+03:00,2026-06,EBM0626,2237.4974695287406,EPIAS_VEP:EBM0626,True,False,False
2026-06-21T08:00:00+00:00,2026-06-21T11:00:00+03:00,2026-06,EBM0626,2237.4974636967727,EPIAS_VEP:EBM0626,True,False,False
2026-06-21T09:00:00+00:00,2026-06-21T12:00:00+03:00,2026-06,EBM0626,2237.4974575926535,EPIAS_VEP:EBM0626,True,False,False
2026-06-21T10:00:00+00:00,2026-06-21T13:00:00+03:00,2026-06,EBM0626,2237.497451240537,EPIAS_VEP:EBM0626,True,False,False
2026-06-21T11:00:00+00:00,2026-06-21T14:00:00+03:00,2026-06,EBM0626,2237.4974446709098,EPIAS_VEP:EBM0626,True,False,False
2026-06-21T12:00:00+00:00,2026-06-21T15:00:00+03:00,2026-06,EBM0626,2237.497437921226,EPIAS_VEP:EBM0626,True,False,False
2026-06-21T13:00:00+00:00,2026-06-21T16:00:00+03:00,2026-06,EBM0626,2237.497431036563,EPIAS_VEP:EBM0626,True,False,False
2026-06-21T14:00:00+00:00,2026-06-21T17:00:00+03:00,2026-06,EBM0626,2237.4974240703,EPIAS_VEP:EBM0626,True,False,False
2026-06-21T15:00:00+00:00,2026-06-21T18:00:00+03:00,2026-06,EBM0626,2237.497417084805,EPIAS_VEP:EBM0626,True,False,False
2026-06-21T16:00:00+00:00,2026-06-21T19:00:00+03:00,2026-06,EBM0626,2237.497410152131,EPIAS_VEP:EBM0626,True,False,False
2026-06-21T17:00:00+00:00,2026-06-21T20:00:00+03:00,2026-06,EBM0626,2237.4974033547173,EPIAS_VEP:EBM0626,True,False,False
2026-06-21T18:00:00+00:00,2026-06-21T21:00:00+03:00,2026-06,EBM0626,2237.4973967860797,EPIAS_VEP:EBM0626,True,False,False
2026-06-21T19:00:00+00:00,2026-06-21T22:00:00+03:00,2026-06,EBM0626,2237.49739055149,EPIAS_VEP:EBM0626,True,False,False
2026-06-21T20:00:00+00:00,2026-06-21T23:00:00+03:00,2026-06,EBM0626,2237.4973847686315,EPIAS_VEP:EBM0626,True,False,False
2026-06-21T21:00:00+00:00,2026-06-22T00:00:00+03:00,2026-06,EBM0626,2237.4973795682245,EPIAS_VEP:EBM0626,True,False,False
2026-06-21T22:00:00+00:00,2026-06-22T01:00:00+03:00,2026-06,EBM0626,2237.4973750946037,EPIAS_VEP:EBM0626,True,False,False
2026-06-21T23:00:00+00:00,2026-06-22T02:00:00+03:00,2026-06,EBM0626,2237.4973715062392,EPIAS_VEP:EBM0626,True,False,False
2026-06-22T00:00:00+00:00,2026-06-22T03:00:00+03:00,2026-06,EBM0626,2237.497368976183,EPIAS_VEP:EBM0626,True,False,False
2026-06-22T01:00:00+00:00,2026-06-22T04:00:00+03:00,2026-06,EBM0626,2237.49736769243,EPIAS_VEP:EBM0626,True,False,False
2026-06-22T02:00:00+00:00,2026-06-22T05:00:00+03:00,2026-06,EBM0626,2237.497367858168,EPIAS_VEP:EBM0626,True,False,False
2026-06-22T03:00:00+00:00,2026-06-22T06:00:00+03:00,2026-06,EBM0626,2237.497369691909,EPIAS_VEP:EBM0626,True,False,False
2026-06-22T04:00:00+00:00,2026-06-22T07:00:00+03:00,2026-06,EBM0626,2237.49737342747,EPIAS_VEP:EBM0626,True,False,False
2026-06-22T05:00:00+00:00,2026-06-22T08:00:00+03:00,2026-06,EBM0626,2237.4973793137915,EPIAS_VEP:EBM0626,True,False,False
2026-06-22T06:00:00+00:00,2026-06-22T09:00:00+03:00,2026-06,EBM0626,2237.4973876145646,EPIAS_VEP:EBM0626,True,False,False
2026-06-22T07:00:00+00:00,2026-06-22T10:00:00+03:00,2026-06,EBM0626,2237.49739860764,EPIAS_VEP:EBM0626,True,False,False
2026-06-22T08:00:00+00:00,2026-06-22T11:00:00+03:00,2026-06,EBM0626,2237.4974125841977,EPIAS_VEP:EBM0626,True,False,False
2026-06-22T09:00:00+00:00,2026-06-22T12:00:00+03:00,2026-06,EBM0626,2237.497429847648,EPIAS_VEP:EBM0626,True,False,False
2026-06-22T10:00:00+00:00,2026-06-22T13:00:00+03:00,2026-06,EBM0626,2237.4974507122365,EPIAS_VEP:EBM0626,True,False,False
2026-06-22T11:00:00+00:00,2026-06-22T14:00:00+03:00,2026-06,EBM0626,2237.4974755013154,EPIAS_VEP:EBM0626,True,False,False
2026-06-22T12:00:00+00:00,2026-06-22T15:00:00+03:00,2026-06,EBM0626,2237.4975045452597,EPIAS_VEP:EBM0626,True,False,False
2026-06-22T13:00:00+00:00,2026-06-22T16:00:00+03:00,2026-06,EBM0626,2237.4975381789855,EPIAS_VEP:EBM0626,True,False,False
2026-06-22T14:00:00+00:00,2026-06-22T17:00:00+03:00,2026-06,EBM0626,2237.4975767390465,EPIAS_VEP:EBM0626,True,False,False
2026-06-22T15:00:00+00:00,2026-06-22T18:00:00+03:00,2026-06,EBM0626,2237.4976205602707,EPIAS_VEP:EBM0626,True,False,False
2026-06-22T16:00:00+00:00,2026-06-22T19:00:00+03:00,2026-06,EBM0626,2237.497669971904,EPIAS_VEP:EBM0626,True,False,False
2026-06-22T17:00:00+00:00,2026-06-22T20:00:00+03:00,2026-06,EBM0626,2237.4977252932285,EPIAS_VEP:EBM0626,True,False,False
2026-06-22T18:00:00+00:00,2026-06-22T21:00:00+03:00,2026-06,EBM0626,2237.49778682862,EPIAS_VEP:EBM0626,True,False,False
2026-06-22T19:00:00+00:00,2026-06-22T22:00:00+03:00,2026-06,EBM0626,2237.497854862016,EPIAS_VEP:EBM0626,True,False,False
2026-06-22T20:00:00+00:00,2026-06-22T23:00:00+03:00,2026-06,EBM0626,2237.497929650764,EPIAS_VEP:EBM0626,True,False,False
2026-06-22T21:00:00+00:00,2026-06-23T00:00:00+03:00,2026-06,EBM0626,2237.498011418815,EPIAS_VEP:EBM0626,True,False,False
2026-06-22T22:00:00+00:00,2026-06-23T01:00:00+03:00,2026-06,EBM0626,2237.4981003492503,EPIAS_VEP:EBM0626,True,False,False
2026-06-22T23:00:00+00:00,2026-06-23T02:00:00+03:00,2026-06,EBM0626,2237.498196576101,EPIAS_VEP:EBM0626,True,False,False
2026-06-23T00:00:00+00:00,2026-06-23T03:00:00+03:00,2026-06,EBM0626,2237.498300175454,EPIAS_VEP:EBM0626,True,False,False
2026-06-23T01:00:00+00:00,2026-06-23T04:00:00+03:00,2026-06,EBM0626,2237.498411155831,EPIAS_VEP:EBM0626,True,False,False
2026-06-23T02:00:00+00:00,2026-06-23T05:00:00+03:00,2026-06,EBM0626,2237.498529447829,EPIAS_VEP:EBM0626,True,False,False
2026-06-23T03:00:00+00:00,2026-06-23T06:00:00+03:00,2026-06,EBM0626,2237.49865489302,EPIAS_VEP:EBM0626,True,False,False
2026-06-23T04:00:00+00:00,2026-06-23T07:00:00+03:00,2026-06,EBM0626,2237.498787232124,EPIAS_VEP:EBM0626,True,False,False
2026-06-23T05:00:00+00:00,2026-06-23T08:00:00+03:00,2026-06,EBM0626,2237.49892609246,EPIAS_VEP:EBM0626,True,False,False
2026-06-23T06:00:00+00:00,2026-06-23T09:00:00+03:00,2026-06,EBM0626,2237.499070974716,EPIAS_VEP:EBM0626,True,False,False
2026-06-23T07:00:00+00:00,2026-06-23T10:00:00+03:00,2026-06,EBM0626,2237.499221239063,EPIAS_VEP:EBM0626,True,False,False
2026-06-23T08:00:00+00:00,2026-06-23T11:00:00+03:00,2026-06,EBM0626,2237.499376090669,EPIAS_VEP:EBM0626,True,False,False
2026-06-23T09:00:00+00:00,2026-06-23T12:00:00+03:00,2026-06,EBM0626,2237.499534564669,EPIAS_VEP:EBM0626,True,False,False
2026-06-23T10:00:00+00:00,2026-06-23T13:00:00+03:00,2026-06,EBM0626,2237.49969551068,EPIAS_VEP:EBM0626,True,False,False
2026-06-23T11:00:00+00:00,2026-06-23T14:00:00+03:00,2026-06,EBM0626,2237.499857576954,EPIAS_VEP:EBM0626,True,False,False
2026-06-23T12:00:00+00:00,2026-06-23T15:00:00+03:00,2026-06,EBM0626,2237.500019194285,EPIAS_VEP:EBM0626,True,False,False
2026-06-23T13:00:00+00:00,2026-06-23T16:00:00+03:00,2026-06,EBM0626,2237.5001785598,EPIAS_VEP:EBM0626,True,False,False
2026-06-23T14:00:00+00:00,2026-06-23T17:00:00+03:00,2026-06,EBM0626,2237.5003336207988,EPIAS_VEP:EBM0626,True,False,False
2026-06-23T15:00:00+00:00,2026-06-23T18:00:00+03:00,2026-06,EBM0626,2237.500482058818,EPIAS_VEP:EBM0626,True,False,False
2026-06-23T16:00:00+00:00,2026-06-23T19:00:00+03:00,2026-06,EBM0626,2237.5006212741246,EPIAS_VEP:EBM0626,True,False,False
2026-06-23T17:00:00+00:00,2026-06-23T20:00:00+03:00,2026-06,EBM0626,2237.500748370871,EPIAS_VEP:EBM0626,True,False,False
2026-06-23T18:00:00+00:00,2026-06-23T21:00:00+03:00,2026-06,EBM0626,2237.5008601431737,EPIAS_VEP:EBM0626,True,False,False
2026-06-23T19:00:00+00:00,2026-06-23T22:00:00+03:00,2026-06,EBM0626,2237.500953062404,EPIAS_VEP:EBM0626,True,False,False
2026-06-23T20:00:00+00:00,2026-06-23T23:00:00+03:00,2026-06,EBM0626,2237.50102326601,EPIAS_VEP:EBM0626,True,False,False
2026-06-23T21:00:00+00:00,2026-06-24T00:00:00+03:00,2026-06,EBM0626,2237.501066548227,EPIAS_VEP:EBM0626,True,False,False
2026-06-23T22:00:00+00:00,2026-06-24T01:00:00+03:00,2026-06,EBM0626,2237.501078353053,EPIAS_VEP:EBM0626,True,False,False
2026-06-23T23:00:00+00:00,2026-06-24T02:00:00+03:00,2026-06,EBM0626,2237.5010537699254,EPIAS_VEP:EBM0626,True,False,False
2026-06-24T00:00:00+00:00,2026-06-24T03:00:00+03:00,2026-06,EBM0626,2237.500987532539,EPIAS_VEP:EBM0626,True,False,False
2026-06-24T01:00:00+00:00,2026-06-24T04:00:00+03:00,2026-06,EBM0626,2237.500874021303,EPIAS_VEP:EBM0626,True,False,False
2026-06-24T02:00:00+00:00,2026-06-24T05:00:00+03:00,2026-06,EBM0626,2237.5007072699646,EPIAS_VEP:EBM0626,True,False,False
2026-06-24T03:00:00+00:00,2026-06-24T06:00:00+03:00,2026-06,EBM0626,2237.5004809769616,EPIAS_VEP:EBM0626,True,False,False
2026-06-24T04:00:00+00:00,2026-06-24T07:00:00+03:00,2026-06,EBM0626,2237.500188522097,EPIAS_VEP:EBM0626,True,False,False
2026-06-24T05:00:00+00:00,2026-06-24T08:00:00+03:00,2026-06,EBM0626,2237.499822989167,EPIAS_VEP:EBM0626,True,False,False
2026-06-24T06:00:00+00:00,2026-06-24T09:00:00+03:00,2026-06,EBM0626,2237.499377195209,EPIAS_VEP:EBM0626,True,False,False
2026-06-24T07:00:00+00:00,2026-06-24T10:00:00+03:00,2026-06,EBM0626,2237.4988437270526,EPIAS_VEP:EBM0626,True,False,False
2026-06-24T08:00:00+00:00,2026-06-24T11:00:00+03:00,2026-06,EBM0626,2237.4982149858997,EPIAS_VEP:EBM0626,True,False,False
2026-06-24T09:00:00+00:00,2026-06-24T12:00:00+03:00,2026-06,EBM0626,2237.4974832406724,EPIAS_VEP:EBM0626,True,False,False
2026-06-24T10:00:00+00:00,2026-06-24T13:00:00+03:00,2026-06,EBM0626,2237.4966406908848,EPIAS_VEP:EBM0626,True,False,False
2026-06-24T11:00:00+00:00,2026-06-24T14:00:00+03:00,2026-06,EBM0626,2237.4956795398202,EPIAS_VEP:EBM0626,True,False,False
2026-06-24T12:00:00+00:00,2026-06-24T15:00:00+03:00,2026-06,EBM0626,2237.494592078784,EPIAS_VEP:EBM0626,True,False,False
2026-06-24T13:00:00+00:00,2026-06-24T16:00:00+03:00,2026-06,EBM0626,2237.49337078322,EPIAS_VEP:EBM0626,True,False,False
2026-06-24T14:00:00+00:00,2026-06-24T17:00:00+03:00,2026-06,EBM0626,2237.4920084214546,EPIAS_VEP:EBM0626,True,False,False
2026-06-24T15:00:00+00:00,2026-06-24T18:00:00+03:00,2026-06,EBM0626,2237.490498176827,EPIAS_VEP:EBM0626,True,False,False
2026-06-24T16:00:00+00:00,2026-06-24T19:00:00+03:00,2026-06,EBM0626,2237.4888337839266,EPIAS_VEP:EBM0626,True,False,False
2026-06-24T17:00:00+00:00,2026-06-24T20:00:00+03:00,2026-06,EBM0626,2237.4870096796176,EPIAS_VEP:EBM0626,True,False,False
2026-06-24T18:00:00+00:00,2026-06-24T21:00:00+03:00,2026-06,EBM0626,2237.485021169477,EPIAS_VEP:EBM0626,True,False,False
2026-06-24T19:00:00+00:00,2026-06-24T22:00:00+03:00,2026-06,EBM0626,2237.482864610205,EPIAS_VEP:EBM0626,True,False,False
2026-06-24T20:00:00+00:00,2026-06-24T23:00:00+03:00,2026-06,EBM0626,2237.4805376084773,EPIAS_VEP:EBM0626,True,False,False
2026-06-24T21:00:00+00:00,2026-06-25T00:00:00+03:00,2026-06,EBM0626,2237.4780392365997,EPIAS_VEP:EBM0626,True,False,False
2026-06-24T22:00:00+00:00,2026-06-25T01:00:00+03:00,2026-06,EBM0626,2237.47537026521,EPIAS_VEP:EBM0626,True,False,False
2026-06-24T23:00:00+00:00,2026-06-25T02:00:00+03:00,2026-06,EBM0626,2237.4725334131144,EPIAS_VEP:EBM0626,True,False,False
2026-06-25T00:00:00+00:00,2026-06-25T03:00:00+03:00,2026-06,EBM0626,2237.4695336141845,EPIAS_VEP:EBM0626,True,False,False
2026-06-25T01:00:00+00:00,2026-06-25T04:00:00+03:00,2026-06,EBM0626,2237.4663783010433,EPIAS_VEP:EBM0626,True,False,False
2026-06-25T02:00:00+00:00,2026-06-25T05:00:00+03:00,2026-06,EBM0626,2237.463077705044,EPIAS_VEP:EBM0626,True,False,False
2026-06-25T03:00:00+00:00,2026-06-25T06:00:00+03:00,2026-06,EBM0626,2237.459645171801,EPIAS_VEP:EBM0626,True,False,False
2026-06-25T04:00:00+00:00,2026-06-25T07:00:00+03:00,2026-06,EBM0626,2237.456097491252,EPIAS_VEP:EBM0626,True,False,False
2026-06-25T05:00:00+00:00,2026-06-25T08:00:00+03:00,2026-06,EBM0626,2237.4524552409066,EPIAS_VEP:EBM0626,True,False,False
2026-06-25T06:00:00+00:00,2026-06-25T09:00:00+03:00,2026-06,EBM0626,2237.4487431406196,EPIAS_VEP:EBM0626,True,False,False
2026-06-25T07:00:00+00:00,2026-06-25T10:00:00+03:00,2026-06,EBM0626,2237.444990416815,EPIAS_VEP:EBM0626,True,False,False
2026-06-25T08:00:00+00:00,2026-06-25T11:00:00+03:00,2026-06,EBM0626,2237.441231173695,EPIAS_VEP:EBM0626,True,False,False
2026-06-25T09:00:00+00:00,2026-06-25T12:00:00+03:00,2026-06,EBM0626,2237.437504768513,EPIAS_VEP:EBM0626,True,False,False
2026-06-25T10:00:00+00:00,2026-06-25T13:00:00+03:00,2026-06,EBM0626,2237.4338561874965,EPIAS_VEP:EBM0626,True,False,False
2026-06-25T11:00:00+00:00,2026-06-25T14:00:00+03:00,2026-06,EBM0626,2237.4303364184884,EPIAS_VEP:EBM0626,True,False,False
2026-06-25T12:00:00+00:00,2026-06-25T15:00:00+03:00,2026-06,EBM0626,2237.427002815805,EPIAS_VEP:EBM0626,True,False,False
2026-06-25T13:00:00+00:00,2026-06-25T16:00:00+03:00,2026-06,EBM0626,2237.4239194522133,EPIAS_VEP:EBM0626,True,False,False
2026-06-25T14:00:00+00:00,2026-06-25T17:00:00+03:00,2026-06,EBM0626,2237.4211574522915,EPIAS_VEP:EBM0626,True,False,False
2026-06-25T15:00:00+00:00,2026-06-25T18:00:00+03:00,2026-06,EBM0626,2237.418795300765,EPIAS_VEP:EBM0626,True,False,False
2026-06-25T16:00:00+00:00,2026-06-25T19:00:00+03:00,2026-06,EBM0626,2237.4169191187066,EPIAS_VEP:EBM0626,True,False,False
2026-06-25T17:00:00+00:00,2026-06-25T20:00:00+03:00,2026-06,EBM0626,2237.415622899752,EPIAS_VEP:EBM0626,True,False,False
2026-06-25T18:00:00+00:00,2026-06-25T21:00:00+03:00,2026-06,EBM0626,2237.4150086977174,EPIAS_VEP:EBM0626,True,False,False
2026-06-25T19:00:00+00:00,2026-06-25T22:00:00+03:00,2026-06,EBM0626,2237.4151867562214,EPIAS_VEP:EBM0626,True,False,False
2026-06-25T20:00:00+00:00,2026-06-25T23:00:00+03:00,2026-06,EBM0626,2237.4162755701045,EPIAS_VEP:EBM0626,True,False,False
2026-06-25T21:00:00+00:00,2026-06-26T00:00:00+03:00,2026-06,EBM0626,2237.4184018676237,EPIAS_VEP:EBM0626,True,False,False
2026-06-25T22:00:00+00:00,2026-06-26T01:00:00+03:00,2026-06,EBM0626,2237.4217005015707,EPIAS_VEP:EBM0626,True,False,False
2026-06-25T23:00:00+00:00,2026-06-26T02:00:00+03:00,2026-06,EBM0626,2237.426314236642,EPIAS_VEP:EBM0626,True,False,False
2026-06-26T00:00:00+00:00,2026-06-26T03:00:00+03:00,2026-06,EBM0626,2237.4323934195763,EPIAS_VEP:EBM0626,True,False,False
2026-06-26T01:00:00+00:00,2026-06-26T04:00:00+03:00,2026-06,EBM0626,2237.4400955177784,EPIAS_VEP:EBM0626,True,False,False
2026-06-26T02:00:00+00:00,2026-06-26T05:00:00+03:00,2026-06,EBM0626,2237.4495845114043,EPIAS_VEP:EBM0626,True,False,False
2026-06-26T03:00:00+00:00,2026-06-26T06:00:00+03:00,2026-06,EBM0626,2237.461030123149,EPIAS_VEP:EBM0626,True,False,False
2026-06-26T04:00:00+00:00,2026-06-26T07:00:00+03:00,2026-06,EBM0626,2237.4746068693494,EPIAS_VEP:EBM0626,True,False,False
2026-06-26T05:00:00+00:00,2026-06-26T08:00:00+03:00,2026-06,EBM0626,2237.490492915421,EPIAS_VEP:EBM0626,True,False,False
2026-06-26T06:00:00+00:00,2026-06-26T09:00:00+03:00,2026-06,EBM0626,2237.5088687181833,EPIAS_VEP:EBM0626,True,False,False
2026-06-26T07:00:00+00:00,2026-06-26T10:00:00+03:00,2026-06,EBM0626,2237.5299154372597,EPIAS_VEP:EBM0626,True,False,False
2026-06-26T08:00:00+00:00,2026-06-26T11:00:00+03:00,2026-06,EBM0626,2237.5538130974924,EPIAS_VEP:EBM0626,True,False,False
2026-06-26T09:00:00+00:00,2026-06-26T12:00:00+03:00,2026-06,EBM0626,2237.580738484273,EPIAS_VEP:EBM0626,True,False,False
2026-06-26T10:00:00+00:00,2026-06-26T13:00:00+03:00,2026-06,EBM0626,2237.610862753773,EPIAS_VEP:EBM0626,True,False,False
2026-06-26T11:00:00+00:00,2026-06-26T14:00:00+03:00,2026-06,EBM0626,2237.644348740408,EPIAS_VEP:EBM0626,True,False,False
2026-06-26T12:00:00+00:00,2026-06-26T15:00:00+03:00,2026-06,EBM0626,2237.6813479444118,EPIAS_VEP:EBM0626,True,False,False
2026-06-26T13:00:00+00:00,2026-06-26T16:00:00+03:00,2026-06,EBM0626,2237.7219971832355,EPIAS_VEP:EBM0626,True,False,False
2026-06-26T14:00:00+00:00,2026-06-26T17:00:00+03:00,2026-06,EBM0626,2237.766414891627,EPIAS_VEP:EBM0626,True,False,False
2026-06-26T15:00:00+00:00,2026-06-26T18:00:00+03:00,2026-06,EBM0626,2237.814697056708,EPIAS_VEP:EBM0626,True,False,False
2026-06-26T16:00:00+00:00,2026-06-26T19:00:00+03:00,2026-06,EBM0626,2237.866912776205,EPIAS_VEP:EBM0626,True,False,False
2026-06-26T17:00:00+00:00,2026-06-26T20:00:00+03:00,2026-06,EBM0626,2237.9230994302284,EPIAS_VEP:EBM0626,True,False,False
2026-06-26T18:00:00+00:00,2026-06-26T21:00:00+03:00,2026-06,EBM0626,2237.9832574597035,EPIAS_VEP:EBM0626,True,False,False
2026-06-26T19:00:00+00:00,2026-06-26T22:00:00+03:00,2026-06,EBM0626,2238.047344747705,EPIAS_VEP:EBM0626,True,False,False
2026-06-26T20:00:00+00:00,2026-06-26T23:00:00+03:00,2026-06,EBM0626,2238.1152706036546,EPIAS_VEP:EBM0626,True,False,False
2026-06-26T21:00:00+00:00,2026-06-27T00:00:00+03:00,2026-06,EBM0626,2238.1868893545907,EPIAS_VEP:EBM0626,True,False,False
2026-06-26T22:00:00+00:00,2026-06-27T01:00:00+03:00,2026-06,EBM0626,2238.261993552584,EPIAS_VEP:EBM0626,True,False,False
2026-06-26T23:00:00+00:00,2026-06-27T02:00:00+03:00,2026-06,EBM0626,2238.3403068128605,EPIAS_VEP:EBM0626,True,False,False
2026-06-27T00:00:00+00:00,2026-06-27T03:00:00+03:00,2026-06,EBM0626,2238.421476303382,EPIAS_VEP:EBM0626,True,False,False
2026-06-27T01:00:00+00:00,2026-06-27T04:00:00+03:00,2026-06,EBM0626,2238.5050649135214,EPIAS_VEP:EBM0626,True,False,False
2026-06-27T02:00:00+00:00,2026-06-27T05:00:00+03:00,2026-06,EBM0626,2238.5905431371134,EPIAS_VEP:EBM0626,True,False,False
2026-06-27T03:00:00+00:00,2026-06-27T06:00:00+03:00,2026-06,EBM0626,2238.677280713594,EPIAS_VEP:EBM0626,True,False,False
2026-06-27T04:00:00+00:00,2026-06-27T07:00:00+03:00,2026-06,EBM0626,2238.7645380801755,EPIAS_VEP:EBM0626,True,False,False
2026-06-27T05:00:00+00:00,2026-06-27T08:00:00+03:00,2026-06,EBM0626,2238.8514576980942,EPIAS_VEP:EBM0626,True,False,False
2026-06-27T06:00:00+00:00,2026-06-27T09:00:00+03:00,2026-06,EBM0626,2238.9370553268677,EPIAS_VEP:EBM0626,True,False,False
2026-06-27T07:00:00+00:00,2026-06-27T10:00:00+03:00,2026-06,EBM0626,2239.0202113323367,EPIAS_VEP:EBM0626,True,False,False
2026-06-27T08:00:00+00:00,2026-06-27T11:00:00+03:00,2026-06,EBM0626,2239.0996621269014,EPIAS_VEP:EBM0626,True,False,False
2026-06-27T09:00:00+00:00,2026-06-27T12:00:00+03:00,2026-06,EBM0626,2239.173991853918,EPIAS_VEP:EBM0626,True,False,False
2026-06-27T10:00:00+00:00,2026-06-27T13:00:00+03:00,2026-06,EBM0626,2239.241624442622,EPIAS_VEP:EBM0626,True,False,False
2026-06-27T11:00:00+00:00,2026-06-27T14:00:00+03:00,2026-06,EBM0626,2239.3008161751573,EPIAS_VEP:EBM0626,True,False,False
2026-06-27T12:00:00+00:00,2026-06-27T15:00:00+03:00,2026-06,EBM0626,2239.3496489233144,EPIAS_VEP:EBM0626,True,False,False
2026-06-27T13:00:00+00:00,2026-06-27T16:00:00+03:00,2026-06,EBM0626,2239.3860242293586,EPIAS_VEP:EBM0626,True,False,False
2026-06-27T14:00:00+00:00,2026-06-27T17:00:00+03:00,2026-06,EBM0626,2239.4076584227546,EPIAS_VEP:EBM0626,True,False,False
2026-06-27T15:00:00+00:00,2026-06-27T18:00:00+03:00,2026-06,EBM0626,2239.4120789826366,EPIAS_VEP:EBM0626,True,False,False
2026-06-27T16:00:00+00:00,2026-06-27T19:00:00+03:00,2026-06,EBM0626,2239.396622374388,EPIAS_VEP:EBM0626,True,False,False
2026-06-27T17:00:00+00:00,2026-06-27T20:00:00+03:00,2026-06,EBM0626,2239.358433607586,EPIAS_VEP:EBM0626,True,False,False
2026-06-27T18:00:00+00:00,2026-06-27T21:00:00+03:00,2026-06,EBM0626,2239.294467781663,EPIAS_VEP:EBM0626,True,False,False
2026-06-27T19:00:00+00:00,2026-06-27T22:00:00+03:00,2026-06,EBM0626,2239.2014939047826,EPIAS_VEP:EBM0626,True,False,False
2026-06-27T20:00:00+00:00,2026-06-27T23:00:00+03:00,2026-06,EBM0626,2239.0761012904227,EPIAS_VEP:EBM0626,True,False,False
2026-06-27T21:00:00+00:00,2026-06-28T00:00:00+03:00,2026-06,EBM0626,2238.9147088547634,EPIAS_VEP:EBM0626,True,False,False
2026-06-27T22:00:00+00:00,2026-06-28T01:00:00+03:00,2026-06,EBM0626,2238.7135776559476,EPIAS_VEP:EBM0626,True,False,False
2026-06-27T23:00:00+00:00,2026-06-28T02:00:00+03:00,2026-06,EBM0626,2238.4688270333254,EPIAS_VEP:EBM0626,True,False,False
2026-06-28T00:00:00+00:00,2026-06-28T03:00:00+03:00,2026-06,EBM0626,2238.1764547205726,EPIAS_VEP:EBM0626,True,False,False
2026-06-28T01:00:00+00:00,2026-06-28T04:00:00+03:00,2026-06,EBM0626,2237.832361320753,EPIAS_VEP:EBM0626,True,False,False
2026-06-28T02:00:00+00:00,2026-06-28T05:00:00+03:00,2026-06,EBM0626,2237.4323795435503,EPIAS_VEP:EBM0626,True,False,False
2026-06-28T03:00:00+00:00,2026-06-28T06:00:00+03:00,2026-06,EBM0626,2236.972308614607,EPIAS_VEP:EBM0626,True,False,False
2026-06-28T04:00:00+00:00,2026-06-28T07:00:00+03:00,2026-06,EBM0626,2236.4479542737026,EPIAS_VEP:EBM0626,True,False,False
2026-06-28T05:00:00+00:00,2026-06-28T08:00:00+03:00,2026-06,EBM0626,2235.8551747818474,EPIAS_VEP:EBM0626,True,False,False
2026-06-28T06:00:00+00:00,2026-06-28T09:00:00+03:00,2026-06,EBM0626,2235.1899333567153,EPIAS_VEP:EBM0626,True,False,False
2026-06-28T07:00:00+00:00,2026-06-28T10:00:00+03:00,2026-06,EBM0626,2234.448357450595,EPIAS_VEP:EBM0626,True,False,False
2026-06-28T08:00:00+00:00,2026-06-28T11:00:00+03:00,2026-06,EBM0626,2233.6268052745304,EPIAS_VEP:EBM0626,True,False,False
2026-06-28T09:00:00+00:00,2026-06-28T12:00:00+03:00,2026-06,EBM0626,2232.721939955913,EPIAS_VEP:EBM0626,True,False,False
2026-06-28T10:00:00+00:00,2026-06-28T13:00:00+03:00,2026-06,EBM0626,2231.7308116936974,EPIAS_VEP:EBM0626,True,False,False
2026-06-28T11:00:00+00:00,2026-06-28T14:00:00+03:00,2026-06,EBM0626,2230.6509482449364,EPIAS_VEP:EBM0626,True,False,False
2026-06-28T12:00:00+00:00,2026-06-28T15:00:00+03:00,2026-06,EBM0626,2229.480454037605,EPIAS_VEP:EBM0626,True,False,False
2026-06-28T13:00:00+00:00,2026-06-28T16:00:00+03:00,2026-06,EBM0626,2228.2181181569454,EPIAS_VEP:EBM0626,True,False,False
2026-06-28T14:00:00+00:00,2026-06-28T17:00:00+03:00,2026-06,EBM0626,2226.8635313948903,EPIAS_VEP:EBM0626,True,False,False
2026-06-28T15:00:00+00:00,2026-06-28T18:00:00+03:00,2026-06,EBM0626,2225.4172124836455,EPIAS_VEP:EBM0626,True,False,False
2026-06-28T16:00:00+00:00,2026-06-28T19:00:00+03:00,2026-06,EBM0626,2223.880743554371,EPIAS_VEP:EBM0626,True,False,False
2026-06-28T17:00:00+00:00,2026-06-28T20:00:00+03:00,2026-06,EBM0626,2222.2569147690706,EPIAS_VEP:EBM0626,True,False,False
2026-06-28T18:00:00+00:00,2026-06-28T21:00:00+03:00,2026-06,EBM0626,2220.5498779674863,EPIAS_VEP:EBM0626,True,False,False
2026-06-28T19:00:00+00:00,2026-06-28T22:00:00+03:00,2026-06,EBM0626,2218.7653090499975,EPIAS_VEP:EBM0626,True,False,False
2026-06-28T20:00:00+00:00,2026-06-28T23:00:00+03:00,2026-06,EBM0626,2216.910578681279,EPIAS_VEP:EBM0626,True,False,False
2026-06-28T21:00:00+00:00,2026-06-29T00:00:00+03:00,2026-06,EBM0626,2214.994930747192,EPIAS_VEP:EBM0626,True,False,False
2026-06-28T22:00:00+00:00,2026-06-29T01:00:00+03:00,2026-06,EBM0626,2213.029667827823,EPIAS_VEP:EBM0626,True,False,False
2026-06-28T23:00:00+00:00,2026-06-29T02:00:00+03:00,2026-06,EBM0626,2211.028342762275,EPIAS_VEP:EBM0626,True,False,False
2026-06-29T00:00:00+00:00,2026-06-29T03:00:00+03:00,2026-06,EBM0626,2209.006955174961,EPIAS_VEP:EBM0626,True,False,False
2026-06-29T01:00:00+00:00,2026-06-29T04:00:00+03:00,2026-06,EBM0626,2206.984151608111,EPIAS_VEP:EBM0626,True,False,False
2026-06-29T02:00:00+00:00,2026-06-29T05:00:00+03:00,2026-06,EBM0626,2204.9814276605293,EPIAS_VEP:EBM0626,True,False,False
2026-06-29T03:00:00+00:00,2026-06-29T06:00:00+03:00,2026-06,EBM0626,2203.023330267951,EPIAS_VEP:EBM0626,True,False,False
2026-06-29T04:00:00+00:00,2026-06-29T07:00:00+03:00,2026-06,EBM0626,2201.137657975438,EPIAS_VEP:EBM0626,True,False,False
2026-06-29T05:00:00+00:00,2026-06-29T08:00:00+03:00,2026-06,EBM0626,2199.3556567471155,EPIAS_VEP:EBM0626,True,False,False
2026-06-29T06:00:00+00:00,2026-06-29T09:00:00+03:00,2026-06,EBM0626,2197.7122085334036,EPIAS_VEP:EBM0626,True,False,False
2026-06-29T07:00:00+00:00,2026-06-29T10:00:00+03:00,2026-06,EBM0626,2196.246009471139,EPIAS_VEP:EBM0626,True,False,False
2026-06-29T08:00:00+00:00,2026-06-29T11:00:00+03:00,2026-06,EBM0626,2194.9997342283987,EPIAS_VEP:EBM0626,True,False,False
2026-06-29T09:00:00+00:00,2026-06-29T12:00:00+03:00,2026-06,EBM0626,2194.0201826244033,EPIAS_VEP:EBM0626,True,False,False
2026-06-29T10:00:00+00:00,2026-06-29T13:00:00+03:00,2026-06,EBM0626,2193.358404257042,EPIAS_VEP:EBM0626,True,False,False
2026-06-29T11:00:00+00:00,2026-06-29T14:00:00+03:00,2026-06,EBM0626,2193.0697964580327,EPIAS_VEP:EBM0626,True,False,False
2026-06-29T12:00:00+00:00,2026-06-29T15:00:00+03:00,2026-06,EBM0626,2193.2141704707606,EPIAS_VEP:EBM0626,True,False,False
2026-06-29T13:00:00+00:00,2026-06-29T16:00:00+03:00,2026-06,EBM0626,2193.855780311056,EPIAS_VEP:EBM0626,True,False,False
2026-06-29T14:00:00+00:00,2026-06-29T17:00:00+03:00,2026-06,EBM0626,2195.0633083297957,EPIAS_VEP:EBM0626,True,False,False
2026-06-29T15:00:00+00:00,2026-06-29T18:00:00+03:00,2026-06,EBM0626,2196.909801051917,EPIAS_VEP:EBM0626,True,False,False
2026-06-29T16:00:00+00:00,2026-06-29T19:00:00+03:00,2026-06,EBM0626,2199.4725484236155,EPIAS_VEP:EBM0626,True,False,False
2026-06-29T17:00:00+00:00,2026-06-29T20:00:00+03:00,2026-06,EBM0626,2202.8328991630756,EPIAS_VEP:EBM0626,True,False,False
2026-06-29T18:00:00+00:00,2026-06-29T21:00:00+03:00,2026-06,EBM0626,2207.07600448573,EPIAS_VEP:EBM0626,True,False,False
2026-06-29T19:00:00+00:00,2026-06-29T22:00:00+03:00,2026-06,EBM0626,2212.290482069187,EPIAS_VEP:EBM0626,True,False,False
2026-06-29T20:00:00+00:00,2026-06-29T23:00:00+03:00,2026-06,EBM0626,2218.567991742697,EPIAS_VEP:EBM0626,True,False,False
2026-06-29T21:00:00+00:00,2026-06-30T00:00:00+03:00,2026-06,EBM0626,2226.0027140393977,EPIAS_VEP:EBM0626,True,False,False
2026-06-29T22:00:00+00:00,2026-06-30T01:00:00+03:00,2026-06,EBM0626,2234.6907224453425,EPIAS_VEP:EBM0626,True,False,False
2026-06-29T23:00:00+00:00,2026-06-30T02:00:00+03:00,2026-06,EBM0626,2244.729239927274,EPIAS_VEP:EBM0626,True,False,False
2026-06-30T00:00:00+00:00,2026-06-30T03:00:00+03:00,2026-06,EBM0626,2256.2157701317838,EPIAS_VEP:EBM0626,True,False,False
2026-06-30T01:00:00+00:00,2026-06-30T04:00:00+03:00,2026-06,EBM0626,2269.247093533562,EPIAS_VEP:EBM0626,True,False,False
2026-06-30T02:00:00+00:00,2026-06-30T05:00:00+03:00,2026-06,EBM0626,2283.9181187823756,EPIAS_VEP:EBM0626,True,False,False
2026-06-30T03:00:00+00:00,2026-06-30T06:00:00+03:00,2026-06,EBM0626,2300.3205795707304,EPIAS_VEP:EBM0626,True,False,False
2026-06-30T04:00:00+00:00,2026-06-30T07:00:00+03:00,2026-06,EBM0626,2318.541567531346,EPIAS_VEP:EBM0626,True,False,False
2026-06-30T05:00:00+00:00,2026-06-30T08:00:00+03:00,2026-06,EBM0626,2338.6618919910775,EPIAS_VEP:EBM0626,True,False,False
2026-06-30T06:00:00+00:00,2026-06-30T09:00:00+03:00,2026-06,EBM0626,2360.754257872118,EPIAS_VEP:EBM0626,True,False,False
2026-06-30T07:00:00+00:00,2026-06-30T10:00:00+03:00,2026-06,EBM0626,2384.8812536595565,EPIAS_VEP:EBM0626,True,False,False
2026-06-30T08:00:00+00:00,2026-06-30T11:00:00+03:00,2026-06,EBM0626,2411.0931421647847,EPIAS_VEP:EBM0626,True,False,False
2026-06-30T09:00:00+00:00,2026-06-30T12:00:00+03:00,2026-06,EBM0626,2439.425447825923,EPIAS_VEP:EBM0626,True,False,False
2026-06-30T10:00:00+00:00,2026-06-30T13:00:00+03:00,2026-06,EBM0626,2469.896335518967,EPIAS_VEP:EBM0626,True,False,False
2026-06-30T11:00:00+00:00,2026-06-30T14:00:00+03:00,2026-06,EBM0626,2502.5037773272193,EPIAS_VEP:EBM0626,True,False,False
2026-06-30T12:00:00+00:00,2026-06-30T15:00:00+03:00,2026-06,EBM0626,2537.222505452523,EPIAS_VEP:EBM0626,True,False,False
2026-06-30T13:00:00+00:00,2026-06-30T16:00:00+03:00,2026-06,EBM0626,2574.00075147108,EPIAS_VEP:EBM0626,True,False,False
2026-06-30T14:00:00+00:00,2026-06-30T17:00:00+03:00,2026-06,EBM0626,2612.756774460626,EPIAS_VEP:EBM0626,True,False,False
2026-06-30T15:00:00+00:00,2026-06-30T18:00:00+03:00,2026-06,EBM0626,2653.3751831758304,EPIAS_VEP:EBM0626,True,False,False
2026-06-30T16:00:00+00:00,2026-06-30T19:00:00+03:00,2026-06,EBM0626,2695.7030604461647,EPIAS_VEP:EBM0626,True,False,False
2026-06-30T17:00:00+00:00,2026-06-30T20:00:00+03:00,2026-06,EBM0626,2739.5459013346876,EPIAS_VEP:EBM0626,True,False,False
2026-06-30T18:00:00+00:00,2026-06-30T21:00:00+03:00,2026-06,EBM0626,2784.6633803503887,EPIAS_VEP:EBM0626,True,False,False
2026-06-30T19:00:00+00:00,2026-06-30T22:00:00+03:00,2026-06,EBM0626,2830.764967164581,EPIAS_VEP:EBM0626,True,False,False
2026-06-30T20:00:00+00:00,2026-06-30T23:00:00+03:00,2026-06,EBM0626,2877.5054148634235,EPIAS_VEP:EBM0626,True,False,False
2026-06-30T21:00:00+00:00,2026-07-01T00:00:00+03:00,2026-07,EBM0726,2924.480149787514,EPIAS_VEP:EBM0726,True,False,False
2026-06-30T22:00:00+00:00,2026-07-01T01:00:00+03:00,2026-07,EBM0726,2971.220597488055,EPIAS_VEP:EBM0726,True,False,False
2026-06-30T23:00:00+00:00,2026-07-01T02:00:00+03:00,2026-07,EBM0726,3017.322184305637,EPIAS_VEP:EBM0726,True,False,False
2026-07-01T00:00:00+00:00,2026-07-01T03:00:00+03:00,2026-07,EBM0726,3062.439663325469,EPIAS_VEP:EBM0726,True,False,False
2026-07-01T01:00:00+00:00,2026-07-01T04:00:00+03:00,2026-07,EBM0726,3106.2825042186955,EPIAS_VEP:EBM0726,True,False,False
2026-07-01T02:00:00+00:00,2026-07-01T05:00:00+03:00,2026-07,EBM0726,3148.610381494496,EPIAS_VEP:EBM0726,True,False,False
2026-07-01T03:00:00+00:00,2026-07-01T06:00:00+03:00,2026-07,EBM0726,3189.228790215994,EPIAS_VEP:EBM0726,True,False,False
2026-07-01T04:00:00+00:00,2026-07-01T07:00:00+03:00,2026-07,EBM0726,3227.984813212533,EPIAS_VEP:EBM0726,True,False,False
2026-07-01T05:00:00+00:00,2026-07-01T08:00:00+03:00,2026-07,EBM0726,3264.7630592388005,EPIAS_VEP:EBM0726,True,False,False
2026-07-01T06:00:00+00:00,2026-07-01T09:00:00+03:00,2026-07,EBM0726,3299.481787372531,EPIAS_VEP:EBM0726,True,False,False
2026-07-01T07:00:00+00:00,2026-07-01T10:00:00+03:00,2026-07,EBM0726,3332.089229189901,EPIAS_VEP:EBM0726,True,False,False
2026-07-01T08:00:00+00:00,2026-07-01T11:00:00+03:00,2026-07,EBM0726,3362.5601168927165,EPIAS_VEP:EBM0726,True,False,False
2026-07-01T09:00:00+00:00,2026-07-01T12:00:00+03:00,2026-07,EBM0726,3390.892422564233,EPIAS_VEP:EBM0726,True,False,False
2026-07-01T10:00:00+00:00,2026-07-01T13:00:00+03:00,2026-07,EBM0726,3417.1043110803835,EPIAS_VEP:EBM0726,True,False,False
2026-07-01T11:00:00+00:00,2026-07-01T14:00:00+03:00,2026-07,EBM0726,3441.2313068792087,EPIAS_VEP:EBM0726,True,False,False
2026-07-01T12:00:00+00:00,2026-07-01T15:00:00+03:00,2026-07,EBM0726,3463.3236727720096,EPIAS_VEP:EBM0726,True,False,False
2026-07-01T13:00:00+00:00,2026-07-01T16:00:00+03:00,2026-07,EBM0726,3483.443997243768,EPIAS_VEP:EBM0726,True,False,False
2026-07-01T14:00:00+00:00,2026-07-01T17:00:00+03:00,2026-07,EBM0726,3501.664985216556,EPIAS_VEP:EBM0726,True,False,False
2026-07-01T15:00:00+00:00,2026-07-01T18:00:00+03:00,2026-07,EBM0726,3518.067446017089,EPIAS_VEP:EBM0726,True,False,False
2026-07-01T16:00:00+00:00,2026-07-01T19:00:00+03:00,2026-07,EBM0726,3532.738471277927,EPIAS_VEP:EBM0726,True,False,False
2026-07-01T17:00:00+00:00,2026-07-01T20:00:00+03:00,2026-07,EBM0726,3545.769794691394,EPIAS_VEP:EBM0726,True,False,False
2026-07-01T18:00:00+00:00,2026-07-01T21:00:00+03:00,2026-07,EBM0726,3557.2563249070554,EPIAS_VEP:EBM0726,True,False,False
2026-07-01T19:00:00+00:00,2026-07-01T22:00:00+03:00,2026-07,EBM0726,3567.2948423993744,EPIAS_VEP:EBM0726,True,False,False
2026-07-01T20:00:00+00:00,2026-07-01T23:00:00+03:00,2026-07,EBM0726,3575.9828508146907,EPIAS_VEP:EBM0726,True,False,False
2026-07-01T21:00:00+00:00,2026-07-02T00:00:00+03:00,2026-07,EBM0726,3583.417573119471,EPIAS_VEP:EBM0726,True,False,False
2026-07-01T22:00:00+00:00,2026-07-02T01:00:00+03:00,2026-07,EBM0726,3589.6950827994674,EPIAS_VEP:EBM0726,True,False,False
2026-07-01T23:00:00+00:00,2026-07-02T02:00:00+03:00,2026-07,EBM0726,3594.909560387488,EPIAS_VEP:EBM0726,True,False,False
2026-07-02T00:00:00+00:00,2026-07-02T03:00:00+03:00,2026-07,EBM0726,3599.152665712426,EPIAS_VEP:EBM0726,True,False,False
2026-07-02T01:00:00+00:00,2026-07-02T04:00:00+03:00,2026-07,EBM0726,3602.513016451503,EPIAS_VEP:EBM0726,True,False,False
2026-07-02T02:00:00+00:00,2026-07-02T05:00:00+03:00,2026-07,EBM0726,3605.075763819736,EPIAS_VEP:EBM0726,True,False,False
2026-07-02T03:00:00+00:00,2026-07-02T06:00:00+03:00,2026-07,EBM0726,3606.9222565356667,EPIAS_VEP:EBM0726,True,False,False
2026-07-02T04:00:00+00:00,2026-07-02T07:00:00+03:00,2026-07,EBM0726,3608.129784545822,EPIAS_VEP:EBM0726,True,False,False
2026-07-02T05:00:00+00:00,2026-07-02T08:00:00+03:00,2026-07,EBM0726,3608.771394375443,EPIAS_VEP:EBM0726,True,False,False
2026-07-02T06:00:00+00:00,2026-07-02T09:00:00+03:00,2026-07,EBM0726,3608.915768375682,EPIAS_VEP:EBM0726,True,False,False
2026-07-02T07:00:00+00:00,2026-07-02T10:00:00+03:00,2026-07,EBM0726,3608.627160562623,EPIAS_VEP:EBM0726,True,False,False
2026-07-02T08:00:00+00:00,2026-07-02T11:00:00+03:00,2026-07,EBM0726,3607.9653821798775,EPIAS_VEP:EBM0726,True,False,False
2026-07-02T09:00:00+00:00,2026-07-02T12:00:00+03:00,2026-07,EBM0726,3606.98583055937,EPIAS_VEP:EBM0726,True,False,False
2026-07-02T10:00:00+00:00,2026-07-02T13:00:00+03:00,2026-07,EBM0726,3605.7395552991748,EPIAS_VEP:EBM0726,True,False,False
2026-07-02T11:00:00+00:00,2026-07-02T14:00:00+03:00,2026-07,EBM0726,3604.273356218678,EPIAS_VEP:EBM0726,True,False,False
2026-07-02T12:00:00+00:00,2026-07-02T15:00:00+03:00,2026-07,EBM0726,3602.629907986103,EPIAS_VEP:EBM0726,True,False,False
2026-07-02T13:00:00+00:00,2026-07-02T16:00:00+03:00,2026-07,EBM0726,3600.8479067384164,EPIAS_VEP:EBM0726,True,False,False
2026-07-02T14:00:00+00:00,2026-07-02T17:00:00+03:00,2026-07,EBM0726,3598.9622344261543,EPIAS_VEP:EBM0726,True,False,False
2026-07-02T15:00:00+00:00,2026-07-02T18:00:00+03:00,2026-07,EBM0726,3597.0041370135427,EPIAS_VEP:EBM0726,True,False,False
2026-07-02T16:00:00+00:00,2026-07-02T19:00:00+03:00,2026-07,EBM0726,3595.001413045734,EPIAS_VEP:EBM0726,True,False,False
2026-07-02T17:00:00+00:00,2026-07-02T20:00:00+03:00,2026-07,EBM0726,3592.9786094585456,EPIAS_VEP:EBM0726,True,False,False
2026-07-02T18:00:00+00:00,2026-07-02T21:00:00+03:00,2026-07,EBM0726,3590.9572218508583,EPIAS_VEP:EBM0726,True,False,False
2026-07-02T19:00:00+00:00,2026-07-02T22:00:00+03:00,2026-07,EBM0726,3588.9558967649727,EPIAS_VEP:EBM0726,True,False,False
2026-07-02T20:00:00+00:00,2026-07-02T23:00:00+03:00,2026-07,EBM0726,3586.990633825372,EPIAS_VEP:EBM0726,True,False,False
2026-07-02T21:00:00+00:00,2026-07-03T00:00:00+03:00,2026-07,EBM0726,3585.0749858712306,EPIAS_VEP:EBM0726,True,False,False
2026-07-02T22:00:00+00:00,2026-07-03T01:00:00+03:00,2026-07,EBM0726,3583.220255482709,EPIAS_VEP:EBM0726,True,False,False
2026-07-02T23:00:00+00:00,2026-07-03T02:00:00+03:00,2026-07,EBM0726,3581.435686545749,EPIAS_VEP:EBM0726,True,False,False
2026-07-03T00:00:00+00:00,2026-07-03T03:00:00+03:00,2026-07,EBM0726,3579.728649725109,EPIAS_VEP:EBM0726,True,False,False
2026-07-03T01:00:00+00:00,2026-07-03T04:00:00+03:00,2026-07,EBM0726,3578.104820921261,EPIAS_VEP:EBM0726,True,False,False
2026-07-03T02:00:00+00:00,2026-07-03T05:00:00+03:00,2026-07,EBM0726,3576.568351974069,EPIAS_VEP:EBM0726,True,False,False
2026-07-03T03:00:00+00:00,2026-07-03T06:00:00+03:00,2026-07,EBM0726,3575.1220330456736,EPIAS_VEP:EBM0726,True,False,False
2026-07-03T04:00:00+00:00,2026-07-03T07:00:00+03:00,2026-07,EBM0726,3573.767446267383,EPIAS_VEP:EBM0726,True,False,False
2026-07-03T05:00:00+00:00,2026-07-03T08:00:00+03:00,2026-07,EBM0726,3572.5051103715678,EPIAS_VEP:EBM0726,True,False,False
2026-07-03T06:00:00+00:00,2026-07-03T09:00:00+03:00,2026-07,EBM0726,3571.3346161503378,EPIAS_VEP:EBM0726,True,False,False
2026-07-03T07:00:00+00:00,2026-07-03T10:00:00+03:00,2026-07,EBM0726,3570.2547526891312,EPIAS_VEP:EBM0726,True,False,False
2026-07-03T08:00:00+00:00,2026-07-03T11:00:00+03:00,2026-07,EBM0726,3569.2636244161404,EPIAS_VEP:EBM0726,True,False,False
2026-07-03T09:00:00+00:00,2026-07-03T12:00:00+03:00,2026-07,EBM0726,3568.358759088656,EPIAS_VEP:EBM0726,True,False,False
2026-07-03T10:00:00+00:00,2026-07-03T13:00:00+03:00,2026-07,EBM0726,3567.5372069058953,EPIAS_VEP:EBM0726,True,False,False
2026-07-03T11:00:00+00:00,2026-07-03T14:00:00+03:00,2026-07,EBM0726,3566.795630995533,EPIAS_VEP:EBM0726,True,False,False
2026-07-03T12:00:00+00:00,2026-07-03T15:00:00+03:00,2026-07,EBM0726,3566.130389568922,EPIAS_VEP:EBM0726,True,False,False
2026-07-03T13:00:00+00:00,2026-07-03T16:00:00+03:00,2026-07,EBM0726,3565.5376100780027,EPIAS_VEP:EBM0726,True,False,False
2026-07-03T14:00:00+00:00,2026-07-03T17:00:00+03:00,2026-07,EBM0726,3565.013255740124,EPIAS_VEP:EBM0726,True,False,False
2026-07-03T15:00:00+00:00,2026-07-03T18:00:00+03:00,2026-07,EBM0726,3564.553184815993,EPIAS_VEP:EBM0726,True,False,False
2026-07-03T16:00:00+00:00,2026-07-03T19:00:00+03:00,2026-07,EBM0726,3564.1532030451094,EPIAS_VEP:EBM0726,True,False,False
2026-07-03T17:00:00+00:00,2026-07-03T20:00:00+03:00,2026-07,EBM0726,3563.8091096528574,EPIAS_VEP:EBM0726,True,False,False
2026-07-03T18:00:00+00:00,2026-07-03T21:00:00+03:00,2026-07,EBM0726,3563.516737348684,EPIAS_VEP:EBM0726,True,False,False
2026-07-03T19:00:00+00:00,2026-07-03T22:00:00+03:00,2026-07,EBM0726,3563.2719867354376,EPIAS_VEP:EBM0726,True,False,False
2026-07-03T20:00:00+00:00,2026-07-03T23:00:00+03:00,2026-07,EBM0726,3563.0708555466,EPIAS_VEP:EBM0726,True,False,False
2026-07-03T21:00:00+00:00,2026-07-04T00:00:00+03:00,2026-07,EBM0726,3562.9094631213457,EPIAS_VEP:EBM0726,True,False,False
2026-07-03T22:00:00+00:00,2026-07-04T01:00:00+03:00,2026-07,EBM0726,3562.7840705176627,EPIAS_VEP:EBM0726,True,False,False
2026-07-03T23:00:00+00:00,2026-07-04T02:00:00+03:00,2026-07,EBM0726,3562.691096651594,EPIAS_VEP:EBM0726,True,False,False
2026-07-04T00:00:00+00:00,2026-07-04T03:00:00+03:00,2026-07,EBM0726,3562.627130836499,EPIAS_VEP:EBM0726,True,False,False
2026-07-04T01:00:00+00:00,2026-07-04T04:00:00+03:00,2026-07,EBM0726,3562.588942080438,EPIAS_VEP:EBM0726,True,False,False
2026-07-04T02:00:00+00:00,2026-07-04T05:00:00+03:00,2026-07,EBM0726,3562.573485482756,EPIAS_VEP:EBM0726,True,False,False
2026-07-04T03:00:00+00:00,2026-07-04T06:00:00+03:00,2026-07,EBM0726,3562.577906052957,EPIAS_VEP:EBM0726,True,False,False
2026-07-04T04:00:00+00:00,2026-07-04T07:00:00+03:00,2026-07,EBM0726,3562.599540256366,EPIAS_VEP:EBM0726,True,False,False
2026-07-04T05:00:00+00:00,2026-07-04T08:00:00+03:00,2026-07,EBM0726,3562.6359155720656,EPIAS_VEP:EBM0726,True,False,False
2026-07-04T06:00:00+00:00,2026-07-04T09:00:00+03:00,2026-07,EBM0726,3562.684748329482,EPIAS_VEP:EBM0726,True,False,False
2026-07-04T07:00:00+00:00,2026-07-04T10:00:00+03:00,2026-07,EBM0726,3562.7439400708495,EPIAS_VEP:EBM0726,True,False,False
2026-07-04T08:00:00+00:00,2026-07-04T11:00:00+03:00,2026-07,EBM0726,3562.811572667937,EPIAS_VEP:EBM0726,True,False,False
2026-07-04T09:00:00+00:00,2026-07-04T12:00:00+03:00,2026-07,EBM0726,3562.8859024028743,EPIAS_VEP:EBM0726,True,False,False
2026-07-04T10:00:00+00:00,2026-07-04T13:00:00+03:00,2026-07,EBM0726,3562.9653532048883,EPIAS_VEP:EBM0726,True,False,False
2026-07-04T11:00:00+00:00,2026-07-04T14:00:00+03:00,2026-07,EBM0726,3563.0485092173326,EPIAS_VEP:EBM0726,True,False,False
2026-07-04T12:00:00+00:00,2026-07-04T15:00:00+03:00,2026-07,EBM0726,3563.134106852606,EPIAS_VEP:EBM0726,True,False,False
2026-07-04T13:00:00+00:00,2026-07-04T16:00:00+03:00,2026-07,EBM0726,3563.2210264765504,EPIAS_VEP:EBM0726,True,False,False
2026-07-04T14:00:00+00:00,2026-07-04T17:00:00+03:00,2026-07,EBM0726,3563.3082838486907,EPIAS_VEP:EBM0726,True,False,False
2026-07-04T15:00:00+00:00,2026-07-04T18:00:00+03:00,2026-07,EBM0726,3563.3950214302713,EPIAS_VEP:EBM0726,True,False,False
2026-07-04T16:00:00+00:00,2026-07-04T19:00:00+03:00,2026-07,EBM0726,3563.480499658518,EPIAS_VEP:EBM0726,True,False,False
2026-07-04T17:00:00+00:00,2026-07-04T20:00:00+03:00,2026-07,EBM0726,3563.5640882728826,EPIAS_VEP:EBM0726,True,False,False
2026-07-04T18:00:00+00:00,2026-07-04T21:00:00+03:00,2026-07,EBM0726,3563.645257767217,EPIAS_VEP:EBM0726,True,False,False
2026-07-04T19:00:00+00:00,2026-07-04T22:00:00+03:00,2026-07,EBM0726,3563.7235710309137,EPIAS_VEP:EBM0726,True,False,False
2026-07-04T20:00:00+00:00,2026-07-04T23:00:00+03:00,2026-07,EBM0726,3563.798675231956,EPIAS_VEP:EBM0726,True,False,False
2026-07-04T21:00:00+00:00,2026-07-05T00:00:00+03:00,2026-07,EBM0726,3563.870293985593,EPIAS_VEP:EBM0726,True,False,False
2026-07-04T22:00:00+00:00,2026-07-05T01:00:00+03:00,2026-07,EBM0726,3563.9382198439166,EPIAS_VEP:EBM0726,True,False,False
2026-07-04T23:00:00+00:00,2026-07-05T02:00:00+03:00,2026-07,EBM0726,3564.002307133985,EPIAS_VEP:EBM0726,True,False,False
2026-07-05T00:00:00+00:00,2026-07-05T03:00:00+03:00,2026-07,EBM0726,3564.0624651652392,EPIAS_VEP:EBM0726,True,False,False
2026-07-05T01:00:00+00:00,2026-07-05T04:00:00+03:00,2026-07,EBM0726,3564.1186518207737,EPIAS_VEP:EBM0726,True,False,False
2026-07-05T02:00:00+00:00,2026-07-05T05:00:00+03:00,2026-07,EBM0726,3564.170867541534,EPIAS_VEP:EBM0726,True,False,False
2026-07-05T03:00:00+00:00,2026-07-05T06:00:00+03:00,2026-07,EBM0726,3564.2191497076506,EPIAS_VEP:EBM0726,True,False,False
2026-07-05T04:00:00+00:00,2026-07-05T07:00:00+03:00,2026-07,EBM0726,3564.2635674168673,EPIAS_VEP:EBM0726,True,False,False
2026-07-05T05:00:00+00:00,2026-07-05T08:00:00+03:00,2026-07,EBM0726,3564.304216656323,EPIAS_VEP:EBM0726,True,False,False
2026-07-05T06:00:00+00:00,2026-07-05T09:00:00+03:00,2026-07,EBM0726,3564.3412158607857,EPIAS_VEP:EBM0726,True,False,False
2026-07-05T07:00:00+00:00,2026-07-05T10:00:00+03:00,2026-07,EBM0726,3564.3747018477256,EPIAS_VEP:EBM0726,True,False,False
2026-07-05T08:00:00+00:00,2026-07-05T11:00:00+03:00,2026-07,EBM0726,3564.4048261173934,EPIAS_VEP:EBM0726,True,False,False
2026-07-05T09:00:00+00:00,2026-07-05T12:00:00+03:00,2026-07,EBM0726,3564.431751504222,EPIAS_VEP:EBM0726,True,False,False
2026-07-05T10:00:00+00:00,2026-07-05T13:00:00+03:00,2026-07,EBM0726,3564.455649164401,EPIAS_VEP:EBM0726,True,False,False
2026-07-05T11:00:00+00:00,2026-07-05T14:00:00+03:00,2026-07,EBM0726,3564.476695883337,EPIAS_VEP:EBM0726,True,False,False
2026-07-05T12:00:00+00:00,2026-07-05T15:00:00+03:00,2026-07,EBM0726,3564.4950716858857,EPIAS_VEP:EBM0726,True,False,False
2026-07-05T13:00:00+00:00,2026-07-05T16:00:00+03:00,2026-07,EBM0726,3564.5109577316816,EPIAS_VEP:EBM0726,True,False,False
2026-07-05T14:00:00+00:00,2026-07-05T17:00:00+03:00,2026-07,EBM0726,3564.5245344775576,EPIAS_VEP:EBM0726,True,False,False
2026-07-05T15:00:00+00:00,2026-07-05T18:00:00+03:00,2026-07,EBM0726,3564.53598008894,EPIAS_VEP:EBM0726,True,False,False
2026-07-05T16:00:00+00:00,2026-07-05T19:00:00+03:00,2026-07,EBM0726,3564.5454690821766,EPIAS_VEP:EBM0726,True,False,False
2026-07-05T17:00:00+00:00,2026-07-05T20:00:00+03:00,2026-07,EBM0726,3564.553171179972,EPIAS_VEP:EBM0726,True,False,False
2026-07-05T18:00:00+00:00,2026-07-05T21:00:00+03:00,2026-07,EBM0726,3564.55925036249,EPIAS_VEP:EBM0726,True,False,False
2026-07-05T19:00:00+00:00,2026-07-05T22:00:00+03:00,2026-07,EBM0726,3564.563864097141,EPIAS_VEP:EBM0726,True,False,False
2026-07-05T20:00:00+00:00,2026-07-05T23:00:00+03:00,2026-07,EBM0726,3564.567162730669,EPIAS_VEP:EBM0726,True,False,False
2026-07-05T21:00:00+00:00,2026-07-06T00:00:00+03:00,2026-07,EBM0726,3564.5692890277764,EPIAS_VEP:EBM0726,True,False,False
2026-07-05T22:00:00+00:00,2026-07-06T01:00:00+03:00,2026-07,EBM0726,3564.570377841258,EPIAS_VEP:EBM0726,True,False,False
2026-07-05T23:00:00+00:00,2026-07-06T02:00:00+03:00,2026-07,EBM0726,3564.570555899373,EPIAS_VEP:EBM0726,True,False,False
2026-07-06T00:00:00+00:00,2026-07-06T03:00:00+03:00,2026-07,EBM0726,3564.5699416969624,EPIAS_VEP:EBM0726,True,False,False
2026-07-06T01:00:00+00:00,2026-07-06T04:00:00+03:00,2026-07,EBM0726,3564.568645477645,EPIAS_VEP:EBM0726,True,False,False
2026-07-06T02:00:00+00:00,2026-07-06T05:00:00+03:00,2026-07,EBM0726,3564.566769295237,EPIAS_VEP:EBM0726,True,False,False
2026-07-06T03:00:00+00:00,2026-07-06T06:00:00+03:00,2026-07,EBM0726,3564.564407143372,EPIAS_VEP:EBM0726,True,False,False
2026-07-06T04:00:00+00:00,2026-07-06T07:00:00+03:00,2026-07,EBM0726,3564.561645143122,EPIAS_VEP:EBM0726,True,False,False
2026-07-06T05:00:00+00:00,2026-07-06T08:00:00+03:00,2026-07,EBM0726,3564.5585617792112,EPIAS_VEP:EBM0726,True,False,False
2026-07-06T06:00:00+00:00,2026-07-06T09:00:00+03:00,2026-07,EBM0726,3564.555228176217,EPIAS_VEP:EBM0726,True,False,False
2026-07-06T07:00:00+00:00,2026-07-06T10:00:00+03:00,2026-07,EBM0726,3564.5517084069065,EPIAS_VEP:EBM0726,True,False,False
2026-07-06T08:00:00+00:00,2026-07-06T11:00:00+03:00,2026-07,EBM0726,3564.5480598255963,EPIAS_VEP:EBM0726,True,False,False
2026-07-06T09:00:00+00:00,2026-07-06T12:00:00+03:00,2026-07,EBM0726,3564.544333420129,EPIAS_VEP:EBM0726,True,False,False
2026-07-06T10:00:00+00:00,2026-07-06T13:00:00+03:00,2026-07,EBM0726,3564.5405741767304,EPIAS_VEP:EBM0726,True,False,False
2026-07-06T11:00:00+00:00,2026-07-06T14:00:00+03:00,2026-07,EBM0726,3564.536821452649,EPIAS_VEP:EBM0726,True,False,False
2026-07-06T12:00:00+00:00,2026-07-06T15:00:00+03:00,2026-07,EBM0726,3564.533109352085,EPIAS_VEP:EBM0726,True,False,False
2026-07-06T13:00:00+00:00,2026-07-06T16:00:00+03:00,2026-07,EBM0726,3564.5294671014617,EPIAS_VEP:EBM0726,True,False,False
2026-07-06T14:00:00+00:00,2026-07-06T17:00:00+03:00,2026-07,EBM0726,3564.525919420634,EPIAS_VEP:EBM0726,True,False,False
2026-07-06T15:00:00+00:00,2026-07-06T18:00:00+03:00,2026-07,EBM0726,3564.5224868871132,EPIAS_VEP:EBM0726,True,False,False
2026-07-06T16:00:00+00:00,2026-07-06T19:00:00+03:00,2026-07,EBM0726,3564.5191862908364,EPIAS_VEP:EBM0726,True,False,False
2026-07-06T17:00:00+00:00,2026-07-06T20:00:00+03:00,2026-07,EBM0726,3564.51603097742,EPIAS_VEP:EBM0726,True,False,False
2026-07-06T18:00:00+00:00,2026-07-06T21:00:00+03:00,2026-07,EBM0726,3564.5130311782186,EPIAS_VEP:EBM0726,True,False,False
2026-07-06T19:00:00+00:00,2026-07-06T22:00:00+03:00,2026-07,EBM0726,3564.5101943258555,EPIAS_VEP:EBM0726,True,False,False
2026-07-06T20:00:00+00:00,2026-07-06T23:00:00+03:00,2026-07,EBM0726,3564.507525354203,EPIAS_VEP:EBM0726,True,False,False
2026-07-06T21:00:00+00:00,2026-07-07T00:00:00+03:00,2026-07,EBM0726,3564.5050269820686,EPIAS_VEP:EBM0726,True,False,False
2026-07-06T22:00:00+00:00,2026-07-07T01:00:00+03:00,2026-07,EBM0726,3564.5026999800907,EPIAS_VEP:EBM0726,True,False,False
2026-07-06T23:00:00+00:00,2026-07-07T02:00:00+03:00,2026-07,EBM0726,3564.500543420579,EPIAS_VEP:EBM0726,True,False,False
2026-07-07T00:00:00+00:00,2026-07-07T03:00:00+03:00,2026-07,EBM0726,3564.498554910212,EPIAS_VEP:EBM0726,True,False,False
2026-07-07T01:00:00+00:00,2026-07-07T04:00:00+03:00,2026-07,EBM0726,3564.496730805695,EPIAS_VEP:EBM0726,True,False,False
2026-07-07T02:00:00+00:00,2026-07-07T05:00:00+03:00,2026-07,EBM0726,3564.4950664126054,EPIAS_VEP:EBM0726,True,False,False
2026-07-07T03:00:00+00:00,2026-07-07T06:00:00+03:00,2026-07,EBM0726,3564.4935561678076,EPIAS_VEP:EBM0726,True,False,False
2026-07-07T04:00:00+00:00,2026-07-07T07:00:00+03:00,2026-07,EBM0726,3564.4921938058915,EPIAS_VEP:EBM0726,True,False,False
2026-07-07T05:00:00+00:00,2026-07-07T08:00:00+03:00,2026-07,EBM0726,3564.490972510198,EPIAS_VEP:EBM0726,True,False,False
2026-07-07T06:00:00+00:00,2026-07-07T09:00:00+03:00,2026-07,EBM0726,3564.4898850490554,EPIAS_VEP:EBM0726,True,False,False
2026-07-07T07:00:00+00:00,2026-07-07T10:00:00+03:00,2026-07,EBM0726,3564.4889238979085,EPIAS_VEP:EBM0726,True,False,False
2026-07-07T08:00:00+00:00,2026-07-07T11:00:00+03:00,2026-07,EBM0726,3564.4880813480627,EPIAS_VEP:EBM0726,True,False,False
2026-07-07T09:00:00+00:00,2026-07-07T12:00:00+03:00,2026-07,EBM0726,3564.4873496028,EPIAS_VEP:EBM0726,True,False,False
2026-07-07T10:00:00+00:00,2026-07-07T13:00:00+03:00,2026-07,EBM0726,3564.4867208616356,EPIAS_VEP:EBM0726,True,False,False
2026-07-07T11:00:00+00:00,2026-07-07T14:00:00+03:00,2026-07,EBM0726,3564.4861873934906,EPIAS_VEP:EBM0726,True,False,False
2026-07-07T12:00:00+00:00,2026-07-07T15:00:00+03:00,2026-07,EBM0726,3564.4857415995643,EPIAS_VEP:EBM0726,True,False,False
2026-07-07T13:00:00+00:00,2026-07-07T16:00:00+03:00,2026-07,EBM0726,3564.485376066685,EPIAS_VEP:EBM0726,True,False,False
2026-07-07T14:00:00+00:00,2026-07-07T17:00:00+03:00,2026-07,EBM0726,3564.4850836118885,EPIAS_VEP:EBM0726,True,False,False
2026-07-07T15:00:00+00:00,2026-07-07T18:00:00+03:00,2026-07,EBM0726,3564.484857318971,EPIAS_VEP:EBM0726,True,False,False
2026-07-07T16:00:00+00:00,2026-07-07T19:00:00+03:00,2026-07,EBM0726,3564.484690567735,EPIAS_VEP:EBM0726,True,False,False
2026-07-07T17:00:00+00:00,2026-07-07T20:00:00+03:00,2026-07,EBM0726,3564.4845770566167,EPIAS_VEP:EBM0726,True,False,False
2026-07-07T18:00:00+00:00,2026-07-07T21:00:00+03:00,2026-07,EBM0726,3564.484510819364,EPIAS_VEP:EBM0726,True,False,False
2026-07-07T19:00:00+00:00,2026-07-07T22:00:00+03:00,2026-07,EBM0726,3564.4844862363816,EPIAS_VEP:EBM0726,True,False,False
2026-07-07T20:00:00+00:00,2026-07-07T23:00:00+03:00,2026-07,EBM0726,3564.484498041359,EPIAS_VEP:EBM0726,True,False,False
2026-07-07T21:00:00+00:00,2026-07-08T00:00:00+03:00,2026-07,EBM0726,3564.4845413237285,EPIAS_VEP:EBM0726,True,False,False
2026-07-07T22:00:00+00:00,2026-07-08T01:00:00+03:00,2026-07,EBM0726,3564.4846115274845,EPIAS_VEP:EBM0726,True,False,False
2026-07-07T23:00:00+00:00,2026-07-08T02:00:00+03:00,2026-07,EBM0726,3564.4847044468593,EPIAS_VEP:EBM0726,True,False,False
2026-07-08T00:00:00+00:00,2026-07-08T03:00:00+03:00,2026-07,EBM0726,3564.484816219297,EPIAS_VEP:EBM0726,True,False,False
2026-07-08T01:00:00+00:00,2026-07-08T04:00:00+03:00,2026-07,EBM0726,3564.484943316167,EPIAS_VEP:EBM0726,True,False,False
2026-07-08T02:00:00+00:00,2026-07-08T05:00:00+03:00,2026-07,EBM0726,3564.4850825315843,EPIAS_VEP:EBM0726,True,False,False
2026-07-08T03:00:00+00:00,2026-07-08T06:00:00+03:00,2026-07,EBM0726,3564.4852309697,EPIAS_VEP:EBM0726,True,False,False
2026-07-08T04:00:00+00:00,2026-07-08T07:00:00+03:00,2026-07,EBM0726,3564.485386030779,EPIAS_VEP:EBM0726,True,False,False
2026-07-08T05:00:00+00:00,2026-07-08T08:00:00+03:00,2026-07,EBM0726,3564.485545396357,EPIAS_VEP:EBM0726,True,False,False
2026-07-08T06:00:00+00:00,2026-07-08T09:00:00+03:00,2026-07,EBM0726,3564.4857070137336,EPIAS_VEP:EBM0726,True,False,False
2026-07-08T07:00:00+00:00,2026-07-08T10:00:00+03:00,2026-07,EBM0726,3564.4858690800384,EPIAS_VEP:EBM0726,True,False,False
2026-07-08T08:00:00+00:00,2026-07-08T11:00:00+03:00,2026-07,EBM0726,3564.486030026064,EPIAS_VEP:EBM0726,True,False,False
2026-07-08T09:00:00+00:00,2026-07-08T12:00:00+03:00,2026-07,EBM0726,3564.486188500064,EPIAS_VEP:EBM0726,True,False,False
2026-07-08T10:00:00+00:00,2026-07-08T13:00:00+03:00,2026-07,EBM0726,3564.486343351656,EPIAS_VEP:EBM0726,True,False,False
2026-07-08T11:00:00+00:00,2026-07-08T14:00:00+03:00,2026-07,EBM0726,3564.4864936159756,EPIAS_VEP:EBM0726,True,False,False
2026-07-08T12:00:00+00:00,2026-07-08T15:00:00+03:00,2026-07,EBM0726,3564.486638498191,EPIAS_VEP:EBM0726,True,False,False
2026-07-08T13:00:00+00:00,2026-07-08T16:00:00+03:00,2026-07,EBM0726,3564.4867773584774,EPIAS_VEP:EBM0726,True,False,False
2026-07-08T14:00:00+00:00,2026-07-08T17:00:00+03:00,2026-07,EBM0726,3564.4869096975262,EPIAS_VEP:EBM0726,True,False,False
2026-07-08T15:00:00+00:00,2026-07-08T18:00:00+03:00,2026-07,EBM0726,3564.4870351426616,EPIAS_VEP:EBM0726,True,False,False
2026-07-08T16:00:00+00:00,2026-07-08T19:00:00+03:00,2026-07,EBM0726,3564.4871534346034,EPIAS_VEP:EBM0726,True,False,False
2026-07-08T17:00:00+00:00,2026-07-08T20:00:00+03:00,2026-07,EBM0726,3564.4872644149254,EPIAS_VEP:EBM0726,True,False,False
2026-07-08T18:00:00+00:00,2026-07-08T21:00:00+03:00,2026-07,EBM0726,3564.4873680142264,EPIAS_VEP:EBM0726,True,False,False
2026-07-08T19:00:00+00:00,2026-07-08T22:00:00+03:00,2026-07,EBM0726,3564.48746424103,EPIAS_VEP:EBM0726,True,False,False
2026-07-08T20:00:00+00:00,2026-07-08T23:00:00+03:00,2026-07,EBM0726,3564.487553171428,EPIAS_VEP:EBM0726,True,False,False
2026-07-08T21:00:00+00:00,2026-07-09T00:00:00+03:00,2026-07,EBM0726,3564.4876349394513,EPIAS_VEP:EBM0726,True,False,False
2026-07-08T22:00:00+00:00,2026-07-09T01:00:00+03:00,2026-07,EBM0726,3564.48770972818,EPIAS_VEP:EBM0726,True,False,False
2026-07-08T23:00:00+00:00,2026-07-09T02:00:00+03:00,2026-07,EBM0726,3564.487777761566,EPIAS_VEP:EBM0726,True,False,False
2026-07-09T00:00:00+00:00,2026-07-09T03:00:00+03:00,2026-07,EBM0726,3564.4878392969576,EPIAS_VEP:EBM0726,True,False,False
2026-07-09T01:00:00+00:00,2026-07-09T04:00:00+03:00,2026-07,EBM0726,3564.4878946182916,EPIAS_VEP:EBM0726,True,False,False
2026-07-09T02:00:00+00:00,2026-07-09T05:00:00+03:00,2026-07,EBM0726,3564.4879440299433,EPIAS_VEP:EBM0726,True,False,False
2026-07-09T03:00:00+00:00,2026-07-09T06:00:00+03:00,2026-07,EBM0726,3564.4879878511924,EPIAS_VEP:EBM0726,True,False,False
2026-07-09T04:00:00+00:00,2026-07-09T07:00:00+03:00,2026-07,EBM0726,3564.488026411284,EPIAS_VEP:EBM0726,True,False,False
2026-07-09T05:00:00+00:00,2026-07-09T08:00:00+03:00,2026-07,EBM0726,3564.4880600450438,EPIAS_VEP:EBM0726,True,False,False
2026-07-09T06:00:00+00:00,2026-07-09T09:00:00+03:00,2026-07,EBM0726,3564.4880890890236,EPIAS_VEP:EBM0726,True,False,False
2026-07-09T07:00:00+00:00,2026-07-09T10:00:00+03:00,2026-07,EBM0726,3564.4881138781375,EPIAS_VEP:EBM0726,True,False,False
2026-07-09T08:00:00+00:00,2026-07-09T11:00:00+03:00,2026-07,EBM0726,3564.488134742757,EPIAS_VEP:EBM0726,True,False,False
2026-07-09T09:00:00+00:00,2026-07-09T12:00:00+03:00,2026-07,EBM0726,3564.4881520062345,EPIAS_VEP:EBM0726,True,False,False
2026-07-09T10:00:00+00:00,2026-07-09T13:00:00+03:00,2026-07,EBM0726,3564.488165982813,EPIAS_VEP:EBM0726,True,False,False
2026-07-09T11:00:00+00:00,2026-07-09T14:00:00+03:00,2026-07,EBM0726,3564.4881769759027,EPIAS_VEP:EBM0726,True,False,False
2026-07-09T12:00:00+00:00,2026-07-09T15:00:00+03:00,2026-07,EBM0726,3564.4881852766844,EPIAS_VEP:EBM0726,True,False,False
2026-07-09T13:00:00+00:00,2026-07-09T16:00:00+03:00,2026-07,EBM0726,3564.4881911630077,EPIAS_VEP:EBM0726,True,False,False
2026-07-09T14:00:00+00:00,2026-07-09T17:00:00+03:00,2026-07,EBM0726,3564.488194898562,EPIAS_VEP:EBM0726,True,False,False
2026-07-09T15:00:00+00:00,2026-07-09T18:00:00+03:00,2026-07,EBM0726,3564.488196732288,EPIAS_VEP:EBM0726,True,False,False
2026-07-09T16:00:00+00:00,2026-07-09T19:00:00+03:00,2026-07,EBM0726,3564.4881968980026,EPIAS_VEP:EBM0726,True,False,False
2026-07-09T17:00:00+00:00,2026-07-09T20:00:00+03:00,2026-07,EBM0726,3564.488195614219,EPIAS_VEP:EBM0726,True,False,False
2026-07-09T18:00:00+00:00,2026-07-09T21:00:00+03:00,2026-07,EBM0726,3564.4881930841243,EPIAS_VEP:EBM0726,True,False,False
2026-07-09T19:00:00+00:00,2026-07-09T22:00:00+03:00,2026-07,EBM0726,3564.488189495713,EPIAS_VEP:EBM0726,True,False,False
2026-07-09T20:00:00+00:00,2026-07-09T23:00:00+03:00,2026-07,EBM0726,3564.488185022041,EPIAS_VEP:EBM0726,True,False,False
2026-07-09T21:00:00+00:00,2026-07-10T00:00:00+03:00,2026-07,EBM0726,3564.4881798215793,EPIAS_VEP:EBM0726,True,False,False
2026-07-09T22:00:00+00:00,2026-07-10T01:00:00+03:00,2026-07,EBM0726,3564.488174038665,EPIAS_VEP:EBM0726,True,False,False
2026-07-09T23:00:00+00:00,2026-07-10T02:00:00+03:00,2026-07,EBM0726,3564.4881678040174,EPIAS_VEP:EBM0726,True,False,False
2026-07-10T00:00:00+00:00,2026-07-10T03:00:00+03:00,2026-07,EBM0726,3564.4881612353206,EPIAS_VEP:EBM0726,True,False,False
2026-07-10T01:00:00+00:00,2026-07-10T04:00:00+03:00,2026-07,EBM0726,3564.488154437847,EPIAS_VEP:EBM0726,True,False,False
2026-07-10T02:00:00+00:00,2026-07-10T05:00:00+03:00,2026-07,EBM0726,3564.4881475051106,EPIAS_VEP:EBM0726,True,False,False
2026-07-10T03:00:00+00:00,2026-07-10T06:00:00+03:00,2026-07,EBM0726,3564.488140519551,EPIAS_VEP:EBM0726,True,False,False
2026-07-10T04:00:00+00:00,2026-07-10T07:00:00+03:00,2026-07,EBM0726,3564.4881335532227,EPIAS_VEP:EBM0726,True,False,False
2026-07-10T05:00:00+00:00,2026-07-10T08:00:00+03:00,2026-07,EBM0726,3564.4881266684947,EPIAS_VEP:EBM0726,True,False,False
2026-07-10T06:00:00+00:00,2026-07-10T09:00:00+03:00,2026-07,EBM0726,3564.488119918749,EPIAS_VEP:EBM0726,True,False,False
2026-07-10T07:00:00+00:00,2026-07-10T10:00:00+03:00,2026-07,EBM0726,3564.4881133490667,EPIAS_VEP:EBM0726,True,False,False
2026-07-10T08:00:00+00:00,2026-07-10T11:00:00+03:00,2026-07,EBM0726,3564.488106996905,EPIAS_VEP:EBM0726,True,False,False
2026-07-10T09:00:00+00:00,2026-07-10T12:00:00+03:00,2026-07,EBM0726,3564.4881008927523,EPIAS_VEP:EBM0726,True,False,False
2026-07-10T10:00:00+00:00,2026-07-10T13:00:00+03:00,2026-07,EBM0726,3564.488095060762,EPIAS_VEP:EBM0726,True,False,False
2026-07-10T11:00:00+00:00,2026-07-10T14:00:00+03:00,2026-07,EBM0726,3564.488089519365,EPIAS_VEP:EBM0726,True,False,False
2026-07-10T12:00:00+00:00,2026-07-10T15:00:00+03:00,2026-07,EBM0726,3564.4880842818507,EPIAS_VEP:EBM0726,True,False,False
2026-07-10T13:00:00+00:00,2026-07-10T16:00:00+03:00,2026-07,EBM0726,3564.4880793569255,EPIAS_VEP:EBM0726,True,False,False
2026-07-10T14:00:00+00:00,2026-07-10T17:00:00+03:00,2026-07,EBM0726,3564.488074749236,EPIAS_VEP:EBM0726,True,False,False
2026-07-10T15:00:00+00:00,2026-07-10T18:00:00+03:00,2026-07,EBM0726,3564.488070459862,EPIAS_VEP:EBM0726,True,False,False
2026-07-10T16:00:00+00:00,2026-07-10T19:00:00+03:00,2026-07,EBM0726,3564.488066486772,EPIAS_VEP:EBM0726,True,False,False
2026-07-10T17:00:00+00:00,2026-07-10T20:00:00+03:00,2026-07,EBM0726,3564.488062825256,EPIAS_VEP:EBM0726,True,False,False
2026-07-10T18:00:00+00:00,2026-07-10T21:00:00+03:00,2026-07,EBM0726,3564.4880594683223,EPIAS_VEP:EBM0726,True,False,False
2026-07-10T19:00:00+00:00,2026-07-10T22:00:00+03:00,2026-07,EBM0726,3564.4880564070654,EPIAS_VEP:EBM0726,True,False,False
2026-07-10T20:00:00+00:00,2026-07-10T23:00:00+03:00,2026-07,EBM0726,3564.488053630998,EPIAS_VEP:EBM0726,True,False,False
2026-07-10T21:00:00+00:00,2026-07-11T00:00:00+03:00,2026-07,EBM0726,3564.488051128359,EPIAS_VEP:EBM0726,True,False,False
2026-07-10T22:00:00+00:00,2026-07-11T01:00:00+03:00,2026-07,EBM0726,3564.488048886395,EPIAS_VEP:EBM0726,True,False,False
2026-07-10T23:00:00+00:00,2026-07-11T02:00:00+03:00,2026-07,EBM0726,3564.4880468916044,EPIAS_VEP:EBM0726,True,False,False
2026-07-11T00:00:00+00:00,2026-07-11T03:00:00+03:00,2026-07,EBM0726,3564.4880451299623,EPIAS_VEP:EBM0726,True,False,False
2026-07-11T01:00:00+00:00,2026-07-11T04:00:00+03:00,2026-07,EBM0726,3564.4880435871237,EPIAS_VEP:EBM0726,True,False,False
2026-07-11T02:00:00+00:00,2026-07-11T05:00:00+03:00,2026-07,EBM0726,3564.4880422485962,EPIAS_VEP:EBM0726,True,False,False
2026-07-11T03:00:00+00:00,2026-07-11T06:00:00+03:00,2026-07,EBM0726,3564.488041099896,EPIAS_VEP:EBM0726,True,False,False
2026-07-11T04:00:00+00:00,2026-07-11T07:00:00+03:00,2026-07,EBM0726,3564.4880401266814,EPIAS_VEP:EBM0726,True,False,False
2026-07-11T05:00:00+00:00,2026-07-11T08:00:00+03:00,2026-07,EBM0726,3564.488039314869,EPIAS_VEP:EBM0726,True,False,False
2026-07-11T06:00:00+00:00,2026-07-11T09:00:00+03:00,2026-07,EBM0726,3564.488038650728,EPIAS_VEP:EBM0726,True,False,False
2026-07-11T07:00:00+00:00,2026-07-11T10:00:00+03:00,2026-07,EBM0726,3564.4880381209637,EPIAS_VEP:EBM0726,True,False,False
2026-07-11T08:00:00+00:00,2026-07-11T11:00:00+03:00,2026-07,EBM0726,3564.4880377127865,EPIAS_VEP:EBM0726,True,False,False
2026-07-11T09:00:00+00:00,2026-07-11T12:00:00+03:00,2026-07,EBM0726,3564.4880374139602,EPIAS_VEP:EBM0726,True,False,False
2026-07-11T10:00:00+00:00,2026-07-11T13:00:00+03:00,2026-07,EBM0726,3564.4880372128437,EPIAS_VEP:EBM0726,True,False,False
2026-07-11T11:00:00+00:00,2026-07-11T14:00:00+03:00,2026-07,EBM0726,3564.4880370984224,EPIAS_VEP:EBM0726,True,False,False
2026-07-11T12:00:00+00:00,2026-07-11T15:00:00+03:00,2026-07,EBM0726,3564.4880370603264,EPIAS_VEP:EBM0726,True,False,False
2026-07-11T13:00:00+00:00,2026-07-11T16:00:00+03:00,2026-07,EBM0726,3564.4880370888427,EPIAS_VEP:EBM0726,True,False,False
2026-07-11T14:00:00+00:00,2026-07-11T17:00:00+03:00,2026-07,EBM0726,3564.488037174921,EPIAS_VEP:EBM0726,True,False,False
2026-07-11T15:00:00+00:00,2026-07-11T18:00:00+03:00,2026-07,EBM0726,3564.4880373101682,EPIAS_VEP:EBM0726,True,False,False
2026-07-11T16:00:00+00:00,2026-07-11T19:00:00+03:00,2026-07,EBM0726,3564.48803748684,EPIAS_VEP:EBM0726,True,False,False
2026-07-11T17:00:00+00:00,2026-07-11T20:00:00+03:00,2026-07,EBM0726,3564.4880376978267,EPIAS_VEP:EBM0726,True,False,False
2026-07-11T18:00:00+00:00,2026-07-11T21:00:00+03:00,2026-07,EBM0726,3564.488037936639,EPIAS_VEP:EBM0726,True,False,False
2026-07-11T19:00:00+00:00,2026-07-11T22:00:00+03:00,2026-07,EBM0726,3564.488038197383,EPIAS_VEP:EBM0726,True,False,False
2026-07-11T20:00:00+00:00,2026-07-11T23:00:00+03:00,2026-07,EBM0726,3564.4880384747376,EPIAS_VEP:EBM0726,True,False,False
2026-07-11T21:00:00+00:00,2026-07-12T00:00:00+03:00,2026-07,EBM0726,3564.4880387639305,EPIAS_VEP:EBM0726,True,False,False
2026-07-11T22:00:00+00:00,2026-07-12T01:00:00+03:00,2026-07,EBM0726,3564.4880390607104,EPIAS_VEP:EBM0726,True,False,False
2026-07-11T23:00:00+00:00,2026-07-12T02:00:00+03:00,2026-07,EBM0726,3564.488039361316,EPIAS_VEP:EBM0726,True,False,False
2026-07-12T00:00:00+00:00,2026-07-12T03:00:00+03:00,2026-07,EBM0726,3564.488039662447,EPIAS_VEP:EBM0726,True,False,False
2026-07-12T01:00:00+00:00,2026-07-12T04:00:00+03:00,2026-07,EBM0726,3564.488039961228,EPIAS_VEP:EBM0726,True,False,False
2026-07-12T02:00:00+00:00,2026-07-12T05:00:00+03:00,2026-07,EBM0726,3564.488040255185,EPIAS_VEP:EBM0726,True,False,False
2026-07-12T03:00:00+00:00,2026-07-12T06:00:00+03:00,2026-07,EBM0726,3564.488040542214,EPIAS_VEP:EBM0726,True,False,False
2026-07-12T04:00:00+00:00,2026-07-12T07:00:00+03:00,2026-07,EBM0726,3564.4880408205545,EPIAS_VEP:EBM0726,True,False,False
2026-07-12T05:00:00+00:00,2026-07-12T08:00:00+03:00,2026-07,EBM0726,3564.4880410887586,EPIAS_VEP:EBM0726,True,False,False
2026-07-12T06:00:00+00:00,2026-07-12T09:00:00+03:00,2026-07,EBM0726,3564.4880413456617,EPIAS_VEP:EBM0726,True,False,False
2026-07-12T07:00:00+00:00,2026-07-12T10:00:00+03:00,2026-07,EBM0726,3564.488041590361,EPIAS_VEP:EBM0726,True,False,False
2026-07-12T08:00:00+00:00,2026-07-12T11:00:00+03:00,2026-07,EBM0726,3564.4880418221846,EPIAS_VEP:EBM0726,True,False,False
2026-07-12T09:00:00+00:00,2026-07-12T12:00:00+03:00,2026-07,EBM0726,3564.4880420406716,EPIAS_VEP:EBM0726,True,False,False
2026-07-12T10:00:00+00:00,2026-07-12T13:00:00+03:00,2026-07,EBM0726,3564.4880422455444,EPIAS_VEP:EBM0726,True,False,False
2026-07-12T11:00:00+00:00,2026-07-12T14:00:00+03:00,2026-07,EBM0726,3564.48804243669,EPIAS_VEP:EBM0726,True,False,False
2026-07-12T12:00:00+00:00,2026-07-12T15:00:00+03:00,2026-07,EBM0726,3564.488042614139,EPIAS_VEP:EBM0726,True,False,False
2026-07-12T13:00:00+00:00,2026-07-12T16:00:00+03:00,2026-07,EBM0726,3564.4880427780436,EPIAS_VEP:EBM0726,True,False,False
2026-07-12T14:00:00+00:00,2026-07-12T17:00:00+03:00,2026-07,EBM0726,3564.4880429286623,EPIAS_VEP:EBM0726,True,False,False
2026-07-12T15:00:00+00:00,2026-07-12T18:00:00+03:00,2026-07,EBM0726,3564.4880430663457,EPIAS_VEP:EBM0726,True,False,False
2026-07-12T16:00:00+00:00,2026-07-12T19:00:00+03:00,2026-07,EBM0726,3564.488043191516,EPIAS_VEP:EBM0726,True,False,False
2026-07-12T17:00:00+00:00,2026-07-12T20:00:00+03:00,2026-07,EBM0726,3564.4880433046574,EPIAS_VEP:EBM0726,True,False,False
2026-07-12T18:00:00+00:00,2026-07-12T21:00:00+03:00,2026-07,EBM0726,3564.4880434063016,EPIAS_VEP:EBM0726,True,False,False
2026-07-12T19:00:00+00:00,2026-07-12T22:00:00+03:00,2026-07,EBM0726,3564.4880434970173,EPIAS_VEP:EBM0726,True,False,False
2026-07-12T20:00:00+00:00,2026-07-12T23:00:00+03:00,2026-07,EBM0726,3564.4880435774003,EPIAS_VEP:EBM0726,True,False,False
2026-07-12T21:00:00+00:00,2026-07-13T00:00:00+03:00,2026-07,EBM0726,3564.488043648065,EPIAS_VEP:EBM0726,True,False,False
2026-07-12T22:00:00+00:00,2026-07-13T01:00:00+03:00,2026-07,EBM0726,3564.488043709635,EPIAS_VEP:EBM0726,True,False,False
2026-07-12T23:00:00+00:00,2026-07-13T02:00:00+03:00,2026-07,EBM0726,3564.488043762736,EPIAS_VEP:EBM0726,True,False,False
2026-07-13T00:00:00+00:00,2026-07-13T03:00:00+03:00,2026-07,EBM0726,3564.4880438079913,EPIAS_VEP:EBM0726,True,False,False
2026-07-13T01:00:00+00:00,2026-07-13T04:00:00+03:00,2026-07,EBM0726,3564.488043846016,EPIAS_VEP:EBM0726,True,False,False
2026-07-13T02:00:00+00:00,2026-07-13T05:00:00+03:00,2026-07,EBM0726,3564.4880438774117,EPIAS_VEP:EBM0726,True,False,False
2026-07-13T03:00:00+00:00,2026-07-13T06:00:00+03:00,2026-07,EBM0726,3564.48804390276,EPIAS_VEP:EBM0726,True,False,False
2026-07-13T04:00:00+00:00,2026-07-13T07:00:00+03:00,2026-07,EBM0726,3564.4880439226226,EPIAS_VEP:EBM0726,True,False,False
2026-07-13T05:00:00+00:00,2026-07-13T08:00:00+03:00,2026-07,EBM0726,3564.488043937536,EPIAS_VEP:EBM0726,True,False,False
2026-07-13T06:00:00+00:00,2026-07-13T09:00:00+03:00,2026-07,EBM0726,3564.488043948013,EPIAS_VEP:EBM0726,True,False,False
2026-07-13T07:00:00+00:00,2026-07-13T10:00:00+03:00,2026-07,EBM0726,3564.4880439545373,EPIAS_VEP:EBM0726,True,False,False
2026-07-13T08:00:00+00:00,2026-07-13T11:00:00+03:00,2026-07,EBM0726,3564.488043957565,EPIAS_VEP:EBM0726,True,False,False
2026-07-13T09:00:00+00:00,2026-07-13T12:00:00+03:00,2026-07,EBM0726,3564.488043957525,EPIAS_VEP:EBM0726,True,False,False
2026-07-13T10:00:00+00:00,2026-07-13T13:00:00+03:00,2026-07,EBM0726,3564.4880439548215,EPIAS_VEP:EBM0726,True,False,False
2026-07-13T11:00:00+00:00,2026-07-13T14:00:00+03:00,2026-07,EBM0726,3564.48804394983,EPIAS_VEP:EBM0726,True,False,False
2026-07-13T12:00:00+00:00,2026-07-13T15:00:00+03:00,2026-07,EBM0726,3564.488043942899,EPIAS_VEP:EBM0726,True,False,False
2026-07-13T13:00:00+00:00,2026-07-13T16:00:00+03:00,2026-07,EBM0726,3564.4880439343465,EPIAS_VEP:EBM0726,True,False,False
2026-07-13T14:00:00+00:00,2026-07-13T17:00:00+03:00,2026-07,EBM0726,3564.488043924464,EPIAS_VEP:EBM0726,True,False,False
2026-07-13T15:00:00+00:00,2026-07-13T18:00:00+03:00,2026-07,EBM0726,3564.4880439135154,EPIAS_VEP:EBM0726,True,False,False
2026-07-13T16:00:00+00:00,2026-07-13T19:00:00+03:00,2026-07,EBM0726,3564.488043901743,EPIAS_VEP:EBM0726,True,False,False
2026-07-13T17:00:00+00:00,2026-07-13T20:00:00+03:00,2026-07,EBM0726,3564.488043889364,EPIAS_VEP:EBM0726,True,False,False
2026-07-13T18:00:00+00:00,2026-07-13T21:00:00+03:00,2026-07,EBM0726,3564.488043876572,EPIAS_VEP:EBM0726,True,False,False
2026-07-13T19:00:00+00:00,2026-07-13T22:00:00+03:00,2026-07,EBM0726,3564.488043863541,EPIAS_VEP:EBM0726,True,False,False
2026-07-13T20:00:00+00:00,2026-07-13T23:00:00+03:00,2026-07,EBM0726,3564.4880438504238,EPIAS_VEP:EBM0726,True,False,False
2026-07-13T21:00:00+00:00,2026-07-14T00:00:00+03:00,2026-07,EBM0726,3564.488043837353,EPIAS_VEP:EBM0726,True,False,False
2026-07-13T22:00:00+00:00,2026-07-14T01:00:00+03:00,2026-07,EBM0726,3564.488043824444,EPIAS_VEP:EBM0726,True,False,False
2026-07-13T23:00:00+00:00,2026-07-14T02:00:00+03:00,2026-07,EBM0726,3564.4880438117957,EPIAS_VEP:EBM0726,True,False,False
2026-07-14T00:00:00+00:00,2026-07-14T03:00:00+03:00,2026-07,EBM0726,3564.4880437994875,EPIAS_VEP:EBM0726,True,False,False
2026-07-14T01:00:00+00:00,2026-07-14T04:00:00+03:00,2026-07,EBM0726,3564.488043787589,EPIAS_VEP:EBM0726,True,False,False
2026-07-14T02:00:00+00:00,2026-07-14T05:00:00+03:00,2026-07,EBM0726,3564.488043776157,EPIAS_VEP:EBM0726,True,False,False
2026-07-14T03:00:00+00:00,2026-07-14T06:00:00+03:00,2026-07,EBM0726,3564.4880437652355,EPIAS_VEP:EBM0726,True,False,False
2026-07-14T04:00:00+00:00,2026-07-14T07:00:00+03:00,2026-07,EBM0726,3564.488043754858,EPIAS_VEP:EBM0726,True,False,False
2026-07-14T05:00:00+00:00,2026-07-14T08:00:00+03:00,2026-07,EBM0726,3564.4880437450474,EPIAS_VEP:EBM0726,True,False,False
2026-07-14T06:00:00+00:00,2026-07-14T09:00:00+03:00,2026-07,EBM0726,3564.4880437358197,EPIAS_VEP:EBM0726,True,False,False
2026-07-14T07:00:00+00:00,2026-07-14T10:00:00+03:00,2026-07,EBM0726,3564.4880437271845,EPIAS_VEP:EBM0726,True,False,False
2026-07-14T08:00:00+00:00,2026-07-14T11:00:00+03:00,2026-07,EBM0726,3564.488043719145,EPIAS_VEP:EBM0726,True,False,False
2026-07-14T09:00:00+00:00,2026-07-14T12:00:00+03:00,2026-07,EBM0726,3564.488043711698,EPIAS_VEP:EBM0726,True,False,False
2026-07-14T10:00:00+00:00,2026-07-14T13:00:00+03:00,2026-07,EBM0726,3564.4880437048355,EPIAS_VEP:EBM0726,True,False,False
2026-07-14T11:00:00+00:00,2026-07-14T14:00:00+03:00,2026-07,EBM0726,3564.488043698545,EPIAS_VEP:EBM0726,True,False,False
2026-07-14T12:00:00+00:00,2026-07-14T15:00:00+03:00,2026-07,EBM0726,3564.488043692812,EPIAS_VEP:EBM0726,True,False,False
2026-07-14T13:00:00+00:00,2026-07-14T16:00:00+03:00,2026-07,EBM0726,3564.488043687618,EPIAS_VEP:EBM0726,True,False,False
2026-07-14T14:00:00+00:00,2026-07-14T17:00:00+03:00,2026-07,EBM0726,3564.48804368294,EPIAS_VEP:EBM0726,True,False,False
2026-07-14T15:00:00+00:00,2026-07-14T18:00:00+03:00,2026-07,EBM0726,3564.4880436787553,EPIAS_VEP:EBM0726,True,False,False
2026-07-14T16:00:00+00:00,2026-07-14T19:00:00+03:00,2026-07,EBM0726,3564.4880436750395,EPIAS_VEP:EBM0726,True,False,False
2026-07-14T17:00:00+00:00,2026-07-14T20:00:00+03:00,2026-07,EBM0726,3564.4880436717654,EPIAS_VEP:EBM0726,True,False,False
2026-07-14T18:00:00+00:00,2026-07-14T21:00:00+03:00,2026-07,EBM0726,3564.488043668905,EPIAS_VEP:EBM0726,True,False,False
2026-07-14T19:00:00+00:00,2026-07-14T22:00:00+03:00,2026-07,EBM0726,3564.4880436664307,EPIAS_VEP:EBM0726,True,False,False
2026-07-14T20:00:00+00:00,2026-07-14T23:00:00+03:00,2026-07,EBM0726,3564.488043664319,EPIAS_VEP:EBM0726,True,False,False
2026-07-14T21:00:00+00:00,2026-07-15T00:00:00+03:00,2026-07,EBM0726,3564.4880436625394,EPIAS_VEP:EBM0726,True,False,False
2026-07-14T22:00:00+00:00,2026-07-15T01:00:00+03:00,2026-07,EBM0726,3564.4880436610624,EPIAS_VEP:EBM0726,True,False,False
2026-07-14T23:00:00+00:00,2026-07-15T02:00:00+03:00,2026-07,EBM0726,3564.48804365986,EPIAS_VEP:EBM0726,True,False,False
2026-07-15T00:00:00+00:00,2026-07-15T03:00:00+03:00,2026-07,EBM0726,3564.488043658906,EPIAS_VEP:EBM0726,True,False,False
2026-07-15T01:00:00+00:00,2026-07-15T04:00:00+03:00,2026-07,EBM0726,3564.4880436581734,EPIAS_VEP:EBM0726,True,False,False
2026-07-15T02:00:00+00:00,2026-07-15T05:00:00+03:00,2026-07,EBM0726,3564.4880436576386,EPIAS_VEP:EBM0726,True,False,False
2026-07-15T03:00:00+00:00,2026-07-15T06:00:00+03:00,2026-07,EBM0726,3564.4880436572807,EPIAS_VEP:EBM0726,True,False,False
2026-07-15T04:00:00+00:00,2026-07-15T07:00:00+03:00,2026-07,EBM0726,3564.4880436570807,EPIAS_VEP:EBM0726,True,False,False
2026-07-15T05:00:00+00:00,2026-07-15T08:00:00+03:00,2026-07,EBM0726,3564.4880436570206,EPIAS_VEP:EBM0726,True,False,False
2026-07-15T06:00:00+00:00,2026-07-15T09:00:00+03:00,2026-07,EBM0726,3564.4880436570843,EPIAS_VEP:EBM0726,True,False,False
2026-07-15T07:00:00+00:00,2026-07-15T10:00:00+03:00,2026-07,EBM0726,3564.488043657255,EPIAS_VEP:EBM0726,True,False,False
2026-07-15T08:00:00+00:00,2026-07-15T11:00:00+03:00,2026-07,EBM0726,3564.4880436575154,EPIAS_VEP:EBM0726,True,False,False
2026-07-15T09:00:00+00:00,2026-07-15T12:00:00+03:00,2026-07,EBM0726,3564.488043657851,EPIAS_VEP:EBM0726,True,False,False
2026-07-15T10:00:00+00:00,2026-07-15T13:00:00+03:00,2026-07,EBM0726,3564.488043658249,EPIAS_VEP:EBM0726,True,False,False
2026-07-15T11:00:00+00:00,2026-07-15T14:00:00+03:00,2026-07,EBM0726,3564.488043658698,EPIAS_VEP:EBM0726,True,False,False
2026-07-15T12:00:00+00:00,2026-07-15T15:00:00+03:00,2026-07,EBM0726,3564.48804365919,EPIAS_VEP:EBM0726,True,False,False
2026-07-15T13:00:00+00:00,2026-07-15T16:00:00+03:00,2026-07,EBM0726,3564.488043659719,EPIAS_VEP:EBM0726,True,False,False
2026-07-15T14:00:00+00:00,2026-07-15T17:00:00+03:00,2026-07,EBM0726,3564.488043660277,EPIAS_VEP:EBM0726,True,False,False
2026-07-15T15:00:00+00:00,2026-07-15T18:00:00+03:00,2026-07,EBM0726,3564.4880436608564,EPIAS_VEP:EBM0726,True,False,False
2026-07-15T16:00:00+00:00,2026-07-15T19:00:00+03:00,2026-07,EBM0726,3564.4880436614503,EPIAS_VEP:EBM0726,True,False,False
2026-07-15T17:00:00+00:00,2026-07-15T20:00:00+03:00,2026-07,EBM0726,3564.4880436620524,EPIAS_VEP:EBM0726,True,False,False
2026-07-15T18:00:00+00:00,2026-07-15T21:00:00+03:00,2026-07,EBM0726,3564.4880436626568,EPIAS_VEP:EBM0726,True,False,False
2026-07-15T19:00:00+00:00,2026-07-15T22:00:00+03:00,2026-07,EBM0726,3564.488043663259,EPIAS_VEP:EBM0726,True,False,False
2026-07-15T20:00:00+00:00,2026-07-15T23:00:00+03:00,2026-07,EBM0726,3564.4880436638523,EPIAS_VEP:EBM0726,True,False,False
2026-07-15T21:00:00+00:00,2026-07-16T00:00:00+03:00,2026-07,EBM0726,3564.488043664431,EPIAS_VEP:EBM0726,True,False,False
2026-07-15T22:00:00+00:00,2026-07-16T01:00:00+03:00,2026-07,EBM0726,3564.4880436649923,EPIAS_VEP:EBM0726,True,False,False
2026-07-15T23:00:00+00:00,2026-07-16T02:00:00+03:00,2026-07,EBM0726,3564.4880436655317,EPIAS_VEP:EBM0726,True,False,False
2026-07-16T00:00:00+00:00,2026-07-16T03:00:00+03:00,2026-07,EBM0726,3564.488043666045,EPIAS_VEP:EBM0726,True,False,False
2026-07-16T01:00:00+00:00,2026-07-16T04:00:00+03:00,2026-07,EBM0726,3564.488043666527,EPIAS_VEP:EBM0726,True,False,False
2026-07-16T02:00:00+00:00,2026-07-16T05:00:00+03:00,2026-07,EBM0726,3564.4880436669764,EPIAS_VEP:EBM0726,True,False,False
2026-07-16T03:00:00+00:00,2026-07-16T06:00:00+03:00,2026-07,EBM0726,3564.488043667393,EPIAS_VEP:EBM0726,True,False,False
2026-07-16T04:00:00+00:00,2026-07-16T07:00:00+03:00,2026-07,EBM0726,3564.4880436677768,EPIAS_VEP:EBM0726,True,False,False
2026-07-16T05:00:00+00:00,2026-07-16T08:00:00+03:00,2026-07,EBM0726,3564.488043668129,EPIAS_VEP:EBM0726,True,False,False
2026-07-16T06:00:00+00:00,2026-07-16T09:00:00+03:00,2026-07,EBM0726,3564.4880436684525,EPIAS_VEP:EBM0726,True,False,False
2026-07-16T07:00:00+00:00,2026-07-16T10:00:00+03:00,2026-07,EBM0726,3564.488043668747,EPIAS_VEP:EBM0726,True,False,False
2026-07-16T08:00:00+00:00,2026-07-16T11:00:00+03:00,2026-07,EBM0726,3564.4880436690137,EPIAS_VEP:EBM0726,True,False,False
2026-07-16T09:00:00+00:00,2026-07-16T12:00:00+03:00,2026-07,EBM0726,3564.4880436692556,EPIAS_VEP:EBM0726,True,False,False
2026-07-16T10:00:00+00:00,2026-07-16T13:00:00+03:00,2026-07,EBM0726,3564.4880436694757,EPIAS_VEP:EBM0726,True,False,False
2026-07-16T11:00:00+00:00,2026-07-16T14:00:00+03:00,2026-07,EBM0726,3564.488043669676,EPIAS_VEP:EBM0726,True,False,False
2026-07-16T12:00:00+00:00,2026-07-16T15:00:00+03:00,2026-07,EBM0726,3564.488043669857,EPIAS_VEP:EBM0726,True,False,False
2026-07-16T13:00:00+00:00,2026-07-16T16:00:00+03:00,2026-07,EBM0726,3564.48804367002,EPIAS_VEP:EBM0726,True,False,False
2026-07-16T14:00:00+00:00,2026-07-16T17:00:00+03:00,2026-07,EBM0726,3564.4880436701656,EPIAS_VEP:EBM0726,True,False,False
2026-07-16T15:00:00+00:00,2026-07-16T18:00:00+03:00,2026-07,EBM0726,3564.488043670293,EPIAS_VEP:EBM0726,True,False,False
2026-07-16T16:00:00+00:00,2026-07-16T19:00:00+03:00,2026-07,EBM0726,3564.4880436704025,EPIAS_VEP:EBM0726,True,False,False
2026-07-16T17:00:00+00:00,2026-07-16T20:00:00+03:00,2026-07,EBM0726,3564.4880436704975,EPIAS_VEP:EBM0726,True,False,False
2026-07-16T18:00:00+00:00,2026-07-16T21:00:00+03:00,2026-07,EBM0726,3564.4880436705794,EPIAS_VEP:EBM0726,True,False,False
2026-07-16T19:00:00+00:00,2026-07-16T22:00:00+03:00,2026-07,EBM0726,3564.488043670648,EPIAS_VEP:EBM0726,True,False,False
2026-07-16T20:00:00+00:00,2026-07-16T23:00:00+03:00,2026-07,EBM0726,3564.488043670704,EPIAS_VEP:EBM0726,True,False,False
2026-07-16T21:00:00+00:00,2026-07-17T00:00:00+03:00,2026-07,EBM0726,3564.4880436707485,EPIAS_VEP:EBM0726,True,False,False
2026-07-16T22:00:00+00:00,2026-07-17T01:00:00+03:00,2026-07,EBM0726,3564.4880436707813,EPIAS_VEP:EBM0726,True,False,False
2026-07-16T23:00:00+00:00,2026-07-17T02:00:00+03:00,2026-07,EBM0726,3564.4880436708013,EPIAS_VEP:EBM0726,True,False,False
2026-07-17T00:00:00+00:00,2026-07-17T03:00:00+03:00,2026-07,EBM0726,3564.488043670809,EPIAS_VEP:EBM0726,True,False,False
2026-07-17T01:00:00+00:00,2026-07-17T04:00:00+03:00,2026-07,EBM0726,3564.4880436708054,EPIAS_VEP:EBM0726,True,False,False
2026-07-17T02:00:00+00:00,2026-07-17T05:00:00+03:00,2026-07,EBM0726,3564.4880436707895,EPIAS_VEP:EBM0726,True,False,False
2026-07-17T03:00:00+00:00,2026-07-17T06:00:00+03:00,2026-07,EBM0726,3564.488043670763,EPIAS_VEP:EBM0726,True,False,False
2026-07-17T04:00:00+00:00,2026-07-17T07:00:00+03:00,2026-07,EBM0726,3564.488043670727,EPIAS_VEP:EBM0726,True,False,False
2026-07-17T05:00:00+00:00,2026-07-17T08:00:00+03:00,2026-07,EBM0726,3564.488043670684,EPIAS_VEP:EBM0726,True,False,False
2026-07-17T06:00:00+00:00,2026-07-17T09:00:00+03:00,2026-07,EBM0726,3564.488043670636,EPIAS_VEP:EBM0726,True,False,False
2026-07-17T07:00:00+00:00,2026-07-17T10:00:00+03:00,2026-07,EBM0726,3564.488043670588,EPIAS_VEP:EBM0726,True,False,False
2026-07-17T08:00:00+00:00,2026-07-17T11:00:00+03:00,2026-07,EBM0726,3564.4880436705434,EPIAS_VEP:EBM0726,True,False,False
2026-07-17T09:00:00+00:00,2026-07-17T12:00:00+03:00,2026-07,EBM0726,3564.488043670505,EPIAS_VEP:EBM0726,True,False,False
2026-07-17T10:00:00+00:00,2026-07-17T13:00:00+03:00,2026-07,EBM0726,3564.488043670475,EPIAS_VEP:EBM0726,True,False,False
2026-07-17T11:00:00+00:00,2026-07-17T14:00:00+03:00,2026-07,EBM0726,3564.4880436704543,EPIAS_VEP:EBM0726,True,False,False
2026-07-17T12:00:00+00:00,2026-07-17T15:00:00+03:00,2026-07,EBM0726,3564.4880436704434,EPIAS_VEP:EBM0726,True,False,False
2026-07-17T13:00:00+00:00,2026-07-17T16:00:00+03:00,2026-07,EBM0726,3564.4880436704416,EPIAS_VEP:EBM0726,True,False,False
2026-07-17T14:00:00+00:00,2026-07-17T17:00:00+03:00,2026-07,EBM0726,3564.488043670448,EPIAS_VEP:EBM0726,True,False,False
2026-07-17T15:00:00+00:00,2026-07-17T18:00:00+03:00,2026-07,EBM0726,3564.488043670462,EPIAS_VEP:EBM0726,True,False,False
2026-07-17T16:00:00+00:00,2026-07-17T19:00:00+03:00,2026-07,EBM0726,3564.488043670482,EPIAS_VEP:EBM0726,True,False,False
2026-07-17T17:00:00+00:00,2026-07-17T20:00:00+03:00,2026-07,EBM0726,3564.4880436705075,EPIAS_VEP:EBM0726,True,False,False
2026-07-17T18:00:00+00:00,2026-07-17T21:00:00+03:00,2026-07,EBM0726,3564.4880436705384,EPIAS_VEP:EBM0726,True,False,False
2026-07-17T19:00:00+00:00,2026-07-17T22:00:00+03:00,2026-07,EBM0726,3564.488043670573,EPIAS_VEP:EBM0726,True,False,False
2026-07-17T20:00:00+00:00,2026-07-17T23:00:00+03:00,2026-07,EBM0726,3564.4880436706094,EPIAS_VEP:EBM0726,True,False,False
2026-07-17T21:00:00+00:00,2026-07-18T00:00:00+03:00,2026-07,EBM0726,3564.488043670647,EPIAS_VEP:EBM0726,True,False,False
2026-07-17T22:00:00+00:00,2026-07-18T01:00:00+03:00,2026-07,EBM0726,3564.488043670684,EPIAS_VEP:EBM0726,True,False,False
2026-07-17T23:00:00+00:00,2026-07-18T02:00:00+03:00,2026-07,EBM0726,3564.488043670717,EPIAS_VEP:EBM0726,True,False,False
2026-07-18T00:00:00+00:00,2026-07-18T03:00:00+03:00,2026-07,EBM0726,3564.4880436707444,EPIAS_VEP:EBM0726,True,False,False
2026-07-18T01:00:00+00:00,2026-07-18T04:00:00+03:00,2026-07,EBM0726,3564.4880436707645,EPIAS_VEP:EBM0726,True,False,False
2026-07-18T02:00:00+00:00,2026-07-18T05:00:00+03:00,2026-07,EBM0726,3564.4880436707763,EPIAS_VEP:EBM0726,True,False,False
2026-07-18T03:00:00+00:00,2026-07-18T06:00:00+03:00,2026-07,EBM0726,3564.4880436707813,EPIAS_VEP:EBM0726,True,False,False
2026-07-18T04:00:00+00:00,2026-07-18T07:00:00+03:00,2026-07,EBM0726,3564.4880436707804,EPIAS_VEP:EBM0726,True,False,False
2026-07-18T05:00:00+00:00,2026-07-18T08:00:00+03:00,2026-07,EBM0726,3564.4880436707745,EPIAS_VEP:EBM0726,True,False,False
2026-07-18T06:00:00+00:00,2026-07-18T09:00:00+03:00,2026-07,EBM0726,3564.488043670766,EPIAS_VEP:EBM0726,True,False,False
2026-07-18T07:00:00+00:00,2026-07-18T10:00:00+03:00,2026-07,EBM0726,3564.488043670756,EPIAS_VEP:EBM0726,True,False,False
2026-07-18T08:00:00+00:00,2026-07-18T11:00:00+03:00,2026-07,EBM0726,3564.4880436707444,EPIAS_VEP:EBM0726,True,False,False
2026-07-18T09:00:00+00:00,2026-07-18T12:00:00+03:00,2026-07,EBM0726,3564.4880436707317,EPIAS_VEP:EBM0726,True,False,False
2026-07-18T10:00:00+00:00,2026-07-18T13:00:00+03:00,2026-07,EBM0726,3564.488043670717,EPIAS_VEP:EBM0726,True,False,False
2026-07-18T11:00:00+00:00,2026-07-18T14:00:00+03:00,2026-07,EBM0726,3564.4880436707012,EPIAS_VEP:EBM0726,True,False,False
2026-07-18T12:00:00+00:00,2026-07-18T15:00:00+03:00,2026-07,EBM0726,3564.4880436706835,EPIAS_VEP:EBM0726,True,False,False
2026-07-18T13:00:00+00:00,2026-07-18T16:00:00+03:00,2026-07,EBM0726,3564.4880436706653,EPIAS_VEP:EBM0726,True,False,False
2026-07-18T14:00:00+00:00,2026-07-18T17:00:00+03:00,2026-07,EBM0726,3564.4880436706467,EPIAS_VEP:EBM0726,True,False,False
2026-07-18T15:00:00+00:00,2026-07-18T18:00:00+03:00,2026-07,EBM0726,3564.4880436706285,EPIAS_VEP:EBM0726,True,False,False
2026-07-18T16:00:00+00:00,2026-07-18T19:00:00+03:00,2026-07,EBM0726,3564.4880436706126,EPIAS_VEP:EBM0726,True,False,False
2026-07-18T17:00:00+00:00,2026-07-18T20:00:00+03:00,2026-07,EBM0726,3564.4880436705994,EPIAS_VEP:EBM0726,True,False,False
2026-07-18T18:00:00+00:00,2026-07-18T21:00:00+03:00,2026-07,EBM0726,3564.4880436705917,EPIAS_VEP:EBM0726,True,False,False
2026-07-18T19:00:00+00:00,2026-07-18T22:00:00+03:00,2026-07,EBM0726,3564.488043670588,EPIAS_VEP:EBM0726,True,False,False
2026-07-18T20:00:00+00:00,2026-07-18T23:00:00+03:00,2026-07,EBM0726,3564.4880436705894,EPIAS_VEP:EBM0726,True,False,False
2026-07-18T21:00:00+00:00,2026-07-19T00:00:00+03:00,2026-07,EBM0726,3564.488043670596,EPIAS_VEP:EBM0726,True,False,False
2026-07-18T22:00:00+00:00,2026-07-19T01:00:00+03:00,2026-07,EBM0726,3564.488043670607,EPIAS_VEP:EBM0726,True,False,False
2026-07-18T23:00:00+00:00,2026-07-19T02:00:00+03:00,2026-07,EBM0726,3564.4880436706217,EPIAS_VEP:EBM0726,True,False,False
2026-07-19T00:00:00+00:00,2026-07-19T03:00:00+03:00,2026-07,EBM0726,3564.488043670638,EPIAS_VEP:EBM0726,True,False,False
2026-07-19T01:00:00+00:00,2026-07-19T04:00:00+03:00,2026-07,EBM0726,3564.488043670655,EPIAS_VEP:EBM0726,True,False,False
2026-07-19T02:00:00+00:00,2026-07-19T05:00:00+03:00,2026-07,EBM0726,3564.488043670671,EPIAS_VEP:EBM0726,True,False,False
2026-07-19T03:00:00+00:00,2026-07-19T06:00:00+03:00,2026-07,EBM0726,3564.4880436706876,EPIAS_VEP:EBM0726,True,False,False
2026-07-19T04:00:00+00:00,2026-07-19T07:00:00+03:00,2026-07,EBM0726,3564.4880436707053,EPIAS_VEP:EBM0726,True,False,False
2026-07-19T05:00:00+00:00,2026-07-19T08:00:00+03:00,2026-07,EBM0726,3564.488043670722,EPIAS_VEP:EBM0726,True,False,False
2026-07-19T06:00:00+00:00,2026-07-19T09:00:00+03:00,2026-07,EBM0726,3564.4880436707363,EPIAS_VEP:EBM0726,True,False,False
2026-07-19T07:00:00+00:00,2026-07-19T10:00:00+03:00,2026-07,EBM0726,3564.4880436707454,EPIAS_VEP:EBM0726,True,False,False
2026-07-19T08:00:00+00:00,2026-07-19T11:00:00+03:00,2026-07,EBM0726,3564.4880436707476,EPIAS_VEP:EBM0726,True,False,False
2026-07-19T09:00:00+00:00,2026-07-19T12:00:00+03:00,2026-07,EBM0726,3564.4880436707413,EPIAS_VEP:EBM0726,True,False,False
2026-07-19T10:00:00+00:00,2026-07-19T13:00:00+03:00,2026-07,EBM0726,3564.488043670726,EPIAS_VEP:EBM0726,True,False,False
2026-07-19T11:00:00+00:00,2026-07-19T14:00:00+03:00,2026-07,EBM0726,3564.4880436707026,EPIAS_VEP:EBM0726,True,False,False
2026-07-19T12:00:00+00:00,2026-07-19T15:00:00+03:00,2026-07,EBM0726,3564.488043670673,EPIAS_VEP:EBM0726,True,False,False
2026-07-19T13:00:00+00:00,2026-07-19T16:00:00+03:00,2026-07,EBM0726,3564.4880436706376,EPIAS_VEP:EBM0726,True,False,False
2026-07-19T14:00:00+00:00,2026-07-19T17:00:00+03:00,2026-07,EBM0726,3564.488043670596,EPIAS_VEP:EBM0726,True,False,False
2026-07-19T15:00:00+00:00,2026-07-19T18:00:00+03:00,2026-07,EBM0726,3564.4880436705494,EPIAS_VEP:EBM0726,True,False,False
2026-07-19T16:00:00+00:00,2026-07-19T19:00:00+03:00,2026-07,EBM0726,3564.4880436704975,EPIAS_VEP:EBM0726,True,False,False
2026-07-19T17:00:00+00:00,2026-07-19T20:00:00+03:00,2026-07,EBM0726,3564.4880436704407,EPIAS_VEP:EBM0726,True,False,False
2026-07-19T18:00:00+00:00,2026-07-19T21:00:00+03:00,2026-07,EBM0726,3564.4880436703784,EPIAS_VEP:EBM0726,True,False,False
2026-07-19T19:00:00+00:00,2026-07-19T22:00:00+03:00,2026-07,EBM0726,3564.488043670311,EPIAS_VEP:EBM0726,True,False,False
2026-07-19T20:00:00+00:00,2026-07-19T23:00:00+03:00,2026-07,EBM0726,3564.488043670238,EPIAS_VEP:EBM0726,True,False,False
2026-07-19T21:00:00+00:00,2026-07-20T00:00:00+03:00,2026-07,EBM0726,3564.4880436701583,EPIAS_VEP:EBM0726,True,False,False
2026-07-19T22:00:00+00:00,2026-07-20T01:00:00+03:00,2026-07,EBM0726,3564.488043670073,EPIAS_VEP:EBM0726,True,False,False
2026-07-19T23:00:00+00:00,2026-07-20T02:00:00+03:00,2026-07,EBM0726,3564.4880436699837,EPIAS_VEP:EBM0726,True,False,False
2026-07-20T00:00:00+00:00,2026-07-20T03:00:00+03:00,2026-07,EBM0726,3564.4880436698922,EPIAS_VEP:EBM0726,True,False,False
2026-07-20T01:00:00+00:00,2026-07-20T04:00:00+03:00,2026-07,EBM0726,3564.4880436697986,EPIAS_VEP:EBM0726,True,False,False
2026-07-20T02:00:00+00:00,2026-07-20T05:00:00+03:00,2026-07,EBM0726,3564.488043669702,EPIAS_VEP:EBM0726,True,False,False
2026-07-20T03:00:00+00:00,2026-07-20T06:00:00+03:00,2026-07,EBM0726,3564.4880436696035,EPIAS_VEP:EBM0726,True,False,False
2026-07-20T04:00:00+00:00,2026-07-20T07:00:00+03:00,2026-07,EBM0726,3564.4880436695057,EPIAS_VEP:EBM0726,True,False,False
2026-07-20T05:00:00+00:00,2026-07-20T08:00:00+03:00,2026-07,EBM0726,3564.488043669411,EPIAS_VEP:EBM0726,True,False,False
2026-07-20T06:00:00+00:00,2026-07-20T09:00:00+03:00,2026-07,EBM0726,3564.4880436693234,EPIAS_VEP:EBM0726,True,False,False
2026-07-20T07:00:00+00:00,2026-07-20T10:00:00+03:00,2026-07,EBM0726,3564.4880436692456,EPIAS_VEP:EBM0726,True,False,False
2026-07-20T08:00:00+00:00,2026-07-20T11:00:00+03:00,2026-07,EBM0726,3564.4880436691815,EPIAS_VEP:EBM0726,True,False,False
2026-07-20T09:00:00+00:00,2026-07-20T12:00:00+03:00,2026-07,EBM0726,3564.488043669134,EPIAS_VEP:EBM0726,True,False,False
2026-07-20T10:00:00+00:00,2026-07-20T13:00:00+03:00,2026-07,EBM0726,3564.4880436691064,EPIAS_VEP:EBM0726,True,False,False
2026-07-20T11:00:00+00:00,2026-07-20T14:00:00+03:00,2026-07,EBM0726,3564.488043669101,EPIAS_VEP:EBM0726,True,False,False
2026-07-20T12:00:00+00:00,2026-07-20T15:00:00+03:00,2026-07,EBM0726,3564.4880436691215,EPIAS_VEP:EBM0726,True,False,False
2026-07-20T13:00:00+00:00,2026-07-20T16:00:00+03:00,2026-07,EBM0726,3564.4880436691624,EPIAS_VEP:EBM0726,True,False,False
2026-07-20T14:00:00+00:00,2026-07-20T17:00:00+03:00,2026-07,EBM0726,3564.4880436692197,EPIAS_VEP:EBM0726,True,False,False
2026-07-20T15:00:00+00:00,2026-07-20T18:00:00+03:00,2026-07,EBM0726,3564.4880436692893,EPIAS_VEP:EBM0726,True,False,False
2026-07-20T16:00:00+00:00,2026-07-20T19:00:00+03:00,2026-07,EBM0726,3564.488043669367,EPIAS_VEP:EBM0726,True,False,False
2026-07-20T17:00:00+00:00,2026-07-20T20:00:00+03:00,2026-07,EBM0726,3564.4880436694507,EPIAS_VEP:EBM0726,True,False,False
2026-07-20T18:00:00+00:00,2026-07-20T21:00:00+03:00,2026-07,EBM0726,3564.4880436695385,EPIAS_VEP:EBM0726,True,False,False
2026-07-20T19:00:00+00:00,2026-07-20T22:00:00+03:00,2026-07,EBM0726,3564.488043669627,EPIAS_VEP:EBM0726,True,False,False
2026-07-20T20:00:00+00:00,2026-07-20T23:00:00+03:00,2026-07,EBM0726,3564.488043669716,EPIAS_VEP:EBM0726,True,False,False
2026-07-20T21:00:00+00:00,2026-07-21T00:00:00+03:00,2026-07,EBM0726,3564.4880436698027,EPIAS_VEP:EBM0726,True,False,False
2026-07-20T22:00:00+00:00,2026-07-21T01:00:00+03:00,2026-07,EBM0726,3564.4880436698872,EPIAS_VEP:EBM0726,True,False,False
2026-07-20T23:00:00+00:00,2026-07-21T02:00:00+03:00,2026-07,EBM0726,3564.4880436699705,EPIAS_VEP:EBM0726,True,False,False
2026-07-21T00:00:00+00:00,2026-07-21T03:00:00+03:00,2026-07,EBM0726,3564.488043670051,EPIAS_VEP:EBM0726,True,False,False
2026-07-21T01:00:00+00:00,2026-07-21T04:00:00+03:00,2026-07,EBM0726,3564.4880436701305,EPIAS_VEP:EBM0726,True,False,False
2026-07-21T02:00:00+00:00,2026-07-21T05:00:00+03:00,2026-07,EBM0726,3564.488043670211,EPIAS_VEP:EBM0726,True,False,False
2026-07-21T03:00:00+00:00,2026-07-21T06:00:00+03:00,2026-07,EBM0726,3564.488043670294,EPIAS_VEP:EBM0726,True,False,False
2026-07-21T04:00:00+00:00,2026-07-21T07:00:00+03:00,2026-07,EBM0726,3564.4880436703793,EPIAS_VEP:EBM0726,True,False,False
2026-07-21T05:00:00+00:00,2026-07-21T08:00:00+03:00,2026-07,EBM0726,3564.4880436704707,EPIAS_VEP:EBM0726,True,False,False
2026-07-21T06:00:00+00:00,2026-07-21T09:00:00+03:00,2026-07,EBM0726,3564.4880436705707,EPIAS_VEP:EBM0726,True,False,False
2026-07-21T07:00:00+00:00,2026-07-21T10:00:00+03:00,2026-07,EBM0726,3564.48804367068,EPIAS_VEP:EBM0726,True,False,False
2026-07-21T08:00:00+00:00,2026-07-21T11:00:00+03:00,2026-07,EBM0726,3564.488043670797,EPIAS_VEP:EBM0726,True,False,False
2026-07-21T09:00:00+00:00,2026-07-21T12:00:00+03:00,2026-07,EBM0726,3564.4880436709204,EPIAS_VEP:EBM0726,True,False,False
2026-07-21T10:00:00+00:00,2026-07-21T13:00:00+03:00,2026-07,EBM0726,3564.488043671047,EPIAS_VEP:EBM0726,True,False,False
2026-07-21T11:00:00+00:00,2026-07-21T14:00:00+03:00,2026-07,EBM0726,3564.4880436711737,EPIAS_VEP:EBM0726,True,False,False
2026-07-21T12:00:00+00:00,2026-07-21T15:00:00+03:00,2026-07,EBM0726,3564.488043671299,EPIAS_VEP:EBM0726,True,False,False
2026-07-21T13:00:00+00:00,2026-07-21T16:00:00+03:00,2026-07,EBM0726,3564.488043671421,EPIAS_VEP:EBM0726,True,False,False
2026-07-21T14:00:00+00:00,2026-07-21T17:00:00+03:00,2026-07,EBM0726,3564.488043671539,EPIAS_VEP:EBM0726,True,False,False
2026-07-21T15:00:00+00:00,2026-07-21T18:00:00+03:00,2026-07,EBM0726,3564.48804367165,EPIAS_VEP:EBM0726,True,False,False
2026-07-21T16:00:00+00:00,2026-07-21T19:00:00+03:00,2026-07,EBM0726,3564.488043671752,EPIAS_VEP:EBM0726,True,False,False
2026-07-21T17:00:00+00:00,2026-07-21T20:00:00+03:00,2026-07,EBM0726,3564.4880436718454,EPIAS_VEP:EBM0726,True,False,False
2026-07-21T18:00:00+00:00,2026-07-21T21:00:00+03:00,2026-07,EBM0726,3564.4880436719286,EPIAS_VEP:EBM0726,True,False,False
2026-07-21T19:00:00+00:00,2026-07-21T22:00:00+03:00,2026-07,EBM0726,3564.4880436720014,EPIAS_VEP:EBM0726,True,False,False
2026-07-21T20:00:00+00:00,2026-07-21T23:00:00+03:00,2026-07,EBM0726,3564.4880436720637,EPIAS_VEP:EBM0726,True,False,False
2026-07-21T21:00:00+00:00,2026-07-22T00:00:00+03:00,2026-07,EBM0726,3564.488043672115,EPIAS_VEP:EBM0726,True,False,False
2026-07-21T22:00:00+00:00,2026-07-22T01:00:00+03:00,2026-07,EBM0726,3564.488043672154,EPIAS_VEP:EBM0726,True,False,False
2026-07-21T23:00:00+00:00,2026-07-22T02:00:00+03:00,2026-07,EBM0726,3564.488043672184,EPIAS_VEP:EBM0726,True,False,False
2026-07-22T00:00:00+00:00,2026-07-22T03:00:00+03:00,2026-07,EBM0726,3564.488043672204,EPIAS_VEP:EBM0726,True,False,False
2026-07-22T01:00:00+00:00,2026-07-22T04:00:00+03:00,2026-07,EBM0726,3564.488043672215,EPIAS_VEP:EBM0726,True,False,False
2026-07-22T02:00:00+00:00,2026-07-22T05:00:00+03:00,2026-07,EBM0726,3564.488043672219,EPIAS_VEP:EBM0726,True,False,False
2026-07-22T03:00:00+00:00,2026-07-22T06:00:00+03:00,2026-07,EBM0726,3564.4880436722187,EPIAS_VEP:EBM0726,True,False,False
2026-07-22T04:00:00+00:00,2026-07-22T07:00:00+03:00,2026-07,EBM0726,3564.488043672215,EPIAS_VEP:EBM0726,True,False,False
2026-07-22T05:00:00+00:00,2026-07-22T08:00:00+03:00,2026-07,EBM0726,3564.4880436722083,EPIAS_VEP:EBM0726,True,False,False
2026-07-22T06:00:00+00:00,2026-07-22T09:00:00+03:00,2026-07,EBM0726,3564.4880436721974,EPIAS_VEP:EBM0726,True,False,False
2026-07-22T07:00:00+00:00,2026-07-22T10:00:00+03:00,2026-07,EBM0726,3564.488043672183,EPIAS_VEP:EBM0726,True,False,False
2026-07-22T08:00:00+00:00,2026-07-22T11:00:00+03:00,2026-07,EBM0726,3564.488043672167,EPIAS_VEP:EBM0726,True,False,False
2026-07-22T09:00:00+00:00,2026-07-22T12:00:00+03:00,2026-07,EBM0726,3564.48804367215,EPIAS_VEP:EBM0726,True,False,False
2026-07-22T10:00:00+00:00,2026-07-22T13:00:00+03:00,2026-07,EBM0726,3564.4880436721314,EPIAS_VEP:EBM0726,True,False,False
2026-07-22T11:00:00+00:00,2026-07-22T14:00:00+03:00,2026-07,EBM0726,3564.4880436721082,EPIAS_VEP:EBM0726,True,False,False
2026-07-22T12:00:00+00:00,2026-07-22T15:00:00+03:00,2026-07,EBM0726,3564.488043672079,EPIAS_VEP:EBM0726,True,False,False
2026-07-22T13:00:00+00:00,2026-07-22T16:00:00+03:00,2026-07,EBM0726,3564.488043672044,EPIAS_VEP:EBM0726,True,False,False
2026-07-22T14:00:00+00:00,2026-07-22T17:00:00+03:00,2026-07,EBM0726,3564.4880436720023,EPIAS_VEP:EBM0726,True,False,False
2026-07-22T15:00:00+00:00,2026-07-22T18:00:00+03:00,2026-07,EBM0726,3564.488043671954,EPIAS_VEP:EBM0726,True,False,False
2026-07-22T16:00:00+00:00,2026-07-22T19:00:00+03:00,2026-07,EBM0726,3564.4880436719013,EPIAS_VEP:EBM0726,True,False,False
2026-07-22T17:00:00+00:00,2026-07-22T20:00:00+03:00,2026-07,EBM0726,3564.488043671844,EPIAS_VEP:EBM0726,True,False,False
2026-07-22T18:00:00+00:00,2026-07-22T21:00:00+03:00,2026-07,EBM0726,3564.488043671782,EPIAS_VEP:EBM0726,True,False,False
2026-07-22T19:00:00+00:00,2026-07-22T22:00:00+03:00,2026-07,EBM0726,3564.4880436717167,EPIAS_VEP:EBM0726,True,False,False
2026-07-22T20:00:00+00:00,2026-07-22T23:00:00+03:00,2026-07,EBM0726,3564.4880436716453,EPIAS_VEP:EBM0726,True,False,False
2026-07-22T21:00:00+00:00,2026-07-23T00:00:00+03:00,2026-07,EBM0726,3564.488043671568,EPIAS_VEP:EBM0726,True,False,False
2026-07-22T22:00:00+00:00,2026-07-23T01:00:00+03:00,2026-07,EBM0726,3564.4880436714852,EPIAS_VEP:EBM0726,True,False,False
2026-07-22T23:00:00+00:00,2026-07-23T02:00:00+03:00,2026-07,EBM0726,3564.488043671397,EPIAS_VEP:EBM0726,True,False,False
2026-07-23T00:00:00+00:00,2026-07-23T03:00:00+03:00,2026-07,EBM0726,3564.4880436713042,EPIAS_VEP:EBM0726,True,False,False
2026-07-23T01:00:00+00:00,2026-07-23T04:00:00+03:00,2026-07,EBM0726,3564.4880436712083,EPIAS_VEP:EBM0726,True,False,False
2026-07-23T02:00:00+00:00,2026-07-23T05:00:00+03:00,2026-07,EBM0726,3564.488043671109,EPIAS_VEP:EBM0726,True,False,False
2026-07-23T03:00:00+00:00,2026-07-23T06:00:00+03:00,2026-07,EBM0726,3564.4880436710064,EPIAS_VEP:EBM0726,True,False,False
2026-07-23T04:00:00+00:00,2026-07-23T07:00:00+03:00,2026-07,EBM0726,3564.488043670901,EPIAS_VEP:EBM0726,True,False,False
2026-07-23T05:00:00+00:00,2026-07-23T08:00:00+03:00,2026-07,EBM0726,3564.4880436707936,EPIAS_VEP:EBM0726,True,False,False
2026-07-23T06:00:00+00:00,2026-07-23T09:00:00+03:00,2026-07,EBM0726,3564.4880436706876,EPIAS_VEP:EBM0726,True,False,False
2026-07-23T07:00:00+00:00,2026-07-23T10:00:00+03:00,2026-07,EBM0726,3564.488043670586,EPIAS_VEP:EBM0726,True,False,False
2026-07-23T08:00:00+00:00,2026-07-23T11:00:00+03:00,2026-07,EBM0726,3564.4880436704916,EPIAS_VEP:EBM0726,True,False,False
2026-07-23T09:00:00+00:00,2026-07-23T12:00:00+03:00,2026-07,EBM0726,3564.4880436704047,EPIAS_VEP:EBM0726,True,False,False
2026-07-23T10:00:00+00:00,2026-07-23T13:00:00+03:00,2026-07,EBM0726,3564.4880436703265,EPIAS_VEP:EBM0726,True,False,False
2026-07-23T11:00:00+00:00,2026-07-23T14:00:00+03:00,2026-07,EBM0726,3564.488043670257,EPIAS_VEP:EBM0726,True,False,False
2026-07-23T12:00:00+00:00,2026-07-23T15:00:00+03:00,2026-07,EBM0726,3564.488043670196,EPIAS_VEP:EBM0726,True,False,False
2026-07-23T13:00:00+00:00,2026-07-23T16:00:00+03:00,2026-07,EBM0726,3564.488043670142,EPIAS_VEP:EBM0726,True,False,False
2026-07-23T14:00:00+00:00,2026-07-23T17:00:00+03:00,2026-07,EBM0726,3564.488043670095,EPIAS_VEP:EBM0726,True,False,False
2026-07-23T15:00:00+00:00,2026-07-23T18:00:00+03:00,2026-07,EBM0726,3564.4880436700555,EPIAS_VEP:EBM0726,True,False,False
2026-07-23T16:00:00+00:00,2026-07-23T19:00:00+03:00,2026-07,EBM0726,3564.4880436700237,EPIAS_VEP:EBM0726,True,False,False
2026-07-23T17:00:00+00:00,2026-07-23T20:00:00+03:00,2026-07,EBM0726,3564.488043670001,EPIAS_VEP:EBM0726,True,False,False
2026-07-23T18:00:00+00:00,2026-07-23T21:00:00+03:00,2026-07,EBM0726,3564.4880436699877,EPIAS_VEP:EBM0726,True,False,False
2026-07-23T19:00:00+00:00,2026-07-23T22:00:00+03:00,2026-07,EBM0726,3564.4880436699827,EPIAS_VEP:EBM0726,True,False,False
2026-07-23T20:00:00+00:00,2026-07-23T23:00:00+03:00,2026-07,EBM0726,3564.4880436699846,EPIAS_VEP:EBM0726,True,False,False
2026-07-23T21:00:00+00:00,2026-07-24T00:00:00+03:00,2026-07,EBM0726,3564.4880436699927,EPIAS_VEP:EBM0726,True,False,False
2026-07-23T22:00:00+00:00,2026-07-24T01:00:00+03:00,2026-07,EBM0726,3564.488043670007,EPIAS_VEP:EBM0726,True,False,False
2026-07-23T23:00:00+00:00,2026-07-24T02:00:00+03:00,2026-07,EBM0726,3564.4880436700237,EPIAS_VEP:EBM0726,True,False,False
2026-07-24T00:00:00+00:00,2026-07-24T03:00:00+03:00,2026-07,EBM0726,3564.48804367004,EPIAS_VEP:EBM0726,True,False,False
2026-07-24T01:00:00+00:00,2026-07-24T04:00:00+03:00,2026-07,EBM0726,3564.4880436700532,EPIAS_VEP:EBM0726,True,False,False
2026-07-24T02:00:00+00:00,2026-07-24T05:00:00+03:00,2026-07,EBM0726,3564.488043670062,EPIAS_VEP:EBM0726,True,False,False
2026-07-24T03:00:00+00:00,2026-07-24T06:00:00+03:00,2026-07,EBM0726,3564.488043670066,EPIAS_VEP:EBM0726,True,False,False
2026-07-24T04:00:00+00:00,2026-07-24T07:00:00+03:00,2026-07,EBM0726,3564.4880436700664,EPIAS_VEP:EBM0726,True,False,False
2026-07-24T05:00:00+00:00,2026-07-24T08:00:00+03:00,2026-07,EBM0726,3564.4880436700637,EPIAS_VEP:EBM0726,True,False,False
2026-07-24T06:00:00+00:00,2026-07-24T09:00:00+03:00,2026-07,EBM0726,3564.4880436700573,EPIAS_VEP:EBM0726,True,False,False
2026-07-24T07:00:00+00:00,2026-07-24T10:00:00+03:00,2026-07,EBM0726,3564.488043670047,EPIAS_VEP:EBM0726,True,False,False
2026-07-24T08:00:00+00:00,2026-07-24T11:00:00+03:00,2026-07,EBM0726,3564.488043670033,EPIAS_VEP:EBM0726,True,False,False
2026-07-24T09:00:00+00:00,2026-07-24T12:00:00+03:00,2026-07,EBM0726,3564.488043670018,EPIAS_VEP:EBM0726,True,False,False
2026-07-24T10:00:00+00:00,2026-07-24T13:00:00+03:00,2026-07,EBM0726,3564.4880436700037,EPIAS_VEP:EBM0726,True,False,False
2026-07-24T11:00:00+00:00,2026-07-24T14:00:00+03:00,2026-07,EBM0726,3564.488043669991,EPIAS_VEP:EBM0726,True,False,False
2026-07-24T12:00:00+00:00,2026-07-24T15:00:00+03:00,2026-07,EBM0726,3564.4880436699814,EPIAS_VEP:EBM0726,True,False,False
2026-07-24T13:00:00+00:00,2026-07-24T16:00:00+03:00,2026-07,EBM0726,3564.4880436699773,EPIAS_VEP:EBM0726,True,False,False
2026-07-24T14:00:00+00:00,2026-07-24T17:00:00+03:00,2026-07,EBM0726,3564.488043669978,EPIAS_VEP:EBM0726,True,False,False
2026-07-24T15:00:00+00:00,2026-07-24T18:00:00+03:00,2026-07,EBM0726,3564.488043669985,EPIAS_VEP:EBM0726,True,False,False
2026-07-24T16:00:00+00:00,2026-07-24T19:00:00+03:00,2026-07,EBM0726,3564.488043670001,EPIAS_VEP:EBM0726,True,False,False
2026-07-24T17:00:00+00:00,2026-07-24T20:00:00+03:00,2026-07,EBM0726,3564.488043670027,EPIAS_VEP:EBM0726,True,False,False
2026-07-24T18:00:00+00:00,2026-07-24T21:00:00+03:00,2026-07,EBM0726,3564.488043670063,EPIAS_VEP:EBM0726,True,False,False
2026-07-24T19:00:00+00:00,2026-07-24T22:00:00+03:00,2026-07,EBM0726,3564.488043670106,EPIAS_VEP:EBM0726,True,False,False
2026-07-24T20:00:00+00:00,2026-07-24T23:00:00+03:00,2026-07,EBM0726,3564.488043670154,EPIAS_VEP:EBM0726,True,False,False
2026-07-24T21:00:00+00:00,2026-07-25T00:00:00+03:00,2026-07,EBM0726,3564.4880436702065,EPIAS_VEP:EBM0726,True,False,False
2026-07-24T22:00:00+00:00,2026-07-25T01:00:00+03:00,2026-07,EBM0726,3564.4880436702624,EPIAS_VEP:EBM0726,True,False,False
2026-07-24T23:00:00+00:00,2026-07-25T02:00:00+03:00,2026-07,EBM0726,3564.488043670319,EPIAS_VEP:EBM0726,True,False,False
2026-07-25T00:00:00+00:00,2026-07-25T03:00:00+03:00,2026-07,EBM0726,3564.488043670372,EPIAS_VEP:EBM0726,True,False,False
2026-07-25T01:00:00+00:00,2026-07-25T04:00:00+03:00,2026-07,EBM0726,3564.4880436704193,EPIAS_VEP:EBM0726,True,False,False
2026-07-25T02:00:00+00:00,2026-07-25T05:00:00+03:00,2026-07,EBM0726,3564.4880436704584,EPIAS_VEP:EBM0726,True,False,False
2026-07-25T03:00:00+00:00,2026-07-25T06:00:00+03:00,2026-07,EBM0726,3564.48804367049,EPIAS_VEP:EBM0726,True,False,False
2026-07-25T04:00:00+00:00,2026-07-25T07:00:00+03:00,2026-07,EBM0726,3564.4880436705125,EPIAS_VEP:EBM0726,True,False,False
2026-07-25T05:00:00+00:00,2026-07-25T08:00:00+03:00,2026-07,EBM0726,3564.488043670526,EPIAS_VEP:EBM0726,True,False,False
2026-07-25T06:00:00+00:00,2026-07-25T09:00:00+03:00,2026-07,EBM0726,3564.488043670529,EPIAS_VEP:EBM0726,True,False,False
2026-07-25T07:00:00+00:00,2026-07-25T10:00:00+03:00,2026-07,EBM0726,3564.4880436705203,EPIAS_VEP:EBM0726,True,False,False
2026-07-25T08:00:00+00:00,2026-07-25T11:00:00+03:00,2026-07,EBM0726,3564.4880436705002,EPIAS_VEP:EBM0726,True,False,False
2026-07-25T09:00:00+00:00,2026-07-25T12:00:00+03:00,2026-07,EBM0726,3564.488043670467,EPIAS_VEP:EBM0726,True,False,False
2026-07-25T10:00:00+00:00,2026-07-25T13:00:00+03:00,2026-07,EBM0726,3564.4880436704193,EPIAS_VEP:EBM0726,True,False,False
2026-07-25T11:00:00+00:00,2026-07-25T14:00:00+03:00,2026-07,EBM0726,3564.4880436703565,EPIAS_VEP:EBM0726,True,False,False
2026-07-25T12:00:00+00:00,2026-07-25T15:00:00+03:00,2026-07,EBM0726,3564.488043670279,EPIAS_VEP:EBM0726,True,False,False
2026-07-25T13:00:00+00:00,2026-07-25T16:00:00+03:00,2026-07,EBM0726,3564.4880436701865,EPIAS_VEP:EBM0726,True,False,False
2026-07-25T14:00:00+00:00,2026-07-25T17:00:00+03:00,2026-07,EBM0726,3564.48804367008,EPIAS_VEP:EBM0726,True,False,False
2026-07-25T15:00:00+00:00,2026-07-25T18:00:00+03:00,2026-07,EBM0726,3564.488043669961,EPIAS_VEP:EBM0726,True,False,False
2026-07-25T16:00:00+00:00,2026-07-25T19:00:00+03:00,2026-07,EBM0726,3564.488043669831,EPIAS_VEP:EBM0726,True,False,False
2026-07-25T17:00:00+00:00,2026-07-25T20:00:00+03:00,2026-07,EBM0726,3564.4880436696913,EPIAS_VEP:EBM0726,True,False,False
2026-07-25T18:00:00+00:00,2026-07-25T21:00:00+03:00,2026-07,EBM0726,3564.488043669544,EPIAS_VEP:EBM0726,True,False,False
2026-07-25T19:00:00+00:00,2026-07-25T22:00:00+03:00,2026-07,EBM0726,3564.488043669391,EPIAS_VEP:EBM0726,True,False,False
2026-07-25T20:00:00+00:00,2026-07-25T23:00:00+03:00,2026-07,EBM0726,3564.4880436692333,EPIAS_VEP:EBM0726,True,False,False
2026-07-25T21:00:00+00:00,2026-07-26T00:00:00+03:00,2026-07,EBM0726,3564.4880436690723,EPIAS_VEP:EBM0726,True,False,False
2026-07-25T22:00:00+00:00,2026-07-26T01:00:00+03:00,2026-07,EBM0726,3564.488043668911,EPIAS_VEP:EBM0726,True,False,False
2026-07-25T23:00:00+00:00,2026-07-26T02:00:00+03:00,2026-07,EBM0726,3564.4880436687513,EPIAS_VEP:EBM0726,True,False,False
2026-07-26T00:00:00+00:00,2026-07-26T03:00:00+03:00,2026-07,EBM0726,3564.4880436685976,EPIAS_VEP:EBM0726,True,False,False
2026-07-26T01:00:00+00:00,2026-07-26T04:00:00+03:00,2026-07,EBM0726,3564.4880436684516,EPIAS_VEP:EBM0726,True,False,False
2026-07-26T02:00:00+00:00,2026-07-26T05:00:00+03:00,2026-07,EBM0726,3564.488043668317,EPIAS_VEP:EBM0726,True,False,False
2026-07-26T03:00:00+00:00,2026-07-26T06:00:00+03:00,2026-07,EBM0726,3564.488043668194,EPIAS_VEP:EBM0726,True,False,False
2026-07-26T04:00:00+00:00,2026-07-26T07:00:00+03:00,2026-07,EBM0726,3564.488043668085,EPIAS_VEP:EBM0726,True,False,False
2026-07-26T05:00:00+00:00,2026-07-26T08:00:00+03:00,2026-07,EBM0726,3564.4880436679873,EPIAS_VEP:EBM0726,True,False,False
2026-07-26T06:00:00+00:00,2026-07-26T09:00:00+03:00,2026-07,EBM0726,3564.4880436678995,EPIAS_VEP:EBM0726,True,False,False
2026-07-26T07:00:00+00:00,2026-07-26T10:00:00+03:00,2026-07,EBM0726,3564.488043667821,EPIAS_VEP:EBM0726,True,False,False
2026-07-26T08:00:00+00:00,2026-07-26T11:00:00+03:00,2026-07,EBM0726,3564.48804366775,EPIAS_VEP:EBM0726,True,False,False
2026-07-26T09:00:00+00:00,2026-07-26T12:00:00+03:00,2026-07,EBM0726,3564.4880436676854,EPIAS_VEP:EBM0726,True,False,False
2026-07-26T10:00:00+00:00,2026-07-26T13:00:00+03:00,2026-07,EBM0726,3564.4880436676253,EPIAS_VEP:EBM0726,True,False,False
2026-07-26T11:00:00+00:00,2026-07-26T14:00:00+03:00,2026-07,EBM0726,3564.48804366757,EPIAS_VEP:EBM0726,True,False,False
2026-07-26T12:00:00+00:00,2026-07-26T15:00:00+03:00,2026-07,EBM0726,3564.4880436675203,EPIAS_VEP:EBM0726,True,False,False
2026-07-26T13:00:00+00:00,2026-07-26T16:00:00+03:00,2026-07,EBM0726,3564.4880436674775,EPIAS_VEP:EBM0726,True,False,False
2026-07-26T14:00:00+00:00,2026-07-26T17:00:00+03:00,2026-07,EBM0726,3564.4880436674425,EPIAS_VEP:EBM0726,True,False,False
2026-07-26T15:00:00+00:00,2026-07-26T18:00:00+03:00,2026-07,EBM0726,3564.4880436674152,EPIAS_VEP:EBM0726,True,False,False
2026-07-26T16:00:00+00:00,2026-07-26T19:00:00+03:00,2026-07,EBM0726,3564.488043667396,EPIAS_VEP:EBM0726,True,False,False
2026-07-26T17:00:00+00:00,2026-07-26T20:00:00+03:00,2026-07,EBM0726,3564.4880436673857,EPIAS_VEP:EBM0726,True,False,False
2026-07-26T18:00:00+00:00,2026-07-26T21:00:00+03:00,2026-07,EBM0726,3564.488043667382,EPIAS_VEP:EBM0726,True,False,False
2026-07-26T19:00:00+00:00,2026-07-26T22:00:00+03:00,2026-07,EBM0726,3564.488043667386,EPIAS_VEP:EBM0726,True,False,False
2026-07-26T20:00:00+00:00,2026-07-26T23:00:00+03:00,2026-07,EBM0726,3564.488043667397,EPIAS_VEP:EBM0726,True,False,False
2026-07-26T21:00:00+00:00,2026-07-27T00:00:00+03:00,2026-07,EBM0726,3564.4880436674143,EPIAS_VEP:EBM0726,True,False,False
2026-07-26T22:00:00+00:00,2026-07-27T01:00:00+03:00,2026-07,EBM0726,3564.488043667437,EPIAS_VEP:EBM0726,True,False,False
2026-07-26T23:00:00+00:00,2026-07-27T02:00:00+03:00,2026-07,EBM0726,3564.4880436674653,EPIAS_VEP:EBM0726,True,False,False
2026-07-27T00:00:00+00:00,2026-07-27T03:00:00+03:00,2026-07,EBM0726,3564.488043667497,EPIAS_VEP:EBM0726,True,False,False
2026-07-27T01:00:00+00:00,2026-07-27T04:00:00+03:00,2026-07,EBM0726,3564.488043667532,EPIAS_VEP:EBM0726,True,False,False
2026-07-27T02:00:00+00:00,2026-07-27T05:00:00+03:00,2026-07,EBM0726,3564.4880436675694,EPIAS_VEP:EBM0726,True,False,False
2026-07-27T03:00:00+00:00,2026-07-27T06:00:00+03:00,2026-07,EBM0726,3564.488043667611,EPIAS_VEP:EBM0726,True,False,False
2026-07-27T04:00:00+00:00,2026-07-27T07:00:00+03:00,2026-07,EBM0726,3564.4880436676563,EPIAS_VEP:EBM0726,True,False,False
2026-07-27T05:00:00+00:00,2026-07-27T08:00:00+03:00,2026-07,EBM0726,3564.4880436677063,EPIAS_VEP:EBM0726,True,False,False
2026-07-27T06:00:00+00:00,2026-07-27T09:00:00+03:00,2026-07,EBM0726,3564.488043667761,EPIAS_VEP:EBM0726,True,False,False
2026-07-27T07:00:00+00:00,2026-07-27T10:00:00+03:00,2026-07,EBM0726,3564.4880436678195,EPIAS_VEP:EBM0726,True,False,False
2026-07-27T08:00:00+00:00,2026-07-27T11:00:00+03:00,2026-07,EBM0726,3564.488043667883,EPIAS_VEP:EBM0726,True,False,False
2026-07-27T09:00:00+00:00,2026-07-27T12:00:00+03:00,2026-07,EBM0726,3564.488043667952,EPIAS_VEP:EBM0726,True,False,False
2026-07-27T10:00:00+00:00,2026-07-27T13:00:00+03:00,2026-07,EBM0726,3564.4880436680255,EPIAS_VEP:EBM0726,True,False,False
2026-07-27T11:00:00+00:00,2026-07-27T14:00:00+03:00,2026-07,EBM0726,3564.4880436681037,EPIAS_VEP:EBM0726,True,False,False
2026-07-27T12:00:00+00:00,2026-07-27T15:00:00+03:00,2026-07,EBM0726,3564.488043668185,EPIAS_VEP:EBM0726,True,False,False
2026-07-27T13:00:00+00:00,2026-07-27T16:00:00+03:00,2026-07,EBM0726,3564.48804366827,EPIAS_VEP:EBM0726,True,False,False
2026-07-27T14:00:00+00:00,2026-07-27T17:00:00+03:00,2026-07,EBM0726,3564.48804366836,EPIAS_VEP:EBM0726,True,False,False
2026-07-27T15:00:00+00:00,2026-07-27T18:00:00+03:00,2026-07,EBM0726,3564.4880436684557,EPIAS_VEP:EBM0726,True,False,False
2026-07-27T16:00:00+00:00,2026-07-27T19:00:00+03:00,2026-07,EBM0726,3564.488043668557,EPIAS_VEP:EBM0726,True,False,False
2026-07-27T17:00:00+00:00,2026-07-27T20:00:00+03:00,2026-07,EBM0726,3564.4880436686663,EPIAS_VEP:EBM0726,True,False,False
2026-07-27T18:00:00+00:00,2026-07-27T21:00:00+03:00,2026-07,EBM0726,3564.4880436687827,EPIAS_VEP:EBM0726,True,False,False
2026-07-27T19:00:00+00:00,2026-07-27T22:00:00+03:00,2026-07,EBM0726,3564.4880436689054,EPIAS_VEP:EBM0726,True,False,False
2026-07-27T20:00:00+00:00,2026-07-27T23:00:00+03:00,2026-07,EBM0726,3564.488043669033,EPIAS_VEP:EBM0726,True,False,False
2026-07-27T21:00:00+00:00,2026-07-28T00:00:00+03:00,2026-07,EBM0726,3564.4880436691637,EPIAS_VEP:EBM0726,True,False,False
2026-07-27T22:00:00+00:00,2026-07-28T01:00:00+03:00,2026-07,EBM0726,3564.4880436692997,EPIAS_VEP:EBM0726,True,False,False
2026-07-27T23:00:00+00:00,2026-07-28T02:00:00+03:00,2026-07,EBM0726,3564.488043669441,EPIAS_VEP:EBM0726,True,False,False
2026-07-28T00:00:00+00:00,2026-07-28T03:00:00+03:00,2026-07,EBM0726,3564.488043669586,EPIAS_VEP:EBM0726,True,False,False
2026-07-28T01:00:00+00:00,2026-07-28T04:00:00+03:00,2026-07,EBM0726,3564.4880436697313,EPIAS_VEP:EBM0726,True,False,False
2026-07-28T02:00:00+00:00,2026-07-28T05:00:00+03:00,2026-07,EBM0726,3564.4880436698736,EPIAS_VEP:EBM0726,True,False,False
2026-07-28T03:00:00+00:00,2026-07-28T06:00:00+03:00,2026-07,EBM0726,3564.48804367001,EPIAS_VEP:EBM0726,True,False,False
2026-07-28T04:00:00+00:00,2026-07-28T07:00:00+03:00,2026-07,EBM0726,3564.4880436701387,EPIAS_VEP:EBM0726,True,False,False
2026-07-28T05:00:00+00:00,2026-07-28T08:00:00+03:00,2026-07,EBM0726,3564.4880436702606,EPIAS_VEP:EBM0726,True,False,False
2026-07-28T06:00:00+00:00,2026-07-28T09:00:00+03:00,2026-07,EBM0726,3564.4880436703766,EPIAS_VEP:EBM0726,True,False,False
2026-07-28T07:00:00+00:00,2026-07-28T10:00:00+03:00,2026-07,EBM0726,3564.488043670486,EPIAS_VEP:EBM0726,True,False,False
2026-07-28T08:00:00+00:00,2026-07-28T11:00:00+03:00,2026-07,EBM0726,3564.488043670591,EPIAS_VEP:EBM0726,True,False,False
2026-07-28T09:00:00+00:00,2026-07-28T12:00:00+03:00,2026-07,EBM0726,3564.4880436706912,EPIAS_VEP:EBM0726,True,False,False
2026-07-28T10:00:00+00:00,2026-07-28T13:00:00+03:00,2026-07,EBM0726,3564.48804367079,EPIAS_VEP:EBM0726,True,False,False
2026-07-28T11:00:00+00:00,2026-07-28T14:00:00+03:00,2026-07,EBM0726,3564.488043670891,EPIAS_VEP:EBM0726,True,False,False
2026-07-28T12:00:00+00:00,2026-07-28T15:00:00+03:00,2026-07,EBM0726,3564.4880436709936,EPIAS_VEP:EBM0726,True,False,False
2026-07-28T13:00:00+00:00,2026-07-28T16:00:00+03:00,2026-07,EBM0726,3564.4880436710987,EPIAS_VEP:EBM0726,True,False,False
2026-07-28T14:00:00+00:00,2026-07-28T17:00:00+03:00,2026-07,EBM0726,3564.4880436712065,EPIAS_VEP:EBM0726,True,False,False
2026-07-28T15:00:00+00:00,2026-07-28T18:00:00+03:00,2026-07,EBM0726,3564.4880436713183,EPIAS_VEP:EBM0726,True,False,False
2026-07-28T16:00:00+00:00,2026-07-28T19:00:00+03:00,2026-07,EBM0726,3564.488043671438,EPIAS_VEP:EBM0726,True,False,False
2026-07-28T17:00:00+00:00,2026-07-28T20:00:00+03:00,2026-07,EBM0726,3564.4880436715694,EPIAS_VEP:EBM0726,True,False,False
2026-07-28T18:00:00+00:00,2026-07-28T21:00:00+03:00,2026-07,EBM0726,3564.4880436717144,EPIAS_VEP:EBM0726,True,False,False
2026-07-28T19:00:00+00:00,2026-07-28T22:00:00+03:00,2026-07,EBM0726,3564.488043671875,EPIAS_VEP:EBM0726,True,False,False
2026-07-28T20:00:00+00:00,2026-07-28T23:00:00+03:00,2026-07,EBM0726,3564.4880436720537,EPIAS_VEP:EBM0726,True,False,False
2026-07-28T21:00:00+00:00,2026-07-29T00:00:00+03:00,2026-07,EBM0726,3564.4880436722524,EPIAS_VEP:EBM0726,True,False,False
2026-07-28T22:00:00+00:00,2026-07-29T01:00:00+03:00,2026-07,EBM0726,3564.4880436724734,EPIAS_VEP:EBM0726,True,False,False
2026-07-28T23:00:00+00:00,2026-07-29T02:00:00+03:00,2026-07,EBM0726,3564.4880436727203,EPIAS_VEP:EBM0726,True,False,False
2026-07-29T00:00:00+00:00,2026-07-29T03:00:00+03:00,2026-07,EBM0726,3564.488043672996,EPIAS_VEP:EBM0726,True,False,False
2026-07-29T01:00:00+00:00,2026-07-29T04:00:00+03:00,2026-07,EBM0726,3564.488043673306,EPIAS_VEP:EBM0726,True,False,False
2026-07-29T02:00:00+00:00,2026-07-29T05:00:00+03:00,2026-07,EBM0726,3564.4880436736553,EPIAS_VEP:EBM0726,True,False,False
2026-07-29T03:00:00+00:00,2026-07-29T06:00:00+03:00,2026-07,EBM0726,3564.4880436740473,EPIAS_VEP:EBM0726,True,False,False
2026-07-29T04:00:00+00:00,2026-07-29T07:00:00+03:00,2026-07,EBM0726,3564.4880436744843,EPIAS_VEP:EBM0726,True,False,False
2026-07-29T05:00:00+00:00,2026-07-29T08:00:00+03:00,2026-07,EBM0726,3564.4880436749704,EPIAS_VEP:EBM0726,True,False,False
2026-07-29T06:00:00+00:00,2026-07-29T09:00:00+03:00,2026-07,EBM0726,3564.4880436755097,EPIAS_VEP:EBM0726,True,False,False
2026-07-29T07:00:00+00:00,2026-07-29T10:00:00+03:00,2026-07,EBM0726,3564.488043676106,EPIAS_VEP:EBM0726,True,False,False
2026-07-29T08:00:00+00:00,2026-07-29T11:00:00+03:00,2026-07,EBM0726,3564.4880436767608,EPIAS_VEP:EBM0726,True,False,False
2026-07-29T09:00:00+00:00,2026-07-29T12:00:00+03:00,2026-07,EBM0726,3564.4880436774774,EPIAS_VEP:EBM0726,True,False,False
2026-07-29T10:00:00+00:00,2026-07-29T13:00:00+03:00,2026-07,EBM0726,3564.4880436782587,EPIAS_VEP:EBM0726,True,False,False
2026-07-29T11:00:00+00:00,2026-07-29T14:00:00+03:00,2026-07,EBM0726,3564.4880436791063,EPIAS_VEP:EBM0726,True,False,False
2026-07-29T12:00:00+00:00,2026-07-29T15:00:00+03:00,2026-07,EBM0726,3564.4880436800217,EPIAS_VEP:EBM0726,True,False,False
2026-07-29T13:00:00+00:00,2026-07-29T16:00:00+03:00,2026-07,EBM0726,3564.488043681008,EPIAS_VEP:EBM0726,True,False,False
2026-07-29T14:00:00+00:00,2026-07-29T17:00:00+03:00,2026-07,EBM0726,3564.4880436820645,EPIAS_VEP:EBM0726,True,False,False
2026-07-29T15:00:00+00:00,2026-07-29T18:00:00+03:00,2026-07,EBM0726,3564.48804368319,EPIAS_VEP:EBM0726,True,False,False
2026-07-29T16:00:00+00:00,2026-07-29T19:00:00+03:00,2026-07,EBM0726,3564.488043684383,EPIAS_VEP:EBM0726,True,False,False
2026-07-29T17:00:00+00:00,2026-07-29T20:00:00+03:00,2026-07,EBM0726,3564.4880436856415,EPIAS_VEP:EBM0726,True,False,False
2026-07-29T18:00:00+00:00,2026-07-29T21:00:00+03:00,2026-07,EBM0726,3564.488043686964,EPIAS_VEP:EBM0726,True,False,False
2026-07-29T19:00:00+00:00,2026-07-29T22:00:00+03:00,2026-07,EBM0726,3564.488043688345,EPIAS_VEP:EBM0726,True,False,False
2026-07-29T20:00:00+00:00,2026-07-29T23:00:00+03:00,2026-07,EBM0726,3564.488043689778,EPIAS_VEP:EBM0726,True,False,False
2026-07-29T21:00:00+00:00,2026-07-30T00:00:00+03:00,2026-07,EBM0726,3564.488043691252,EPIAS_VEP:EBM0726,True,False,False
2026-07-29T22:00:00+00:00,2026-07-30T01:00:00+03:00,2026-07,EBM0726,3564.488043692756,EPIAS_VEP:EBM0726,True,False,False
2026-07-29T23:00:00+00:00,2026-07-30T02:00:00+03:00,2026-07,EBM0726,3564.488043694275,EPIAS_VEP:EBM0726,True,False,False
2026-07-30T00:00:00+00:00,2026-07-30T03:00:00+03:00,2026-07,EBM0726,3564.4880436957947,EPIAS_VEP:EBM0726,True,False,False
2026-07-30T01:00:00+00:00,2026-07-30T04:00:00+03:00,2026-07,EBM0726,3564.488043697297,EPIAS_VEP:EBM0726,True,False,False
2026-07-30T02:00:00+00:00,2026-07-30T05:00:00+03:00,2026-07,EBM0726,3564.488043698761,EPIAS_VEP:EBM0726,True,False,False
2026-07-30T03:00:00+00:00,2026-07-30T06:00:00+03:00,2026-07,EBM0726,3564.488043700165,EPIAS_VEP:EBM0726,True,False,False
2026-07-30T04:00:00+00:00,2026-07-30T07:00:00+03:00,2026-07,EBM0726,3564.4880437014826,EPIAS_VEP:EBM0726,True,False,False
2026-07-30T05:00:00+00:00,2026-07-30T08:00:00+03:00,2026-07,EBM0726,3564.4880437026854,EPIAS_VEP:EBM0726,True,False,False
2026-07-30T06:00:00+00:00,2026-07-30T09:00:00+03:00,2026-07,EBM0726,3564.488043703741,EPIAS_VEP:EBM0726,True,False,False
2026-07-30T07:00:00+00:00,2026-07-30T10:00:00+03:00,2026-07,EBM0726,3564.4880437046154,EPIAS_VEP:EBM0726,True,False,False
2026-07-30T08:00:00+00:00,2026-07-30T11:00:00+03:00,2026-07,EBM0726,3564.488043705268,EPIAS_VEP:EBM0726,True,False,False
2026-07-30T09:00:00+00:00,2026-07-30T12:00:00+03:00,2026-07,EBM0726,3564.488043705659,EPIAS_VEP:EBM0726,True,False,False
2026-07-30T10:00:00+00:00,2026-07-30T13:00:00+03:00,2026-07,EBM0726,3564.4880437057463,EPIAS_VEP:EBM0726,True,False,False
2026-07-30T11:00:00+00:00,2026-07-30T14:00:00+03:00,2026-07,EBM0726,3564.488043705484,EPIAS_VEP:EBM0726,True,False,False
2026-07-30T12:00:00+00:00,2026-07-30T15:00:00+03:00,2026-07,EBM0726,3564.4880437048237,EPIAS_VEP:EBM0726,True,False,False
2026-07-30T13:00:00+00:00,2026-07-30T16:00:00+03:00,2026-07,EBM0726,3564.4880437037154,EPIAS_VEP:EBM0726,True,False,False
2026-07-30T14:00:00+00:00,2026-07-30T17:00:00+03:00,2026-07,EBM0726,3564.488043702105,EPIAS_VEP:EBM0726,True,False,False
2026-07-30T15:00:00+00:00,2026-07-30T18:00:00+03:00,2026-07,EBM0726,3564.4880436999374,EPIAS_VEP:EBM0726,True,False,False
2026-07-30T16:00:00+00:00,2026-07-30T19:00:00+03:00,2026-07,EBM0726,3564.4880436971534,EPIAS_VEP:EBM0726,True,False,False
2026-07-30T17:00:00+00:00,2026-07-30T20:00:00+03:00,2026-07,EBM0726,3564.488043693691,EPIAS_VEP:EBM0726,True,False,False
2026-07-30T18:00:00+00:00,2026-07-30T21:00:00+03:00,2026-07,EBM0726,3564.4880436894864,EPIAS_VEP:EBM0726,True,False,False
2026-07-30T19:00:00+00:00,2026-07-30T22:00:00+03:00,2026-07,EBM0726,3564.488043684473,EPIAS_VEP:EBM0726,True,False,False
2026-07-30T20:00:00+00:00,2026-07-30T23:00:00+03:00,2026-07,EBM0726,3564.488043678581,EPIAS_VEP:EBM0726,True,False,False
2026-07-30T21:00:00+00:00,2026-07-31T00:00:00+03:00,2026-07,EBM0726,3564.4880436717385,EPIAS_VEP:EBM0726,True,False,False
2026-07-30T22:00:00+00:00,2026-07-31T01:00:00+03:00,2026-07,EBM0726,3564.488043663873,EPIAS_VEP:EBM0726,True,False,False
2026-07-30T23:00:00+00:00,2026-07-31T02:00:00+03:00,2026-07,EBM0726,3564.488043654913,EPIAS_VEP:EBM0726,True,False,False
2026-07-31T00:00:00+00:00,2026-07-31T03:00:00+03:00,2026-07,EBM0726,3564.4880436447847,EPIAS_VEP:EBM0726,True,False,False
2026-07-31T01:00:00+00:00,2026-07-31T04:00:00+03:00,2026-07,EBM0726,3564.488043633418,EPIAS_VEP:EBM0726,True,False,False
2026-07-31T02:00:00+00:00,2026-07-31T05:00:00+03:00,2026-07,EBM0726,3564.4880436207454,EPIAS_VEP:EBM0726,True,False,False
2026-07-31T03:00:00+00:00,2026-07-31T06:00:00+03:00,2026-07,EBM0726,3564.488043606705,EPIAS_VEP:EBM0726,True,False,False
2026-07-31T04:00:00+00:00,2026-07-31T07:00:00+03:00,2026-07,EBM0726,3564.488043591237,EPIAS_VEP:EBM0726,True,False,False
2026-07-31T05:00:00+00:00,2026-07-31T08:00:00+03:00,2026-07,EBM0726,3564.488043574286,EPIAS_VEP:EBM0726,True,False,False
2026-07-31T06:00:00+00:00,2026-07-31T09:00:00+03:00,2026-07,EBM0726,3564.4880435558066,EPIAS_VEP:EBM0726,True,False,False
2026-07-31T07:00:00+00:00,2026-07-31T10:00:00+03:00,2026-07,EBM0726,3564.488043535762,EPIAS_VEP:EBM0726,True,False,False
2026-07-31T08:00:00+00:00,2026-07-31T11:00:00+03:00,2026-07,EBM0726,3564.4880435141267,EPIAS_VEP:EBM0726,True,False,False
2026-07-31T09:00:00+00:00,2026-07-31T12:00:00+03:00,2026-07,EBM0726,3564.4880434908905,EPIAS_VEP:EBM0726,True,False,False
2026-07-31T10:00:00+00:00,2026-07-31T13:00:00+03:00,2026-07,EBM0726,3564.488043466057,EPIAS_VEP:EBM0726,True,False,False
2026-07-31T11:00:00+00:00,2026-07-31T14:00:00+03:00,2026-07,EBM0726,3564.488043439647,EPIAS_VEP:EBM0726,True,False,False
2026-07-31T12:00:00+00:00,2026-07-31T15:00:00+03:00,2026-07,EBM0726,3564.4880434117085,EPIAS_VEP:EBM0726,True,False,False
2026-07-31T13:00:00+00:00,2026-07-31T16:00:00+03:00,2026-07,EBM0726,3564.4880433823155,EPIAS_VEP:EBM0726,True,False,False
2026-07-31T14:00:00+00:00,2026-07-31T17:00:00+03:00,2026-07,EBM0726,3564.4880433515427,EPIAS_VEP:EBM0726,True,False,False
2026-07-31T15:00:00+00:00,2026-07-31T18:00:00+03:00,2026-07,EBM0726,3564.4880433195517,EPIAS_VEP:EBM0726,True,False,False
2026-07-31T16:00:00+00:00,2026-07-31T19:00:00+03:00,2026-07,EBM0726,3564.4880432864634,EPIAS_VEP:EBM0726,True,False,False
2026-07-31T17:00:00+00:00,2026-07-31T20:00:00+03:00,2026-07,EBM0726,3564.488043252546,EPIAS_VEP:EBM0726,True,False,False
2026-07-31T18:00:00+00:00,2026-07-31T21:00:00+03:00,2026-07,EBM0726,3564.488043217897,EPIAS_VEP:EBM0726,True,False,False
2026-07-31T19:00:00+00:00,2026-07-31T22:00:00+03:00,2026-07,EBM0726,3564.488043182272,EPIAS_VEP:EBM0726,True,False,False
2026-07-31T20:00:00+00:00,2026-07-31T23:00:00+03:00,2026-07,EBM0726,3564.4880431535835,EPIAS_VEP:EBM0726,True,False,False
