time_utc,delivery_month,hourly_forward_TRY_MWh,anchor_mode
2025-12-31T20:00:00+00:00,2025-12,2917.78,spot_flat
2025-12-31T21:00:00+00:00,2026-01,2917.779999999759,spot_flat
2025-12-31T22:00:00+00:00,2026-01,2917.779999999516,spot_flat
2025-12-31T23:00:00+00:00,2026-01,2917.7799999992685,spot_flat
2026-01-01T00:00:00+00:00,2026-01,2917.779999999023,spot_flat
2026-01-01T01:00:00+00:00,2026-01,2917.7799999987847,spot_flat
2026-01-01T02:00:00+00:00,2026-01,2917.779999998556,spot_flat
2026-01-01T03:00:00+00:00,2026-01,2917.7799999983386,spot_flat
2026-01-01T04:00:00+00:00,2026-01,2917.7799999981357,spot_flat
2026-01-01T05:00:00+00:00,2026-01,2917.7799999979475,spot_flat
2026-01-01T06:00:00+00:00,2026-01,2917.779999997774,spot_flat
2026-01-01T07:00:00+00:00,2026-01,2917.779999997615,spot_flat
2026-01-01T08:00:00+00:00,2026-01,2917.7799999974686,spot_flat
2026-01-01T09:00:00+00:00,2026-01,2917.779999997334,spot_flat
2026-01-01T10:00:00+00:00,2026-01,2917.77999999721,spot_flat
2026-01-01T11:00:00+00:00,2026-01,2917.779999997096,spot_flat
2026-01-01T12:00:00+00:00,2026-01,2917.779999996992,spot_flat
2026-01-01T13:00:00+00:00,2026-01,2917.7799999968965,spot_flat
2026-01-01T14:00:00+00:00,2026-01,2917.7799999968115,spot_flat
2026-01-01T15:00:00+00:00,2026-01,2917.77999999674,spot_flat
2026-01-01T16:00:00+00:00,2026-01,2917.779999996681,spot_flat
2026-01-01T17:00:00+00:00,2026-01,2917.7799999966333,spot_flat
2026-01-01T18:00:00+00:00,2026-01,2917.7799999965955,spot_flat
2026-01-01T19:00:00+00:00,2026-01,2917.779999996569,spot_flat
2026-01-01T20:00:00+00:00,2026-01,2917.779999996554,spot_flat
2026-01-01T21:00:00+00:00,2026-01,2917.779999996549,spot_flat
2026-01-01T22:00:00+00:00,2026-01,2917.7799999965514,spot_flat
2026-01-01T23:00:00+00:00,2026-01,2917.77999999656,spot_flat
2026-01-02T00:00:00+00:00,2026-01,2917.779999996573,spot_flat
2026-01-02T01:00:00+00:00,2026-01,2917.779999996589,spot_flat
2026-01-02T02:00:00+00:00,2026-01,2917.7799999966064,spot_flat
2026-01-02T03:00:00+00:00,2026-01,2917.7799999966246,spot_flat
2026-01-02T04:00:00+00:00,2026-01,2917.7799999966446,spot_flat
2026-01-02T05:00:00+00:00,2026-01,2917.7799999966664,spot_flat
2026-01-02T06:00:00+00:00,2026-01,2917.7799999966905,spot_flat
2026-01-02T07:00:00+00:00,2026-01,2917.779999996717,spot_flat
2026-01-02T08:00:00+00:00,2026-01,2917.779999996746,spot_flat
2026-01-02T09:00:00+00:00,2026-01,2917.7799999967783,spot_flat
2026-01-02T10:00:00+00:00,2026-01,2917.7799999968147,spot_flat
2026-01-02T11:00:00+00:00,2026-01,2917.779999996856,spot_flat
2026-01-02T12:00:00+00:00,2026-01,2917.779999996902,spot_flat
2026-01-02T13:00:00+00:00,2026-01,2917.7799999969548,spot_flat
2026-01-02T14:00:00+00:00,2026-01,2917.7799999970143,spot_flat
2026-01-02T15:00:00+00:00,2026-01,2917.7799999970816,spot_flat
2026-01-02T16:00:00+00:00,2026-01,2917.779999997155,spot_flat
2026-01-02T17:00:00+00:00,2026-01,2917.7799999972326,spot_flat
2026-01-02T18:00:00+00:00,2026-01,2917.7799999973126,spot_flat
2026-01-02T19:00:00+00:00,2026-01,2917.7799999973945,spot_flat
2026-01-02T20:00:00+00:00,2026-01,2917.7799999974745,spot_flat
2026-01-02T21:00:00+00:00,2026-01,2917.7799999975505,spot_flat
2026-01-02T22:00:00+00:00,2026-01,2917.77999999762,spot_flat
2026-01-02T23:00:00+00:00,2026-01,2917.779999997683,spot_flat
2026-01-03T00:00:00+00:00,2026-01,2917.7799999977374,spot_flat
2026-01-03T01:00:00+00:00,2026-01,2917.7799999977838,spot_flat
2026-01-03T02:00:00+00:00,2026-01,2917.77999999782,spot_flat
2026-01-03T03:00:00+00:00,2026-01,2917.779999997848,spot_flat
2026-01-03T04:00:00+00:00,2026-01,2917.7799999978674,spot_flat
2026-01-03T05:00:00+00:00,2026-01,2917.7799999978797,spot_flat
2026-01-03T06:00:00+00:00,2026-01,2917.779999997884,spot_flat
2026-01-03T07:00:00+00:00,2026-01,2917.779999997881,spot_flat
2026-01-03T08:00:00+00:00,2026-01,2917.779999997873,spot_flat
2026-01-03T09:00:00+00:00,2026-01,2917.779999997859,spot_flat
2026-01-03T10:00:00+00:00,2026-01,2917.77999999784,spot_flat
2026-01-03T11:00:00+00:00,2026-01,2917.779999997818,spot_flat
2026-01-03T12:00:00+00:00,2026-01,2917.7799999977924,spot_flat
2026-01-03T13:00:00+00:00,2026-01,2917.779999997765,spot_flat
2026-01-03T14:00:00+00:00,2026-01,2917.7799999977383,spot_flat
2026-01-03T15:00:00+00:00,2026-01,2917.7799999977124,spot_flat
2026-01-03T16:00:00+00:00,2026-01,2917.779999997688,spot_flat
2026-01-03T17:00:00+00:00,2026-01,2917.779999997665,spot_flat
2026-01-03T18:00:00+00:00,2026-01,2917.779999997644,spot_flat
2026-01-03T19:00:00+00:00,2026-01,2917.7799999976246,spot_flat
2026-01-03T20:00:00+00:00,2026-01,2917.779999997605,spot_flat
2026-01-03T21:00:00+00:00,2026-01,2917.7799999975878,spot_flat
2026-01-03T22:00:00+00:00,2026-01,2917.779999997568,spot_flat
2026-01-03T23:00:00+00:00,2026-01,2917.779999997548,spot_flat
2026-01-04T00:00:00+00:00,2026-01,2917.7799999975277,spot_flat
2026-01-04T01:00:00+00:00,2026-01,2917.779999997505,spot_flat
2026-01-04T02:00:00+00:00,2026-01,2917.7799999974827,spot_flat
2026-01-04T03:00:00+00:00,2026-01,2917.7799999974604,spot_flat
2026-01-04T04:00:00+00:00,2026-01,2917.7799999974386,spot_flat
2026-01-04T05:00:00+00:00,2026-01,2917.7799999974177,spot_flat
2026-01-04T06:00:00+00:00,2026-01,2917.7799999973986,spot_flat
2026-01-04T07:00:00+00:00,2026-01,2917.7799999973818,spot_flat
2026-01-04T08:00:00+00:00,2026-01,2917.779999997368,spot_flat
2026-01-04T09:00:00+00:00,2026-01,2917.7799999973563,spot_flat
2026-01-04T10:00:00+00:00,2026-01,2917.779999997347,spot_flat
2026-01-04T11:00:00+00:00,2026-01,2917.77999999734,spot_flat
2026-01-04T12:00:00+00:00,2026-01,2917.7799999973367,spot_flat
2026-01-04T13:00:00+00:00,2026-01,2917.779999997339,spot_flat
2026-01-04T14:00:00+00:00,2026-01,2917.7799999973463,spot_flat
2026-01-04T15:00:00+00:00,2026-01,2917.7799999973577,spot_flat
2026-01-04T16:00:00+00:00,2026-01,2917.779999997374,spot_flat
2026-01-04T17:00:00+00:00,2026-01,2917.7799999973968,spot_flat
2026-01-04T18:00:00+00:00,2026-01,2917.7799999974263,spot_flat
2026-01-04T19:00:00+00:00,2026-01,2917.7799999974613,spot_flat
2026-01-04T20:00:00+00:00,2026-01,2917.7799999975005,spot_flat
2026-01-04T21:00:00+00:00,2026-01,2917.7799999975427,spot_flat
2026-01-04T22:00:00+00:00,2026-01,2917.7799999975878,spot_flat
2026-01-04T23:00:00+00:00,2026-01,2917.7799999976323,spot_flat
2026-01-05T00:00:00+00:00,2026-01,2917.7799999976764,spot_flat
2026-01-05T01:00:00+00:00,2026-01,2917.779999997719,spot_flat
2026-01-05T02:00:00+00:00,2026-01,2917.77999999776,spot_flat
2026-01-05T03:00:00+00:00,2026-01,2917.7799999977965,spot_flat
2026-01-05T04:00:00+00:00,2026-01,2917.779999997829,spot_flat
2026-01-05T05:00:00+00:00,2026-01,2917.7799999978583,spot_flat
2026-01-05T06:00:00+00:00,2026-01,2917.779999997884,spot_flat
2026-01-05T07:00:00+00:00,2026-01,2917.779999997905,spot_flat
2026-01-05T08:00:00+00:00,2026-01,2917.779999997926,spot_flat
2026-01-05T09:00:00+00:00,2026-01,2917.779999997946,spot_flat
2026-01-05T10:00:00+00:00,2026-01,2917.779999997965,spot_flat
2026-01-05T11:00:00+00:00,2026-01,2917.7799999979825,spot_flat
2026-01-05T12:00:00+00:00,2026-01,2917.779999997995,spot_flat
2026-01-05T13:00:00+00:00,2026-01,2917.779999998003,spot_flat
2026-01-05T14:00:00+00:00,2026-01,2917.7799999980066,spot_flat
2026-01-05T15:00:00+00:00,2026-01,2917.7799999980048,spot_flat
2026-01-05T16:00:00+00:00,2026-01,2917.779999997997,spot_flat
2026-01-05T17:00:00+00:00,2026-01,2917.7799999979848,spot_flat
2026-01-05T18:00:00+00:00,2026-01,2917.779999997967,spot_flat
2026-01-05T19:00:00+00:00,2026-01,2917.7799999979457,spot_flat
2026-01-05T20:00:00+00:00,2026-01,2917.779999997921,spot_flat
2026-01-05T21:00:00+00:00,2026-01,2917.779999997894,spot_flat
2026-01-05T22:00:00+00:00,2026-01,2917.7799999978647,spot_flat
2026-01-05T23:00:00+00:00,2026-01,2917.779999997835,spot_flat
2026-01-06T00:00:00+00:00,2026-01,2917.7799999978056,spot_flat
2026-01-06T01:00:00+00:00,2026-01,2917.779999997776,spot_flat
2026-01-06T02:00:00+00:00,2026-01,2917.779999997744,spot_flat
2026-01-06T03:00:00+00:00,2026-01,2917.77999999771,spot_flat
2026-01-06T04:00:00+00:00,2026-01,2917.779999997673,spot_flat
2026-01-06T05:00:00+00:00,2026-01,2917.779999997633,spot_flat
2026-01-06T06:00:00+00:00,2026-01,2917.779999997592,spot_flat
2026-01-06T07:00:00+00:00,2026-01,2917.779999997548,spot_flat
2026-01-06T08:00:00+00:00,2026-01,2917.7799999974995,spot_flat
2026-01-06T09:00:00+00:00,2026-01,2917.779999997448,spot_flat
2026-01-06T10:00:00+00:00,2026-01,2917.779999997394,spot_flat
2026-01-06T11:00:00+00:00,2026-01,2917.7799999973377,spot_flat
2026-01-06T12:00:00+00:00,2026-01,2917.7799999972794,spot_flat
2026-01-06T13:00:00+00:00,2026-01,2917.7799999972217,spot_flat
2026-01-06T14:00:00+00:00,2026-01,2917.779999997165,spot_flat
2026-01-06T15:00:00+00:00,2026-01,2917.7799999971107,spot_flat
2026-01-06T16:00:00+00:00,2026-01,2917.779999997061,spot_flat
2026-01-06T17:00:00+00:00,2026-01,2917.779999997018,spot_flat
2026-01-06T18:00:00+00:00,2026-01,2917.7799999969825,spot_flat
2026-01-06T19:00:00+00:00,2026-01,2917.7799999969584,spot_flat
2026-01-06T20:00:00+00:00,2026-01,2917.7799999969457,spot_flat
2026-01-06T21:00:00+00:00,2026-01,2917.7799999969457,spot_flat
2026-01-06T22:00:00+00:00,2026-01,2917.7799999969598,spot_flat
2026-01-06T23:00:00+00:00,2026-01,2917.7799999969875,spot_flat
2026-01-07T00:00:00+00:00,2026-01,2917.779999997031,spot_flat
2026-01-07T01:00:00+00:00,2026-01,2917.7799999970875,spot_flat
2026-01-07T02:00:00+00:00,2026-01,2917.779999997155,spot_flat
2026-01-07T03:00:00+00:00,2026-01,2917.7799999972326,spot_flat
2026-01-07T04:00:00+00:00,2026-01,2917.779999997318,spot_flat
2026-01-07T05:00:00+00:00,2026-01,2917.779999997409,spot_flat
2026-01-07T06:00:00+00:00,2026-01,2917.7799999975027,spot_flat
2026-01-07T07:00:00+00:00,2026-01,2917.779999997597,spot_flat
2026-01-07T08:00:00+00:00,2026-01,2917.77999999769,spot_flat
2026-01-07T09:00:00+00:00,2026-01,2917.779999997781,spot_flat
2026-01-07T10:00:00+00:00,2026-01,2917.7799999978693,spot_flat
2026-01-07T11:00:00+00:00,2026-01,2917.779999997954,spot_flat
2026-01-07T12:00:00+00:00,2026-01,2917.779999998036,spot_flat
2026-01-07T13:00:00+00:00,2026-01,2917.779999998115,spot_flat
2026-01-07T14:00:00+00:00,2026-01,2917.7799999981894,spot_flat
2026-01-07T15:00:00+00:00,2026-01,2917.7799999982603,spot_flat
2026-01-07T16:00:00+00:00,2026-01,2917.779999998328,spot_flat
2026-01-07T17:00:00+00:00,2026-01,2917.779999998392,spot_flat
2026-01-07T18:00:00+00:00,2026-01,2917.779999998454,spot_flat
2026-01-07T19:00:00+00:00,2026-01,2917.779999998513,spot_flat
2026-01-07T20:00:00+00:00,2026-01,2917.779999998569,spot_flat
2026-01-07T21:00:00+00:00,2026-01,2917.779999998621,spot_flat
2026-01-07T22:00:00+00:00,2026-01,2917.779999998668,spot_flat
2026-01-07T23:00:00+00:00,2026-01,2917.779999998709,spot_flat
2026-01-08T00:00:00+00:00,2026-01,2917.779999998744,spot_flat
2026-01-08T01:00:00+00:00,2026-01,2917.7799999987715,spot_flat
2026-01-08T02:00:00+00:00,2026-01,2917.779999998794,spot_flat
2026-01-08T03:00:00+00:00,2026-01,2917.7799999988133,spot_flat
2026-01-08T04:00:00+00:00,2026-01,2917.7799999988283,spot_flat
2026-01-08T05:00:00+00:00,2026-01,2917.779999998838,spot_flat
2026-01-08T06:00:00+00:00,2026-01,2917.779999998841,spot_flat
2026-01-08T07:00:00+00:00,2026-01,2917.779999998839,spot_flat
2026-01-08T08:00:00+00:00,2026-01,2917.77999999883,spot_flat
2026-01-08T09:00:00+00:00,2026-01,2917.779999998816,spot_flat
2026-01-08T10:00:00+00:00,2026-01,2917.779999998796,spot_flat
2026-01-08T11:00:00+00:00,2026-01,2917.7799999987683,spot_flat
2026-01-08T12:00:00+00:00,2026-01,2917.7799999987355,spot_flat
2026-01-08T13:00:00+00:00,2026-01,2917.7799999986987,spot_flat
2026-01-08T14:00:00+00:00,2026-01,2917.779999998659,spot_flat
2026-01-08T15:00:00+00:00,2026-01,2917.779999998618,spot_flat
2026-01-08T16:00:00+00:00,2026-01,2917.779999998577,spot_flat
2026-01-08T17:00:00+00:00,2026-01,2917.779999998536,spot_flat
2026-01-08T18:00:00+00:00,2026-01,2917.7799999984977,spot_flat
2026-01-08T19:00:00+00:00,2026-01,2917.779999998464,spot_flat
2026-01-08T20:00:00+00:00,2026-01,2917.7799999984354,spot_flat
2026-01-08T21:00:00+00:00,2026-01,2917.7799999984136,spot_flat
2026-01-08T22:00:00+00:00,2026-01,2917.779999998399,spot_flat
2026-01-08T23:00:00+00:00,2026-01,2917.779999998392,spot_flat
2026-01-09T00:00:00+00:00,2026-01,2917.779999998392,spot_flat
2026-01-09T01:00:00+00:00,2026-01,2917.7799999984,spot_flat
2026-01-09T02:00:00+00:00,2026-01,2917.7799999984163,spot_flat
2026-01-09T03:00:00+00:00,2026-01,2917.7799999984404,spot_flat
2026-01-09T04:00:00+00:00,2026-01,2917.7799999984704,spot_flat
2026-01-09T05:00:00+00:00,2026-01,2917.779999998505,spot_flat
2026-01-09T06:00:00+00:00,2026-01,2917.779999998545,spot_flat
2026-01-09T07:00:00+00:00,2026-01,2917.779999998587,spot_flat
2026-01-09T08:00:00+00:00,2026-01,2917.7799999986323,spot_flat
2026-01-09T09:00:00+00:00,2026-01,2917.779999998679,spot_flat
2026-01-09T10:00:00+00:00,2026-01,2917.779999998728,spot_flat
2026-01-09T11:00:00+00:00,2026-01,2917.779999998777,spot_flat
2026-01-09T12:00:00+00:00,2026-01,2917.7799999988247,spot_flat
2026-01-09T13:00:00+00:00,2026-01,2917.779999998869,spot_flat
2026-01-09T14:00:00+00:00,2026-01,2917.779999998909,spot_flat
2026-01-09T15:00:00+00:00,2026-01,2917.779999998944,spot_flat
2026-01-09T16:00:00+00:00,2026-01,2917.7799999989725,spot_flat
2026-01-09T17:00:00+00:00,2026-01,2917.7799999989948,spot_flat
2026-01-09T18:00:00+00:00,2026-01,2917.779999999012,spot_flat
2026-01-09T19:00:00+00:00,2026-01,2917.779999999022,spot_flat
2026-01-09T20:00:00+00:00,2026-01,2917.779999999025,spot_flat
2026-01-09T21:00:00+00:00,2026-01,2917.77999999902,spot_flat
2026-01-09T22:00:00+00:00,2026-01,2917.7799999990057,spot_flat
2026-01-09T23:00:00+00:00,2026-01,2917.779999998982,spot_flat
2026-01-10T00:00:00+00:00,2026-01,2917.7799999989456,spot_flat
2026-01-10T01:00:00+00:00,2026-01,2917.779999998895,spot_flat
2026-01-10T02:00:00+00:00,2026-01,2917.77999999883,spot_flat
2026-01-10T03:00:00+00:00,2026-01,2917.7799999987506,spot_flat
2026-01-10T04:00:00+00:00,2026-01,2917.7799999986573,spot_flat
2026-01-10T05:00:00+00:00,2026-01,2917.7799999985523,spot_flat
2026-01-10T06:00:00+00:00,2026-01,2917.7799999984377,spot_flat
2026-01-10T07:00:00+00:00,2026-01,2917.779999998316,spot_flat
2026-01-10T08:00:00+00:00,2026-01,2917.7799999981885,spot_flat
2026-01-10T09:00:00+00:00,2026-01,2917.779999998057,spot_flat
2026-01-10T10:00:00+00:00,2026-01,2917.779999997924,spot_flat
2026-01-10T11:00:00+00:00,2026-01,2917.7799999977865,spot_flat
2026-01-10T12:00:00+00:00,2026-01,2917.779999997646,spot_flat
2026-01-10T13:00:00+00:00,2026-01,2917.779999997502,spot_flat
2026-01-10T14:00:00+00:00,2026-01,2917.779999997355,spot_flat
2026-01-10T15:00:00+00:00,2026-01,2917.779999997206,spot_flat
2026-01-10T16:00:00+00:00,2026-01,2917.779999997057,spot_flat
2026-01-10T17:00:00+00:00,2026-01,2917.779999996912,spot_flat
2026-01-10T18:00:00+00:00,2026-01,2917.779999996772,spot_flat
2026-01-10T19:00:00+00:00,2026-01,2917.7799999966405,spot_flat
2026-01-10T20:00:00+00:00,2026-01,2917.77999999652,spot_flat
2026-01-10T21:00:00+00:00,2026-01,2917.779999996412,spot_flat
2026-01-10T22:00:00+00:00,2026-01,2917.7799999963163,spot_flat
2026-01-10T23:00:00+00:00,2026-01,2917.7799999962326,spot_flat
2026-01-11T00:00:00+00:00,2026-01,2917.779999996162,spot_flat
2026-01-11T01:00:00+00:00,2026-01,2917.779999996105,spot_flat
2026-01-11T02:00:00+00:00,2026-01,2917.77999999606,spot_flat
2026-01-11T03:00:00+00:00,2026-01,2917.779999996028,spot_flat
2026-01-11T04:00:00+00:00,2026-01,2917.7799999960084,spot_flat
2026-01-11T05:00:00+00:00,2026-01,2917.7799999960007,spot_flat
2026-01-11T06:00:00+00:00,2026-01,2917.7799999960043,spot_flat
2026-01-11T07:00:00+00:00,2026-01,2917.77999999602,spot_flat
2026-01-11T08:00:00+00:00,2026-01,2917.7799999960475,spot_flat
2026-01-11T09:00:00+00:00,2026-01,2917.779999996086,spot_flat
2026-01-11T10:00:00+00:00,2026-01,2917.779999996134,spot_flat
2026-01-11T11:00:00+00:00,2026-01,2917.779999996188,spot_flat
2026-01-11T12:00:00+00:00,2026-01,2917.779999996247,spot_flat
2026-01-11T13:00:00+00:00,2026-01,2917.7799999963104,spot_flat
2026-01-11T14:00:00+00:00,2026-01,2917.7799999963777,spot_flat
2026-01-11T15:00:00+00:00,2026-01,2917.779999996448,spot_flat
2026-01-11T16:00:00+00:00,2026-01,2917.7799999965223,spot_flat
2026-01-11T17:00:00+00:00,2026-01,2917.779999996601,spot_flat
2026-01-11T18:00:00+00:00,2026-01,2917.7799999966846,spot_flat
2026-01-11T19:00:00+00:00,2026-01,2917.7799999967747,spot_flat
2026-01-11T20:00:00+00:00,2026-01,2917.779999996871,spot_flat
2026-01-11T21:00:00+00:00,2026-01,2917.7799999969748,spot_flat
2026-01-11T22:00:00+00:00,2026-01,2917.7799999970853,spot_flat
2026-01-11T23:00:00+00:00,2026-01,2917.779999997202,spot_flat
2026-01-12T00:00:00+00:00,2026-01,2917.7799999973245,spot_flat
2026-01-12T01:00:00+00:00,2026-01,2917.779999997452,spot_flat
2026-01-12T02:00:00+00:00,2026-01,2917.7799999975814,spot_flat
2026-01-12T03:00:00+00:00,2026-01,2917.7799999977124,spot_flat
2026-01-12T04:00:00+00:00,2026-01,2917.779999997844,spot_flat
2026-01-12T05:00:00+00:00,2026-01,2917.779999997973,spot_flat
2026-01-12T06:00:00+00:00,2026-01,2917.7799999981,spot_flat
2026-01-12T07:00:00+00:00,2026-01,2917.779999998225,spot_flat
2026-01-12T08:00:00+00:00,2026-01,2917.779999998348,spot_flat
2026-01-12T09:00:00+00:00,2026-01,2917.77999999847,spot_flat
2026-01-12T10:00:00+00:00,2026-01,2917.7799999985914,spot_flat
2026-01-12T11:00:00+00:00,2026-01,2917.779999998712,spot_flat
2026-01-12T12:00:00+00:00,2026-01,2917.7799999988333,spot_flat
2026-01-12T13:00:00+00:00,2026-01,2917.779999998955,spot_flat
2026-01-12T14:00:00+00:00,2026-01,2917.779999999077,spot_flat
2026-01-12T15:00:00+00:00,2026-01,2917.7799999991967,spot_flat
2026-01-12T16:00:00+00:00,2026-01,2917.7799999993126,spot_flat
2026-01-12T17:00:00+00:00,2026-01,2917.779999999422,spot_flat
2026-01-12T18:00:00+00:00,2026-01,2917.7799999995245,spot_flat
2026-01-12T19:00:00+00:00,2026-01,2917.77999999962,spot_flat
2026-01-12T20:00:00+00:00,2026-01,2917.7799999997064,spot_flat
2026-01-12T21:00:00+00:00,2026-01,2917.779999999784,spot_flat
2026-01-12T22:00:00+00:00,2026-01,2917.779999999852,spot_flat
2026-01-12T23:00:00+00:00,2026-01,2917.77999999991,spot_flat
2026-01-13T00:00:00+00:00,2026-01,2917.779999999957,spot_flat
2026-01-13T01:00:00+00:00,2026-01,2917.779999999995,spot_flat
2026-01-13T02:00:00+00:00,2026-01,2917.7800000000234,spot_flat
2026-01-13T03:00:00+00:00,2026-01,2917.7800000000416,spot_flat
2026-01-13T04:00:00+00:00,2026-01,2917.780000000049,spot_flat
2026-01-13T05:00:00+00:00,2026-01,2917.780000000045,spot_flat
2026-01-13T06:00:00+00:00,2026-01,2917.7800000000334,spot_flat
2026-01-13T07:00:00+00:00,2026-01,2917.780000000014,spot_flat
2026-01-13T08:00:00+00:00,2026-01,2917.7799999999884,spot_flat
2026-01-13T09:00:00+00:00,2026-01,2917.779999999958,spot_flat
2026-01-13T10:00:00+00:00,2026-01,2917.779999999923,spot_flat
2026-01-13T11:00:00+00:00,2026-01,2917.779999999884,spot_flat
2026-01-13T12:00:00+00:00,2026-01,2917.779999999842,spot_flat
2026-01-13T13:00:00+00:00,2026-01,2917.7799999997947,spot_flat
2026-01-13T14:00:00+00:00,2026-01,2917.779999999744,spot_flat
2026-01-13T15:00:00+00:00,2026-01,2917.7799999996905,spot_flat
2026-01-13T16:00:00+00:00,2026-01,2917.779999999637,spot_flat
2026-01-13T17:00:00+00:00,2026-01,2917.779999999583,spot_flat
2026-01-13T18:00:00+00:00,2026-01,2917.779999999529,spot_flat
2026-01-13T19:00:00+00:00,2026-01,2917.779999999477,spot_flat
2026-01-13T20:00:00+00:00,2026-01,2917.7799999994245,spot_flat
2026-01-13T21:00:00+00:00,2026-01,2917.7799999993726,spot_flat
2026-01-13T22:00:00+00:00,2026-01,2917.77999999932,spot_flat
2026-01-13T23:00:00+00:00,2026-01,2917.779999999264,spot_flat
2026-01-14T00:00:00+00:00,2026-01,2917.779999999203,spot_flat
2026-01-14T01:00:00+00:00,2026-01,2917.7799999991357,spot_flat
2026-01-14T02:00:00+00:00,2026-01,2917.779999999057,spot_flat
2026-01-14T03:00:00+00:00,2026-01,2917.77999999897,spot_flat
2026-01-14T04:00:00+00:00,2026-01,2917.779999998873,spot_flat
2026-01-14T05:00:00+00:00,2026-01,2917.779999998766,spot_flat
2026-01-14T06:00:00+00:00,2026-01,2917.7799999986505,spot_flat
2026-01-14T07:00:00+00:00,2026-01,2917.779999998528,spot_flat
2026-01-14T08:00:00+00:00,2026-01,2917.7799999983986,spot_flat
2026-01-14T09:00:00+00:00,2026-01,2917.779999998264,spot_flat
2026-01-14T10:00:00+00:00,2026-01,2917.7799999981244,spot_flat
2026-01-14T11:00:00+00:00,2026-01,2917.779999997981,spot_flat
2026-01-14T12:00:00+00:00,2026-01,2917.779999997836,spot_flat
2026-01-14T13:00:00+00:00,2026-01,2917.7799999976924,spot_flat
2026-01-14T14:00:00+00:00,2026-01,2917.77999999755,spot_flat
2026-01-14T15:00:00+00:00,2026-01,2917.77999999741,spot_flat
2026-01-14T16:00:00+00:00,2026-01,2917.779999997272,spot_flat
2026-01-14T17:00:00+00:00,2026-01,2917.7799999971357,spot_flat
2026-01-14T18:00:00+00:00,2026-01,2917.779999997,spot_flat
2026-01-14T19:00:00+00:00,2026-01,2917.7799999968665,spot_flat
2026-01-14T20:00:00+00:00,2026-01,2917.779999996737,spot_flat
2026-01-14T21:00:00+00:00,2026-01,2917.7799999966123,spot_flat
2026-01-14T22:00:00+00:00,2026-01,2917.7799999964936,spot_flat
2026-01-14T23:00:00+00:00,2026-01,2917.779999996382,spot_flat
2026-01-15T00:00:00+00:00,2026-01,2917.779999996279,spot_flat
2026-01-15T01:00:00+00:00,2026-01,2917.779999996187,spot_flat
2026-01-15T02:00:00+00:00,2026-01,2917.779999996106,spot_flat
2026-01-15T03:00:00+00:00,2026-01,2917.7799999960366,spot_flat
2026-01-15T04:00:00+00:00,2026-01,2917.7799999959807,spot_flat
2026-01-15T05:00:00+00:00,2026-01,2917.7799999959398,spot_flat
2026-01-15T06:00:00+00:00,2026-01,2917.779999995913,spot_flat
2026-01-15T07:00:00+00:00,2026-01,2917.7799999959025,spot_flat
2026-01-15T08:00:00+00:00,2026-01,2917.7799999959084,spot_flat
2026-01-15T09:00:00+00:00,2026-01,2917.7799999959325,spot_flat
2026-01-15T10:00:00+00:00,2026-01,2917.779999995974,spot_flat
2026-01-15T11:00:00+00:00,2026-01,2917.779999996032,spot_flat
2026-01-15T12:00:00+00:00,2026-01,2917.779999996106,spot_flat
2026-01-15T13:00:00+00:00,2026-01,2917.779999996196,spot_flat
2026-01-15T14:00:00+00:00,2026-01,2917.779999996302,spot_flat
2026-01-15T15:00:00+00:00,2026-01,2917.779999996424,spot_flat
2026-01-15T16:00:00+00:00,2026-01,2917.77999999656,spot_flat
2026-01-15T17:00:00+00:00,2026-01,2917.7799999967087,spot_flat
2026-01-15T18:00:00+00:00,2026-01,2917.779999996869,spot_flat
2026-01-15T19:00:00+00:00,2026-01,2917.779999997037,spot_flat
2026-01-15T20:00:00+00:00,2026-01,2917.779999997212,spot_flat
2026-01-15T21:00:00+00:00,2026-01,2917.7799999973936,spot_flat
2026-01-15T22:00:00+00:00,2026-01,2917.779999997579,spot_flat
2026-01-15T23:00:00+00:00,2026-01,2917.779999997767,spot_flat
2026-01-16T00:00:00+00:00,2026-01,2917.779999997958,spot_flat
2026-01-16T01:00:00+00:00,2026-01,2917.7799999981503,spot_flat
2026-01-16T02:00:00+00:00,2026-01,2917.779999998344,spot_flat
2026-01-16T03:00:00+00:00,2026-01,2917.779999998538,spot_flat
2026-01-16T04:00:00+00:00,2026-01,2917.779999998733,spot_flat
2026-01-16T05:00:00+00:00,2026-01,2917.779999998926,spot_flat
2026-01-16T06:00:00+00:00,2026-01,2917.779999999115,spot_flat
2026-01-16T07:00:00+00:00,2026-01,2917.779999999296,spot_flat
2026-01-16T08:00:00+00:00,2026-01,2917.779999999467,spot_flat
2026-01-16T09:00:00+00:00,2026-01,2917.779999999626,spot_flat
2026-01-16T10:00:00+00:00,2026-01,2917.779999999772,spot_flat
2026-01-16T11:00:00+00:00,2026-01,2917.779999999904,spot_flat
2026-01-16T12:00:00+00:00,2026-01,2917.7800000000198,spot_flat
2026-01-16T13:00:00+00:00,2026-01,2917.7800000001184,spot_flat
2026-01-16T14:00:00+00:00,2026-01,2917.7800000002007,spot_flat
2026-01-16T15:00:00+00:00,2026-01,2917.780000000266,spot_flat
2026-01-16T16:00:00+00:00,2026-01,2917.780000000313,spot_flat
2026-01-16T17:00:00+00:00,2026-01,2917.7800000003417,spot_flat
2026-01-16T18:00:00+00:00,2026-01,2917.7800000003526,spot_flat
2026-01-16T19:00:00+00:00,2026-01,2917.7800000003454,spot_flat
2026-01-16T20:00:00+00:00,2026-01,2917.7800000003194,spot_flat
2026-01-16T21:00:00+00:00,2026-01,2917.7800000002744,spot_flat
2026-01-16T22:00:00+00:00,2026-01,2917.780000000212,spot_flat
2026-01-16T23:00:00+00:00,2026-01,2917.780000000133,spot_flat
2026-01-17T00:00:00+00:00,2026-01,2917.78000000004,spot_flat
2026-01-17T01:00:00+00:00,2026-01,2917.779999999934,spot_flat
2026-01-17T02:00:00+00:00,2026-01,2917.779999999816,spot_flat
2026-01-17T03:00:00+00:00,2026-01,2917.779999999688,spot_flat
2026-01-17T04:00:00+00:00,2026-01,2917.779999999548,spot_flat
2026-01-17T05:00:00+00:00,2026-01,2917.7799999993977,spot_flat
2026-01-17T06:00:00+00:00,2026-01,2917.779999999239,spot_flat
2026-01-17T07:00:00+00:00,2026-01,2917.779999999074,spot_flat
2026-01-17T08:00:00+00:00,2026-01,2917.779999998905,spot_flat
2026-01-17T09:00:00+00:00,2026-01,2917.779999998735,spot_flat
2026-01-17T10:00:00+00:00,2026-01,2917.779999998565,spot_flat
2026-01-17T11:00:00+00:00,2026-01,2917.779999998397,spot_flat
2026-01-17T12:00:00+00:00,2026-01,2917.779999998236,spot_flat
2026-01-17T13:00:00+00:00,2026-01,2917.7799999980834,spot_flat
2026-01-17T14:00:00+00:00,2026-01,2917.779999997944,spot_flat
2026-01-17T15:00:00+00:00,2026-01,2917.77999999782,spot_flat
2026-01-17T16:00:00+00:00,2026-01,2917.779999997715,spot_flat
2026-01-17T17:00:00+00:00,2026-01,2917.779999997629,spot_flat
2026-01-17T18:00:00+00:00,2026-01,2917.7799999975614,spot_flat
2026-01-17T19:00:00+00:00,2026-01,2917.7799999975105,spot_flat
2026-01-17T20:00:00+00:00,2026-01,2917.7799999974754,spot_flat
2026-01-17T21:00:00+00:00,2026-01,2917.779999997456,spot_flat
2026-01-17T22:00:00+00:00,2026-01,2917.779999997451,spot_flat
2026-01-17T23:00:00+00:00,2026-01,2917.7799999974595,spot_flat
2026-01-18T00:00:00+00:00,2026-01,2917.779999997482,spot_flat
2026-01-18T01:00:00+00:00,2026-01,2917.7799999975164,spot_flat
2026-01-18T02:00:00+00:00,2026-01,2917.779999997564,spot_flat
2026-01-18T03:00:00+00:00,2026-01,2917.779999997624,spot_flat
2026-01-18T04:00:00+00:00,2026-01,2917.7799999976955,spot_flat
2026-01-18T05:00:00+00:00,2026-01,2917.7799999977774,spot_flat
2026-01-18T06:00:00+00:00,2026-01,2917.7799999978683,spot_flat
2026-01-18T07:00:00+00:00,2026-01,2917.7799999979684,spot_flat
2026-01-18T08:00:00+00:00,2026-01,2917.7799999980766,spot_flat
2026-01-18T09:00:00+00:00,2026-01,2917.779999998192,spot_flat
2026-01-18T10:00:00+00:00,2026-01,2917.779999998313,spot_flat
2026-01-18T11:00:00+00:00,2026-01,2917.7799999984395,spot_flat
2026-01-18T12:00:00+00:00,2026-01,2917.779999998568,spot_flat
2026-01-18T13:00:00+00:00,2026-01,2917.7799999986964,spot_flat
2026-01-18T14:00:00+00:00,2026-01,2917.7799999988247,spot_flat
2026-01-18T15:00:00+00:00,2026-01,2917.779999998951,spot_flat
2026-01-18T16:00:00+00:00,2026-01,2917.779999999075,spot_flat
2026-01-18T17:00:00+00:00,2026-01,2917.7799999991958,spot_flat
2026-01-18T18:00:00+00:00,2026-01,2917.779999999311,spot_flat
2026-01-18T19:00:00+00:00,2026-01,2917.7799999994213,spot_flat
2026-01-18T20:00:00+00:00,2026-01,2917.7799999995277,spot_flat
2026-01-18T21:00:00+00:00,2026-01,2917.7799999996278,spot_flat
2026-01-18T22:00:00+00:00,2026-01,2917.77999999972,spot_flat
2026-01-18T23:00:00+00:00,2026-01,2917.7799999998047,spot_flat
2026-01-19T00:00:00+00:00,2026-01,2917.779999999882,spot_flat
2026-01-19T01:00:00+00:00,2026-01,2917.779999999953,spot_flat
2026-01-19T02:00:00+00:00,2026-01,2917.780000000015,spot_flat
2026-01-19T03:00:00+00:00,2026-01,2917.780000000067,spot_flat
2026-01-19T04:00:00+00:00,2026-01,2917.7800000001066,spot_flat
2026-01-19T05:00:00+00:00,2026-01,2917.780000000133,spot_flat
2026-01-19T06:00:00+00:00,2026-01,2917.780000000143,spot_flat
2026-01-19T07:00:00+00:00,2026-01,2917.7800000001325,spot_flat
2026-01-19T08:00:00+00:00,2026-01,2917.780000000098,spot_flat
2026-01-19T09:00:00+00:00,2026-01,2917.780000000037,spot_flat
2026-01-19T10:00:00+00:00,2026-01,2917.7799999999493,spot_flat
2026-01-19T11:00:00+00:00,2026-01,2917.779999999829,spot_flat
2026-01-19T12:00:00+00:00,2026-01,2917.779999999673,spot_flat
2026-01-19T13:00:00+00:00,2026-01,2917.779999999478,spot_flat
2026-01-19T14:00:00+00:00,2026-01,2917.77999999924,spot_flat
2026-01-19T15:00:00+00:00,2026-01,2917.779999998952,spot_flat
2026-01-19T16:00:00+00:00,2026-01,2917.7799999986078,spot_flat
2026-01-19T17:00:00+00:00,2026-01,2917.7799999981985,spot_flat
2026-01-19T18:00:00+00:00,2026-01,2917.779999997717,spot_flat
2026-01-19T19:00:00+00:00,2026-01,2917.779999997154,spot_flat
2026-01-19T20:00:00+00:00,2026-01,2917.779999996502,spot_flat
2026-01-19T21:00:00+00:00,2026-01,2917.7799999957515,spot_flat
2026-01-19T22:00:00+00:00,2026-01,2917.7799999948948,spot_flat
2026-01-19T23:00:00+00:00,2026-01,2917.779999993924,spot_flat
2026-01-20T00:00:00+00:00,2026-01,2917.77999999283,spot_flat
2026-01-20T01:00:00+00:00,2026-01,2917.779999991606,spot_flat
2026-01-20T02:00:00+00:00,2026-01,2917.779999990244,spot_flat
2026-01-20T03:00:00+00:00,2026-01,2917.7799999887384,spot_flat
2026-01-20T04:00:00+00:00,2026-01,2917.7799999870845,spot_flat
2026-01-20T05:00:00+00:00,2026-01,2917.779999985279,spot_flat
2026-01-20T06:00:00+00:00,2026-01,2917.77999998332,spot_flat
2026-01-20T07:00:00+00:00,2026-01,2917.779999981205,spot_flat
2026-01-20T08:00:00+00:00,2026-01,2917.779999978934,spot_flat
2026-01-20T09:00:00+00:00,2026-01,2917.7799999765066,spot_flat
2026-01-20T10:00:00+00:00,2026-01,2917.779999973924,spot_flat
2026-01-20T11:00:00+00:00,2026-01,2917.77999997119,spot_flat
2026-01-20T12:00:00+00:00,2026-01,2917.7799999683134,spot_flat
2026-01-20T13:00:00+00:00,2026-01,2917.7799999653034,spot_flat
2026-01-20T14:00:00+00:00,2026-01,2917.7799999621725,spot_flat
2026-01-20T15:00:00+00:00,2026-01,2917.779999958936,spot_flat
2026-01-20T16:00:00+00:00,2026-01,2917.7799999556137,spot_flat
2026-01-20T17:00:00+00:00,2026-01,2917.77999995223,spot_flat
2026-01-20T18:00:00+00:00,2026-01,2917.7799999488143,spot_flat
2026-01-20T19:00:00+00:00,2026-01,2917.7799999454023,spot_flat
2026-01-20T20:00:00+00:00,2026-01,2917.779999942035,spot_flat
2026-01-20T21:00:00+00:00,2026-01,2917.7799999387585,spot_flat
2026-01-20T22:00:00+00:00,2026-01,2917.7799999356225,spot_flat
2026-01-20T23:00:00+00:00,2026-01,2917.779999932681,spot_flat
2026-01-21T00:00:00+00:00,2026-01,2917.779999929993,spot_flat
2026-01-21T01:00:00+00:00,2026-01,2917.7799999276244,spot_flat
2026-01-21T02:00:00+00:00,2026-01,2917.779999925648,spot_flat
2026-01-21T03:00:00+00:00,2026-01,2917.7799999241447,spot_flat
2026-01-21T04:00:00+00:00,2026-01,2917.779999923204,spot_flat
2026-01-21T05:00:00+00:00,2026-01,2917.77999992292,spot_flat
2026-01-21T06:00:00+00:00,2026-01,2917.7799999233944,spot_flat
2026-01-21T07:00:00+00:00,2026-01,2917.779999924737,spot_flat
2026-01-21T08:00:00+00:00,2026-01,2917.779999927066,spot_flat
2026-01-21T09:00:00+00:00,2026-01,2917.7799999305043,spot_flat
2026-01-21T10:00:00+00:00,2026-01,2917.7799999351832,spot_flat
2026-01-21T11:00:00+00:00,2026-01,2917.779999941242,spot_flat
2026-01-21T12:00:00+00:00,2026-01,2917.7799999488248,spot_flat
2026-01-21T13:00:00+00:00,2026-01,2917.779999958082,spot_flat
2026-01-21T14:00:00+00:00,2026-01,2917.779999969169,spot_flat
2026-01-21T15:00:00+00:00,2026-01,2917.779999982245,spot_flat
2026-01-21T16:00:00+00:00,2026-01,2917.7799999974727,spot_flat
2026-01-21T17:00:00+00:00,2026-01,2917.7800000150155,spot_flat
2026-01-21T18:00:00+00:00,2026-01,2917.780000035037,spot_flat
2026-01-21T19:00:00+00:00,2026-01,2917.780000057699,spot_flat
2026-01-21T20:00:00+00:00,2026-01,2917.7800000831576,spot_flat
2026-01-21T21:00:00+00:00,2026-01,2917.780000111565,spot_flat
2026-01-21T22:00:00+00:00,2026-01,2917.7800001430664,spot_flat
2026-01-21T23:00:00+00:00,2026-01,2917.7800001777946,spot_flat
2026-01-22T00:00:00+00:00,2026-01,2917.7800002158674,spot_flat
2026-01-22T01:00:00+00:00,2026-01,2917.780000257385,spot_flat
2026-01-22T02:00:00+00:00,2026-01,2917.7800003024263,spot_flat
2026-01-22T03:00:00+00:00,2026-01,2917.780000351046,spot_flat
2026-01-22T04:00:00+00:00,2026-01,2917.7800004032683,spot_flat
2026-01-22T05:00:00+00:00,2026-01,2917.7800004590813,spot_flat
2026-01-22T06:00:00+00:00,2026-01,2917.780000518433,spot_flat
2026-01-22T07:00:00+00:00,2026-01,2917.780000581224,spot_flat
2026-01-22T08:00:00+00:00,2026-01,2917.7800006473026,spot_flat
2026-01-22T09:00:00+00:00,2026-01,2917.78000071646,spot_flat
2026-01-22T10:00:00+00:00,2026-01,2917.7800007884234,spot_flat
2026-01-22T11:00:00+00:00,2026-01,2917.7800008628483,spot_flat
2026-01-22T12:00:00+00:00,2026-01,2917.780000939309,spot_flat
2026-01-22T13:00:00+00:00,2026-01,2917.780001017295,spot_flat
2026-01-22T14:00:00+00:00,2026-01,2917.780001096202,spot_flat
2026-01-22T15:00:00+00:00,2026-01,2917.780001175322,spot_flat
2026-01-22T16:00:00+00:00,2026-01,2917.7800012538382,spot_flat
2026-01-22T17:00:00+00:00,2026-01,2917.780001330816,spot_flat
2026-01-22T18:00:00+00:00,2026-01,2917.7800014051954,spot_flat
2026-01-22T19:00:00+00:00,2026-01,2917.780001475784,spot_flat
2026-01-22T20:00:00+00:00,2026-01,2917.780001541245,spot_flat
2026-01-22T21:00:00+00:00,2026-01,2917.780001600098,spot_flat
2026-01-22T22:00:00+00:00,2026-01,2917.780001650708,spot_flat
2026-01-22T23:00:00+00:00,2026-01,2917.780001691277,spot_flat
2026-01-23T00:00:00+00:00,2026-01,2917.780001719846,spot_flat
2026-01-23T01:00:00+00:00,2026-01,2917.780001734284,spot_flat
2026-01-23T02:00:00+00:00,2026-01,2917.7800017322875,spot_flat
2026-01-23T03:00:00+00:00,2026-01,2917.780001711379,spot_flat
2026-01-23T04:00:00+00:00,2026-01,2917.7800016689075,spot_flat
2026-01-23T05:00:00+00:00,2026-01,2917.7800016020487,spot_flat
2026-01-23T06:00:00+00:00,2026-01,2917.7800015078133,spot_flat
2026-01-23T07:00:00+00:00,2026-01,2917.7800013830524,spot_flat
2026-01-23T08:00:00+00:00,2026-01,2917.780001224467,spot_flat
2026-01-23T09:00:00+00:00,2026-01,2917.780001028621,spot_flat
2026-01-23T10:00:00+00:00,2026-01,2917.780000791954,spot_flat
2026-01-23T11:00:00+00:00,2026-01,2917.7800005108024,spot_flat
2026-01-23T12:00:00+00:00,2026-01,2917.780000181424,spot_flat
2026-01-23T13:00:00+00:00,2026-01,2917.779999800025,spot_flat
2026-01-23T14:00:00+00:00,2026-01,2917.779999362794,spot_flat
2026-01-23T15:00:00+00:00,2026-01,2917.7799988659385,spot_flat
2026-01-23T16:00:00+00:00,2026-01,2917.779998305728,spot_flat
2026-01-23T17:00:00+00:00,2026-01,2917.779997678545,spot_flat
2026-01-23T18:00:00+00:00,2026-01,2917.7799969809425,spot_flat
2026-01-23T19:00:00+00:00,2026-01,2917.7799962097038,spot_flat
2026-01-23T20:00:00+00:00,2026-01,2917.77999536191,spot_flat
2026-01-23T21:00:00+00:00,2026-01,2917.7799944350245,spot_flat
2026-01-23T22:00:00+00:00,2026-01,2917.779993426971,spot_flat
2026-01-23T23:00:00+00:00,2026-01,2917.779992336228,spot_flat
2026-01-24T00:00:00+00:00,2026-01,2917.779991161933,spot_flat
2026-01-24T01:00:00+00:00,2026-01,2917.7799899039906,spot_flat
2026-01-24T02:00:00+00:00,2026-01,2917.7799885631885,spot_flat
2026-01-24T03:00:00+00:00,2026-01,2917.7799871413235,spot_flat
2026-01-24T04:00:00+00:00,2026-01,2917.779985641333,spot_flat
2026-01-24T05:00:00+00:00,2026-01,2917.779984067441,spot_flat
2026-01-24T06:00:00+00:00,2026-01,2917.779982425308,spot_flat
2026-01-24T07:00:00+00:00,2026-01,2917.7799807221813,spot_flat
2026-01-24T08:00:00+00:00,2026-01,2917.7799789670685,spot_flat
2026-01-24T09:00:00+00:00,2026-01,2917.779977170904,spot_flat
2026-01-24T10:00:00+00:00,2026-01,2917.779975346726,spot_flat
2026-01-24T11:00:00+00:00,2026-01,2917.7799735098565,spot_flat
2026-01-24T12:00:00+00:00,2026-01,2917.779971678079,spot_flat
2026-01-24T13:00:00+00:00,2026-01,2917.779969871827,spot_flat
2026-01-24T14:00:00+00:00,2026-01,2917.779968114362,spot_flat
2026-01-24T15:00:00+00:00,2026-01,2917.779966431962,spot_flat
2026-01-24T16:00:00+00:00,2026-01,2917.7799648540918,spot_flat
2026-01-24T17:00:00+00:00,2026-01,2917.779963413573,spot_flat
2026-01-24T18:00:00+00:00,2026-01,2917.7799621467457,spot_flat
2026-01-24T19:00:00+00:00,2026-01,2917.779961093607,spot_flat
2026-01-24T20:00:00+00:00,2026-01,2917.7799602979385,spot_flat
2026-01-24T21:00:00+00:00,2026-01,2917.779959807413,spot_flat
2026-01-24T22:00:00+00:00,2026-01,2917.779959673672,spot_flat
2026-01-24T23:00:00+00:00,2026-01,2917.779959952376,spot_flat
2026-01-25T00:00:00+00:00,2026-01,2917.779960703217,spot_flat
2026-01-25T01:00:00+00:00,2026-01,2917.779961989893,spot_flat
2026-01-25T02:00:00+00:00,2026-01,2917.779963880031,spot_flat
2026-01-25T03:00:00+00:00,2026-01,2917.779966445062,spot_flat
2026-01-25T04:00:00+00:00,2026-01,2917.77996976003,spot_flat
2026-01-25T05:00:00+00:00,2026-01,2917.77997390333,spot_flat
2026-01-25T06:00:00+00:00,2026-01,2917.7799789563824,spot_flat
2026-01-25T07:00:00+00:00,2026-01,2917.779985003215,spot_flat
2026-01-25T08:00:00+00:00,2026-01,2917.779992129962,spot_flat
2026-01-25T09:00:00+00:00,2026-01,2917.7800004242554,spot_flat
2026-01-25T10:00:00+00:00,2026-01,2917.7800099745155,spot_flat
2026-01-25T11:00:00+00:00,2026-01,2917.780020869116,spot_flat
2026-01-25T12:00:00+00:00,2026-01,2917.7800331954336,spot_flat
2026-01-25T13:00:00+00:00,2026-01,2917.7800470387574,spot_flat
2026-01-25T14:00:00+00:00,2026-01,2917.7800624810584,spot_flat
2026-01-25T15:00:00+00:00,2026-01,2917.780079599604,spot_flat
2026-01-25T16:00:00+00:00,2026-01,2917.7800984654123,spot_flat
2026-01-25T17:00:00+00:00,2026-01,2917.78011914154,spot_flat
2026-01-25T18:00:00+00:00,2026-01,2917.7801416811976,spot_flat
2026-01-25T19:00:00+00:00,2026-01,2917.780166125682,spot_flat
2026-01-25T20:00:00+00:00,2026-01,2917.7801925021213,spot_flat
2026-01-25T21:00:00+00:00,2026-01,2917.7802208210305,spot_flat
2026-01-25T22:00:00+00:00,2026-01,2917.7802510736733,spot_flat
2026-01-25T23:00:00+00:00,2026-01,2917.7802832292323,spot_flat
2026-01-26T00:00:00+00:00,2026-01,2917.7803172317817,spot_flat
2026-01-26T01:00:00+00:00,2026-01,2917.7803529970724,spot_flat
2026-01-26T02:00:00+00:00,2026-01,2917.78039040913,spot_flat
2026-01-26T03:00:00+00:00,2026-01,2917.780429316684,spot_flat
2026-01-26T04:00:00+00:00,2026-01,2917.7804695294203,spot_flat
2026-01-26T05:00:00+00:00,2026-01,2917.780510814096,spot_flat
2026-01-26T06:00:00+00:00,2026-01,2917.7805528905155,spot_flat
2026-01-26T07:00:00+00:00,2026-01,2917.7805954273995,spot_flat
2026-01-26T08:00:00+00:00,2026-01,2917.7806380381817,spot_flat
2026-01-26T09:00:00+00:00,2026-01,2917.7806802767536,spot_flat
2026-01-26T10:00:00+00:00,2026-01,2917.780721633201,spot_flat
2026-01-26T11:00:00+00:00,2026-01,2917.780761529583,spot_flat
2026-01-26T12:00:00+00:00,2026-01,2917.7807993157894,spot_flat
2026-01-26T13:00:00+00:00,2026-01,2917.780834265559,spot_flat
2026-01-26T14:00:00+00:00,2026-01,2917.7808655726967,spot_flat
2026-01-26T15:00:00+00:00,2026-01,2917.780892347582,spot_flat
2026-01-26T16:00:00+00:00,2026-01,2917.780913614036,spot_flat
2026-01-26T17:00:00+00:00,2026-01,2917.7809283066463,spot_flat
2026-01-26T18:00:00+00:00,2026-01,2917.780935268637,spot_flat
2026-01-26T19:00:00+00:00,2026-01,2917.780933250402,spot_flat
2026-01-26T20:00:00+00:00,2026-01,2917.7809209088064,spot_flat
2026-01-26T21:00:00+00:00,2026-01,2917.78089680739,spot_flat
2026-01-26T22:00:00+00:00,2026-01,2917.7808594176013,spot_flat
2026-01-26T23:00:00+00:00,2026-01,2917.78080712121,spot_flat
2026-01-27T00:00:00+00:00,2026-01,2917.7807382140427,spot_flat
2026-01-27T01:00:00+00:00,2026-01,2917.7806509112147,spot_flat
2026-01-27T02:00:00+00:00,2026-01,2917.780543354019,spot_flat
2026-01-27T03:00:00+00:00,2026-01,2917.7804136186555,spot_flat
2026-01-27T04:00:00+00:00,2026-01,2917.78025972699,spot_flat
2026-01-27T05:00:00+00:00,2026-01,2917.7800796595247,spot_flat
2026-01-27T06:00:00+00:00,2026-01,2917.7798713707907,spot_flat
2026-01-27T07:00:00+00:00,2026-01,2917.7796328073523,spot_flat
2026-01-27T08:00:00+00:00,2026-01,2917.779361928637,spot_flat
2026-01-27T09:00:00+00:00,2026-01,2917.779056730792,spot_flat
2026-01-27T10:00:00+00:00,2026-01,2917.7787152737724,spot_flat
2026-01-27T11:00:00+00:00,2026-01,2917.7783357118587,spot_flat
2026-01-27T12:00:00+00:00,2026-01,2917.777916327804,spot_flat
2026-01-27T13:00:00+00:00,2026-01,2917.777455570789,spot_flat
2026-01-27T14:00:00+00:00,2026-01,2917.7769520983643,spot_flat
2026-01-27T15:00:00+00:00,2026-01,2917.776404822519,spot_flat
2026-01-27T16:00:00+00:00,2026-01,2917.775812960033,spot_flat
2026-01-27T17:00:00+00:00,2026-01,2917.7751760872025,spot_flat
2026-01-27T18:00:00+00:00,2026-01,2917.774494199028,spot_flat
2026-01-27T19:00:00+00:00,2026-01,2917.773767772901,spot_flat
2026-01-27T20:00:00+00:00,2026-01,2917.772997836792,spot_flat
2026-01-27T21:00:00+00:00,2026-01,2917.772186041895,spot_flat
2026-01-27T22:00:00+00:00,2026-01,2917.771334739619,spot_flat
2026-01-27T23:00:00+00:00,2026-01,2917.770447062768,spot_flat
2026-01-28T00:00:00+00:00,2026-01,2917.769527010675,spot_flat
2026-01-28T01:00:00+00:00,2026-01,2917.7685795379657,spot_flat
2026-01-28T02:00:00+00:00,2026-01,2917.7676106465656,spot_flat
2026-01-28T03:00:00+00:00,2026-01,2917.766627480448,spot_flat
2026-01-28T04:00:00+00:00,2026-01,2917.765638422518,spot_flat
2026-01-28T05:00:00+00:00,2026-01,2917.764653192938,spot_flat
2026-01-28T06:00:00+00:00,2026-01,2917.763682948025,spot_flat
2026-01-28T07:00:00+00:00,2026-01,2917.7627403787747,spot_flat
2026-01-28T08:00:00+00:00,2026-01,2917.7618398078903,spot_flat
2026-01-28T09:00:00+00:00,2026-01,2917.7609972840382,spot_flat
2026-01-28T10:00:00+00:00,2026-01,2917.760230671904,spot_flat
2026-01-28T11:00:00+00:00,2026-01,2917.7595597364448,spot_flat
2026-01-28T12:00:00+00:00,2026-01,2917.75900621955,spot_flat
2026-01-28T13:00:00+00:00,2026-01,2917.758593907137,spot_flat
2026-01-28T14:00:00+00:00,2026-01,2917.7583486845,spot_flat
2026-01-28T15:00:00+00:00,2026-01,2917.758298577539,spot_flat
2026-01-28T16:00:00+00:00,2026-01,2917.758473777287,spot_flat
2026-01-28T17:00:00+00:00,2026-01,2917.758906644918,spot_flat
2026-01-28T18:00:00+00:00,2026-01,2917.759631694228,spot_flat
2026-01-28T19:00:00+00:00,2026-01,2917.760685548349,spot_flat
2026-01-28T20:00:00+00:00,2026-01,2917.762106867243,spot_flat
2026-01-28T21:00:00+00:00,2026-01,2917.763936242318,spot_flat
2026-01-28T22:00:00+00:00,2026-01,2917.766216054295,spot_flat
2026-01-28T23:00:00+00:00,2026-01,2917.7689902902707,spot_flat
2026-01-29T00:00:00+00:00,2026-01,2917.772304315737,spot_flat
2026-01-29T01:00:00+00:00,2026-01,2917.7762045971563,spot_flat
2026-01-29T02:00:00+00:00,2026-01,2917.7807383705567,spot_flat
2026-01-29T03:00:00+00:00,2026-01,2917.785953251508,spot_flat
2026-01-29T04:00:00+00:00,2026-01,2917.7918967817427,spot_flat
2026-01-29T05:00:00+00:00,2026-01,2917.7986159076668,spot_flat
2026-01-29T06:00:00+00:00,2026-01,2917.8061563860083,spot_flat
2026-01-29T07:00:00+00:00,2026-01,2917.814562111903,spot_flat
2026-01-29T08:00:00+00:00,2026-01,2917.823874364847,spot_flat
2026-01-29T09:00:00+00:00,2026-01,2917.834130968125,spot_flat
2026-01-29T10:00:00+00:00,2026-01,2917.8453653575834,spot_flat
2026-01-29T11:00:00+00:00,2026-01,2917.8576055559715,spot_flat
2026-01-29T12:00:00+00:00,2026-01,2917.8708730495023,spot_flat
2026-01-29T13:00:00+00:00,2026-01,2917.885181563832,spot_flat
2026-01-29T14:00:00+00:00,2026-01,2917.900535737313,spot_flat
2026-01-29T15:00:00+00:00,2026-01,2917.91692969014,spot_flat
2026-01-29T16:00:00+00:00,2026-01,2917.9343454889345,spot_flat
2026-01-29T17:00:00+00:00,2026-01,2917.952751507348,spot_flat
2026-01-29T18:00:00+00:00,2026-01,2917.9721006844843,spot_flat
2026-01-29T19:00:00+00:00,2026-01,2917.992328684294,spot_flat
2026-01-29T20:00:00+00:00,2026-01,2918.013351960661,spot_flat
2026-01-29T21:00:00+00:00,2026-01,2918.0350657345984,spot_flat
2026-01-29T22:00:00+00:00,2026-01,2918.057341891922,spot_flat
2026-01-29T23:00:00+00:00,2026-01,2918.080026811875,spot_flat
2026-01-30T00:00:00+00:00,2026-01,2918.102939139512,spot_flat
2026-01-30T01:00:00+00:00,2026-01,2918.1258675172044,spot_flat
2026-01-30T02:00:00+00:00,2026-01,2918.1485682934126,spot_flat
2026-01-30T03:00:00+00:00,2026-01,2918.1707632298453,spot_flat
2026-01-30T04:00:00+00:00,2026-01,2918.192137231382,spot_flat
2026-01-30T05:00:00+00:00,2026-01,2918.2123361265776,spot_flat
2026-01-30T06:00:00+00:00,2026-01,2918.2309645302657,spot_flat
2026-01-30T07:00:00+00:00,2026-01,2918.2475838236646,spot_flat
2026-01-30T08:00:00+00:00,2026-01,2918.261710291539,spot_flat
2026-01-30T09:00:00+00:00,2026-01,2918.272813460273,spot_flat
2026-01-30T10:00:00+00:00,2026-01,2918.28031468522,spot_flat
2026-01-30T11:00:00+00:00,2026-01,2918.2835860403857,spot_flat
2026-01-30T12:00:00+00:00,2026-01,2918.2819495683066,spot_flat
2026-01-30T13:00:00+00:00,2026-01,2918.2746769529144,spot_flat
2026-01-30T14:00:00+00:00,2026-01,2918.260989683184,spot_flat
2026-01-30T15:00:00+00:00,2026-01,2918.240059780385,spot_flat
2026-01-30T16:00:00+00:00,2026-01,2918.2110111668185,spot_flat
2026-01-30T17:00:00+00:00,2026-01,2918.172921758811,spot_flat
2026-01-30T18:00:00+00:00,2026-01,2918.12482637157,spot_flat
2026-01-30T19:00:00+00:00,2026-01,2918.065720528132,spot_flat
2026-01-30T20:00:00+00:00,2026-01,2917.99456526889,spot_flat
2026-01-30T21:00:00+00:00,2026-01,2917.9102930621902,spot_flat
2026-01-30T22:00:00+00:00,2026-01,2917.811814919851,spot_flat
2026-01-30T23:00:00+00:00,2026-01,2917.698028824385,spot_flat
2026-01-31T00:00:00+00:00,2026-01,2917.567829576812,spot_flat
2026-01-31T01:00:00+00:00,2026-01,2917.4201201752694,spot_flat
2026-01-31T02:00:00+00:00,2026-01,2917.2538248349347,spot_flat
2026-01-31T03:00:00+00:00,2026-01,2917.0679037589703,spot_flat
2026-01-31T04:00:00+00:00,2026-01,2916.861369768055,spot_flat
2026-01-31T05:00:00+00:00,2026-01,2916.6333068924914,spot_flat
2026-01-31T06:00:00+00:00,2026-01,2916.3828910256057,spot_flat
2026-01-31T07:00:00+00:00,2026-01,2916.109412730035,spot_flat
2026-01-31T08:00:00+00:00,2026-01,2915.8123022793125,spot_flat
2026-01-31T09:00:00+00:00,2026-01,2915.491157005697,spot_flat
2026-01-31T10:00:00+00:00,2026-01,2915.1457710112218,spot_flat
2026-01-31T11:00:00+00:00,2026-01,2914.776167282216,spot_flat
2026-01-31T12:00:00+00:00,2026-01,2914.38263222791,spot_flat
2026-01-31T13:00:00+00:00,2026-01,2913.965752640804,spot_flat
2026-01-31T14:00:00+00:00,2026-01,2913.526455050175,spot_flat
2026-01-31T15:00:00+00:00,2026-01,2913.0660474100373,spot_flat
2026-01-31T16:00:00+00:00,2026-01,2912.5862630289,spot_flat
2026-01-31T17:00:00+00:00,2026-01,2912.0893066105323,spot_flat
2026-01-31T18:00:00+00:00,2026-01,2911.5779022323977,spot_flat
2026-01-31T19:00:00+00:00,2026-01,2911.0553430413,spot_flat
2025-12-31T20:00:00+00:00,2025-12,2917.78,spot_to_next_linear
2025-12-31T21:00:00+00:00,2026-01,2917.7574630870085,spot_to_next_linear
2025-12-31T22:00:00+00:00,2026-01,2917.7349261740246,spot_to_next_linear
2025-12-31T23:00:00+00:00,2026-01,2917.712389261057,spot_to_next_linear
2026-01-01T00:00:00+00:00,2026-01,2917.689852348108,spot_to_next_linear
2026-01-01T01:00:00+00:00,2026-01,2917.66731543518,spot_to_next_linear
2026-01-01T02:00:00+00:00,2026-01,2917.6447785222726,spot_to_next_linear
2026-01-01T03:00:00+00:00,2026-01,2917.6222416093874,spot_to_next_linear
2026-01-01T04:00:00+00:00,2026-01,2917.5997046965217,spot_to_next_linear
2026-01-01T05:00:00+00:00,2026-01,2917.577167783674,spot_to_next_linear
2026-01-01T06:00:00+00:00,2026-01,2917.5546308708435,spot_to_next_linear
2026-01-01T07:00:00+00:00,2026-01,2917.5320939580315,spot_to_next_linear
2026-01-01T08:00:00+00:00,2026-01,2917.5095570452368,spot_to_next_linear
2026-01-01T09:00:00+00:00,2026-01,2917.487020132457,spot_to_next_linear
2026-01-01T10:00:00+00:00,2026-01,2917.4644832196886,spot_to_next_linear
2026-01-01T11:00:00+00:00,2026-01,2917.441946306931,spot_to_next_linear
2026-01-01T12:00:00+00:00,2026-01,2917.4194093941824,spot_to_next_linear
2026-01-01T13:00:00+00:00,2026-01,2917.3968724814413,spot_to_next_linear
2026-01-01T14:00:00+00:00,2026-01,2917.3743355687066,spot_to_next_linear
2026-01-01T15:00:00+00:00,2026-01,2917.351798655975,spot_to_next_linear
2026-01-01T16:00:00+00:00,2026-01,2917.3292617432444,spot_to_next_linear
2026-01-01T17:00:00+00:00,2026-01,2917.3067248305133,spot_to_next_linear
2026-01-01T18:00:00+00:00,2026-01,2917.2841879177818,spot_to_next_linear
2026-01-01T19:00:00+00:00,2026-01,2917.261651005051,spot_to_next_linear
2026-01-01T20:00:00+00:00,2026-01,2917.239114092322,spot_to_next_linear
2026-01-01T21:00:00+00:00,2026-01,2917.216577179595,spot_to_next_linear
2026-01-01T22:00:00+00:00,2026-01,2917.194040266869,spot_to_next_linear
2026-01-01T23:00:00+00:00,2026-01,2917.1715033541445,spot_to_next_linear
2026-01-02T00:00:00+00:00,2026-01,2917.1489664414216,spot_to_next_linear
2026-01-02T01:00:00+00:00,2026-01,2917.126429528701,spot_to_next_linear
2026-01-02T02:00:00+00:00,2026-01,2917.1038926159795,spot_to_next_linear
2026-01-02T03:00:00+00:00,2026-01,2917.081355703256,spot_to_next_linear
2026-01-02T04:00:00+00:00,2026-01,2917.0588187905287,spot_to_next_linear
2026-01-02T05:00:00+00:00,2026-01,2917.0362818777967,spot_to_next_linear
2026-01-02T06:00:00+00:00,2026-01,2917.013744965059,spot_to_next_linear
2026-01-02T07:00:00+00:00,2026-01,2916.9912080523136,spot_to_next_linear
2026-01-02T08:00:00+00:00,2026-01,2916.968671139562,spot_to_next_linear
2026-01-02T09:00:00+00:00,2026-01,2916.946134226804,spot_to_next_linear
2026-01-02T10:00:00+00:00,2026-01,2916.9235973140403,spot_to_next_linear
2026-01-02T11:00:00+00:00,2026-01,2916.901060401273,spot_to_next_linear
2026-01-02T12:00:00+00:00,2026-01,2916.8785234885017,spot_to_next_linear
2026-01-02T13:00:00+00:00,2026-01,2916.8559865757275,spot_to_next_linear
2026-01-02T14:00:00+00:00,2026-01,2916.833449662952,spot_to_next_linear
2026-01-02T15:00:00+00:00,2026-01,2916.810912750173,spot_to_next_linear
2026-01-02T16:00:00+00:00,2026-01,2916.788375837393,spot_to_next_linear
2026-01-02T17:00:00+00:00,2026-01,2916.765838924612,spot_to_next_linear
2026-01-02T18:00:00+00:00,2026-01,2916.743302011829,spot_to_next_linear
2026-01-02T19:00:00+00:00,2026-01,2916.720765099045,spot_to_next_linear
2026-01-02T20:00:00+00:00,2026-01,2916.6982281862583,spot_to_next_linear
2026-01-02T21:00:00+00:00,2026-01,2916.67569127347,spot_to_next_linear
2026-01-02T22:00:00+00:00,2026-01,2916.65315436068,spot_to_next_linear
2026-01-02T23:00:00+00:00,2026-01,2916.6306174478896,spot_to_next_linear
2026-01-03T00:00:00+00:00,2026-01,2916.608080535099,spot_to_next_linear
2026-01-03T01:00:00+00:00,2026-01,2916.58554362231,spot_to_next_linear
2026-01-03T02:00:00+00:00,2026-01,2916.563006709526,spot_to_next_linear
2026-01-03T03:00:00+00:00,2026-01,2916.540469796745,spot_to_next_linear
2026-01-03T04:00:00+00:00,2026-01,2916.5179328839663,spot_to_next_linear
2026-01-03T05:00:00+00:00,2026-01,2916.495395971189,spot_to_next_linear
2026-01-03T06:00:00+00:00,2026-01,2916.472859058412,spot_to_next_linear
2026-01-03T07:00:00+00:00,2026-01,2916.450322145633,spot_to_next_linear
2026-01-03T08:00:00+00:00,2026-01,2916.4277852328564,spot_to_next_linear
2026-01-03T09:00:00+00:00,2026-01,2916.4052483200794,spot_to_next_linear
2026-01-03T10:00:00+00:00,2026-01,2916.382711407301,spot_to_next_linear
2026-01-03T11:00:00+00:00,2026-01,2916.360174494523,spot_to_next_linear
2026-01-03T12:00:00+00:00,2026-01,2916.337637581744,spot_to_next_linear
2026-01-03T13:00:00+00:00,2026-01,2916.315100668963,spot_to_next_linear
2026-01-03T14:00:00+00:00,2026-01,2916.2925637561816,spot_to_next_linear
2026-01-03T15:00:00+00:00,2026-01,2916.2700268434,spot_to_next_linear
2026-01-03T16:00:00+00:00,2026-01,2916.2474899306185,spot_to_next_linear
2026-01-03T17:00:00+00:00,2026-01,2916.2249530178365,spot_to_next_linear
2026-01-03T18:00:00+00:00,2026-01,2916.202416105056,spot_to_next_linear
2026-01-03T19:00:00+00:00,2026-01,2916.179879192275,spot_to_next_linear
2026-01-03T20:00:00+00:00,2026-01,2916.1573422794963,spot_to_next_linear
2026-01-03T21:00:00+00:00,2026-01,2916.13480536672,spot_to_next_linear
2026-01-03T22:00:00+00:00,2026-01,2916.1122684539478,spot_to_next_linear
2026-01-03T23:00:00+00:00,2026-01,2916.0897315411776,spot_to_next_linear
2026-01-04T00:00:00+00:00,2026-01,2916.0671946284087,spot_to_next_linear
2026-01-04T01:00:00+00:00,2026-01,2916.04465771564,spot_to_next_linear
2026-01-04T02:00:00+00:00,2026-01,2916.0221208028715,spot_to_next_linear
2026-01-04T03:00:00+00:00,2026-01,2915.9995838901045,spot_to_next_linear
2026-01-04T04:00:00+00:00,2026-01,2915.977046977337,spot_to_next_linear
2026-01-04T05:00:00+00:00,2026-01,2915.9545100645687,spot_to_next_linear
2026-01-04T06:00:00+00:00,2026-01,2915.931973151799,spot_to_next_linear
2026-01-04T07:00:00+00:00,2026-01,2915.909436239028,spot_to_next_linear
2026-01-04T08:00:00+00:00,2026-01,2915.8868993262563,spot_to_next_linear
2026-01-04T09:00:00+00:00,2026-01,2915.864362413483,spot_to_next_linear
2026-01-04T10:00:00+00:00,2026-01,2915.841825500707,spot_to_next_linear
2026-01-04T11:00:00+00:00,2026-01,2915.8192885879266,spot_to_next_linear
2026-01-04T12:00:00+00:00,2026-01,2915.796751675142,spot_to_next_linear
2026-01-04T13:00:00+00:00,2026-01,2915.7742147623503,spot_to_next_linear
2026-01-04T14:00:00+00:00,2026-01,2915.7516778495506,spot_to_next_linear
2026-01-04T15:00:00+00:00,2026-01,2915.7291409367435,spot_to_next_linear
2026-01-04T16:00:00+00:00,2026-01,2915.706604023929,spot_to_next_linear
2026-01-04T17:00:00+00:00,2026-01,2915.684067111109,spot_to_next_linear
2026-01-04T18:00:00+00:00,2026-01,2915.661530198286,spot_to_next_linear
2026-01-04T19:00:00+00:00,2026-01,2915.638993285461,spot_to_next_linear
2026-01-04T20:00:00+00:00,2026-01,2915.6164563726347,spot_to_next_linear
2026-01-04T21:00:00+00:00,2026-01,2915.5939194598104,spot_to_next_linear
2026-01-04T22:00:00+00:00,2026-01,2915.5713825469893,spot_to_next_linear
2026-01-04T23:00:00+00:00,2026-01,2915.5488456341727,spot_to_next_linear
2026-01-05T00:00:00+00:00,2026-01,2915.5263087213616,spot_to_next_linear
2026-01-05T01:00:00+00:00,2026-01,2915.503771808555,spot_to_next_linear
2026-01-05T02:00:00+00:00,2026-01,2915.481234895753,spot_to_next_linear
2026-01-05T03:00:00+00:00,2026-01,2915.4586979829533,spot_to_next_linear
2026-01-05T04:00:00+00:00,2026-01,2915.436161070157,spot_to_next_linear
2026-01-05T05:00:00+00:00,2026-01,2915.413624157364,spot_to_next_linear
2026-01-05T06:00:00+00:00,2026-01,2915.3910872445736,spot_to_next_linear
2026-01-05T07:00:00+00:00,2026-01,2915.368550331787,spot_to_next_linear
2026-01-05T08:00:00+00:00,2026-01,2915.346013419005,spot_to_next_linear
2026-01-05T09:00:00+00:00,2026-01,2915.323476506229,spot_to_next_linear
2026-01-05T10:00:00+00:00,2026-01,2915.300939593458,spot_to_next_linear
2026-01-05T11:00:00+00:00,2026-01,2915.2784026806944,spot_to_next_linear
2026-01-05T12:00:00+00:00,2026-01,2915.255865767937,spot_to_next_linear
2026-01-05T13:00:00+00:00,2026-01,2915.233328855186,spot_to_next_linear
2026-01-05T14:00:00+00:00,2026-01,2915.2107919424407,spot_to_next_linear
2026-01-05T15:00:00+00:00,2026-01,2915.188255029701,spot_to_next_linear
2026-01-05T16:00:00+00:00,2026-01,2915.1657181169653,spot_to_next_linear
2026-01-05T17:00:00+00:00,2026-01,2915.1431812042306,spot_to_next_linear
2026-01-05T18:00:00+00:00,2026-01,2915.120644291497,spot_to_next_linear
2026-01-05T19:00:00+00:00,2026-01,2915.0981073787634,spot_to_next_linear
2026-01-05T20:00:00+00:00,2026-01,2915.075570466029,spot_to_next_linear
2026-01-05T21:00:00+00:00,2026-01,2915.0530335532944,spot_to_next_linear
2026-01-05T22:00:00+00:00,2026-01,2915.030496640559,spot_to_next_linear
2026-01-05T23:00:00+00:00,2026-01,2915.007959727825,spot_to_next_linear
2026-01-06T00:00:00+00:00,2026-01,2914.985422815096,spot_to_next_linear
2026-01-06T01:00:00+00:00,2026-01,2914.962885902369,spot_to_next_linear
2026-01-06T02:00:00+00:00,2026-01,2914.9403489896454,spot_to_next_linear
2026-01-06T03:00:00+00:00,2026-01,2914.917812076924,spot_to_next_linear
2026-01-06T04:00:00+00:00,2026-01,2914.895275164203,spot_to_next_linear
2026-01-06T05:00:00+00:00,2026-01,2914.872738251483,spot_to_next_linear
2026-01-06T06:00:00+00:00,2026-01,2914.8502013387624,spot_to_next_linear
2026-01-06T07:00:00+00:00,2026-01,2914.827664426042,spot_to_next_linear
2026-01-06T08:00:00+00:00,2026-01,2914.8051275133203,spot_to_next_linear
2026-01-06T09:00:00+00:00,2026-01,2914.7825906005974,spot_to_next_linear
2026-01-06T10:00:00+00:00,2026-01,2914.760053687873,spot_to_next_linear
2026-01-06T11:00:00+00:00,2026-01,2914.7375167751475,spot_to_next_linear
2026-01-06T12:00:00+00:00,2026-01,2914.7149798624205,spot_to_next_linear
2026-01-06T13:00:00+00:00,2026-01,2914.692442949694,spot_to_next_linear
2026-01-06T14:00:00+00:00,2026-01,2914.6699060369697,spot_to_next_linear
2026-01-06T15:00:00+00:00,2026-01,2914.647369124249,spot_to_next_linear
2026-01-06T16:00:00+00:00,2026-01,2914.6248322115325,spot_to_next_linear
2026-01-06T17:00:00+00:00,2026-01,2914.602295298821,spot_to_next_linear
2026-01-06T18:00:00+00:00,2026-01,2914.579758386115,spot_to_next_linear
2026-01-06T19:00:00+00:00,2026-01,2914.557221473415,spot_to_next_linear
2026-01-06T20:00:00+00:00,2026-01,2914.5346845607214,spot_to_next_linear
2026-01-06T21:00:00+00:00,2026-01,2914.512147648032,spot_to_next_linear
2026-01-06T22:00:00+00:00,2026-01,2914.489610735344,spot_to_next_linear
2026-01-06T23:00:00+00:00,2026-01,2914.467073822656,spot_to_next_linear
2026-01-07T00:00:00+00:00,2026-01,2914.444536909967,spot_to_next_linear
2026-01-07T01:00:00+00:00,2026-01,2914.4219999972743,spot_to_next_linear
2026-01-07T02:00:00+00:00,2026-01,2914.399463084575,spot_to_next_linear
2026-01-07T03:00:00+00:00,2026-01,2914.3769261718685,spot_to_next_linear
2026-01-07T04:00:00+00:00,2026-01,2914.354389259153,spot_to_next_linear
2026-01-07T05:00:00+00:00,2026-01,2914.3318523464254,spot_to_next_linear
2026-01-07T06:00:00+00:00,2026-01,2914.3093154336866,spot_to_next_linear
2026-01-07T07:00:00+00:00,2026-01,2914.2867785209373,spot_to_next_linear
2026-01-07T08:00:00+00:00,2026-01,2914.2642416081785,spot_to_next_linear
2026-01-07T09:00:00+00:00,2026-01,2914.2417046954115,spot_to_next_linear
2026-01-07T10:00:00+00:00,2026-01,2914.2191677826368,spot_to_next_linear
2026-01-07T11:00:00+00:00,2026-01,2914.196630869855,spot_to_next_linear
2026-01-07T12:00:00+00:00,2026-01,2914.1740939570677,spot_to_next_linear
2026-01-07T13:00:00+00:00,2026-01,2914.151557044272,spot_to_next_linear
2026-01-07T14:00:00+00:00,2026-01,2914.129020131472,spot_to_next_linear
2026-01-07T15:00:00+00:00,2026-01,2914.106483218669,spot_to_next_linear
2026-01-07T16:00:00+00:00,2026-01,2914.0839463058646,spot_to_next_linear
2026-01-07T17:00:00+00:00,2026-01,2914.0614093930603,spot_to_next_linear
2026-01-07T18:00:00+00:00,2026-01,2914.0388724802574,spot_to_next_linear
2026-01-07T19:00:00+00:00,2026-01,2914.016335567456,spot_to_next_linear
2026-01-07T20:00:00+00:00,2026-01,2913.993798654658,spot_to_next_linear
2026-01-07T21:00:00+00:00,2026-01,2913.971261741864,spot_to_next_linear
2026-01-07T22:00:00+00:00,2026-01,2913.9487248290743,spot_to_next_linear
2026-01-07T23:00:00+00:00,2026-01,2913.9261879162877,spot_to_next_linear
2026-01-08T00:00:00+00:00,2026-01,2913.903651003502,spot_to_next_linear
2026-01-08T01:00:00+00:00,2026-01,2913.8811140907187,spot_to_next_linear
2026-01-08T02:00:00+00:00,2026-01,2913.8585771779344,spot_to_next_linear
2026-01-08T03:00:00+00:00,2026-01,2913.836040265149,spot_to_next_linear
2026-01-08T04:00:00+00:00,2026-01,2913.8135033523645,spot_to_next_linear
2026-01-08T05:00:00+00:00,2026-01,2913.7909664395825,spot_to_next_linear
2026-01-08T06:00:00+00:00,2026-01,2913.768429526805,spot_to_next_linear
2026-01-08T07:00:00+00:00,2026-01,2913.745892614033,spot_to_next_linear
2026-01-08T08:00:00+00:00,2026-01,2913.723355701268,spot_to_next_linear
2026-01-08T09:00:00+00:00,2026-01,2913.7008187885103,spot_to_next_linear
2026-01-08T10:00:00+00:00,2026-01,2913.678281875761,spot_to_next_linear
2026-01-08T11:00:00+00:00,2026-01,2913.6557449630213,spot_to_next_linear
2026-01-08T12:00:00+00:00,2026-01,2913.6332080502902,spot_to_next_linear
2026-01-08T13:00:00+00:00,2026-01,2913.6106711375683,spot_to_next_linear
2026-01-08T14:00:00+00:00,2026-01,2913.588134224855,spot_to_next_linear
2026-01-08T15:00:00+00:00,2026-01,2913.565597312149,spot_to_next_linear
2026-01-08T16:00:00+00:00,2026-01,2913.543060399448,spot_to_next_linear
2026-01-08T17:00:00+00:00,2026-01,2913.5205234867526,spot_to_next_linear
2026-01-08T18:00:00+00:00,2026-01,2913.497986574061,spot_to_next_linear
2026-01-08T19:00:00+00:00,2026-01,2913.475449661374,spot_to_next_linear
2026-01-08T20:00:00+00:00,2026-01,2913.4529127486885,spot_to_next_linear
2026-01-08T21:00:00+00:00,2026-01,2913.430375836003,spot_to_next_linear
2026-01-08T22:00:00+00:00,2026-01,2913.4078389233177,spot_to_next_linear
2026-01-08T23:00:00+00:00,2026-01,2913.3853020106326,spot_to_next_linear
2026-01-09T00:00:00+00:00,2026-01,2913.3627650979456,spot_to_next_linear
2026-01-09T01:00:00+00:00,2026-01,2913.3402281852545,spot_to_next_linear
2026-01-09T02:00:00+00:00,2026-01,2913.317691272557,spot_to_next_linear
2026-01-09T03:00:00+00:00,2026-01,2913.2951543598533,spot_to_next_linear
2026-01-09T04:00:00+00:00,2026-01,2913.2726174471454,spot_to_next_linear
2026-01-09T05:00:00+00:00,2026-01,2913.250080534436,spot_to_next_linear
2026-01-09T06:00:00+00:00,2026-01,2913.227543621725,spot_to_next_linear
2026-01-09T07:00:00+00:00,2026-01,2913.2050067090145,spot_to_next_linear
2026-01-09T08:00:00+00:00,2026-01,2913.182469796304,spot_to_next_linear
2026-01-09T09:00:00+00:00,2026-01,2913.1599328835923,spot_to_next_linear
2026-01-09T10:00:00+00:00,2026-01,2913.1373959708803,spot_to_next_linear
2026-01-09T11:00:00+00:00,2026-01,2913.1148590581674,spot_to_next_linear
2026-01-09T12:00:00+00:00,2026-01,2913.092322145454,spot_to_next_linear
2026-01-09T13:00:00+00:00,2026-01,2913.069785232738,spot_to_next_linear
2026-01-09T14:00:00+00:00,2026-01,2913.0472483200183,spot_to_next_linear
2026-01-09T15:00:00+00:00,2026-01,2913.024711407292,spot_to_next_linear
2026-01-09T16:00:00+00:00,2026-01,2913.002174494558,spot_to_next_linear
2026-01-09T17:00:00+00:00,2026-01,2912.9796375818164,spot_to_next_linear
2026-01-09T18:00:00+00:00,2026-01,2912.957100669069,spot_to_next_linear
2026-01-09T19:00:00+00:00,2026-01,2912.9345637563174,spot_to_next_linear
2026-01-09T20:00:00+00:00,2026-01,2912.912026843563,spot_to_next_linear
2026-01-09T21:00:00+00:00,2026-01,2912.889489930808,spot_to_next_linear
2026-01-09T22:00:00+00:00,2026-01,2912.866953018054,spot_to_next_linear
2026-01-09T23:00:00+00:00,2026-01,2912.8444161053026,spot_to_next_linear
2026-01-10T00:00:00+00:00,2026-01,2912.821879192556,spot_to_next_linear
2026-01-10T01:00:00+00:00,2026-01,2912.799342279815,spot_to_next_linear
2026-01-10T02:00:00+00:00,2026-01,2912.7768053670807,spot_to_next_linear
2026-01-10T03:00:00+00:00,2026-01,2912.7542684543523,spot_to_next_linear
2026-01-10T04:00:00+00:00,2026-01,2912.731731541628,spot_to_next_linear
2026-01-10T05:00:00+00:00,2026-01,2912.709194628906,spot_to_next_linear
2026-01-10T06:00:00+00:00,2026-01,2912.686657716185,spot_to_next_linear
2026-01-10T07:00:00+00:00,2026-01,2912.664120803464,spot_to_next_linear
2026-01-10T08:00:00+00:00,2026-01,2912.6415838907424,spot_to_next_linear
2026-01-10T09:00:00+00:00,2026-01,2912.6190469780217,spot_to_next_linear
2026-01-10T10:00:00+00:00,2026-01,2912.5965100653034,spot_to_next_linear
2026-01-10T11:00:00+00:00,2026-01,2912.5739731525887,spot_to_next_linear
2026-01-10T12:00:00+00:00,2026-01,2912.551436239876,spot_to_next_linear
2026-01-10T13:00:00+00:00,2026-01,2912.528899327164,spot_to_next_linear
2026-01-10T14:00:00+00:00,2026-01,2912.50636241445,spot_to_next_linear
2026-01-10T15:00:00+00:00,2026-01,2912.483825501734,spot_to_next_linear
2026-01-10T16:00:00+00:00,2026-01,2912.4612885890147,spot_to_next_linear
2026-01-10T17:00:00+00:00,2026-01,2912.438751676292,spot_to_next_linear
2026-01-10T18:00:00+00:00,2026-01,2912.416214763565,spot_to_next_linear
2026-01-10T19:00:00+00:00,2026-01,2912.393677850833,spot_to_next_linear
2026-01-10T20:00:00+00:00,2026-01,2912.371140938095,spot_to_next_linear
2026-01-10T21:00:00+00:00,2026-01,2912.348604025349,spot_to_next_linear
2026-01-10T22:00:00+00:00,2026-01,2912.3260671125927,spot_to_next_linear
2026-01-10T23:00:00+00:00,2026-01,2912.303530199825,spot_to_next_linear
2026-01-11T00:00:00+00:00,2026-01,2912.2809932870464,spot_to_next_linear
2026-01-11T01:00:00+00:00,2026-01,2912.2584563742566,spot_to_next_linear
2026-01-11T02:00:00+00:00,2026-01,2912.2359194614573,spot_to_next_linear
2026-01-11T03:00:00+00:00,2026-01,2912.213382548652,spot_to_next_linear
2026-01-11T04:00:00+00:00,2026-01,2912.190845635841,spot_to_next_linear
2026-01-11T05:00:00+00:00,2026-01,2912.168308723026,spot_to_next_linear
2026-01-11T06:00:00+00:00,2026-01,2912.1457718102106,spot_to_next_linear
2026-01-11T07:00:00+00:00,2026-01,2912.1232348973967,spot_to_next_linear
2026-01-11T08:00:00+00:00,2026-01,2912.1006979845874,spot_to_next_linear
2026-01-11T09:00:00+00:00,2026-01,2912.0781610717872,spot_to_next_linear
2026-01-11T10:00:00+00:00,2026-01,2912.0556241589984,spot_to_next_linear
2026-01-11T11:00:00+00:00,2026-01,2912.033087246224,spot_to_next_linear
2026-01-11T12:00:00+00:00,2026-01,2912.010550333464,spot_to_next_linear
2026-01-11T13:00:00+00:00,2026-01,2911.9880134207174,spot_to_next_linear
2026-01-11T14:00:00+00:00,2026-01,2911.9654765079817,spot_to_next_linear
2026-01-11T15:00:00+00:00,2026-01,2911.9429395952548,spot_to_next_linear
2026-01-11T16:00:00+00:00,2026-01,2911.920402682535,spot_to_next_linear
2026-01-11T17:00:00+00:00,2026-01,2911.89786576982,spot_to_next_linear
2026-01-11T18:00:00+00:00,2026-01,2911.875328857107,spot_to_next_linear
2026-01-11T19:00:00+00:00,2026-01,2911.852791944395,spot_to_next_linear
2026-01-11T20:00:00+00:00,2026-01,2911.830255031682,spot_to_next_linear
2026-01-11T21:00:00+00:00,2026-01,2911.807718118968,spot_to_next_linear
2026-01-11T22:00:00+00:00,2026-01,2911.7851812062504,spot_to_next_linear
2026-01-11T23:00:00+00:00,2026-01,2911.76264429353,spot_to_next_linear
2026-01-12T00:00:00+00:00,2026-01,2911.7401073808046,spot_to_next_linear
2026-01-12T01:00:00+00:00,2026-01,2911.717570468073,spot_to_next_linear
2026-01-12T02:00:00+00:00,2026-01,2911.695033555336,spot_to_next_linear
2026-01-12T03:00:00+00:00,2026-01,2911.672496642592,spot_to_next_linear
2026-01-12T04:00:00+00:00,2026-01,2911.64995972984,spot_to_next_linear
2026-01-12T05:00:00+00:00,2026-01,2911.627422817081,spot_to_next_linear
2026-01-12T06:00:00+00:00,2026-01,2911.604885904316,spot_to_next_linear
2026-01-12T07:00:00+00:00,2026-01,2911.582348991545,spot_to_next_linear
2026-01-12T08:00:00+00:00,2026-01,2911.5598120787654,spot_to_next_linear
2026-01-12T09:00:00+00:00,2026-01,2911.537275165977,spot_to_next_linear
2026-01-12T10:00:00+00:00,2026-01,2911.51473825318,spot_to_next_linear
2026-01-12T11:00:00+00:00,2026-01,2911.492201340376,spot_to_next_linear
2026-01-12T12:00:00+00:00,2026-01,2911.469664427567,spot_to_next_linear
2026-01-12T13:00:00+00:00,2026-01,2911.447127514754,spot_to_next_linear
2026-01-12T14:00:00+00:00,2026-01,2911.42459060194,spot_to_next_linear
2026-01-12T15:00:00+00:00,2026-01,2911.4020536891285,spot_to_next_linear
2026-01-12T16:00:00+00:00,2026-01,2911.3795167763224,spot_to_next_linear
2026-01-12T17:00:00+00:00,2026-01,2911.356979863525,spot_to_next_linear
2026-01-12T18:00:00+00:00,2026-01,2911.3344429507374,spot_to_next_linear
2026-01-12T19:00:00+00:00,2026-01,2911.311906037964,spot_to_next_linear
2026-01-12T20:00:00+00:00,2026-01,2911.289369125205,spot_to_next_linear
2026-01-12T21:00:00+00:00,2026-01,2911.2668322124614,spot_to_next_linear
2026-01-12T22:00:00+00:00,2026-01,2911.2442952997308,spot_to_next_linear
2026-01-12T23:00:00+00:00,2026-01,2911.221758387012,spot_to_next_linear
2026-01-13T00:00:00+00:00,2026-01,2911.1992214743022,spot_to_next_linear
2026-01-13T01:00:00+00:00,2026-01,2911.176684561599,spot_to_next_linear
2026-01-13T02:00:00+00:00,2026-01,2911.154147648901,spot_to_next_linear
2026-01-13T03:00:00+00:00,2026-01,2911.1316107362063,spot_to_next_linear
2026-01-13T04:00:00+00:00,2026-01,2911.1090738235134,spot_to_next_linear
2026-01-13T05:00:00+00:00,2026-01,2911.086536910821,spot_to_next_linear
2026-01-13T06:00:00+00:00,2026-01,2911.063999998129,spot_to_next_linear
2026-01-13T07:00:00+00:00,2026-01,2911.0414630854343,spot_to_next_linear
2026-01-13T08:00:00+00:00,2026-01,2911.018926172736,spot_to_next_linear
2026-01-13T09:00:00+00:00,2026-01,2910.9963892600326,spot_to_next_linear
2026-01-13T10:00:00+00:00,2026-01,2910.9738523473234,spot_to_next_linear
2026-01-13T11:00:00+00:00,2026-01,2910.951315434607,spot_to_next_linear
2026-01-13T12:00:00+00:00,2026-01,2910.928778521883,spot_to_next_linear
2026-01-13T13:00:00+00:00,2026-01,2910.9062416091524,spot_to_next_linear
2026-01-13T14:00:00+00:00,2026-01,2910.8837046964145,spot_to_next_linear
2026-01-13T15:00:00+00:00,2026-01,2910.8611677836684,spot_to_next_linear
2026-01-13T16:00:00+00:00,2026-01,2910.838630870914,spot_to_next_linear
2026-01-13T17:00:00+00:00,2026-01,2910.81609395815,spot_to_next_linear
2026-01-13T18:00:00+00:00,2026-01,2910.7935570453765,spot_to_next_linear
2026-01-13T19:00:00+00:00,2026-01,2910.771020132593,spot_to_next_linear
2026-01-13T20:00:00+00:00,2026-01,2910.7484832198006,spot_to_next_linear
2026-01-13T21:00:00+00:00,2026-01,2910.725946307001,spot_to_next_linear
2026-01-13T22:00:00+00:00,2026-01,2910.703409394197,spot_to_next_linear
2026-01-13T23:00:00+00:00,2026-01,2910.68087248139,spot_to_next_linear
2026-01-14T00:00:00+00:00,2026-01,2910.658335568585,spot_to_next_linear
2026-01-14T01:00:00+00:00,2026-01,2910.635798655784,spot_to_next_linear
2026-01-14T02:00:00+00:00,2026-01,2910.6132617429907,spot_to_next_linear
2026-01-14T03:00:00+00:00,2026-01,2910.590724830209,spot_to_next_linear
2026-01-14T04:00:00+00:00,2026-01,2910.568187917442,spot_to_next_linear
2026-01-14T05:00:00+00:00,2026-01,2910.5456510046934,spot_to_next_linear
2026-01-14T06:00:00+00:00,2026-01,2910.5231140919627,spot_to_next_linear
2026-01-14T07:00:00+00:00,2026-01,2910.50057717925,spot_to_next_linear
2026-01-14T08:00:00+00:00,2026-01,2910.4780402665524,spot_to_next_linear
2026-01-14T09:00:00+00:00,2026-01,2910.455503353868,spot_to_next_linear
2026-01-14T10:00:00+00:00,2026-01,2910.432966441193,spot_to_next_linear
2026-01-14T11:00:00+00:00,2026-01,2910.410429528528,spot_to_next_linear
2026-01-14T12:00:00+00:00,2026-01,2910.387892615869,spot_to_next_linear
2026-01-14T13:00:00+00:00,2026-01,2910.3653557032167,spot_to_next_linear
2026-01-14T14:00:00+00:00,2026-01,2910.3428187905683,spot_to_next_linear
2026-01-14T15:00:00+00:00,2026-01,2910.320281877923,spot_to_next_linear
2026-01-14T16:00:00+00:00,2026-01,2910.2977449652794,spot_to_next_linear
2026-01-14T17:00:00+00:00,2026-01,2910.275208052636,spot_to_next_linear
2026-01-14T18:00:00+00:00,2026-01,2910.2526711399914,spot_to_next_linear
2026-01-14T19:00:00+00:00,2026-01,2910.2301342273454,spot_to_next_linear
2026-01-14T20:00:00+00:00,2026-01,2910.207597314696,spot_to_next_linear
2026-01-14T21:00:00+00:00,2026-01,2910.185060402043,spot_to_next_linear
2026-01-14T22:00:00+00:00,2026-01,2910.162523489387,spot_to_next_linear
2026-01-14T23:00:00+00:00,2026-01,2910.1399865767253,spot_to_next_linear
2026-01-15T00:00:00+00:00,2026-01,2910.117449664056,spot_to_next_linear
2026-01-15T01:00:00+00:00,2026-01,2910.0949127513777,spot_to_next_linear
2026-01-15T02:00:00+00:00,2026-01,2910.07237583869,spot_to_next_linear
2026-01-15T03:00:00+00:00,2026-01,2910.0498389259924,spot_to_next_linear
2026-01-15T04:00:00+00:00,2026-01,2910.027302013284,spot_to_next_linear
2026-01-15T05:00:00+00:00,2026-01,2910.0047651005625,spot_to_next_linear
2026-01-15T06:00:00+00:00,2026-01,2909.982228187829,spot_to_next_linear
2026-01-15T07:00:00+00:00,2026-01,2909.9596912750826,spot_to_next_linear
2026-01-15T08:00:00+00:00,2026-01,2909.937154362323,spot_to_next_linear
2026-01-15T09:00:00+00:00,2026-01,2909.914617449551,spot_to_next_linear
2026-01-15T10:00:00+00:00,2026-01,2909.8920805367675,spot_to_next_linear
2026-01-15T11:00:00+00:00,2026-01,2909.8695436239736,spot_to_next_linear
2026-01-15T12:00:00+00:00,2026-01,2909.8470067111693,spot_to_next_linear
2026-01-15T13:00:00+00:00,2026-01,2909.8244697983537,spot_to_next_linear
2026-01-15T14:00:00+00:00,2026-01,2909.8019328855275,spot_to_next_linear
2026-01-15T15:00:00+00:00,2026-01,2909.779395972693,spot_to_next_linear
2026-01-15T16:00:00+00:00,2026-01,2909.756859059853,spot_to_next_linear
2026-01-15T17:00:00+00:00,2026-01,2909.734322147009,spot_to_next_linear
2026-01-15T18:00:00+00:00,2026-01,2909.7117852341617,spot_to_next_linear
2026-01-15T19:00:00+00:00,2026-01,2909.6892483213123,spot_to_next_linear
2026-01-15T20:00:00+00:00,2026-01,2909.6667114084635,spot_to_next_linear
2026-01-15T21:00:00+00:00,2026-01,2909.644174495617,spot_to_next_linear
2026-01-15T22:00:00+00:00,2026-01,2909.6216375827744,spot_to_next_linear
2026-01-15T23:00:00+00:00,2026-01,2909.5991006699373,spot_to_next_linear
2026-01-16T00:00:00+00:00,2026-01,2909.5765637571058,spot_to_next_linear
2026-01-16T01:00:00+00:00,2026-01,2909.55402684428,spot_to_next_linear
2026-01-16T02:00:00+00:00,2026-01,2909.5314899314594,spot_to_next_linear
2026-01-16T03:00:00+00:00,2026-01,2909.508953018644,spot_to_next_linear
2026-01-16T04:00:00+00:00,2026-01,2909.486416105833,spot_to_next_linear
2026-01-16T05:00:00+00:00,2026-01,2909.4638791930283,spot_to_next_linear
2026-01-16T06:00:00+00:00,2026-01,2909.441342280229,spot_to_next_linear
2026-01-16T07:00:00+00:00,2026-01,2909.418805367436,spot_to_next_linear
2026-01-16T08:00:00+00:00,2026-01,2909.3962684546486,spot_to_next_linear
2026-01-16T09:00:00+00:00,2026-01,2909.3737315418666,spot_to_next_linear
2026-01-16T10:00:00+00:00,2026-01,2909.3511946290905,spot_to_next_linear
2026-01-16T11:00:00+00:00,2026-01,2909.328657716321,spot_to_next_linear
2026-01-16T12:00:00+00:00,2026-01,2909.3061208035574,spot_to_next_linear
2026-01-16T13:00:00+00:00,2026-01,2909.283583890801,spot_to_next_linear
2026-01-16T14:00:00+00:00,2026-01,2909.2610469780498,spot_to_next_linear
2026-01-16T15:00:00+00:00,2026-01,2909.238510065304,spot_to_next_linear
2026-01-16T16:00:00+00:00,2026-01,2909.215973152561,spot_to_next_linear
2026-01-16T17:00:00+00:00,2026-01,2909.193436239822,spot_to_next_linear
2026-01-16T18:00:00+00:00,2026-01,2909.170899327084,spot_to_next_linear
2026-01-16T19:00:00+00:00,2026-01,2909.1483624143484,spot_to_next_linear
2026-01-16T20:00:00+00:00,2026-01,2909.1258255016155,spot_to_next_linear
2026-01-16T21:00:00+00:00,2026-01,2909.103288588881,spot_to_next_linear
2026-01-16T22:00:00+00:00,2026-01,2909.0807516761406,spot_to_next_linear
2026-01-16T23:00:00+00:00,2026-01,2909.058214763394,spot_to_next_linear
2026-01-17T00:00:00+00:00,2026-01,2909.0356778506407,spot_to_next_linear
2026-01-17T01:00:00+00:00,2026-01,2909.01314093788,spot_to_next_linear
2026-01-17T02:00:00+00:00,2026-01,2908.990604025114,spot_to_next_linear
2026-01-17T03:00:00+00:00,2026-01,2908.9680671123424,spot_to_next_linear
2026-01-17T04:00:00+00:00,2026-01,2908.945530199564,spot_to_next_linear
2026-01-17T05:00:00+00:00,2026-01,2908.922993286776,spot_to_next_linear
2026-01-17T06:00:00+00:00,2026-01,2908.9004563739804,spot_to_next_linear
2026-01-17T07:00:00+00:00,2026-01,2908.877919461176,spot_to_next_linear
2026-01-17T08:00:00+00:00,2026-01,2908.8553825483614,spot_to_next_linear
2026-01-17T09:00:00+00:00,2026-01,2908.832845635537,spot_to_next_linear
2026-01-17T10:00:00+00:00,2026-01,2908.810308722702,spot_to_next_linear
2026-01-17T11:00:00+00:00,2026-01,2908.787771809856,spot_to_next_linear
2026-01-17T12:00:00+00:00,2026-01,2908.7652348970005,spot_to_next_linear
2026-01-17T13:00:00+00:00,2026-01,2908.742697984138,spot_to_next_linear
2026-01-17T14:00:00+00:00,2026-01,2908.720161071271,spot_to_next_linear
2026-01-17T15:00:00+00:00,2026-01,2908.697624158402,spot_to_next_linear
2026-01-17T16:00:00+00:00,2026-01,2908.6750872455327,spot_to_next_linear
2026-01-17T17:00:00+00:00,2026-01,2908.652550332663,spot_to_next_linear
2026-01-17T18:00:00+00:00,2026-01,2908.630013419794,spot_to_next_linear
2026-01-17T19:00:00+00:00,2026-01,2908.6074765069266,spot_to_next_linear
2026-01-17T20:00:00+00:00,2026-01,2908.584939594063,spot_to_next_linear
2026-01-17T21:00:00+00:00,2026-01,2908.5624026812075,spot_to_next_linear
2026-01-17T22:00:00+00:00,2026-01,2908.5398657683622,spot_to_next_linear
2026-01-17T23:00:00+00:00,2026-01,2908.517328855529,spot_to_next_linear
2026-01-18T00:00:00+00:00,2026-01,2908.494791942708,spot_to_next_linear
2026-01-18T01:00:00+00:00,2026-01,2908.472255029899,spot_to_next_linear
2026-01-18T02:00:00+00:00,2026-01,2908.4497181171023,spot_to_next_linear
2026-01-18T03:00:00+00:00,2026-01,2908.42718120432,spot_to_next_linear
2026-01-18T04:00:00+00:00,2026-01,2908.4046442915496,spot_to_next_linear
2026-01-18T05:00:00+00:00,2026-01,2908.382107378794,spot_to_next_linear
2026-01-18T06:00:00+00:00,2026-01,2908.359570466049,spot_to_next_linear
2026-01-18T07:00:00+00:00,2026-01,2908.337033553309,spot_to_next_linear
2026-01-18T08:00:00+00:00,2026-01,2908.3144966405744,spot_to_next_linear
2026-01-18T09:00:00+00:00,2026-01,2908.291959727844,spot_to_next_linear
2026-01-18T10:00:00+00:00,2026-01,2908.2694228151163,spot_to_next_linear
2026-01-18T11:00:00+00:00,2026-01,2908.246885902391,spot_to_next_linear
2026-01-18T12:00:00+00:00,2026-01,2908.2243489896664,spot_to_next_linear
2026-01-18T13:00:00+00:00,2026-01,2908.2018120769408,spot_to_next_linear
2026-01-18T14:00:00+00:00,2026-01,2908.179275164214,spot_to_next_linear
2026-01-18T15:00:00+00:00,2026-01,2908.1567382514854,spot_to_next_linear
2026-01-18T16:00:00+00:00,2026-01,2908.1342013387552,spot_to_next_linear
2026-01-18T17:00:00+00:00,2026-01,2908.111664426024,spot_to_next_linear
2026-01-18T18:00:00+00:00,2026-01,2908.08912751329,spot_to_next_linear
2026-01-18T19:00:00+00:00,2026-01,2908.0665906005534,spot_to_next_linear
2026-01-18T20:00:00+00:00,2026-01,2908.044053687814,spot_to_next_linear
2026-01-18T21:00:00+00:00,2026-01,2908.0215167750725,spot_to_next_linear
2026-01-18T22:00:00+00:00,2026-01,2907.9989798623296,spot_to_next_linear
2026-01-18T23:00:00+00:00,2026-01,2907.976442949588,spot_to_next_linear
2026-01-19T00:00:00+00:00,2026-01,2907.9539060368493,spot_to_next_linear
2026-01-19T01:00:00+00:00,2026-01,2907.9313691241136,spot_to_next_linear
2026-01-19T02:00:00+00:00,2026-01,2907.9088322113817,spot_to_next_linear
2026-01-19T03:00:00+00:00,2026-01,2907.886295298653,spot_to_next_linear
2026-01-19T04:00:00+00:00,2026-01,2907.863758385928,spot_to_next_linear
2026-01-19T05:00:00+00:00,2026-01,2907.841221473208,spot_to_next_linear
2026-01-19T06:00:00+00:00,2026-01,2907.818684560495,spot_to_next_linear
2026-01-19T07:00:00+00:00,2026-01,2907.796147647789,spot_to_next_linear
2026-01-19T08:00:00+00:00,2026-01,2907.77361073509,spot_to_next_linear
2026-01-19T09:00:00+00:00,2026-01,2907.7510738223973,spot_to_next_linear
2026-01-19T10:00:00+00:00,2026-01,2907.728536909712,spot_to_next_linear
2026-01-19T11:00:00+00:00,2026-01,2907.7059999970343,spot_to_next_linear
2026-01-19T12:00:00+00:00,2026-01,2907.683463084365,spot_to_next_linear
2026-01-19T13:00:00+00:00,2026-01,2907.660926171705,spot_to_next_linear
2026-01-19T14:00:00+00:00,2026-01,2907.638389259054,spot_to_next_linear
2026-01-19T15:00:00+00:00,2026-01,2907.615852346411,spot_to_next_linear
2026-01-19T16:00:00+00:00,2026-01,2907.593315433775,spot_to_next_linear
2026-01-19T17:00:00+00:00,2026-01,2907.570778521146,spot_to_next_linear
2026-01-19T18:00:00+00:00,2026-01,2907.548241608525,spot_to_next_linear
2026-01-19T19:00:00+00:00,2026-01,2907.5257046959123,spot_to_next_linear
2026-01-19T20:00:00+00:00,2026-01,2907.5031677833063,spot_to_next_linear
2026-01-19T21:00:00+00:00,2026-01,2907.4806308707084,spot_to_next_linear
2026-01-19T22:00:00+00:00,2026-01,2907.45809395812,spot_to_next_linear
2026-01-19T23:00:00+00:00,2026-01,2907.43555704554,spot_to_next_linear
2026-01-20T00:00:00+00:00,2026-01,2907.413020132969,spot_to_next_linear
2026-01-20T01:00:00+00:00,2026-01,2907.3904832204084,spot_to_next_linear
2026-01-20T02:00:00+00:00,2026-01,2907.36794630786,spot_to_next_linear
2026-01-20T03:00:00+00:00,2026-01,2907.345409395324,spot_to_next_linear
2026-01-20T04:00:00+00:00,2026-01,2907.3228724828023,spot_to_next_linear
2026-01-20T05:00:00+00:00,2026-01,2907.300335570296,spot_to_next_linear
2026-01-20T06:00:00+00:00,2026-01,2907.2777986578053,spot_to_next_linear
2026-01-20T07:00:00+00:00,2026-01,2907.255261745332,spot_to_next_linear
2026-01-20T08:00:00+00:00,2026-01,2907.232724832877,spot_to_next_linear
2026-01-20T09:00:00+00:00,2026-01,2907.2101879204406,spot_to_next_linear
2026-01-20T10:00:00+00:00,2026-01,2907.187651008024,spot_to_next_linear
2026-01-20T11:00:00+00:00,2026-01,2907.165114095627,spot_to_next_linear
2026-01-20T12:00:00+00:00,2026-01,2907.1425771832464,spot_to_next_linear
2026-01-20T13:00:00+00:00,2026-01,2907.1200402708805,spot_to_next_linear
2026-01-20T14:00:00+00:00,2026-01,2907.097503358528,spot_to_next_linear
2026-01-20T15:00:00+00:00,2026-01,2907.074966446187,spot_to_next_linear
2026-01-20T16:00:00+00:00,2026-01,2907.0524295338546,spot_to_next_linear
2026-01-20T17:00:00+00:00,2026-01,2907.0298926215296,spot_to_next_linear
2026-01-20T18:00:00+00:00,2026-01,2907.007355709211,spot_to_next_linear
2026-01-20T19:00:00+00:00,2026-01,2906.984818796896,spot_to_next_linear
2026-01-20T20:00:00+00:00,2026-01,2906.9622818845805,spot_to_next_linear
2026-01-20T21:00:00+00:00,2026-01,2906.9397449722587,spot_to_next_linear
2026-01-20T22:00:00+00:00,2026-01,2906.9172080599237,spot_to_next_linear
2026-01-20T23:00:00+00:00,2026-01,2906.894671147566,spot_to_next_linear
2026-01-21T00:00:00+00:00,2026-01,2906.87213423518,spot_to_next_linear
2026-01-21T01:00:00+00:00,2026-01,2906.8495973227564,spot_to_next_linear
2026-01-21T02:00:00+00:00,2026-01,2906.827060410285,spot_to_next_linear
2026-01-21T03:00:00+00:00,2026-01,2906.804523497756,spot_to_next_linear
2026-01-21T04:00:00+00:00,2026-01,2906.781986585157,spot_to_next_linear
2026-01-21T05:00:00+00:00,2026-01,2906.759449672478,spot_to_next_linear
2026-01-21T06:00:00+00:00,2026-01,2906.736912759704,spot_to_next_linear
2026-01-21T07:00:00+00:00,2026-01,2906.7143758468237,spot_to_next_linear
2026-01-21T08:00:00+00:00,2026-01,2906.6918389338234,spot_to_next_linear
2026-01-21T09:00:00+00:00,2026-01,2906.669302020689,spot_to_next_linear
2026-01-21T10:00:00+00:00,2026-01,2906.6467651074013,spot_to_next_linear
2026-01-21T11:00:00+00:00,2026-01,2906.6242281939417,spot_to_next_linear
2026-01-21T12:00:00+00:00,2026-01,2906.601691280292,spot_to_next_linear
2026-01-21T13:00:00+00:00,2026-01,2906.5791543664304,spot_to_next_linear
2026-01-21T14:00:00+00:00,2026-01,2906.556617452336,spot_to_next_linear
2026-01-21T15:00:00+00:00,2026-01,2906.5340805379838,spot_to_next_linear
2026-01-21T16:00:00+00:00,2026-01,2906.511543623349,spot_to_next_linear
2026-01-21T17:00:00+00:00,2026-01,2906.4890067084098,spot_to_next_linear
2026-01-21T18:00:00+00:00,2026-01,2906.4664697931435,spot_to_next_linear
2026-01-21T19:00:00+00:00,2026-01,2906.4439328775275,spot_to_next_linear
2026-01-21T20:00:00+00:00,2026-01,2906.421395961538,spot_to_next_linear
2026-01-21T21:00:00+00:00,2026-01,2906.398859045152,spot_to_next_linear
2026-01-21T22:00:00+00:00,2026-01,2906.376322128348,spot_to_next_linear
2026-01-21T23:00:00+00:00,2026-01,2906.353785211105,spot_to_next_linear
2026-01-22T00:00:00+00:00,2026-01,2906.3312482934043,spot_to_next_linear
2026-01-22T01:00:00+00:00,2026-01,2906.308711375229,spot_to_next_linear
2026-01-22T02:00:00+00:00,2026-01,2906.2861744565644,spot_to_next_linear
2026-01-22T03:00:00+00:00,2026-01,2906.2636375373995,spot_to_next_linear
2026-01-22T04:00:00+00:00,2026-01,2906.241100617725,spot_to_next_linear
2026-01-22T05:00:00+00:00,2026-01,2906.218563697537,spot_to_next_linear
2026-01-22T06:00:00+00:00,2026-01,2906.196026776838,spot_to_next_linear
2026-01-22T07:00:00+00:00,2026-01,2906.1734898556347,spot_to_next_linear
2026-01-22T08:00:00+00:00,2026-01,2906.150952933939,spot_to_next_linear
2026-01-22T09:00:00+00:00,2026-01,2906.1284160117725,spot_to_next_linear
2026-01-22T10:00:00+00:00,2026-01,2906.105879089165,spot_to_next_linear
2026-01-22T11:00:00+00:00,2026-01,2906.083342166156,spot_to_next_linear
2026-01-22T12:00:00+00:00,2026-01,2906.060805242793,spot_to_next_linear
2026-01-22T13:00:00+00:00,2026-01,2906.0382683191337,spot_to_next_linear
2026-01-22T14:00:00+00:00,2026-01,2906.0157313952486,spot_to_next_linear
2026-01-22T15:00:00+00:00,2026-01,2905.9931944712207,spot_to_next_linear
2026-01-22T16:00:00+00:00,2026-01,2905.9706575471478,spot_to_next_linear
2026-01-22T17:00:00+00:00,2026-01,2905.948120623142,spot_to_next_linear
2026-01-22T18:00:00+00:00,2026-01,2905.925583699335,spot_to_next_linear
2026-01-22T19:00:00+00:00,2026-01,2905.903046775876,spot_to_next_linear
2026-01-22T20:00:00+00:00,2026-01,2905.8805098529338,spot_to_next_linear
2026-01-22T21:00:00+00:00,2026-01,2905.857972930697,spot_to_next_linear
2026-01-22T22:00:00+00:00,2026-01,2905.8354360093776,spot_to_next_linear
2026-01-22T23:00:00+00:00,2026-01,2905.812899089205,spot_to_next_linear
2026-01-23T00:00:00+00:00,2026-01,2905.7903621704336,spot_to_next_linear
2026-01-23T01:00:00+00:00,2026-01,2905.767825253342,spot_to_next_linear
2026-01-23T02:00:00+00:00,2026-01,2905.7452883382325,spot_to_next_linear
2026-01-23T03:00:00+00:00,2026-01,2905.722751425433,spot_to_next_linear
2026-01-23T04:00:00+00:00,2026-01,2905.700214515296,spot_to_next_linear
2026-01-23T05:00:00+00:00,2026-01,2905.6776776081983,spot_to_next_linear
2026-01-23T06:00:00+00:00,2026-01,2905.655140704541,spot_to_next_linear
2026-01-23T07:00:00+00:00,2026-01,2905.63260380475,spot_to_next_linear
2026-01-23T08:00:00+00:00,2026-01,2905.6100669092743,spot_to_next_linear
2026-01-23T09:00:00+00:00,2026-01,2905.5875300185844,spot_to_next_linear
2026-01-23T10:00:00+00:00,2026-01,2905.56499313317,spot_to_next_linear
2026-01-23T11:00:00+00:00,2026-01,2905.5424562535427,spot_to_next_linear
2026-01-23T12:00:00+00:00,2026-01,2905.5199193802296,spot_to_next_linear
2026-01-23T13:00:00+00:00,2026-01,2905.497382513769,spot_to_next_linear
2026-01-23T14:00:00+00:00,2026-01,2905.474845654708,spot_to_next_linear
2026-01-23T15:00:00+00:00,2026-01,2905.452308803595,spot_to_next_linear
2026-01-23T16:00:00+00:00,2026-01,2905.429771960977,spot_to_next_linear
2026-01-23T17:00:00+00:00,2026-01,2905.407235127393,spot_to_next_linear
2026-01-23T18:00:00+00:00,2026-01,2905.384698303367,spot_to_next_linear
2026-01-23T19:00:00+00:00,2026-01,2905.362161489398,spot_to_next_linear
2026-01-23T20:00:00+00:00,2026-01,2905.339624685956,spot_to_next_linear
2026-01-23T21:00:00+00:00,2026-01,2905.317087893463,spot_to_next_linear
2026-01-23T22:00:00+00:00,2026-01,2905.294551112293,spot_to_next_linear
2026-01-23T23:00:00+00:00,2026-01,2905.272014342752,spot_to_next_linear
2026-01-24T00:00:00+00:00,2026-01,2905.249477585068,spot_to_next_linear
2026-01-24T01:00:00+00:00,2026-01,2905.2269408393745,spot_to_next_linear
2026-01-24T02:00:00+00:00,2026-01,2905.2044041057,spot_to_next_linear
2026-01-24T03:00:00+00:00,2026-01,2905.1818673839457,spot_to_next_linear
2026-01-24T04:00:00+00:00,2026-01,2905.159330673874,spot_to_next_linear
2026-01-24T05:00:00+00:00,2026-01,2905.136793975084,spot_to_next_linear
2026-01-24T06:00:00+00:00,2026-01,2905.114257286993,spot_to_next_linear
2026-01-24T07:00:00+00:00,2026-01,2905.0917206088147,spot_to_next_linear
2026-01-24T08:00:00+00:00,2026-01,2905.0691839395367,spot_to_next_linear
2026-01-24T09:00:00+00:00,2026-01,2905.046647277898,spot_to_next_linear
2026-01-24T10:00:00+00:00,2026-01,2905.0241106223675,spot_to_next_linear
2026-01-24T11:00:00+00:00,2026-01,2905.0015739711152,spot_to_next_linear
2026-01-24T12:00:00+00:00,2026-01,2904.979037321986,spot_to_next_linear
2026-01-24T13:00:00+00:00,2026-01,2904.956500672475,spot_to_next_linear
2026-01-24T14:00:00+00:00,2026-01,2904.9339640197013,spot_to_next_linear
2026-01-24T15:00:00+00:00,2026-01,2904.91142736038,spot_to_next_linear
2026-01-24T16:00:00+00:00,2026-01,2904.8888906907982,spot_to_next_linear
2026-01-24T17:00:00+00:00,2026-01,2904.86635400679,spot_to_next_linear
2026-01-24T18:00:00+00:00,2026-01,2904.843817303709,spot_to_next_linear
2026-01-24T19:00:00+00:00,2026-01,2904.821280576408,spot_to_next_linear
2026-01-24T20:00:00+00:00,2026-01,2904.798743819217,spot_to_next_linear
2026-01-24T21:00:00+00:00,2026-01,2904.776207025927,spot_to_next_linear
2026-01-24T22:00:00+00:00,2026-01,2904.753670189772,spot_to_next_linear
2026-01-24T23:00:00+00:00,2026-01,2904.7311333034163,spot_to_next_linear
2026-01-25T00:00:00+00:00,2026-01,2904.7085963589507,spot_to_next_linear
2026-01-25T01:00:00+00:00,2026-01,2904.686059347885,spot_to_next_linear
2026-01-25T02:00:00+00:00,2026-01,2904.663522261153,spot_to_next_linear
2026-01-25T03:00:00+00:00,2026-01,2904.6409850891278,spot_to_next_linear
2026-01-25T04:00:00+00:00,2026-01,2904.618447821631,spot_to_next_linear
2026-01-25T05:00:00+00:00,2026-01,2904.5959104479616,spot_to_next_linear
2026-01-25T06:00:00+00:00,2026-01,2904.5733729569297,spot_to_next_linear
2026-01-25T07:00:00+00:00,2026-01,2904.550835336906,spot_to_next_linear
2026-01-25T08:00:00+00:00,2026-01,2904.52829757588,spot_to_next_linear
2026-01-25T09:00:00+00:00,2026-01,2904.5057596615293,spot_to_next_linear
2026-01-25T10:00:00+00:00,2026-01,2904.4832215813035,spot_to_next_linear
2026-01-25T11:00:00+00:00,2026-01,2904.4606833225234,spot_to_next_linear
2026-01-25T12:00:00+00:00,2026-01,2904.4381448725007,spot_to_next_linear
2026-01-25T13:00:00+00:00,2026-01,2904.415606218671,spot_to_next_linear
2026-01-25T14:00:00+00:00,2026-01,2904.3930673487453,spot_to_next_linear
2026-01-25T15:00:00+00:00,2026-01,2904.370528250886,spot_to_next_linear
2026-01-25T16:00:00+00:00,2026-01,2904.347988913904,spot_to_next_linear
2026-01-25T17:00:00+00:00,2026-01,2904.325449327475,spot_to_next_linear
2026-01-25T18:00:00+00:00,2026-01,2904.302909482385,spot_to_next_linear
2026-01-25T19:00:00+00:00,2026-01,2904.280369370796,spot_to_next_linear
2026-01-25T20:00:00+00:00,2026-01,2904.2578289865373,spot_to_next_linear
2026-01-25T21:00:00+00:00,2026-01,2904.2352883254293,spot_to_next_linear
2026-01-25T22:00:00+00:00,2026-01,2904.2127473856285,spot_to_next_linear
2026-01-25T23:00:00+00:00,2026-01,2904.1902061680007,spot_to_next_linear
2026-01-26T00:00:00+00:00,2026-01,2904.167664676527,spot_to_next_linear
2026-01-26T01:00:00+00:00,2026-01,2904.145122918731,spot_to_next_linear
2026-01-26T02:00:00+00:00,2026-01,2904.1225809061407,spot_to_next_linear
2026-01-26T03:00:00+00:00,2026-01,2904.10003865477,spot_to_next_linear
2026-01-26T04:00:00+00:00,2026-01,2904.077496185629,spot_to_next_linear
2026-01-26T05:00:00+00:00,2026-01,2904.0549535252594,spot_to_next_linear
2026-01-26T06:00:00+00:00,2026-01,2904.032410706288,spot_to_next_linear
2026-01-26T07:00:00+00:00,2026-01,2904.009867768003,spot_to_next_linear
2026-01-26T08:00:00+00:00,2026-01,2903.9873247569444,spot_to_next_linear
2026-01-26T09:00:00+00:00,2026-01,2903.964781727506,spot_to_next_linear
2026-01-26T10:00:00+00:00,2026-01,2903.9422387425448,spot_to_next_linear
2026-01-26T11:00:00+00:00,2026-01,2903.919695873995,spot_to_next_linear
2026-01-26T12:00:00+00:00,2026-01,2903.8971532034734,spot_to_next_linear
2026-01-26T13:00:00+00:00,2026-01,2903.874610822875,spot_to_next_linear
2026-01-26T14:00:00+00:00,2026-01,2903.8520688349504,spot_to_next_linear
2026-01-26T15:00:00+00:00,2026-01,2903.8295273538524,spot_to_next_linear
2026-01-26T16:00:00+00:00,2026-01,2903.8069865056414,spot_to_next_linear
2026-01-26T17:00:00+00:00,2026-01,2903.784446428743,spot_to_next_linear
2026-01-26T18:00:00+00:00,2026-01,2903.761907274344,spot_to_next_linear
2026-01-26T19:00:00+00:00,2026-01,2903.7393692067017,spot_to_next_linear
2026-01-26T20:00:00+00:00,2026-01,2903.716832403375,spot_to_next_linear
2026-01-26T21:00:00+00:00,2026-01,2903.6942970553387,spot_to_next_linear
2026-01-26T22:00:00+00:00,2026-01,2903.6717633669687,spot_to_next_linear
2026-01-26T23:00:00+00:00,2026-01,2903.6492315558908,spot_to_next_linear
2026-01-27T00:00:00+00:00,2026-01,2903.6267018526537,spot_to_next_linear
2026-01-27T01:00:00+00:00,2026-01,2903.60417450022,spot_to_next_linear
2026-01-27T02:00:00+00:00,2026-01,2903.5816497532464,spot_to_next_linear
2026-01-27T03:00:00+00:00,2026-01,2903.559127877129,spot_to_next_linear
2026-01-27T04:00:00+00:00,2026-01,2903.536609146784,spot_to_next_linear
2026-01-27T05:00:00+00:00,2026-01,2903.5140938451464,spot_to_next_linear
2026-01-27T06:00:00+00:00,2026-01,2903.49158226135,spot_to_next_linear
2026-01-27T07:00:00+00:00,2026-01,2903.4690746885653,spot_to_next_linear
2026-01-27T08:00:00+00:00,2026-01,2903.446571421469,spot_to_next_linear
2026-01-27T09:00:00+00:00,2026-01,2903.4240727533083,spot_to_next_linear
2026-01-27T10:00:00+00:00,2026-01,2903.4015789725363,spot_to_next_linear
2026-01-27T11:00:00+00:00,2026-01,2903.3790903589893,spot_to_next_linear
2026-01-27T12:00:00+00:00,2026-01,2903.356607179572,spot_to_next_linear
2026-01-27T13:00:00+00:00,2026-01,2903.3341296834287,spot_to_next_linear
2026-01-27T14:00:00+00:00,2026-01,2903.311658096569,spot_to_next_linear
2026-01-27T15:00:00+00:00,2026-01,2903.289192615926,spot_to_next_linear
2026-01-27T16:00:00+00:00,2026-01,2903.266733402824,spot_to_next_linear
2026-01-27T17:00:00+00:00,2026-01,2903.244280575834,spot_to_next_linear
2026-01-27T18:00:00+00:00,2026-01,2903.2218342030096,spot_to_next_linear
2026-01-27T19:00:00+00:00,2026-01,2903.1993942934714,spot_to_next_linear
2026-01-27T20:00:00+00:00,2026-01,2903.176960788355,spot_to_next_linear
2026-01-27T21:00:00+00:00,2026-01,2903.154533551109,spot_to_next_linear
2026-01-27T22:00:00+00:00,2026-01,2903.13211235716,spot_to_next_linear
2026-01-27T23:00:00+00:00,2026-01,2903.1096968829384,spot_to_next_linear
2026-01-28T00:00:00+00:00,2026-01,2903.087286694311,spot_to_next_linear
2026-01-28T01:00:00+00:00,2026-01,2903.0648812344343,spot_to_next_linear
2026-01-28T02:00:00+00:00,2026-01,2903.042479811086,spot_to_next_linear
2026-01-28T03:00:00+00:00,2026-01,2903.0200815835174,spot_to_next_linear
2026-01-28T04:00:00+00:00,2026-01,2902.9976855489044,spot_to_next_linear
2026-01-28T05:00:00+00:00,2026-01,2902.9752905284804,spot_to_next_linear
2026-01-28T06:00:00+00:00,2026-01,2902.9528951534467,spot_to_next_linear
2026-01-28T07:00:00+00:00,2026-01,2902.930497850782,spot_to_next_linear
2026-01-28T08:00:00+00:00,2026-01,2902.9080968290937,spot_to_next_linear
2026-01-28T09:00:00+00:00,2026-01,2902.885690064652,spot_to_next_linear
2026-01-28T10:00:00+00:00,2026-01,2902.8632752878034,spot_to_next_linear
2026-01-28T11:00:00+00:00,2026-01,2902.8408499699544,spot_to_next_linear
2026-01-28T12:00:00+00:00,2026-01,2902.8184113113584,spot_to_next_linear
2026-01-28T13:00:00+00:00,2026-01,2902.795956229956,spot_to_next_linear
2026-01-28T14:00:00+00:00,2026-01,2902.7734813515503,spot_to_next_linear
2026-01-28T15:00:00+00:00,2026-01,2902.750983001622,spot_to_next_linear
2026-01-28T16:00:00+00:00,2026-01,2902.7284571991254,spot_to_next_linear
2026-01-28T17:00:00+00:00,2026-01,2902.7058996526357,spot_to_next_linear
2026-01-28T18:00:00+00:00,2026-01,2902.6833057592344,spot_to_next_linear
2026-01-28T19:00:00+00:00,2026-01,2902.660670606577,spot_to_next_linear
2026-01-28T20:00:00+00:00,2026-01,2902.6379889785862,spot_to_next_linear
2026-01-28T21:00:00+00:00,2026-01,2902.6152553652805,spot_to_next_linear
2026-01-28T22:00:00+00:00,2026-01,2902.5924639772406,spot_to_next_linear
2026-01-28T23:00:00+00:00,2026-01,2902.5696087652827,spot_to_next_linear
2026-01-29T00:00:00+00:00,2026-01,2902.546683445906,spot_to_next_linear
2026-01-29T01:00:00+00:00,2026-01,2902.5236815331227,spot_to_next_linear
2026-01-29T02:00:00+00:00,2026-01,2902.500596377295,spot_to_next_linear
2026-01-29T03:00:00+00:00,2026-01,2902.4774212116413,spot_to_next_linear
2026-01-29T04:00:00+00:00,2026-01,2902.454149207056,spot_to_next_linear
2026-01-29T05:00:00+00:00,2026-01,2902.430773535937,spot_to_next_linear
2026-01-29T06:00:00+00:00,2026-01,2902.4072874456974,spot_to_next_linear
2026-01-29T07:00:00+00:00,2026-01,2902.383684342637,spot_to_next_linear
2026-01-29T08:00:00+00:00,2026-01,2902.359957886862,spot_to_next_linear
2026-01-29T09:00:00+00:00,2026-01,2902.3361020989023,spot_to_next_linear
2026-01-29T10:00:00+00:00,2026-01,2902.312111478667,spot_to_next_linear
2026-01-29T11:00:00+00:00,2026-01,2902.287981137332,spot_to_next_linear
2026-01-29T12:00:00+00:00,2026-01,2902.263706942709,spot_to_next_linear
2026-01-29T13:00:00+00:00,2026-01,2902.239285678595,spot_to_next_linear
2026-01-29T14:00:00+00:00,2026-01,2902.214715218491,spot_to_next_linear
2026-01-29T15:00:00+00:00,2026-01,2902.1899947140446,spot_to_next_linear
2026-01-29T16:00:00+00:00,2026-01,2902.165124798399,spot_to_next_linear
2026-01-29T17:00:00+00:00,2026-01,2902.140107804556,spot_to_next_linear
2026-01-29T18:00:00+00:00,2026-01,2902.1149479986725,spot_to_next_linear
2026-01-29T19:00:00+00:00,2026-01,2902.0896518280747,spot_to_next_linear
2026-01-29T20:00:00+00:00,2026-01,2902.0642281835417,spot_to_next_linear
2026-01-29T21:00:00+00:00,2026-01,2902.038688675235,spot_to_next_linear
2026-01-29T22:00:00+00:00,2026-01,2902.0130479213685,spot_to_next_linear
2026-01-29T23:00:00+00:00,2026-01,2901.987323848471,spot_to_next_linear
2026-01-30T00:00:00+00:00,2026-01,2901.961538001769,spot_to_next_linear
2026-01-30T01:00:00+00:00,2026-01,2901.935715863904,spot_to_next_linear
2026-01-30T02:00:00+00:00,2026-01,2901.90988717982,spot_to_next_linear
2026-01-30T03:00:00+00:00,2026-01,2901.884086285293,spot_to_next_linear
2026-01-30T04:00:00+00:00,2026-01,2901.8583524361056,spot_to_next_linear
2026-01-30T05:00:00+00:00,2026-01,2901.832730134442,spot_to_next_linear
2026-01-30T06:00:00+00:00,2026-01,2901.807269448588,spot_to_next_linear
2026-01-30T07:00:00+00:00,2026-01,2901.782026321467,spot_to_next_linear
2026-01-30T08:00:00+00:00,2026-01,2901.757062863019,spot_to_next_linear
2026-01-30T09:00:00+00:00,2026-01,2901.7324476208205,spot_to_next_linear
2026-01-30T10:00:00+00:00,2026-01,2901.7082558227366,spot_to_next_linear
2026-01-30T11:00:00+00:00,2026-01,2901.6845695847546,spot_to_next_linear
2026-01-30T12:00:00+00:00,2026-01,2901.661478076473,spot_to_next_linear
2026-01-30T13:00:00+00:00,2026-01,2901.6390776360367,spot_to_next_linear
2026-01-30T14:00:00+00:00,2026-01,2901.617471825591,spot_to_next_linear
2026-01-30T15:00:00+00:00,2026-01,2901.59677141764,spot_to_next_linear
2026-01-30T16:00:00+00:00,2026-01,2901.5770943019347,spot_to_next_linear
2026-01-30T17:00:00+00:00,2026-01,2901.55856530182,spot_to_next_linear
2026-01-30T18:00:00+00:00,2026-01,2901.5413158882584,spot_to_next_linear
2026-01-30T19:00:00+00:00,2026-01,2901.525483779037,spot_to_next_linear
2026-01-30T20:00:00+00:00,2026-01,2901.5112124100174,spot_to_next_linear
2026-01-30T21:00:00+00:00,2026-01,2901.498650264654,spot_to_next_linear
2026-01-30T22:00:00+00:00,2026-01,2901.487950047442,spot_to_next_linear
2026-01-30T23:00:00+00:00,2026-01,2901.4792676864395,spot_to_next_linear
2026-01-31T00:00:00+00:00,2026-01,2901.472761149598,spot_to_next_linear
2026-01-31T01:00:00+00:00,2026-01,2901.46858905931,spot_to_next_linear
2026-01-31T02:00:00+00:00,2026-01,2901.466909089369,spot_to_next_linear
2026-01-31T03:00:00+00:00,2026-01,2901.467876128489,spot_to_next_linear
2026-01-31T04:00:00+00:00,2026-01,2901.471640194605,spot_to_next_linear
2026-01-31T05:00:00+00:00,2026-01,2901.4783440844844,spot_to_next_linear
2026-01-31T06:00:00+00:00,2026-01,2901.488120743625,spot_to_next_linear
2026-01-31T07:00:00+00:00,2026-01,2901.5010903421758,spot_to_next_linear
2026-01-31T08:00:00+00:00,2026-01,2901.5173570435786,spot_to_next_linear
2026-01-31T09:00:00+00:00,2026-01,2901.5370054539235,spot_to_next_linear
2026-01-31T10:00:00+00:00,2026-01,2901.5600967415785,spot_to_next_linear
2026-01-31T11:00:00+00:00,2026-01,2901.5866644186613,spot_to_next_linear
2026-01-31T12:00:00+00:00,2026-01,2901.6167097782195,spot_to_next_linear
2026-01-31T13:00:00+00:00,2026-01,2901.650196983772,spot_to_next_linear
2026-01-31T14:00:00+00:00,2026-01,2901.6870478110777,spot_to_next_linear
2026-01-31T15:00:00+00:00,2026-01,2901.7271360457303,spot_to_next_linear
2026-01-31T16:00:00+00:00,2026-01,2901.77028154438,spot_to_next_linear
2026-01-31T17:00:00+00:00,2026-01,2901.8162439722187,spot_to_next_linear
2026-01-31T18:00:00+00:00,2026-01,2901.8647162347424,spot_to_next_linear
2026-01-31T19:00:00+00:00,2026-01,2901.9153176278146,spot_to_next_linear
2025-12-31T20:00:00+00:00,2025-12,2900.99000000224,flat_next_month
2025-12-31T21:00:00+00:00,2026-01,2900.9900000020675,flat_next_month
2025-12-31T22:00:00+00:00,2026-01,2900.990000001896,flat_next_month
2025-12-31T23:00:00+00:00,2026-01,2900.9900000017287,flat_next_month
2026-01-01T00:00:00+00:00,2026-01,2900.990000001567,flat_next_month
2026-01-01T01:00:00+00:00,2026-01,2900.9900000014118,flat_next_month
2026-01-01T02:00:00+00:00,2026-01,2900.9900000012626,flat_next_month
2026-01-01T03:00:00+00:00,2026-01,2900.990000001121,flat_next_month
2026-01-01T04:00:00+00:00,2026-01,2900.9900000009884,flat_next_month
2026-01-01T05:00:00+00:00,2026-01,2900.9900000008647,flat_next_month
2026-01-01T06:00:00+00:00,2026-01,2900.990000000751,flat_next_month
2026-01-01T07:00:00+00:00,2026-01,2900.9900000006483,flat_next_month
2026-01-01T08:00:00+00:00,2026-01,2900.9900000005564,flat_next_month
2026-01-01T09:00:00+00:00,2026-01,2900.9900000004764,flat_next_month
2026-01-01T10:00:00+00:00,2026-01,2900.990000000407,flat_next_month
2026-01-01T11:00:00+00:00,2026-01,2900.990000000348,flat_next_month
2026-01-01T12:00:00+00:00,2026-01,2900.9900000002986,flat_next_month
2026-01-01T13:00:00+00:00,2026-01,2900.99000000026,flat_next_month
2026-01-01T14:00:00+00:00,2026-01,2900.990000000232,flat_next_month
2026-01-01T15:00:00+00:00,2026-01,2900.9900000002144,flat_next_month
2026-01-01T16:00:00+00:00,2026-01,2900.990000000208,flat_next_month
2026-01-01T17:00:00+00:00,2026-01,2900.990000000211,flat_next_month
2026-01-01T18:00:00+00:00,2026-01,2900.9900000002235,flat_next_month
2026-01-01T19:00:00+00:00,2026-01,2900.990000000245,flat_next_month
2026-01-01T20:00:00+00:00,2026-01,2900.990000000276,flat_next_month
2026-01-01T21:00:00+00:00,2026-01,2900.9900000003167,flat_next_month
2026-01-01T22:00:00+00:00,2026-01,2900.9900000003686,flat_next_month
2026-01-01T23:00:00+00:00,2026-01,2900.9900000004304,flat_next_month
2026-01-02T00:00:00+00:00,2026-01,2900.990000000502,flat_next_month
2026-01-02T01:00:00+00:00,2026-01,2900.990000000581,flat_next_month
2026-01-02T02:00:00+00:00,2026-01,2900.9900000006646,flat_next_month
2026-01-02T03:00:00+00:00,2026-01,2900.9900000007524,flat_next_month
2026-01-02T04:00:00+00:00,2026-01,2900.990000000844,flat_next_month
2026-01-02T05:00:00+00:00,2026-01,2900.99000000094,flat_next_month
2026-01-02T06:00:00+00:00,2026-01,2900.99000000104,flat_next_month
2026-01-02T07:00:00+00:00,2026-01,2900.9900000011426,flat_next_month
2026-01-02T08:00:00+00:00,2026-01,2900.990000001248,flat_next_month
2026-01-02T09:00:00+00:00,2026-01,2900.990000001356,flat_next_month
2026-01-02T10:00:00+00:00,2026-01,2900.990000001464,flat_next_month
2026-01-02T11:00:00+00:00,2026-01,2900.9900000015714,flat_next_month
2026-01-02T12:00:00+00:00,2026-01,2900.990000001675,flat_next_month
2026-01-02T13:00:00+00:00,2026-01,2900.990000001773,flat_next_month
2026-01-02T14:00:00+00:00,2026-01,2900.9900000018624,flat_next_month
2026-01-02T15:00:00+00:00,2026-01,2900.9900000019416,flat_next_month
2026-01-02T16:00:00+00:00,2026-01,2900.9900000020098,flat_next_month
2026-01-02T17:00:00+00:00,2026-01,2900.9900000020666,flat_next_month
2026-01-02T18:00:00+00:00,2026-01,2900.990000002112,flat_next_month
2026-01-02T19:00:00+00:00,2026-01,2900.9900000021444,flat_next_month
2026-01-02T20:00:00+00:00,2026-01,2900.990000002165,flat_next_month
2026-01-02T21:00:00+00:00,2026-01,2900.990000002172,flat_next_month
2026-01-02T22:00:00+00:00,2026-01,2900.990000002164,flat_next_month
2026-01-02T23:00:00+00:00,2026-01,2900.990000002141,flat_next_month
2026-01-03T00:00:00+00:00,2026-01,2900.9900000021025,flat_next_month
2026-01-03T01:00:00+00:00,2026-01,2900.9900000020475,flat_next_month
2026-01-03T02:00:00+00:00,2026-01,2900.990000001976,flat_next_month
2026-01-03T03:00:00+00:00,2026-01,2900.990000001885,flat_next_month
2026-01-03T04:00:00+00:00,2026-01,2900.9900000017747,flat_next_month
2026-01-03T05:00:00+00:00,2026-01,2900.990000001648,flat_next_month
2026-01-03T06:00:00+00:00,2026-01,2900.990000001506,flat_next_month
2026-01-03T07:00:00+00:00,2026-01,2900.9900000013536,flat_next_month
2026-01-03T08:00:00+00:00,2026-01,2900.990000001195,flat_next_month
2026-01-03T09:00:00+00:00,2026-01,2900.990000001032,flat_next_month
2026-01-03T10:00:00+00:00,2026-01,2900.990000000866,flat_next_month
2026-01-03T11:00:00+00:00,2026-01,2900.9900000007,flat_next_month
2026-01-03T12:00:00+00:00,2026-01,2900.990000000534,flat_next_month
2026-01-03T13:00:00+00:00,2026-01,2900.990000000372,flat_next_month
2026-01-03T14:00:00+00:00,2026-01,2900.9900000002144,flat_next_month
2026-01-03T15:00:00+00:00,2026-01,2900.9900000000616,flat_next_month
2026-01-03T16:00:00+00:00,2026-01,2900.9899999999134,flat_next_month
2026-01-03T17:00:00+00:00,2026-01,2900.9899999997688,flat_next_month
2026-01-03T18:00:00+00:00,2026-01,2900.989999999628,flat_next_month
2026-01-03T19:00:00+00:00,2026-01,2900.989999999492,flat_next_month
2026-01-03T20:00:00+00:00,2026-01,2900.989999999362,flat_next_month
2026-01-03T21:00:00+00:00,2026-01,2900.9899999992394,flat_next_month
2026-01-03T22:00:00+00:00,2026-01,2900.989999999124,flat_next_month
2026-01-03T23:00:00+00:00,2026-01,2900.9899999990166,flat_next_month
2026-01-04T00:00:00+00:00,2026-01,2900.9899999989198,flat_next_month
2026-01-04T01:00:00+00:00,2026-01,2900.989999998834,flat_next_month
2026-01-04T02:00:00+00:00,2026-01,2900.989999998761,flat_next_month
2026-01-04T03:00:00+00:00,2026-01,2900.989999998701,flat_next_month
2026-01-04T04:00:00+00:00,2026-01,2900.9899999986515,flat_next_month
2026-01-04T05:00:00+00:00,2026-01,2900.989999998613,flat_next_month
2026-01-04T06:00:00+00:00,2026-01,2900.9899999985864,flat_next_month
2026-01-04T07:00:00+00:00,2026-01,2900.989999998573,flat_next_month
2026-01-04T08:00:00+00:00,2026-01,2900.9899999985737,flat_next_month
2026-01-04T09:00:00+00:00,2026-01,2900.989999998588,flat_next_month
2026-01-04T10:00:00+00:00,2026-01,2900.989999998616,flat_next_month
2026-01-04T11:00:00+00:00,2026-01,2900.98999999866,flat_next_month
2026-01-04T12:00:00+00:00,2026-01,2900.9899999987188,flat_next_month
2026-01-04T13:00:00+00:00,2026-01,2900.9899999987897,flat_next_month
2026-01-04T14:00:00+00:00,2026-01,2900.9899999988684,flat_next_month
2026-01-04T15:00:00+00:00,2026-01,2900.9899999989507,flat_next_month
2026-01-04T16:00:00+00:00,2026-01,2900.989999999033,flat_next_month
2026-01-04T17:00:00+00:00,2026-01,2900.989999999113,flat_next_month
2026-01-04T18:00:00+00:00,2026-01,2900.989999999187,flat_next_month
2026-01-04T19:00:00+00:00,2026-01,2900.9899999992545,flat_next_month
2026-01-04T20:00:00+00:00,2026-01,2900.989999999312,flat_next_month
2026-01-04T21:00:00+00:00,2026-01,2900.9899999993604,flat_next_month
2026-01-04T22:00:00+00:00,2026-01,2900.9899999993977,flat_next_month
2026-01-04T23:00:00+00:00,2026-01,2900.989999999423,flat_next_month
2026-01-05T00:00:00+00:00,2026-01,2900.9899999994377,flat_next_month
2026-01-05T01:00:00+00:00,2026-01,2900.9899999994414,flat_next_month
2026-01-05T02:00:00+00:00,2026-01,2900.989999999434,flat_next_month
2026-01-05T03:00:00+00:00,2026-01,2900.989999999418,flat_next_month
2026-01-05T04:00:00+00:00,2026-01,2900.9899999993954,flat_next_month
2026-01-05T05:00:00+00:00,2026-01,2900.989999999368,flat_next_month
2026-01-05T06:00:00+00:00,2026-01,2900.989999999338,flat_next_month
2026-01-05T07:00:00+00:00,2026-01,2900.9899999993054,flat_next_month
2026-01-05T08:00:00+00:00,2026-01,2900.9899999992704,flat_next_month
2026-01-05T09:00:00+00:00,2026-01,2900.9899999992344,flat_next_month
2026-01-05T10:00:00+00:00,2026-01,2900.989999999198,flat_next_month
2026-01-05T11:00:00+00:00,2026-01,2900.9899999991617,flat_next_month
2026-01-05T12:00:00+00:00,2026-01,2900.9899999991258,flat_next_month
2026-01-05T13:00:00+00:00,2026-01,2900.98999999909,flat_next_month
2026-01-05T14:00:00+00:00,2026-01,2900.989999999052,flat_next_month
2026-01-05T15:00:00+00:00,2026-01,2900.9899999990125,flat_next_month
2026-01-05T16:00:00+00:00,2026-01,2900.98999999897,flat_next_month
2026-01-05T17:00:00+00:00,2026-01,2900.9899999989234,flat_next_month
2026-01-05T18:00:00+00:00,2026-01,2900.989999998872,flat_next_month
2026-01-05T19:00:00+00:00,2026-01,2900.989999998814,flat_next_month
2026-01-05T20:00:00+00:00,2026-01,2900.98999999875,flat_next_month
2026-01-05T21:00:00+00:00,2026-01,2900.98999999868,flat_next_month
2026-01-05T22:00:00+00:00,2026-01,2900.989999998601,flat_next_month
2026-01-05T23:00:00+00:00,2026-01,2900.989999998517,flat_next_month
2026-01-06T00:00:00+00:00,2026-01,2900.9899999984286,flat_next_month
2026-01-06T01:00:00+00:00,2026-01,2900.989999998338,flat_next_month
2026-01-06T02:00:00+00:00,2026-01,2900.989999998247,flat_next_month
2026-01-06T03:00:00+00:00,2026-01,2900.9899999981576,flat_next_month
2026-01-06T04:00:00+00:00,2026-01,2900.989999998071,flat_next_month
2026-01-06T05:00:00+00:00,2026-01,2900.989999997989,flat_next_month
2026-01-06T06:00:00+00:00,2026-01,2900.989999997912,flat_next_month
2026-01-06T07:00:00+00:00,2026-01,2900.989999997841,flat_next_month
2026-01-06T08:00:00+00:00,2026-01,2900.9899999977765,flat_next_month
2026-01-06T09:00:00+00:00,2026-01,2900.989999997718,flat_next_month
2026-01-06T10:00:00+00:00,2026-01,2900.989999997665,flat_next_month
2026-01-06T11:00:00+00:00,2026-01,2900.9899999976187,flat_next_month
2026-01-06T12:00:00+00:00,2026-01,2900.9899999975783,flat_next_month
2026-01-06T13:00:00+00:00,2026-01,2900.9899999975414,flat_next_month
2026-01-06T14:00:00+00:00,2026-01,2900.9899999975087,flat_next_month
2026-01-06T15:00:00+00:00,2026-01,2900.98999999748,flat_next_month
2026-01-06T16:00:00+00:00,2026-01,2900.9899999974546,flat_next_month
2026-01-06T17:00:00+00:00,2026-01,2900.989999997433,flat_next_month
2026-01-06T18:00:00+00:00,2026-01,2900.989999997416,flat_next_month
2026-01-06T19:00:00+00:00,2026-01,2900.9899999974014,flat_next_month
2026-01-06T20:00:00+00:00,2026-01,2900.989999997389,flat_next_month
2026-01-06T21:00:00+00:00,2026-01,2900.9899999973795,flat_next_month
2026-01-06T22:00:00+00:00,2026-01,2900.9899999973723,flat_next_month
2026-01-06T23:00:00+00:00,2026-01,2900.989999997368,flat_next_month
2026-01-07T00:00:00+00:00,2026-01,2900.989999997368,flat_next_month
2026-01-07T01:00:00+00:00,2026-01,2900.9899999973736,flat_next_month
2026-01-07T02:00:00+00:00,2026-01,2900.989999997385,flat_next_month
2026-01-07T03:00:00+00:00,2026-01,2900.989999997405,flat_next_month
2026-01-07T04:00:00+00:00,2026-01,2900.989999997434,flat_next_month
2026-01-07T05:00:00+00:00,2026-01,2900.9899999974705,flat_next_month
2026-01-07T06:00:00+00:00,2026-01,2900.989999997513,flat_next_month
2026-01-07T07:00:00+00:00,2026-01,2900.989999997562,flat_next_month
2026-01-07T08:00:00+00:00,2026-01,2900.989999997612,flat_next_month
2026-01-07T09:00:00+00:00,2026-01,2900.989999997661,flat_next_month
2026-01-07T10:00:00+00:00,2026-01,2900.989999997707,flat_next_month
2026-01-07T11:00:00+00:00,2026-01,2900.9899999977506,flat_next_month
2026-01-07T12:00:00+00:00,2026-01,2900.989999997791,flat_next_month
2026-01-07T13:00:00+00:00,2026-01,2900.9899999978284,flat_next_month
2026-01-07T14:00:00+00:00,2026-01,2900.9899999978625,flat_next_month
2026-01-07T15:00:00+00:00,2026-01,2900.9899999978943,flat_next_month
2026-01-07T16:00:00+00:00,2026-01,2900.9899999979266,flat_next_month
2026-01-07T17:00:00+00:00,2026-01,2900.9899999979625,flat_next_month
2026-01-07T18:00:00+00:00,2026-01,2900.9899999980034,flat_next_month
2026-01-07T19:00:00+00:00,2026-01,2900.9899999980507,flat_next_month
2026-01-07T20:00:00+00:00,2026-01,2900.989999998104,flat_next_month
2026-01-07T21:00:00+00:00,2026-01,2900.9899999981635,flat_next_month
2026-01-07T22:00:00+00:00,2026-01,2900.989999998229,flat_next_month
2026-01-07T23:00:00+00:00,2026-01,2900.989999998302,flat_next_month
2026-01-08T00:00:00+00:00,2026-01,2900.989999998383,flat_next_month
2026-01-08T01:00:00+00:00,2026-01,2900.9899999984723,flat_next_month
2026-01-08T02:00:00+00:00,2026-01,2900.9899999985714,flat_next_month
2026-01-08T03:00:00+00:00,2026-01,2900.989999998681,flat_next_month
2026-01-08T04:00:00+00:00,2026-01,2900.989999998802,flat_next_month
2026-01-08T05:00:00+00:00,2026-01,2900.9899999989298,flat_next_month
2026-01-08T06:00:00+00:00,2026-01,2900.989999999062,flat_next_month
2026-01-08T07:00:00+00:00,2026-01,2900.989999999196,flat_next_month
2026-01-08T08:00:00+00:00,2026-01,2900.9899999993286,flat_next_month
2026-01-08T09:00:00+00:00,2026-01,2900.989999999461,flat_next_month
2026-01-08T10:00:00+00:00,2026-01,2900.9899999995905,flat_next_month
2026-01-08T11:00:00+00:00,2026-01,2900.989999999718,flat_next_month
2026-01-08T12:00:00+00:00,2026-01,2900.989999999841,flat_next_month
2026-01-08T13:00:00+00:00,2026-01,2900.98999999996,flat_next_month
2026-01-08T14:00:00+00:00,2026-01,2900.9900000000703,flat_next_month
2026-01-08T15:00:00+00:00,2026-01,2900.990000000171,flat_next_month
2026-01-08T16:00:00+00:00,2026-01,2900.9900000002613,flat_next_month
2026-01-08T17:00:00+00:00,2026-01,2900.99000000034,flat_next_month
2026-01-08T18:00:00+00:00,2026-01,2900.990000000408,flat_next_month
2026-01-08T19:00:00+00:00,2026-01,2900.9900000004664,flat_next_month
2026-01-08T20:00:00+00:00,2026-01,2900.9900000005173,flat_next_month
2026-01-08T21:00:00+00:00,2026-01,2900.9900000005623,flat_next_month
2026-01-08T22:00:00+00:00,2026-01,2900.9900000006023,flat_next_month
2026-01-08T23:00:00+00:00,2026-01,2900.9900000006387,flat_next_month
2026-01-09T00:00:00+00:00,2026-01,2900.990000000671,flat_next_month
2026-01-09T01:00:00+00:00,2026-01,2900.9900000006983,flat_next_month
2026-01-09T02:00:00+00:00,2026-01,2900.99000000072,flat_next_month
2026-01-09T03:00:00+00:00,2026-01,2900.9900000007347,flat_next_month
2026-01-09T04:00:00+00:00,2026-01,2900.9900000007437,flat_next_month
2026-01-09T05:00:00+00:00,2026-01,2900.9900000007456,flat_next_month
2026-01-09T06:00:00+00:00,2026-01,2900.99000000074,flat_next_month
2026-01-09T07:00:00+00:00,2026-01,2900.990000000727,flat_next_month
2026-01-09T08:00:00+00:00,2026-01,2900.990000000707,flat_next_month
2026-01-09T09:00:00+00:00,2026-01,2900.9900000006837,flat_next_month
2026-01-09T10:00:00+00:00,2026-01,2900.990000000657,flat_next_month
2026-01-09T11:00:00+00:00,2026-01,2900.990000000628,flat_next_month
2026-01-09T12:00:00+00:00,2026-01,2900.990000000597,flat_next_month
2026-01-09T13:00:00+00:00,2026-01,2900.990000000565,flat_next_month
2026-01-09T14:00:00+00:00,2026-01,2900.990000000535,flat_next_month
2026-01-09T15:00:00+00:00,2026-01,2900.990000000505,flat_next_month
2026-01-09T16:00:00+00:00,2026-01,2900.990000000477,flat_next_month
2026-01-09T17:00:00+00:00,2026-01,2900.990000000449,flat_next_month
2026-01-09T18:00:00+00:00,2026-01,2900.990000000423,flat_next_month
2026-01-09T19:00:00+00:00,2026-01,2900.990000000397,flat_next_month
2026-01-09T20:00:00+00:00,2026-01,2900.990000000371,flat_next_month
2026-01-09T21:00:00+00:00,2026-01,2900.9900000003427,flat_next_month
2026-01-09T22:00:00+00:00,2026-01,2900.990000000311,flat_next_month
2026-01-09T23:00:00+00:00,2026-01,2900.990000000276,flat_next_month
2026-01-10T00:00:00+00:00,2026-01,2900.9900000002363,flat_next_month
2026-01-10T01:00:00+00:00,2026-01,2900.990000000193,flat_next_month
2026-01-10T02:00:00+00:00,2026-01,2900.9900000001485,flat_next_month
2026-01-10T03:00:00+00:00,2026-01,2900.9900000001026,flat_next_month
2026-01-10T04:00:00+00:00,2026-01,2900.9900000000544,flat_next_month
2026-01-10T05:00:00+00:00,2026-01,2900.9900000000043,flat_next_month
2026-01-10T06:00:00+00:00,2026-01,2900.989999999954,flat_next_month
2026-01-10T07:00:00+00:00,2026-01,2900.989999999903,flat_next_month
2026-01-10T08:00:00+00:00,2026-01,2900.9899999998515,flat_next_month
2026-01-10T09:00:00+00:00,2026-01,2900.989999999799,flat_next_month
2026-01-10T10:00:00+00:00,2026-01,2900.989999999744,flat_next_month
2026-01-10T11:00:00+00:00,2026-01,2900.989999999688,flat_next_month
2026-01-10T12:00:00+00:00,2026-01,2900.989999999628,flat_next_month
2026-01-10T13:00:00+00:00,2026-01,2900.989999999564,flat_next_month
2026-01-10T14:00:00+00:00,2026-01,2900.9899999994946,flat_next_month
2026-01-10T15:00:00+00:00,2026-01,2900.9899999994204,flat_next_month
2026-01-10T16:00:00+00:00,2026-01,2900.989999999344,flat_next_month
2026-01-10T17:00:00+00:00,2026-01,2900.9899999992667,flat_next_month
2026-01-10T18:00:00+00:00,2026-01,2900.98999999919,flat_next_month
2026-01-10T19:00:00+00:00,2026-01,2900.989999999113,flat_next_month
2026-01-10T20:00:00+00:00,2026-01,2900.989999999038,flat_next_month
2026-01-10T21:00:00+00:00,2026-01,2900.9899999989643,flat_next_month
2026-01-10T22:00:00+00:00,2026-01,2900.989999998892,flat_next_month
2026-01-10T23:00:00+00:00,2026-01,2900.98999999882,flat_next_month
2026-01-11T00:00:00+00:00,2026-01,2900.989999998749,flat_next_month
2026-01-11T01:00:00+00:00,2026-01,2900.989999998681,flat_next_month
2026-01-11T02:00:00+00:00,2026-01,2900.989999998614,flat_next_month
2026-01-11T03:00:00+00:00,2026-01,2900.9899999985514,flat_next_month
2026-01-11T04:00:00+00:00,2026-01,2900.989999998493,flat_next_month
2026-01-11T05:00:00+00:00,2026-01,2900.989999998441,flat_next_month
2026-01-11T06:00:00+00:00,2026-01,2900.9899999983954,flat_next_month
2026-01-11T07:00:00+00:00,2026-01,2900.9899999983577,flat_next_month
2026-01-11T08:00:00+00:00,2026-01,2900.989999998329,flat_next_month
2026-01-11T09:00:00+00:00,2026-01,2900.9899999983086,flat_next_month
2026-01-11T10:00:00+00:00,2026-01,2900.9899999982963,flat_next_month
2026-01-11T11:00:00+00:00,2026-01,2900.989999998292,flat_next_month
2026-01-11T12:00:00+00:00,2026-01,2900.989999998296,flat_next_month
2026-01-11T13:00:00+00:00,2026-01,2900.989999998308,flat_next_month
2026-01-11T14:00:00+00:00,2026-01,2900.989999998328,flat_next_month
2026-01-11T15:00:00+00:00,2026-01,2900.9899999983536,flat_next_month
2026-01-11T16:00:00+00:00,2026-01,2900.989999998385,flat_next_month
2026-01-11T17:00:00+00:00,2026-01,2900.989999998422,flat_next_month
2026-01-11T18:00:00+00:00,2026-01,2900.9899999984623,flat_next_month
2026-01-11T19:00:00+00:00,2026-01,2900.989999998505,flat_next_month
2026-01-11T20:00:00+00:00,2026-01,2900.9899999985446,flat_next_month
2026-01-11T21:00:00+00:00,2026-01,2900.9899999985787,flat_next_month
2026-01-11T22:00:00+00:00,2026-01,2900.989999998604,flat_next_month
2026-01-11T23:00:00+00:00,2026-01,2900.989999998619,flat_next_month
2026-01-12T00:00:00+00:00,2026-01,2900.9899999986237,flat_next_month
2026-01-12T01:00:00+00:00,2026-01,2900.9899999986173,flat_next_month
2026-01-12T02:00:00+00:00,2026-01,2900.989999998601,flat_next_month
2026-01-12T03:00:00+00:00,2026-01,2900.9899999985755,flat_next_month
2026-01-12T04:00:00+00:00,2026-01,2900.989999998539,flat_next_month
2026-01-12T05:00:00+00:00,2026-01,2900.9899999984937,flat_next_month
2026-01-12T06:00:00+00:00,2026-01,2900.989999998439,flat_next_month
2026-01-12T07:00:00+00:00,2026-01,2900.989999998377,flat_next_month
2026-01-12T08:00:00+00:00,2026-01,2900.9899999983068,flat_next_month
2026-01-12T09:00:00+00:00,2026-01,2900.989999998229,flat_next_month
2026-01-12T10:00:00+00:00,2026-01,2900.989999998145,flat_next_month
2026-01-12T11:00:00+00:00,2026-01,2900.989999998053,flat_next_month
2026-01-12T12:00:00+00:00,2026-01,2900.989999997956,flat_next_month
2026-01-12T13:00:00+00:00,2026-01,2900.989999997853,flat_next_month
2026-01-12T14:00:00+00:00,2026-01,2900.989999997744,flat_next_month
2026-01-12T15:00:00+00:00,2026-01,2900.989999997632,flat_next_month
2026-01-12T16:00:00+00:00,2026-01,2900.9899999975164,flat_next_month
2026-01-12T17:00:00+00:00,2026-01,2900.9899999973995,flat_next_month
2026-01-12T18:00:00+00:00,2026-01,2900.989999997284,flat_next_month
2026-01-12T19:00:00+00:00,2026-01,2900.989999997172,flat_next_month
2026-01-12T20:00:00+00:00,2026-01,2900.989999997066,flat_next_month
2026-01-12T21:00:00+00:00,2026-01,2900.9899999969707,flat_next_month
2026-01-12T22:00:00+00:00,2026-01,2900.989999996889,flat_next_month
2026-01-12T23:00:00+00:00,2026-01,2900.989999996821,flat_next_month
2026-01-13T00:00:00+00:00,2026-01,2900.9899999967674,flat_next_month
2026-01-13T01:00:00+00:00,2026-01,2900.989999996728,flat_next_month
2026-01-13T02:00:00+00:00,2026-01,2900.989999996702,flat_next_month
2026-01-13T03:00:00+00:00,2026-01,2900.9899999966883,flat_next_month
2026-01-13T04:00:00+00:00,2026-01,2900.989999996687,flat_next_month
2026-01-13T05:00:00+00:00,2026-01,2900.9899999966965,flat_next_month
2026-01-13T06:00:00+00:00,2026-01,2900.989999996716,flat_next_month
2026-01-13T07:00:00+00:00,2026-01,2900.989999996744,flat_next_month
2026-01-13T08:00:00+00:00,2026-01,2900.989999996779,flat_next_month
2026-01-13T09:00:00+00:00,2026-01,2900.9899999968197,flat_next_month
2026-01-13T10:00:00+00:00,2026-01,2900.9899999968648,flat_next_month
2026-01-13T11:00:00+00:00,2026-01,2900.989999996912,flat_next_month
2026-01-13T12:00:00+00:00,2026-01,2900.989999996961,flat_next_month
2026-01-13T13:00:00+00:00,2026-01,2900.989999997011,flat_next_month
2026-01-13T14:00:00+00:00,2026-01,2900.9899999970607,flat_next_month
2026-01-13T15:00:00+00:00,2026-01,2900.989999997109,flat_next_month
2026-01-13T16:00:00+00:00,2026-01,2900.9899999971544,flat_next_month
2026-01-13T17:00:00+00:00,2026-01,2900.989999997196,flat_next_month
2026-01-13T18:00:00+00:00,2026-01,2900.989999997232,flat_next_month
2026-01-13T19:00:00+00:00,2026-01,2900.989999997264,flat_next_month
2026-01-13T20:00:00+00:00,2026-01,2900.9899999972904,flat_next_month
2026-01-13T21:00:00+00:00,2026-01,2900.9899999973127,flat_next_month
2026-01-13T22:00:00+00:00,2026-01,2900.9899999973304,flat_next_month
2026-01-13T23:00:00+00:00,2026-01,2900.989999997343,flat_next_month
2026-01-14T00:00:00+00:00,2026-01,2900.98999999735,flat_next_month
2026-01-14T01:00:00+00:00,2026-01,2900.98999999735,flat_next_month
2026-01-14T02:00:00+00:00,2026-01,2900.9899999973445,flat_next_month
2026-01-14T03:00:00+00:00,2026-01,2900.9899999973336,flat_next_month
2026-01-14T04:00:00+00:00,2026-01,2900.9899999973168,flat_next_month
2026-01-14T05:00:00+00:00,2026-01,2900.989999997297,flat_next_month
2026-01-14T06:00:00+00:00,2026-01,2900.9899999972754,flat_next_month
2026-01-14T07:00:00+00:00,2026-01,2900.9899999972517,flat_next_month
2026-01-14T08:00:00+00:00,2026-01,2900.989999997227,flat_next_month
2026-01-14T09:00:00+00:00,2026-01,2900.989999997202,flat_next_month
2026-01-14T10:00:00+00:00,2026-01,2900.9899999971767,flat_next_month
2026-01-14T11:00:00+00:00,2026-01,2900.98999999715,flat_next_month
2026-01-14T12:00:00+00:00,2026-01,2900.9899999971203,flat_next_month
2026-01-14T13:00:00+00:00,2026-01,2900.9899999970885,flat_next_month
2026-01-14T14:00:00+00:00,2026-01,2900.9899999970557,flat_next_month
2026-01-14T15:00:00+00:00,2026-01,2900.989999997023,flat_next_month
2026-01-14T16:00:00+00:00,2026-01,2900.989999996993,flat_next_month
2026-01-14T17:00:00+00:00,2026-01,2900.989999996967,flat_next_month
2026-01-14T18:00:00+00:00,2026-01,2900.9899999969457,flat_next_month
2026-01-14T19:00:00+00:00,2026-01,2900.9899999969293,flat_next_month
2026-01-14T20:00:00+00:00,2026-01,2900.989999996918,flat_next_month
2026-01-14T21:00:00+00:00,2026-01,2900.989999996912,flat_next_month
2026-01-14T22:00:00+00:00,2026-01,2900.9899999969102,flat_next_month
2026-01-14T23:00:00+00:00,2026-01,2900.9899999969143,flat_next_month
2026-01-15T00:00:00+00:00,2026-01,2900.9899999969243,flat_next_month
2026-01-15T01:00:00+00:00,2026-01,2900.98999999694,flat_next_month
2026-01-15T02:00:00+00:00,2026-01,2900.989999996962,flat_next_month
2026-01-15T03:00:00+00:00,2026-01,2900.989999996989,flat_next_month
2026-01-15T04:00:00+00:00,2026-01,2900.9899999970216,flat_next_month
2026-01-15T05:00:00+00:00,2026-01,2900.9899999970603,flat_next_month
2026-01-15T06:00:00+00:00,2026-01,2900.9899999971067,flat_next_month
2026-01-15T07:00:00+00:00,2026-01,2900.989999997162,flat_next_month
2026-01-15T08:00:00+00:00,2026-01,2900.989999997228,flat_next_month
2026-01-15T09:00:00+00:00,2026-01,2900.9899999973054,flat_next_month
2026-01-15T10:00:00+00:00,2026-01,2900.9899999973945,flat_next_month
2026-01-15T11:00:00+00:00,2026-01,2900.9899999974955,flat_next_month
2026-01-15T12:00:00+00:00,2026-01,2900.9899999976087,flat_next_month
2026-01-15T13:00:00+00:00,2026-01,2900.989999997734,flat_next_month
2026-01-15T14:00:00+00:00,2026-01,2900.9899999978693,flat_next_month
2026-01-15T15:00:00+00:00,2026-01,2900.989999998014,flat_next_month
2026-01-15T16:00:00+00:00,2026-01,2900.9899999981667,flat_next_month
2026-01-15T17:00:00+00:00,2026-01,2900.989999998324,flat_next_month
2026-01-15T18:00:00+00:00,2026-01,2900.9899999984827,flat_next_month
2026-01-15T19:00:00+00:00,2026-01,2900.9899999986383,flat_next_month
2026-01-15T20:00:00+00:00,2026-01,2900.9899999987883,flat_next_month
2026-01-15T21:00:00+00:00,2026-01,2900.989999998931,flat_next_month
2026-01-15T22:00:00+00:00,2026-01,2900.9899999990635,flat_next_month
2026-01-15T23:00:00+00:00,2026-01,2900.9899999991835,flat_next_month
2026-01-16T00:00:00+00:00,2026-01,2900.989999999289,flat_next_month
2026-01-16T01:00:00+00:00,2026-01,2900.9899999993813,flat_next_month
2026-01-16T02:00:00+00:00,2026-01,2900.989999999459,flat_next_month
2026-01-16T03:00:00+00:00,2026-01,2900.989999999524,flat_next_month
2026-01-16T04:00:00+00:00,2026-01,2900.9899999995755,flat_next_month
2026-01-16T05:00:00+00:00,2026-01,2900.989999999616,flat_next_month
2026-01-16T06:00:00+00:00,2026-01,2900.989999999647,flat_next_month
2026-01-16T07:00:00+00:00,2026-01,2900.98999999967,flat_next_month
2026-01-16T08:00:00+00:00,2026-01,2900.989999999686,flat_next_month
2026-01-16T09:00:00+00:00,2026-01,2900.989999999695,flat_next_month
2026-01-16T10:00:00+00:00,2026-01,2900.9899999996983,flat_next_month
2026-01-16T11:00:00+00:00,2026-01,2900.989999999697,flat_next_month
2026-01-16T12:00:00+00:00,2026-01,2900.989999999693,flat_next_month
2026-01-16T13:00:00+00:00,2026-01,2900.9899999996883,flat_next_month
2026-01-16T14:00:00+00:00,2026-01,2900.989999999684,flat_next_month
2026-01-16T15:00:00+00:00,2026-01,2900.989999999681,flat_next_month
2026-01-16T16:00:00+00:00,2026-01,2900.9899999996783,flat_next_month
2026-01-16T17:00:00+00:00,2026-01,2900.989999999675,flat_next_month
2026-01-16T18:00:00+00:00,2026-01,2900.989999999671,flat_next_month
2026-01-16T19:00:00+00:00,2026-01,2900.9899999996665,flat_next_month
2026-01-16T20:00:00+00:00,2026-01,2900.9899999996624,flat_next_month
2026-01-16T21:00:00+00:00,2026-01,2900.9899999996587,flat_next_month
2026-01-16T22:00:00+00:00,2026-01,2900.989999999655,flat_next_month
2026-01-16T23:00:00+00:00,2026-01,2900.9899999996524,flat_next_month
2026-01-17T00:00:00+00:00,2026-01,2900.989999999652,flat_next_month
2026-01-17T01:00:00+00:00,2026-01,2900.9899999996555,flat_next_month
2026-01-17T02:00:00+00:00,2026-01,2900.989999999665,flat_next_month
2026-01-17T03:00:00+00:00,2026-01,2900.989999999681,flat_next_month
2026-01-17T04:00:00+00:00,2026-01,2900.989999999704,flat_next_month
2026-01-17T05:00:00+00:00,2026-01,2900.9899999997338,flat_next_month
2026-01-17T06:00:00+00:00,2026-01,2900.9899999997706,flat_next_month
2026-01-17T07:00:00+00:00,2026-01,2900.9899999998133,flat_next_month
2026-01-17T08:00:00+00:00,2026-01,2900.9899999998597,flat_next_month
2026-01-17T09:00:00+00:00,2026-01,2900.989999999907,flat_next_month
2026-01-17T10:00:00+00:00,2026-01,2900.9899999999543,flat_next_month
2026-01-17T11:00:00+00:00,2026-01,2900.990000000001,flat_next_month
2026-01-17T12:00:00+00:00,2026-01,2900.990000000047,flat_next_month
2026-01-17T13:00:00+00:00,2026-01,2900.990000000092,flat_next_month
2026-01-17T14:00:00+00:00,2026-01,2900.990000000138,flat_next_month
2026-01-17T15:00:00+00:00,2026-01,2900.9900000001862,flat_next_month
2026-01-17T16:00:00+00:00,2026-01,2900.990000000237,flat_next_month
2026-01-17T17:00:00+00:00,2026-01,2900.990000000291,flat_next_month
2026-01-17T18:00:00+00:00,2026-01,2900.990000000349,flat_next_month
2026-01-17T19:00:00+00:00,2026-01,2900.990000000412,flat_next_month
2026-01-17T20:00:00+00:00,2026-01,2900.990000000478,flat_next_month
2026-01-17T21:00:00+00:00,2026-01,2900.990000000547,flat_next_month
2026-01-17T22:00:00+00:00,2026-01,2900.9900000006164,flat_next_month
2026-01-17T23:00:00+00:00,2026-01,2900.9900000006846,flat_next_month
2026-01-18T00:00:00+00:00,2026-01,2900.9900000007506,flat_next_month
2026-01-18T01:00:00+00:00,2026-01,2900.9900000008142,flat_next_month
2026-01-18T02:00:00+00:00,2026-01,2900.9900000008734,flat_next_month
2026-01-18T03:00:00+00:00,2026-01,2900.9900000009266,flat_next_month
2026-01-18T04:00:00+00:00,2026-01,2900.9900000009734,flat_next_month
2026-01-18T05:00:00+00:00,2026-01,2900.990000001012,flat_next_month
2026-01-18T06:00:00+00:00,2026-01,2900.99000000104,flat_next_month
2026-01-18T07:00:00+00:00,2026-01,2900.990000001057,flat_next_month
2026-01-18T08:00:00+00:00,2026-01,2900.990000001064,flat_next_month
2026-01-18T09:00:00+00:00,2026-01,2900.9900000010607,flat_next_month
2026-01-18T10:00:00+00:00,2026-01,2900.990000001047,flat_next_month
2026-01-18T11:00:00+00:00,2026-01,2900.9900000010225,flat_next_month
2026-01-18T12:00:00+00:00,2026-01,2900.9900000009857,flat_next_month
2026-01-18T13:00:00+00:00,2026-01,2900.990000000935,flat_next_month
2026-01-18T14:00:00+00:00,2026-01,2900.990000000871,flat_next_month
2026-01-18T15:00:00+00:00,2026-01,2900.9900000007924,flat_next_month
2026-01-18T16:00:00+00:00,2026-01,2900.9900000006987,flat_next_month
2026-01-18T17:00:00+00:00,2026-01,2900.990000000589,flat_next_month
2026-01-18T18:00:00+00:00,2026-01,2900.9900000004627,flat_next_month
2026-01-18T19:00:00+00:00,2026-01,2900.9900000003186,flat_next_month
2026-01-18T20:00:00+00:00,2026-01,2900.9900000001576,flat_next_month
2026-01-18T21:00:00+00:00,2026-01,2900.989999999982,flat_next_month
2026-01-18T22:00:00+00:00,2026-01,2900.989999999795,flat_next_month
2026-01-18T23:00:00+00:00,2026-01,2900.9899999995987,flat_next_month
2026-01-19T00:00:00+00:00,2026-01,2900.989999999394,flat_next_month
2026-01-19T01:00:00+00:00,2026-01,2900.9899999991826,flat_next_month
2026-01-19T02:00:00+00:00,2026-01,2900.9899999989643,flat_next_month
2026-01-19T03:00:00+00:00,2026-01,2900.98999999874,flat_next_month
2026-01-19T04:00:00+00:00,2026-01,2900.9899999985128,flat_next_month
2026-01-19T05:00:00+00:00,2026-01,2900.9899999982854,flat_next_month
2026-01-19T06:00:00+00:00,2026-01,2900.989999998061,flat_next_month
2026-01-19T07:00:00+00:00,2026-01,2900.9899999978425,flat_next_month
2026-01-19T08:00:00+00:00,2026-01,2900.9899999976305,flat_next_month
2026-01-19T09:00:00+00:00,2026-01,2900.989999997428,flat_next_month
2026-01-19T10:00:00+00:00,2026-01,2900.9899999972363,flat_next_month
2026-01-19T11:00:00+00:00,2026-01,2900.9899999970557,flat_next_month
2026-01-19T12:00:00+00:00,2026-01,2900.989999996887,flat_next_month
2026-01-19T13:00:00+00:00,2026-01,2900.989999996733,flat_next_month
2026-01-19T14:00:00+00:00,2026-01,2900.989999996594,flat_next_month
2026-01-19T15:00:00+00:00,2026-01,2900.9899999964755,flat_next_month
2026-01-19T16:00:00+00:00,2026-01,2900.989999996378,flat_next_month
2026-01-19T17:00:00+00:00,2026-01,2900.989999996302,flat_next_month
2026-01-19T18:00:00+00:00,2026-01,2900.989999996244,flat_next_month
2026-01-19T19:00:00+00:00,2026-01,2900.989999996205,flat_next_month
2026-01-19T20:00:00+00:00,2026-01,2900.989999996185,flat_next_month
2026-01-19T21:00:00+00:00,2026-01,2900.989999996186,flat_next_month
2026-01-19T22:00:00+00:00,2026-01,2900.989999996209,flat_next_month
2026-01-19T23:00:00+00:00,2026-01,2900.989999996253,flat_next_month
2026-01-20T00:00:00+00:00,2026-01,2900.98999999632,flat_next_month
2026-01-20T01:00:00+00:00,2026-01,2900.989999996409,flat_next_month
2026-01-20T02:00:00+00:00,2026-01,2900.9899999965205,flat_next_month
2026-01-20T03:00:00+00:00,2026-01,2900.989999996654,flat_next_month
2026-01-20T04:00:00+00:00,2026-01,2900.98999999681,flat_next_month
2026-01-20T05:00:00+00:00,2026-01,2900.9899999969875,flat_next_month
2026-01-20T06:00:00+00:00,2026-01,2900.989999997188,flat_next_month
2026-01-20T07:00:00+00:00,2026-01,2900.989999997412,flat_next_month
2026-01-20T08:00:00+00:00,2026-01,2900.989999997661,flat_next_month
2026-01-20T09:00:00+00:00,2026-01,2900.9899999979366,flat_next_month
2026-01-20T10:00:00+00:00,2026-01,2900.9899999982413,flat_next_month
2026-01-20T11:00:00+00:00,2026-01,2900.9899999985737,flat_next_month
2026-01-20T12:00:00+00:00,2026-01,2900.989999998932,flat_next_month
2026-01-20T13:00:00+00:00,2026-01,2900.989999999315,flat_next_month
2026-01-20T14:00:00+00:00,2026-01,2900.989999999721,flat_next_month
2026-01-20T15:00:00+00:00,2026-01,2900.9900000001503,flat_next_month
2026-01-20T16:00:00+00:00,2026-01,2900.9900000005982,flat_next_month
2026-01-20T17:00:00+00:00,2026-01,2900.990000001062,flat_next_month
2026-01-20T18:00:00+00:00,2026-01,2900.990000001539,flat_next_month
2026-01-20T19:00:00+00:00,2026-01,2900.9900000020257,flat_next_month
2026-01-20T20:00:00+00:00,2026-01,2900.990000002518,flat_next_month
2026-01-20T21:00:00+00:00,2026-01,2900.990000003011,flat_next_month
2026-01-20T22:00:00+00:00,2026-01,2900.9900000034977,flat_next_month
2026-01-20T23:00:00+00:00,2026-01,2900.99000000397,flat_next_month
2026-01-21T00:00:00+00:00,2026-01,2900.99000000442,flat_next_month
2026-01-21T01:00:00+00:00,2026-01,2900.99000000484,flat_next_month
2026-01-21T02:00:00+00:00,2026-01,2900.990000005218,flat_next_month
2026-01-21T03:00:00+00:00,2026-01,2900.990000005542,flat_next_month
2026-01-21T04:00:00+00:00,2026-01,2900.990000005797,flat_next_month
2026-01-21T05:00:00+00:00,2026-01,2900.9900000059674,flat_next_month
2026-01-21T06:00:00+00:00,2026-01,2900.990000006037,flat_next_month
2026-01-21T07:00:00+00:00,2026-01,2900.990000005992,flat_next_month
2026-01-21T08:00:00+00:00,2026-01,2900.990000005816,flat_next_month
2026-01-21T09:00:00+00:00,2026-01,2900.990000005493,flat_next_month
2026-01-21T10:00:00+00:00,2026-01,2900.9900000050056,flat_next_month
2026-01-21T11:00:00+00:00,2026-01,2900.990000004336,flat_next_month
2026-01-21T12:00:00+00:00,2026-01,2900.9900000034663,flat_next_month
2026-01-21T13:00:00+00:00,2026-01,2900.99000000238,flat_next_month
2026-01-21T14:00:00+00:00,2026-01,2900.990000001059,flat_next_month
2026-01-21T15:00:00+00:00,2026-01,2900.989999999484,flat_next_month
2026-01-21T16:00:00+00:00,2026-01,2900.989999997636,flat_next_month
2026-01-21T17:00:00+00:00,2026-01,2900.989999995497,flat_next_month
2026-01-21T18:00:00+00:00,2026-01,2900.9899999930494,flat_next_month
2026-01-21T19:00:00+00:00,2026-01,2900.9899999902764,flat_next_month
2026-01-21T20:00:00+00:00,2026-01,2900.98999998716,flat_next_month
2026-01-21T21:00:00+00:00,2026-01,2900.9899999836844,flat_next_month
2026-01-21T22:00:00+00:00,2026-01,2900.989999979832,flat_next_month
2026-01-21T23:00:00+00:00,2026-01,2900.9899999755867,flat_next_month
2026-01-22T00:00:00+00:00,2026-01,2900.989999970933,flat_next_month
2026-01-22T01:00:00+00:00,2026-01,2900.989999965861,flat_next_month
2026-01-22T02:00:00+00:00,2026-01,2900.989999960361,flat_next_month
2026-01-22T03:00:00+00:00,2026-01,2900.989999954428,flat_next_month
2026-01-22T04:00:00+00:00,2026-01,2900.9899999480585,flat_next_month
2026-01-22T05:00:00+00:00,2026-01,2900.989999941255,flat_next_month
2026-01-22T06:00:00+00:00,2026-01,2900.9899999340246,flat_next_month
2026-01-22T07:00:00+00:00,2026-01,2900.98999992638,flat_next_month
2026-01-22T08:00:00+00:00,2026-01,2900.98999991834,flat_next_month
2026-01-22T09:00:00+00:00,2026-01,2900.989999909932,flat_next_month
2026-01-22T10:00:00+00:00,2026-01,2900.989999901188,flat_next_month
2026-01-22T11:00:00+00:00,2026-01,2900.9899998921533,flat_next_month
2026-01-22T12:00:00+00:00,2026-01,2900.9899998828823,flat_next_month
2026-01-22T13:00:00+00:00,2026-01,2900.9899998734377,flat_next_month
2026-01-22T14:00:00+00:00,2026-01,2900.989999863892,flat_next_month
2026-01-22T15:00:00+00:00,2026-01,2900.989999854329,flat_next_month
2026-01-22T16:00:00+00:00,2026-01,2900.989999844849,flat_next_month
2026-01-22T17:00:00+00:00,2026-01,2900.9899998355654,flat_next_month
2026-01-22T18:00:00+00:00,2026-01,2900.989999826605,flat_next_month
2026-01-22T19:00:00+00:00,2026-01,2900.989999818112,flat_next_month
2026-01-22T20:00:00+00:00,2026-01,2900.989999810247,flat_next_month
2026-01-22T21:00:00+00:00,2026-01,2900.989999803187,flat_next_month
2026-01-22T22:00:00+00:00,2026-01,2900.9899997971297,flat_next_month
2026-01-22T23:00:00+00:00,2026-01,2900.989999792293,flat_next_month
2026-01-23T00:00:00+00:00,2026-01,2900.989999788916,flat_next_month
2026-01-23T01:00:00+00:00,2026-01,2900.9899997872567,flat_next_month
2026-01-23T02:00:00+00:00,2026-01,2900.989999787597,flat_next_month
2026-01-23T03:00:00+00:00,2026-01,2900.9899997902376,flat_next_month
2026-01-23T04:00:00+00:00,2026-01,2900.9899997955013,flat_next_month
2026-01-23T05:00:00+00:00,2026-01,2900.989999803733,flat_next_month
2026-01-23T06:00:00+00:00,2026-01,2900.9899998152982,flat_next_month
2026-01-23T07:00:00+00:00,2026-01,2900.9899998305814,flat_next_month
2026-01-23T08:00:00+00:00,2026-01,2900.9899998499877,flat_next_month
2026-01-23T09:00:00+00:00,2026-01,2900.989999873937,flat_next_month
2026-01-23T10:00:00+00:00,2026-01,2900.9899999028667,flat_next_month
2026-01-23T11:00:00+00:00,2026-01,2900.9899999372237,flat_next_month
2026-01-23T12:00:00+00:00,2026-01,2900.989999977466,flat_next_month
2026-01-23T13:00:00+00:00,2026-01,2900.990000024058,flat_next_month
2026-01-23T14:00:00+00:00,2026-01,2900.9900000774664,flat_next_month
2026-01-23T15:00:00+00:00,2026-01,2900.9900001381534,flat_next_month
2026-01-23T16:00:00+00:00,2026-01,2900.990000206576,flat_next_month
2026-01-23T17:00:00+00:00,2026-01,2900.990000283175,flat_next_month
2026-01-23T18:00:00+00:00,2026-01,2900.9900003683715,flat_next_month
2026-01-23T19:00:00+00:00,2026-01,2900.990000462558,flat_next_month
2026-01-23T20:00:00+00:00,2026-01,2900.9900005660925,flat_next_month
2026-01-23T21:00:00+00:00,2026-01,2900.990000679287,flat_next_month
2026-01-23T22:00:00+00:00,2026-01,2900.9900008023938,flat_next_month
2026-01-23T23:00:00+00:00,2026-01,2900.9900009355983,flat_next_month
2026-01-24T00:00:00+00:00,2026-01,2900.990001079008,flat_next_month
2026-01-24T01:00:00+00:00,2026-01,2900.990001232634,flat_next_month
2026-01-24T02:00:00+00:00,2026-01,2900.9900013963806,flat_next_month
2026-01-24T03:00:00+00:00,2026-01,2900.9900015700305,flat_next_month
2026-01-24T04:00:00+00:00,2026-01,2900.990001753225,flat_next_month
2026-01-24T05:00:00+00:00,2026-01,2900.990001945449,flat_next_month
2026-01-24T06:00:00+00:00,2026-01,2900.990002146013,flat_next_month
2026-01-24T07:00:00+00:00,2026-01,2900.9900023540326,flat_next_month
2026-01-24T08:00:00+00:00,2026-01,2900.990002568409,flat_next_month
2026-01-24T09:00:00+00:00,2026-01,2900.990002787807,flat_next_month
2026-01-24T10:00:00+00:00,2026-01,2900.990003010633,flat_next_month
2026-01-24T11:00:00+00:00,2026-01,2900.990003235014,flat_next_month
2026-01-24T12:00:00+00:00,2026-01,2900.990003458777,flat_next_month
2026-01-24T13:00:00+00:00,2026-01,2900.9900036794274,flat_next_month
2026-01-24T14:00:00+00:00,2026-01,2900.9900038941214,flat_next_month
2026-01-24T15:00:00+00:00,2026-01,2900.990004099649,flat_next_month
2026-01-24T16:00:00+00:00,2026-01,2900.9900042924096,flat_next_month
2026-01-24T17:00:00+00:00,2026-01,2900.990004468392,flat_next_month
2026-01-24T18:00:00+00:00,2026-01,2900.9900046231573,flat_next_month
2026-01-24T19:00:00+00:00,2026-01,2900.99000475182,flat_next_month
2026-01-24T20:00:00+00:00,2026-01,2900.9900048490304,flat_next_month
2026-01-24T21:00:00+00:00,2026-01,2900.990004908964,flat_next_month
2026-01-24T22:00:00+00:00,2026-01,2900.9900049253115,flat_next_month
2026-01-24T23:00:00+00:00,2026-01,2900.9900048912727,flat_next_month
2026-01-25T00:00:00+00:00,2026-01,2900.990004799554,flat_next_month
2026-01-25T01:00:00+00:00,2026-01,2900.9900046423704,flat_next_month
2026-01-25T02:00:00+00:00,2026-01,2900.990004411461,flat_next_month
2026-01-25T03:00:00+00:00,2026-01,2900.990004098099,flat_next_month
2026-01-25T04:00:00+00:00,2026-01,2900.990003693116,flat_next_month
2026-01-25T05:00:00+00:00,2026-01,2900.990003186932,flat_next_month
2026-01-25T06:00:00+00:00,2026-01,2900.990002569599,flat_next_month
2026-01-25T07:00:00+00:00,2026-01,2900.990001830849,flat_next_month
2026-01-25T08:00:00+00:00,2026-01,2900.9900009601583,flat_next_month
2026-01-25T09:00:00+00:00,2026-01,2900.98999994682,flat_next_month
2026-01-25T10:00:00+00:00,2026-01,2900.98999878003,flat_next_month
2026-01-25T11:00:00+00:00,2026-01,2900.98999744899,flat_next_month
2026-01-25T12:00:00+00:00,2026-01,2900.989995943024,flat_next_month
2026-01-25T13:00:00+00:00,2026-01,2900.989994251708,flat_next_month
2026-01-25T14:00:00+00:00,2026-01,2900.989992365026,flat_next_month
2026-01-25T15:00:00+00:00,2026-01,2900.989990273536,flat_next_month
2026-01-25T16:00:00+00:00,2026-01,2900.989987968559,flat_next_month
2026-01-25T17:00:00+00:00,2026-01,2900.98998544239,flat_next_month
2026-01-25T18:00:00+00:00,2026-01,2900.9899826885285,flat_next_month
2026-01-25T19:00:00+00:00,2026-01,2900.9899797019284,flat_next_month
2026-01-25T20:00:00+00:00,2026-01,2900.9899764792767,flat_next_month
2026-01-25T21:00:00+00:00,2026-01,2900.9899730192888,flat_next_month
2026-01-25T22:00:00+00:00,2026-01,2900.989969323032,flat_next_month
2026-01-25T23:00:00+00:00,2026-01,2900.989965394271,flat_next_month
2026-01-26T00:00:00+00:00,2026-01,2900.9899612398417,flat_next_month
2026-01-26T01:00:00+00:00,2026-01,2900.9899568700384,flat_next_month
2026-01-26T02:00:00+00:00,2026-01,2900.989952299031,flat_next_month
2026-01-26T03:00:00+00:00,2026-01,2900.9899475453008,flat_next_month
2026-01-26T04:00:00+00:00,2026-01,2900.9899426320985,flat_next_month
2026-01-26T05:00:00+00:00,2026-01,2900.98993758792,flat_next_month
2026-01-26T06:00:00+00:00,2026-01,2900.989932446998,flat_next_month
2026-01-26T07:00:00+00:00,2026-01,2900.989927249808,flat_next_month
2026-01-26T08:00:00+00:00,2026-01,2900.9899220435805,flat_next_month
2026-01-26T09:00:00+00:00,2026-01,2900.989916882822,flat_next_month
2026-01-26T10:00:00+00:00,2026-01,2900.989911829834,flat_next_month
2026-01-26T11:00:00+00:00,2026-01,2900.989906955229,flat_next_month
2026-01-26T12:00:00+00:00,2026-01,2900.989902338436,flat_next_month
2026-01-26T13:00:00+00:00,2026-01,2900.9898980681905,flat_next_month
2026-01-26T14:00:00+00:00,2026-01,2900.989894242993,flat_next_month
2026-01-26T15:00:00+00:00,2026-01,2900.98989097154,flat_next_month
2026-01-26T16:00:00+00:00,2026-01,2900.9898883731003,flat_next_month
2026-01-26T17:00:00+00:00,2026-01,2900.9898865778514,flat_next_month
2026-01-26T18:00:00+00:00,2026-01,2900.9898857271314,flat_next_month
2026-01-26T19:00:00+00:00,2026-01,2900.989885973624,flat_next_month
2026-01-26T20:00:00+00:00,2026-01,2900.989887481437,flat_next_month
2026-01-26T21:00:00+00:00,2026-01,2900.9898904260845,flat_next_month
2026-01-26T22:00:00+00:00,2026-01,2900.98989499433,flat_next_month
2026-01-26T23:00:00+00:00,2026-01,2900.989901383896,flat_next_month
2026-01-27T00:00:00+00:00,2026-01,2900.9899098030032,flat_next_month
2026-01-27T01:00:00+00:00,2026-01,2900.9899204697376,flat_next_month
2026-01-27T02:00:00+00:00,2026-01,2900.9899336112035,flat_next_month
2026-01-27T03:00:00+00:00,2026-01,2900.989949462456,flat_next_month
2026-01-27T04:00:00+00:00,2026-01,2900.9899682651885,flat_next_month
2026-01-27T05:00:00+00:00,2026-01,2900.989990266148,flat_next_month
2026-01-27T06:00:00+00:00,2026-01,2900.9900157152547,flat_next_month
2026-01-27T07:00:00+00:00,2026-01,2900.9900448634016,flat_next_month
2026-01-27T08:00:00+00:00,2026-01,2900.990077959912,flat_next_month
2026-01-27T09:00:00+00:00,2026-01,2900.99011524962,flat_next_month
2026-01-27T10:00:00+00:00,2026-01,2900.990156969569,flat_next_month
2026-01-27T11:00:00+00:00,2026-01,2900.9902033452745,flat_next_month
2026-01-27T12:00:00+00:00,2026-01,2900.990254586556,flat_next_month
2026-01-27T13:00:00+00:00,2026-01,2900.990310882899,flat_next_month
2026-01-27T14:00:00+00:00,2026-01,2900.9903723983293,flat_next_month
2026-01-27T15:00:00+00:00,2026-01,2900.990439265786,flat_next_month
2026-01-27T16:00:00+00:00,2026-01,2900.9905115809674,flat_next_month
2026-01-27T17:00:00+00:00,2026-01,2900.990589395645,flat_next_month
2026-01-27T18:00:00+00:00,2026-01,2900.990672710433,flat_next_month
2026-01-27T19:00:00+00:00,2026-01,2900.990761467004,flat_next_month
2026-01-27T20:00:00+00:00,2026-01,2900.990855539761,flat_next_month
2026-01-27T21:00:00+00:00,2026-01,2900.990954726957,flat_next_month
2026-01-27T22:00:00+00:00,2026-01,2900.9910587412933,flat_next_month
2026-01-27T23:00:00+00:00,2026-01,2900.991167199994,flat_next_month
2026-01-28T00:00:00+00:00,2026-01,2900.9912796144104,flat_next_month
2026-01-28T01:00:00+00:00,2026-01,2900.991395379172,flat_next_month
2026-01-28T02:00:00+00:00,2026-01,2900.991513760944,flat_next_month
2026-01-28T03:00:00+00:00,2026-01,2900.991633886854,flat_next_month
2026-01-28T04:00:00+00:00,2026-01,2900.991754732653,flat_next_month
2026-01-28T05:00:00+00:00,2026-01,2900.991875110707,flat_next_month
2026-01-28T06:00:00+00:00,2026-01,2900.9919936579063,flat_next_month
2026-01-28T07:00:00+00:00,2026-01,2900.99210882363,flat_next_month
2026-01-28T08:00:00+00:00,2026-01,2900.9922188578907,flat_next_month
2026-01-28T09:00:00+00:00,2026-01,2900.99232179982,flat_next_month
2026-01-28T10:00:00+00:00,2026-01,2900.992415466661,flat_next_month
2026-01-28T11:00:00+00:00,2026-01,2900.992497443481,flat_next_month
2026-01-28T12:00:00+00:00,2026-01,2900.9925650737973,flat_next_month
2026-01-28T13:00:00+00:00,2026-01,2900.9926154513846,flat_next_month
2026-01-28T14:00:00+00:00,2026-01,2900.9926454135098,flat_next_month
2026-01-28T15:00:00+00:00,2026-01,2900.9926515358948,flat_next_month
2026-01-28T16:00:00+00:00,2026-01,2900.9926301297205,flat_next_month
2026-01-28T17:00:00+00:00,2026-01,2900.992577241016,flat_next_month
2026-01-28T18:00:00+00:00,2026-01,2900.992488652796,flat_next_month
2026-01-28T19:00:00+00:00,2026-01,2900.9923598903542,flat_next_month
2026-01-28T20:00:00+00:00,2026-01,2900.992186230119,flat_next_month
2026-01-28T21:00:00+00:00,2026-01,2900.991962712528,flat_next_month
2026-01-28T22:00:00+00:00,2026-01,2900.991684159398,flat_next_month
2026-01-28T23:00:00+00:00,2026-01,2900.991345196274,flat_next_month
2026-01-29T00:00:00+00:00,2026-01,2900.990940280282,flat_next_month
2026-01-29T01:00:00+00:00,2026-01,2900.99046373403,flat_next_month
2026-01-29T02:00:00+00:00,2026-01,2900.9899097860985,flat_next_month
2026-01-29T03:00:00+00:00,2026-01,2900.9892726186927,flat_next_month
2026-01-29T04:00:00+00:00,2026-01,2900.988546423042,flat_next_month
2026-01-29T05:00:00+00:00,2026-01,2900.98772546311,flat_next_month
2026-01-29T06:00:00+00:00,2026-01,2900.986804148222,flat_next_month
2026-01-29T07:00:00+00:00,2026-01,2900.985777115154,flat_next_month
2026-01-29T08:00:00+00:00,2026-01,2900.9846393202765,flat_next_month
2026-01-29T09:00:00+00:00,2026-01,2900.9833861422435,flat_next_month
2026-01-29T10:00:00+00:00,2026-01,2900.9820134957795,flat_next_month
2026-01-29T11:00:00+00:00,2026-01,2900.9805179569958,flat_next_month
2026-01-29T12:00:00+00:00,2026-01,2900.978896900653,flat_next_month
2026-01-29T13:00:00+00:00,2026-01,2900.97714864972,flat_next_month
2026-01-29T14:00:00+00:00,2026-01,2900.975272637472,flat_next_month
2026-01-29T15:00:00+00:00,2026-01,2900.9732695823213,flat_next_month
2026-01-29T16:00:00+00:00,2026-01,2900.971141675413,flat_next_month
2026-01-29T17:00:00+00:00,2026-01,2900.9688927809384,flat_next_month
2026-01-29T18:00:00+00:00,2026-01,2900.966528648917,flat_next_month
2026-01-29T19:00:00+00:00,2026-01,2900.964057140093,flat_next_month
2026-01-29T20:00:00+00:00,2026-01,2900.9614884623443,flat_next_month
2026-01-29T21:00:00+00:00,2026-01,2900.958835417832,flat_next_month
2026-01-29T22:00:00+00:00,2026-01,2900.9561136598736,flat_next_month
2026-01-29T23:00:00+00:00,2026-01,2900.9533419582435,flat_next_month
2026-01-30T00:00:00+00:00,2026-01,2900.9505424713507,flat_next_month
2026-01-30T01:00:00+00:00,2026-01,2900.94774102341,flat_next_month
2026-01-30T02:00:00+00:00,2026-01,2900.944967384389,flat_next_month
2026-01-30T03:00:00+00:00,2026-01,2900.9422555501537,flat_next_month
2026-01-30T04:00:00+00:00,2026-01,2900.939644019828,flat_next_month
2026-01-30T05:00:00+00:00,2026-01,2900.937176066981,flat_next_month
2026-01-30T06:00:00+00:00,2026-01,2900.93490000078,flat_next_month
2026-01-30T07:00:00+00:00,2026-01,2900.9328694127857,flat_next_month
2026-01-30T08:00:00+00:00,2026-01,2900.931143404556,flat_next_month
2026-01-30T09:00:00+00:00,2026-01,2900.92978679071,flat_next_month
2026-01-30T10:00:00+00:00,2026-01,2900.928870271525,flat_next_month
2026-01-30T11:00:00+00:00,2026-01,2900.9284705686,flat_next_month
2026-01-30T12:00:00+00:00,2026-01,2900.928670516505,flat_next_month
2026-01-30T13:00:00+00:00,2026-01,2900.9295591027576,flat_next_month
2026-01-30T14:00:00+00:00,2026-01,2900.93123144782,flat_next_month
2026-01-30T15:00:00+00:00,2026-01,2900.9337887162465,flat_next_month
2026-01-30T16:00:00+00:00,2026-01,2900.937337949445,flat_next_month
2026-01-30T17:00:00+00:00,2026-01,2900.941991809916,flat_next_month
2026-01-30T18:00:00+00:00,2026-01,2900.947868226364,flat_next_month
2026-01-30T19:00:00+00:00,2026-01,2900.955089928313,flat_next_month
2026-01-30T20:00:00+00:00,2026-01,2900.9637838584654,flat_next_month
2026-01-30T21:00:00+00:00,2026-01,2900.974080450529,flat_next_month
2026-01-30T22:00:00+00:00,2026-01,2900.986112759827,flat_next_month
2026-01-30T23:00:00+00:00,2026-01,2901.000015433636,flat_next_month
2026-01-31T00:00:00+00:00,2026-01,2901.015923507956,flat_next_month
2026-01-31T01:00:00+00:00,2026-01,2901.033971017246,flat_next_month
2026-01-31T02:00:00+00:00,2026-01,2901.054289403612,flat_next_month
2026-01-31T03:00:00+00:00,2026-01,2901.077005712057,flat_next_month
2026-01-31T04:00:00+00:00,2026-01,2901.1022405586477,flat_next_month
2026-01-31T05:00:00+00:00,2026-01,2901.130105858874,flat_next_month
2026-01-31T06:00:00+00:00,2026-01,2901.160702304174,flat_next_month
2026-01-31T07:00:00+00:00,2026-01,2901.1941165754,flat_next_month
2026-01-31T08:00:00+00:00,2026-01,2901.230418283175,flat_next_month
2026-01-31T09:00:00+00:00,2026-01,2901.269656626462,flat_next_month
2026-01-31T10:00:00+00:00,2026-01,2901.311856762397,flat_next_month
2026-01-31T11:00:00+00:00,2026-01,2901.3570158824523,flat_next_month
2026-01-31T12:00:00+00:00,2026-01,2901.4050989924253,flat_next_month
2026-01-31T13:00:00+00:00,2026-01,2901.4560343965245,flat_next_month
2026-01-31T14:00:00+00:00,2026-01,2901.50970888906,flat_next_month
2026-01-31T15:00:00+00:00,2026-01,2901.5659626609004,flat_next_month
2026-01-31T16:00:00+00:00,2026-01,2901.624583932027,flat_next_month
2026-01-31T17:00:00+00:00,2026-01,2901.685303326152,flat_next_month
2026-01-31T18:00:00+00:00,2026-01,2901.7477880085976,flat_next_month
2026-01-31T19:00:00+00:00,2026-01,2901.811635614352,flat_next_month
