time_utc,time_turkey,delivery_month,contract_name,hourly_forward_TRY_MWh,source,interpolation_flag,extrapolation_flag,near_term_anchor_flag
2025-12-31T20:00:00+00:00,2025-12-31T23:00:00+03:00,2025-12,,2900.99000000224,near_term_anchor:flat_next_month,True,True,True
2025-12-31T21:00:00+00:00,2026-01-01T00:00:00+03:00,2026-01,,2900.9900000020675,near_term_anchor:flat_next_month,True,True,True
2025-12-31T22:00:00+00:00,2026-01-01T01:00:00+03:00,2026-01,,2900.990000001896,near_term_anchor:flat_next_month,True,True,True
2025-12-31T23:00:00+00:00,2026-01-01T02:00:00+03:00,2026-01,,2900.9900000017287,near_term_anchor:flat_next_month,True,True,True
2026-01-01T00:00:00+00:00,2026-01-01T03:00:00+03:00,2026-01,,2900.990000001567,near_term_anchor:flat_next_month,True,True,True
2026-01-01T01:00:00+00:00,2026-01-01T04:00:00+03:00,2026-01,,2900.9900000014113,near_term_anchor:flat_next_month,True,True,True
2026-01-01T02:00:00+00:00,2026-01-01T05:00:00+03:00,2026-01,,2900.9900000012626,near_term_anchor:flat_next_month,True,True,True
2026-01-01T03:00:00+00:00,2026-01-01T06:00:00+03:00,2026-01,,2900.990000001121,near_term_anchor:flat_next_month,True,True,True
2026-01-01T04:00:00+00:00,2026-01-01T07:00:00+03:00,2026-01,,2900.9900000009884,near_term_anchor:flat_next_month,True,True,True
2026-01-01T05:00:00+00:00,2026-01-01T08:00:00+03:00,2026-01,,2900.9900000008647,near_term_anchor:flat_next_month,True,True,True
2026-01-01T06:00:00+00:00,2026-01-01T09:00:00+03:00,2026-01,,2900.990000000751,near_term_anchor:flat_next_month,True,True,True
2026-01-01T07:00:00+00:00,2026-01-01T10:00:00+03:00,2026-01,,2900.9900000006483,near_term_anchor:flat_next_month,True,True,True
2026-01-01T08:00:00+00:00,2026-01-01T11:00:00+03:00,2026-01,,2900.9900000005564,near_term_anchor:flat_next_month,True,True,True
2026-01-01T09:00:00+00:00,2026-01-01T12:00:00+03:00,2026-01,,2900.9900000004764,near_term_anchor:flat_next_month,True,True,True
2026-01-01T10:00:00+00:00,2026-01-01T13:00:00+03:00,2026-01,,2900.990000000407,near_term_anchor:flat_next_month,True,True,True
2026-01-01T11:00:00+00:00,2026-01-01T14:00:00+03:00,2026-01,,2900.9900000003477,near_term_anchor:flat_next_month,True,True,True
2026-01-01T12:00:00+00:00,2026-01-01T15:00:00+03:00,2026-01,,2900.9900000002986,near_term_anchor:flat_next_month,True,True,True
2026-01-01T13:00:00+00:00,2026-01-01T16:00:00+03:00,2026-01,,2900.99000000026,near_term_anchor:flat_next_month,True,True,True
2026-01-01T14:00:00+00:00,2026-01-01T17:00:00+03:00,2026-01,,2900.9900000002317,near_term_anchor:flat_next_month,True,True,True
2026-01-01T15:00:00+00:00,2026-01-01T18:00:00+03:00,2026-01,,2900.9900000002144,near_term_anchor:flat_next_month,True,True,True
2026-01-01T16:00:00+00:00,2026-01-01T19:00:00+03:00,2026-01,,2900.9900000002076,near_term_anchor:flat_next_month,True,True,True
2026-01-01T17:00:00+00:00,2026-01-01T20:00:00+03:00,2026-01,,2900.990000000211,near_term_anchor:flat_next_month,True,True,True
2026-01-01T18:00:00+00:00,2026-01-01T21:00:00+03:00,2026-01,,2900.9900000002235,near_term_anchor:flat_next_month,True,True,True
2026-01-01T19:00:00+00:00,2026-01-01T22:00:00+03:00,2026-01,,2900.990000000245,near_term_anchor:flat_next_month,True,True,True
2026-01-01T20:00:00+00:00,2026-01-01T23:00:00+03:00,2026-01,,2900.990000000276,near_term_anchor:flat_next_month,True,True,True
2026-01-01T21:00:00+00:00,2026-01-02T00:00:00+03:00,2026-01,,2900.9900000003167,near_term_anchor:flat_next_month,True,True,True
2026-01-01T22:00:00+00:00,2026-01-02T01:00:00+03:00,2026-01,,2900.9900000003686,near_term_anchor:flat_next_month,True,True,True
2026-01-01T23:00:00+00:00,2026-01-02T02:00:00+03:00,2026-01,,2900.9900000004304,near_term_anchor:flat_next_month,True,True,True
2026-01-02T00:00:00+00:00,2026-01-02T03:00:00+03:00,2026-01,,2900.990000000502,near_term_anchor:flat_next_month,True,True,True
2026-01-02T01:00:00+00:00,2026-01-02T04:00:00+03:00,2026-01,,2900.990000000581,near_term_anchor:flat_next_month,True,True,True
2026-01-02T02:00:00+00:00,2026-01-02T05:00:00+03:00,2026-01,,2900.9900000006646,near_term_anchor:flat_next_month,True,True,True
2026-01-02T03:00:00+00:00,2026-01-02T06:00:00+03:00,2026-01,,2900.9900000007524,near_term_anchor:flat_next_month,True,True,True
2026-01-02T04:00:00+00:00,2026-01-02T07:00:00+03:00,2026-01,,2900.9900000008442,near_term_anchor:flat_next_month,True,True,True
2026-01-02T05:00:00+00:00,2026-01-02T08:00:00+03:00,2026-01,,2900.99000000094,near_term_anchor:flat_next_month,True,True,True
2026-01-02T06:00:00+00:00,2026-01-02T09:00:00+03:00,2026-01,,2900.99000000104,near_term_anchor:flat_next_month,True,True,True
2026-01-02T07:00:00+00:00,2026-01-02T10:00:00+03:00,2026-01,,2900.9900000011426,near_term_anchor:flat_next_month,True,True,True
2026-01-02T08:00:00+00:00,2026-01-02T11:00:00+03:00,2026-01,,2900.990000001248,near_term_anchor:flat_next_month,True,True,True
2026-01-02T09:00:00+00:00,2026-01-02T12:00:00+03:00,2026-01,,2900.990000001356,near_term_anchor:flat_next_month,True,True,True
2026-01-02T10:00:00+00:00,2026-01-02T13:00:00+03:00,2026-01,,2900.990000001464,near_term_anchor:flat_next_month,True,True,True
2026-01-02T11:00:00+00:00,2026-01-02T14:00:00+03:00,2026-01,,2900.9900000015714,near_term_anchor:flat_next_month,True,True,True
2026-01-02T12:00:00+00:00,2026-01-02T15:00:00+03:00,2026-01,,2900.990000001675,near_term_anchor:flat_next_month,True,True,True
2026-01-02T13:00:00+00:00,2026-01-02T16:00:00+03:00,2026-01,,2900.990000001773,near_term_anchor:flat_next_month,True,True,True
2026-01-02T14:00:00+00:00,2026-01-02T17:00:00+03:00,2026-01,,2900.9900000018624,near_term_anchor:flat_next_month,True,True,True
2026-01-02T15:00:00+00:00,2026-01-02T18:00:00+03:00,2026-01,,2900.9900000019416,near_term_anchor:flat_next_month,True,True,True
2026-01-02T16:00:00+00:00,2026-01-02T19:00:00+03:00,2026-01,,2900.9900000020098,near_term_anchor:flat_next_month,True,True,True
2026-01-02T17:00:00+00:00,2026-01-02T20:00:00+03:00,2026-01,,2900.9900000020666,near_term_anchor:flat_next_month,True,True,True
2026-01-02T18:00:00+00:00,2026-01-02T21:00:00+03:00,2026-01,,2900.990000002112,near_term_anchor:flat_next_month,True,True,True
2026-01-02T19:00:00+00:00,2026-01-02T22:00:00+03:00,2026-01,,2900.9900000021444,near_term_anchor:flat_next_month,True,True,True
2026-01-02T20:00:00+00:00,2026-01-02T23:00:00+03:00,2026-01,,2900.990000002165,near_term_anchor:flat_next_month,True,True,True
2026-01-02T21:00:00+00:00,2026-01-03T00:00:00+03:00,2026-01,,2900.9900000021717,near_term_anchor:flat_next_month,True,True,True
2026-01-02T22:00:00+00:00,2026-01-03T01:00:00+03:00,2026-01,,2900.990000002164,near_term_anchor:flat_next_month,True,True,True
2026-01-02T23:00:00+00:00,2026-01-03T02:00:00+03:00,2026-01,,2900.990000002141,near_term_anchor:flat_next_month,True,True,True
2026-01-03T00:00:00+00:00,2026-01-03T03:00:00+03:00,2026-01,,2900.9900000021025,near_term_anchor:flat_next_month,True,True,True
2026-01-03T01:00:00+00:00,2026-01-03T04:00:00+03:00,2026-01,,2900.9900000020475,near_term_anchor:flat_next_month,True,True,True
2026-01-03T02:00:00+00:00,2026-01-03T05:00:00+03:00,2026-01,,2900.9900000019757,near_term_anchor:flat_next_month,True,True,True
2026-01-03T03:00:00+00:00,2026-01-03T06:00:00+03:00,2026-01,,2900.990000001885,near_term_anchor:flat_next_month,True,True,True
2026-01-03T04:00:00+00:00,2026-01-03T07:00:00+03:00,2026-01,,2900.9900000017747,near_term_anchor:flat_next_month,True,True,True
2026-01-03T05:00:00+00:00,2026-01-03T08:00:00+03:00,2026-01,,2900.9900000016473,near_term_anchor:flat_next_month,True,True,True
2026-01-03T06:00:00+00:00,2026-01-03T09:00:00+03:00,2026-01,,2900.990000001506,near_term_anchor:flat_next_month,True,True,True
2026-01-03T07:00:00+00:00,2026-01-03T10:00:00+03:00,2026-01,,2900.9900000013536,near_term_anchor:flat_next_month,True,True,True
2026-01-03T08:00:00+00:00,2026-01-03T11:00:00+03:00,2026-01,,2900.990000001195,near_term_anchor:flat_next_month,True,True,True
2026-01-03T09:00:00+00:00,2026-01-03T12:00:00+03:00,2026-01,,2900.9900000010316,near_term_anchor:flat_next_month,True,True,True
2026-01-03T10:00:00+00:00,2026-01-03T13:00:00+03:00,2026-01,,2900.990000000866,near_term_anchor:flat_next_month,True,True,True
2026-01-03T11:00:00+00:00,2026-01-03T14:00:00+03:00,2026-01,,2900.9900000006996,near_term_anchor:flat_next_month,True,True,True
2026-01-03T12:00:00+00:00,2026-01-03T15:00:00+03:00,2026-01,,2900.990000000534,near_term_anchor:flat_next_month,True,True,True
2026-01-03T13:00:00+00:00,2026-01-03T16:00:00+03:00,2026-01,,2900.990000000372,near_term_anchor:flat_next_month,True,True,True
2026-01-03T14:00:00+00:00,2026-01-03T17:00:00+03:00,2026-01,,2900.9900000002144,near_term_anchor:flat_next_month,True,True,True
2026-01-03T15:00:00+00:00,2026-01-03T18:00:00+03:00,2026-01,,2900.9900000000616,near_term_anchor:flat_next_month,True,True,True
2026-01-03T16:00:00+00:00,2026-01-03T19:00:00+03:00,2026-01,,2900.9899999999134,near_term_anchor:flat_next_month,True,True,True
2026-01-03T17:00:00+00:00,2026-01-03T20:00:00+03:00,2026-01,,2900.9899999997688,near_term_anchor:flat_next_month,True,True,True
2026-01-03T18:00:00+00:00,2026-01-03T21:00:00+03:00,2026-01,,2900.9899999996273,near_term_anchor:flat_next_month,True,True,True
2026-01-03T19:00:00+00:00,2026-01-03T22:00:00+03:00,2026-01,,2900.989999999492,near_term_anchor:flat_next_month,True,True,True
2026-01-03T20:00:00+00:00,2026-01-03T23:00:00+03:00,2026-01,,2900.989999999362,near_term_anchor:flat_next_month,True,True,True
2026-01-03T21:00:00+00:00,2026-01-04T00:00:00+03:00,2026-01,,2900.9899999992394,near_term_anchor:flat_next_month,True,True,True
2026-01-03T22:00:00+00:00,2026-01-04T01:00:00+03:00,2026-01,,2900.989999999124,near_term_anchor:flat_next_month,True,True,True
2026-01-03T23:00:00+00:00,2026-01-04T02:00:00+03:00,2026-01,,2900.9899999990166,near_term_anchor:flat_next_month,True,True,True
2026-01-04T00:00:00+00:00,2026-01-04T03:00:00+03:00,2026-01,,2900.9899999989193,near_term_anchor:flat_next_month,True,True,True
2026-01-04T01:00:00+00:00,2026-01-04T04:00:00+03:00,2026-01,,2900.989999998834,near_term_anchor:flat_next_month,True,True,True
2026-01-04T02:00:00+00:00,2026-01-04T05:00:00+03:00,2026-01,,2900.9899999987615,near_term_anchor:flat_next_month,True,True,True
2026-01-04T03:00:00+00:00,2026-01-04T06:00:00+03:00,2026-01,,2900.989999998701,near_term_anchor:flat_next_month,True,True,True
2026-01-04T04:00:00+00:00,2026-01-04T07:00:00+03:00,2026-01,,2900.9899999986515,near_term_anchor:flat_next_month,True,True,True
2026-01-04T05:00:00+00:00,2026-01-04T08:00:00+03:00,2026-01,,2900.989999998613,near_term_anchor:flat_next_month,True,True,True
2026-01-04T06:00:00+00:00,2026-01-04T09:00:00+03:00,2026-01,,2900.9899999985864,near_term_anchor:flat_next_month,True,True,True
2026-01-04T07:00:00+00:00,2026-01-04T10:00:00+03:00,2026-01,,2900.9899999985732,near_term_anchor:flat_next_month,True,True,True
2026-01-04T08:00:00+00:00,2026-01-04T11:00:00+03:00,2026-01,,2900.9899999985737,near_term_anchor:flat_next_month,True,True,True
2026-01-04T09:00:00+00:00,2026-01-04T12:00:00+03:00,2026-01,,2900.9899999985873,near_term_anchor:flat_next_month,True,True,True
2026-01-04T10:00:00+00:00,2026-01-04T13:00:00+03:00,2026-01,,2900.989999998616,near_term_anchor:flat_next_month,True,True,True
2026-01-04T11:00:00+00:00,2026-01-04T14:00:00+03:00,2026-01,,2900.98999999866,near_term_anchor:flat_next_month,True,True,True
2026-01-04T12:00:00+00:00,2026-01-04T15:00:00+03:00,2026-01,,2900.9899999987188,near_term_anchor:flat_next_month,True,True,True
2026-01-04T13:00:00+00:00,2026-01-04T16:00:00+03:00,2026-01,,2900.9899999987897,near_term_anchor:flat_next_month,True,True,True
2026-01-04T14:00:00+00:00,2026-01-04T17:00:00+03:00,2026-01,,2900.9899999988684,near_term_anchor:flat_next_month,True,True,True
2026-01-04T15:00:00+00:00,2026-01-04T18:00:00+03:00,2026-01,,2900.9899999989507,near_term_anchor:flat_next_month,True,True,True
2026-01-04T16:00:00+00:00,2026-01-04T19:00:00+03:00,2026-01,,2900.9899999990334,near_term_anchor:flat_next_month,True,True,True
2026-01-04T17:00:00+00:00,2026-01-04T20:00:00+03:00,2026-01,,2900.9899999991126,near_term_anchor:flat_next_month,True,True,True
2026-01-04T18:00:00+00:00,2026-01-04T21:00:00+03:00,2026-01,,2900.989999999187,near_term_anchor:flat_next_month,True,True,True
2026-01-04T19:00:00+00:00,2026-01-04T22:00:00+03:00,2026-01,,2900.9899999992545,near_term_anchor:flat_next_month,True,True,True
2026-01-04T20:00:00+00:00,2026-01-04T23:00:00+03:00,2026-01,,2900.989999999312,near_term_anchor:flat_next_month,True,True,True
2026-01-04T21:00:00+00:00,2026-01-05T00:00:00+03:00,2026-01,,2900.9899999993604,near_term_anchor:flat_next_month,True,True,True
2026-01-04T22:00:00+00:00,2026-01-05T01:00:00+03:00,2026-01,,2900.9899999993977,near_term_anchor:flat_next_month,True,True,True
2026-01-04T23:00:00+00:00,2026-01-05T02:00:00+03:00,2026-01,,2900.989999999423,near_term_anchor:flat_next_month,True,True,True
2026-01-05T00:00:00+00:00,2026-01-05T03:00:00+03:00,2026-01,,2900.9899999994377,near_term_anchor:flat_next_month,True,True,True
2026-01-05T01:00:00+00:00,2026-01-05T04:00:00+03:00,2026-01,,2900.9899999994414,near_term_anchor:flat_next_month,True,True,True
2026-01-05T02:00:00+00:00,2026-01-05T05:00:00+03:00,2026-01,,2900.989999999434,near_term_anchor:flat_next_month,True,True,True
2026-01-05T03:00:00+00:00,2026-01-05T06:00:00+03:00,2026-01,,2900.989999999418,near_term_anchor:flat_next_month,True,True,True
2026-01-05T04:00:00+00:00,2026-01-05T07:00:00+03:00,2026-01,,2900.9899999993954,near_term_anchor:flat_next_month,True,True,True
2026-01-05T05:00:00+00:00,2026-01-05T08:00:00+03:00,2026-01,,2900.989999999368,near_term_anchor:flat_next_month,True,True,True
2026-01-05T06:00:00+00:00,2026-01-05T09:00:00+03:00,2026-01,,2900.989999999338,near_term_anchor:flat_next_month,True,True,True
2026-01-05T07:00:00+00:00,2026-01-05T10:00:00+03:00,2026-01,,2900.9899999993054,near_term_anchor:flat_next_month,True,True,True
2026-01-05T08:00:00+00:00,2026-01-05T11:00:00+03:00,2026-01,,2900.9899999992704,near_term_anchor:flat_next_month,True,True,True
2026-01-05T09:00:00+00:00,2026-01-05T12:00:00+03:00,2026-01,,2900.9899999992344,near_term_anchor:flat_next_month,True,True,True
2026-01-05T10:00:00+00:00,2026-01-05T13:00:00+03:00,2026-01,,2900.989999999198,near_term_anchor:flat_next_month,True,True,True
2026-01-05T11:00:00+00:00,2026-01-05T14:00:00+03:00,2026-01,,2900.9899999991617,near_term_anchor:flat_next_month,True,True,True
2026-01-05T12:00:00+00:00,2026-01-05T15:00:00+03:00,2026-01,,2900.9899999991258,near_term_anchor:flat_next_month,True,True,True
2026-01-05T13:00:00+00:00,2026-01-05T16:00:00+03:00,2026-01,,2900.98999999909,near_term_anchor:flat_next_month,True,True,True
2026-01-05T14:00:00+00:00,2026-01-05T17:00:00+03:00,2026-01,,2900.989999999052,near_term_anchor:flat_next_month,True,True,True
2026-01-05T15:00:00+00:00,2026-01-05T18:00:00+03:00,2026-01,,2900.9899999990125,near_term_anchor:flat_next_month,True,True,True
2026-01-05T16:00:00+00:00,2026-01-05T19:00:00+03:00,2026-01,,2900.98999999897,near_term_anchor:flat_next_month,True,True,True
2026-01-05T17:00:00+00:00,2026-01-05T20:00:00+03:00,2026-01,,2900.9899999989234,near_term_anchor:flat_next_month,True,True,True
2026-01-05T18:00:00+00:00,2026-01-05T21:00:00+03:00,2026-01,,2900.9899999988716,near_term_anchor:flat_next_month,True,True,True
2026-01-05T19:00:00+00:00,2026-01-05T22:00:00+03:00,2026-01,,2900.989999998814,near_term_anchor:flat_next_month,True,True,True
2026-01-05T20:00:00+00:00,2026-01-05T23:00:00+03:00,2026-01,,2900.98999999875,near_term_anchor:flat_next_month,True,True,True
2026-01-05T21:00:00+00:00,2026-01-06T00:00:00+03:00,2026-01,,2900.9899999986797,near_term_anchor:flat_next_month,True,True,True
2026-01-05T22:00:00+00:00,2026-01-06T01:00:00+03:00,2026-01,,2900.9899999986014,near_term_anchor:flat_next_month,True,True,True
2026-01-05T23:00:00+00:00,2026-01-06T02:00:00+03:00,2026-01,,2900.989999998517,near_term_anchor:flat_next_month,True,True,True
2026-01-06T00:00:00+00:00,2026-01-06T03:00:00+03:00,2026-01,,2900.9899999984286,near_term_anchor:flat_next_month,True,True,True
2026-01-06T01:00:00+00:00,2026-01-06T04:00:00+03:00,2026-01,,2900.989999998338,near_term_anchor:flat_next_month,True,True,True
2026-01-06T02:00:00+00:00,2026-01-06T05:00:00+03:00,2026-01,,2900.989999998247,near_term_anchor:flat_next_month,True,True,True
2026-01-06T03:00:00+00:00,2026-01-06T06:00:00+03:00,2026-01,,2900.9899999981576,near_term_anchor:flat_next_month,True,True,True
2026-01-06T04:00:00+00:00,2026-01-06T07:00:00+03:00,2026-01,,2900.989999998071,near_term_anchor:flat_next_month,True,True,True
2026-01-06T05:00:00+00:00,2026-01-06T08:00:00+03:00,2026-01,,2900.989999997989,near_term_anchor:flat_next_month,True,True,True
2026-01-06T06:00:00+00:00,2026-01-06T09:00:00+03:00,2026-01,,2900.989999997912,near_term_anchor:flat_next_month,True,True,True
2026-01-06T07:00:00+00:00,2026-01-06T10:00:00+03:00,2026-01,,2900.989999997841,near_term_anchor:flat_next_month,True,True,True
2026-01-06T08:00:00+00:00,2026-01-06T11:00:00+03:00,2026-01,,2900.9899999977765,near_term_anchor:flat_next_month,True,True,True
2026-01-06T09:00:00+00:00,2026-01-06T12:00:00+03:00,2026-01,,2900.989999997718,near_term_anchor:flat_next_month,True,True,True
2026-01-06T10:00:00+00:00,2026-01-06T13:00:00+03:00,2026-01,,2900.989999997665,near_term_anchor:flat_next_month,True,True,True
2026-01-06T11:00:00+00:00,2026-01-06T14:00:00+03:00,2026-01,,2900.9899999976187,near_term_anchor:flat_next_month,True,True,True
2026-01-06T12:00:00+00:00,2026-01-06T15:00:00+03:00,2026-01,,2900.9899999975783,near_term_anchor:flat_next_month,True,True,True
2026-01-06T13:00:00+00:00,2026-01-06T16:00:00+03:00,2026-01,,2900.9899999975414,near_term_anchor:flat_next_month,True,True,True
2026-01-06T14:00:00+00:00,2026-01-06T17:00:00+03:00,2026-01,,2900.9899999975087,near_term_anchor:flat_next_month,True,True,True
2026-01-06T15:00:00+00:00,2026-01-06T18:00:00+03:00,2026-01,,2900.9899999974796,near_term_anchor:flat_next_month,True,True,True
2026-01-06T16:00:00+00:00,2026-01-06T19:00:00+03:00,2026-01,,2900.9899999974546,near_term_anchor:flat_next_month,True,True,True
2026-01-06T17:00:00+00:00,2026-01-06T20:00:00+03:00,2026-01,,2900.989999997433,near_term_anchor:flat_next_month,True,True,True
2026-01-06T18:00:00+00:00,2026-01-06T21:00:00+03:00,2026-01,,2900.989999997416,near_term_anchor:flat_next_month,True,True,True
2026-01-06T19:00:00+00:00,2026-01-06T22:00:00+03:00,2026-01,,2900.9899999974014,near_term_anchor:flat_next_month,True,True,True
2026-01-06T20:00:00+00:00,2026-01-06T23:00:00+03:00,2026-01,,2900.9899999973895,near_term_anchor:flat_next_month,True,True,True
2026-01-06T21:00:00+00:00,2026-01-07T00:00:00+03:00,2026-01,,2900.9899999973795,near_term_anchor:flat_next_month,True,True,True
2026-01-06T22:00:00+00:00,2026-01-07T01:00:00+03:00,2026-01,,2900.9899999973723,near_term_anchor:flat_next_month,True,True,True
2026-01-06T23:00:00+00:00,2026-01-07T02:00:00+03:00,2026-01,,2900.9899999973677,near_term_anchor:flat_next_month,True,True,True
2026-01-07T00:00:00+00:00,2026-01-07T03:00:00+03:00,2026-01,,2900.989999997368,near_term_anchor:flat_next_month,True,True,True
2026-01-07T01:00:00+00:00,2026-01-07T04:00:00+03:00,2026-01,,2900.9899999973736,near_term_anchor:flat_next_month,True,True,True
2026-01-07T02:00:00+00:00,2026-01-07T05:00:00+03:00,2026-01,,2900.9899999973854,near_term_anchor:flat_next_month,True,True,True
2026-01-07T03:00:00+00:00,2026-01-07T06:00:00+03:00,2026-01,,2900.9899999974054,near_term_anchor:flat_next_month,True,True,True
2026-01-07T04:00:00+00:00,2026-01-07T07:00:00+03:00,2026-01,,2900.989999997434,near_term_anchor:flat_next_month,True,True,True
2026-01-07T05:00:00+00:00,2026-01-07T08:00:00+03:00,2026-01,,2900.9899999974705,near_term_anchor:flat_next_month,True,True,True
2026-01-07T06:00:00+00:00,2026-01-07T09:00:00+03:00,2026-01,,2900.989999997513,near_term_anchor:flat_next_month,True,True,True
2026-01-07T07:00:00+00:00,2026-01-07T10:00:00+03:00,2026-01,,2900.989999997562,near_term_anchor:flat_next_month,True,True,True
2026-01-07T08:00:00+00:00,2026-01-07T11:00:00+03:00,2026-01,,2900.989999997612,near_term_anchor:flat_next_month,True,True,True
2026-01-07T09:00:00+00:00,2026-01-07T12:00:00+03:00,2026-01,,2900.9899999976606,near_term_anchor:flat_next_month,True,True,True
2026-01-07T10:00:00+00:00,2026-01-07T13:00:00+03:00,2026-01,,2900.989999997707,near_term_anchor:flat_next_month,True,True,True
2026-01-07T11:00:00+00:00,2026-01-07T14:00:00+03:00,2026-01,,2900.9899999977506,near_term_anchor:flat_next_month,True,True,True
2026-01-07T12:00:00+00:00,2026-01-07T15:00:00+03:00,2026-01,,2900.989999997791,near_term_anchor:flat_next_month,True,True,True
2026-01-07T13:00:00+00:00,2026-01-07T16:00:00+03:00,2026-01,,2900.9899999978284,near_term_anchor:flat_next_month,True,True,True
2026-01-07T14:00:00+00:00,2026-01-07T17:00:00+03:00,2026-01,,2900.9899999978625,near_term_anchor:flat_next_month,True,True,True
2026-01-07T15:00:00+00:00,2026-01-07T18:00:00+03:00,2026-01,,2900.9899999978943,near_term_anchor:flat_next_month,True,True,True
2026-01-07T16:00:00+00:00,2026-01-07T19:00:00+03:00,2026-01,,2900.9899999979266,near_term_anchor:flat_next_month,True,True,True
2026-01-07T17:00:00+00:00,2026-01-07T20:00:00+03:00,2026-01,,2900.9899999979625,near_term_anchor:flat_next_month,True,True,True
2026-01-07T18:00:00+00:00,2026-01-07T21:00:00+03:00,2026-01,,2900.9899999980034,near_term_anchor:flat_next_month,True,True,True
2026-01-07T19:00:00+00:00,2026-01-07T22:00:00+03:00,2026-01,,2900.9899999980507,near_term_anchor:flat_next_month,True,True,True
2026-01-07T20:00:00+00:00,2026-01-07T23:00:00+03:00,2026-01,,2900.989999998104,near_term_anchor:flat_next_month,True,True,True
2026-01-07T21:00:00+00:00,2026-01-08T00:00:00+03:00,2026-01,,2900.9899999981635,near_term_anchor:flat_next_month,True,True,True
2026-01-07T22:00:00+00:00,2026-01-08T01:00:00+03:00,2026-01,,2900.9899999982295,near_term_anchor:flat_next_month,True,True,True
2026-01-07T23:00:00+00:00,2026-01-08T02:00:00+03:00,2026-01,,2900.989999998302,near_term_anchor:flat_next_month,True,True,True
2026-01-08T00:00:00+00:00,2026-01-08T03:00:00+03:00,2026-01,,2900.989999998383,near_term_anchor:flat_next_month,True,True,True
2026-01-08T01:00:00+00:00,2026-01-08T04:00:00+03:00,2026-01,,2900.9899999984723,near_term_anchor:flat_next_month,True,True,True
2026-01-08T02:00:00+00:00,2026-01-08T05:00:00+03:00,2026-01,,2900.9899999985714,near_term_anchor:flat_next_month,True,True,True
2026-01-08T03:00:00+00:00,2026-01-08T06:00:00+03:00,2026-01,,2900.9899999986815,near_term_anchor:flat_next_month,True,True,True
2026-01-08T04:00:00+00:00,2026-01-08T07:00:00+03:00,2026-01,,2900.989999998802,near_term_anchor:flat_next_month,True,True,True
2026-01-08T05:00:00+00:00,2026-01-08T08:00:00+03:00,2026-01,,2900.9899999989298,near_term_anchor:flat_next_month,True,True,True
2026-01-08T06:00:00+00:00,2026-01-08T09:00:00+03:00,2026-01,,2900.989999999062,near_term_anchor:flat_next_month,True,True,True
2026-01-08T07:00:00+00:00,2026-01-08T10:00:00+03:00,2026-01,,2900.9899999991953,near_term_anchor:flat_next_month,True,True,True
2026-01-08T08:00:00+00:00,2026-01-08T11:00:00+03:00,2026-01,,2900.9899999993286,near_term_anchor:flat_next_month,True,True,True
2026-01-08T09:00:00+00:00,2026-01-08T12:00:00+03:00,2026-01,,2900.989999999461,near_term_anchor:flat_next_month,True,True,True
2026-01-08T10:00:00+00:00,2026-01-08T13:00:00+03:00,2026-01,,2900.9899999995905,near_term_anchor:flat_next_month,True,True,True
2026-01-08T11:00:00+00:00,2026-01-08T14:00:00+03:00,2026-01,,2900.989999999718,near_term_anchor:flat_next_month,True,True,True
2026-01-08T12:00:00+00:00,2026-01-08T15:00:00+03:00,2026-01,,2900.9899999998415,near_term_anchor:flat_next_month,True,True,True
2026-01-08T13:00:00+00:00,2026-01-08T16:00:00+03:00,2026-01,,2900.9899999999598,near_term_anchor:flat_next_month,True,True,True
2026-01-08T14:00:00+00:00,2026-01-08T17:00:00+03:00,2026-01,,2900.9900000000703,near_term_anchor:flat_next_month,True,True,True
2026-01-08T15:00:00+00:00,2026-01-08T18:00:00+03:00,2026-01,,2900.990000000171,near_term_anchor:flat_next_month,True,True,True
2026-01-08T16:00:00+00:00,2026-01-08T19:00:00+03:00,2026-01,,2900.9900000002613,near_term_anchor:flat_next_month,True,True,True
2026-01-08T17:00:00+00:00,2026-01-08T20:00:00+03:00,2026-01,,2900.99000000034,near_term_anchor:flat_next_month,True,True,True
2026-01-08T18:00:00+00:00,2026-01-08T21:00:00+03:00,2026-01,,2900.9900000004077,near_term_anchor:flat_next_month,True,True,True
2026-01-08T19:00:00+00:00,2026-01-08T22:00:00+03:00,2026-01,,2900.9900000004664,near_term_anchor:flat_next_month,True,True,True
2026-01-08T20:00:00+00:00,2026-01-08T23:00:00+03:00,2026-01,,2900.9900000005173,near_term_anchor:flat_next_month,True,True,True
2026-01-08T21:00:00+00:00,2026-01-09T00:00:00+03:00,2026-01,,2900.9900000005623,near_term_anchor:flat_next_month,True,True,True
2026-01-08T22:00:00+00:00,2026-01-09T01:00:00+03:00,2026-01,,2900.9900000006023,near_term_anchor:flat_next_month,True,True,True
2026-01-08T23:00:00+00:00,2026-01-09T02:00:00+03:00,2026-01,,2900.9900000006387,near_term_anchor:flat_next_month,True,True,True
2026-01-09T00:00:00+00:00,2026-01-09T03:00:00+03:00,2026-01,,2900.990000000671,near_term_anchor:flat_next_month,True,True,True
2026-01-09T01:00:00+00:00,2026-01-09T04:00:00+03:00,2026-01,,2900.9900000006983,near_term_anchor:flat_next_month,True,True,True
2026-01-09T02:00:00+00:00,2026-01-09T05:00:00+03:00,2026-01,,2900.9900000007196,near_term_anchor:flat_next_month,True,True,True
2026-01-09T03:00:00+00:00,2026-01-09T06:00:00+03:00,2026-01,,2900.9900000007347,near_term_anchor:flat_next_month,True,True,True
2026-01-09T04:00:00+00:00,2026-01-09T07:00:00+03:00,2026-01,,2900.9900000007433,near_term_anchor:flat_next_month,True,True,True
2026-01-09T05:00:00+00:00,2026-01-09T08:00:00+03:00,2026-01,,2900.9900000007456,near_term_anchor:flat_next_month,True,True,True
2026-01-09T06:00:00+00:00,2026-01-09T09:00:00+03:00,2026-01,,2900.99000000074,near_term_anchor:flat_next_month,True,True,True
2026-01-09T07:00:00+00:00,2026-01-09T10:00:00+03:00,2026-01,,2900.990000000727,near_term_anchor:flat_next_month,True,True,True
2026-01-09T08:00:00+00:00,2026-01-09T11:00:00+03:00,2026-01,,2900.990000000707,near_term_anchor:flat_next_month,True,True,True
2026-01-09T09:00:00+00:00,2026-01-09T12:00:00+03:00,2026-01,,2900.9900000006833,near_term_anchor:flat_next_month,True,True,True
2026-01-09T10:00:00+00:00,2026-01-09T13:00:00+03:00,2026-01,,2900.990000000657,near_term_anchor:flat_next_month,True,True,True
2026-01-09T11:00:00+00:00,2026-01-09T14:00:00+03:00,2026-01,,2900.990000000628,near_term_anchor:flat_next_month,True,True,True
2026-01-09T12:00:00+00:00,2026-01-09T15:00:00+03:00,2026-01,,2900.990000000597,near_term_anchor:flat_next_month,True,True,True
2026-01-09T13:00:00+00:00,2026-01-09T16:00:00+03:00,2026-01,,2900.9900000005655,near_term_anchor:flat_next_month,True,True,True
2026-01-09T14:00:00+00:00,2026-01-09T17:00:00+03:00,2026-01,,2900.990000000535,near_term_anchor:flat_next_month,True,True,True
2026-01-09T15:00:00+00:00,2026-01-09T18:00:00+03:00,2026-01,,2900.9900000005055,near_term_anchor:flat_next_month,True,True,True
2026-01-09T16:00:00+00:00,2026-01-09T19:00:00+03:00,2026-01,,2900.990000000477,near_term_anchor:flat_next_month,True,True,True
2026-01-09T17:00:00+00:00,2026-01-09T20:00:00+03:00,2026-01,,2900.9900000004495,near_term_anchor:flat_next_month,True,True,True
2026-01-09T18:00:00+00:00,2026-01-09T21:00:00+03:00,2026-01,,2900.990000000423,near_term_anchor:flat_next_month,True,True,True
2026-01-09T19:00:00+00:00,2026-01-09T22:00:00+03:00,2026-01,,2900.9900000003972,near_term_anchor:flat_next_month,True,True,True
2026-01-09T20:00:00+00:00,2026-01-09T23:00:00+03:00,2026-01,,2900.990000000371,near_term_anchor:flat_next_month,True,True,True
2026-01-09T21:00:00+00:00,2026-01-10T00:00:00+03:00,2026-01,,2900.9900000003427,near_term_anchor:flat_next_month,True,True,True
2026-01-09T22:00:00+00:00,2026-01-10T01:00:00+03:00,2026-01,,2900.990000000311,near_term_anchor:flat_next_month,True,True,True
2026-01-09T23:00:00+00:00,2026-01-10T02:00:00+03:00,2026-01,,2900.9900000002754,near_term_anchor:flat_next_month,True,True,True
2026-01-10T00:00:00+00:00,2026-01-10T03:00:00+03:00,2026-01,,2900.9900000002363,near_term_anchor:flat_next_month,True,True,True
2026-01-10T01:00:00+00:00,2026-01-10T04:00:00+03:00,2026-01,,2900.990000000193,near_term_anchor:flat_next_month,True,True,True
2026-01-10T02:00:00+00:00,2026-01-10T05:00:00+03:00,2026-01,,2900.9900000001485,near_term_anchor:flat_next_month,True,True,True
2026-01-10T03:00:00+00:00,2026-01-10T06:00:00+03:00,2026-01,,2900.9900000001026,near_term_anchor:flat_next_month,True,True,True
2026-01-10T04:00:00+00:00,2026-01-10T07:00:00+03:00,2026-01,,2900.9900000000544,near_term_anchor:flat_next_month,True,True,True
2026-01-10T05:00:00+00:00,2026-01-10T08:00:00+03:00,2026-01,,2900.9900000000043,near_term_anchor:flat_next_month,True,True,True
2026-01-10T06:00:00+00:00,2026-01-10T09:00:00+03:00,2026-01,,2900.989999999954,near_term_anchor:flat_next_month,True,True,True
2026-01-10T07:00:00+00:00,2026-01-10T10:00:00+03:00,2026-01,,2900.989999999903,near_term_anchor:flat_next_month,True,True,True
2026-01-10T08:00:00+00:00,2026-01-10T11:00:00+03:00,2026-01,,2900.9899999998515,near_term_anchor:flat_next_month,True,True,True
2026-01-10T09:00:00+00:00,2026-01-10T12:00:00+03:00,2026-01,,2900.989999999799,near_term_anchor:flat_next_month,True,True,True
2026-01-10T10:00:00+00:00,2026-01-10T13:00:00+03:00,2026-01,,2900.989999999744,near_term_anchor:flat_next_month,True,True,True
2026-01-10T11:00:00+00:00,2026-01-10T14:00:00+03:00,2026-01,,2900.989999999688,near_term_anchor:flat_next_month,True,True,True
2026-01-10T12:00:00+00:00,2026-01-10T15:00:00+03:00,2026-01,,2900.989999999628,near_term_anchor:flat_next_month,True,True,True
2026-01-10T13:00:00+00:00,2026-01-10T16:00:00+03:00,2026-01,,2900.9899999995637,near_term_anchor:flat_next_month,True,True,True
2026-01-10T14:00:00+00:00,2026-01-10T17:00:00+03:00,2026-01,,2900.9899999994946,near_term_anchor:flat_next_month,True,True,True
2026-01-10T15:00:00+00:00,2026-01-10T18:00:00+03:00,2026-01,,2900.9899999994204,near_term_anchor:flat_next_month,True,True,True
2026-01-10T16:00:00+00:00,2026-01-10T19:00:00+03:00,2026-01,,2900.989999999344,near_term_anchor:flat_next_month,True,True,True
2026-01-10T17:00:00+00:00,2026-01-10T20:00:00+03:00,2026-01,,2900.9899999992667,near_term_anchor:flat_next_month,True,True,True
2026-01-10T18:00:00+00:00,2026-01-10T21:00:00+03:00,2026-01,,2900.98999999919,near_term_anchor:flat_next_month,True,True,True
2026-01-10T19:00:00+00:00,2026-01-10T22:00:00+03:00,2026-01,,2900.9899999991135,near_term_anchor:flat_next_month,True,True,True
2026-01-10T20:00:00+00:00,2026-01-10T23:00:00+03:00,2026-01,,2900.989999999038,near_term_anchor:flat_next_month,True,True,True
2026-01-10T21:00:00+00:00,2026-01-11T00:00:00+03:00,2026-01,,2900.9899999989643,near_term_anchor:flat_next_month,True,True,True
2026-01-10T22:00:00+00:00,2026-01-11T01:00:00+03:00,2026-01,,2900.989999998892,near_term_anchor:flat_next_month,True,True,True
2026-01-10T23:00:00+00:00,2026-01-11T02:00:00+03:00,2026-01,,2900.98999999882,near_term_anchor:flat_next_month,True,True,True
2026-01-11T00:00:00+00:00,2026-01-11T03:00:00+03:00,2026-01,,2900.989999998749,near_term_anchor:flat_next_month,True,True,True
2026-01-11T01:00:00+00:00,2026-01-11T04:00:00+03:00,2026-01,,2900.9899999986806,near_term_anchor:flat_next_month,True,True,True
2026-01-11T02:00:00+00:00,2026-01-11T05:00:00+03:00,2026-01,,2900.989999998614,near_term_anchor:flat_next_month,True,True,True
2026-01-11T03:00:00+00:00,2026-01-11T06:00:00+03:00,2026-01,,2900.9899999985514,near_term_anchor:flat_next_month,True,True,True
2026-01-11T04:00:00+00:00,2026-01-11T07:00:00+03:00,2026-01,,2900.989999998493,near_term_anchor:flat_next_month,True,True,True
2026-01-11T05:00:00+00:00,2026-01-11T08:00:00+03:00,2026-01,,2900.989999998441,near_term_anchor:flat_next_month,True,True,True
2026-01-11T06:00:00+00:00,2026-01-11T09:00:00+03:00,2026-01,,2900.9899999983954,near_term_anchor:flat_next_month,True,True,True
2026-01-11T07:00:00+00:00,2026-01-11T10:00:00+03:00,2026-01,,2900.9899999983577,near_term_anchor:flat_next_month,True,True,True
2026-01-11T08:00:00+00:00,2026-01-11T11:00:00+03:00,2026-01,,2900.989999998329,near_term_anchor:flat_next_month,True,True,True
2026-01-11T09:00:00+00:00,2026-01-11T12:00:00+03:00,2026-01,,2900.9899999983086,near_term_anchor:flat_next_month,True,True,True
2026-01-11T10:00:00+00:00,2026-01-11T13:00:00+03:00,2026-01,,2900.9899999982963,near_term_anchor:flat_next_month,True,True,True
2026-01-11T11:00:00+00:00,2026-01-11T14:00:00+03:00,2026-01,,2900.9899999982918,near_term_anchor:flat_next_month,True,True,True
2026-01-11T12:00:00+00:00,2026-01-11T15:00:00+03:00,2026-01,,2900.989999998296,near_term_anchor:flat_next_month,True,True,True
2026-01-11T13:00:00+00:00,2026-01-11T16:00:00+03:00,2026-01,,2900.989999998308,near_term_anchor:flat_next_month,True,True,True
2026-01-11T14:00:00+00:00,2026-01-11T17:00:00+03:00,2026-01,,2900.9899999983277,near_term_anchor:flat_next_month,True,True,True
2026-01-11T15:00:00+00:00,2026-01-11T18:00:00+03:00,2026-01,,2900.9899999983536,near_term_anchor:flat_next_month,True,True,True
2026-01-11T16:00:00+00:00,2026-01-11T19:00:00+03:00,2026-01,,2900.9899999983854,near_term_anchor:flat_next_month,True,True,True
2026-01-11T17:00:00+00:00,2026-01-11T20:00:00+03:00,2026-01,,2900.989999998422,near_term_anchor:flat_next_month,True,True,True
2026-01-11T18:00:00+00:00,2026-01-11T21:00:00+03:00,2026-01,,2900.9899999984623,near_term_anchor:flat_next_month,True,True,True
2026-01-11T19:00:00+00:00,2026-01-11T22:00:00+03:00,2026-01,,2900.9899999985046,near_term_anchor:flat_next_month,True,True,True
2026-01-11T20:00:00+00:00,2026-01-11T23:00:00+03:00,2026-01,,2900.9899999985446,near_term_anchor:flat_next_month,True,True,True
2026-01-11T21:00:00+00:00,2026-01-12T00:00:00+03:00,2026-01,,2900.9899999985787,near_term_anchor:flat_next_month,True,True,True
2026-01-11T22:00:00+00:00,2026-01-12T01:00:00+03:00,2026-01,,2900.989999998604,near_term_anchor:flat_next_month,True,True,True
2026-01-11T23:00:00+00:00,2026-01-12T02:00:00+03:00,2026-01,,2900.989999998619,near_term_anchor:flat_next_month,True,True,True
2026-01-12T00:00:00+00:00,2026-01-12T03:00:00+03:00,2026-01,,2900.9899999986233,near_term_anchor:flat_next_month,True,True,True
2026-01-12T01:00:00+00:00,2026-01-12T04:00:00+03:00,2026-01,,2900.9899999986173,near_term_anchor:flat_next_month,True,True,True
2026-01-12T02:00:00+00:00,2026-01-12T05:00:00+03:00,2026-01,,2900.9899999986014,near_term_anchor:flat_next_month,True,True,True
2026-01-12T03:00:00+00:00,2026-01-12T06:00:00+03:00,2026-01,,2900.9899999985755,near_term_anchor:flat_next_month,True,True,True
2026-01-12T04:00:00+00:00,2026-01-12T07:00:00+03:00,2026-01,,2900.989999998539,near_term_anchor:flat_next_month,True,True,True
2026-01-12T05:00:00+00:00,2026-01-12T08:00:00+03:00,2026-01,,2900.9899999984937,near_term_anchor:flat_next_month,True,True,True
2026-01-12T06:00:00+00:00,2026-01-12T09:00:00+03:00,2026-01,,2900.989999998439,near_term_anchor:flat_next_month,True,True,True
2026-01-12T07:00:00+00:00,2026-01-12T10:00:00+03:00,2026-01,,2900.989999998377,near_term_anchor:flat_next_month,True,True,True
2026-01-12T08:00:00+00:00,2026-01-12T11:00:00+03:00,2026-01,,2900.9899999983068,near_term_anchor:flat_next_month,True,True,True
2026-01-12T09:00:00+00:00,2026-01-12T12:00:00+03:00,2026-01,,2900.9899999982295,near_term_anchor:flat_next_month,True,True,True
2026-01-12T10:00:00+00:00,2026-01-12T13:00:00+03:00,2026-01,,2900.989999998145,near_term_anchor:flat_next_month,True,True,True
2026-01-12T11:00:00+00:00,2026-01-12T14:00:00+03:00,2026-01,,2900.9899999980535,near_term_anchor:flat_next_month,True,True,True
2026-01-12T12:00:00+00:00,2026-01-12T15:00:00+03:00,2026-01,,2900.989999997956,near_term_anchor:flat_next_month,True,True,True
2026-01-12T13:00:00+00:00,2026-01-12T16:00:00+03:00,2026-01,,2900.989999997853,near_term_anchor:flat_next_month,True,True,True
2026-01-12T14:00:00+00:00,2026-01-12T17:00:00+03:00,2026-01,,2900.9899999977442,near_term_anchor:flat_next_month,True,True,True
2026-01-12T15:00:00+00:00,2026-01-12T18:00:00+03:00,2026-01,,2900.989999997632,near_term_anchor:flat_next_month,True,True,True
2026-01-12T16:00:00+00:00,2026-01-12T19:00:00+03:00,2026-01,,2900.9899999975164,near_term_anchor:flat_next_month,True,True,True
2026-01-12T17:00:00+00:00,2026-01-12T20:00:00+03:00,2026-01,,2900.9899999973995,near_term_anchor:flat_next_month,True,True,True
2026-01-12T18:00:00+00:00,2026-01-12T21:00:00+03:00,2026-01,,2900.989999997284,near_term_anchor:flat_next_month,True,True,True
2026-01-12T19:00:00+00:00,2026-01-12T22:00:00+03:00,2026-01,,2900.9899999971717,near_term_anchor:flat_next_month,True,True,True
2026-01-12T20:00:00+00:00,2026-01-12T23:00:00+03:00,2026-01,,2900.989999997066,near_term_anchor:flat_next_month,True,True,True
2026-01-12T21:00:00+00:00,2026-01-13T00:00:00+03:00,2026-01,,2900.9899999969707,near_term_anchor:flat_next_month,True,True,True
2026-01-12T22:00:00+00:00,2026-01-13T01:00:00+03:00,2026-01,,2900.989999996889,near_term_anchor:flat_next_month,True,True,True
2026-01-12T23:00:00+00:00,2026-01-13T02:00:00+03:00,2026-01,,2900.989999996821,near_term_anchor:flat_next_month,True,True,True
2026-01-13T00:00:00+00:00,2026-01-13T03:00:00+03:00,2026-01,,2900.9899999967674,near_term_anchor:flat_next_month,True,True,True
2026-01-13T01:00:00+00:00,2026-01-13T04:00:00+03:00,2026-01,,2900.989999996728,near_term_anchor:flat_next_month,True,True,True
2026-01-13T02:00:00+00:00,2026-01-13T05:00:00+03:00,2026-01,,2900.989999996702,near_term_anchor:flat_next_month,True,True,True
2026-01-13T03:00:00+00:00,2026-01-13T06:00:00+03:00,2026-01,,2900.9899999966883,near_term_anchor:flat_next_month,True,True,True
2026-01-13T04:00:00+00:00,2026-01-13T07:00:00+03:00,2026-01,,2900.989999996687,near_term_anchor:flat_next_month,True,True,True
2026-01-13T05:00:00+00:00,2026-01-13T08:00:00+03:00,2026-01,,2900.9899999966965,near_term_anchor:flat_next_month,True,True,True
2026-01-13T06:00:00+00:00,2026-01-13T09:00:00+03:00,2026-01,,2900.989999996716,near_term_anchor:flat_next_month,True,True,True
2026-01-13T07:00:00+00:00,2026-01-13T10:00:00+03:00,2026-01,,2900.9899999967442,near_term_anchor:flat_next_month,True,True,True
2026-01-13T08:00:00+00:00,2026-01-13T11:00:00+03:00,2026-01,,2900.989999996779,near_term_anchor:flat_next_month,True,True,True
2026-01-13T09:00:00+00:00,2026-01-13T12:00:00+03:00,2026-01,,2900.9899999968193,near_term_anchor:flat_next_month,True,True,True
2026-01-13T10:00:00+00:00,2026-01-13T13:00:00+03:00,2026-01,,2900.9899999968648,near_term_anchor:flat_next_month,True,True,True
2026-01-13T11:00:00+00:00,2026-01-13T14:00:00+03:00,2026-01,,2900.989999996912,near_term_anchor:flat_next_month,True,True,True
2026-01-13T12:00:00+00:00,2026-01-13T15:00:00+03:00,2026-01,,2900.989999996961,near_term_anchor:flat_next_month,True,True,True
2026-01-13T13:00:00+00:00,2026-01-13T16:00:00+03:00,2026-01,,2900.989999997011,near_term_anchor:flat_next_month,True,True,True
2026-01-13T14:00:00+00:00,2026-01-13T17:00:00+03:00,2026-01,,2900.9899999970607,near_term_anchor:flat_next_month,True,True,True
2026-01-13T15:00:00+00:00,2026-01-13T18:00:00+03:00,2026-01,,2900.989999997109,near_term_anchor:flat_next_month,True,True,True
2026-01-13T16:00:00+00:00,2026-01-13T19:00:00+03:00,2026-01,,2900.9899999971544,near_term_anchor:flat_next_month,True,True,True
2026-01-13T17:00:00+00:00,2026-01-13T20:00:00+03:00,2026-01,,2900.989999997196,near_term_anchor:flat_next_month,True,True,True
2026-01-13T18:00:00+00:00,2026-01-13T21:00:00+03:00,2026-01,,2900.989999997232,near_term_anchor:flat_next_month,True,True,True
2026-01-13T19:00:00+00:00,2026-01-13T22:00:00+03:00,2026-01,,2900.9899999972636,near_term_anchor:flat_next_month,True,True,True
2026-01-13T20:00:00+00:00,2026-01-13T23:00:00+03:00,2026-01,,2900.9899999972904,near_term_anchor:flat_next_month,True,True,True
2026-01-13T21:00:00+00:00,2026-01-14T00:00:00+03:00,2026-01,,2900.9899999973127,near_term_anchor:flat_next_month,True,True,True
2026-01-13T22:00:00+00:00,2026-01-14T01:00:00+03:00,2026-01,,2900.9899999973304,near_term_anchor:flat_next_month,True,True,True
2026-01-13T23:00:00+00:00,2026-01-14T02:00:00+03:00,2026-01,,2900.989999997343,near_term_anchor:flat_next_month,True,True,True
2026-01-14T00:00:00+00:00,2026-01-14T03:00:00+03:00,2026-01,,2900.98999999735,near_term_anchor:flat_next_month,True,True,True
2026-01-14T01:00:00+00:00,2026-01-14T04:00:00+03:00,2026-01,,2900.98999999735,near_term_anchor:flat_next_month,True,True,True
2026-01-14T02:00:00+00:00,2026-01-14T05:00:00+03:00,2026-01,,2900.9899999973445,near_term_anchor:flat_next_month,True,True,True
2026-01-14T03:00:00+00:00,2026-01-14T06:00:00+03:00,2026-01,,2900.9899999973336,near_term_anchor:flat_next_month,True,True,True
2026-01-14T04:00:00+00:00,2026-01-14T07:00:00+03:00,2026-01,,2900.9899999973168,near_term_anchor:flat_next_month,True,True,True
2026-01-14T05:00:00+00:00,2026-01-14T08:00:00+03:00,2026-01,,2900.989999997297,near_term_anchor:flat_next_month,True,True,True
2026-01-14T06:00:00+00:00,2026-01-14T09:00:00+03:00,2026-01,,2900.9899999972754,near_term_anchor:flat_next_month,True,True,True
2026-01-14T07:00:00+00:00,2026-01-14T10:00:00+03:00,2026-01,,2900.9899999972513,near_term_anchor:flat_next_month,True,True,True
2026-01-14T08:00:00+00:00,2026-01-14T11:00:00+03:00,2026-01,,2900.989999997227,near_term_anchor:flat_next_month,True,True,True
2026-01-14T09:00:00+00:00,2026-01-14T12:00:00+03:00,2026-01,,2900.9899999972026,near_term_anchor:flat_next_month,True,True,True
2026-01-14T10:00:00+00:00,2026-01-14T13:00:00+03:00,2026-01,,2900.9899999971767,near_term_anchor:flat_next_month,True,True,True
2026-01-14T11:00:00+00:00,2026-01-14T14:00:00+03:00,2026-01,,2900.98999999715,near_term_anchor:flat_next_month,True,True,True
2026-01-14T12:00:00+00:00,2026-01-14T15:00:00+03:00,2026-01,,2900.9899999971203,near_term_anchor:flat_next_month,True,True,True
2026-01-14T13:00:00+00:00,2026-01-14T16:00:00+03:00,2026-01,,2900.9899999970885,near_term_anchor:flat_next_month,True,True,True
2026-01-14T14:00:00+00:00,2026-01-14T17:00:00+03:00,2026-01,,2900.9899999970553,near_term_anchor:flat_next_month,True,True,True
2026-01-14T15:00:00+00:00,2026-01-14T18:00:00+03:00,2026-01,,2900.989999997023,near_term_anchor:flat_next_month,True,True,True
2026-01-14T16:00:00+00:00,2026-01-14T19:00:00+03:00,2026-01,,2900.989999996993,near_term_anchor:flat_next_month,True,True,True
2026-01-14T17:00:00+00:00,2026-01-14T20:00:00+03:00,2026-01,,2900.989999996967,near_term_anchor:flat_next_month,True,True,True
2026-01-14T18:00:00+00:00,2026-01-14T21:00:00+03:00,2026-01,,2900.9899999969457,near_term_anchor:flat_next_month,True,True,True
2026-01-14T19:00:00+00:00,2026-01-14T22:00:00+03:00,2026-01,,2900.9899999969293,near_term_anchor:flat_next_month,True,True,True
2026-01-14T20:00:00+00:00,2026-01-14T23:00:00+03:00,2026-01,,2900.989999996918,near_term_anchor:flat_next_month,True,True,True
2026-01-14T21:00:00+00:00,2026-01-15T00:00:00+03:00,2026-01,,2900.9899999969116,near_term_anchor:flat_next_month,True,True,True
2026-01-14T22:00:00+00:00,2026-01-15T01:00:00+03:00,2026-01,,2900.9899999969102,near_term_anchor:flat_next_month,True,True,True
2026-01-14T23:00:00+00:00,2026-01-15T02:00:00+03:00,2026-01,,2900.9899999969143,near_term_anchor:flat_next_month,True,True,True
2026-01-15T00:00:00+00:00,2026-01-15T03:00:00+03:00,2026-01,,2900.9899999969243,near_term_anchor:flat_next_month,True,True,True
2026-01-15T01:00:00+00:00,2026-01-15T04:00:00+03:00,2026-01,,2900.9899999969402,near_term_anchor:flat_next_month,True,True,True
2026-01-15T02:00:00+00:00,2026-01-15T05:00:00+03:00,2026-01,,2900.989999996962,near_term_anchor:flat_next_month,True,True,True
2026-01-15T03:00:00+00:00,2026-01-15T06:00:00+03:00,2026-01,,2900.989999996989,near_term_anchor:flat_next_month,True,True,True
2026-01-15T04:00:00+00:00,2026-01-15T07:00:00+03:00,2026-01,,2900.9899999970216,near_term_anchor:flat_next_month,True,True,True
2026-01-15T05:00:00+00:00,2026-01-15T08:00:00+03:00,2026-01,,2900.9899999970603,near_term_anchor:flat_next_month,True,True,True
2026-01-15T06:00:00+00:00,2026-01-15T09:00:00+03:00,2026-01,,2900.9899999971067,near_term_anchor:flat_next_month,True,True,True
2026-01-15T07:00:00+00:00,2026-01-15T10:00:00+03:00,2026-01,,2900.989999997162,near_term_anchor:flat_next_month,True,True,True
2026-01-15T08:00:00+00:00,2026-01-15T11:00:00+03:00,2026-01,,2900.989999997228,near_term_anchor:flat_next_month,True,True,True
2026-01-15T09:00:00+00:00,2026-01-15T12:00:00+03:00,2026-01,,2900.9899999973054,near_term_anchor:flat_next_month,True,True,True
2026-01-15T10:00:00+00:00,2026-01-15T13:00:00+03:00,2026-01,,2900.9899999973945,near_term_anchor:flat_next_month,True,True,True
2026-01-15T11:00:00+00:00,2026-01-15T14:00:00+03:00,2026-01,,2900.9899999974955,near_term_anchor:flat_next_month,True,True,True
2026-01-15T12:00:00+00:00,2026-01-15T15:00:00+03:00,2026-01,,2900.9899999976087,near_term_anchor:flat_next_month,True,True,True
2026-01-15T13:00:00+00:00,2026-01-15T16:00:00+03:00,2026-01,,2900.989999997734,near_term_anchor:flat_next_month,True,True,True
2026-01-15T14:00:00+00:00,2026-01-15T17:00:00+03:00,2026-01,,2900.9899999978693,near_term_anchor:flat_next_month,True,True,True
2026-01-15T15:00:00+00:00,2026-01-15T18:00:00+03:00,2026-01,,2900.989999998014,near_term_anchor:flat_next_month,True,True,True
2026-01-15T16:00:00+00:00,2026-01-15T19:00:00+03:00,2026-01,,2900.9899999981667,near_term_anchor:flat_next_month,True,True,True
2026-01-15T17:00:00+00:00,2026-01-15T20:00:00+03:00,2026-01,,2900.989999998324,near_term_anchor:flat_next_month,True,True,True
2026-01-15T18:00:00+00:00,2026-01-15T21:00:00+03:00,2026-01,,2900.9899999984827,near_term_anchor:flat_next_month,True,True,True
2026-01-15T19:00:00+00:00,2026-01-15T22:00:00+03:00,2026-01,,2900.9899999986383,near_term_anchor:flat_next_month,True,True,True
2026-01-15T20:00:00+00:00,2026-01-15T23:00:00+03:00,2026-01,,2900.9899999987883,near_term_anchor:flat_next_month,True,True,True
2026-01-15T21:00:00+00:00,2026-01-16T00:00:00+03:00,2026-01,,2900.989999998931,near_term_anchor:flat_next_month,True,True,True
2026-01-15T22:00:00+00:00,2026-01-16T01:00:00+03:00,2026-01,,2900.9899999990635,near_term_anchor:flat_next_month,True,True,True
2026-01-15T23:00:00+00:00,2026-01-16T02:00:00+03:00,2026-01,,2900.9899999991835,near_term_anchor:flat_next_month,True,True,True
2026-01-16T00:00:00+00:00,2026-01-16T03:00:00+03:00,2026-01,,2900.9899999992895,near_term_anchor:flat_next_month,True,True,True
2026-01-16T01:00:00+00:00,2026-01-16T04:00:00+03:00,2026-01,,2900.9899999993813,near_term_anchor:flat_next_month,True,True,True
2026-01-16T02:00:00+00:00,2026-01-16T05:00:00+03:00,2026-01,,2900.989999999459,near_term_anchor:flat_next_month,True,True,True
2026-01-16T03:00:00+00:00,2026-01-16T06:00:00+03:00,2026-01,,2900.9899999995237,near_term_anchor:flat_next_month,True,True,True
2026-01-16T04:00:00+00:00,2026-01-16T07:00:00+03:00,2026-01,,2900.9899999995755,near_term_anchor:flat_next_month,True,True,True
2026-01-16T05:00:00+00:00,2026-01-16T08:00:00+03:00,2026-01,,2900.989999999616,near_term_anchor:flat_next_month,True,True,True
2026-01-16T06:00:00+00:00,2026-01-16T09:00:00+03:00,2026-01,,2900.989999999647,near_term_anchor:flat_next_month,True,True,True
2026-01-16T07:00:00+00:00,2026-01-16T10:00:00+03:00,2026-01,,2900.98999999967,near_term_anchor:flat_next_month,True,True,True
2026-01-16T08:00:00+00:00,2026-01-16T11:00:00+03:00,2026-01,,2900.989999999686,near_term_anchor:flat_next_month,True,True,True
2026-01-16T09:00:00+00:00,2026-01-16T12:00:00+03:00,2026-01,,2900.989999999695,near_term_anchor:flat_next_month,True,True,True
2026-01-16T10:00:00+00:00,2026-01-16T13:00:00+03:00,2026-01,,2900.9899999996983,near_term_anchor:flat_next_month,True,True,True
2026-01-16T11:00:00+00:00,2026-01-16T14:00:00+03:00,2026-01,,2900.989999999697,near_term_anchor:flat_next_month,True,True,True
2026-01-16T12:00:00+00:00,2026-01-16T15:00:00+03:00,2026-01,,2900.989999999693,near_term_anchor:flat_next_month,True,True,True
2026-01-16T13:00:00+00:00,2026-01-16T16:00:00+03:00,2026-01,,2900.9899999996883,near_term_anchor:flat_next_month,True,True,True
2026-01-16T14:00:00+00:00,2026-01-16T17:00:00+03:00,2026-01,,2900.989999999684,near_term_anchor:flat_next_month,True,True,True
2026-01-16T15:00:00+00:00,2026-01-16T18:00:00+03:00,2026-01,,2900.989999999681,near_term_anchor:flat_next_month,True,True,True
2026-01-16T16:00:00+00:00,2026-01-16T19:00:00+03:00,2026-01,,2900.9899999996783,near_term_anchor:flat_next_month,True,True,True
2026-01-16T17:00:00+00:00,2026-01-16T20:00:00+03:00,2026-01,,2900.989999999675,near_term_anchor:flat_next_month,True,True,True
2026-01-16T18:00:00+00:00,2026-01-16T21:00:00+03:00,2026-01,,2900.989999999671,near_term_anchor:flat_next_month,True,True,True
2026-01-16T19:00:00+00:00,2026-01-16T22:00:00+03:00,2026-01,,2900.9899999996665,near_term_anchor:flat_next_month,True,True,True
2026-01-16T20:00:00+00:00,2026-01-16T23:00:00+03:00,2026-01,,2900.9899999996624,near_term_anchor:flat_next_month,True,True,True
2026-01-16T21:00:00+00:00,2026-01-17T00:00:00+03:00,2026-01,,2900.9899999996587,near_term_anchor:flat_next_month,True,True,True
2026-01-16T22:00:00+00:00,2026-01-17T01:00:00+03:00,2026-01,,2900.989999999655,near_term_anchor:flat_next_month,True,True,True
2026-01-16T23:00:00+00:00,2026-01-17T02:00:00+03:00,2026-01,,2900.9899999996524,near_term_anchor:flat_next_month,True,True,True
2026-01-17T00:00:00+00:00,2026-01-17T03:00:00+03:00,2026-01,,2900.989999999652,near_term_anchor:flat_next_month,True,True,True
2026-01-17T01:00:00+00:00,2026-01-17T04:00:00+03:00,2026-01,,2900.9899999996555,near_term_anchor:flat_next_month,True,True,True
2026-01-17T02:00:00+00:00,2026-01-17T05:00:00+03:00,2026-01,,2900.989999999665,near_term_anchor:flat_next_month,True,True,True
2026-01-17T03:00:00+00:00,2026-01-17T06:00:00+03:00,2026-01,,2900.989999999681,near_term_anchor:flat_next_month,True,True,True
2026-01-17T04:00:00+00:00,2026-01-17T07:00:00+03:00,2026-01,,2900.9899999997037,near_term_anchor:flat_next_month,True,True,True
2026-01-17T05:00:00+00:00,2026-01-17T08:00:00+03:00,2026-01,,2900.9899999997338,near_term_anchor:flat_next_month,True,True,True
2026-01-17T06:00:00+00:00,2026-01-17T09:00:00+03:00,2026-01,,2900.9899999997706,near_term_anchor:flat_next_month,True,True,True
2026-01-17T07:00:00+00:00,2026-01-17T10:00:00+03:00,2026-01,,2900.9899999998133,near_term_anchor:flat_next_month,True,True,True
2026-01-17T08:00:00+00:00,2026-01-17T11:00:00+03:00,2026-01,,2900.9899999998593,near_term_anchor:flat_next_month,True,True,True
2026-01-17T09:00:00+00:00,2026-01-17T12:00:00+03:00,2026-01,,2900.989999999907,near_term_anchor:flat_next_month,True,True,True
2026-01-17T10:00:00+00:00,2026-01-17T13:00:00+03:00,2026-01,,2900.9899999999543,near_term_anchor:flat_next_month,True,True,True
2026-01-17T11:00:00+00:00,2026-01-17T14:00:00+03:00,2026-01,,2900.990000000001,near_term_anchor:flat_next_month,True,True,True
2026-01-17T12:00:00+00:00,2026-01-17T15:00:00+03:00,2026-01,,2900.990000000047,near_term_anchor:flat_next_month,True,True,True
2026-01-17T13:00:00+00:00,2026-01-17T16:00:00+03:00,2026-01,,2900.990000000092,near_term_anchor:flat_next_month,True,True,True
2026-01-17T14:00:00+00:00,2026-01-17T17:00:00+03:00,2026-01,,2900.990000000138,near_term_anchor:flat_next_month,True,True,True
2026-01-17T15:00:00+00:00,2026-01-17T18:00:00+03:00,2026-01,,2900.9900000001862,near_term_anchor:flat_next_month,True,True,True
2026-01-17T16:00:00+00:00,2026-01-17T19:00:00+03:00,2026-01,,2900.990000000237,near_term_anchor:flat_next_month,True,True,True
2026-01-17T17:00:00+00:00,2026-01-17T20:00:00+03:00,2026-01,,2900.990000000291,near_term_anchor:flat_next_month,True,True,True
2026-01-17T18:00:00+00:00,2026-01-17T21:00:00+03:00,2026-01,,2900.990000000349,near_term_anchor:flat_next_month,True,True,True
2026-01-17T19:00:00+00:00,2026-01-17T22:00:00+03:00,2026-01,,2900.990000000412,near_term_anchor:flat_next_month,True,True,True
2026-01-17T20:00:00+00:00,2026-01-17T23:00:00+03:00,2026-01,,2900.990000000478,near_term_anchor:flat_next_month,True,True,True
2026-01-17T21:00:00+00:00,2026-01-18T00:00:00+03:00,2026-01,,2900.990000000547,near_term_anchor:flat_next_month,True,True,True
2026-01-17T22:00:00+00:00,2026-01-18T01:00:00+03:00,2026-01,,2900.9900000006164,near_term_anchor:flat_next_month,True,True,True
2026-01-17T23:00:00+00:00,2026-01-18T02:00:00+03:00,2026-01,,2900.9900000006846,near_term_anchor:flat_next_month,True,True,True
2026-01-18T00:00:00+00:00,2026-01-18T03:00:00+03:00,2026-01,,2900.9900000007506,near_term_anchor:flat_next_month,True,True,True
2026-01-18T01:00:00+00:00,2026-01-18T04:00:00+03:00,2026-01,,2900.9900000008142,near_term_anchor:flat_next_month,True,True,True
2026-01-18T02:00:00+00:00,2026-01-18T05:00:00+03:00,2026-01,,2900.9900000008734,near_term_anchor:flat_next_month,True,True,True
2026-01-18T03:00:00+00:00,2026-01-18T06:00:00+03:00,2026-01,,2900.9900000009266,near_term_anchor:flat_next_month,True,True,True
2026-01-18T04:00:00+00:00,2026-01-18T07:00:00+03:00,2026-01,,2900.9900000009734,near_term_anchor:flat_next_month,True,True,True
2026-01-18T05:00:00+00:00,2026-01-18T08:00:00+03:00,2026-01,,2900.990000001012,near_term_anchor:flat_next_month,True,True,True
2026-01-18T06:00:00+00:00,2026-01-18T09:00:00+03:00,2026-01,,2900.9900000010402,near_term_anchor:flat_next_month,True,True,True
2026-01-18T07:00:00+00:00,2026-01-18T10:00:00+03:00,2026-01,,2900.990000001057,near_term_anchor:flat_next_month,True,True,True
2026-01-18T08:00:00+00:00,2026-01-18T11:00:00+03:00,2026-01,,2900.990000001064,near_term_anchor:flat_next_month,True,True,True
2026-01-18T09:00:00+00:00,2026-01-18T12:00:00+03:00,2026-01,,2900.9900000010607,near_term_anchor:flat_next_month,True,True,True
2026-01-18T10:00:00+00:00,2026-01-18T13:00:00+03:00,2026-01,,2900.990000001047,near_term_anchor:flat_next_month,True,True,True
2026-01-18T11:00:00+00:00,2026-01-18T14:00:00+03:00,2026-01,,2900.9900000010225,near_term_anchor:flat_next_month,True,True,True
2026-01-18T12:00:00+00:00,2026-01-18T15:00:00+03:00,2026-01,,2900.9900000009857,near_term_anchor:flat_next_month,True,True,True
2026-01-18T13:00:00+00:00,2026-01-18T16:00:00+03:00,2026-01,,2900.990000000935,near_term_anchor:flat_next_month,True,True,True
2026-01-18T14:00:00+00:00,2026-01-18T17:00:00+03:00,2026-01,,2900.990000000871,near_term_anchor:flat_next_month,True,True,True
2026-01-18T15:00:00+00:00,2026-01-18T18:00:00+03:00,2026-01,,2900.9900000007924,near_term_anchor:flat_next_month,True,True,True
2026-01-18T16:00:00+00:00,2026-01-18T19:00:00+03:00,2026-01,,2900.9900000006987,near_term_anchor:flat_next_month,True,True,True
2026-01-18T17:00:00+00:00,2026-01-18T20:00:00+03:00,2026-01,,2900.990000000589,near_term_anchor:flat_next_month,True,True,True
2026-01-18T18:00:00+00:00,2026-01-18T21:00:00+03:00,2026-01,,2900.9900000004627,near_term_anchor:flat_next_month,True,True,True
2026-01-18T19:00:00+00:00,2026-01-18T22:00:00+03:00,2026-01,,2900.9900000003186,near_term_anchor:flat_next_month,True,True,True
2026-01-18T20:00:00+00:00,2026-01-18T23:00:00+03:00,2026-01,,2900.9900000001576,near_term_anchor:flat_next_month,True,True,True
2026-01-18T21:00:00+00:00,2026-01-19T00:00:00+03:00,2026-01,,2900.989999999982,near_term_anchor:flat_next_month,True,True,True
2026-01-18T22:00:00+00:00,2026-01-19T01:00:00+03:00,2026-01,,2900.989999999795,near_term_anchor:flat_next_month,True,True,True
2026-01-18T23:00:00+00:00,2026-01-19T02:00:00+03:00,2026-01,,2900.9899999995987,near_term_anchor:flat_next_month,True,True,True
2026-01-19T00:00:00+00:00,2026-01-19T03:00:00+03:00,2026-01,,2900.989999999394,near_term_anchor:flat_next_month,True,True,True
2026-01-19T01:00:00+00:00,2026-01-19T04:00:00+03:00,2026-01,,2900.9899999991826,near_term_anchor:flat_next_month,True,True,True
2026-01-19T02:00:00+00:00,2026-01-19T05:00:00+03:00,2026-01,,2900.9899999989643,near_term_anchor:flat_next_month,True,True,True
2026-01-19T03:00:00+00:00,2026-01-19T06:00:00+03:00,2026-01,,2900.98999999874,near_term_anchor:flat_next_month,True,True,True
2026-01-19T04:00:00+00:00,2026-01-19T07:00:00+03:00,2026-01,,2900.9899999985128,near_term_anchor:flat_next_month,True,True,True
2026-01-19T05:00:00+00:00,2026-01-19T08:00:00+03:00,2026-01,,2900.9899999982854,near_term_anchor:flat_next_month,True,True,True
2026-01-19T06:00:00+00:00,2026-01-19T09:00:00+03:00,2026-01,,2900.989999998061,near_term_anchor:flat_next_month,True,True,True
2026-01-19T07:00:00+00:00,2026-01-19T10:00:00+03:00,2026-01,,2900.9899999978425,near_term_anchor:flat_next_month,True,True,True
2026-01-19T08:00:00+00:00,2026-01-19T11:00:00+03:00,2026-01,,2900.9899999976305,near_term_anchor:flat_next_month,True,True,True
2026-01-19T09:00:00+00:00,2026-01-19T12:00:00+03:00,2026-01,,2900.989999997428,near_term_anchor:flat_next_month,True,True,True
2026-01-19T10:00:00+00:00,2026-01-19T13:00:00+03:00,2026-01,,2900.9899999972363,near_term_anchor:flat_next_month,True,True,True
2026-01-19T11:00:00+00:00,2026-01-19T14:00:00+03:00,2026-01,,2900.9899999970553,near_term_anchor:flat_next_month,True,True,True
2026-01-19T12:00:00+00:00,2026-01-19T15:00:00+03:00,2026-01,,2900.989999996887,near_term_anchor:flat_next_month,True,True,True
2026-01-19T13:00:00+00:00,2026-01-19T16:00:00+03:00,2026-01,,2900.989999996733,near_term_anchor:flat_next_month,True,True,True
2026-01-19T14:00:00+00:00,2026-01-19T17:00:00+03:00,2026-01,,2900.9899999965946,near_term_anchor:flat_next_month,True,True,True
2026-01-19T15:00:00+00:00,2026-01-19T18:00:00+03:00,2026-01,,2900.9899999964755,near_term_anchor:flat_next_month,True,True,True
2026-01-19T16:00:00+00:00,2026-01-19T19:00:00+03:00,2026-01,,2900.989999996378,near_term_anchor:flat_next_month,True,True,True
2026-01-19T17:00:00+00:00,2026-01-19T20:00:00+03:00,2026-01,,2900.989999996302,near_term_anchor:flat_next_month,True,True,True
2026-01-19T18:00:00+00:00,2026-01-19T21:00:00+03:00,2026-01,,2900.989999996244,near_term_anchor:flat_next_month,True,True,True
2026-01-19T19:00:00+00:00,2026-01-19T22:00:00+03:00,2026-01,,2900.989999996205,near_term_anchor:flat_next_month,True,True,True
2026-01-19T20:00:00+00:00,2026-01-19T23:00:00+03:00,2026-01,,2900.989999996185,near_term_anchor:flat_next_month,True,True,True
2026-01-19T21:00:00+00:00,2026-01-20T00:00:00+03:00,2026-01,,2900.989999996186,near_term_anchor:flat_next_month,True,True,True
2026-01-19T22:00:00+00:00,2026-01-20T01:00:00+03:00,2026-01,,2900.9899999962086,near_term_anchor:flat_next_month,True,True,True
2026-01-19T23:00:00+00:00,2026-01-20T02:00:00+03:00,2026-01,,2900.989999996253,near_term_anchor:flat_next_month,True,True,True
2026-01-20T00:00:00+00:00,2026-01-20T03:00:00+03:00,2026-01,,2900.98999999632,near_term_anchor:flat_next_month,True,True,True
2026-01-20T01:00:00+00:00,2026-01-20T04:00:00+03:00,2026-01,,2900.989999996409,near_term_anchor:flat_next_month,True,True,True
2026-01-20T02:00:00+00:00,2026-01-20T05:00:00+03:00,2026-01,,2900.9899999965205,near_term_anchor:flat_next_month,True,True,True
2026-01-20T03:00:00+00:00,2026-01-20T06:00:00+03:00,2026-01,,2900.989999996654,near_term_anchor:flat_next_month,True,True,True
2026-01-20T04:00:00+00:00,2026-01-20T07:00:00+03:00,2026-01,,2900.98999999681,near_term_anchor:flat_next_month,True,True,True
2026-01-20T05:00:00+00:00,2026-01-20T08:00:00+03:00,2026-01,,2900.9899999969875,near_term_anchor:flat_next_month,True,True,True
2026-01-20T06:00:00+00:00,2026-01-20T09:00:00+03:00,2026-01,,2900.9899999971876,near_term_anchor:flat_next_month,True,True,True
2026-01-20T07:00:00+00:00,2026-01-20T10:00:00+03:00,2026-01,,2900.9899999974114,near_term_anchor:flat_next_month,True,True,True
2026-01-20T08:00:00+00:00,2026-01-20T11:00:00+03:00,2026-01,,2900.9899999976606,near_term_anchor:flat_next_month,True,True,True
2026-01-20T09:00:00+00:00,2026-01-20T12:00:00+03:00,2026-01,,2900.9899999979366,near_term_anchor:flat_next_month,True,True,True
2026-01-20T10:00:00+00:00,2026-01-20T13:00:00+03:00,2026-01,,2900.9899999982413,near_term_anchor:flat_next_month,True,True,True
2026-01-20T11:00:00+00:00,2026-01-20T14:00:00+03:00,2026-01,,2900.9899999985737,near_term_anchor:flat_next_month,True,True,True
2026-01-20T12:00:00+00:00,2026-01-20T15:00:00+03:00,2026-01,,2900.989999998932,near_term_anchor:flat_next_month,True,True,True
2026-01-20T13:00:00+00:00,2026-01-20T16:00:00+03:00,2026-01,,2900.989999999315,near_term_anchor:flat_next_month,True,True,True
2026-01-20T14:00:00+00:00,2026-01-20T17:00:00+03:00,2026-01,,2900.9899999997215,near_term_anchor:flat_next_month,True,True,True
2026-01-20T15:00:00+00:00,2026-01-20T18:00:00+03:00,2026-01,,2900.9900000001503,near_term_anchor:flat_next_month,True,True,True
2026-01-20T16:00:00+00:00,2026-01-20T19:00:00+03:00,2026-01,,2900.9900000005982,near_term_anchor:flat_next_month,True,True,True
2026-01-20T17:00:00+00:00,2026-01-20T20:00:00+03:00,2026-01,,2900.990000001062,near_term_anchor:flat_next_month,True,True,True
2026-01-20T18:00:00+00:00,2026-01-20T21:00:00+03:00,2026-01,,2900.990000001539,near_term_anchor:flat_next_month,True,True,True
2026-01-20T19:00:00+00:00,2026-01-20T22:00:00+03:00,2026-01,,2900.9900000020257,near_term_anchor:flat_next_month,True,True,True
2026-01-20T20:00:00+00:00,2026-01-20T23:00:00+03:00,2026-01,,2900.990000002518,near_term_anchor:flat_next_month,True,True,True
2026-01-20T21:00:00+00:00,2026-01-21T00:00:00+03:00,2026-01,,2900.990000003011,near_term_anchor:flat_next_month,True,True,True
2026-01-20T22:00:00+00:00,2026-01-21T01:00:00+03:00,2026-01,,2900.9900000034977,near_term_anchor:flat_next_month,True,True,True
2026-01-20T23:00:00+00:00,2026-01-21T02:00:00+03:00,2026-01,,2900.99000000397,near_term_anchor:flat_next_month,True,True,True
2026-01-21T00:00:00+00:00,2026-01-21T03:00:00+03:00,2026-01,,2900.99000000442,near_term_anchor:flat_next_month,True,True,True
2026-01-21T01:00:00+00:00,2026-01-21T04:00:00+03:00,2026-01,,2900.9900000048397,near_term_anchor:flat_next_month,True,True,True
2026-01-21T02:00:00+00:00,2026-01-21T05:00:00+03:00,2026-01,,2900.990000005218,near_term_anchor:flat_next_month,True,True,True
2026-01-21T03:00:00+00:00,2026-01-21T06:00:00+03:00,2026-01,,2900.990000005542,near_term_anchor:flat_next_month,True,True,True
2026-01-21T04:00:00+00:00,2026-01-21T07:00:00+03:00,2026-01,,2900.990000005797,near_term_anchor:flat_next_month,True,True,True
2026-01-21T05:00:00+00:00,2026-01-21T08:00:00+03:00,2026-01,,2900.9900000059674,near_term_anchor:flat_next_month,True,True,True
2026-01-21T06:00:00+00:00,2026-01-21T09:00:00+03:00,2026-01,,2900.9900000060375,near_term_anchor:flat_next_month,True,True,True
2026-01-21T07:00:00+00:00,2026-01-21T10:00:00+03:00,2026-01,,2900.990000005992,near_term_anchor:flat_next_month,True,True,True
2026-01-21T08:00:00+00:00,2026-01-21T11:00:00+03:00,2026-01,,2900.990000005816,near_term_anchor:flat_next_month,True,True,True
2026-01-21T09:00:00+00:00,2026-01-21T12:00:00+03:00,2026-01,,2900.990000005493,near_term_anchor:flat_next_month,True,True,True
2026-01-21T10:00:00+00:00,2026-01-21T13:00:00+03:00,2026-01,,2900.9900000050056,near_term_anchor:flat_next_month,True,True,True
2026-01-21T11:00:00+00:00,2026-01-21T14:00:00+03:00,2026-01,,2900.990000004336,near_term_anchor:flat_next_month,True,True,True
2026-01-21T12:00:00+00:00,2026-01-21T15:00:00+03:00,2026-01,,2900.9900000034663,near_term_anchor:flat_next_month,True,True,True
2026-01-21T13:00:00+00:00,2026-01-21T16:00:00+03:00,2026-01,,2900.99000000238,near_term_anchor:flat_next_month,True,True,True
2026-01-21T14:00:00+00:00,2026-01-21T17:00:00+03:00,2026-01,,2900.990000001059,near_term_anchor:flat_next_month,True,True,True
2026-01-21T15:00:00+00:00,2026-01-21T18:00:00+03:00,2026-01,,2900.9899999994836,near_term_anchor:flat_next_month,True,True,True
2026-01-21T16:00:00+00:00,2026-01-21T19:00:00+03:00,2026-01,,2900.9899999976356,near_term_anchor:flat_next_month,True,True,True
2026-01-21T17:00:00+00:00,2026-01-21T20:00:00+03:00,2026-01,,2900.989999995497,near_term_anchor:flat_next_month,True,True,True
2026-01-21T18:00:00+00:00,2026-01-21T21:00:00+03:00,2026-01,,2900.9899999930494,near_term_anchor:flat_next_month,True,True,True
2026-01-21T19:00:00+00:00,2026-01-21T22:00:00+03:00,2026-01,,2900.9899999902764,near_term_anchor:flat_next_month,True,True,True
2026-01-21T20:00:00+00:00,2026-01-21T23:00:00+03:00,2026-01,,2900.98999998716,near_term_anchor:flat_next_month,True,True,True
2026-01-21T21:00:00+00:00,2026-01-22T00:00:00+03:00,2026-01,,2900.9899999836844,near_term_anchor:flat_next_month,True,True,True
2026-01-21T22:00:00+00:00,2026-01-22T01:00:00+03:00,2026-01,,2900.989999979832,near_term_anchor:flat_next_month,True,True,True
2026-01-21T23:00:00+00:00,2026-01-22T02:00:00+03:00,2026-01,,2900.9899999755867,near_term_anchor:flat_next_month,True,True,True
2026-01-22T00:00:00+00:00,2026-01-22T03:00:00+03:00,2026-01,,2900.9899999709332,near_term_anchor:flat_next_month,True,True,True
2026-01-22T01:00:00+00:00,2026-01-22T04:00:00+03:00,2026-01,,2900.989999965861,near_term_anchor:flat_next_month,True,True,True
2026-01-22T02:00:00+00:00,2026-01-22T05:00:00+03:00,2026-01,,2900.989999960361,near_term_anchor:flat_next_month,True,True,True
2026-01-22T03:00:00+00:00,2026-01-22T06:00:00+03:00,2026-01,,2900.9899999544277,near_term_anchor:flat_next_month,True,True,True
2026-01-22T04:00:00+00:00,2026-01-22T07:00:00+03:00,2026-01,,2900.9899999480585,near_term_anchor:flat_next_month,True,True,True
2026-01-22T05:00:00+00:00,2026-01-22T08:00:00+03:00,2026-01,,2900.989999941255,near_term_anchor:flat_next_month,True,True,True
2026-01-22T06:00:00+00:00,2026-01-22T09:00:00+03:00,2026-01,,2900.9899999340246,near_term_anchor:flat_next_month,True,True,True
2026-01-22T07:00:00+00:00,2026-01-22T10:00:00+03:00,2026-01,,2900.98999992638,near_term_anchor:flat_next_month,True,True,True
2026-01-22T08:00:00+00:00,2026-01-22T11:00:00+03:00,2026-01,,2900.98999991834,near_term_anchor:flat_next_month,True,True,True
2026-01-22T09:00:00+00:00,2026-01-22T12:00:00+03:00,2026-01,,2900.9899999099316,near_term_anchor:flat_next_month,True,True,True
2026-01-22T10:00:00+00:00,2026-01-22T13:00:00+03:00,2026-01,,2900.9899999011877,near_term_anchor:flat_next_month,True,True,True
2026-01-22T11:00:00+00:00,2026-01-22T14:00:00+03:00,2026-01,,2900.9899998921533,near_term_anchor:flat_next_month,True,True,True
2026-01-22T12:00:00+00:00,2026-01-22T15:00:00+03:00,2026-01,,2900.9899998828823,near_term_anchor:flat_next_month,True,True,True
2026-01-22T13:00:00+00:00,2026-01-22T16:00:00+03:00,2026-01,,2900.9899998734377,near_term_anchor:flat_next_month,True,True,True
2026-01-22T14:00:00+00:00,2026-01-22T17:00:00+03:00,2026-01,,2900.9899998638916,near_term_anchor:flat_next_month,True,True,True
2026-01-22T15:00:00+00:00,2026-01-22T18:00:00+03:00,2026-01,,2900.989999854329,near_term_anchor:flat_next_month,True,True,True
2026-01-22T16:00:00+00:00,2026-01-22T19:00:00+03:00,2026-01,,2900.9899998448495,near_term_anchor:flat_next_month,True,True,True
2026-01-22T17:00:00+00:00,2026-01-22T20:00:00+03:00,2026-01,,2900.9899998355654,near_term_anchor:flat_next_month,True,True,True
2026-01-22T18:00:00+00:00,2026-01-22T21:00:00+03:00,2026-01,,2900.989999826605,near_term_anchor:flat_next_month,True,True,True
2026-01-22T19:00:00+00:00,2026-01-22T22:00:00+03:00,2026-01,,2900.989999818112,near_term_anchor:flat_next_month,True,True,True
2026-01-22T20:00:00+00:00,2026-01-22T23:00:00+03:00,2026-01,,2900.989999810247,near_term_anchor:flat_next_month,True,True,True
2026-01-22T21:00:00+00:00,2026-01-23T00:00:00+03:00,2026-01,,2900.989999803187,near_term_anchor:flat_next_month,True,True,True
2026-01-22T22:00:00+00:00,2026-01-23T01:00:00+03:00,2026-01,,2900.9899997971297,near_term_anchor:flat_next_month,True,True,True
2026-01-22T23:00:00+00:00,2026-01-23T02:00:00+03:00,2026-01,,2900.989999792293,near_term_anchor:flat_next_month,True,True,True
2026-01-23T00:00:00+00:00,2026-01-23T03:00:00+03:00,2026-01,,2900.989999788916,near_term_anchor:flat_next_month,True,True,True
2026-01-23T01:00:00+00:00,2026-01-23T04:00:00+03:00,2026-01,,2900.9899997872567,near_term_anchor:flat_next_month,True,True,True
2026-01-23T02:00:00+00:00,2026-01-23T05:00:00+03:00,2026-01,,2900.989999787597,near_term_anchor:flat_next_month,True,True,True
2026-01-23T03:00:00+00:00,2026-01-23T06:00:00+03:00,2026-01,,2900.9899997902376,near_term_anchor:flat_next_month,True,True,True
2026-01-23T04:00:00+00:00,2026-01-23T07:00:00+03:00,2026-01,,2900.9899997955013,near_term_anchor:flat_next_month,True,True,True
2026-01-23T05:00:00+00:00,2026-01-23T08:00:00+03:00,2026-01,,2900.989999803733,near_term_anchor:flat_next_month,True,True,True
2026-01-23T06:00:00+00:00,2026-01-23T09:00:00+03:00,2026-01,,2900.9899998152982,near_term_anchor:flat_next_month,True,True,True
2026-01-23T07:00:00+00:00,2026-01-23T10:00:00+03:00,2026-01,,2900.9899998305814,near_term_anchor:flat_next_month,True,True,True
2026-01-23T08:00:00+00:00,2026-01-23T11:00:00+03:00,2026-01,,2900.9899998499873,near_term_anchor:flat_next_month,True,True,True
2026-01-23T09:00:00+00:00,2026-01-23T12:00:00+03:00,2026-01,,2900.9899998739374,near_term_anchor:flat_next_month,True,True,True
2026-01-23T10:00:00+00:00,2026-01-23T13:00:00+03:00,2026-01,,2900.9899999028667,near_term_anchor:flat_next_month,True,True,True
2026-01-23T11:00:00+00:00,2026-01-23T14:00:00+03:00,2026-01,,2900.9899999372233,near_term_anchor:flat_next_month,True,True,True
2026-01-23T12:00:00+00:00,2026-01-23T15:00:00+03:00,2026-01,,2900.989999977466,near_term_anchor:flat_next_month,True,True,True
2026-01-23T13:00:00+00:00,2026-01-23T16:00:00+03:00,2026-01,,2900.9900000240586,near_term_anchor:flat_next_month,True,True,True
2026-01-23T14:00:00+00:00,2026-01-23T17:00:00+03:00,2026-01,,2900.9900000774664,near_term_anchor:flat_next_month,True,True,True
2026-01-23T15:00:00+00:00,2026-01-23T18:00:00+03:00,2026-01,,2900.9900001381534,near_term_anchor:flat_next_month,True,True,True
2026-01-23T16:00:00+00:00,2026-01-23T19:00:00+03:00,2026-01,,2900.990000206576,near_term_anchor:flat_next_month,True,True,True
2026-01-23T17:00:00+00:00,2026-01-23T20:00:00+03:00,2026-01,,2900.990000283175,near_term_anchor:flat_next_month,True,True,True
2026-01-23T18:00:00+00:00,2026-01-23T21:00:00+03:00,2026-01,,2900.9900003683715,near_term_anchor:flat_next_month,True,True,True
2026-01-23T19:00:00+00:00,2026-01-23T22:00:00+03:00,2026-01,,2900.990000462558,near_term_anchor:flat_next_month,True,True,True
2026-01-23T20:00:00+00:00,2026-01-23T23:00:00+03:00,2026-01,,2900.9900005660925,near_term_anchor:flat_next_month,True,True,True
2026-01-23T21:00:00+00:00,2026-01-24T00:00:00+03:00,2026-01,,2900.990000679287,near_term_anchor:flat_next_month,True,True,True
2026-01-23T22:00:00+00:00,2026-01-24T01:00:00+03:00,2026-01,,2900.9900008023938,near_term_anchor:flat_next_month,True,True,True
2026-01-23T23:00:00+00:00,2026-01-24T02:00:00+03:00,2026-01,,2900.9900009355983,near_term_anchor:flat_next_month,True,True,True
2026-01-24T00:00:00+00:00,2026-01-24T03:00:00+03:00,2026-01,,2900.990001079008,near_term_anchor:flat_next_month,True,True,True
2026-01-24T01:00:00+00:00,2026-01-24T04:00:00+03:00,2026-01,,2900.990001232634,near_term_anchor:flat_next_month,True,True,True
2026-01-24T02:00:00+00:00,2026-01-24T05:00:00+03:00,2026-01,,2900.9900013963806,near_term_anchor:flat_next_month,True,True,True
2026-01-24T03:00:00+00:00,2026-01-24T06:00:00+03:00,2026-01,,2900.9900015700305,near_term_anchor:flat_next_month,True,True,True
2026-01-24T04:00:00+00:00,2026-01-24T07:00:00+03:00,2026-01,,2900.990001753225,near_term_anchor:flat_next_month,True,True,True
2026-01-24T05:00:00+00:00,2026-01-24T08:00:00+03:00,2026-01,,2900.990001945449,near_term_anchor:flat_next_month,True,True,True
2026-01-24T06:00:00+00:00,2026-01-24T09:00:00+03:00,2026-01,,2900.990002146013,near_term_anchor:flat_next_month,True,True,True
2026-01-24T07:00:00+00:00,2026-01-24T10:00:00+03:00,2026-01,,2900.9900023540326,near_term_anchor:flat_next_month,True,True,True
2026-01-24T08:00:00+00:00,2026-01-24T11:00:00+03:00,2026-01,,2900.990002568409,near_term_anchor:flat_next_month,True,True,True
2026-01-24T09:00:00+00:00,2026-01-24T12:00:00+03:00,2026-01,,2900.990002787807,near_term_anchor:flat_next_month,True,True,True
2026-01-24T10:00:00+00:00,2026-01-24T13:00:00+03:00,2026-01,,2900.990003010633,near_term_anchor:flat_next_month,True,True,True
2026-01-24T11:00:00+00:00,2026-01-24T14:00:00+03:00,2026-01,,2900.990003235014,near_term_anchor:flat_next_month,True,True,True
2026-01-24T12:00:00+00:00,2026-01-24T15:00:00+03:00,2026-01,,2900.990003458777,near_term_anchor:flat_next_month,True,True,True
2026-01-24T13:00:00+00:00,2026-01-24T16:00:00+03:00,2026-01,,2900.9900036794274,near_term_anchor:flat_next_month,True,True,True
2026-01-24T14:00:00+00:00,2026-01-24T17:00:00+03:00,2026-01,,2900.9900038941214,near_term_anchor:flat_next_month,True,True,True
2026-01-24T15:00:00+00:00,2026-01-24T18:00:00+03:00,2026-01,,2900.990004099649,near_term_anchor:flat_next_month,True,True,True
2026-01-24T16:00:00+00:00,2026-01-24T19:00:00+03:00,2026-01,,2900.9900042924096,near_term_anchor:flat_next_month,True,True,True
2026-01-24T17:00:00+00:00,2026-01-24T20:00:00+03:00,2026-01,,2900.990004468392,near_term_anchor:flat_next_month,True,True,True
2026-01-24T18:00:00+00:00,2026-01-24T21:00:00+03:00,2026-01,,2900.9900046231573,near_term_anchor:flat_next_month,True,True,True
2026-01-24T19:00:00+00:00,2026-01-24T22:00:00+03:00,2026-01,,2900.99000475182,near_term_anchor:flat_next_month,True,True,True
2026-01-24T20:00:00+00:00,2026-01-24T23:00:00+03:00,2026-01,,2900.9900048490304,near_term_anchor:flat_next_month,True,True,True
2026-01-24T21:00:00+00:00,2026-01-25T00:00:00+03:00,2026-01,,2900.9900049089642,near_term_anchor:flat_next_month,True,True,True
2026-01-24T22:00:00+00:00,2026-01-25T01:00:00+03:00,2026-01,,2900.9900049253115,near_term_anchor:flat_next_month,True,True,True
2026-01-24T23:00:00+00:00,2026-01-25T02:00:00+03:00,2026-01,,2900.9900048912727,near_term_anchor:flat_next_month,True,True,True
2026-01-25T00:00:00+00:00,2026-01-25T03:00:00+03:00,2026-01,,2900.990004799554,near_term_anchor:flat_next_month,True,True,True
2026-01-25T01:00:00+00:00,2026-01-25T04:00:00+03:00,2026-01,,2900.9900046423704,near_term_anchor:flat_next_month,True,True,True
2026-01-25T02:00:00+00:00,2026-01-25T05:00:00+03:00,2026-01,,2900.990004411461,near_term_anchor:flat_next_month,True,True,True
2026-01-25T03:00:00+00:00,2026-01-25T06:00:00+03:00,2026-01,,2900.990004098099,near_term_anchor:flat_next_month,True,True,True
2026-01-25T04:00:00+00:00,2026-01-25T07:00:00+03:00,2026-01,,2900.9900036931153,near_term_anchor:flat_next_month,True,True,True
2026-01-25T05:00:00+00:00,2026-01-25T08:00:00+03:00,2026-01,,2900.990003186932,near_term_anchor:flat_next_month,True,True,True
2026-01-25T06:00:00+00:00,2026-01-25T09:00:00+03:00,2026-01,,2900.990002569599,near_term_anchor:flat_next_month,True,True,True
2026-01-25T07:00:00+00:00,2026-01-25T10:00:00+03:00,2026-01,,2900.990001830849,near_term_anchor:flat_next_month,True,True,True
2026-01-25T08:00:00+00:00,2026-01-25T11:00:00+03:00,2026-01,,2900.9900009601583,near_term_anchor:flat_next_month,True,True,True
2026-01-25T09:00:00+00:00,2026-01-25T12:00:00+03:00,2026-01,,2900.98999994682,near_term_anchor:flat_next_month,True,True,True
2026-01-25T10:00:00+00:00,2026-01-25T13:00:00+03:00,2026-01,,2900.98999878003,near_term_anchor:flat_next_month,True,True,True
2026-01-25T11:00:00+00:00,2026-01-25T14:00:00+03:00,2026-01,,2900.98999744899,near_term_anchor:flat_next_month,True,True,True
2026-01-25T12:00:00+00:00,2026-01-25T15:00:00+03:00,2026-01,,2900.9899959430236,near_term_anchor:flat_next_month,True,True,True
2026-01-25T13:00:00+00:00,2026-01-25T16:00:00+03:00,2026-01,,2900.989994251708,near_term_anchor:flat_next_month,True,True,True
2026-01-25T14:00:00+00:00,2026-01-25T17:00:00+03:00,2026-01,,2900.989992365026,near_term_anchor:flat_next_month,True,True,True
2026-01-25T15:00:00+00:00,2026-01-25T18:00:00+03:00,2026-01,,2900.989990273536,near_term_anchor:flat_next_month,True,True,True
2026-01-25T16:00:00+00:00,2026-01-25T19:00:00+03:00,2026-01,,2900.989987968559,near_term_anchor:flat_next_month,True,True,True
2026-01-25T17:00:00+00:00,2026-01-25T20:00:00+03:00,2026-01,,2900.98998544239,near_term_anchor:flat_next_month,True,True,True
2026-01-25T18:00:00+00:00,2026-01-25T21:00:00+03:00,2026-01,,2900.9899826885285,near_term_anchor:flat_next_month,True,True,True
2026-01-25T19:00:00+00:00,2026-01-25T22:00:00+03:00,2026-01,,2900.9899797019284,near_term_anchor:flat_next_month,True,True,True
2026-01-25T20:00:00+00:00,2026-01-25T23:00:00+03:00,2026-01,,2900.9899764792767,near_term_anchor:flat_next_month,True,True,True
2026-01-25T21:00:00+00:00,2026-01-26T00:00:00+03:00,2026-01,,2900.9899730192888,near_term_anchor:flat_next_month,True,True,True
2026-01-25T22:00:00+00:00,2026-01-26T01:00:00+03:00,2026-01,,2900.989969323032,near_term_anchor:flat_next_month,True,True,True
2026-01-25T23:00:00+00:00,2026-01-26T02:00:00+03:00,2026-01,,2900.989965394271,near_term_anchor:flat_next_month,True,True,True
2026-01-26T00:00:00+00:00,2026-01-26T03:00:00+03:00,2026-01,,2900.9899612398417,near_term_anchor:flat_next_month,True,True,True
2026-01-26T01:00:00+00:00,2026-01-26T04:00:00+03:00,2026-01,,2900.9899568700384,near_term_anchor:flat_next_month,True,True,True
2026-01-26T02:00:00+00:00,2026-01-26T05:00:00+03:00,2026-01,,2900.989952299031,near_term_anchor:flat_next_month,True,True,True
2026-01-26T03:00:00+00:00,2026-01-26T06:00:00+03:00,2026-01,,2900.9899475453008,near_term_anchor:flat_next_month,True,True,True
2026-01-26T04:00:00+00:00,2026-01-26T07:00:00+03:00,2026-01,,2900.9899426320985,near_term_anchor:flat_next_month,True,True,True
2026-01-26T05:00:00+00:00,2026-01-26T08:00:00+03:00,2026-01,,2900.98993758792,near_term_anchor:flat_next_month,True,True,True
2026-01-26T06:00:00+00:00,2026-01-26T09:00:00+03:00,2026-01,,2900.989932446998,near_term_anchor:flat_next_month,True,True,True
2026-01-26T07:00:00+00:00,2026-01-26T10:00:00+03:00,2026-01,,2900.989927249808,near_term_anchor:flat_next_month,True,True,True
2026-01-26T08:00:00+00:00,2026-01-26T11:00:00+03:00,2026-01,,2900.9899220435805,near_term_anchor:flat_next_month,True,True,True
2026-01-26T09:00:00+00:00,2026-01-26T12:00:00+03:00,2026-01,,2900.989916882822,near_term_anchor:flat_next_month,True,True,True
2026-01-26T10:00:00+00:00,2026-01-26T13:00:00+03:00,2026-01,,2900.989911829834,near_term_anchor:flat_next_month,True,True,True
2026-01-26T11:00:00+00:00,2026-01-26T14:00:00+03:00,2026-01,,2900.989906955229,near_term_anchor:flat_next_month,True,True,True
2026-01-26T12:00:00+00:00,2026-01-26T15:00:00+03:00,2026-01,,2900.989902338436,near_term_anchor:flat_next_month,True,True,True
2026-01-26T13:00:00+00:00,2026-01-26T16:00:00+03:00,2026-01,,2900.9898980681905,near_term_anchor:flat_next_month,True,True,True
2026-01-26T14:00:00+00:00,2026-01-26T17:00:00+03:00,2026-01,,2900.989894242993,near_term_anchor:flat_next_month,True,True,True
2026-01-26T15:00:00+00:00,2026-01-26T18:00:00+03:00,2026-01,,2900.9898909715394,near_term_anchor:flat_next_month,True,True,True
2026-01-26T16:00:00+00:00,2026-01-26T19:00:00+03:00,2026-01,,2900.9898883731003,near_term_anchor:flat_next_month,True,True,True
2026-01-26T17:00:00+00:00,2026-01-26T20:00:00+03:00,2026-01,,2900.9898865778514,near_term_anchor:flat_next_month,True,True,True
2026-01-26T18:00:00+00:00,2026-01-26T21:00:00+03:00,2026-01,,2900.9898857271314,near_term_anchor:flat_next_month,True,True,True
2026-01-26T19:00:00+00:00,2026-01-26T22:00:00+03:00,2026-01,,2900.9898859736236,near_term_anchor:flat_next_month,True,True,True
2026-01-26T20:00:00+00:00,2026-01-26T23:00:00+03:00,2026-01,,2900.989887481437,near_term_anchor:flat_next_month,True,True,True
2026-01-26T21:00:00+00:00,2026-01-27T00:00:00+03:00,2026-01,,2900.9898904260845,near_term_anchor:flat_next_month,True,True,True
2026-01-26T22:00:00+00:00,2026-01-27T01:00:00+03:00,2026-01,,2900.98989499433,near_term_anchor:flat_next_month,True,True,True
2026-01-26T23:00:00+00:00,2026-01-27T02:00:00+03:00,2026-01,,2900.9899013838954,near_term_anchor:flat_next_month,True,True,True
2026-01-27T00:00:00+00:00,2026-01-27T03:00:00+03:00,2026-01,,2900.9899098030032,near_term_anchor:flat_next_month,True,True,True
2026-01-27T01:00:00+00:00,2026-01-27T04:00:00+03:00,2026-01,,2900.9899204697376,near_term_anchor:flat_next_month,True,True,True
2026-01-27T02:00:00+00:00,2026-01-27T05:00:00+03:00,2026-01,,2900.9899336112035,near_term_anchor:flat_next_month,True,True,True
2026-01-27T03:00:00+00:00,2026-01-27T06:00:00+03:00,2026-01,,2900.989949462456,near_term_anchor:flat_next_month,True,True,True
2026-01-27T04:00:00+00:00,2026-01-27T07:00:00+03:00,2026-01,,2900.9899682651885,near_term_anchor:flat_next_month,True,True,True
2026-01-27T05:00:00+00:00,2026-01-27T08:00:00+03:00,2026-01,,2900.9899902661477,near_term_anchor:flat_next_month,True,True,True
2026-01-27T06:00:00+00:00,2026-01-27T09:00:00+03:00,2026-01,,2900.9900157152547,near_term_anchor:flat_next_month,True,True,True
2026-01-27T07:00:00+00:00,2026-01-27T10:00:00+03:00,2026-01,,2900.9900448634016,near_term_anchor:flat_next_month,True,True,True
2026-01-27T08:00:00+00:00,2026-01-27T11:00:00+03:00,2026-01,,2900.9900779599116,near_term_anchor:flat_next_month,True,True,True
2026-01-27T09:00:00+00:00,2026-01-27T12:00:00+03:00,2026-01,,2900.99011524962,near_term_anchor:flat_next_month,True,True,True
2026-01-27T10:00:00+00:00,2026-01-27T13:00:00+03:00,2026-01,,2900.990156969569,near_term_anchor:flat_next_month,True,True,True
2026-01-27T11:00:00+00:00,2026-01-27T14:00:00+03:00,2026-01,,2900.9902033452745,near_term_anchor:flat_next_month,True,True,True
2026-01-27T12:00:00+00:00,2026-01-27T15:00:00+03:00,2026-01,,2900.990254586556,near_term_anchor:flat_next_month,True,True,True
2026-01-27T13:00:00+00:00,2026-01-27T16:00:00+03:00,2026-01,,2900.990310882899,near_term_anchor:flat_next_month,True,True,True
2026-01-27T14:00:00+00:00,2026-01-27T17:00:00+03:00,2026-01,,2900.9903723983293,near_term_anchor:flat_next_month,True,True,True
2026-01-27T15:00:00+00:00,2026-01-27T18:00:00+03:00,2026-01,,2900.990439265786,near_term_anchor:flat_next_month,True,True,True
2026-01-27T16:00:00+00:00,2026-01-27T19:00:00+03:00,2026-01,,2900.9905115809674,near_term_anchor:flat_next_month,True,True,True
2026-01-27T17:00:00+00:00,2026-01-27T20:00:00+03:00,2026-01,,2900.990589395645,near_term_anchor:flat_next_month,True,True,True
2026-01-27T18:00:00+00:00,2026-01-27T21:00:00+03:00,2026-01,,2900.990672710433,near_term_anchor:flat_next_month,True,True,True
2026-01-27T19:00:00+00:00,2026-01-27T22:00:00+03:00,2026-01,,2900.990761467004,near_term_anchor:flat_next_month,True,True,True
2026-01-27T20:00:00+00:00,2026-01-27T23:00:00+03:00,2026-01,,2900.9908555397606,near_term_anchor:flat_next_month,True,True,True
2026-01-27T21:00:00+00:00,2026-01-28T00:00:00+03:00,2026-01,,2900.990954726957,near_term_anchor:flat_next_month,True,True,True
2026-01-27T22:00:00+00:00,2026-01-28T01:00:00+03:00,2026-01,,2900.9910587412933,near_term_anchor:flat_next_month,True,True,True
2026-01-27T23:00:00+00:00,2026-01-28T02:00:00+03:00,2026-01,,2900.991167199994,near_term_anchor:flat_next_month,True,True,True
2026-01-28T00:00:00+00:00,2026-01-28T03:00:00+03:00,2026-01,,2900.9912796144104,near_term_anchor:flat_next_month,True,True,True
2026-01-28T01:00:00+00:00,2026-01-28T04:00:00+03:00,2026-01,,2900.991395379172,near_term_anchor:flat_next_month,True,True,True
2026-01-28T02:00:00+00:00,2026-01-28T05:00:00+03:00,2026-01,,2900.991513760944,near_term_anchor:flat_next_month,True,True,True
2026-01-28T03:00:00+00:00,2026-01-28T06:00:00+03:00,2026-01,,2900.991633886854,near_term_anchor:flat_next_month,True,True,True
2026-01-28T04:00:00+00:00,2026-01-28T07:00:00+03:00,2026-01,,2900.991754732653,near_term_anchor:flat_next_month,True,True,True
2026-01-28T05:00:00+00:00,2026-01-28T08:00:00+03:00,2026-01,,2900.991875110707,near_term_anchor:flat_next_month,True,True,True
2026-01-28T06:00:00+00:00,2026-01-28T09:00:00+03:00,2026-01,,2900.9919936579063,near_term_anchor:flat_next_month,True,True,True
2026-01-28T07:00:00+00:00,2026-01-28T10:00:00+03:00,2026-01,,2900.99210882363,near_term_anchor:flat_next_month,True,True,True
2026-01-28T08:00:00+00:00,2026-01-28T11:00:00+03:00,2026-01,,2900.9922188578907,near_term_anchor:flat_next_month,True,True,True
2026-01-28T09:00:00+00:00,2026-01-28T12:00:00+03:00,2026-01,,2900.9923217998194,near_term_anchor:flat_next_month,True,True,True
2026-01-28T10:00:00+00:00,2026-01-28T13:00:00+03:00,2026-01,,2900.9924154666614,near_term_anchor:flat_next_month,True,True,True
2026-01-28T11:00:00+00:00,2026-01-28T14:00:00+03:00,2026-01,,2900.992497443481,near_term_anchor:flat_next_month,True,True,True
2026-01-28T12:00:00+00:00,2026-01-28T15:00:00+03:00,2026-01,,2900.9925650737973,near_term_anchor:flat_next_month,True,True,True
2026-01-28T13:00:00+00:00,2026-01-28T16:00:00+03:00,2026-01,,2900.9926154513846,near_term_anchor:flat_next_month,True,True,True
2026-01-28T14:00:00+00:00,2026-01-28T17:00:00+03:00,2026-01,,2900.9926454135098,near_term_anchor:flat_next_month,True,True,True
2026-01-28T15:00:00+00:00,2026-01-28T18:00:00+03:00,2026-01,,2900.9926515358948,near_term_anchor:flat_next_month,True,True,True
2026-01-28T16:00:00+00:00,2026-01-28T19:00:00+03:00,2026-01,,2900.9926301297205,near_term_anchor:flat_next_month,True,True,True
2026-01-28T17:00:00+00:00,2026-01-28T20:00:00+03:00,2026-01,,2900.9925772410156,near_term_anchor:flat_next_month,True,True,True
2026-01-28T18:00:00+00:00,2026-01-28T21:00:00+03:00,2026-01,,2900.992488652796,near_term_anchor:flat_next_month,True,True,True
2026-01-28T19:00:00+00:00,2026-01-28T22:00:00+03:00,2026-01,,2900.9923598903542,near_term_anchor:flat_next_month,True,True,True
2026-01-28T20:00:00+00:00,2026-01-28T23:00:00+03:00,2026-01,,2900.992186230119,near_term_anchor:flat_next_month,True,True,True
2026-01-28T21:00:00+00:00,2026-01-29T00:00:00+03:00,2026-01,,2900.9919627125278,near_term_anchor:flat_next_month,True,True,True
2026-01-28T22:00:00+00:00,2026-01-29T01:00:00+03:00,2026-01,,2900.991684159398,near_term_anchor:flat_next_month,True,True,True
2026-01-28T23:00:00+00:00,2026-01-29T02:00:00+03:00,2026-01,,2900.991345196274,near_term_anchor:flat_next_month,True,True,True
2026-01-29T00:00:00+00:00,2026-01-29T03:00:00+03:00,2026-01,,2900.990940280282,near_term_anchor:flat_next_month,True,True,True
2026-01-29T01:00:00+00:00,2026-01-29T04:00:00+03:00,2026-01,,2900.99046373403,near_term_anchor:flat_next_month,True,True,True
2026-01-29T02:00:00+00:00,2026-01-29T05:00:00+03:00,2026-01,,2900.9899097860985,near_term_anchor:flat_next_month,True,True,True
2026-01-29T03:00:00+00:00,2026-01-29T06:00:00+03:00,2026-01,,2900.9892726186927,near_term_anchor:flat_next_month,True,True,True
2026-01-29T04:00:00+00:00,2026-01-29T07:00:00+03:00,2026-01,,2900.988546423042,near_term_anchor:flat_next_month,True,True,True
2026-01-29T05:00:00+00:00,2026-01-29T08:00:00+03:00,2026-01,,2900.98772546311,near_term_anchor:flat_next_month,True,True,True
2026-01-29T06:00:00+00:00,2026-01-29T09:00:00+03:00,2026-01,,2900.986804148222,near_term_anchor:flat_next_month,True,True,True
2026-01-29T07:00:00+00:00,2026-01-29T10:00:00+03:00,2026-01,,2900.9857771151546,near_term_anchor:flat_next_month,True,True,True
2026-01-29T08:00:00+00:00,2026-01-29T11:00:00+03:00,2026-01,,2900.9846393202765,near_term_anchor:flat_next_month,True,True,True
2026-01-29T09:00:00+00:00,2026-01-29T12:00:00+03:00,2026-01,,2900.9833861422435,near_term_anchor:flat_next_month,True,True,True
2026-01-29T10:00:00+00:00,2026-01-29T13:00:00+03:00,2026-01,,2900.9820134957795,near_term_anchor:flat_next_month,True,True,True
2026-01-29T11:00:00+00:00,2026-01-29T14:00:00+03:00,2026-01,,2900.9805179569953,near_term_anchor:flat_next_month,True,True,True
2026-01-29T12:00:00+00:00,2026-01-29T15:00:00+03:00,2026-01,,2900.978896900653,near_term_anchor:flat_next_month,True,True,True
2026-01-29T13:00:00+00:00,2026-01-29T16:00:00+03:00,2026-01,,2900.9771486497198,near_term_anchor:flat_next_month,True,True,True
2026-01-29T14:00:00+00:00,2026-01-29T17:00:00+03:00,2026-01,,2900.9752726374722,near_term_anchor:flat_next_month,True,True,True
2026-01-29T15:00:00+00:00,2026-01-29T18:00:00+03:00,2026-01,,2900.9732695823213,near_term_anchor:flat_next_month,True,True,True
2026-01-29T16:00:00+00:00,2026-01-29T19:00:00+03:00,2026-01,,2900.9711416754135,near_term_anchor:flat_next_month,True,True,True
2026-01-29T17:00:00+00:00,2026-01-29T20:00:00+03:00,2026-01,,2900.9688927809384,near_term_anchor:flat_next_month,True,True,True
2026-01-29T18:00:00+00:00,2026-01-29T21:00:00+03:00,2026-01,,2900.966528648917,near_term_anchor:flat_next_month,True,True,True
2026-01-29T19:00:00+00:00,2026-01-29T22:00:00+03:00,2026-01,,2900.9640571400932,near_term_anchor:flat_next_month,True,True,True
2026-01-29T20:00:00+00:00,2026-01-29T23:00:00+03:00,2026-01,,2900.9614884623443,near_term_anchor:flat_next_month,True,True,True
2026-01-29T21:00:00+00:00,2026-01-30T00:00:00+03:00,2026-01,,2900.9588354178322,near_term_anchor:flat_next_month,True,True,True
2026-01-29T22:00:00+00:00,2026-01-30T01:00:00+03:00,2026-01,,2900.9561136598736,near_term_anchor:flat_next_month,True,True,True
2026-01-29T23:00:00+00:00,2026-01-30T02:00:00+03:00,2026-01,,2900.9533419582435,near_term_anchor:flat_next_month,True,True,True
2026-01-30T00:00:00+00:00,2026-01-30T03:00:00+03:00,2026-01,,2900.9505424713507,near_term_anchor:flat_next_month,True,True,True
2026-01-30T01:00:00+00:00,2026-01-30T04:00:00+03:00,2026-01,,2900.94774102341,near_term_anchor:flat_next_month,True,True,True
2026-01-30T02:00:00+00:00,2026-01-30T05:00:00+03:00,2026-01,,2900.944967384389,near_term_anchor:flat_next_month,True,True,True
2026-01-30T03:00:00+00:00,2026-01-30T06:00:00+03:00,2026-01,,2900.9422555501537,near_term_anchor:flat_next_month,True,True,True
2026-01-30T04:00:00+00:00,2026-01-30T07:00:00+03:00,2026-01,,2900.939644019828,near_term_anchor:flat_next_month,True,True,True
2026-01-30T05:00:00+00:00,2026-01-30T08:00:00+03:00,2026-01,,2900.937176066981,near_term_anchor:flat_next_month,True,True,True
2026-01-30T06:00:00+00:00,2026-01-30T09:00:00+03:00,2026-01,,2900.93490000078,near_term_anchor:flat_next_month,True,True,True
2026-01-30T07:00:00+00:00,2026-01-30T10:00:00+03:00,2026-01,,2900.9328694127857,near_term_anchor:flat_next_month,True,True,True
2026-01-30T08:00:00+00:00,2026-01-30T11:00:00+03:00,2026-01,,2900.931143404556,near_term_anchor:flat_next_month,True,True,True
2026-01-30T09:00:00+00:00,2026-01-30T12:00:00+03:00,2026-01,,2900.92978679071,near_term_anchor:flat_next_month,True,True,True
2026-01-30T10:00:00+00:00,2026-01-30T13:00:00+03:00,2026-01,,2900.928870271525,near_term_anchor:flat_next_month,True,True,True
2026-01-30T11:00:00+00:00,2026-01-30T14:00:00+03:00,2026-01,,2900.9284705685996,near_term_anchor:flat_next_month,True,True,True
2026-01-30T12:00:00+00:00,2026-01-30T15:00:00+03:00,2026-01,,2900.9286705165055,near_term_anchor:flat_next_month,True,True,True
2026-01-30T13:00:00+00:00,2026-01-30T16:00:00+03:00,2026-01,,2900.9295591027576,near_term_anchor:flat_next_month,True,True,True
2026-01-30T14:00:00+00:00,2026-01-30T17:00:00+03:00,2026-01,,2900.93123144782,near_term_anchor:flat_next_month,True,True,True
2026-01-30T15:00:00+00:00,2026-01-30T18:00:00+03:00,2026-01,,2900.9337887162465,near_term_anchor:flat_next_month,True,True,True
2026-01-30T16:00:00+00:00,2026-01-30T19:00:00+03:00,2026-01,,2900.9373379494446,near_term_anchor:flat_next_month,True,True,True
2026-01-30T17:00:00+00:00,2026-01-30T20:00:00+03:00,2026-01,,2900.9419918099156,near_term_anchor:flat_next_month,True,True,True
2026-01-30T18:00:00+00:00,2026-01-30T21:00:00+03:00,2026-01,,2900.947868226364,near_term_anchor:flat_next_month,True,True,True
2026-01-30T19:00:00+00:00,2026-01-30T22:00:00+03:00,2026-01,,2900.955089928313,near_term_anchor:flat_next_month,True,True,True
2026-01-30T20:00:00+00:00,2026-01-30T23:00:00+03:00,2026-01,,2900.9637838584654,near_term_anchor:flat_next_month,True,True,True
2026-01-30T21:00:00+00:00,2026-01-31T00:00:00+03:00,2026-01,,2900.9740804505295,near_term_anchor:flat_next_month,True,True,True
2026-01-30T22:00:00+00:00,2026-01-31T01:00:00+03:00,2026-01,,2900.986112759827,near_term_anchor:flat_next_month,True,True,True
2026-01-30T23:00:00+00:00,2026-01-31T02:00:00+03:00,2026-01,,2901.0000154336353,near_term_anchor:flat_next_month,True,True,True
2026-01-31T00:00:00+00:00,2026-01-31T03:00:00+03:00,2026-01,,2901.015923507956,near_term_anchor:flat_next_month,True,True,True
2026-01-31T01:00:00+00:00,2026-01-31T04:00:00+03:00,2026-01,,2901.033971017246,near_term_anchor:flat_next_month,True,True,True
2026-01-31T02:00:00+00:00,2026-01-31T05:00:00+03:00,2026-01,,2901.0542894036116,near_term_anchor:flat_next_month,True,True,True
2026-01-31T03:00:00+00:00,2026-01-31T06:00:00+03:00,2026-01,,2901.077005712057,near_term_anchor:flat_next_month,True,True,True
2026-01-31T04:00:00+00:00,2026-01-31T07:00:00+03:00,2026-01,,2901.1022405586473,near_term_anchor:flat_next_month,True,True,True
2026-01-31T05:00:00+00:00,2026-01-31T08:00:00+03:00,2026-01,,2901.130105858874,near_term_anchor:flat_next_month,True,True,True
2026-01-31T06:00:00+00:00,2026-01-31T09:00:00+03:00,2026-01,,2901.160702304174,near_term_anchor:flat_next_month,True,True,True
2026-01-31T07:00:00+00:00,2026-01-31T10:00:00+03:00,2026-01,,2901.1941165754,near_term_anchor:flat_next_month,True,True,True
2026-01-31T08:00:00+00:00,2026-01-31T11:00:00+03:00,2026-01,,2901.230418283175,near_term_anchor:flat_next_month,True,True,True
2026-01-31T09:00:00+00:00,2026-01-31T12:00:00+03:00,2026-01,,2901.269656626462,near_term_anchor:flat_next_month,True,True,True
2026-01-31T10:00:00+00:00,2026-01-31T13:00:00+03:00,2026-01,,2901.311856762397,near_term_anchor:flat_next_month,True,True,True
2026-01-31T11:00:00+00:00,2026-01-31T14:00:00+03:00,2026-01,,2901.3570158824523,near_term_anchor:flat_next_month,True,True,True
2026-01-31T12:00:00+00:00,2026-01-31T15:00:00+03:00,2026-01,,2901.4050989924253,near_term_anchor:flat_next_month,True,True,True
2026-01-31T13:00:00+00:00,2026-01-31T16:00:00+03:00,2026-01,,2901.4560343965245,near_term_anchor:flat_next_month,True,True,True
2026-01-31T14:00:00+00:00,2026-01-31T17:00:00+03:00,2026-01,,2901.5097088890598,near_term_anchor:flat_next_month,True,True,True
2026-01-31T15:00:00+00:00,2026-01-31T18:00:00+03:00,2026-01,,2901.5659626609004,near_term_anchor:flat_next_month,True,True,True
2026-01-31T16:00:00+00:00,2026-01-31T19:00:00+03:00,2026-01,,2901.624583932027,near_term_anchor:flat_next_month,True,True,True
2026-01-31T17:00:00+00:00,2026-01-31T20:00:00+03:00,2026-01,,2901.685303326152,near_term_anchor:flat_next_month,True,True,True
2026-01-31T18:00:00+00:00,2026-01-31T21:00:00+03:00,2026-01,,2901.7477880085976,near_term_anchor:flat_next_month,True,True,True
2026-01-31T19:00:00+00:00,2026-01-31T22:00:00+03:00,2026-01,,2901.811635614352,near_term_anchor:flat_next_month,True,True,True
2026-01-31T20:00:00+00:00,2026-01-31T23:00:00+03:00,2026-01,,2901.8763679996014,near_term_anchor:flat_next_month,True,True,True
2026-01-31T21:00:00+00:00,2026-02-01T00:00:00+03:00,2026-02,EBM0226,2901.9414248569706,EPIAS_VEP:EBM0226,True,False,False
2026-01-31T22:00:00+00:00,2026-02-01T01:00:00+03:00,2026-02,EBM0226,2902.006157242283,EPIAS_VEP:EBM0226,True,False,False
2026-01-31T23:00:00+00:00,2026-02-01T02:00:00+03:00,2026-02,EBM0226,2902.0700048481644,EPIAS_VEP:EBM0226,True,False,False
2026-02-01T00:00:00+00:00,2026-02-01T03:00:00+03:00,2026-02,EBM0226,2902.1324895307976,EPIAS_VEP:EBM0226,True,False,False
2026-02-01T01:00:00+00:00,2026-02-01T04:00:00+03:00,2026-02,EBM0226,2902.1932089251873,EPIAS_VEP:EBM0226,True,False,False
2026-02-01T02:00:00+00:00,2026-02-01T05:00:00+03:00,2026-02,EBM0226,2902.251830196665,EPIAS_VEP:EBM0226,True,False,False
2026-02-01T03:00:00+00:00,2026-02-01T06:00:00+03:00,2026-02,EBM0226,2902.3080839689733,EPIAS_VEP:EBM0226,True,False,False
2026-02-01T04:00:00+00:00,2026-02-01T07:00:00+03:00,2026-02,EBM0226,2902.361758462112,EPIAS_VEP:EBM0226,True,False,False
2026-02-01T05:00:00+00:00,2026-02-01T08:00:00+03:00,2026-02,EBM0226,2902.4126938669583,EPIAS_VEP:EBM0226,True,False,False
2026-02-01T06:00:00+00:00,2026-02-01T09:00:00+03:00,2026-02,EBM0226,2902.460776977822,EPIAS_VEP:EBM0226,True,False,False
2026-02-01T07:00:00+00:00,2026-02-01T10:00:00+03:00,2026-02,EBM0226,2902.5059360989076,EPIAS_VEP:EBM0226,True,False,False
2026-02-01T08:00:00+00:00,2026-02-01T11:00:00+03:00,2026-02,EBM0226,2902.5481362360238,EPIAS_VEP:EBM0226,True,False,False
2026-02-01T09:00:00+00:00,2026-02-01T12:00:00+03:00,2026-02,EBM0226,2902.587374580628,EPIAS_VEP:EBM0226,True,False,False
2026-02-01T10:00:00+00:00,2026-02-01T13:00:00+03:00,2026-02,EBM0226,2902.623676289841,EPIAS_VEP:EBM0226,True,False,False
2026-02-01T11:00:00+00:00,2026-02-01T14:00:00+03:00,2026-02,EBM0226,2902.657090562598,EPIAS_VEP:EBM0226,True,False,False
2026-02-01T12:00:00+00:00,2026-02-01T15:00:00+03:00,2026-02,EBM0226,2902.6876870094875,EPIAS_VEP:EBM0226,True,False,False
2026-02-01T13:00:00+00:00,2026-02-01T16:00:00+03:00,2026-02,EBM0226,2902.715552311323,EPIAS_VEP:EBM0226,True,False,False
2026-02-01T14:00:00+00:00,2026-02-01T17:00:00+03:00,2026-02,EBM0226,2902.740787159507,EPIAS_VEP:EBM0226,True,False,False
2026-02-01T15:00:00+00:00,2026-02-01T18:00:00+03:00,2026-02,EBM0226,2902.763503469497,EPIAS_VEP:EBM0226,True,False,False
2026-02-01T16:00:00+00:00,2026-02-01T19:00:00+03:00,2026-02,EBM0226,2902.7838218573315,EPIAS_VEP:EBM0226,True,False,False
2026-02-01T17:00:00+00:00,2026-02-01T20:00:00+03:00,2026-02,EBM0226,2902.8018693679937,EPIAS_VEP:EBM0226,True,False,False
2026-02-01T18:00:00+00:00,2026-02-01T21:00:00+03:00,2026-02,EBM0226,2902.8177774435767,EPIAS_VEP:EBM0226,True,False,False
2026-02-01T19:00:00+00:00,2026-02-01T22:00:00+03:00,2026-02,EBM0226,2902.8316801185265,EPIAS_VEP:EBM0226,True,False,False
2026-02-01T20:00:00+00:00,2026-02-01T23:00:00+03:00,2026-02,EBM0226,2902.843712428838,EPIAS_VEP:EBM0226,True,False,False
2026-02-01T21:00:00+00:00,2026-02-02T00:00:00+03:00,2026-02,EBM0226,2902.8540090217875,EPIAS_VEP:EBM0226,True,False,False
2026-02-01T22:00:00+00:00,2026-02-02T01:00:00+03:00,2026-02,EBM0226,2902.8627029526992,EPIAS_VEP:EBM0226,True,False,False
2026-02-01T23:00:00+00:00,2026-02-02T02:00:00+03:00,2026-02,EBM0226,2902.8699246552924,EPIAS_VEP:EBM0226,True,False,False
2026-02-02T00:00:00+00:00,2026-02-02T03:00:00+03:00,2026-02,EBM0226,2902.8758010722854,EPIAS_VEP:EBM0226,True,False,False
2026-02-02T01:00:00+00:00,2026-02-02T04:00:00+03:00,2026-02,EBM0226,2902.8804549332294,EPIAS_VEP:EBM0226,True,False,False
2026-02-02T02:00:00+00:00,2026-02-02T05:00:00+03:00,2026-02,EBM0226,2902.8840041668636,EPIAS_VEP:EBM0226,True,False,False
2026-02-02T03:00:00+00:00,2026-02-02T06:00:00+03:00,2026-02,EBM0226,2902.886561435715,EPIAS_VEP:EBM0226,True,False,False
2026-02-02T04:00:00+00:00,2026-02-02T07:00:00+03:00,2026-02,EBM0226,2902.8882337811892,EPIAS_VEP:EBM0226,True,False,False
2026-02-02T05:00:00+00:00,2026-02-02T08:00:00+03:00,2026-02,EBM0226,2902.889122367838,EPIAS_VEP:EBM0226,True,False,False
2026-02-02T06:00:00+00:00,2026-02-02T09:00:00+03:00,2026-02,EBM0226,2902.8893223161217,EPIAS_VEP:EBM0226,True,False,False
2026-02-02T07:00:00+00:00,2026-02-02T10:00:00+03:00,2026-02,EBM0226,2902.8889226135448,EPIAS_VEP:EBM0226,True,False,False
2026-02-02T08:00:00+00:00,2026-02-02T11:00:00+03:00,2026-02,EBM0226,2902.8880060946653,EPIAS_VEP:EBM0226,True,False,False
2026-02-02T09:00:00+00:00,2026-02-02T12:00:00+03:00,2026-02,EBM0226,2902.886649481062,EPIAS_VEP:EBM0226,True,False,False
2026-02-02T10:00:00+00:00,2026-02-02T13:00:00+03:00,2026-02,EBM0226,2902.884923472989,EPIAS_VEP:EBM0226,True,False,False
2026-02-02T11:00:00+00:00,2026-02-02T14:00:00+03:00,2026-02,EBM0226,2902.882892885042,EPIAS_VEP:EBM0226,True,False,False
2026-02-02T12:00:00+00:00,2026-02-02T15:00:00+03:00,2026-02,EBM0226,2902.8806168187575,EPIAS_VEP:EBM0226,True,False,False
2026-02-02T13:00:00+00:00,2026-02-02T16:00:00+03:00,2026-02,EBM0226,2902.8781488656728,EPIAS_VEP:EBM0226,True,False,False
2026-02-02T14:00:00+00:00,2026-02-02T17:00:00+03:00,2026-02,EBM0226,2902.87553733494,EPIAS_VEP:EBM0226,True,False,False
2026-02-02T15:00:00+00:00,2026-02-02T18:00:00+03:00,2026-02,EBM0226,2902.872825500113,EPIAS_VEP:EBM0226,True,False,False
2026-02-02T16:00:00+00:00,2026-02-02T19:00:00+03:00,2026-02,EBM0226,2902.870051860299,EPIAS_VEP:EBM0226,True,False,False
2026-02-02T17:00:00+00:00,2026-02-02T20:00:00+03:00,2026-02,EBM0226,2902.8672504113483,EPIAS_VEP:EBM0226,True,False,False
2026-02-02T18:00:00+00:00,2026-02-02T21:00:00+03:00,2026-02,EBM0226,2902.8644509232195,EPIAS_VEP:EBM0226,True,False,False
2026-02-02T19:00:00+00:00,2026-02-02T22:00:00+03:00,2026-02,EBM0226,2902.861679220122,EPIAS_VEP:EBM0226,True,False,False
2026-02-02T20:00:00+00:00,2026-02-02T23:00:00+03:00,2026-02,EBM0226,2902.8589574604653,EPIAS_VEP:EBM0226,True,False,False
2026-02-02T21:00:00+00:00,2026-02-03T00:00:00+03:00,2026-02,EBM0226,2902.856304414033,EPIAS_VEP:EBM0226,True,False,False
2026-02-02T22:00:00+00:00,2026-02-03T01:00:00+03:00,2026-02,EBM0226,2902.8537357341543,EPIAS_VEP:EBM0226,True,False,False
2026-02-02T23:00:00+00:00,2026-02-03T02:00:00+03:00,2026-02,EBM0226,2902.8512642230125,EPIAS_VEP:EBM0226,True,False,False
2026-02-03T00:00:00+00:00,2026-02-03T03:00:00+03:00,2026-02,EBM0226,2902.8489000885093,EPIAS_VEP:EBM0226,True,False,False
2026-02-03T01:00:00+00:00,2026-02-03T04:00:00+03:00,2026-02,EBM0226,2902.8466511914166,EPIAS_VEP:EBM0226,True,False,False
2026-02-03T02:00:00+00:00,2026-02-03T05:00:00+03:00,2026-02,EBM0226,2902.8445232817944,EPIAS_VEP:EBM0226,True,False,False
2026-02-03T03:00:00+00:00,2026-02-03T06:00:00+03:00,2026-02,EBM0226,2902.842520223877,EPIAS_VEP:EBM0226,True,False,False
2026-02-03T04:00:00+00:00,2026-02-03T07:00:00+03:00,2026-02,EBM0226,2902.8406442088576,EPIAS_VEP:EBM0226,True,False,False
2026-02-03T05:00:00+00:00,2026-02-03T08:00:00+03:00,2026-02,EBM0226,2902.8388959551958,EPIAS_VEP:EBM0226,True,False,False
2026-02-03T06:00:00+00:00,2026-02-03T09:00:00+03:00,2026-02,EBM0226,2902.837274896215,EPIAS_VEP:EBM0226,True,False,False
2026-02-03T07:00:00+00:00,2026-02-03T10:00:00+03:00,2026-02,EBM0226,2902.8357793549294,EPIAS_VEP:EBM0226,True,False,False
2026-02-03T08:00:00+00:00,2026-02-03T11:00:00+03:00,2026-02,EBM0226,2902.8344067061453,EPIAS_VEP:EBM0226,True,False,False
2026-02-03T09:00:00+00:00,2026-02-03T12:00:00+03:00,2026-02,EBM0226,2902.83315352602,EPIAS_VEP:EBM0226,True,False,False
2026-02-03T10:00:00+00:00,2026-02-03T13:00:00+03:00,2026-02,EBM0226,2902.832015729317,EPIAS_VEP:EBM0226,True,False,False
2026-02-03T11:00:00+00:00,2026-02-03T14:00:00+03:00,2026-02,EBM0226,2902.8309886947286,EPIAS_VEP:EBM0226,True,False,False
2026-02-03T12:00:00+00:00,2026-02-03T15:00:00+03:00,2026-02,EBM0226,2902.8300673786553,EPIAS_VEP:EBM0226,True,False,False
2026-02-03T13:00:00+00:00,2026-02-03T16:00:00+03:00,2026-02,EBM0226,2902.829246417909,EPIAS_VEP:EBM0226,True,False,False
2026-02-03T14:00:00+00:00,2026-02-03T17:00:00+03:00,2026-02,EBM0226,2902.828520221843,EPIAS_VEP:EBM0226,True,False,False
2026-02-03T15:00:00+00:00,2026-02-03T18:00:00+03:00,2026-02,EBM0226,2902.827883054446,EPIAS_VEP:EBM0226,True,False,False
2026-02-03T16:00:00+00:00,2026-02-03T19:00:00+03:00,2026-02,EBM0226,2902.827329106957,EPIAS_VEP:EBM0226,True,False,False
2026-02-03T17:00:00+00:00,2026-02-03T20:00:00+03:00,2026-02,EBM0226,2902.8268525615927,EPIAS_VEP:EBM0226,True,False,False
2026-02-03T18:00:00+00:00,2026-02-03T21:00:00+03:00,2026-02,EBM0226,2902.8264476469253,EPIAS_VEP:EBM0226,True,False,False
2026-02-03T19:00:00+00:00,2026-02-03T22:00:00+03:00,2026-02,EBM0226,2902.826108685545,EPIAS_VEP:EBM0226,True,False,False
2026-02-03T20:00:00+00:00,2026-02-03T23:00:00+03:00,2026-02,EBM0226,2902.8258301345463,EPIAS_VEP:EBM0226,True,False,False
2026-02-03T21:00:00+00:00,2026-02-04T00:00:00+03:00,2026-02,EBM0226,2902.825606619428,EPIAS_VEP:EBM0226,True,False,False
2026-02-03T22:00:00+00:00,2026-02-04T01:00:00+03:00,2026-02,EBM0226,2902.8254329619567,EPIAS_VEP:EBM0226,True,False,False
2026-02-03T23:00:00+00:00,2026-02-04T02:00:00+03:00,2026-02,EBM0226,2902.8253042025153,EPIAS_VEP:EBM0226,True,False,False
2026-02-04T00:00:00+00:00,2026-02-04T03:00:00+03:00,2026-02,EBM0226,2902.8252156174776,EPIAS_VEP:EBM0226,True,False,False
2026-02-04T01:00:00+00:00,2026-02-04T04:00:00+03:00,2026-02,EBM0226,2902.8251627320815,EPIAS_VEP:EBM0226,True,False,False
2026-02-04T02:00:00+00:00,2026-02-04T05:00:00+03:00,2026-02,EBM0226,2902.825141329289,EPIAS_VEP:EBM0226,True,False,False
2026-02-04T03:00:00+00:00,2026-02-04T06:00:00+03:00,2026-02,EBM0226,2902.825147455075,EPIAS_VEP:EBM0226,True,False,False
2026-02-04T04:00:00+00:00,2026-02-04T07:00:00+03:00,2026-02,EBM0226,2902.825177420572,EPIAS_VEP:EBM0226,True,False,False
2026-02-04T05:00:00+00:00,2026-02-04T08:00:00+03:00,2026-02,EBM0226,2902.825227801457,EPIAS_VEP:EBM0226,True,False,False
2026-02-04T06:00:00+00:00,2026-02-04T09:00:00+03:00,2026-02,EBM0226,2902.8252954349555,EPIAS_VEP:EBM0226,True,False,False
2026-02-04T07:00:00+00:00,2026-02-04T10:00:00+03:00,2026-02,EBM0226,2902.8253774148125,EPIAS_VEP:EBM0226,True,False,False
2026-02-04T08:00:00+00:00,2026-02-04T11:00:00+03:00,2026-02,EBM0226,2902.8254710845235,EPIAS_VEP:EBM0226,True,False,False
2026-02-04T09:00:00+00:00,2026-02-04T12:00:00+03:00,2026-02,EBM0226,2902.8255740291384,EPIAS_VEP:EBM0226,True,False,False
2026-02-04T10:00:00+00:00,2026-02-04T13:00:00+03:00,2026-02,EBM0226,2902.825684065894,EPIAS_VEP:EBM0226,True,False,False
2026-02-04T11:00:00+00:00,2026-02-04T14:00:00+03:00,2026-02,EBM0226,2902.825799233913,EPIAS_VEP:EBM0226,True,False,False
2026-02-04T12:00:00+00:00,2026-02-04T15:00:00+03:00,2026-02,EBM0226,2902.825917783206,EPIAS_VEP:EBM0226,True,False,False
2026-02-04T13:00:00+00:00,2026-02-04T16:00:00+03:00,2026-02,EBM0226,2902.8260381631503,EPIAS_VEP:EBM0226,True,False,False
2026-02-04T14:00:00+00:00,2026-02-04T17:00:00+03:00,2026-02,EBM0226,2902.82615901064,EPIAS_VEP:EBM0226,True,False,False
2026-02-04T15:00:00+00:00,2026-02-04T18:00:00+03:00,2026-02,EBM0226,2902.826279138051,EPIAS_VEP:EBM0226,True,False,False
2026-02-04T16:00:00+00:00,2026-02-04T19:00:00+03:00,2026-02,EBM0226,2902.8263975211376,EPIAS_VEP:EBM0226,True,False,False
2026-02-04T17:00:00+00:00,2026-02-04T20:00:00+03:00,2026-02,EBM0226,2902.8265132870397,EPIAS_VEP:EBM0226,True,False,False
2026-02-04T18:00:00+00:00,2026-02-04T21:00:00+03:00,2026-02,EBM0226,2902.8266257024416,EPIAS_VEP:EBM0226,True,False,False
2026-02-04T19:00:00+00:00,2026-02-04T22:00:00+03:00,2026-02,EBM0226,2902.82673416199,EPIAS_VEP:EBM0226,True,False,False
2026-02-04T20:00:00+00:00,2026-02-04T23:00:00+03:00,2026-02,EBM0226,2902.8268381770495,EPIAS_VEP:EBM0226,True,False,False
2026-02-04T21:00:00+00:00,2026-02-05T00:00:00+03:00,2026-02,EBM0226,2902.8269373648545,EPIAS_VEP:EBM0226,True,False,False
2026-02-04T22:00:00+00:00,2026-02-05T01:00:00+03:00,2026-02,EBM0226,2902.827031438112,EPIAS_VEP:EBM0226,True,False,False
2026-02-04T23:00:00+00:00,2026-02-05T02:00:00+03:00,2026-02,EBM0226,2902.8271201950797,EPIAS_VEP:EBM0226,True,False,False
2026-02-05T00:00:00+00:00,2026-02-05T03:00:00+03:00,2026-02,EBM0226,2902.8272035101622,EPIAS_VEP:EBM0226,True,False,False
2026-02-05T01:00:00+00:00,2026-02-05T04:00:00+03:00,2026-02,EBM0226,2902.8272813250355,EPIAS_VEP:EBM0226,True,False,False
2026-02-05T02:00:00+00:00,2026-02-05T05:00:00+03:00,2026-02,EBM0226,2902.827353640313,EPIAS_VEP:EBM0226,True,False,False
2026-02-05T03:00:00+00:00,2026-02-05T06:00:00+03:00,2026-02,EBM0226,2902.8274205077673,EPIAS_VEP:EBM0226,True,False,False
2026-02-05T04:00:00+00:00,2026-02-05T07:00:00+03:00,2026-02,EBM0226,2902.8274820230995,EPIAS_VEP:EBM0226,True,False,False
2026-02-05T05:00:00+00:00,2026-02-05T08:00:00+03:00,2026-02,EBM0226,2902.8275383192486,EPIAS_VEP:EBM0226,True,False,False
2026-02-05T06:00:00+00:00,2026-02-05T09:00:00+03:00,2026-02,EBM0226,2902.827589560239,EPIAS_VEP:EBM0226,True,False,False
2026-02-05T07:00:00+00:00,2026-02-05T10:00:00+03:00,2026-02,EBM0226,2902.827635935547,EPIAS_VEP:EBM0226,True,False,False
2026-02-05T08:00:00+00:00,2026-02-05T11:00:00+03:00,2026-02,EBM0226,2902.8276776549797,EPIAS_VEP:EBM0226,True,False,False
2026-02-05T09:00:00+00:00,2026-02-05T12:00:00+03:00,2026-02,EBM0226,2902.8277149440455,EPIAS_VEP:EBM0226,True,False,False
2026-02-05T10:00:00+00:00,2026-02-05T13:00:00+03:00,2026-02,EBM0226,2902.8277480397705,EPIAS_VEP:EBM0226,True,False,False
2026-02-05T11:00:00+00:00,2026-02-05T14:00:00+03:00,2026-02,EBM0226,2902.8277771869803,EPIAS_VEP:EBM0226,True,False,False
2026-02-05T12:00:00+00:00,2026-02-05T15:00:00+03:00,2026-02,EBM0226,2902.8278026349867,EPIAS_VEP:EBM0226,True,False,False
2026-02-05T13:00:00+00:00,2026-02-05T16:00:00+03:00,2026-02,EBM0226,2902.827824634676,EPIAS_VEP:EBM0226,True,False,False
2026-02-05T14:00:00+00:00,2026-02-05T17:00:00+03:00,2026-02,EBM0226,2902.8278434359618,EPIAS_VEP:EBM0226,True,False,False
2026-02-05T15:00:00+00:00,2026-02-05T18:00:00+03:00,2026-02,EBM0226,2902.8278592855886,EPIAS_VEP:EBM0226,True,False,False
2026-02-05T16:00:00+00:00,2026-02-05T19:00:00+03:00,2026-02,EBM0226,2902.8278724252436,EPIAS_VEP:EBM0226,True,False,False
2026-02-05T17:00:00+00:00,2026-02-05T20:00:00+03:00,2026-02,EBM0226,2902.8278830899685,EPIAS_VEP:EBM0226,True,False,False
2026-02-05T18:00:00+00:00,2026-02-05T21:00:00+03:00,2026-02,EBM0226,2902.8278915068613,EPIAS_VEP:EBM0226,True,False,False
2026-02-05T19:00:00+00:00,2026-02-05T22:00:00+03:00,2026-02,EBM0226,2902.8278978940007,EPIAS_VEP:EBM0226,True,False,False
2026-02-05T20:00:00+00:00,2026-02-05T23:00:00+03:00,2026-02,EBM0226,2902.8279024596063,EPIAS_VEP:EBM0226,True,False,False
2026-02-05T21:00:00+00:00,2026-02-06T00:00:00+03:00,2026-02,EBM0226,2902.827905401403,EPIAS_VEP:EBM0226,True,False,False
2026-02-05T22:00:00+00:00,2026-02-06T01:00:00+03:00,2026-02,EBM0226,2902.8279069061623,EPIAS_VEP:EBM0226,True,False,False
2026-02-05T23:00:00+00:00,2026-02-06T02:00:00+03:00,2026-02,EBM0226,2902.8279071494085,EPIAS_VEP:EBM0226,True,False,False
2026-02-06T00:00:00+00:00,2026-02-06T03:00:00+03:00,2026-02,EBM0226,2902.827906295267,EPIAS_VEP:EBM0226,True,False,False
2026-02-06T01:00:00+00:00,2026-02-06T04:00:00+03:00,2026-02,EBM0226,2902.827904496439,EPIAS_VEP:EBM0226,True,False,False
2026-02-06T02:00:00+00:00,2026-02-06T05:00:00+03:00,2026-02,EBM0226,2902.827901894291,EPIAS_VEP:EBM0226,True,False,False
2026-02-06T03:00:00+00:00,2026-02-06T06:00:00+03:00,2026-02,EBM0226,2902.8278986190226,EPIAS_VEP:EBM0226,True,False,False
2026-02-06T04:00:00+00:00,2026-02-06T07:00:00+03:00,2026-02,EBM0226,2902.8278947899316,EPIAS_VEP:EBM0226,True,False,False
2026-02-06T05:00:00+00:00,2026-02-06T08:00:00+03:00,2026-02,EBM0226,2902.8278905157345,EPIAS_VEP:EBM0226,True,False,False
2026-02-06T06:00:00+00:00,2026-02-06T09:00:00+03:00,2026-02,EBM0226,2902.8278858949598,EPIAS_VEP:EBM0226,True,False,False
2026-02-06T07:00:00+00:00,2026-02-06T10:00:00+03:00,2026-02,EBM0226,2902.8278810163706,EPIAS_VEP:EBM0226,True,False,False
2026-02-06T08:00:00+00:00,2026-02-06T11:00:00+03:00,2026-02,EBM0226,2902.8278759594245,EPIAS_VEP:EBM0226,True,False,False
2026-02-06T09:00:00+00:00,2026-02-06T12:00:00+03:00,2026-02,EBM0226,2902.8278707947666,EPIAS_VEP:EBM0226,True,False,False
2026-02-06T10:00:00+00:00,2026-02-06T13:00:00+03:00,2026-02,EBM0226,2902.8278655847243,EPIAS_VEP:EBM0226,True,False,False
2026-02-06T11:00:00+00:00,2026-02-06T14:00:00+03:00,2026-02,EBM0226,2902.8278603838307,EPIAS_VEP:EBM0226,True,False,False
2026-02-06T12:00:00+00:00,2026-02-06T15:00:00+03:00,2026-02,EBM0226,2902.8278552393467,EPIAS_VEP:EBM0226,True,False,False
2026-02-06T13:00:00+00:00,2026-02-06T16:00:00+03:00,2026-02,EBM0226,2902.827850191776,EPIAS_VEP:EBM0226,True,False,False
2026-02-06T14:00:00+00:00,2026-02-06T17:00:00+03:00,2026-02,EBM0226,2902.8278452753857,EPIAS_VEP:EBM0226,True,False,False
2026-02-06T15:00:00+00:00,2026-02-06T18:00:00+03:00,2026-02,EBM0226,2902.8278405187043,EPIAS_VEP:EBM0226,True,False,False
2026-02-06T16:00:00+00:00,2026-02-06T19:00:00+03:00,2026-02,EBM0226,2902.8278359450164,EPIAS_VEP:EBM0226,True,False,False
2026-02-06T17:00:00+00:00,2026-02-06T20:00:00+03:00,2026-02,EBM0226,2902.8278315728353,EPIAS_VEP:EBM0226,True,False,False
2026-02-06T18:00:00+00:00,2026-02-06T21:00:00+03:00,2026-02,EBM0226,2902.8278274163595,EPIAS_VEP:EBM0226,True,False,False
2026-02-06T19:00:00+00:00,2026-02-06T22:00:00+03:00,2026-02,EBM0226,2902.827823485907,EPIAS_VEP:EBM0226,True,False,False
2026-02-06T20:00:00+00:00,2026-02-06T23:00:00+03:00,2026-02,EBM0226,2902.827819788332,EPIAS_VEP:EBM0226,True,False,False
2026-02-06T21:00:00+00:00,2026-02-07T00:00:00+03:00,2026-02,EBM0226,2902.827816327417,EPIAS_VEP:EBM0226,True,False,False
2026-02-06T22:00:00+00:00,2026-02-07T01:00:00+03:00,2026-02,EBM0226,2902.8278131042407,EPIAS_VEP:EBM0226,True,False,False
2026-02-06T23:00:00+00:00,2026-02-07T02:00:00+03:00,2026-02,EBM0226,2902.8278101175215,EPIAS_VEP:EBM0226,True,False,False
2026-02-07T00:00:00+00:00,2026-02-07T03:00:00+03:00,2026-02,EBM0226,2902.827807363939,EPIAS_VEP:EBM0226,True,False,False
2026-02-07T01:00:00+00:00,2026-02-07T04:00:00+03:00,2026-02,EBM0226,2902.8278048384336,EPIAS_VEP:EBM0226,True,False,False
2026-02-07T02:00:00+00:00,2026-02-07T05:00:00+03:00,2026-02,EBM0226,2902.827802534482,EPIAS_VEP:EBM0226,True,False,False
2026-02-07T03:00:00+00:00,2026-02-07T06:00:00+03:00,2026-02,EBM0226,2902.827800444353,EPIAS_VEP:EBM0226,True,False,False
2026-02-07T04:00:00+00:00,2026-02-07T07:00:00+03:00,2026-02,EBM0226,2902.8277985593377,EPIAS_VEP:EBM0226,True,False,False
2026-02-07T05:00:00+00:00,2026-02-07T08:00:00+03:00,2026-02,EBM0226,2902.827796869957,EPIAS_VEP:EBM0226,True,False,False
2026-02-07T06:00:00+00:00,2026-02-07T09:00:00+03:00,2026-02,EBM0226,2902.8277953661504,EPIAS_VEP:EBM0226,True,False,False
2026-02-07T07:00:00+00:00,2026-02-07T10:00:00+03:00,2026-02,EBM0226,2902.8277940374473,EPIAS_VEP:EBM0226,True,False,False
2026-02-07T08:00:00+00:00,2026-02-07T11:00:00+03:00,2026-02,EBM0226,2902.8277928731263,EPIAS_VEP:EBM0226,True,False,False
2026-02-07T09:00:00+00:00,2026-02-07T12:00:00+03:00,2026-02,EBM0226,2902.8277918623457,EPIAS_VEP:EBM0226,True,False,False
2026-02-07T10:00:00+00:00,2026-02-07T13:00:00+03:00,2026-02,EBM0226,2902.827790994265,EPIAS_VEP:EBM0226,True,False,False
2026-02-07T11:00:00+00:00,2026-02-07T14:00:00+03:00,2026-02,EBM0226,2902.82779025814,EPIAS_VEP:EBM0226,True,False,False
2026-02-07T12:00:00+00:00,2026-02-07T15:00:00+03:00,2026-02,EBM0226,2902.8277896434124,EPIAS_VEP:EBM0226,True,False,False
2026-02-07T13:00:00+00:00,2026-02-07T16:00:00+03:00,2026-02,EBM0226,2902.8277891397843,EPIAS_VEP:EBM0226,True,False,False
2026-02-07T14:00:00+00:00,2026-02-07T17:00:00+03:00,2026-02,EBM0226,2902.827788737282,EPIAS_VEP:EBM0226,True,False,False
2026-02-07T15:00:00+00:00,2026-02-07T18:00:00+03:00,2026-02,EBM0226,2902.8277884263066,EPIAS_VEP:EBM0226,True,False,False
2026-02-07T16:00:00+00:00,2026-02-07T19:00:00+03:00,2026-02,EBM0226,2902.827788197677,EPIAS_VEP:EBM0226,True,False,False
2026-02-07T17:00:00+00:00,2026-02-07T20:00:00+03:00,2026-02,EBM0226,2902.827788042655,EPIAS_VEP:EBM0226,True,False,False
2026-02-07T18:00:00+00:00,2026-02-07T21:00:00+03:00,2026-02,EBM0226,2902.827787952972,EPIAS_VEP:EBM0226,True,False,False
2026-02-07T19:00:00+00:00,2026-02-07T22:00:00+03:00,2026-02,EBM0226,2902.8277879208404,EPIAS_VEP:EBM0226,True,False,False
2026-02-07T20:00:00+00:00,2026-02-07T23:00:00+03:00,2026-02,EBM0226,2902.8277879389666,EPIAS_VEP:EBM0226,True,False,False
2026-02-07T21:00:00+00:00,2026-02-08T00:00:00+03:00,2026-02,EBM0226,2902.827788000555,EPIAS_VEP:EBM0226,True,False,False
2026-02-07T22:00:00+00:00,2026-02-08T01:00:00+03:00,2026-02,EBM0226,2902.8277880992973,EPIAS_VEP:EBM0226,True,False,False
2026-02-07T23:00:00+00:00,2026-02-08T02:00:00+03:00,2026-02,EBM0226,2902.8277882293746,EPIAS_VEP:EBM0226,True,False,False
2026-02-08T00:00:00+00:00,2026-02-08T03:00:00+03:00,2026-02,EBM0226,2902.827788385445,EPIAS_VEP:EBM0226,True,False,False
2026-02-08T01:00:00+00:00,2026-02-08T04:00:00+03:00,2026-02,EBM0226,2902.827788562625,EPIAS_VEP:EBM0226,True,False,False
2026-02-08T02:00:00+00:00,2026-02-08T05:00:00+03:00,2026-02,EBM0226,2902.827788756478,EPIAS_VEP:EBM0226,True,False,False
2026-02-08T03:00:00+00:00,2026-02-08T06:00:00+03:00,2026-02,EBM0226,2902.827788962986,EPIAS_VEP:EBM0226,True,False,False
2026-02-08T04:00:00+00:00,2026-02-08T07:00:00+03:00,2026-02,EBM0226,2902.827789178541,EPIAS_VEP:EBM0226,True,False,False
2026-02-08T05:00:00+00:00,2026-02-08T08:00:00+03:00,2026-02,EBM0226,2902.8277893999257,EPIAS_VEP:EBM0226,True,False,False
2026-02-08T06:00:00+00:00,2026-02-08T09:00:00+03:00,2026-02,EBM0226,2902.8277896242926,EPIAS_VEP:EBM0226,True,False,False
2026-02-08T07:00:00+00:00,2026-02-08T10:00:00+03:00,2026-02,EBM0226,2902.827789849141,EPIAS_VEP:EBM0226,True,False,False
2026-02-08T08:00:00+00:00,2026-02-08T11:00:00+03:00,2026-02,EBM0226,2902.827790072295,EPIAS_VEP:EBM0226,True,False,False
2026-02-08T09:00:00+00:00,2026-02-08T12:00:00+03:00,2026-02,EBM0226,2902.8277902918812,EPIAS_VEP:EBM0226,True,False,False
2026-02-08T10:00:00+00:00,2026-02-08T13:00:00+03:00,2026-02,EBM0226,2902.827790506311,EPIAS_VEP:EBM0226,True,False,False
2026-02-08T11:00:00+00:00,2026-02-08T14:00:00+03:00,2026-02,EBM0226,2902.8277907142565,EPIAS_VEP:EBM0226,True,False,False
2026-02-08T12:00:00+00:00,2026-02-08T15:00:00+03:00,2026-02,EBM0226,2902.827790914629,EPIAS_VEP:EBM0226,True,False,False
2026-02-08T13:00:00+00:00,2026-02-08T16:00:00+03:00,2026-02,EBM0226,2902.827791106557,EPIAS_VEP:EBM0226,True,False,False
2026-02-08T14:00:00+00:00,2026-02-08T17:00:00+03:00,2026-02,EBM0226,2902.8277912893655,EPIAS_VEP:EBM0226,True,False,False
2026-02-08T15:00:00+00:00,2026-02-08T18:00:00+03:00,2026-02,EBM0226,2902.827791462555,EPIAS_VEP:EBM0226,True,False,False
2026-02-08T16:00:00+00:00,2026-02-08T19:00:00+03:00,2026-02,EBM0226,2902.827791625783,EPIAS_VEP:EBM0226,True,False,False
2026-02-08T17:00:00+00:00,2026-02-08T20:00:00+03:00,2026-02,EBM0226,2902.8277917788455,EPIAS_VEP:EBM0226,True,False,False
2026-02-08T18:00:00+00:00,2026-02-08T21:00:00+03:00,2026-02,EBM0226,2902.8277919216607,EPIAS_VEP:EBM0226,True,False,False
2026-02-08T19:00:00+00:00,2026-02-08T22:00:00+03:00,2026-02,EBM0226,2902.8277920542546,EPIAS_VEP:EBM0226,True,False,False
2026-02-08T20:00:00+00:00,2026-02-08T23:00:00+03:00,2026-02,EBM0226,2902.8277921767494,EPIAS_VEP:EBM0226,True,False,False
2026-02-08T21:00:00+00:00,2026-02-09T00:00:00+03:00,2026-02,EBM0226,2902.8277922893503,EPIAS_VEP:EBM0226,True,False,False
2026-02-08T22:00:00+00:00,2026-02-09T01:00:00+03:00,2026-02,EBM0226,2902.827792392328,EPIAS_VEP:EBM0226,True,False,False
2026-02-08T23:00:00+00:00,2026-02-09T02:00:00+03:00,2026-02,EBM0226,2902.8277924860054,EPIAS_VEP:EBM0226,True,False,False
2026-02-09T00:00:00+00:00,2026-02-09T03:00:00+03:00,2026-02,EBM0226,2902.827792570754,EPIAS_VEP:EBM0226,True,False,False
2026-02-09T01:00:00+00:00,2026-02-09T04:00:00+03:00,2026-02,EBM0226,2902.8277926469827,EPIAS_VEP:EBM0226,True,False,False
2026-02-09T02:00:00+00:00,2026-02-09T05:00:00+03:00,2026-02,EBM0226,2902.8277927151266,EPIAS_VEP:EBM0226,True,False,False
2026-02-09T03:00:00+00:00,2026-02-09T06:00:00+03:00,2026-02,EBM0226,2902.8277927756412,EPIAS_VEP:EBM0226,True,False,False
2026-02-09T04:00:00+00:00,2026-02-09T07:00:00+03:00,2026-02,EBM0226,2902.8277928289913,EPIAS_VEP:EBM0226,True,False,False
2026-02-09T05:00:00+00:00,2026-02-09T08:00:00+03:00,2026-02,EBM0226,2902.8277928756543,EPIAS_VEP:EBM0226,True,False,False
2026-02-09T06:00:00+00:00,2026-02-09T09:00:00+03:00,2026-02,EBM0226,2902.827792916104,EPIAS_VEP:EBM0226,True,False,False
2026-02-09T07:00:00+00:00,2026-02-09T10:00:00+03:00,2026-02,EBM0226,2902.827792950812,EPIAS_VEP:EBM0226,True,False,False
2026-02-09T08:00:00+00:00,2026-02-09T11:00:00+03:00,2026-02,EBM0226,2902.8277929802402,EPIAS_VEP:EBM0226,True,False,False
2026-02-09T09:00:00+00:00,2026-02-09T12:00:00+03:00,2026-02,EBM0226,2902.827793004848,EPIAS_VEP:EBM0226,True,False,False
2026-02-09T10:00:00+00:00,2026-02-09T13:00:00+03:00,2026-02,EBM0226,2902.827793025062,EPIAS_VEP:EBM0226,True,False,False
2026-02-09T11:00:00+00:00,2026-02-09T14:00:00+03:00,2026-02,EBM0226,2902.827793041298,EPIAS_VEP:EBM0226,True,False,False
2026-02-09T12:00:00+00:00,2026-02-09T15:00:00+03:00,2026-02,EBM0226,2902.8277930539543,EPIAS_VEP:EBM0226,True,False,False
2026-02-09T13:00:00+00:00,2026-02-09T16:00:00+03:00,2026-02,EBM0226,2902.82779306341,EPIAS_VEP:EBM0226,True,False,False
2026-02-09T14:00:00+00:00,2026-02-09T17:00:00+03:00,2026-02,EBM0226,2902.827793070028,EPIAS_VEP:EBM0226,True,False,False
2026-02-09T15:00:00+00:00,2026-02-09T18:00:00+03:00,2026-02,EBM0226,2902.8277930741406,EPIAS_VEP:EBM0226,True,False,False
2026-02-09T16:00:00+00:00,2026-02-09T19:00:00+03:00,2026-02,EBM0226,2902.827793076056,EPIAS_VEP:EBM0226,True,False,False
2026-02-09T17:00:00+00:00,2026-02-09T20:00:00+03:00,2026-02,EBM0226,2902.827793076055,EPIAS_VEP:EBM0226,True,False,False
2026-02-09T18:00:00+00:00,2026-02-09T21:00:00+03:00,2026-02,EBM0226,2902.8277930743793,EPIAS_VEP:EBM0226,True,False,False
2026-02-09T19:00:00+00:00,2026-02-09T22:00:00+03:00,2026-02,EBM0226,2902.8277930712684,EPIAS_VEP:EBM0226,True,False,False
2026-02-09T20:00:00+00:00,2026-02-09T23:00:00+03:00,2026-02,EBM0226,2902.827793066943,EPIAS_VEP:EBM0226,True,False,False
2026-02-09T21:00:00+00:00,2026-02-10T00:00:00+03:00,2026-02,EBM0226,2902.827793061611,EPIAS_VEP:EBM0226,True,False,False
2026-02-09T22:00:00+00:00,2026-02-10T01:00:00+03:00,2026-02,EBM0226,2902.8277930554445,EPIAS_VEP:EBM0226,True,False,False
2026-02-09T23:00:00+00:00,2026-02-10T02:00:00+03:00,2026-02,EBM0226,2902.8277930486147,EPIAS_VEP:EBM0226,True,False,False
2026-02-10T00:00:00+00:00,2026-02-10T03:00:00+03:00,2026-02,EBM0226,2902.8277930412737,EPIAS_VEP:EBM0226,True,False,False
2026-02-10T01:00:00+00:00,2026-02-10T04:00:00+03:00,2026-02,EBM0226,2902.8277930335694,EPIAS_VEP:EBM0226,True,False,False
2026-02-10T02:00:00+00:00,2026-02-10T05:00:00+03:00,2026-02,EBM0226,2902.827793025613,EPIAS_VEP:EBM0226,True,False,False
2026-02-10T03:00:00+00:00,2026-02-10T06:00:00+03:00,2026-02,EBM0226,2902.8277930175204,EPIAS_VEP:EBM0226,True,False,False
2026-02-10T04:00:00+00:00,2026-02-10T07:00:00+03:00,2026-02,EBM0226,2902.8277930093946,EPIAS_VEP:EBM0226,True,False,False
2026-02-10T05:00:00+00:00,2026-02-10T08:00:00+03:00,2026-02,EBM0226,2902.8277930013282,EPIAS_VEP:EBM0226,True,False,False
2026-02-10T06:00:00+00:00,2026-02-10T09:00:00+03:00,2026-02,EBM0226,2902.8277929934175,EPIAS_VEP:EBM0226,True,False,False
2026-02-10T07:00:00+00:00,2026-02-10T10:00:00+03:00,2026-02,EBM0226,2902.8277929857377,EPIAS_VEP:EBM0226,True,False,False
2026-02-10T08:00:00+00:00,2026-02-10T11:00:00+03:00,2026-02,EBM0226,2902.827792978351,EPIAS_VEP:EBM0226,True,False,False
2026-02-10T09:00:00+00:00,2026-02-10T12:00:00+03:00,2026-02,EBM0226,2902.8277929713167,EPIAS_VEP:EBM0226,True,False,False
2026-02-10T10:00:00+00:00,2026-02-10T13:00:00+03:00,2026-02,EBM0226,2902.8277929646947,EPIAS_VEP:EBM0226,True,False,False
2026-02-10T11:00:00+00:00,2026-02-10T14:00:00+03:00,2026-02,EBM0226,2902.8277929585197,EPIAS_VEP:EBM0226,True,False,False
2026-02-10T12:00:00+00:00,2026-02-10T15:00:00+03:00,2026-02,EBM0226,2902.827792952812,EPIAS_VEP:EBM0226,True,False,False
2026-02-10T13:00:00+00:00,2026-02-10T16:00:00+03:00,2026-02,EBM0226,2902.8277929475844,EPIAS_VEP:EBM0226,True,False,False
2026-02-10T14:00:00+00:00,2026-02-10T17:00:00+03:00,2026-02,EBM0226,2902.827792942827,EPIAS_VEP:EBM0226,True,False,False
2026-02-10T15:00:00+00:00,2026-02-10T18:00:00+03:00,2026-02,EBM0226,2902.827792938524,EPIAS_VEP:EBM0226,True,False,False
2026-02-10T16:00:00+00:00,2026-02-10T19:00:00+03:00,2026-02,EBM0226,2902.8277929346564,EPIAS_VEP:EBM0226,True,False,False
2026-02-10T17:00:00+00:00,2026-02-10T20:00:00+03:00,2026-02,EBM0226,2902.827792931195,EPIAS_VEP:EBM0226,True,False,False
2026-02-10T18:00:00+00:00,2026-02-10T21:00:00+03:00,2026-02,EBM0226,2902.827792928117,EPIAS_VEP:EBM0226,True,False,False
2026-02-10T19:00:00+00:00,2026-02-10T22:00:00+03:00,2026-02,EBM0226,2902.827792925396,EPIAS_VEP:EBM0226,True,False,False
2026-02-10T20:00:00+00:00,2026-02-10T23:00:00+03:00,2026-02,EBM0226,2902.8277929230057,EPIAS_VEP:EBM0226,True,False,False
2026-02-10T21:00:00+00:00,2026-02-11T00:00:00+03:00,2026-02,EBM0226,2902.8277929209207,EPIAS_VEP:EBM0226,True,False,False
2026-02-10T22:00:00+00:00,2026-02-11T01:00:00+03:00,2026-02,EBM0226,2902.8277929191327,EPIAS_VEP:EBM0226,True,False,False
2026-02-10T23:00:00+00:00,2026-02-11T02:00:00+03:00,2026-02,EBM0226,2902.827792917625,EPIAS_VEP:EBM0226,True,False,False
2026-02-11T00:00:00+00:00,2026-02-11T03:00:00+03:00,2026-02,EBM0226,2902.8277929163824,EPIAS_VEP:EBM0226,True,False,False
2026-02-11T01:00:00+00:00,2026-02-11T04:00:00+03:00,2026-02,EBM0226,2902.8277929153955,EPIAS_VEP:EBM0226,True,False,False
2026-02-11T02:00:00+00:00,2026-02-11T05:00:00+03:00,2026-02,EBM0226,2902.8277929146434,EPIAS_VEP:EBM0226,True,False,False
2026-02-11T03:00:00+00:00,2026-02-11T06:00:00+03:00,2026-02,EBM0226,2902.8277929141145,EPIAS_VEP:EBM0226,True,False,False
2026-02-11T04:00:00+00:00,2026-02-11T07:00:00+03:00,2026-02,EBM0226,2902.8277929137967,EPIAS_VEP:EBM0226,True,False,False
2026-02-11T05:00:00+00:00,2026-02-11T08:00:00+03:00,2026-02,EBM0226,2902.827792913675,EPIAS_VEP:EBM0226,True,False,False
2026-02-11T06:00:00+00:00,2026-02-11T09:00:00+03:00,2026-02,EBM0226,2902.827792913731,EPIAS_VEP:EBM0226,True,False,False
2026-02-11T07:00:00+00:00,2026-02-11T10:00:00+03:00,2026-02,EBM0226,2902.8277929139545,EPIAS_VEP:EBM0226,True,False,False
2026-02-11T08:00:00+00:00,2026-02-11T11:00:00+03:00,2026-02,EBM0226,2902.8277929143355,EPIAS_VEP:EBM0226,True,False,False
2026-02-11T09:00:00+00:00,2026-02-11T12:00:00+03:00,2026-02,EBM0226,2902.8277929148703,EPIAS_VEP:EBM0226,True,False,False
2026-02-11T10:00:00+00:00,2026-02-11T13:00:00+03:00,2026-02,EBM0226,2902.8277929155493,EPIAS_VEP:EBM0226,True,False,False
2026-02-11T11:00:00+00:00,2026-02-11T14:00:00+03:00,2026-02,EBM0226,2902.8277929163633,EPIAS_VEP:EBM0226,True,False,False
2026-02-11T12:00:00+00:00,2026-02-11T15:00:00+03:00,2026-02,EBM0226,2902.8277929172987,EPIAS_VEP:EBM0226,True,False,False
2026-02-11T13:00:00+00:00,2026-02-11T16:00:00+03:00,2026-02,EBM0226,2902.827792918343,EPIAS_VEP:EBM0226,True,False,False
2026-02-11T14:00:00+00:00,2026-02-11T17:00:00+03:00,2026-02,EBM0226,2902.8277929194833,EPIAS_VEP:EBM0226,True,False,False
2026-02-11T15:00:00+00:00,2026-02-11T18:00:00+03:00,2026-02,EBM0226,2902.8277929206993,EPIAS_VEP:EBM0226,True,False,False
2026-02-11T16:00:00+00:00,2026-02-11T19:00:00+03:00,2026-02,EBM0226,2902.8277929219703,EPIAS_VEP:EBM0226,True,False,False
2026-02-11T17:00:00+00:00,2026-02-11T20:00:00+03:00,2026-02,EBM0226,2902.82779292328,EPIAS_VEP:EBM0226,True,False,False
2026-02-11T18:00:00+00:00,2026-02-11T21:00:00+03:00,2026-02,EBM0226,2902.827792924609,EPIAS_VEP:EBM0226,True,False,False
2026-02-11T19:00:00+00:00,2026-02-11T22:00:00+03:00,2026-02,EBM0226,2902.8277929259407,EPIAS_VEP:EBM0226,True,False,False
2026-02-11T20:00:00+00:00,2026-02-11T23:00:00+03:00,2026-02,EBM0226,2902.827792927259,EPIAS_VEP:EBM0226,True,False,False
2026-02-11T21:00:00+00:00,2026-02-12T00:00:00+03:00,2026-02,EBM0226,2902.8277929285505,EPIAS_VEP:EBM0226,True,False,False
2026-02-11T22:00:00+00:00,2026-02-12T01:00:00+03:00,2026-02,EBM0226,2902.827792929803,EPIAS_VEP:EBM0226,True,False,False
2026-02-11T23:00:00+00:00,2026-02-12T02:00:00+03:00,2026-02,EBM0226,2902.8277929310066,EPIAS_VEP:EBM0226,True,False,False
2026-02-12T00:00:00+00:00,2026-02-12T03:00:00+03:00,2026-02,EBM0226,2902.827792932153,EPIAS_VEP:EBM0226,True,False,False
2026-02-12T01:00:00+00:00,2026-02-12T04:00:00+03:00,2026-02,EBM0226,2902.827792933237,EPIAS_VEP:EBM0226,True,False,False
2026-02-12T02:00:00+00:00,2026-02-12T05:00:00+03:00,2026-02,EBM0226,2902.8277929342557,EPIAS_VEP:EBM0226,True,False,False
2026-02-12T03:00:00+00:00,2026-02-12T06:00:00+03:00,2026-02,EBM0226,2902.82779293521,EPIAS_VEP:EBM0226,True,False,False
2026-02-12T04:00:00+00:00,2026-02-12T07:00:00+03:00,2026-02,EBM0226,2902.8277929361016,EPIAS_VEP:EBM0226,True,False,False
2026-02-12T05:00:00+00:00,2026-02-12T08:00:00+03:00,2026-02,EBM0226,2902.8277929369438,EPIAS_VEP:EBM0226,True,False,False
2026-02-12T06:00:00+00:00,2026-02-12T09:00:00+03:00,2026-02,EBM0226,2902.827792937774,EPIAS_VEP:EBM0226,True,False,False
2026-02-12T07:00:00+00:00,2026-02-12T10:00:00+03:00,2026-02,EBM0226,2902.8277929386036,EPIAS_VEP:EBM0226,True,False,False
2026-02-12T08:00:00+00:00,2026-02-12T11:00:00+03:00,2026-02,EBM0226,2902.827792939439,EPIAS_VEP:EBM0226,True,False,False
2026-02-12T09:00:00+00:00,2026-02-12T12:00:00+03:00,2026-02,EBM0226,2902.827792940275,EPIAS_VEP:EBM0226,True,False,False
2026-02-12T10:00:00+00:00,2026-02-12T13:00:00+03:00,2026-02,EBM0226,2902.8277929410847,EPIAS_VEP:EBM0226,True,False,False
2026-02-12T11:00:00+00:00,2026-02-12T14:00:00+03:00,2026-02,EBM0226,2902.827792941858,EPIAS_VEP:EBM0226,True,False,False
2026-02-12T12:00:00+00:00,2026-02-12T15:00:00+03:00,2026-02,EBM0226,2902.82779294258,EPIAS_VEP:EBM0226,True,False,False
2026-02-12T13:00:00+00:00,2026-02-12T16:00:00+03:00,2026-02,EBM0226,2902.827792943234,EPIAS_VEP:EBM0226,True,False,False
2026-02-12T14:00:00+00:00,2026-02-12T17:00:00+03:00,2026-02,EBM0226,2902.8277929437786,EPIAS_VEP:EBM0226,True,False,False
2026-02-12T15:00:00+00:00,2026-02-12T18:00:00+03:00,2026-02,EBM0226,2902.827792944192,EPIAS_VEP:EBM0226,True,False,False
2026-02-12T16:00:00+00:00,2026-02-12T19:00:00+03:00,2026-02,EBM0226,2902.8277929444716,EPIAS_VEP:EBM0226,True,False,False
2026-02-12T17:00:00+00:00,2026-02-12T20:00:00+03:00,2026-02,EBM0226,2902.8277929445976,EPIAS_VEP:EBM0226,True,False,False
2026-02-12T18:00:00+00:00,2026-02-12T21:00:00+03:00,2026-02,EBM0226,2902.8277929445535,EPIAS_VEP:EBM0226,True,False,False
2026-02-12T19:00:00+00:00,2026-02-12T22:00:00+03:00,2026-02,EBM0226,2902.827792944324,EPIAS_VEP:EBM0226,True,False,False
2026-02-12T20:00:00+00:00,2026-02-12T23:00:00+03:00,2026-02,EBM0226,2902.827792943896,EPIAS_VEP:EBM0226,True,False,False
2026-02-12T21:00:00+00:00,2026-02-13T00:00:00+03:00,2026-02,EBM0226,2902.8277929432743,EPIAS_VEP:EBM0226,True,False,False
2026-02-12T22:00:00+00:00,2026-02-13T01:00:00+03:00,2026-02,EBM0226,2902.827792942446,EPIAS_VEP:EBM0226,True,False,False
2026-02-12T23:00:00+00:00,2026-02-13T02:00:00+03:00,2026-02,EBM0226,2902.8277929414157,EPIAS_VEP:EBM0226,True,False,False
2026-02-13T00:00:00+00:00,2026-02-13T03:00:00+03:00,2026-02,EBM0226,2902.8277929401947,EPIAS_VEP:EBM0226,True,False,False
2026-02-13T01:00:00+00:00,2026-02-13T04:00:00+03:00,2026-02,EBM0226,2902.8277929387964,EPIAS_VEP:EBM0226,True,False,False
2026-02-13T02:00:00+00:00,2026-02-13T05:00:00+03:00,2026-02,EBM0226,2902.8277929372184,EPIAS_VEP:EBM0226,True,False,False
2026-02-13T03:00:00+00:00,2026-02-13T06:00:00+03:00,2026-02,EBM0226,2902.8277929354963,EPIAS_VEP:EBM0226,True,False,False
2026-02-13T04:00:00+00:00,2026-02-13T07:00:00+03:00,2026-02,EBM0226,2902.82779293366,EPIAS_VEP:EBM0226,True,False,False
2026-02-13T05:00:00+00:00,2026-02-13T08:00:00+03:00,2026-02,EBM0226,2902.8277929317346,EPIAS_VEP:EBM0226,True,False,False
2026-02-13T06:00:00+00:00,2026-02-13T09:00:00+03:00,2026-02,EBM0226,2902.8277929297383,EPIAS_VEP:EBM0226,True,False,False
2026-02-13T07:00:00+00:00,2026-02-13T10:00:00+03:00,2026-02,EBM0226,2902.8277929276896,EPIAS_VEP:EBM0226,True,False,False
2026-02-13T08:00:00+00:00,2026-02-13T11:00:00+03:00,2026-02,EBM0226,2902.827792925604,EPIAS_VEP:EBM0226,True,False,False
2026-02-13T09:00:00+00:00,2026-02-13T12:00:00+03:00,2026-02,EBM0226,2902.8277929234914,EPIAS_VEP:EBM0226,True,False,False
2026-02-13T10:00:00+00:00,2026-02-13T13:00:00+03:00,2026-02,EBM0226,2902.8277929213336,EPIAS_VEP:EBM0226,True,False,False
2026-02-13T11:00:00+00:00,2026-02-13T14:00:00+03:00,2026-02,EBM0226,2902.8277929191295,EPIAS_VEP:EBM0226,True,False,False
2026-02-13T12:00:00+00:00,2026-02-13T15:00:00+03:00,2026-02,EBM0226,2902.827792916875,EPIAS_VEP:EBM0226,True,False,False
2026-02-13T13:00:00+00:00,2026-02-13T16:00:00+03:00,2026-02,EBM0226,2902.8277929145543,EPIAS_VEP:EBM0226,True,False,False
2026-02-13T14:00:00+00:00,2026-02-13T17:00:00+03:00,2026-02,EBM0226,2902.8277929121678,EPIAS_VEP:EBM0226,True,False,False
2026-02-13T15:00:00+00:00,2026-02-13T18:00:00+03:00,2026-02,EBM0226,2902.827792909707,EPIAS_VEP:EBM0226,True,False,False
2026-02-13T16:00:00+00:00,2026-02-13T19:00:00+03:00,2026-02,EBM0226,2902.827792907162,EPIAS_VEP:EBM0226,True,False,False
2026-02-13T17:00:00+00:00,2026-02-13T20:00:00+03:00,2026-02,EBM0226,2902.8277929045366,EPIAS_VEP:EBM0226,True,False,False
2026-02-13T18:00:00+00:00,2026-02-13T21:00:00+03:00,2026-02,EBM0226,2902.8277929018373,EPIAS_VEP:EBM0226,True,False,False
2026-02-13T19:00:00+00:00,2026-02-13T22:00:00+03:00,2026-02,EBM0226,2902.827792899068,EPIAS_VEP:EBM0226,True,False,False
2026-02-13T20:00:00+00:00,2026-02-13T23:00:00+03:00,2026-02,EBM0226,2902.8277928962375,EPIAS_VEP:EBM0226,True,False,False
2026-02-13T21:00:00+00:00,2026-02-14T00:00:00+03:00,2026-02,EBM0226,2902.8277928933435,EPIAS_VEP:EBM0226,True,False,False
2026-02-13T22:00:00+00:00,2026-02-14T01:00:00+03:00,2026-02,EBM0226,2902.8277928904035,EPIAS_VEP:EBM0226,True,False,False
2026-02-13T23:00:00+00:00,2026-02-14T02:00:00+03:00,2026-02,EBM0226,2902.8277928874522,EPIAS_VEP:EBM0226,True,False,False
2026-02-14T00:00:00+00:00,2026-02-14T03:00:00+03:00,2026-02,EBM0226,2902.8277928845214,EPIAS_VEP:EBM0226,True,False,False
2026-02-14T01:00:00+00:00,2026-02-14T04:00:00+03:00,2026-02,EBM0226,2902.827792881644,EPIAS_VEP:EBM0226,True,False,False
2026-02-14T02:00:00+00:00,2026-02-14T05:00:00+03:00,2026-02,EBM0226,2902.8277928788566,EPIAS_VEP:EBM0226,True,False,False
2026-02-14T03:00:00+00:00,2026-02-14T06:00:00+03:00,2026-02,EBM0226,2902.827792876194,EPIAS_VEP:EBM0226,True,False,False
2026-02-14T04:00:00+00:00,2026-02-14T07:00:00+03:00,2026-02,EBM0226,2902.8277928736898,EPIAS_VEP:EBM0226,True,False,False
2026-02-14T05:00:00+00:00,2026-02-14T08:00:00+03:00,2026-02,EBM0226,2902.827792871379,EPIAS_VEP:EBM0226,True,False,False
2026-02-14T06:00:00+00:00,2026-02-14T09:00:00+03:00,2026-02,EBM0226,2902.827792869312,EPIAS_VEP:EBM0226,True,False,False
2026-02-14T07:00:00+00:00,2026-02-14T10:00:00+03:00,2026-02,EBM0226,2902.8277928675247,EPIAS_VEP:EBM0226,True,False,False
2026-02-14T08:00:00+00:00,2026-02-14T11:00:00+03:00,2026-02,EBM0226,2902.8277928660477,EPIAS_VEP:EBM0226,True,False,False
2026-02-14T09:00:00+00:00,2026-02-14T12:00:00+03:00,2026-02,EBM0226,2902.8277928649127,EPIAS_VEP:EBM0226,True,False,False
2026-02-14T10:00:00+00:00,2026-02-14T13:00:00+03:00,2026-02,EBM0226,2902.82779286415,EPIAS_VEP:EBM0226,True,False,False
2026-02-14T11:00:00+00:00,2026-02-14T14:00:00+03:00,2026-02,EBM0226,2902.8277928637785,EPIAS_VEP:EBM0226,True,False,False
2026-02-14T12:00:00+00:00,2026-02-14T15:00:00+03:00,2026-02,EBM0226,2902.82779286381,EPIAS_VEP:EBM0226,True,False,False
2026-02-14T13:00:00+00:00,2026-02-14T16:00:00+03:00,2026-02,EBM0226,2902.827792864249,EPIAS_VEP:EBM0226,True,False,False
2026-02-14T14:00:00+00:00,2026-02-14T17:00:00+03:00,2026-02,EBM0226,2902.8277928650805,EPIAS_VEP:EBM0226,True,False,False
2026-02-14T15:00:00+00:00,2026-02-14T18:00:00+03:00,2026-02,EBM0226,2902.827792866281,EPIAS_VEP:EBM0226,True,False,False
2026-02-14T16:00:00+00:00,2026-02-14T19:00:00+03:00,2026-02,EBM0226,2902.8277928678126,EPIAS_VEP:EBM0226,True,False,False
2026-02-14T17:00:00+00:00,2026-02-14T20:00:00+03:00,2026-02,EBM0226,2902.827792869627,EPIAS_VEP:EBM0226,True,False,False
2026-02-14T18:00:00+00:00,2026-02-14T21:00:00+03:00,2026-02,EBM0226,2902.8277928716707,EPIAS_VEP:EBM0226,True,False,False
2026-02-14T19:00:00+00:00,2026-02-14T22:00:00+03:00,2026-02,EBM0226,2902.827792873893,EPIAS_VEP:EBM0226,True,False,False
2026-02-14T20:00:00+00:00,2026-02-14T23:00:00+03:00,2026-02,EBM0226,2902.8277928762486,EPIAS_VEP:EBM0226,True,False,False
2026-02-14T21:00:00+00:00,2026-02-15T00:00:00+03:00,2026-02,EBM0226,2902.8277928786915,EPIAS_VEP:EBM0226,True,False,False
2026-02-14T22:00:00+00:00,2026-02-15T01:00:00+03:00,2026-02,EBM0226,2902.827792881196,EPIAS_VEP:EBM0226,True,False,False
2026-02-14T23:00:00+00:00,2026-02-15T02:00:00+03:00,2026-02,EBM0226,2902.8277928837238,EPIAS_VEP:EBM0226,True,False,False
2026-02-15T00:00:00+00:00,2026-02-15T03:00:00+03:00,2026-02,EBM0226,2902.82779288624,EPIAS_VEP:EBM0226,True,False,False
2026-02-15T01:00:00+00:00,2026-02-15T04:00:00+03:00,2026-02,EBM0226,2902.827792888713,EPIAS_VEP:EBM0226,True,False,False
2026-02-15T02:00:00+00:00,2026-02-15T05:00:00+03:00,2026-02,EBM0226,2902.8277928911066,EPIAS_VEP:EBM0226,True,False,False
2026-02-15T03:00:00+00:00,2026-02-15T06:00:00+03:00,2026-02,EBM0226,2902.8277928934053,EPIAS_VEP:EBM0226,True,False,False
2026-02-15T04:00:00+00:00,2026-02-15T07:00:00+03:00,2026-02,EBM0226,2902.827792895596,EPIAS_VEP:EBM0226,True,False,False
2026-02-15T05:00:00+00:00,2026-02-15T08:00:00+03:00,2026-02,EBM0226,2902.8277928976695,EPIAS_VEP:EBM0226,True,False,False
2026-02-15T06:00:00+00:00,2026-02-15T09:00:00+03:00,2026-02,EBM0226,2902.8277928996213,EPIAS_VEP:EBM0226,True,False,False
2026-02-15T07:00:00+00:00,2026-02-15T10:00:00+03:00,2026-02,EBM0226,2902.8277929014516,EPIAS_VEP:EBM0226,True,False,False
2026-02-15T08:00:00+00:00,2026-02-15T11:00:00+03:00,2026-02,EBM0226,2902.827792903163,EPIAS_VEP:EBM0226,True,False,False
2026-02-15T09:00:00+00:00,2026-02-15T12:00:00+03:00,2026-02,EBM0226,2902.827792904762,EPIAS_VEP:EBM0226,True,False,False
2026-02-15T10:00:00+00:00,2026-02-15T13:00:00+03:00,2026-02,EBM0226,2902.8277929062524,EPIAS_VEP:EBM0226,True,False,False
2026-02-15T11:00:00+00:00,2026-02-15T14:00:00+03:00,2026-02,EBM0226,2902.8277929076526,EPIAS_VEP:EBM0226,True,False,False
2026-02-15T12:00:00+00:00,2026-02-15T15:00:00+03:00,2026-02,EBM0226,2902.827792908987,EPIAS_VEP:EBM0226,True,False,False
2026-02-15T13:00:00+00:00,2026-02-15T16:00:00+03:00,2026-02,EBM0226,2902.8277929102774,EPIAS_VEP:EBM0226,True,False,False
2026-02-15T14:00:00+00:00,2026-02-15T17:00:00+03:00,2026-02,EBM0226,2902.8277929115698,EPIAS_VEP:EBM0226,True,False,False
2026-02-15T15:00:00+00:00,2026-02-15T18:00:00+03:00,2026-02,EBM0226,2902.8277929129017,EPIAS_VEP:EBM0226,True,False,False
2026-02-15T16:00:00+00:00,2026-02-15T19:00:00+03:00,2026-02,EBM0226,2902.827792914312,EPIAS_VEP:EBM0226,True,False,False
2026-02-15T17:00:00+00:00,2026-02-15T20:00:00+03:00,2026-02,EBM0226,2902.8277929158435,EPIAS_VEP:EBM0226,True,False,False
2026-02-15T18:00:00+00:00,2026-02-15T21:00:00+03:00,2026-02,EBM0226,2902.827792917521,EPIAS_VEP:EBM0226,True,False,False
2026-02-15T19:00:00+00:00,2026-02-15T22:00:00+03:00,2026-02,EBM0226,2902.8277929193696,EPIAS_VEP:EBM0226,True,False,False
2026-02-15T20:00:00+00:00,2026-02-15T23:00:00+03:00,2026-02,EBM0226,2902.8277929214055,EPIAS_VEP:EBM0226,True,False,False
2026-02-15T21:00:00+00:00,2026-02-16T00:00:00+03:00,2026-02,EBM0226,2902.8277929236383,EPIAS_VEP:EBM0226,True,False,False
2026-02-15T22:00:00+00:00,2026-02-16T01:00:00+03:00,2026-02,EBM0226,2902.8277929260703,EPIAS_VEP:EBM0226,True,False,False
2026-02-15T23:00:00+00:00,2026-02-16T02:00:00+03:00,2026-02,EBM0226,2902.8277929287033,EPIAS_VEP:EBM0226,True,False,False
2026-02-16T00:00:00+00:00,2026-02-16T03:00:00+03:00,2026-02,EBM0226,2902.8277929315304,EPIAS_VEP:EBM0226,True,False,False
2026-02-16T01:00:00+00:00,2026-02-16T04:00:00+03:00,2026-02,EBM0226,2902.8277929345363,EPIAS_VEP:EBM0226,True,False,False
2026-02-16T02:00:00+00:00,2026-02-16T05:00:00+03:00,2026-02,EBM0226,2902.8277929376877,EPIAS_VEP:EBM0226,True,False,False
2026-02-16T03:00:00+00:00,2026-02-16T06:00:00+03:00,2026-02,EBM0226,2902.82779294094,EPIAS_VEP:EBM0226,True,False,False
2026-02-16T04:00:00+00:00,2026-02-16T07:00:00+03:00,2026-02,EBM0226,2902.8277929442343,EPIAS_VEP:EBM0226,True,False,False
2026-02-16T05:00:00+00:00,2026-02-16T08:00:00+03:00,2026-02,EBM0226,2902.827792947495,EPIAS_VEP:EBM0226,True,False,False
2026-02-16T06:00:00+00:00,2026-02-16T09:00:00+03:00,2026-02,EBM0226,2902.8277929506266,EPIAS_VEP:EBM0226,True,False,False
2026-02-16T07:00:00+00:00,2026-02-16T10:00:00+03:00,2026-02,EBM0226,2902.827792953523,EPIAS_VEP:EBM0226,True,False,False
2026-02-16T08:00:00+00:00,2026-02-16T11:00:00+03:00,2026-02,EBM0226,2902.827792956058,EPIAS_VEP:EBM0226,True,False,False
2026-02-16T09:00:00+00:00,2026-02-16T12:00:00+03:00,2026-02,EBM0226,2902.8277929581036,EPIAS_VEP:EBM0226,True,False,False
2026-02-16T10:00:00+00:00,2026-02-16T13:00:00+03:00,2026-02,EBM0226,2902.827792959513,EPIAS_VEP:EBM0226,True,False,False
2026-02-16T11:00:00+00:00,2026-02-16T14:00:00+03:00,2026-02,EBM0226,2902.827792960126,EPIAS_VEP:EBM0226,True,False,False
2026-02-16T12:00:00+00:00,2026-02-16T15:00:00+03:00,2026-02,EBM0226,2902.8277929597766,EPIAS_VEP:EBM0226,True,False,False
2026-02-16T13:00:00+00:00,2026-02-16T16:00:00+03:00,2026-02,EBM0226,2902.827792958293,EPIAS_VEP:EBM0226,True,False,False
2026-02-16T14:00:00+00:00,2026-02-16T17:00:00+03:00,2026-02,EBM0226,2902.8277929554934,EPIAS_VEP:EBM0226,True,False,False
2026-02-16T15:00:00+00:00,2026-02-16T18:00:00+03:00,2026-02,EBM0226,2902.8277929511974,EPIAS_VEP:EBM0226,True,False,False
2026-02-16T16:00:00+00:00,2026-02-16T19:00:00+03:00,2026-02,EBM0226,2902.8277929452215,EPIAS_VEP:EBM0226,True,False,False
2026-02-16T17:00:00+00:00,2026-02-16T20:00:00+03:00,2026-02,EBM0226,2902.8277929373817,EPIAS_VEP:EBM0226,True,False,False
2026-02-16T18:00:00+00:00,2026-02-16T21:00:00+03:00,2026-02,EBM0226,2902.8277929275023,EPIAS_VEP:EBM0226,True,False,False
2026-02-16T19:00:00+00:00,2026-02-16T22:00:00+03:00,2026-02,EBM0226,2902.827792915402,EPIAS_VEP:EBM0226,True,False,False
2026-02-16T20:00:00+00:00,2026-02-16T23:00:00+03:00,2026-02,EBM0226,2902.8277929008996,EPIAS_VEP:EBM0226,True,False,False
2026-02-16T21:00:00+00:00,2026-02-17T00:00:00+03:00,2026-02,EBM0226,2902.8277928838143,EPIAS_VEP:EBM0226,True,False,False
2026-02-16T22:00:00+00:00,2026-02-17T01:00:00+03:00,2026-02,EBM0226,2902.8277928639673,EPIAS_VEP:EBM0226,True,False,False
2026-02-16T23:00:00+00:00,2026-02-17T02:00:00+03:00,2026-02,EBM0226,2902.8277928411885,EPIAS_VEP:EBM0226,True,False,False
2026-02-17T00:00:00+00:00,2026-02-17T03:00:00+03:00,2026-02,EBM0226,2902.8277928153175,EPIAS_VEP:EBM0226,True,False,False
2026-02-17T01:00:00+00:00,2026-02-17T04:00:00+03:00,2026-02,EBM0226,2902.827792786208,EPIAS_VEP:EBM0226,True,False,False
2026-02-17T02:00:00+00:00,2026-02-17T05:00:00+03:00,2026-02,EBM0226,2902.8277927537297,EPIAS_VEP:EBM0226,True,False,False
2026-02-17T03:00:00+00:00,2026-02-17T06:00:00+03:00,2026-02,EBM0226,2902.8277927177705,EPIAS_VEP:EBM0226,True,False,False
2026-02-17T04:00:00+00:00,2026-02-17T07:00:00+03:00,2026-02,EBM0226,2902.8277926782416,EPIAS_VEP:EBM0226,True,False,False
2026-02-17T05:00:00+00:00,2026-02-17T08:00:00+03:00,2026-02,EBM0226,2902.827792635083,EPIAS_VEP:EBM0226,True,False,False
2026-02-17T06:00:00+00:00,2026-02-17T09:00:00+03:00,2026-02,EBM0226,2902.827792588259,EPIAS_VEP:EBM0226,True,False,False
2026-02-17T07:00:00+00:00,2026-02-17T10:00:00+03:00,2026-02,EBM0226,2902.827792537764,EPIAS_VEP:EBM0226,True,False,False
2026-02-17T08:00:00+00:00,2026-02-17T11:00:00+03:00,2026-02,EBM0226,2902.8277924836243,EPIAS_VEP:EBM0226,True,False,False
2026-02-17T09:00:00+00:00,2026-02-17T12:00:00+03:00,2026-02,EBM0226,2902.8277924259014,EPIAS_VEP:EBM0226,True,False,False
2026-02-17T10:00:00+00:00,2026-02-17T13:00:00+03:00,2026-02,EBM0226,2902.8277923646992,EPIAS_VEP:EBM0226,True,False,False
2026-02-17T11:00:00+00:00,2026-02-17T14:00:00+03:00,2026-02,EBM0226,2902.8277923001697,EPIAS_VEP:EBM0226,True,False,False
2026-02-17T12:00:00+00:00,2026-02-17T15:00:00+03:00,2026-02,EBM0226,2902.827792232514,EPIAS_VEP:EBM0226,True,False,False
2026-02-17T13:00:00+00:00,2026-02-17T16:00:00+03:00,2026-02,EBM0226,2902.8277921619942,EPIAS_VEP:EBM0226,True,False,False
2026-02-17T14:00:00+00:00,2026-02-17T17:00:00+03:00,2026-02,EBM0226,2902.8277920889445,EPIAS_VEP:EBM0226,True,False,False
2026-02-17T15:00:00+00:00,2026-02-17T18:00:00+03:00,2026-02,EBM0226,2902.827792013758,EPIAS_VEP:EBM0226,True,False,False
2026-02-17T16:00:00+00:00,2026-02-17T19:00:00+03:00,2026-02,EBM0226,2902.827791936904,EPIAS_VEP:EBM0226,True,False,False
2026-02-17T17:00:00+00:00,2026-02-17T20:00:00+03:00,2026-02,EBM0226,2902.8277918589392,EPIAS_VEP:EBM0226,True,False,False
2026-02-17T18:00:00+00:00,2026-02-17T21:00:00+03:00,2026-02,EBM0226,2902.827791780513,EPIAS_VEP:EBM0226,True,False,False
2026-02-17T19:00:00+00:00,2026-02-17T22:00:00+03:00,2026-02,EBM0226,2902.8277917023775,EPIAS_VEP:EBM0226,True,False,False
2026-02-17T20:00:00+00:00,2026-02-17T23:00:00+03:00,2026-02,EBM0226,2902.8277916253965,EPIAS_VEP:EBM0226,True,False,False
2026-02-17T21:00:00+00:00,2026-02-18T00:00:00+03:00,2026-02,EBM0226,2902.827791550553,EPIAS_VEP:EBM0226,True,False,False
2026-02-17T22:00:00+00:00,2026-02-18T01:00:00+03:00,2026-02,EBM0226,2902.827791478956,EPIAS_VEP:EBM0226,True,False,False
2026-02-17T23:00:00+00:00,2026-02-18T02:00:00+03:00,2026-02,EBM0226,2902.827791411849,EPIAS_VEP:EBM0226,True,False,False
2026-02-18T00:00:00+00:00,2026-02-18T03:00:00+03:00,2026-02,EBM0226,2902.8277913506167,EPIAS_VEP:EBM0226,True,False,False
2026-02-18T01:00:00+00:00,2026-02-18T04:00:00+03:00,2026-02,EBM0226,2902.8277912967915,EPIAS_VEP:EBM0226,True,False,False
2026-02-18T02:00:00+00:00,2026-02-18T05:00:00+03:00,2026-02,EBM0226,2902.8277912520607,EPIAS_VEP:EBM0226,True,False,False
2026-02-18T03:00:00+00:00,2026-02-18T06:00:00+03:00,2026-02,EBM0226,2902.8277912182757,EPIAS_VEP:EBM0226,True,False,False
2026-02-18T04:00:00+00:00,2026-02-18T07:00:00+03:00,2026-02,EBM0226,2902.827791197456,EPIAS_VEP:EBM0226,True,False,False
2026-02-18T05:00:00+00:00,2026-02-18T08:00:00+03:00,2026-02,EBM0226,2902.827791191793,EPIAS_VEP:EBM0226,True,False,False
2026-02-18T06:00:00+00:00,2026-02-18T09:00:00+03:00,2026-02,EBM0226,2902.827791203651,EPIAS_VEP:EBM0226,True,False,False
2026-02-18T07:00:00+00:00,2026-02-18T10:00:00+03:00,2026-02,EBM0226,2902.8277912355693,EPIAS_VEP:EBM0226,True,False,False
2026-02-18T08:00:00+00:00,2026-02-18T11:00:00+03:00,2026-02,EBM0226,2902.8277912902595,EPIAS_VEP:EBM0226,True,False,False
2026-02-18T09:00:00+00:00,2026-02-18T12:00:00+03:00,2026-02,EBM0226,2902.8277913705942,EPIAS_VEP:EBM0226,True,False,False
2026-02-18T10:00:00+00:00,2026-02-18T13:00:00+03:00,2026-02,EBM0226,2902.8277914796126,EPIAS_VEP:EBM0226,True,False,False
2026-02-18T11:00:00+00:00,2026-02-18T14:00:00+03:00,2026-02,EBM0226,2902.8277916205075,EPIAS_VEP:EBM0226,True,False,False
2026-02-18T12:00:00+00:00,2026-02-18T15:00:00+03:00,2026-02,EBM0226,2902.827791796616,EPIAS_VEP:EBM0226,True,False,False
2026-02-18T13:00:00+00:00,2026-02-18T16:00:00+03:00,2026-02,EBM0226,2902.8277920114024,EPIAS_VEP:EBM0226,True,False,False
2026-02-18T14:00:00+00:00,2026-02-18T17:00:00+03:00,2026-02,EBM0226,2902.8277922684465,EPIAS_VEP:EBM0226,True,False,False
2026-02-18T15:00:00+00:00,2026-02-18T18:00:00+03:00,2026-02,EBM0226,2902.827792571421,EPIAS_VEP:EBM0226,True,False,False
2026-02-18T16:00:00+00:00,2026-02-18T19:00:00+03:00,2026-02,EBM0226,2902.827792924068,EPIAS_VEP:EBM0226,True,False,False
2026-02-18T17:00:00+00:00,2026-02-18T20:00:00+03:00,2026-02,EBM0226,2902.827793330172,EPIAS_VEP:EBM0226,True,False,False
2026-02-18T18:00:00+00:00,2026-02-18T21:00:00+03:00,2026-02,EBM0226,2902.8277937935222,EPIAS_VEP:EBM0226,True,False,False
2026-02-18T19:00:00+00:00,2026-02-18T22:00:00+03:00,2026-02,EBM0226,2902.827794317872,EPIAS_VEP:EBM0226,True,False,False
2026-02-18T20:00:00+00:00,2026-02-18T23:00:00+03:00,2026-02,EBM0226,2902.82779490689,EPIAS_VEP:EBM0226,True,False,False
2026-02-18T21:00:00+00:00,2026-02-19T00:00:00+03:00,2026-02,EBM0226,2902.827795564116,EPIAS_VEP:EBM0226,True,False,False
2026-02-18T22:00:00+00:00,2026-02-19T01:00:00+03:00,2026-02,EBM0226,2902.827796292895,EPIAS_VEP:EBM0226,True,False,False
2026-02-18T23:00:00+00:00,2026-02-19T02:00:00+03:00,2026-02,EBM0226,2902.8277970963213,EPIAS_VEP:EBM0226,True,False,False
2026-02-19T00:00:00+00:00,2026-02-19T03:00:00+03:00,2026-02,EBM0226,2902.8277979771524,EPIAS_VEP:EBM0226,True,False,False
2026-02-19T01:00:00+00:00,2026-02-19T04:00:00+03:00,2026-02,EBM0226,2902.8277989377284,EPIAS_VEP:EBM0226,True,False,False
2026-02-19T02:00:00+00:00,2026-02-19T05:00:00+03:00,2026-02,EBM0226,2902.8277999798847,EPIAS_VEP:EBM0226,True,False,False
2026-02-19T03:00:00+00:00,2026-02-19T06:00:00+03:00,2026-02,EBM0226,2902.8278011048565,EPIAS_VEP:EBM0226,True,False,False
2026-02-19T04:00:00+00:00,2026-02-19T07:00:00+03:00,2026-02,EBM0226,2902.827802313177,EPIAS_VEP:EBM0226,True,False,False
2026-02-19T05:00:00+00:00,2026-02-19T08:00:00+03:00,2026-02,EBM0226,2902.8278036045713,EPIAS_VEP:EBM0226,True,False,False
2026-02-19T06:00:00+00:00,2026-02-19T09:00:00+03:00,2026-02,EBM0226,2902.827804977823,EPIAS_VEP:EBM0226,True,False,False
2026-02-19T07:00:00+00:00,2026-02-19T10:00:00+03:00,2026-02,EBM0226,2902.8278064306496,EPIAS_VEP:EBM0226,True,False,False
2026-02-19T08:00:00+00:00,2026-02-19T11:00:00+03:00,2026-02,EBM0226,2902.827807959571,EPIAS_VEP:EBM0226,True,False,False
2026-02-19T09:00:00+00:00,2026-02-19T12:00:00+03:00,2026-02,EBM0226,2902.8278095597584,EPIAS_VEP:EBM0226,True,False,False
2026-02-19T10:00:00+00:00,2026-02-19T13:00:00+03:00,2026-02,EBM0226,2902.827811224879,EPIAS_VEP:EBM0226,True,False,False
2026-02-19T11:00:00+00:00,2026-02-19T14:00:00+03:00,2026-02,EBM0226,2902.8278129469377,EPIAS_VEP:EBM0226,True,False,False
2026-02-19T12:00:00+00:00,2026-02-19T15:00:00+03:00,2026-02,EBM0226,2902.827814716113,EPIAS_VEP:EBM0226,True,False,False
2026-02-19T13:00:00+00:00,2026-02-19T16:00:00+03:00,2026-02,EBM0226,2902.8278165205825,EPIAS_VEP:EBM0226,True,False,False
2026-02-19T14:00:00+00:00,2026-02-19T17:00:00+03:00,2026-02,EBM0226,2902.827818346348,EPIAS_VEP:EBM0226,True,False,False
2026-02-19T15:00:00+00:00,2026-02-19T18:00:00+03:00,2026-02,EBM0226,2902.827820177053,EPIAS_VEP:EBM0226,True,False,False
2026-02-19T16:00:00+00:00,2026-02-19T19:00:00+03:00,2026-02,EBM0226,2902.8278219938015,EPIAS_VEP:EBM0226,True,False,False
2026-02-19T17:00:00+00:00,2026-02-19T20:00:00+03:00,2026-02,EBM0226,2902.827823774975,EPIAS_VEP:EBM0226,True,False,False
2026-02-19T18:00:00+00:00,2026-02-19T21:00:00+03:00,2026-02,EBM0226,2902.827825496053,EPIAS_VEP:EBM0226,True,False,False
2026-02-19T19:00:00+00:00,2026-02-19T22:00:00+03:00,2026-02,EBM0226,2902.827827129438,EPIAS_VEP:EBM0226,True,False,False
2026-02-19T20:00:00+00:00,2026-02-19T23:00:00+03:00,2026-02,EBM0226,2902.827828644278,EPIAS_VEP:EBM0226,True,False,False
2026-02-19T21:00:00+00:00,2026-02-20T00:00:00+03:00,2026-02,EBM0226,2902.827830006298,EPIAS_VEP:EBM0226,True,False,False
2026-02-19T22:00:00+00:00,2026-02-20T01:00:00+03:00,2026-02,EBM0226,2902.827831177659,EPIAS_VEP:EBM0226,True,False,False
2026-02-19T23:00:00+00:00,2026-02-20T02:00:00+03:00,2026-02,EBM0226,2902.8278321168145,EPIAS_VEP:EBM0226,True,False,False
2026-02-20T00:00:00+00:00,2026-02-20T03:00:00+03:00,2026-02,EBM0226,2902.827832778397,EPIAS_VEP:EBM0226,True,False,False
2026-02-20T01:00:00+00:00,2026-02-20T04:00:00+03:00,2026-02,EBM0226,2902.8278331131232,EPIAS_VEP:EBM0226,True,False,False
2026-02-20T02:00:00+00:00,2026-02-20T05:00:00+03:00,2026-02,EBM0226,2902.8278330677317,EPIAS_VEP:EBM0226,True,False,False
2026-02-20T03:00:00+00:00,2026-02-20T06:00:00+03:00,2026-02,EBM0226,2902.8278325849415,EPIAS_VEP:EBM0226,True,False,False
2026-02-20T04:00:00+00:00,2026-02-20T07:00:00+03:00,2026-02,EBM0226,2902.827831603462,EPIAS_VEP:EBM0226,True,False,False
2026-02-20T05:00:00+00:00,2026-02-20T08:00:00+03:00,2026-02,EBM0226,2902.8278300580364,EPIAS_VEP:EBM0226,True,False,False
2026-02-20T06:00:00+00:00,2026-02-20T09:00:00+03:00,2026-02,EBM0226,2902.8278278795387,EPIAS_VEP:EBM0226,True,False,False
2026-02-20T07:00:00+00:00,2026-02-20T10:00:00+03:00,2026-02,EBM0226,2902.827824995132,EPIAS_VEP:EBM0226,True,False,False
2026-02-20T08:00:00+00:00,2026-02-20T11:00:00+03:00,2026-02,EBM0226,2902.827821328482,EPIAS_VEP:EBM0226,True,False,False
2026-02-20T09:00:00+00:00,2026-02-20T12:00:00+03:00,2026-02,EBM0226,2902.82781680005,EPIAS_VEP:EBM0226,True,False,False
2026-02-20T10:00:00+00:00,2026-02-20T13:00:00+03:00,2026-02,EBM0226,2902.8278113274587,EPIAS_VEP:EBM0226,True,False,False
2026-02-20T11:00:00+00:00,2026-02-20T14:00:00+03:00,2026-02,EBM0226,2902.8278048259453,EPIAS_VEP:EBM0226,True,False,False
2026-02-20T12:00:00+00:00,2026-02-20T15:00:00+03:00,2026-02,EBM0226,2902.827797208908,EPIAS_VEP:EBM0226,True,False,False
2026-02-20T13:00:00+00:00,2026-02-20T16:00:00+03:00,2026-02,EBM0226,2902.8277883885553,EPIAS_VEP:EBM0226,True,False,False
2026-02-20T14:00:00+00:00,2026-02-20T17:00:00+03:00,2026-02,EBM0226,2902.8277782766595,EPIAS_VEP:EBM0226,True,False,False
2026-02-20T15:00:00+00:00,2026-02-20T18:00:00+03:00,2026-02,EBM0226,2902.827766785453,EPIAS_VEP:EBM0226,True,False,False
2026-02-20T16:00:00+00:00,2026-02-20T19:00:00+03:00,2026-02,EBM0226,2902.8277538286334,EPIAS_VEP:EBM0226,True,False,False
2026-02-20T17:00:00+00:00,2026-02-20T20:00:00+03:00,2026-02,EBM0226,2902.827739322516,EPIAS_VEP:EBM0226,True,False,False
2026-02-20T18:00:00+00:00,2026-02-20T21:00:00+03:00,2026-02,EBM0226,2902.827723187326,EPIAS_VEP:EBM0226,True,False,False
2026-02-20T19:00:00+00:00,2026-02-20T22:00:00+03:00,2026-02,EBM0226,2902.8277053486395,EPIAS_VEP:EBM0226,True,False,False
2026-02-20T20:00:00+00:00,2026-02-20T23:00:00+03:00,2026-02,EBM0226,2902.8276857390065,EPIAS_VEP:EBM0226,True,False,False
2026-02-20T21:00:00+00:00,2026-02-21T00:00:00+03:00,2026-02,EBM0226,2902.827664299731,EPIAS_VEP:EBM0226,True,False,False
2026-02-20T22:00:00+00:00,2026-02-21T01:00:00+03:00,2026-02,EBM0226,2902.8276409828322,EPIAS_VEP:EBM0226,True,False,False
2026-02-20T23:00:00+00:00,2026-02-21T02:00:00+03:00,2026-02,EBM0226,2902.8276157531886,EPIAS_VEP:EBM0226,True,False,False
2026-02-21T00:00:00+00:00,2026-02-21T03:00:00+03:00,2026-02,EBM0226,2902.8275885908656,EPIAS_VEP:EBM0226,True,False,False
2026-02-21T01:00:00+00:00,2026-02-21T04:00:00+03:00,2026-02,EBM0226,2902.8275594936395,EPIAS_VEP:EBM0226,True,False,False
2026-02-21T02:00:00+00:00,2026-02-21T05:00:00+03:00,2026-02,EBM0226,2902.8275284797187,EPIAS_VEP:EBM0226,True,False,False
2026-02-21T03:00:00+00:00,2026-02-21T06:00:00+03:00,2026-02,EBM0226,2902.8274955906395,EPIAS_VEP:EBM0226,True,False,False
2026-02-21T04:00:00+00:00,2026-02-21T07:00:00+03:00,2026-02,EBM0226,2902.8274608943752,EPIAS_VEP:EBM0226,True,False,False
2026-02-21T05:00:00+00:00,2026-02-21T08:00:00+03:00,2026-02,EBM0226,2902.827424488619,EPIAS_VEP:EBM0226,True,False,False
2026-02-21T06:00:00+00:00,2026-02-21T09:00:00+03:00,2026-02,EBM0226,2902.8273865042556,EPIAS_VEP:EBM0226,True,False,False
2026-02-21T07:00:00+00:00,2026-02-21T10:00:00+03:00,2026-02,EBM0226,2902.8273471090147,EPIAS_VEP:EBM0226,True,False,False
2026-02-21T08:00:00+00:00,2026-02-21T11:00:00+03:00,2026-02,EBM0226,2902.8273065112594,EPIAS_VEP:EBM0226,True,False,False
2026-02-21T09:00:00+00:00,2026-02-21T12:00:00+03:00,2026-02,EBM0226,2902.8272649639316,EPIAS_VEP:EBM0226,True,False,False
2026-02-21T10:00:00+00:00,2026-02-21T13:00:00+03:00,2026-02,EBM0226,2902.827222768618,EPIAS_VEP:EBM0226,True,False,False
2026-02-21T11:00:00+00:00,2026-02-21T14:00:00+03:00,2026-02,EBM0226,2902.8271802796808,EPIAS_VEP:EBM0226,True,False,False
2026-02-21T12:00:00+00:00,2026-02-21T15:00:00+03:00,2026-02,EBM0226,2902.827137908498,EPIAS_VEP:EBM0226,True,False,False
2026-02-21T13:00:00+00:00,2026-02-21T16:00:00+03:00,2026-02,EBM0226,2902.8270961277126,EPIAS_VEP:EBM0226,True,False,False
2026-02-21T14:00:00+00:00,2026-02-21T17:00:00+03:00,2026-02,EBM0226,2902.827055475475,EPIAS_VEP:EBM0226,True,False,False
2026-02-21T15:00:00+00:00,2026-02-21T18:00:00+03:00,2026-02,EBM0226,2902.827016559608,EPIAS_VEP:EBM0226,True,False,False
2026-02-21T16:00:00+00:00,2026-02-21T19:00:00+03:00,2026-02,EBM0226,2902.826980061678,EPIAS_VEP:EBM0226,True,False,False
2026-02-21T17:00:00+00:00,2026-02-21T20:00:00+03:00,2026-02,EBM0226,2902.826946740886,EPIAS_VEP:EBM0226,True,False,False
2026-02-21T18:00:00+00:00,2026-02-21T21:00:00+03:00,2026-02,EBM0226,2902.8269174377224,EPIAS_VEP:EBM0226,True,False,False
2026-02-21T19:00:00+00:00,2026-02-21T22:00:00+03:00,2026-02,EBM0226,2902.8268930772947,EPIAS_VEP:EBM0226,True,False,False
2026-02-21T20:00:00+00:00,2026-02-21T23:00:00+03:00,2026-02,EBM0226,2902.8268746722642,EPIAS_VEP:EBM0226,True,False,False
2026-02-21T21:00:00+00:00,2026-02-22T00:00:00+03:00,2026-02,EBM0226,2902.826863325282,EPIAS_VEP:EBM0226,True,False,False
2026-02-21T22:00:00+00:00,2026-02-22T01:00:00+03:00,2026-02,EBM0226,2902.82686023083,EPIAS_VEP:EBM0226,True,False,False
2026-02-21T23:00:00+00:00,2026-02-22T02:00:00+03:00,2026-02,EBM0226,2902.8268666763543,EPIAS_VEP:EBM0226,True,False,False
2026-02-22T00:00:00+00:00,2026-02-22T03:00:00+03:00,2026-02,EBM0226,2902.8268840425744,EPIAS_VEP:EBM0226,True,False,False
2026-02-22T01:00:00+00:00,2026-02-22T04:00:00+03:00,2026-02,EBM0226,2902.826913802834,EPIAS_VEP:EBM0226,True,False,False
2026-02-22T02:00:00+00:00,2026-02-22T05:00:00+03:00,2026-02,EBM0226,2902.826957521371,EPIAS_VEP:EBM0226,True,False,False
2026-02-22T03:00:00+00:00,2026-02-22T06:00:00+03:00,2026-02,EBM0226,2902.82701685034,EPIAS_VEP:EBM0226,True,False,False
2026-02-22T04:00:00+00:00,2026-02-22T07:00:00+03:00,2026-02,EBM0226,2902.8270935254463,EPIAS_VEP:EBM0226,True,False,False
2026-02-22T05:00:00+00:00,2026-02-22T08:00:00+03:00,2026-02,EBM0226,2902.827189360008,EPIAS_VEP:EBM0226,True,False,False
2026-02-22T06:00:00+00:00,2026-02-22T09:00:00+03:00,2026-02,EBM0226,2902.8273062372796,EPIAS_VEP:EBM0226,True,False,False
2026-02-22T07:00:00+00:00,2026-02-22T10:00:00+03:00,2026-02,EBM0226,2902.8274461008687,EPIAS_VEP:EBM0226,True,False,False
2026-02-22T08:00:00+00:00,2026-02-22T11:00:00+03:00,2026-02,EBM0226,2902.8276109430517,EPIAS_VEP:EBM0226,True,False,False
2026-02-22T09:00:00+00:00,2026-02-22T12:00:00+03:00,2026-02,EBM0226,2902.8278027907877,EPIAS_VEP:EBM0226,True,False,False
2026-02-22T10:00:00+00:00,2026-02-22T13:00:00+03:00,2026-02,EBM0226,2902.82802368923,EPIAS_VEP:EBM0226,True,False,False
2026-02-22T11:00:00+00:00,2026-02-22T14:00:00+03:00,2026-02,EBM0226,2902.8282756825406,EPIAS_VEP:EBM0226,True,False,False
2026-02-22T12:00:00+00:00,2026-02-22T15:00:00+03:00,2026-02,EBM0226,2902.8285607918015,EPIAS_VEP:EBM0226,True,False,False
2026-02-22T13:00:00+00:00,2026-02-22T16:00:00+03:00,2026-02,EBM0226,2902.8288809898095,EPIAS_VEP:EBM0226,True,False,False
2026-02-22T14:00:00+00:00,2026-02-22T17:00:00+03:00,2026-02,EBM0226,2902.8292381725796,EPIAS_VEP:EBM0226,True,False,False
2026-02-22T15:00:00+00:00,2026-02-22T18:00:00+03:00,2026-02,EBM0226,2902.8296341273117,EPIAS_VEP:EBM0226,True,False,False
2026-02-22T16:00:00+00:00,2026-02-22T19:00:00+03:00,2026-02,EBM0226,2902.8300704966778,EPIAS_VEP:EBM0226,True,False,False
2026-02-22T17:00:00+00:00,2026-02-22T20:00:00+03:00,2026-02,EBM0226,2902.8305487392286,EPIAS_VEP:EBM0226,True,False,False
2026-02-22T18:00:00+00:00,2026-02-22T21:00:00+03:00,2026-02,EBM0226,2902.831070085753,EPIAS_VEP:EBM0226,True,False,False
2026-02-22T19:00:00+00:00,2026-02-22T22:00:00+03:00,2026-02,EBM0226,2902.8316354914527,EPIAS_VEP:EBM0226,True,False,False
2026-02-22T20:00:00+00:00,2026-02-22T23:00:00+03:00,2026-02,EBM0226,2902.8322455838097,EPIAS_VEP:EBM0226,True,False,False
2026-02-22T21:00:00+00:00,2026-02-23T00:00:00+03:00,2026-02,EBM0226,2902.8329006060444,EPIAS_VEP:EBM0226,True,False,False
2026-02-22T22:00:00+00:00,2026-02-23T01:00:00+03:00,2026-02,EBM0226,2902.8336003561076,EPIAS_VEP:EBM0226,True,False,False
2026-02-22T23:00:00+00:00,2026-02-23T02:00:00+03:00,2026-02,EBM0226,2902.8343441211805,EPIAS_VEP:EBM0226,True,False,False
2026-02-23T00:00:00+00:00,2026-02-23T03:00:00+03:00,2026-02,EBM0226,2902.835130607698,EPIAS_VEP:EBM0226,True,False,False
2026-02-23T01:00:00+00:00,2026-02-23T04:00:00+03:00,2026-02,EBM0226,2902.8359578669697,EPIAS_VEP:EBM0226,True,False,False
2026-02-23T02:00:00+00:00,2026-02-23T05:00:00+03:00,2026-02,EBM0226,2902.83682321653,EPIAS_VEP:EBM0226,True,False,False
2026-02-23T03:00:00+00:00,2026-02-23T06:00:00+03:00,2026-02,EBM0226,2902.8377231574163,EPIAS_VEP:EBM0226,True,False,False
2026-02-23T04:00:00+00:00,2026-02-23T07:00:00+03:00,2026-02,EBM0226,2902.8386532876398,EPIAS_VEP:EBM0226,True,False,False
2026-02-23T05:00:00+00:00,2026-02-23T08:00:00+03:00,2026-02,EBM0226,2902.8396082121894,EPIAS_VEP:EBM0226,True,False,False
2026-02-23T06:00:00+00:00,2026-02-23T09:00:00+03:00,2026-02,EBM0226,2902.840581450021,EPIAS_VEP:EBM0226,True,False,False
2026-02-23T07:00:00+00:00,2026-02-23T10:00:00+03:00,2026-02,EBM0226,2902.8415653385614,EPIAS_VEP:EBM0226,True,False,False
2026-02-23T08:00:00+00:00,2026-02-23T11:00:00+03:00,2026-02,EBM0226,2902.842550936382,EPIAS_VEP:EBM0226,True,False,False
2026-02-23T09:00:00+00:00,2026-02-23T12:00:00+03:00,2026-02,EBM0226,2902.843527924806,EPIAS_VEP:EBM0226,True,False,False
2026-02-23T10:00:00+00:00,2026-02-23T13:00:00+03:00,2026-02,EBM0226,2902.844484509358,EPIAS_VEP:EBM0226,True,False,False
2026-02-23T11:00:00+00:00,2026-02-23T14:00:00+03:00,2026-02,EBM0226,2902.8454073220623,EPIAS_VEP:EBM0226,True,False,False
2026-02-23T12:00:00+00:00,2026-02-23T15:00:00+03:00,2026-02,EBM0226,2902.8462813257834,EPIAS_VEP:EBM0226,True,False,False
2026-02-23T13:00:00+00:00,2026-02-23T16:00:00+03:00,2026-02,EBM0226,2902.8470897219468,EPIAS_VEP:EBM0226,True,False,False
2026-02-23T14:00:00+00:00,2026-02-23T17:00:00+03:00,2026-02,EBM0226,2902.847813863136,EPIAS_VEP:EBM0226,True,False,False
2026-02-23T15:00:00+00:00,2026-02-23T18:00:00+03:00,2026-02,EBM0226,2902.8484331722557,EPIAS_VEP:EBM0226,True,False,False
2026-02-23T16:00:00+00:00,2026-02-23T19:00:00+03:00,2026-02,EBM0226,2902.8489250701145,EPIAS_VEP:EBM0226,True,False,False
2026-02-23T17:00:00+00:00,2026-02-23T20:00:00+03:00,2026-02,EBM0226,2902.849264913494,EPIAS_VEP:EBM0226,True,False,False
2026-02-23T18:00:00+00:00,2026-02-23T21:00:00+03:00,2026-02,EBM0226,2902.8494259459594,EPIAS_VEP:EBM0226,True,False,False
2026-02-23T19:00:00+00:00,2026-02-23T22:00:00+03:00,2026-02,EBM0226,2902.8493792638683,EPIAS_VEP:EBM0226,True,False,False
2026-02-23T20:00:00+00:00,2026-02-23T23:00:00+03:00,2026-02,EBM0226,2902.849093800271,EPIAS_VEP:EBM0226,True,False,False
2026-02-23T21:00:00+00:00,2026-02-24T00:00:00+03:00,2026-02,EBM0226,2902.8485363295745,EPIAS_VEP:EBM0226,True,False,False
2026-02-23T22:00:00+00:00,2026-02-24T01:00:00+03:00,2026-02,EBM0226,2902.8476714960875,EPIAS_VEP:EBM0226,True,False,False
2026-02-23T23:00:00+00:00,2026-02-24T02:00:00+03:00,2026-02,EBM0226,2902.846461869765,EPIAS_VEP:EBM0226,True,False,False
2026-02-24T00:00:00+00:00,2026-02-24T03:00:00+03:00,2026-02,EBM0226,2902.844868032703,EPIAS_VEP:EBM0226,True,False,False
2026-02-24T01:00:00+00:00,2026-02-24T04:00:00+03:00,2026-02,EBM0226,2902.842848700105,EPIAS_VEP:EBM0226,True,False,False
2026-02-24T02:00:00+00:00,2026-02-24T05:00:00+03:00,2026-02,EBM0226,2902.8403608796675,EPIAS_VEP:EBM0226,True,False,False
2026-02-24T03:00:00+00:00,2026-02-24T06:00:00+03:00,2026-02,EBM0226,2902.8373600735063,EPIAS_VEP:EBM0226,True,False,False
2026-02-24T04:00:00+00:00,2026-02-24T07:00:00+03:00,2026-02,EBM0226,2902.8338005269447,EPIAS_VEP:EBM0226,True,False,False
2026-02-24T05:00:00+00:00,2026-02-24T08:00:00+03:00,2026-02,EBM0226,2902.8296355285943,EPIAS_VEP:EBM0226,True,False,False
2026-02-24T06:00:00+00:00,2026-02-24T09:00:00+03:00,2026-02,EBM0226,2902.8248177663118,EPIAS_VEP:EBM0226,True,False,False
2026-02-24T07:00:00+00:00,2026-02-24T10:00:00+03:00,2026-02,EBM0226,2902.819299743698,EPIAS_VEP:EBM0226,True,False,False
2026-02-24T08:00:00+00:00,2026-02-24T11:00:00+03:00,2026-02,EBM0226,2902.8130342618715,EPIAS_VEP:EBM0226,True,False,False
2026-02-24T09:00:00+00:00,2026-02-24T12:00:00+03:00,2026-02,EBM0226,2902.805974971271,EPIAS_VEP:EBM0226,True,False,False
2026-02-24T10:00:00+00:00,2026-02-24T13:00:00+03:00,2026-02,EBM0226,2902.798076998211,EPIAS_VEP:EBM0226,True,False,False
2026-02-24T11:00:00+00:00,2026-02-24T14:00:00+03:00,2026-02,EBM0226,2902.7892976507974,EPIAS_VEP:EBM0226,True,False,False
2026-02-24T12:00:00+00:00,2026-02-24T15:00:00+03:00,2026-02,EBM0226,2902.779597208731,EPIAS_VEP:EBM0226,True,False,False
2026-02-24T13:00:00+00:00,2026-02-24T16:00:00+03:00,2026-02,EBM0226,2902.768939801247,EPIAS_VEP:EBM0226,True,False,False
2026-02-24T14:00:00+00:00,2026-02-24T17:00:00+03:00,2026-02,EBM0226,2902.757294377151,EPIAS_VEP:EBM0226,True,False,False
2026-02-24T15:00:00+00:00,2026-02-24T18:00:00+03:00,2026-02,EBM0226,2902.7446357705676,EPIAS_VEP:EBM0226,True,False,False
2026-02-24T16:00:00+00:00,2026-02-24T19:00:00+03:00,2026-02,EBM0226,2902.7309458654827,EPIAS_VEP:EBM0226,True,False,False
2026-02-24T17:00:00+00:00,2026-02-24T20:00:00+03:00,2026-02,EBM0226,2902.716214861601,EPIAS_VEP:EBM0226,True,False,False
2026-02-24T18:00:00+00:00,2026-02-24T21:00:00+03:00,2026-02,EBM0226,2902.7004426433305,EPIAS_VEP:EBM0226,True,False,False
2026-02-24T19:00:00+00:00,2026-02-24T22:00:00+03:00,2026-02,EBM0226,2902.683640252877,EPIAS_VEP:EBM0226,True,False,False
2026-02-24T20:00:00+00:00,2026-02-24T23:00:00+03:00,2026-02,EBM0226,2902.665831467477,EPIAS_VEP:EBM0226,True,False,False
2026-02-24T21:00:00+00:00,2026-02-25T00:00:00+03:00,2026-02,EBM0226,2902.6470544796357,EPIAS_VEP:EBM0226,True,False,False
2026-02-24T22:00:00+00:00,2026-02-25T01:00:00+03:00,2026-02,EBM0226,2902.627363678005,EPIAS_VEP:EBM0226,True,False,False
2026-02-24T23:00:00+00:00,2026-02-25T02:00:00+03:00,2026-02,EBM0226,2902.6068315250855,EPIAS_VEP:EBM0226,True,False,False
2026-02-25T00:00:00+00:00,2026-02-25T03:00:00+03:00,2026-02,EBM0226,2902.585550526304,EPIAS_VEP:EBM0226,True,False,False
2026-02-25T01:00:00+00:00,2026-02-25T04:00:00+03:00,2026-02,EBM0226,2902.563635283224,EPIAS_VEP:EBM0226,True,False,False
2026-02-25T02:00:00+00:00,2026-02-25T05:00:00+03:00,2026-02,EBM0226,2902.541224621652,EPIAS_VEP:EBM0226,True,False,False
2026-02-25T03:00:00+00:00,2026-02-25T06:00:00+03:00,2026-02,EBM0226,2902.518483783156,EPIAS_VEP:EBM0226,True,False,False
2026-02-25T04:00:00+00:00,2026-02-25T07:00:00+03:00,2026-02,EBM0226,2902.4956066661352,EPIAS_VEP:EBM0226,True,False,False
2026-02-25T05:00:00+00:00,2026-02-25T08:00:00+03:00,2026-02,EBM0226,2902.4728180999036,EPIAS_VEP:EBM0226,True,False,False
2026-02-25T06:00:00+00:00,2026-02-25T09:00:00+03:00,2026-02,EBM0226,2902.4503761324013,EPIAS_VEP:EBM0226,True,False,False
2026-02-25T07:00:00+00:00,2026-02-25T10:00:00+03:00,2026-02,EBM0226,2902.4285743090463,EPIAS_VEP:EBM0226,True,False,False
2026-02-25T08:00:00+00:00,2026-02-25T11:00:00+03:00,2026-02,EBM0226,2902.4077439169364,EPIAS_VEP:EBM0226,True,False,False
2026-02-25T09:00:00+00:00,2026-02-25T12:00:00+03:00,2026-02,EBM0226,2902.388256165035,EPIAS_VEP:EBM0226,True,False,False
2026-02-25T10:00:00+00:00,2026-02-25T13:00:00+03:00,2026-02,EBM0226,2902.370524267202,EPIAS_VEP:EBM0226,True,False,False
2026-02-25T11:00:00+00:00,2026-02-25T14:00:00+03:00,2026-02,EBM0226,2902.355005390976,EPIAS_VEP:EBM0226,True,False,False
2026-02-25T12:00:00+00:00,2026-02-25T15:00:00+03:00,2026-02,EBM0226,2902.3422024307592,EPIAS_VEP:EBM0226,True,False,False
2026-02-25T13:00:00+00:00,2026-02-25T16:00:00+03:00,2026-02,EBM0226,2902.3326655597034,EPIAS_VEP:EBM0226,True,False,False
2026-02-25T14:00:00+00:00,2026-02-25T17:00:00+03:00,2026-02,EBM0226,2902.326993510007,EPIAS_VEP:EBM0226,True,False,False
2026-02-25T15:00:00+00:00,2026-02-25T18:00:00+03:00,2026-02,EBM0226,2902.3258345266045,EPIAS_VEP:EBM0226,True,False,False
2026-02-25T16:00:00+00:00,2026-02-25T19:00:00+03:00,2026-02,EBM0226,2902.3298869343707,EPIAS_VEP:EBM0226,True,False,False
2026-02-25T17:00:00+00:00,2026-02-25T20:00:00+03:00,2026-02,EBM0226,2902.339899254022,EPIAS_VEP:EBM0226,True,False,False
2026-02-25T18:00:00+00:00,2026-02-25T21:00:00+03:00,2026-02,EBM0226,2902.3566697968713,EPIAS_VEP:EBM0226,True,False,False
2026-02-25T19:00:00+00:00,2026-02-25T22:00:00+03:00,2026-02,EBM0226,2902.3810456635993,EPIAS_VEP:EBM0226,True,False,False
2026-02-25T20:00:00+00:00,2026-02-25T23:00:00+03:00,2026-02,EBM0226,2902.4139210671974,EPIAS_VEP:EBM0226,True,False,False
2026-02-25T21:00:00+00:00,2026-02-26T00:00:00+03:00,2026-02,EBM0226,2902.456234895385,EPIAS_VEP:EBM0226,True,False,False
2026-02-25T22:00:00+00:00,2026-02-26T01:00:00+03:00,2026-02,EBM0226,2902.508967423066,EPIAS_VEP:EBM0226,True,False,False
2026-02-25T23:00:00+00:00,2026-02-26T02:00:00+03:00,2026-02,EBM0226,2902.5731360809464,EPIAS_VEP:EBM0226,True,False,False
2026-02-26T00:00:00+00:00,2026-02-26T03:00:00+03:00,2026-02,EBM0226,2902.6497901822786,EPIAS_VEP:EBM0226,True,False,False
2026-02-26T01:00:00+00:00,2026-02-26T04:00:00+03:00,2026-02,EBM0226,2902.7400045060035,EPIAS_VEP:EBM0226,True,False,False
2026-02-26T02:00:00+00:00,2026-02-26T05:00:00+03:00,2026-02,EBM0226,2902.8448716313237,EPIAS_VEP:EBM0226,True,False,False
2026-02-26T03:00:00+00:00,2026-02-26T06:00:00+03:00,2026-02,EBM0226,2902.965492916281,EPIAS_VEP:EBM0226,True,False,False
2026-02-26T04:00:00+00:00,2026-02-26T07:00:00+03:00,2026-02,EBM0226,2903.10296801104,EPIAS_VEP:EBM0226,True,False,False
2026-02-26T05:00:00+00:00,2026-02-26T08:00:00+03:00,2026-02,EBM0226,2903.2583827957615,EPIAS_VEP:EBM0226,True,False,False
2026-02-26T06:00:00+00:00,2026-02-26T09:00:00+03:00,2026-02,EBM0226,2903.432795633099,EPIAS_VEP:EBM0226,True,False,False
2026-02-26T07:00:00+00:00,2026-02-26T10:00:00+03:00,2026-02,EBM0226,2903.6272218267113,EPIAS_VEP:EBM0226,True,False,False
2026-02-26T08:00:00+00:00,2026-02-26T11:00:00+03:00,2026-02,EBM0226,2903.842616179983,EPIAS_VEP:EBM0226,True,False,False
2026-02-26T09:00:00+00:00,2026-02-26T12:00:00+03:00,2026-02,EBM0226,2904.0798535534027,EPIAS_VEP:EBM0226,True,False,False
2026-02-26T10:00:00+00:00,2026-02-26T13:00:00+03:00,2026-02,EBM0226,2904.3397073251285,EPIAS_VEP:EBM0226,True,False,False
2026-02-26T11:00:00+00:00,2026-02-26T14:00:00+03:00,2026-02,EBM0226,2904.6228256672475,EPIAS_VEP:EBM0226,True,False,False
2026-02-26T12:00:00+00:00,2026-02-26T15:00:00+03:00,2026-02,EBM0226,2904.929705560404,EPIAS_VEP:EBM0226,True,False,False
2026-02-26T13:00:00+00:00,2026-02-26T16:00:00+03:00,2026-02,EBM0226,2905.260664481964,EPIAS_VEP:EBM0226,True,False,False
2026-02-26T14:00:00+00:00,2026-02-26T17:00:00+03:00,2026-02,EBM0226,2905.6158097180214,EPIAS_VEP:EBM0226,True,False,False
2026-02-26T15:00:00+00:00,2026-02-26T18:00:00+03:00,2026-02,EBM0226,2905.9950052675076,EPIAS_VEP:EBM0226,True,False,False
2026-02-26T16:00:00+00:00,2026-02-26T19:00:00+03:00,2026-02,EBM0226,2906.397836327665,EPIAS_VEP:EBM0226,True,False,False
2026-02-26T17:00:00+00:00,2026-02-26T20:00:00+03:00,2026-02,EBM0226,2906.823571374497,EPIAS_VEP:EBM0226,True,False,False
2026-02-26T18:00:00+00:00,2026-02-26T21:00:00+03:00,2026-02,EBM0226,2907.271121879654,EPIAS_VEP:EBM0226,True,False,False
2026-02-26T19:00:00+00:00,2026-02-26T22:00:00+03:00,2026-02,EBM0226,2907.738999736933,EPIAS_VEP:EBM0226,True,False,False
2026-02-26T20:00:00+00:00,2026-02-26T23:00:00+03:00,2026-02,EBM0226,2908.2252725072217,EPIAS_VEP:EBM0226,True,False,False
2026-02-26T21:00:00+00:00,2026-02-27T00:00:00+03:00,2026-02,EBM0226,2908.7275166307177,EPIAS_VEP:EBM0226,True,False,False
2026-02-26T22:00:00+00:00,2026-02-27T01:00:00+03:00,2026-02,EBM0226,2909.2427687996496,EPIAS_VEP:EBM0226,True,False,False
2026-02-26T23:00:00+00:00,2026-02-27T02:00:00+03:00,2026-02,EBM0226,2909.767475733863,EPIAS_VEP:EBM0226,True,False,False
2026-02-27T00:00:00+00:00,2026-02-27T03:00:00+03:00,2026-02,EBM0226,2910.2974426556034,EPIAS_VEP:EBM0226,True,False,False
2026-02-27T01:00:00+00:00,2026-02-27T04:00:00+03:00,2026-02,EBM0226,2910.827780818819,EPIAS_VEP:EBM0226,True,False,False
2026-02-27T02:00:00+00:00,2026-02-27T05:00:00+03:00,2026-02,EBM0226,2911.3528545124705,EPIAS_VEP:EBM0226,True,False,False
2026-02-27T03:00:00+00:00,2026-02-27T06:00:00+03:00,2026-02,EBM0226,2911.866228026716,EPIAS_VEP:EBM0226,True,False,False
2026-02-27T04:00:00+00:00,2026-02-27T07:00:00+03:00,2026-02,EBM0226,2912.3606131455394,EPIAS_VEP:EBM0226,True,False,False
2026-02-27T05:00:00+00:00,2026-02-27T08:00:00+03:00,2026-02,EBM0226,2912.8278178094015,EPIAS_VEP:EBM0226,True,False,False
2026-02-27T06:00:00+00:00,2026-02-27T09:00:00+03:00,2026-02,EBM0226,2913.2586966767244,EPIAS_VEP:EBM0226,True,False,False
2026-02-27T07:00:00+00:00,2026-02-27T10:00:00+03:00,2026-02,EBM0226,2913.6431044034284,EPIAS_VEP:EBM0226,True,False,False
2026-02-27T08:00:00+00:00,2026-02-27T11:00:00+03:00,2026-02,EBM0226,2913.9698525550543,EPIAS_VEP:EBM0226,True,False,False
2026-02-27T09:00:00+00:00,2026-02-27T12:00:00+03:00,2026-02,EBM0226,2914.2266711659945,EPIAS_VEP:EBM0226,True,False,False
2026-02-27T10:00:00+00:00,2026-02-27T13:00:00+03:00,2026-02,EBM0226,2914.4001760646775,EPIAS_VEP:EBM0226,True,False,False
2026-02-27T11:00:00+00:00,2026-02-27T14:00:00+03:00,2026-02,EBM0226,2914.4758431917066,EPIAS_VEP:EBM0226,True,False,False
2026-02-27T12:00:00+00:00,2026-02-27T15:00:00+03:00,2026-02,EBM0226,2914.4379912493755,EPIAS_VEP:EBM0226,True,False,False
2026-02-27T13:00:00+00:00,2026-02-27T16:00:00+03:00,2026-02,EBM0226,2914.269774134955,EPIAS_VEP:EBM0226,True,False,False
2026-02-27T14:00:00+00:00,2026-02-27T17:00:00+03:00,2026-02,EBM0226,2913.953184725884,EPIAS_VEP:EBM0226,True,False,False
2026-02-27T15:00:00+00:00,2026-02-27T18:00:00+03:00,2026-02,EBM0226,2913.4690717014855,EPIAS_VEP:EBM0226,True,False,False
2026-02-27T16:00:00+00:00,2026-02-27T19:00:00+03:00,2026-02,EBM0226,2912.7971712019084,EPIAS_VEP:EBM0226,True,False,False
2026-02-27T17:00:00+00:00,2026-02-27T20:00:00+03:00,2026-02,EBM0226,2911.9161552394316,EPIAS_VEP:EBM0226,True,False,False
2026-02-27T18:00:00+00:00,2026-02-27T21:00:00+03:00,2026-02,EBM0226,2910.803698888511,EPIAS_VEP:EBM0226,True,False,False
2026-02-27T19:00:00+00:00,2026-02-27T22:00:00+03:00,2026-02,EBM0226,2909.436568387375,EPIAS_VEP:EBM0226,True,False,False
2026-02-27T20:00:00+00:00,2026-02-27T23:00:00+03:00,2026-02,EBM0226,2907.7907323836594,EPIAS_VEP:EBM0226,True,False,False
2026-02-27T21:00:00+00:00,2026-02-28T00:00:00+03:00,2026-02,EBM0226,2905.841498647463,EPIAS_VEP:EBM0226,True,False,False
2026-02-27T22:00:00+00:00,2026-02-28T01:00:00+03:00,2026-02,EBM0226,2903.5636786549394,EPIAS_VEP:EBM0226,True,False,False
2026-02-27T23:00:00+00:00,2026-02-28T02:00:00+03:00,2026-02,EBM0226,2900.9317825116736,EPIAS_VEP:EBM0226,True,False,False
2026-02-28T00:00:00+00:00,2026-02-28T03:00:00+03:00,2026-02,EBM0226,2897.9202467346836,EPIAS_VEP:EBM0226,True,False,False
2026-02-28T01:00:00+00:00,2026-02-28T04:00:00+03:00,2026-02,EBM0226,2894.5036974420373,EPIAS_VEP:EBM0226,True,False,False
2026-02-28T02:00:00+00:00,2026-02-28T05:00:00+03:00,2026-02,EBM0226,2890.6572515064195,EPIAS_VEP:EBM0226,True,False,False
2026-02-28T03:00:00+00:00,2026-02-28T06:00:00+03:00,2026-02,EBM0226,2886.3568582100543,EPIAS_VEP:EBM0226,True,False,False
2026-02-28T04:00:00+00:00,2026-02-28T07:00:00+03:00,2026-02,EBM0226,2881.5796838893048,EPIAS_VEP:EBM0226,True,False,False
2026-02-28T05:00:00+00:00,2026-02-28T08:00:00+03:00,2026-02,EBM0226,2876.3045419740033,EPIAS_VEP:EBM0226,True,False,False
2026-02-28T06:00:00+00:00,2026-02-28T09:00:00+03:00,2026-02,EBM0226,2870.51237070489,EPIAS_VEP:EBM0226,True,False,False
2026-02-28T07:00:00+00:00,2026-02-28T10:00:00+03:00,2026-02,EBM0226,2864.186760647799,EPIAS_VEP:EBM0226,True,False,False
2026-02-28T08:00:00+00:00,2026-02-28T11:00:00+03:00,2026-02,EBM0226,2857.3145339107864,EPIAS_VEP:EBM0226,True,False,False
2026-02-28T09:00:00+00:00,2026-02-28T12:00:00+03:00,2026-02,EBM0226,2849.886376705136,EPIAS_VEP:EBM0226,True,False,False
2026-02-28T10:00:00+00:00,2026-02-28T13:00:00+03:00,2026-02,EBM0226,2841.8975265680338,EPIAS_VEP:EBM0226,True,False,False
2026-02-28T11:00:00+00:00,2026-02-28T14:00:00+03:00,2026-02,EBM0226,2833.3485151782897,EPIAS_VEP:EBM0226,True,False,False
2026-02-28T12:00:00+00:00,2026-02-28T15:00:00+03:00,2026-02,EBM0226,2824.2459672413515,EPIAS_VEP:EBM0226,True,False,False
2026-02-28T13:00:00+00:00,2026-02-28T16:00:00+03:00,2026-02,EBM0226,2814.60345539044,EPIAS_VEP:EBM0226,True,False,False
2026-02-28T14:00:00+00:00,2026-02-28T17:00:00+03:00,2026-02,EBM0226,2804.4424104413433,EPIAS_VEP:EBM0226,True,False,False
2026-02-28T15:00:00+00:00,2026-02-28T18:00:00+03:00,2026-02,EBM0226,2793.7930856436033,EPIAS_VEP:EBM0226,True,False,False
2026-02-28T16:00:00+00:00,2026-02-28T19:00:00+03:00,2026-02,EBM0226,2782.695572784691,EPIAS_VEP:EBM0226,True,False,False
2026-02-28T17:00:00+00:00,2026-02-28T20:00:00+03:00,2026-02,EBM0226,2771.200867123324,EPIAS_VEP:EBM0226,True,False,False
2026-02-28T18:00:00+00:00,2026-02-28T21:00:00+03:00,2026-02,EBM0226,2759.371977140225,EPIAS_VEP:EBM0226,True,False,False
2026-02-28T19:00:00+00:00,2026-02-28T22:00:00+03:00,2026-02,EBM0226,2747.285074008837,EPIAS_VEP:EBM0226,True,False,False
2026-02-28T20:00:00+00:00,2026-02-28T23:00:00+03:00,2026-02,EBM0226,2735.0306744850127,EPIAS_VEP:EBM0226,True,False,False
2026-02-28T21:00:00+00:00,2026-03-01T00:00:00+03:00,2026-03,EBM0326,2722.714849594742,EPIAS_VEP:EBM0326,True,False,False
2026-02-28T22:00:00+00:00,2026-03-01T01:00:00+03:00,2026-03,EBM0326,2710.4604500758533,EPIAS_VEP:EBM0326,True,False,False
2026-02-28T23:00:00+00:00,2026-03-01T02:00:00+03:00,2026-03,EBM0326,2698.3735469543517,EPIAS_VEP:EBM0326,True,False,False
2026-03-01T00:00:00+00:00,2026-03-01T03:00:00+03:00,2026-03,EBM0326,2686.544656984373,EPIAS_VEP:EBM0326,True,False,False
2026-03-01T01:00:00+00:00,2026-03-01T04:00:00+03:00,2026-03,EBM0326,2675.049951338496,EPIAS_VEP:EBM0326,True,False,False
2026-03-01T02:00:00+00:00,2026-03-01T05:00:00+03:00,2026-03,EBM0326,2663.9524384967385,EPIAS_VEP:EBM0326,True,False,False
2026-03-01T03:00:00+00:00,2026-03-01T06:00:00+03:00,2026-03,EBM0326,2653.303113717121,EPIAS_VEP:EBM0326,True,False,False
2026-03-01T04:00:00+00:00,2026-03-01T07:00:00+03:00,2026-03,EBM0326,2643.142068786953,EPIAS_VEP:EBM0326,True,False,False
2026-03-01T05:00:00+00:00,2026-03-01T08:00:00+03:00,2026-03,EBM0326,2633.499556955309,EPIAS_VEP:EBM0326,True,False,False
2026-03-01T06:00:00+00:00,2026-03-01T09:00:00+03:00,2026-03,EBM0326,2624.39700903752,EPIAS_VEP:EBM0326,True,False,False
2026-03-01T07:00:00+00:00,2026-03-01T10:00:00+03:00,2026-03,EBM0326,2615.84799766636,EPIAS_VEP:EBM0326,True,False,False
2026-03-01T08:00:00+00:00,2026-03-01T11:00:00+03:00,2026-03,EBM0326,2607.8591475468343,EPIAS_VEP:EBM0326,True,False,False
2026-03-01T09:00:00+00:00,2026-03-01T12:00:00+03:00,2026-03,EBM0326,2600.4309903573226,EPIAS_VEP:EBM0326,True,False,False
2026-03-01T10:00:00+00:00,2026-03-01T13:00:00+03:00,2026-03,EBM0326,2593.558763634584,EPIAS_VEP:EBM0326,True,False,False
2026-03-01T11:00:00+00:00,2026-03-01T14:00:00+03:00,2026-03,EBM0326,2587.2331535899943,EPIAS_VEP:EBM0326,True,False,False
2026-03-01T12:00:00+00:00,2026-03-01T15:00:00+03:00,2026-03,EBM0326,2581.4409823317046,EPIAS_VEP:EBM0326,True,False,False
2026-03-01T13:00:00+00:00,2026-03-01T16:00:00+03:00,2026-03,EBM0326,2576.165840425643,EPIAS_VEP:EBM0326,True,False,False
2026-03-01T14:00:00+00:00,2026-03-01T17:00:00+03:00,2026-03,EBM0326,2571.388666112642,EPIAS_VEP:EBM0326,True,False,False
2026-03-01T15:00:00+00:00,2026-03-01T18:00:00+03:00,2026-03,EBM0326,2567.0882728226284,EPIAS_VEP:EBM0326,True,False,False
2026-03-01T16:00:00+00:00,2026-03-01T19:00:00+03:00,2026-03,EBM0326,2563.2418268920537,EPIAS_VEP:EBM0326,True,False,False
2026-03-01T17:00:00+00:00,2026-03-01T20:00:00+03:00,2026-03,EBM0326,2559.825277603226,EPIAS_VEP:EBM0326,True,False,False
2026-03-01T18:00:00+00:00,2026-03-01T21:00:00+03:00,2026-03,EBM0326,2556.8137418289007,EPIAS_VEP:EBM0326,True,False,False
2026-03-01T19:00:00+00:00,2026-03-01T22:00:00+03:00,2026-03,EBM0326,2554.1818456872115,EPIAS_VEP:EBM0326,True,False,False
2026-03-01T20:00:00+00:00,2026-03-01T23:00:00+03:00,2026-03,EBM0326,2551.9040256952444,EPIAS_VEP:EBM0326,True,False,False
2026-03-01T21:00:00+00:00,2026-03-02T00:00:00+03:00,2026-03,EBM0326,2549.9547919586535,EPIAS_VEP:EBM0326,True,False,False
2026-03-01T22:00:00+00:00,2026-03-02T01:00:00+03:00,2026-03,EBM0326,2548.30895595366,EPIAS_VEP:EBM0326,True,False,False
2026-03-01T23:00:00+00:00,2026-03-02T02:00:00+03:00,2026-03,EBM0326,2546.9418254504276,EPIAS_VEP:EBM0326,True,False,False
2026-03-02T00:00:00+00:00,2026-03-02T03:00:00+03:00,2026-03,EBM0326,2545.829369096659,EPIAS_VEP:EBM0326,True,False,False
2026-03-02T01:00:00+00:00,2026-03-02T04:00:00+03:00,2026-03,EBM0326,2544.948353130651,EPIAS_VEP:EBM0326,True,False,False
2026-03-02T02:00:00+00:00,2026-03-02T05:00:00+03:00,2026-03,EBM0326,2544.276452626928,EPIAS_VEP:EBM0326,True,False,False
2026-03-02T03:00:00+00:00,2026-03-02T06:00:00+03:00,2026-03,EBM0326,2543.7923395978364,EPIAS_VEP:EBM0326,True,False,False
2026-03-02T04:00:00+00:00,2026-03-02T07:00:00+03:00,2026-03,EBM0326,2543.475750183599,EPIAS_VEP:EBM0326,True,False,False
2026-03-02T05:00:00+00:00,2026-03-02T08:00:00+03:00,2026-03,EBM0326,2543.307533063612,EPIAS_VEP:EBM0326,True,False,False
2026-03-02T06:00:00+00:00,2026-03-02T09:00:00+03:00,2026-03,EBM0326,2543.269681115391,EPIAS_VEP:EBM0326,True,False,False
2026-03-02T07:00:00+00:00,2026-03-02T10:00:00+03:00,2026-03,EBM0326,2543.345348236283,EPIAS_VEP:EBM0326,True,False,False
2026-03-02T08:00:00+00:00,2026-03-02T11:00:00+03:00,2026-03,EBM0326,2543.518853128661,EPIAS_VEP:EBM0326,True,False,False
2026-03-02T09:00:00+00:00,2026-03-02T12:00:00+03:00,2026-03,EBM0326,2543.77567173321,EPIAS_VEP:EBM0326,True,False,False
2026-03-02T10:00:00+00:00,2026-03-02T13:00:00+03:00,2026-03,EBM0326,2544.102419878439,EPIAS_VEP:EBM0326,True,False,False
2026-03-02T11:00:00+00:00,2026-03-02T14:00:00+03:00,2026-03,EBM0326,2544.48682759882,EPIAS_VEP:EBM0326,True,False,False
2026-03-02T12:00:00+00:00,2026-03-02T15:00:00+03:00,2026-03,EBM0326,2544.917706459975,EPIAS_VEP:EBM0326,True,False,False
2026-03-02T13:00:00+00:00,2026-03-02T16:00:00+03:00,2026-03,EBM0326,2545.384911117902,EPIAS_VEP:EBM0326,True,False,False
2026-03-02T14:00:00+00:00,2026-03-02T17:00:00+03:00,2026-03,EBM0326,2545.8792962310913,EPIAS_VEP:EBM0326,True,False,False
2026-03-02T15:00:00+00:00,2026-03-02T18:00:00+03:00,2026-03,EBM0326,2546.3926697400584,EPIAS_VEP:EBM0326,True,False,False
2026-03-02T16:00:00+00:00,2026-03-02T19:00:00+03:00,2026-03,EBM0326,2546.9177434288335,EPIAS_VEP:EBM0326,True,False,False
2026-03-02T17:00:00+00:00,2026-03-02T20:00:00+03:00,2026-03,EBM0326,2547.4480815876095,EPIAS_VEP:EBM0326,True,False,False
2026-03-02T18:00:00+00:00,2026-03-02T21:00:00+03:00,2026-03,EBM0326,2547.9780485053725,EPIAS_VEP:EBM0326,True,False,False
2026-03-02T19:00:00+00:00,2026-03-02T22:00:00+03:00,2026-03,EBM0326,2548.5027554360868,EPIAS_VEP:EBM0326,True,False,False
2026-03-02T20:00:00+00:00,2026-03-02T23:00:00+03:00,2026-03,EBM0326,2549.018007602003,EPIAS_VEP:EBM0326,True,False,False
2026-03-02T21:00:00+00:00,2026-03-03T00:00:00+03:00,2026-03,EBM0326,2549.5202517229636,EPIAS_VEP:EBM0326,True,False,False
2026-03-02T22:00:00+00:00,2026-03-03T01:00:00+03:00,2026-03,EBM0326,2550.00652449119,EPIAS_VEP:EBM0326,True,False,False
2026-03-02T23:00:00+00:00,2026-03-03T02:00:00+03:00,2026-03,EBM0326,2550.474402346867,EPIAS_VEP:EBM0326,True,False,False
2026-03-03T00:00:00+00:00,2026-03-03T03:00:00+03:00,2026-03,EBM0326,2550.9219528508675,EPIAS_VEP:EBM0326,True,False,False
2026-03-03T01:00:00+00:00,2026-03-03T04:00:00+03:00,2026-03,EBM0326,2551.3476878969677,EPIAS_VEP:EBM0326,True,False,False
2026-03-03T02:00:00+00:00,2026-03-03T05:00:00+03:00,2026-03,EBM0326,2551.7505189567946,EPIAS_VEP:EBM0326,True,False,False
2026-03-03T03:00:00+00:00,2026-03-03T06:00:00+03:00,2026-03,EBM0326,2552.129714506325,EPIAS_VEP:EBM0326,True,False,False
2026-03-03T04:00:00+00:00,2026-03-03T07:00:00+03:00,2026-03,EBM0326,2552.4848597427754,EPIAS_VEP:EBM0326,True,False,False
2026-03-03T05:00:00+00:00,2026-03-03T08:00:00+03:00,2026-03,EBM0326,2552.81581866505,EPIAS_VEP:EBM0326,True,False,False
2026-03-03T06:00:00+00:00,2026-03-03T09:00:00+03:00,2026-03,EBM0326,2553.122698559214,EPIAS_VEP:EBM0326,True,False,False
2026-03-03T07:00:00+00:00,2026-03-03T10:00:00+03:00,2026-03,EBM0326,2553.4058169026043,EPIAS_VEP:EBM0326,True,False,False
2026-03-03T08:00:00+00:00,2026-03-03T11:00:00+03:00,2026-03,EBM0326,2553.665670675839,EPIAS_VEP:EBM0326,True,False,False
2026-03-03T09:00:00+00:00,2026-03-03T12:00:00+03:00,2026-03,EBM0326,2553.9029080509845,EPIAS_VEP:EBM0326,True,False,False
2026-03-03T10:00:00+00:00,2026-03-03T13:00:00+03:00,2026-03,EBM0326,2554.1183024061756,EPIAS_VEP:EBM0326,True,False,False
2026-03-03T11:00:00+00:00,2026-03-03T14:00:00+03:00,2026-03,EBM0326,2554.3127286018794,EPIAS_VEP:EBM0326,True,False,False
2026-03-03T12:00:00+00:00,2026-03-03T15:00:00+03:00,2026-03,EBM0326,2554.487141441456,EPIAS_VEP:EBM0326,True,False,False
2026-03-03T13:00:00+00:00,2026-03-03T16:00:00+03:00,2026-03,EBM0326,2554.642556228543,EPIAS_VEP:EBM0326,True,False,False
2026-03-03T14:00:00+00:00,2026-03-03T17:00:00+03:00,2026-03,EBM0326,2554.7800313257712,EPIAS_VEP:EBM0326,True,False,False
2026-03-03T15:00:00+00:00,2026-03-03T18:00:00+03:00,2026-03,EBM0326,2554.900652613283,EPIAS_VEP:EBM0326,True,False,False
2026-03-03T16:00:00+00:00,2026-03-03T19:00:00+03:00,2026-03,EBM0326,2555.0055197412257,EPIAS_VEP:EBM0326,True,False,False
2026-03-03T17:00:00+00:00,2026-03-03T20:00:00+03:00,2026-03,EBM0326,2555.0957340676223,EPIAS_VEP:EBM0326,True,False,False
2026-03-03T18:00:00+00:00,2026-03-03T21:00:00+03:00,2026-03,EBM0326,2555.172388171659,EPIAS_VEP:EBM0326,True,False,False
2026-03-03T19:00:00+00:00,2026-03-03T22:00:00+03:00,2026-03,EBM0326,2555.2365568322507,EPIAS_VEP:EBM0326,True,False,False
2026-03-03T20:00:00+00:00,2026-03-03T23:00:00+03:00,2026-03,EBM0326,2555.2892893626317,EPIAS_VEP:EBM0326,True,False,False
2026-03-03T21:00:00+00:00,2026-03-04T00:00:00+03:00,2026-03,EBM0326,2555.3316031934887,EPIAS_VEP:EBM0326,True,False,False
2026-03-03T22:00:00+00:00,2026-03-04T01:00:00+03:00,2026-03,EBM0326,2555.3644785997108,EPIAS_VEP:EBM0326,True,False,False
2026-03-03T23:00:00+00:00,2026-03-04T02:00:00+03:00,2026-03,EBM0326,2555.388854469005,EPIAS_VEP:EBM0326,True,False,False
2026-03-04T00:00:00+00:00,2026-03-04T03:00:00+03:00,2026-03,EBM0326,2555.4056250143526,EPIAS_VEP:EBM0326,True,False,False
2026-03-04T01:00:00+00:00,2026-03-04T04:00:00+03:00,2026-03,EBM0326,2555.4156373364267,EPIAS_VEP:EBM0326,True,False,False
2026-03-04T02:00:00+00:00,2026-03-04T05:00:00+03:00,2026-03,EBM0326,2555.419689746534,EPIAS_VEP:EBM0326,True,False,False
2026-03-04T03:00:00+00:00,2026-03-04T06:00:00+03:00,2026-03,EBM0326,2555.4185307653843,EPIAS_VEP:EBM0326,True,False,False
2026-03-04T04:00:00+00:00,2026-03-04T07:00:00+03:00,2026-03,EBM0326,2555.412858717851,EPIAS_VEP:EBM0326,True,False,False
2026-03-04T05:00:00+00:00,2026-03-04T08:00:00+03:00,2026-03,EBM0326,2555.4033218488703,EPIAS_VEP:EBM0326,True,False,False
2026-03-04T06:00:00+00:00,2026-03-04T09:00:00+03:00,2026-03,EBM0326,2555.3905188906424,EPIAS_VEP:EBM0326,True,False,False
2026-03-04T07:00:00+00:00,2026-03-04T10:00:00+03:00,2026-03,EBM0326,2555.37500001632,EPIAS_VEP:EBM0326,True,False,False
2026-03-04T08:00:00+00:00,2026-03-04T11:00:00+03:00,2026-03,EBM0326,2555.3572681203023,EPIAS_VEP:EBM0326,True,False,False
2026-03-04T09:00:00+00:00,2026-03-04T12:00:00+03:00,2026-03,EBM0326,2555.3377803701237,EPIAS_VEP:EBM0326,True,False,False
2026-03-04T10:00:00+00:00,2026-03-04T13:00:00+03:00,2026-03,EBM0326,2555.316949979645,EPIAS_VEP:EBM0326,True,False,False
2026-03-04T11:00:00+00:00,2026-03-04T14:00:00+03:00,2026-03,EBM0326,2555.2951481578266,EPIAS_VEP:EBM0326,True,False,False
2026-03-04T12:00:00+00:00,2026-03-04T15:00:00+03:00,2026-03,EBM0326,2555.2727061917694,EPIAS_VEP:EBM0326,True,False,False
2026-03-04T13:00:00+00:00,2026-03-04T16:00:00+03:00,2026-03,EBM0326,2555.2499176268952,EPIAS_VEP:EBM0326,True,False,False
2026-03-04T14:00:00+00:00,2026-03-04T17:00:00+03:00,2026-03,EBM0326,2555.2270405111435,EPIAS_VEP:EBM0326,True,False,False
2026-03-04T15:00:00+00:00,2026-03-04T18:00:00+03:00,2026-03,EBM0326,2555.204299673828,EPIAS_VEP:EBM0326,True,False,False
2026-03-04T16:00:00+00:00,2026-03-04T19:00:00+03:00,2026-03,EBM0326,2555.181889013346,EPIAS_VEP:EBM0326,True,False,False
2026-03-04T17:00:00+00:00,2026-03-04T20:00:00+03:00,2026-03,EBM0326,2555.1599737712654,EPIAS_VEP:EBM0326,True,False,False
2026-03-04T18:00:00+00:00,2026-03-04T21:00:00+03:00,2026-03,EBM0326,2555.1386927733897,EPIAS_VEP:EBM0326,True,False,False
2026-03-04T19:00:00+00:00,2026-03-04T22:00:00+03:00,2026-03,EBM0326,2555.1181606212813,EPIAS_VEP:EBM0326,True,False,False
2026-03-04T20:00:00+00:00,2026-03-04T23:00:00+03:00,2026-03,EBM0326,2555.098469820361,EPIAS_VEP:EBM0326,True,False,False
2026-03-04T21:00:00+00:00,2026-03-05T00:00:00+03:00,2026-03,EBM0326,2555.0796928331233,EPIAS_VEP:EBM0326,True,False,False
2026-03-04T22:00:00+00:00,2026-03-05T01:00:00+03:00,2026-03,EBM0326,2555.0618840482184,EPIAS_VEP:EBM0326,True,False,False
2026-03-04T23:00:00+00:00,2026-03-05T02:00:00+03:00,2026-03,EBM0326,2555.045081658151,EPIAS_VEP:EBM0326,True,False,False
2026-03-05T00:00:00+00:00,2026-03-05T03:00:00+03:00,2026-03,EBM0326,2555.029309440157,EPIAS_VEP:EBM0326,True,False,False
2026-03-05T01:00:00+00:00,2026-03-05T04:00:00+03:00,2026-03,EBM0326,2555.0145784364427,EPIAS_VEP:EBM0326,True,False,False
2026-03-05T02:00:00+00:00,2026-03-05T05:00:00+03:00,2026-03,EBM0326,2555.000888531407,EPIAS_VEP:EBM0326,True,False,False
2026-03-05T03:00:00+00:00,2026-03-05T06:00:00+03:00,2026-03,EBM0326,2554.988229924742,EPIAS_VEP:EBM0326,True,False,False
2026-03-05T04:00:00+00:00,2026-03-05T07:00:00+03:00,2026-03,EBM0326,2554.976584500424,EPIAS_VEP:EBM0326,True,False,False
2026-03-05T05:00:00+00:00,2026-03-05T08:00:00+03:00,2026-03,EBM0326,2554.9659270925736,EPIAS_VEP:EBM0326,True,False,False
2026-03-05T06:00:00+00:00,2026-03-05T09:00:00+03:00,2026-03,EBM0326,2554.9562266499984,EPIAS_VEP:EBM0326,True,False,False
2026-03-05T07:00:00+00:00,2026-03-05T10:00:00+03:00,2026-03,EBM0326,2554.947447301933,EPIAS_VEP:EBM0326,True,False,False
2026-03-05T08:00:00+00:00,2026-03-05T11:00:00+03:00,2026-03,EBM0326,2554.9395493280845,EPIAS_VEP:EBM0326,True,False,False
2026-03-05T09:00:00+00:00,2026-03-05T12:00:00+03:00,2026-03,EBM0326,2554.9324900365623,EPIAS_VEP:EBM0326,True,False,False
2026-03-05T10:00:00+00:00,2026-03-05T13:00:00+03:00,2026-03,EBM0326,2554.9262245536806,EPIAS_VEP:EBM0326,True,False,False
2026-03-05T11:00:00+00:00,2026-03-05T14:00:00+03:00,2026-03,EBM0326,2554.9207065298856,EPIAS_VEP:EBM0326,True,False,False
2026-03-05T12:00:00+00:00,2026-03-05T15:00:00+03:00,2026-03,EBM0326,2554.9158887663043,EPIAS_VEP:EBM0326,True,False,False
2026-03-05T13:00:00+00:00,2026-03-05T16:00:00+03:00,2026-03,EBM0326,2554.9117237665487,EPIAS_VEP:EBM0326,True,False,False
2026-03-05T14:00:00+00:00,2026-03-05T17:00:00+03:00,2026-03,EBM0326,2554.9081642184906,EPIAS_VEP:EBM0326,True,False,False
2026-03-05T15:00:00+00:00,2026-03-05T18:00:00+03:00,2026-03,EBM0326,2554.9051634107614,EPIAS_VEP:EBM0326,True,False,False
2026-03-05T16:00:00+00:00,2026-03-05T19:00:00+03:00,2026-03,EBM0326,2554.90267558871,EPIAS_VEP:EBM0326,True,False,False
2026-03-05T17:00:00+00:00,2026-03-05T20:00:00+03:00,2026-03,EBM0326,2554.900656254479,EPIAS_VEP:EBM0326,True,False,False
2026-03-05T18:00:00+00:00,2026-03-05T21:00:00+03:00,2026-03,EBM0326,2554.899062415789,EPIAS_VEP:EBM0326,True,False,False
2026-03-05T19:00:00+00:00,2026-03-05T22:00:00+03:00,2026-03,EBM0326,2554.897852787873,EPIAS_VEP:EBM0326,True,False,False
2026-03-05T20:00:00+00:00,2026-03-05T23:00:00+03:00,2026-03,EBM0326,2554.8969879528595,EPIAS_VEP:EBM0326,True,False,False
2026-03-05T21:00:00+00:00,2026-03-06T00:00:00+03:00,2026-03,EBM0326,2554.8964304807346,EPIAS_VEP:EBM0326,True,False,False
2026-03-05T22:00:00+00:00,2026-03-06T01:00:00+03:00,2026-03,EBM0326,2554.8961450158254,EPIAS_VEP:EBM0326,True,False,False
2026-03-05T23:00:00+00:00,2026-03-06T02:00:00+03:00,2026-03,EBM0326,2554.896098332548,EPIAS_VEP:EBM0326,True,False,False
2026-03-06T00:00:00+00:00,2026-03-06T03:00:00+03:00,2026-03,EBM0326,2554.896259363953,EPIAS_VEP:EBM0326,True,False,False
2026-03-06T01:00:00+00:00,2026-03-06T04:00:00+03:00,2026-03,EBM0326,2554.896599206396,EPIAS_VEP:EBM0326,True,False,False
2026-03-06T02:00:00+00:00,2026-03-06T05:00:00+03:00,2026-03,EBM0326,2554.8970911034307,EPIAS_VEP:EBM0326,True,False,False
2026-03-06T03:00:00+00:00,2026-03-06T06:00:00+03:00,2026-03,EBM0326,2554.8977104118285,EPIAS_VEP:EBM0326,True,False,False
2026-03-06T04:00:00+00:00,2026-03-06T07:00:00+03:00,2026-03,EBM0326,2554.898434552385,EPIAS_VEP:EBM0326,True,False,False
2026-03-06T05:00:00+00:00,2026-03-06T08:00:00+03:00,2026-03,EBM0326,2554.8992429479945,EPIAS_VEP:EBM0326,True,False,False
2026-03-06T06:00:00+00:00,2026-03-06T09:00:00+03:00,2026-03,EBM0326,2554.9001169512317,EPIAS_VEP:EBM0326,True,False,False
2026-03-06T07:00:00+00:00,2026-03-06T10:00:00+03:00,2026-03,EBM0326,2554.901039763514,EPIAS_VEP:EBM0326,True,False,False
2026-03-06T08:00:00+00:00,2026-03-06T11:00:00+03:00,2026-03,EBM0326,2554.9019963477,EPIAS_VEP:EBM0326,True,False,False
2026-03-06T09:00:00+00:00,2026-03-06T12:00:00+03:00,2026-03,EBM0326,2554.902973335808,EPIAS_VEP:EBM0326,True,False,False
2026-03-06T10:00:00+00:00,2026-03-06T13:00:00+03:00,2026-03,EBM0326,2554.9039589333584,EPIAS_VEP:EBM0326,True,False,False
2026-03-06T11:00:00+00:00,2026-03-06T14:00:00+03:00,2026-03,EBM0326,2554.904942821676,EPIAS_VEP:EBM0326,True,False,False
2026-03-06T12:00:00+00:00,2026-03-06T15:00:00+03:00,2026-03,EBM0326,2554.905916059328,EPIAS_VEP:EBM0326,True,False,False
2026-03-06T13:00:00+00:00,2026-03-06T16:00:00+03:00,2026-03,EBM0326,2554.906870983736,EPIAS_VEP:EBM0326,True,False,False
2026-03-06T14:00:00+00:00,2026-03-06T17:00:00+03:00,2026-03,EBM0326,2554.907801113854,EPIAS_VEP:EBM0326,True,False,False
2026-03-06T15:00:00+00:00,2026-03-06T18:00:00+03:00,2026-03,EBM0326,2554.9087010546755,EPIAS_VEP:EBM0326,True,False,False
2026-03-06T16:00:00+00:00,2026-03-06T19:00:00+03:00,2026-03,EBM0326,2554.9095664042184,EPIAS_VEP:EBM0326,True,False,False
2026-03-06T17:00:00+00:00,2026-03-06T20:00:00+03:00,2026-03,EBM0326,2554.9103936635333,EPIAS_VEP:EBM0326,True,False,False
2026-03-06T18:00:00+00:00,2026-03-06T21:00:00+03:00,2026-03,EBM0326,2554.9111801501654,EPIAS_VEP:EBM0326,True,False,False
2026-03-06T19:00:00+00:00,2026-03-06T22:00:00+03:00,2026-03,EBM0326,2554.911923915433,EPIAS_VEP:EBM0326,True,False,False
2026-03-06T20:00:00+00:00,2026-03-06T23:00:00+03:00,2026-03,EBM0326,2554.9126236657758,EPIAS_VEP:EBM0326,True,False,False
2026-03-06T21:00:00+00:00,2026-03-07T00:00:00+03:00,2026-03,EBM0326,2554.913278688379,EPIAS_VEP:EBM0326,True,False,False
2026-03-06T22:00:00+00:00,2026-03-07T01:00:00+03:00,2026-03,EBM0326,2554.913888781198,EPIAS_VEP:EBM0326,True,False,False
2026-03-06T23:00:00+00:00,2026-03-07T02:00:00+03:00,2026-03,EBM0326,2554.914454187455,EPIAS_VEP:EBM0326,True,False,False
2026-03-07T00:00:00+00:00,2026-03-07T03:00:00+03:00,2026-03,EBM0326,2554.9149755346302,EPIAS_VEP:EBM0326,True,False,False
2026-03-07T01:00:00+00:00,2026-03-07T04:00:00+03:00,2026-03,EBM0326,2554.915453777921,EPIAS_VEP:EBM0326,True,False,False
2026-03-07T02:00:00+00:00,2026-03-07T05:00:00+03:00,2026-03,EBM0326,2554.915890148108,EPIAS_VEP:EBM0326,True,False,False
2026-03-07T03:00:00+00:00,2026-03-07T06:00:00+03:00,2026-03,EBM0326,2554.916286103732,EPIAS_VEP:EBM0326,True,False,False
2026-03-07T04:00:00+00:00,2026-03-07T07:00:00+03:00,2026-03,EBM0326,2554.9166432874554,EPIAS_VEP:EBM0326,True,False,False
2026-03-07T05:00:00+00:00,2026-03-07T08:00:00+03:00,2026-03,EBM0326,2554.9169634864666,EPIAS_VEP:EBM0326,True,False,False
2026-03-07T06:00:00+00:00,2026-03-07T09:00:00+03:00,2026-03,EBM0326,2554.9172485967633,EPIAS_VEP:EBM0326,True,False,False
2026-03-07T07:00:00+00:00,2026-03-07T10:00:00+03:00,2026-03,EBM0326,2554.917500591133,EPIAS_VEP:EBM0326,True,False,False
2026-03-07T08:00:00+00:00,2026-03-07T11:00:00+03:00,2026-03,EBM0326,2554.9177214906385,EPIAS_VEP:EBM0326,True,False,False
2026-03-07T09:00:00+00:00,2026-03-07T12:00:00+03:00,2026-03,EBM0326,2554.917913339421,EPIAS_VEP:EBM0326,True,False,False
2026-03-07T10:00:00+00:00,2026-03-07T13:00:00+03:00,2026-03,EBM0326,2554.9180781826103,EPIAS_VEP:EBM0326,True,False,False
2026-03-07T11:00:00+00:00,2026-03-07T14:00:00+03:00,2026-03,EBM0326,2554.918218047139,EPIAS_VEP:EBM0326,True,False,False
2026-03-07T12:00:00+00:00,2026-03-07T15:00:00+03:00,2026-03,EBM0326,2554.9183349252585,EPIAS_VEP:EBM0326,True,False,False
2026-03-07T13:00:00+00:00,2026-03-07T16:00:00+03:00,2026-03,EBM0326,2554.9184307605537,EPIAS_VEP:EBM0326,True,False,False
2026-03-07T14:00:00+00:00,2026-03-07T17:00:00+03:00,2026-03,EBM0326,2554.918507436253,EPIAS_VEP:EBM0326,True,False,False
2026-03-07T15:00:00+00:00,2026-03-07T18:00:00+03:00,2026-03,EBM0326,2554.9185667656457,EPIAS_VEP:EBM0326,True,False,False
2026-03-07T16:00:00+00:00,2026-03-07T19:00:00+03:00,2026-03,EBM0326,2554.918610484415,EPIAS_VEP:EBM0326,True,False,False
2026-03-07T17:00:00+00:00,2026-03-07T20:00:00+03:00,2026-03,EBM0326,2554.9186402447044,EPIAS_VEP:EBM0326,True,False,False
2026-03-07T18:00:00+00:00,2026-03-07T21:00:00+03:00,2026-03,EBM0326,2554.918657610747,EPIAS_VEP:EBM0326,True,False,False
2026-03-07T19:00:00+00:00,2026-03-07T22:00:00+03:00,2026-03,EBM0326,2554.9186640558887,EPIAS_VEP:EBM0326,True,False,False
2026-03-07T20:00:00+00:00,2026-03-07T23:00:00+03:00,2026-03,EBM0326,2554.91866096085,EPIAS_VEP:EBM0326,True,False,False
2026-03-07T21:00:00+00:00,2026-03-08T00:00:00+03:00,2026-03,EBM0326,2554.9186496130815,EPIAS_VEP:EBM0326,True,False,False
2026-03-07T22:00:00+00:00,2026-03-08T01:00:00+03:00,2026-03,EBM0326,2554.9186312070738,EPIAS_VEP:EBM0326,True,False,False
2026-03-07T23:00:00+00:00,2026-03-08T02:00:00+03:00,2026-03,EBM0326,2554.9186068454915,EPIAS_VEP:EBM0326,True,False,False
2026-03-08T00:00:00+00:00,2026-03-08T03:00:00+03:00,2026-03,EBM0326,2554.9185775410156,EPIAS_VEP:EBM0326,True,False,False
2026-03-08T01:00:00+00:00,2026-03-08T04:00:00+03:00,2026-03,EBM0326,2554.9185442187804,EPIAS_VEP:EBM0326,True,False,False
2026-03-08T02:00:00+00:00,2026-03-08T05:00:00+03:00,2026-03,EBM0326,2554.9185077193033,EPIAS_VEP:EBM0326,True,False,False
2026-03-08T03:00:00+00:00,2026-03-08T06:00:00+03:00,2026-03,EBM0326,2554.918468801818,EPIAS_VEP:EBM0326,True,False,False
2026-03-08T04:00:00+00:00,2026-03-08T07:00:00+03:00,2026-03,EBM0326,2554.918428147922,EPIAS_VEP:EBM0326,True,False,False
2026-03-08T05:00:00+00:00,2026-03-08T08:00:00+03:00,2026-03,EBM0326,2554.9183863654703,EPIAS_VEP:EBM0326,True,False,False
2026-03-08T06:00:00+00:00,2026-03-08T09:00:00+03:00,2026-03,EBM0326,2554.9183439926405,EPIAS_VEP:EBM0326,True,False,False
2026-03-08T07:00:00+00:00,2026-03-08T10:00:00+03:00,2026-03,EBM0326,2554.918301502109,EPIAS_VEP:EBM0326,True,False,False
2026-03-08T08:00:00+00:00,2026-03-08T11:00:00+03:00,2026-03,EBM0326,2554.918259305291,EPIAS_VEP:EBM0326,True,False,False
2026-03-08T09:00:00+00:00,2026-03-08T12:00:00+03:00,2026-03,EBM0326,2554.9182177565885,EPIAS_VEP:EBM0326,True,False,False
2026-03-08T10:00:00+00:00,2026-03-08T13:00:00+03:00,2026-03,EBM0326,2554.91817715761,EPIAS_VEP:EBM0326,True,False,False
2026-03-08T11:00:00+00:00,2026-03-08T14:00:00+03:00,2026-03,EBM0326,2554.918137761324,EPIAS_VEP:EBM0326,True,False,False
2026-03-08T12:00:00+00:00,2026-03-08T15:00:00+03:00,2026-03,EBM0326,2554.9180997761214,EPIAS_VEP:EBM0326,True,False,False
2026-03-08T13:00:00+00:00,2026-03-08T16:00:00+03:00,2026-03,EBM0326,2554.9180633697547,EPIAS_VEP:EBM0326,True,False,False
2026-03-08T14:00:00+00:00,2026-03-08T17:00:00+03:00,2026-03,EBM0326,2554.918028673135,EPIAS_VEP:EBM0326,True,False,False
2026-03-08T15:00:00+00:00,2026-03-08T18:00:00+03:00,2026-03,EBM0326,2554.9179957839706,EPIAS_VEP:EBM0326,True,False,False
2026-03-08T16:00:00+00:00,2026-03-08T19:00:00+03:00,2026-03,EBM0326,2554.91796477024,EPIAS_VEP:EBM0326,True,False,False
2026-03-08T17:00:00+00:00,2026-03-08T20:00:00+03:00,2026-03,EBM0326,2554.9179356734803,EPIAS_VEP:EBM0326,True,False,False
2026-03-08T18:00:00+00:00,2026-03-08T21:00:00+03:00,2026-03,EBM0326,2554.9179085118867,EPIAS_VEP:EBM0326,True,False,False
2026-03-08T19:00:00+00:00,2026-03-08T22:00:00+03:00,2026-03,EBM0326,2554.917883283224,EPIAS_VEP:EBM0326,True,False,False
2026-03-08T20:00:00+00:00,2026-03-08T23:00:00+03:00,2026-03,EBM0326,2554.9178599675424,EPIAS_VEP:EBM0326,True,False,False
2026-03-08T21:00:00+00:00,2026-03-09T00:00:00+03:00,2026-03,EBM0326,2554.917838529702,EPIAS_VEP:EBM0326,True,False,False
2026-03-08T22:00:00+00:00,2026-03-09T01:00:00+03:00,2026-03,EBM0326,2554.917818921702,EPIAS_VEP:EBM0326,True,False,False
2026-03-08T23:00:00+00:00,2026-03-09T02:00:00+03:00,2026-03,EBM0326,2554.9178010848245,EPIAS_VEP:EBM0326,True,False,False
2026-03-09T00:00:00+00:00,2026-03-09T03:00:00+03:00,2026-03,EBM0326,2554.9177849515972,EPIAS_VEP:EBM0326,True,False,False
2026-03-09T01:00:00+00:00,2026-03-09T04:00:00+03:00,2026-03,EBM0326,2554.9177704475755,EPIAS_VEP:EBM0326,True,False,False
2026-03-09T02:00:00+00:00,2026-03-09T05:00:00+03:00,2026-03,EBM0326,2554.9177574929554,EPIAS_VEP:EBM0326,True,False,False
2026-03-09T03:00:00+00:00,2026-03-09T06:00:00+03:00,2026-03,EBM0326,2554.9177460040264,EPIAS_VEP:EBM0326,True,False,False
2026-03-09T04:00:00+00:00,2026-03-09T07:00:00+03:00,2026-03,EBM0326,2554.9177358944644,EPIAS_VEP:EBM0326,True,False,False
2026-03-09T05:00:00+00:00,2026-03-09T08:00:00+03:00,2026-03,EBM0326,2554.917727076482,EPIAS_VEP:EBM0326,True,False,False
2026-03-09T06:00:00+00:00,2026-03-09T09:00:00+03:00,2026-03,EBM0326,2554.91771946184,EPIAS_VEP:EBM0326,True,False,False
2026-03-09T07:00:00+00:00,2026-03-09T10:00:00+03:00,2026-03,EBM0326,2554.917712962727,EPIAS_VEP:EBM0326,True,False,False
2026-03-09T08:00:00+00:00,2026-03-09T11:00:00+03:00,2026-03,EBM0326,2554.9177074925233,EPIAS_VEP:EBM0326,True,False,False
2026-03-09T09:00:00+00:00,2026-03-09T12:00:00+03:00,2026-03,EBM0326,2554.9177029664515,EPIAS_VEP:EBM0326,True,False,False
2026-03-09T10:00:00+00:00,2026-03-09T13:00:00+03:00,2026-03,EBM0326,2554.9176993021224,EPIAS_VEP:EBM0326,True,False,False
2026-03-09T11:00:00+00:00,2026-03-09T14:00:00+03:00,2026-03,EBM0326,2554.917696419986,EPIAS_VEP:EBM0326,True,False,False
2026-03-09T12:00:00+00:00,2026-03-09T15:00:00+03:00,2026-03,EBM0326,2554.917694243699,EPIAS_VEP:EBM0326,True,False,False
2026-03-09T13:00:00+00:00,2026-03-09T16:00:00+03:00,2026-03,EBM0326,2554.917692700415,EPIAS_VEP:EBM0326,True,False,False
2026-03-09T14:00:00+00:00,2026-03-09T17:00:00+03:00,2026-03,EBM0326,2554.917691721001,EPIAS_VEP:EBM0326,True,False,False
2026-03-09T15:00:00+00:00,2026-03-09T18:00:00+03:00,2026-03,EBM0326,2554.9176912401886,EPIAS_VEP:EBM0326,True,False,False
2026-03-09T16:00:00+00:00,2026-03-09T19:00:00+03:00,2026-03,EBM0326,2554.9176911966756,EPIAS_VEP:EBM0326,True,False,False
2026-03-09T17:00:00+00:00,2026-03-09T20:00:00+03:00,2026-03,EBM0326,2554.9176915331736,EPIAS_VEP:EBM0326,True,False,False
2026-03-09T18:00:00+00:00,2026-03-09T21:00:00+03:00,2026-03,EBM0326,2554.9176921964117,EPIAS_VEP:EBM0326,True,False,False
2026-03-09T19:00:00+00:00,2026-03-09T22:00:00+03:00,2026-03,EBM0326,2554.9176931371026,EPIAS_VEP:EBM0326,True,False,False
2026-03-09T20:00:00+00:00,2026-03-09T23:00:00+03:00,2026-03,EBM0326,2554.917694309877,EPIAS_VEP:EBM0326,True,False,False
2026-03-09T21:00:00+00:00,2026-03-10T00:00:00+03:00,2026-03,EBM0326,2554.9176956731885,EPIAS_VEP:EBM0326,True,False,False
2026-03-09T22:00:00+00:00,2026-03-10T01:00:00+03:00,2026-03,EBM0326,2554.9176971891975,EPIAS_VEP:EBM0326,True,False,False
2026-03-09T23:00:00+00:00,2026-03-10T02:00:00+03:00,2026-03,EBM0326,2554.9176988236336,EPIAS_VEP:EBM0326,True,False,False
2026-03-10T00:00:00+00:00,2026-03-10T03:00:00+03:00,2026-03,EBM0326,2554.9177005456463,EPIAS_VEP:EBM0326,True,False,False
2026-03-10T01:00:00+00:00,2026-03-10T04:00:00+03:00,2026-03,EBM0326,2554.917702327639,EPIAS_VEP:EBM0326,True,False,False
2026-03-10T02:00:00+00:00,2026-03-10T05:00:00+03:00,2026-03,EBM0326,2554.9177041450957,EPIAS_VEP:EBM0326,True,False,False
2026-03-10T03:00:00+00:00,2026-03-10T06:00:00+03:00,2026-03,EBM0326,2554.9177059764042,EPIAS_VEP:EBM0326,True,False,False
2026-03-10T04:00:00+00:00,2026-03-10T07:00:00+03:00,2026-03,EBM0326,2554.917707802674,EPIAS_VEP:EBM0326,True,False,False
2026-03-10T05:00:00+00:00,2026-03-10T08:00:00+03:00,2026-03,EBM0326,2554.9177096075555,EPIAS_VEP:EBM0326,True,False,False
2026-03-10T06:00:00+00:00,2026-03-10T09:00:00+03:00,2026-03,EBM0326,2554.917711377053,EPIAS_VEP:EBM0326,True,False,False
2026-03-10T07:00:00+00:00,2026-03-10T10:00:00+03:00,2026-03,EBM0326,2554.917713099346,EPIAS_VEP:EBM0326,True,False,False
2026-03-10T08:00:00+00:00,2026-03-10T11:00:00+03:00,2026-03,EBM0326,2554.917714764616,EPIAS_VEP:EBM0326,True,False,False
2026-03-10T09:00:00+00:00,2026-03-10T12:00:00+03:00,2026-03,EBM0326,2554.91771636487,EPIAS_VEP:EBM0326,True,False,False
2026-03-10T10:00:00+00:00,2026-03-10T13:00:00+03:00,2026-03,EBM0326,2554.917717893776,EPIAS_VEP:EBM0326,True,False,False
2026-03-10T11:00:00+00:00,2026-03-10T14:00:00+03:00,2026-03,EBM0326,2554.917719346503,EPIAS_VEP:EBM0326,True,False,False
2026-03-10T12:00:00+00:00,2026-03-10T15:00:00+03:00,2026-03,EBM0326,2554.9177207195658,EPIAS_VEP:EBM0326,True,False,False
2026-03-10T13:00:00+00:00,2026-03-10T16:00:00+03:00,2026-03,EBM0326,2554.917722010681,EPIAS_VEP:EBM0326,True,False,False
2026-03-10T14:00:00+00:00,2026-03-10T17:00:00+03:00,2026-03,EBM0326,2554.9177232186294,EPIAS_VEP:EBM0326,True,False,False
2026-03-10T15:00:00+00:00,2026-03-10T18:00:00+03:00,2026-03,EBM0326,2554.917724343128,EPIAS_VEP:EBM0326,True,False,False
2026-03-10T16:00:00+00:00,2026-03-10T19:00:00+03:00,2026-03,EBM0326,2554.9177253847083,EPIAS_VEP:EBM0326,True,False,False
2026-03-10T17:00:00+00:00,2026-03-10T20:00:00+03:00,2026-03,EBM0326,2554.9177263446054,EPIAS_VEP:EBM0326,True,False,False
2026-03-10T18:00:00+00:00,2026-03-10T21:00:00+03:00,2026-03,EBM0326,2554.917727224652,EPIAS_VEP:EBM0326,True,False,False
2026-03-10T19:00:00+00:00,2026-03-10T22:00:00+03:00,2026-03,EBM0326,2554.917728027182,EPIAS_VEP:EBM0326,True,False,False
2026-03-10T20:00:00+00:00,2026-03-10T23:00:00+03:00,2026-03,EBM0326,2554.9177287549437,EPIAS_VEP:EBM0326,True,False,False
2026-03-10T21:00:00+00:00,2026-03-11T00:00:00+03:00,2026-03,EBM0326,2554.9177294110204,EPIAS_VEP:EBM0326,True,False,False
2026-03-10T22:00:00+00:00,2026-03-11T01:00:00+03:00,2026-03,EBM0326,2554.9177299987555,EPIAS_VEP:EBM0326,True,False,False
2026-03-10T23:00:00+00:00,2026-03-11T02:00:00+03:00,2026-03,EBM0326,2554.9177305216876,EPIAS_VEP:EBM0326,True,False,False
2026-03-11T00:00:00+00:00,2026-03-11T03:00:00+03:00,2026-03,EBM0326,2554.9177309834945,EPIAS_VEP:EBM0326,True,False,False
2026-03-11T01:00:00+00:00,2026-03-11T04:00:00+03:00,2026-03,EBM0326,2554.9177313879386,EPIAS_VEP:EBM0326,True,False,False
2026-03-11T02:00:00+00:00,2026-03-11T05:00:00+03:00,2026-03,EBM0326,2554.917731738821,EPIAS_VEP:EBM0326,True,False,False
2026-03-11T03:00:00+00:00,2026-03-11T06:00:00+03:00,2026-03,EBM0326,2554.9177320399417,EPIAS_VEP:EBM0326,True,False,False
2026-03-11T04:00:00+00:00,2026-03-11T07:00:00+03:00,2026-03,EBM0326,2554.9177322950627,EPIAS_VEP:EBM0326,True,False,False
2026-03-11T05:00:00+00:00,2026-03-11T08:00:00+03:00,2026-03,EBM0326,2554.917732507879,EPIAS_VEP:EBM0326,True,False,False
2026-03-11T06:00:00+00:00,2026-03-11T09:00:00+03:00,2026-03,EBM0326,2554.9177326819918,EPIAS_VEP:EBM0326,True,False,False
2026-03-11T07:00:00+00:00,2026-03-11T10:00:00+03:00,2026-03,EBM0326,2554.9177328208875,EPIAS_VEP:EBM0326,True,False,False
2026-03-11T08:00:00+00:00,2026-03-11T11:00:00+03:00,2026-03,EBM0326,2554.9177329279205,EPIAS_VEP:EBM0326,True,False,False
2026-03-11T09:00:00+00:00,2026-03-11T12:00:00+03:00,2026-03,EBM0326,2554.9177330062994,EPIAS_VEP:EBM0326,True,False,False
2026-03-11T10:00:00+00:00,2026-03-11T13:00:00+03:00,2026-03,EBM0326,2554.917733059077,EPIAS_VEP:EBM0326,True,False,False
2026-03-11T11:00:00+00:00,2026-03-11T14:00:00+03:00,2026-03,EBM0326,2554.9177330891425,EPIAS_VEP:EBM0326,True,False,False
2026-03-11T12:00:00+00:00,2026-03-11T15:00:00+03:00,2026-03,EBM0326,2554.917733099216,EPIAS_VEP:EBM0326,True,False,False
2026-03-11T13:00:00+00:00,2026-03-11T16:00:00+03:00,2026-03,EBM0326,2554.917733091845,EPIAS_VEP:EBM0326,True,False,False
2026-03-11T14:00:00+00:00,2026-03-11T17:00:00+03:00,2026-03,EBM0326,2554.917733069402,EPIAS_VEP:EBM0326,True,False,False
2026-03-11T15:00:00+00:00,2026-03-11T18:00:00+03:00,2026-03,EBM0326,2554.917733034087,EPIAS_VEP:EBM0326,True,False,False
2026-03-11T16:00:00+00:00,2026-03-11T19:00:00+03:00,2026-03,EBM0326,2554.9177329879312,EPIAS_VEP:EBM0326,True,False,False
2026-03-11T17:00:00+00:00,2026-03-11T20:00:00+03:00,2026-03,EBM0326,2554.9177329327968,EPIAS_VEP:EBM0326,True,False,False
2026-03-11T18:00:00+00:00,2026-03-11T21:00:00+03:00,2026-03,EBM0326,2554.917732870383,EPIAS_VEP:EBM0326,True,False,False
2026-03-11T19:00:00+00:00,2026-03-11T22:00:00+03:00,2026-03,EBM0326,2554.9177328022347,EPIAS_VEP:EBM0326,True,False,False
2026-03-11T20:00:00+00:00,2026-03-11T23:00:00+03:00,2026-03,EBM0326,2554.9177327297434,EPIAS_VEP:EBM0326,True,False,False
2026-03-11T21:00:00+00:00,2026-03-12T00:00:00+03:00,2026-03,EBM0326,2554.9177326541585,EPIAS_VEP:EBM0326,True,False,False
2026-03-11T22:00:00+00:00,2026-03-12T01:00:00+03:00,2026-03,EBM0326,2554.9177325765927,EPIAS_VEP:EBM0326,True,False,False
2026-03-11T23:00:00+00:00,2026-03-12T02:00:00+03:00,2026-03,EBM0326,2554.9177324980305,EPIAS_VEP:EBM0326,True,False,False
2026-03-12T00:00:00+00:00,2026-03-12T03:00:00+03:00,2026-03,EBM0326,2554.9177324193365,EPIAS_VEP:EBM0326,True,False,False
2026-03-12T01:00:00+00:00,2026-03-12T04:00:00+03:00,2026-03,EBM0326,2554.917732341261,EPIAS_VEP:EBM0326,True,False,False
2026-03-12T02:00:00+00:00,2026-03-12T05:00:00+03:00,2026-03,EBM0326,2554.91773226445,EPIAS_VEP:EBM0326,True,False,False
2026-03-12T03:00:00+00:00,2026-03-12T06:00:00+03:00,2026-03,EBM0326,2554.917732189452,EPIAS_VEP:EBM0326,True,False,False
2026-03-12T04:00:00+00:00,2026-03-12T07:00:00+03:00,2026-03,EBM0326,2554.917732116725,EPIAS_VEP:EBM0326,True,False,False
2026-03-12T05:00:00+00:00,2026-03-12T08:00:00+03:00,2026-03,EBM0326,2554.917732046644,EPIAS_VEP:EBM0326,True,False,False
2026-03-12T06:00:00+00:00,2026-03-12T09:00:00+03:00,2026-03,EBM0326,2554.91773197951,EPIAS_VEP:EBM0326,True,False,False
2026-03-12T07:00:00+00:00,2026-03-12T10:00:00+03:00,2026-03,EBM0326,2554.9177319155547,EPIAS_VEP:EBM0326,True,False,False
2026-03-12T08:00:00+00:00,2026-03-12T11:00:00+03:00,2026-03,EBM0326,2554.91773185495,EPIAS_VEP:EBM0326,True,False,False
2026-03-12T09:00:00+00:00,2026-03-12T12:00:00+03:00,2026-03,EBM0326,2554.9177317978138,EPIAS_VEP:EBM0326,True,False,False
2026-03-12T10:00:00+00:00,2026-03-12T13:00:00+03:00,2026-03,EBM0326,2554.9177317442163,EPIAS_VEP:EBM0326,True,False,False
2026-03-12T11:00:00+00:00,2026-03-12T14:00:00+03:00,2026-03,EBM0326,2554.9177316941905,EPIAS_VEP:EBM0326,True,False,False
2026-03-12T12:00:00+00:00,2026-03-12T15:00:00+03:00,2026-03,EBM0326,2554.9177316477303,EPIAS_VEP:EBM0326,True,False,False
2026-03-12T13:00:00+00:00,2026-03-12T16:00:00+03:00,2026-03,EBM0326,2554.9177316047976,EPIAS_VEP:EBM0326,True,False,False
2026-03-12T14:00:00+00:00,2026-03-12T17:00:00+03:00,2026-03,EBM0326,2554.9177315653274,EPIAS_VEP:EBM0326,True,False,False
2026-03-12T15:00:00+00:00,2026-03-12T18:00:00+03:00,2026-03,EBM0326,2554.9177315292304,EPIAS_VEP:EBM0326,True,False,False
2026-03-12T16:00:00+00:00,2026-03-12T19:00:00+03:00,2026-03,EBM0326,2554.9177314963977,EPIAS_VEP:EBM0326,True,False,False
2026-03-12T17:00:00+00:00,2026-03-12T20:00:00+03:00,2026-03,EBM0326,2554.9177314667036,EPIAS_VEP:EBM0326,True,False,False
2026-03-12T18:00:00+00:00,2026-03-12T21:00:00+03:00,2026-03,EBM0326,2554.917731440009,EPIAS_VEP:EBM0326,True,False,False
2026-03-12T19:00:00+00:00,2026-03-12T22:00:00+03:00,2026-03,EBM0326,2554.9177314161648,EPIAS_VEP:EBM0326,True,False,False
2026-03-12T20:00:00+00:00,2026-03-12T23:00:00+03:00,2026-03,EBM0326,2554.9177313950177,EPIAS_VEP:EBM0326,True,False,False
2026-03-12T21:00:00+00:00,2026-03-13T00:00:00+03:00,2026-03,EBM0326,2554.917731376407,EPIAS_VEP:EBM0326,True,False,False
2026-03-12T22:00:00+00:00,2026-03-13T01:00:00+03:00,2026-03,EBM0326,2554.9177313601726,EPIAS_VEP:EBM0326,True,False,False
2026-03-12T23:00:00+00:00,2026-03-13T02:00:00+03:00,2026-03,EBM0326,2554.9177313461505,EPIAS_VEP:EBM0326,True,False,False
2026-03-13T00:00:00+00:00,2026-03-13T03:00:00+03:00,2026-03,EBM0326,2554.91773133418,EPIAS_VEP:EBM0326,True,False,False
2026-03-13T01:00:00+00:00,2026-03-13T04:00:00+03:00,2026-03,EBM0326,2554.9177313241016,EPIAS_VEP:EBM0326,True,False,False
2026-03-13T02:00:00+00:00,2026-03-13T05:00:00+03:00,2026-03,EBM0326,2554.917731315758,EPIAS_VEP:EBM0326,True,False,False
2026-03-13T03:00:00+00:00,2026-03-13T06:00:00+03:00,2026-03,EBM0326,2554.917731308998,EPIAS_VEP:EBM0326,True,False,False
2026-03-13T04:00:00+00:00,2026-03-13T07:00:00+03:00,2026-03,EBM0326,2554.917731303676,EPIAS_VEP:EBM0326,True,False,False
2026-03-13T05:00:00+00:00,2026-03-13T08:00:00+03:00,2026-03,EBM0326,2554.917731299651,EPIAS_VEP:EBM0326,True,False,False
2026-03-13T06:00:00+00:00,2026-03-13T09:00:00+03:00,2026-03,EBM0326,2554.917731296789,EPIAS_VEP:EBM0326,True,False,False
2026-03-13T07:00:00+00:00,2026-03-13T10:00:00+03:00,2026-03,EBM0326,2554.9177312949623,EPIAS_VEP:EBM0326,True,False,False
2026-03-13T08:00:00+00:00,2026-03-13T11:00:00+03:00,2026-03,EBM0326,2554.9177312940506,EPIAS_VEP:EBM0326,True,False,False
2026-03-13T09:00:00+00:00,2026-03-13T12:00:00+03:00,2026-03,EBM0326,2554.9177312939405,EPIAS_VEP:EBM0326,True,False,False
2026-03-13T10:00:00+00:00,2026-03-13T13:00:00+03:00,2026-03,EBM0326,2554.917731294526,EPIAS_VEP:EBM0326,True,False,False
2026-03-13T11:00:00+00:00,2026-03-13T14:00:00+03:00,2026-03,EBM0326,2554.9177312957117,EPIAS_VEP:EBM0326,True,False,False
2026-03-13T12:00:00+00:00,2026-03-13T15:00:00+03:00,2026-03,EBM0326,2554.917731297407,EPIAS_VEP:EBM0326,True,False,False
2026-03-13T13:00:00+00:00,2026-03-13T16:00:00+03:00,2026-03,EBM0326,2554.917731299529,EPIAS_VEP:EBM0326,True,False,False
2026-03-13T14:00:00+00:00,2026-03-13T17:00:00+03:00,2026-03,EBM0326,2554.917731302002,EPIAS_VEP:EBM0326,True,False,False
2026-03-13T15:00:00+00:00,2026-03-13T18:00:00+03:00,2026-03,EBM0326,2554.917731304757,EPIAS_VEP:EBM0326,True,False,False
2026-03-13T16:00:00+00:00,2026-03-13T19:00:00+03:00,2026-03,EBM0326,2554.917731307733,EPIAS_VEP:EBM0326,True,False,False
2026-03-13T17:00:00+00:00,2026-03-13T20:00:00+03:00,2026-03,EBM0326,2554.9177313108726,EPIAS_VEP:EBM0326,True,False,False
2026-03-13T18:00:00+00:00,2026-03-13T21:00:00+03:00,2026-03,EBM0326,2554.917731314127,EPIAS_VEP:EBM0326,True,False,False
2026-03-13T19:00:00+00:00,2026-03-13T22:00:00+03:00,2026-03,EBM0326,2554.9177313174523,EPIAS_VEP:EBM0326,True,False,False
2026-03-13T20:00:00+00:00,2026-03-13T23:00:00+03:00,2026-03,EBM0326,2554.9177313208115,EPIAS_VEP:EBM0326,True,False,False
2026-03-13T21:00:00+00:00,2026-03-14T00:00:00+03:00,2026-03,EBM0326,2554.917731324172,EPIAS_VEP:EBM0326,True,False,False
2026-03-13T22:00:00+00:00,2026-03-14T01:00:00+03:00,2026-03,EBM0326,2554.9177313275063,EPIAS_VEP:EBM0326,True,False,False
2026-03-13T23:00:00+00:00,2026-03-14T02:00:00+03:00,2026-03,EBM0326,2554.9177313307896,EPIAS_VEP:EBM0326,True,False,False
2026-03-14T00:00:00+00:00,2026-03-14T03:00:00+03:00,2026-03,EBM0326,2554.917731334,EPIAS_VEP:EBM0326,True,False,False
2026-03-14T01:00:00+00:00,2026-03-14T04:00:00+03:00,2026-03,EBM0326,2554.9177313371206,EPIAS_VEP:EBM0326,True,False,False
2026-03-14T02:00:00+00:00,2026-03-14T05:00:00+03:00,2026-03,EBM0326,2554.9177313401356,EPIAS_VEP:EBM0326,True,False,False
2026-03-14T03:00:00+00:00,2026-03-14T06:00:00+03:00,2026-03,EBM0326,2554.917731343033,EPIAS_VEP:EBM0326,True,False,False
2026-03-14T04:00:00+00:00,2026-03-14T07:00:00+03:00,2026-03,EBM0326,2554.9177313458035,EPIAS_VEP:EBM0326,True,False,False
2026-03-14T05:00:00+00:00,2026-03-14T08:00:00+03:00,2026-03,EBM0326,2554.917731348439,EPIAS_VEP:EBM0326,True,False,False
2026-03-14T06:00:00+00:00,2026-03-14T09:00:00+03:00,2026-03,EBM0326,2554.9177313509344,EPIAS_VEP:EBM0326,True,False,False
2026-03-14T07:00:00+00:00,2026-03-14T10:00:00+03:00,2026-03,EBM0326,2554.917731353286,EPIAS_VEP:EBM0326,True,False,False
2026-03-14T08:00:00+00:00,2026-03-14T11:00:00+03:00,2026-03,EBM0326,2554.9177313554906,EPIAS_VEP:EBM0326,True,False,False
2026-03-14T09:00:00+00:00,2026-03-14T12:00:00+03:00,2026-03,EBM0326,2554.917731357547,EPIAS_VEP:EBM0326,True,False,False
2026-03-14T10:00:00+00:00,2026-03-14T13:00:00+03:00,2026-03,EBM0326,2554.917731359455,EPIAS_VEP:EBM0326,True,False,False
2026-03-14T11:00:00+00:00,2026-03-14T14:00:00+03:00,2026-03,EBM0326,2554.917731361216,EPIAS_VEP:EBM0326,True,False,False
2026-03-14T12:00:00+00:00,2026-03-14T15:00:00+03:00,2026-03,EBM0326,2554.917731362832,EPIAS_VEP:EBM0326,True,False,False
2026-03-14T13:00:00+00:00,2026-03-14T16:00:00+03:00,2026-03,EBM0326,2554.9177313643077,EPIAS_VEP:EBM0326,True,False,False
2026-03-14T14:00:00+00:00,2026-03-14T17:00:00+03:00,2026-03,EBM0326,2554.917731365649,EPIAS_VEP:EBM0326,True,False,False
2026-03-14T15:00:00+00:00,2026-03-14T18:00:00+03:00,2026-03,EBM0326,2554.917731366863,EPIAS_VEP:EBM0326,True,False,False
2026-03-14T16:00:00+00:00,2026-03-14T19:00:00+03:00,2026-03,EBM0326,2554.917731367955,EPIAS_VEP:EBM0326,True,False,False
2026-03-14T17:00:00+00:00,2026-03-14T20:00:00+03:00,2026-03,EBM0326,2554.917731368933,EPIAS_VEP:EBM0326,True,False,False
2026-03-14T18:00:00+00:00,2026-03-14T21:00:00+03:00,2026-03,EBM0326,2554.917731369803,EPIAS_VEP:EBM0326,True,False,False
2026-03-14T19:00:00+00:00,2026-03-14T22:00:00+03:00,2026-03,EBM0326,2554.9177313705704,EPIAS_VEP:EBM0326,True,False,False
2026-03-14T20:00:00+00:00,2026-03-14T23:00:00+03:00,2026-03,EBM0326,2554.9177313712426,EPIAS_VEP:EBM0326,True,False,False
2026-03-14T21:00:00+00:00,2026-03-15T00:00:00+03:00,2026-03,EBM0326,2554.917731371825,EPIAS_VEP:EBM0326,True,False,False
2026-03-14T22:00:00+00:00,2026-03-15T01:00:00+03:00,2026-03,EBM0326,2554.917731372323,EPIAS_VEP:EBM0326,True,False,False
2026-03-14T23:00:00+00:00,2026-03-15T02:00:00+03:00,2026-03,EBM0326,2554.9177313727423,EPIAS_VEP:EBM0326,True,False,False
2026-03-15T00:00:00+00:00,2026-03-15T03:00:00+03:00,2026-03,EBM0326,2554.917731373088,EPIAS_VEP:EBM0326,True,False,False
2026-03-15T01:00:00+00:00,2026-03-15T04:00:00+03:00,2026-03,EBM0326,2554.9177313733658,EPIAS_VEP:EBM0326,True,False,False
2026-03-15T02:00:00+00:00,2026-03-15T05:00:00+03:00,2026-03,EBM0326,2554.9177313735804,EPIAS_VEP:EBM0326,True,False,False
2026-03-15T03:00:00+00:00,2026-03-15T06:00:00+03:00,2026-03,EBM0326,2554.917731373737,EPIAS_VEP:EBM0326,True,False,False
2026-03-15T04:00:00+00:00,2026-03-15T07:00:00+03:00,2026-03,EBM0326,2554.917731373838,EPIAS_VEP:EBM0326,True,False,False
2026-03-15T05:00:00+00:00,2026-03-15T08:00:00+03:00,2026-03,EBM0326,2554.917731373889,EPIAS_VEP:EBM0326,True,False,False
2026-03-15T06:00:00+00:00,2026-03-15T09:00:00+03:00,2026-03,EBM0326,2554.9177313738946,EPIAS_VEP:EBM0326,True,False,False
2026-03-15T07:00:00+00:00,2026-03-15T10:00:00+03:00,2026-03,EBM0326,2554.9177313738605,EPIAS_VEP:EBM0326,True,False,False
2026-03-15T08:00:00+00:00,2026-03-15T11:00:00+03:00,2026-03,EBM0326,2554.9177313737923,EPIAS_VEP:EBM0326,True,False,False
2026-03-15T09:00:00+00:00,2026-03-15T12:00:00+03:00,2026-03,EBM0326,2554.917731373694,EPIAS_VEP:EBM0326,True,False,False
2026-03-15T10:00:00+00:00,2026-03-15T13:00:00+03:00,2026-03,EBM0326,2554.91773137357,EPIAS_VEP:EBM0326,True,False,False
2026-03-15T11:00:00+00:00,2026-03-15T14:00:00+03:00,2026-03,EBM0326,2554.917731373424,EPIAS_VEP:EBM0326,True,False,False
2026-03-15T12:00:00+00:00,2026-03-15T15:00:00+03:00,2026-03,EBM0326,2554.9177313732607,EPIAS_VEP:EBM0326,True,False,False
2026-03-15T13:00:00+00:00,2026-03-15T16:00:00+03:00,2026-03,EBM0326,2554.917731373084,EPIAS_VEP:EBM0326,True,False,False
2026-03-15T14:00:00+00:00,2026-03-15T17:00:00+03:00,2026-03,EBM0326,2554.9177313728965,EPIAS_VEP:EBM0326,True,False,False
2026-03-15T15:00:00+00:00,2026-03-15T18:00:00+03:00,2026-03,EBM0326,2554.9177313727037,EPIAS_VEP:EBM0326,True,False,False
2026-03-15T16:00:00+00:00,2026-03-15T19:00:00+03:00,2026-03,EBM0326,2554.917731372509,EPIAS_VEP:EBM0326,True,False,False
2026-03-15T17:00:00+00:00,2026-03-15T20:00:00+03:00,2026-03,EBM0326,2554.917731372315,EPIAS_VEP:EBM0326,True,False,False
2026-03-15T18:00:00+00:00,2026-03-15T21:00:00+03:00,2026-03,EBM0326,2554.917731372123,EPIAS_VEP:EBM0326,True,False,False
2026-03-15T19:00:00+00:00,2026-03-15T22:00:00+03:00,2026-03,EBM0326,2554.917731371934,EPIAS_VEP:EBM0326,True,False,False
2026-03-15T20:00:00+00:00,2026-03-15T23:00:00+03:00,2026-03,EBM0326,2554.9177313717505,EPIAS_VEP:EBM0326,True,False,False
2026-03-15T21:00:00+00:00,2026-03-16T00:00:00+03:00,2026-03,EBM0326,2554.917731371573,EPIAS_VEP:EBM0326,True,False,False
2026-03-15T22:00:00+00:00,2026-03-16T01:00:00+03:00,2026-03,EBM0326,2554.9177313714026,EPIAS_VEP:EBM0326,True,False,False
2026-03-15T23:00:00+00:00,2026-03-16T02:00:00+03:00,2026-03,EBM0326,2554.9177313712394,EPIAS_VEP:EBM0326,True,False,False
2026-03-16T00:00:00+00:00,2026-03-16T03:00:00+03:00,2026-03,EBM0326,2554.917731371084,EPIAS_VEP:EBM0326,True,False,False
2026-03-16T01:00:00+00:00,2026-03-16T04:00:00+03:00,2026-03,EBM0326,2554.9177313709383,EPIAS_VEP:EBM0326,True,False,False
2026-03-16T02:00:00+00:00,2026-03-16T05:00:00+03:00,2026-03,EBM0326,2554.917731370803,EPIAS_VEP:EBM0326,True,False,False
2026-03-16T03:00:00+00:00,2026-03-16T06:00:00+03:00,2026-03,EBM0326,2554.917731370678,EPIAS_VEP:EBM0326,True,False,False
2026-03-16T04:00:00+00:00,2026-03-16T07:00:00+03:00,2026-03,EBM0326,2554.917731370564,EPIAS_VEP:EBM0326,True,False,False
2026-03-16T05:00:00+00:00,2026-03-16T08:00:00+03:00,2026-03,EBM0326,2554.9177313704595,EPIAS_VEP:EBM0326,True,False,False
2026-03-16T06:00:00+00:00,2026-03-16T09:00:00+03:00,2026-03,EBM0326,2554.917731370365,EPIAS_VEP:EBM0326,True,False,False
2026-03-16T07:00:00+00:00,2026-03-16T10:00:00+03:00,2026-03,EBM0326,2554.91773137028,EPIAS_VEP:EBM0326,True,False,False
2026-03-16T08:00:00+00:00,2026-03-16T11:00:00+03:00,2026-03,EBM0326,2554.9177313702035,EPIAS_VEP:EBM0326,True,False,False
2026-03-16T09:00:00+00:00,2026-03-16T12:00:00+03:00,2026-03,EBM0326,2554.917731370134,EPIAS_VEP:EBM0326,True,False,False
2026-03-16T10:00:00+00:00,2026-03-16T13:00:00+03:00,2026-03,EBM0326,2554.917731370071,EPIAS_VEP:EBM0326,True,False,False
2026-03-16T11:00:00+00:00,2026-03-16T14:00:00+03:00,2026-03,EBM0326,2554.917731370014,EPIAS_VEP:EBM0326,True,False,False
2026-03-16T12:00:00+00:00,2026-03-16T15:00:00+03:00,2026-03,EBM0326,2554.91773136996,EPIAS_VEP:EBM0326,True,False,False
2026-03-16T13:00:00+00:00,2026-03-16T16:00:00+03:00,2026-03,EBM0326,2554.917731369908,EPIAS_VEP:EBM0326,True,False,False
2026-03-16T14:00:00+00:00,2026-03-16T17:00:00+03:00,2026-03,EBM0326,2554.9177313698574,EPIAS_VEP:EBM0326,True,False,False
2026-03-16T15:00:00+00:00,2026-03-16T18:00:00+03:00,2026-03,EBM0326,2554.917731369809,EPIAS_VEP:EBM0326,True,False,False
2026-03-16T16:00:00+00:00,2026-03-16T19:00:00+03:00,2026-03,EBM0326,2554.917731369765,EPIAS_VEP:EBM0326,True,False,False
2026-03-16T17:00:00+00:00,2026-03-16T20:00:00+03:00,2026-03,EBM0326,2554.9177313697255,EPIAS_VEP:EBM0326,True,False,False
2026-03-16T18:00:00+00:00,2026-03-16T21:00:00+03:00,2026-03,EBM0326,2554.917731369693,EPIAS_VEP:EBM0326,True,False,False
2026-03-16T19:00:00+00:00,2026-03-16T22:00:00+03:00,2026-03,EBM0326,2554.917731369666,EPIAS_VEP:EBM0326,True,False,False
2026-03-16T20:00:00+00:00,2026-03-16T23:00:00+03:00,2026-03,EBM0326,2554.9177313696446,EPIAS_VEP:EBM0326,True,False,False
2026-03-16T21:00:00+00:00,2026-03-17T00:00:00+03:00,2026-03,EBM0326,2554.917731369629,EPIAS_VEP:EBM0326,True,False,False
2026-03-16T22:00:00+00:00,2026-03-17T01:00:00+03:00,2026-03,EBM0326,2554.917731369619,EPIAS_VEP:EBM0326,True,False,False
2026-03-16T23:00:00+00:00,2026-03-17T02:00:00+03:00,2026-03,EBM0326,2554.917731369615,EPIAS_VEP:EBM0326,True,False,False
2026-03-17T00:00:00+00:00,2026-03-17T03:00:00+03:00,2026-03,EBM0326,2554.917731369617,EPIAS_VEP:EBM0326,True,False,False
2026-03-17T01:00:00+00:00,2026-03-17T04:00:00+03:00,2026-03,EBM0326,2554.917731369623,EPIAS_VEP:EBM0326,True,False,False
2026-03-17T02:00:00+00:00,2026-03-17T05:00:00+03:00,2026-03,EBM0326,2554.9177313696337,EPIAS_VEP:EBM0326,True,False,False
2026-03-17T03:00:00+00:00,2026-03-17T06:00:00+03:00,2026-03,EBM0326,2554.9177313696487,EPIAS_VEP:EBM0326,True,False,False
2026-03-17T04:00:00+00:00,2026-03-17T07:00:00+03:00,2026-03,EBM0326,2554.9177313696678,EPIAS_VEP:EBM0326,True,False,False
2026-03-17T05:00:00+00:00,2026-03-17T08:00:00+03:00,2026-03,EBM0326,2554.91773136969,EPIAS_VEP:EBM0326,True,False,False
2026-03-17T06:00:00+00:00,2026-03-17T09:00:00+03:00,2026-03,EBM0326,2554.9177313697137,EPIAS_VEP:EBM0326,True,False,False
2026-03-17T07:00:00+00:00,2026-03-17T10:00:00+03:00,2026-03,EBM0326,2554.917731369737,EPIAS_VEP:EBM0326,True,False,False
2026-03-17T08:00:00+00:00,2026-03-17T11:00:00+03:00,2026-03,EBM0326,2554.917731369758,EPIAS_VEP:EBM0326,True,False,False
2026-03-17T09:00:00+00:00,2026-03-17T12:00:00+03:00,2026-03,EBM0326,2554.917731369774,EPIAS_VEP:EBM0326,True,False,False
2026-03-17T10:00:00+00:00,2026-03-17T13:00:00+03:00,2026-03,EBM0326,2554.917731369786,EPIAS_VEP:EBM0326,True,False,False
2026-03-17T11:00:00+00:00,2026-03-17T14:00:00+03:00,2026-03,EBM0326,2554.917731369793,EPIAS_VEP:EBM0326,True,False,False
2026-03-17T12:00:00+00:00,2026-03-17T15:00:00+03:00,2026-03,EBM0326,2554.9177313697946,EPIAS_VEP:EBM0326,True,False,False
2026-03-17T13:00:00+00:00,2026-03-17T16:00:00+03:00,2026-03,EBM0326,2554.9177313697896,EPIAS_VEP:EBM0326,True,False,False
2026-03-17T14:00:00+00:00,2026-03-17T17:00:00+03:00,2026-03,EBM0326,2554.9177313697783,EPIAS_VEP:EBM0326,True,False,False
2026-03-17T15:00:00+00:00,2026-03-17T18:00:00+03:00,2026-03,EBM0326,2554.9177313697596,EPIAS_VEP:EBM0326,True,False,False
2026-03-17T16:00:00+00:00,2026-03-17T19:00:00+03:00,2026-03,EBM0326,2554.9177313697332,EPIAS_VEP:EBM0326,True,False,False
2026-03-17T17:00:00+00:00,2026-03-17T20:00:00+03:00,2026-03,EBM0326,2554.917731369699,EPIAS_VEP:EBM0326,True,False,False
2026-03-17T18:00:00+00:00,2026-03-17T21:00:00+03:00,2026-03,EBM0326,2554.9177313696578,EPIAS_VEP:EBM0326,True,False,False
2026-03-17T19:00:00+00:00,2026-03-17T22:00:00+03:00,2026-03,EBM0326,2554.91773136961,EPIAS_VEP:EBM0326,True,False,False
2026-03-17T20:00:00+00:00,2026-03-17T23:00:00+03:00,2026-03,EBM0326,2554.917731369556,EPIAS_VEP:EBM0326,True,False,False
2026-03-17T21:00:00+00:00,2026-03-18T00:00:00+03:00,2026-03,EBM0326,2554.9177313694977,EPIAS_VEP:EBM0326,True,False,False
2026-03-17T22:00:00+00:00,2026-03-18T01:00:00+03:00,2026-03,EBM0326,2554.9177313694377,EPIAS_VEP:EBM0326,True,False,False
2026-03-17T23:00:00+00:00,2026-03-18T02:00:00+03:00,2026-03,EBM0326,2554.91773136938,EPIAS_VEP:EBM0326,True,False,False
2026-03-18T00:00:00+00:00,2026-03-18T03:00:00+03:00,2026-03,EBM0326,2554.9177313693285,EPIAS_VEP:EBM0326,True,False,False
2026-03-18T01:00:00+00:00,2026-03-18T04:00:00+03:00,2026-03,EBM0326,2554.9177313692894,EPIAS_VEP:EBM0326,True,False,False
2026-03-18T02:00:00+00:00,2026-03-18T05:00:00+03:00,2026-03,EBM0326,2554.9177313692644,EPIAS_VEP:EBM0326,True,False,False
2026-03-18T03:00:00+00:00,2026-03-18T06:00:00+03:00,2026-03,EBM0326,2554.917731369255,EPIAS_VEP:EBM0326,True,False,False
2026-03-18T04:00:00+00:00,2026-03-18T07:00:00+03:00,2026-03,EBM0326,2554.917731369264,EPIAS_VEP:EBM0326,True,False,False
2026-03-18T05:00:00+00:00,2026-03-18T08:00:00+03:00,2026-03,EBM0326,2554.9177313692944,EPIAS_VEP:EBM0326,True,False,False
2026-03-18T06:00:00+00:00,2026-03-18T09:00:00+03:00,2026-03,EBM0326,2554.9177313693485,EPIAS_VEP:EBM0326,True,False,False
2026-03-18T07:00:00+00:00,2026-03-18T10:00:00+03:00,2026-03,EBM0326,2554.917731369429,EPIAS_VEP:EBM0326,True,False,False
2026-03-18T08:00:00+00:00,2026-03-18T11:00:00+03:00,2026-03,EBM0326,2554.9177313695377,EPIAS_VEP:EBM0326,True,False,False
2026-03-18T09:00:00+00:00,2026-03-18T12:00:00+03:00,2026-03,EBM0326,2554.917731369677,EPIAS_VEP:EBM0326,True,False,False
2026-03-18T10:00:00+00:00,2026-03-18T13:00:00+03:00,2026-03,EBM0326,2554.9177313698488,EPIAS_VEP:EBM0326,True,False,False
2026-03-18T11:00:00+00:00,2026-03-18T14:00:00+03:00,2026-03,EBM0326,2554.9177313700525,EPIAS_VEP:EBM0326,True,False,False
2026-03-18T12:00:00+00:00,2026-03-18T15:00:00+03:00,2026-03,EBM0326,2554.917731370288,EPIAS_VEP:EBM0326,True,False,False
2026-03-18T13:00:00+00:00,2026-03-18T16:00:00+03:00,2026-03,EBM0326,2554.917731370555,EPIAS_VEP:EBM0326,True,False,False
2026-03-18T14:00:00+00:00,2026-03-18T17:00:00+03:00,2026-03,EBM0326,2554.9177313708537,EPIAS_VEP:EBM0326,True,False,False
2026-03-18T15:00:00+00:00,2026-03-18T18:00:00+03:00,2026-03,EBM0326,2554.9177313711834,EPIAS_VEP:EBM0326,True,False,False
2026-03-18T16:00:00+00:00,2026-03-18T19:00:00+03:00,2026-03,EBM0326,2554.917731371543,EPIAS_VEP:EBM0326,True,False,False
2026-03-18T17:00:00+00:00,2026-03-18T20:00:00+03:00,2026-03,EBM0326,2554.9177313719315,EPIAS_VEP:EBM0326,True,False,False
2026-03-18T18:00:00+00:00,2026-03-18T21:00:00+03:00,2026-03,EBM0326,2554.917731372349,EPIAS_VEP:EBM0326,True,False,False
2026-03-18T19:00:00+00:00,2026-03-18T22:00:00+03:00,2026-03,EBM0326,2554.9177313727932,EPIAS_VEP:EBM0326,True,False,False
2026-03-18T20:00:00+00:00,2026-03-18T23:00:00+03:00,2026-03,EBM0326,2554.917731373264,EPIAS_VEP:EBM0326,True,False,False
2026-03-18T21:00:00+00:00,2026-03-19T00:00:00+03:00,2026-03,EBM0326,2554.9177313737573,EPIAS_VEP:EBM0326,True,False,False
2026-03-18T22:00:00+00:00,2026-03-19T01:00:00+03:00,2026-03,EBM0326,2554.917731374268,EPIAS_VEP:EBM0326,True,False,False
2026-03-18T23:00:00+00:00,2026-03-19T02:00:00+03:00,2026-03,EBM0326,2554.91773137479,EPIAS_VEP:EBM0326,True,False,False
2026-03-19T00:00:00+00:00,2026-03-19T03:00:00+03:00,2026-03,EBM0326,2554.9177313753175,EPIAS_VEP:EBM0326,True,False,False
2026-03-19T01:00:00+00:00,2026-03-19T04:00:00+03:00,2026-03,EBM0326,2554.9177313758437,EPIAS_VEP:EBM0326,True,False,False
2026-03-19T02:00:00+00:00,2026-03-19T05:00:00+03:00,2026-03,EBM0326,2554.917731376359,EPIAS_VEP:EBM0326,True,False,False
2026-03-19T03:00:00+00:00,2026-03-19T06:00:00+03:00,2026-03,EBM0326,2554.9177313768546,EPIAS_VEP:EBM0326,True,False,False
2026-03-19T04:00:00+00:00,2026-03-19T07:00:00+03:00,2026-03,EBM0326,2554.917731377319,EPIAS_VEP:EBM0326,True,False,False
2026-03-19T05:00:00+00:00,2026-03-19T08:00:00+03:00,2026-03,EBM0326,2554.9177313777386,EPIAS_VEP:EBM0326,True,False,False
2026-03-19T06:00:00+00:00,2026-03-19T09:00:00+03:00,2026-03,EBM0326,2554.9177313781024,EPIAS_VEP:EBM0326,True,False,False
2026-03-19T07:00:00+00:00,2026-03-19T10:00:00+03:00,2026-03,EBM0326,2554.9177313783953,EPIAS_VEP:EBM0326,True,False,False
2026-03-19T08:00:00+00:00,2026-03-19T11:00:00+03:00,2026-03,EBM0326,2554.9177313786004,EPIAS_VEP:EBM0326,True,False,False
2026-03-19T09:00:00+00:00,2026-03-19T12:00:00+03:00,2026-03,EBM0326,2554.9177313787013,EPIAS_VEP:EBM0326,True,False,False
2026-03-19T10:00:00+00:00,2026-03-19T13:00:00+03:00,2026-03,EBM0326,2554.91773137868,EPIAS_VEP:EBM0326,True,False,False
2026-03-19T11:00:00+00:00,2026-03-19T14:00:00+03:00,2026-03,EBM0326,2554.9177313785162,EPIAS_VEP:EBM0326,True,False,False
2026-03-19T12:00:00+00:00,2026-03-19T15:00:00+03:00,2026-03,EBM0326,2554.9177313781906,EPIAS_VEP:EBM0326,True,False,False
2026-03-19T13:00:00+00:00,2026-03-19T16:00:00+03:00,2026-03,EBM0326,2554.9177313776822,EPIAS_VEP:EBM0326,True,False,False
2026-03-19T14:00:00+00:00,2026-03-19T17:00:00+03:00,2026-03,EBM0326,2554.917731376968,EPIAS_VEP:EBM0326,True,False,False
2026-03-19T15:00:00+00:00,2026-03-19T18:00:00+03:00,2026-03,EBM0326,2554.917731376024,EPIAS_VEP:EBM0326,True,False,False
2026-03-19T16:00:00+00:00,2026-03-19T19:00:00+03:00,2026-03,EBM0326,2554.917731374827,EPIAS_VEP:EBM0326,True,False,False
2026-03-19T17:00:00+00:00,2026-03-19T20:00:00+03:00,2026-03,EBM0326,2554.9177313733508,EPIAS_VEP:EBM0326,True,False,False
2026-03-19T18:00:00+00:00,2026-03-19T21:00:00+03:00,2026-03,EBM0326,2554.9177313715695,EPIAS_VEP:EBM0326,True,False,False
2026-03-19T19:00:00+00:00,2026-03-19T22:00:00+03:00,2026-03,EBM0326,2554.917731369456,EPIAS_VEP:EBM0326,True,False,False
2026-03-19T20:00:00+00:00,2026-03-19T23:00:00+03:00,2026-03,EBM0326,2554.9177313669843,EPIAS_VEP:EBM0326,True,False,False
2026-03-19T21:00:00+00:00,2026-03-20T00:00:00+03:00,2026-03,EBM0326,2554.917731364129,EPIAS_VEP:EBM0326,True,False,False
2026-03-19T22:00:00+00:00,2026-03-20T01:00:00+03:00,2026-03,EBM0326,2554.9177313608643,EPIAS_VEP:EBM0326,True,False,False
2026-03-19T23:00:00+00:00,2026-03-20T02:00:00+03:00,2026-03,EBM0326,2554.9177313571668,EPIAS_VEP:EBM0326,True,False,False
2026-03-20T00:00:00+00:00,2026-03-20T03:00:00+03:00,2026-03,EBM0326,2554.917731353012,EPIAS_VEP:EBM0326,True,False,False
2026-03-20T01:00:00+00:00,2026-03-20T04:00:00+03:00,2026-03,EBM0326,2554.9177313483774,EPIAS_VEP:EBM0326,True,False,False
2026-03-20T02:00:00+00:00,2026-03-20T05:00:00+03:00,2026-03,EBM0326,2554.917731343241,EPIAS_VEP:EBM0326,True,False,False
2026-03-20T03:00:00+00:00,2026-03-20T06:00:00+03:00,2026-03,EBM0326,2554.9177313375835,EPIAS_VEP:EBM0326,True,False,False
2026-03-20T04:00:00+00:00,2026-03-20T07:00:00+03:00,2026-03,EBM0326,2554.917731331387,EPIAS_VEP:EBM0326,True,False,False
2026-03-20T05:00:00+00:00,2026-03-20T08:00:00+03:00,2026-03,EBM0326,2554.917731324638,EPIAS_VEP:EBM0326,True,False,False
2026-03-20T06:00:00+00:00,2026-03-20T09:00:00+03:00,2026-03,EBM0326,2554.9177313173254,EPIAS_VEP:EBM0326,True,False,False
2026-03-20T07:00:00+00:00,2026-03-20T10:00:00+03:00,2026-03,EBM0326,2554.917731309443,EPIAS_VEP:EBM0326,True,False,False
2026-03-20T08:00:00+00:00,2026-03-20T11:00:00+03:00,2026-03,EBM0326,2554.917731300991,EPIAS_VEP:EBM0326,True,False,False
2026-03-20T09:00:00+00:00,2026-03-20T12:00:00+03:00,2026-03,EBM0326,2554.917731291977,EPIAS_VEP:EBM0326,True,False,False
2026-03-20T10:00:00+00:00,2026-03-20T13:00:00+03:00,2026-03,EBM0326,2554.9177312824136,EPIAS_VEP:EBM0326,True,False,False
2026-03-20T11:00:00+00:00,2026-03-20T14:00:00+03:00,2026-03,EBM0326,2554.917731272323,EPIAS_VEP:EBM0326,True,False,False
2026-03-20T12:00:00+00:00,2026-03-20T15:00:00+03:00,2026-03,EBM0326,2554.917731261736,EPIAS_VEP:EBM0326,True,False,False
2026-03-20T13:00:00+00:00,2026-03-20T16:00:00+03:00,2026-03,EBM0326,2554.917731250692,EPIAS_VEP:EBM0326,True,False,False
2026-03-20T14:00:00+00:00,2026-03-20T17:00:00+03:00,2026-03,EBM0326,2554.9177312392394,EPIAS_VEP:EBM0326,True,False,False
2026-03-20T15:00:00+00:00,2026-03-20T18:00:00+03:00,2026-03,EBM0326,2554.9177312274337,EPIAS_VEP:EBM0326,True,False,False
2026-03-20T16:00:00+00:00,2026-03-20T19:00:00+03:00,2026-03,EBM0326,2554.9177312153474,EPIAS_VEP:EBM0326,True,False,False
2026-03-20T17:00:00+00:00,2026-03-20T20:00:00+03:00,2026-03,EBM0326,2554.9177312030674,EPIAS_VEP:EBM0326,True,False,False
2026-03-20T18:00:00+00:00,2026-03-20T21:00:00+03:00,2026-03,EBM0326,2554.9177311906956,EPIAS_VEP:EBM0326,True,False,False
2026-03-20T19:00:00+00:00,2026-03-20T22:00:00+03:00,2026-03,EBM0326,2554.91773117835,EPIAS_VEP:EBM0326,True,False,False
2026-03-20T20:00:00+00:00,2026-03-20T23:00:00+03:00,2026-03,EBM0326,2554.917731166168,EPIAS_VEP:EBM0326,True,False,False
2026-03-20T21:00:00+00:00,2026-03-21T00:00:00+03:00,2026-03,EBM0326,2554.917731154304,EPIAS_VEP:EBM0326,True,False,False
2026-03-20T22:00:00+00:00,2026-03-21T01:00:00+03:00,2026-03,EBM0326,2554.9177311429344,EPIAS_VEP:EBM0326,True,False,False
2026-03-20T23:00:00+00:00,2026-03-21T02:00:00+03:00,2026-03,EBM0326,2554.9177311322564,EPIAS_VEP:EBM0326,True,False,False
2026-03-21T00:00:00+00:00,2026-03-21T03:00:00+03:00,2026-03,EBM0326,2554.9177311224885,EPIAS_VEP:EBM0326,True,False,False
2026-03-21T01:00:00+00:00,2026-03-21T04:00:00+03:00,2026-03,EBM0326,2554.917731113873,EPIAS_VEP:EBM0326,True,False,False
2026-03-21T02:00:00+00:00,2026-03-21T05:00:00+03:00,2026-03,EBM0326,2554.9177311066765,EPIAS_VEP:EBM0326,True,False,False
2026-03-21T03:00:00+00:00,2026-03-21T06:00:00+03:00,2026-03,EBM0326,2554.917731101191,EPIAS_VEP:EBM0326,True,False,False
2026-03-21T04:00:00+00:00,2026-03-21T07:00:00+03:00,2026-03,EBM0326,2554.917731097733,EPIAS_VEP:EBM0326,True,False,False
2026-03-21T05:00:00+00:00,2026-03-21T08:00:00+03:00,2026-03,EBM0326,2554.917731096648,EPIAS_VEP:EBM0326,True,False,False
2026-03-21T06:00:00+00:00,2026-03-21T09:00:00+03:00,2026-03,EBM0326,2554.9177310983073,EPIAS_VEP:EBM0326,True,False,False
2026-03-21T07:00:00+00:00,2026-03-21T10:00:00+03:00,2026-03,EBM0326,2554.91773110311,EPIAS_VEP:EBM0326,True,False,False
2026-03-21T08:00:00+00:00,2026-03-21T11:00:00+03:00,2026-03,EBM0326,2554.9177311114813,EPIAS_VEP:EBM0326,True,False,False
2026-03-21T09:00:00+00:00,2026-03-21T12:00:00+03:00,2026-03,EBM0326,2554.917731123872,EPIAS_VEP:EBM0326,True,False,False
2026-03-21T10:00:00+00:00,2026-03-21T13:00:00+03:00,2026-03,EBM0326,2554.917731140759,EPIAS_VEP:EBM0326,True,False,False
2026-03-21T11:00:00+00:00,2026-03-21T14:00:00+03:00,2026-03,EBM0326,2554.917731162644,EPIAS_VEP:EBM0326,True,False,False
2026-03-21T12:00:00+00:00,2026-03-21T15:00:00+03:00,2026-03,EBM0326,2554.9177311900517,EPIAS_VEP:EBM0326,True,False,False
2026-03-21T13:00:00+00:00,2026-03-21T16:00:00+03:00,2026-03,EBM0326,2554.917731223527,EPIAS_VEP:EBM0326,True,False,False
2026-03-21T14:00:00+00:00,2026-03-21T17:00:00+03:00,2026-03,EBM0326,2554.9177312636334,EPIAS_VEP:EBM0326,True,False,False
2026-03-21T15:00:00+00:00,2026-03-21T18:00:00+03:00,2026-03,EBM0326,2554.91773131095,EPIAS_VEP:EBM0326,True,False,False
2026-03-21T16:00:00+00:00,2026-03-21T19:00:00+03:00,2026-03,EBM0326,2554.917731366066,EPIAS_VEP:EBM0326,True,False,False
2026-03-21T17:00:00+00:00,2026-03-21T20:00:00+03:00,2026-03,EBM0326,2554.9177314295785,EPIAS_VEP:EBM0326,True,False,False
2026-03-21T18:00:00+00:00,2026-03-21T21:00:00+03:00,2026-03,EBM0326,2554.917731502083,EPIAS_VEP:EBM0326,True,False,False
2026-03-21T19:00:00+00:00,2026-03-21T22:00:00+03:00,2026-03,EBM0326,2554.917731584168,EPIAS_VEP:EBM0326,True,False,False
2026-03-21T20:00:00+00:00,2026-03-21T23:00:00+03:00,2026-03,EBM0326,2554.917731676408,EPIAS_VEP:EBM0326,True,False,False
2026-03-21T21:00:00+00:00,2026-03-22T00:00:00+03:00,2026-03,EBM0326,2554.9177317793565,EPIAS_VEP:EBM0326,True,False,False
2026-03-21T22:00:00+00:00,2026-03-22T01:00:00+03:00,2026-03,EBM0326,2554.9177318935363,EPIAS_VEP:EBM0326,True,False,False
2026-03-21T23:00:00+00:00,2026-03-22T02:00:00+03:00,2026-03,EBM0326,2554.917732019429,EPIAS_VEP:EBM0326,True,False,False
2026-03-22T00:00:00+00:00,2026-03-22T03:00:00+03:00,2026-03,EBM0326,2554.917732157465,EPIAS_VEP:EBM0326,True,False,False
2026-03-22T01:00:00+00:00,2026-03-22T04:00:00+03:00,2026-03,EBM0326,2554.91773230801,EPIAS_VEP:EBM0326,True,False,False
2026-03-22T02:00:00+00:00,2026-03-22T05:00:00+03:00,2026-03,EBM0326,2554.9177324713532,EPIAS_VEP:EBM0326,True,False,False
2026-03-22T03:00:00+00:00,2026-03-22T06:00:00+03:00,2026-03,EBM0326,2554.9177326476906,EPIAS_VEP:EBM0326,True,False,False
2026-03-22T04:00:00+00:00,2026-03-22T07:00:00+03:00,2026-03,EBM0326,2554.917732837106,EPIAS_VEP:EBM0326,True,False,False
2026-03-22T05:00:00+00:00,2026-03-22T08:00:00+03:00,2026-03,EBM0326,2554.9177330395564,EPIAS_VEP:EBM0326,True,False,False
2026-03-22T06:00:00+00:00,2026-03-22T09:00:00+03:00,2026-03,EBM0326,2554.917733254851,EPIAS_VEP:EBM0326,True,False,False
2026-03-22T07:00:00+00:00,2026-03-22T10:00:00+03:00,2026-03,EBM0326,2554.917733482634,EPIAS_VEP:EBM0326,True,False,False
2026-03-22T08:00:00+00:00,2026-03-22T11:00:00+03:00,2026-03,EBM0326,2554.91773372236,EPIAS_VEP:EBM0326,True,False,False
2026-03-22T09:00:00+00:00,2026-03-22T12:00:00+03:00,2026-03,EBM0326,2554.9177339732723,EPIAS_VEP:EBM0326,True,False,False
2026-03-22T10:00:00+00:00,2026-03-22T13:00:00+03:00,2026-03,EBM0326,2554.9177342343787,EPIAS_VEP:EBM0326,True,False,False
2026-03-22T11:00:00+00:00,2026-03-22T14:00:00+03:00,2026-03,EBM0326,2554.917734504426,EPIAS_VEP:EBM0326,True,False,False
2026-03-22T12:00:00+00:00,2026-03-22T15:00:00+03:00,2026-03,EBM0326,2554.917734781873,EPIAS_VEP:EBM0326,True,False,False
2026-03-22T13:00:00+00:00,2026-03-22T16:00:00+03:00,2026-03,EBM0326,2554.917735064866,EPIAS_VEP:EBM0326,True,False,False
2026-03-22T14:00:00+00:00,2026-03-22T17:00:00+03:00,2026-03,EBM0326,2554.9177353512096,EPIAS_VEP:EBM0326,True,False,False
2026-03-22T15:00:00+00:00,2026-03-22T18:00:00+03:00,2026-03,EBM0326,2554.9177356383398,EPIAS_VEP:EBM0326,True,False,False
2026-03-22T16:00:00+00:00,2026-03-22T19:00:00+03:00,2026-03,EBM0326,2554.917735923294,EPIAS_VEP:EBM0326,True,False,False
2026-03-22T17:00:00+00:00,2026-03-22T20:00:00+03:00,2026-03,EBM0326,2554.9177362026826,EPIAS_VEP:EBM0326,True,False,False
2026-03-22T18:00:00+00:00,2026-03-22T21:00:00+03:00,2026-03,EBM0326,2554.9177364726625,EPIAS_VEP:EBM0326,True,False,False
2026-03-22T19:00:00+00:00,2026-03-22T22:00:00+03:00,2026-03,EBM0326,2554.917736728906,EPIAS_VEP:EBM0326,True,False,False
2026-03-22T20:00:00+00:00,2026-03-22T23:00:00+03:00,2026-03,EBM0326,2554.9177369665767,EPIAS_VEP:EBM0326,True,False,False
2026-03-22T21:00:00+00:00,2026-03-23T00:00:00+03:00,2026-03,EBM0326,2554.9177371803007,EPIAS_VEP:EBM0326,True,False,False
2026-03-22T22:00:00+00:00,2026-03-23T01:00:00+03:00,2026-03,EBM0326,2554.917737364143,EPIAS_VEP:EBM0326,True,False,False
2026-03-22T23:00:00+00:00,2026-03-23T02:00:00+03:00,2026-03,EBM0326,2554.9177375115883,EPIAS_VEP:EBM0326,True,False,False
2026-03-23T00:00:00+00:00,2026-03-23T03:00:00+03:00,2026-03,EBM0326,2554.917737615523,EPIAS_VEP:EBM0326,True,False,False
2026-03-23T01:00:00+00:00,2026-03-23T04:00:00+03:00,2026-03,EBM0326,2554.917737668217,EPIAS_VEP:EBM0326,True,False,False
2026-03-23T02:00:00+00:00,2026-03-23T05:00:00+03:00,2026-03,EBM0326,2554.9177376613156,EPIAS_VEP:EBM0326,True,False,False
2026-03-23T03:00:00+00:00,2026-03-23T06:00:00+03:00,2026-03,EBM0326,2554.9177375858353,EPIAS_VEP:EBM0326,True,False,False
2026-03-23T04:00:00+00:00,2026-03-23T07:00:00+03:00,2026-03,EBM0326,2554.9177374321634,EPIAS_VEP:EBM0326,True,False,False
2026-03-23T05:00:00+00:00,2026-03-23T08:00:00+03:00,2026-03,EBM0326,2554.917737190066,EPIAS_VEP:EBM0326,True,False,False
2026-03-23T06:00:00+00:00,2026-03-23T09:00:00+03:00,2026-03,EBM0326,2554.9177368487008,EPIAS_VEP:EBM0326,True,False,False
2026-03-23T07:00:00+00:00,2026-03-23T10:00:00+03:00,2026-03,EBM0326,2554.917736396645,EPIAS_VEP:EBM0326,True,False,False
2026-03-23T08:00:00+00:00,2026-03-23T11:00:00+03:00,2026-03,EBM0326,2554.9177358219295,EPIAS_VEP:EBM0326,True,False,False
2026-03-23T09:00:00+00:00,2026-03-23T12:00:00+03:00,2026-03,EBM0326,2554.917735112082,EPIAS_VEP:EBM0326,True,False,False
2026-03-23T10:00:00+00:00,2026-03-23T13:00:00+03:00,2026-03,EBM0326,2554.917734254187,EPIAS_VEP:EBM0326,True,False,False
2026-03-23T11:00:00+00:00,2026-03-23T14:00:00+03:00,2026-03,EBM0326,2554.9177332349495,EPIAS_VEP:EBM0326,True,False,False
2026-03-23T12:00:00+00:00,2026-03-23T15:00:00+03:00,2026-03,EBM0326,2554.9177320407866,EPIAS_VEP:EBM0326,True,False,False
2026-03-23T13:00:00+00:00,2026-03-23T16:00:00+03:00,2026-03,EBM0326,2554.917730657927,EPIAS_VEP:EBM0326,True,False,False
2026-03-23T14:00:00+00:00,2026-03-23T17:00:00+03:00,2026-03,EBM0326,2554.917729072533,EPIAS_VEP:EBM0326,True,False,False
2026-03-23T15:00:00+00:00,2026-03-23T18:00:00+03:00,2026-03,EBM0326,2554.917727270838,EPIAS_VEP:EBM0326,True,False,False
2026-03-23T16:00:00+00:00,2026-03-23T19:00:00+03:00,2026-03,EBM0326,2554.9177252393047,EPIAS_VEP:EBM0326,True,False,False
2026-03-23T17:00:00+00:00,2026-03-23T20:00:00+03:00,2026-03,EBM0326,2554.9177229648053,EPIAS_VEP:EBM0326,True,False,False
2026-03-23T18:00:00+00:00,2026-03-23T21:00:00+03:00,2026-03,EBM0326,2554.917720434824,EPIAS_VEP:EBM0326,True,False,False
2026-03-23T19:00:00+00:00,2026-03-23T22:00:00+03:00,2026-03,EBM0326,2554.917717637683,EPIAS_VEP:EBM0326,True,False,False
2026-03-23T20:00:00+00:00,2026-03-23T23:00:00+03:00,2026-03,EBM0326,2554.917714562799,EPIAS_VEP:EBM0326,True,False,False
2026-03-23T21:00:00+00:00,2026-03-24T00:00:00+03:00,2026-03,EBM0326,2554.917711200963,EPIAS_VEP:EBM0326,True,False,False
2026-03-23T22:00:00+00:00,2026-03-24T01:00:00+03:00,2026-03,EBM0326,2554.917707544645,EPIAS_VEP:EBM0326,True,False,False
2026-03-23T23:00:00+00:00,2026-03-24T02:00:00+03:00,2026-03,EBM0326,2554.917703588332,EPIAS_VEP:EBM0326,True,False,False
2026-03-24T00:00:00+00:00,2026-03-24T03:00:00+03:00,2026-03,EBM0326,2554.917699328895,EPIAS_VEP:EBM0326,True,False,False
2026-03-24T01:00:00+00:00,2026-03-24T04:00:00+03:00,2026-03,EBM0326,2554.917694765983,EPIAS_VEP:EBM0326,True,False,False
2026-03-24T02:00:00+00:00,2026-03-24T05:00:00+03:00,2026-03,EBM0326,2554.917689902447,EPIAS_VEP:EBM0326,True,False,False
2026-03-24T03:00:00+00:00,2026-03-24T06:00:00+03:00,2026-03,EBM0326,2554.917684744799,EPIAS_VEP:EBM0326,True,False,False
2026-03-24T04:00:00+00:00,2026-03-24T07:00:00+03:00,2026-03,EBM0326,2554.917679303697,EPIAS_VEP:EBM0326,True,False,False
2026-03-24T05:00:00+00:00,2026-03-24T08:00:00+03:00,2026-03,EBM0326,2554.917673594462,EPIAS_VEP:EBM0326,True,False,False
2026-03-24T06:00:00+00:00,2026-03-24T09:00:00+03:00,2026-03,EBM0326,2554.9176676376223,EPIAS_VEP:EBM0326,True,False,False
2026-03-24T07:00:00+00:00,2026-03-24T10:00:00+03:00,2026-03,EBM0326,2554.9176614594844,EPIAS_VEP:EBM0326,True,False,False
2026-03-24T08:00:00+00:00,2026-03-24T11:00:00+03:00,2026-03,EBM0326,2554.9176550927264,EPIAS_VEP:EBM0326,True,False,False
2026-03-24T09:00:00+00:00,2026-03-24T12:00:00+03:00,2026-03,EBM0326,2554.9176485770176,EPIAS_VEP:EBM0326,True,False,False
2026-03-24T10:00:00+00:00,2026-03-24T13:00:00+03:00,2026-03,EBM0326,2554.917641959656,EPIAS_VEP:EBM0326,True,False,False
2026-03-24T11:00:00+00:00,2026-03-24T14:00:00+03:00,2026-03,EBM0326,2554.9176352962177,EPIAS_VEP:EBM0326,True,False,False
2026-03-24T12:00:00+00:00,2026-03-24T15:00:00+03:00,2026-03,EBM0326,2554.9176286512197,EPIAS_VEP:EBM0326,True,False,False
2026-03-24T13:00:00+00:00,2026-03-24T16:00:00+03:00,2026-03,EBM0326,2554.917622098787,EPIAS_VEP:EBM0326,True,False,False
2026-03-24T14:00:00+00:00,2026-03-24T17:00:00+03:00,2026-03,EBM0326,2554.917615723317,EPIAS_VEP:EBM0326,True,False,False
2026-03-24T15:00:00+00:00,2026-03-24T18:00:00+03:00,2026-03,EBM0326,2554.917609620135,EPIAS_VEP:EBM0326,True,False,False
2026-03-24T16:00:00+00:00,2026-03-24T19:00:00+03:00,2026-03,EBM0326,2554.9176038961327,EPIAS_VEP:EBM0326,True,False,False
2026-03-24T17:00:00+00:00,2026-03-24T20:00:00+03:00,2026-03,EBM0326,2554.9175986703767,EPIAS_VEP:EBM0326,True,False,False
2026-03-24T18:00:00+00:00,2026-03-24T21:00:00+03:00,2026-03,EBM0326,2554.9175940746813,EPIAS_VEP:EBM0326,True,False,False
2026-03-24T19:00:00+00:00,2026-03-24T22:00:00+03:00,2026-03,EBM0326,2554.9175902541315,EPIAS_VEP:EBM0326,True,False,False
2026-03-24T20:00:00+00:00,2026-03-24T23:00:00+03:00,2026-03,EBM0326,2554.9175873675435,EPIAS_VEP:EBM0326,True,False,False
2026-03-24T21:00:00+00:00,2026-03-25T00:00:00+03:00,2026-03,EBM0326,2554.9175855878457,EPIAS_VEP:EBM0326,True,False,False
2026-03-24T22:00:00+00:00,2026-03-25T01:00:00+03:00,2026-03,EBM0326,2554.9175851023642,EPIAS_VEP:EBM0326,True,False,False
2026-03-24T23:00:00+00:00,2026-03-25T02:00:00+03:00,2026-03,EBM0326,2554.9175861130047,EPIAS_VEP:EBM0326,True,False,False
2026-03-25T00:00:00+00:00,2026-03-25T03:00:00+03:00,2026-03,EBM0326,2554.9175888363,EPIAS_VEP:EBM0326,True,False,False
2026-03-25T01:00:00+00:00,2026-03-25T04:00:00+03:00,2026-03,EBM0326,2554.9175935033086,EPIAS_VEP:EBM0326,True,False,False
2026-03-25T02:00:00+00:00,2026-03-25T05:00:00+03:00,2026-03,EBM0326,2554.917600359342,EPIAS_VEP:EBM0326,True,False,False
2026-03-25T03:00:00+00:00,2026-03-25T06:00:00+03:00,2026-03,EBM0326,2554.9176096634974,EPIAS_VEP:EBM0326,True,False,False
2026-03-25T04:00:00+00:00,2026-03-25T07:00:00+03:00,2026-03,EBM0326,2554.9176216879705,EPIAS_VEP:EBM0326,True,False,False
2026-03-25T05:00:00+00:00,2026-03-25T08:00:00+03:00,2026-03,EBM0326,2554.917636717129,EPIAS_VEP:EBM0326,True,False,False
2026-03-25T06:00:00+00:00,2026-03-25T09:00:00+03:00,2026-03,EBM0326,2554.9176550463085,EPIAS_VEP:EBM0326,True,False,False
2026-03-25T07:00:00+00:00,2026-03-25T10:00:00+03:00,2026-03,EBM0326,2554.9176769803103,EPIAS_VEP:EBM0326,True,False,False
2026-03-25T08:00:00+00:00,2026-03-25T11:00:00+03:00,2026-03,EBM0326,2554.9177028315676,EPIAS_VEP:EBM0326,True,False,False
2026-03-25T09:00:00+00:00,2026-03-25T12:00:00+03:00,2026-03,EBM0326,2554.917732917954,EPIAS_VEP:EBM0326,True,False,False
2026-03-25T10:00:00+00:00,2026-03-25T13:00:00+03:00,2026-03,EBM0326,2554.917767560195,EPIAS_VEP:EBM0326,True,False,False
2026-03-25T11:00:00+00:00,2026-03-25T14:00:00+03:00,2026-03,EBM0326,2554.9178070788626,EPIAS_VEP:EBM0326,True,False,False
2026-03-25T12:00:00+00:00,2026-03-25T15:00:00+03:00,2026-03,EBM0326,2554.9178517909077,EPIAS_VEP:EBM0326,True,False,False
2026-03-25T13:00:00+00:00,2026-03-25T16:00:00+03:00,2026-03,EBM0326,2554.917902005712,EPIAS_VEP:EBM0326,True,False,False
2026-03-25T14:00:00+00:00,2026-03-25T17:00:00+03:00,2026-03,EBM0326,2554.917958020614,EPIAS_VEP:EBM0326,True,False,False
2026-03-25T15:00:00+00:00,2026-03-25T18:00:00+03:00,2026-03,EBM0326,2554.918020115889,EPIAS_VEP:EBM0326,True,False,False
2026-03-25T16:00:00+00:00,2026-03-25T19:00:00+03:00,2026-03,EBM0326,2554.918088549145,EPIAS_VEP:EBM0326,True,False,False
2026-03-25T17:00:00+00:00,2026-03-25T20:00:00+03:00,2026-03,EBM0326,2554.918163549118,EPIAS_VEP:EBM0326,True,False,False
2026-03-25T18:00:00+00:00,2026-03-25T21:00:00+03:00,2026-03,EBM0326,2554.918245308826,EPIAS_VEP:EBM0326,True,False,False
2026-03-25T19:00:00+00:00,2026-03-25T22:00:00+03:00,2026-03,EBM0326,2554.9183339780666,EPIAS_VEP:EBM0326,True,False,False
2026-03-25T20:00:00+00:00,2026-03-25T23:00:00+03:00,2026-03,EBM0326,2554.918429655243,EPIAS_VEP:EBM0326,True,False,False
2026-03-25T21:00:00+00:00,2026-03-26T00:00:00+03:00,2026-03,EBM0326,2554.9185323784973,EPIAS_VEP:EBM0326,True,False,False
2026-03-25T22:00:00+00:00,2026-03-26T01:00:00+03:00,2026-03,EBM0326,2554.918642116142,EPIAS_VEP:EBM0326,True,False,False
2026-03-25T23:00:00+00:00,2026-03-26T02:00:00+03:00,2026-03,EBM0326,2554.9187587563906,EPIAS_VEP:EBM0326,True,False,False
2026-03-26T00:00:00+00:00,2026-03-26T03:00:00+03:00,2026-03,EBM0326,2554.9188820963795,EPIAS_VEP:EBM0326,True,False,False
2026-03-26T01:00:00+00:00,2026-03-26T04:00:00+03:00,2026-03,EBM0326,2554.9190118305096,EPIAS_VEP:EBM0326,True,False,False
2026-03-26T02:00:00+00:00,2026-03-26T05:00:00+03:00,2026-03,EBM0326,2554.9191475381067,EPIAS_VEP:EBM0326,True,False,False
2026-03-26T03:00:00+00:00,2026-03-26T06:00:00+03:00,2026-03,EBM0326,2554.9192886704504,EPIAS_VEP:EBM0326,True,False,False
2026-03-26T04:00:00+00:00,2026-03-26T07:00:00+03:00,2026-03,EBM0326,2554.919434537205,EPIAS_VEP:EBM0326,True,False,False
2026-03-26T05:00:00+00:00,2026-03-26T08:00:00+03:00,2026-03,EBM0326,2554.919584292303,EPIAS_VEP:EBM0326,True,False,False
2026-03-26T06:00:00+00:00,2026-03-26T09:00:00+03:00,2026-03,EBM0326,2554.9197369193616,EPIAS_VEP:EBM0326,True,False,False
2026-03-26T07:00:00+00:00,2026-03-26T10:00:00+03:00,2026-03,EBM0326,2554.919891216704,EPIAS_VEP:EBM0326,True,False,False
2026-03-26T08:00:00+00:00,2026-03-26T11:00:00+03:00,2026-03,EBM0326,2554.920045782099,EPIAS_VEP:EBM0326,True,False,False
2026-03-26T09:00:00+00:00,2026-03-26T12:00:00+03:00,2026-03,EBM0326,2554.9201989973285,EPIAS_VEP:EBM0326,True,False,False
2026-03-26T10:00:00+00:00,2026-03-26T13:00:00+03:00,2026-03,EBM0326,2554.9203490127343,EPIAS_VEP:EBM0326,True,False,False
2026-03-26T11:00:00+00:00,2026-03-26T14:00:00+03:00,2026-03,EBM0326,2554.9204937318973,EPIAS_VEP:EBM0326,True,False,False
2026-03-26T12:00:00+00:00,2026-03-26T15:00:00+03:00,2026-03,EBM0326,2554.920630796633,EPIAS_VEP:EBM0326,True,False,False
2026-03-26T13:00:00+00:00,2026-03-26T16:00:00+03:00,2026-03,EBM0326,2554.9207575725195,EPIAS_VEP:EBM0326,True,False,False
2026-03-26T14:00:00+00:00,2026-03-26T17:00:00+03:00,2026-03,EBM0326,2554.9208711351907,EPIAS_VEP:EBM0326,True,False,False
2026-03-26T15:00:00+00:00,2026-03-26T18:00:00+03:00,2026-03,EBM0326,2554.9209682576607,EPIAS_VEP:EBM0326,True,False,False
2026-03-26T16:00:00+00:00,2026-03-26T19:00:00+03:00,2026-03,EBM0326,2554.921045398966,EPIAS_VEP:EBM0326,True,False,False
2026-03-26T17:00:00+00:00,2026-03-26T20:00:00+03:00,2026-03,EBM0326,2554.9210986944545,EPIAS_VEP:EBM0326,True,False,False
2026-03-26T18:00:00+00:00,2026-03-26T21:00:00+03:00,2026-03,EBM0326,2554.9211239480724,EPIAS_VEP:EBM0326,True,False,False
2026-03-26T19:00:00+00:00,2026-03-26T22:00:00+03:00,2026-03,EBM0326,2554.9211166270343,EPIAS_VEP:EBM0326,True,False,False
2026-03-26T20:00:00+00:00,2026-03-26T23:00:00+03:00,2026-03,EBM0326,2554.9210718592944,EPIAS_VEP:EBM0326,True,False,False
2026-03-26T21:00:00+00:00,2026-03-27T00:00:00+03:00,2026-03,EBM0326,2554.920984434282,EPIAS_VEP:EBM0326,True,False,False
2026-03-26T22:00:00+00:00,2026-03-27T01:00:00+03:00,2026-03,EBM0326,2554.9208488073764,EPIAS_VEP:EBM0326,True,False,False
2026-03-26T23:00:00+00:00,2026-03-27T02:00:00+03:00,2026-03,EBM0326,2554.920659108651,EPIAS_VEP:EBM0326,True,False,False
2026-03-27T00:00:00+00:00,2026-03-27T03:00:00+03:00,2026-03,EBM0326,2554.920409156435,EPIAS_VEP:EBM0326,True,False,False
2026-03-27T01:00:00+00:00,2026-03-27T04:00:00+03:00,2026-03,EBM0326,2554.920092476284,EPIAS_VEP:EBM0326,True,False,False
2026-03-27T02:00:00+00:00,2026-03-27T05:00:00+03:00,2026-03,EBM0326,2554.9197023259735,EPIAS_VEP:EBM0326,True,False,False
2026-03-27T03:00:00+00:00,2026-03-27T06:00:00+03:00,2026-03,EBM0326,2554.9192317271677,EPIAS_VEP:EBM0326,True,False,False
2026-03-27T04:00:00+00:00,2026-03-27T07:00:00+03:00,2026-03,EBM0326,2554.9186735044345,EPIAS_VEP:EBM0326,True,False,False
2026-03-27T05:00:00+00:00,2026-03-27T08:00:00+03:00,2026-03,EBM0326,2554.9180203323067,EPIAS_VEP:EBM0326,True,False,False
2026-03-27T06:00:00+00:00,2026-03-27T09:00:00+03:00,2026-03,EBM0326,2554.9172647911037,EPIAS_VEP:EBM0326,True,False,False
2026-03-27T07:00:00+00:00,2026-03-27T10:00:00+03:00,2026-03,EBM0326,2554.9163994322475,EPIAS_VEP:EBM0326,True,False,False
2026-03-27T08:00:00+00:00,2026-03-27T11:00:00+03:00,2026-03,EBM0326,2554.915416853819,EPIAS_VEP:EBM0326,True,False,False
2026-03-27T09:00:00+00:00,2026-03-27T12:00:00+03:00,2026-03,EBM0326,2554.9143097870933,EPIAS_VEP:EBM0326,True,False,False
2026-03-27T10:00:00+00:00,2026-03-27T13:00:00+03:00,2026-03,EBM0326,2554.9130711947987,EPIAS_VEP:EBM0326,True,False,False
2026-03-27T11:00:00+00:00,2026-03-27T14:00:00+03:00,2026-03,EBM0326,2554.9116943818194,EPIAS_VEP:EBM0326,True,False,False
2026-03-27T12:00:00+00:00,2026-03-27T15:00:00+03:00,2026-03,EBM0326,2554.9101731190594,EPIAS_VEP:EBM0326,True,False,False
2026-03-27T13:00:00+00:00,2026-03-27T16:00:00+03:00,2026-03,EBM0326,2554.9085017811212,EPIAS_VEP:EBM0326,True,False,False
2026-03-27T14:00:00+00:00,2026-03-27T17:00:00+03:00,2026-03,EBM0326,2554.906675498429,EPIAS_VEP:EBM0326,True,False,False
2026-03-27T15:00:00+00:00,2026-03-27T18:00:00+03:00,2026-03,EBM0326,2554.904690324366,EPIAS_VEP:EBM0326,True,False,False
2026-03-27T16:00:00+00:00,2026-03-27T19:00:00+03:00,2026-03,EBM0326,2554.902543417902,EPIAS_VEP:EBM0326,True,False,False
2026-03-27T17:00:00+00:00,2026-03-27T20:00:00+03:00,2026-03,EBM0326,2554.9002332421114,EPIAS_VEP:EBM0326,True,False,False
2026-03-27T18:00:00+00:00,2026-03-27T21:00:00+03:00,2026-03,EBM0326,2554.8977597788653,EPIAS_VEP:EBM0326,True,False,False
2026-03-27T19:00:00+00:00,2026-03-27T22:00:00+03:00,2026-03,EBM0326,2554.895124759845,EPIAS_VEP:EBM0326,True,False,False
2026-03-27T20:00:00+00:00,2026-03-27T23:00:00+03:00,2026-03,EBM0326,2554.8923319138944,EPIAS_VEP:EBM0326,True,False,False
2026-03-27T21:00:00+00:00,2026-03-28T00:00:00+03:00,2026-03,EBM0326,2554.889387230516,EPIAS_VEP:EBM0326,True,False,False
2026-03-27T22:00:00+00:00,2026-03-28T01:00:00+03:00,2026-03,EBM0326,2554.88629923916,EPIAS_VEP:EBM0326,True,False,False
2026-03-27T23:00:00+00:00,2026-03-28T02:00:00+03:00,2026-03,EBM0326,2554.883079303689,EPIAS_VEP:EBM0326,True,False,False
2026-03-28T00:00:00+00:00,2026-03-28T03:00:00+03:00,2026-03,EBM0326,2554.8797419311795,EPIAS_VEP:EBM0326,True,False,False
2026-03-28T01:00:00+00:00,2026-03-28T04:00:00+03:00,2026-03,EBM0326,2554.8763050939133,EPIAS_VEP:EBM0326,True,False,False
2026-03-28T02:00:00+00:00,2026-03-28T05:00:00+03:00,2026-03,EBM0326,2554.8727905631167,EPIAS_VEP:EBM0326,True,False,False
2026-03-28T03:00:00+00:00,2026-03-28T06:00:00+03:00,2026-03,EBM0326,2554.8692242526436,EPIAS_VEP:EBM0326,True,False,False
2026-03-28T04:00:00+00:00,2026-03-28T07:00:00+03:00,2026-03,EBM0326,2554.8656365704255,EPIAS_VEP:EBM0326,True,False,False
2026-03-28T05:00:00+00:00,2026-03-28T08:00:00+03:00,2026-03,EBM0326,2554.862062775107,EPIAS_VEP:EBM0326,True,False,False
2026-03-28T06:00:00+00:00,2026-03-28T09:00:00+03:00,2026-03,EBM0326,2554.8585433348144,EPIAS_VEP:EBM0326,True,False,False
2026-03-28T07:00:00+00:00,2026-03-28T10:00:00+03:00,2026-03,EBM0326,2554.855124284531,EPIAS_VEP:EBM0326,True,False,False
2026-03-28T08:00:00+00:00,2026-03-28T11:00:00+03:00,2026-03,EBM0326,2554.851857578042,EPIAS_VEP:EBM0326,True,False,False
2026-03-28T09:00:00+00:00,2026-03-28T12:00:00+03:00,2026-03,EBM0326,2554.848801429843,EPIAS_VEP:EBM0326,True,False,False
2026-03-28T10:00:00+00:00,2026-03-28T13:00:00+03:00,2026-03,EBM0326,2554.8460206418085,EPIAS_VEP:EBM0326,True,False,False
2026-03-28T11:00:00+00:00,2026-03-28T14:00:00+03:00,2026-03,EBM0326,2554.843586908806,EPIAS_VEP:EBM0326,True,False,False
2026-03-28T12:00:00+00:00,2026-03-28T15:00:00+03:00,2026-03,EBM0326,2554.841579096779,EPIAS_VEP:EBM0326,True,False,False
2026-03-28T13:00:00+00:00,2026-03-28T16:00:00+03:00,2026-03,EBM0326,2554.8400834861127,EPIAS_VEP:EBM0326,True,False,False
2026-03-28T14:00:00+00:00,2026-03-28T17:00:00+03:00,2026-03,EBM0326,2554.8391939724224,EPIAS_VEP:EBM0326,True,False,False
2026-03-28T15:00:00+00:00,2026-03-28T18:00:00+03:00,2026-03,EBM0326,2554.8390122161104,EPIAS_VEP:EBM0326,True,False,False
2026-03-28T16:00:00+00:00,2026-03-28T19:00:00+03:00,2026-03,EBM0326,2554.8396477313163,EPIAS_VEP:EBM0326,True,False,False
2026-03-28T17:00:00+00:00,2026-03-28T20:00:00+03:00,2026-03,EBM0326,2554.8412179040974,EPIAS_VEP:EBM0326,True,False,False
2026-03-28T18:00:00+00:00,2026-03-28T21:00:00+03:00,2026-03,EBM0326,2554.843847928873,EPIAS_VEP:EBM0326,True,False,False
2026-03-28T19:00:00+00:00,2026-03-28T22:00:00+03:00,2026-03,EBM0326,2554.847670651409,EPIAS_VEP:EBM0326,True,False,False
2026-03-28T20:00:00+00:00,2026-03-28T23:00:00+03:00,2026-03,EBM0326,2554.852826305814,EPIAS_VEP:EBM0326,True,False,False
2026-03-28T21:00:00+00:00,2026-03-29T00:00:00+03:00,2026-03,EBM0326,2554.8594621322673,EPIAS_VEP:EBM0326,True,False,False
2026-03-28T22:00:00+00:00,2026-03-29T01:00:00+03:00,2026-03,EBM0326,2554.867731861454,EPIAS_VEP:EBM0326,True,False,False
2026-03-28T23:00:00+00:00,2026-03-29T02:00:00+03:00,2026-03,EBM0326,2554.877795050982,EPIAS_VEP:EBM0326,True,False,False
2026-03-29T00:00:00+00:00,2026-03-29T03:00:00+03:00,2026-03,EBM0326,2554.8898162584087,EPIAS_VEP:EBM0326,True,False,False
2026-03-29T01:00:00+00:00,2026-03-29T04:00:00+03:00,2026-03,EBM0326,2554.9039640349242,EPIAS_VEP:EBM0326,True,False,False
2026-03-29T02:00:00+00:00,2026-03-29T05:00:00+03:00,2026-03,EBM0326,2554.9204097232287,EPIAS_VEP:EBM0326,True,False,False
2026-03-29T03:00:00+00:00,2026-03-29T06:00:00+03:00,2026-03,EBM0326,2554.9393260427537,EPIAS_VEP:EBM0326,True,False,False
2026-03-29T04:00:00+00:00,2026-03-29T07:00:00+03:00,2026-03,EBM0326,2554.9608854450958,EPIAS_VEP:EBM0326,True,False,False
2026-03-29T05:00:00+00:00,2026-03-29T08:00:00+03:00,2026-03,EBM0326,2554.985258222384,EPIAS_VEP:EBM0326,True,False,False
2026-03-29T06:00:00+00:00,2026-03-29T09:00:00+03:00,2026-03,EBM0326,2555.012610351338,EPIAS_VEP:EBM0326,True,False,False
2026-03-29T07:00:00+00:00,2026-03-29T10:00:00+03:00,2026-03,EBM0326,2555.0431010559932,EPIAS_VEP:EBM0326,True,False,False
2026-03-29T08:00:00+00:00,2026-03-29T11:00:00+03:00,2026-03,EBM0326,2555.0768800724873,EPIAS_VEP:EBM0326,True,False,False
2026-03-29T09:00:00+00:00,2026-03-29T12:00:00+03:00,2026-03,EBM0326,2555.1140845999867,EPIAS_VEP:EBM0326,True,False,False
2026-03-29T10:00:00+00:00,2026-03-29T13:00:00+03:00,2026-03,EBM0326,2555.1548359227895,EPIAS_VEP:EBM0326,True,False,False
2026-03-29T11:00:00+00:00,2026-03-29T14:00:00+03:00,2026-03,EBM0326,2555.1992356898695,EPIAS_VEP:EBM0326,True,False,False
2026-03-29T12:00:00+00:00,2026-03-29T15:00:00+03:00,2026-03,EBM0326,2555.247361839744,EPIAS_VEP:EBM0326,True,False,False
2026-03-29T13:00:00+00:00,2026-03-29T16:00:00+03:00,2026-03,EBM0326,2555.2992641604997,EPIAS_VEP:EBM0326,True,False,False
2026-03-29T14:00:00+00:00,2026-03-29T17:00:00+03:00,2026-03,EBM0326,2555.3549594771753,EPIAS_VEP:EBM0326,True,False,False
2026-03-29T15:00:00+00:00,2026-03-29T18:00:00+03:00,2026-03,EBM0326,2555.414426461531,EPIAS_VEP:EBM0326,True,False,False
2026-03-29T16:00:00+00:00,2026-03-29T19:00:00+03:00,2026-03,EBM0326,2555.4776000625156,EPIAS_VEP:EBM0326,True,False,False
2026-03-29T17:00:00+00:00,2026-03-29T20:00:00+03:00,2026-03,EBM0326,2555.544365559568,EPIAS_VEP:EBM0326,True,False,False
2026-03-29T18:00:00+00:00,2026-03-29T21:00:00+03:00,2026-03,EBM0326,2555.6145522452575,EPIAS_VEP:EBM0326,True,False,False
2026-03-29T19:00:00+00:00,2026-03-29T22:00:00+03:00,2026-03,EBM0326,2555.6879267487325,EPIAS_VEP:EBM0326,True,False,False
2026-03-29T20:00:00+00:00,2026-03-29T23:00:00+03:00,2026-03,EBM0326,2555.764186017055,EPIAS_VEP:EBM0326,True,False,False
2026-03-29T21:00:00+00:00,2026-03-30T00:00:00+03:00,2026-03,EBM0326,2555.842949977749,EPIAS_VEP:EBM0326,True,False,False
2026-03-29T22:00:00+00:00,2026-03-30T01:00:00+03:00,2026-03,EBM0326,2555.9237539128735,EPIAS_VEP:EBM0326,True,False,False
2026-03-29T23:00:00+00:00,2026-03-30T02:00:00+03:00,2026-03,EBM0326,2556.0060405826275,EPIAS_VEP:EBM0326,True,False,False
2026-03-30T00:00:00+00:00,2026-03-30T03:00:00+03:00,2026-03,EBM0326,2556.089152144954,EPIAS_VEP:EBM0326,True,False,False
2026-03-30T01:00:00+00:00,2026-03-30T04:00:00+03:00,2026-03,EBM0326,2556.172321926876,EPIAS_VEP:EBM0326,True,False,False
2026-03-30T02:00:00+00:00,2026-03-30T05:00:00+03:00,2026-03,EBM0326,2556.2546661133383,EPIAS_VEP:EBM0326,True,False,False
2026-03-30T03:00:00+00:00,2026-03-30T06:00:00+03:00,2026-03,EBM0326,2556.3351754302303,EPIAS_VEP:EBM0326,True,False,False
2026-03-30T04:00:00+00:00,2026-03-30T07:00:00+03:00,2026-03,EBM0326,2556.4127069099663,EPIAS_VEP:EBM0326,True,False,False
2026-03-30T05:00:00+00:00,2026-03-30T08:00:00+03:00,2026-03,EBM0326,2556.4859758405546,EPIAS_VEP:EBM0326,True,False,False
2026-03-30T06:00:00+00:00,2026-03-30T09:00:00+03:00,2026-03,EBM0326,2556.55354801245,EPIAS_VEP:EBM0326,True,False,False
2026-03-30T07:00:00+00:00,2026-03-30T10:00:00+03:00,2026-03,EBM0326,2556.613832391658,EPIAS_VEP:EBM0326,True,False,False
2026-03-30T08:00:00+00:00,2026-03-30T11:00:00+03:00,2026-03,EBM0326,2556.6650743625214,EPIAS_VEP:EBM0326,True,False,False
2026-03-30T09:00:00+00:00,2026-03-30T12:00:00+03:00,2026-03,EBM0326,2556.705349699114,EPIAS_VEP:EBM0326,True,False,False
2026-03-30T10:00:00+00:00,2026-03-30T13:00:00+03:00,2026-03,EBM0326,2556.7325594412105,EPIAS_VEP:EBM0326,True,False,False
2026-03-30T11:00:00+00:00,2026-03-30T14:00:00+03:00,2026-03,EBM0326,2556.744425866753,EPIAS_VEP:EBM0326,True,False,False
2026-03-30T12:00:00+00:00,2026-03-30T15:00:00+03:00,2026-03,EBM0326,2556.738489770876,EPIAS_VEP:EBM0326,True,False,False
2026-03-30T13:00:00+00:00,2026-03-30T16:00:00+03:00,2026-03,EBM0326,2556.7121092792654,EPIAS_VEP:EBM0326,True,False,False
2026-03-30T14:00:00+00:00,2026-03-30T17:00:00+03:00,2026-03,EBM0326,2556.662460441767,EPIAS_VEP:EBM0326,True,False,False
2026-03-30T15:00:00+00:00,2026-03-30T18:00:00+03:00,2026-03,EBM0326,2556.5865398704345,EPIAS_VEP:EBM0326,True,False,False
2026-03-30T16:00:00+00:00,2026-03-30T19:00:00+03:00,2026-03,EBM0326,2556.4811697044133,EPIAS_VEP:EBM0326,True,False,False
2026-03-30T17:00:00+00:00,2026-03-30T20:00:00+03:00,2026-03,EBM0326,2556.3430052020008,EPIAS_VEP:EBM0326,True,False,False
2026-03-30T18:00:00+00:00,2026-03-30T21:00:00+03:00,2026-03,EBM0326,2556.168545277661,EPIAS_VEP:EBM0326,True,False,False
2026-03-30T19:00:00+00:00,2026-03-30T22:00:00+03:00,2026-03,EBM0326,2555.9541463184764,EPIAS_VEP:EBM0326,True,False,False
2026-03-30T20:00:00+00:00,2026-03-30T23:00:00+03:00,2026-03,EBM0326,2555.696039630138,EPIAS_VEP:EBM0326,True,False,False
2026-03-30T21:00:00+00:00,2026-03-31T00:00:00+03:00,2026-03,EBM0326,2555.3903528768396,EPIAS_VEP:EBM0326,True,False,False
2026-03-30T22:00:00+00:00,2026-03-31T01:00:00+03:00,2026-03,EBM0326,2555.0331358919516,EPIAS_VEP:EBM0326,True,False,False
2026-03-30T23:00:00+00:00,2026-03-31T02:00:00+03:00,2026-03,EBM0326,2554.6203912466904,EPIAS_VEP:EBM0326,True,False,False
2026-03-31T00:00:00+00:00,2026-03-31T03:00:00+03:00,2026-03,EBM0326,2554.14810997182,EPIAS_VEP:EBM0326,True,False,False
2026-03-31T01:00:00+00:00,2026-03-31T04:00:00+03:00,2026-03,EBM0326,2553.612312832116,EPIAS_VEP:EBM0326,True,False,False
2026-03-31T02:00:00+00:00,2026-03-31T05:00:00+03:00,2026-03,EBM0326,2553.0090975544945,EPIAS_VEP:EBM0326,True,False,False
2026-03-31T03:00:00+00:00,2026-03-31T06:00:00+03:00,2026-03,EBM0326,2552.334692407727,EPIAS_VEP:EBM0326,True,False,False
2026-03-31T04:00:00+00:00,2026-03-31T07:00:00+03:00,2026-03,EBM0326,2551.5855165239636,EPIAS_VEP:EBM0326,True,False,False
2026-03-31T05:00:00+00:00,2026-03-31T08:00:00+03:00,2026-03,EBM0326,2550.758247339251,EPIAS_VEP:EBM0326,True,False,False
2026-03-31T06:00:00+00:00,2026-03-31T09:00:00+03:00,2026-03,EBM0326,2549.8498955111204,EPIAS_VEP:EBM0326,True,False,False
2026-03-31T07:00:00+00:00,2026-03-31T10:00:00+03:00,2026-03,EBM0326,2548.8578876455044,EPIAS_VEP:EBM0326,True,False,False
2026-03-31T08:00:00+00:00,2026-03-31T11:00:00+03:00,2026-03,EBM0326,2547.780157131923,EPIAS_VEP:EBM0326,True,False,False
2026-03-31T09:00:00+00:00,2026-03-31T12:00:00+03:00,2026-03,EBM0326,2546.6152433442658,EPIAS_VEP:EBM0326,True,False,False
2026-03-31T10:00:00+00:00,2026-03-31T13:00:00+03:00,2026-03,EBM0326,2545.362399413854,EPIAS_VEP:EBM0326,True,False,False
2026-03-31T11:00:00+00:00,2026-03-31T14:00:00+03:00,2026-03,EBM0326,2544.021708720808,EPIAS_VEP:EBM0326,True,False,False
2026-03-31T12:00:00+00:00,2026-03-31T15:00:00+03:00,2026-03,EBM0326,2542.5942101784426,EPIAS_VEP:EBM0326,True,False,False
2026-03-31T13:00:00+00:00,2026-03-31T16:00:00+03:00,2026-03,EBM0326,2541.0820323023418,EPIAS_VEP:EBM0326,True,False,False
2026-03-31T14:00:00+00:00,2026-03-31T17:00:00+03:00,2026-03,EBM0326,2539.4885359602126,EPIAS_VEP:EBM0326,True,False,False
2026-03-31T15:00:00+00:00,2026-03-31T18:00:00+03:00,2026-03,EBM0326,2537.8184655896475,EPIAS_VEP:EBM0326,True,False,False
2026-03-31T16:00:00+00:00,2026-03-31T19:00:00+03:00,2026-03,EBM0326,2536.078108547788,EPIAS_VEP:EBM0326,True,False,False
2026-03-31T17:00:00+00:00,2026-03-31T20:00:00+03:00,2026-03,EBM0326,2534.2754621183694,EPIAS_VEP:EBM0326,True,False,False
2026-03-31T18:00:00+00:00,2026-03-31T21:00:00+03:00,2026-03,EBM0326,2532.420407547255,EPIAS_VEP:EBM0326,True,False,False
2026-03-31T19:00:00+00:00,2026-03-31T22:00:00+03:00,2026-03,EBM0326,2530.524890307611,EPIAS_VEP:EBM0326,True,False,False
2026-03-31T20:00:00+00:00,2026-03-31T23:00:00+03:00,2026-03,EBM0326,2528.6031056063216,EPIAS_VEP:EBM0326,True,False,False
2026-03-31T21:00:00+00:00,2026-04-01T00:00:00+03:00,2026-04,EBM0426,2526.6716879322003,EPIAS_VEP:EBM0426,True,False,False
2026-03-31T22:00:00+00:00,2026-04-01T01:00:00+03:00,2026-04,EBM0426,2524.7499032366386,EPIAS_VEP:EBM0426,True,False,False
2026-03-31T23:00:00+00:00,2026-04-01T02:00:00+03:00,2026-04,EBM0426,2522.854386008482,EPIAS_VEP:EBM0426,True,False,False
2026-04-01T00:00:00+00:00,2026-04-01T03:00:00+03:00,2026-04,EBM0426,2520.9993314525027,EPIAS_VEP:EBM0426,True,False,False
2026-04-01T01:00:00+00:00,2026-04-01T04:00:00+03:00,2026-04,EBM0426,2519.196685041121,EPIAS_VEP:EBM0426,True,False,False
2026-04-01T02:00:00+00:00,2026-04-01T05:00:00+03:00,2026-04,EBM0426,2517.456328019863,EPIAS_VEP:EBM0426,True,False,False
2026-04-01T03:00:00+00:00,2026-04-01T06:00:00+03:00,2026-04,EBM0426,2515.7862576720017,EPIAS_VEP:EBM0426,True,False,False
2026-04-01T04:00:00+00:00,2026-04-01T07:00:00+03:00,2026-04,EBM0426,2514.1927613542593,EPIAS_VEP:EBM0426,True,False,False
2026-04-01T05:00:00+00:00,2026-04-01T08:00:00+03:00,2026-04,EBM0426,2512.680583503843,EPIAS_VEP:EBM0426,True,False,False
2026-04-01T06:00:00+00:00,2026-04-01T09:00:00+03:00,2026-04,EBM0426,2511.2530849880736,EPIAS_VEP:EBM0426,True,False,False
2026-04-01T07:00:00+00:00,2026-04-01T10:00:00+03:00,2026-04,EBM0426,2509.912394322171,EPIAS_VEP:EBM0426,True,False,False
2026-04-01T08:00:00+00:00,2026-04-01T11:00:00+03:00,2026-04,EBM0426,2508.659550419108,EPIAS_VEP:EBM0426,True,False,False
2026-04-01T09:00:00+00:00,2026-04-01T12:00:00+03:00,2026-04,EBM0426,2507.4946366586746,EPIAS_VEP:EBM0426,True,False,False
2026-04-01T10:00:00+00:00,2026-04-01T13:00:00+03:00,2026-04,EBM0426,2506.416906171868,EPIAS_VEP:EBM0426,True,False,False
2026-04-01T11:00:00+00:00,2026-04-01T14:00:00+03:00,2026-04,EBM0426,2505.4248983322714,EPIAS_VEP:EBM0426,True,False,False
2026-04-01T12:00:00+00:00,2026-04-01T15:00:00+03:00,2026-04,EBM0426,2504.5165465291007,EPIAS_VEP:EBM0426,True,False,False
2026-04-01T13:00:00+00:00,2026-04-01T16:00:00+03:00,2026-04,EBM0426,2503.6892773679892,EPIAS_VEP:EBM0426,True,False,False
2026-04-01T14:00:00+00:00,2026-04-01T17:00:00+03:00,2026-04,EBM0426,2502.940101506166,EPIAS_VEP:EBM0426,True,False,False
2026-04-01T15:00:00+00:00,2026-04-01T18:00:00+03:00,2026-04,EBM0426,2502.2656963793743,EPIAS_VEP:EBM0426,True,False,False
2026-04-01T16:00:00+00:00,2026-04-01T19:00:00+03:00,2026-04,EBM0426,2501.6624811194583,EPIAS_VEP:EBM0426,True,False,False
2026-04-01T17:00:00+00:00,2026-04-01T20:00:00+03:00,2026-04,EBM0426,2501.126683994877,EPIAS_VEP:EBM0426,True,False,False
2026-04-01T18:00:00+00:00,2026-04-01T21:00:00+03:00,2026-04,EBM0426,2500.6544027322266,EPIAS_VEP:EBM0426,True,False,False
2026-04-01T19:00:00+00:00,2026-04-01T22:00:00+03:00,2026-04,EBM0426,2500.2416580959525,EPIAS_VEP:EBM0426,True,False,False
2026-04-01T20:00:00+00:00,2026-04-01T23:00:00+03:00,2026-04,EBM0426,2499.8844411171403,EPIAS_VEP:EBM0426,True,False,False
2026-04-01T21:00:00+00:00,2026-04-02T00:00:00+03:00,2026-04,EBM0426,2499.578754367317,EPIAS_VEP:EBM0426,True,False,False
2026-04-01T22:00:00+00:00,2026-04-02T01:00:00+03:00,2026-04,EBM0426,2499.320647680146,EPIAS_VEP:EBM0426,True,False,False
2026-04-01T23:00:00+00:00,2026-04-02T02:00:00+03:00,2026-04,EBM0426,2499.106248720105,EPIAS_VEP:EBM0426,True,False,False
2026-04-02T00:00:00+00:00,2026-04-02T03:00:00+03:00,2026-04,EBM0426,2498.9317887931534,EPIAS_VEP:EBM0426,True,False,False
2026-04-02T01:00:00+00:00,2026-04-02T04:00:00+03:00,2026-04,EBM0426,2498.7936242866303,EPIAS_VEP:EBM0426,True,False,False
2026-04-02T02:00:00+00:00,2026-04-02T05:00:00+03:00,2026-04,EBM0426,2498.6882541152468,EPIAS_VEP:EBM0426,True,False,False
2026-04-02T03:00:00+00:00,2026-04-02T06:00:00+03:00,2026-04,EBM0426,2498.6123335375337,EPIAS_VEP:EBM0426,True,False,False
2026-04-02T04:00:00+00:00,2026-04-02T07:00:00+03:00,2026-04,EBM0426,2498.5626846928617,EPIAS_VEP:EBM0426,True,False,False
2026-04-02T05:00:00+00:00,2026-04-02T08:00:00+03:00,2026-04,EBM0426,2498.5363041934975,EPIAS_VEP:EBM0426,True,False,False
2026-04-02T06:00:00+00:00,2026-04-02T09:00:00+03:00,2026-04,EBM0426,2498.5303680894885,EPIAS_VEP:EBM0426,True,False,False
2026-04-02T07:00:00+00:00,2026-04-02T10:00:00+03:00,2026-04,EBM0426,2498.5422345067154,EPIAS_VEP:EBM0426,True,False,False
2026-04-02T08:00:00+00:00,2026-04-02T11:00:00+03:00,2026-04,EBM0426,2498.569444240501,EPIAS_VEP:EBM0426,True,False,False
2026-04-02T09:00:00+00:00,2026-04-02T12:00:00+03:00,2026-04,EBM0426,2498.6097195689676,EPIAS_VEP:EBM0426,True,False,False
2026-04-02T10:00:00+00:00,2026-04-02T13:00:00+03:00,2026-04,EBM0426,2498.6609615320626,EPIAS_VEP:EBM0426,True,False,False
2026-04-02T11:00:00+00:00,2026-04-02T14:00:00+03:00,2026-04,EBM0426,2498.721245904026,EPIAS_VEP:EBM0426,True,False,False
2026-04-02T12:00:00+00:00,2026-04-02T15:00:00+03:00,2026-04,EBM0426,2498.788818069195,EPIAS_VEP:EBM0426,True,False,False
2026-04-02T13:00:00+00:00,2026-04-02T16:00:00+03:00,2026-04,EBM0426,2498.8620869935676,EPIAS_VEP:EBM0426,True,False,False
2026-04-02T14:00:00+00:00,2026-04-02T17:00:00+03:00,2026-04,EBM0426,2498.9396184675875,EPIAS_VEP:EBM0426,True,False,False
2026-04-02T15:00:00+00:00,2026-04-02T18:00:00+03:00,2026-04,EBM0426,2499.0201277792485,EPIAS_VEP:EBM0426,True,False,False
2026-04-02T16:00:00+00:00,2026-04-02T19:00:00+03:00,2026-04,EBM0426,2499.1024719609472,EPIAS_VEP:EBM0426,True,False,False
2026-04-02T17:00:00+00:00,2026-04-02T20:00:00+03:00,2026-04,EBM0426,2499.185641738554,EPIAS_VEP:EBM0426,True,False,False
2026-04-02T18:00:00+00:00,2026-04-02T21:00:00+03:00,2026-04,EBM0426,2499.2687532969935,EPIAS_VEP:EBM0426,True,False,False
2026-04-02T19:00:00+00:00,2026-04-02T22:00:00+03:00,2026-04,EBM0426,2499.3510399632673,EPIAS_VEP:EBM0426,True,False,False
2026-04-02T20:00:00+00:00,2026-04-02T23:00:00+03:00,2026-04,EBM0426,2499.431843895298,EPIAS_VEP:EBM0426,True,False,False
2026-04-02T21:00:00+00:00,2026-04-03T00:00:00+03:00,2026-04,EBM0426,2499.510607853262,EPIAS_VEP:EBM0426,True,False,False
2026-04-02T22:00:00+00:00,2026-04-03T01:00:00+03:00,2026-04,EBM0426,2499.586867119198,EPIAS_VEP:EBM0426,True,False,False
2026-04-02T23:00:00+00:00,2026-04-03T02:00:00+03:00,2026-04,EBM0426,2499.6602416206065,EPIAS_VEP:EBM0426,True,False,False
2026-04-03T00:00:00+00:00,2026-04-03T03:00:00+03:00,2026-04,EBM0426,2499.7304283045282,EPIAS_VEP:EBM0426,True,False,False
2026-04-03T01:00:00+00:00,2026-04-03T04:00:00+03:00,2026-04,EBM0426,2499.79719380009,EPIAS_VEP:EBM0426,True,False,False
2026-04-03T02:00:00+00:00,2026-04-03T05:00:00+03:00,2026-04,EBM0426,2499.8603673998387,EPIAS_VEP:EBM0426,True,False,False
2026-04-03T03:00:00+00:00,2026-04-03T06:00:00+03:00,2026-04,EBM0426,2499.9198343831913,EPIAS_VEP:EBM0426,True,False,False
2026-04-03T04:00:00+00:00,2026-04-03T07:00:00+03:00,2026-04,EBM0426,2499.9755296990743,EPIAS_VEP:EBM0426,True,False,False
2026-04-03T05:00:00+00:00,2026-04-03T08:00:00+03:00,2026-04,EBM0426,2500.0274320192293,EPIAS_VEP:EBM0426,True,False,False
2026-04-03T06:00:00+00:00,2026-04-03T09:00:00+03:00,2026-04,EBM0426,2500.075558168676,EPIAS_VEP:EBM0426,True,False,False
2026-04-03T07:00:00+00:00,2026-04-03T10:00:00+03:00,2026-04,EBM0426,2500.1199579354816,EPIAS_VEP:EBM0426,True,False,False
2026-04-03T08:00:00+00:00,2026-04-03T11:00:00+03:00,2026-04,EBM0426,2500.160709258148,EPIAS_VEP:EBM0426,True,False,False
2026-04-03T09:00:00+00:00,2026-04-03T12:00:00+03:00,2026-04,EBM0426,2500.1979137856333,EPIAS_VEP:EBM0426,True,False,False
2026-04-03T10:00:00+00:00,2026-04-03T13:00:00+03:00,2026-04,EBM0426,2500.2316928022187,EPIAS_VEP:EBM0426,True,False,False
2026-04-03T11:00:00+00:00,2026-04-03T14:00:00+03:00,2026-04,EBM0426,2500.262183507057,EPIAS_VEP:EBM0426,True,False,False
2026-04-03T12:00:00+00:00,2026-04-03T15:00:00+03:00,2026-04,EBM0426,2500.289535636274,EPIAS_VEP:EBM0426,True,False,False
2026-04-03T13:00:00+00:00,2026-04-03T16:00:00+03:00,2026-04,EBM0426,2500.3139084138934,EPIAS_VEP:EBM0426,True,False,False
2026-04-03T14:00:00+00:00,2026-04-03T17:00:00+03:00,2026-04,EBM0426,2500.335467816626,EPIAS_VEP:EBM0426,True,False,False
2026-04-03T15:00:00+00:00,2026-04-03T18:00:00+03:00,2026-04,EBM0426,2500.3543841365918,EPIAS_VEP:EBM0426,True,False,False
2026-04-03T16:00:00+00:00,2026-04-03T19:00:00+03:00,2026-04,EBM0426,2500.3708298253787,EPIAS_VEP:EBM0426,True,False,False
2026-04-03T17:00:00+00:00,2026-04-03T20:00:00+03:00,2026-04,EBM0426,2500.384977602411,EPIAS_VEP:EBM0426,True,False,False
2026-04-03T18:00:00+00:00,2026-04-03T21:00:00+03:00,2026-04,EBM0426,2500.396998810381,EPIAS_VEP:EBM0426,True,False,False
2026-04-03T19:00:00+00:00,2026-04-03T22:00:00+03:00,2026-04,EBM0426,2500.4070620004727,EPIAS_VEP:EBM0426,True,False,False
2026-04-03T20:00:00+00:00,2026-04-03T23:00:00+03:00,2026-04,EBM0426,2500.4153317302394,EPIAS_VEP:EBM0426,True,False,False
2026-04-03T21:00:00+00:00,2026-04-04T00:00:00+03:00,2026-04,EBM0426,2500.4219675572845,EPIAS_VEP:EBM0426,True,False,False
2026-04-03T22:00:00+00:00,2026-04-04T01:00:00+03:00,2026-04,EBM0426,2500.4271232122883,EPIAS_VEP:EBM0426,True,False,False
2026-04-03T23:00:00+00:00,2026-04-04T02:00:00+03:00,2026-04,EBM0426,2500.4309459354254,EPIAS_VEP:EBM0426,True,False,False
2026-04-04T00:00:00+00:00,2026-04-04T03:00:00+03:00,2026-04,EBM0426,2500.433575960801,EPIAS_VEP:EBM0426,True,False,False
2026-04-04T01:00:00+00:00,2026-04-04T04:00:00+03:00,2026-04,EBM0426,2500.435146134176,EPIAS_VEP:EBM0426,True,False,False
2026-04-04T02:00:00+00:00,2026-04-04T05:00:00+03:00,2026-04,EBM0426,2500.4357816499664,EPIAS_VEP:EBM0426,True,False,False
2026-04-04T03:00:00+00:00,2026-04-04T06:00:00+03:00,2026-04,EBM0426,2500.4355998942247,EPIAS_VEP:EBM0426,True,False,False
2026-04-04T04:00:00+00:00,2026-04-04T07:00:00+03:00,2026-04,EBM0426,2500.434710381089,EPIAS_VEP:EBM0426,True,False,False
2026-04-04T05:00:00+00:00,2026-04-04T08:00:00+03:00,2026-04,EBM0426,2500.4332147709592,EPIAS_VEP:EBM0426,True,False,False
2026-04-04T06:00:00+00:00,2026-04-04T09:00:00+03:00,2026-04,EBM0426,2500.431206959446,EPIAS_VEP:EBM0426,True,False,False
2026-04-04T07:00:00+00:00,2026-04-04T10:00:00+03:00,2026-04,EBM0426,2500.4287732269336,EPIAS_VEP:EBM0426,True,False,False
2026-04-04T08:00:00+00:00,2026-04-04T11:00:00+03:00,2026-04,EBM0426,2500.425992439359,EPIAS_VEP:EBM0426,True,False,False
2026-04-04T09:00:00+00:00,2026-04-04T12:00:00+03:00,2026-04,EBM0426,2500.422936291588,EPIAS_VEP:EBM0426,True,False,False
2026-04-04T10:00:00+00:00,2026-04-04T13:00:00+03:00,2026-04,EBM0426,2500.419669585493,EPIAS_VEP:EBM0426,True,False,False
2026-04-04T11:00:00+00:00,2026-04-04T14:00:00+03:00,2026-04,EBM0426,2500.4162505355685,EPIAS_VEP:EBM0426,True,False,False
2026-04-04T12:00:00+00:00,2026-04-04T15:00:00+03:00,2026-04,EBM0426,2500.4127310956,EPIAS_VEP:EBM0426,True,False,False
2026-04-04T13:00:00+00:00,2026-04-04T16:00:00+03:00,2026-04,EBM0426,2500.409157300571,EPIAS_VEP:EBM0426,True,False,False
2026-04-04T14:00:00+00:00,2026-04-04T17:00:00+03:00,2026-04,EBM0426,2500.405569618609,EPIAS_VEP:EBM0426,True,False,False
2026-04-04T15:00:00+00:00,2026-04-04T18:00:00+03:00,2026-04,EBM0426,2500.402003308362,EPIAS_VEP:EBM0426,True,False,False
2026-04-04T16:00:00+00:00,2026-04-04T19:00:00+03:00,2026-04,EBM0426,2500.398488777766,EPIAS_VEP:EBM0426,True,False,False
2026-04-04T17:00:00+00:00,2026-04-04T20:00:00+03:00,2026-04,EBM0426,2500.395051940678,EPIAS_VEP:EBM0426,True,False,False
2026-04-04T18:00:00+00:00,2026-04-04T21:00:00+03:00,2026-04,EBM0426,2500.3917145683267,EPIAS_VEP:EBM0426,True,False,False
2026-04-04T19:00:00+00:00,2026-04-04T22:00:00+03:00,2026-04,EBM0426,2500.388494632997,EPIAS_VEP:EBM0426,True,False,False
2026-04-04T20:00:00+00:00,2026-04-04T23:00:00+03:00,2026-04,EBM0426,2500.385406641768,EPIAS_VEP:EBM0426,True,False,False
2026-04-04T21:00:00+00:00,2026-04-05T00:00:00+03:00,2026-04,EBM0426,2500.382461958503,EPIAS_VEP:EBM0426,True,False,False
2026-04-04T22:00:00+00:00,2026-04-05T01:00:00+03:00,2026-04,EBM0426,2500.3796691126513,EPIAS_VEP:EBM0426,True,False,False
2026-04-04T23:00:00+00:00,2026-04-05T02:00:00+03:00,2026-04,EBM0426,2500.3770340937176,EPIAS_VEP:EBM0426,True,False,False
2026-04-05T00:00:00+00:00,2026-04-05T03:00:00+03:00,2026-04,EBM0426,2500.3745606305447,EPIAS_VEP:EBM0426,True,False,False
2026-04-05T01:00:00+00:00,2026-04-05T04:00:00+03:00,2026-04,EBM0426,2500.3722504548164,EPIAS_VEP:EBM0426,True,False,False
2026-04-05T02:00:00+00:00,2026-04-05T05:00:00+03:00,2026-04,EBM0426,2500.370103548403,EPIAS_VEP:EBM0426,True,False,False
2026-04-05T03:00:00+00:00,2026-04-05T06:00:00+03:00,2026-04,EBM0426,2500.3681183743797,EPIAS_VEP:EBM0426,True,False,False
2026-04-05T04:00:00+00:00,2026-04-05T07:00:00+03:00,2026-04,EBM0426,2500.366292091717,EPIAS_VEP:EBM0426,True,False,False
2026-04-05T05:00:00+00:00,2026-04-05T08:00:00+03:00,2026-04,EBM0426,2500.3646207537995,EPIAS_VEP:EBM0426,True,False,False
2026-04-05T06:00:00+00:00,2026-04-05T09:00:00+03:00,2026-04,EBM0426,2500.3630994910536,EPIAS_VEP:EBM0426,True,False,False
2026-04-05T07:00:00+00:00,2026-04-05T10:00:00+03:00,2026-04,EBM0426,2500.3617226780802,EPIAS_VEP:EBM0426,True,False,False
2026-04-05T08:00:00+00:00,2026-04-05T11:00:00+03:00,2026-04,EBM0426,2500.3604840857824,EPIAS_VEP:EBM0426,True,False,False
2026-04-05T09:00:00+00:00,2026-04-05T12:00:00+03:00,2026-04,EBM0426,2500.3593770190446,EPIAS_VEP:EBM0426,True,False,False
2026-04-05T10:00:00+00:00,2026-04-05T13:00:00+03:00,2026-04,EBM0426,2500.3583944405937,EPIAS_VEP:EBM0426,True,False,False
2026-04-05T11:00:00+00:00,2026-04-05T14:00:00+03:00,2026-04,EBM0426,2500.357529081705,EPIAS_VEP:EBM0426,True,False,False
2026-04-05T12:00:00+00:00,2026-04-05T15:00:00+03:00,2026-04,EBM0426,2500.3567735404595,EPIAS_VEP:EBM0426,True,False,False
2026-04-05T13:00:00+00:00,2026-04-05T16:00:00+03:00,2026-04,EBM0426,2500.3561203682825,EPIAS_VEP:EBM0426,True,False,False
2026-04-05T14:00:00+00:00,2026-04-05T17:00:00+03:00,2026-04,EBM0426,2500.355562145495,EPIAS_VEP:EBM0426,True,False,False
2026-04-05T15:00:00+00:00,2026-04-05T18:00:00+03:00,2026-04,EBM0426,2500.35509154663,EPIAS_VEP:EBM0426,True,False,False
2026-04-05T16:00:00+00:00,2026-04-05T19:00:00+03:00,2026-04,EBM0426,2500.354701396256,EPIAS_VEP:EBM0426,True,False,False
2026-04-05T17:00:00+00:00,2026-04-05T20:00:00+03:00,2026-04,EBM0426,2500.3543847160395,EPIAS_VEP:EBM0426,True,False,False
2026-04-05T18:00:00+00:00,2026-04-05T21:00:00+03:00,2026-04,EBM0426,2500.3541347637556,EPIAS_VEP:EBM0426,True,False,False
2026-04-05T19:00:00+00:00,2026-04-05T22:00:00+03:00,2026-04,EBM0426,2500.35394506496,EPIAS_VEP:EBM0426,True,False,False
2026-04-05T20:00:00+00:00,2026-04-05T23:00:00+03:00,2026-04,EBM0426,2500.353809437981,EPIAS_VEP:EBM0426,True,False,False
2026-04-05T21:00:00+00:00,2026-04-06T00:00:00+03:00,2026-04,EBM0426,2500.353722012891,EPIAS_VEP:EBM0426,True,False,False
2026-04-05T22:00:00+00:00,2026-04-06T01:00:00+03:00,2026-04,EBM0426,2500.353677245069,EPIAS_VEP:EBM0426,True,False,False
2026-04-05T23:00:00+00:00,2026-04-06T02:00:00+03:00,2026-04,EBM0426,2500.3536699239444,EPIAS_VEP:EBM0426,True,False,False
2026-04-06T00:00:00+00:00,2026-04-06T03:00:00+03:00,2026-04,EBM0426,2500.353695177476,EPIAS_VEP:EBM0426,True,False,False
2026-04-06T01:00:00+00:00,2026-04-06T04:00:00+03:00,2026-04,EBM0426,2500.353748472879,EPIAS_VEP:EBM0426,True,False,False
2026-04-06T02:00:00+00:00,2026-04-06T05:00:00+03:00,2026-04,EBM0426,2500.353825614102,EPIAS_VEP:EBM0426,True,False,False
2026-04-06T03:00:00+00:00,2026-04-06T06:00:00+03:00,2026-04,EBM0426,2500.353922736493,EPIAS_VEP:EBM0426,True,False,False
2026-04-06T04:00:00+00:00,2026-04-06T07:00:00+03:00,2026-04,EBM0426,2500.3540362990925,EPIAS_VEP:EBM0426,True,False,False
2026-04-06T05:00:00+00:00,2026-04-06T08:00:00+03:00,2026-04,EBM0426,2500.354163074917,EPIAS_VEP:EBM0426,True,False,False
2026-04-06T06:00:00+00:00,2026-04-06T09:00:00+03:00,2026-04,EBM0426,2500.354300139602,EPIAS_VEP:EBM0426,True,False,False
2026-04-06T07:00:00+00:00,2026-04-06T10:00:00+03:00,2026-04,EBM0426,2500.3544448587254,EPIAS_VEP:EBM0426,True,False,False
2026-04-06T08:00:00+00:00,2026-04-06T11:00:00+03:00,2026-04,EBM0426,2500.354594874101,EPIAS_VEP:EBM0426,True,False,False
2026-04-06T09:00:00+00:00,2026-04-06T12:00:00+03:00,2026-04,EBM0426,2500.354748089308,EPIAS_VEP:EBM0426,True,False,False
2026-04-06T10:00:00+00:00,2026-04-06T13:00:00+03:00,2026-04,EBM0426,2500.3549026546875,EPIAS_VEP:EBM0426,True,False,False
2026-04-06T11:00:00+00:00,2026-04-06T14:00:00+03:00,2026-04,EBM0426,2500.355056952023,EPIAS_VEP:EBM0426,True,False,False
2026-04-06T12:00:00+00:00,2026-04-06T15:00:00+03:00,2026-04,EBM0426,2500.3552095790824,EPIAS_VEP:EBM0426,True,False,False
2026-04-06T13:00:00+00:00,2026-04-06T16:00:00+03:00,2026-04,EBM0426,2500.3553593341876,EPIAS_VEP:EBM0426,True,False,False
2026-04-06T14:00:00+00:00,2026-04-06T17:00:00+03:00,2026-04,EBM0426,2500.3555052009538,EPIAS_VEP:EBM0426,True,False,False
2026-04-06T15:00:00+00:00,2026-04-06T18:00:00+03:00,2026-04,EBM0426,2500.3556463333125,EPIAS_VEP:EBM0426,True,False,False
2026-04-06T16:00:00+00:00,2026-04-06T19:00:00+03:00,2026-04,EBM0426,2500.3557820409264,EPIAS_VEP:EBM0426,True,False,False
2026-04-06T17:00:00+00:00,2026-04-06T20:00:00+03:00,2026-04,EBM0426,2500.355911775075,EPIAS_VEP:EBM0426,True,False,False
2026-04-06T18:00:00+00:00,2026-04-06T21:00:00+03:00,2026-04,EBM0426,2500.356035115083,EPIAS_VEP:EBM0426,True,False,False
2026-04-06T19:00:00+00:00,2026-04-06T22:00:00+03:00,2026-04,EBM0426,2500.3561517553503,EPIAS_VEP:EBM0426,True,False,False
2026-04-06T20:00:00+00:00,2026-04-06T23:00:00+03:00,2026-04,EBM0426,2500.356261493015,EPIAS_VEP:EBM0426,True,False,False
2026-04-06T21:00:00+00:00,2026-04-07T00:00:00+03:00,2026-04,EBM0426,2500.356364216291,EPIAS_VEP:EBM0426,True,False,False
2026-04-06T22:00:00+00:00,2026-04-07T01:00:00+03:00,2026-04,EBM0426,2500.356459893493,EPIAS_VEP:EBM0426,True,False,False
2026-04-06T23:00:00+00:00,2026-04-07T02:00:00+03:00,2026-04,EBM0426,2500.356548562765,EPIAS_VEP:EBM0426,True,False,False
2026-04-07T00:00:00+00:00,2026-04-07T03:00:00+03:00,2026-04,EBM0426,2500.356630322512,EPIAS_VEP:EBM0426,True,False,False
2026-04-07T01:00:00+00:00,2026-04-07T04:00:00+03:00,2026-04,EBM0426,2500.3567053225333,EPIAS_VEP:EBM0426,True,False,False
2026-04-07T02:00:00+00:00,2026-04-07T05:00:00+03:00,2026-04,EBM0426,2500.356773755847,EPIAS_VEP:EBM0426,True,False,False
2026-04-07T03:00:00+00:00,2026-04-07T06:00:00+03:00,2026-04,EBM0426,2500.3568358511875,EPIAS_VEP:EBM0426,True,False,False
2026-04-07T04:00:00+00:00,2026-04-07T07:00:00+03:00,2026-04,EBM0426,2500.3568918661636,EPIAS_VEP:EBM0426,True,False,False
2026-04-07T05:00:00+00:00,2026-04-07T08:00:00+03:00,2026-04,EBM0426,2500.3569420810513,EPIAS_VEP:EBM0426,True,False,False
2026-04-07T06:00:00+00:00,2026-04-07T09:00:00+03:00,2026-04,EBM0426,2500.356986793189,EPIAS_VEP:EBM0426,True,False,False
2026-04-07T07:00:00+00:00,2026-04-07T10:00:00+03:00,2026-04,EBM0426,2500.3570263119577,EPIAS_VEP:EBM0426,True,False,False
2026-04-07T08:00:00+00:00,2026-04-07T11:00:00+03:00,2026-04,EBM0426,2500.357060954309,EPIAS_VEP:EBM0426,True,False,False
2026-04-07T09:00:00+00:00,2026-04-07T12:00:00+03:00,2026-04,EBM0426,2500.3570910408134,EPIAS_VEP:EBM0426,True,False,False
2026-04-07T10:00:00+00:00,2026-04-07T13:00:00+03:00,2026-04,EBM0426,2500.3571168921953,EPIAS_VEP:EBM0426,True,False,False
2026-04-07T11:00:00+00:00,2026-04-07T14:00:00+03:00,2026-04,EBM0426,2500.357138826327,EPIAS_VEP:EBM0426,True,False,False
2026-04-07T12:00:00+00:00,2026-04-07T15:00:00+03:00,2026-04,EBM0426,2500.3571571556417,EPIAS_VEP:EBM0426,True,False,False
2026-04-07T13:00:00+00:00,2026-04-07T16:00:00+03:00,2026-04,EBM0426,2500.357172184941,EPIAS_VEP:EBM0426,True,False,False
2026-04-07T14:00:00+00:00,2026-04-07T17:00:00+03:00,2026-04,EBM0426,2500.357184209561,EPIAS_VEP:EBM0426,True,False,False
2026-04-07T15:00:00+00:00,2026-04-07T18:00:00+03:00,2026-04,EBM0426,2500.35719351387,EPIAS_VEP:EBM0426,True,False,False
2026-04-07T16:00:00+00:00,2026-04-07T19:00:00+03:00,2026-04,EBM0426,2500.3572003700656,EPIAS_VEP:EBM0426,True,False,False
2026-04-07T17:00:00+00:00,2026-04-07T20:00:00+03:00,2026-04,EBM0426,2500.3572050372445,EPIAS_VEP:EBM0426,True,False,False
2026-04-07T18:00:00+00:00,2026-04-07T21:00:00+03:00,2026-04,EBM0426,2500.3572077607146,EPIAS_VEP:EBM0426,True,False,False
2026-04-07T19:00:00+00:00,2026-04-07T22:00:00+03:00,2026-04,EBM0426,2500.357208771532,EPIAS_VEP:EBM0426,True,False,False
2026-04-07T20:00:00+00:00,2026-04-07T23:00:00+03:00,2026-04,EBM0426,2500.357208286226,EPIAS_VEP:EBM0426,True,False,False
2026-04-07T21:00:00+00:00,2026-04-08T00:00:00+03:00,2026-04,EBM0426,2500.3572065066987,EPIAS_VEP:EBM0426,True,False,False
2026-04-07T22:00:00+00:00,2026-04-08T01:00:00+03:00,2026-04,EBM0426,2500.357203620273,EPIAS_VEP:EBM0426,True,False,False
2026-04-07T23:00:00+00:00,2026-04-08T02:00:00+03:00,2026-04,EBM0426,2500.3571997998715,EPIAS_VEP:EBM0426,True,False,False
2026-04-08T00:00:00+00:00,2026-04-08T03:00:00+03:00,2026-04,EBM0426,2500.3571952043058,EPIAS_VEP:EBM0426,True,False,False
2026-04-08T01:00:00+00:00,2026-04-08T04:00:00+03:00,2026-04,EBM0426,2500.3571899786593,EPIAS_VEP:EBM0426,True,False,False
2026-04-08T02:00:00+00:00,2026-04-08T05:00:00+03:00,2026-04,EBM0426,2500.3571842547453,EPIAS_VEP:EBM0426,True,False,False
2026-04-08T03:00:00+00:00,2026-04-08T06:00:00+03:00,2026-04,EBM0426,2500.3571781516293,EPIAS_VEP:EBM0426,True,False,False
2026-04-08T04:00:00+00:00,2026-04-08T07:00:00+03:00,2026-04,EBM0426,2500.357171776202,EPIAS_VEP:EBM0426,True,False,False
2026-04-08T05:00:00+00:00,2026-04-08T08:00:00+03:00,2026-04,EBM0426,2500.3571652237893,EPIAS_VEP:EBM0426,True,False,False
2026-04-08T06:00:00+00:00,2026-04-08T09:00:00+03:00,2026-04,EBM0426,2500.3571585787895,EPIAS_VEP:EBM0426,True,False,False
2026-04-08T07:00:00+00:00,2026-04-08T10:00:00+03:00,2026-04,EBM0426,2500.357151915329,EPIAS_VEP:EBM0426,True,False,False
2026-04-08T08:00:00+00:00,2026-04-08T11:00:00+03:00,2026-04,EBM0426,2500.357145297926,EPIAS_VEP:EBM0426,True,False,False
2026-04-08T09:00:00+00:00,2026-04-08T12:00:00+03:00,2026-04,EBM0426,2500.357138782157,EPIAS_VEP:EBM0426,True,False,False
2026-04-08T10:00:00+00:00,2026-04-08T13:00:00+03:00,2026-04,EBM0426,2500.3571324153204,EPIAS_VEP:EBM0426,True,False,False
2026-04-08T11:00:00+00:00,2026-04-08T14:00:00+03:00,2026-04,EBM0426,2500.3571262370856,EPIAS_VEP:EBM0426,True,False,False
2026-04-08T12:00:00+00:00,2026-04-08T15:00:00+03:00,2026-04,EBM0426,2500.357120280132,EPIAS_VEP:EBM0426,True,False,False
2026-04-08T13:00:00+00:00,2026-04-08T16:00:00+03:00,2026-04,EBM0426,2500.357114570768,EPIAS_VEP:EBM0426,True,False,False
2026-04-08T14:00:00+00:00,2026-04-08T17:00:00+03:00,2026-04,EBM0426,2500.3571091295225,EPIAS_VEP:EBM0426,True,False,False
2026-04-08T15:00:00+00:00,2026-04-08T18:00:00+03:00,2026-04,EBM0426,2500.35710397172,EPIAS_VEP:EBM0426,True,False,False
2026-04-08T16:00:00+00:00,2026-04-08T19:00:00+03:00,2026-04,EBM0426,2500.3570991080223,EPIAS_VEP:EBM0426,True,False,False
2026-04-08T17:00:00+00:00,2026-04-08T20:00:00+03:00,2026-04,EBM0426,2500.3570945449455,EPIAS_VEP:EBM0426,True,False,False
2026-04-08T18:00:00+00:00,2026-04-08T21:00:00+03:00,2026-04,EBM0426,2500.357090285342,EPIAS_VEP:EBM0426,True,False,False
2026-04-08T19:00:00+00:00,2026-04-08T22:00:00+03:00,2026-04,EBM0426,2500.3570863288614,EPIAS_VEP:EBM0426,True,False,False
2026-04-08T20:00:00+00:00,2026-04-08T23:00:00+03:00,2026-04,EBM0426,2500.357082672376,EPIAS_VEP:EBM0426,True,False,False
2026-04-08T21:00:00+00:00,2026-04-09T00:00:00+03:00,2026-04,EBM0426,2500.3570793103736,EPIAS_VEP:EBM0426,True,False,False
2026-04-08T22:00:00+00:00,2026-04-09T01:00:00+03:00,2026-04,EBM0426,2500.3570762353265,EPIAS_VEP:EBM0426,True,False,False
2026-04-08T23:00:00+00:00,2026-04-09T02:00:00+03:00,2026-04,EBM0426,2500.357073438027,EPIAS_VEP:EBM0426,True,False,False
2026-04-09T00:00:00+00:00,2026-04-09T03:00:00+03:00,2026-04,EBM0426,2500.357070907896,EPIAS_VEP:EBM0426,True,False,False
2026-04-09T01:00:00+00:00,2026-04-09T04:00:00+03:00,2026-04,EBM0426,2500.3570686332596,EPIAS_VEP:EBM0426,True,False,False
2026-04-09T02:00:00+00:00,2026-04-09T05:00:00+03:00,2026-04,EBM0426,2500.3570666016035,EPIAS_VEP:EBM0426,True,False,False
2026-04-09T03:00:00+00:00,2026-04-09T06:00:00+03:00,2026-04,EBM0426,2500.357064799801,EPIAS_VEP:EBM0426,True,False,False
2026-04-09T04:00:00+00:00,2026-04-09T07:00:00+03:00,2026-04,EBM0426,2500.3570632143146,EPIAS_VEP:EBM0426,True,False,False
2026-04-09T05:00:00+00:00,2026-04-09T08:00:00+03:00,2026-04,EBM0426,2500.3570618313793,EPIAS_VEP:EBM0426,True,False,False
2026-04-09T06:00:00+00:00,2026-04-09T09:00:00+03:00,2026-04,EBM0426,2500.357060637157,EPIAS_VEP:EBM0426,True,False,False
2026-04-09T07:00:00+00:00,2026-04-09T10:00:00+03:00,2026-04,EBM0426,2500.3570596178765,EPIAS_VEP:EBM0426,True,False,False
2026-04-09T08:00:00+00:00,2026-04-09T11:00:00+03:00,2026-04,EBM0426,2500.3570587599547,EPIAS_VEP:EBM0426,True,False,False
2026-04-09T09:00:00+00:00,2026-04-09T12:00:00+03:00,2026-04,EBM0426,2500.357058050097,EPIAS_VEP:EBM0426,True,False,False
2026-04-09T10:00:00+00:00,2026-04-09T13:00:00+03:00,2026-04,EBM0426,2500.3570574753826,EPIAS_VEP:EBM0426,True,False,False
2026-04-09T11:00:00+00:00,2026-04-09T14:00:00+03:00,2026-04,EBM0426,2500.357057023338,EPIAS_VEP:EBM0426,True,False,False
2026-04-09T12:00:00+00:00,2026-04-09T15:00:00+03:00,2026-04,EBM0426,2500.357056681992,EPIAS_VEP:EBM0426,True,False,False
2026-04-09T13:00:00+00:00,2026-04-09T16:00:00+03:00,2026-04,EBM0426,2500.3570564399233,EPIAS_VEP:EBM0426,True,False,False
2026-04-09T14:00:00+00:00,2026-04-09T17:00:00+03:00,2026-04,EBM0426,2500.35705628629,EPIAS_VEP:EBM0426,True,False,False
2026-04-09T15:00:00+00:00,2026-04-09T18:00:00+03:00,2026-04,EBM0426,2500.3570562108566,EPIAS_VEP:EBM0426,True,False,False
2026-04-09T16:00:00+00:00,2026-04-09T19:00:00+03:00,2026-04,EBM0426,2500.357056204007,EPIAS_VEP:EBM0426,True,False,False
2026-04-09T17:00:00+00:00,2026-04-09T20:00:00+03:00,2026-04,EBM0426,2500.357056256757,EPIAS_VEP:EBM0426,True,False,False
2026-04-09T18:00:00+00:00,2026-04-09T21:00:00+03:00,2026-04,EBM0426,2500.3570563607514,EPIAS_VEP:EBM0426,True,False,False
2026-04-09T19:00:00+00:00,2026-04-09T22:00:00+03:00,2026-04,EBM0426,2500.3570565082596,EPIAS_VEP:EBM0426,True,False,False
2026-04-09T20:00:00+00:00,2026-04-09T23:00:00+03:00,2026-04,EBM0426,2500.357056692168,EPIAS_VEP:EBM0426,True,False,False
2026-04-09T21:00:00+00:00,2026-04-10T00:00:00+03:00,2026-04,EBM0426,2500.35705690596,EPIAS_VEP:EBM0426,True,False,False
2026-04-09T22:00:00+00:00,2026-04-10T01:00:00+03:00,2026-04,EBM0426,2500.3570571437003,EPIAS_VEP:EBM0426,True,False,False
2026-04-09T23:00:00+00:00,2026-04-10T02:00:00+03:00,2026-04,EBM0426,2500.3570574000155,EPIAS_VEP:EBM0426,True,False,False
2026-04-10T00:00:00+00:00,2026-04-10T03:00:00+03:00,2026-04,EBM0426,2500.3570576700663,EPIAS_VEP:EBM0426,True,False,False
2026-04-10T01:00:00+00:00,2026-04-10T04:00:00+03:00,2026-04,EBM0426,2500.3570579495267,EPIAS_VEP:EBM0426,True,False,False
2026-04-10T02:00:00+00:00,2026-04-10T05:00:00+03:00,2026-04,EBM0426,2500.357058234551,EPIAS_VEP:EBM0426,True,False,False
2026-04-10T03:00:00+00:00,2026-04-10T06:00:00+03:00,2026-04,EBM0426,2500.3570585217494,EPIAS_VEP:EBM0426,True,False,False
2026-04-10T04:00:00+00:00,2026-04-10T07:00:00+03:00,2026-04,EBM0426,2500.3570588081593,EPIAS_VEP:EBM0426,True,False,False
2026-04-10T05:00:00+00:00,2026-04-10T08:00:00+03:00,2026-04,EBM0426,2500.357059091217,EPIAS_VEP:EBM0426,True,False,False
2026-04-10T06:00:00+00:00,2026-04-10T09:00:00+03:00,2026-04,EBM0426,2500.357059368728,EPIAS_VEP:EBM0426,True,False,False
2026-04-10T07:00:00+00:00,2026-04-10T10:00:00+03:00,2026-04,EBM0426,2500.357059638841,EPIAS_VEP:EBM0426,True,False,False
2026-04-10T08:00:00+00:00,2026-04-10T11:00:00+03:00,2026-04,EBM0426,2500.357059900014,EPIAS_VEP:EBM0426,True,False,False
2026-04-10T09:00:00+00:00,2026-04-10T12:00:00+03:00,2026-04,EBM0426,2500.357060150994,EPIAS_VEP:EBM0426,True,False,False
2026-04-10T10:00:00+00:00,2026-04-10T13:00:00+03:00,2026-04,EBM0426,2500.357060390788,EPIAS_VEP:EBM0426,True,False,False
2026-04-10T11:00:00+00:00,2026-04-10T14:00:00+03:00,2026-04,EBM0426,2500.3570606186363,EPIAS_VEP:EBM0426,True,False,False
2026-04-10T12:00:00+00:00,2026-04-10T15:00:00+03:00,2026-04,EBM0426,2500.357060833993,EPIAS_VEP:EBM0426,True,False,False
2026-04-10T13:00:00+00:00,2026-04-10T16:00:00+03:00,2026-04,EBM0426,2500.3570610364986,EPIAS_VEP:EBM0426,True,False,False
2026-04-10T14:00:00+00:00,2026-04-10T17:00:00+03:00,2026-04,EBM0426,2500.357061225961,EPIAS_VEP:EBM0426,True,False,False
2026-04-10T15:00:00+00:00,2026-04-10T18:00:00+03:00,2026-04,EBM0426,2500.3570614023342,EPIAS_VEP:EBM0426,True,False,False
2026-04-10T16:00:00+00:00,2026-04-10T19:00:00+03:00,2026-04,EBM0426,2500.3570615657,EPIAS_VEP:EBM0426,True,False,False
2026-04-10T17:00:00+00:00,2026-04-10T20:00:00+03:00,2026-04,EBM0426,2500.3570617162504,EPIAS_VEP:EBM0426,True,False,False
2026-04-10T18:00:00+00:00,2026-04-10T21:00:00+03:00,2026-04,EBM0426,2500.3570618542717,EPIAS_VEP:EBM0426,True,False,False
2026-04-10T19:00:00+00:00,2026-04-10T22:00:00+03:00,2026-04,EBM0426,2500.3570619801285,EPIAS_VEP:EBM0426,True,False,False
2026-04-10T20:00:00+00:00,2026-04-10T23:00:00+03:00,2026-04,EBM0426,2500.357062094253,EPIAS_VEP:EBM0426,True,False,False
2026-04-10T21:00:00+00:00,2026-04-11T00:00:00+03:00,2026-04,EBM0426,2500.357062197129,EPIAS_VEP:EBM0426,True,False,False
2026-04-10T22:00:00+00:00,2026-04-11T01:00:00+03:00,2026-04,EBM0426,2500.357062289281,EPIAS_VEP:EBM0426,True,False,False
2026-04-10T23:00:00+00:00,2026-04-11T02:00:00+03:00,2026-04,EBM0426,2500.357062371265,EPIAS_VEP:EBM0426,True,False,False
2026-04-11T00:00:00+00:00,2026-04-11T03:00:00+03:00,2026-04,EBM0426,2500.357062443657,EPIAS_VEP:EBM0426,True,False,False
2026-04-11T01:00:00+00:00,2026-04-11T04:00:00+03:00,2026-04,EBM0426,2500.357062507047,EPIAS_VEP:EBM0426,True,False,False
2026-04-11T02:00:00+00:00,2026-04-11T05:00:00+03:00,2026-04,EBM0426,2500.357062562032,EPIAS_VEP:EBM0426,True,False,False
2026-04-11T03:00:00+00:00,2026-04-11T06:00:00+03:00,2026-04,EBM0426,2500.3570626092087,EPIAS_VEP:EBM0426,True,False,False
2026-04-11T04:00:00+00:00,2026-04-11T07:00:00+03:00,2026-04,EBM0426,2500.3570626491687,EPIAS_VEP:EBM0426,True,False,False
2026-04-11T05:00:00+00:00,2026-04-11T08:00:00+03:00,2026-04,EBM0426,2500.3570626824917,EPIAS_VEP:EBM0426,True,False,False
2026-04-11T06:00:00+00:00,2026-04-11T09:00:00+03:00,2026-04,EBM0426,2500.357062709743,EPIAS_VEP:EBM0426,True,False,False
2026-04-11T07:00:00+00:00,2026-04-11T10:00:00+03:00,2026-04,EBM0426,2500.357062731469,EPIAS_VEP:EBM0426,True,False,False
2026-04-11T08:00:00+00:00,2026-04-11T11:00:00+03:00,2026-04,EBM0426,2500.3570627481963,EPIAS_VEP:EBM0426,True,False,False
2026-04-11T09:00:00+00:00,2026-04-11T12:00:00+03:00,2026-04,EBM0426,2500.357062760429,EPIAS_VEP:EBM0426,True,False,False
2026-04-11T10:00:00+00:00,2026-04-11T13:00:00+03:00,2026-04,EBM0426,2500.3570627686468,EPIAS_VEP:EBM0426,True,False,False
2026-04-11T11:00:00+00:00,2026-04-11T14:00:00+03:00,2026-04,EBM0426,2500.3570627733015,EPIAS_VEP:EBM0426,True,False,False
2026-04-11T12:00:00+00:00,2026-04-11T15:00:00+03:00,2026-04,EBM0426,2500.357062774818,EPIAS_VEP:EBM0426,True,False,False
2026-04-11T13:00:00+00:00,2026-04-11T16:00:00+03:00,2026-04,EBM0426,2500.357062773597,EPIAS_VEP:EBM0426,True,False,False
2026-04-11T14:00:00+00:00,2026-04-11T17:00:00+03:00,2026-04,EBM0426,2500.3570627700124,EPIAS_VEP:EBM0426,True,False,False
2026-04-11T15:00:00+00:00,2026-04-11T18:00:00+03:00,2026-04,EBM0426,2500.3570627644085,EPIAS_VEP:EBM0426,True,False,False
2026-04-11T16:00:00+00:00,2026-04-11T19:00:00+03:00,2026-04,EBM0426,2500.357062757102,EPIAS_VEP:EBM0426,True,False,False
2026-04-11T17:00:00+00:00,2026-04-11T20:00:00+03:00,2026-04,EBM0426,2500.357062748386,EPIAS_VEP:EBM0426,True,False,False
2026-04-11T18:00:00+00:00,2026-04-11T21:00:00+03:00,2026-04,EBM0426,2500.3570627385257,EPIAS_VEP:EBM0426,True,False,False
2026-04-11T19:00:00+00:00,2026-04-11T22:00:00+03:00,2026-04,EBM0426,2500.357062727764,EPIAS_VEP:EBM0426,True,False,False
2026-04-11T20:00:00+00:00,2026-04-11T23:00:00+03:00,2026-04,EBM0426,2500.3570627163203,EPIAS_VEP:EBM0426,True,False,False
2026-04-11T21:00:00+00:00,2026-04-12T00:00:00+03:00,2026-04,EBM0426,2500.3570627043905,EPIAS_VEP:EBM0426,True,False,False
2026-04-11T22:00:00+00:00,2026-04-12T01:00:00+03:00,2026-04,EBM0426,2500.3570626921487,EPIAS_VEP:EBM0426,True,False,False
2026-04-11T23:00:00+00:00,2026-04-12T02:00:00+03:00,2026-04,EBM0426,2500.3570626797477,EPIAS_VEP:EBM0426,True,False,False
2026-04-12T00:00:00+00:00,2026-04-12T03:00:00+03:00,2026-04,EBM0426,2500.3570626673218,EPIAS_VEP:EBM0426,True,False,False
2026-04-12T01:00:00+00:00,2026-04-12T04:00:00+03:00,2026-04,EBM0426,2500.3570626549877,EPIAS_VEP:EBM0426,True,False,False
2026-04-12T02:00:00+00:00,2026-04-12T05:00:00+03:00,2026-04,EBM0426,2500.357062642847,EPIAS_VEP:EBM0426,True,False,False
2026-04-12T03:00:00+00:00,2026-04-12T06:00:00+03:00,2026-04,EBM0426,2500.3570626309847,EPIAS_VEP:EBM0426,True,False,False
2026-04-12T04:00:00+00:00,2026-04-12T07:00:00+03:00,2026-04,EBM0426,2500.3570626194737,EPIAS_VEP:EBM0426,True,False,False
2026-04-12T05:00:00+00:00,2026-04-12T08:00:00+03:00,2026-04,EBM0426,2500.357062608374,EPIAS_VEP:EBM0426,True,False,False
2026-04-12T06:00:00+00:00,2026-04-12T09:00:00+03:00,2026-04,EBM0426,2500.3570625977336,EPIAS_VEP:EBM0426,True,False,False
2026-04-12T07:00:00+00:00,2026-04-12T10:00:00+03:00,2026-04,EBM0426,2500.3570625875905,EPIAS_VEP:EBM0426,True,False,False
2026-04-12T08:00:00+00:00,2026-04-12T11:00:00+03:00,2026-04,EBM0426,2500.357062577975,EPIAS_VEP:EBM0426,True,False,False
2026-04-12T09:00:00+00:00,2026-04-12T12:00:00+03:00,2026-04,EBM0426,2500.357062568908,EPIAS_VEP:EBM0426,True,False,False
2026-04-12T10:00:00+00:00,2026-04-12T13:00:00+03:00,2026-04,EBM0426,2500.3570625604043,EPIAS_VEP:EBM0426,True,False,False
2026-04-12T11:00:00+00:00,2026-04-12T14:00:00+03:00,2026-04,EBM0426,2500.35706255247,EPIAS_VEP:EBM0426,True,False,False
2026-04-12T12:00:00+00:00,2026-04-12T15:00:00+03:00,2026-04,EBM0426,2500.3570625451057,EPIAS_VEP:EBM0426,True,False,False
2026-04-12T13:00:00+00:00,2026-04-12T16:00:00+03:00,2026-04,EBM0426,2500.3570625383068,EPIAS_VEP:EBM0426,True,False,False
2026-04-12T14:00:00+00:00,2026-04-12T17:00:00+03:00,2026-04,EBM0426,2500.3570625320626,EPIAS_VEP:EBM0426,True,False,False
2026-04-12T15:00:00+00:00,2026-04-12T18:00:00+03:00,2026-04,EBM0426,2500.3570625263606,EPIAS_VEP:EBM0426,True,False,False
2026-04-12T16:00:00+00:00,2026-04-12T19:00:00+03:00,2026-04,EBM0426,2500.3570625211846,EPIAS_VEP:EBM0426,True,False,False
2026-04-12T17:00:00+00:00,2026-04-12T20:00:00+03:00,2026-04,EBM0426,2500.357062516516,EPIAS_VEP:EBM0426,True,False,False
2026-04-12T18:00:00+00:00,2026-04-12T21:00:00+03:00,2026-04,EBM0426,2500.3570625123343,EPIAS_VEP:EBM0426,True,False,False
2026-04-12T19:00:00+00:00,2026-04-12T22:00:00+03:00,2026-04,EBM0426,2500.3570625086154,EPIAS_VEP:EBM0426,True,False,False
2026-04-12T20:00:00+00:00,2026-04-12T23:00:00+03:00,2026-04,EBM0426,2500.357062505335,EPIAS_VEP:EBM0426,True,False,False
2026-04-12T21:00:00+00:00,2026-04-13T00:00:00+03:00,2026-04,EBM0426,2500.357062502466,EPIAS_VEP:EBM0426,True,False,False
2026-04-12T22:00:00+00:00,2026-04-13T01:00:00+03:00,2026-04,EBM0426,2500.357062499981,EPIAS_VEP:EBM0426,True,False,False
2026-04-12T23:00:00+00:00,2026-04-13T02:00:00+03:00,2026-04,EBM0426,2500.357062497855,EPIAS_VEP:EBM0426,True,False,False
2026-04-13T00:00:00+00:00,2026-04-13T03:00:00+03:00,2026-04,EBM0426,2500.3570624960607,EPIAS_VEP:EBM0426,True,False,False
2026-04-13T01:00:00+00:00,2026-04-13T04:00:00+03:00,2026-04,EBM0426,2500.3570624945696,EPIAS_VEP:EBM0426,True,False,False
2026-04-13T02:00:00+00:00,2026-04-13T05:00:00+03:00,2026-04,EBM0426,2500.3570624933536,EPIAS_VEP:EBM0426,True,False,False
2026-04-13T03:00:00+00:00,2026-04-13T06:00:00+03:00,2026-04,EBM0426,2500.357062492386,EPIAS_VEP:EBM0426,True,False,False
2026-04-13T04:00:00+00:00,2026-04-13T07:00:00+03:00,2026-04,EBM0426,2500.3570624916424,EPIAS_VEP:EBM0426,True,False,False
2026-04-13T05:00:00+00:00,2026-04-13T08:00:00+03:00,2026-04,EBM0426,2500.3570624910994,EPIAS_VEP:EBM0426,True,False,False
2026-04-13T06:00:00+00:00,2026-04-13T09:00:00+03:00,2026-04,EBM0426,2500.3570624907343,EPIAS_VEP:EBM0426,True,False,False
2026-04-13T07:00:00+00:00,2026-04-13T10:00:00+03:00,2026-04,EBM0426,2500.3570624905274,EPIAS_VEP:EBM0426,True,False,False
2026-04-13T08:00:00+00:00,2026-04-13T11:00:00+03:00,2026-04,EBM0426,2500.35706249046,EPIAS_VEP:EBM0426,True,False,False
2026-04-13T09:00:00+00:00,2026-04-13T12:00:00+03:00,2026-04,EBM0426,2500.357062490516,EPIAS_VEP:EBM0426,True,False,False
2026-04-13T10:00:00+00:00,2026-04-13T13:00:00+03:00,2026-04,EBM0426,2500.357062490678,EPIAS_VEP:EBM0426,True,False,False
2026-04-13T11:00:00+00:00,2026-04-13T14:00:00+03:00,2026-04,EBM0426,2500.3570624909303,EPIAS_VEP:EBM0426,True,False,False
2026-04-13T12:00:00+00:00,2026-04-13T15:00:00+03:00,2026-04,EBM0426,2500.357062491258,EPIAS_VEP:EBM0426,True,False,False
2026-04-13T13:00:00+00:00,2026-04-13T16:00:00+03:00,2026-04,EBM0426,2500.3570624916483,EPIAS_VEP:EBM0426,True,False,False
2026-04-13T14:00:00+00:00,2026-04-13T17:00:00+03:00,2026-04,EBM0426,2500.3570624920885,EPIAS_VEP:EBM0426,True,False,False
2026-04-13T15:00:00+00:00,2026-04-13T18:00:00+03:00,2026-04,EBM0426,2500.357062492567,EPIAS_VEP:EBM0426,True,False,False
2026-04-13T16:00:00+00:00,2026-04-13T19:00:00+03:00,2026-04,EBM0426,2500.357062493074,EPIAS_VEP:EBM0426,True,False,False
2026-04-13T17:00:00+00:00,2026-04-13T20:00:00+03:00,2026-04,EBM0426,2500.3570624935996,EPIAS_VEP:EBM0426,True,False,False
2026-04-13T18:00:00+00:00,2026-04-13T21:00:00+03:00,2026-04,EBM0426,2500.3570624941353,EPIAS_VEP:EBM0426,True,False,False
2026-04-13T19:00:00+00:00,2026-04-13T22:00:00+03:00,2026-04,EBM0426,2500.3570624946747,EPIAS_VEP:EBM0426,True,False,False
2026-04-13T20:00:00+00:00,2026-04-13T23:00:00+03:00,2026-04,EBM0426,2500.3570624952117,EPIAS_VEP:EBM0426,True,False,False
2026-04-13T21:00:00+00:00,2026-04-14T00:00:00+03:00,2026-04,EBM0426,2500.3570624957415,EPIAS_VEP:EBM0426,True,False,False
2026-04-13T22:00:00+00:00,2026-04-14T01:00:00+03:00,2026-04,EBM0426,2500.357062496261,EPIAS_VEP:EBM0426,True,False,False
2026-04-13T23:00:00+00:00,2026-04-14T02:00:00+03:00,2026-04,EBM0426,2500.3570624967665,EPIAS_VEP:EBM0426,True,False,False
2026-04-14T00:00:00+00:00,2026-04-14T03:00:00+03:00,2026-04,EBM0426,2500.357062497257,EPIAS_VEP:EBM0426,True,False,False
2026-04-14T01:00:00+00:00,2026-04-14T04:00:00+03:00,2026-04,EBM0426,2500.357062497732,EPIAS_VEP:EBM0426,True,False,False
2026-04-14T02:00:00+00:00,2026-04-14T05:00:00+03:00,2026-04,EBM0426,2500.357062498191,EPIAS_VEP:EBM0426,True,False,False
2026-04-14T03:00:00+00:00,2026-04-14T06:00:00+03:00,2026-04,EBM0426,2500.357062498635,EPIAS_VEP:EBM0426,True,False,False
2026-04-14T04:00:00+00:00,2026-04-14T07:00:00+03:00,2026-04,EBM0426,2500.357062499065,EPIAS_VEP:EBM0426,True,False,False
2026-04-14T05:00:00+00:00,2026-04-14T08:00:00+03:00,2026-04,EBM0426,2500.357062499479,EPIAS_VEP:EBM0426,True,False,False
2026-04-14T06:00:00+00:00,2026-04-14T09:00:00+03:00,2026-04,EBM0426,2500.3570624998783,EPIAS_VEP:EBM0426,True,False,False
2026-04-14T07:00:00+00:00,2026-04-14T10:00:00+03:00,2026-04,EBM0426,2500.357062500262,EPIAS_VEP:EBM0426,True,False,False
2026-04-14T08:00:00+00:00,2026-04-14T11:00:00+03:00,2026-04,EBM0426,2500.3570625006296,EPIAS_VEP:EBM0426,True,False,False
2026-04-14T09:00:00+00:00,2026-04-14T12:00:00+03:00,2026-04,EBM0426,2500.357062500978,EPIAS_VEP:EBM0426,True,False,False
2026-04-14T10:00:00+00:00,2026-04-14T13:00:00+03:00,2026-04,EBM0426,2500.357062501306,EPIAS_VEP:EBM0426,True,False,False
2026-04-14T11:00:00+00:00,2026-04-14T14:00:00+03:00,2026-04,EBM0426,2500.3570625016127,EPIAS_VEP:EBM0426,True,False,False
2026-04-14T12:00:00+00:00,2026-04-14T15:00:00+03:00,2026-04,EBM0426,2500.357062501897,EPIAS_VEP:EBM0426,True,False,False
2026-04-14T13:00:00+00:00,2026-04-14T16:00:00+03:00,2026-04,EBM0426,2500.357062502158,EPIAS_VEP:EBM0426,True,False,False
2026-04-14T14:00:00+00:00,2026-04-14T17:00:00+03:00,2026-04,EBM0426,2500.3570625023963,EPIAS_VEP:EBM0426,True,False,False
2026-04-14T15:00:00+00:00,2026-04-14T18:00:00+03:00,2026-04,EBM0426,2500.357062502613,EPIAS_VEP:EBM0426,True,False,False
2026-04-14T16:00:00+00:00,2026-04-14T19:00:00+03:00,2026-04,EBM0426,2500.3570625028083,EPIAS_VEP:EBM0426,True,False,False
2026-04-14T17:00:00+00:00,2026-04-14T20:00:00+03:00,2026-04,EBM0426,2500.357062502982,EPIAS_VEP:EBM0426,True,False,False
2026-04-14T18:00:00+00:00,2026-04-14T21:00:00+03:00,2026-04,EBM0426,2500.3570625031334,EPIAS_VEP:EBM0426,True,False,False
2026-04-14T19:00:00+00:00,2026-04-14T22:00:00+03:00,2026-04,EBM0426,2500.357062503263,EPIAS_VEP:EBM0426,True,False,False
2026-04-14T20:00:00+00:00,2026-04-14T23:00:00+03:00,2026-04,EBM0426,2500.3570625033717,EPIAS_VEP:EBM0426,True,False,False
2026-04-14T21:00:00+00:00,2026-04-15T00:00:00+03:00,2026-04,EBM0426,2500.3570625034604,EPIAS_VEP:EBM0426,True,False,False
2026-04-14T22:00:00+00:00,2026-04-15T01:00:00+03:00,2026-04,EBM0426,2500.357062503529,EPIAS_VEP:EBM0426,True,False,False
2026-04-14T23:00:00+00:00,2026-04-15T02:00:00+03:00,2026-04,EBM0426,2500.35706250358,EPIAS_VEP:EBM0426,True,False,False
2026-04-15T00:00:00+00:00,2026-04-15T03:00:00+03:00,2026-04,EBM0426,2500.3570625036145,EPIAS_VEP:EBM0426,True,False,False
2026-04-15T01:00:00+00:00,2026-04-15T04:00:00+03:00,2026-04,EBM0426,2500.3570625036355,EPIAS_VEP:EBM0426,True,False,False
2026-04-15T02:00:00+00:00,2026-04-15T05:00:00+03:00,2026-04,EBM0426,2500.357062503644,EPIAS_VEP:EBM0426,True,False,False
2026-04-15T03:00:00+00:00,2026-04-15T06:00:00+03:00,2026-04,EBM0426,2500.357062503643,EPIAS_VEP:EBM0426,True,False,False
2026-04-15T04:00:00+00:00,2026-04-15T07:00:00+03:00,2026-04,EBM0426,2500.3570625036336,EPIAS_VEP:EBM0426,True,False,False
2026-04-15T05:00:00+00:00,2026-04-15T08:00:00+03:00,2026-04,EBM0426,2500.357062503617,EPIAS_VEP:EBM0426,True,False,False
2026-04-15T06:00:00+00:00,2026-04-15T09:00:00+03:00,2026-04,EBM0426,2500.357062503593,EPIAS_VEP:EBM0426,True,False,False
2026-04-15T07:00:00+00:00,2026-04-15T10:00:00+03:00,2026-04,EBM0426,2500.357062503563,EPIAS_VEP:EBM0426,True,False,False
2026-04-15T08:00:00+00:00,2026-04-15T11:00:00+03:00,2026-04,EBM0426,2500.3570625035272,EPIAS_VEP:EBM0426,True,False,False
2026-04-15T09:00:00+00:00,2026-04-15T12:00:00+03:00,2026-04,EBM0426,2500.3570625034863,EPIAS_VEP:EBM0426,True,False,False
2026-04-15T10:00:00+00:00,2026-04-15T13:00:00+03:00,2026-04,EBM0426,2500.3570625034413,EPIAS_VEP:EBM0426,True,False,False
2026-04-15T11:00:00+00:00,2026-04-15T14:00:00+03:00,2026-04,EBM0426,2500.3570625033944,EPIAS_VEP:EBM0426,True,False,False
2026-04-15T12:00:00+00:00,2026-04-15T15:00:00+03:00,2026-04,EBM0426,2500.3570625033476,EPIAS_VEP:EBM0426,True,False,False
2026-04-15T13:00:00+00:00,2026-04-15T16:00:00+03:00,2026-04,EBM0426,2500.3570625033026,EPIAS_VEP:EBM0426,True,False,False
2026-04-15T14:00:00+00:00,2026-04-15T17:00:00+03:00,2026-04,EBM0426,2500.3570625032603,EPIAS_VEP:EBM0426,True,False,False
2026-04-15T15:00:00+00:00,2026-04-15T18:00:00+03:00,2026-04,EBM0426,2500.357062503222,EPIAS_VEP:EBM0426,True,False,False
2026-04-15T16:00:00+00:00,2026-04-15T19:00:00+03:00,2026-04,EBM0426,2500.3570625031894,EPIAS_VEP:EBM0426,True,False,False
2026-04-15T17:00:00+00:00,2026-04-15T20:00:00+03:00,2026-04,EBM0426,2500.357062503163,EPIAS_VEP:EBM0426,True,False,False
2026-04-15T18:00:00+00:00,2026-04-15T21:00:00+03:00,2026-04,EBM0426,2500.3570625031443,EPIAS_VEP:EBM0426,True,False,False
2026-04-15T19:00:00+00:00,2026-04-15T22:00:00+03:00,2026-04,EBM0426,2500.3570625031343,EPIAS_VEP:EBM0426,True,False,False
2026-04-15T20:00:00+00:00,2026-04-15T23:00:00+03:00,2026-04,EBM0426,2500.357062503132,EPIAS_VEP:EBM0426,True,False,False
2026-04-15T21:00:00+00:00,2026-04-16T00:00:00+03:00,2026-04,EBM0426,2500.3570625031352,EPIAS_VEP:EBM0426,True,False,False
2026-04-15T22:00:00+00:00,2026-04-16T01:00:00+03:00,2026-04,EBM0426,2500.357062503142,EPIAS_VEP:EBM0426,True,False,False
2026-04-15T23:00:00+00:00,2026-04-16T02:00:00+03:00,2026-04,EBM0426,2500.3570625031516,EPIAS_VEP:EBM0426,True,False,False
2026-04-16T00:00:00+00:00,2026-04-16T03:00:00+03:00,2026-04,EBM0426,2500.3570625031625,EPIAS_VEP:EBM0426,True,False,False
2026-04-16T01:00:00+00:00,2026-04-16T04:00:00+03:00,2026-04,EBM0426,2500.357062503173,EPIAS_VEP:EBM0426,True,False,False
2026-04-16T02:00:00+00:00,2026-04-16T05:00:00+03:00,2026-04,EBM0426,2500.3570625031816,EPIAS_VEP:EBM0426,True,False,False
2026-04-16T03:00:00+00:00,2026-04-16T06:00:00+03:00,2026-04,EBM0426,2500.357062503186,EPIAS_VEP:EBM0426,True,False,False
2026-04-16T04:00:00+00:00,2026-04-16T07:00:00+03:00,2026-04,EBM0426,2500.3570625031857,EPIAS_VEP:EBM0426,True,False,False
2026-04-16T05:00:00+00:00,2026-04-16T08:00:00+03:00,2026-04,EBM0426,2500.3570625031807,EPIAS_VEP:EBM0426,True,False,False
2026-04-16T06:00:00+00:00,2026-04-16T09:00:00+03:00,2026-04,EBM0426,2500.357062503171,EPIAS_VEP:EBM0426,True,False,False
2026-04-16T07:00:00+00:00,2026-04-16T10:00:00+03:00,2026-04,EBM0426,2500.3570625031566,EPIAS_VEP:EBM0426,True,False,False
2026-04-16T08:00:00+00:00,2026-04-16T11:00:00+03:00,2026-04,EBM0426,2500.357062503136,EPIAS_VEP:EBM0426,True,False,False
2026-04-16T09:00:00+00:00,2026-04-16T12:00:00+03:00,2026-04,EBM0426,2500.3570625031093,EPIAS_VEP:EBM0426,True,False,False
2026-04-16T10:00:00+00:00,2026-04-16T13:00:00+03:00,2026-04,EBM0426,2500.357062503074,EPIAS_VEP:EBM0426,True,False,False
2026-04-16T11:00:00+00:00,2026-04-16T14:00:00+03:00,2026-04,EBM0426,2500.3570625030293,EPIAS_VEP:EBM0426,True,False,False
2026-04-16T12:00:00+00:00,2026-04-16T15:00:00+03:00,2026-04,EBM0426,2500.3570625029756,EPIAS_VEP:EBM0426,True,False,False
2026-04-16T13:00:00+00:00,2026-04-16T16:00:00+03:00,2026-04,EBM0426,2500.3570625029124,EPIAS_VEP:EBM0426,True,False,False
2026-04-16T14:00:00+00:00,2026-04-16T17:00:00+03:00,2026-04,EBM0426,2500.357062502839,EPIAS_VEP:EBM0426,True,False,False
2026-04-16T15:00:00+00:00,2026-04-16T18:00:00+03:00,2026-04,EBM0426,2500.3570625027573,EPIAS_VEP:EBM0426,True,False,False
2026-04-16T16:00:00+00:00,2026-04-16T19:00:00+03:00,2026-04,EBM0426,2500.3570625026673,EPIAS_VEP:EBM0426,True,False,False
2026-04-16T17:00:00+00:00,2026-04-16T20:00:00+03:00,2026-04,EBM0426,2500.357062502572,EPIAS_VEP:EBM0426,True,False,False
2026-04-16T18:00:00+00:00,2026-04-16T21:00:00+03:00,2026-04,EBM0426,2500.357062502473,EPIAS_VEP:EBM0426,True,False,False
2026-04-16T19:00:00+00:00,2026-04-16T22:00:00+03:00,2026-04,EBM0426,2500.357062502373,EPIAS_VEP:EBM0426,True,False,False
2026-04-16T20:00:00+00:00,2026-04-16T23:00:00+03:00,2026-04,EBM0426,2500.3570625022753,EPIAS_VEP:EBM0426,True,False,False
2026-04-16T21:00:00+00:00,2026-04-17T00:00:00+03:00,2026-04,EBM0426,2500.3570625021844,EPIAS_VEP:EBM0426,True,False,False
2026-04-16T22:00:00+00:00,2026-04-17T01:00:00+03:00,2026-04,EBM0426,2500.3570625021043,EPIAS_VEP:EBM0426,True,False,False
2026-04-16T23:00:00+00:00,2026-04-17T02:00:00+03:00,2026-04,EBM0426,2500.357062502036,EPIAS_VEP:EBM0426,True,False,False
2026-04-17T00:00:00+00:00,2026-04-17T03:00:00+03:00,2026-04,EBM0426,2500.357062501983,EPIAS_VEP:EBM0426,True,False,False
2026-04-17T01:00:00+00:00,2026-04-17T04:00:00+03:00,2026-04,EBM0426,2500.3570625019465,EPIAS_VEP:EBM0426,True,False,False
2026-04-17T02:00:00+00:00,2026-04-17T05:00:00+03:00,2026-04,EBM0426,2500.357062501928,EPIAS_VEP:EBM0426,True,False,False
2026-04-17T03:00:00+00:00,2026-04-17T06:00:00+03:00,2026-04,EBM0426,2500.3570625019274,EPIAS_VEP:EBM0426,True,False,False
2026-04-17T04:00:00+00:00,2026-04-17T07:00:00+03:00,2026-04,EBM0426,2500.3570625019456,EPIAS_VEP:EBM0426,True,False,False
2026-04-17T05:00:00+00:00,2026-04-17T08:00:00+03:00,2026-04,EBM0426,2500.3570625019825,EPIAS_VEP:EBM0426,True,False,False
2026-04-17T06:00:00+00:00,2026-04-17T09:00:00+03:00,2026-04,EBM0426,2500.3570625020375,EPIAS_VEP:EBM0426,True,False,False
2026-04-17T07:00:00+00:00,2026-04-17T10:00:00+03:00,2026-04,EBM0426,2500.3570625021102,EPIAS_VEP:EBM0426,True,False,False
2026-04-17T08:00:00+00:00,2026-04-17T11:00:00+03:00,2026-04,EBM0426,2500.3570625022003,EPIAS_VEP:EBM0426,True,False,False
2026-04-17T09:00:00+00:00,2026-04-17T12:00:00+03:00,2026-04,EBM0426,2500.3570625023067,EPIAS_VEP:EBM0426,True,False,False
2026-04-17T10:00:00+00:00,2026-04-17T13:00:00+03:00,2026-04,EBM0426,2500.3570625024286,EPIAS_VEP:EBM0426,True,False,False
2026-04-17T11:00:00+00:00,2026-04-17T14:00:00+03:00,2026-04,EBM0426,2500.357062502566,EPIAS_VEP:EBM0426,True,False,False
2026-04-17T12:00:00+00:00,2026-04-17T15:00:00+03:00,2026-04,EBM0426,2500.3570625027182,EPIAS_VEP:EBM0426,True,False,False
2026-04-17T13:00:00+00:00,2026-04-17T16:00:00+03:00,2026-04,EBM0426,2500.3570625028847,EPIAS_VEP:EBM0426,True,False,False
2026-04-17T14:00:00+00:00,2026-04-17T17:00:00+03:00,2026-04,EBM0426,2500.3570625030643,EPIAS_VEP:EBM0426,True,False,False
2026-04-17T15:00:00+00:00,2026-04-17T18:00:00+03:00,2026-04,EBM0426,2500.357062503255,EPIAS_VEP:EBM0426,True,False,False
2026-04-17T16:00:00+00:00,2026-04-17T19:00:00+03:00,2026-04,EBM0426,2500.3570625034527,EPIAS_VEP:EBM0426,True,False,False
2026-04-17T17:00:00+00:00,2026-04-17T20:00:00+03:00,2026-04,EBM0426,2500.357062503656,EPIAS_VEP:EBM0426,True,False,False
2026-04-17T18:00:00+00:00,2026-04-17T21:00:00+03:00,2026-04,EBM0426,2500.357062503862,EPIAS_VEP:EBM0426,True,False,False
2026-04-17T19:00:00+00:00,2026-04-17T22:00:00+03:00,2026-04,EBM0426,2500.357062504069,EPIAS_VEP:EBM0426,True,False,False
2026-04-17T20:00:00+00:00,2026-04-17T23:00:00+03:00,2026-04,EBM0426,2500.357062504274,EPIAS_VEP:EBM0426,True,False,False
2026-04-17T21:00:00+00:00,2026-04-18T00:00:00+03:00,2026-04,EBM0426,2500.3570625044736,EPIAS_VEP:EBM0426,True,False,False
2026-04-17T22:00:00+00:00,2026-04-18T01:00:00+03:00,2026-04,EBM0426,2500.357062504664,EPIAS_VEP:EBM0426,True,False,False
2026-04-17T23:00:00+00:00,2026-04-18T02:00:00+03:00,2026-04,EBM0426,2500.357062504842,EPIAS_VEP:EBM0426,True,False,False
2026-04-18T00:00:00+00:00,2026-04-18T03:00:00+03:00,2026-04,EBM0426,2500.357062505004,EPIAS_VEP:EBM0426,True,False,False
2026-04-18T01:00:00+00:00,2026-04-18T04:00:00+03:00,2026-04,EBM0426,2500.3570625051466,EPIAS_VEP:EBM0426,True,False,False
2026-04-18T02:00:00+00:00,2026-04-18T05:00:00+03:00,2026-04,EBM0426,2500.357062505267,EPIAS_VEP:EBM0426,True,False,False
2026-04-18T03:00:00+00:00,2026-04-18T06:00:00+03:00,2026-04,EBM0426,2500.357062505362,EPIAS_VEP:EBM0426,True,False,False
2026-04-18T04:00:00+00:00,2026-04-18T07:00:00+03:00,2026-04,EBM0426,2500.3570625054303,EPIAS_VEP:EBM0426,True,False,False
2026-04-18T05:00:00+00:00,2026-04-18T08:00:00+03:00,2026-04,EBM0426,2500.3570625054726,EPIAS_VEP:EBM0426,True,False,False
2026-04-18T06:00:00+00:00,2026-04-18T09:00:00+03:00,2026-04,EBM0426,2500.35706250549,EPIAS_VEP:EBM0426,True,False,False
2026-04-18T07:00:00+00:00,2026-04-18T10:00:00+03:00,2026-04,EBM0426,2500.357062505485,EPIAS_VEP:EBM0426,True,False,False
2026-04-18T08:00:00+00:00,2026-04-18T11:00:00+03:00,2026-04,EBM0426,2500.357062505464,EPIAS_VEP:EBM0426,True,False,False
2026-04-18T09:00:00+00:00,2026-04-18T12:00:00+03:00,2026-04,EBM0426,2500.357062505434,EPIAS_VEP:EBM0426,True,False,False
2026-04-18T10:00:00+00:00,2026-04-18T13:00:00+03:00,2026-04,EBM0426,2500.357062505399,EPIAS_VEP:EBM0426,True,False,False
2026-04-18T11:00:00+00:00,2026-04-18T14:00:00+03:00,2026-04,EBM0426,2500.3570625053635,EPIAS_VEP:EBM0426,True,False,False
2026-04-18T12:00:00+00:00,2026-04-18T15:00:00+03:00,2026-04,EBM0426,2500.3570625053317,EPIAS_VEP:EBM0426,True,False,False
2026-04-18T13:00:00+00:00,2026-04-18T16:00:00+03:00,2026-04,EBM0426,2500.357062505309,EPIAS_VEP:EBM0426,True,False,False
2026-04-18T14:00:00+00:00,2026-04-18T17:00:00+03:00,2026-04,EBM0426,2500.3570625053007,EPIAS_VEP:EBM0426,True,False,False
2026-04-18T15:00:00+00:00,2026-04-18T18:00:00+03:00,2026-04,EBM0426,2500.357062505313,EPIAS_VEP:EBM0426,True,False,False
2026-04-18T16:00:00+00:00,2026-04-18T19:00:00+03:00,2026-04,EBM0426,2500.3570625053508,EPIAS_VEP:EBM0426,True,False,False
2026-04-18T17:00:00+00:00,2026-04-18T20:00:00+03:00,2026-04,EBM0426,2500.3570625054194,EPIAS_VEP:EBM0426,True,False,False
2026-04-18T18:00:00+00:00,2026-04-18T21:00:00+03:00,2026-04,EBM0426,2500.3570625055254,EPIAS_VEP:EBM0426,True,False,False
2026-04-18T19:00:00+00:00,2026-04-18T22:00:00+03:00,2026-04,EBM0426,2500.3570625056736,EPIAS_VEP:EBM0426,True,False,False
2026-04-18T20:00:00+00:00,2026-04-18T23:00:00+03:00,2026-04,EBM0426,2500.357062505868,EPIAS_VEP:EBM0426,True,False,False
2026-04-18T21:00:00+00:00,2026-04-19T00:00:00+03:00,2026-04,EBM0426,2500.3570625061134,EPIAS_VEP:EBM0426,True,False,False
2026-04-18T22:00:00+00:00,2026-04-19T01:00:00+03:00,2026-04,EBM0426,2500.3570625064144,EPIAS_VEP:EBM0426,True,False,False
2026-04-18T23:00:00+00:00,2026-04-19T02:00:00+03:00,2026-04,EBM0426,2500.357062506775,EPIAS_VEP:EBM0426,True,False,False
2026-04-19T00:00:00+00:00,2026-04-19T03:00:00+03:00,2026-04,EBM0426,2500.357062507198,EPIAS_VEP:EBM0426,True,False,False
2026-04-19T01:00:00+00:00,2026-04-19T04:00:00+03:00,2026-04,EBM0426,2500.357062507686,EPIAS_VEP:EBM0426,True,False,False
2026-04-19T02:00:00+00:00,2026-04-19T05:00:00+03:00,2026-04,EBM0426,2500.3570625082416,EPIAS_VEP:EBM0426,True,False,False
2026-04-19T03:00:00+00:00,2026-04-19T06:00:00+03:00,2026-04,EBM0426,2500.357062508868,EPIAS_VEP:EBM0426,True,False,False
2026-04-19T04:00:00+00:00,2026-04-19T07:00:00+03:00,2026-04,EBM0426,2500.3570625095686,EPIAS_VEP:EBM0426,True,False,False
2026-04-19T05:00:00+00:00,2026-04-19T08:00:00+03:00,2026-04,EBM0426,2500.3570625103466,EPIAS_VEP:EBM0426,True,False,False
2026-04-19T06:00:00+00:00,2026-04-19T09:00:00+03:00,2026-04,EBM0426,2500.3570625112034,EPIAS_VEP:EBM0426,True,False,False
2026-04-19T07:00:00+00:00,2026-04-19T10:00:00+03:00,2026-04,EBM0426,2500.357062512139,EPIAS_VEP:EBM0426,True,False,False
2026-04-19T08:00:00+00:00,2026-04-19T11:00:00+03:00,2026-04,EBM0426,2500.3570625131547,EPIAS_VEP:EBM0426,True,False,False
2026-04-19T09:00:00+00:00,2026-04-19T12:00:00+03:00,2026-04,EBM0426,2500.3570625142497,EPIAS_VEP:EBM0426,True,False,False
2026-04-19T10:00:00+00:00,2026-04-19T13:00:00+03:00,2026-04,EBM0426,2500.357062515423,EPIAS_VEP:EBM0426,True,False,False
2026-04-19T11:00:00+00:00,2026-04-19T14:00:00+03:00,2026-04,EBM0426,2500.3570625166726,EPIAS_VEP:EBM0426,True,False,False
2026-04-19T12:00:00+00:00,2026-04-19T15:00:00+03:00,2026-04,EBM0426,2500.3570625179955,EPIAS_VEP:EBM0426,True,False,False
2026-04-19T13:00:00+00:00,2026-04-19T16:00:00+03:00,2026-04,EBM0426,2500.357062519386,EPIAS_VEP:EBM0426,True,False,False
2026-04-19T14:00:00+00:00,2026-04-19T17:00:00+03:00,2026-04,EBM0426,2500.357062520838,EPIAS_VEP:EBM0426,True,False,False
2026-04-19T15:00:00+00:00,2026-04-19T18:00:00+03:00,2026-04,EBM0426,2500.3570625223424,EPIAS_VEP:EBM0426,True,False,False
2026-04-19T16:00:00+00:00,2026-04-19T19:00:00+03:00,2026-04,EBM0426,2500.357062523888,EPIAS_VEP:EBM0426,True,False,False
2026-04-19T17:00:00+00:00,2026-04-19T20:00:00+03:00,2026-04,EBM0426,2500.357062525464,EPIAS_VEP:EBM0426,True,False,False
2026-04-19T18:00:00+00:00,2026-04-19T21:00:00+03:00,2026-04,EBM0426,2500.357062527056,EPIAS_VEP:EBM0426,True,False,False
2026-04-19T19:00:00+00:00,2026-04-19T22:00:00+03:00,2026-04,EBM0426,2500.357062528649,EPIAS_VEP:EBM0426,True,False,False
2026-04-19T20:00:00+00:00,2026-04-19T23:00:00+03:00,2026-04,EBM0426,2500.3570625302254,EPIAS_VEP:EBM0426,True,False,False
2026-04-19T21:00:00+00:00,2026-04-20T00:00:00+03:00,2026-04,EBM0426,2500.357062531765,EPIAS_VEP:EBM0426,True,False,False
2026-04-19T22:00:00+00:00,2026-04-20T01:00:00+03:00,2026-04,EBM0426,2500.3570625332454,EPIAS_VEP:EBM0426,True,False,False
2026-04-19T23:00:00+00:00,2026-04-20T02:00:00+03:00,2026-04,EBM0426,2500.3570625346415,EPIAS_VEP:EBM0426,True,False,False
2026-04-20T00:00:00+00:00,2026-04-20T03:00:00+03:00,2026-04,EBM0426,2500.3570625359253,EPIAS_VEP:EBM0426,True,False,False
2026-04-20T01:00:00+00:00,2026-04-20T04:00:00+03:00,2026-04,EBM0426,2500.357062537065,EPIAS_VEP:EBM0426,True,False,False
2026-04-20T02:00:00+00:00,2026-04-20T05:00:00+03:00,2026-04,EBM0426,2500.357062538026,EPIAS_VEP:EBM0426,True,False,False
2026-04-20T03:00:00+00:00,2026-04-20T06:00:00+03:00,2026-04,EBM0426,2500.3570625387706,EPIAS_VEP:EBM0426,True,False,False
2026-04-20T04:00:00+00:00,2026-04-20T07:00:00+03:00,2026-04,EBM0426,2500.357062539257,EPIAS_VEP:EBM0426,True,False,False
2026-04-20T05:00:00+00:00,2026-04-20T08:00:00+03:00,2026-04,EBM0426,2500.3570625394404,EPIAS_VEP:EBM0426,True,False,False
2026-04-20T06:00:00+00:00,2026-04-20T09:00:00+03:00,2026-04,EBM0426,2500.357062539271,EPIAS_VEP:EBM0426,True,False,False
2026-04-20T07:00:00+00:00,2026-04-20T10:00:00+03:00,2026-04,EBM0426,2500.357062538697,EPIAS_VEP:EBM0426,True,False,False
2026-04-20T08:00:00+00:00,2026-04-20T11:00:00+03:00,2026-04,EBM0426,2500.357062537662,EPIAS_VEP:EBM0426,True,False,False
2026-04-20T09:00:00+00:00,2026-04-20T12:00:00+03:00,2026-04,EBM0426,2500.3570625361053,EPIAS_VEP:EBM0426,True,False,False
2026-04-20T10:00:00+00:00,2026-04-20T13:00:00+03:00,2026-04,EBM0426,2500.357062533963,EPIAS_VEP:EBM0426,True,False,False
2026-04-20T11:00:00+00:00,2026-04-20T14:00:00+03:00,2026-04,EBM0426,2500.357062531167,EPIAS_VEP:EBM0426,True,False,False
2026-04-20T12:00:00+00:00,2026-04-20T15:00:00+03:00,2026-04,EBM0426,2500.3570625276466,EPIAS_VEP:EBM0426,True,False,False
2026-04-20T13:00:00+00:00,2026-04-20T16:00:00+03:00,2026-04,EBM0426,2500.3570625233283,EPIAS_VEP:EBM0426,True,False,False
2026-04-20T14:00:00+00:00,2026-04-20T17:00:00+03:00,2026-04,EBM0426,2500.3570625181355,EPIAS_VEP:EBM0426,True,False,False
2026-04-20T15:00:00+00:00,2026-04-20T18:00:00+03:00,2026-04,EBM0426,2500.3570625119887,EPIAS_VEP:EBM0426,True,False,False
2026-04-20T16:00:00+00:00,2026-04-20T19:00:00+03:00,2026-04,EBM0426,2500.3570625048073,EPIAS_VEP:EBM0426,True,False,False
2026-04-20T17:00:00+00:00,2026-04-20T20:00:00+03:00,2026-04,EBM0426,2500.3570624965105,EPIAS_VEP:EBM0426,True,False,False
2026-04-20T18:00:00+00:00,2026-04-20T21:00:00+03:00,2026-04,EBM0426,2500.3570624870163,EPIAS_VEP:EBM0426,True,False,False
2026-04-20T19:00:00+00:00,2026-04-20T22:00:00+03:00,2026-04,EBM0426,2500.3570624762447,EPIAS_VEP:EBM0426,True,False,False
2026-04-20T20:00:00+00:00,2026-04-20T23:00:00+03:00,2026-04,EBM0426,2500.357062464119,EPIAS_VEP:EBM0426,True,False,False
2026-04-20T21:00:00+00:00,2026-04-21T00:00:00+03:00,2026-04,EBM0426,2500.3570624505633,EPIAS_VEP:EBM0426,True,False,False
2026-04-20T22:00:00+00:00,2026-04-21T01:00:00+03:00,2026-04,EBM0426,2500.3570624355057,EPIAS_VEP:EBM0426,True,False,False
2026-04-20T23:00:00+00:00,2026-04-21T02:00:00+03:00,2026-04,EBM0426,2500.357062418879,EPIAS_VEP:EBM0426,True,False,False
2026-04-21T00:00:00+00:00,2026-04-21T03:00:00+03:00,2026-04,EBM0426,2500.3570624006256,EPIAS_VEP:EBM0426,True,False,False
2026-04-21T01:00:00+00:00,2026-04-21T04:00:00+03:00,2026-04,EBM0426,2500.3570623806945,EPIAS_VEP:EBM0426,True,False,False
2026-04-21T02:00:00+00:00,2026-04-21T05:00:00+03:00,2026-04,EBM0426,2500.3570623590485,EPIAS_VEP:EBM0426,True,False,False
2026-04-21T03:00:00+00:00,2026-04-21T06:00:00+03:00,2026-04,EBM0426,2500.3570623356654,EPIAS_VEP:EBM0426,True,False,False
2026-04-21T04:00:00+00:00,2026-04-21T07:00:00+03:00,2026-04,EBM0426,2500.3570623105365,EPIAS_VEP:EBM0426,True,False,False
2026-04-21T05:00:00+00:00,2026-04-21T08:00:00+03:00,2026-04,EBM0426,2500.3570622836705,EPIAS_VEP:EBM0426,True,False,False
2026-04-21T06:00:00+00:00,2026-04-21T09:00:00+03:00,2026-04,EBM0426,2500.357062255094,EPIAS_VEP:EBM0426,True,False,False
2026-04-21T07:00:00+00:00,2026-04-21T10:00:00+03:00,2026-04,EBM0426,2500.357062224857,EPIAS_VEP:EBM0426,True,False,False
2026-04-21T08:00:00+00:00,2026-04-21T11:00:00+03:00,2026-04,EBM0426,2500.357062193033,EPIAS_VEP:EBM0426,True,False,False
2026-04-21T09:00:00+00:00,2026-04-21T12:00:00+03:00,2026-04,EBM0426,2500.357062159725,EPIAS_VEP:EBM0426,True,False,False
2026-04-21T10:00:00+00:00,2026-04-21T13:00:00+03:00,2026-04,EBM0426,2500.357062125066,EPIAS_VEP:EBM0426,True,False,False
2026-04-21T11:00:00+00:00,2026-04-21T14:00:00+03:00,2026-04,EBM0426,2500.3570620892224,EPIAS_VEP:EBM0426,True,False,False
2026-04-21T12:00:00+00:00,2026-04-21T15:00:00+03:00,2026-04,EBM0426,2500.3570620523988,EPIAS_VEP:EBM0426,True,False,False
2026-04-21T13:00:00+00:00,2026-04-21T16:00:00+03:00,2026-04,EBM0426,2500.3570620148425,EPIAS_VEP:EBM0426,True,False,False
2026-04-21T14:00:00+00:00,2026-04-21T17:00:00+03:00,2026-04,EBM0426,2500.357061976846,EPIAS_VEP:EBM0426,True,False,False
2026-04-21T15:00:00+00:00,2026-04-21T18:00:00+03:00,2026-04,EBM0426,2500.35706193875,EPIAS_VEP:EBM0426,True,False,False
2026-04-21T16:00:00+00:00,2026-04-21T19:00:00+03:00,2026-04,EBM0426,2500.357061900947,EPIAS_VEP:EBM0426,True,False,False
2026-04-21T17:00:00+00:00,2026-04-21T20:00:00+03:00,2026-04,EBM0426,2500.357061863885,EPIAS_VEP:EBM0426,True,False,False
2026-04-21T18:00:00+00:00,2026-04-21T21:00:00+03:00,2026-04,EBM0426,2500.3570618280723,EPIAS_VEP:EBM0426,True,False,False
2026-04-21T19:00:00+00:00,2026-04-21T22:00:00+03:00,2026-04,EBM0426,2500.357061794081,EPIAS_VEP:EBM0426,True,False,False
2026-04-21T20:00:00+00:00,2026-04-21T23:00:00+03:00,2026-04,EBM0426,2500.357061762551,EPIAS_VEP:EBM0426,True,False,False
2026-04-21T21:00:00+00:00,2026-04-22T00:00:00+03:00,2026-04,EBM0426,2500.3570617341934,EPIAS_VEP:EBM0426,True,False,False
2026-04-21T22:00:00+00:00,2026-04-22T01:00:00+03:00,2026-04,EBM0426,2500.3570617097926,EPIAS_VEP:EBM0426,True,False,False
2026-04-21T23:00:00+00:00,2026-04-22T02:00:00+03:00,2026-04,EBM0426,2500.357061690209,EPIAS_VEP:EBM0426,True,False,False
2026-04-22T00:00:00+00:00,2026-04-22T03:00:00+03:00,2026-04,EBM0426,2500.357061676384,EPIAS_VEP:EBM0426,True,False,False
2026-04-22T01:00:00+00:00,2026-04-22T04:00:00+03:00,2026-04,EBM0426,2500.3570616693396,EPIAS_VEP:EBM0426,True,False,False
2026-04-22T02:00:00+00:00,2026-04-22T05:00:00+03:00,2026-04,EBM0426,2500.3570616701795,EPIAS_VEP:EBM0426,True,False,False
2026-04-22T03:00:00+00:00,2026-04-22T06:00:00+03:00,2026-04,EBM0426,2500.3570616800907,EPIAS_VEP:EBM0426,True,False,False
2026-04-22T04:00:00+00:00,2026-04-22T07:00:00+03:00,2026-04,EBM0426,2500.3570617003434,EPIAS_VEP:EBM0426,True,False,False
2026-04-22T05:00:00+00:00,2026-04-22T08:00:00+03:00,2026-04,EBM0426,2500.357061732289,EPIAS_VEP:EBM0426,True,False,False
2026-04-22T06:00:00+00:00,2026-04-22T09:00:00+03:00,2026-04,EBM0426,2500.3570617773594,EPIAS_VEP:EBM0426,True,False,False
2026-04-22T07:00:00+00:00,2026-04-22T10:00:00+03:00,2026-04,EBM0426,2500.3570618370663,EPIAS_VEP:EBM0426,True,False,False
2026-04-22T08:00:00+00:00,2026-04-22T11:00:00+03:00,2026-04,EBM0426,2500.3570619129946,EPIAS_VEP:EBM0426,True,False,False
2026-04-22T09:00:00+00:00,2026-04-22T12:00:00+03:00,2026-04,EBM0426,2500.3570620067926,EPIAS_VEP:EBM0426,True,False,False
2026-04-22T10:00:00+00:00,2026-04-22T13:00:00+03:00,2026-04,EBM0426,2500.357062120169,EPIAS_VEP:EBM0426,True,False,False
2026-04-22T11:00:00+00:00,2026-04-22T14:00:00+03:00,2026-04,EBM0426,2500.35706225488,EPIAS_VEP:EBM0426,True,False,False
2026-04-22T12:00:00+00:00,2026-04-22T15:00:00+03:00,2026-04,EBM0426,2500.3570624127187,EPIAS_VEP:EBM0426,True,False,False
2026-04-22T13:00:00+00:00,2026-04-22T16:00:00+03:00,2026-04,EBM0426,2500.3570625955003,EPIAS_VEP:EBM0426,True,False,False
2026-04-22T14:00:00+00:00,2026-04-22T17:00:00+03:00,2026-04,EBM0426,2500.3570628050497,EPIAS_VEP:EBM0426,True,False,False
2026-04-22T15:00:00+00:00,2026-04-22T18:00:00+03:00,2026-04,EBM0426,2500.3570630431827,EPIAS_VEP:EBM0426,True,False,False
2026-04-22T16:00:00+00:00,2026-04-22T19:00:00+03:00,2026-04,EBM0426,2500.3570633116856,EPIAS_VEP:EBM0426,True,False,False
2026-04-22T17:00:00+00:00,2026-04-22T20:00:00+03:00,2026-04,EBM0426,2500.35706361229,EPIAS_VEP:EBM0426,True,False,False
2026-04-22T18:00:00+00:00,2026-04-22T21:00:00+03:00,2026-04,EBM0426,2500.357063946646,EPIAS_VEP:EBM0426,True,False,False
2026-04-22T19:00:00+00:00,2026-04-22T22:00:00+03:00,2026-04,EBM0426,2500.357064316294,EPIAS_VEP:EBM0426,True,False,False
2026-04-22T20:00:00+00:00,2026-04-22T23:00:00+03:00,2026-04,EBM0426,2500.3570647226306,EPIAS_VEP:EBM0426,True,False,False
2026-04-22T21:00:00+00:00,2026-04-23T00:00:00+03:00,2026-04,EBM0426,2500.357065166871,EPIAS_VEP:EBM0426,True,False,False
2026-04-22T22:00:00+00:00,2026-04-23T01:00:00+03:00,2026-04,EBM0426,2500.357065650009,EPIAS_VEP:EBM0426,True,False,False
2026-04-22T23:00:00+00:00,2026-04-23T02:00:00+03:00,2026-04,EBM0426,2500.357066172772,EPIAS_VEP:EBM0426,True,False,False
2026-04-23T00:00:00+00:00,2026-04-23T03:00:00+03:00,2026-04,EBM0426,2500.3570667355734,EPIAS_VEP:EBM0426,True,False,False
2026-04-23T01:00:00+00:00,2026-04-23T04:00:00+03:00,2026-04,EBM0426,2500.3570673384606,EPIAS_VEP:EBM0426,True,False,False
2026-04-23T02:00:00+00:00,2026-04-23T05:00:00+03:00,2026-04,EBM0426,2500.3570679810564,EPIAS_VEP:EBM0426,True,False,False
2026-04-23T03:00:00+00:00,2026-04-23T06:00:00+03:00,2026-04,EBM0426,2500.3570686625008,EPIAS_VEP:EBM0426,True,False,False
2026-04-23T04:00:00+00:00,2026-04-23T07:00:00+03:00,2026-04,EBM0426,2500.3570693813876,EPIAS_VEP:EBM0426,True,False,False
2026-04-23T05:00:00+00:00,2026-04-23T08:00:00+03:00,2026-04,EBM0426,2500.357070135695,EPIAS_VEP:EBM0426,True,False,False
2026-04-23T06:00:00+00:00,2026-04-23T09:00:00+03:00,2026-04,EBM0426,2500.357070922712,EPIAS_VEP:EBM0426,True,False,False
2026-04-23T07:00:00+00:00,2026-04-23T10:00:00+03:00,2026-04,EBM0426,2500.3570717389666,EPIAS_VEP:EBM0426,True,False,False
2026-04-23T08:00:00+00:00,2026-04-23T11:00:00+03:00,2026-04,EBM0426,2500.3570725801433,EPIAS_VEP:EBM0426,True,False,False
2026-04-23T09:00:00+00:00,2026-04-23T12:00:00+03:00,2026-04,EBM0426,2500.357073441002,EPIAS_VEP:EBM0426,True,False,False
2026-04-23T10:00:00+00:00,2026-04-23T13:00:00+03:00,2026-04,EBM0426,2500.357074315295,EPIAS_VEP:EBM0426,True,False,False
2026-04-23T11:00:00+00:00,2026-04-23T14:00:00+03:00,2026-04,EBM0426,2500.35707519568,EPIAS_VEP:EBM0426,True,False,False
2026-04-23T12:00:00+00:00,2026-04-23T15:00:00+03:00,2026-04,EBM0426,2500.3570760736325,EPIAS_VEP:EBM0426,True,False,False
2026-04-23T13:00:00+00:00,2026-04-23T16:00:00+03:00,2026-04,EBM0426,2500.3570769393586,EPIAS_VEP:EBM0426,True,False,False
2026-04-23T14:00:00+00:00,2026-04-23T17:00:00+03:00,2026-04,EBM0426,2500.357077781707,EPIAS_VEP:EBM0426,True,False,False
2026-04-23T15:00:00+00:00,2026-04-23T18:00:00+03:00,2026-04,EBM0426,2500.357078588084,EPIAS_VEP:EBM0426,True,False,False
2026-04-23T16:00:00+00:00,2026-04-23T19:00:00+03:00,2026-04,EBM0426,2500.3570793443673,EPIAS_VEP:EBM0426,True,False,False
2026-04-23T17:00:00+00:00,2026-04-23T20:00:00+03:00,2026-04,EBM0426,2500.357080034827,EPIAS_VEP:EBM0426,True,False,False
2026-04-23T18:00:00+00:00,2026-04-23T21:00:00+03:00,2026-04,EBM0426,2500.3570806420466,EPIAS_VEP:EBM0426,True,False,False
2026-04-23T19:00:00+00:00,2026-04-23T22:00:00+03:00,2026-04,EBM0426,2500.357081146857,EPIAS_VEP:EBM0426,True,False,False
2026-04-23T20:00:00+00:00,2026-04-23T23:00:00+03:00,2026-04,EBM0426,2500.357081528273,EPIAS_VEP:EBM0426,True,False,False
2026-04-23T21:00:00+00:00,2026-04-24T00:00:00+03:00,2026-04,EBM0426,2500.357081763443,EPIAS_VEP:EBM0426,True,False,False
2026-04-23T22:00:00+00:00,2026-04-24T01:00:00+03:00,2026-04,EBM0426,2500.3570818276153,EPIAS_VEP:EBM0426,True,False,False
2026-04-23T23:00:00+00:00,2026-04-24T02:00:00+03:00,2026-04,EBM0426,2500.357081694112,EPIAS_VEP:EBM0426,True,False,False
2026-04-24T00:00:00+00:00,2026-04-24T03:00:00+03:00,2026-04,EBM0426,2500.357081334324,EPIAS_VEP:EBM0426,True,False,False
2026-04-24T01:00:00+00:00,2026-04-24T04:00:00+03:00,2026-04,EBM0426,2500.3570807177216,EPIAS_VEP:EBM0426,True,False,False
2026-04-24T02:00:00+00:00,2026-04-24T05:00:00+03:00,2026-04,EBM0426,2500.357079811892,EPIAS_VEP:EBM0426,True,False,False
2026-04-24T03:00:00+00:00,2026-04-24T06:00:00+03:00,2026-04,EBM0426,2500.3570785826023,EPIAS_VEP:EBM0426,True,False,False
2026-04-24T04:00:00+00:00,2026-04-24T07:00:00+03:00,2026-04,EBM0426,2500.357076993887,EPIAS_VEP:EBM0426,True,False,False
2026-04-24T05:00:00+00:00,2026-04-24T08:00:00+03:00,2026-04,EBM0426,2500.3570750081735,EPIAS_VEP:EBM0426,True,False,False
2026-04-24T06:00:00+00:00,2026-04-24T09:00:00+03:00,2026-04,EBM0426,2500.3570725864397,EPIAS_VEP:EBM0426,True,False,False
2026-04-24T07:00:00+00:00,2026-04-24T10:00:00+03:00,2026-04,EBM0426,2500.3570696884135,EPIAS_VEP:EBM0426,True,False,False
2026-04-24T08:00:00+00:00,2026-04-24T11:00:00+03:00,2026-04,EBM0426,2500.357066272812,EPIAS_VEP:EBM0426,True,False,False
2026-04-24T09:00:00+00:00,2026-04-24T12:00:00+03:00,2026-04,EBM0426,2500.357062297634,EPIAS_VEP:EBM0426,True,False,False
2026-04-24T10:00:00+00:00,2026-04-24T13:00:00+03:00,2026-04,EBM0426,2500.3570577205032,EPIAS_VEP:EBM0426,True,False,False
2026-04-24T11:00:00+00:00,2026-04-24T14:00:00+03:00,2026-04,EBM0426,2500.3570524990623,EPIAS_VEP:EBM0426,True,False,False
2026-04-24T12:00:00+00:00,2026-04-24T15:00:00+03:00,2026-04,EBM0426,2500.3570465914345,EPIAS_VEP:EBM0426,True,False,False
2026-04-24T13:00:00+00:00,2026-04-24T16:00:00+03:00,2026-04,EBM0426,2500.3570399567425,EPIAS_VEP:EBM0426,True,False,False
2026-04-24T14:00:00+00:00,2026-04-24T17:00:00+03:00,2026-04,EBM0426,2500.3570325557,EPIAS_VEP:EBM0426,True,False,False
2026-04-24T15:00:00+00:00,2026-04-24T18:00:00+03:00,2026-04,EBM0426,2500.357024351276,EPIAS_VEP:EBM0426,True,False,False
2026-04-24T16:00:00+00:00,2026-04-24T19:00:00+03:00,2026-04,EBM0426,2500.357015309435,EPIAS_VEP:EBM0426,True,False,False
2026-04-24T17:00:00+00:00,2026-04-24T20:00:00+03:00,2026-04,EBM0426,2500.357005399957,EPIAS_VEP:EBM0426,True,False,False
2026-04-24T18:00:00+00:00,2026-04-24T21:00:00+03:00,2026-04,EBM0426,2500.356994597339,EPIAS_VEP:EBM0426,True,False,False
2026-04-24T19:00:00+00:00,2026-04-24T22:00:00+03:00,2026-04,EBM0426,2500.3569828817904,EPIAS_VEP:EBM0426,True,False,False
2026-04-24T20:00:00+00:00,2026-04-24T23:00:00+03:00,2026-04,EBM0426,2500.3569702403106,EPIAS_VEP:EBM0426,True,False,False
2026-04-24T21:00:00+00:00,2026-04-25T00:00:00+03:00,2026-04,EBM0426,2500.3569566678616,EPIAS_VEP:EBM0426,True,False,False
2026-04-24T22:00:00+00:00,2026-04-25T01:00:00+03:00,2026-04,EBM0426,2500.3569421686293,EPIAS_VEP:EBM0426,True,False,False
2026-04-24T23:00:00+00:00,2026-04-25T02:00:00+03:00,2026-04,EBM0426,2500.3569267573835,EPIAS_VEP:EBM0426,True,False,False
2026-04-25T00:00:00+00:00,2026-04-25T03:00:00+03:00,2026-04,EBM0426,2500.356910460927,EPIAS_VEP:EBM0426,True,False,False
2026-04-25T01:00:00+00:00,2026-04-25T04:00:00+03:00,2026-04,EBM0426,2500.3568933196366,EPIAS_VEP:EBM0426,True,False,False
2026-04-25T02:00:00+00:00,2026-04-25T05:00:00+03:00,2026-04,EBM0426,2500.3568753890913,EPIAS_VEP:EBM0426,True,False,False
2026-04-25T03:00:00+00:00,2026-04-25T06:00:00+03:00,2026-04,EBM0426,2500.3568567417883,EPIAS_VEP:EBM0426,True,False,False
2026-04-25T04:00:00+00:00,2026-04-25T07:00:00+03:00,2026-04,EBM0426,2500.356837468936,EPIAS_VEP:EBM0426,True,False,False
2026-04-25T05:00:00+00:00,2026-04-25T08:00:00+03:00,2026-04,EBM0426,2500.356817682323,EPIAS_VEP:EBM0426,True,False,False
2026-04-25T06:00:00+00:00,2026-04-25T09:00:00+03:00,2026-04,EBM0426,2500.3567975162405,EPIAS_VEP:EBM0426,True,False,False
2026-04-25T07:00:00+00:00,2026-04-25T10:00:00+03:00,2026-04,EBM0426,2500.3567771294624,EPIAS_VEP:EBM0426,True,False,False
2026-04-25T08:00:00+00:00,2026-04-25T11:00:00+03:00,2026-04,EBM0426,2500.356756707261,EPIAS_VEP:EBM0426,True,False,False
2026-04-25T09:00:00+00:00,2026-04-25T12:00:00+03:00,2026-04,EBM0426,2500.3567364634464,EPIAS_VEP:EBM0426,True,False,False
2026-04-25T10:00:00+00:00,2026-04-25T13:00:00+03:00,2026-04,EBM0426,2500.3567166424086,EPIAS_VEP:EBM0426,True,False,False
2026-04-25T11:00:00+00:00,2026-04-25T14:00:00+03:00,2026-04,EBM0426,2500.3566975211415,EPIAS_VEP:EBM0426,True,False,False
2026-04-25T12:00:00+00:00,2026-04-25T15:00:00+03:00,2026-04,EBM0426,2500.356679411226,EPIAS_VEP:EBM0426,True,False,False
2026-04-25T13:00:00+00:00,2026-04-25T16:00:00+03:00,2026-04,EBM0426,2500.3566626607408,EPIAS_VEP:EBM0426,True,False,False
2026-04-25T14:00:00+00:00,2026-04-25T17:00:00+03:00,2026-04,EBM0426,2500.3566476560723,EPIAS_VEP:EBM0426,True,False,False
2026-04-25T15:00:00+00:00,2026-04-25T18:00:00+03:00,2026-04,EBM0426,2500.356634823594,EPIAS_VEP:EBM0426,True,False,False
2026-04-25T16:00:00+00:00,2026-04-25T19:00:00+03:00,2026-04,EBM0426,2500.356624631163,EPIAS_VEP:EBM0426,True,False,False
2026-04-25T17:00:00+00:00,2026-04-25T20:00:00+03:00,2026-04,EBM0426,2500.356617589404,EPIAS_VEP:EBM0426,True,False,False
2026-04-25T18:00:00+00:00,2026-04-25T21:00:00+03:00,2026-04,EBM0426,2500.3566142527297,EPIAS_VEP:EBM0426,True,False,False
2026-04-25T19:00:00+00:00,2026-04-25T22:00:00+03:00,2026-04,EBM0426,2500.356615220044,EPIAS_VEP:EBM0426,True,False,False
2026-04-25T20:00:00+00:00,2026-04-25T23:00:00+03:00,2026-04,EBM0426,2500.356621135075,EPIAS_VEP:EBM0426,True,False,False
2026-04-25T21:00:00+00:00,2026-04-26T00:00:00+03:00,2026-04,EBM0426,2500.3566326862788,EPIAS_VEP:EBM0426,True,False,False
2026-04-25T22:00:00+00:00,2026-04-26T01:00:00+03:00,2026-04,EBM0426,2500.356650606249,EPIAS_VEP:EBM0426,True,False,False
2026-04-25T23:00:00+00:00,2026-04-26T02:00:00+03:00,2026-04,EBM0426,2500.356675670562,EPIAS_VEP:EBM0426,True,False,False
2026-04-26T00:00:00+00:00,2026-04-26T03:00:00+03:00,2026-04,EBM0426,2500.356708695983,EPIAS_VEP:EBM0426,True,False,False
2026-04-26T01:00:00+00:00,2026-04-26T04:00:00+03:00,2026-04,EBM0426,2500.3567505379606,EPIAS_VEP:EBM0426,True,False,False
2026-04-26T02:00:00+00:00,2026-04-26T05:00:00+03:00,2026-04,EBM0426,2500.3568020873245,EPIAS_VEP:EBM0426,True,False,False
2026-04-26T03:00:00+00:00,2026-04-26T06:00:00+03:00,2026-04,EBM0426,2500.3568642661,EPIAS_VEP:EBM0426,True,False,False
2026-04-26T04:00:00+00:00,2026-04-26T07:00:00+03:00,2026-04,EBM0426,2500.356938022356,EPIAS_VEP:EBM0426,True,False,False
2026-04-26T05:00:00+00:00,2026-04-26T08:00:00+03:00,2026-04,EBM0426,2500.357024323986,EPIAS_VEP:EBM0426,True,False,False
2026-04-26T06:00:00+00:00,2026-04-26T09:00:00+03:00,2026-04,EBM0426,2500.3571241513296,EPIAS_VEP:EBM0426,True,False,False
2026-04-26T07:00:00+00:00,2026-04-26T10:00:00+03:00,2026-04,EBM0426,2500.357238488546,EPIAS_VEP:EBM0426,True,False,False
2026-04-26T08:00:00+00:00,2026-04-26T11:00:00+03:00,2026-04,EBM0426,2500.3573683136283,EPIAS_VEP:EBM0426,True,False,False
2026-04-26T09:00:00+00:00,2026-04-26T12:00:00+03:00,2026-04,EBM0426,2500.3575145869713,EPIAS_VEP:EBM0426,True,False,False
2026-04-26T10:00:00+00:00,2026-04-26T13:00:00+03:00,2026-04,EBM0426,2500.3576782383902,EPIAS_VEP:EBM0426,True,False,False
2026-04-26T11:00:00+00:00,2026-04-26T14:00:00+03:00,2026-04,EBM0426,2500.3578601524914,EPIAS_VEP:EBM0426,True,False,False
2026-04-26T12:00:00+00:00,2026-04-26T15:00:00+03:00,2026-04,EBM0426,2500.3580611523084,EPIAS_VEP:EBM0426,True,False,False
2026-04-26T13:00:00+00:00,2026-04-26T16:00:00+03:00,2026-04,EBM0426,2500.3582819811104,EPIAS_VEP:EBM0426,True,False,False
2026-04-26T14:00:00+00:00,2026-04-26T17:00:00+03:00,2026-04,EBM0426,2500.3585232822957,EPIAS_VEP:EBM0426,True,False,False
2026-04-26T15:00:00+00:00,2026-04-26T18:00:00+03:00,2026-04,EBM0426,2500.3587855773144,EPIAS_VEP:EBM0426,True,False,False
2026-04-26T16:00:00+00:00,2026-04-26T19:00:00+03:00,2026-04,EBM0426,2500.3590692415396,EPIAS_VEP:EBM0426,True,False,False
2026-04-26T17:00:00+00:00,2026-04-26T20:00:00+03:00,2026-04,EBM0426,2500.3593744780383,EPIAS_VEP:EBM0426,True,False,False
2026-04-26T18:00:00+00:00,2026-04-26T21:00:00+03:00,2026-04,EBM0426,2500.3597012892033,EPIAS_VEP:EBM0426,True,False,False
2026-04-26T19:00:00+00:00,2026-04-26T22:00:00+03:00,2026-04,EBM0426,2500.3600494462316,EPIAS_VEP:EBM0426,True,False,False
2026-04-26T20:00:00+00:00,2026-04-26T23:00:00+03:00,2026-04,EBM0426,2500.360418456441,EPIAS_VEP:EBM0426,True,False,False
2026-04-26T21:00:00+00:00,2026-04-27T00:00:00+03:00,2026-04,EBM0426,2500.360807528454,EPIAS_VEP:EBM0426,True,False,False
2026-04-26T22:00:00+00:00,2026-04-27T01:00:00+03:00,2026-04,EBM0426,2500.3612155352985,EPIAS_VEP:EBM0426,True,False,False
2026-04-26T23:00:00+00:00,2026-04-27T02:00:00+03:00,2026-04,EBM0426,2500.3616409754986,EPIAS_VEP:EBM0426,True,False,False
2026-04-27T00:00:00+00:00,2026-04-27T03:00:00+03:00,2026-04,EBM0426,2500.3620819322773,EPIAS_VEP:EBM0426,True,False,False
2026-04-27T01:00:00+00:00,2026-04-27T04:00:00+03:00,2026-04,EBM0426,2500.3625360310107,EPIAS_VEP:EBM0426,True,False,False
2026-04-27T02:00:00+00:00,2026-04-27T05:00:00+03:00,2026-04,EBM0426,2500.3630003951316,EPIAS_VEP:EBM0426,True,False,False
2026-04-27T03:00:00+00:00,2026-04-27T06:00:00+03:00,2026-04,EBM0426,2500.36347160072,EPIAS_VEP:EBM0426,True,False,False
2026-04-27T04:00:00+00:00,2026-04-27T07:00:00+03:00,2026-04,EBM0426,2500.3639456300675,EPIAS_VEP:EBM0426,True,False,False
2026-04-27T05:00:00+00:00,2026-04-27T08:00:00+03:00,2026-04,EBM0426,2500.3644178245554,EPIAS_VEP:EBM0426,True,False,False
2026-04-27T06:00:00+00:00,2026-04-27T09:00:00+03:00,2026-04,EBM0426,2500.364882837253,EPIAS_VEP:EBM0426,True,False,False
2026-04-27T07:00:00+00:00,2026-04-27T10:00:00+03:00,2026-04,EBM0426,2500.3653345856974,EPIAS_VEP:EBM0426,True,False,False
2026-04-27T08:00:00+00:00,2026-04-27T11:00:00+03:00,2026-04,EBM0426,2500.365766205394,EPIAS_VEP:EBM0426,True,False,False
2026-04-27T09:00:00+00:00,2026-04-27T12:00:00+03:00,2026-04,EBM0426,2500.3661700046387,EPIAS_VEP:EBM0426,True,False,False
2026-04-27T10:00:00+00:00,2026-04-27T13:00:00+03:00,2026-04,EBM0426,2500.3665374213574,EPIAS_VEP:EBM0426,True,False,False
2026-04-27T11:00:00+00:00,2026-04-27T14:00:00+03:00,2026-04,EBM0426,2500.3668589827257,EPIAS_VEP:EBM0426,True,False,False
2026-04-27T12:00:00+00:00,2026-04-27T15:00:00+03:00,2026-04,EBM0426,2500.3671242684277,EPIAS_VEP:EBM0426,True,False,False
2026-04-27T13:00:00+00:00,2026-04-27T16:00:00+03:00,2026-04,EBM0426,2500.367321878499,EPIAS_VEP:EBM0426,True,False,False
2026-04-27T14:00:00+00:00,2026-04-27T17:00:00+03:00,2026-04,EBM0426,2500.3674394067993,EPIAS_VEP:EBM0426,True,False,False
2026-04-27T15:00:00+00:00,2026-04-27T18:00:00+03:00,2026-04,EBM0426,2500.3674634212507,EPIAS_VEP:EBM0426,True,False,False
2026-04-27T16:00:00+00:00,2026-04-27T19:00:00+03:00,2026-04,EBM0426,2500.3673794520855,EPIAS_VEP:EBM0426,True,False,False
2026-04-27T17:00:00+00:00,2026-04-27T20:00:00+03:00,2026-04,EBM0426,2500.3671719894446,EPIAS_VEP:EBM0426,True,False,False
2026-04-27T18:00:00+00:00,2026-04-27T21:00:00+03:00,2026-04,EBM0426,2500.3668244917735,EPIAS_VEP:EBM0426,True,False,False
2026-04-27T19:00:00+00:00,2026-04-27T22:00:00+03:00,2026-04,EBM0426,2500.3663194065684,EPIAS_VEP:EBM0426,True,False,False
2026-04-27T20:00:00+00:00,2026-04-27T23:00:00+03:00,2026-04,EBM0426,2500.365638205129,EPIAS_VEP:EBM0426,True,False,False
2026-04-27T21:00:00+00:00,2026-04-28T00:00:00+03:00,2026-04,EBM0426,2500.3647614330625,EPIAS_VEP:EBM0426,True,False,False
2026-04-27T22:00:00+00:00,2026-04-28T01:00:00+03:00,2026-04,EBM0426,2500.3636687784056,EPIAS_VEP:EBM0426,True,False,False
2026-04-27T23:00:00+00:00,2026-04-28T02:00:00+03:00,2026-04,EBM0426,2500.362339159301,EPIAS_VEP:EBM0426,True,False,False
2026-04-28T00:00:00+00:00,2026-04-28T03:00:00+03:00,2026-04,EBM0426,2500.3607508332625,EPIAS_VEP:EBM0426,True,False,False
2026-04-28T01:00:00+00:00,2026-04-28T04:00:00+03:00,2026-04,EBM0426,2500.3588815301387,EPIAS_VEP:EBM0426,True,False,False
2026-04-28T02:00:00+00:00,2026-04-28T05:00:00+03:00,2026-04,EBM0426,2500.356708610946,EPIAS_VEP:EBM0426,True,False,False
2026-04-28T03:00:00+00:00,2026-04-28T06:00:00+03:00,2026-04,EBM0426,2500.354209254798,EPIAS_VEP:EBM0426,True,False,False
2026-04-28T04:00:00+00:00,2026-04-28T07:00:00+03:00,2026-04,EBM0426,2500.3513606761967,EPIAS_VEP:EBM0426,True,False,False
2026-04-28T05:00:00+00:00,2026-04-28T08:00:00+03:00,2026-04,EBM0426,2500.3481403749684,EPIAS_VEP:EBM0426,True,False,False
2026-04-28T06:00:00+00:00,2026-04-28T09:00:00+03:00,2026-04,EBM0426,2500.3445264211223,EPIAS_VEP:EBM0426,True,False,False
2026-04-28T07:00:00+00:00,2026-04-28T10:00:00+03:00,2026-04,EBM0426,2500.3404977768823,EPIAS_VEP:EBM0426,True,False,False
2026-04-28T08:00:00+00:00,2026-04-28T11:00:00+03:00,2026-04,EBM0426,2500.3360346580794,EPIAS_VEP:EBM0426,True,False,False
2026-04-28T09:00:00+00:00,2026-04-28T12:00:00+03:00,2026-04,EBM0426,2500.331118937019,EPIAS_VEP:EBM0426,True,False,False
2026-04-28T10:00:00+00:00,2026-04-28T13:00:00+03:00,2026-04,EBM0426,2500.32573458879,EPIAS_VEP:EBM0426,True,False,False
2026-04-28T11:00:00+00:00,2026-04-28T14:00:00+03:00,2026-04,EBM0426,2500.3198681828408,EPIAS_VEP:EBM0426,True,False,False
2026-04-28T12:00:00+00:00,2026-04-28T15:00:00+03:00,2026-04,EBM0426,2500.3135094214094,EPIAS_VEP:EBM0426,True,False,False
2026-04-28T13:00:00+00:00,2026-04-28T16:00:00+03:00,2026-04,EBM0426,2500.306651726166,EPIAS_VEP:EBM0426,True,False,False
2026-04-28T14:00:00+00:00,2026-04-28T17:00:00+03:00,2026-04,EBM0426,2500.2992928740878,EPIAS_VEP:EBM0426,True,False,False
2026-04-28T15:00:00+00:00,2026-04-28T18:00:00+03:00,2026-04,EBM0426,2500.2914356832293,EPIAS_VEP:EBM0426,True,False,False
2026-04-28T16:00:00+00:00,2026-04-28T19:00:00+03:00,2026-04,EBM0426,2500.2830887486093,EPIAS_VEP:EBM0426,True,False,False
2026-04-28T17:00:00+00:00,2026-04-28T20:00:00+03:00,2026-04,EBM0426,2500.274267227928,EPIAS_VEP:EBM0426,True,False,False
2026-04-28T18:00:00+00:00,2026-04-28T21:00:00+03:00,2026-04,EBM0426,2500.264993676261,EPIAS_VEP:EBM0426,True,False,False
2026-04-28T19:00:00+00:00,2026-04-28T22:00:00+03:00,2026-04,EBM0426,2500.2552989282117,EPIAS_VEP:EBM0426,True,False,False
2026-04-28T20:00:00+00:00,2026-04-28T23:00:00+03:00,2026-04,EBM0426,2500.245223025267,EPIAS_VEP:EBM0426,True,False,False
2026-04-28T21:00:00+00:00,2026-04-29T00:00:00+03:00,2026-04,EBM0426,2500.234816185272,EPIAS_VEP:EBM0426,True,False,False
2026-04-28T22:00:00+00:00,2026-04-29T01:00:00+03:00,2026-04,EBM0426,2500.2241398100177,EPIAS_VEP:EBM0426,True,False,False
2026-04-28T23:00:00+00:00,2026-04-29T02:00:00+03:00,2026-04,EBM0426,2500.2132675259277,EPIAS_VEP:EBM0426,True,False,False
2026-04-29T00:00:00+00:00,2026-04-29T03:00:00+03:00,2026-04,EBM0426,2500.202286251695,EPIAS_VEP:EBM0426,True,False,False
2026-04-29T01:00:00+00:00,2026-04-29T04:00:00+03:00,2026-04,EBM0426,2500.191297285511,EPIAS_VEP:EBM0426,True,False,False
2026-04-29T02:00:00+00:00,2026-04-29T05:00:00+03:00,2026-04,EBM0426,2500.1804174031927,EPIAS_VEP:EBM0426,True,False,False
2026-04-29T03:00:00+00:00,2026-04-29T06:00:00+03:00,2026-04,EBM0426,2500.1697799570784,EPIAS_VEP:EBM0426,True,False,False
2026-04-29T04:00:00+00:00,2026-04-29T07:00:00+03:00,2026-04,EBM0426,2500.1595359640173,EPIAS_VEP:EBM0426,True,False,False
2026-04-29T05:00:00+00:00,2026-04-29T08:00:00+03:00,2026-04,EBM0426,2500.1498551691147,EPIAS_VEP:EBM0426,True,False,False
2026-04-29T06:00:00+00:00,2026-04-29T09:00:00+03:00,2026-04,EBM0426,2500.140927070128,EPIAS_VEP:EBM0426,True,False,False
2026-04-29T07:00:00+00:00,2026-04-29T10:00:00+03:00,2026-04,EBM0426,2500.1329618855484,EPIAS_VEP:EBM0426,True,False,False
2026-04-29T08:00:00+00:00,2026-04-29T11:00:00+03:00,2026-04,EBM0426,2500.1261914474107,EPIAS_VEP:EBM0426,True,False,False
2026-04-29T09:00:00+00:00,2026-04-29T12:00:00+03:00,2026-04,EBM0426,2500.12086999722,EPIAS_VEP:EBM0426,True,False,False
2026-04-29T10:00:00+00:00,2026-04-29T13:00:00+03:00,2026-04,EBM0426,2500.1172748635854,EPIAS_VEP:EBM0426,True,False,False
2026-04-29T11:00:00+00:00,2026-04-29T14:00:00+03:00,2026-04,EBM0426,2500.115706994368,EPIAS_VEP:EBM0426,True,False,False
2026-04-29T12:00:00+00:00,2026-04-29T15:00:00+03:00,2026-04,EBM0426,2500.1164913161915,EPIAS_VEP:EBM0426,True,False,False
2026-04-29T13:00:00+00:00,2026-04-29T16:00:00+03:00,2026-04,EBM0426,2500.1199768912306,EPIAS_VEP:EBM0426,True,False,False
2026-04-29T14:00:00+00:00,2026-04-29T17:00:00+03:00,2026-04,EBM0426,2500.1265368387803,EPIAS_VEP:EBM0426,True,False,False
2026-04-29T15:00:00+00:00,2026-04-29T18:00:00+03:00,2026-04,EBM0426,2500.1365679866967,EPIAS_VEP:EBM0426,True,False,False
2026-04-29T16:00:00+00:00,2026-04-29T19:00:00+03:00,2026-04,EBM0426,2500.1504902154015,EPIAS_VEP:EBM0426,True,False,False
2026-04-29T17:00:00+00:00,2026-04-29T20:00:00+03:00,2026-04,EBM0426,2500.1687454547664,EPIAS_VEP:EBM0426,True,False,False
2026-04-29T18:00:00+00:00,2026-04-29T21:00:00+03:00,2026-04,EBM0426,2500.1917962918915,EPIAS_VEP:EBM0426,True,False,False
2026-04-29T19:00:00+00:00,2026-04-29T22:00:00+03:00,2026-04,EBM0426,2500.2201241455828,EPIAS_VEP:EBM0426,True,False,False
2026-04-29T20:00:00+00:00,2026-04-29T23:00:00+03:00,2026-04,EBM0426,2500.2542269612672,EPIAS_VEP:EBM0426,True,False,False
2026-04-29T21:00:00+00:00,2026-04-30T00:00:00+03:00,2026-04,EBM0426,2500.2946163782076,EPIAS_VEP:EBM0426,True,False,False
2026-04-29T22:00:00+00:00,2026-04-30T01:00:00+03:00,2026-04,EBM0426,2500.3418143192207,EPIAS_VEP:EBM0426,True,False,False
2026-04-29T23:00:00+00:00,2026-04-30T02:00:00+03:00,2026-04,EBM0426,2500.3963489517364,EPIAS_VEP:EBM0426,True,False,False
2026-04-30T00:00:00+00:00,2026-04-30T03:00:00+03:00,2026-04,EBM0426,2500.458749968002,EPIAS_VEP:EBM0426,True,False,False
2026-04-30T01:00:00+00:00,2026-04-30T04:00:00+03:00,2026-04,EBM0426,2500.5295431316194,EPIAS_VEP:EBM0426,True,False,False
2026-04-30T02:00:00+00:00,2026-04-30T05:00:00+03:00,2026-04,EBM0426,2500.609244037445,EPIAS_VEP:EBM0426,True,False,False
2026-04-30T03:00:00+00:00,2026-04-30T06:00:00+03:00,2026-04,EBM0426,2500.6983510322725,EPIAS_VEP:EBM0426,True,False,False
2026-04-30T04:00:00+00:00,2026-04-30T07:00:00+03:00,2026-04,EBM0426,2500.7973372447414,EPIAS_VEP:EBM0426,True,False,False
2026-04-30T05:00:00+00:00,2026-04-30T08:00:00+03:00,2026-04,EBM0426,2500.9066416746386,EPIAS_VEP:EBM0426,True,False,False
2026-04-30T06:00:00+00:00,2026-04-30T09:00:00+03:00,2026-04,EBM0426,2501.026659294279,EPIAS_VEP:EBM0426,True,False,False
2026-04-30T07:00:00+00:00,2026-04-30T10:00:00+03:00,2026-04,EBM0426,2501.1577301180564,EPIAS_VEP:EBM0426,True,False,False
2026-04-30T08:00:00+00:00,2026-04-30T11:00:00+03:00,2026-04,EBM0426,2501.30012720069,EPIAS_VEP:EBM0426,True,False,False
2026-04-30T09:00:00+00:00,2026-04-30T12:00:00+03:00,2026-04,EBM0426,2501.454043530135,EPIAS_VEP:EBM0426,True,False,False
2026-04-30T10:00:00+00:00,2026-04-30T13:00:00+03:00,2026-04,EBM0426,2501.6195777878725,EPIAS_VEP:EBM0426,True,False,False
2026-04-30T11:00:00+00:00,2026-04-30T14:00:00+03:00,2026-04,EBM0426,2501.796718957275,EPIAS_VEP:EBM0426,True,False,False
2026-04-30T12:00:00+00:00,2026-04-30T15:00:00+03:00,2026-04,EBM0426,2501.9853297702,EPIAS_VEP:EBM0426,True,False,False
2026-04-30T13:00:00+00:00,2026-04-30T16:00:00+03:00,2026-04,EBM0426,2502.185128992855,EPIAS_VEP:EBM0426,True,False,False
2026-04-30T14:00:00+00:00,2026-04-30T17:00:00+03:00,2026-04,EBM0426,2502.395672564737,EPIAS_VEP:EBM0426,True,False,False
2026-04-30T15:00:00+00:00,2026-04-30T18:00:00+03:00,2026-04,EBM0426,2502.6163336186664,EPIAS_VEP:EBM0426,True,False,False
2026-04-30T16:00:00+00:00,2026-04-30T19:00:00+03:00,2026-04,EBM0426,2502.8462814264703,EPIAS_VEP:EBM0426,True,False,False
2026-04-30T17:00:00+00:00,2026-04-30T20:00:00+03:00,2026-04,EBM0426,2503.084459332801,EPIAS_VEP:EBM0426,True,False,False
2026-04-30T18:00:00+00:00,2026-04-30T21:00:00+03:00,2026-04,EBM0426,2503.329561760548,EPIAS_VEP:EBM0426,True,False,False
2026-04-30T19:00:00+00:00,2026-04-30T22:00:00+03:00,2026-04,EBM0426,2503.5800103935335,EPIAS_VEP:EBM0426,True,False,False
2026-04-30T20:00:00+00:00,2026-04-30T23:00:00+03:00,2026-04,EBM0426,2503.8339296645054,EPIAS_VEP:EBM0426,True,False,False
2026-04-30T21:00:00+00:00,2026-05-01T00:00:00+03:00,2026-05,EBM0526,2504.089121711085,EPIAS_VEP:EBM0526,True,False,False
2026-04-30T22:00:00+00:00,2026-05-01T01:00:00+03:00,2026-05,EBM0526,2504.343040984177,EPIAS_VEP:EBM0526,True,False,False
2026-04-30T23:00:00+00:00,2026-05-01T02:00:00+03:00,2026-05,EBM0526,2504.59348962143,EPIAS_VEP:EBM0526,True,False,False
2026-05-01T00:00:00+00:00,2026-05-01T03:00:00+03:00,2026-05,EBM0526,2504.8385920556925,EPIAS_VEP:EBM0526,True,False,False
2026-05-01T01:00:00+00:00,2026-05-01T04:00:00+03:00,2026-05,EBM0526,2505.0767699697685,EPIAS_VEP:EBM0526,True,False,False
2026-05-01T02:00:00+00:00,2026-05-01T05:00:00+03:00,2026-05,EBM0526,2505.3067177861735,EPIAS_VEP:EBM0526,True,False,False
2026-05-01T03:00:00+00:00,2026-05-01T06:00:00+03:00,2026-05,EBM0526,2505.527378849341,EPIAS_VEP:EBM0526,True,False,False
2026-05-01T04:00:00+00:00,2026-05-01T07:00:00+03:00,2026-05,EBM0526,2505.7379224308434,EPIAS_VEP:EBM0526,True,False,False
2026-05-01T05:00:00+00:00,2026-05-01T08:00:00+03:00,2026-05,EBM0526,2505.9377216632847,EPIAS_VEP:EBM0526,True,False,False
2026-05-01T06:00:00+00:00,2026-05-01T09:00:00+03:00,2026-05,EBM0526,2506.126332485942,EPIAS_VEP:EBM0526,True,False,False
2026-05-01T07:00:00+00:00,2026-05-01T10:00:00+03:00,2026-05,EBM0526,2506.303473664839,EPIAS_VEP:EBM0526,True,False,False
2026-05-01T08:00:00+00:00,2026-05-01T11:00:00+03:00,2026-05,EBM0526,2506.4690079316692,EPIAS_VEP:EBM0526,True,False,False
2026-05-01T09:00:00+00:00,2026-05-01T12:00:00+03:00,2026-05,EBM0526,2506.6229242696745,EPIAS_VEP:EBM0526,True,False,False
2026-05-01T10:00:00+00:00,2026-05-01T13:00:00+03:00,2026-05,EBM0526,2506.7653213602207,EPIAS_VEP:EBM0526,True,False,False
2026-05-01T11:00:00+00:00,2026-05-01T14:00:00+03:00,2026-05,EBM0526,2506.896392191163,EPIAS_VEP:EBM0526,True,False,False
2026-05-01T12:00:00+00:00,2026-05-01T15:00:00+03:00,2026-05,EBM0526,2507.016409817137,EPIAS_VEP:EBM0526,True,False,False
2026-05-01T13:00:00+00:00,2026-05-01T16:00:00+03:00,2026-05,EBM0526,2507.125714252475,EPIAS_VEP:EBM0526,True,False,False
2026-05-01T14:00:00+00:00,2026-05-01T17:00:00+03:00,2026-05,EBM0526,2507.2247004694423,EPIAS_VEP:EBM0526,True,False,False
2026-05-01T15:00:00+00:00,2026-05-01T18:00:00+03:00,2026-05,EBM0526,2507.313807467795,EPIAS_VEP:EBM0526,True,False,False
2026-05-01T16:00:00+00:00,2026-05-01T19:00:00+03:00,2026-05,EBM0526,2507.3935083761594,EPIAS_VEP:EBM0526,True,False,False
2026-05-01T17:00:00+00:00,2026-05-01T20:00:00+03:00,2026-05,EBM0526,2507.46430154133,EPIAS_VEP:EBM0526,True,False,False
2026-05-01T18:00:00+00:00,2026-05-01T21:00:00+03:00,2026-05,EBM0526,2507.52670255818,EPIAS_VEP:EBM0526,True,False,False
2026-05-01T19:00:00+00:00,2026-05-01T22:00:00+03:00,2026-05,EBM0526,2507.5812371903453,EPIAS_VEP:EBM0526,True,False,False
2026-05-01T20:00:00+00:00,2026-05-01T23:00:00+03:00,2026-05,EBM0526,2507.6284351301206,EPIAS_VEP:EBM0526,True,False,False
2026-05-01T21:00:00+00:00,2026-05-02T00:00:00+03:00,2026-05,EBM0526,2507.668824544998,EPIAS_VEP:EBM0526,True,False,False
2026-05-01T22:00:00+00:00,2026-05-02T01:00:00+03:00,2026-05,EBM0526,2507.702927357874,EPIAS_VEP:EBM0526,True,False,False
2026-05-01T23:00:00+00:00,2026-05-02T02:00:00+03:00,2026-05,EBM0526,2507.7312552081044,EPIAS_VEP:EBM0526,True,False,False
2026-05-02T00:00:00+00:00,2026-05-02T03:00:00+03:00,2026-05,EBM0526,2507.7543060412254,EPIAS_VEP:EBM0526,True,False,False
2026-05-02T01:00:00+00:00,2026-05-02T04:00:00+03:00,2026-05,EBM0526,2507.77256127617,EPIAS_VEP:EBM0526,True,False,False
2026-05-02T02:00:00+00:00,2026-05-02T05:00:00+03:00,2026-05,EBM0526,2507.7864835001837,EPIAS_VEP:EBM0526,True,False,False
2026-05-02T03:00:00+00:00,2026-05-02T06:00:00+03:00,2026-05,EBM0526,2507.7965146432994,EPIAS_VEP:EBM0526,True,False,False
2026-05-02T04:00:00+00:00,2026-05-02T07:00:00+03:00,2026-05,EBM0526,2507.8030745861156,EPIAS_VEP:EBM0526,True,False,False
2026-05-02T05:00:00+00:00,2026-05-02T08:00:00+03:00,2026-05,EBM0526,2507.8065601566827,EPIAS_VEP:EBM0526,True,False,False
2026-05-02T06:00:00+00:00,2026-05-02T09:00:00+03:00,2026-05,EBM0526,2507.807344474509,EPIAS_VEP:EBM0526,True,False,False
2026-05-02T07:00:00+00:00,2026-05-02T10:00:00+03:00,2026-05,EBM0526,2507.805776602002,EPIAS_VEP:EBM0526,True,False,False
2026-05-02T08:00:00+00:00,2026-05-02T11:00:00+03:00,2026-05,EBM0526,2507.8021814660383,EPIAS_VEP:EBM0526,True,False,False
2026-05-02T09:00:00+00:00,2026-05-02T12:00:00+03:00,2026-05,EBM0526,2507.796860014748,EPIAS_VEP:EBM0526,True,False,False
2026-05-02T10:00:00+00:00,2026-05-02T13:00:00+03:00,2026-05,EBM0526,2507.7900895770304,EPIAS_VEP:EBM0526,True,False,False
2026-05-02T11:00:00+00:00,2026-05-02T14:00:00+03:00,2026-05,EBM0526,2507.7821243947005,EPIAS_VEP:EBM0526,True,False,False
2026-05-02T12:00:00+00:00,2026-05-02T15:00:00+03:00,2026-05,EBM0526,2507.7731962995304,EPIAS_VEP:EBM0526,True,False,False
2026-05-02T13:00:00+00:00,2026-05-02T16:00:00+03:00,2026-05,EBM0526,2507.763515509769,EPIAS_VEP:EBM0526,True,False,False
2026-05-02T14:00:00+00:00,2026-05-02T17:00:00+03:00,2026-05,EBM0526,2507.7532715229513,EPIAS_VEP:EBM0526,True,False,False
2026-05-02T15:00:00+00:00,2026-05-02T18:00:00+03:00,2026-05,EBM0526,2507.7426340839766,EPIAS_VEP:EBM0526,True,False,False
2026-05-02T16:00:00+00:00,2026-05-02T19:00:00+03:00,2026-05,EBM0526,2507.731754209509,EPIAS_VEP:EBM0526,True,False,False
2026-05-02T17:00:00+00:00,2026-05-02T20:00:00+03:00,2026-05,EBM0526,2507.720765251719,EPIAS_VEP:EBM0526,True,False,False
2026-05-02T18:00:00+00:00,2026-05-02T21:00:00+03:00,2026-05,EBM0526,2507.7097839862727,EPIAS_VEP:EBM0526,True,False,False
2026-05-02T19:00:00+00:00,2026-05-02T22:00:00+03:00,2026-05,EBM0526,2507.6989117112266,EPIAS_VEP:EBM0526,True,False,False
2026-05-02T20:00:00+00:00,2026-05-02T23:00:00+03:00,2026-05,EBM0526,2507.6882353451538,EPIAS_VEP:EBM0526,True,False,False
2026-05-02T21:00:00+00:00,2026-05-03T00:00:00+03:00,2026-05,EBM0526,2507.6778285143732,EPIAS_VEP:EBM0526,True,False,False
2026-05-02T22:00:00+00:00,2026-05-03T01:00:00+03:00,2026-05,EBM0526,2507.6677526205867,EPIAS_VEP:EBM0526,True,False,False
2026-05-02T23:00:00+00:00,2026-05-03T02:00:00+03:00,2026-05,EBM0526,2507.6580578815583,EPIAS_VEP:EBM0526,True,False,False
2026-05-03T00:00:00+00:00,2026-05-03T03:00:00+03:00,2026-05,EBM0526,2507.6487843387067,EPIAS_VEP:EBM0526,True,False,False
2026-05-03T01:00:00+00:00,2026-05-03T04:00:00+03:00,2026-05,EBM0526,2507.63996282658,EPIAS_VEP:EBM0526,True,False,False
2026-05-03T02:00:00+00:00,2026-05-03T05:00:00+03:00,2026-05,EBM0526,2507.6316159002067,EPIAS_VEP:EBM0526,True,False,False
2026-05-03T03:00:00+00:00,2026-05-03T06:00:00+03:00,2026-05,EBM0526,2507.6237587172495,EPIAS_VEP:EBM0526,True,False,False
2026-05-03T04:00:00+00:00,2026-05-03T07:00:00+03:00,2026-05,EBM0526,2507.6163998726975,EPIAS_VEP:EBM0526,True,False,False
2026-05-03T05:00:00+00:00,2026-05-03T08:00:00+03:00,2026-05,EBM0526,2507.609542184584,EPIAS_VEP:EBM0526,True,False,False
2026-05-03T06:00:00+00:00,2026-05-03T09:00:00+03:00,2026-05,EBM0526,2507.603183429872,EPIAS_VEP:EBM0526,True,False,False
2026-05-03T07:00:00+00:00,2026-05-03T10:00:00+03:00,2026-05,EBM0526,2507.5973170302223,EPIAS_VEP:EBM0526,True,False,False
2026-05-03T08:00:00+00:00,2026-05-03T11:00:00+03:00,2026-05,EBM0526,2507.59193268787,EPIAS_VEP:EBM0526,True,False,False
2026-05-03T09:00:00+00:00,2026-05-03T12:00:00+03:00,2026-05,EBM0526,2507.5870169722634,EPIAS_VEP:EBM0526,True,False,False
2026-05-03T10:00:00+00:00,2026-05-03T13:00:00+03:00,2026-05,EBM0526,2507.5825538584963,EPIAS_VEP:EBM0526,True,False,False
2026-05-03T11:00:00+00:00,2026-05-03T14:00:00+03:00,2026-05,EBM0526,2507.5785252188825,EPIAS_VEP:EBM0526,True,False,False
2026-05-03T12:00:00+00:00,2026-05-03T15:00:00+03:00,2026-05,EBM0526,2507.574911269266,EPIAS_VEP:EBM0526,True,False,False
2026-05-03T13:00:00+00:00,2026-05-03T16:00:00+03:00,2026-05,EBM0526,2507.571690971884,EPIAS_VEP:EBM0526,True,False,False
2026-05-03T14:00:00+00:00,2026-05-03T17:00:00+03:00,2026-05,EBM0526,2507.568842396763,EPIAS_VEP:EBM0526,True,False,False
2026-05-03T15:00:00+00:00,2026-05-03T18:00:00+03:00,2026-05,EBM0526,2507.566343043749,EPIAS_VEP:EBM0526,True,False,False
2026-05-03T16:00:00+00:00,2026-05-03T19:00:00+03:00,2026-05,EBM0526,2507.564170127365,EPIAS_VEP:EBM0526,True,False,False
2026-05-03T17:00:00+00:00,2026-05-03T20:00:00+03:00,2026-05,EBM0526,2507.562300826745,EPIAS_VEP:EBM0526,True,False,False
2026-05-03T18:00:00+00:00,2026-05-03T21:00:00+03:00,2026-05,EBM0526,2507.5607125029237,EPIAS_VEP:EBM0526,True,False,False
2026-05-03T19:00:00+00:00,2026-05-03T22:00:00+03:00,2026-05,EBM0526,2507.5593828857686,EPIAS_VEP:EBM0526,True,False,False
2026-05-03T20:00:00+00:00,2026-05-03T23:00:00+03:00,2026-05,EBM0526,2507.5582902328124,EPIAS_VEP:EBM0526,True,False,False
2026-05-03T21:00:00+00:00,2026-05-04T00:00:00+03:00,2026-05,EBM0526,2507.5574134622157,EPIAS_VEP:EBM0526,True,False,False
2026-05-03T22:00:00+00:00,2026-05-04T01:00:00+03:00,2026-05,EBM0526,2507.556732262032,EPIAS_VEP:EBM0526,True,False,False
2026-05-03T23:00:00+00:00,2026-05-04T02:00:00+03:00,2026-05,EBM0526,2507.5562271778854,EPIAS_VEP:EBM0526,True,False,False
2026-05-04T00:00:00+00:00,2026-05-04T03:00:00+03:00,2026-05,EBM0526,2507.555879681091,EPIAS_VEP:EBM0526,True,False,False
2026-05-04T01:00:00+00:00,2026-05-04T04:00:00+03:00,2026-05,EBM0526,2507.555672219163,EPIAS_VEP:EBM0526,True,False,False
2026-05-04T02:00:00+00:00,2026-05-04T05:00:00+03:00,2026-05,EBM0526,2507.5555882505637,EPIAS_VEP:EBM0526,True,False,False
2026-05-04T03:00:00+00:00,2026-05-04T06:00:00+03:00,2026-05,EBM0526,2507.555612265447,EPIAS_VEP:EBM0526,True,False,False
2026-05-04T04:00:00+00:00,2026-05-04T07:00:00+03:00,2026-05,EBM0526,2507.555729794058,EPIAS_VEP:EBM0526,True,False,False
2026-05-04T05:00:00+00:00,2026-05-04T08:00:00+03:00,2026-05,EBM0526,2507.5559274043335,EPIAS_VEP:EBM0526,True,False,False
2026-05-04T06:00:00+00:00,2026-05-04T09:00:00+03:00,2026-05,EBM0526,2507.556192690145,EPIAS_VEP:EBM0526,True,False,False
2026-05-04T07:00:00+00:00,2026-05-04T10:00:00+03:00,2026-05,EBM0526,2507.5565142515393,EPIAS_VEP:EBM0526,True,False,False
2026-05-04T08:00:00+00:00,2026-05-04T11:00:00+03:00,2026-05,EBM0526,2507.5568816682116,EPIAS_VEP:EBM0526,True,False,False
2026-05-04T09:00:00+00:00,2026-05-04T12:00:00+03:00,2026-05,EBM0526,2507.557285467346,EPIAS_VEP:EBM0526,True,False,False
2026-05-04T10:00:00+00:00,2026-05-04T13:00:00+03:00,2026-05,EBM0526,2507.557717086878,EPIAS_VEP:EBM0526,True,False,False
2026-05-04T11:00:00+00:00,2026-05-04T14:00:00+03:00,2026-05,EBM0526,2507.5581688351117,EPIAS_VEP:EBM0526,True,False,False
2026-05-04T12:00:00+00:00,2026-05-04T15:00:00+03:00,2026-05,EBM0526,2507.558633847558,EPIAS_VEP:EBM0526,True,False,False
2026-05-04T13:00:00+00:00,2026-05-04T16:00:00+03:00,2026-05,EBM0526,2507.5591060417605,EPIAS_VEP:EBM0526,True,False,False
2026-05-04T14:00:00+00:00,2026-05-04T17:00:00+03:00,2026-05,EBM0526,2507.559580070794,EPIAS_VEP:EBM0526,True,False,False
2026-05-04T15:00:00+00:00,2026-05-04T18:00:00+03:00,2026-05,EBM0526,2507.5600512760448,EPIAS_VEP:EBM0526,True,False,False
2026-05-04T16:00:00+00:00,2026-05-04T19:00:00+03:00,2026-05,EBM0526,2507.5605156398096,EPIAS_VEP:EBM0526,True,False,False
2026-05-04T17:00:00+00:00,2026-05-04T20:00:00+03:00,2026-05,EBM0526,2507.560969738171,EPIAS_VEP:EBM0526,True,False,False
2026-05-04T18:00:00+00:00,2026-05-04T21:00:00+03:00,2026-05,EBM0526,2507.561410694566,EPIAS_VEP:EBM0526,True,False,False
2026-05-04T19:00:00+00:00,2026-05-04T22:00:00+03:00,2026-05,EBM0526,2507.561836134374,EPIAS_VEP:EBM0526,True,False,False
2026-05-04T20:00:00+00:00,2026-05-04T23:00:00+03:00,2026-05,EBM0526,2507.562244140821,EPIAS_VEP:EBM0526,True,False,False
2026-05-04T21:00:00+00:00,2026-05-05T00:00:00+03:00,2026-05,EBM0526,2507.5626332124352,EPIAS_VEP:EBM0526,True,False,False
2026-05-04T22:00:00+00:00,2026-05-05T01:00:00+03:00,2026-05,EBM0526,2507.563002222248,EPIAS_VEP:EBM0526,True,False,False
2026-05-04T23:00:00+00:00,2026-05-05T02:00:00+03:00,2026-05,EBM0526,2507.5633503788863,EPIAS_VEP:EBM0526,True,False,False
2026-05-05T00:00:00+00:00,2026-05-05T03:00:00+03:00,2026-05,EBM0526,2507.5636771896716,EPIAS_VEP:EBM0526,True,False,False
2026-05-05T01:00:00+00:00,2026-05-05T04:00:00+03:00,2026-05,EBM0526,2507.563982425805,EPIAS_VEP:EBM0526,True,False,False
2026-05-05T02:00:00+00:00,2026-05-05T05:00:00+03:00,2026-05,EBM0526,2507.564266089685,EPIAS_VEP:EBM0526,True,False,False
2026-05-05T03:00:00+00:00,2026-05-05T06:00:00+03:00,2026-05,EBM0526,2507.5645283843787,EPIAS_VEP:EBM0526,True,False,False
2026-05-05T04:00:00+00:00,2026-05-05T07:00:00+03:00,2026-05,EBM0526,2507.564769685262,EPIAS_VEP:EBM0526,True,False,False
2026-05-05T05:00:00+00:00,2026-05-05T08:00:00+03:00,2026-05,EBM0526,2507.5649905137884,EPIAS_VEP:EBM0526,True,False,False
2026-05-05T06:00:00+00:00,2026-05-05T09:00:00+03:00,2026-05,EBM0526,2507.5651915133603,EPIAS_VEP:EBM0526,True,False,False
2026-05-05T07:00:00+00:00,2026-05-05T10:00:00+03:00,2026-05,EBM0526,2507.565373427245,EPIAS_VEP:EBM0526,True,False,False
2026-05-05T08:00:00+00:00,2026-05-05T11:00:00+03:00,2026-05,EBM0526,2507.5655370784752,EPIAS_VEP:EBM0526,True,False,False
2026-05-05T09:00:00+00:00,2026-05-05T12:00:00+03:00,2026-05,EBM0526,2507.565683351656,EPIAS_VEP:EBM0526,True,False,False
2026-05-05T10:00:00+00:00,2026-05-05T13:00:00+03:00,2026-05,EBM0526,2507.565813176602,EPIAS_VEP:EBM0526,True,False,False
2026-05-05T11:00:00+00:00,2026-05-05T14:00:00+03:00,2026-05,EBM0526,2507.565927513709,EPIAS_VEP:EBM0526,True,False,False
2026-05-05T12:00:00+00:00,2026-05-05T15:00:00+03:00,2026-05,EBM0526,2507.566027340969,EPIAS_VEP:EBM0526,True,False,False
2026-05-05T13:00:00+00:00,2026-05-05T16:00:00+03:00,2026-05,EBM0526,2507.5661136425397,EPIAS_VEP:EBM0526,True,False,False
2026-05-05T14:00:00+00:00,2026-05-05T17:00:00+03:00,2026-05,EBM0526,2507.56618739876,EPIAS_VEP:EBM0526,True,False,False
2026-05-05T15:00:00+00:00,2026-05-05T18:00:00+03:00,2026-05,EBM0526,2507.5662495775223,EPIAS_VEP:EBM0526,True,False,False
2026-05-05T16:00:00+00:00,2026-05-05T19:00:00+03:00,2026-05,EBM0526,2507.5663011268934,EPIAS_VEP:EBM0526,True,False,False
2026-05-05T17:00:00+00:00,2026-05-05T20:00:00+03:00,2026-05,EBM0526,2507.566342968899,EPIAS_VEP:EBM0526,True,False,False
2026-05-05T18:00:00+00:00,2026-05-05T21:00:00+03:00,2026-05,EBM0526,2507.5663759943664,EPIAS_VEP:EBM0526,True,False,False
2026-05-05T19:00:00+00:00,2026-05-05T22:00:00+03:00,2026-05,EBM0526,2507.566401058743,EPIAS_VEP:EBM0526,True,False,False
2026-05-05T20:00:00+00:00,2026-05-05T23:00:00+03:00,2026-05,EBM0526,2507.5664189787913,EPIAS_VEP:EBM0526,True,False,False
2026-05-05T21:00:00+00:00,2026-05-06T00:00:00+03:00,2026-05,EBM0526,2507.5664305300847,EPIAS_VEP:EBM0526,True,False,False
2026-05-05T22:00:00+00:00,2026-05-06T01:00:00+03:00,2026-05,EBM0526,2507.566436445214,EPIAS_VEP:EBM0526,True,False,False
2026-05-05T23:00:00+00:00,2026-05-06T02:00:00+03:00,2026-05,EBM0526,2507.5664374126304,EPIAS_VEP:EBM0526,True,False,False
2026-05-06T00:00:00+00:00,2026-05-06T03:00:00+03:00,2026-05,EBM0526,2507.566434076059,EPIAS_VEP:EBM0526,True,False,False
2026-05-06T01:00:00+00:00,2026-05-06T04:00:00+03:00,2026-05,EBM0526,2507.566427034401,EPIAS_VEP:EBM0526,True,False,False
2026-05-06T02:00:00+00:00,2026-05-06T05:00:00+03:00,2026-05,EBM0526,2507.5664168420662,EPIAS_VEP:EBM0526,True,False,False
2026-05-06T03:00:00+00:00,2026-05-06T06:00:00+03:00,2026-05,EBM0526,2507.566404009679,EPIAS_VEP:EBM0526,True,False,False
2026-05-06T04:00:00+00:00,2026-05-06T07:00:00+03:00,2026-05,EBM0526,2507.566389005095,EPIAS_VEP:EBM0526,True,False,False
2026-05-06T05:00:00+00:00,2026-05-06T08:00:00+03:00,2026-05,EBM0526,2507.5663722546838,EPIAS_VEP:EBM0526,True,False,False
2026-05-06T06:00:00+00:00,2026-05-06T09:00:00+03:00,2026-05,EBM0526,2507.566354144832,EPIAS_VEP:EBM0526,True,False,False
2026-05-06T07:00:00+00:00,2026-05-06T10:00:00+03:00,2026-05,EBM0526,2507.5663350236164,EPIAS_VEP:EBM0526,True,False,False
2026-05-06T08:00:00+00:00,2026-05-06T11:00:00+03:00,2026-05,EBM0526,2507.5663152026154,EPIAS_VEP:EBM0526,True,False,False
2026-05-06T09:00:00+00:00,2026-05-06T12:00:00+03:00,2026-05,EBM0526,2507.5662949588213,EPIAS_VEP:EBM0526,True,False,False
2026-05-06T10:00:00+00:00,2026-05-06T13:00:00+03:00,2026-05,EBM0526,2507.5662745366226,EPIAS_VEP:EBM0526,True,False,False
2026-05-06T11:00:00+00:00,2026-05-06T14:00:00+03:00,2026-05,EBM0526,2507.5662541498277,EPIAS_VEP:EBM0526,True,False,False
2026-05-06T12:00:00+00:00,2026-05-06T15:00:00+03:00,2026-05,EBM0526,2507.5662339837104,EPIAS_VEP:EBM0526,True,False,False
2026-05-06T13:00:00+00:00,2026-05-06T16:00:00+03:00,2026-05,EBM0526,2507.5662141970456,EPIAS_VEP:EBM0526,True,False,False
2026-05-06T14:00:00+00:00,2026-05-06T17:00:00+03:00,2026-05,EBM0526,2507.5661949241266,EPIAS_VEP:EBM0526,True,False,False
2026-05-06T15:00:00+00:00,2026-05-06T18:00:00+03:00,2026-05,EBM0526,2507.566176276742,EPIAS_VEP:EBM0526,True,False,False
2026-05-06T16:00:00+00:00,2026-05-06T19:00:00+03:00,2026-05,EBM0526,2507.566158346105,EPIAS_VEP:EBM0526,True,False,False
2026-05-06T17:00:00+00:00,2026-05-06T20:00:00+03:00,2026-05,EBM0526,2507.5661412047175,EPIAS_VEP:EBM0526,True,False,False
2026-05-06T18:00:00+00:00,2026-05-06T21:00:00+03:00,2026-05,EBM0526,2507.566124908164,EPIAS_VEP:EBM0526,True,False,False
2026-05-06T19:00:00+00:00,2026-05-06T22:00:00+03:00,2026-05,EBM0526,2507.566109496824,EPIAS_VEP:EBM0526,True,False,False
2026-05-06T20:00:00+00:00,2026-05-06T23:00:00+03:00,2026-05,EBM0526,2507.566094997504,EPIAS_VEP:EBM0526,True,False,False
2026-05-06T21:00:00+00:00,2026-05-07T00:00:00+03:00,2026-05,EBM0526,2507.566081424976,EPIAS_VEP:EBM0526,True,False,False
2026-05-06T22:00:00+00:00,2026-05-07T01:00:00+03:00,2026-05,EBM0526,2507.5660687834265,EPIAS_VEP:EBM0526,True,False,False
2026-05-06T23:00:00+00:00,2026-05-07T02:00:00+03:00,2026-05,EBM0526,2507.5660570678174,EPIAS_VEP:EBM0526,True,False,False
2026-05-07T00:00:00+00:00,2026-05-07T03:00:00+03:00,2026-05,EBM0526,2507.5660462651476,EPIAS_VEP:EBM0526,True,False,False
2026-05-07T01:00:00+00:00,2026-05-07T04:00:00+03:00,2026-05,EBM0526,2507.5660363556262,EPIAS_VEP:EBM0526,True,False,False
2026-05-07T02:00:00+00:00,2026-05-07T05:00:00+03:00,2026-05,EBM0526,2507.5660273137505,EPIAS_VEP:EBM0526,True,False,False
2026-05-07T03:00:00+00:00,2026-05-07T06:00:00+03:00,2026-05,EBM0526,2507.5660191093007,EPIAS_VEP:EBM0526,True,False,False
2026-05-07T04:00:00+00:00,2026-05-07T07:00:00+03:00,2026-05,EBM0526,2507.5660117082407,EPIAS_VEP:EBM0526,True,False,False
2026-05-07T05:00:00+00:00,2026-05-07T08:00:00+03:00,2026-05,EBM0526,2507.5660050735387,EPIAS_VEP:EBM0526,True,False,False
2026-05-07T06:00:00+00:00,2026-05-07T09:00:00+03:00,2026-05,EBM0526,2507.5659991659068,EPIAS_VEP:EBM0526,True,False,False
2026-05-07T07:00:00+00:00,2026-05-07T10:00:00+03:00,2026-05,EBM0526,2507.5659939444654,EPIAS_VEP:EBM0526,True,False,False
2026-05-07T08:00:00+00:00,2026-05-07T11:00:00+03:00,2026-05,EBM0526,2507.5659893673346,EPIAS_VEP:EBM0526,True,False,False
2026-05-07T09:00:00+00:00,2026-05-07T12:00:00+03:00,2026-05,EBM0526,2507.5659853921566,EPIAS_VEP:EBM0526,True,False,False
2026-05-07T10:00:00+00:00,2026-05-07T13:00:00+03:00,2026-05,EBM0526,2507.5659819765533,EPIAS_VEP:EBM0526,True,False,False
2026-05-07T11:00:00+00:00,2026-05-07T14:00:00+03:00,2026-05,EBM0526,2507.5659790785235,EPIAS_VEP:EBM0526,True,False,False
2026-05-07T12:00:00+00:00,2026-05-07T15:00:00+03:00,2026-05,EBM0526,2507.565976656785,EPIAS_VEP:EBM0526,True,False,False
2026-05-07T13:00:00+00:00,2026-05-07T16:00:00+03:00,2026-05,EBM0526,2507.5659746710653,EPIAS_VEP:EBM0526,True,False,False
2026-05-07T14:00:00+00:00,2026-05-07T17:00:00+03:00,2026-05,EBM0526,2507.565973082341,EPIAS_VEP:EBM0526,True,False,False
2026-05-07T15:00:00+00:00,2026-05-07T18:00:00+03:00,2026-05,EBM0526,2507.565971853036,EPIAS_VEP:EBM0526,True,False,False
2026-05-07T16:00:00+00:00,2026-05-07T19:00:00+03:00,2026-05,EBM0526,2507.5659709471843,EPIAS_VEP:EBM0526,True,False,False
2026-05-07T17:00:00+00:00,2026-05-07T20:00:00+03:00,2026-05,EBM0526,2507.565970330551,EPIAS_VEP:EBM0526,True,False,False
2026-05-07T18:00:00+00:00,2026-05-07T21:00:00+03:00,2026-05,EBM0526,2507.565969970723,EPIAS_VEP:EBM0526,True,False,False
2026-05-07T19:00:00+00:00,2026-05-07T22:00:00+03:00,2026-05,EBM0526,2507.5659698371696,EPIAS_VEP:EBM0526,True,False,False
2026-05-07T20:00:00+00:00,2026-05-07T23:00:00+03:00,2026-05,EBM0526,2507.5659699012804,EPIAS_VEP:EBM0526,True,False,False
2026-05-07T21:00:00+00:00,2026-05-08T00:00:00+03:00,2026-05,EBM0526,2507.5659701363784,EPIAS_VEP:EBM0526,True,False,False
2026-05-07T22:00:00+00:00,2026-05-08T01:00:00+03:00,2026-05,EBM0526,2507.5659705177127,EPIAS_VEP:EBM0526,True,False,False
2026-05-07T23:00:00+00:00,2026-05-08T02:00:00+03:00,2026-05,EBM0526,2507.5659710224363,EPIAS_VEP:EBM0526,True,False,False
2026-05-08T00:00:00+00:00,2026-05-08T03:00:00+03:00,2026-05,EBM0526,2507.5659716295654,EPIAS_VEP:EBM0526,True,False,False
2026-05-08T01:00:00+00:00,2026-05-08T04:00:00+03:00,2026-05,EBM0526,2507.56597231993,EPIAS_VEP:EBM0526,True,False,False
2026-05-08T02:00:00+00:00,2026-05-08T05:00:00+03:00,2026-05,EBM0526,2507.5659730761145,EPIAS_VEP:EBM0526,True,False,False
2026-05-08T03:00:00+00:00,2026-05-08T06:00:00+03:00,2026-05,EBM0526,2507.5659738823883,EPIAS_VEP:EBM0526,True,False,False
2026-05-08T04:00:00+00:00,2026-05-08T07:00:00+03:00,2026-05,EBM0526,2507.5659747246295,EPIAS_VEP:EBM0526,True,False,False
2026-05-08T05:00:00+00:00,2026-05-08T08:00:00+03:00,2026-05,EBM0526,2507.5659755902457,EPIAS_VEP:EBM0526,True,False,False
2026-05-08T06:00:00+00:00,2026-05-08T09:00:00+03:00,2026-05,EBM0526,2507.5659764680872,EPIAS_VEP:EBM0526,True,False,False
2026-05-08T07:00:00+00:00,2026-05-08T10:00:00+03:00,2026-05,EBM0526,2507.5659773483626,EPIAS_VEP:EBM0526,True,False,False
2026-05-08T08:00:00+00:00,2026-05-08T11:00:00+03:00,2026-05,EBM0526,2507.565978222549,EPIAS_VEP:EBM0526,True,False,False
2026-05-08T09:00:00+00:00,2026-05-08T12:00:00+03:00,2026-05,EBM0526,2507.5659790833047,EPIAS_VEP:EBM0526,True,False,False
2026-05-08T10:00:00+00:00,2026-05-08T13:00:00+03:00,2026-05,EBM0526,2507.565979924382,EPIAS_VEP:EBM0526,True,False,False
2026-05-08T11:00:00+00:00,2026-05-08T14:00:00+03:00,2026-05,EBM0526,2507.5659807405423,EPIAS_VEP:EBM0526,True,False,False
2026-05-08T12:00:00+00:00,2026-05-08T15:00:00+03:00,2026-05,EBM0526,2507.5659815274694,EPIAS_VEP:EBM0526,True,False,False
2026-05-08T13:00:00+00:00,2026-05-08T16:00:00+03:00,2026-05,EBM0526,2507.56598228169,EPIAS_VEP:EBM0526,True,False,False
2026-05-08T14:00:00+00:00,2026-05-08T17:00:00+03:00,2026-05,EBM0526,2507.5659830004934,EPIAS_VEP:EBM0526,True,False,False
2026-05-08T15:00:00+00:00,2026-05-08T18:00:00+03:00,2026-05,EBM0526,2507.565983681854,EPIAS_VEP:EBM0526,True,False,False
2026-05-08T16:00:00+00:00,2026-05-08T19:00:00+03:00,2026-05,EBM0526,2507.565984324365,EPIAS_VEP:EBM0526,True,False,False
2026-05-08T17:00:00+00:00,2026-05-08T20:00:00+03:00,2026-05,EBM0526,2507.5659849271665,EPIAS_VEP:EBM0526,True,False,False
2026-05-08T18:00:00+00:00,2026-05-08T21:00:00+03:00,2026-05,EBM0526,2507.5659854898813,EPIAS_VEP:EBM0526,True,False,False
2026-05-08T19:00:00+00:00,2026-05-08T22:00:00+03:00,2026-05,EBM0526,2507.565986012556,EPIAS_VEP:EBM0526,True,False,False
2026-05-08T20:00:00+00:00,2026-05-08T23:00:00+03:00,2026-05,EBM0526,2507.5659864956037,EPIAS_VEP:EBM0526,True,False,False
2026-05-08T21:00:00+00:00,2026-05-09T00:00:00+03:00,2026-05,EBM0526,2507.5659869397514,EPIAS_VEP:EBM0526,True,False,False
2026-05-08T22:00:00+00:00,2026-05-09T01:00:00+03:00,2026-05,EBM0526,2507.5659873459936,EPIAS_VEP:EBM0526,True,False,False
2026-05-08T23:00:00+00:00,2026-05-09T02:00:00+03:00,2026-05,EBM0526,2507.565987715545,EPIAS_VEP:EBM0526,True,False,False
2026-05-09T00:00:00+00:00,2026-05-09T03:00:00+03:00,2026-05,EBM0526,2507.5659880498024,EPIAS_VEP:EBM0526,True,False,False
2026-05-09T01:00:00+00:00,2026-05-09T04:00:00+03:00,2026-05,EBM0526,2507.5659883503067,EPIAS_VEP:EBM0526,True,False,False
2026-05-09T02:00:00+00:00,2026-05-09T05:00:00+03:00,2026-05,EBM0526,2507.5659886187095,EPIAS_VEP:EBM0526,True,False,False
2026-05-09T03:00:00+00:00,2026-05-09T06:00:00+03:00,2026-05,EBM0526,2507.5659888567434,EPIAS_VEP:EBM0526,True,False,False
2026-05-09T04:00:00+00:00,2026-05-09T07:00:00+03:00,2026-05,EBM0526,2507.565989066196,EPIAS_VEP:EBM0526,True,False,False
2026-05-09T05:00:00+00:00,2026-05-09T08:00:00+03:00,2026-05,EBM0526,2507.5659892488857,EPIAS_VEP:EBM0526,True,False,False
2026-05-09T06:00:00+00:00,2026-05-09T09:00:00+03:00,2026-05,EBM0526,2507.5659894066407,EPIAS_VEP:EBM0526,True,False,False
2026-05-09T07:00:00+00:00,2026-05-09T10:00:00+03:00,2026-05,EBM0526,2507.5659895412805,EPIAS_VEP:EBM0526,True,False,False
2026-05-09T08:00:00+00:00,2026-05-09T11:00:00+03:00,2026-05,EBM0526,2507.5659896545967,EPIAS_VEP:EBM0526,True,False,False
2026-05-09T09:00:00+00:00,2026-05-09T12:00:00+03:00,2026-05,EBM0526,2507.5659897483442,EPIAS_VEP:EBM0526,True,False,False
2026-05-09T10:00:00+00:00,2026-05-09T13:00:00+03:00,2026-05,EBM0526,2507.5659898242293,EPIAS_VEP:EBM0526,True,False,False
2026-05-09T11:00:00+00:00,2026-05-09T14:00:00+03:00,2026-05,EBM0526,2507.565989883901,EPIAS_VEP:EBM0526,True,False,False
2026-05-09T12:00:00+00:00,2026-05-09T15:00:00+03:00,2026-05,EBM0526,2507.565989928941,EPIAS_VEP:EBM0526,True,False,False
2026-05-09T13:00:00+00:00,2026-05-09T16:00:00+03:00,2026-05,EBM0526,2507.5659899608586,EPIAS_VEP:EBM0526,True,False,False
2026-05-09T14:00:00+00:00,2026-05-09T17:00:00+03:00,2026-05,EBM0526,2507.5659899810876,EPIAS_VEP:EBM0526,True,False,False
2026-05-09T15:00:00+00:00,2026-05-09T18:00:00+03:00,2026-05,EBM0526,2507.5659899909824,EPIAS_VEP:EBM0526,True,False,False
2026-05-09T16:00:00+00:00,2026-05-09T19:00:00+03:00,2026-05,EBM0526,2507.5659899918146,EPIAS_VEP:EBM0526,True,False,False
2026-05-09T17:00:00+00:00,2026-05-09T20:00:00+03:00,2026-05,EBM0526,2507.5659899847715,EPIAS_VEP:EBM0526,True,False,False
2026-05-09T18:00:00+00:00,2026-05-09T21:00:00+03:00,2026-05,EBM0526,2507.5659899709585,EPIAS_VEP:EBM0526,True,False,False
2026-05-09T19:00:00+00:00,2026-05-09T22:00:00+03:00,2026-05,EBM0526,2507.5659899513994,EPIAS_VEP:EBM0526,True,False,False
2026-05-09T20:00:00+00:00,2026-05-09T23:00:00+03:00,2026-05,EBM0526,2507.5659899270345,EPIAS_VEP:EBM0526,True,False,False
2026-05-09T21:00:00+00:00,2026-05-10T00:00:00+03:00,2026-05,EBM0526,2507.5659898987246,EPIAS_VEP:EBM0526,True,False,False
2026-05-09T22:00:00+00:00,2026-05-10T01:00:00+03:00,2026-05,EBM0526,2507.5659898672543,EPIAS_VEP:EBM0526,True,False,False
2026-05-09T23:00:00+00:00,2026-05-10T02:00:00+03:00,2026-05,EBM0526,2507.565989833334,EPIAS_VEP:EBM0526,True,False,False
2026-05-10T00:00:00+00:00,2026-05-10T03:00:00+03:00,2026-05,EBM0526,2507.5659897976034,EPIAS_VEP:EBM0526,True,False,False
2026-05-10T01:00:00+00:00,2026-05-10T04:00:00+03:00,2026-05,EBM0526,2507.565989760636,EPIAS_VEP:EBM0526,True,False,False
2026-05-10T02:00:00+00:00,2026-05-10T05:00:00+03:00,2026-05,EBM0526,2507.5659897229407,EPIAS_VEP:EBM0526,True,False,False
2026-05-10T03:00:00+00:00,2026-05-10T06:00:00+03:00,2026-05,EBM0526,2507.5659896849666,EPIAS_VEP:EBM0526,True,False,False
2026-05-10T04:00:00+00:00,2026-05-10T07:00:00+03:00,2026-05,EBM0526,2507.565989647106,EPIAS_VEP:EBM0526,True,False,False
2026-05-10T05:00:00+00:00,2026-05-10T08:00:00+03:00,2026-05,EBM0526,2507.5659896096995,EPIAS_VEP:EBM0526,True,False,False
2026-05-10T06:00:00+00:00,2026-05-10T09:00:00+03:00,2026-05,EBM0526,2507.5659895730373,EPIAS_VEP:EBM0526,True,False,False
2026-05-10T07:00:00+00:00,2026-05-10T10:00:00+03:00,2026-05,EBM0526,2507.5659895373647,EPIAS_VEP:EBM0526,True,False,False
2026-05-10T08:00:00+00:00,2026-05-10T11:00:00+03:00,2026-05,EBM0526,2507.5659895028866,EPIAS_VEP:EBM0526,True,False,False
2026-05-10T09:00:00+00:00,2026-05-10T12:00:00+03:00,2026-05,EBM0526,2507.565989469771,EPIAS_VEP:EBM0526,True,False,False
2026-05-10T10:00:00+00:00,2026-05-10T13:00:00+03:00,2026-05,EBM0526,2507.565989438148,EPIAS_VEP:EBM0526,True,False,False
2026-05-10T11:00:00+00:00,2026-05-10T14:00:00+03:00,2026-05,EBM0526,2507.5659894081155,EPIAS_VEP:EBM0526,True,False,False
2026-05-10T12:00:00+00:00,2026-05-10T15:00:00+03:00,2026-05,EBM0526,2507.5659893797433,EPIAS_VEP:EBM0526,True,False,False
2026-05-10T13:00:00+00:00,2026-05-10T16:00:00+03:00,2026-05,EBM0526,2507.565989353077,EPIAS_VEP:EBM0526,True,False,False
2026-05-10T14:00:00+00:00,2026-05-10T17:00:00+03:00,2026-05,EBM0526,2507.56598932814,EPIAS_VEP:EBM0526,True,False,False
2026-05-10T15:00:00+00:00,2026-05-10T18:00:00+03:00,2026-05,EBM0526,2507.565989304936,EPIAS_VEP:EBM0526,True,False,False
2026-05-10T16:00:00+00:00,2026-05-10T19:00:00+03:00,2026-05,EBM0526,2507.565989283453,EPIAS_VEP:EBM0526,True,False,False
2026-05-10T17:00:00+00:00,2026-05-10T20:00:00+03:00,2026-05,EBM0526,2507.565989263664,EPIAS_VEP:EBM0526,True,False,False
2026-05-10T18:00:00+00:00,2026-05-10T21:00:00+03:00,2026-05,EBM0526,2507.5659892455315,EPIAS_VEP:EBM0526,True,False,False
2026-05-10T19:00:00+00:00,2026-05-10T22:00:00+03:00,2026-05,EBM0526,2507.5659892290073,EPIAS_VEP:EBM0526,True,False,False
2026-05-10T20:00:00+00:00,2026-05-10T23:00:00+03:00,2026-05,EBM0526,2507.5659892140347,EPIAS_VEP:EBM0526,True,False,False
2026-05-10T21:00:00+00:00,2026-05-11T00:00:00+03:00,2026-05,EBM0526,2507.56598920055,EPIAS_VEP:EBM0526,True,False,False
2026-05-10T22:00:00+00:00,2026-05-11T01:00:00+03:00,2026-05,EBM0526,2507.565989188484,EPIAS_VEP:EBM0526,True,False,False
2026-05-10T23:00:00+00:00,2026-05-11T02:00:00+03:00,2026-05,EBM0526,2507.5659891777605,EPIAS_VEP:EBM0526,True,False,False
2026-05-11T00:00:00+00:00,2026-05-11T03:00:00+03:00,2026-05,EBM0526,2507.5659891683026,EPIAS_VEP:EBM0526,True,False,False
2026-05-11T01:00:00+00:00,2026-05-11T04:00:00+03:00,2026-05,EBM0526,2507.565989160032,EPIAS_VEP:EBM0526,True,False,False
2026-05-11T02:00:00+00:00,2026-05-11T05:00:00+03:00,2026-05,EBM0526,2507.5659891528708,EPIAS_VEP:EBM0526,True,False,False
2026-05-11T03:00:00+00:00,2026-05-11T06:00:00+03:00,2026-05,EBM0526,2507.5659891467376,EPIAS_VEP:EBM0526,True,False,False
2026-05-11T04:00:00+00:00,2026-05-11T07:00:00+03:00,2026-05,EBM0526,2507.5659891415544,EPIAS_VEP:EBM0526,True,False,False
2026-05-11T05:00:00+00:00,2026-05-11T08:00:00+03:00,2026-05,EBM0526,2507.5659891372447,EPIAS_VEP:EBM0526,True,False,False
2026-05-11T06:00:00+00:00,2026-05-11T09:00:00+03:00,2026-05,EBM0526,2507.5659891337336,EPIAS_VEP:EBM0526,True,False,False
2026-05-11T07:00:00+00:00,2026-05-11T10:00:00+03:00,2026-05,EBM0526,2507.5659891309483,EPIAS_VEP:EBM0526,True,False,False
2026-05-11T08:00:00+00:00,2026-05-11T11:00:00+03:00,2026-05,EBM0526,2507.5659891288196,EPIAS_VEP:EBM0526,True,False,False
2026-05-11T09:00:00+00:00,2026-05-11T12:00:00+03:00,2026-05,EBM0526,2507.5659891272803,EPIAS_VEP:EBM0526,True,False,False
2026-05-11T10:00:00+00:00,2026-05-11T13:00:00+03:00,2026-05,EBM0526,2507.5659891262676,EPIAS_VEP:EBM0526,True,False,False
2026-05-11T11:00:00+00:00,2026-05-11T14:00:00+03:00,2026-05,EBM0526,2507.565989125722,EPIAS_VEP:EBM0526,True,False,False
2026-05-11T12:00:00+00:00,2026-05-11T15:00:00+03:00,2026-05,EBM0526,2507.5659891255877,EPIAS_VEP:EBM0526,True,False,False
2026-05-11T13:00:00+00:00,2026-05-11T16:00:00+03:00,2026-05,EBM0526,2507.5659891258133,EPIAS_VEP:EBM0526,True,False,False
2026-05-11T14:00:00+00:00,2026-05-11T17:00:00+03:00,2026-05,EBM0526,2507.565989126349,EPIAS_VEP:EBM0526,True,False,False
2026-05-11T15:00:00+00:00,2026-05-11T18:00:00+03:00,2026-05,EBM0526,2507.5659891271484,EPIAS_VEP:EBM0526,True,False,False
2026-05-11T16:00:00+00:00,2026-05-11T19:00:00+03:00,2026-05,EBM0526,2507.565989128168,EPIAS_VEP:EBM0526,True,False,False
2026-05-11T17:00:00+00:00,2026-05-11T20:00:00+03:00,2026-05,EBM0526,2507.5659891293685,EPIAS_VEP:EBM0526,True,False,False
2026-05-11T18:00:00+00:00,2026-05-11T21:00:00+03:00,2026-05,EBM0526,2507.565989130713,EPIAS_VEP:EBM0526,True,False,False
2026-05-11T19:00:00+00:00,2026-05-11T22:00:00+03:00,2026-05,EBM0526,2507.56598913217,EPIAS_VEP:EBM0526,True,False,False
2026-05-11T20:00:00+00:00,2026-05-11T23:00:00+03:00,2026-05,EBM0526,2507.5659891337123,EPIAS_VEP:EBM0526,True,False,False
2026-05-11T21:00:00+00:00,2026-05-12T00:00:00+03:00,2026-05,EBM0526,2507.5659891353134,EPIAS_VEP:EBM0526,True,False,False
2026-05-11T22:00:00+00:00,2026-05-12T01:00:00+03:00,2026-05,EBM0526,2507.565989136952,EPIAS_VEP:EBM0526,True,False,False
2026-05-11T23:00:00+00:00,2026-05-12T02:00:00+03:00,2026-05,EBM0526,2507.5659891386076,EPIAS_VEP:EBM0526,True,False,False
2026-05-12T00:00:00+00:00,2026-05-12T03:00:00+03:00,2026-05,EBM0526,2507.5659891402643,EPIAS_VEP:EBM0526,True,False,False
2026-05-12T01:00:00+00:00,2026-05-12T04:00:00+03:00,2026-05,EBM0526,2507.565989141905,EPIAS_VEP:EBM0526,True,False,False
2026-05-12T02:00:00+00:00,2026-05-12T05:00:00+03:00,2026-05,EBM0526,2507.565989143515,EPIAS_VEP:EBM0526,True,False,False
2026-05-12T03:00:00+00:00,2026-05-12T06:00:00+03:00,2026-05,EBM0526,2507.565989145081,EPIAS_VEP:EBM0526,True,False,False
2026-05-12T04:00:00+00:00,2026-05-12T07:00:00+03:00,2026-05,EBM0526,2507.565989146592,EPIAS_VEP:EBM0526,True,False,False
2026-05-12T05:00:00+00:00,2026-05-12T08:00:00+03:00,2026-05,EBM0526,2507.5659891480404,EPIAS_VEP:EBM0526,True,False,False
2026-05-12T06:00:00+00:00,2026-05-12T09:00:00+03:00,2026-05,EBM0526,2507.5659891494206,EPIAS_VEP:EBM0526,True,False,False
2026-05-12T07:00:00+00:00,2026-05-12T10:00:00+03:00,2026-05,EBM0526,2507.5659891507266,EPIAS_VEP:EBM0526,True,False,False
2026-05-12T08:00:00+00:00,2026-05-12T11:00:00+03:00,2026-05,EBM0526,2507.565989151956,EPIAS_VEP:EBM0526,True,False,False
2026-05-12T09:00:00+00:00,2026-05-12T12:00:00+03:00,2026-05,EBM0526,2507.5659891531063,EPIAS_VEP:EBM0526,True,False,False
2026-05-12T10:00:00+00:00,2026-05-12T13:00:00+03:00,2026-05,EBM0526,2507.565989154177,EPIAS_VEP:EBM0526,True,False,False
2026-05-12T11:00:00+00:00,2026-05-12T14:00:00+03:00,2026-05,EBM0526,2507.5659891551677,EPIAS_VEP:EBM0526,True,False,False
2026-05-12T12:00:00+00:00,2026-05-12T15:00:00+03:00,2026-05,EBM0526,2507.56598915608,EPIAS_VEP:EBM0526,True,False,False
2026-05-12T13:00:00+00:00,2026-05-12T16:00:00+03:00,2026-05,EBM0526,2507.5659891569153,EPIAS_VEP:EBM0526,True,False,False
2026-05-12T14:00:00+00:00,2026-05-12T17:00:00+03:00,2026-05,EBM0526,2507.565989157675,EPIAS_VEP:EBM0526,True,False,False
2026-05-12T15:00:00+00:00,2026-05-12T18:00:00+03:00,2026-05,EBM0526,2507.5659891583614,EPIAS_VEP:EBM0526,True,False,False
2026-05-12T16:00:00+00:00,2026-05-12T19:00:00+03:00,2026-05,EBM0526,2507.565989158976,EPIAS_VEP:EBM0526,True,False,False
2026-05-12T17:00:00+00:00,2026-05-12T20:00:00+03:00,2026-05,EBM0526,2507.565989159522,EPIAS_VEP:EBM0526,True,False,False
2026-05-12T18:00:00+00:00,2026-05-12T21:00:00+03:00,2026-05,EBM0526,2507.5659891600026,EPIAS_VEP:EBM0526,True,False,False
2026-05-12T19:00:00+00:00,2026-05-12T22:00:00+03:00,2026-05,EBM0526,2507.5659891604223,EPIAS_VEP:EBM0526,True,False,False
2026-05-12T20:00:00+00:00,2026-05-12T23:00:00+03:00,2026-05,EBM0526,2507.565989160788,EPIAS_VEP:EBM0526,True,False,False
2026-05-12T21:00:00+00:00,2026-05-13T00:00:00+03:00,2026-05,EBM0526,2507.5659891611044,EPIAS_VEP:EBM0526,True,False,False
2026-05-12T22:00:00+00:00,2026-05-13T01:00:00+03:00,2026-05,EBM0526,2507.565989161375,EPIAS_VEP:EBM0526,True,False,False
2026-05-12T23:00:00+00:00,2026-05-13T02:00:00+03:00,2026-05,EBM0526,2507.5659891616037,EPIAS_VEP:EBM0526,True,False,False
2026-05-13T00:00:00+00:00,2026-05-13T03:00:00+03:00,2026-05,EBM0526,2507.565989161793,EPIAS_VEP:EBM0526,True,False,False
2026-05-13T01:00:00+00:00,2026-05-13T04:00:00+03:00,2026-05,EBM0526,2507.565989161944,EPIAS_VEP:EBM0526,True,False,False
2026-05-13T02:00:00+00:00,2026-05-13T05:00:00+03:00,2026-05,EBM0526,2507.565989162059,EPIAS_VEP:EBM0526,True,False,False
2026-05-13T03:00:00+00:00,2026-05-13T06:00:00+03:00,2026-05,EBM0526,2507.5659891621417,EPIAS_VEP:EBM0526,True,False,False
2026-05-13T04:00:00+00:00,2026-05-13T07:00:00+03:00,2026-05,EBM0526,2507.565989162195,EPIAS_VEP:EBM0526,True,False,False
2026-05-13T05:00:00+00:00,2026-05-13T08:00:00+03:00,2026-05,EBM0526,2507.565989162221,EPIAS_VEP:EBM0526,True,False,False
2026-05-13T06:00:00+00:00,2026-05-13T09:00:00+03:00,2026-05,EBM0526,2507.565989162223,EPIAS_VEP:EBM0526,True,False,False
2026-05-13T07:00:00+00:00,2026-05-13T10:00:00+03:00,2026-05,EBM0526,2507.565989162204,EPIAS_VEP:EBM0526,True,False,False
2026-05-13T08:00:00+00:00,2026-05-13T11:00:00+03:00,2026-05,EBM0526,2507.565989162165,EPIAS_VEP:EBM0526,True,False,False
2026-05-13T09:00:00+00:00,2026-05-13T12:00:00+03:00,2026-05,EBM0526,2507.565989162109,EPIAS_VEP:EBM0526,True,False,False
2026-05-13T10:00:00+00:00,2026-05-13T13:00:00+03:00,2026-05,EBM0526,2507.565989162039,EPIAS_VEP:EBM0526,True,False,False
2026-05-13T11:00:00+00:00,2026-05-13T14:00:00+03:00,2026-05,EBM0526,2507.56598916196,EPIAS_VEP:EBM0526,True,False,False
2026-05-13T12:00:00+00:00,2026-05-13T15:00:00+03:00,2026-05,EBM0526,2507.565989161874,EPIAS_VEP:EBM0526,True,False,False
2026-05-13T13:00:00+00:00,2026-05-13T16:00:00+03:00,2026-05,EBM0526,2507.5659891617815,EPIAS_VEP:EBM0526,True,False,False
2026-05-13T14:00:00+00:00,2026-05-13T17:00:00+03:00,2026-05,EBM0526,2507.565989161684,EPIAS_VEP:EBM0526,True,False,False
2026-05-13T15:00:00+00:00,2026-05-13T18:00:00+03:00,2026-05,EBM0526,2507.565989161581,EPIAS_VEP:EBM0526,True,False,False
2026-05-13T16:00:00+00:00,2026-05-13T19:00:00+03:00,2026-05,EBM0526,2507.565989161475,EPIAS_VEP:EBM0526,True,False,False
2026-05-13T17:00:00+00:00,2026-05-13T20:00:00+03:00,2026-05,EBM0526,2507.565989161367,EPIAS_VEP:EBM0526,True,False,False
2026-05-13T18:00:00+00:00,2026-05-13T21:00:00+03:00,2026-05,EBM0526,2507.5659891612577,EPIAS_VEP:EBM0526,True,False,False
2026-05-13T19:00:00+00:00,2026-05-13T22:00:00+03:00,2026-05,EBM0526,2507.565989161147,EPIAS_VEP:EBM0526,True,False,False
2026-05-13T20:00:00+00:00,2026-05-13T23:00:00+03:00,2026-05,EBM0526,2507.5659891610344,EPIAS_VEP:EBM0526,True,False,False
2026-05-13T21:00:00+00:00,2026-05-14T00:00:00+03:00,2026-05,EBM0526,2507.565989160919,EPIAS_VEP:EBM0526,True,False,False
2026-05-13T22:00:00+00:00,2026-05-14T01:00:00+03:00,2026-05,EBM0526,2507.565989160801,EPIAS_VEP:EBM0526,True,False,False
2026-05-13T23:00:00+00:00,2026-05-14T02:00:00+03:00,2026-05,EBM0526,2507.5659891606824,EPIAS_VEP:EBM0526,True,False,False
2026-05-14T00:00:00+00:00,2026-05-14T03:00:00+03:00,2026-05,EBM0526,2507.5659891605637,EPIAS_VEP:EBM0526,True,False,False
2026-05-14T01:00:00+00:00,2026-05-14T04:00:00+03:00,2026-05,EBM0526,2507.565989160447,EPIAS_VEP:EBM0526,True,False,False
2026-05-14T02:00:00+00:00,2026-05-14T05:00:00+03:00,2026-05,EBM0526,2507.565989160333,EPIAS_VEP:EBM0526,True,False,False
2026-05-14T03:00:00+00:00,2026-05-14T06:00:00+03:00,2026-05,EBM0526,2507.5659891602254,EPIAS_VEP:EBM0526,True,False,False
2026-05-14T04:00:00+00:00,2026-05-14T07:00:00+03:00,2026-05,EBM0526,2507.565989160126,EPIAS_VEP:EBM0526,True,False,False
2026-05-14T05:00:00+00:00,2026-05-14T08:00:00+03:00,2026-05,EBM0526,2507.5659891600353,EPIAS_VEP:EBM0526,True,False,False
2026-05-14T06:00:00+00:00,2026-05-14T09:00:00+03:00,2026-05,EBM0526,2507.565989159954,EPIAS_VEP:EBM0526,True,False,False
2026-05-14T07:00:00+00:00,2026-05-14T10:00:00+03:00,2026-05,EBM0526,2507.565989159882,EPIAS_VEP:EBM0526,True,False,False
2026-05-14T08:00:00+00:00,2026-05-14T11:00:00+03:00,2026-05,EBM0526,2507.5659891598198,EPIAS_VEP:EBM0526,True,False,False
2026-05-14T09:00:00+00:00,2026-05-14T12:00:00+03:00,2026-05,EBM0526,2507.565989159767,EPIAS_VEP:EBM0526,True,False,False
2026-05-14T10:00:00+00:00,2026-05-14T13:00:00+03:00,2026-05,EBM0526,2507.5659891597247,EPIAS_VEP:EBM0526,True,False,False
2026-05-14T11:00:00+00:00,2026-05-14T14:00:00+03:00,2026-05,EBM0526,2507.5659891596933,EPIAS_VEP:EBM0526,True,False,False
2026-05-14T12:00:00+00:00,2026-05-14T15:00:00+03:00,2026-05,EBM0526,2507.5659891596733,EPIAS_VEP:EBM0526,True,False,False
2026-05-14T13:00:00+00:00,2026-05-14T16:00:00+03:00,2026-05,EBM0526,2507.565989159664,EPIAS_VEP:EBM0526,True,False,False
2026-05-14T14:00:00+00:00,2026-05-14T17:00:00+03:00,2026-05,EBM0526,2507.565989159665,EPIAS_VEP:EBM0526,True,False,False
2026-05-14T15:00:00+00:00,2026-05-14T18:00:00+03:00,2026-05,EBM0526,2507.565989159677,EPIAS_VEP:EBM0526,True,False,False
2026-05-14T16:00:00+00:00,2026-05-14T19:00:00+03:00,2026-05,EBM0526,2507.565989159699,EPIAS_VEP:EBM0526,True,False,False
2026-05-14T17:00:00+00:00,2026-05-14T20:00:00+03:00,2026-05,EBM0526,2507.56598915973,EPIAS_VEP:EBM0526,True,False,False
2026-05-14T18:00:00+00:00,2026-05-14T21:00:00+03:00,2026-05,EBM0526,2507.5659891597707,EPIAS_VEP:EBM0526,True,False,False
2026-05-14T19:00:00+00:00,2026-05-14T22:00:00+03:00,2026-05,EBM0526,2507.5659891598193,EPIAS_VEP:EBM0526,True,False,False
2026-05-14T20:00:00+00:00,2026-05-14T23:00:00+03:00,2026-05,EBM0526,2507.5659891598743,EPIAS_VEP:EBM0526,True,False,False
2026-05-14T21:00:00+00:00,2026-05-15T00:00:00+03:00,2026-05,EBM0526,2507.5659891599335,EPIAS_VEP:EBM0526,True,False,False
2026-05-14T22:00:00+00:00,2026-05-15T01:00:00+03:00,2026-05,EBM0526,2507.565989159995,EPIAS_VEP:EBM0526,True,False,False
2026-05-14T23:00:00+00:00,2026-05-15T02:00:00+03:00,2026-05,EBM0526,2507.565989160056,EPIAS_VEP:EBM0526,True,False,False
2026-05-15T00:00:00+00:00,2026-05-15T03:00:00+03:00,2026-05,EBM0526,2507.565989160114,EPIAS_VEP:EBM0526,True,False,False
2026-05-15T01:00:00+00:00,2026-05-15T04:00:00+03:00,2026-05,EBM0526,2507.565989160168,EPIAS_VEP:EBM0526,True,False,False
2026-05-15T02:00:00+00:00,2026-05-15T05:00:00+03:00,2026-05,EBM0526,2507.565989160218,EPIAS_VEP:EBM0526,True,False,False
2026-05-15T03:00:00+00:00,2026-05-15T06:00:00+03:00,2026-05,EBM0526,2507.565989160265,EPIAS_VEP:EBM0526,True,False,False
2026-05-15T04:00:00+00:00,2026-05-15T07:00:00+03:00,2026-05,EBM0526,2507.565989160309,EPIAS_VEP:EBM0526,True,False,False
2026-05-15T05:00:00+00:00,2026-05-15T08:00:00+03:00,2026-05,EBM0526,2507.56598916035,EPIAS_VEP:EBM0526,True,False,False
2026-05-15T06:00:00+00:00,2026-05-15T09:00:00+03:00,2026-05,EBM0526,2507.5659891603864,EPIAS_VEP:EBM0526,True,False,False
2026-05-15T07:00:00+00:00,2026-05-15T10:00:00+03:00,2026-05,EBM0526,2507.565989160418,EPIAS_VEP:EBM0526,True,False,False
2026-05-15T08:00:00+00:00,2026-05-15T11:00:00+03:00,2026-05,EBM0526,2507.565989160445,EPIAS_VEP:EBM0526,True,False,False
2026-05-15T09:00:00+00:00,2026-05-15T12:00:00+03:00,2026-05,EBM0526,2507.565989160468,EPIAS_VEP:EBM0526,True,False,False
2026-05-15T10:00:00+00:00,2026-05-15T13:00:00+03:00,2026-05,EBM0526,2507.565989160486,EPIAS_VEP:EBM0526,True,False,False
2026-05-15T11:00:00+00:00,2026-05-15T14:00:00+03:00,2026-05,EBM0526,2507.5659891605005,EPIAS_VEP:EBM0526,True,False,False
2026-05-15T12:00:00+00:00,2026-05-15T15:00:00+03:00,2026-05,EBM0526,2507.5659891605137,EPIAS_VEP:EBM0526,True,False,False
2026-05-15T13:00:00+00:00,2026-05-15T16:00:00+03:00,2026-05,EBM0526,2507.5659891605264,EPIAS_VEP:EBM0526,True,False,False
2026-05-15T14:00:00+00:00,2026-05-15T17:00:00+03:00,2026-05,EBM0526,2507.565989160538,EPIAS_VEP:EBM0526,True,False,False
2026-05-15T15:00:00+00:00,2026-05-15T18:00:00+03:00,2026-05,EBM0526,2507.565989160547,EPIAS_VEP:EBM0526,True,False,False
2026-05-15T16:00:00+00:00,2026-05-15T19:00:00+03:00,2026-05,EBM0526,2507.5659891605533,EPIAS_VEP:EBM0526,True,False,False
2026-05-15T17:00:00+00:00,2026-05-15T20:00:00+03:00,2026-05,EBM0526,2507.5659891605565,EPIAS_VEP:EBM0526,True,False,False
2026-05-15T18:00:00+00:00,2026-05-15T21:00:00+03:00,2026-05,EBM0526,2507.5659891605555,EPIAS_VEP:EBM0526,True,False,False
2026-05-15T19:00:00+00:00,2026-05-15T22:00:00+03:00,2026-05,EBM0526,2507.565989160551,EPIAS_VEP:EBM0526,True,False,False
2026-05-15T20:00:00+00:00,2026-05-15T23:00:00+03:00,2026-05,EBM0526,2507.5659891605424,EPIAS_VEP:EBM0526,True,False,False
2026-05-15T21:00:00+00:00,2026-05-16T00:00:00+03:00,2026-05,EBM0526,2507.565989160529,EPIAS_VEP:EBM0526,True,False,False
2026-05-15T22:00:00+00:00,2026-05-16T01:00:00+03:00,2026-05,EBM0526,2507.5659891605114,EPIAS_VEP:EBM0526,True,False,False
2026-05-15T23:00:00+00:00,2026-05-16T02:00:00+03:00,2026-05,EBM0526,2507.565989160489,EPIAS_VEP:EBM0526,True,False,False
2026-05-16T00:00:00+00:00,2026-05-16T03:00:00+03:00,2026-05,EBM0526,2507.565989160464,EPIAS_VEP:EBM0526,True,False,False
2026-05-16T01:00:00+00:00,2026-05-16T04:00:00+03:00,2026-05,EBM0526,2507.5659891604387,EPIAS_VEP:EBM0526,True,False,False
2026-05-16T02:00:00+00:00,2026-05-16T05:00:00+03:00,2026-05,EBM0526,2507.565989160416,EPIAS_VEP:EBM0526,True,False,False
2026-05-16T03:00:00+00:00,2026-05-16T06:00:00+03:00,2026-05,EBM0526,2507.565989160397,EPIAS_VEP:EBM0526,True,False,False
2026-05-16T04:00:00+00:00,2026-05-16T07:00:00+03:00,2026-05,EBM0526,2507.565989160382,EPIAS_VEP:EBM0526,True,False,False
2026-05-16T05:00:00+00:00,2026-05-16T08:00:00+03:00,2026-05,EBM0526,2507.5659891603696,EPIAS_VEP:EBM0526,True,False,False
2026-05-16T06:00:00+00:00,2026-05-16T09:00:00+03:00,2026-05,EBM0526,2507.565989160359,EPIAS_VEP:EBM0526,True,False,False
2026-05-16T07:00:00+00:00,2026-05-16T10:00:00+03:00,2026-05,EBM0526,2507.565989160352,EPIAS_VEP:EBM0526,True,False,False
2026-05-16T08:00:00+00:00,2026-05-16T11:00:00+03:00,2026-05,EBM0526,2507.5659891603477,EPIAS_VEP:EBM0526,True,False,False
2026-05-16T09:00:00+00:00,2026-05-16T12:00:00+03:00,2026-05,EBM0526,2507.5659891603455,EPIAS_VEP:EBM0526,True,False,False
2026-05-16T10:00:00+00:00,2026-05-16T13:00:00+03:00,2026-05,EBM0526,2507.565989160344,EPIAS_VEP:EBM0526,True,False,False
2026-05-16T11:00:00+00:00,2026-05-16T14:00:00+03:00,2026-05,EBM0526,2507.565989160343,EPIAS_VEP:EBM0526,True,False,False
2026-05-16T12:00:00+00:00,2026-05-16T15:00:00+03:00,2026-05,EBM0526,2507.565989160342,EPIAS_VEP:EBM0526,True,False,False
2026-05-16T13:00:00+00:00,2026-05-16T16:00:00+03:00,2026-05,EBM0526,2507.5659891603377,EPIAS_VEP:EBM0526,True,False,False
2026-05-16T14:00:00+00:00,2026-05-16T17:00:00+03:00,2026-05,EBM0526,2507.5659891603304,EPIAS_VEP:EBM0526,True,False,False
2026-05-16T15:00:00+00:00,2026-05-16T18:00:00+03:00,2026-05,EBM0526,2507.565989160321,EPIAS_VEP:EBM0526,True,False,False
2026-05-16T16:00:00+00:00,2026-05-16T19:00:00+03:00,2026-05,EBM0526,2507.565989160309,EPIAS_VEP:EBM0526,True,False,False
2026-05-16T17:00:00+00:00,2026-05-16T20:00:00+03:00,2026-05,EBM0526,2507.5659891602945,EPIAS_VEP:EBM0526,True,False,False
2026-05-16T18:00:00+00:00,2026-05-16T21:00:00+03:00,2026-05,EBM0526,2507.5659891602777,EPIAS_VEP:EBM0526,True,False,False
2026-05-16T19:00:00+00:00,2026-05-16T22:00:00+03:00,2026-05,EBM0526,2507.565989160257,EPIAS_VEP:EBM0526,True,False,False
2026-05-16T20:00:00+00:00,2026-05-16T23:00:00+03:00,2026-05,EBM0526,2507.5659891602313,EPIAS_VEP:EBM0526,True,False,False
2026-05-16T21:00:00+00:00,2026-05-17T00:00:00+03:00,2026-05,EBM0526,2507.5659891602018,EPIAS_VEP:EBM0526,True,False,False
2026-05-16T22:00:00+00:00,2026-05-17T01:00:00+03:00,2026-05,EBM0526,2507.5659891601676,EPIAS_VEP:EBM0526,True,False,False
2026-05-16T23:00:00+00:00,2026-05-17T02:00:00+03:00,2026-05,EBM0526,2507.565989160127,EPIAS_VEP:EBM0526,True,False,False
2026-05-17T00:00:00+00:00,2026-05-17T03:00:00+03:00,2026-05,EBM0526,2507.5659891600812,EPIAS_VEP:EBM0526,True,False,False
2026-05-17T01:00:00+00:00,2026-05-17T04:00:00+03:00,2026-05,EBM0526,2507.56598916003,EPIAS_VEP:EBM0526,True,False,False
2026-05-17T02:00:00+00:00,2026-05-17T05:00:00+03:00,2026-05,EBM0526,2507.565989159973,EPIAS_VEP:EBM0526,True,False,False
2026-05-17T03:00:00+00:00,2026-05-17T06:00:00+03:00,2026-05,EBM0526,2507.5659891599107,EPIAS_VEP:EBM0526,True,False,False
2026-05-17T04:00:00+00:00,2026-05-17T07:00:00+03:00,2026-05,EBM0526,2507.5659891598434,EPIAS_VEP:EBM0526,True,False,False
2026-05-17T05:00:00+00:00,2026-05-17T08:00:00+03:00,2026-05,EBM0526,2507.5659891597725,EPIAS_VEP:EBM0526,True,False,False
2026-05-17T06:00:00+00:00,2026-05-17T09:00:00+03:00,2026-05,EBM0526,2507.5659891597,EPIAS_VEP:EBM0526,True,False,False
2026-05-17T07:00:00+00:00,2026-05-17T10:00:00+03:00,2026-05,EBM0526,2507.5659891596274,EPIAS_VEP:EBM0526,True,False,False
2026-05-17T08:00:00+00:00,2026-05-17T11:00:00+03:00,2026-05,EBM0526,2507.5659891595556,EPIAS_VEP:EBM0526,True,False,False
2026-05-17T09:00:00+00:00,2026-05-17T12:00:00+03:00,2026-05,EBM0526,2507.5659891594883,EPIAS_VEP:EBM0526,True,False,False
2026-05-17T10:00:00+00:00,2026-05-17T13:00:00+03:00,2026-05,EBM0526,2507.5659891594273,EPIAS_VEP:EBM0526,True,False,False
2026-05-17T11:00:00+00:00,2026-05-17T14:00:00+03:00,2026-05,EBM0526,2507.5659891593755,EPIAS_VEP:EBM0526,True,False,False
2026-05-17T12:00:00+00:00,2026-05-17T15:00:00+03:00,2026-05,EBM0526,2507.5659891593355,EPIAS_VEP:EBM0526,True,False,False
2026-05-17T13:00:00+00:00,2026-05-17T16:00:00+03:00,2026-05,EBM0526,2507.565989159311,EPIAS_VEP:EBM0526,True,False,False
2026-05-17T14:00:00+00:00,2026-05-17T17:00:00+03:00,2026-05,EBM0526,2507.5659891593054,EPIAS_VEP:EBM0526,True,False,False
2026-05-17T15:00:00+00:00,2026-05-17T18:00:00+03:00,2026-05,EBM0526,2507.5659891593255,EPIAS_VEP:EBM0526,True,False,False
2026-05-17T16:00:00+00:00,2026-05-17T19:00:00+03:00,2026-05,EBM0526,2507.5659891593755,EPIAS_VEP:EBM0526,True,False,False
2026-05-17T17:00:00+00:00,2026-05-17T20:00:00+03:00,2026-05,EBM0526,2507.5659891594614,EPIAS_VEP:EBM0526,True,False,False
2026-05-17T18:00:00+00:00,2026-05-17T21:00:00+03:00,2026-05,EBM0526,2507.5659891595888,EPIAS_VEP:EBM0526,True,False,False
2026-05-17T19:00:00+00:00,2026-05-17T22:00:00+03:00,2026-05,EBM0526,2507.565989159762,EPIAS_VEP:EBM0526,True,False,False
2026-05-17T20:00:00+00:00,2026-05-17T23:00:00+03:00,2026-05,EBM0526,2507.565989159987,EPIAS_VEP:EBM0526,True,False,False
2026-05-17T21:00:00+00:00,2026-05-18T00:00:00+03:00,2026-05,EBM0526,2507.56598916027,EPIAS_VEP:EBM0526,True,False,False
2026-05-17T22:00:00+00:00,2026-05-18T01:00:00+03:00,2026-05,EBM0526,2507.5659891606174,EPIAS_VEP:EBM0526,True,False,False
2026-05-17T23:00:00+00:00,2026-05-18T02:00:00+03:00,2026-05,EBM0526,2507.565989161037,EPIAS_VEP:EBM0526,True,False,False
2026-05-18T00:00:00+00:00,2026-05-18T03:00:00+03:00,2026-05,EBM0526,2507.5659891615355,EPIAS_VEP:EBM0526,True,False,False
2026-05-18T01:00:00+00:00,2026-05-18T04:00:00+03:00,2026-05,EBM0526,2507.56598916212,EPIAS_VEP:EBM0526,True,False,False
2026-05-18T02:00:00+00:00,2026-05-18T05:00:00+03:00,2026-05,EBM0526,2507.565989162798,EPIAS_VEP:EBM0526,True,False,False
2026-05-18T03:00:00+00:00,2026-05-18T06:00:00+03:00,2026-05,EBM0526,2507.565989163577,EPIAS_VEP:EBM0526,True,False,False
2026-05-18T04:00:00+00:00,2026-05-18T07:00:00+03:00,2026-05,EBM0526,2507.565989164463,EPIAS_VEP:EBM0526,True,False,False
2026-05-18T05:00:00+00:00,2026-05-18T08:00:00+03:00,2026-05,EBM0526,2507.5659891654614,EPIAS_VEP:EBM0526,True,False,False
2026-05-18T06:00:00+00:00,2026-05-18T09:00:00+03:00,2026-05,EBM0526,2507.5659891665764,EPIAS_VEP:EBM0526,True,False,False
2026-05-18T07:00:00+00:00,2026-05-18T10:00:00+03:00,2026-05,EBM0526,2507.5659891678124,EPIAS_VEP:EBM0526,True,False,False
2026-05-18T08:00:00+00:00,2026-05-18T11:00:00+03:00,2026-05,EBM0526,2507.565989169173,EPIAS_VEP:EBM0526,True,False,False
2026-05-18T09:00:00+00:00,2026-05-18T12:00:00+03:00,2026-05,EBM0526,2507.565989170659,EPIAS_VEP:EBM0526,True,False,False
2026-05-18T10:00:00+00:00,2026-05-18T13:00:00+03:00,2026-05,EBM0526,2507.565989172273,EPIAS_VEP:EBM0526,True,False,False
2026-05-18T11:00:00+00:00,2026-05-18T14:00:00+03:00,2026-05,EBM0526,2507.5659891740165,EPIAS_VEP:EBM0526,True,False,False
2026-05-18T12:00:00+00:00,2026-05-18T15:00:00+03:00,2026-05,EBM0526,2507.5659891758896,EPIAS_VEP:EBM0526,True,False,False
2026-05-18T13:00:00+00:00,2026-05-18T16:00:00+03:00,2026-05,EBM0526,2507.5659891778905,EPIAS_VEP:EBM0526,True,False,False
2026-05-18T14:00:00+00:00,2026-05-18T17:00:00+03:00,2026-05,EBM0526,2507.565989180015,EPIAS_VEP:EBM0526,True,False,False
2026-05-18T15:00:00+00:00,2026-05-18T18:00:00+03:00,2026-05,EBM0526,2507.565989182258,EPIAS_VEP:EBM0526,True,False,False
2026-05-18T16:00:00+00:00,2026-05-18T19:00:00+03:00,2026-05,EBM0526,2507.5659891846117,EPIAS_VEP:EBM0526,True,False,False
2026-05-18T17:00:00+00:00,2026-05-18T20:00:00+03:00,2026-05,EBM0526,2507.565989187066,EPIAS_VEP:EBM0526,True,False,False
2026-05-18T18:00:00+00:00,2026-05-18T21:00:00+03:00,2026-05,EBM0526,2507.565989189607,EPIAS_VEP:EBM0526,True,False,False
2026-05-18T19:00:00+00:00,2026-05-18T22:00:00+03:00,2026-05,EBM0526,2507.5659891922182,EPIAS_VEP:EBM0526,True,False,False
2026-05-18T20:00:00+00:00,2026-05-18T23:00:00+03:00,2026-05,EBM0526,2507.56598919488,EPIAS_VEP:EBM0526,True,False,False
2026-05-18T21:00:00+00:00,2026-05-19T00:00:00+03:00,2026-05,EBM0526,2507.56598919757,EPIAS_VEP:EBM0526,True,False,False
2026-05-18T22:00:00+00:00,2026-05-19T01:00:00+03:00,2026-05,EBM0526,2507.565989200265,EPIAS_VEP:EBM0526,True,False,False
2026-05-18T23:00:00+00:00,2026-05-19T02:00:00+03:00,2026-05,EBM0526,2507.565989202938,EPIAS_VEP:EBM0526,True,False,False
2026-05-19T00:00:00+00:00,2026-05-19T03:00:00+03:00,2026-05,EBM0526,2507.565989205557,EPIAS_VEP:EBM0526,True,False,False
2026-05-19T01:00:00+00:00,2026-05-19T04:00:00+03:00,2026-05,EBM0526,2507.5659892080853,EPIAS_VEP:EBM0526,True,False,False
2026-05-19T02:00:00+00:00,2026-05-19T05:00:00+03:00,2026-05,EBM0526,2507.565989210485,EPIAS_VEP:EBM0526,True,False,False
2026-05-19T03:00:00+00:00,2026-05-19T06:00:00+03:00,2026-05,EBM0526,2507.5659892127137,EPIAS_VEP:EBM0526,True,False,False
2026-05-19T04:00:00+00:00,2026-05-19T07:00:00+03:00,2026-05,EBM0526,2507.565989214724,EPIAS_VEP:EBM0526,True,False,False
2026-05-19T05:00:00+00:00,2026-05-19T08:00:00+03:00,2026-05,EBM0526,2507.565989216462,EPIAS_VEP:EBM0526,True,False,False
2026-05-19T06:00:00+00:00,2026-05-19T09:00:00+03:00,2026-05,EBM0526,2507.565989217869,EPIAS_VEP:EBM0526,True,False,False
2026-05-19T07:00:00+00:00,2026-05-19T10:00:00+03:00,2026-05,EBM0526,2507.565989218881,EPIAS_VEP:EBM0526,True,False,False
2026-05-19T08:00:00+00:00,2026-05-19T11:00:00+03:00,2026-05,EBM0526,2507.565989219429,EPIAS_VEP:EBM0526,True,False,False
2026-05-19T09:00:00+00:00,2026-05-19T12:00:00+03:00,2026-05,EBM0526,2507.5659892194376,EPIAS_VEP:EBM0526,True,False,False
2026-05-19T10:00:00+00:00,2026-05-19T13:00:00+03:00,2026-05,EBM0526,2507.5659892188255,EPIAS_VEP:EBM0526,True,False,False
2026-05-19T11:00:00+00:00,2026-05-19T14:00:00+03:00,2026-05,EBM0526,2507.5659892175063,EPIAS_VEP:EBM0526,True,False,False
2026-05-19T12:00:00+00:00,2026-05-19T15:00:00+03:00,2026-05,EBM0526,2507.5659892153853,EPIAS_VEP:EBM0526,True,False,False
2026-05-19T13:00:00+00:00,2026-05-19T16:00:00+03:00,2026-05,EBM0526,2507.5659892123635,EPIAS_VEP:EBM0526,True,False,False
2026-05-19T14:00:00+00:00,2026-05-19T17:00:00+03:00,2026-05,EBM0526,2507.5659892083363,EPIAS_VEP:EBM0526,True,False,False
2026-05-19T15:00:00+00:00,2026-05-19T18:00:00+03:00,2026-05,EBM0526,2507.565989203194,EPIAS_VEP:EBM0526,True,False,False
2026-05-19T16:00:00+00:00,2026-05-19T19:00:00+03:00,2026-05,EBM0526,2507.5659891968216,EPIAS_VEP:EBM0526,True,False,False
2026-05-19T17:00:00+00:00,2026-05-19T20:00:00+03:00,2026-05,EBM0526,2507.5659891891014,EPIAS_VEP:EBM0526,True,False,False
2026-05-19T18:00:00+00:00,2026-05-19T21:00:00+03:00,2026-05,EBM0526,2507.5659891799096,EPIAS_VEP:EBM0526,True,False,False
2026-05-19T19:00:00+00:00,2026-05-19T22:00:00+03:00,2026-05,EBM0526,2507.56598916912,EPIAS_VEP:EBM0526,True,False,False
2026-05-19T20:00:00+00:00,2026-05-19T23:00:00+03:00,2026-05,EBM0526,2507.565989156604,EPIAS_VEP:EBM0526,True,False,False
2026-05-19T21:00:00+00:00,2026-05-20T00:00:00+03:00,2026-05,EBM0526,2507.5659891422333,EPIAS_VEP:EBM0526,True,False,False
2026-05-19T22:00:00+00:00,2026-05-20T01:00:00+03:00,2026-05,EBM0526,2507.5659891258806,EPIAS_VEP:EBM0526,True,False,False
2026-05-19T23:00:00+00:00,2026-05-20T02:00:00+03:00,2026-05,EBM0526,2507.56598910742,EPIAS_VEP:EBM0526,True,False,False
2026-05-20T00:00:00+00:00,2026-05-20T03:00:00+03:00,2026-05,EBM0526,2507.5659890867305,EPIAS_VEP:EBM0526,True,False,False
2026-05-20T01:00:00+00:00,2026-05-20T04:00:00+03:00,2026-05,EBM0526,2507.565989063696,EPIAS_VEP:EBM0526,True,False,False
2026-05-20T02:00:00+00:00,2026-05-20T05:00:00+03:00,2026-05,EBM0526,2507.565989038211,EPIAS_VEP:EBM0526,True,False,False
2026-05-20T03:00:00+00:00,2026-05-20T06:00:00+03:00,2026-05,EBM0526,2507.565989010177,EPIAS_VEP:EBM0526,True,False,False
2026-05-20T04:00:00+00:00,2026-05-20T07:00:00+03:00,2026-05,EBM0526,2507.5659889795106,EPIAS_VEP:EBM0526,True,False,False
2026-05-20T05:00:00+00:00,2026-05-20T08:00:00+03:00,2026-05,EBM0526,2507.565988946142,EPIAS_VEP:EBM0526,True,False,False
2026-05-20T06:00:00+00:00,2026-05-20T09:00:00+03:00,2026-05,EBM0526,2507.5659889100207,EPIAS_VEP:EBM0526,True,False,False
2026-05-20T07:00:00+00:00,2026-05-20T10:00:00+03:00,2026-05,EBM0526,2507.5659888711148,EPIAS_VEP:EBM0526,True,False,False
2026-05-20T08:00:00+00:00,2026-05-20T11:00:00+03:00,2026-05,EBM0526,2507.5659888294176,EPIAS_VEP:EBM0526,True,False,False
2026-05-20T09:00:00+00:00,2026-05-20T12:00:00+03:00,2026-05,EBM0526,2507.565988784951,EPIAS_VEP:EBM0526,True,False,False
2026-05-20T10:00:00+00:00,2026-05-20T13:00:00+03:00,2026-05,EBM0526,2507.565988737772,EPIAS_VEP:EBM0526,True,False,False
2026-05-20T11:00:00+00:00,2026-05-20T14:00:00+03:00,2026-05,EBM0526,2507.565988687975,EPIAS_VEP:EBM0526,True,False,False
2026-05-20T12:00:00+00:00,2026-05-20T15:00:00+03:00,2026-05,EBM0526,2507.5659886356943,EPIAS_VEP:EBM0526,True,False,False
2026-05-20T13:00:00+00:00,2026-05-20T16:00:00+03:00,2026-05,EBM0526,2507.5659885811137,EPIAS_VEP:EBM0526,True,False,False
2026-05-20T14:00:00+00:00,2026-05-20T17:00:00+03:00,2026-05,EBM0526,2507.5659885244704,EPIAS_VEP:EBM0526,True,False,False
2026-05-20T15:00:00+00:00,2026-05-20T18:00:00+03:00,2026-05,EBM0526,2507.5659884660586,EPIAS_VEP:EBM0526,True,False,False
2026-05-20T16:00:00+00:00,2026-05-20T19:00:00+03:00,2026-05,EBM0526,2507.5659884062356,EPIAS_VEP:EBM0526,True,False,False
2026-05-20T17:00:00+00:00,2026-05-20T20:00:00+03:00,2026-05,EBM0526,2507.5659883454314,EPIAS_VEP:EBM0526,True,False,False
2026-05-20T18:00:00+00:00,2026-05-20T21:00:00+03:00,2026-05,EBM0526,2507.5659882841487,EPIAS_VEP:EBM0526,True,False,False
2026-05-20T19:00:00+00:00,2026-05-20T22:00:00+03:00,2026-05,EBM0526,2507.565988222973,EPIAS_VEP:EBM0526,True,False,False
2026-05-20T20:00:00+00:00,2026-05-20T23:00:00+03:00,2026-05,EBM0526,2507.565988162576,EPIAS_VEP:EBM0526,True,False,False
2026-05-20T21:00:00+00:00,2026-05-21T00:00:00+03:00,2026-05,EBM0526,2507.565988103724,EPIAS_VEP:EBM0526,True,False,False
2026-05-20T22:00:00+00:00,2026-05-21T01:00:00+03:00,2026-05,EBM0526,2507.565988047282,EPIAS_VEP:EBM0526,True,False,False
2026-05-20T23:00:00+00:00,2026-05-21T02:00:00+03:00,2026-05,EBM0526,2507.5659879942214,EPIAS_VEP:EBM0526,True,False,False
2026-05-21T00:00:00+00:00,2026-05-21T03:00:00+03:00,2026-05,EBM0526,2507.565987945623,EPIAS_VEP:EBM0526,True,False,False
2026-05-21T01:00:00+00:00,2026-05-21T04:00:00+03:00,2026-05,EBM0526,2507.5659879026857,EPIAS_VEP:EBM0526,True,False,False
2026-05-21T02:00:00+00:00,2026-05-21T05:00:00+03:00,2026-05,EBM0526,2507.565987866731,EPIAS_VEP:EBM0526,True,False,False
2026-05-21T03:00:00+00:00,2026-05-21T06:00:00+03:00,2026-05,EBM0526,2507.5659878392057,EPIAS_VEP:EBM0526,True,False,False
2026-05-21T04:00:00+00:00,2026-05-21T07:00:00+03:00,2026-05,EBM0526,2507.565987821685,EPIAS_VEP:EBM0526,True,False,False
2026-05-21T05:00:00+00:00,2026-05-21T08:00:00+03:00,2026-05,EBM0526,2507.565987815877,EPIAS_VEP:EBM0526,True,False,False
2026-05-21T06:00:00+00:00,2026-05-21T09:00:00+03:00,2026-05,EBM0526,2507.5659878236243,EPIAS_VEP:EBM0526,True,False,False
2026-05-21T07:00:00+00:00,2026-05-21T10:00:00+03:00,2026-05,EBM0526,2507.565987846904,EPIAS_VEP:EBM0526,True,False,False
2026-05-21T08:00:00+00:00,2026-05-21T11:00:00+03:00,2026-05,EBM0526,2507.5659878878264,EPIAS_VEP:EBM0526,True,False,False
2026-05-21T09:00:00+00:00,2026-05-21T12:00:00+03:00,2026-05,EBM0526,2507.5659879486334,EPIAS_VEP:EBM0526,True,False,False
2026-05-21T10:00:00+00:00,2026-05-21T13:00:00+03:00,2026-05,EBM0526,2507.5659880316944,EPIAS_VEP:EBM0526,True,False,False
2026-05-21T11:00:00+00:00,2026-05-21T14:00:00+03:00,2026-05,EBM0526,2507.5659881394986,EPIAS_VEP:EBM0526,True,False,False
2026-05-21T12:00:00+00:00,2026-05-21T15:00:00+03:00,2026-05,EBM0526,2507.5659882746495,EPIAS_VEP:EBM0526,True,False,False
2026-05-21T13:00:00+00:00,2026-05-21T16:00:00+03:00,2026-05,EBM0526,2507.5659884398533,EPIAS_VEP:EBM0526,True,False,False
2026-05-21T14:00:00+00:00,2026-05-21T17:00:00+03:00,2026-05,EBM0526,2507.5659886379044,EPIAS_VEP:EBM0526,True,False,False
2026-05-21T15:00:00+00:00,2026-05-21T18:00:00+03:00,2026-05,EBM0526,2507.565988871668,EPIAS_VEP:EBM0526,True,False,False
2026-05-21T16:00:00+00:00,2026-05-21T19:00:00+03:00,2026-05,EBM0526,2507.565989144063,EPIAS_VEP:EBM0526,True,False,False
2026-05-21T17:00:00+00:00,2026-05-21T20:00:00+03:00,2026-05,EBM0526,2507.565989458038,EPIAS_VEP:EBM0526,True,False,False
2026-05-21T18:00:00+00:00,2026-05-21T21:00:00+03:00,2026-05,EBM0526,2507.565989816543,EPIAS_VEP:EBM0526,True,False,False
2026-05-21T19:00:00+00:00,2026-05-21T22:00:00+03:00,2026-05,EBM0526,2507.565990222498,EPIAS_VEP:EBM0526,True,False,False
2026-05-21T20:00:00+00:00,2026-05-21T23:00:00+03:00,2026-05,EBM0526,2507.5659906787573,EPIAS_VEP:EBM0526,True,False,False
2026-05-21T21:00:00+00:00,2026-05-22T00:00:00+03:00,2026-05,EBM0526,2507.5659911880703,EPIAS_VEP:EBM0526,True,False,False
2026-05-21T22:00:00+00:00,2026-05-22T01:00:00+03:00,2026-05,EBM0526,2507.565991753032,EPIAS_VEP:EBM0526,True,False,False
2026-05-21T23:00:00+00:00,2026-05-22T02:00:00+03:00,2026-05,EBM0526,2507.5659923760354,EPIAS_VEP:EBM0526,True,False,False
2026-05-22T00:00:00+00:00,2026-05-22T03:00:00+03:00,2026-05,EBM0526,2507.5659930592137,EPIAS_VEP:EBM0526,True,False,False
2026-05-22T01:00:00+00:00,2026-05-22T04:00:00+03:00,2026-05,EBM0526,2507.5659938043773,EPIAS_VEP:EBM0526,True,False,False
2026-05-22T02:00:00+00:00,2026-05-22T05:00:00+03:00,2026-05,EBM0526,2507.565994612947,EPIAS_VEP:EBM0526,True,False,False
2026-05-22T03:00:00+00:00,2026-05-22T06:00:00+03:00,2026-05,EBM0526,2507.5659954858816,EPIAS_VEP:EBM0526,True,False,False
2026-05-22T04:00:00+00:00,2026-05-22T07:00:00+03:00,2026-05,EBM0526,2507.5659964235933,EPIAS_VEP:EBM0526,True,False,False
2026-05-22T05:00:00+00:00,2026-05-22T08:00:00+03:00,2026-05,EBM0526,2507.565997425863,EPIAS_VEP:EBM0526,True,False,False
2026-05-22T06:00:00+00:00,2026-05-22T09:00:00+03:00,2026-05,EBM0526,2507.5659984917447,EPIAS_VEP:EBM0526,True,False,False
2026-05-22T07:00:00+00:00,2026-05-22T10:00:00+03:00,2026-05,EBM0526,2507.5659996194677,EPIAS_VEP:EBM0526,True,False,False
2026-05-22T08:00:00+00:00,2026-05-22T11:00:00+03:00,2026-05,EBM0526,2507.566000806328,EPIAS_VEP:EBM0526,True,False,False
2026-05-22T09:00:00+00:00,2026-05-22T12:00:00+03:00,2026-05,EBM0526,2507.5660020485757,EPIAS_VEP:EBM0526,True,False,False
2026-05-22T10:00:00+00:00,2026-05-22T13:00:00+03:00,2026-05,EBM0526,2507.5660033412964,EPIAS_VEP:EBM0526,True,False,False
2026-05-22T11:00:00+00:00,2026-05-22T14:00:00+03:00,2026-05,EBM0526,2507.566004678286,EPIAS_VEP:EBM0526,True,False,False
2026-05-22T12:00:00+00:00,2026-05-22T15:00:00+03:00,2026-05,EBM0526,2507.5660060519226,EPIAS_VEP:EBM0526,True,False,False
2026-05-22T13:00:00+00:00,2026-05-22T16:00:00+03:00,2026-05,EBM0526,2507.5660074530315,EPIAS_VEP:EBM0526,True,False,False
2026-05-22T14:00:00+00:00,2026-05-22T17:00:00+03:00,2026-05,EBM0526,2507.5660088707496,EPIAS_VEP:EBM0526,True,False,False
2026-05-22T15:00:00+00:00,2026-05-22T18:00:00+03:00,2026-05,EBM0526,2507.5660102923853,EPIAS_VEP:EBM0526,True,False,False
2026-05-22T16:00:00+00:00,2026-05-22T19:00:00+03:00,2026-05,EBM0526,2507.5660117032753,EPIAS_VEP:EBM0526,True,False,False
2026-05-22T17:00:00+00:00,2026-05-22T20:00:00+03:00,2026-05,EBM0526,2507.566013086645,EPIAS_VEP:EBM0526,True,False,False
2026-05-22T18:00:00+00:00,2026-05-22T21:00:00+03:00,2026-05,EBM0526,2507.566014423463,EPIAS_VEP:EBM0526,True,False,False
2026-05-22T19:00:00+00:00,2026-05-22T22:00:00+03:00,2026-05,EBM0526,2507.5660156923045,EPIAS_VEP:EBM0526,True,False,False
2026-05-22T20:00:00+00:00,2026-05-22T23:00:00+03:00,2026-05,EBM0526,2507.5660168692193,EPIAS_VEP:EBM0526,True,False,False
2026-05-22T21:00:00+00:00,2026-05-23T00:00:00+03:00,2026-05,EBM0526,2507.566017927603,EPIAS_VEP:EBM0526,True,False,False
2026-05-22T22:00:00+00:00,2026-05-23T01:00:00+03:00,2026-05,EBM0526,2507.5660188380793,EPIAS_VEP:EBM0526,True,False,False
2026-05-22T23:00:00+00:00,2026-05-23T02:00:00+03:00,2026-05,EBM0526,2507.5660195683977,EPIAS_VEP:EBM0526,True,False,False
2026-05-23T00:00:00+00:00,2026-05-23T03:00:00+03:00,2026-05,EBM0526,2507.5660200833368,EPIAS_VEP:EBM0526,True,False,False
2026-05-23T01:00:00+00:00,2026-05-23T04:00:00+03:00,2026-05,EBM0526,2507.566020344634,EPIAS_VEP:EBM0526,True,False,False
2026-05-23T02:00:00+00:00,2026-05-23T05:00:00+03:00,2026-05,EBM0526,2507.5660203109355,EPIAS_VEP:EBM0526,True,False,False
2026-05-23T03:00:00+00:00,2026-05-23T06:00:00+03:00,2026-05,EBM0526,2507.5660199377685,EPIAS_VEP:EBM0526,True,False,False
2026-05-23T04:00:00+00:00,2026-05-23T07:00:00+03:00,2026-05,EBM0526,2507.5660191775455,EPIAS_VEP:EBM0526,True,False,False
2026-05-23T05:00:00+00:00,2026-05-23T08:00:00+03:00,2026-05,EBM0526,2507.5660179796,EPIAS_VEP:EBM0526,True,False,False
2026-05-23T06:00:00+00:00,2026-05-23T09:00:00+03:00,2026-05,EBM0526,2507.5660162902636,EPIAS_VEP:EBM0526,True,False,False
2026-05-23T07:00:00+00:00,2026-05-23T10:00:00+03:00,2026-05,EBM0526,2507.5660140529885,EPIAS_VEP:EBM0526,True,False,False
2026-05-23T08:00:00+00:00,2026-05-23T11:00:00+03:00,2026-05,EBM0526,2507.5660112085125,EPIAS_VEP:EBM0526,True,False,False
2026-05-23T09:00:00+00:00,2026-05-23T12:00:00+03:00,2026-05,EBM0526,2507.5660076950862,EPIAS_VEP:EBM0526,True,False,False
2026-05-23T10:00:00+00:00,2026-05-23T13:00:00+03:00,2026-05,EBM0526,2507.566003448755,EPIAS_VEP:EBM0526,True,False,False
2026-05-23T11:00:00+00:00,2026-05-23T14:00:00+03:00,2026-05,EBM0526,2507.565998403711,EPIAS_VEP:EBM0526,True,False,False
2026-05-23T12:00:00+00:00,2026-05-23T15:00:00+03:00,2026-05,EBM0526,2507.5659924927168,EPIAS_VEP:EBM0526,True,False,False
2026-05-23T13:00:00+00:00,2026-05-23T16:00:00+03:00,2026-05,EBM0526,2507.565985647609,EPIAS_VEP:EBM0526,True,False,False
2026-05-23T14:00:00+00:00,2026-05-23T17:00:00+03:00,2026-05,EBM0526,2507.5659777998935,EPIAS_VEP:EBM0526,True,False,False
2026-05-23T15:00:00+00:00,2026-05-23T18:00:00+03:00,2026-05,EBM0526,2507.5659688814253,EPIAS_VEP:EBM0526,True,False,False
2026-05-23T16:00:00+00:00,2026-05-23T19:00:00+03:00,2026-05,EBM0526,2507.5659588251956,EPIAS_VEP:EBM0526,True,False,False
2026-05-23T17:00:00+00:00,2026-05-23T20:00:00+03:00,2026-05,EBM0526,2507.565947566223,EPIAS_VEP:EBM0526,True,False,False
2026-05-23T18:00:00+00:00,2026-05-23T21:00:00+03:00,2026-05,EBM0526,2507.565935042562,EPIAS_VEP:EBM0526,True,False,False
2026-05-23T19:00:00+00:00,2026-05-23T22:00:00+03:00,2026-05,EBM0526,2507.565921196428,EPIAS_VEP:EBM0526,True,False,False
2026-05-23T20:00:00+00:00,2026-05-23T23:00:00+03:00,2026-05,EBM0526,2507.5659059754453,EPIAS_VEP:EBM0526,True,False,False
2026-05-23T21:00:00+00:00,2026-05-24T00:00:00+03:00,2026-05,EBM0526,2507.5658893340365,EPIAS_VEP:EBM0526,True,False,False
2026-05-23T22:00:00+00:00,2026-05-24T01:00:00+03:00,2026-05,EBM0526,2507.565871234942,EPIAS_VEP:EBM0526,True,False,False
2026-05-23T23:00:00+00:00,2026-05-24T02:00:00+03:00,2026-05,EBM0526,2507.5658516508843,EPIAS_VEP:EBM0526,True,False,False
2026-05-24T00:00:00+00:00,2026-05-24T03:00:00+03:00,2026-05,EBM0526,2507.565830566379,EPIAS_VEP:EBM0526,True,False,False
2026-05-24T01:00:00+00:00,2026-05-24T04:00:00+03:00,2026-05,EBM0526,2507.5658079796935,EPIAS_VEP:EBM0526,True,False,False
2026-05-24T02:00:00+00:00,2026-05-24T05:00:00+03:00,2026-05,EBM0526,2507.565783904953,EPIAS_VEP:EBM0526,True,False,False
2026-05-24T03:00:00+00:00,2026-05-24T06:00:00+03:00,2026-05,EBM0526,2507.565758374403,EPIAS_VEP:EBM0526,True,False,False
2026-05-24T04:00:00+00:00,2026-05-24T07:00:00+03:00,2026-05,EBM0526,2507.5657314408104,EPIAS_VEP:EBM0526,True,False,False
2026-05-24T05:00:00+00:00,2026-05-24T08:00:00+03:00,2026-05,EBM0526,2507.5657031800224,EPIAS_VEP:EBM0526,True,False,False
2026-05-24T06:00:00+00:00,2026-05-24T09:00:00+03:00,2026-05,EBM0526,2507.5656736936576,EPIAS_VEP:EBM0526,True,False,False
2026-05-24T07:00:00+00:00,2026-05-24T10:00:00+03:00,2026-05,EBM0526,2507.565643111934,EPIAS_VEP:EBM0526,True,False,False
2026-05-24T08:00:00+00:00,2026-05-24T11:00:00+03:00,2026-05,EBM0526,2507.5656115966194,EPIAS_VEP:EBM0526,True,False,False
2026-05-24T09:00:00+00:00,2026-05-24T12:00:00+03:00,2026-05,EBM0526,2507.5655793440797,EPIAS_VEP:EBM0526,True,False,False
2026-05-24T10:00:00+00:00,2026-05-24T13:00:00+03:00,2026-05,EBM0526,2507.565546588439,EPIAS_VEP:EBM0526,True,False,False
2026-05-24T11:00:00+00:00,2026-05-24T14:00:00+03:00,2026-05,EBM0526,2507.565513604804,EPIAS_VEP:EBM0526,True,False,False
2026-05-24T12:00:00+00:00,2026-05-24T15:00:00+03:00,2026-05,EBM0526,2507.5654807125397,EPIAS_VEP:EBM0526,True,False,False
2026-05-24T13:00:00+00:00,2026-05-24T16:00:00+03:00,2026-05,EBM0526,2507.5654482785667,EPIAS_VEP:EBM0526,True,False,False
2026-05-24T14:00:00+00:00,2026-05-24T17:00:00+03:00,2026-05,EBM0526,2507.5654167206494,EPIAS_VEP:EBM0526,True,False,False
2026-05-24T15:00:00+00:00,2026-05-24T18:00:00+03:00,2026-05,EBM0526,2507.5653865106415,EPIAS_VEP:EBM0526,True,False,False
2026-05-24T16:00:00+00:00,2026-05-24T19:00:00+03:00,2026-05,EBM0526,2507.5653581776387,EPIAS_VEP:EBM0526,True,False,False
2026-05-24T17:00:00+00:00,2026-05-24T20:00:00+03:00,2026-05,EBM0526,2507.5653323110023,EPIAS_VEP:EBM0526,True,False,False
2026-05-24T18:00:00+00:00,2026-05-24T21:00:00+03:00,2026-05,EBM0526,2507.565309563189,EPIAS_VEP:EBM0526,True,False,False
2026-05-24T19:00:00+00:00,2026-05-24T22:00:00+03:00,2026-05,EBM0526,2507.5652906523437,EPIAS_VEP:EBM0526,True,False,False
2026-05-24T20:00:00+00:00,2026-05-24T23:00:00+03:00,2026-05,EBM0526,2507.5652763645703,EPIAS_VEP:EBM0526,True,False,False
2026-05-24T21:00:00+00:00,2026-05-25T00:00:00+03:00,2026-05,EBM0526,2507.5652675558254,EPIAS_VEP:EBM0526,True,False,False
2026-05-24T22:00:00+00:00,2026-05-25T01:00:00+03:00,2026-05,EBM0526,2507.5652651533446,EPIAS_VEP:EBM0526,True,False,False
2026-05-24T23:00:00+00:00,2026-05-25T02:00:00+03:00,2026-05,EBM0526,2507.565270156524,EPIAS_VEP:EBM0526,True,False,False
2026-05-25T00:00:00+00:00,2026-05-25T03:00:00+03:00,2026-05,EBM0526,2507.56528363716,EPIAS_VEP:EBM0526,True,False,False
2026-05-25T01:00:00+00:00,2026-05-25T04:00:00+03:00,2026-05,EBM0526,2507.56530673895,EPIAS_VEP:EBM0526,True,False,False
2026-05-25T02:00:00+00:00,2026-05-25T05:00:00+03:00,2026-05,EBM0526,2507.565340676141,EPIAS_VEP:EBM0526,True,False,False
2026-05-25T03:00:00+00:00,2026-05-25T06:00:00+03:00,2026-05,EBM0526,2507.565386731224,EPIAS_VEP:EBM0526,True,False,False
2026-05-25T04:00:00+00:00,2026-05-25T07:00:00+03:00,2026-05,EBM0526,2507.5654462515363,EPIAS_VEP:EBM0526,True,False,False
2026-05-25T05:00:00+00:00,2026-05-25T08:00:00+03:00,2026-05,EBM0526,2507.5655206446604,EPIAS_VEP:EBM0526,True,False,False
2026-05-25T06:00:00+00:00,2026-05-25T09:00:00+03:00,2026-05,EBM0526,2507.56561137247,EPIAS_VEP:EBM0526,True,False,False
2026-05-25T07:00:00+00:00,2026-05-25T10:00:00+03:00,2026-05,EBM0526,2507.5657199436882,EPIAS_VEP:EBM0526,True,False,False
2026-05-25T08:00:00+00:00,2026-05-25T11:00:00+03:00,2026-05,EBM0526,2507.5658479048193,EPIAS_VEP:EBM0526,True,False,False
2026-05-25T09:00:00+00:00,2026-05-25T12:00:00+03:00,2026-05,EBM0526,2507.565996829288,EPIAS_VEP:EBM0526,True,False,False
2026-05-25T10:00:00+00:00,2026-05-25T13:00:00+03:00,2026-05,EBM0526,2507.5661683046433,EPIAS_VEP:EBM0526,True,False,False
2026-05-25T11:00:00+00:00,2026-05-25T14:00:00+03:00,2026-05,EBM0526,2507.5663639176682,EPIAS_VEP:EBM0526,True,False,False
2026-05-25T12:00:00+00:00,2026-05-25T15:00:00+03:00,2026-05,EBM0526,2507.566585237231,EPIAS_VEP:EBM0526,True,False,False
2026-05-25T13:00:00+00:00,2026-05-25T16:00:00+03:00,2026-05,EBM0526,2507.5668337947254,EPIAS_VEP:EBM0526,True,False,False
2026-05-25T14:00:00+00:00,2026-05-25T17:00:00+03:00,2026-05,EBM0526,2507.5671110619387,EPIAS_VEP:EBM0526,True,False,False
2026-05-25T15:00:00+00:00,2026-05-25T18:00:00+03:00,2026-05,EBM0526,2507.5674184261957,EPIAS_VEP:EBM0526,True,False,False
2026-05-25T16:00:00+00:00,2026-05-25T19:00:00+03:00,2026-05,EBM0526,2507.5677571626297,EPIAS_VEP:EBM0526,True,False,False
2026-05-25T17:00:00+00:00,2026-05-25T20:00:00+03:00,2026-05,EBM0526,2507.568128403447,EPIAS_VEP:EBM0526,True,False,False
2026-05-25T18:00:00+00:00,2026-05-25T21:00:00+03:00,2026-05,EBM0526,2507.5685331040545,EPIAS_VEP:EBM0526,True,False,False
2026-05-25T19:00:00+00:00,2026-05-25T22:00:00+03:00,2026-05,EBM0526,2507.568972005936,EPIAS_VEP:EBM0526,True,False,False
2026-05-25T20:00:00+00:00,2026-05-25T23:00:00+03:00,2026-05,EBM0526,2507.56944559618,EPIAS_VEP:EBM0526,True,False,False
2026-05-25T21:00:00+00:00,2026-05-26T00:00:00+03:00,2026-05,EBM0526,2507.5699540635896,EPIAS_VEP:EBM0526,True,False,False
2026-05-25T22:00:00+00:00,2026-05-26T01:00:00+03:00,2026-05,EBM0526,2507.5704972513254,EPIAS_VEP:EBM0526,True,False,False
2026-05-25T23:00:00+00:00,2026-05-26T02:00:00+03:00,2026-05,EBM0526,2507.5710746060568,EPIAS_VEP:EBM0526,True,False,False
2026-05-26T00:00:00+00:00,2026-05-26T03:00:00+03:00,2026-05,EBM0526,2507.571685123644,EPIAS_VEP:EBM0526,True,False,False
2026-05-26T01:00:00+00:00,2026-05-26T04:00:00+03:00,2026-05,EBM0526,2507.572327291401,EPIAS_VEP:EBM0526,True,False,False
2026-05-26T02:00:00+00:00,2026-05-26T05:00:00+03:00,2026-05,EBM0526,2507.572999027047,EPIAS_VEP:EBM0526,True,False,False
2026-05-26T03:00:00+00:00,2026-05-26T06:00:00+03:00,2026-05,EBM0526,2507.573697614488,EPIAS_VEP:EBM0526,True,False,False
2026-05-26T04:00:00+00:00,2026-05-26T07:00:00+03:00,2026-05,EBM0526,2507.574419636643,EPIAS_VEP:EBM0526,True,False,False
2026-05-26T05:00:00+00:00,2026-05-26T08:00:00+03:00,2026-05,EBM0526,2507.5751609055874,EPIAS_VEP:EBM0526,True,False,False
2026-05-26T06:00:00+00:00,2026-05-26T09:00:00+03:00,2026-05,EBM0526,2507.5759163903476,EPIAS_VEP:EBM0526,True,False,False
2026-05-26T07:00:00+00:00,2026-05-26T10:00:00+03:00,2026-05,EBM0526,2507.576680142776,EPIAS_VEP:EBM0526,True,False,False
2026-05-26T08:00:00+00:00,2026-05-26T11:00:00+03:00,2026-05,EBM0526,2507.5774452220026,EPIAS_VEP:EBM0526,True,False,False
2026-05-26T09:00:00+00:00,2026-05-26T12:00:00+03:00,2026-05,EBM0526,2507.57820361806,EPIAS_VEP:EBM0526,True,False,False
2026-05-26T10:00:00+00:00,2026-05-26T13:00:00+03:00,2026-05,EBM0526,2507.578946175373,EPIAS_VEP:EBM0526,True,False,False
2026-05-26T11:00:00+00:00,2026-05-26T14:00:00+03:00,2026-05,EBM0526,2507.57966251692,EPIAS_VEP:EBM0526,True,False,False
2026-05-26T12:00:00+00:00,2026-05-26T15:00:00+03:00,2026-05,EBM0526,2507.5803409699797,EPIAS_VEP:EBM0526,True,False,False
2026-05-26T13:00:00+00:00,2026-05-26T16:00:00+03:00,2026-05,EBM0526,2507.580968494494,EPIAS_VEP:EBM0526,True,False,False
2026-05-26T14:00:00+00:00,2026-05-26T17:00:00+03:00,2026-05,EBM0526,2507.581530615224,EPIAS_VEP:EBM0526,True,False,False
2026-05-26T15:00:00+00:00,2026-05-26T18:00:00+03:00,2026-05,EBM0526,2507.582011358997,EPIAS_VEP:EBM0526,True,False,False
2026-05-26T16:00:00+00:00,2026-05-26T19:00:00+03:00,2026-05,EBM0526,2507.582393198497,EPIAS_VEP:EBM0526,True,False,False
2026-05-26T17:00:00+00:00,2026-05-26T20:00:00+03:00,2026-05,EBM0526,2507.5826570041854,EPIAS_VEP:EBM0526,True,False,False
2026-05-26T18:00:00+00:00,2026-05-26T21:00:00+03:00,2026-05,EBM0526,2507.5827820061218,EPIAS_VEP:EBM0526,True,False,False
2026-05-26T19:00:00+00:00,2026-05-26T22:00:00+03:00,2026-05,EBM0526,2507.5827457675805,EPIAS_VEP:EBM0526,True,False,False
2026-05-26T20:00:00+00:00,2026-05-26T23:00:00+03:00,2026-05,EBM0526,2507.5825241725506,EPIAS_VEP:EBM0526,True,False,False
2026-05-26T21:00:00+00:00,2026-05-27T00:00:00+03:00,2026-05,EBM0526,2507.582091429361,EPIAS_VEP:EBM0526,True,False,False
2026-05-26T22:00:00+00:00,2026-05-27T01:00:00+03:00,2026-05,EBM0526,2507.581420092839,EPIAS_VEP:EBM0526,True,False,False
2026-05-26T23:00:00+00:00,2026-05-27T02:00:00+03:00,2026-05,EBM0526,2507.5804811075864,EPIAS_VEP:EBM0526,True,False,False
2026-05-27T00:00:00+00:00,2026-05-27T03:00:00+03:00,2026-05,EBM0526,2507.579243875112,EPIAS_VEP:EBM0526,True,False,False
2026-05-27T01:00:00+00:00,2026-05-27T04:00:00+03:00,2026-05,EBM0526,2507.5776763477293,EPIAS_VEP:EBM0526,True,False,False
2026-05-27T02:00:00+00:00,2026-05-27T05:00:00+03:00,2026-05,EBM0526,2507.5757451522813,EPIAS_VEP:EBM0526,True,False,False
2026-05-27T03:00:00+00:00,2026-05-27T06:00:00+03:00,2026-05,EBM0526,2507.573415746884,EPIAS_VEP:EBM0526,True,False,False
2026-05-27T04:00:00+00:00,2026-05-27T07:00:00+03:00,2026-05,EBM0526,2507.5706526140543,EPIAS_VEP:EBM0526,True,False,False
2026-05-27T05:00:00+00:00,2026-05-27T08:00:00+03:00,2026-05,EBM0526,2507.5674194936514,EPIAS_VEP:EBM0526,True,False,False
2026-05-27T06:00:00+00:00,2026-05-27T09:00:00+03:00,2026-05,EBM0526,2507.563679659189,EPIAS_VEP:EBM0526,True,False,False
2026-05-27T07:00:00+00:00,2026-05-27T10:00:00+03:00,2026-05,EBM0526,2507.5593962411467,EPIAS_VEP:EBM0526,True,False,False
2026-05-27T08:00:00+00:00,2026-05-27T11:00:00+03:00,2026-05,EBM0526,2507.554532600956,EPIAS_VEP:EBM0526,True,False,False
2026-05-27T09:00:00+00:00,2026-05-27T12:00:00+03:00,2026-05,EBM0526,2507.549052759337,EPIAS_VEP:EBM0526,True,False,False
2026-05-27T10:00:00+00:00,2026-05-27T13:00:00+03:00,2026-05,EBM0526,2507.5429218826653,EPIAS_VEP:EBM0526,True,False,False
2026-05-27T11:00:00+00:00,2026-05-27T14:00:00+03:00,2026-05,EBM0526,2507.5361068309576,EPIAS_VEP:EBM0526,True,False,False
2026-05-27T12:00:00+00:00,2026-05-27T15:00:00+03:00,2026-05,EBM0526,2507.5285767709584,EPIAS_VEP:EBM0526,True,False,False
2026-05-27T13:00:00+00:00,2026-05-27T16:00:00+03:00,2026-05,EBM0526,2507.520303857645,EPIAS_VEP:EBM0526,True,False,False
2026-05-27T14:00:00+00:00,2026-05-27T17:00:00+03:00,2026-05,EBM0526,2507.5112639872336,EPIAS_VEP:EBM0526,True,False,False
2026-05-27T15:00:00+00:00,2026-05-27T18:00:00+03:00,2026-05,EBM0526,2507.5014376244694,EPIAS_VEP:EBM0526,True,False,False
2026-05-27T16:00:00+00:00,2026-05-27T19:00:00+03:00,2026-05,EBM0526,2507.4908107066153,EPIAS_VEP:EBM0526,True,False,False
2026-05-27T17:00:00+00:00,2026-05-27T20:00:00+03:00,2026-05,EBM0526,2507.479375626088,EPIAS_VEP:EBM0526,True,False,False
2026-05-27T18:00:00+00:00,2026-05-27T21:00:00+03:00,2026-05,EBM0526,2507.467132293147,EPIAS_VEP:EBM0526,True,False,False
2026-05-27T19:00:00+00:00,2026-05-27T22:00:00+03:00,2026-05,EBM0526,2507.4540892794075,EPIAS_VEP:EBM0526,True,False,False
2026-05-27T20:00:00+00:00,2026-05-27T23:00:00+03:00,2026-05,EBM0526,2507.4402650421703,EPIAS_VEP:EBM0526,True,False,False
2026-05-27T21:00:00+00:00,2026-05-28T00:00:00+03:00,2026-05,EBM0526,2507.4256892287267,EPIAS_VEP:EBM0526,True,False,False
2026-05-27T22:00:00+00:00,2026-05-28T01:00:00+03:00,2026-05,EBM0526,2507.4104040587786,EPIAS_VEP:EBM0526,True,False,False
2026-05-27T23:00:00+00:00,2026-05-28T02:00:00+03:00,2026-05,EBM0526,2507.3944657820202,EPIAS_VEP:EBM0526,True,False,False
2026-05-28T00:00:00+00:00,2026-05-28T03:00:00+03:00,2026-05,EBM0526,2507.3779462066564,EPIAS_VEP:EBM0526,True,False,False
2026-05-28T01:00:00+00:00,2026-05-28T04:00:00+03:00,2026-05,EBM0526,2507.3609342932305,EPIAS_VEP:EBM0526,True,False,False
2026-05-28T02:00:00+00:00,2026-05-28T05:00:00+03:00,2026-05,EBM0526,2507.343537806582,EPIAS_VEP:EBM0526,True,False,False
2026-05-28T03:00:00+00:00,2026-05-28T06:00:00+03:00,2026-05,EBM0526,2507.3258850170378,EPIAS_VEP:EBM0526,True,False,False
2026-05-28T04:00:00+00:00,2026-05-28T07:00:00+03:00,2026-05,EBM0526,2507.3081264400603,EPIAS_VEP:EBM0526,True,False,False
2026-05-28T05:00:00+00:00,2026-05-28T08:00:00+03:00,2026-05,EBM0526,2507.2904366015246,EPIAS_VEP:EBM0526,True,False,False
2026-05-28T06:00:00+00:00,2026-05-28T09:00:00+03:00,2026-05,EBM0526,2507.273015813576,EPIAS_VEP:EBM0526,True,False,False
2026-05-28T07:00:00+00:00,2026-05-28T10:00:00+03:00,2026-05,EBM0526,2507.2560919436182,EPIAS_VEP:EBM0526,True,False,False
2026-05-28T08:00:00+00:00,2026-05-28T11:00:00+03:00,2026-05,EBM0526,2507.2399221563874,EPIAS_VEP:EBM0526,True,False,False
2026-05-28T09:00:00+00:00,2026-05-28T12:00:00+03:00,2026-05,EBM0526,2507.2247946063426,EPIAS_VEP:EBM0526,True,False,False
2026-05-28T10:00:00+00:00,2026-05-28T13:00:00+03:00,2026-05,EBM0526,2507.2110300546424,EPIAS_VEP:EBM0526,True,False,False
2026-05-28T11:00:00+00:00,2026-05-28T14:00:00+03:00,2026-05,EBM0526,2507.1989833818993,EPIAS_VEP:EBM0526,True,False,False
2026-05-28T12:00:00+00:00,2026-05-28T15:00:00+03:00,2026-05,EBM0526,2507.1890449646376,EPIAS_VEP:EBM0526,True,False,False
2026-05-28T13:00:00+00:00,2026-05-28T16:00:00+03:00,2026-05,EBM0526,2507.1816418799567,EPIAS_VEP:EBM0526,True,False,False
2026-05-28T14:00:00+00:00,2026-05-28T17:00:00+03:00,2026-05,EBM0526,2507.177238899375,EPIAS_VEP:EBM0526,True,False,False
2026-05-28T15:00:00+00:00,2026-05-28T18:00:00+03:00,2026-05,EBM0526,2507.1763392291386,EPIAS_VEP:EBM0526,True,False,False
2026-05-28T16:00:00+00:00,2026-05-28T19:00:00+03:00,2026-05,EBM0526,2507.179484950518,EPIAS_VEP:EBM0526,True,False,False
2026-05-28T17:00:00+00:00,2026-05-28T20:00:00+03:00,2026-05,EBM0526,2507.1872571097783,EPIAS_VEP:EBM0526,True,False,False
2026-05-28T18:00:00+00:00,2026-05-28T21:00:00+03:00,2026-05,EBM0526,2507.200275403605,EPIAS_VEP:EBM0526,True,False,False
2026-05-28T19:00:00+00:00,2026-05-28T22:00:00+03:00,2026-05,EBM0526,2507.2191974018874,EPIAS_VEP:EBM0526,True,False,False
2026-05-28T20:00:00+00:00,2026-05-28T23:00:00+03:00,2026-05,EBM0526,2507.244717245893,EPIAS_VEP:EBM0526,True,False,False
2026-05-28T21:00:00+00:00,2026-05-29T00:00:00+03:00,2026-05,EBM0526,2507.277563756065,EPIAS_VEP:EBM0526,True,False,False
2026-05-28T22:00:00+00:00,2026-05-29T01:00:00+03:00,2026-05,EBM0526,2507.3184978800355,EPIAS_VEP:EBM0526,True,False,False
2026-05-28T23:00:00+00:00,2026-05-29T02:00:00+03:00,2026-05,EBM0526,2507.3683094079793,EPIAS_VEP:EBM0526,True,False,False
2026-05-29T00:00:00+00:00,2026-05-29T03:00:00+03:00,2026-05,EBM0526,2507.4278128791984,EPIAS_VEP:EBM0526,True,False,False
2026-05-29T01:00:00+00:00,2026-05-29T04:00:00+03:00,2026-05,EBM0526,2507.497842600969,EPIAS_VEP:EBM0526,True,False,False
2026-05-29T02:00:00+00:00,2026-05-29T05:00:00+03:00,2026-05,EBM0526,2507.579246698197,EPIAS_VEP:EBM0526,True,False,False
2026-05-29T03:00:00+00:00,2026-05-29T06:00:00+03:00,2026-05,EBM0526,2507.672880110445,EPIAS_VEP:EBM0526,True,False,False
2026-05-29T04:00:00+00:00,2026-05-29T07:00:00+03:00,2026-05,EBM0526,2507.77959645152,EPIAS_VEP:EBM0526,True,False,False
2026-05-29T05:00:00+00:00,2026-05-29T08:00:00+03:00,2026-05,EBM0526,2507.9002386461348,EPIAS_VEP:EBM0526,True,False,False
2026-05-29T06:00:00+00:00,2026-05-29T09:00:00+03:00,2026-05,EBM0526,2508.035628258274,EPIAS_VEP:EBM0526,True,False,False
2026-05-29T07:00:00+00:00,2026-05-29T10:00:00+03:00,2026-05,EBM0526,2508.186553426973,EPIAS_VEP:EBM0526,True,False,False
2026-05-29T08:00:00+00:00,2026-05-29T11:00:00+03:00,2026-05,EBM0526,2508.3537553273586,EPIAS_VEP:EBM0526,True,False,False
2026-05-29T09:00:00+00:00,2026-05-29T12:00:00+03:00,2026-05,EBM0526,2508.537913078132,EPIAS_VEP:EBM0526,True,False,False
2026-05-29T10:00:00+00:00,2026-05-29T13:00:00+03:00,2026-05,EBM0526,2508.7396270213776,EPIAS_VEP:EBM0526,True,False,False
2026-05-29T11:00:00+00:00,2026-05-29T14:00:00+03:00,2026-05,EBM0526,2508.9594003067846,EPIAS_VEP:EBM0526,True,False,False
2026-05-29T12:00:00+00:00,2026-05-29T15:00:00+03:00,2026-05,EBM0526,2509.1976187202604,EPIAS_VEP:EBM0526,True,False,False
2026-05-29T13:00:00+00:00,2026-05-29T16:00:00+03:00,2026-05,EBM0526,2509.4545287065966,EPIAS_VEP:EBM0526,True,False,False
2026-05-29T14:00:00+00:00,2026-05-29T17:00:00+03:00,2026-05,EBM0526,2509.730213547629,EPIAS_VEP:EBM0526,True,False,False
2026-05-29T15:00:00+00:00,2026-05-29T18:00:00+03:00,2026-05,EBM0526,2510.024567671238,EPIAS_VEP:EBM0526,True,False,False
2026-05-29T16:00:00+00:00,2026-05-29T19:00:00+03:00,2026-05,EBM0526,2510.337269082865,EPIAS_VEP:EBM0526,True,False,False
2026-05-29T17:00:00+00:00,2026-05-29T20:00:00+03:00,2026-05,EBM0526,2510.6677499300995,EPIAS_VEP:EBM0526,True,False,False
2026-05-29T18:00:00+00:00,2026-05-29T21:00:00+03:00,2026-05,EBM0526,2511.0151652325376,EPIAS_VEP:EBM0526,True,False,False
2026-05-29T19:00:00+00:00,2026-05-29T22:00:00+03:00,2026-05,EBM0526,2511.3783598336995,EPIAS_VEP:EBM0526,True,False,False
2026-05-29T20:00:00+00:00,2026-05-29T23:00:00+03:00,2026-05,EBM0526,2511.755833659497,EPIAS_VEP:EBM0526,True,False,False
2026-05-29T21:00:00+00:00,2026-05-30T00:00:00+03:00,2026-05,EBM0526,2512.145705398773,EPIAS_VEP:EBM0526,True,False,False
2026-05-29T22:00:00+00:00,2026-05-30T01:00:00+03:00,2026-05,EBM0526,2512.545674755919,EPIAS_VEP:EBM0526,True,False,False
2026-05-29T23:00:00+00:00,2026-05-30T02:00:00+03:00,2026-05,EBM0526,2512.952983463673,EPIAS_VEP:EBM0526,True,False,False
2026-05-30T00:00:00+00:00,2026-05-30T03:00:00+03:00,2026-05,EBM0526,2513.364375286212,EPIAS_VEP:EBM0526,True,False,False
2026-05-30T01:00:00+00:00,2026-05-30T04:00:00+03:00,2026-05,EBM0526,2513.776055288285,EPIAS_VEP:EBM0526,True,False,False
2026-05-30T02:00:00+00:00,2026-05-30T05:00:00+03:00,2026-05,EBM0526,2514.183648696026,EPIAS_VEP:EBM0526,True,False,False
2026-05-30T03:00:00+00:00,2026-05-30T06:00:00+03:00,2026-05,EBM0526,2514.5821597289564,EPIAS_VEP:EBM0526,True,False,False
2026-05-30T04:00:00+00:00,2026-05-30T07:00:00+03:00,2026-05,EBM0526,2514.965930840645,EPIAS_VEP:EBM0526,True,False,False
2026-05-30T05:00:00+00:00,2026-05-30T08:00:00+03:00,2026-05,EBM0526,2515.328602867603,EPIAS_VEP:EBM0526,True,False,False
2026-05-30T06:00:00+00:00,2026-05-30T09:00:00+03:00,2026-05,EBM0526,2515.663076652176,EPIAS_VEP:EBM0526,True,False,False
2026-05-30T07:00:00+00:00,2026-05-30T10:00:00+03:00,2026-05,EBM0526,2515.9614767753387,EPIAS_VEP:EBM0526,True,False,False
2026-05-30T08:00:00+00:00,2026-05-30T11:00:00+03:00,2026-05,EBM0526,2516.2151181093145,EPIAS_VEP:EBM0526,True,False,False
2026-05-30T09:00:00+00:00,2026-05-30T12:00:00+03:00,2026-05,EBM0526,2516.414475977566,EPIAS_VEP:EBM0526,True,False,False
2026-05-30T10:00:00+00:00,2026-05-30T13:00:00+03:00,2026-05,EBM0526,2516.5491607906606,EPIAS_VEP:EBM0526,True,False,False
2026-05-30T11:00:00+00:00,2026-05-30T14:00:00+03:00,2026-05,EBM0526,2516.6078981104833,EPIAS_VEP:EBM0526,True,False,False
2026-05-30T12:00:00+00:00,2026-05-30T15:00:00+03:00,2026-05,EBM0526,2516.578515181756,EPIAS_VEP:EBM0526,True,False,False
2026-05-30T13:00:00+00:00,2026-05-30T16:00:00+03:00,2026-05,EBM0526,2516.447935058306,EPIAS_VEP:EBM0526,True,False,False
2026-05-30T14:00:00+00:00,2026-05-30T17:00:00+03:00,2026-05,EBM0526,2516.202179541357,EPIAS_VEP:EBM0526,True,False,False
2026-05-30T15:00:00+00:00,2026-05-30T18:00:00+03:00,2026-05,EBM0526,2515.826382237543,EPIAS_VEP:EBM0526,True,False,False
2026-05-30T16:00:00+00:00,2026-05-30T19:00:00+03:00,2026-05,EBM0526,2515.304813134461,EPIAS_VEP:EBM0526,True,False,False
2026-05-30T17:00:00+00:00,2026-05-30T20:00:00+03:00,2026-05,EBM0526,2514.620916180399,EPIAS_VEP:EBM0526,True,False,False
2026-05-30T18:00:00+00:00,2026-05-30T21:00:00+03:00,2026-05,EBM0526,2513.757361441249,EPIAS_VEP:EBM0526,True,False,False
2026-05-30T19:00:00+00:00,2026-05-30T22:00:00+03:00,2026-05,EBM0526,2512.696113490201,EPIAS_VEP:EBM0526,True,False,False
2026-05-30T20:00:00+00:00,2026-05-30T23:00:00+03:00,2026-05,EBM0526,2511.4185177632185,EPIAS_VEP:EBM0526,True,False,False
2026-05-30T21:00:00+00:00,2026-05-31T00:00:00+03:00,2026-05,EBM0526,2509.905406683832,EPIAS_VEP:EBM0526,True,False,False
2026-05-30T22:00:00+00:00,2026-05-31T01:00:00+03:00,2026-05,EBM0526,2508.1372274227124,EPIAS_VEP:EBM0526,True,False,False
2026-05-30T23:00:00+00:00,2026-05-31T02:00:00+03:00,2026-05,EBM0526,2506.0941932087776,EPIAS_VEP:EBM0526,True,False,False
2026-05-31T00:00:00+00:00,2026-05-31T03:00:00+03:00,2026-05,EBM0526,2503.756460147117,EPIAS_VEP:EBM0526,True,False,False
2026-05-31T01:00:00+00:00,2026-05-31T04:00:00+03:00,2026-05,EBM0526,2501.1043315224174,EPIAS_VEP:EBM0526,True,False,False
2026-05-31T02:00:00+00:00,2026-05-31T05:00:00+03:00,2026-05,EBM0526,2498.118491572269,EPIAS_VEP:EBM0526,True,False,False
2026-05-31T03:00:00+00:00,2026-05-31T06:00:00+03:00,2026-05,EBM0526,2494.7802707000233,EPIAS_VEP:EBM0526,True,False,False
2026-05-31T04:00:00+00:00,2026-05-31T07:00:00+03:00,2026-05,EBM0526,2491.071944058793,EPIAS_VEP:EBM0526,True,False,False
2026-05-31T05:00:00+00:00,2026-05-31T08:00:00+03:00,2026-05,EBM0526,2486.9770653735377,EPIAS_VEP:EBM0526,True,False,False
2026-05-31T06:00:00+00:00,2026-05-31T09:00:00+03:00,2026-05,EBM0526,2482.4808377737268,EPIAS_VEP:EBM0526,True,False,False
2026-05-31T07:00:00+00:00,2026-05-31T10:00:00+03:00,2026-05,EBM0526,2477.570523281211,EPIAS_VEP:EBM0526,True,False,False
2026-05-31T08:00:00+00:00,2026-05-31T11:00:00+03:00,2026-05,EBM0526,2472.2358924329765,EPIAS_VEP:EBM0526,True,False,False
2026-05-31T09:00:00+00:00,2026-05-31T12:00:00+03:00,2026-05,EBM0526,2466.469715312599,EPIAS_VEP:EBM0526,True,False,False
2026-05-31T10:00:00+00:00,2026-05-31T13:00:00+03:00,2026-05,EBM0526,2460.268295013327,EPIAS_VEP:EBM0526,True,False,False
2026-05-31T11:00:00+00:00,2026-05-31T14:00:00+03:00,2026-05,EBM0526,2453.6320442557926,EPIAS_VEP:EBM0526,True,False,False
2026-05-31T12:00:00+00:00,2026-05-31T15:00:00+03:00,2026-05,EBM0526,2446.5661055300457,EPIAS_VEP:EBM0526,True,False,False
2026-05-31T13:00:00+00:00,2026-05-31T16:00:00+03:00,2026-05,EBM0526,2439.0810147206216,EPIAS_VEP:EBM0526,True,False,False
2026-05-31T14:00:00+00:00,2026-05-31T17:00:00+03:00,2026-05,EBM0526,2431.193407700434,EPIAS_VEP:EBM0526,True,False,False
2026-05-31T15:00:00+00:00,2026-05-31T18:00:00+03:00,2026-05,EBM0526,2422.926768839821,EPIAS_VEP:EBM0526,True,False,False
2026-05-31T16:00:00+00:00,2026-05-31T19:00:00+03:00,2026-05,EBM0526,2414.312219767293,EPIAS_VEP:EBM0526,True,False,False
2026-05-31T17:00:00+00:00,2026-05-31T20:00:00+03:00,2026-05,EBM0526,2405.389346033312,EPIAS_VEP:EBM0526,True,False,False
2026-05-31T18:00:00+00:00,2026-05-31T21:00:00+03:00,2026-05,EBM0526,2396.2070585652796,EPIAS_VEP:EBM0526,True,False,False
2026-05-31T19:00:00+00:00,2026-05-31T22:00:00+03:00,2026-05,EBM0526,2386.8244859547526,EPIAS_VEP:EBM0526,True,False,False
2026-05-31T20:00:00+00:00,2026-05-31T23:00:00+03:00,2026-05,EBM0526,2377.3118926854904,EPIAS_VEP:EBM0526,True,False,False
2026-05-31T21:00:00+00:00,2026-06-01T00:00:00+03:00,2026-06,EBM0626,2367.7516173928507,EPIAS_VEP:EBM0626,True,False,False
2026-05-31T22:00:00+00:00,2026-06-01T01:00:00+03:00,2026-06,EBM0626,2358.2390241218386,EPIAS_VEP:EBM0626,True,False,False
2026-05-31T23:00:00+00:00,2026-06-01T02:00:00+03:00,2026-06,EBM0626,2348.8564515078124,EPIAS_VEP:EBM0626,True,False,False
2026-06-01T00:00:00+00:00,2026-06-01T03:00:00+03:00,2026-06,EBM0626,2339.6741640358096,EPIAS_VEP:EBM0626,True,False,False
2026-06-01T01:00:00+00:00,2026-06-01T04:00:00+03:00,2026-06,EBM0626,2330.7512902978083,EPIAS_VEP:EBM0626,True,False,False
2026-06-01T02:00:00+00:00,2026-06-01T05:00:00+03:00,2026-06,EBM0626,2322.1367412214745,EPIAS_VEP:EBM0626,True,False,False
2026-06-01T03:00:00+00:00,2026-06-01T06:00:00+03:00,2026-06,EBM0626,2313.870102357536,EPIAS_VEP:EBM0626,True,False,False
2026-06-01T04:00:00+00:00,2026-06-01T07:00:00+03:00,2026-06,EBM0626,2305.9824953346892,EPIAS_VEP:EBM0626,True,False,False
2026-06-01T05:00:00+00:00,2026-06-01T08:00:00+03:00,2026-06,EBM0626,2298.497404523217,EPIAS_VEP:EBM0626,True,False,False
2026-06-01T06:00:00+00:00,2026-06-01T09:00:00+03:00,2026-06,EBM0626,2291.4314657959585,EPIAS_VEP:EBM0626,True,False,False
2026-06-01T07:00:00+00:00,2026-06-01T10:00:00+03:00,2026-06,EBM0626,2284.7952150373926,EPIAS_VEP:EBM0626,True,False,False
2026-06-01T08:00:00+00:00,2026-06-01T11:00:00+03:00,2026-06,EBM0626,2278.5937947375105,EPIAS_VEP:EBM0626,True,False,False
2026-06-01T09:00:00+00:00,2026-06-01T12:00:00+03:00,2026-06,EBM0626,2272.8276176168915,EPIAS_VEP:EBM0626,True,False,False
2026-06-01T10:00:00+00:00,2026-06-01T13:00:00+03:00,2026-06,EBM0626,2267.4929867687333,EPIAS_VEP:EBM0626,True,False,False
2026-06-01T11:00:00+00:00,2026-06-01T14:00:00+03:00,2026-06,EBM0626,2262.5826722765637,EPIAS_VEP:EBM0626,True,False,False
2026-06-01T12:00:00+00:00,2026-06-01T15:00:00+03:00,2026-06,EBM0626,2258.0864446773257,EPIAS_VEP:EBM0626,True,False,False
2026-06-01T13:00:00+00:00,2026-06-01T16:00:00+03:00,2026-06,EBM0626,2253.9915659928265,EPIAS_VEP:EBM0626,True,False,False
2026-06-01T14:00:00+00:00,2026-06-01T17:00:00+03:00,2026-06,EBM0626,2250.2832393524986,EPIAS_VEP:EBM0626,True,False,False
2026-06-01T15:00:00+00:00,2026-06-01T18:00:00+03:00,2026-06,EBM0626,2246.9450184812663,EPIAS_VEP:EBM0626,True,False,False
2026-06-01T16:00:00+00:00,2026-06-01T19:00:00+03:00,2026-06,EBM0626,2243.9591785322104,EPIAS_VEP:EBM0626,True,False,False
2026-06-01T17:00:00+00:00,2026-06-01T20:00:00+03:00,2026-06,EBM0626,2241.307049908656,EPIAS_VEP:EBM0626,True,False,False
2026-06-01T18:00:00+00:00,2026-06-01T21:00:00+03:00,2026-06,EBM0626,2238.9693168481663,EPIAS_VEP:EBM0626,True,False,False
2026-06-01T19:00:00+00:00,2026-06-01T22:00:00+03:00,2026-06,EBM0626,2236.926282635406,EPIAS_VEP:EBM0626,True,False,False
2026-06-01T20:00:00+00:00,2026-06-01T23:00:00+03:00,2026-06,EBM0626,2235.158103375448,EPIAS_VEP:EBM0626,True,False,False
2026-06-01T21:00:00+00:00,2026-06-02T00:00:00+03:00,2026-06,EBM0626,2233.6449922971924,EPIAS_VEP:EBM0626,True,False,False
2026-06-01T22:00:00+00:00,2026-06-02T01:00:00+03:00,2026-06,EBM0626,2232.367396571296,EPIAS_VEP:EBM0626,True,False,False
2026-06-01T23:00:00+00:00,2026-06-02T02:00:00+03:00,2026-06,EBM0626,2231.306148621277,EPIAS_VEP:EBM0626,True,False,False
2026-06-02T00:00:00+00:00,2026-06-02T03:00:00+03:00,2026-06,EBM0626,2230.442593883088,EPIAS_VEP:EBM0626,True,False,False
2026-06-02T01:00:00+00:00,2026-06-02T04:00:00+03:00,2026-06,EBM0626,2229.7586969299136,EPIAS_VEP:EBM0626,True,False,False
2026-06-02T02:00:00+00:00,2026-06-02T05:00:00+03:00,2026-06,EBM0626,2229.237127827641,EPIAS_VEP:EBM0626,True,False,False
2026-06-02T03:00:00+00:00,2026-06-02T06:00:00+03:00,2026-06,EBM0626,2228.8613305245553,EPIAS_VEP:EBM0626,True,False,False
2026-06-02T04:00:00+00:00,2026-06-02T07:00:00+03:00,2026-06,EBM0626,2228.6155750082517,EPIAS_VEP:EBM0626,True,False,False
2026-06-02T05:00:00+00:00,2026-06-02T08:00:00+03:00,2026-06,EBM0626,2228.4849948853653,EPIAS_VEP:EBM0626,True,False,False
2026-06-02T06:00:00+00:00,2026-06-02T09:00:00+03:00,2026-06,EBM0626,2228.4556119571216,EPIAS_VEP:EBM0626,True,False,False
2026-06-02T07:00:00+00:00,2026-06-02T10:00:00+03:00,2026-06,EBM0626,2228.514349277349,EPIAS_VEP:EBM0626,True,False,False
2026-06-02T08:00:00+00:00,2026-06-02T11:00:00+03:00,2026-06,EBM0626,2228.649034090773,EPIAS_VEP:EBM0626,True,False,False
2026-06-02T09:00:00+00:00,2026-06-02T12:00:00+03:00,2026-06,EBM0626,2228.848391959282,EPIAS_VEP:EBM0626,True,False,False
2026-06-02T10:00:00+00:00,2026-06-02T13:00:00+03:00,2026-06,EBM0626,2229.1020332934477,EPIAS_VEP:EBM0626,True,False,False
2026-06-02T11:00:00+00:00,2026-06-02T14:00:00+03:00,2026-06,EBM0626,2229.4004334167394,EPIAS_VEP:EBM0626,True,False,False
2026-06-02T12:00:00+00:00,2026-06-02T15:00:00+03:00,2026-06,EBM0626,2229.734907201387,EPIAS_VEP:EBM0626,True,False,False
2026-06-02T13:00:00+00:00,2026-06-02T16:00:00+03:00,2026-06,EBM0626,2230.097579228373,EPIAS_VEP:EBM0626,True,False,False
2026-06-02T14:00:00+00:00,2026-06-02T17:00:00+03:00,2026-06,EBM0626,2230.481350340053,EPIAS_VEP:EBM0626,True,False,False
2026-06-02T15:00:00+00:00,2026-06-02T18:00:00+03:00,2026-06,EBM0626,2230.879861372953,EPIAS_VEP:EBM0626,True,False,False
2026-06-02T16:00:00+00:00,2026-06-02T19:00:00+03:00,2026-06,EBM0626,2231.2874547806587,EPIAS_VEP:EBM0626,True,False,False
2026-06-02T17:00:00+00:00,2026-06-02T20:00:00+03:00,2026-06,EBM0626,2231.6991347827075,EPIAS_VEP:EBM0626,True,False,False
2026-06-02T18:00:00+00:00,2026-06-02T21:00:00+03:00,2026-06,EBM0626,2232.1105266052523,EPIAS_VEP:EBM0626,True,False,False
2026-06-02T19:00:00+00:00,2026-06-02T22:00:00+03:00,2026-06,EBM0626,2232.5178353130586,EPIAS_VEP:EBM0626,True,False,False
2026-06-02T20:00:00+00:00,2026-06-02T23:00:00+03:00,2026-06,EBM0626,2232.9178046703228,EPIAS_VEP:EBM0626,True,False,False
2026-06-02T21:00:00+00:00,2026-06-03T00:00:00+03:00,2026-06,EBM0626,2233.307676409801,EPIAS_VEP:EBM0626,True,False,False
2026-06-02T22:00:00+00:00,2026-06-03T01:00:00+03:00,2026-06,EBM0626,2233.6851502358754,EPIAS_VEP:EBM0626,True,False,False
2026-06-02T23:00:00+00:00,2026-06-03T02:00:00+03:00,2026-06,EBM0626,2234.04834483738,EPIAS_VEP:EBM0626,True,False,False
2026-06-03T00:00:00+00:00,2026-06-03T03:00:00+03:00,2026-06,EBM0626,2234.395760140215,EPIAS_VEP:EBM0626,True,False,False
2026-06-03T01:00:00+00:00,2026-06-03T04:00:00+03:00,2026-06,EBM0626,2234.7262409878895,EPIAS_VEP:EBM0626,True,False,False
2026-06-03T02:00:00+00:00,2026-06-03T05:00:00+03:00,2026-06,EBM0626,2235.03894239999,EPIAS_VEP:EBM0626,True,False,False
2026-06-03T03:00:00+00:00,2026-06-03T06:00:00+03:00,2026-06,EBM0626,2235.3332965240966,EPIAS_VEP:EBM0626,True,False,False
2026-06-03T04:00:00+00:00,2026-06-03T07:00:00+03:00,2026-06,EBM0626,2235.6089813656417,EPIAS_VEP:EBM0626,True,False,False
2026-06-03T05:00:00+00:00,2026-06-03T08:00:00+03:00,2026-06,EBM0626,2235.8658913524973,EPIAS_VEP:EBM0626,True,False,False
2026-06-03T06:00:00+00:00,2026-06-03T09:00:00+03:00,2026-06,EBM0626,2236.1041097664906,EPIAS_VEP:EBM0626,True,False,False
2026-06-03T07:00:00+00:00,2026-06-03T10:00:00+03:00,2026-06,EBM0626,2236.323883052406,EPIAS_VEP:EBM0626,True,False,False
2026-06-03T08:00:00+00:00,2026-06-03T11:00:00+03:00,2026-06,EBM0626,2236.525596996144,EPIAS_VEP:EBM0626,True,False,False
2026-06-03T09:00:00+00:00,2026-06-03T12:00:00+03:00,2026-06,EBM0626,2236.7097547473904,EPIAS_VEP:EBM0626,True,False,False
2026-06-03T10:00:00+00:00,2026-06-03T13:00:00+03:00,2026-06,EBM0626,2236.876956648224,EPIAS_VEP:EBM0626,True,False,False
2026-06-03T11:00:00+00:00,2026-06-03T14:00:00+03:00,2026-06,EBM0626,2237.0278818173415,EPIAS_VEP:EBM0626,True,False,False
2026-06-03T12:00:00+00:00,2026-06-03T15:00:00+03:00,2026-06,EBM0626,2237.1632714298657,EPIAS_VEP:EBM0626,True,False,False
2026-06-03T13:00:00+00:00,2026-06-03T16:00:00+03:00,2026-06,EBM0626,2237.2839136248317,EPIAS_VEP:EBM0626,True,False,False
2026-06-03T14:00:00+00:00,2026-06-03T17:00:00+03:00,2026-06,EBM0626,2237.390629966223,EPIAS_VEP:EBM0626,True,False,False
2026-06-03T15:00:00+00:00,2026-06-03T18:00:00+03:00,2026-06,EBM0626,2237.484263378753,EPIAS_VEP:EBM0626,True,False,False
2026-06-03T16:00:00+00:00,2026-06-03T19:00:00+03:00,2026-06,EBM0626,2237.565667476231,EPIAS_VEP:EBM0626,True,False,False
2026-06-03T17:00:00+00:00,2026-06-03T20:00:00+03:00,2026-06,EBM0626,2237.6356971982186,EPIAS_VEP:EBM0626,True,False,False
2026-06-03T18:00:00+00:00,2026-06-03T21:00:00+03:00,2026-06,EBM0626,2237.695200669624,EPIAS_VEP:EBM0626,True,False,False
2026-06-03T19:00:00+00:00,2026-06-03T22:00:00+03:00,2026-06,EBM0626,2237.7450121977254,EPIAS_VEP:EBM0626,True,False,False
2026-06-03T20:00:00+00:00,2026-06-03T23:00:00+03:00,2026-06,EBM0626,2237.785946321827,EPIAS_VEP:EBM0626,True,False,False
2026-06-03T21:00:00+00:00,2026-06-04T00:00:00+03:00,2026-06,EBM0626,2237.818792832106,EPIAS_VEP:EBM0626,True,False,False
2026-06-03T22:00:00+00:00,2026-06-04T01:00:00+03:00,2026-06,EBM0626,2237.8443126761995,EPIAS_VEP:EBM0626,True,False,False
2026-06-03T23:00:00+00:00,2026-06-04T02:00:00+03:00,2026-06,EBM0626,2237.8632346745517,EPIAS_VEP:EBM0626,True,False,False
2026-06-04T00:00:00+00:00,2026-06-04T03:00:00+03:00,2026-06,EBM0626,2237.876252968432,EPIAS_VEP:EBM0626,True,False,False
2026-06-04T01:00:00+00:00,2026-06-04T04:00:00+03:00,2026-06,EBM0626,2237.884025127734,EPIAS_VEP:EBM0626,True,False,False
2026-06-04T02:00:00+00:00,2026-06-04T05:00:00+03:00,2026-06,EBM0626,2237.8871708491465,EPIAS_VEP:EBM0626,True,False,False
2026-06-04T03:00:00+00:00,2026-06-04T06:00:00+03:00,2026-06,EBM0626,2237.8862711789384,EPIAS_VEP:EBM0626,True,False,False
2026-06-04T04:00:00+00:00,2026-06-04T07:00:00+03:00,2026-06,EBM0626,2237.8818681983844,EPIAS_VEP:EBM0626,True,False,False
2026-06-04T05:00:00+00:00,2026-06-04T08:00:00+03:00,2026-06,EBM0626,2237.8744651137326,EPIAS_VEP:EBM0626,True,False,False
2026-06-04T06:00:00+00:00,2026-06-04T09:00:00+03:00,2026-06,EBM0626,2237.864526696503,EPIAS_VEP:EBM0626,True,False,False
2026-06-04T07:00:00+00:00,2026-06-04T10:00:00+03:00,2026-06,EBM0626,2237.852480023797,EPIAS_VEP:EBM0626,True,False,False
2026-06-04T08:00:00+00:00,2026-06-04T11:00:00+03:00,2026-06,EBM0626,2237.8387154721377,EPIAS_VEP:EBM0626,True,False,False
2026-06-04T09:00:00+00:00,2026-06-04T12:00:00+03:00,2026-06,EBM0626,2237.823587922139,EPIAS_VEP:EBM0626,True,False,False
2026-06-04T10:00:00+00:00,2026-06-04T13:00:00+03:00,2026-06,EBM0626,2237.807418134957,EPIAS_VEP:EBM0626,True,False,False
2026-06-04T11:00:00+00:00,2026-06-04T14:00:00+03:00,2026-06,EBM0626,2237.7904942650493,EPIAS_VEP:EBM0626,True,False,False
2026-06-04T12:00:00+00:00,2026-06-04T15:00:00+03:00,2026-06,EBM0626,2237.7730734771512,EPIAS_VEP:EBM0626,True,False,False
2026-06-04T13:00:00+00:00,2026-06-04T16:00:00+03:00,2026-06,EBM0626,2237.755383638663,EPIAS_VEP:EBM0626,True,False,False
2026-06-04T14:00:00+00:00,2026-06-04T17:00:00+03:00,2026-06,EBM0626,2237.737625061728,EPIAS_VEP:EBM0626,True,False,False
2026-06-04T15:00:00+00:00,2026-06-04T18:00:00+03:00,2026-06,EBM0626,2237.7199722722207,EPIAS_VEP:EBM0626,True,False,False
2026-06-04T16:00:00+00:00,2026-06-04T19:00:00+03:00,2026-06,EBM0626,2237.7025757856004,EPIAS_VEP:EBM0626,True,False,False
2026-06-04T17:00:00+00:00,2026-06-04T20:00:00+03:00,2026-06,EBM0626,2237.685563872191,EPIAS_VEP:EBM0626,True,False,False
2026-06-04T18:00:00+00:00,2026-06-04T21:00:00+03:00,2026-06,EBM0626,2237.6690442968297,EPIAS_VEP:EBM0626,True,False,False
2026-06-04T19:00:00+00:00,2026-06-04T22:00:00+03:00,2026-06,EBM0626,2237.6531060200587,EPIAS_VEP:EBM0626,True,False,False
2026-06-04T20:00:00+00:00,2026-06-04T23:00:00+03:00,2026-06,EBM0626,2237.6378208500832,EPIAS_VEP:EBM0626,True,False,False
2026-06-04T21:00:00+00:00,2026-06-05T00:00:00+03:00,2026-06,EBM0626,2237.6232450366006,EPIAS_VEP:EBM0626,True,False,False
2026-06-04T22:00:00+00:00,2026-06-05T01:00:00+03:00,2026-06,EBM0626,2237.6094207993124,EPIAS_VEP:EBM0626,True,False,False
2026-06-04T23:00:00+00:00,2026-06-05T02:00:00+03:00,2026-06,EBM0626,2237.5963777855095,EPIAS_VEP:EBM0626,True,False,False
2026-06-05T00:00:00+00:00,2026-06-05T03:00:00+03:00,2026-06,EBM0626,2237.584134452495,EPIAS_VEP:EBM0626,True,False,False
2026-06-05T01:00:00+00:00,2026-06-05T04:00:00+03:00,2026-06,EBM0626,2237.5726993718868,EPIAS_VEP:EBM0626,True,False,False
2026-06-05T02:00:00+00:00,2026-06-05T05:00:00+03:00,2026-06,EBM0626,2237.562072453948,EPIAS_VEP:EBM0626,True,False,False
2026-06-05T03:00:00+00:00,2026-06-05T06:00:00+03:00,2026-06,EBM0626,2237.552246091097,EPIAS_VEP:EBM0626,True,False,False
2026-06-05T04:00:00+00:00,2026-06-05T07:00:00+03:00,2026-06,EBM0626,2237.5432062205973,EPIAS_VEP:EBM0626,True,False,False
2026-06-05T05:00:00+00:00,2026-06-05T08:00:00+03:00,2026-06,EBM0626,2237.5349333071977,EPIAS_VEP:EBM0626,True,False,False
2026-06-05T06:00:00+00:00,2026-06-05T09:00:00+03:00,2026-06,EBM0626,2237.5274032471157,EPIAS_VEP:EBM0626,True,False,False
2026-06-05T07:00:00+00:00,2026-06-05T10:00:00+03:00,2026-06,EBM0626,2237.5205881953293,EPIAS_VEP:EBM0626,True,False,False
2026-06-05T08:00:00+00:00,2026-06-05T11:00:00+03:00,2026-06,EBM0626,2237.5144573185858,EPIAS_VEP:EBM0626,True,False,False
2026-06-05T09:00:00+00:00,2026-06-05T12:00:00+03:00,2026-06,EBM0626,2237.5089774769035,EPIAS_VEP:EBM0626,True,False,False
2026-06-05T10:00:00+00:00,2026-06-05T13:00:00+03:00,2026-06,EBM0626,2237.5041138366614,EPIAS_VEP:EBM0626,True,False,False
2026-06-05T11:00:00+00:00,2026-06-05T14:00:00+03:00,2026-06,EBM0626,2237.4998304185824,EPIAS_VEP:EBM0626,True,False,False
2026-06-05T12:00:00+00:00,2026-06-05T15:00:00+03:00,2026-06,EBM0626,2237.4960905840976,EPIAS_VEP:EBM0626,True,False,False
2026-06-05T13:00:00+00:00,2026-06-05T16:00:00+03:00,2026-06,EBM0626,2237.4928574636897,EPIAS_VEP:EBM0626,True,False,False
2026-06-05T14:00:00+00:00,2026-06-05T17:00:00+03:00,2026-06,EBM0626,2237.490094330875,EPIAS_VEP:EBM0626,True,False,False
2026-06-05T15:00:00+00:00,2026-06-05T18:00:00+03:00,2026-06,EBM0626,2237.487764925515,EPIAS_VEP:EBM0626,True,False,False
2026-06-05T16:00:00+00:00,2026-06-05T19:00:00+03:00,2026-06,EBM0626,2237.485833730132,EPIAS_VEP:EBM0626,True,False,False
2026-06-05T17:00:00+00:00,2026-06-05T20:00:00+03:00,2026-06,EBM0626,2237.4842662028473,EPIAS_VEP:EBM0626,True,False,False
2026-06-05T18:00:00+00:00,2026-06-05T21:00:00+03:00,2026-06,EBM0626,2237.4830289704987,EPIAS_VEP:EBM0626,True,False,False
2026-06-05T19:00:00+00:00,2026-06-05T22:00:00+03:00,2026-06,EBM0626,2237.482089985397,EPIAS_VEP:EBM0626,True,False,False
2026-06-05T20:00:00+00:00,2026-06-05T23:00:00+03:00,2026-06,EBM0626,2237.4814186490476,EPIAS_VEP:EBM0626,True,False,False
2026-06-05T21:00:00+00:00,2026-06-06T00:00:00+03:00,2026-06,EBM0626,2237.4809859060474,EPIAS_VEP:EBM0626,True,False,False
2026-06-05T22:00:00+00:00,2026-06-06T01:00:00+03:00,2026-06,EBM0626,2237.4807643112213,EPIAS_VEP:EBM0626,True,False,False
2026-06-05T23:00:00+00:00,2026-06-06T02:00:00+03:00,2026-06,EBM0626,2237.4807280728946,EPIAS_VEP:EBM0626,True,False,False
2026-06-06T00:00:00+00:00,2026-06-06T03:00:00+03:00,2026-06,EBM0626,2237.4808530750547,EPIAS_VEP:EBM0626,True,False,False
2026-06-06T01:00:00+00:00,2026-06-06T04:00:00+03:00,2026-06,EBM0626,2237.481116880974,EPIAS_VEP:EBM0626,True,False,False
2026-06-06T02:00:00+00:00,2026-06-06T05:00:00+03:00,2026-06,EBM0626,2237.481498720709,EPIAS_VEP:EBM0626,True,False,False
2026-06-06T03:00:00+00:00,2026-06-06T06:00:00+03:00,2026-06,EBM0626,2237.481979464721,EPIAS_VEP:EBM0626,True,False,False
2026-06-06T04:00:00+00:00,2026-06-06T07:00:00+03:00,2026-06,EBM0626,2237.482541585691,EPIAS_VEP:EBM0626,True,False,False
2026-06-06T05:00:00+00:00,2026-06-06T08:00:00+03:00,2026-06,EBM0626,2237.483169110445,EPIAS_VEP:EBM0626,True,False,False
2026-06-06T06:00:00+00:00,2026-06-06T09:00:00+03:00,2026-06,EBM0626,2237.4838475637416,EPIAS_VEP:EBM0626,True,False,False
2026-06-06T07:00:00+00:00,2026-06-06T10:00:00+03:00,2026-06,EBM0626,2237.484563905521,EPIAS_VEP:EBM0626,True,False,False
2026-06-06T08:00:00+00:00,2026-06-06T11:00:00+03:00,2026-06,EBM0626,2237.4853064630593,EPIAS_VEP:EBM0626,True,False,False
2026-06-06T09:00:00+00:00,2026-06-06T12:00:00+03:00,2026-06,EBM0626,2237.4860648593335,EPIAS_VEP:EBM0626,True,False,False
2026-06-06T10:00:00+00:00,2026-06-06T13:00:00+03:00,2026-06,EBM0626,2237.4868299387667,EPIAS_VEP:EBM0626,True,False,False
2026-06-06T11:00:00+00:00,2026-06-06T14:00:00+03:00,2026-06,EBM0626,2237.4875936913877,EPIAS_VEP:EBM0626,True,False,False
2026-06-06T12:00:00+00:00,2026-06-06T15:00:00+03:00,2026-06,EBM0626,2237.488349176323,EPIAS_VEP:EBM0626,True,False,False
2026-06-06T13:00:00+00:00,2026-06-06T16:00:00+03:00,2026-06,EBM0626,2237.4890904454232,EPIAS_VEP:EBM0626,True,False,False
2026-06-06T14:00:00+00:00,2026-06-06T17:00:00+03:00,2026-06,EBM0626,2237.489812467715,EPIAS_VEP:EBM0626,True,False,False
2026-06-06T15:00:00+00:00,2026-06-06T18:00:00+03:00,2026-06,EBM0626,2237.490511055272,EPIAS_VEP:EBM0626,True,False,False
2026-06-06T16:00:00+00:00,2026-06-06T19:00:00+03:00,2026-06,EBM0626,2237.4911827910128,EPIAS_VEP:EBM0626,True,False,False
2026-06-06T17:00:00+00:00,2026-06-06T20:00:00+03:00,2026-06,EBM0626,2237.4918249588463,EPIAS_VEP:EBM0626,True,False,False
2026-06-06T18:00:00+00:00,2026-06-06T21:00:00+03:00,2026-06,EBM0626,2237.492435476492,EPIAS_VEP:EBM0626,True,False,False
2026-06-06T19:00:00+00:00,2026-06-06T22:00:00+03:00,2026-06,EBM0626,2237.493012831267,EPIAS_VEP:EBM0626,True,False,False
2026-06-06T20:00:00+00:00,2026-06-06T23:00:00+03:00,2026-06,EBM0626,2237.4935560190324,EPIAS_VEP:EBM0626,True,False,False
2026-06-06T21:00:00+00:00,2026-06-07T00:00:00+03:00,2026-06,EBM0626,2237.494064486458,EPIAS_VEP:EBM0626,True,False,False
2026-06-06T22:00:00+00:00,2026-06-07T01:00:00+03:00,2026-06,EBM0626,2237.4945380767035,EPIAS_VEP:EBM0626,True,False,False
2026-06-06T23:00:00+00:00,2026-06-07T02:00:00+03:00,2026-06,EBM0626,2237.4949769785735,EPIAS_VEP:EBM0626,True,False,False
2026-06-07T00:00:00+00:00,2026-06-07T03:00:00+03:00,2026-06,EBM0626,2237.4953816791567,EPIAS_VEP:EBM0626,True,False,False
2026-06-07T01:00:00+00:00,2026-06-07T04:00:00+03:00,2026-06,EBM0626,2237.4957529199364,EPIAS_VEP:EBM0626,True,False,False
2026-06-07T02:00:00+00:00,2026-06-07T05:00:00+03:00,2026-06,EBM0626,2237.49609165632,EPIAS_VEP:EBM0626,True,False,False
2026-06-07T03:00:00+00:00,2026-06-07T06:00:00+03:00,2026-06,EBM0626,2237.4963990205156,EPIAS_VEP:EBM0626,True,False,False
2026-06-07T04:00:00+00:00,2026-06-07T07:00:00+03:00,2026-06,EBM0626,2237.4966762876584,EPIAS_VEP:EBM0626,True,False,False
2026-06-07T05:00:00+00:00,2026-06-07T08:00:00+03:00,2026-06,EBM0626,2237.496924845073,EPIAS_VEP:EBM0626,True,False,False
2026-06-07T06:00:00+00:00,2026-06-07T09:00:00+03:00,2026-06,EBM0626,2237.4971461645455,EPIAS_VEP:EBM0626,True,False,False
2026-06-07T07:00:00+00:00,2026-06-07T10:00:00+03:00,2026-06,EBM0626,2237.49734177747,EPIAS_VEP:EBM0626,True,False,False
2026-06-07T08:00:00+00:00,2026-06-07T11:00:00+03:00,2026-06,EBM0626,2237.497513252717,EPIAS_VEP:EBM0626,True,False,False
2026-06-07T09:00:00+00:00,2026-06-07T12:00:00+03:00,2026-06,EBM0626,2237.497662177072,EPIAS_VEP:EBM0626,True,False,False
2026-06-07T10:00:00+00:00,2026-06-07T13:00:00+03:00,2026-06,EBM0626,2237.497790138088,EPIAS_VEP:EBM0626,True,False,False
2026-06-07T11:00:00+00:00,2026-06-07T14:00:00+03:00,2026-06,EBM0626,2237.4978987091913,EPIAS_VEP:EBM0626,True,False,False
2026-06-07T12:00:00+00:00,2026-06-07T15:00:00+03:00,2026-06,EBM0626,2237.497989436886,EPIAS_VEP:EBM0626,True,False,False
2026-06-07T13:00:00+00:00,2026-06-07T16:00:00+03:00,2026-06,EBM0626,2237.498063829899,EPIAS_VEP:EBM0626,True,False,False
2026-06-07T14:00:00+00:00,2026-06-07T17:00:00+03:00,2026-06,EBM0626,2237.4981233501035,EPIAS_VEP:EBM0626,True,False,False
2026-06-07T15:00:00+00:00,2026-06-07T18:00:00+03:00,2026-06,EBM0626,2237.498169405083,EPIAS_VEP:EBM0626,True,False,False
2026-06-07T16:00:00+00:00,2026-06-07T19:00:00+03:00,2026-06,EBM0626,2237.498203342176,EPIAS_VEP:EBM0626,True,False,False
2026-06-07T17:00:00+00:00,2026-06-07T20:00:00+03:00,2026-06,EBM0626,2237.4982264438727,EPIAS_VEP:EBM0626,True,False,False
2026-06-07T18:00:00+00:00,2026-06-07T21:00:00+03:00,2026-06,EBM0626,2237.4982399244223,EPIAS_VEP:EBM0626,True,False,False
2026-06-07T19:00:00+00:00,2026-06-07T22:00:00+03:00,2026-06,EBM0626,2237.4982449275217,EPIAS_VEP:EBM0626,True,False,False
2026-06-07T20:00:00+00:00,2026-06-07T23:00:00+03:00,2026-06,EBM0626,2237.498242524967,EPIAS_VEP:EBM0626,True,False,False
2026-06-07T21:00:00+00:00,2026-06-08T00:00:00+03:00,2026-06,EBM0626,2237.498233716153,EPIAS_VEP:EBM0626,True,False,False
2026-06-07T22:00:00+00:00,2026-06-08T01:00:00+03:00,2026-06,EBM0626,2237.4982194283157,EPIAS_VEP:EBM0626,True,False,False
2026-06-07T23:00:00+00:00,2026-06-08T02:00:00+03:00,2026-06,EBM0626,2237.498200517411,EPIAS_VEP:EBM0626,True,False,False
2026-06-08T00:00:00+00:00,2026-06-08T03:00:00+03:00,2026-06,EBM0626,2237.4981777695443,EPIAS_VEP:EBM0626,True,False,False
2026-06-08T01:00:00+00:00,2026-06-08T04:00:00+03:00,2026-06,EBM0626,2237.498151902861,EPIAS_VEP:EBM0626,True,False,False
2026-06-08T02:00:00+00:00,2026-06-08T05:00:00+03:00,2026-06,EBM0626,2237.498123569821,EPIAS_VEP:EBM0626,True,False,False
2026-06-08T03:00:00+00:00,2026-06-08T06:00:00+03:00,2026-06,EBM0626,2237.4980933597853,EPIAS_VEP:EBM0626,True,False,False
2026-06-08T04:00:00+00:00,2026-06-08T07:00:00+03:00,2026-06,EBM0626,2237.498061801851,EPIAS_VEP:EBM0626,True,False,False
2026-06-08T05:00:00+00:00,2026-06-08T08:00:00+03:00,2026-06,EBM0626,2237.4980293678705,EPIAS_VEP:EBM0626,True,False,False
2026-06-08T06:00:00+00:00,2026-06-08T09:00:00+03:00,2026-06,EBM0626,2237.4979964756085,EPIAS_VEP:EBM0626,True,False,False
2026-06-08T07:00:00+00:00,2026-06-08T10:00:00+03:00,2026-06,EBM0626,2237.4979634919846,EPIAS_VEP:EBM0626,True,False,False
2026-06-08T08:00:00+00:00,2026-06-08T11:00:00+03:00,2026-06,EBM0626,2237.497930736363,EPIAS_VEP:EBM0626,True,False,False
2026-06-08T09:00:00+00:00,2026-06-08T12:00:00+03:00,2026-06,EBM0626,2237.4978984838494,EPIAS_VEP:EBM0626,True,False,False
2026-06-08T10:00:00+00:00,2026-06-08T13:00:00+03:00,2026-06,EBM0626,2237.497866968569,EPIAS_VEP:EBM0626,True,False,False
2026-06-08T11:00:00+00:00,2026-06-08T14:00:00+03:00,2026-06,EBM0626,2237.4978363868895,EPIAS_VEP:EBM0626,True,False,False
2026-06-08T12:00:00+00:00,2026-06-08T15:00:00+03:00,2026-06,EBM0626,2237.4978069005747,EPIAS_VEP:EBM0626,True,False,False
2026-06-08T13:00:00+00:00,2026-06-08T16:00:00+03:00,2026-06,EBM0626,2237.4977786398404,EPIAS_VEP:EBM0626,True,False,False
2026-06-08T14:00:00+00:00,2026-06-08T17:00:00+03:00,2026-06,EBM0626,2237.4977517063057,EPIAS_VEP:EBM0626,True,False,False
2026-06-08T15:00:00+00:00,2026-06-08T18:00:00+03:00,2026-06,EBM0626,2237.4977261758163,EPIAS_VEP:EBM0626,True,False,False
2026-06-08T16:00:00+00:00,2026-06-08T19:00:00+03:00,2026-06,EBM0626,2237.49770210114,EPIAS_VEP:EBM0626,True,False,False
2026-06-08T17:00:00+00:00,2026-06-08T20:00:00+03:00,2026-06,EBM0626,2237.4976795145194,EPIAS_VEP:EBM0626,True,False,False
2026-06-08T18:00:00+00:00,2026-06-08T21:00:00+03:00,2026-06,EBM0626,2237.4976584300784,EPIAS_VEP:EBM0626,True,False,False
2026-06-08T19:00:00+00:00,2026-06-08T22:00:00+03:00,2026-06,EBM0626,2237.4976388460823,EPIAS_VEP:EBM0626,True,False,False
2026-06-08T20:00:00+00:00,2026-06-08T23:00:00+03:00,2026-06,EBM0626,2237.497620747045,EPIAS_VEP:EBM0626,True,False,False
2026-06-08T21:00:00+00:00,2026-06-09T00:00:00+03:00,2026-06,EBM0626,2237.4976041056884,EPIAS_VEP:EBM0626,True,False,False
2026-06-08T22:00:00+00:00,2026-06-09T01:00:00+03:00,2026-06,EBM0626,2237.497588884752,EPIAS_VEP:EBM0626,True,False,False
2026-06-08T23:00:00+00:00,2026-06-09T02:00:00+03:00,2026-06,EBM0626,2237.497575038657,EPIAS_VEP:EBM0626,True,False,False
2026-06-09T00:00:00+00:00,2026-06-09T03:00:00+03:00,2026-06,EBM0626,2237.4975625150273,EPIAS_VEP:EBM0626,True,False,False
2026-06-09T01:00:00+00:00,2026-06-09T04:00:00+03:00,2026-06,EBM0626,2237.497551256076,EPIAS_VEP:EBM0626,True,False,False
2026-06-09T02:00:00+00:00,2026-06-09T05:00:00+03:00,2026-06,EBM0626,2237.4975411998585,EPIAS_VEP:EBM0626,True,False,False
2026-06-09T03:00:00+00:00,2026-06-09T06:00:00+03:00,2026-06,EBM0626,2237.497532281395,EPIAS_VEP:EBM0626,True,False,False
2026-06-09T04:00:00+00:00,2026-06-09T07:00:00+03:00,2026-06,EBM0626,2237.4975244336783,EPIAS_VEP:EBM0626,True,False,False
2026-06-09T05:00:00+00:00,2026-06-09T08:00:00+03:00,2026-06,EBM0626,2237.4975175885634,EPIAS_VEP:EBM0626,True,False,False
2026-06-09T06:00:00+00:00,2026-06-09T09:00:00+03:00,2026-06,EBM0626,2237.497511677555,EPIAS_VEP:EBM0626,True,False,False
2026-06-09T07:00:00+00:00,2026-06-09T10:00:00+03:00,2026-06,EBM0626,2237.49750663249,EPIAS_VEP:EBM0626,True,False,False
2026-06-09T08:00:00+00:00,2026-06-09T11:00:00+03:00,2026-06,EBM0626,2237.497502386131,EPIAS_VEP:EBM0626,True,False,False
2026-06-09T09:00:00+00:00,2026-06-09T12:00:00+03:00,2026-06,EBM0626,2237.4974988726694,EPIAS_VEP:EBM0626,True,False,False
2026-06-09T10:00:00+00:00,2026-06-09T13:00:00+03:00,2026-06,EBM0626,2237.497496028148,EPIAS_VEP:EBM0626,True,False,False
2026-06-09T11:00:00+00:00,2026-06-09T14:00:00+03:00,2026-06,EBM0626,2237.497493790817,EPIAS_VEP:EBM0626,True,False,False
2026-06-09T12:00:00+00:00,2026-06-09T15:00:00+03:00,2026-06,EBM0626,2237.497492101417,EPIAS_VEP:EBM0626,True,False,False
2026-06-09T13:00:00+00:00,2026-06-09T16:00:00+03:00,2026-06,EBM0626,2237.497490903401,EPIAS_VEP:EBM0626,True,False,False
2026-06-09T14:00:00+00:00,2026-06-09T17:00:00+03:00,2026-06,EBM0626,2237.4974901431046,EPIAS_VEP:EBM0626,True,False,False
2026-06-09T15:00:00+00:00,2026-06-09T18:00:00+03:00,2026-06,EBM0626,2237.4974897698658,EPIAS_VEP:EBM0626,True,False,False
2026-06-09T16:00:00+00:00,2026-06-09T19:00:00+03:00,2026-06,EBM0626,2237.4974897360994,EPIAS_VEP:EBM0626,True,False,False
2026-06-09T17:00:00+00:00,2026-06-09T20:00:00+03:00,2026-06,EBM0626,2237.4974899973354,EPIAS_VEP:EBM0626,True,False,False
2026-06-09T18:00:00+00:00,2026-06-09T21:00:00+03:00,2026-06,EBM0626,2237.497490512221,EPIAS_VEP:EBM0626,True,False,False
2026-06-09T19:00:00+00:00,2026-06-09T22:00:00+03:00,2026-06,EBM0626,2237.4974912424955,EPIAS_VEP:EBM0626,True,False,False
2026-06-09T20:00:00+00:00,2026-06-09T23:00:00+03:00,2026-06,EBM0626,2237.4974921529397,EPIAS_VEP:EBM0626,True,False,False
2026-06-09T21:00:00+00:00,2026-06-10T00:00:00+03:00,2026-06,EBM0626,2237.4974932113023,EPIAS_VEP:EBM0626,True,False,False
2026-06-09T22:00:00+00:00,2026-06-10T01:00:00+03:00,2026-06,EBM0626,2237.497494388208,EPIAS_VEP:EBM0626,True,False,False
2026-06-09T23:00:00+00:00,2026-06-10T02:00:00+03:00,2026-06,EBM0626,2237.497495657053,EPIAS_VEP:EBM0626,True,False,False
2026-06-10T00:00:00+00:00,2026-06-10T03:00:00+03:00,2026-06,EBM0626,2237.4974969938858,EPIAS_VEP:EBM0626,True,False,False
2026-06-10T01:00:00+00:00,2026-06-10T04:00:00+03:00,2026-06,EBM0626,2237.4974983772804,EPIAS_VEP:EBM0626,True,False,False
2026-06-10T02:00:00+00:00,2026-06-10T05:00:00+03:00,2026-06,EBM0626,2237.497499788204,EPIAS_VEP:EBM0626,True,False,False
2026-06-10T03:00:00+00:00,2026-06-10T06:00:00+03:00,2026-06,EBM0626,2237.497501209879,EPIAS_VEP:EBM0626,True,False,False
2026-06-10T04:00:00+00:00,2026-06-10T07:00:00+03:00,2026-06,EBM0626,2237.497502627639,EPIAS_VEP:EBM0626,True,False,False
2026-06-10T05:00:00+00:00,2026-06-10T08:00:00+03:00,2026-06,EBM0626,2237.49750402879,EPIAS_VEP:EBM0626,True,False,False
2026-06-10T06:00:00+00:00,2026-06-10T09:00:00+03:00,2026-06,EBM0626,2237.497505402469,EPIAS_VEP:EBM0626,True,False,False
2026-06-10T07:00:00+00:00,2026-06-10T10:00:00+03:00,2026-06,EBM0626,2237.497506739501,EPIAS_VEP:EBM0626,True,False,False
2026-06-10T08:00:00+00:00,2026-06-10T11:00:00+03:00,2026-06,EBM0626,2237.4975080322642,EPIAS_VEP:EBM0626,True,False,False
2026-06-10T09:00:00+00:00,2026-06-10T12:00:00+03:00,2026-06,EBM0626,2237.497509274554,EPIAS_VEP:EBM0626,True,False,False
2026-06-10T10:00:00+00:00,2026-06-10T13:00:00+03:00,2026-06,EBM0626,2237.497510461455,EPIAS_VEP:EBM0626,True,False,False
2026-06-10T11:00:00+00:00,2026-06-10T14:00:00+03:00,2026-06,EBM0626,2237.497511589216,EPIAS_VEP:EBM0626,True,False,False
2026-06-10T12:00:00+00:00,2026-06-10T15:00:00+03:00,2026-06,EBM0626,2237.4975126551312,EPIAS_VEP:EBM0626,True,False,False
2026-06-10T13:00:00+00:00,2026-06-10T16:00:00+03:00,2026-06,EBM0626,2237.497513657428,EPIAS_VEP:EBM0626,True,False,False
2026-06-10T14:00:00+00:00,2026-06-10T17:00:00+03:00,2026-06,EBM0626,2237.4975145951603,EPIAS_VEP:EBM0626,True,False,False
2026-06-10T15:00:00+00:00,2026-06-10T18:00:00+03:00,2026-06,EBM0626,2237.497515468107,EPIAS_VEP:EBM0626,True,False,False
2026-06-10T16:00:00+00:00,2026-06-10T19:00:00+03:00,2026-06,EBM0626,2237.4975162766805,EPIAS_VEP:EBM0626,True,False,False
2026-06-10T17:00:00+00:00,2026-06-10T20:00:00+03:00,2026-06,EBM0626,2237.4975170218363,EPIAS_VEP:EBM0626,True,False,False
2026-06-10T18:00:00+00:00,2026-06-10T21:00:00+03:00,2026-06,EBM0626,2237.497517704996,EPIAS_VEP:EBM0626,True,False,False
2026-06-10T19:00:00+00:00,2026-06-10T22:00:00+03:00,2026-06,EBM0626,2237.4975183279716,EPIAS_VEP:EBM0626,True,False,False
2026-06-10T20:00:00+00:00,2026-06-10T23:00:00+03:00,2026-06,EBM0626,2237.497518892899,EPIAS_VEP:EBM0626,True,False,False
2026-06-10T21:00:00+00:00,2026-06-11T00:00:00+03:00,2026-06,EBM0626,2237.4975194021704,EPIAS_VEP:EBM0626,True,False,False
2026-06-10T22:00:00+00:00,2026-06-11T01:00:00+03:00,2026-06,EBM0626,2237.4975198583825,EPIAS_VEP:EBM0626,True,False,False
2026-06-10T23:00:00+00:00,2026-06-11T02:00:00+03:00,2026-06,EBM0626,2237.4975202642827,EPIAS_VEP:EBM0626,True,False,False
2026-06-11T00:00:00+00:00,2026-06-11T03:00:00+03:00,2026-06,EBM0626,2237.4975206227246,EPIAS_VEP:EBM0626,True,False,False
2026-06-11T01:00:00+00:00,2026-06-11T04:00:00+03:00,2026-06,EBM0626,2237.497520936628,EPIAS_VEP:EBM0626,True,False,False
2026-06-11T02:00:00+00:00,2026-06-11T05:00:00+03:00,2026-06,EBM0626,2237.497521208942,EPIAS_VEP:EBM0626,True,False,False
2026-06-11T03:00:00+00:00,2026-06-11T06:00:00+03:00,2026-06,EBM0626,2237.4975214426154,EPIAS_VEP:EBM0626,True,False,False
2026-06-11T04:00:00+00:00,2026-06-11T07:00:00+03:00,2026-06,EBM0626,2237.4975216405687,EPIAS_VEP:EBM0626,True,False,False
2026-06-11T05:00:00+00:00,2026-06-11T08:00:00+03:00,2026-06,EBM0626,2237.4975218056697,EPIAS_VEP:EBM0626,True,False,False
2026-06-11T06:00:00+00:00,2026-06-11T09:00:00+03:00,2026-06,EBM0626,2237.4975219407133,EPIAS_VEP:EBM0626,True,False,False
2026-06-11T07:00:00+00:00,2026-06-11T10:00:00+03:00,2026-06,EBM0626,2237.4975220484052,EPIAS_VEP:EBM0626,True,False,False
2026-06-11T08:00:00+00:00,2026-06-11T11:00:00+03:00,2026-06,EBM0626,2237.49752213135,EPIAS_VEP:EBM0626,True,False,False
2026-06-11T09:00:00+00:00,2026-06-11T12:00:00+03:00,2026-06,EBM0626,2237.497522192039,EPIAS_VEP:EBM0626,True,False,False
2026-06-11T10:00:00+00:00,2026-06-11T13:00:00+03:00,2026-06,EBM0626,2237.4975222328444,EPIAS_VEP:EBM0626,True,False,False
2026-06-11T11:00:00+00:00,2026-06-11T14:00:00+03:00,2026-06,EBM0626,2237.4975222560097,EPIAS_VEP:EBM0626,True,False,False
2026-06-11T12:00:00+00:00,2026-06-11T15:00:00+03:00,2026-06,EBM0626,2237.4975222636467,EPIAS_VEP:EBM0626,True,False,False
2026-06-11T13:00:00+00:00,2026-06-11T16:00:00+03:00,2026-06,EBM0626,2237.497522257734,EPIAS_VEP:EBM0626,True,False,False
2026-06-11T14:00:00+00:00,2026-06-11T17:00:00+03:00,2026-06,EBM0626,2237.497522240115,EPIAS_VEP:EBM0626,True,False,False
2026-06-11T15:00:00+00:00,2026-06-11T18:00:00+03:00,2026-06,EBM0626,2237.4975222124976,EPIAS_VEP:EBM0626,True,False,False
2026-06-11T16:00:00+00:00,2026-06-11T19:00:00+03:00,2026-06,EBM0626,2237.4975221764585,EPIAS_VEP:EBM0626,True,False,False
2026-06-11T17:00:00+00:00,2026-06-11T20:00:00+03:00,2026-06,EBM0626,2237.497522133445,EPIAS_VEP:EBM0626,True,False,False
2026-06-11T18:00:00+00:00,2026-06-11T21:00:00+03:00,2026-06,EBM0626,2237.4975220847787,EPIAS_VEP:EBM0626,True,False,False
2026-06-11T19:00:00+00:00,2026-06-11T22:00:00+03:00,2026-06,EBM0626,2237.4975220316605,EPIAS_VEP:EBM0626,True,False,False
2026-06-11T20:00:00+00:00,2026-06-11T23:00:00+03:00,2026-06,EBM0626,2237.497521975173,EPIAS_VEP:EBM0626,True,False,False
2026-06-11T21:00:00+00:00,2026-06-12T00:00:00+03:00,2026-06,EBM0626,2237.4975219162893,EPIAS_VEP:EBM0626,True,False,False
2026-06-11T22:00:00+00:00,2026-06-12T01:00:00+03:00,2026-06,EBM0626,2237.497521855875,EPIAS_VEP:EBM0626,True,False,False
2026-06-11T23:00:00+00:00,2026-06-12T02:00:00+03:00,2026-06,EBM0626,2237.4975217946976,EPIAS_VEP:EBM0626,True,False,False
2026-06-12T00:00:00+00:00,2026-06-12T03:00:00+03:00,2026-06,EBM0626,2237.497521733429,EPIAS_VEP:EBM0626,True,False,False
2026-06-12T01:00:00+00:00,2026-06-12T04:00:00+03:00,2026-06,EBM0626,2237.4975216726534,EPIAS_VEP:EBM0626,True,False,False
2026-06-12T02:00:00+00:00,2026-06-12T05:00:00+03:00,2026-06,EBM0626,2237.4975216128746,EPIAS_VEP:EBM0626,True,False,False
2026-06-12T03:00:00+00:00,2026-06-12T06:00:00+03:00,2026-06,EBM0626,2237.4975215545196,EPIAS_VEP:EBM0626,True,False,False
2026-06-12T04:00:00+00:00,2026-06-12T07:00:00+03:00,2026-06,EBM0626,2237.497521497946,EPIAS_VEP:EBM0626,True,False,False
2026-06-12T05:00:00+00:00,2026-06-12T08:00:00+03:00,2026-06,EBM0626,2237.4975214434453,EPIAS_VEP:EBM0626,True,False,False
2026-06-12T06:00:00+00:00,2026-06-12T09:00:00+03:00,2026-06,EBM0626,2237.4975213912526,EPIAS_VEP:EBM0626,True,False,False
2026-06-12T07:00:00+00:00,2026-06-12T10:00:00+03:00,2026-06,EBM0626,2237.497521341551,EPIAS_VEP:EBM0626,True,False,False
2026-06-12T08:00:00+00:00,2026-06-12T11:00:00+03:00,2026-06,EBM0626,2237.4975212944755,EPIAS_VEP:EBM0626,True,False,False
2026-06-12T09:00:00+00:00,2026-06-12T12:00:00+03:00,2026-06,EBM0626,2237.497521250118,EPIAS_VEP:EBM0626,True,False,False
2026-06-12T10:00:00+00:00,2026-06-12T13:00:00+03:00,2026-06,EBM0626,2237.4975212085337,EPIAS_VEP:EBM0626,True,False,False
2026-06-12T11:00:00+00:00,2026-06-12T14:00:00+03:00,2026-06,EBM0626,2237.4975211697447,EPIAS_VEP:EBM0626,True,False,False
2026-06-12T12:00:00+00:00,2026-06-12T15:00:00+03:00,2026-06,EBM0626,2237.4975211337432,EPIAS_VEP:EBM0626,True,False,False
2026-06-12T13:00:00+00:00,2026-06-12T16:00:00+03:00,2026-06,EBM0626,2237.4975211004967,EPIAS_VEP:EBM0626,True,False,False
2026-06-12T14:00:00+00:00,2026-06-12T17:00:00+03:00,2026-06,EBM0626,2237.4975210699504,EPIAS_VEP:EBM0626,True,False,False
2026-06-12T15:00:00+00:00,2026-06-12T18:00:00+03:00,2026-06,EBM0626,2237.4975210420316,EPIAS_VEP:EBM0626,True,False,False
2026-06-12T16:00:00+00:00,2026-06-12T19:00:00+03:00,2026-06,EBM0626,2237.4975210166535,EPIAS_VEP:EBM0626,True,False,False
2026-06-12T17:00:00+00:00,2026-06-12T20:00:00+03:00,2026-06,EBM0626,2237.4975209937174,EPIAS_VEP:EBM0626,True,False,False
2026-06-12T18:00:00+00:00,2026-06-12T21:00:00+03:00,2026-06,EBM0626,2237.4975209731147,EPIAS_VEP:EBM0626,True,False,False
2026-06-12T19:00:00+00:00,2026-06-12T22:00:00+03:00,2026-06,EBM0626,2237.497520954731,EPIAS_VEP:EBM0626,True,False,False
2026-06-12T20:00:00+00:00,2026-06-12T23:00:00+03:00,2026-06,EBM0626,2237.497520938446,EPIAS_VEP:EBM0626,True,False,False
2026-06-12T21:00:00+00:00,2026-06-13T00:00:00+03:00,2026-06,EBM0626,2237.4975209241375,EPIAS_VEP:EBM0626,True,False,False
2026-06-12T22:00:00+00:00,2026-06-13T01:00:00+03:00,2026-06,EBM0626,2237.497520911679,EPIAS_VEP:EBM0626,True,False,False
2026-06-12T23:00:00+00:00,2026-06-13T02:00:00+03:00,2026-06,EBM0626,2237.4975209009444,EPIAS_VEP:EBM0626,True,False,False
2026-06-13T00:00:00+00:00,2026-06-13T03:00:00+03:00,2026-06,EBM0626,2237.4975208918063,EPIAS_VEP:EBM0626,True,False,False
2026-06-13T01:00:00+00:00,2026-06-13T04:00:00+03:00,2026-06,EBM0626,2237.497520884141,EPIAS_VEP:EBM0626,True,False,False
2026-06-13T02:00:00+00:00,2026-06-13T05:00:00+03:00,2026-06,EBM0626,2237.4975208778264,EPIAS_VEP:EBM0626,True,False,False
2026-06-13T03:00:00+00:00,2026-06-13T06:00:00+03:00,2026-06,EBM0626,2237.497520872744,EPIAS_VEP:EBM0626,True,False,False
2026-06-13T04:00:00+00:00,2026-06-13T07:00:00+03:00,2026-06,EBM0626,2237.4975208687783,EPIAS_VEP:EBM0626,True,False,False
2026-06-13T05:00:00+00:00,2026-06-13T08:00:00+03:00,2026-06,EBM0626,2237.4975208658193,EPIAS_VEP:EBM0626,True,False,False
2026-06-13T06:00:00+00:00,2026-06-13T09:00:00+03:00,2026-06,EBM0626,2237.497520863762,EPIAS_VEP:EBM0626,True,False,False
2026-06-13T07:00:00+00:00,2026-06-13T10:00:00+03:00,2026-06,EBM0626,2237.497520862506,EPIAS_VEP:EBM0626,True,False,False
2026-06-13T08:00:00+00:00,2026-06-13T11:00:00+03:00,2026-06,EBM0626,2237.497520861957,EPIAS_VEP:EBM0626,True,False,False
2026-06-13T09:00:00+00:00,2026-06-13T12:00:00+03:00,2026-06,EBM0626,2237.4975208620276,EPIAS_VEP:EBM0626,True,False,False
2026-06-13T10:00:00+00:00,2026-06-13T13:00:00+03:00,2026-06,EBM0626,2237.4975208626342,EPIAS_VEP:EBM0626,True,False,False
2026-06-13T11:00:00+00:00,2026-06-13T14:00:00+03:00,2026-06,EBM0626,2237.4975208636997,EPIAS_VEP:EBM0626,True,False,False
2026-06-13T12:00:00+00:00,2026-06-13T15:00:00+03:00,2026-06,EBM0626,2237.4975208651517,EPIAS_VEP:EBM0626,True,False,False
2026-06-13T13:00:00+00:00,2026-06-13T16:00:00+03:00,2026-06,EBM0626,2237.497520866924,EPIAS_VEP:EBM0626,True,False,False
2026-06-13T14:00:00+00:00,2026-06-13T17:00:00+03:00,2026-06,EBM0626,2237.497520868956,EPIAS_VEP:EBM0626,True,False,False
2026-06-13T15:00:00+00:00,2026-06-13T18:00:00+03:00,2026-06,EBM0626,2237.497520871196,EPIAS_VEP:EBM0626,True,False,False
2026-06-13T16:00:00+00:00,2026-06-13T19:00:00+03:00,2026-06,EBM0626,2237.4975208735955,EPIAS_VEP:EBM0626,True,False,False
2026-06-13T17:00:00+00:00,2026-06-13T20:00:00+03:00,2026-06,EBM0626,2237.497520876113,EPIAS_VEP:EBM0626,True,False,False
2026-06-13T18:00:00+00:00,2026-06-13T21:00:00+03:00,2026-06,EBM0626,2237.49752087871,EPIAS_VEP:EBM0626,True,False,False
2026-06-13T19:00:00+00:00,2026-06-13T22:00:00+03:00,2026-06,EBM0626,2237.4975208813526,EPIAS_VEP:EBM0626,True,False,False
2026-06-13T20:00:00+00:00,2026-06-13T23:00:00+03:00,2026-06,EBM0626,2237.4975208840096,EPIAS_VEP:EBM0626,True,False,False
2026-06-13T21:00:00+00:00,2026-06-14T00:00:00+03:00,2026-06,EBM0626,2237.497520886655,EPIAS_VEP:EBM0626,True,False,False
2026-06-13T22:00:00+00:00,2026-06-14T01:00:00+03:00,2026-06,EBM0626,2237.4975208892647,EPIAS_VEP:EBM0626,True,False,False
2026-06-13T23:00:00+00:00,2026-06-14T02:00:00+03:00,2026-06,EBM0626,2237.49752089182,EPIAS_VEP:EBM0626,True,False,False
2026-06-14T00:00:00+00:00,2026-06-14T03:00:00+03:00,2026-06,EBM0626,2237.497520894305,EPIAS_VEP:EBM0626,True,False,False
2026-06-14T01:00:00+00:00,2026-06-14T04:00:00+03:00,2026-06,EBM0626,2237.497520896706,EPIAS_VEP:EBM0626,True,False,False
2026-06-14T02:00:00+00:00,2026-06-14T05:00:00+03:00,2026-06,EBM0626,2237.4975208990104,EPIAS_VEP:EBM0626,True,False,False
2026-06-14T03:00:00+00:00,2026-06-14T06:00:00+03:00,2026-06,EBM0626,2237.4975209012073,EPIAS_VEP:EBM0626,True,False,False
2026-06-14T04:00:00+00:00,2026-06-14T07:00:00+03:00,2026-06,EBM0626,2237.4975209032896,EPIAS_VEP:EBM0626,True,False,False
2026-06-14T05:00:00+00:00,2026-06-14T08:00:00+03:00,2026-06,EBM0626,2237.497520905253,EPIAS_VEP:EBM0626,True,False,False
2026-06-14T06:00:00+00:00,2026-06-14T09:00:00+03:00,2026-06,EBM0626,2237.497520907096,EPIAS_VEP:EBM0626,True,False,False
2026-06-14T07:00:00+00:00,2026-06-14T10:00:00+03:00,2026-06,EBM0626,2237.4975209088166,EPIAS_VEP:EBM0626,True,False,False
2026-06-14T08:00:00+00:00,2026-06-14T11:00:00+03:00,2026-06,EBM0626,2237.4975209104155,EPIAS_VEP:EBM0626,True,False,False
2026-06-14T09:00:00+00:00,2026-06-14T12:00:00+03:00,2026-06,EBM0626,2237.4975209118948,EPIAS_VEP:EBM0626,True,False,False
2026-06-14T10:00:00+00:00,2026-06-14T13:00:00+03:00,2026-06,EBM0626,2237.4975209132585,EPIAS_VEP:EBM0626,True,False,False
2026-06-14T11:00:00+00:00,2026-06-14T14:00:00+03:00,2026-06,EBM0626,2237.4975209145105,EPIAS_VEP:EBM0626,True,False,False
2026-06-14T12:00:00+00:00,2026-06-14T15:00:00+03:00,2026-06,EBM0626,2237.4975209156546,EPIAS_VEP:EBM0626,True,False,False
2026-06-14T13:00:00+00:00,2026-06-14T16:00:00+03:00,2026-06,EBM0626,2237.497520916696,EPIAS_VEP:EBM0626,True,False,False
2026-06-14T14:00:00+00:00,2026-06-14T17:00:00+03:00,2026-06,EBM0626,2237.4975209176396,EPIAS_VEP:EBM0626,True,False,False
2026-06-14T15:00:00+00:00,2026-06-14T18:00:00+03:00,2026-06,EBM0626,2237.4975209184895,EPIAS_VEP:EBM0626,True,False,False
2026-06-14T16:00:00+00:00,2026-06-14T19:00:00+03:00,2026-06,EBM0626,2237.497520919251,EPIAS_VEP:EBM0626,True,False,False
2026-06-14T17:00:00+00:00,2026-06-14T20:00:00+03:00,2026-06,EBM0626,2237.4975209199297,EPIAS_VEP:EBM0626,True,False,False
2026-06-14T18:00:00+00:00,2026-06-14T21:00:00+03:00,2026-06,EBM0626,2237.49752092053,EPIAS_VEP:EBM0626,True,False,False
2026-06-14T19:00:00+00:00,2026-06-14T22:00:00+03:00,2026-06,EBM0626,2237.497520921057,EPIAS_VEP:EBM0626,True,False,False
2026-06-14T20:00:00+00:00,2026-06-14T23:00:00+03:00,2026-06,EBM0626,2237.4975209215163,EPIAS_VEP:EBM0626,True,False,False
2026-06-14T21:00:00+00:00,2026-06-15T00:00:00+03:00,2026-06,EBM0626,2237.497520921913,EPIAS_VEP:EBM0626,True,False,False
2026-06-14T22:00:00+00:00,2026-06-15T01:00:00+03:00,2026-06,EBM0626,2237.4975209222525,EPIAS_VEP:EBM0626,True,False,False
2026-06-14T23:00:00+00:00,2026-06-15T02:00:00+03:00,2026-06,EBM0626,2237.4975209225413,EPIAS_VEP:EBM0626,True,False,False
2026-06-15T00:00:00+00:00,2026-06-15T03:00:00+03:00,2026-06,EBM0626,2237.4975209227864,EPIAS_VEP:EBM0626,True,False,False
2026-06-15T01:00:00+00:00,2026-06-15T04:00:00+03:00,2026-06,EBM0626,2237.497520922996,EPIAS_VEP:EBM0626,True,False,False
2026-06-15T02:00:00+00:00,2026-06-15T05:00:00+03:00,2026-06,EBM0626,2237.497520923177,EPIAS_VEP:EBM0626,True,False,False
2026-06-15T03:00:00+00:00,2026-06-15T06:00:00+03:00,2026-06,EBM0626,2237.497520923337,EPIAS_VEP:EBM0626,True,False,False
2026-06-15T04:00:00+00:00,2026-06-15T07:00:00+03:00,2026-06,EBM0626,2237.497520923482,EPIAS_VEP:EBM0626,True,False,False
2026-06-15T05:00:00+00:00,2026-06-15T08:00:00+03:00,2026-06,EBM0626,2237.497520923617,EPIAS_VEP:EBM0626,True,False,False
2026-06-15T06:00:00+00:00,2026-06-15T09:00:00+03:00,2026-06,EBM0626,2237.4975209237464,EPIAS_VEP:EBM0626,True,False,False
2026-06-15T07:00:00+00:00,2026-06-15T10:00:00+03:00,2026-06,EBM0626,2237.497520923875,EPIAS_VEP:EBM0626,True,False,False
2026-06-15T08:00:00+00:00,2026-06-15T11:00:00+03:00,2026-06,EBM0626,2237.4975209240065,EPIAS_VEP:EBM0626,True,False,False
2026-06-15T09:00:00+00:00,2026-06-15T12:00:00+03:00,2026-06,EBM0626,2237.497520924144,EPIAS_VEP:EBM0626,True,False,False
2026-06-15T10:00:00+00:00,2026-06-15T13:00:00+03:00,2026-06,EBM0626,2237.49752092429,EPIAS_VEP:EBM0626,True,False,False
2026-06-15T11:00:00+00:00,2026-06-15T14:00:00+03:00,2026-06,EBM0626,2237.497520924447,EPIAS_VEP:EBM0626,True,False,False
2026-06-15T12:00:00+00:00,2026-06-15T15:00:00+03:00,2026-06,EBM0626,2237.4975209246186,EPIAS_VEP:EBM0626,True,False,False
2026-06-15T13:00:00+00:00,2026-06-15T16:00:00+03:00,2026-06,EBM0626,2237.4975209248064,EPIAS_VEP:EBM0626,True,False,False
2026-06-15T14:00:00+00:00,2026-06-15T17:00:00+03:00,2026-06,EBM0626,2237.4975209250133,EPIAS_VEP:EBM0626,True,False,False
2026-06-15T15:00:00+00:00,2026-06-15T18:00:00+03:00,2026-06,EBM0626,2237.497520925241,EPIAS_VEP:EBM0626,True,False,False
2026-06-15T16:00:00+00:00,2026-06-15T19:00:00+03:00,2026-06,EBM0626,2237.4975209254926,EPIAS_VEP:EBM0626,True,False,False
2026-06-15T17:00:00+00:00,2026-06-15T20:00:00+03:00,2026-06,EBM0626,2237.4975209257686,EPIAS_VEP:EBM0626,True,False,False
2026-06-15T18:00:00+00:00,2026-06-15T21:00:00+03:00,2026-06,EBM0626,2237.49752092607,EPIAS_VEP:EBM0626,True,False,False
2026-06-15T19:00:00+00:00,2026-06-15T22:00:00+03:00,2026-06,EBM0626,2237.4975209263976,EPIAS_VEP:EBM0626,True,False,False
2026-06-15T20:00:00+00:00,2026-06-15T23:00:00+03:00,2026-06,EBM0626,2237.4975209267513,EPIAS_VEP:EBM0626,True,False,False
2026-06-15T21:00:00+00:00,2026-06-16T00:00:00+03:00,2026-06,EBM0626,2237.4975209271315,EPIAS_VEP:EBM0626,True,False,False
2026-06-15T22:00:00+00:00,2026-06-16T01:00:00+03:00,2026-06,EBM0626,2237.4975209275367,EPIAS_VEP:EBM0626,True,False,False
2026-06-15T23:00:00+00:00,2026-06-16T02:00:00+03:00,2026-06,EBM0626,2237.4975209279633,EPIAS_VEP:EBM0626,True,False,False
2026-06-16T00:00:00+00:00,2026-06-16T03:00:00+03:00,2026-06,EBM0626,2237.497520928409,EPIAS_VEP:EBM0626,True,False,False
2026-06-16T01:00:00+00:00,2026-06-16T04:00:00+03:00,2026-06,EBM0626,2237.49752092887,EPIAS_VEP:EBM0626,True,False,False
2026-06-16T02:00:00+00:00,2026-06-16T05:00:00+03:00,2026-06,EBM0626,2237.497520929341,EPIAS_VEP:EBM0626,True,False,False
2026-06-16T03:00:00+00:00,2026-06-16T06:00:00+03:00,2026-06,EBM0626,2237.497520929815,EPIAS_VEP:EBM0626,True,False,False
2026-06-16T04:00:00+00:00,2026-06-16T07:00:00+03:00,2026-06,EBM0626,2237.497520930284,EPIAS_VEP:EBM0626,True,False,False
2026-06-16T05:00:00+00:00,2026-06-16T08:00:00+03:00,2026-06,EBM0626,2237.4975209307395,EPIAS_VEP:EBM0626,True,False,False
2026-06-16T06:00:00+00:00,2026-06-16T09:00:00+03:00,2026-06,EBM0626,2237.4975209311738,EPIAS_VEP:EBM0626,True,False,False
2026-06-16T07:00:00+00:00,2026-06-16T10:00:00+03:00,2026-06,EBM0626,2237.497520931577,EPIAS_VEP:EBM0626,True,False,False
2026-06-16T08:00:00+00:00,2026-06-16T11:00:00+03:00,2026-06,EBM0626,2237.4975209319377,EPIAS_VEP:EBM0626,True,False,False
2026-06-16T09:00:00+00:00,2026-06-16T12:00:00+03:00,2026-06,EBM0626,2237.497520932243,EPIAS_VEP:EBM0626,True,False,False
2026-06-16T10:00:00+00:00,2026-06-16T13:00:00+03:00,2026-06,EBM0626,2237.497520932477,EPIAS_VEP:EBM0626,True,False,False
2026-06-16T11:00:00+00:00,2026-06-16T14:00:00+03:00,2026-06,EBM0626,2237.497520932625,EPIAS_VEP:EBM0626,True,False,False
2026-06-16T12:00:00+00:00,2026-06-16T15:00:00+03:00,2026-06,EBM0626,2237.4975209326694,EPIAS_VEP:EBM0626,True,False,False
2026-06-16T13:00:00+00:00,2026-06-16T16:00:00+03:00,2026-06,EBM0626,2237.497520932592,EPIAS_VEP:EBM0626,True,False,False
2026-06-16T14:00:00+00:00,2026-06-16T17:00:00+03:00,2026-06,EBM0626,2237.4975209323734,EPIAS_VEP:EBM0626,True,False,False
2026-06-16T15:00:00+00:00,2026-06-16T18:00:00+03:00,2026-06,EBM0626,2237.497520931993,EPIAS_VEP:EBM0626,True,False,False
2026-06-16T16:00:00+00:00,2026-06-16T19:00:00+03:00,2026-06,EBM0626,2237.497520931431,EPIAS_VEP:EBM0626,True,False,False
2026-06-16T17:00:00+00:00,2026-06-16T20:00:00+03:00,2026-06,EBM0626,2237.4975209306654,EPIAS_VEP:EBM0626,True,False,False
2026-06-16T18:00:00+00:00,2026-06-16T21:00:00+03:00,2026-06,EBM0626,2237.497520929672,EPIAS_VEP:EBM0626,True,False,False
2026-06-16T19:00:00+00:00,2026-06-16T22:00:00+03:00,2026-06,EBM0626,2237.497520928427,EPIAS_VEP:EBM0626,True,False,False
2026-06-16T20:00:00+00:00,2026-06-16T23:00:00+03:00,2026-06,EBM0626,2237.4975209269046,EPIAS_VEP:EBM0626,True,False,False
2026-06-16T21:00:00+00:00,2026-06-17T00:00:00+03:00,2026-06,EBM0626,2237.497520925078,EPIAS_VEP:EBM0626,True,False,False
2026-06-16T22:00:00+00:00,2026-06-17T01:00:00+03:00,2026-06,EBM0626,2237.49752092292,EPIAS_VEP:EBM0626,True,False,False
2026-06-16T23:00:00+00:00,2026-06-17T02:00:00+03:00,2026-06,EBM0626,2237.4975209204053,EPIAS_VEP:EBM0626,True,False,False
2026-06-17T00:00:00+00:00,2026-06-17T03:00:00+03:00,2026-06,EBM0626,2237.4975209175072,EPIAS_VEP:EBM0626,True,False,False
2026-06-17T01:00:00+00:00,2026-06-17T04:00:00+03:00,2026-06,EBM0626,2237.4975209141994,EPIAS_VEP:EBM0626,True,False,False
2026-06-17T02:00:00+00:00,2026-06-17T05:00:00+03:00,2026-06,EBM0626,2237.4975209104555,EPIAS_VEP:EBM0626,True,False,False
2026-06-17T03:00:00+00:00,2026-06-17T06:00:00+03:00,2026-06,EBM0626,2237.4975209062495,EPIAS_VEP:EBM0626,True,False,False
2026-06-17T04:00:00+00:00,2026-06-17T07:00:00+03:00,2026-06,EBM0626,2237.4975209015583,EPIAS_VEP:EBM0626,True,False,False
2026-06-17T05:00:00+00:00,2026-06-17T08:00:00+03:00,2026-06,EBM0626,2237.4975208963583,EPIAS_VEP:EBM0626,True,False,False
2026-06-17T06:00:00+00:00,2026-06-17T09:00:00+03:00,2026-06,EBM0626,2237.4975208906285,EPIAS_VEP:EBM0626,True,False,False
2026-06-17T07:00:00+00:00,2026-06-17T10:00:00+03:00,2026-06,EBM0626,2237.4975208843516,EPIAS_VEP:EBM0626,True,False,False
2026-06-17T08:00:00+00:00,2026-06-17T11:00:00+03:00,2026-06,EBM0626,2237.497520877513,EPIAS_VEP:EBM0626,True,False,False
2026-06-17T09:00:00+00:00,2026-06-17T12:00:00+03:00,2026-06,EBM0626,2237.497520870102,EPIAS_VEP:EBM0626,True,False,False
2026-06-17T10:00:00+00:00,2026-06-17T13:00:00+03:00,2026-06,EBM0626,2237.497520862111,EPIAS_VEP:EBM0626,True,False,False
2026-06-17T11:00:00+00:00,2026-06-17T14:00:00+03:00,2026-06,EBM0626,2237.4975208535366,EPIAS_VEP:EBM0626,True,False,False
2026-06-17T12:00:00+00:00,2026-06-17T15:00:00+03:00,2026-06,EBM0626,2237.497520844382,EPIAS_VEP:EBM0626,True,False,False
2026-06-17T13:00:00+00:00,2026-06-17T16:00:00+03:00,2026-06,EBM0626,2237.4975208346573,EPIAS_VEP:EBM0626,True,False,False
2026-06-17T14:00:00+00:00,2026-06-17T17:00:00+03:00,2026-06,EBM0626,2237.49752082438,EPIAS_VEP:EBM0626,True,False,False
2026-06-17T15:00:00+00:00,2026-06-17T18:00:00+03:00,2026-06,EBM0626,2237.497520813577,EPIAS_VEP:EBM0626,True,False,False
2026-06-17T16:00:00+00:00,2026-06-17T19:00:00+03:00,2026-06,EBM0626,2237.497520802283,EPIAS_VEP:EBM0626,True,False,False
2026-06-17T17:00:00+00:00,2026-06-17T20:00:00+03:00,2026-06,EBM0626,2237.497520790541,EPIAS_VEP:EBM0626,True,False,False
2026-06-17T18:00:00+00:00,2026-06-17T21:00:00+03:00,2026-06,EBM0626,2237.497520778405,EPIAS_VEP:EBM0626,True,False,False
2026-06-17T19:00:00+00:00,2026-06-17T22:00:00+03:00,2026-06,EBM0626,2237.4975207659427,EPIAS_VEP:EBM0626,True,False,False
2026-06-17T20:00:00+00:00,2026-06-17T23:00:00+03:00,2026-06,EBM0626,2237.4975207532343,EPIAS_VEP:EBM0626,True,False,False
2026-06-17T21:00:00+00:00,2026-06-18T00:00:00+03:00,2026-06,EBM0626,2237.4975207403754,EPIAS_VEP:EBM0626,True,False,False
2026-06-17T22:00:00+00:00,2026-06-18T01:00:00+03:00,2026-06,EBM0626,2237.497520727479,EPIAS_VEP:EBM0626,True,False,False
2026-06-17T23:00:00+00:00,2026-06-18T02:00:00+03:00,2026-06,EBM0626,2237.497520714675,EPIAS_VEP:EBM0626,True,False,False
2026-06-18T00:00:00+00:00,2026-06-18T03:00:00+03:00,2026-06,EBM0626,2237.4975207021125,EPIAS_VEP:EBM0626,True,False,False
2026-06-18T01:00:00+00:00,2026-06-18T04:00:00+03:00,2026-06,EBM0626,2237.497520689961,EPIAS_VEP:EBM0626,True,False,False
2026-06-18T02:00:00+00:00,2026-06-18T05:00:00+03:00,2026-06,EBM0626,2237.497520678413,EPIAS_VEP:EBM0626,True,False,False
2026-06-18T03:00:00+00:00,2026-06-18T06:00:00+03:00,2026-06,EBM0626,2237.497520667682,EPIAS_VEP:EBM0626,True,False,False
2026-06-18T04:00:00+00:00,2026-06-18T07:00:00+03:00,2026-06,EBM0626,2237.4975206580066,EPIAS_VEP:EBM0626,True,False,False
2026-06-18T05:00:00+00:00,2026-06-18T08:00:00+03:00,2026-06,EBM0626,2237.497520649651,EPIAS_VEP:EBM0626,True,False,False
2026-06-18T06:00:00+00:00,2026-06-18T09:00:00+03:00,2026-06,EBM0626,2237.497520642905,EPIAS_VEP:EBM0626,True,False,False
2026-06-18T07:00:00+00:00,2026-06-18T10:00:00+03:00,2026-06,EBM0626,2237.497520638085,EPIAS_VEP:EBM0626,True,False,False
2026-06-18T08:00:00+00:00,2026-06-18T11:00:00+03:00,2026-06,EBM0626,2237.497520635536,EPIAS_VEP:EBM0626,True,False,False
2026-06-18T09:00:00+00:00,2026-06-18T12:00:00+03:00,2026-06,EBM0626,2237.497520635631,EPIAS_VEP:EBM0626,True,False,False
2026-06-18T10:00:00+00:00,2026-06-18T13:00:00+03:00,2026-06,EBM0626,2237.4975206387726,EPIAS_VEP:EBM0626,True,False,False
2026-06-18T11:00:00+00:00,2026-06-18T14:00:00+03:00,2026-06,EBM0626,2237.497520645391,EPIAS_VEP:EBM0626,True,False,False
2026-06-18T12:00:00+00:00,2026-06-18T15:00:00+03:00,2026-06,EBM0626,2237.497520655945,EPIAS_VEP:EBM0626,True,False,False
2026-06-18T13:00:00+00:00,2026-06-18T16:00:00+03:00,2026-06,EBM0626,2237.497520670922,EPIAS_VEP:EBM0626,True,False,False
2026-06-18T14:00:00+00:00,2026-06-18T17:00:00+03:00,2026-06,EBM0626,2237.4975206908325,EPIAS_VEP:EBM0626,True,False,False
2026-06-18T15:00:00+00:00,2026-06-18T18:00:00+03:00,2026-06,EBM0626,2237.497520716216,EPIAS_VEP:EBM0626,True,False,False
2026-06-18T16:00:00+00:00,2026-06-18T19:00:00+03:00,2026-06,EBM0626,2237.497520747635,EPIAS_VEP:EBM0626,True,False,False
2026-06-18T17:00:00+00:00,2026-06-18T20:00:00+03:00,2026-06,EBM0626,2237.497520785673,EPIAS_VEP:EBM0626,True,False,False
2026-06-18T18:00:00+00:00,2026-06-18T21:00:00+03:00,2026-06,EBM0626,2237.49752083093,EPIAS_VEP:EBM0626,True,False,False
2026-06-18T19:00:00+00:00,2026-06-18T22:00:00+03:00,2026-06,EBM0626,2237.4975208840197,EPIAS_VEP:EBM0626,True,False,False
2026-06-18T20:00:00+00:00,2026-06-18T23:00:00+03:00,2026-06,EBM0626,2237.4975209455642,EPIAS_VEP:EBM0626,True,False,False
2026-06-18T21:00:00+00:00,2026-06-19T00:00:00+03:00,2026-06,EBM0626,2237.4975210161897,EPIAS_VEP:EBM0626,True,False,False
2026-06-18T22:00:00+00:00,2026-06-19T01:00:00+03:00,2026-06,EBM0626,2237.497521096519,EPIAS_VEP:EBM0626,True,False,False
2026-06-18T23:00:00+00:00,2026-06-19T02:00:00+03:00,2026-06,EBM0626,2237.497521187165,EPIAS_VEP:EBM0626,True,False,False
2026-06-19T00:00:00+00:00,2026-06-19T03:00:00+03:00,2026-06,EBM0626,2237.4975212887234,EPIAS_VEP:EBM0626,True,False,False
2026-06-19T01:00:00+00:00,2026-06-19T04:00:00+03:00,2026-06,EBM0626,2237.4975214017636,EPIAS_VEP:EBM0626,True,False,False
2026-06-19T02:00:00+00:00,2026-06-19T05:00:00+03:00,2026-06,EBM0626,2237.4975215268187,EPIAS_VEP:EBM0626,True,False,False
2026-06-19T03:00:00+00:00,2026-06-19T06:00:00+03:00,2026-06,EBM0626,2237.4975216643734,EPIAS_VEP:EBM0626,True,False,False
2026-06-19T04:00:00+00:00,2026-06-19T07:00:00+03:00,2026-06,EBM0626,2237.497521814851,EPIAS_VEP:EBM0626,True,False,False
2026-06-19T05:00:00+00:00,2026-06-19T08:00:00+03:00,2026-06,EBM0626,2237.497521978602,EPIAS_VEP:EBM0626,True,False,False
2026-06-19T06:00:00+00:00,2026-06-19T09:00:00+03:00,2026-06,EBM0626,2237.4975221558866,EPIAS_VEP:EBM0626,True,False,False
2026-06-19T07:00:00+00:00,2026-06-19T10:00:00+03:00,2026-06,EBM0626,2237.497522346858,EPIAS_VEP:EBM0626,True,False,False
2026-06-19T08:00:00+00:00,2026-06-19T11:00:00+03:00,2026-06,EBM0626,2237.497522551546,EPIAS_VEP:EBM0626,True,False,False
2026-06-19T09:00:00+00:00,2026-06-19T12:00:00+03:00,2026-06,EBM0626,2237.4975227698374,EPIAS_VEP:EBM0626,True,False,False
2026-06-19T10:00:00+00:00,2026-06-19T13:00:00+03:00,2026-06,EBM0626,2237.497523001457,EPIAS_VEP:EBM0626,True,False,False
2026-06-19T11:00:00+00:00,2026-06-19T14:00:00+03:00,2026-06,EBM0626,2237.497523245944,EPIAS_VEP:EBM0626,True,False,False
2026-06-19T12:00:00+00:00,2026-06-19T15:00:00+03:00,2026-06,EBM0626,2237.49752350263,EPIAS_VEP:EBM0626,True,False,False
2026-06-19T13:00:00+00:00,2026-06-19T16:00:00+03:00,2026-06,EBM0626,2237.497523770613,EPIAS_VEP:EBM0626,True,False,False
2026-06-19T14:00:00+00:00,2026-06-19T17:00:00+03:00,2026-06,EBM0626,2237.4975240487333,EPIAS_VEP:EBM0626,True,False,False
2026-06-19T15:00:00+00:00,2026-06-19T18:00:00+03:00,2026-06,EBM0626,2237.4975243355457,EPIAS_VEP:EBM0626,True,False,False
2026-06-19T16:00:00+00:00,2026-06-19T19:00:00+03:00,2026-06,EBM0626,2237.4975246292934,EPIAS_VEP:EBM0626,True,False,False
2026-06-19T17:00:00+00:00,2026-06-19T20:00:00+03:00,2026-06,EBM0626,2237.4975249278773,EPIAS_VEP:EBM0626,True,False,False
2026-06-19T18:00:00+00:00,2026-06-19T21:00:00+03:00,2026-06,EBM0626,2237.4975252288277,EPIAS_VEP:EBM0626,True,False,False
2026-06-19T19:00:00+00:00,2026-06-19T22:00:00+03:00,2026-06,EBM0626,2237.4975255292743,EPIAS_VEP:EBM0626,True,False,False
2026-06-19T20:00:00+00:00,2026-06-19T23:00:00+03:00,2026-06,EBM0626,2237.4975258259155,EPIAS_VEP:EBM0626,True,False,False
2026-06-19T21:00:00+00:00,2026-06-20T00:00:00+03:00,2026-06,EBM0626,2237.4975261149893,EPIAS_VEP:EBM0626,True,False,False
2026-06-19T22:00:00+00:00,2026-06-20T01:00:00+03:00,2026-06,EBM0626,2237.4975263922424,EPIAS_VEP:EBM0626,True,False,False
2026-06-19T23:00:00+00:00,2026-06-20T02:00:00+03:00,2026-06,EBM0626,2237.497526652902,EPIAS_VEP:EBM0626,True,False,False
2026-06-20T00:00:00+00:00,2026-06-20T03:00:00+03:00,2026-06,EBM0626,2237.4975268916455,EPIAS_VEP:EBM0626,True,False,False
2026-06-20T01:00:00+00:00,2026-06-20T04:00:00+03:00,2026-06,EBM0626,2237.497527102579,EPIAS_VEP:EBM0626,True,False,False
2026-06-20T02:00:00+00:00,2026-06-20T05:00:00+03:00,2026-06,EBM0626,2237.4975272792117,EPIAS_VEP:EBM0626,True,False,False
2026-06-20T03:00:00+00:00,2026-06-20T06:00:00+03:00,2026-06,EBM0626,2237.497527414434,EPIAS_VEP:EBM0626,True,False,False
2026-06-20T04:00:00+00:00,2026-06-20T07:00:00+03:00,2026-06,EBM0626,2237.497527500502,EPIAS_VEP:EBM0626,True,False,False
2026-06-20T05:00:00+00:00,2026-06-20T08:00:00+03:00,2026-06,EBM0626,2237.4975275290217,EPIAS_VEP:EBM0626,True,False,False
2026-06-20T06:00:00+00:00,2026-06-20T09:00:00+03:00,2026-06,EBM0626,2237.4975274909393,EPIAS_VEP:EBM0626,True,False,False
2026-06-20T07:00:00+00:00,2026-06-20T10:00:00+03:00,2026-06,EBM0626,2237.49752737654,EPIAS_VEP:EBM0626,True,False,False
2026-06-20T08:00:00+00:00,2026-06-20T11:00:00+03:00,2026-06,EBM0626,2237.497527175452,EPIAS_VEP:EBM0626,True,False,False
2026-06-20T09:00:00+00:00,2026-06-20T12:00:00+03:00,2026-06,EBM0626,2237.4975268766575,EPIAS_VEP:EBM0626,True,False,False
2026-06-20T10:00:00+00:00,2026-06-20T13:00:00+03:00,2026-06,EBM0626,2237.497526468513,EPIAS_VEP:EBM0626,True,False,False
2026-06-20T11:00:00+00:00,2026-06-20T14:00:00+03:00,2026-06,EBM0626,2237.497525938779,EPIAS_VEP:EBM0626,True,False,False
2026-06-20T12:00:00+00:00,2026-06-20T15:00:00+03:00,2026-06,EBM0626,2237.4975252746613,EPIAS_VEP:EBM0626,True,False,False
2026-06-20T13:00:00+00:00,2026-06-20T16:00:00+03:00,2026-06,EBM0626,2237.4975244628645,EPIAS_VEP:EBM0626,True,False,False
2026-06-20T14:00:00+00:00,2026-06-20T17:00:00+03:00,2026-06,EBM0626,2237.4975234896574,EPIAS_VEP:EBM0626,True,False,False
2026-06-20T15:00:00+00:00,2026-06-20T18:00:00+03:00,2026-06,EBM0626,2237.4975223409547,EPIAS_VEP:EBM0626,True,False,False
2026-06-20T16:00:00+00:00,2026-06-20T19:00:00+03:00,2026-06,EBM0626,2237.497521002414,EPIAS_VEP:EBM0626,True,False,False
2026-06-20T17:00:00+00:00,2026-06-20T20:00:00+03:00,2026-06,EBM0626,2237.4975194595527,EPIAS_VEP:EBM0626,True,False,False
2026-06-20T18:00:00+00:00,2026-06-20T21:00:00+03:00,2026-06,EBM0626,2237.497517697879,EPIAS_VEP:EBM0626,True,False,False
2026-06-20T19:00:00+00:00,2026-06-20T22:00:00+03:00,2026-06,EBM0626,2237.497515703048,EPIAS_VEP:EBM0626,True,False,False
2026-06-20T20:00:00+00:00,2026-06-20T23:00:00+03:00,2026-06,EBM0626,2237.497513461036,EPIAS_VEP:EBM0626,True,False,False
2026-06-20T21:00:00+00:00,2026-06-21T00:00:00+03:00,2026-06,EBM0626,2237.497510958341,EPIAS_VEP:EBM0626,True,False,False
2026-06-20T22:00:00+00:00,2026-06-21T01:00:00+03:00,2026-06,EBM0626,2237.4975081822085,EPIAS_VEP:EBM0626,True,False,False
2026-06-20T23:00:00+00:00,2026-06-21T02:00:00+03:00,2026-06,EBM0626,2237.4975051208785,EPIAS_VEP:EBM0626,True,False,False
2026-06-21T00:00:00+00:00,2026-06-21T03:00:00+03:00,2026-06,EBM0626,2237.4975017638653,EPIAS_VEP:EBM0626,True,False,False
2026-06-21T01:00:00+00:00,2026-06-21T04:00:00+03:00,2026-06,EBM0626,2237.497498102264,EPIAS_VEP:EBM0626,True,False,False
2026-06-21T02:00:00+00:00,2026-06-21T05:00:00+03:00,2026-06,EBM0626,2237.497494129085,EPIAS_VEP:EBM0626,True,False,False
2026-06-21T03:00:00+00:00,2026-06-21T06:00:00+03:00,2026-06,EBM0626,2237.4974898396204,EPIAS_VEP:EBM0626,True,False,False
2026-06-21T04:00:00+00:00,2026-06-21T07:00:00+03:00,2026-06,EBM0626,2237.4974852318396,EPIAS_VEP:EBM0626,True,False,False
2026-06-21T05:00:00+00:00,2026-06-21T08:00:00+03:00,2026-06,EBM0626,2237.497480306822,EPIAS_VEP:EBM0626,True,False,False
2026-06-21T06:00:00+00:00,2026-06-21T09:00:00+03:00,2026-06,EBM0626,2237.4974750692163,EPIAS_VEP:EBM0626,True,False,False
2026-06-21T07:00:00+00:00,2026-06-21T10:00:00+03:00,2026-06,EBM0626,2237.497469527732,EPIAS_VEP:EBM0626,True,False,False
2026-06-21T08:00:00+00:00,2026-06-21T11:00:00+03:00,2026-06,EBM0626,2237.497463695665,EPIAS_VEP:EBM0626,True,False,False
2026-06-21T09:00:00+00:00,2026-06-21T12:00:00+03:00,2026-06,EBM0626,2237.4974575914484,EPIAS_VEP:EBM0626,True,False,False
2026-06-21T10:00:00+00:00,2026-06-21T13:00:00+03:00,2026-06,EBM0626,2237.497451239239,EPIAS_VEP:EBM0626,True,False,False
2026-06-21T11:00:00+00:00,2026-06-21T14:00:00+03:00,2026-06,EBM0626,2237.497444669526,EPIAS_VEP:EBM0626,True,False,False
2026-06-21T12:00:00+00:00,2026-06-21T15:00:00+03:00,2026-06,EBM0626,2237.4974379197647,EPIAS_VEP:EBM0626,True,False,False
2026-06-21T13:00:00+00:00,2026-06-21T16:00:00+03:00,2026-06,EBM0626,2237.497431035036,EPIAS_VEP:EBM0626,True,False,False
2026-06-21T14:00:00+00:00,2026-06-21T17:00:00+03:00,2026-06,EBM0626,2237.49742406872,EPIAS_VEP:EBM0626,True,False,False
2026-06-21T15:00:00+00:00,2026-06-21T18:00:00+03:00,2026-06,EBM0626,2237.497417083188,EPIAS_VEP:EBM0626,True,False,False
2026-06-21T16:00:00+00:00,2026-06-21T19:00:00+03:00,2026-06,EBM0626,2237.497410150494,EPIAS_VEP:EBM0626,True,False,False
2026-06-21T17:00:00+00:00,2026-06-21T20:00:00+03:00,2026-06,EBM0626,2237.497403353077,EPIAS_VEP:EBM0626,True,False,False
2026-06-21T18:00:00+00:00,2026-06-21T21:00:00+03:00,2026-06,EBM0626,2237.4973967844517,EPIAS_VEP:EBM0626,True,False,False
2026-06-21T19:00:00+00:00,2026-06-21T22:00:00+03:00,2026-06,EBM0626,2237.4973905498873,EPIAS_VEP:EBM0626,True,False,False
2026-06-21T20:00:00+00:00,2026-06-21T23:00:00+03:00,2026-06,EBM0626,2237.4973847670663,EPIAS_VEP:EBM0626,True,False,False
2026-06-21T21:00:00+00:00,2026-06-22T00:00:00+03:00,2026-06,EBM0626,2237.497379566709,EPIAS_VEP:EBM0626,True,False,False
2026-06-21T22:00:00+00:00,2026-06-22T01:00:00+03:00,2026-06,EBM0626,2237.49737509315,EPIAS_VEP:EBM0626,True,False,False
2026-06-21T23:00:00+00:00,2026-06-22T02:00:00+03:00,2026-06,EBM0626,2237.4973715048586,EPIAS_VEP:EBM0626,True,False,False
2026-06-22T00:00:00+00:00,2026-06-22T03:00:00+03:00,2026-06,EBM0626,2237.4973689748867,EPIAS_VEP:EBM0626,True,False,False
2026-06-22T01:00:00+00:00,2026-06-22T04:00:00+03:00,2026-06,EBM0626,2237.4973676912273,EPIAS_VEP:EBM0626,True,False,False
2026-06-22T02:00:00+00:00,2026-06-22T05:00:00+03:00,2026-06,EBM0626,2237.4973678570677,EPIAS_VEP:EBM0626,True,False,False
2026-06-22T03:00:00+00:00,2026-06-22T06:00:00+03:00,2026-06,EBM0626,2237.4973696909196,EPIAS_VEP:EBM0626,True,False,False
2026-06-22T04:00:00+00:00,2026-06-22T07:00:00+03:00,2026-06,EBM0626,2237.4973734266005,EPIAS_VEP:EBM0626,True,False,False
2026-06-22T05:00:00+00:00,2026-06-22T08:00:00+03:00,2026-06,EBM0626,2237.4973793130507,EPIAS_VEP:EBM0626,True,False,False
2026-06-22T06:00:00+00:00,2026-06-22T09:00:00+03:00,2026-06,EBM0626,2237.4973876139597,EPIAS_VEP:EBM0626,True,False,False
2026-06-22T07:00:00+00:00,2026-06-22T10:00:00+03:00,2026-06,EBM0626,2237.4973986071786,EPIAS_VEP:EBM0626,True,False,False
2026-06-22T08:00:00+00:00,2026-06-22T11:00:00+03:00,2026-06,EBM0626,2237.4974125838885,EPIAS_VEP:EBM0626,True,False,False
2026-06-22T09:00:00+00:00,2026-06-22T12:00:00+03:00,2026-06,EBM0626,2237.4974298475013,EPIAS_VEP:EBM0626,True,False,False
2026-06-22T10:00:00+00:00,2026-06-22T13:00:00+03:00,2026-06,EBM0626,2237.497450712263,EPIAS_VEP:EBM0626,True,False,False
2026-06-22T11:00:00+00:00,2026-06-22T14:00:00+03:00,2026-06,EBM0626,2237.497475501525,EPIAS_VEP:EBM0626,True,False,False
2026-06-22T12:00:00+00:00,2026-06-22T15:00:00+03:00,2026-06,EBM0626,2237.497504545661,EPIAS_VEP:EBM0626,True,False,False
2026-06-22T13:00:00+00:00,2026-06-22T16:00:00+03:00,2026-06,EBM0626,2237.497538179585,EPIAS_VEP:EBM0626,True,False,False
2026-06-22T14:00:00+00:00,2026-06-22T17:00:00+03:00,2026-06,EBM0626,2237.497576739849,EPIAS_VEP:EBM0626,True,False,False
2026-06-22T15:00:00+00:00,2026-06-22T18:00:00+03:00,2026-06,EBM0626,2237.4976205612793,EPIAS_VEP:EBM0626,True,False,False
2026-06-22T16:00:00+00:00,2026-06-22T19:00:00+03:00,2026-06,EBM0626,2237.4976699731187,EPIAS_VEP:EBM0626,True,False,False
2026-06-22T17:00:00+00:00,2026-06-22T20:00:00+03:00,2026-06,EBM0626,2237.4977252946483,EPIAS_VEP:EBM0626,True,False,False
2026-06-22T18:00:00+00:00,2026-06-22T21:00:00+03:00,2026-06,EBM0626,2237.497786830241,EPIAS_VEP:EBM0626,True,False,False
2026-06-22T19:00:00+00:00,2026-06-22T22:00:00+03:00,2026-06,EBM0626,2237.4978548638333,EPIAS_VEP:EBM0626,True,False,False
2026-06-22T20:00:00+00:00,2026-06-22T23:00:00+03:00,2026-06,EBM0626,2237.4979296527713,EPIAS_VEP:EBM0626,True,False,False
2026-06-22T21:00:00+00:00,2026-06-23T00:00:00+03:00,2026-06,EBM0626,2237.4980114210066,EPIAS_VEP:EBM0626,True,False,False
2026-06-22T22:00:00+00:00,2026-06-23T01:00:00+03:00,2026-06,EBM0626,2237.4981003516177,EPIAS_VEP:EBM0626,True,False,False
2026-06-22T23:00:00+00:00,2026-06-23T02:00:00+03:00,2026-06,EBM0626,2237.4981965786333,EPIAS_VEP:EBM0626,True,False,False
2026-06-23T00:00:00+00:00,2026-06-23T03:00:00+03:00,2026-06,EBM0626,2237.498300178138,EPIAS_VEP:EBM0626,True,False,False
2026-06-23T01:00:00+00:00,2026-06-23T04:00:00+03:00,2026-06,EBM0626,2237.498411158652,EPIAS_VEP:EBM0626,True,False,False
2026-06-23T02:00:00+00:00,2026-06-23T05:00:00+03:00,2026-06,EBM0626,2237.498529450769,EPIAS_VEP:EBM0626,True,False,False
2026-06-23T03:00:00+00:00,2026-06-23T06:00:00+03:00,2026-06,EBM0626,2237.498654896059,EPIAS_VEP:EBM0626,True,False,False
2026-06-23T04:00:00+00:00,2026-06-23T07:00:00+03:00,2026-06,EBM0626,2237.49878723524,EPIAS_VEP:EBM0626,True,False,False
2026-06-23T05:00:00+00:00,2026-06-23T08:00:00+03:00,2026-06,EBM0626,2237.498926095633,EPIAS_VEP:EBM0626,True,False,False
2026-06-23T06:00:00+00:00,2026-06-23T09:00:00+03:00,2026-06,EBM0626,2237.499070977929,EPIAS_VEP:EBM0626,True,False,False
2026-06-23T07:00:00+00:00,2026-06-23T10:00:00+03:00,2026-06,EBM0626,2237.4992212423,EPIAS_VEP:EBM0626,True,False,False
2026-06-23T08:00:00+00:00,2026-06-23T11:00:00+03:00,2026-06,EBM0626,2237.4993760939115,EPIAS_VEP:EBM0626,True,False,False
2026-06-23T09:00:00+00:00,2026-06-23T12:00:00+03:00,2026-06,EBM0626,2237.4995345678976,EPIAS_VEP:EBM0626,True,False,False
2026-06-23T10:00:00+00:00,2026-06-23T13:00:00+03:00,2026-06,EBM0626,2237.499695513876,EPIAS_VEP:EBM0626,True,False,False
2026-06-23T11:00:00+00:00,2026-06-23T14:00:00+03:00,2026-06,EBM0626,2237.4998575800983,EPIAS_VEP:EBM0626,True,False,False
2026-06-23T12:00:00+00:00,2026-06-23T15:00:00+03:00,2026-06,EBM0626,2237.5000191973595,EPIAS_VEP:EBM0626,True,False,False
2026-06-23T13:00:00+00:00,2026-06-23T16:00:00+03:00,2026-06,EBM0626,2237.5001785627887,EPIAS_VEP:EBM0626,True,False,False
2026-06-23T14:00:00+00:00,2026-06-23T17:00:00+03:00,2026-06,EBM0626,2237.5003336236873,EPIAS_VEP:EBM0626,True,False,False
2026-06-23T15:00:00+00:00,2026-06-23T18:00:00+03:00,2026-06,EBM0626,2237.500482061593,EPIAS_VEP:EBM0626,True,False,False
2026-06-23T16:00:00+00:00,2026-06-23T19:00:00+03:00,2026-06,EBM0626,2237.500621276775,EPIAS_VEP:EBM0626,True,False,False
2026-06-23T17:00:00+00:00,2026-06-23T20:00:00+03:00,2026-06,EBM0626,2237.5007483733875,EPIAS_VEP:EBM0626,True,False,False
2026-06-23T18:00:00+00:00,2026-06-23T21:00:00+03:00,2026-06,EBM0626,2237.5008601455493,EPIAS_VEP:EBM0626,True,False,False
2026-06-23T19:00:00+00:00,2026-06-23T22:00:00+03:00,2026-06,EBM0626,2237.5009530646334,EPIAS_VEP:EBM0626,True,False,False
2026-06-23T20:00:00+00:00,2026-06-23T23:00:00+03:00,2026-06,EBM0626,2237.5010232680916,EPIAS_VEP:EBM0626,True,False,False
2026-06-23T21:00:00+00:00,2026-06-24T00:00:00+03:00,2026-06,EBM0626,2237.5010665501595,EPIAS_VEP:EBM0626,True,False,False
2026-06-23T22:00:00+00:00,2026-06-24T01:00:00+03:00,2026-06,EBM0626,2237.5010783548387,EPIAS_VEP:EBM0626,True,False,False
2026-06-23T23:00:00+00:00,2026-06-24T02:00:00+03:00,2026-06,EBM0626,2237.5010537715675,EPIAS_VEP:EBM0626,True,False,False
2026-06-24T00:00:00+00:00,2026-06-24T03:00:00+03:00,2026-06,EBM0626,2237.5009875340415,EPIAS_VEP:EBM0626,True,False,False
2026-06-24T01:00:00+00:00,2026-06-24T04:00:00+03:00,2026-06,EBM0626,2237.500874022671,EPIAS_VEP:EBM0626,True,False,False
2026-06-24T02:00:00+00:00,2026-06-24T05:00:00+03:00,2026-06,EBM0626,2237.5007072712033,EPIAS_VEP:EBM0626,True,False,False
2026-06-24T03:00:00+00:00,2026-06-24T06:00:00+03:00,2026-06,EBM0626,2237.5004809780767,EPIAS_VEP:EBM0626,True,False,False
2026-06-24T04:00:00+00:00,2026-06-24T07:00:00+03:00,2026-06,EBM0626,2237.5001885230927,EPIAS_VEP:EBM0626,True,False,False
2026-06-24T05:00:00+00:00,2026-06-24T08:00:00+03:00,2026-06,EBM0626,2237.4998229900493,EPIAS_VEP:EBM0626,True,False,False
2026-06-24T06:00:00+00:00,2026-06-24T09:00:00+03:00,2026-06,EBM0626,2237.499377195983,EPIAS_VEP:EBM0626,True,False,False
2026-06-24T07:00:00+00:00,2026-06-24T10:00:00+03:00,2026-06,EBM0626,2237.4988437277225,EPIAS_VEP:EBM0626,True,False,False
2026-06-24T08:00:00+00:00,2026-06-24T11:00:00+03:00,2026-06,EBM0626,2237.4982149864686,EPIAS_VEP:EBM0626,True,False,False
2026-06-24T09:00:00+00:00,2026-06-24T12:00:00+03:00,2026-06,EBM0626,2237.497483241141,EPIAS_VEP:EBM0626,True,False,False
2026-06-24T10:00:00+00:00,2026-06-24T13:00:00+03:00,2026-06,EBM0626,2237.4966406912504,EPIAS_VEP:EBM0626,True,False,False
2026-06-24T11:00:00+00:00,2026-06-24T14:00:00+03:00,2026-06,EBM0626,2237.495679540079,EPIAS_VEP:EBM0626,True,False,False
2026-06-24T12:00:00+00:00,2026-06-24T15:00:00+03:00,2026-06,EBM0626,2237.49459207893,EPIAS_VEP:EBM0626,True,False,False
2026-06-24T13:00:00+00:00,2026-06-24T16:00:00+03:00,2026-06,EBM0626,2237.493370783245,EPIAS_VEP:EBM0626,True,False,False
2026-06-24T14:00:00+00:00,2026-06-24T17:00:00+03:00,2026-06,EBM0626,2237.492008421352,EPIAS_VEP:EBM0626,True,False,False
2026-06-24T15:00:00+00:00,2026-06-24T18:00:00+03:00,2026-06,EBM0626,2237.490498176591,EPIAS_VEP:EBM0626,True,False,False
2026-06-24T16:00:00+00:00,2026-06-24T19:00:00+03:00,2026-06,EBM0626,2237.4888337835528,EPIAS_VEP:EBM0626,True,False,False
2026-06-24T17:00:00+00:00,2026-06-24T20:00:00+03:00,2026-06,EBM0626,2237.487009679103,EPIAS_VEP:EBM0626,True,False,False
2026-06-24T18:00:00+00:00,2026-06-24T21:00:00+03:00,2026-06,EBM0626,2237.4850211688195,EPIAS_VEP:EBM0626,True,False,False
2026-06-24T19:00:00+00:00,2026-06-24T22:00:00+03:00,2026-06,EBM0626,2237.482864609405,EPIAS_VEP:EBM0626,True,False,False
2026-06-24T20:00:00+00:00,2026-06-24T23:00:00+03:00,2026-06,EBM0626,2237.4805376075387,EPIAS_VEP:EBM0626,True,False,False
2026-06-24T21:00:00+00:00,2026-06-25T00:00:00+03:00,2026-06,EBM0626,2237.4780392355287,EPIAS_VEP:EBM0626,True,False,False
2026-06-24T22:00:00+00:00,2026-06-25T01:00:00+03:00,2026-06,EBM0626,2237.475370264014,EPIAS_VEP:EBM0626,True,False,False
2026-06-24T23:00:00+00:00,2026-06-25T02:00:00+03:00,2026-06,EBM0626,2237.472533411801,EPIAS_VEP:EBM0626,True,False,False
2026-06-25T00:00:00+00:00,2026-06-25T03:00:00+03:00,2026-06,EBM0626,2237.469533612762,EPIAS_VEP:EBM0626,True,False,False
2026-06-25T01:00:00+00:00,2026-06-25T04:00:00+03:00,2026-06,EBM0626,2237.46637829952,EPIAS_VEP:EBM0626,True,False,False
2026-06-25T02:00:00+00:00,2026-06-25T05:00:00+03:00,2026-06,EBM0626,2237.463077703429,EPIAS_VEP:EBM0626,True,False,False
2026-06-25T03:00:00+00:00,2026-06-25T06:00:00+03:00,2026-06,EBM0626,2237.459645170107,EPIAS_VEP:EBM0626,True,False,False
2026-06-25T04:00:00+00:00,2026-06-25T07:00:00+03:00,2026-06,EBM0626,2237.4560974894907,EPIAS_VEP:EBM0626,True,False,False
2026-06-25T05:00:00+00:00,2026-06-25T08:00:00+03:00,2026-06,EBM0626,2237.452455239094,EPIAS_VEP:EBM0626,True,False,False
2026-06-25T06:00:00+00:00,2026-06-25T09:00:00+03:00,2026-06,EBM0626,2237.4487431387715,EPIAS_VEP:EBM0626,True,False,False
2026-06-25T07:00:00+00:00,2026-06-25T10:00:00+03:00,2026-06,EBM0626,2237.444990414948,EPIAS_VEP:EBM0626,True,False,False
2026-06-25T08:00:00+00:00,2026-06-25T11:00:00+03:00,2026-06,EBM0626,2237.4412311718243,EPIAS_VEP:EBM0626,True,False,False
2026-06-25T09:00:00+00:00,2026-06-25T12:00:00+03:00,2026-06,EBM0626,2237.437504766654,EPIAS_VEP:EBM0626,True,False,False
2026-06-25T10:00:00+00:00,2026-06-25T13:00:00+03:00,2026-06,EBM0626,2237.433856185665,EPIAS_VEP:EBM0626,True,False,False
2026-06-25T11:00:00+00:00,2026-06-25T14:00:00+03:00,2026-06,EBM0626,2237.4303364167004,EPIAS_VEP:EBM0626,True,False,False
2026-06-25T12:00:00+00:00,2026-06-25T15:00:00+03:00,2026-06,EBM0626,2237.4270028140777,EPIAS_VEP:EBM0626,True,False,False
2026-06-25T13:00:00+00:00,2026-06-25T16:00:00+03:00,2026-06,EBM0626,2237.423919450564,EPIAS_VEP:EBM0626,True,False,False
2026-06-25T14:00:00+00:00,2026-06-25T17:00:00+03:00,2026-06,EBM0626,2237.4211574507376,EPIAS_VEP:EBM0626,True,False,False
2026-06-25T15:00:00+00:00,2026-06-25T18:00:00+03:00,2026-06,EBM0626,2237.418795299324,EPIAS_VEP:EBM0626,True,False,False
2026-06-25T16:00:00+00:00,2026-06-25T19:00:00+03:00,2026-06,EBM0626,2237.4169191173946,EPIAS_VEP:EBM0626,True,False,False
2026-06-25T17:00:00+00:00,2026-06-25T20:00:00+03:00,2026-06,EBM0626,2237.4156228985844,EPIAS_VEP:EBM0626,True,False,False
2026-06-25T18:00:00+00:00,2026-06-25T21:00:00+03:00,2026-06,EBM0626,2237.4150086967065,EPIAS_VEP:EBM0626,True,False,False
2026-06-25T19:00:00+00:00,2026-06-25T22:00:00+03:00,2026-06,EBM0626,2237.4151867553755,EPIAS_VEP:EBM0626,True,False,False
2026-06-25T20:00:00+00:00,2026-06-25T23:00:00+03:00,2026-06,EBM0626,2237.4162755694283,EPIAS_VEP:EBM0626,True,False,False
2026-06-25T21:00:00+00:00,2026-06-26T00:00:00+03:00,2026-06,EBM0626,2237.4184018671185,EPIAS_VEP:EBM0626,True,False,False
2026-06-25T22:00:00+00:00,2026-06-26T01:00:00+03:00,2026-06,EBM0626,2237.421700501234,EPIAS_VEP:EBM0626,True,False,False
2026-06-25T23:00:00+00:00,2026-06-26T02:00:00+03:00,2026-06,EBM0626,2237.426314236469,EPIAS_VEP:EBM0626,True,False,False
2026-06-26T00:00:00+00:00,2026-06-26T03:00:00+03:00,2026-06,EBM0626,2237.4323934195586,EPIAS_VEP:EBM0626,True,False,False
2026-06-26T01:00:00+00:00,2026-06-26T04:00:00+03:00,2026-06,EBM0626,2237.440095517907,EPIAS_VEP:EBM0626,True,False,False
2026-06-26T02:00:00+00:00,2026-06-26T05:00:00+03:00,2026-06,EBM0626,2237.449584511668,EPIAS_VEP:EBM0626,True,False,False
2026-06-26T03:00:00+00:00,2026-06-26T06:00:00+03:00,2026-06,EBM0626,2237.4610301235352,EPIAS_VEP:EBM0626,True,False,False
2026-06-26T04:00:00+00:00,2026-06-26T07:00:00+03:00,2026-06,EBM0626,2237.4746068698437,EPIAS_VEP:EBM0626,True,False,False
2026-06-26T05:00:00+00:00,2026-06-26T08:00:00+03:00,2026-06,EBM0626,2237.4904929160075,EPIAS_VEP:EBM0626,True,False,False
2026-06-26T06:00:00+00:00,2026-06-26T09:00:00+03:00,2026-06,EBM0626,2237.508868718847,EPIAS_VEP:EBM0626,True,False,False
2026-06-26T07:00:00+00:00,2026-06-26T10:00:00+03:00,2026-06,EBM0626,2237.5299154379836,EPIAS_VEP:EBM0626,True,False,False
2026-06-26T08:00:00+00:00,2026-06-26T11:00:00+03:00,2026-06,EBM0626,2237.5538130982595,EPIAS_VEP:EBM0626,True,False,False
2026-06-26T09:00:00+00:00,2026-06-26T12:00:00+03:00,2026-06,EBM0626,2237.5807384850673,EPIAS_VEP:EBM0626,True,False,False
2026-06-26T10:00:00+00:00,2026-06-26T13:00:00+03:00,2026-06,EBM0626,2237.6108627545805,EPIAS_VEP:EBM0626,True,False,False
2026-06-26T11:00:00+00:00,2026-06-26T14:00:00+03:00,2026-06,EBM0626,2237.6443487412166,EPIAS_VEP:EBM0626,True,False,False
2026-06-26T12:00:00+00:00,2026-06-26T15:00:00+03:00,2026-06,EBM0626,2237.6813479452094,EPIAS_VEP:EBM0626,True,False,False
2026-06-26T13:00:00+00:00,2026-06-26T16:00:00+03:00,2026-06,EBM0626,2237.7219971840104,EPIAS_VEP:EBM0626,True,False,False
2026-06-26T14:00:00+00:00,2026-06-26T17:00:00+03:00,2026-06,EBM0626,2237.76641489237,EPIAS_VEP:EBM0626,True,False,False
2026-06-26T15:00:00+00:00,2026-06-26T18:00:00+03:00,2026-06,EBM0626,2237.8146970574126,EPIAS_VEP:EBM0626,True,False,False
2026-06-26T16:00:00+00:00,2026-06-26T19:00:00+03:00,2026-06,EBM0626,2237.8669127768644,EPIAS_VEP:EBM0626,True,False,False
2026-06-26T17:00:00+00:00,2026-06-26T20:00:00+03:00,2026-06,EBM0626,2237.9230994308386,EPIAS_VEP:EBM0626,True,False,False
2026-06-26T18:00:00+00:00,2026-06-26T21:00:00+03:00,2026-06,EBM0626,2237.983257460262,EPIAS_VEP:EBM0626,True,False,False
2026-06-26T19:00:00+00:00,2026-06-26T22:00:00+03:00,2026-06,EBM0626,2238.047344748211,EPIAS_VEP:EBM0626,True,False,False
2026-06-26T20:00:00+00:00,2026-06-26T23:00:00+03:00,2026-06,EBM0626,2238.1152706041075,EPIAS_VEP:EBM0626,True,False,False
2026-06-26T21:00:00+00:00,2026-06-27T00:00:00+03:00,2026-06,EBM0626,2238.186889354991,EPIAS_VEP:EBM0626,True,False,False
2026-06-26T22:00:00+00:00,2026-06-27T01:00:00+03:00,2026-06,EBM0626,2238.2619935529324,EPIAS_VEP:EBM0626,True,False,False
2026-06-26T23:00:00+00:00,2026-06-27T02:00:00+03:00,2026-06,EBM0626,2238.3403068131597,EPIAS_VEP:EBM0626,True,False,False
2026-06-27T00:00:00+00:00,2026-06-27T03:00:00+03:00,2026-06,EBM0626,2238.421476303637,EPIAS_VEP:EBM0626,True,False,False
2026-06-27T01:00:00+00:00,2026-06-27T04:00:00+03:00,2026-06,EBM0626,2238.505064913741,EPIAS_VEP:EBM0626,True,False,False
2026-06-27T02:00:00+00:00,2026-06-27T05:00:00+03:00,2026-06,EBM0626,2238.590543137308,EPIAS_VEP:EBM0626,True,False,False
2026-06-27T03:00:00+00:00,2026-06-27T06:00:00+03:00,2026-06,EBM0626,2238.677280713775,EPIAS_VEP:EBM0626,True,False,False
2026-06-27T04:00:00+00:00,2026-06-27T07:00:00+03:00,2026-06,EBM0626,2238.764538080358,EPIAS_VEP:EBM0626,True,False,False
2026-06-27T05:00:00+00:00,2026-06-27T08:00:00+03:00,2026-06,EBM0626,2238.851457698293,EPIAS_VEP:EBM0626,True,False,False
2026-06-27T06:00:00+00:00,2026-06-27T09:00:00+03:00,2026-06,EBM0626,2238.9370553271015,EPIAS_VEP:EBM0626,True,False,False
2026-06-27T07:00:00+00:00,2026-06-27T10:00:00+03:00,2026-06,EBM0626,2239.0202113326277,EPIAS_VEP:EBM0626,True,False,False
2026-06-27T08:00:00+00:00,2026-06-27T11:00:00+03:00,2026-06,EBM0626,2239.099662127274,EPIAS_VEP:EBM0626,True,False,False
2026-06-27T09:00:00+00:00,2026-06-27T12:00:00+03:00,2026-06,EBM0626,2239.1739918543985,EPIAS_VEP:EBM0626,True,False,False
2026-06-27T10:00:00+00:00,2026-06-27T13:00:00+03:00,2026-06,EBM0626,2239.2416244432407,EPIAS_VEP:EBM0626,True,False,False
2026-06-27T11:00:00+00:00,2026-06-27T14:00:00+03:00,2026-06,EBM0626,2239.3008161759444,EPIAS_VEP:EBM0626,True,False,False
2026-06-27T12:00:00+00:00,2026-06-27T15:00:00+03:00,2026-06,EBM0626,2239.349648924303,EPIAS_VEP:EBM0626,True,False,False
2026-06-27T13:00:00+00:00,2026-06-27T16:00:00+03:00,2026-06,EBM0626,2239.3860242305823,EPIAS_VEP:EBM0626,True,False,False
2026-06-27T14:00:00+00:00,2026-06-27T17:00:00+03:00,2026-06,EBM0626,2239.4076584242466,EPIAS_VEP:EBM0626,True,False,False
2026-06-27T15:00:00+00:00,2026-06-27T18:00:00+03:00,2026-06,EBM0626,2239.4120789844296,EPIAS_VEP:EBM0626,True,False,False
2026-06-27T16:00:00+00:00,2026-06-27T19:00:00+03:00,2026-06,EBM0626,2239.396622376514,EPIAS_VEP:EBM0626,True,False,False
2026-06-27T17:00:00+00:00,2026-06-27T20:00:00+03:00,2026-06,EBM0626,2239.358433610076,EPIAS_VEP:EBM0626,True,False,False
2026-06-27T18:00:00+00:00,2026-06-27T21:00:00+03:00,2026-06,EBM0626,2239.294467784547,EPIAS_VEP:EBM0626,True,False,False
2026-06-27T19:00:00+00:00,2026-06-27T22:00:00+03:00,2026-06,EBM0626,2239.2014939080887,EPIAS_VEP:EBM0626,True,False,False
2026-06-27T20:00:00+00:00,2026-06-27T23:00:00+03:00,2026-06,EBM0626,2239.076101294176,EPIAS_VEP:EBM0626,True,False,False
2026-06-27T21:00:00+00:00,2026-06-28T00:00:00+03:00,2026-06,EBM0626,2238.9147088589853,EPIAS_VEP:EBM0626,True,False,False
2026-06-27T22:00:00+00:00,2026-06-28T01:00:00+03:00,2026-06,EBM0626,2238.7135776606547,EPIAS_VEP:EBM0626,True,False,False
2026-06-27T23:00:00+00:00,2026-06-28T02:00:00+03:00,2026-06,EBM0626,2238.4688270385295,EPIAS_VEP:EBM0626,True,False,False
2026-06-28T00:00:00+00:00,2026-06-28T03:00:00+03:00,2026-06,EBM0626,2238.176454726283,EPIAS_VEP:EBM0626,True,False,False
2026-06-28T01:00:00+00:00,2026-06-28T04:00:00+03:00,2026-06,EBM0626,2237.832361326975,EPIAS_VEP:EBM0626,True,False,False
2026-06-28T02:00:00+00:00,2026-06-28T05:00:00+03:00,2026-06,EBM0626,2237.4323795502855,EPIAS_VEP:EBM0626,True,False,False
2026-06-28T03:00:00+00:00,2026-06-28T06:00:00+03:00,2026-06,EBM0626,2236.972308621856,EPIAS_VEP:EBM0626,True,False,False
2026-06-28T04:00:00+00:00,2026-06-28T07:00:00+03:00,2026-06,EBM0626,2236.4479542814634,EPIAS_VEP:EBM0626,True,False,False
2026-06-28T05:00:00+00:00,2026-06-28T08:00:00+03:00,2026-06,EBM0626,2235.855174790115,EPIAS_VEP:EBM0626,True,False,False
2026-06-28T06:00:00+00:00,2026-06-28T09:00:00+03:00,2026-06,EBM0626,2235.1899333654833,EPIAS_VEP:EBM0626,True,False,False
2026-06-28T07:00:00+00:00,2026-06-28T10:00:00+03:00,2026-06,EBM0626,2234.4483574598516,EPIAS_VEP:EBM0626,True,False,False
2026-06-28T08:00:00+00:00,2026-06-28T11:00:00+03:00,2026-06,EBM0626,2233.6268052842606,EPIAS_VEP:EBM0626,True,False,False
2026-06-28T09:00:00+00:00,2026-06-28T12:00:00+03:00,2026-06,EBM0626,2232.7219399660958,EPIAS_VEP:EBM0626,True,False,False
2026-06-28T10:00:00+00:00,2026-06-28T13:00:00+03:00,2026-06,EBM0626,2231.7308117043067,EPIAS_VEP:EBM0626,True,False,False
2026-06-28T11:00:00+00:00,2026-06-28T14:00:00+03:00,2026-06,EBM0626,2230.650948255938,EPIAS_VEP:EBM0626,True,False,False
2026-06-28T12:00:00+00:00,2026-06-28T15:00:00+03:00,2026-06,EBM0626,2229.4804540489554,EPIAS_VEP:EBM0626,True,False,False
2026-06-28T13:00:00+00:00,2026-06-28T16:00:00+03:00,2026-06,EBM0626,2228.218118168591,EPIAS_VEP:EBM0626,True,False,False
2026-06-28T14:00:00+00:00,2026-06-28T17:00:00+03:00,2026-06,EBM0626,2226.863531406764,EPIAS_VEP:EBM0626,True,False,False
2026-06-28T15:00:00+00:00,2026-06-28T18:00:00+03:00,2026-06,EBM0626,2225.4172124956676,EPIAS_VEP:EBM0626,True,False,False
2026-06-28T16:00:00+00:00,2026-06-28T19:00:00+03:00,2026-06,EBM0626,2223.880743566448,EPIAS_VEP:EBM0626,True,False,False
2026-06-28T17:00:00+00:00,2026-06-28T20:00:00+03:00,2026-06,EBM0626,2222.2569147810937,EPIAS_VEP:EBM0626,True,False,False
2026-06-28T18:00:00+00:00,2026-06-28T21:00:00+03:00,2026-06,EBM0626,2220.549877979327,EPIAS_VEP:EBM0626,True,False,False
2026-06-28T19:00:00+00:00,2026-06-28T22:00:00+03:00,2026-06,EBM0626,2218.76530906155,EPIAS_VEP:EBM0626,True,False,False
2026-06-28T20:00:00+00:00,2026-06-28T23:00:00+03:00,2026-06,EBM0626,2216.9105786924592,EPIAS_VEP:EBM0626,True,False,False
2026-06-28T21:00:00+00:00,2026-06-29T00:00:00+03:00,2026-06,EBM0626,2214.9949307579377,EPIAS_VEP:EBM0626,True,False,False
2026-06-28T22:00:00+00:00,2026-06-29T01:00:00+03:00,2026-06,EBM0626,2213.02966783809,EPIAS_VEP:EBM0626,True,False,False
2026-06-28T23:00:00+00:00,2026-06-29T02:00:00+03:00,2026-06,EBM0626,2211.0283427720374,EPIAS_VEP:EBM0626,True,False,False
2026-06-29T00:00:00+00:00,2026-06-29T03:00:00+03:00,2026-06,EBM0626,2209.006955184209,EPIAS_VEP:EBM0626,True,False,False
2026-06-29T01:00:00+00:00,2026-06-29T04:00:00+03:00,2026-06,EBM0626,2206.9841516168476,EPIAS_VEP:EBM0626,True,False,False
2026-06-29T02:00:00+00:00,2026-06-29T05:00:00+03:00,2026-06,EBM0626,2204.981427668772,EPIAS_VEP:EBM0626,True,False,False
2026-06-29T03:00:00+00:00,2026-06-29T06:00:00+03:00,2026-06,EBM0626,2203.023330275731,EPIAS_VEP:EBM0626,True,False,False
2026-06-29T04:00:00+00:00,2026-06-29T07:00:00+03:00,2026-06,EBM0626,2201.137657982798,EPIAS_VEP:EBM0626,True,False,False
2026-06-29T05:00:00+00:00,2026-06-29T08:00:00+03:00,2026-06,EBM0626,2199.3556567541114,EPIAS_VEP:EBM0626,True,False,False
2026-06-29T06:00:00+00:00,2026-06-29T09:00:00+03:00,2026-06,EBM0626,2197.7122085401043,EPIAS_VEP:EBM0626,True,False,False
2026-06-29T07:00:00+00:00,2026-06-29T10:00:00+03:00,2026-06,EBM0626,2196.246009477626,EPIAS_VEP:EBM0626,True,False,False
2026-06-29T08:00:00+00:00,2026-06-29T11:00:00+03:00,2026-06,EBM0626,2194.9997342347633,EPIAS_VEP:EBM0626,True,False,False
2026-06-29T09:00:00+00:00,2026-06-29T12:00:00+03:00,2026-06,EBM0626,2194.020182630747,EPIAS_VEP:EBM0626,True,False,False
2026-06-29T10:00:00+00:00,2026-06-29T13:00:00+03:00,2026-06,EBM0626,2193.3584042634757,EPIAS_VEP:EBM0626,True,False,False
2026-06-29T11:00:00+00:00,2026-06-29T14:00:00+03:00,2026-06,EBM0626,2193.069796464678,EPIAS_VEP:EBM0626,True,False,False
2026-06-29T12:00:00+00:00,2026-06-29T15:00:00+03:00,2026-06,EBM0626,2193.214170477748,EPIAS_VEP:EBM0626,True,False,False
2026-06-29T13:00:00+00:00,2026-06-29T16:00:00+03:00,2026-06,EBM0626,2193.8557803185263,EPIAS_VEP:EBM0626,True,False,False
2026-06-29T14:00:00+00:00,2026-06-29T17:00:00+03:00,2026-06,EBM0626,2195.0633083378966,EPIAS_VEP:EBM0626,True,False,False
2026-06-29T15:00:00+00:00,2026-06-29T18:00:00+03:00,2026-06,EBM0626,2196.9098010608036,EPIAS_VEP:EBM0626,True,False,False
2026-06-29T16:00:00+00:00,2026-06-29T19:00:00+03:00,2026-06,EBM0626,2199.4725484334517,EPIAS_VEP:EBM0626,True,False,False
2026-06-29T17:00:00+00:00,2026-06-29T20:00:00+03:00,2026-06,EBM0626,2202.8328991740295,EPIAS_VEP:EBM0626,True,False,False
2026-06-29T18:00:00+00:00,2026-06-29T21:00:00+03:00,2026-06,EBM0626,2207.0760044979747,EPIAS_VEP:EBM0626,True,False,False
2026-06-29T19:00:00+00:00,2026-06-29T22:00:00+03:00,2026-06,EBM0626,2212.290482082899,EPIAS_VEP:EBM0626,True,False,False
2026-06-29T20:00:00+00:00,2026-06-29T23:00:00+03:00,2026-06,EBM0626,2218.5679917580555,EPIAS_VEP:EBM0626,True,False,False
2026-06-29T21:00:00+00:00,2026-06-30T00:00:00+03:00,2026-06,EBM0626,2226.0027140565803,EPIAS_VEP:EBM0626,True,False,False
2026-06-29T22:00:00+00:00,2026-06-30T01:00:00+03:00,2026-06,EBM0626,2234.6907224645265,EPIAS_VEP:EBM0626,True,False,False
2026-06-29T23:00:00+00:00,2026-06-30T02:00:00+03:00,2026-06,EBM0626,2244.7292399486346,EPIAS_VEP:EBM0626,True,False,False
2026-06-30T00:00:00+00:00,2026-06-30T03:00:00+03:00,2026-06,EBM0626,2256.2157701554893,EPIAS_VEP:EBM0626,True,False,False
2026-06-30T01:00:00+00:00,2026-06-30T04:00:00+03:00,2026-06,EBM0626,2269.2470935597694,EPIAS_VEP:EBM0626,True,False,False
2026-06-30T02:00:00+00:00,2026-06-30T05:00:00+03:00,2026-06,EBM0626,2283.918118811233,EPIAS_VEP:EBM0626,True,False,False
2026-06-30T03:00:00+00:00,2026-06-30T06:00:00+03:00,2026-06,EBM0626,2300.320579602374,EPIAS_VEP:EBM0626,True,False,False
2026-06-30T04:00:00+00:00,2026-06-30T07:00:00+03:00,2026-06,EBM0626,2318.541567565898,EPIAS_VEP:EBM0626,True,False,False
2026-06-30T05:00:00+00:00,2026-06-30T08:00:00+03:00,2026-06,EBM0626,2338.6618920286405,EPIAS_VEP:EBM0626,True,False,False
2026-06-30T06:00:00+00:00,2026-06-30T09:00:00+03:00,2026-06,EBM0626,2360.754257912772,EPIAS_VEP:EBM0626,True,False,False
2026-06-30T07:00:00+00:00,2026-06-30T10:00:00+03:00,2026-06,EBM0626,2384.8812537033537,EPIAS_VEP:EBM0626,True,False,False
2026-06-30T08:00:00+00:00,2026-06-30T11:00:00+03:00,2026-06,EBM0626,2411.0931422117455,EPIAS_VEP:EBM0626,True,False,False
2026-06-30T09:00:00+00:00,2026-06-30T12:00:00+03:00,2026-06,EBM0626,2439.4254478760263,EPIAS_VEP:EBM0626,True,False,False
2026-06-30T10:00:00+00:00,2026-06-30T13:00:00+03:00,2026-06,EBM0626,2469.8963355721457,EPIAS_VEP:EBM0626,True,False,False
2026-06-30T11:00:00+00:00,2026-06-30T14:00:00+03:00,2026-06,EBM0626,2502.5037773833615,EPIAS_VEP:EBM0626,True,False,False
2026-06-30T12:00:00+00:00,2026-06-30T15:00:00+03:00,2026-06,EBM0626,2537.22250551146,EPIAS_VEP:EBM0626,True,False,False
2026-06-30T13:00:00+00:00,2026-06-30T16:00:00+03:00,2026-06,EBM0626,2574.0007515325906,EPIAS_VEP:EBM0626,True,False,False
2026-06-30T14:00:00+00:00,2026-06-30T17:00:00+03:00,2026-06,EBM0626,2612.756774524429,EPIAS_VEP:EBM0626,True,False,False
2026-06-30T15:00:00+00:00,2026-06-30T18:00:00+03:00,2026-06,EBM0626,2653.3751832416106,EPIAS_VEP:EBM0626,True,False,False
2026-06-30T16:00:00+00:00,2026-06-30T19:00:00+03:00,2026-06,EBM0626,2695.7030605133805,EPIAS_VEP:EBM0626,True,False,False
2026-06-30T17:00:00+00:00,2026-06-30T20:00:00+03:00,2026-06,EBM0626,2739.5459014028365,EPIAS_VEP:EBM0626,True,False,False
2026-06-30T18:00:00+00:00,2026-06-30T21:00:00+03:00,2026-06,EBM0626,2784.663380419081,EPIAS_VEP:EBM0626,True,False,False
2026-06-30T19:00:00+00:00,2026-06-30T22:00:00+03:00,2026-06,EBM0626,2830.7649672333723,EPIAS_VEP:EBM0626,True,False,False
2026-06-30T20:00:00+00:00,2026-06-30T23:00:00+03:00,2026-06,EBM0626,2877.5054149292177,EPIAS_VEP:EBM0626,True,False,False
2026-06-30T21:00:00+00:00,2026-07-01T00:00:00+03:00,2026-07,EBM0726,2924.480149847386,EPIAS_VEP:EBM0726,True,False,False
2026-06-30T22:00:00+00:00,2026-07-01T01:00:00+03:00,2026-07,EBM0726,2971.220597539245,EPIAS_VEP:EBM0726,True,False,False
2026-06-30T23:00:00+00:00,2026-07-01T02:00:00+03:00,2026-07,EBM0726,3017.322184345541,EPIAS_VEP:EBM0726,True,False,False
2026-07-01T00:00:00+00:00,2026-07-01T03:00:00+03:00,2026-07,EBM0726,3062.4396633516335,EPIAS_VEP:EBM0726,True,False,False
2026-07-01T01:00:00+00:00,2026-07-01T04:00:00+03:00,2026-07,EBM0726,3106.282504228815,EPIAS_VEP:EBM0726,True,False,False
2026-07-01T02:00:00+00:00,2026-07-01T05:00:00+03:00,2026-07,EBM0726,3148.61038148641,EPIAS_VEP:EBM0726,True,False,False
2026-07-01T03:00:00+00:00,2026-07-01T06:00:00+03:00,2026-07,EBM0726,3189.2287901876844,EPIAS_VEP:EBM0726,True,False,False
2026-07-01T04:00:00+00:00,2026-07-01T07:00:00+03:00,2026-07,EBM0726,3227.9848131621225,EPIAS_VEP:EBM0726,True,False,False
2026-07-01T05:00:00+00:00,2026-07-01T08:00:00+03:00,2026-07,EBM0726,3264.763059164556,EPIAS_VEP:EBM0726,True,False,False
2026-07-01T06:00:00+00:00,2026-07-01T09:00:00+03:00,2026-07,EBM0726,3299.481787272865,EPIAS_VEP:EBM0726,True,False,False
2026-07-01T07:00:00+00:00,2026-07-01T10:00:00+03:00,2026-07,EBM0726,3332.08922906338,EPIAS_VEP:EBM0726,True,False,False
2026-07-01T08:00:00+00:00,2026-07-01T11:00:00+03:00,2026-07,EBM0726,3362.560116738072,EPIAS_VEP:EBM0726,True,False,False
2026-07-01T09:00:00+00:00,2026-07-01T12:00:00+03:00,2026-07,EBM0726,3390.8924223803715,EPIAS_VEP:EBM0726,True,False,False
2026-07-01T10:00:00+00:00,2026-07-01T13:00:00+03:00,2026-07,EBM0726,3417.104310866401,EPIAS_VEP:EBM0726,True,False,False
2026-07-01T11:00:00+00:00,2026-07-01T14:00:00+03:00,2026-07,EBM0726,3441.2313066344113,EPIAS_VEP:EBM0726,True,False,False
2026-07-01T12:00:00+00:00,2026-07-01T15:00:00+03:00,2026-07,EBM0726,3463.3236724959343,EPIAS_VEP:EBM0726,True,False,False
2026-07-01T13:00:00+00:00,2026-07-01T16:00:00+03:00,2026-07,EBM0726,3483.4439969362065,EPIAS_VEP:EBM0726,True,False,False
2026-07-01T14:00:00+00:00,2026-07-01T17:00:00+03:00,2026-07,EBM0726,3501.664984877583,EPIAS_VEP:EBM0726,True,False,False
2026-07-01T15:00:00+00:00,2026-07-01T18:00:00+03:00,2026-07,EBM0726,3518.06744564709,EPIAS_VEP:EBM0726,True,False,False
2026-07-01T16:00:00+00:00,2026-07-01T19:00:00+03:00,2026-07,EBM0726,3532.7384708776326,EPIAS_VEP:EBM0726,True,False,False
2026-07-01T17:00:00+00:00,2026-07-01T20:00:00+03:00,2026-07,EBM0726,3545.769794261917,EPIAS_VEP:EBM0726,True,False,False
2026-07-01T18:00:00+00:00,2026-07-01T21:00:00+03:00,2026-07,EBM0726,3557.2563244499265,EPIAS_VEP:EBM0726,True,False,False
2026-07-01T19:00:00+00:00,2026-07-01T22:00:00+03:00,2026-07,EBM0726,3567.2948419165864,EPIAS_VEP:EBM0726,True,False,False
2026-07-01T20:00:00+00:00,2026-07-01T23:00:00+03:00,2026-07,EBM0726,3575.9828503087424,EPIAS_VEP:EBM0726,True,False,False
2026-07-01T21:00:00+00:00,2026-07-02T00:00:00+03:00,2026-07,EBM0726,3583.417572593415,EPIAS_VEP:EBM0726,True,False,False
2026-07-01T22:00:00+00:00,2026-07-02T01:00:00+03:00,2026-07,EBM0726,3589.695082256962,EPIAS_VEP:EBM0726,True,False,False
2026-07-01T23:00:00+00:00,2026-07-02T02:00:00+03:00,2026-07,EBM0726,3594.909559832848,EPIAS_VEP:EBM0726,True,False,False
2026-07-02T00:00:00+00:00,2026-07-02T03:00:00+03:00,2026-07,EBM0726,3599.15266515068,EPIAS_VEP:EBM0726,True,False,False
2026-07-02T01:00:00+00:00,2026-07-02T04:00:00+03:00,2026-07,EBM0726,3602.5130158884454,EPIAS_VEP:EBM0726,True,False,False
2026-07-02T02:00:00+00:00,2026-07-02T05:00:00+03:00,2026-07,EBM0726,3605.0757632619825,EPIAS_VEP:EBM0726,True,False,False
2026-07-02T03:00:00+00:00,2026-07-02T06:00:00+03:00,2026-07,EBM0726,3606.922255989102,EPIAS_VEP:EBM0726,True,False,False
2026-07-02T04:00:00+00:00,2026-07-02T07:00:00+03:00,2026-07,EBM0726,3608.129784015655,EPIAS_VEP:EBM0726,True,False,False
2026-07-02T05:00:00+00:00,2026-07-02T08:00:00+03:00,2026-07,EBM0726,3608.7713938662596,EPIAS_VEP:EBM0726,True,False,False
2026-07-02T06:00:00+00:00,2026-07-02T09:00:00+03:00,2026-07,EBM0726,3608.9157678915003,EPIAS_VEP:EBM0726,True,False,False
2026-07-02T07:00:00+00:00,2026-07-02T10:00:00+03:00,2026-07,EBM0726,3608.627160106941,EPIAS_VEP:EBM0726,True,False,False
2026-07-02T08:00:00+00:00,2026-07-02T11:00:00+03:00,2026-07,EBM0726,3607.9653817557255,EPIAS_VEP:EBM0726,True,False,False
2026-07-02T09:00:00+00:00,2026-07-02T12:00:00+03:00,2026-07,EBM0726,3606.9858301693503,EPIAS_VEP:EBM0726,True,False,False
2026-07-02T10:00:00+00:00,2026-07-02T13:00:00+03:00,2026-07,EBM0726,3605.7395549455046,EPIAS_VEP:EBM0726,True,False,False
2026-07-02T11:00:00+00:00,2026-07-02T14:00:00+03:00,2026-07,EBM0726,3604.273355903225,EPIAS_VEP:EBM0726,True,False,False
2026-07-02T12:00:00+00:00,2026-07-02T15:00:00+03:00,2026-07,EBM0726,3602.6299077104213,EPIAS_VEP:EBM0726,True,False,False
2026-07-02T13:00:00+00:00,2026-07-02T16:00:00+03:00,2026-07,EBM0726,3600.847906503781,EPIAS_VEP:EBM0726,True,False,False
2026-07-02T14:00:00+00:00,2026-07-02T17:00:00+03:00,2026-07,EBM0726,3598.962234233587,EPIAS_VEP:EBM0726,True,False,False
2026-07-02T15:00:00+00:00,2026-07-02T18:00:00+03:00,2026-07,EBM0726,3597.0041368638404,EPIAS_VEP:EBM0726,True,False,False
2026-07-02T16:00:00+00:00,2026-07-02T19:00:00+03:00,2026-07,EBM0726,3595.0014129394835,EPIAS_VEP:EBM0726,True,False,False
2026-07-02T17:00:00+00:00,2026-07-02T20:00:00+03:00,2026-07,EBM0726,3592.978609396139,EPIAS_VEP:EBM0726,True,False,False
2026-07-02T18:00:00+00:00,2026-07-02T21:00:00+03:00,2026-07,EBM0726,3590.9572218325006,EPIAS_VEP:EBM0726,True,False,False
2026-07-02T19:00:00+00:00,2026-07-02T22:00:00+03:00,2026-07,EBM0726,3588.955896790692,EPIAS_VEP:EBM0726,True,False,False
2026-07-02T20:00:00+00:00,2026-07-02T23:00:00+03:00,2026-07,EBM0726,3586.990633895021,EPIAS_VEP:EBM0726,True,False,False
2026-07-02T21:00:00+00:00,2026-07-03T00:00:00+03:00,2026-07,EBM0726,3585.0749859844814,EPIAS_VEP:EBM0726,True,False,False
2026-07-02T22:00:00+00:00,2026-07-03T01:00:00+03:00,2026-07,EBM0726,3583.220255639044,EPIAS_VEP:EBM0726,True,False,False
2026-07-02T23:00:00+00:00,2026-07-03T02:00:00+03:00,2026-07,EBM0726,3581.435686744448,EPIAS_VEP:EBM0726,True,False,False
2026-07-03T00:00:00+00:00,2026-07-03T03:00:00+03:00,2026-07,EBM0726,3579.7286499652346,EPIAS_VEP:EBM0726,True,False,False
2026-07-03T01:00:00+00:00,2026-07-03T04:00:00+03:00,2026-07,EBM0726,3578.1048212016362,EPIAS_VEP:EBM0726,True,False,False
2026-07-03T02:00:00+00:00,2026-07-03T05:00:00+03:00,2026-07,EBM0726,3576.568352293257,EPIAS_VEP:EBM0726,True,False,False
2026-07-03T03:00:00+00:00,2026-07-03T06:00:00+03:00,2026-07,EBM0726,3575.122033401946,EPIAS_VEP:EBM0726,True,False,False
2026-07-03T04:00:00+00:00,2026-07-03T07:00:00+03:00,2026-07,EBM0726,3573.7674466586905,EPIAS_VEP:EBM0726,True,False,False
2026-07-03T05:00:00+00:00,2026-07-03T08:00:00+03:00,2026-07,EBM0726,3572.505110795504,EPIAS_VEP:EBM0726,True,False,False
2026-07-03T06:00:00+00:00,2026-07-03T09:00:00+03:00,2026-07,EBM0726,3571.3346166041015,EPIAS_VEP:EBM0726,True,False,False
2026-07-03T07:00:00+00:00,2026-07-03T10:00:00+03:00,2026-07,EBM0726,3570.2547531694827,EPIAS_VEP:EBM0726,True,False,False
2026-07-03T08:00:00+00:00,2026-07-03T11:00:00+03:00,2026-07,EBM0726,3569.263624919355,EPIAS_VEP:EBM0726,True,False,False
2026-07-03T09:00:00+00:00,2026-07-03T12:00:00+03:00,2026-07,EBM0726,3568.3587596104758,EPIAS_VEP:EBM0726,True,False,False
2026-07-03T10:00:00+00:00,2026-07-03T13:00:00+03:00,2026-07,EBM0726,3567.5372074414786,EPIAS_VEP:EBM0726,True,False,False
2026-07-03T11:00:00+00:00,2026-07-03T14:00:00+03:00,2026-07,EBM0726,3566.7956315394013,EPIAS_VEP:EBM0726,True,False,False
2026-07-03T12:00:00+00:00,2026-07-03T15:00:00+03:00,2026-07,EBM0726,3566.1303901149045,EPIAS_VEP:EBM0726,True,False,False
2026-07-03T13:00:00+00:00,2026-07-03T16:00:00+03:00,2026-07,EBM0726,3565.537610620719,EPIAS_VEP:EBM0726,True,False,False
2026-07-03T14:00:00+00:00,2026-07-03T17:00:00+03:00,2026-07,EBM0726,3565.0132562749304,EPIAS_VEP:EBM0726,True,False,False
2026-07-03T15:00:00+00:00,2026-07-03T18:00:00+03:00,2026-07,EBM0726,3564.5531853389302,EPIAS_VEP:EBM0726,True,False,False
2026-07-03T16:00:00+00:00,2026-07-03T19:00:00+03:00,2026-07,EBM0726,3564.15320355285,EPIAS_VEP:EBM0726,True,False,False
2026-07-03T17:00:00+00:00,2026-07-03T20:00:00+03:00,2026-07,EBM0726,3563.8091101426553,EPIAS_VEP:EBM0726,True,False,False
2026-07-03T18:00:00+00:00,2026-07-03T21:00:00+03:00,2026-07,EBM0726,3563.516737818324,EPIAS_VEP:EBM0726,True,False,False
2026-07-03T19:00:00+00:00,2026-07-03T22:00:00+03:00,2026-07,EBM0726,3563.271987183184,EPIAS_VEP:EBM0726,True,False,False
2026-07-03T20:00:00+00:00,2026-07-03T23:00:00+03:00,2026-07,EBM0726,3563.070855971148,EPIAS_VEP:EBM0726,True,False,False
2026-07-03T21:00:00+00:00,2026-07-04T00:00:00+03:00,2026-07,EBM0726,3562.909463521775,EPIAS_VEP:EBM0726,True,False,False
2026-07-03T22:00:00+00:00,2026-07-04T01:00:00+03:00,2026-07,EBM0726,3562.7840708933963,EPIAS_VEP:EBM0726,True,False,False
2026-07-03T23:00:00+00:00,2026-07-04T02:00:00+03:00,2026-07,EBM0726,3562.691097002359,EPIAS_VEP:EBM0726,True,False,False
2026-07-04T00:00:00+00:00,2026-07-04T03:00:00+03:00,2026-07,EBM0726,3562.62713116229,EPIAS_VEP:EBM0726,True,False,False
2026-07-04T01:00:00+00:00,2026-07-04T04:00:00+03:00,2026-07,EBM0726,3562.5889423814824,EPIAS_VEP:EBM0726,True,False,False
2026-07-04T02:00:00+00:00,2026-07-04T05:00:00+03:00,2026-07,EBM0726,3562.573485759479,EPIAS_VEP:EBM0726,True,False,False
2026-07-04T03:00:00+00:00,2026-07-04T06:00:00+03:00,2026-07,EBM0726,3562.577906305951,EPIAS_VEP:EBM0726,True,False,False
2026-07-04T04:00:00+00:00,2026-07-04T07:00:00+03:00,2026-07,EBM0726,3562.599540486363,EPIAS_VEP:EBM0726,True,False,False
2026-07-04T05:00:00+00:00,2026-07-04T08:00:00+03:00,2026-07,EBM0726,3562.635915779915,EPIAS_VEP:EBM0726,True,False,False
2026-07-04T06:00:00+00:00,2026-07-04T09:00:00+03:00,2026-07,EBM0726,3562.6847485161247,EPIAS_VEP:EBM0726,True,False,False
2026-07-04T07:00:00+00:00,2026-07-04T10:00:00+03:00,2026-07,EBM0726,3562.7439402372966,EPIAS_VEP:EBM0726,True,False,False
2026-07-04T08:00:00+00:00,2026-07-04T11:00:00+03:00,2026-07,EBM0726,3562.811572815251,EPIAS_VEP:EBM0726,True,False,False
2026-07-04T09:00:00+00:00,2026-07-04T12:00:00+03:00,2026-07,EBM0726,3562.8859025321512,EPIAS_VEP:EBM0726,True,False,False
2026-07-04T10:00:00+00:00,2026-07-04T13:00:00+03:00,2026-07,EBM0726,3562.965353317246,EPIAS_VEP:EBM0726,True,False,False
2026-07-04T11:00:00+00:00,2026-07-04T14:00:00+03:00,2026-07,EBM0726,3563.048509313898,EPIAS_VEP:EBM0726,True,False,False
2026-07-04T12:00:00+00:00,2026-07-04T15:00:00+03:00,2026-07,EBM0726,3563.1341069345035,EPIAS_VEP:EBM0726,True,False,False
2026-07-04T13:00:00+00:00,2026-07-04T16:00:00+03:00,2026-07,EBM0726,3563.2210265448925,EPIAS_VEP:EBM0726,True,False,False
2026-07-04T14:00:00+00:00,2026-07-04T17:00:00+03:00,2026-07,EBM0726,3563.3082839045687,EPIAS_VEP:EBM0726,True,False,False
2026-07-04T15:00:00+00:00,2026-07-04T18:00:00+03:00,2026-07,EBM0726,3563.395021474748,EPIAS_VEP:EBM0726,True,False,False
2026-07-04T16:00:00+00:00,2026-07-04T19:00:00+03:00,2026-07,EBM0726,3563.480499692624,EPIAS_VEP:EBM0726,True,False,False
2026-07-04T17:00:00+00:00,2026-07-04T20:00:00+03:00,2026-07,EBM0726,3563.5640882976118,EPIAS_VEP:EBM0726,True,False,False
2026-07-04T18:00:00+00:00,2026-07-04T21:00:00+03:00,2026-07,EBM0726,3563.6452577835216,EPIAS_VEP:EBM0726,True,False,False
2026-07-04T19:00:00+00:00,2026-07-04T22:00:00+03:00,2026-07,EBM0726,3563.7235710397026,EPIAS_VEP:EBM0726,True,False,False
2026-07-04T20:00:00+00:00,2026-07-04T23:00:00+03:00,2026-07,EBM0726,3563.7986752340894,EPIAS_VEP:EBM0726,True,False,False
2026-07-04T21:00:00+00:00,2026-07-05T00:00:00+03:00,2026-07,EBM0726,3563.870293981878,EPIAS_VEP:EBM0726,True,False,False
2026-07-04T22:00:00+00:00,2026-07-05T01:00:00+03:00,2026-07,EBM0726,3563.9382198351086,EPIAS_VEP:EBM0726,True,False,False
2026-07-04T23:00:00+00:00,2026-07-05T02:00:00+03:00,2026-07,EBM0726,3564.0023071207875,EPIAS_VEP:EBM0726,True,False,False
2026-07-05T00:00:00+00:00,2026-07-05T03:00:00+03:00,2026-07,EBM0726,3564.0624651483045,EPIAS_VEP:EBM0726,True,False,False
2026-07-05T01:00:00+00:00,2026-07-05T04:00:00+03:00,2026-07,EBM0726,3564.118651800703,EPIAS_VEP:EBM0726,True,False,False
2026-07-05T02:00:00+00:00,2026-07-05T05:00:00+03:00,2026-07,EBM0726,3564.1708675188784,EPIAS_VEP:EBM0726,True,False,False
2026-07-05T03:00:00+00:00,2026-07-05T06:00:00+03:00,2026-07,EBM0726,3564.219149682913,EPIAS_VEP:EBM0726,True,False,False
2026-07-05T04:00:00+00:00,2026-07-05T07:00:00+03:00,2026-07,EBM0726,3564.263567390505,EPIAS_VEP:EBM0726,True,False,False
2026-07-05T05:00:00+00:00,2026-07-05T08:00:00+03:00,2026-07,EBM0726,3564.304216628751,EPIAS_VEP:EBM0726,True,False,False
2026-07-05T06:00:00+00:00,2026-07-05T09:00:00+03:00,2026-07,EBM0726,3564.341215832375,EPIAS_VEP:EBM0726,True,False,False
2026-07-05T07:00:00+00:00,2026-07-05T10:00:00+03:00,2026-07,EBM0726,3564.3747018188083,EPIAS_VEP:EBM0726,True,False,False
2026-07-05T08:00:00+00:00,2026-07-05T11:00:00+03:00,2026-07,EBM0726,3564.4048260882632,EPIAS_VEP:EBM0726,True,False,False
2026-07-05T09:00:00+00:00,2026-07-05T12:00:00+03:00,2026-07,EBM0726,3564.4317514751383,EPIAS_VEP:EBM0726,True,False,False
2026-07-05T10:00:00+00:00,2026-07-05T13:00:00+03:00,2026-07,EBM0726,3564.455649135589,EPIAS_VEP:EBM0726,True,False,False
2026-07-05T11:00:00+00:00,2026-07-05T14:00:00+03:00,2026-07,EBM0726,3564.4766958549885,EPIAS_VEP:EBM0726,True,False,False
2026-07-05T12:00:00+00:00,2026-07-05T15:00:00+03:00,2026-07,EBM0726,3564.4950716581643,EPIAS_VEP:EBM0726,True,False,False
2026-07-05T13:00:00+00:00,2026-07-05T16:00:00+03:00,2026-07,EBM0726,3564.510957704724,EPIAS_VEP:EBM0726,True,False,False
2026-07-05T14:00:00+00:00,2026-07-05T17:00:00+03:00,2026-07,EBM0726,3564.524534451476,EPIAS_VEP:EBM0726,True,False,False
2026-07-05T15:00:00+00:00,2026-07-05T18:00:00+03:00,2026-07,EBM0726,3564.5359800638234,EPIAS_VEP:EBM0726,True,False,False
2026-07-05T16:00:00+00:00,2026-07-05T19:00:00+03:00,2026-07,EBM0726,3564.545469058091,EPIAS_VEP:EBM0726,True,False,False
2026-07-05T17:00:00+00:00,2026-07-05T20:00:00+03:00,2026-07,EBM0726,3564.553171156963,EPIAS_VEP:EBM0726,True,False,False
2026-07-05T18:00:00+00:00,2026-07-05T21:00:00+03:00,2026-07,EBM0726,3564.5592503405874,EPIAS_VEP:EBM0726,True,False,False
2026-07-05T19:00:00+00:00,2026-07-05T22:00:00+03:00,2026-07,EBM0726,3564.563864076363,EPIAS_VEP:EBM0726,True,False,False
2026-07-05T20:00:00+00:00,2026-07-05T23:00:00+03:00,2026-07,EBM0726,3564.5671627110214,EPIAS_VEP:EBM0726,True,False,False
2026-07-05T21:00:00+00:00,2026-07-06T00:00:00+03:00,2026-07,EBM0726,3564.5692890092523,EPIAS_VEP:EBM0726,True,False,False
2026-07-05T22:00:00+00:00,2026-07-06T01:00:00+03:00,2026-07,EBM0726,3564.570377823842,EPIAS_VEP:EBM0726,True,False,False
2026-07-05T23:00:00+00:00,2026-07-06T02:00:00+03:00,2026-07,EBM0726,3564.570555883042,EPIAS_VEP:EBM0726,True,False,False
2026-07-06T00:00:00+00:00,2026-07-06T03:00:00+03:00,2026-07,EBM0726,3564.569941681688,EPIAS_VEP:EBM0726,True,False,False
2026-07-06T01:00:00+00:00,2026-07-06T04:00:00+03:00,2026-07,EBM0726,3564.5686454633956,EPIAS_VEP:EBM0726,True,False,False
2026-07-06T02:00:00+00:00,2026-07-06T05:00:00+03:00,2026-07,EBM0726,3564.566769281976,EPIAS_VEP:EBM0726,True,False,False
2026-07-06T03:00:00+00:00,2026-07-06T06:00:00+03:00,2026-07,EBM0726,3564.56440713106,EPIAS_VEP:EBM0726,True,False,False
2026-07-06T04:00:00+00:00,2026-07-06T07:00:00+03:00,2026-07,EBM0726,3564.561645131715,EPIAS_VEP:EBM0726,True,False,False
2026-07-06T05:00:00+00:00,2026-07-06T08:00:00+03:00,2026-07,EBM0726,3564.558561768665,EPIAS_VEP:EBM0726,True,False,False
2026-07-06T06:00:00+00:00,2026-07-06T09:00:00+03:00,2026-07,EBM0726,3564.5552281664873,EPIAS_VEP:EBM0726,True,False,False
2026-07-06T07:00:00+00:00,2026-07-06T10:00:00+03:00,2026-07,EBM0726,3564.5517083979466,EPIAS_VEP:EBM0726,True,False,False
2026-07-06T08:00:00+00:00,2026-07-06T11:00:00+03:00,2026-07,EBM0726,3564.54805981736,EPIAS_VEP:EBM0726,True,False,False
2026-07-06T09:00:00+00:00,2026-07-06T12:00:00+03:00,2026-07,EBM0726,3564.544333412568,EPIAS_VEP:EBM0726,True,False,False
2026-07-06T10:00:00+00:00,2026-07-06T13:00:00+03:00,2026-07,EBM0726,3564.5405741697987,EPIAS_VEP:EBM0726,True,False,False
2026-07-06T11:00:00+00:00,2026-07-06T14:00:00+03:00,2026-07,EBM0726,3564.5368214463056,EPIAS_VEP:EBM0726,True,False,False
2026-07-06T12:00:00+00:00,2026-07-06T15:00:00+03:00,2026-07,EBM0726,3564.53310934629,EPIAS_VEP:EBM0726,True,False,False
2026-07-06T13:00:00+00:00,2026-07-06T16:00:00+03:00,2026-07,EBM0726,3564.529467096177,EPIAS_VEP:EBM0726,True,False,False
2026-07-06T14:00:00+00:00,2026-07-06T17:00:00+03:00,2026-07,EBM0726,3564.525919415826,EPIAS_VEP:EBM0726,True,False,False
2026-07-06T15:00:00+00:00,2026-07-06T18:00:00+03:00,2026-07,EBM0726,3564.5224868827527,EPIAS_VEP:EBM0726,True,False,False
2026-07-06T16:00:00+00:00,2026-07-06T19:00:00+03:00,2026-07,EBM0726,3564.519186286896,EPIAS_VEP:EBM0726,True,False,False
2026-07-06T17:00:00+00:00,2026-07-06T20:00:00+03:00,2026-07,EBM0726,3564.516030973874,EPIAS_VEP:EBM0726,True,False,False
2026-07-06T18:00:00+00:00,2026-07-06T21:00:00+03:00,2026-07,EBM0726,3564.5130311750427,EPIAS_VEP:EBM0726,True,False,False
2026-07-06T19:00:00+00:00,2026-07-06T22:00:00+03:00,2026-07,EBM0726,3564.5101943230297,EPIAS_VEP:EBM0726,True,False,False
2026-07-06T20:00:00+00:00,2026-07-06T23:00:00+03:00,2026-07,EBM0726,3564.50752535171,EPIAS_VEP:EBM0726,True,False,False
2026-07-06T21:00:00+00:00,2026-07-07T00:00:00+03:00,2026-07,EBM0726,3564.5050269798903,EPIAS_VEP:EBM0726,True,False,False
2026-07-06T22:00:00+00:00,2026-07-07T01:00:00+03:00,2026-07,EBM0726,3564.5026999782103,EPIAS_VEP:EBM0726,True,False,False
2026-07-06T23:00:00+00:00,2026-07-07T02:00:00+03:00,2026-07,EBM0726,3564.500543418977,EPIAS_VEP:EBM0726,True,False,False
2026-07-07T00:00:00+00:00,2026-07-07T03:00:00+03:00,2026-07,EBM0726,3564.4985549088688,EPIAS_VEP:EBM0726,True,False,False
2026-07-07T01:00:00+00:00,2026-07-07T04:00:00+03:00,2026-07,EBM0726,3564.496730804588,EPIAS_VEP:EBM0726,True,False,False
2026-07-07T02:00:00+00:00,2026-07-07T05:00:00+03:00,2026-07,EBM0726,3564.4950664117114,EPIAS_VEP:EBM0726,True,False,False
2026-07-07T03:00:00+00:00,2026-07-07T06:00:00+03:00,2026-07,EBM0726,3564.4935561671023,EPIAS_VEP:EBM0726,True,False,False
2026-07-07T04:00:00+00:00,2026-07-07T07:00:00+03:00,2026-07,EBM0726,3564.49219380535,EPIAS_VEP:EBM0726,True,False,False
2026-07-07T05:00:00+00:00,2026-07-07T08:00:00+03:00,2026-07,EBM0726,3564.490972509795,EPIAS_VEP:EBM0726,True,False,False
2026-07-07T06:00:00+00:00,2026-07-07T09:00:00+03:00,2026-07,EBM0726,3564.489885048765,EPIAS_VEP:EBM0726,True,False,False
2026-07-07T07:00:00+00:00,2026-07-07T10:00:00+03:00,2026-07,EBM0726,3564.488923897704,EPIAS_VEP:EBM0726,True,False,False
2026-07-07T08:00:00+00:00,2026-07-07T11:00:00+03:00,2026-07,EBM0726,3564.4880813479185,EPIAS_VEP:EBM0726,True,False,False
2026-07-07T09:00:00+00:00,2026-07-07T12:00:00+03:00,2026-07,EBM0726,3564.4873496026903,EPIAS_VEP:EBM0726,True,False,False
2026-07-07T10:00:00+00:00,2026-07-07T13:00:00+03:00,2026-07,EBM0726,3564.4867208615346,EPIAS_VEP:EBM0726,True,False,False
2026-07-07T11:00:00+00:00,2026-07-07T14:00:00+03:00,2026-07,EBM0726,3564.4861873933733,EPIAS_VEP:EBM0726,True,False,False
2026-07-07T12:00:00+00:00,2026-07-07T15:00:00+03:00,2026-07,EBM0726,3564.4857415994084,EPIAS_VEP:EBM0726,True,False,False
2026-07-07T13:00:00+00:00,2026-07-07T16:00:00+03:00,2026-07,EBM0726,3564.4853760664705,EPIAS_VEP:EBM0726,True,False,False
2026-07-07T14:00:00+00:00,2026-07-07T17:00:00+03:00,2026-07,EBM0726,3564.4850836115975,EPIAS_VEP:EBM0726,True,False,False
2026-07-07T15:00:00+00:00,2026-07-07T18:00:00+03:00,2026-07,EBM0726,3564.484857318585,EPIAS_VEP:EBM0726,True,False,False
2026-07-07T16:00:00+00:00,2026-07-07T19:00:00+03:00,2026-07,EBM0726,3564.4846905672375,EPIAS_VEP:EBM0726,True,False,False
2026-07-07T17:00:00+00:00,2026-07-07T20:00:00+03:00,2026-07,EBM0726,3564.484577055994,EPIAS_VEP:EBM0726,True,False,False
2026-07-07T18:00:00+00:00,2026-07-07T21:00:00+03:00,2026-07,EBM0726,3564.484510818603,EPIAS_VEP:EBM0726,True,False,False
2026-07-07T19:00:00+00:00,2026-07-07T22:00:00+03:00,2026-07,EBM0726,3564.4844862354735,EPIAS_VEP:EBM0726,True,False,False
2026-07-07T20:00:00+00:00,2026-07-07T23:00:00+03:00,2026-07,EBM0726,3564.484498040299,EPIAS_VEP:EBM0726,True,False,False
2026-07-07T21:00:00+00:00,2026-07-08T00:00:00+03:00,2026-07,EBM0726,3564.4845413225175,EPIAS_VEP:EBM0726,True,False,False
2026-07-07T22:00:00+00:00,2026-07-08T01:00:00+03:00,2026-07,EBM0726,3564.4846115261303,EPIAS_VEP:EBM0726,True,False,False
2026-07-07T23:00:00+00:00,2026-07-08T02:00:00+03:00,2026-07,EBM0726,3564.4847044453727,EPIAS_VEP:EBM0726,True,False,False
2026-07-08T00:00:00+00:00,2026-07-08T03:00:00+03:00,2026-07,EBM0726,3564.4848162176936,EPIAS_VEP:EBM0726,True,False,False
2026-07-08T01:00:00+00:00,2026-07-08T04:00:00+03:00,2026-07,EBM0726,3564.484943314466,EPIAS_VEP:EBM0726,True,False,False
2026-07-08T02:00:00+00:00,2026-07-08T05:00:00+03:00,2026-07,EBM0726,3564.485082529806,EPIAS_VEP:EBM0726,True,False,False
2026-07-08T03:00:00+00:00,2026-07-08T06:00:00+03:00,2026-07,EBM0726,3564.485230967863,EPIAS_VEP:EBM0726,True,False,False
2026-07-08T04:00:00+00:00,2026-07-08T07:00:00+03:00,2026-07,EBM0726,3564.4853860289018,EPIAS_VEP:EBM0726,True,False,False
2026-07-08T05:00:00+00:00,2026-07-08T08:00:00+03:00,2026-07,EBM0726,3564.4855453944588,EPIAS_VEP:EBM0726,True,False,False
2026-07-08T06:00:00+00:00,2026-07-08T09:00:00+03:00,2026-07,EBM0726,3564.485707011835,EPIAS_VEP:EBM0726,True,False,False
2026-07-08T07:00:00+00:00,2026-07-08T10:00:00+03:00,2026-07,EBM0726,3564.485869078159,EPIAS_VEP:EBM0726,True,False,False
2026-07-08T08:00:00+00:00,2026-07-08T11:00:00+03:00,2026-07,EBM0726,3564.4860300242235,EPIAS_VEP:EBM0726,True,False,False
2026-07-08T09:00:00+00:00,2026-07-08T12:00:00+03:00,2026-07,EBM0726,3564.48618849828,EPIAS_VEP:EBM0726,True,False,False
2026-07-08T10:00:00+00:00,2026-07-08T13:00:00+03:00,2026-07,EBM0726,3564.4863433499463,EPIAS_VEP:EBM0726,True,False,False
2026-07-08T11:00:00+00:00,2026-07-08T14:00:00+03:00,2026-07,EBM0726,3564.4864936143554,EPIAS_VEP:EBM0726,True,False,False
2026-07-08T12:00:00+00:00,2026-07-08T15:00:00+03:00,2026-07,EBM0726,3564.486638496672,EPIAS_VEP:EBM0726,True,False,False
2026-07-08T13:00:00+00:00,2026-07-08T16:00:00+03:00,2026-07,EBM0726,3564.4867773570695,EPIAS_VEP:EBM0726,True,False,False
2026-07-08T14:00:00+00:00,2026-07-08T17:00:00+03:00,2026-07,EBM0726,3564.486909696237,EPIAS_VEP:EBM0726,True,False,False
2026-07-08T15:00:00+00:00,2026-07-08T18:00:00+03:00,2026-07,EBM0726,3564.487035141497,EPIAS_VEP:EBM0726,True,False,False
2026-07-08T16:00:00+00:00,2026-07-08T19:00:00+03:00,2026-07,EBM0726,3564.4871534335675,EPIAS_VEP:EBM0726,True,False,False
2026-07-08T17:00:00+00:00,2026-07-08T20:00:00+03:00,2026-07,EBM0726,3564.4872644140223,EPIAS_VEP:EBM0726,True,False,False
2026-07-08T18:00:00+00:00,2026-07-08T21:00:00+03:00,2026-07,EBM0726,3564.4873680134565,EPIAS_VEP:EBM0726,True,False,False
2026-07-08T19:00:00+00:00,2026-07-08T22:00:00+03:00,2026-07,EBM0726,3564.487464240391,EPIAS_VEP:EBM0726,True,False,False
2026-07-08T20:00:00+00:00,2026-07-08T23:00:00+03:00,2026-07,EBM0726,3564.487553170912,EPIAS_VEP:EBM0726,True,False,False
2026-07-08T21:00:00+00:00,2026-07-09T00:00:00+03:00,2026-07,EBM0726,3564.4876349390493,EPIAS_VEP:EBM0726,True,False,False
2026-07-08T22:00:00+00:00,2026-07-09T01:00:00+03:00,2026-07,EBM0726,3564.4877097278786,EPIAS_VEP:EBM0726,True,False,False
2026-07-08T23:00:00+00:00,2026-07-09T02:00:00+03:00,2026-07,EBM0726,3564.4877777613497,EPIAS_VEP:EBM0726,True,False,False
2026-07-09T00:00:00+00:00,2026-07-09T03:00:00+03:00,2026-07,EBM0726,3564.487839296805,EPIAS_VEP:EBM0726,True,False,False
2026-07-09T01:00:00+00:00,2026-07-09T04:00:00+03:00,2026-07,EBM0726,3564.4878946181802,EPIAS_VEP:EBM0726,True,False,False
2026-07-09T02:00:00+00:00,2026-07-09T05:00:00+03:00,2026-07,EBM0726,3564.4879440298487,EPIAS_VEP:EBM0726,True,False,False
2026-07-09T03:00:00+00:00,2026-07-09T06:00:00+03:00,2026-07,EBM0726,3564.4879878510906,EPIAS_VEP:EBM0726,True,False,False
2026-07-09T04:00:00+00:00,2026-07-09T07:00:00+03:00,2026-07,EBM0726,3564.4880264111493,EPIAS_VEP:EBM0726,True,False,False
2026-07-09T05:00:00+00:00,2026-07-09T08:00:00+03:00,2026-07,EBM0726,3564.4880600448537,EPIAS_VEP:EBM0726,True,False,False
2026-07-09T06:00:00+00:00,2026-07-09T09:00:00+03:00,2026-07,EBM0726,3564.4880890887575,EPIAS_VEP:EBM0726,True,False,False
2026-07-09T07:00:00+00:00,2026-07-09T10:00:00+03:00,2026-07,EBM0726,3564.488113877779,EPIAS_VEP:EBM0726,True,False,False
2026-07-09T08:00:00+00:00,2026-07-09T11:00:00+03:00,2026-07,EBM0726,3564.488134742294,EPIAS_VEP:EBM0726,True,False,False
2026-07-09T09:00:00+00:00,2026-07-09T12:00:00+03:00,2026-07,EBM0726,3564.4881520056556,EPIAS_VEP:EBM0726,True,False,False
2026-07-09T10:00:00+00:00,2026-07-09T13:00:00+03:00,2026-07,EBM0726,3564.488165982111,EPIAS_VEP:EBM0726,True,False,False
2026-07-09T11:00:00+00:00,2026-07-09T14:00:00+03:00,2026-07,EBM0726,3564.488176975073,EPIAS_VEP:EBM0726,True,False,False
2026-07-09T12:00:00+00:00,2026-07-09T15:00:00+03:00,2026-07,EBM0726,3564.488185275723,EPIAS_VEP:EBM0726,True,False,False
2026-07-09T13:00:00+00:00,2026-07-09T16:00:00+03:00,2026-07,EBM0726,3564.488191161914,EPIAS_VEP:EBM0726,True,False,False
2026-07-09T14:00:00+00:00,2026-07-09T17:00:00+03:00,2026-07,EBM0726,3564.488194897336,EPIAS_VEP:EBM0726,True,False,False
2026-07-09T15:00:00+00:00,2026-07-09T18:00:00+03:00,2026-07,EBM0726,3564.4881967309307,EPIAS_VEP:EBM0726,True,False,False
2026-07-09T16:00:00+00:00,2026-07-09T19:00:00+03:00,2026-07,EBM0726,3564.488196896518,EPIAS_VEP:EBM0726,True,False,False
2026-07-09T17:00:00+00:00,2026-07-09T20:00:00+03:00,2026-07,EBM0726,3564.48819561261,EPIAS_VEP:EBM0726,True,False,False
2026-07-09T18:00:00+00:00,2026-07-09T21:00:00+03:00,2026-07,EBM0726,3564.4881930823985,EPIAS_VEP:EBM0726,True,False,False
2026-07-09T19:00:00+00:00,2026-07-09T22:00:00+03:00,2026-07,EBM0726,3564.4881894938776,EPIAS_VEP:EBM0726,True,False,False
2026-07-09T20:00:00+00:00,2026-07-09T23:00:00+03:00,2026-07,EBM0726,3564.4881850201,EPIAS_VEP:EBM0726,True,False,False
2026-07-09T21:00:00+00:00,2026-07-10T00:00:00+03:00,2026-07,EBM0726,3564.488179819536,EPIAS_VEP:EBM0726,True,False,False
2026-07-09T22:00:00+00:00,2026-07-10T01:00:00+03:00,2026-07,EBM0726,3564.4881740365213,EPIAS_VEP:EBM0726,True,False,False
2026-07-09T23:00:00+00:00,2026-07-10T02:00:00+03:00,2026-07,EBM0726,3564.488167801777,EPIAS_VEP:EBM0726,True,False,False
2026-07-10T00:00:00+00:00,2026-07-10T03:00:00+03:00,2026-07,EBM0726,3564.4881612329887,EPIAS_VEP:EBM0726,True,False,False
2026-07-10T01:00:00+00:00,2026-07-10T04:00:00+03:00,2026-07,EBM0726,3564.488154435427,EPIAS_VEP:EBM0726,True,False,False
2026-07-10T02:00:00+00:00,2026-07-10T05:00:00+03:00,2026-07,EBM0726,3564.4881475026086,EPIAS_VEP:EBM0726,True,False,False
2026-07-10T03:00:00+00:00,2026-07-10T06:00:00+03:00,2026-07,EBM0726,3564.488140516973,EPIAS_VEP:EBM0726,True,False,False
2026-07-10T04:00:00+00:00,2026-07-10T07:00:00+03:00,2026-07,EBM0726,3564.4881335505756,EPIAS_VEP:EBM0726,True,False,False
2026-07-10T05:00:00+00:00,2026-07-10T08:00:00+03:00,2026-07,EBM0726,3564.488126665786,EPIAS_VEP:EBM0726,True,False,False
2026-07-10T06:00:00+00:00,2026-07-10T09:00:00+03:00,2026-07,EBM0726,3564.4881199159836,EPIAS_VEP:EBM0726,True,False,False
2026-07-10T07:00:00+00:00,2026-07-10T10:00:00+03:00,2026-07,EBM0726,3564.4881133462472,EPIAS_VEP:EBM0726,True,False,False
2026-07-10T08:00:00+00:00,2026-07-10T11:00:00+03:00,2026-07,EBM0726,3564.4881069940325,EPIAS_VEP:EBM0726,True,False,False
2026-07-10T09:00:00+00:00,2026-07-10T12:00:00+03:00,2026-07,EBM0726,3564.4881008898265,EPIAS_VEP:EBM0726,True,False,False
2026-07-10T10:00:00+00:00,2026-07-10T13:00:00+03:00,2026-07,EBM0726,3564.4880950577813,EPIAS_VEP:EBM0726,True,False,False
2026-07-10T11:00:00+00:00,2026-07-10T14:00:00+03:00,2026-07,EBM0726,3564.4880895163283,EPIAS_VEP:EBM0726,True,False,False
2026-07-10T12:00:00+00:00,2026-07-10T15:00:00+03:00,2026-07,EBM0726,3564.488084278758,EPIAS_VEP:EBM0726,True,False,False
2026-07-10T13:00:00+00:00,2026-07-10T16:00:00+03:00,2026-07,EBM0726,3564.4880793537754,EPIAS_VEP:EBM0726,True,False,False
2026-07-10T14:00:00+00:00,2026-07-10T17:00:00+03:00,2026-07,EBM0726,3564.488074746025,EPIAS_VEP:EBM0726,True,False,False
2026-07-10T15:00:00+00:00,2026-07-10T18:00:00+03:00,2026-07,EBM0726,3564.488070456582,EPIAS_VEP:EBM0726,True,False,False
2026-07-10T16:00:00+00:00,2026-07-10T19:00:00+03:00,2026-07,EBM0726,3564.488066483415,EPIAS_VEP:EBM0726,True,False,False
2026-07-10T17:00:00+00:00,2026-07-10T20:00:00+03:00,2026-07,EBM0726,3564.4880628218143,EPIAS_VEP:EBM0726,True,False,False
2026-07-10T18:00:00+00:00,2026-07-10T21:00:00+03:00,2026-07,EBM0726,3564.4880594647893,EPIAS_VEP:EBM0726,True,False,False
2026-07-10T19:00:00+00:00,2026-07-10T22:00:00+03:00,2026-07,EBM0726,3564.4880564034333,EPIAS_VEP:EBM0726,True,False,False
2026-07-10T20:00:00+00:00,2026-07-10T23:00:00+03:00,2026-07,EBM0726,3564.4880536272594,EPIAS_VEP:EBM0726,True,False,False
2026-07-10T21:00:00+00:00,2026-07-11T00:00:00+03:00,2026-07,EBM0726,3564.4880511245083,EPIAS_VEP:EBM0726,True,False,False
2026-07-10T22:00:00+00:00,2026-07-11T01:00:00+03:00,2026-07,EBM0726,3564.488048882426,EPIAS_VEP:EBM0726,True,False,False
2026-07-10T23:00:00+00:00,2026-07-11T02:00:00+03:00,2026-07,EBM0726,3564.488046887513,EPIAS_VEP:EBM0726,True,False,False
2026-07-11T00:00:00+00:00,2026-07-11T03:00:00+03:00,2026-07,EBM0726,3564.4880451257454,EPIAS_VEP:EBM0726,True,False,False
2026-07-11T01:00:00+00:00,2026-07-11T04:00:00+03:00,2026-07,EBM0726,3564.4880435827786,EPIAS_VEP:EBM0726,True,False,False
2026-07-11T02:00:00+00:00,2026-07-11T05:00:00+03:00,2026-07,EBM0726,3564.488042244123,EPIAS_VEP:EBM0726,True,False,False
2026-07-11T03:00:00+00:00,2026-07-11T06:00:00+03:00,2026-07,EBM0726,3564.4880410952956,EPIAS_VEP:EBM0726,True,False,False
2026-07-11T04:00:00+00:00,2026-07-11T07:00:00+03:00,2026-07,EBM0726,3564.488040121956,EPIAS_VEP:EBM0726,True,False,False
2026-07-11T05:00:00+00:00,2026-07-11T08:00:00+03:00,2026-07,EBM0726,3564.4880393100225,EPIAS_VEP:EBM0726,True,False,False
2026-07-11T06:00:00+00:00,2026-07-11T09:00:00+03:00,2026-07,EBM0726,3564.4880386457685,EPIAS_VEP:EBM0726,True,False,False
2026-07-11T07:00:00+00:00,2026-07-11T10:00:00+03:00,2026-07,EBM0726,3564.4880381159032,EPIAS_VEP:EBM0726,True,False,False
2026-07-11T08:00:00+00:00,2026-07-11T11:00:00+03:00,2026-07,EBM0726,3564.4880377076342,EPIAS_VEP:EBM0726,True,False,False
2026-07-11T09:00:00+00:00,2026-07-11T12:00:00+03:00,2026-07,EBM0726,3564.4880374087247,EPIAS_VEP:EBM0726,True,False,False
2026-07-11T10:00:00+00:00,2026-07-11T13:00:00+03:00,2026-07,EBM0726,3564.4880372075313,EPIAS_VEP:EBM0726,True,False,False
2026-07-11T11:00:00+00:00,2026-07-11T14:00:00+03:00,2026-07,EBM0726,3564.488037093039,EPIAS_VEP:EBM0726,True,False,False
2026-07-11T12:00:00+00:00,2026-07-11T15:00:00+03:00,2026-07,EBM0726,3564.488037054879,EPIAS_VEP:EBM0726,True,False,False
2026-07-11T13:00:00+00:00,2026-07-11T16:00:00+03:00,2026-07,EBM0726,3564.488037083338,EPIAS_VEP:EBM0726,True,False,False
2026-07-11T14:00:00+00:00,2026-07-11T17:00:00+03:00,2026-07,EBM0726,3564.488037169362,EPIAS_VEP:EBM0726,True,False,False
2026-07-11T15:00:00+00:00,2026-07-11T18:00:00+03:00,2026-07,EBM0726,3564.4880373045553,EPIAS_VEP:EBM0726,True,False,False
2026-07-11T16:00:00+00:00,2026-07-11T19:00:00+03:00,2026-07,EBM0726,3564.488037481173,EPIAS_VEP:EBM0726,True,False,False
2026-07-11T17:00:00+00:00,2026-07-11T20:00:00+03:00,2026-07,EBM0726,3564.4880376921055,EPIAS_VEP:EBM0726,True,False,False
2026-07-11T18:00:00+00:00,2026-07-11T21:00:00+03:00,2026-07,EBM0726,3564.4880379308624,EPIAS_VEP:EBM0726,True,False,False
2026-07-11T19:00:00+00:00,2026-07-11T22:00:00+03:00,2026-07,EBM0726,3564.4880381915523,EPIAS_VEP:EBM0726,True,False,False
2026-07-11T20:00:00+00:00,2026-07-11T23:00:00+03:00,2026-07,EBM0726,3564.4880384688563,EPIAS_VEP:EBM0726,True,False,False
2026-07-11T21:00:00+00:00,2026-07-12T00:00:00+03:00,2026-07,EBM0726,3564.488038758002,EPIAS_VEP:EBM0726,True,False,False
2026-07-11T22:00:00+00:00,2026-07-12T01:00:00+03:00,2026-07,EBM0726,3564.488039054737,EPIAS_VEP:EBM0726,True,False,False
2026-07-11T23:00:00+00:00,2026-07-12T02:00:00+03:00,2026-07,EBM0726,3564.488039355298,EPIAS_VEP:EBM0726,True,False,False
2026-07-12T00:00:00+00:00,2026-07-12T03:00:00+03:00,2026-07,EBM0726,3564.488039656382,EPIAS_VEP:EBM0726,True,False,False
2026-07-12T01:00:00+00:00,2026-07-12T04:00:00+03:00,2026-07,EBM0726,3564.488039955117,EPIAS_VEP:EBM0726,True,False,False
2026-07-12T02:00:00+00:00,2026-07-12T05:00:00+03:00,2026-07,EBM0726,3564.488040249031,EPIAS_VEP:EBM0726,True,False,False
2026-07-12T03:00:00+00:00,2026-07-12T06:00:00+03:00,2026-07,EBM0726,3564.488040536025,EPIAS_VEP:EBM0726,True,False,False
2026-07-12T04:00:00+00:00,2026-07-12T07:00:00+03:00,2026-07,EBM0726,3564.4880408143404,EPIAS_VEP:EBM0726,True,False,False
2026-07-12T05:00:00+00:00,2026-07-12T08:00:00+03:00,2026-07,EBM0726,3564.488041082532,EPIAS_VEP:EBM0726,True,False,False
2026-07-12T06:00:00+00:00,2026-07-12T09:00:00+03:00,2026-07,EBM0726,3564.48804133944,EPIAS_VEP:EBM0726,True,False,False
2026-07-12T07:00:00+00:00,2026-07-12T10:00:00+03:00,2026-07,EBM0726,3564.488041584161,EPIAS_VEP:EBM0726,True,False,False
2026-07-12T08:00:00+00:00,2026-07-12T11:00:00+03:00,2026-07,EBM0726,3564.4880418160255,EPIAS_VEP:EBM0726,True,False,False
2026-07-12T09:00:00+00:00,2026-07-12T12:00:00+03:00,2026-07,EBM0726,3564.488042034572,EPIAS_VEP:EBM0726,True,False,False
2026-07-12T10:00:00+00:00,2026-07-12T13:00:00+03:00,2026-07,EBM0726,3564.488042239522,EPIAS_VEP:EBM0726,True,False,False
2026-07-12T11:00:00+00:00,2026-07-12T14:00:00+03:00,2026-07,EBM0726,3564.4880424307644,EPIAS_VEP:EBM0726,True,False,False
2026-07-12T12:00:00+00:00,2026-07-12T15:00:00+03:00,2026-07,EBM0726,3564.4880426083273,EPIAS_VEP:EBM0726,True,False,False
2026-07-12T13:00:00+00:00,2026-07-12T16:00:00+03:00,2026-07,EBM0726,3564.4880427723638,EPIAS_VEP:EBM0726,True,False,False
2026-07-12T14:00:00+00:00,2026-07-12T17:00:00+03:00,2026-07,EBM0726,3564.488042923132,EPIAS_VEP:EBM0726,True,False,False
2026-07-12T15:00:00+00:00,2026-07-12T18:00:00+03:00,2026-07,EBM0726,3564.48804306098,EPIAS_VEP:EBM0726,True,False,False
2026-07-12T16:00:00+00:00,2026-07-12T19:00:00+03:00,2026-07,EBM0726,3564.4880431863303,EPIAS_VEP:EBM0726,True,False,False
2026-07-12T17:00:00+00:00,2026-07-12T20:00:00+03:00,2026-07,EBM0726,3564.488043299666,EPIAS_VEP:EBM0726,True,False,False
2026-07-12T18:00:00+00:00,2026-07-12T21:00:00+03:00,2026-07,EBM0726,3564.488043401517,EPIAS_VEP:EBM0726,True,False,False
2026-07-12T19:00:00+00:00,2026-07-12T22:00:00+03:00,2026-07,EBM0726,3564.4880434924517,EPIAS_VEP:EBM0726,True,False,False
2026-07-12T20:00:00+00:00,2026-07-12T23:00:00+03:00,2026-07,EBM0726,3564.4880435730634,EPIAS_VEP:EBM0726,True,False,False
2026-07-12T21:00:00+00:00,2026-07-13T00:00:00+03:00,2026-07,EBM0726,3564.4880436439635,EPIAS_VEP:EBM0726,True,False,False
2026-07-12T22:00:00+00:00,2026-07-13T01:00:00+03:00,2026-07,EBM0726,3564.488043705773,EPIAS_VEP:EBM0726,True,False,False
2026-07-12T23:00:00+00:00,2026-07-13T02:00:00+03:00,2026-07,EBM0726,3564.4880437591173,EPIAS_VEP:EBM0726,True,False,False
2026-07-13T00:00:00+00:00,2026-07-13T03:00:00+03:00,2026-07,EBM0726,3564.488043804616,EPIAS_VEP:EBM0726,True,False,False
2026-07-13T01:00:00+00:00,2026-07-13T04:00:00+03:00,2026-07,EBM0726,3564.4880438428795,EPIAS_VEP:EBM0726,True,False,False
2026-07-13T02:00:00+00:00,2026-07-13T05:00:00+03:00,2026-07,EBM0726,3564.4880438745026,EPIAS_VEP:EBM0726,True,False,False
2026-07-13T03:00:00+00:00,2026-07-13T06:00:00+03:00,2026-07,EBM0726,3564.488043900065,EPIAS_VEP:EBM0726,True,False,False
2026-07-13T04:00:00+00:00,2026-07-13T07:00:00+03:00,2026-07,EBM0726,3564.488043920123,EPIAS_VEP:EBM0726,True,False,False
2026-07-13T05:00:00+00:00,2026-07-13T08:00:00+03:00,2026-07,EBM0726,3564.4880439352105,EPIAS_VEP:EBM0726,True,False,False
2026-07-13T06:00:00+00:00,2026-07-13T09:00:00+03:00,2026-07,EBM0726,3564.488043945835,EPIAS_VEP:EBM0726,True,False,False
2026-07-13T07:00:00+00:00,2026-07-13T10:00:00+03:00,2026-07,EBM0726,3564.48804395248,EPIAS_VEP:EBM0726,True,False,False
2026-07-13T08:00:00+00:00,2026-07-13T11:00:00+03:00,2026-07,EBM0726,3564.488043955599,EPIAS_VEP:EBM0726,True,False,False
2026-07-13T09:00:00+00:00,2026-07-13T12:00:00+03:00,2026-07,EBM0726,3564.4880439556223,EPIAS_VEP:EBM0726,True,False,False
2026-07-13T10:00:00+00:00,2026-07-13T13:00:00+03:00,2026-07,EBM0726,3564.488043952952,EPIAS_VEP:EBM0726,True,False,False
2026-07-13T11:00:00+00:00,2026-07-13T14:00:00+03:00,2026-07,EBM0726,3564.4880439479675,EPIAS_VEP:EBM0726,True,False,False
2026-07-13T12:00:00+00:00,2026-07-13T15:00:00+03:00,2026-07,EBM0726,3564.48804394102,EPIAS_VEP:EBM0726,True,False,False
2026-07-13T13:00:00+00:00,2026-07-13T16:00:00+03:00,2026-07,EBM0726,3564.488043932432,EPIAS_VEP:EBM0726,True,False,False
2026-07-13T14:00:00+00:00,2026-07-13T17:00:00+03:00,2026-07,EBM0726,3564.4880439225,EPIAS_VEP:EBM0726,True,False,False
2026-07-13T15:00:00+00:00,2026-07-13T18:00:00+03:00,2026-07,EBM0726,3564.4880439114913,EPIAS_VEP:EBM0726,True,False,False
2026-07-13T16:00:00+00:00,2026-07-13T19:00:00+03:00,2026-07,EBM0726,3564.4880438996493,EPIAS_VEP:EBM0726,True,False,False
2026-07-13T17:00:00+00:00,2026-07-13T20:00:00+03:00,2026-07,EBM0726,3564.4880438871915,EPIAS_VEP:EBM0726,True,False,False
2026-07-13T18:00:00+00:00,2026-07-13T21:00:00+03:00,2026-07,EBM0726,3564.488043874315,EPIAS_VEP:EBM0726,True,False,False
2026-07-13T19:00:00+00:00,2026-07-13T22:00:00+03:00,2026-07,EBM0726,3564.4880438611967,EPIAS_VEP:EBM0726,True,False,False
2026-07-13T20:00:00+00:00,2026-07-13T23:00:00+03:00,2026-07,EBM0726,3564.488043847992,EPIAS_VEP:EBM0726,True,False,False
2026-07-13T21:00:00+00:00,2026-07-14T00:00:00+03:00,2026-07,EBM0726,3564.488043834835,EPIAS_VEP:EBM0726,True,False,False
2026-07-13T22:00:00+00:00,2026-07-14T01:00:00+03:00,2026-07,EBM0726,3564.4880438218433,EPIAS_VEP:EBM0726,True,False,False
2026-07-13T23:00:00+00:00,2026-07-14T02:00:00+03:00,2026-07,EBM0726,3564.4880438091177,EPIAS_VEP:EBM0726,True,False,False
2026-07-14T00:00:00+00:00,2026-07-14T03:00:00+03:00,2026-07,EBM0726,3564.488043796742,EPIAS_VEP:EBM0726,True,False,False
2026-07-14T01:00:00+00:00,2026-07-14T04:00:00+03:00,2026-07,EBM0726,3564.4880437847864,EPIAS_VEP:EBM0726,True,False,False
2026-07-14T02:00:00+00:00,2026-07-14T05:00:00+03:00,2026-07,EBM0726,3564.488043773306,EPIAS_VEP:EBM0726,True,False,False
2026-07-14T03:00:00+00:00,2026-07-14T06:00:00+03:00,2026-07,EBM0726,3564.4880437623447,EPIAS_VEP:EBM0726,True,False,False
2026-07-14T04:00:00+00:00,2026-07-14T07:00:00+03:00,2026-07,EBM0726,3564.4880437519355,EPIAS_VEP:EBM0726,True,False,False
2026-07-14T05:00:00+00:00,2026-07-14T08:00:00+03:00,2026-07,EBM0726,3564.488043742101,EPIAS_VEP:EBM0726,True,False,False
2026-07-14T06:00:00+00:00,2026-07-14T09:00:00+03:00,2026-07,EBM0726,3564.4880437328566,EPIAS_VEP:EBM0726,True,False,False
2026-07-14T07:00:00+00:00,2026-07-14T10:00:00+03:00,2026-07,EBM0726,3564.488043724212,EPIAS_VEP:EBM0726,True,False,False
2026-07-14T08:00:00+00:00,2026-07-14T11:00:00+03:00,2026-07,EBM0726,3564.4880437161682,EPIAS_VEP:EBM0726,True,False,False
2026-07-14T09:00:00+00:00,2026-07-14T12:00:00+03:00,2026-07,EBM0726,3564.4880437087204,EPIAS_VEP:EBM0726,True,False,False
2026-07-14T10:00:00+00:00,2026-07-14T13:00:00+03:00,2026-07,EBM0726,3564.488043701859,EPIAS_VEP:EBM0726,True,False,False
2026-07-14T11:00:00+00:00,2026-07-14T14:00:00+03:00,2026-07,EBM0726,3564.488043695573,EPIAS_VEP:EBM0726,True,False,False
2026-07-14T12:00:00+00:00,2026-07-14T15:00:00+03:00,2026-07,EBM0726,3564.488043689847,EPIAS_VEP:EBM0726,True,False,False
2026-07-14T13:00:00+00:00,2026-07-14T16:00:00+03:00,2026-07,EBM0726,3564.488043684663,EPIAS_VEP:EBM0726,True,False,False
2026-07-14T14:00:00+00:00,2026-07-14T17:00:00+03:00,2026-07,EBM0726,3564.488043679999,EPIAS_VEP:EBM0726,True,False,False
2026-07-14T15:00:00+00:00,2026-07-14T18:00:00+03:00,2026-07,EBM0726,3564.488043675832,EPIAS_VEP:EBM0726,True,False,False
2026-07-14T16:00:00+00:00,2026-07-14T19:00:00+03:00,2026-07,EBM0726,3564.4880436721346,EPIAS_VEP:EBM0726,True,False,False
2026-07-14T17:00:00+00:00,2026-07-14T20:00:00+03:00,2026-07,EBM0726,3564.488043668879,EPIAS_VEP:EBM0726,True,False,False
2026-07-14T18:00:00+00:00,2026-07-14T21:00:00+03:00,2026-07,EBM0726,3564.488043666038,EPIAS_VEP:EBM0726,True,False,False
2026-07-14T19:00:00+00:00,2026-07-14T22:00:00+03:00,2026-07,EBM0726,3564.488043663584,EPIAS_VEP:EBM0726,True,False,False
2026-07-14T20:00:00+00:00,2026-07-14T23:00:00+03:00,2026-07,EBM0726,3564.4880436614912,EPIAS_VEP:EBM0726,True,False,False
2026-07-14T21:00:00+00:00,2026-07-15T00:00:00+03:00,2026-07,EBM0726,3564.4880436597314,EPIAS_VEP:EBM0726,True,False,False
2026-07-14T22:00:00+00:00,2026-07-15T01:00:00+03:00,2026-07,EBM0726,3564.4880436582766,EPIAS_VEP:EBM0726,True,False,False
2026-07-14T23:00:00+00:00,2026-07-15T02:00:00+03:00,2026-07,EBM0726,3564.4880436571007,EPIAS_VEP:EBM0726,True,False,False
2026-07-15T00:00:00+00:00,2026-07-15T03:00:00+03:00,2026-07,EBM0726,3564.4880436561784,EPIAS_VEP:EBM0726,True,False,False
2026-07-15T01:00:00+00:00,2026-07-15T04:00:00+03:00,2026-07,EBM0726,3564.4880436554863,EPIAS_VEP:EBM0726,True,False,False
2026-07-15T02:00:00+00:00,2026-07-15T05:00:00+03:00,2026-07,EBM0726,3564.4880436550034,EPIAS_VEP:EBM0726,True,False,False
2026-07-15T03:00:00+00:00,2026-07-15T06:00:00+03:00,2026-07,EBM0726,3564.4880436547073,EPIAS_VEP:EBM0726,True,False,False
2026-07-15T04:00:00+00:00,2026-07-15T07:00:00+03:00,2026-07,EBM0726,3564.4880436545786,EPIAS_VEP:EBM0726,True,False,False
2026-07-15T05:00:00+00:00,2026-07-15T08:00:00+03:00,2026-07,EBM0726,3564.488043654599,EPIAS_VEP:EBM0726,True,False,False
2026-07-15T06:00:00+00:00,2026-07-15T09:00:00+03:00,2026-07,EBM0726,3564.4880436547514,EPIAS_VEP:EBM0726,True,False,False
2026-07-15T07:00:00+00:00,2026-07-15T10:00:00+03:00,2026-07,EBM0726,3564.4880436550184,EPIAS_VEP:EBM0726,True,False,False
2026-07-15T08:00:00+00:00,2026-07-15T11:00:00+03:00,2026-07,EBM0726,3564.4880436553844,EPIAS_VEP:EBM0726,True,False,False
2026-07-15T09:00:00+00:00,2026-07-15T12:00:00+03:00,2026-07,EBM0726,3564.4880436558346,EPIAS_VEP:EBM0726,True,False,False
2026-07-15T10:00:00+00:00,2026-07-15T13:00:00+03:00,2026-07,EBM0726,3564.488043656356,EPIAS_VEP:EBM0726,True,False,False
2026-07-15T11:00:00+00:00,2026-07-15T14:00:00+03:00,2026-07,EBM0726,3564.488043656935,EPIAS_VEP:EBM0726,True,False,False
2026-07-15T12:00:00+00:00,2026-07-15T15:00:00+03:00,2026-07,EBM0726,3564.4880436575622,EPIAS_VEP:EBM0726,True,False,False
2026-07-15T13:00:00+00:00,2026-07-15T16:00:00+03:00,2026-07,EBM0726,3564.488043658228,EPIAS_VEP:EBM0726,True,False,False
2026-07-15T14:00:00+00:00,2026-07-15T17:00:00+03:00,2026-07,EBM0726,3564.488043658923,EPIAS_VEP:EBM0726,True,False,False
2026-07-15T15:00:00+00:00,2026-07-15T18:00:00+03:00,2026-07,EBM0726,3564.4880436596372,EPIAS_VEP:EBM0726,True,False,False
2026-07-15T16:00:00+00:00,2026-07-15T19:00:00+03:00,2026-07,EBM0726,3564.488043660361,EPIAS_VEP:EBM0726,True,False,False
2026-07-15T17:00:00+00:00,2026-07-15T20:00:00+03:00,2026-07,EBM0726,3564.4880436610874,EPIAS_VEP:EBM0726,True,False,False
2026-07-15T18:00:00+00:00,2026-07-15T21:00:00+03:00,2026-07,EBM0726,3564.4880436618096,EPIAS_VEP:EBM0726,True,False,False
2026-07-15T19:00:00+00:00,2026-07-15T22:00:00+03:00,2026-07,EBM0726,3564.4880436625203,EPIAS_VEP:EBM0726,True,False,False
2026-07-15T20:00:00+00:00,2026-07-15T23:00:00+03:00,2026-07,EBM0726,3564.4880436632134,EPIAS_VEP:EBM0726,True,False,False
2026-07-15T21:00:00+00:00,2026-07-16T00:00:00+03:00,2026-07,EBM0726,3564.4880436638828,EPIAS_VEP:EBM0726,True,False,False
2026-07-15T22:00:00+00:00,2026-07-16T01:00:00+03:00,2026-07,EBM0726,3564.488043664524,EPIAS_VEP:EBM0726,True,False,False
2026-07-15T23:00:00+00:00,2026-07-16T02:00:00+03:00,2026-07,EBM0726,3564.4880436651324,EPIAS_VEP:EBM0726,True,False,False
2026-07-16T00:00:00+00:00,2026-07-16T03:00:00+03:00,2026-07,EBM0726,3564.488043665705,EPIAS_VEP:EBM0726,True,False,False
2026-07-16T01:00:00+00:00,2026-07-16T04:00:00+03:00,2026-07,EBM0726,3564.4880436662365,EPIAS_VEP:EBM0726,True,False,False
2026-07-16T02:00:00+00:00,2026-07-16T05:00:00+03:00,2026-07,EBM0726,3564.4880436667245,EPIAS_VEP:EBM0726,True,False,False
2026-07-16T03:00:00+00:00,2026-07-16T06:00:00+03:00,2026-07,EBM0726,3564.488043667168,EPIAS_VEP:EBM0726,True,False,False
2026-07-16T04:00:00+00:00,2026-07-16T07:00:00+03:00,2026-07,EBM0726,3564.488043667568,EPIAS_VEP:EBM0726,True,False,False
2026-07-16T05:00:00+00:00,2026-07-16T08:00:00+03:00,2026-07,EBM0726,3564.488043667926,EPIAS_VEP:EBM0726,True,False,False
2026-07-16T06:00:00+00:00,2026-07-16T09:00:00+03:00,2026-07,EBM0726,3564.4880436682433,EPIAS_VEP:EBM0726,True,False,False
2026-07-16T07:00:00+00:00,2026-07-16T10:00:00+03:00,2026-07,EBM0726,3564.4880436685253,EPIAS_VEP:EBM0726,True,False,False
2026-07-16T08:00:00+00:00,2026-07-16T11:00:00+03:00,2026-07,EBM0726,3564.4880436687768,EPIAS_VEP:EBM0726,True,False,False
2026-07-16T09:00:00+00:00,2026-07-16T12:00:00+03:00,2026-07,EBM0726,3564.488043669,EPIAS_VEP:EBM0726,True,False,False
2026-07-16T10:00:00+00:00,2026-07-16T13:00:00+03:00,2026-07,EBM0726,3564.4880436691997,EPIAS_VEP:EBM0726,True,False,False
2026-07-16T11:00:00+00:00,2026-07-16T14:00:00+03:00,2026-07,EBM0726,3564.4880436693793,EPIAS_VEP:EBM0726,True,False,False
2026-07-16T12:00:00+00:00,2026-07-16T15:00:00+03:00,2026-07,EBM0726,3564.48804366954,EPIAS_VEP:EBM0726,True,False,False
2026-07-16T13:00:00+00:00,2026-07-16T16:00:00+03:00,2026-07,EBM0726,3564.488043669683,EPIAS_VEP:EBM0726,True,False,False
2026-07-16T14:00:00+00:00,2026-07-16T17:00:00+03:00,2026-07,EBM0726,3564.488043669811,EPIAS_VEP:EBM0726,True,False,False
2026-07-16T15:00:00+00:00,2026-07-16T18:00:00+03:00,2026-07,EBM0726,3564.488043669925,EPIAS_VEP:EBM0726,True,False,False
2026-07-16T16:00:00+00:00,2026-07-16T19:00:00+03:00,2026-07,EBM0726,3564.488043670027,EPIAS_VEP:EBM0726,True,False,False
2026-07-16T17:00:00+00:00,2026-07-16T20:00:00+03:00,2026-07,EBM0726,3564.4880436701183,EPIAS_VEP:EBM0726,True,False,False
2026-07-16T18:00:00+00:00,2026-07-16T21:00:00+03:00,2026-07,EBM0726,3564.488043670199,EPIAS_VEP:EBM0726,True,False,False
2026-07-16T19:00:00+00:00,2026-07-16T22:00:00+03:00,2026-07,EBM0726,3564.488043670272,EPIAS_VEP:EBM0726,True,False,False
2026-07-16T20:00:00+00:00,2026-07-16T23:00:00+03:00,2026-07,EBM0726,3564.488043670339,EPIAS_VEP:EBM0726,True,False,False
2026-07-16T21:00:00+00:00,2026-07-17T00:00:00+03:00,2026-07,EBM0726,3564.4880436704016,EPIAS_VEP:EBM0726,True,False,False
2026-07-16T22:00:00+00:00,2026-07-17T01:00:00+03:00,2026-07,EBM0726,3564.4880436704607,EPIAS_VEP:EBM0726,True,False,False
2026-07-16T23:00:00+00:00,2026-07-17T02:00:00+03:00,2026-07,EBM0726,3564.4880436705193,EPIAS_VEP:EBM0726,True,False,False
2026-07-17T00:00:00+00:00,2026-07-17T03:00:00+03:00,2026-07,EBM0726,3564.488043670578,EPIAS_VEP:EBM0726,True,False,False
2026-07-17T01:00:00+00:00,2026-07-17T04:00:00+03:00,2026-07,EBM0726,3564.488043670638,EPIAS_VEP:EBM0726,True,False,False
2026-07-17T02:00:00+00:00,2026-07-17T05:00:00+03:00,2026-07,EBM0726,3564.4880436707012,EPIAS_VEP:EBM0726,True,False,False
2026-07-17T03:00:00+00:00,2026-07-17T06:00:00+03:00,2026-07,EBM0726,3564.4880436707685,EPIAS_VEP:EBM0726,True,False,False
2026-07-17T04:00:00+00:00,2026-07-17T07:00:00+03:00,2026-07,EBM0726,3564.4880436708404,EPIAS_VEP:EBM0726,True,False,False
2026-07-17T05:00:00+00:00,2026-07-17T08:00:00+03:00,2026-07,EBM0726,3564.488043670915,EPIAS_VEP:EBM0726,True,False,False
2026-07-17T06:00:00+00:00,2026-07-17T09:00:00+03:00,2026-07,EBM0726,3564.4880436709896,EPIAS_VEP:EBM0726,True,False,False
2026-07-17T07:00:00+00:00,2026-07-17T10:00:00+03:00,2026-07,EBM0726,3564.4880436710614,EPIAS_VEP:EBM0726,True,False,False
2026-07-17T08:00:00+00:00,2026-07-17T11:00:00+03:00,2026-07,EBM0726,3564.4880436711287,EPIAS_VEP:EBM0726,True,False,False
2026-07-17T09:00:00+00:00,2026-07-17T12:00:00+03:00,2026-07,EBM0726,3564.4880436711874,EPIAS_VEP:EBM0726,True,False,False
2026-07-17T10:00:00+00:00,2026-07-17T13:00:00+03:00,2026-07,EBM0726,3564.488043671235,EPIAS_VEP:EBM0726,True,False,False
2026-07-17T11:00:00+00:00,2026-07-17T14:00:00+03:00,2026-07,EBM0726,3564.488043671269,EPIAS_VEP:EBM0726,True,False,False
2026-07-17T12:00:00+00:00,2026-07-17T15:00:00+03:00,2026-07,EBM0726,3564.4880436712865,EPIAS_VEP:EBM0726,True,False,False
2026-07-17T13:00:00+00:00,2026-07-17T16:00:00+03:00,2026-07,EBM0726,3564.488043671285,EPIAS_VEP:EBM0726,True,False,False
2026-07-17T14:00:00+00:00,2026-07-17T17:00:00+03:00,2026-07,EBM0726,3564.4880436712633,EPIAS_VEP:EBM0726,True,False,False
2026-07-17T15:00:00+00:00,2026-07-17T18:00:00+03:00,2026-07,EBM0726,3564.48804367122,EPIAS_VEP:EBM0726,True,False,False
2026-07-17T16:00:00+00:00,2026-07-17T19:00:00+03:00,2026-07,EBM0726,3564.4880436711537,EPIAS_VEP:EBM0726,True,False,False
2026-07-17T17:00:00+00:00,2026-07-17T20:00:00+03:00,2026-07,EBM0726,3564.488043671064,EPIAS_VEP:EBM0726,True,False,False
2026-07-17T18:00:00+00:00,2026-07-17T21:00:00+03:00,2026-07,EBM0726,3564.4880436709527,EPIAS_VEP:EBM0726,True,False,False
2026-07-17T19:00:00+00:00,2026-07-17T22:00:00+03:00,2026-07,EBM0726,3564.4880436708204,EPIAS_VEP:EBM0726,True,False,False
2026-07-17T20:00:00+00:00,2026-07-17T23:00:00+03:00,2026-07,EBM0726,3564.488043670669,EPIAS_VEP:EBM0726,True,False,False
2026-07-17T21:00:00+00:00,2026-07-18T00:00:00+03:00,2026-07,EBM0726,3564.488043670502,EPIAS_VEP:EBM0726,True,False,False
2026-07-17T22:00:00+00:00,2026-07-18T01:00:00+03:00,2026-07,EBM0726,3564.4880436703215,EPIAS_VEP:EBM0726,True,False,False
2026-07-17T23:00:00+00:00,2026-07-18T02:00:00+03:00,2026-07,EBM0726,3564.488043670129,EPIAS_VEP:EBM0726,True,False,False
2026-07-18T00:00:00+00:00,2026-07-18T03:00:00+03:00,2026-07,EBM0726,3564.4880436699277,EPIAS_VEP:EBM0726,True,False,False
2026-07-18T01:00:00+00:00,2026-07-18T04:00:00+03:00,2026-07,EBM0726,3564.4880436697176,EPIAS_VEP:EBM0726,True,False,False
2026-07-18T02:00:00+00:00,2026-07-18T05:00:00+03:00,2026-07,EBM0726,3564.4880436695,EPIAS_VEP:EBM0726,True,False,False
2026-07-18T03:00:00+00:00,2026-07-18T06:00:00+03:00,2026-07,EBM0726,3564.488043669276,EPIAS_VEP:EBM0726,True,False,False
2026-07-18T04:00:00+00:00,2026-07-18T07:00:00+03:00,2026-07,EBM0726,3564.4880436690487,EPIAS_VEP:EBM0726,True,False,False
2026-07-18T05:00:00+00:00,2026-07-18T08:00:00+03:00,2026-07,EBM0726,3564.488043668818,EPIAS_VEP:EBM0726,True,False,False
2026-07-18T06:00:00+00:00,2026-07-18T09:00:00+03:00,2026-07,EBM0726,3564.488043668585,EPIAS_VEP:EBM0726,True,False,False
2026-07-18T07:00:00+00:00,2026-07-18T10:00:00+03:00,2026-07,EBM0726,3564.488043668351,EPIAS_VEP:EBM0726,True,False,False
2026-07-18T08:00:00+00:00,2026-07-18T11:00:00+03:00,2026-07,EBM0726,3564.4880436681174,EPIAS_VEP:EBM0726,True,False,False
2026-07-18T09:00:00+00:00,2026-07-18T12:00:00+03:00,2026-07,EBM0726,3564.4880436678836,EPIAS_VEP:EBM0726,True,False,False
2026-07-18T10:00:00+00:00,2026-07-18T13:00:00+03:00,2026-07,EBM0726,3564.4880436676503,EPIAS_VEP:EBM0726,True,False,False
2026-07-18T11:00:00+00:00,2026-07-18T14:00:00+03:00,2026-07,EBM0726,3564.4880436674193,EPIAS_VEP:EBM0726,True,False,False
2026-07-18T12:00:00+00:00,2026-07-18T15:00:00+03:00,2026-07,EBM0726,3564.4880436671933,EPIAS_VEP:EBM0726,True,False,False
2026-07-18T13:00:00+00:00,2026-07-18T16:00:00+03:00,2026-07,EBM0726,3564.4880436669737,EPIAS_VEP:EBM0726,True,False,False
2026-07-18T14:00:00+00:00,2026-07-18T17:00:00+03:00,2026-07,EBM0726,3564.488043666762,EPIAS_VEP:EBM0726,True,False,False
2026-07-18T15:00:00+00:00,2026-07-18T18:00:00+03:00,2026-07,EBM0726,3564.4880436665617,EPIAS_VEP:EBM0726,True,False,False
2026-07-18T16:00:00+00:00,2026-07-18T19:00:00+03:00,2026-07,EBM0726,3564.488043666375,EPIAS_VEP:EBM0726,True,False,False
2026-07-18T17:00:00+00:00,2026-07-18T20:00:00+03:00,2026-07,EBM0726,3564.4880436662024,EPIAS_VEP:EBM0726,True,False,False
2026-07-18T18:00:00+00:00,2026-07-18T21:00:00+03:00,2026-07,EBM0726,3564.488043666048,EPIAS_VEP:EBM0726,True,False,False
2026-07-18T19:00:00+00:00,2026-07-18T22:00:00+03:00,2026-07,EBM0726,3564.4880436659123,EPIAS_VEP:EBM0726,True,False,False
2026-07-18T20:00:00+00:00,2026-07-18T23:00:00+03:00,2026-07,EBM0726,3564.4880436657977,EPIAS_VEP:EBM0726,True,False,False
2026-07-18T21:00:00+00:00,2026-07-19T00:00:00+03:00,2026-07,EBM0726,3564.488043665705,EPIAS_VEP:EBM0726,True,False,False
2026-07-18T22:00:00+00:00,2026-07-19T01:00:00+03:00,2026-07,EBM0726,3564.4880436656354,EPIAS_VEP:EBM0726,True,False,False
2026-07-18T23:00:00+00:00,2026-07-19T02:00:00+03:00,2026-07,EBM0726,3564.4880436655885,EPIAS_VEP:EBM0726,True,False,False
2026-07-19T00:00:00+00:00,2026-07-19T03:00:00+03:00,2026-07,EBM0726,3564.4880436655626,EPIAS_VEP:EBM0726,True,False,False
2026-07-19T01:00:00+00:00,2026-07-19T04:00:00+03:00,2026-07,EBM0726,3564.488043665557,EPIAS_VEP:EBM0726,True,False,False
2026-07-19T02:00:00+00:00,2026-07-19T05:00:00+03:00,2026-07,EBM0726,3564.488043665573,EPIAS_VEP:EBM0726,True,False,False
2026-07-19T03:00:00+00:00,2026-07-19T06:00:00+03:00,2026-07,EBM0726,3564.488043665608,EPIAS_VEP:EBM0726,True,False,False
2026-07-19T04:00:00+00:00,2026-07-19T07:00:00+03:00,2026-07,EBM0726,3564.4880436656613,EPIAS_VEP:EBM0726,True,False,False
2026-07-19T05:00:00+00:00,2026-07-19T08:00:00+03:00,2026-07,EBM0726,3564.4880436657313,EPIAS_VEP:EBM0726,True,False,False
2026-07-19T06:00:00+00:00,2026-07-19T09:00:00+03:00,2026-07,EBM0726,3564.488043665815,EPIAS_VEP:EBM0726,True,False,False
2026-07-19T07:00:00+00:00,2026-07-19T10:00:00+03:00,2026-07,EBM0726,3564.488043665909,EPIAS_VEP:EBM0726,True,False,False
2026-07-19T08:00:00+00:00,2026-07-19T11:00:00+03:00,2026-07,EBM0726,3564.488043666013,EPIAS_VEP:EBM0726,True,False,False
2026-07-19T09:00:00+00:00,2026-07-19T12:00:00+03:00,2026-07,EBM0726,3564.488043666124,EPIAS_VEP:EBM0726,True,False,False
2026-07-19T10:00:00+00:00,2026-07-19T13:00:00+03:00,2026-07,EBM0726,3564.488043666241,EPIAS_VEP:EBM0726,True,False,False
2026-07-19T11:00:00+00:00,2026-07-19T14:00:00+03:00,2026-07,EBM0726,3564.488043666363,EPIAS_VEP:EBM0726,True,False,False
2026-07-19T12:00:00+00:00,2026-07-19T15:00:00+03:00,2026-07,EBM0726,3564.488043666489,EPIAS_VEP:EBM0726,True,False,False
2026-07-19T13:00:00+00:00,2026-07-19T16:00:00+03:00,2026-07,EBM0726,3564.488043666617,EPIAS_VEP:EBM0726,True,False,False
2026-07-19T14:00:00+00:00,2026-07-19T17:00:00+03:00,2026-07,EBM0726,3564.488043666746,EPIAS_VEP:EBM0726,True,False,False
2026-07-19T15:00:00+00:00,2026-07-19T18:00:00+03:00,2026-07,EBM0726,3564.4880436668727,EPIAS_VEP:EBM0726,True,False,False
2026-07-19T16:00:00+00:00,2026-07-19T19:00:00+03:00,2026-07,EBM0726,3564.4880436669964,EPIAS_VEP:EBM0726,True,False,False
2026-07-19T17:00:00+00:00,2026-07-19T20:00:00+03:00,2026-07,EBM0726,3564.488043667114,EPIAS_VEP:EBM0726,True,False,False
2026-07-19T18:00:00+00:00,2026-07-19T21:00:00+03:00,2026-07,EBM0726,3564.4880436672242,EPIAS_VEP:EBM0726,True,False,False
2026-07-19T19:00:00+00:00,2026-07-19T22:00:00+03:00,2026-07,EBM0726,3564.488043667325,EPIAS_VEP:EBM0726,True,False,False
2026-07-19T20:00:00+00:00,2026-07-19T23:00:00+03:00,2026-07,EBM0726,3564.4880436674157,EPIAS_VEP:EBM0726,True,False,False
2026-07-19T21:00:00+00:00,2026-07-20T00:00:00+03:00,2026-07,EBM0726,3564.4880436674966,EPIAS_VEP:EBM0726,True,False,False
2026-07-19T22:00:00+00:00,2026-07-20T01:00:00+03:00,2026-07,EBM0726,3564.488043667568,EPIAS_VEP:EBM0726,True,False,False
2026-07-19T23:00:00+00:00,2026-07-20T02:00:00+03:00,2026-07,EBM0726,3564.48804366763,EPIAS_VEP:EBM0726,True,False,False
2026-07-20T00:00:00+00:00,2026-07-20T03:00:00+03:00,2026-07,EBM0726,3564.488043667682,EPIAS_VEP:EBM0726,True,False,False
2026-07-20T01:00:00+00:00,2026-07-20T04:00:00+03:00,2026-07,EBM0726,3564.4880436677254,EPIAS_VEP:EBM0726,True,False,False
2026-07-20T02:00:00+00:00,2026-07-20T05:00:00+03:00,2026-07,EBM0726,3564.488043667758,EPIAS_VEP:EBM0726,True,False,False
2026-07-20T03:00:00+00:00,2026-07-20T06:00:00+03:00,2026-07,EBM0726,3564.48804366778,EPIAS_VEP:EBM0726,True,False,False
2026-07-20T04:00:00+00:00,2026-07-20T07:00:00+03:00,2026-07,EBM0726,3564.4880436677918,EPIAS_VEP:EBM0726,True,False,False
2026-07-20T05:00:00+00:00,2026-07-20T08:00:00+03:00,2026-07,EBM0726,3564.488043667792,EPIAS_VEP:EBM0726,True,False,False
2026-07-20T06:00:00+00:00,2026-07-20T09:00:00+03:00,2026-07,EBM0726,3564.488043667783,EPIAS_VEP:EBM0726,True,False,False
2026-07-20T07:00:00+00:00,2026-07-20T10:00:00+03:00,2026-07,EBM0726,3564.4880436677668,EPIAS_VEP:EBM0726,True,False,False
2026-07-20T08:00:00+00:00,2026-07-20T11:00:00+03:00,2026-07,EBM0726,3564.4880436677454,EPIAS_VEP:EBM0726,True,False,False
2026-07-20T09:00:00+00:00,2026-07-20T12:00:00+03:00,2026-07,EBM0726,3564.48804366772,EPIAS_VEP:EBM0726,True,False,False
2026-07-20T10:00:00+00:00,2026-07-20T13:00:00+03:00,2026-07,EBM0726,3564.488043667693,EPIAS_VEP:EBM0726,True,False,False
2026-07-20T11:00:00+00:00,2026-07-20T14:00:00+03:00,2026-07,EBM0726,3564.488043667667,EPIAS_VEP:EBM0726,True,False,False
2026-07-20T12:00:00+00:00,2026-07-20T15:00:00+03:00,2026-07,EBM0726,3564.488043667646,EPIAS_VEP:EBM0726,True,False,False
2026-07-20T13:00:00+00:00,2026-07-20T16:00:00+03:00,2026-07,EBM0726,3564.488043667629,EPIAS_VEP:EBM0726,True,False,False
2026-07-20T14:00:00+00:00,2026-07-20T17:00:00+03:00,2026-07,EBM0726,3564.4880436676176,EPIAS_VEP:EBM0726,True,False,False
2026-07-20T15:00:00+00:00,2026-07-20T18:00:00+03:00,2026-07,EBM0726,3564.488043667612,EPIAS_VEP:EBM0726,True,False,False
2026-07-20T16:00:00+00:00,2026-07-20T19:00:00+03:00,2026-07,EBM0726,3564.4880436676112,EPIAS_VEP:EBM0726,True,False,False
2026-07-20T17:00:00+00:00,2026-07-20T20:00:00+03:00,2026-07,EBM0726,3564.488043667615,EPIAS_VEP:EBM0726,True,False,False
2026-07-20T18:00:00+00:00,2026-07-20T21:00:00+03:00,2026-07,EBM0726,3564.4880436676235,EPIAS_VEP:EBM0726,True,False,False
2026-07-20T19:00:00+00:00,2026-07-20T22:00:00+03:00,2026-07,EBM0726,3564.488043667636,EPIAS_VEP:EBM0726,True,False,False
2026-07-20T20:00:00+00:00,2026-07-20T23:00:00+03:00,2026-07,EBM0726,3564.488043667652,EPIAS_VEP:EBM0726,True,False,False
2026-07-20T21:00:00+00:00,2026-07-21T00:00:00+03:00,2026-07,EBM0726,3564.4880436676717,EPIAS_VEP:EBM0726,True,False,False
2026-07-20T22:00:00+00:00,2026-07-21T01:00:00+03:00,2026-07,EBM0726,3564.4880436676945,EPIAS_VEP:EBM0726,True,False,False
2026-07-20T23:00:00+00:00,2026-07-21T02:00:00+03:00,2026-07,EBM0726,3564.488043667721,EPIAS_VEP:EBM0726,True,False,False
2026-07-21T00:00:00+00:00,2026-07-21T03:00:00+03:00,2026-07,EBM0726,3564.488043667749,EPIAS_VEP:EBM0726,True,False,False
2026-07-21T01:00:00+00:00,2026-07-21T04:00:00+03:00,2026-07,EBM0726,3564.4880436677777,EPIAS_VEP:EBM0726,True,False,False
2026-07-21T02:00:00+00:00,2026-07-21T05:00:00+03:00,2026-07,EBM0726,3564.4880436678045,EPIAS_VEP:EBM0726,True,False,False
2026-07-21T03:00:00+00:00,2026-07-21T06:00:00+03:00,2026-07,EBM0726,3564.488043667829,EPIAS_VEP:EBM0726,True,False,False
2026-07-21T04:00:00+00:00,2026-07-21T07:00:00+03:00,2026-07,EBM0726,3564.48804366785,EPIAS_VEP:EBM0726,True,False,False
2026-07-21T05:00:00+00:00,2026-07-21T08:00:00+03:00,2026-07,EBM0726,3564.48804366787,EPIAS_VEP:EBM0726,True,False,False
2026-07-21T06:00:00+00:00,2026-07-21T09:00:00+03:00,2026-07,EBM0726,3564.4880436678905,EPIAS_VEP:EBM0726,True,False,False
2026-07-21T07:00:00+00:00,2026-07-21T10:00:00+03:00,2026-07,EBM0726,3564.4880436679105,EPIAS_VEP:EBM0726,True,False,False
2026-07-21T08:00:00+00:00,2026-07-21T11:00:00+03:00,2026-07,EBM0726,3564.488043667932,EPIAS_VEP:EBM0726,True,False,False
2026-07-21T09:00:00+00:00,2026-07-21T12:00:00+03:00,2026-07,EBM0726,3564.4880436679573,EPIAS_VEP:EBM0726,True,False,False
2026-07-21T10:00:00+00:00,2026-07-21T13:00:00+03:00,2026-07,EBM0726,3564.488043667988,EPIAS_VEP:EBM0726,True,False,False
2026-07-21T11:00:00+00:00,2026-07-21T14:00:00+03:00,2026-07,EBM0726,3564.4880436680264,EPIAS_VEP:EBM0726,True,False,False
2026-07-21T12:00:00+00:00,2026-07-21T15:00:00+03:00,2026-07,EBM0726,3564.4880436680724,EPIAS_VEP:EBM0726,True,False,False
2026-07-21T13:00:00+00:00,2026-07-21T16:00:00+03:00,2026-07,EBM0726,3564.488043668126,EPIAS_VEP:EBM0726,True,False,False
2026-07-21T14:00:00+00:00,2026-07-21T17:00:00+03:00,2026-07,EBM0726,3564.4880436681847,EPIAS_VEP:EBM0726,True,False,False
2026-07-21T15:00:00+00:00,2026-07-21T18:00:00+03:00,2026-07,EBM0726,3564.488043668246,EPIAS_VEP:EBM0726,True,False,False
2026-07-21T16:00:00+00:00,2026-07-21T19:00:00+03:00,2026-07,EBM0726,3564.488043668309,EPIAS_VEP:EBM0726,True,False,False
2026-07-21T17:00:00+00:00,2026-07-21T20:00:00+03:00,2026-07,EBM0726,3564.4880436683725,EPIAS_VEP:EBM0726,True,False,False
2026-07-21T18:00:00+00:00,2026-07-21T21:00:00+03:00,2026-07,EBM0726,3564.488043668435,EPIAS_VEP:EBM0726,True,False,False
2026-07-21T19:00:00+00:00,2026-07-21T22:00:00+03:00,2026-07,EBM0726,3564.4880436684944,EPIAS_VEP:EBM0726,True,False,False
2026-07-21T20:00:00+00:00,2026-07-21T23:00:00+03:00,2026-07,EBM0726,3564.4880436685476,EPIAS_VEP:EBM0726,True,False,False
2026-07-21T21:00:00+00:00,2026-07-22T00:00:00+03:00,2026-07,EBM0726,3564.4880436685917,EPIAS_VEP:EBM0726,True,False,False
2026-07-21T22:00:00+00:00,2026-07-22T01:00:00+03:00,2026-07,EBM0726,3564.488043668621,EPIAS_VEP:EBM0726,True,False,False
2026-07-21T23:00:00+00:00,2026-07-22T02:00:00+03:00,2026-07,EBM0726,3564.488043668637,EPIAS_VEP:EBM0726,True,False,False
2026-07-22T00:00:00+00:00,2026-07-22T03:00:00+03:00,2026-07,EBM0726,3564.488043668642,EPIAS_VEP:EBM0726,True,False,False
2026-07-22T01:00:00+00:00,2026-07-22T04:00:00+03:00,2026-07,EBM0726,3564.4880436686367,EPIAS_VEP:EBM0726,True,False,False
2026-07-22T02:00:00+00:00,2026-07-22T05:00:00+03:00,2026-07,EBM0726,3564.488043668623,EPIAS_VEP:EBM0726,True,False,False
2026-07-22T03:00:00+00:00,2026-07-22T06:00:00+03:00,2026-07,EBM0726,3564.488043668603,EPIAS_VEP:EBM0726,True,False,False
2026-07-22T04:00:00+00:00,2026-07-22T07:00:00+03:00,2026-07,EBM0726,3564.4880436685794,EPIAS_VEP:EBM0726,True,False,False
2026-07-22T05:00:00+00:00,2026-07-22T08:00:00+03:00,2026-07,EBM0726,3564.488043668554,EPIAS_VEP:EBM0726,True,False,False
2026-07-22T06:00:00+00:00,2026-07-22T09:00:00+03:00,2026-07,EBM0726,3564.4880436685253,EPIAS_VEP:EBM0726,True,False,False
2026-07-22T07:00:00+00:00,2026-07-22T10:00:00+03:00,2026-07,EBM0726,3564.488043668495,EPIAS_VEP:EBM0726,True,False,False
2026-07-22T08:00:00+00:00,2026-07-22T11:00:00+03:00,2026-07,EBM0726,3564.488043668462,EPIAS_VEP:EBM0726,True,False,False
2026-07-22T09:00:00+00:00,2026-07-22T12:00:00+03:00,2026-07,EBM0726,3564.4880436684275,EPIAS_VEP:EBM0726,True,False,False
2026-07-22T10:00:00+00:00,2026-07-22T13:00:00+03:00,2026-07,EBM0726,3564.4880436683916,EPIAS_VEP:EBM0726,True,False,False
2026-07-22T11:00:00+00:00,2026-07-22T14:00:00+03:00,2026-07,EBM0726,3564.4880436683543,EPIAS_VEP:EBM0726,True,False,False
2026-07-22T12:00:00+00:00,2026-07-22T15:00:00+03:00,2026-07,EBM0726,3564.488043668318,EPIAS_VEP:EBM0726,True,False,False
2026-07-22T13:00:00+00:00,2026-07-22T16:00:00+03:00,2026-07,EBM0726,3564.4880436682815,EPIAS_VEP:EBM0726,True,False,False
2026-07-22T14:00:00+00:00,2026-07-22T17:00:00+03:00,2026-07,EBM0726,3564.4880436682447,EPIAS_VEP:EBM0726,True,False,False
2026-07-22T15:00:00+00:00,2026-07-22T18:00:00+03:00,2026-07,EBM0726,3564.4880436682074,EPIAS_VEP:EBM0726,True,False,False
2026-07-22T16:00:00+00:00,2026-07-22T19:00:00+03:00,2026-07,EBM0726,3564.488043668168,EPIAS_VEP:EBM0726,True,False,False
2026-07-22T17:00:00+00:00,2026-07-22T20:00:00+03:00,2026-07,EBM0726,3564.488043668125,EPIAS_VEP:EBM0726,True,False,False
2026-07-22T18:00:00+00:00,2026-07-22T21:00:00+03:00,2026-07,EBM0726,3564.488043668077,EPIAS_VEP:EBM0726,True,False,False
2026-07-22T19:00:00+00:00,2026-07-22T22:00:00+03:00,2026-07,EBM0726,3564.4880436680223,EPIAS_VEP:EBM0726,True,False,False
2026-07-22T20:00:00+00:00,2026-07-22T23:00:00+03:00,2026-07,EBM0726,3564.4880436679614,EPIAS_VEP:EBM0726,True,False,False
2026-07-22T21:00:00+00:00,2026-07-23T00:00:00+03:00,2026-07,EBM0726,3564.4880436678927,EPIAS_VEP:EBM0726,True,False,False
2026-07-22T22:00:00+00:00,2026-07-23T01:00:00+03:00,2026-07,EBM0726,3564.488043667817,EPIAS_VEP:EBM0726,True,False,False
2026-07-22T23:00:00+00:00,2026-07-23T02:00:00+03:00,2026-07,EBM0726,3564.488043667734,EPIAS_VEP:EBM0726,True,False,False
2026-07-23T00:00:00+00:00,2026-07-23T03:00:00+03:00,2026-07,EBM0726,3564.4880436676444,EPIAS_VEP:EBM0726,True,False,False
2026-07-23T01:00:00+00:00,2026-07-23T04:00:00+03:00,2026-07,EBM0726,3564.488043667549,EPIAS_VEP:EBM0726,True,False,False
2026-07-23T02:00:00+00:00,2026-07-23T05:00:00+03:00,2026-07,EBM0726,3564.4880436674484,EPIAS_VEP:EBM0726,True,False,False
2026-07-23T03:00:00+00:00,2026-07-23T06:00:00+03:00,2026-07,EBM0726,3564.488043667345,EPIAS_VEP:EBM0726,True,False,False
2026-07-23T04:00:00+00:00,2026-07-23T07:00:00+03:00,2026-07,EBM0726,3564.4880436672397,EPIAS_VEP:EBM0726,True,False,False
2026-07-23T05:00:00+00:00,2026-07-23T08:00:00+03:00,2026-07,EBM0726,3564.488043667135,EPIAS_VEP:EBM0726,True,False,False
2026-07-23T06:00:00+00:00,2026-07-23T09:00:00+03:00,2026-07,EBM0726,3564.4880436670355,EPIAS_VEP:EBM0726,True,False,False
2026-07-23T07:00:00+00:00,2026-07-23T10:00:00+03:00,2026-07,EBM0726,3564.4880436669437,EPIAS_VEP:EBM0726,True,False,False
2026-07-23T08:00:00+00:00,2026-07-23T11:00:00+03:00,2026-07,EBM0726,3564.4880436668623,EPIAS_VEP:EBM0726,True,False,False
2026-07-23T09:00:00+00:00,2026-07-23T12:00:00+03:00,2026-07,EBM0726,3564.488043666789,EPIAS_VEP:EBM0726,True,False,False
2026-07-23T10:00:00+00:00,2026-07-23T13:00:00+03:00,2026-07,EBM0726,3564.4880436667218,EPIAS_VEP:EBM0726,True,False,False
2026-07-23T11:00:00+00:00,2026-07-23T14:00:00+03:00,2026-07,EBM0726,3564.48804366666,EPIAS_VEP:EBM0726,True,False,False
2026-07-23T12:00:00+00:00,2026-07-23T15:00:00+03:00,2026-07,EBM0726,3564.4880436666017,EPIAS_VEP:EBM0726,True,False,False
2026-07-23T13:00:00+00:00,2026-07-23T16:00:00+03:00,2026-07,EBM0726,3564.488043666546,EPIAS_VEP:EBM0726,True,False,False
2026-07-23T14:00:00+00:00,2026-07-23T17:00:00+03:00,2026-07,EBM0726,3564.4880436664916,EPIAS_VEP:EBM0726,True,False,False
2026-07-23T15:00:00+00:00,2026-07-23T18:00:00+03:00,2026-07,EBM0726,3564.4880436664357,EPIAS_VEP:EBM0726,True,False,False
2026-07-23T16:00:00+00:00,2026-07-23T19:00:00+03:00,2026-07,EBM0726,3564.488043666376,EPIAS_VEP:EBM0726,True,False,False
2026-07-23T17:00:00+00:00,2026-07-23T20:00:00+03:00,2026-07,EBM0726,3564.48804366631,EPIAS_VEP:EBM0726,True,False,False
2026-07-23T18:00:00+00:00,2026-07-23T21:00:00+03:00,2026-07,EBM0726,3564.488043666237,EPIAS_VEP:EBM0726,True,False,False
2026-07-23T19:00:00+00:00,2026-07-23T22:00:00+03:00,2026-07,EBM0726,3564.488043666155,EPIAS_VEP:EBM0726,True,False,False
2026-07-23T20:00:00+00:00,2026-07-23T23:00:00+03:00,2026-07,EBM0726,3564.488043666064,EPIAS_VEP:EBM0726,True,False,False
2026-07-23T21:00:00+00:00,2026-07-24T00:00:00+03:00,2026-07,EBM0726,3564.4880436659637,EPIAS_VEP:EBM0726,True,False,False
2026-07-23T22:00:00+00:00,2026-07-24T01:00:00+03:00,2026-07,EBM0726,3564.488043665854,EPIAS_VEP:EBM0726,True,False,False
2026-07-23T23:00:00+00:00,2026-07-24T02:00:00+03:00,2026-07,EBM0726,3564.4880436657354,EPIAS_VEP:EBM0726,True,False,False
2026-07-24T00:00:00+00:00,2026-07-24T03:00:00+03:00,2026-07,EBM0726,3564.4880436656076,EPIAS_VEP:EBM0726,True,False,False
2026-07-24T01:00:00+00:00,2026-07-24T04:00:00+03:00,2026-07,EBM0726,3564.4880436654685,EPIAS_VEP:EBM0726,True,False,False
2026-07-24T02:00:00+00:00,2026-07-24T05:00:00+03:00,2026-07,EBM0726,3564.4880436653166,EPIAS_VEP:EBM0726,True,False,False
2026-07-24T03:00:00+00:00,2026-07-24T06:00:00+03:00,2026-07,EBM0726,3564.4880436651524,EPIAS_VEP:EBM0726,True,False,False
2026-07-24T04:00:00+00:00,2026-07-24T07:00:00+03:00,2026-07,EBM0726,3564.4880436649755,EPIAS_VEP:EBM0726,True,False,False
2026-07-24T05:00:00+00:00,2026-07-24T08:00:00+03:00,2026-07,EBM0726,3564.4880436647863,EPIAS_VEP:EBM0726,True,False,False
2026-07-24T06:00:00+00:00,2026-07-24T09:00:00+03:00,2026-07,EBM0726,3564.488043664588,EPIAS_VEP:EBM0726,True,False,False
2026-07-24T07:00:00+00:00,2026-07-24T10:00:00+03:00,2026-07,EBM0726,3564.488043664382,EPIAS_VEP:EBM0726,True,False,False
2026-07-24T08:00:00+00:00,2026-07-24T11:00:00+03:00,2026-07,EBM0726,3564.4880436641706,EPIAS_VEP:EBM0726,True,False,False
2026-07-24T09:00:00+00:00,2026-07-24T12:00:00+03:00,2026-07,EBM0726,3564.488043663955,EPIAS_VEP:EBM0726,True,False,False
2026-07-24T10:00:00+00:00,2026-07-24T13:00:00+03:00,2026-07,EBM0726,3564.4880436637372,EPIAS_VEP:EBM0726,True,False,False
2026-07-24T11:00:00+00:00,2026-07-24T14:00:00+03:00,2026-07,EBM0726,3564.48804366352,EPIAS_VEP:EBM0726,True,False,False
2026-07-24T12:00:00+00:00,2026-07-24T15:00:00+03:00,2026-07,EBM0726,3564.4880436633043,EPIAS_VEP:EBM0726,True,False,False
2026-07-24T13:00:00+00:00,2026-07-24T16:00:00+03:00,2026-07,EBM0726,3564.488043663092,EPIAS_VEP:EBM0726,True,False,False
2026-07-24T14:00:00+00:00,2026-07-24T17:00:00+03:00,2026-07,EBM0726,3564.4880436628855,EPIAS_VEP:EBM0726,True,False,False
2026-07-24T15:00:00+00:00,2026-07-24T18:00:00+03:00,2026-07,EBM0726,3564.4880436626863,EPIAS_VEP:EBM0726,True,False,False
2026-07-24T16:00:00+00:00,2026-07-24T19:00:00+03:00,2026-07,EBM0726,3564.488043662498,EPIAS_VEP:EBM0726,True,False,False
2026-07-24T17:00:00+00:00,2026-07-24T20:00:00+03:00,2026-07,EBM0726,3564.488043662323,EPIAS_VEP:EBM0726,True,False,False
2026-07-24T18:00:00+00:00,2026-07-24T21:00:00+03:00,2026-07,EBM0726,3564.4880436621665,EPIAS_VEP:EBM0726,True,False,False
2026-07-24T19:00:00+00:00,2026-07-24T22:00:00+03:00,2026-07,EBM0726,3564.488043662028,EPIAS_VEP:EBM0726,True,False,False
2026-07-24T20:00:00+00:00,2026-07-24T23:00:00+03:00,2026-07,EBM0726,3564.488043661907,EPIAS_VEP:EBM0726,True,False,False
2026-07-24T21:00:00+00:00,2026-07-25T00:00:00+03:00,2026-07,EBM0726,3564.4880436618037,EPIAS_VEP:EBM0726,True,False,False
2026-07-24T22:00:00+00:00,2026-07-25T01:00:00+03:00,2026-07,EBM0726,3564.4880436617186,EPIAS_VEP:EBM0726,True,False,False
2026-07-24T23:00:00+00:00,2026-07-25T02:00:00+03:00,2026-07,EBM0726,3564.488043661651,EPIAS_VEP:EBM0726,True,False,False
2026-07-25T00:00:00+00:00,2026-07-25T03:00:00+03:00,2026-07,EBM0726,3564.4880436616,EPIAS_VEP:EBM0726,True,False,False
2026-07-25T01:00:00+00:00,2026-07-25T04:00:00+03:00,2026-07,EBM0726,3564.4880436615645,EPIAS_VEP:EBM0726,True,False,False
2026-07-25T02:00:00+00:00,2026-07-25T05:00:00+03:00,2026-07,EBM0726,3564.4880436615417,EPIAS_VEP:EBM0726,True,False,False
2026-07-25T03:00:00+00:00,2026-07-25T06:00:00+03:00,2026-07,EBM0726,3564.4880436615304,EPIAS_VEP:EBM0726,True,False,False
2026-07-25T04:00:00+00:00,2026-07-25T07:00:00+03:00,2026-07,EBM0726,3564.4880436615317,EPIAS_VEP:EBM0726,True,False,False
2026-07-25T05:00:00+00:00,2026-07-25T08:00:00+03:00,2026-07,EBM0726,3564.488043661546,EPIAS_VEP:EBM0726,True,False,False
2026-07-25T06:00:00+00:00,2026-07-25T09:00:00+03:00,2026-07,EBM0726,3564.488043661571,EPIAS_VEP:EBM0726,True,False,False
2026-07-25T07:00:00+00:00,2026-07-25T10:00:00+03:00,2026-07,EBM0726,3564.488043661606,EPIAS_VEP:EBM0726,True,False,False
2026-07-25T08:00:00+00:00,2026-07-25T11:00:00+03:00,2026-07,EBM0726,3564.488043661649,EPIAS_VEP:EBM0726,True,False,False
2026-07-25T09:00:00+00:00,2026-07-25T12:00:00+03:00,2026-07,EBM0726,3564.4880436616995,EPIAS_VEP:EBM0726,True,False,False
2026-07-25T10:00:00+00:00,2026-07-25T13:00:00+03:00,2026-07,EBM0726,3564.488043661758,EPIAS_VEP:EBM0726,True,False,False
2026-07-25T11:00:00+00:00,2026-07-25T14:00:00+03:00,2026-07,EBM0726,3564.488043661824,EPIAS_VEP:EBM0726,True,False,False
2026-07-25T12:00:00+00:00,2026-07-25T15:00:00+03:00,2026-07,EBM0726,3564.488043661896,EPIAS_VEP:EBM0726,True,False,False
2026-07-25T13:00:00+00:00,2026-07-25T16:00:00+03:00,2026-07,EBM0726,3564.488043661974,EPIAS_VEP:EBM0726,True,False,False
2026-07-25T14:00:00+00:00,2026-07-25T17:00:00+03:00,2026-07,EBM0726,3564.4880436620583,EPIAS_VEP:EBM0726,True,False,False
2026-07-25T15:00:00+00:00,2026-07-25T18:00:00+03:00,2026-07,EBM0726,3564.48804366215,EPIAS_VEP:EBM0726,True,False,False
2026-07-25T16:00:00+00:00,2026-07-25T19:00:00+03:00,2026-07,EBM0726,3564.4880436622493,EPIAS_VEP:EBM0726,True,False,False
2026-07-25T17:00:00+00:00,2026-07-25T20:00:00+03:00,2026-07,EBM0726,3564.4880436623553,EPIAS_VEP:EBM0726,True,False,False
2026-07-25T18:00:00+00:00,2026-07-25T21:00:00+03:00,2026-07,EBM0726,3564.4880436624676,EPIAS_VEP:EBM0726,True,False,False
2026-07-25T19:00:00+00:00,2026-07-25T22:00:00+03:00,2026-07,EBM0726,3564.4880436625863,EPIAS_VEP:EBM0726,True,False,False
2026-07-25T20:00:00+00:00,2026-07-25T23:00:00+03:00,2026-07,EBM0726,3564.4880436627104,EPIAS_VEP:EBM0726,True,False,False
2026-07-25T21:00:00+00:00,2026-07-26T00:00:00+03:00,2026-07,EBM0726,3564.4880436628396,EPIAS_VEP:EBM0726,True,False,False
2026-07-25T22:00:00+00:00,2026-07-26T01:00:00+03:00,2026-07,EBM0726,3564.4880436629737,EPIAS_VEP:EBM0726,True,False,False
2026-07-25T23:00:00+00:00,2026-07-26T02:00:00+03:00,2026-07,EBM0726,3564.488043663115,EPIAS_VEP:EBM0726,True,False,False
2026-07-26T00:00:00+00:00,2026-07-26T03:00:00+03:00,2026-07,EBM0726,3564.488043663265,EPIAS_VEP:EBM0726,True,False,False
2026-07-26T01:00:00+00:00,2026-07-26T04:00:00+03:00,2026-07,EBM0726,3564.4880436634257,EPIAS_VEP:EBM0726,True,False,False
2026-07-26T02:00:00+00:00,2026-07-26T05:00:00+03:00,2026-07,EBM0726,3564.4880436636004,EPIAS_VEP:EBM0726,True,False,False
2026-07-26T03:00:00+00:00,2026-07-26T06:00:00+03:00,2026-07,EBM0726,3564.4880436637895,EPIAS_VEP:EBM0726,True,False,False
2026-07-26T04:00:00+00:00,2026-07-26T07:00:00+03:00,2026-07,EBM0726,3564.4880436639937,EPIAS_VEP:EBM0726,True,False,False
2026-07-26T05:00:00+00:00,2026-07-26T08:00:00+03:00,2026-07,EBM0726,3564.4880436642106,EPIAS_VEP:EBM0726,True,False,False
2026-07-26T06:00:00+00:00,2026-07-26T09:00:00+03:00,2026-07,EBM0726,3564.4880436644385,EPIAS_VEP:EBM0726,True,False,False
2026-07-26T07:00:00+00:00,2026-07-26T10:00:00+03:00,2026-07,EBM0726,3564.4880436646777,EPIAS_VEP:EBM0726,True,False,False
2026-07-26T08:00:00+00:00,2026-07-26T11:00:00+03:00,2026-07,EBM0726,3564.4880436649264,EPIAS_VEP:EBM0726,True,False,False
2026-07-26T09:00:00+00:00,2026-07-26T12:00:00+03:00,2026-07,EBM0726,3564.4880436651856,EPIAS_VEP:EBM0726,True,False,False
2026-07-26T10:00:00+00:00,2026-07-26T13:00:00+03:00,2026-07,EBM0726,3564.488043665453,EPIAS_VEP:EBM0726,True,False,False
2026-07-26T11:00:00+00:00,2026-07-26T14:00:00+03:00,2026-07,EBM0726,3564.488043665727,EPIAS_VEP:EBM0726,True,False,False
2026-07-26T12:00:00+00:00,2026-07-26T15:00:00+03:00,2026-07,EBM0726,3564.488043666008,EPIAS_VEP:EBM0726,True,False,False
2026-07-26T13:00:00+00:00,2026-07-26T16:00:00+03:00,2026-07,EBM0726,3564.4880436662943,EPIAS_VEP:EBM0726,True,False,False
2026-07-26T14:00:00+00:00,2026-07-26T17:00:00+03:00,2026-07,EBM0726,3564.488043666585,EPIAS_VEP:EBM0726,True,False,False
2026-07-26T15:00:00+00:00,2026-07-26T18:00:00+03:00,2026-07,EBM0726,3564.4880436668755,EPIAS_VEP:EBM0726,True,False,False
2026-07-26T16:00:00+00:00,2026-07-26T19:00:00+03:00,2026-07,EBM0726,3564.4880436671656,EPIAS_VEP:EBM0726,True,False,False
2026-07-26T17:00:00+00:00,2026-07-26T20:00:00+03:00,2026-07,EBM0726,3564.4880436674566,EPIAS_VEP:EBM0726,True,False,False
2026-07-26T18:00:00+00:00,2026-07-26T21:00:00+03:00,2026-07,EBM0726,3564.488043667746,EPIAS_VEP:EBM0726,True,False,False
2026-07-26T19:00:00+00:00,2026-07-26T22:00:00+03:00,2026-07,EBM0726,3564.488043668032,EPIAS_VEP:EBM0726,True,False,False
2026-07-26T20:00:00+00:00,2026-07-26T23:00:00+03:00,2026-07,EBM0726,3564.488043668313,EPIAS_VEP:EBM0726,True,False,False
2026-07-26T21:00:00+00:00,2026-07-27T00:00:00+03:00,2026-07,EBM0726,3564.4880436685867,EPIAS_VEP:EBM0726,True,False,False
2026-07-26T22:00:00+00:00,2026-07-27T01:00:00+03:00,2026-07,EBM0726,3564.4880436688504,EPIAS_VEP:EBM0726,True,False,False
2026-07-26T23:00:00+00:00,2026-07-27T02:00:00+03:00,2026-07,EBM0726,3564.4880436691033,EPIAS_VEP:EBM0726,True,False,False
2026-07-27T00:00:00+00:00,2026-07-27T03:00:00+03:00,2026-07,EBM0726,3564.4880436693447,EPIAS_VEP:EBM0726,True,False,False
2026-07-27T01:00:00+00:00,2026-07-27T04:00:00+03:00,2026-07,EBM0726,3564.488043669573,EPIAS_VEP:EBM0726,True,False,False
2026-07-27T02:00:00+00:00,2026-07-27T05:00:00+03:00,2026-07,EBM0726,3564.488043669786,EPIAS_VEP:EBM0726,True,False,False
2026-07-27T03:00:00+00:00,2026-07-27T06:00:00+03:00,2026-07,EBM0726,3564.4880436699827,EPIAS_VEP:EBM0726,True,False,False
2026-07-27T04:00:00+00:00,2026-07-27T07:00:00+03:00,2026-07,EBM0726,3564.4880436701646,EPIAS_VEP:EBM0726,True,False,False
2026-07-27T05:00:00+00:00,2026-07-27T08:00:00+03:00,2026-07,EBM0726,3564.4880436703297,EPIAS_VEP:EBM0726,True,False,False
2026-07-27T06:00:00+00:00,2026-07-27T09:00:00+03:00,2026-07,EBM0726,3564.4880436704757,EPIAS_VEP:EBM0726,True,False,False
2026-07-27T07:00:00+00:00,2026-07-27T10:00:00+03:00,2026-07,EBM0726,3564.4880436706,EPIAS_VEP:EBM0726,True,False,False
2026-07-27T08:00:00+00:00,2026-07-27T11:00:00+03:00,2026-07,EBM0726,3564.488043670699,EPIAS_VEP:EBM0726,True,False,False
2026-07-27T09:00:00+00:00,2026-07-27T12:00:00+03:00,2026-07,EBM0726,3564.488043670769,EPIAS_VEP:EBM0726,True,False,False
2026-07-27T10:00:00+00:00,2026-07-27T13:00:00+03:00,2026-07,EBM0726,3564.488043670804,EPIAS_VEP:EBM0726,True,False,False
2026-07-27T11:00:00+00:00,2026-07-27T14:00:00+03:00,2026-07,EBM0726,3564.488043670799,EPIAS_VEP:EBM0726,True,False,False
2026-07-27T12:00:00+00:00,2026-07-27T15:00:00+03:00,2026-07,EBM0726,3564.4880436707504,EPIAS_VEP:EBM0726,True,False,False
2026-07-27T13:00:00+00:00,2026-07-27T16:00:00+03:00,2026-07,EBM0726,3564.4880436706576,EPIAS_VEP:EBM0726,True,False,False
2026-07-27T14:00:00+00:00,2026-07-27T17:00:00+03:00,2026-07,EBM0726,3564.4880436705216,EPIAS_VEP:EBM0726,True,False,False
2026-07-27T15:00:00+00:00,2026-07-27T18:00:00+03:00,2026-07,EBM0726,3564.4880436703465,EPIAS_VEP:EBM0726,True,False,False
2026-07-27T16:00:00+00:00,2026-07-27T19:00:00+03:00,2026-07,EBM0726,3564.488043670137,EPIAS_VEP:EBM0726,True,False,False
2026-07-27T17:00:00+00:00,2026-07-27T20:00:00+03:00,2026-07,EBM0726,3564.4880436698986,EPIAS_VEP:EBM0726,True,False,False
2026-07-27T18:00:00+00:00,2026-07-27T21:00:00+03:00,2026-07,EBM0726,3564.4880436696376,EPIAS_VEP:EBM0726,True,False,False
2026-07-27T19:00:00+00:00,2026-07-27T22:00:00+03:00,2026-07,EBM0726,3564.4880436693597,EPIAS_VEP:EBM0726,True,False,False
2026-07-27T20:00:00+00:00,2026-07-27T23:00:00+03:00,2026-07,EBM0726,3564.48804366907,EPIAS_VEP:EBM0726,True,False,False
2026-07-27T21:00:00+00:00,2026-07-28T00:00:00+03:00,2026-07,EBM0726,3564.4880436687727,EPIAS_VEP:EBM0726,True,False,False
2026-07-27T22:00:00+00:00,2026-07-28T01:00:00+03:00,2026-07,EBM0726,3564.48804366847,EPIAS_VEP:EBM0726,True,False,False
2026-07-27T23:00:00+00:00,2026-07-28T02:00:00+03:00,2026-07,EBM0726,3564.4880436681624,EPIAS_VEP:EBM0726,True,False,False
2026-07-28T00:00:00+00:00,2026-07-28T03:00:00+03:00,2026-07,EBM0726,3564.4880436678513,EPIAS_VEP:EBM0726,True,False,False
2026-07-28T01:00:00+00:00,2026-07-28T04:00:00+03:00,2026-07,EBM0726,3564.4880436675403,EPIAS_VEP:EBM0726,True,False,False
2026-07-28T02:00:00+00:00,2026-07-28T05:00:00+03:00,2026-07,EBM0726,3564.48804366723,EPIAS_VEP:EBM0726,True,False,False
2026-07-28T03:00:00+00:00,2026-07-28T06:00:00+03:00,2026-07,EBM0726,3564.4880436669223,EPIAS_VEP:EBM0726,True,False,False
2026-07-28T04:00:00+00:00,2026-07-28T07:00:00+03:00,2026-07,EBM0726,3564.4880436666185,EPIAS_VEP:EBM0726,True,False,False
2026-07-28T05:00:00+00:00,2026-07-28T08:00:00+03:00,2026-07,EBM0726,3564.4880436663193,EPIAS_VEP:EBM0726,True,False,False
2026-07-28T06:00:00+00:00,2026-07-28T09:00:00+03:00,2026-07,EBM0726,3564.4880436660274,EPIAS_VEP:EBM0726,True,False,False
2026-07-28T07:00:00+00:00,2026-07-28T10:00:00+03:00,2026-07,EBM0726,3564.4880436657427,EPIAS_VEP:EBM0726,True,False,False
2026-07-28T08:00:00+00:00,2026-07-28T11:00:00+03:00,2026-07,EBM0726,3564.488043665468,EPIAS_VEP:EBM0726,True,False,False
2026-07-28T09:00:00+00:00,2026-07-28T12:00:00+03:00,2026-07,EBM0726,3564.4880436652043,EPIAS_VEP:EBM0726,True,False,False
2026-07-28T10:00:00+00:00,2026-07-28T13:00:00+03:00,2026-07,EBM0726,3564.488043664952,EPIAS_VEP:EBM0726,True,False,False
2026-07-28T11:00:00+00:00,2026-07-28T14:00:00+03:00,2026-07,EBM0726,3564.4880436647113,EPIAS_VEP:EBM0726,True,False,False
2026-07-28T12:00:00+00:00,2026-07-28T15:00:00+03:00,2026-07,EBM0726,3564.488043664484,EPIAS_VEP:EBM0726,True,False,False
2026-07-28T13:00:00+00:00,2026-07-28T16:00:00+03:00,2026-07,EBM0726,3564.488043664272,EPIAS_VEP:EBM0726,True,False,False
2026-07-28T14:00:00+00:00,2026-07-28T17:00:00+03:00,2026-07,EBM0726,3564.488043664077,EPIAS_VEP:EBM0726,True,False,False
2026-07-28T15:00:00+00:00,2026-07-28T18:00:00+03:00,2026-07,EBM0726,3564.4880436639014,EPIAS_VEP:EBM0726,True,False,False
2026-07-28T16:00:00+00:00,2026-07-28T19:00:00+03:00,2026-07,EBM0726,3564.4880436637463,EPIAS_VEP:EBM0726,True,False,False
2026-07-28T17:00:00+00:00,2026-07-28T20:00:00+03:00,2026-07,EBM0726,3564.488043663613,EPIAS_VEP:EBM0726,True,False,False
2026-07-28T18:00:00+00:00,2026-07-28T21:00:00+03:00,2026-07,EBM0726,3564.4880436635035,EPIAS_VEP:EBM0726,True,False,False
2026-07-28T19:00:00+00:00,2026-07-28T22:00:00+03:00,2026-07,EBM0726,3564.488043663421,EPIAS_VEP:EBM0726,True,False,False
2026-07-28T20:00:00+00:00,2026-07-28T23:00:00+03:00,2026-07,EBM0726,3564.488043663372,EPIAS_VEP:EBM0726,True,False,False
2026-07-28T21:00:00+00:00,2026-07-29T00:00:00+03:00,2026-07,EBM0726,3564.4880436633584,EPIAS_VEP:EBM0726,True,False,False
2026-07-28T22:00:00+00:00,2026-07-29T01:00:00+03:00,2026-07,EBM0726,3564.488043663382,EPIAS_VEP:EBM0726,True,False,False
2026-07-28T23:00:00+00:00,2026-07-29T02:00:00+03:00,2026-07,EBM0726,3564.488043663443,EPIAS_VEP:EBM0726,True,False,False
2026-07-29T00:00:00+00:00,2026-07-29T03:00:00+03:00,2026-07,EBM0726,3564.4880436635412,EPIAS_VEP:EBM0726,True,False,False
2026-07-29T01:00:00+00:00,2026-07-29T04:00:00+03:00,2026-07,EBM0726,3564.488043663678,EPIAS_VEP:EBM0726,True,False,False
2026-07-29T02:00:00+00:00,2026-07-29T05:00:00+03:00,2026-07,EBM0726,3564.488043663857,EPIAS_VEP:EBM0726,True,False,False
2026-07-29T03:00:00+00:00,2026-07-29T06:00:00+03:00,2026-07,EBM0726,3564.488043664079,EPIAS_VEP:EBM0726,True,False,False
2026-07-29T04:00:00+00:00,2026-07-29T07:00:00+03:00,2026-07,EBM0726,3564.488043664348,EPIAS_VEP:EBM0726,True,False,False
2026-07-29T05:00:00+00:00,2026-07-29T08:00:00+03:00,2026-07,EBM0726,3564.488043664665,EPIAS_VEP:EBM0726,True,False,False
2026-07-29T06:00:00+00:00,2026-07-29T09:00:00+03:00,2026-07,EBM0726,3564.48804366503,EPIAS_VEP:EBM0726,True,False,False
2026-07-29T07:00:00+00:00,2026-07-29T10:00:00+03:00,2026-07,EBM0726,3564.4880436654453,EPIAS_VEP:EBM0726,True,False,False
2026-07-29T08:00:00+00:00,2026-07-29T11:00:00+03:00,2026-07,EBM0726,3564.4880436659137,EPIAS_VEP:EBM0726,True,False,False
2026-07-29T09:00:00+00:00,2026-07-29T12:00:00+03:00,2026-07,EBM0726,3564.488043666435,EPIAS_VEP:EBM0726,True,False,False
2026-07-29T10:00:00+00:00,2026-07-29T13:00:00+03:00,2026-07,EBM0726,3564.488043667008,EPIAS_VEP:EBM0726,True,False,False
2026-07-29T11:00:00+00:00,2026-07-29T14:00:00+03:00,2026-07,EBM0726,3564.4880436676335,EPIAS_VEP:EBM0726,True,False,False
2026-07-29T12:00:00+00:00,2026-07-29T15:00:00+03:00,2026-07,EBM0726,3564.4880436683106,EPIAS_VEP:EBM0726,True,False,False
2026-07-29T13:00:00+00:00,2026-07-29T16:00:00+03:00,2026-07,EBM0726,3564.4880436690373,EPIAS_VEP:EBM0726,True,False,False
2026-07-29T14:00:00+00:00,2026-07-29T17:00:00+03:00,2026-07,EBM0726,3564.48804366981,EPIAS_VEP:EBM0726,True,False,False
2026-07-29T15:00:00+00:00,2026-07-29T18:00:00+03:00,2026-07,EBM0726,3564.4880436706267,EPIAS_VEP:EBM0726,True,False,False
2026-07-29T16:00:00+00:00,2026-07-29T19:00:00+03:00,2026-07,EBM0726,3564.488043671487,EPIAS_VEP:EBM0726,True,False,False
2026-07-29T17:00:00+00:00,2026-07-29T20:00:00+03:00,2026-07,EBM0726,3564.4880436723897,EPIAS_VEP:EBM0726,True,False,False
2026-07-29T18:00:00+00:00,2026-07-29T21:00:00+03:00,2026-07,EBM0726,3564.4880436733315,EPIAS_VEP:EBM0726,True,False,False
2026-07-29T19:00:00+00:00,2026-07-29T22:00:00+03:00,2026-07,EBM0726,3564.4880436743106,EPIAS_VEP:EBM0726,True,False,False
2026-07-29T20:00:00+00:00,2026-07-29T23:00:00+03:00,2026-07,EBM0726,3564.4880436753215,EPIAS_VEP:EBM0726,True,False,False
2026-07-29T21:00:00+00:00,2026-07-30T00:00:00+03:00,2026-07,EBM0726,3564.4880436763588,EPIAS_VEP:EBM0726,True,False,False
2026-07-29T22:00:00+00:00,2026-07-30T01:00:00+03:00,2026-07,EBM0726,3564.4880436774165,EPIAS_VEP:EBM0726,True,False,False
2026-07-29T23:00:00+00:00,2026-07-30T02:00:00+03:00,2026-07,EBM0726,3564.4880436784865,EPIAS_VEP:EBM0726,True,False,False
2026-07-30T00:00:00+00:00,2026-07-30T03:00:00+03:00,2026-07,EBM0726,3564.488043679561,EPIAS_VEP:EBM0726,True,False,False
2026-07-30T01:00:00+00:00,2026-07-30T04:00:00+03:00,2026-07,EBM0726,3564.4880436806316,EPIAS_VEP:EBM0726,True,False,False
2026-07-30T02:00:00+00:00,2026-07-30T05:00:00+03:00,2026-07,EBM0726,3564.4880436816857,EPIAS_VEP:EBM0726,True,False,False
2026-07-30T03:00:00+00:00,2026-07-30T06:00:00+03:00,2026-07,EBM0726,3564.488043682711,EPIAS_VEP:EBM0726,True,False,False
2026-07-30T04:00:00+00:00,2026-07-30T07:00:00+03:00,2026-07,EBM0726,3564.4880436836947,EPIAS_VEP:EBM0726,True,False,False
2026-07-30T05:00:00+00:00,2026-07-30T08:00:00+03:00,2026-07,EBM0726,3564.488043684624,EPIAS_VEP:EBM0726,True,False,False
2026-07-30T06:00:00+00:00,2026-07-30T09:00:00+03:00,2026-07,EBM0726,3564.488043685483,EPIAS_VEP:EBM0726,True,False,False
2026-07-30T07:00:00+00:00,2026-07-30T10:00:00+03:00,2026-07,EBM0726,3564.488043686252,EPIAS_VEP:EBM0726,True,False,False
2026-07-30T08:00:00+00:00,2026-07-30T11:00:00+03:00,2026-07,EBM0726,3564.4880436869103,EPIAS_VEP:EBM0726,True,False,False
2026-07-30T09:00:00+00:00,2026-07-30T12:00:00+03:00,2026-07,EBM0726,3564.4880436874364,EPIAS_VEP:EBM0726,True,False,False
2026-07-30T10:00:00+00:00,2026-07-30T13:00:00+03:00,2026-07,EBM0726,3564.488043687805,EPIAS_VEP:EBM0726,True,False,False
2026-07-30T11:00:00+00:00,2026-07-30T14:00:00+03:00,2026-07,EBM0726,3564.4880436879885,EPIAS_VEP:EBM0726,True,False,False
2026-07-30T12:00:00+00:00,2026-07-30T15:00:00+03:00,2026-07,EBM0726,3564.488043687955,EPIAS_VEP:EBM0726,True,False,False
2026-07-30T13:00:00+00:00,2026-07-30T16:00:00+03:00,2026-07,EBM0726,3564.4880436876697,EPIAS_VEP:EBM0726,True,False,False
2026-07-30T14:00:00+00:00,2026-07-30T17:00:00+03:00,2026-07,EBM0726,3564.488043687099,EPIAS_VEP:EBM0726,True,False,False
2026-07-30T15:00:00+00:00,2026-07-30T18:00:00+03:00,2026-07,EBM0726,3564.488043686205,EPIAS_VEP:EBM0726,True,False,False
2026-07-30T16:00:00+00:00,2026-07-30T19:00:00+03:00,2026-07,EBM0726,3564.4880436849476,EPIAS_VEP:EBM0726,True,False,False
2026-07-30T17:00:00+00:00,2026-07-30T20:00:00+03:00,2026-07,EBM0726,3564.4880436832846,EPIAS_VEP:EBM0726,True,False,False
2026-07-30T18:00:00+00:00,2026-07-30T21:00:00+03:00,2026-07,EBM0726,3564.4880436811727,EPIAS_VEP:EBM0726,True,False,False
2026-07-30T19:00:00+00:00,2026-07-30T22:00:00+03:00,2026-07,EBM0726,3564.4880436785656,EPIAS_VEP:EBM0726,True,False,False
2026-07-30T20:00:00+00:00,2026-07-30T23:00:00+03:00,2026-07,EBM0726,3564.4880436754142,EPIAS_VEP:EBM0726,True,False,False
2026-07-30T21:00:00+00:00,2026-07-31T00:00:00+03:00,2026-07,EBM0726,3564.4880436716676,EPIAS_VEP:EBM0726,True,False,False
2026-07-30T22:00:00+00:00,2026-07-31T01:00:00+03:00,2026-07,EBM0726,3564.4880436672734,EPIAS_VEP:EBM0726,True,False,False
2026-07-30T23:00:00+00:00,2026-07-31T02:00:00+03:00,2026-07,EBM0726,3564.488043662177,EPIAS_VEP:EBM0726,True,False,False
2026-07-31T00:00:00+00:00,2026-07-31T03:00:00+03:00,2026-07,EBM0726,3564.4880436563253,EPIAS_VEP:EBM0726,True,False,False
2026-07-31T01:00:00+00:00,2026-07-31T04:00:00+03:00,2026-07,EBM0726,3564.488043649665,EPIAS_VEP:EBM0726,True,False,False
2026-07-31T02:00:00+00:00,2026-07-31T05:00:00+03:00,2026-07,EBM0726,3564.488043642144,EPIAS_VEP:EBM0726,True,False,False
2026-07-31T03:00:00+00:00,2026-07-31T06:00:00+03:00,2026-07,EBM0726,3564.488043633712,EPIAS_VEP:EBM0726,True,False,False
2026-07-31T04:00:00+00:00,2026-07-31T07:00:00+03:00,2026-07,EBM0726,3564.4880436243207,EPIAS_VEP:EBM0726,True,False,False
2026-07-31T05:00:00+00:00,2026-07-31T08:00:00+03:00,2026-07,EBM0726,3564.4880436139233,EPIAS_VEP:EBM0726,True,False,False
2026-07-31T06:00:00+00:00,2026-07-31T09:00:00+03:00,2026-07,EBM0726,3564.4880436024782,EPIAS_VEP:EBM0726,True,False,False
2026-07-31T07:00:00+00:00,2026-07-31T10:00:00+03:00,2026-07,EBM0726,3564.488043589948,EPIAS_VEP:EBM0726,True,False,False
2026-07-31T08:00:00+00:00,2026-07-31T11:00:00+03:00,2026-07,EBM0726,3564.4880435763007,EPIAS_VEP:EBM0726,True,False,False
2026-07-31T09:00:00+00:00,2026-07-31T12:00:00+03:00,2026-07,EBM0726,3564.4880435615128,EPIAS_VEP:EBM0726,True,False,False
2026-07-31T10:00:00+00:00,2026-07-31T13:00:00+03:00,2026-07,EBM0726,3564.48804354557,EPIAS_VEP:EBM0726,True,False,False
2026-07-31T11:00:00+00:00,2026-07-31T14:00:00+03:00,2026-07,EBM0726,3564.4880435284713,EPIAS_VEP:EBM0726,True,False,False
2026-07-31T12:00:00+00:00,2026-07-31T15:00:00+03:00,2026-07,EBM0726,3564.4880435102273,EPIAS_VEP:EBM0726,True,False,False
2026-07-31T13:00:00+00:00,2026-07-31T16:00:00+03:00,2026-07,EBM0726,3564.4880434908696,EPIAS_VEP:EBM0726,True,False,False
2026-07-31T14:00:00+00:00,2026-07-31T17:00:00+03:00,2026-07,EBM0726,3564.4880434704296,EPIAS_VEP:EBM0726,True,False,False
2026-07-31T15:00:00+00:00,2026-07-31T18:00:00+03:00,2026-07,EBM0726,3564.488043448983,EPIAS_VEP:EBM0726,True,False,False
2026-07-31T16:00:00+00:00,2026-07-31T19:00:00+03:00,2026-07,EBM0726,3564.4880434267043,EPIAS_VEP:EBM0726,True,False,False
2026-07-31T17:00:00+00:00,2026-07-31T20:00:00+03:00,2026-07,EBM0726,3564.4880434036104,EPIAS_VEP:EBM0726,True,False,False
2026-07-31T18:00:00+00:00,2026-07-31T21:00:00+03:00,2026-07,EBM0726,3564.4880433797293,EPIAS_VEP:EBM0726,True,False,False
2026-07-31T19:00:00+00:00,2026-07-31T22:00:00+03:00,2026-07,EBM0726,3564.4880433561816,EPIAS_VEP:EBM0726,True,False,False
2026-07-31T20:00:00+00:00,2026-07-31T23:00:00+03:00,2026-07,EBM0726,3564.488043332234,EPIAS_VEP:EBM0726,True,False,False
