valuation_date,contract_name,price_TRY_MWh,delivery_year,delivery_month,delivery_month_label,quote_type,source
2022-01-03,EBM0222,1325.7,2022,2,2022-02,monthly_baseload,EPIAS_VEP_daily_reference_price
2022-01-03,EBM0322,1291.62,2022,3,2022-03,monthly_baseload,EPIAS_VEP_daily_reference_price
2022-01-03,EBM0422,1052.36,2022,4,2022-04,monthly_baseload,EPIAS_VEP_daily_reference_price
2022-01-03,EBM0522,1042.0,2022,5,2022-05,monthly_baseload,EPIAS_VEP_daily_reference_price
2022-01-03,EBM0622,1124.9,2022,6,2022-06,monthly_baseload,EPIAS_VEP_daily_reference_price
2022-01-03,EBM0722,1250.2,2022,7,2022-07,monthly_baseload,EPIAS_VEP_daily_reference_price
2022-01-04,EBM0222,1325.7,2022,2,2022-02,monthly_baseload,EPIAS_VEP_daily_reference_price
2022-01-04,EBM0322,1291.62,2022,3,2022-03,monthly_baseload,EPIAS_VEP_daily_reference_price
2022-01-04,EBM0422,1052.36,2022,4,2022-04,monthly_baseload,EPIAS_VEP_daily_reference_price
2022-01-04,EBM0522,1042.0,2022,5,2022-05,monthly_baseload,EPIAS_VEP_daily_reference_price
2022-01-04,EBM0622,1124.9,2022,6,2022-06,monthly_baseload,EPIAS_VEP_daily_reference_price
2022-01-04,EBM0722,1250.2,2022,7,2022-07,monthly_baseload,EPIAS_VEP_daily_reference_price
2022-01-05,EBM0222,1224.2,2022,2,2022-02,monthly_baseload,EPIAS_VEP_daily_reference_price
2022-01-05,EBM0322,1216.4,2022,3,2022-03,monthly_baseload,EPIAS_VEP_daily_reference_price
2022-01-05,EBM0422,1098.37,2022,4,2022-04,monthly_baseload,EPIAS_VEP_daily_reference_price
2022-01-05,EBM0522,1094.31,2022,5,2022-05,monthly_baseload,EPIAS_VEP_daily_reference_price
2022-01-05,EBM0622,1148.49,2022,6,2022-06,monthly_baseload,EPIAS_VEP_daily_reference_price
2022-01-05,EBM0722,1264.2,2022,7,2022-07,monthly_baseload,EPIAS_VEP_daily_reference_price
2022-01-06,EBM0222,1224.2,2022,2,2022-02,monthly_baseload,EPIAS_VEP_daily_reference_price
2022-01-06,EBM0322,1216.4,2022,3,2022-03,monthly_baseload,EPIAS_VEP_daily_reference_price
2022-01-06,EBM0422,1098.37,2022,4,2022-04,monthly_baseload,EPIAS_VEP_daily_reference_price
2022-01-06,EBM0522,1094.31,2022,5,2022-05,monthly_baseload,EPIAS_VEP_daily_reference_price
2022-01-06,EBM0622,1148.49,2022,6,2022-06,monthly_baseload,EPIAS_VEP_daily_reference_price
2022-01-06,EBM0722,1264.2,2022,7,2022-07,monthly_baseload,EPIAS_VEP_daily_reference_price
2022-01-07,EBM0222,1224.2,2022,2,2022-02,monthly_baseload,EPIAS_VEP_daily_reference_price
2022-01-07,EBM0322,1216.4,2022,3,2022-03,monthly_baseload,EPIAS_VEP_daily_reference_price
2022-01-07,EBM0422,1098.37,2022,4,2022-04,monthly_baseload,EPIAS_VEP_daily_reference_price
2022-01-07,EBM0522,1094.31,2022,5,2022-05,monthly_baseload,EPIAS_VEP_daily_reference_price
2022-01-07,EBM0622,1148.49,2022,6,2022-06,monthly_baseload,EPIAS_VEP_daily_reference_price
2022-01-07,EBM0722,1264.2,2022,7,2022-07,monthly_baseload,EPIAS_VEP_daily_reference_price
2022-01-10,EBM0222,1224.2,2022,2,2022-02,monthly_baseload,EPIAS_VEP_daily_reference_price
2022-01-10,EBM0322,1216.4,2022,3,2022-03,monthly_baseload,EPIAS_VEP_daily_reference_price
2022-01-10,EBM0422,1098.37,2022,4,2022-04,monthly_baseload,EPIAS_VEP_daily_reference_price
2022-01-10,EBM0522,1094.31,2022,5,2022-05,monthly_baseload,EPIAS_VEP_daily_reference_price
2022-01-10,EBM0622,1148.49,2022,6,2022-06,monthly_baseload,EPIAS_VEP_daily_reference_price
2022-01-10,EBM0722,1264.2,2022,7,2022-07,monthly_baseload,EPIAS_VEP_daily_reference_price
2022-01-11,EBM0222,1224.2,2022,2,2022-02,monthly_baseload,EPIAS_VEP_daily_reference_price
2022-01-11,EBM0322,1216.4,2022,3,2022-03,monthly_baseload,EPIAS_VEP_daily_reference_price
2022-01-11,EBM0422,1098.37,2022,4,2022-04,monthly_baseload,EPIAS_VEP_daily_reference_price
2022-01-11,EBM0522,1094.31,2022,5,2022-05,monthly_baseload,EPIAS_VEP_daily_reference_price
2022-01-11,EBM0622,1148.49,2022,6,2022-06,monthly_baseload,EPIAS_VEP_daily_reference_price
2022-01-11,EBM0722,1264.2,2022,7,2022-07,monthly_baseload,EPIAS_VEP_daily_reference_price
2022-01-12,EBM0222,1224.2,2022,2,2022-02,monthly_baseload,EPIAS_VEP_daily_reference_price
2022-01-12,EBM0322,1216.4,2022,3,2022-03,monthly_baseload,EPIAS_VEP_daily_reference_price
2022-01-12,EBM0422,1098.37,2022,4,2022-04,monthly_baseload,EPIAS_VEP_daily_reference_price
2022-01-12,EBM0522,1094.31,2022,5,2022-05,monthly_baseload,EPIAS_VEP_daily_reference_price
2022-01-12,EBM0622,1148.49,2022,6,2022-06,monthly_baseload,EPIAS_VEP_daily_reference_price
2022-01-12,EBM0722,1264.2,2022,7,2022-07,monthly_baseload,EPIAS_VEP_daily_reference_price
2022-01-13,EBM0222,1224.2,2022,2,2022-02,monthly_baseload,EPIAS_VEP_daily_reference_price
2022-01-13,EBM0322,1216.4,2022,3,2022-03,monthly_baseload,EPIAS_VEP_daily_reference_price
2022-01-13,EBM0422,1098.37,2022,4,2022-04,monthly_baseload,EPIAS_VEP_daily_reference_price
2022-01-13,EBM0522,1094.31,2022,5,2022-05,monthly_baseload,EPIAS_VEP_daily_reference_price
2022-01-13,EBM0622,1148.49,2022,6,2022-06,monthly_baseload,EPIAS_VEP_daily_reference_price
2022-01-13,EBM0722,1264.2,2022,7,2022-07,monthly_baseload,EPIAS_VEP_daily_reference_price
2022-01-14,EBM0222,1224.2,2022,2,2022-02,monthly_baseload,EPIAS_VEP_daily_reference_price
2022-01-14,EBM0322,1216.4,2022,3,2022-03,monthly_baseload,EPIAS_VEP_daily_reference_price
2022-01-14,EBM0422,1098.37,2022,4,2022-04,monthly_baseload,EPIAS_VEP_daily_reference_price
2022-01-14,EBM0522,1094.31,2022,5,2022-05,monthly_baseload,EPIAS_VEP_daily_reference_price
2022-01-14,EBM0622,1148.49,2022,6,2022-06,monthly_baseload,EPIAS_VEP_daily_reference_price
2022-01-14,EBM0722,1264.2,2022,7,2022-07,monthly_baseload,EPIAS_VEP_daily_reference_price
2022-01-17,EBM0222,1219.5,2022,2,2022-02,monthly_baseload,EPIAS_VEP_daily_reference_price
2022-01-17,EBM0322,1179.25,2022,3,2022-03,monthly_baseload,EPIAS_VEP_daily_reference_price
2022-01-17,EBM0422,1094.06,2022,4,2022-04,monthly_baseload,EPIAS_VEP_daily_reference_price
2022-01-17,EBM0522,1052.9,2022,5,2022-05,monthly_baseload,EPIAS_VEP_daily_reference_price
2022-01-17,EBM0622,1057.67,2022,6,2022-06,monthly_baseload,EPIAS_VEP_daily_reference_price
2022-01-17,EBM0722,1246.25,2022,7,2022-07,monthly_baseload,EPIAS_VEP_daily_reference_price
2022-01-18,EBM0222,1219.5,2022,2,2022-02,monthly_baseload,EPIAS_VEP_daily_reference_price
2022-01-18,EBM0322,1179.25,2022,3,2022-03,monthly_baseload,EPIAS_VEP_daily_reference_price
2022-01-18,EBM0422,1094.06,2022,4,2022-04,monthly_baseload,EPIAS_VEP_daily_reference_price
2022-01-18,EBM0522,1052.9,2022,5,2022-05,monthly_baseload,EPIAS_VEP_daily_reference_price
2022-01-18,EBM0622,1057.67,2022,6,2022-06,monthly_baseload,EPIAS_VEP_daily_reference_price
2022-01-18,EBM0722,1246.25,2022,7,2022-07,monthly_baseload,EPIAS_VEP_daily_reference_price
2022-01-19,EBM0222,1219.5,2022,2,2022-02,monthly_baseload,EPIAS_VEP_daily_reference_price
2022-01-19,EBM0322,1179.25,2022,3,2022-03,monthly_baseload,EPIAS_VEP_daily_reference_price
2022-01-19,EBM0422,1094.06,2022,4,2022-04,monthly_baseload,EPIAS_VEP_daily_reference_price
2022-01-19,EBM0522,1052.9,2022,5,2022-05,monthly_baseload,EPIAS_VEP_daily_reference_price
2022-01-19,EBM0622,1057.67,2022,6,2022-06,monthly_baseload,EPIAS_VEP_daily_reference_price
2022-01-19,EBM0722,1246.25,2022,7,2022-07,monthly_baseload,EPIAS_VEP_daily_reference_price
2022-01-20,EBM0222,1219.5,2022,2,2022-02,monthly_baseload,EPIAS_VEP_daily_reference_price
2022-01-20,EBM0322,1179.25,2022,3,2022-03,monthly_baseload,EPIAS_VEP_daily_reference_price
2022-01-20,EBM0422,1094.06,2022,4,2022-04,monthly_baseload,EPIAS_VEP_daily_reference_price
2022-01-20,EBM0522,1052.9,2022,5,2022-05,monthly_baseload,EPIAS_VEP_daily_reference_price
2022-01-20,EBM0622,1057.67,2022,6,2022-06,monthly_baseload,EPIAS_VEP_daily_reference_price
2022-01-20,EBM0722,1246.25,2022,7,2022-07,monthly_baseload,EPIAS_VEP_daily_reference_price
2022-01-21,EBM0222,1219.5,2022,2,2022-02,monthly_baseload,EPIAS_VEP_daily_reference_price
2022-01-21,EBM0322,1179.25,2022,3,2022-03,monthly_baseload,EPIAS_VEP_daily_reference_price
2022-01-21,EBM0422,1094.06,2022,4,2022-04,monthly_baseload,EPIAS_VEP_daily_reference_price
2022-01-21,EBM0522,1052.9,2022,5,2022-05,monthly_baseload,EPIAS_VEP_daily_reference_price
2022-01-21,EBM0622,1057.67,2022,6,2022-06,monthly_baseload,EPIAS_VEP_daily_reference_price
2022-01-21,EBM0722,1246.25,2022,7,2022-07,monthly_baseload,EPIAS_VEP_daily_reference_price
2022-01-24,EBM0222,1219.5,2022,2,2022-02,monthly_baseload,EPIAS_VEP_daily_reference_price
2022-01-24,EBM0322,1179.25,2022,3,2022-03,monthly_baseload,EPIAS_VEP_daily_reference_price
2022-01-24,EBM0422,1094.06,2022,4,2022-04,monthly_baseload,EPIAS_VEP_daily_reference_price
2022-01-24,EBM0522,1052.9,2022,5,2022-05,monthly_baseload,EPIAS_VEP_daily_reference_price
2022-01-24,EBM0622,1057.67,2022,6,2022-06,monthly_baseload,EPIAS_VEP_daily_reference_price
2022-01-24,EBM0722,1246.25,2022,7,2022-07,monthly_baseload,EPIAS_VEP_daily_reference_price
2022-01-25,EBM0222,1219.5,2022,2,2022-02,monthly_baseload,EPIAS_VEP_daily_reference_price
2022-01-25,EBM0322,1179.25,2022,3,2022-03,monthly_baseload,EPIAS_VEP_daily_reference_price
2022-01-25,EBM0422,1094.06,2022,4,2022-04,monthly_baseload,EPIAS_VEP_daily_reference_price
2022-01-25,EBM0522,1052.9,2022,5,2022-05,monthly_baseload,EPIAS_VEP_daily_reference_price
2022-01-25,EBM0622,1057.67,2022,6,2022-06,monthly_baseload,EPIAS_VEP_daily_reference_price
2022-01-25,EBM0722,1246.25,2022,7,2022-07,monthly_baseload,EPIAS_VEP_daily_reference_price
2022-01-26,EBM0222,1219.5,2022,2,2022-02,monthly_baseload,EPIAS_VEP_daily_reference_price
2022-01-26,EBM0322,1179.25,2022,3,2022-03,monthly_baseload,EPIAS_VEP_daily_reference_price
2022-01-26,EBM0422,1094.06,2022,4,2022-04,monthly_baseload,EPIAS_VEP_daily_reference_price
2022-01-26,EBM0522,1052.9,2022,5,2022-05,monthly_baseload,EPIAS_VEP_daily_reference_price
2022-01-26,EBM0622,1057.67,2022,6,2022-06,monthly_baseload,EPIAS_VEP_daily_reference_price
2022-01-26,EBM0722,1246.25,2022,7,2022-07,monthly_baseload,EPIAS_VEP_daily_reference_price
2022-01-27,EBM0222,1182.5,2022,2,2022-02,monthly_baseload,EPIAS_VEP_daily_reference_price
2022-01-27,EBM0322,1145.0,2022,3,2022-03,monthly_baseload,EPIAS_VEP_daily_reference_price
2022-01-27,EBM0422,1080.65,2022,4,2022-04,monthly_baseload,EPIAS_VEP_daily_reference_price
2022-01-27,EBM0522,1042.5,2022,5,2022-05,monthly_baseload,EPIAS_VEP_daily_reference_price
2022-01-27,EBM0622,1085.17,2022,6,2022-06,monthly_baseload,EPIAS_VEP_daily_reference_price
2022-01-27,EBM0722,1229.25,2022,7,2022-07,monthly_baseload,EPIAS_VEP_daily_reference_price
2022-01-28,EBM0322,1123.0,2022,3,2022-03,monthly_baseload,EPIAS_VEP_daily_reference_price
2022-01-28,EBM0422,1070.85,2022,4,2022-04,monthly_baseload,EPIAS_VEP_daily_reference_price
2022-01-28,EBM0522,1035.24,2022,5,2022-05,monthly_baseload,EPIAS_VEP_daily_reference_price
2022-01-28,EBM0622,1045.72,2022,6,2022-06,monthly_baseload,EPIAS_VEP_daily_reference_price
2022-01-28,EBM0722,1206.0,2022,7,2022-07,monthly_baseload,EPIAS_VEP_daily_reference_price
2022-01-28,EBM0822,1466.44,2022,8,2022-08,monthly_baseload,EPIAS_VEP_daily_reference_price
2022-01-31,EBM0322,1123.0,2022,3,2022-03,monthly_baseload,EPIAS_VEP_daily_reference_price
2022-01-31,EBM0422,1070.85,2022,4,2022-04,monthly_baseload,EPIAS_VEP_daily_reference_price
2022-01-31,EBM0522,1035.24,2022,5,2022-05,monthly_baseload,EPIAS_VEP_daily_reference_price
2022-01-31,EBM0622,1045.72,2022,6,2022-06,monthly_baseload,EPIAS_VEP_daily_reference_price
2022-01-31,EBM0722,1206.0,2022,7,2022-07,monthly_baseload,EPIAS_VEP_daily_reference_price
2022-01-31,EBM0822,1466.44,2022,8,2022-08,monthly_baseload,EPIAS_VEP_daily_reference_price
2022-02-01,EBM0322,1084.8,2022,3,2022-03,monthly_baseload,EPIAS_VEP_daily_reference_price
2022-02-01,EBM0422,1037.93,2022,4,2022-04,monthly_baseload,EPIAS_VEP_daily_reference_price
2022-02-01,EBM0522,1001.43,2022,5,2022-05,monthly_baseload,EPIAS_VEP_daily_reference_price
2022-02-01,EBM0622,1032.01,2022,6,2022-06,monthly_baseload,EPIAS_VEP_daily_reference_price
2022-02-01,EBM0722,1211.4,2022,7,2022-07,monthly_baseload,EPIAS_VEP_daily_reference_price
2022-02-01,EBM0822,1386.4,2022,8,2022-08,monthly_baseload,EPIAS_VEP_daily_reference_price
2022-02-02,EBM0322,1143.0,2022,3,2022-03,monthly_baseload,EPIAS_VEP_daily_reference_price
2022-02-02,EBM0422,1078.45,2022,4,2022-04,monthly_baseload,EPIAS_VEP_daily_reference_price
2022-02-02,EBM0522,1066.24,2022,5,2022-05,monthly_baseload,EPIAS_VEP_daily_reference_price
2022-02-02,EBM0622,1080.45,2022,6,2022-06,monthly_baseload,EPIAS_VEP_daily_reference_price
2022-02-02,EBM0722,1246.4,2022,7,2022-07,monthly_baseload,EPIAS_VEP_daily_reference_price
2022-02-02,EBM0822,1367.4,2022,8,2022-08,monthly_baseload,EPIAS_VEP_daily_reference_price
2022-02-03,EBM0322,1158.8,2022,3,2022-03,monthly_baseload,EPIAS_VEP_daily_reference_price
2022-02-03,EBM0422,1105.28,2022,4,2022-04,monthly_baseload,EPIAS_VEP_daily_reference_price
2022-02-03,EBM0522,1102.88,2022,5,2022-05,monthly_baseload,EPIAS_VEP_daily_reference_price
2022-02-03,EBM0622,1123.67,2022,6,2022-06,monthly_baseload,EPIAS_VEP_daily_reference_price
2022-02-03,EBM0722,1258.4,2022,7,2022-07,monthly_baseload,EPIAS_VEP_daily_reference_price
2022-02-03,EBM0822,1348.6,2022,8,2022-08,monthly_baseload,EPIAS_VEP_daily_reference_price
2022-02-04,EBM0322,1158.8,2022,3,2022-03,monthly_baseload,EPIAS_VEP_daily_reference_price
2022-02-04,EBM0422,1105.28,2022,4,2022-04,monthly_baseload,EPIAS_VEP_daily_reference_price
2022-02-04,EBM0522,1102.88,2022,5,2022-05,monthly_baseload,EPIAS_VEP_daily_reference_price
2022-02-04,EBM0622,1123.67,2022,6,2022-06,monthly_baseload,EPIAS_VEP_daily_reference_price
2022-02-04,EBM0722,1258.4,2022,7,2022-07,monthly_baseload,EPIAS_VEP_daily_reference_price
2022-02-04,EBM0822,1348.6,2022,8,2022-08,monthly_baseload,EPIAS_VEP_daily_reference_price
2022-02-07,EBM0322,1160.8,2022,3,2022-03,monthly_baseload,EPIAS_VEP_daily_reference_price
2022-02-07,EBM0422,1115.3,2022,4,2022-04,monthly_baseload,EPIAS_VEP_daily_reference_price
2022-02-07,EBM0522,1093.61,2022,5,2022-05,monthly_baseload,EPIAS_VEP_daily_reference_price
2022-02-07,EBM0622,1107.87,2022,6,2022-06,monthly_baseload,EPIAS_VEP_daily_reference_price
2022-02-07,EBM0722,1220.8,2022,7,2022-07,monthly_baseload,EPIAS_VEP_daily_reference_price
2022-02-07,EBM0822,1309.8,2022,8,2022-08,monthly_baseload,EPIAS_VEP_daily_reference_price
2022-02-08,EBM0322,1162.2,2022,3,2022-03,monthly_baseload,EPIAS_VEP_daily_reference_price
2022-02-08,EBM0422,1119.46,2022,4,2022-04,monthly_baseload,EPIAS_VEP_daily_reference_price
2022-02-08,EBM0522,1090.03,2022,5,2022-05,monthly_baseload,EPIAS_VEP_daily_reference_price
2022-02-08,EBM0622,1105.85,2022,6,2022-06,monthly_baseload,EPIAS_VEP_daily_reference_price
2022-02-08,EBM0722,1218.2,2022,7,2022-07,monthly_baseload,EPIAS_VEP_daily_reference_price
2022-02-08,EBM0822,1312.0,2022,8,2022-08,monthly_baseload,EPIAS_VEP_daily_reference_price
2022-02-09,EBM0322,1164.6,2022,3,2022-03,monthly_baseload,EPIAS_VEP_daily_reference_price
2022-02-09,EBM0422,1131.56,2022,4,2022-04,monthly_baseload,EPIAS_VEP_daily_reference_price
2022-02-09,EBM0522,1090.57,2022,5,2022-05,monthly_baseload,EPIAS_VEP_daily_reference_price
2022-02-09,EBM0622,1134.76,2022,6,2022-06,monthly_baseload,EPIAS_VEP_daily_reference_price
2022-02-09,EBM0722,1247.8,2022,7,2022-07,monthly_baseload,EPIAS_VEP_daily_reference_price
2022-02-09,EBM0822,1352.6,2022,8,2022-08,monthly_baseload,EPIAS_VEP_daily_reference_price
2022-02-10,EBM0322,1164.6,2022,3,2022-03,monthly_baseload,EPIAS_VEP_daily_reference_price
2022-02-10,EBM0422,1131.56,2022,4,2022-04,monthly_baseload,EPIAS_VEP_daily_reference_price
2022-02-10,EBM0522,1090.57,2022,5,2022-05,monthly_baseload,EPIAS_VEP_daily_reference_price
2022-02-10,EBM0622,1134.76,2022,6,2022-06,monthly_baseload,EPIAS_VEP_daily_reference_price
2022-02-10,EBM0722,1247.8,2022,7,2022-07,monthly_baseload,EPIAS_VEP_daily_reference_price
2022-02-10,EBM0822,1352.6,2022,8,2022-08,monthly_baseload,EPIAS_VEP_daily_reference_price
2022-02-11,EBM0322,1164.6,2022,3,2022-03,monthly_baseload,EPIAS_VEP_daily_reference_price
2022-02-11,EBM0422,1131.56,2022,4,2022-04,monthly_baseload,EPIAS_VEP_daily_reference_price
2022-02-11,EBM0522,1090.57,2022,5,2022-05,monthly_baseload,EPIAS_VEP_daily_reference_price
2022-02-11,EBM0622,1134.76,2022,6,2022-06,monthly_baseload,EPIAS_VEP_daily_reference_price
2022-02-11,EBM0722,1247.8,2022,7,2022-07,monthly_baseload,EPIAS_VEP_daily_reference_price
2022-02-11,EBM0822,1352.6,2022,8,2022-08,monthly_baseload,EPIAS_VEP_daily_reference_price
2022-02-14,EBM0322,1164.6,2022,3,2022-03,monthly_baseload,EPIAS_VEP_daily_reference_price
2022-02-14,EBM0422,1131.56,2022,4,2022-04,monthly_baseload,EPIAS_VEP_daily_reference_price
2022-02-14,EBM0522,1090.57,2022,5,2022-05,monthly_baseload,EPIAS_VEP_daily_reference_price
2022-02-14,EBM0622,1134.76,2022,6,2022-06,monthly_baseload,EPIAS_VEP_daily_reference_price
2022-02-14,EBM0722,1247.8,2022,7,2022-07,monthly_baseload,EPIAS_VEP_daily_reference_price
2022-02-14,EBM0822,1352.6,2022,8,2022-08,monthly_baseload,EPIAS_VEP_daily_reference_price
2022-02-15,EBM0322,1180.0,2022,3,2022-03,monthly_baseload,EPIAS_VEP_daily_reference_price
2022-02-15,EBM0422,1131.18,2022,4,2022-04,monthly_baseload,EPIAS_VEP_daily_reference_price
2022-02-15,EBM0522,1092.84,2022,5,2022-05,monthly_baseload,EPIAS_VEP_daily_reference_price
2022-02-15,EBM0622,1134.38,2022,6,2022-06,monthly_baseload,EPIAS_VEP_daily_reference_price
2022-02-15,EBM0722,1263.6,2022,7,2022-07,monthly_baseload,EPIAS_VEP_daily_reference_price
2022-02-15,EBM0822,1352.6,2022,8,2022-08,monthly_baseload,EPIAS_VEP_daily_reference_price
2022-02-16,EBM0322,1180.0,2022,3,2022-03,monthly_baseload,EPIAS_VEP_daily_reference_price
2022-02-16,EBM0422,1131.18,2022,4,2022-04,monthly_baseload,EPIAS_VEP_daily_reference_price
2022-02-16,EBM0522,1092.84,2022,5,2022-05,monthly_baseload,EPIAS_VEP_daily_reference_price
2022-02-16,EBM0622,1134.38,2022,6,2022-06,monthly_baseload,EPIAS_VEP_daily_reference_price
2022-02-16,EBM0722,1263.6,2022,7,2022-07,monthly_baseload,EPIAS_VEP_daily_reference_price
2022-02-16,EBM0822,1352.6,2022,8,2022-08,monthly_baseload,EPIAS_VEP_daily_reference_price
2022-02-17,EBM0322,1180.0,2022,3,2022-03,monthly_baseload,EPIAS_VEP_daily_reference_price
2022-02-17,EBM0422,1131.18,2022,4,2022-04,monthly_baseload,EPIAS_VEP_daily_reference_price
2022-02-17,EBM0522,1092.84,2022,5,2022-05,monthly_baseload,EPIAS_VEP_daily_reference_price
2022-02-17,EBM0622,1134.38,2022,6,2022-06,monthly_baseload,EPIAS_VEP_daily_reference_price
2022-02-17,EBM0722,1263.6,2022,7,2022-07,monthly_baseload,EPIAS_VEP_daily_reference_price
2022-02-17,EBM0822,1352.6,2022,8,2022-08,monthly_baseload,EPIAS_VEP_daily_reference_price
2022-02-18,EBM0322,1180.0,2022,3,2022-03,monthly_baseload,EPIAS_VEP_daily_reference_price
2022-02-18,EBM0422,1131.18,2022,4,2022-04,monthly_baseload,EPIAS_VEP_daily_reference_price
2022-02-18,EBM0522,1092.84,2022,5,2022-05,monthly_baseload,EPIAS_VEP_daily_reference_price
2022-02-18,EBM0622,1134.38,2022,6,2022-06,monthly_baseload,EPIAS_VEP_daily_reference_price
2022-02-18,EBM0722,1263.6,2022,7,2022-07,monthly_baseload,EPIAS_VEP_daily_reference_price
2022-02-18,EBM0822,1352.6,2022,8,2022-08,monthly_baseload,EPIAS_VEP_daily_reference_price
2022-02-21,EBM0322,1180.0,2022,3,2022-03,monthly_baseload,EPIAS_VEP_daily_reference_price
2022-02-21,EBM0422,1131.18,2022,4,2022-04,monthly_baseload,EPIAS_VEP_daily_reference_price
2022-02-21,EBM0522,1092.84,2022,5,2022-05,monthly_baseload,EPIAS_VEP_daily_reference_price
2022-02-21,EBM0622,1134.38,2022,6,2022-06,monthly_baseload,EPIAS_VEP_daily_reference_price
2022-02-21,EBM0722,1263.6,2022,7,2022-07,monthly_baseload,EPIAS_VEP_daily_reference_price
2022-02-21,EBM0822,1352.6,2022,8,2022-08,monthly_baseload,EPIAS_VEP_daily_reference_price
2022-02-22,EBM0322,1180.0,2022,3,2022-03,monthly_baseload,EPIAS_VEP_daily_reference_price
2022-02-22,EBM0422,1131.18,2022,4,2022-04,monthly_baseload,EPIAS_VEP_daily_reference_price
2022-02-22,EBM0522,1092.84,2022,5,2022-05,monthly_baseload,EPIAS_VEP_daily_reference_price
2022-02-22,EBM0622,1134.38,2022,6,2022-06,monthly_baseload,EPIAS_VEP_daily_reference_price
2022-02-22,EBM0722,1263.6,2022,7,2022-07,monthly_baseload,EPIAS_VEP_daily_reference_price
2022-02-22,EBM0822,1352.6,2022,8,2022-08,monthly_baseload,EPIAS_VEP_daily_reference_price
2022-02-23,EBM0322,1180.0,2022,3,2022-03,monthly_baseload,EPIAS_VEP_daily_reference_price
2022-02-23,EBM0422,1131.18,2022,4,2022-04,monthly_baseload,EPIAS_VEP_daily_reference_price
2022-02-23,EBM0522,1092.84,2022,5,2022-05,monthly_baseload,EPIAS_VEP_daily_reference_price
2022-02-23,EBM0622,1134.38,2022,6,2022-06,monthly_baseload,EPIAS_VEP_daily_reference_price
2022-02-23,EBM0722,1263.6,2022,7,2022-07,monthly_baseload,EPIAS_VEP_daily_reference_price
2022-02-23,EBM0822,1352.6,2022,8,2022-08,monthly_baseload,EPIAS_VEP_daily_reference_price
2022-02-24,EBM0322,1218.2,2022,3,2022-03,monthly_baseload,EPIAS_VEP_daily_reference_price
2022-02-24,EBM0422,1131.84,2022,4,2022-04,monthly_baseload,EPIAS_VEP_daily_reference_price
2022-02-24,EBM0522,1116.99,2022,5,2022-05,monthly_baseload,EPIAS_VEP_daily_reference_price
2022-02-24,EBM0622,1173.56,2022,6,2022-06,monthly_baseload,EPIAS_VEP_daily_reference_price
2022-02-24,EBM0722,1322.8,2022,7,2022-07,monthly_baseload,EPIAS_VEP_daily_reference_price
2022-02-24,EBM0822,1367.6,2022,8,2022-08,monthly_baseload,EPIAS_VEP_daily_reference_price
2022-02-25,EBM0422,1131.84,2022,4,2022-04,monthly_baseload,EPIAS_VEP_daily_reference_price
2022-02-25,EBM0522,1116.99,2022,5,2022-05,monthly_baseload,EPIAS_VEP_daily_reference_price
2022-02-25,EBM0622,1173.56,2022,6,2022-06,monthly_baseload,EPIAS_VEP_daily_reference_price
2022-02-25,EBM0722,1284.85,2022,7,2022-07,monthly_baseload,EPIAS_VEP_daily_reference_price
2022-02-25,EBM0822,1328.36,2022,8,2022-08,monthly_baseload,EPIAS_VEP_daily_reference_price
2022-02-25,EBM0922,1357.19,2022,9,2022-09,monthly_baseload,EPIAS_VEP_daily_reference_price
2022-02-28,EBM0422,1226.0,2022,4,2022-04,monthly_baseload,EPIAS_VEP_daily_reference_price
2022-02-28,EBM0522,1225.0,2022,5,2022-05,monthly_baseload,EPIAS_VEP_daily_reference_price
2022-02-28,EBM0622,1290.27,2022,6,2022-06,monthly_baseload,EPIAS_VEP_daily_reference_price
2022-02-28,EBM0722,1427.96,2022,7,2022-07,monthly_baseload,EPIAS_VEP_daily_reference_price
2022-02-28,EBM0822,1453.77,2022,8,2022-08,monthly_baseload,EPIAS_VEP_daily_reference_price
2022-02-28,EBM0922,1488.59,2022,9,2022-09,monthly_baseload,EPIAS_VEP_daily_reference_price
2022-03-01,EBM0422,1260.91,2022,4,2022-04,monthly_baseload,EPIAS_VEP_daily_reference_price
2022-03-01,EBM0522,1249.8,2022,5,2022-05,monthly_baseload,EPIAS_VEP_daily_reference_price
2022-03-01,EBM0622,1297.41,2022,6,2022-06,monthly_baseload,EPIAS_VEP_daily_reference_price
2022-03-01,EBM0722,1434.21,2022,7,2022-07,monthly_baseload,EPIAS_VEP_daily_reference_price
2022-03-01,EBM0822,1456.39,2022,8,2022-08,monthly_baseload,EPIAS_VEP_daily_reference_price
2022-03-01,EBM0922,1522.33,2022,9,2022-09,monthly_baseload,EPIAS_VEP_daily_reference_price
2022-03-02,EBM0422,1317.47,2022,4,2022-04,monthly_baseload,EPIAS_VEP_daily_reference_price
2022-03-02,EBM0522,1330.68,2022,5,2022-05,monthly_baseload,EPIAS_VEP_daily_reference_price
2022-03-02,EBM0622,1309.75,2022,6,2022-06,monthly_baseload,EPIAS_VEP_daily_reference_price
2022-03-02,EBM0722,1522.09,2022,7,2022-07,monthly_baseload,EPIAS_VEP_daily_reference_price
2022-03-02,EBM0822,1567.86,2022,8,2022-08,monthly_baseload,EPIAS_VEP_daily_reference_price
2022-03-02,EBM0922,1553.72,2022,9,2022-09,monthly_baseload,EPIAS_VEP_daily_reference_price
2022-03-03,EBM0422,1331.73,2022,4,2022-04,monthly_baseload,EPIAS_VEP_daily_reference_price
2022-03-03,EBM0522,1329.97,2022,5,2022-05,monthly_baseload,EPIAS_VEP_daily_reference_price
2022-03-03,EBM0622,1404.85,2022,6,2022-06,monthly_baseload,EPIAS_VEP_daily_reference_price
2022-03-03,EBM0722,1585.82,2022,7,2022-07,monthly_baseload,EPIAS_VEP_daily_reference_price
2022-03-03,EBM0822,1612.27,2022,8,2022-08,monthly_baseload,EPIAS_VEP_daily_reference_price
2022-03-03,EBM0922,1603.71,2022,9,2022-09,monthly_baseload,EPIAS_VEP_daily_reference_price
2022-03-04,EBM0422,1357.38,2022,4,2022-04,monthly_baseload,EPIAS_VEP_daily_reference_price
2022-03-04,EBM0522,1352.98,2022,5,2022-05,monthly_baseload,EPIAS_VEP_daily_reference_price
2022-03-04,EBM0622,1462.06,2022,6,2022-06,monthly_baseload,EPIAS_VEP_daily_reference_price
2022-03-04,EBM0722,1641.38,2022,7,2022-07,monthly_baseload,EPIAS_VEP_daily_reference_price
2022-03-04,EBM0822,1658.78,2022,8,2022-08,monthly_baseload,EPIAS_VEP_daily_reference_price
2022-03-04,EBM0922,1652.98,2022,9,2022-09,monthly_baseload,EPIAS_VEP_daily_reference_price
2022-03-07,EBM0422,1391.69,2022,4,2022-04,monthly_baseload,EPIAS_VEP_daily_reference_price
2022-03-07,EBM0522,1416.7,2022,5,2022-05,monthly_baseload,EPIAS_VEP_daily_reference_price
2022-03-07,EBM0622,1512.7,2022,6,2022-06,monthly_baseload,EPIAS_VEP_daily_reference_price
2022-03-07,EBM0722,1674.31,2022,7,2022-07,monthly_baseload,EPIAS_VEP_daily_reference_price
2022-03-07,EBM0822,1699.74,2022,8,2022-08,monthly_baseload,EPIAS_VEP_daily_reference_price
2022-03-07,EBM0922,1694.53,2022,9,2022-09,monthly_baseload,EPIAS_VEP_daily_reference_price
2022-03-08,EBM0422,1377.28,2022,4,2022-04,monthly_baseload,EPIAS_VEP_daily_reference_price
2022-03-08,EBM0522,1378.53,2022,5,2022-05,monthly_baseload,EPIAS_VEP_daily_reference_price
2022-03-08,EBM0622,1470.31,2022,6,2022-06,monthly_baseload,EPIAS_VEP_daily_reference_price
2022-03-08,EBM0722,1636.47,2022,7,2022-07,monthly_baseload,EPIAS_VEP_daily_reference_price
2022-03-08,EBM0822,1657.73,2022,8,2022-08,monthly_baseload,EPIAS_VEP_daily_reference_price
2022-03-08,EBM0922,1651.47,2022,9,2022-09,monthly_baseload,EPIAS_VEP_daily_reference_price
2022-03-09,EBM0422,1377.28,2022,4,2022-04,monthly_baseload,EPIAS_VEP_daily_reference_price
2022-03-09,EBM0522,1378.53,2022,5,2022-05,monthly_baseload,EPIAS_VEP_daily_reference_price
2022-03-09,EBM0622,1470.31,2022,6,2022-06,monthly_baseload,EPIAS_VEP_daily_reference_price
2022-03-09,EBM0722,1636.47,2022,7,2022-07,monthly_baseload,EPIAS_VEP_daily_reference_price
2022-03-09,EBM0822,1657.73,2022,8,2022-08,monthly_baseload,EPIAS_VEP_daily_reference_price
2022-03-09,EBM0922,1651.47,2022,9,2022-09,monthly_baseload,EPIAS_VEP_daily_reference_price
2022-03-10,EBM0422,1377.28,2022,4,2022-04,monthly_baseload,EPIAS_VEP_daily_reference_price
2022-03-10,EBM0522,1378.53,2022,5,2022-05,monthly_baseload,EPIAS_VEP_daily_reference_price
2022-03-10,EBM0622,1470.31,2022,6,2022-06,monthly_baseload,EPIAS_VEP_daily_reference_price
2022-03-10,EBM0722,1636.47,2022,7,2022-07,monthly_baseload,EPIAS_VEP_daily_reference_price
2022-03-10,EBM0822,1657.73,2022,8,2022-08,monthly_baseload,EPIAS_VEP_daily_reference_price
2022-03-10,EBM0922,1651.47,2022,9,2022-09,monthly_baseload,EPIAS_VEP_daily_reference_price
2022-03-11,EBM0422,1408.96,2022,4,2022-04,monthly_baseload,EPIAS_VEP_daily_reference_price
2022-03-11,EBM0522,1415.18,2022,5,2022-05,monthly_baseload,EPIAS_VEP_daily_reference_price
2022-03-11,EBM0622,1497.77,2022,6,2022-06,monthly_baseload,EPIAS_VEP_daily_reference_price
2022-03-11,EBM0722,1651.58,2022,7,2022-07,monthly_baseload,EPIAS_VEP_daily_reference_price
2022-03-11,EBM0822,1667.78,2022,8,2022-08,monthly_baseload,EPIAS_VEP_daily_reference_price
2022-03-11,EBM0922,1662.58,2022,9,2022-09,monthly_baseload,EPIAS_VEP_daily_reference_price
2022-03-14,EBM0422,1391.97,2022,4,2022-04,monthly_baseload,EPIAS_VEP_daily_reference_price
2022-03-14,EBM0522,1388.72,2022,5,2022-05,monthly_baseload,EPIAS_VEP_daily_reference_price
2022-03-14,EBM0622,1489.38,2022,6,2022-06,monthly_baseload,EPIAS_VEP_daily_reference_price
2022-03-14,EBM0722,1636.31,2022,7,2022-07,monthly_baseload,EPIAS_VEP_daily_reference_price
2022-03-14,EBM0822,1655.37,2022,8,2022-08,monthly_baseload,EPIAS_VEP_daily_reference_price
2022-03-14,EBM0922,1649.1,2022,9,2022-09,monthly_baseload,EPIAS_VEP_daily_reference_price
2022-03-15,EBM0422,1392.75,2022,4,2022-04,monthly_baseload,EPIAS_VEP_daily_reference_price
2022-03-15,EBM0522,1386.97,2022,5,2022-05,monthly_baseload,EPIAS_VEP_daily_reference_price
2022-03-15,EBM0622,1480.2,2022,6,2022-06,monthly_baseload,EPIAS_VEP_daily_reference_price
2022-03-15,EBM0722,1626.89,2022,7,2022-07,monthly_baseload,EPIAS_VEP_daily_reference_price
2022-03-15,EBM0822,1646.64,2022,8,2022-08,monthly_baseload,EPIAS_VEP_daily_reference_price
2022-03-15,EBM0922,1640.14,2022,9,2022-09,monthly_baseload,EPIAS_VEP_daily_reference_price
2022-03-16,EBM0422,1400.4,2022,4,2022-04,monthly_baseload,EPIAS_VEP_daily_reference_price
2022-03-16,EBM0522,1393.89,2022,5,2022-05,monthly_baseload,EPIAS_VEP_daily_reference_price
2022-03-16,EBM0622,1459.99,2022,6,2022-06,monthly_baseload,EPIAS_VEP_daily_reference_price
2022-03-16,EBM0722,1599.43,2022,7,2022-07,monthly_baseload,EPIAS_VEP_daily_reference_price
2022-03-16,EBM0822,1619.43,2022,8,2022-08,monthly_baseload,EPIAS_VEP_daily_reference_price
2022-03-16,EBM0922,1612.93,2022,9,2022-09,monthly_baseload,EPIAS_VEP_daily_reference_price
2022-03-17,EBM0422,1400.4,2022,4,2022-04,monthly_baseload,EPIAS_VEP_daily_reference_price
2022-03-17,EBM0522,1393.89,2022,5,2022-05,monthly_baseload,EPIAS_VEP_daily_reference_price
2022-03-17,EBM0622,1459.99,2022,6,2022-06,monthly_baseload,EPIAS_VEP_daily_reference_price
2022-03-17,EBM0722,1599.43,2022,7,2022-07,monthly_baseload,EPIAS_VEP_daily_reference_price
2022-03-17,EBM0822,1619.43,2022,8,2022-08,monthly_baseload,EPIAS_VEP_daily_reference_price
2022-03-17,EBM0922,1612.93,2022,9,2022-09,monthly_baseload,EPIAS_VEP_daily_reference_price
2022-03-18,EBM0422,1378.47,2022,4,2022-04,monthly_baseload,EPIAS_VEP_daily_reference_price
2022-03-18,EBM0522,1371.71,2022,5,2022-05,monthly_baseload,EPIAS_VEP_daily_reference_price
2022-03-18,EBM0622,1480.96,2022,6,2022-06,monthly_baseload,EPIAS_VEP_daily_reference_price
2022-03-18,EBM0722,1617.72,2022,7,2022-07,monthly_baseload,EPIAS_VEP_daily_reference_price
2022-03-18,EBM0822,1637.72,2022,8,2022-08,monthly_baseload,EPIAS_VEP_daily_reference_price
2022-03-18,EBM0922,1630.97,2022,9,2022-09,monthly_baseload,EPIAS_VEP_daily_reference_price
2022-03-21,EBM0422,1378.47,2022,4,2022-04,monthly_baseload,EPIAS_VEP_daily_reference_price
2022-03-21,EBM0522,1371.71,2022,5,2022-05,monthly_baseload,EPIAS_VEP_daily_reference_price
2022-03-21,EBM0622,1480.96,2022,6,2022-06,monthly_baseload,EPIAS_VEP_daily_reference_price
2022-03-21,EBM0722,1617.72,2022,7,2022-07,monthly_baseload,EPIAS_VEP_daily_reference_price
2022-03-21,EBM0822,1637.72,2022,8,2022-08,monthly_baseload,EPIAS_VEP_daily_reference_price
2022-03-21,EBM0922,1630.97,2022,9,2022-09,monthly_baseload,EPIAS_VEP_daily_reference_price
2022-03-22,EBM0422,1429.99,2022,4,2022-04,monthly_baseload,EPIAS_VEP_daily_reference_price
2022-03-22,EBM0522,1424.58,2022,5,2022-05,monthly_baseload,EPIAS_VEP_daily_reference_price
2022-03-22,EBM0622,1510.63,2022,6,2022-06,monthly_baseload,EPIAS_VEP_daily_reference_price
2022-03-22,EBM0722,1647.78,2022,7,2022-07,monthly_baseload,EPIAS_VEP_daily_reference_price
2022-03-22,EBM0822,1663.78,2022,8,2022-08,monthly_baseload,EPIAS_VEP_daily_reference_price
2022-03-22,EBM0922,1658.38,2022,9,2022-09,monthly_baseload,EPIAS_VEP_daily_reference_price
2022-03-23,EBM0422,1429.99,2022,4,2022-04,monthly_baseload,EPIAS_VEP_daily_reference_price
2022-03-23,EBM0522,1424.58,2022,5,2022-05,monthly_baseload,EPIAS_VEP_daily_reference_price
2022-03-23,EBM0622,1510.63,2022,6,2022-06,monthly_baseload,EPIAS_VEP_daily_reference_price
2022-03-23,EBM0722,1647.78,2022,7,2022-07,monthly_baseload,EPIAS_VEP_daily_reference_price
2022-03-23,EBM0822,1663.78,2022,8,2022-08,monthly_baseload,EPIAS_VEP_daily_reference_price
2022-03-23,EBM0922,1658.38,2022,9,2022-09,monthly_baseload,EPIAS_VEP_daily_reference_price
2022-03-24,EBM0422,1429.99,2022,4,2022-04,monthly_baseload,EPIAS_VEP_daily_reference_price
2022-03-24,EBM0522,1424.58,2022,5,2022-05,monthly_baseload,EPIAS_VEP_daily_reference_price
2022-03-24,EBM0622,1510.63,2022,6,2022-06,monthly_baseload,EPIAS_VEP_daily_reference_price
2022-03-24,EBM0722,1647.78,2022,7,2022-07,monthly_baseload,EPIAS_VEP_daily_reference_price
2022-03-24,EBM0822,1663.78,2022,8,2022-08,monthly_baseload,EPIAS_VEP_daily_reference_price
2022-03-24,EBM0922,1658.38,2022,9,2022-09,monthly_baseload,EPIAS_VEP_daily_reference_price
2022-03-25,EBM0422,1429.99,2022,4,2022-04,monthly_baseload,EPIAS_VEP_daily_reference_price
2022-03-25,EBM0522,1424.58,2022,5,2022-05,monthly_baseload,EPIAS_VEP_daily_reference_price
2022-03-25,EBM0622,1510.63,2022,6,2022-06,monthly_baseload,EPIAS_VEP_daily_reference_price
2022-03-25,EBM0722,1647.78,2022,7,2022-07,monthly_baseload,EPIAS_VEP_daily_reference_price
2022-03-25,EBM0822,1663.78,2022,8,2022-08,monthly_baseload,EPIAS_VEP_daily_reference_price
2022-03-25,EBM0922,1658.38,2022,9,2022-09,monthly_baseload,EPIAS_VEP_daily_reference_price
2022-03-28,EBM0422,1429.99,2022,4,2022-04,monthly_baseload,EPIAS_VEP_daily_reference_price
2022-03-28,EBM0522,1424.58,2022,5,2022-05,monthly_baseload,EPIAS_VEP_daily_reference_price
2022-03-28,EBM0622,1510.63,2022,6,2022-06,monthly_baseload,EPIAS_VEP_daily_reference_price
2022-03-28,EBM0722,1647.78,2022,7,2022-07,monthly_baseload,EPIAS_VEP_daily_reference_price
2022-03-28,EBM0822,1663.78,2022,8,2022-08,monthly_baseload,EPIAS_VEP_daily_reference_price
2022-03-28,EBM0922,1658.38,2022,9,2022-09,monthly_baseload,EPIAS_VEP_daily_reference_price
2022-03-29,EBM0422,1429.99,2022,4,2022-04,monthly_baseload,EPIAS_VEP_daily_reference_price
2022-03-29,EBM0522,1424.58,2022,5,2022-05,monthly_baseload,EPIAS_VEP_daily_reference_price
2022-03-29,EBM0622,1510.63,2022,6,2022-06,monthly_baseload,EPIAS_VEP_daily_reference_price
2022-03-29,EBM0722,1647.78,2022,7,2022-07,monthly_baseload,EPIAS_VEP_daily_reference_price
2022-03-29,EBM0822,1663.78,2022,8,2022-08,monthly_baseload,EPIAS_VEP_daily_reference_price
2022-03-29,EBM0922,1658.38,2022,9,2022-09,monthly_baseload,EPIAS_VEP_daily_reference_price
2022-03-30,EBM0522,1424.58,2022,5,2022-05,monthly_baseload,EPIAS_VEP_daily_reference_price
2022-03-30,EBM0622,1510.63,2022,6,2022-06,monthly_baseload,EPIAS_VEP_daily_reference_price
2022-03-30,EBM0722,1647.78,2022,7,2022-07,monthly_baseload,EPIAS_VEP_daily_reference_price
2022-03-30,EBM0822,1663.78,2022,8,2022-08,monthly_baseload,EPIAS_VEP_daily_reference_price
2022-03-30,EBM0922,1658.38,2022,9,2022-09,monthly_baseload,EPIAS_VEP_daily_reference_price
2022-03-30,EBM1022,1623.67,2022,10,2022-10,monthly_baseload,EPIAS_VEP_daily_reference_price
2022-03-31,EBM0522,1424.58,2022,5,2022-05,monthly_baseload,EPIAS_VEP_daily_reference_price
2022-03-31,EBM0622,1510.63,2022,6,2022-06,monthly_baseload,EPIAS_VEP_daily_reference_price
2022-03-31,EBM0722,1647.78,2022,7,2022-07,monthly_baseload,EPIAS_VEP_daily_reference_price
2022-03-31,EBM0822,1663.78,2022,8,2022-08,monthly_baseload,EPIAS_VEP_daily_reference_price
2022-03-31,EBM0922,1658.38,2022,9,2022-09,monthly_baseload,EPIAS_VEP_daily_reference_price
2022-03-31,EBM1022,1623.67,2022,10,2022-10,monthly_baseload,EPIAS_VEP_daily_reference_price
2022-04-01,EBM0522,1424.58,2022,5,2022-05,monthly_baseload,EPIAS_VEP_daily_reference_price
2022-04-01,EBM0622,1510.63,2022,6,2022-06,monthly_baseload,EPIAS_VEP_daily_reference_price
2022-04-01,EBM0722,1647.78,2022,7,2022-07,monthly_baseload,EPIAS_VEP_daily_reference_price
2022-04-01,EBM0822,1663.78,2022,8,2022-08,monthly_baseload,EPIAS_VEP_daily_reference_price
2022-04-01,EBM0922,1658.38,2022,9,2022-09,monthly_baseload,EPIAS_VEP_daily_reference_price
2022-04-01,EBM1022,1623.67,2022,10,2022-10,monthly_baseload,EPIAS_VEP_daily_reference_price
2022-04-04,EBM0522,1424.58,2022,5,2022-05,monthly_baseload,EPIAS_VEP_daily_reference_price
2022-04-04,EBM0622,1510.63,2022,6,2022-06,monthly_baseload,EPIAS_VEP_daily_reference_price
2022-04-04,EBM0722,1647.78,2022,7,2022-07,monthly_baseload,EPIAS_VEP_daily_reference_price
2022-04-04,EBM0822,1663.78,2022,8,2022-08,monthly_baseload,EPIAS_VEP_daily_reference_price
2022-04-04,EBM0922,1658.38,2022,9,2022-09,monthly_baseload,EPIAS_VEP_daily_reference_price
2022-04-04,EBM1022,1623.67,2022,10,2022-10,monthly_baseload,EPIAS_VEP_daily_reference_price
2022-04-05,EBM0522,1481.0,2022,5,2022-05,monthly_baseload,EPIAS_VEP_daily_reference_price
2022-04-05,EBM0622,1552.2,2022,6,2022-06,monthly_baseload,EPIAS_VEP_daily_reference_price
2022-04-05,EBM0722,1693.78,2022,7,2022-07,monthly_baseload,EPIAS_VEP_daily_reference_price
2022-04-05,EBM0822,1708.98,2022,8,2022-08,monthly_baseload,EPIAS_VEP_daily_reference_price
2022-04-05,EBM0922,1703.97,2022,9,2022-09,monthly_baseload,EPIAS_VEP_daily_reference_price
2022-04-05,EBM1022,1824.8,2022,10,2022-10,monthly_baseload,EPIAS_VEP_daily_reference_price
2022-04-06,EBM0522,1481.0,2022,5,2022-05,monthly_baseload,EPIAS_VEP_daily_reference_price
2022-04-06,EBM0622,1552.2,2022,6,2022-06,monthly_baseload,EPIAS_VEP_daily_reference_price
2022-04-06,EBM0722,1693.78,2022,7,2022-07,monthly_baseload,EPIAS_VEP_daily_reference_price
2022-04-06,EBM0822,1708.98,2022,8,2022-08,monthly_baseload,EPIAS_VEP_daily_reference_price
2022-04-06,EBM0922,1703.97,2022,9,2022-09,monthly_baseload,EPIAS_VEP_daily_reference_price
2022-04-06,EBM1022,1824.8,2022,10,2022-10,monthly_baseload,EPIAS_VEP_daily_reference_price
2022-04-07,EBM0522,1481.0,2022,5,2022-05,monthly_baseload,EPIAS_VEP_daily_reference_price
2022-04-07,EBM0622,1552.2,2022,6,2022-06,monthly_baseload,EPIAS_VEP_daily_reference_price
2022-04-07,EBM0722,1693.78,2022,7,2022-07,monthly_baseload,EPIAS_VEP_daily_reference_price
2022-04-07,EBM0822,1708.98,2022,8,2022-08,monthly_baseload,EPIAS_VEP_daily_reference_price
2022-04-07,EBM0922,1703.97,2022,9,2022-09,monthly_baseload,EPIAS_VEP_daily_reference_price
2022-04-07,EBM1022,1824.8,2022,10,2022-10,monthly_baseload,EPIAS_VEP_daily_reference_price
2022-04-08,EBM0522,1481.0,2022,5,2022-05,monthly_baseload,EPIAS_VEP_daily_reference_price
2022-04-08,EBM0622,1552.2,2022,6,2022-06,monthly_baseload,EPIAS_VEP_daily_reference_price
2022-04-08,EBM0722,1693.78,2022,7,2022-07,monthly_baseload,EPIAS_VEP_daily_reference_price
2022-04-08,EBM0822,1708.98,2022,8,2022-08,monthly_baseload,EPIAS_VEP_daily_reference_price
2022-04-08,EBM0922,1703.97,2022,9,2022-09,monthly_baseload,EPIAS_VEP_daily_reference_price
2022-04-08,EBM1022,1824.8,2022,10,2022-10,monthly_baseload,EPIAS_VEP_daily_reference_price
2022-04-11,EBM0522,1481.0,2022,5,2022-05,monthly_baseload,EPIAS_VEP_daily_reference_price
2022-04-11,EBM0622,1552.2,2022,6,2022-06,monthly_baseload,EPIAS_VEP_daily_reference_price
2022-04-11,EBM0722,1693.78,2022,7,2022-07,monthly_baseload,EPIAS_VEP_daily_reference_price
2022-04-11,EBM0822,1708.98,2022,8,2022-08,monthly_baseload,EPIAS_VEP_daily_reference_price
2022-04-11,EBM0922,1703.97,2022,9,2022-09,monthly_baseload,EPIAS_VEP_daily_reference_price
2022-04-11,EBM1022,1824.8,2022,10,2022-10,monthly_baseload,EPIAS_VEP_daily_reference_price
2022-04-12,EBM0522,1481.0,2022,5,2022-05,monthly_baseload,EPIAS_VEP_daily_reference_price
2022-04-12,EBM0622,1552.2,2022,6,2022-06,monthly_baseload,EPIAS_VEP_daily_reference_price
2022-04-12,EBM0722,1693.78,2022,7,2022-07,monthly_baseload,EPIAS_VEP_daily_reference_price
2022-04-12,EBM0822,1708.98,2022,8,2022-08,monthly_baseload,EPIAS_VEP_daily_reference_price
2022-04-12,EBM0922,1703.97,2022,9,2022-09,monthly_baseload,EPIAS_VEP_daily_reference_price
2022-04-12,EBM1022,1824.8,2022,10,2022-10,monthly_baseload,EPIAS_VEP_daily_reference_price
2022-04-13,EBM0522,1481.0,2022,5,2022-05,monthly_baseload,EPIAS_VEP_daily_reference_price
2022-04-13,EBM0622,1552.2,2022,6,2022-06,monthly_baseload,EPIAS_VEP_daily_reference_price
2022-04-13,EBM0722,1693.78,2022,7,2022-07,monthly_baseload,EPIAS_VEP_daily_reference_price
2022-04-13,EBM0822,1708.98,2022,8,2022-08,monthly_baseload,EPIAS_VEP_daily_reference_price
2022-04-13,EBM0922,1703.97,2022,9,2022-09,monthly_baseload,EPIAS_VEP_daily_reference_price
2022-04-13,EBM1022,1824.8,2022,10,2022-10,monthly_baseload,EPIAS_VEP_daily_reference_price
2022-04-14,EBM0522,1481.0,2022,5,2022-05,monthly_baseload,EPIAS_VEP_daily_reference_price
2022-04-14,EBM0622,1552.2,2022,6,2022-06,monthly_baseload,EPIAS_VEP_daily_reference_price
2022-04-14,EBM0722,1693.78,2022,7,2022-07,monthly_baseload,EPIAS_VEP_daily_reference_price
2022-04-14,EBM0822,1708.98,2022,8,2022-08,monthly_baseload,EPIAS_VEP_daily_reference_price
2022-04-14,EBM0922,1703.97,2022,9,2022-09,monthly_baseload,EPIAS_VEP_daily_reference_price
2022-04-14,EBM1022,1824.8,2022,10,2022-10,monthly_baseload,EPIAS_VEP_daily_reference_price
2022-04-15,EBM0522,1481.0,2022,5,2022-05,monthly_baseload,EPIAS_VEP_daily_reference_price
2022-04-15,EBM0622,1552.2,2022,6,2022-06,monthly_baseload,EPIAS_VEP_daily_reference_price
2022-04-15,EBM0722,1693.78,2022,7,2022-07,monthly_baseload,EPIAS_VEP_daily_reference_price
2022-04-15,EBM0822,1708.98,2022,8,2022-08,monthly_baseload,EPIAS_VEP_daily_reference_price
2022-04-15,EBM0922,1703.97,2022,9,2022-09,monthly_baseload,EPIAS_VEP_daily_reference_price
2022-04-15,EBM1022,1824.8,2022,10,2022-10,monthly_baseload,EPIAS_VEP_daily_reference_price
2022-04-18,EBM0522,1481.0,2022,5,2022-05,monthly_baseload,EPIAS_VEP_daily_reference_price
2022-04-18,EBM0622,1552.2,2022,6,2022-06,monthly_baseload,EPIAS_VEP_daily_reference_price
2022-04-18,EBM0722,1693.78,2022,7,2022-07,monthly_baseload,EPIAS_VEP_daily_reference_price
2022-04-18,EBM0822,1708.98,2022,8,2022-08,monthly_baseload,EPIAS_VEP_daily_reference_price
2022-04-18,EBM0922,1703.97,2022,9,2022-09,monthly_baseload,EPIAS_VEP_daily_reference_price
2022-04-18,EBM1022,1824.8,2022,10,2022-10,monthly_baseload,EPIAS_VEP_daily_reference_price
2022-04-19,EBM0522,1481.0,2022,5,2022-05,monthly_baseload,EPIAS_VEP_daily_reference_price
2022-04-19,EBM0622,1552.2,2022,6,2022-06,monthly_baseload,EPIAS_VEP_daily_reference_price
2022-04-19,EBM0722,1693.78,2022,7,2022-07,monthly_baseload,EPIAS_VEP_daily_reference_price
2022-04-19,EBM0822,1708.98,2022,8,2022-08,monthly_baseload,EPIAS_VEP_daily_reference_price
2022-04-19,EBM0922,1703.97,2022,9,2022-09,monthly_baseload,EPIAS_VEP_daily_reference_price
2022-04-19,EBM1022,1824.8,2022,10,2022-10,monthly_baseload,EPIAS_VEP_daily_reference_price
2022-04-20,EBM0522,1481.0,2022,5,2022-05,monthly_baseload,EPIAS_VEP_daily_reference_price
2022-04-20,EBM0622,1552.2,2022,6,2022-06,monthly_baseload,EPIAS_VEP_daily_reference_price
2022-04-20,EBM0722,1693.78,2022,7,2022-07,monthly_baseload,EPIAS_VEP_daily_reference_price
2022-04-20,EBM0822,1708.98,2022,8,2022-08,monthly_baseload,EPIAS_VEP_daily_reference_price
2022-04-20,EBM0922,1703.97,2022,9,2022-09,monthly_baseload,EPIAS_VEP_daily_reference_price
2022-04-20,EBM1022,1824.8,2022,10,2022-10,monthly_baseload,EPIAS_VEP_daily_reference_price
2022-04-21,EBM0522,1481.0,2022,5,2022-05,monthly_baseload,EPIAS_VEP_daily_reference_price
2022-04-21,EBM0622,1552.2,2022,6,2022-06,monthly_baseload,EPIAS_VEP_daily_reference_price
2022-04-21,EBM0722,1693.78,2022,7,2022-07,monthly_baseload,EPIAS_VEP_daily_reference_price
2022-04-21,EBM0822,1708.98,2022,8,2022-08,monthly_baseload,EPIAS_VEP_daily_reference_price
2022-04-21,EBM0922,1703.97,2022,9,2022-09,monthly_baseload,EPIAS_VEP_daily_reference_price
2022-04-21,EBM1022,1824.8,2022,10,2022-10,monthly_baseload,EPIAS_VEP_daily_reference_price
2022-04-22,EBM0522,1481.0,2022,5,2022-05,monthly_baseload,EPIAS_VEP_daily_reference_price
2022-04-22,EBM0622,1552.2,2022,6,2022-06,monthly_baseload,EPIAS_VEP_daily_reference_price
2022-04-22,EBM0722,1693.78,2022,7,2022-07,monthly_baseload,EPIAS_VEP_daily_reference_price
2022-04-22,EBM0822,1708.98,2022,8,2022-08,monthly_baseload,EPIAS_VEP_daily_reference_price
2022-04-22,EBM0922,1703.97,2022,9,2022-09,monthly_baseload,EPIAS_VEP_daily_reference_price
2022-04-22,EBM1022,1824.8,2022,10,2022-10,monthly_baseload,EPIAS_VEP_daily_reference_price
2022-04-25,EBM0522,1481.0,2022,5,2022-05,monthly_baseload,EPIAS_VEP_daily_reference_price
2022-04-25,EBM0622,1552.2,2022,6,2022-06,monthly_baseload,EPIAS_VEP_daily_reference_price
2022-04-25,EBM0722,1693.78,2022,7,2022-07,monthly_baseload,EPIAS_VEP_daily_reference_price
2022-04-25,EBM0822,1708.98,2022,8,2022-08,monthly_baseload,EPIAS_VEP_daily_reference_price
2022-04-25,EBM0922,1703.97,2022,9,2022-09,monthly_baseload,EPIAS_VEP_daily_reference_price
2022-04-25,EBM1022,1824.8,2022,10,2022-10,monthly_baseload,EPIAS_VEP_daily_reference_price
2022-04-26,EBM0522,1481.0,2022,5,2022-05,monthly_baseload,EPIAS_VEP_daily_reference_price
2022-04-26,EBM0622,1552.2,2022,6,2022-06,monthly_baseload,EPIAS_VEP_daily_reference_price
2022-04-26,EBM0722,1693.78,2022,7,2022-07,monthly_baseload,EPIAS_VEP_daily_reference_price
2022-04-26,EBM0822,1708.98,2022,8,2022-08,monthly_baseload,EPIAS_VEP_daily_reference_price
2022-04-26,EBM0922,1703.97,2022,9,2022-09,monthly_baseload,EPIAS_VEP_daily_reference_price
2022-04-26,EBM1022,1824.8,2022,10,2022-10,monthly_baseload,EPIAS_VEP_daily_reference_price
2022-04-27,EBM0522,1481.0,2022,5,2022-05,monthly_baseload,EPIAS_VEP_daily_reference_price
2022-04-27,EBM0622,1552.2,2022,6,2022-06,monthly_baseload,EPIAS_VEP_daily_reference_price
2022-04-27,EBM0722,1693.78,2022,7,2022-07,monthly_baseload,EPIAS_VEP_daily_reference_price
2022-04-27,EBM0822,1708.98,2022,8,2022-08,monthly_baseload,EPIAS_VEP_daily_reference_price
2022-04-27,EBM0922,1703.97,2022,9,2022-09,monthly_baseload,EPIAS_VEP_daily_reference_price
2022-04-27,EBM1022,1824.8,2022,10,2022-10,monthly_baseload,EPIAS_VEP_daily_reference_price
2022-04-28,EBM0622,1530.6,2022,6,2022-06,monthly_baseload,EPIAS_VEP_daily_reference_price
2022-04-28,EBM0722,1738.92,2022,7,2022-07,monthly_baseload,EPIAS_VEP_daily_reference_price
2022-04-28,EBM0822,1751.92,2022,8,2022-08,monthly_baseload,EPIAS_VEP_daily_reference_price
2022-04-28,EBM0922,1760.92,2022,9,2022-09,monthly_baseload,EPIAS_VEP_daily_reference_price
2022-04-28,EBM1022,1805.0,2022,10,2022-10,monthly_baseload,EPIAS_VEP_daily_reference_price
2022-04-28,EBM1122,1906.2,2022,11,2022-11,monthly_baseload,EPIAS_VEP_daily_reference_price
2022-04-29,EBM0622,1530.6,2022,6,2022-06,monthly_baseload,EPIAS_VEP_daily_reference_price
2022-04-29,EBM0722,1738.92,2022,7,2022-07,monthly_baseload,EPIAS_VEP_daily_reference_price
2022-04-29,EBM0822,1751.92,2022,8,2022-08,monthly_baseload,EPIAS_VEP_daily_reference_price
2022-04-29,EBM0922,1760.92,2022,9,2022-09,monthly_baseload,EPIAS_VEP_daily_reference_price
2022-04-29,EBM1022,1805.0,2022,10,2022-10,monthly_baseload,EPIAS_VEP_daily_reference_price
2022-04-29,EBM1122,1906.2,2022,11,2022-11,monthly_baseload,EPIAS_VEP_daily_reference_price
2022-05-05,EBM0622,1530.6,2022,6,2022-06,monthly_baseload,EPIAS_VEP_daily_reference_price
2022-05-05,EBM0722,1738.92,2022,7,2022-07,monthly_baseload,EPIAS_VEP_daily_reference_price
2022-05-05,EBM0822,1751.92,2022,8,2022-08,monthly_baseload,EPIAS_VEP_daily_reference_price
2022-05-05,EBM0922,1760.92,2022,9,2022-09,monthly_baseload,EPIAS_VEP_daily_reference_price
2022-05-05,EBM1022,1805.0,2022,10,2022-10,monthly_baseload,EPIAS_VEP_daily_reference_price
2022-05-05,EBM1122,1906.2,2022,11,2022-11,monthly_baseload,EPIAS_VEP_daily_reference_price
2022-05-06,EBM0622,1530.6,2022,6,2022-06,monthly_baseload,EPIAS_VEP_daily_reference_price
2022-05-06,EBM0722,1738.92,2022,7,2022-07,monthly_baseload,EPIAS_VEP_daily_reference_price
2022-05-06,EBM0822,1751.92,2022,8,2022-08,monthly_baseload,EPIAS_VEP_daily_reference_price
2022-05-06,EBM0922,1760.92,2022,9,2022-09,monthly_baseload,EPIAS_VEP_daily_reference_price
2022-05-06,EBM1022,1805.0,2022,10,2022-10,monthly_baseload,EPIAS_VEP_daily_reference_price
2022-05-06,EBM1122,1906.2,2022,11,2022-11,monthly_baseload,EPIAS_VEP_daily_reference_price
2022-05-09,EBM0622,1530.6,2022,6,2022-06,monthly_baseload,EPIAS_VEP_daily_reference_price
2022-05-09,EBM0722,1738.92,2022,7,2022-07,monthly_baseload,EPIAS_VEP_daily_reference_price
2022-05-09,EBM0822,1751.92,2022,8,2022-08,monthly_baseload,EPIAS_VEP_daily_reference_price
2022-05-09,EBM0922,1760.92,2022,9,2022-09,monthly_baseload,EPIAS_VEP_daily_reference_price
2022-05-09,EBM1022,1805.0,2022,10,2022-10,monthly_baseload,EPIAS_VEP_daily_reference_price
2022-05-09,EBM1122,1906.2,2022,11,2022-11,monthly_baseload,EPIAS_VEP_daily_reference_price
2022-05-10,EBM0622,1530.6,2022,6,2022-06,monthly_baseload,EPIAS_VEP_daily_reference_price
2022-05-10,EBM0722,1738.92,2022,7,2022-07,monthly_baseload,EPIAS_VEP_daily_reference_price
2022-05-10,EBM0822,1751.92,2022,8,2022-08,monthly_baseload,EPIAS_VEP_daily_reference_price
2022-05-10,EBM0922,1760.92,2022,9,2022-09,monthly_baseload,EPIAS_VEP_daily_reference_price
2022-05-10,EBM1022,1805.0,2022,10,2022-10,monthly_baseload,EPIAS_VEP_daily_reference_price
2022-05-10,EBM1122,1906.2,2022,11,2022-11,monthly_baseload,EPIAS_VEP_daily_reference_price
2022-05-11,EBM0622,1530.6,2022,6,2022-06,monthly_baseload,EPIAS_VEP_daily_reference_price
2022-05-11,EBM0722,1738.92,2022,7,2022-07,monthly_baseload,EPIAS_VEP_daily_reference_price
2022-05-11,EBM0822,1751.92,2022,8,2022-08,monthly_baseload,EPIAS_VEP_daily_reference_price
2022-05-11,EBM0922,1760.92,2022,9,2022-09,monthly_baseload,EPIAS_VEP_daily_reference_price
2022-05-11,EBM1022,1805.0,2022,10,2022-10,monthly_baseload,EPIAS_VEP_daily_reference_price
2022-05-11,EBM1122,1906.2,2022,11,2022-11,monthly_baseload,EPIAS_VEP_daily_reference_price
2022-05-12,EBM0622,1530.6,2022,6,2022-06,monthly_baseload,EPIAS_VEP_daily_reference_price
2022-05-12,EBM0722,1738.92,2022,7,2022-07,monthly_baseload,EPIAS_VEP_daily_reference_price
2022-05-12,EBM0822,1751.92,2022,8,2022-08,monthly_baseload,EPIAS_VEP_daily_reference_price
2022-05-12,EBM0922,1760.92,2022,9,2022-09,monthly_baseload,EPIAS_VEP_daily_reference_price
2022-05-12,EBM1022,1805.0,2022,10,2022-10,monthly_baseload,EPIAS_VEP_daily_reference_price
2022-05-12,EBM1122,1906.2,2022,11,2022-11,monthly_baseload,EPIAS_VEP_daily_reference_price
2022-05-13,EBM0622,1530.6,2022,6,2022-06,monthly_baseload,EPIAS_VEP_daily_reference_price
2022-05-13,EBM0722,1738.92,2022,7,2022-07,monthly_baseload,EPIAS_VEP_daily_reference_price
2022-05-13,EBM0822,1751.92,2022,8,2022-08,monthly_baseload,EPIAS_VEP_daily_reference_price
2022-05-13,EBM0922,1760.92,2022,9,2022-09,monthly_baseload,EPIAS_VEP_daily_reference_price
2022-05-13,EBM1022,1805.0,2022,10,2022-10,monthly_baseload,EPIAS_VEP_daily_reference_price
2022-05-13,EBM1122,1906.2,2022,11,2022-11,monthly_baseload,EPIAS_VEP_daily_reference_price
2022-05-16,EBM0622,1530.6,2022,6,2022-06,monthly_baseload,EPIAS_VEP_daily_reference_price
2022-05-16,EBM0722,1738.92,2022,7,2022-07,monthly_baseload,EPIAS_VEP_daily_reference_price
2022-05-16,EBM0822,1751.92,2022,8,2022-08,monthly_baseload,EPIAS_VEP_daily_reference_price
2022-05-16,EBM0922,1760.92,2022,9,2022-09,monthly_baseload,EPIAS_VEP_daily_reference_price
2022-05-16,EBM1022,1805.0,2022,10,2022-10,monthly_baseload,EPIAS_VEP_daily_reference_price
2022-05-16,EBM1122,1906.2,2022,11,2022-11,monthly_baseload,EPIAS_VEP_daily_reference_price
2022-05-17,EBM0622,1530.6,2022,6,2022-06,monthly_baseload,EPIAS_VEP_daily_reference_price
2022-05-17,EBM0722,1738.92,2022,7,2022-07,monthly_baseload,EPIAS_VEP_daily_reference_price
2022-05-17,EBM0822,1751.92,2022,8,2022-08,monthly_baseload,EPIAS_VEP_daily_reference_price
2022-05-17,EBM0922,1760.92,2022,9,2022-09,monthly_baseload,EPIAS_VEP_daily_reference_price
2022-05-17,EBM1022,1805.0,2022,10,2022-10,monthly_baseload,EPIAS_VEP_daily_reference_price
2022-05-17,EBM1122,1906.2,2022,11,2022-11,monthly_baseload,EPIAS_VEP_daily_reference_price
2022-05-18,EBM0622,1530.6,2022,6,2022-06,monthly_baseload,EPIAS_VEP_daily_reference_price
2022-05-18,EBM0722,1738.92,2022,7,2022-07,monthly_baseload,EPIAS_VEP_daily_reference_price
2022-05-18,EBM0822,1751.92,2022,8,2022-08,monthly_baseload,EPIAS_VEP_daily_reference_price
2022-05-18,EBM0922,1760.92,2022,9,2022-09,monthly_baseload,EPIAS_VEP_daily_reference_price
2022-05-18,EBM1022,1805.0,2022,10,2022-10,monthly_baseload,EPIAS_VEP_daily_reference_price
2022-05-18,EBM1122,1906.2,2022,11,2022-11,monthly_baseload,EPIAS_VEP_daily_reference_price
2022-05-20,EBM0622,1530.6,2022,6,2022-06,monthly_baseload,EPIAS_VEP_daily_reference_price
2022-05-20,EBM0722,1738.92,2022,7,2022-07,monthly_baseload,EPIAS_VEP_daily_reference_price
2022-05-20,EBM0822,1751.92,2022,8,2022-08,monthly_baseload,EPIAS_VEP_daily_reference_price
2022-05-20,EBM0922,1760.92,2022,9,2022-09,monthly_baseload,EPIAS_VEP_daily_reference_price
2022-05-20,EBM1022,1805.0,2022,10,2022-10,monthly_baseload,EPIAS_VEP_daily_reference_price
2022-05-20,EBM1122,1906.2,2022,11,2022-11,monthly_baseload,EPIAS_VEP_daily_reference_price
2022-05-23,EBM0622,1530.6,2022,6,2022-06,monthly_baseload,EPIAS_VEP_daily_reference_price
2022-05-23,EBM0722,1738.92,2022,7,2022-07,monthly_baseload,EPIAS_VEP_daily_reference_price
2022-05-23,EBM0822,1751.92,2022,8,2022-08,monthly_baseload,EPIAS_VEP_daily_reference_price
2022-05-23,EBM0922,1760.92,2022,9,2022-09,monthly_baseload,EPIAS_VEP_daily_reference_price
2022-05-23,EBM1022,1805.0,2022,10,2022-10,monthly_baseload,EPIAS_VEP_daily_reference_price
2022-05-23,EBM1122,1906.2,2022,11,2022-11,monthly_baseload,EPIAS_VEP_daily_reference_price
2022-05-24,EBM0622,1530.6,2022,6,2022-06,monthly_baseload,EPIAS_VEP_daily_reference_price
2022-05-24,EBM0722,1738.92,2022,7,2022-07,monthly_baseload,EPIAS_VEP_daily_reference_price
2022-05-24,EBM0822,1751.92,2022,8,2022-08,monthly_baseload,EPIAS_VEP_daily_reference_price
2022-05-24,EBM0922,1760.92,2022,9,2022-09,monthly_baseload,EPIAS_VEP_daily_reference_price
2022-05-24,EBM1022,1805.0,2022,10,2022-10,monthly_baseload,EPIAS_VEP_daily_reference_price
2022-05-24,EBM1122,1906.2,2022,11,2022-11,monthly_baseload,EPIAS_VEP_daily_reference_price
2022-05-25,EBM0622,1530.6,2022,6,2022-06,monthly_baseload,EPIAS_VEP_daily_reference_price
2022-05-25,EBM0722,1738.92,2022,7,2022-07,monthly_baseload,EPIAS_VEP_daily_reference_price
2022-05-25,EBM0822,1751.92,2022,8,2022-08,monthly_baseload,EPIAS_VEP_daily_reference_price
2022-05-25,EBM0922,1760.92,2022,9,2022-09,monthly_baseload,EPIAS_VEP_daily_reference_price
2022-05-25,EBM1022,1805.0,2022,10,2022-10,monthly_baseload,EPIAS_VEP_daily_reference_price
2022-05-25,EBM1122,1906.2,2022,11,2022-11,monthly_baseload,EPIAS_VEP_daily_reference_price
2022-05-26,EBM0622,1532.75,2022,6,2022-06,monthly_baseload,EPIAS_VEP_daily_reference_price
2022-05-26,EBM0722,1772.46,2022,7,2022-07,monthly_baseload,EPIAS_VEP_daily_reference_price
2022-05-26,EBM0822,1788.21,2022,8,2022-08,monthly_baseload,EPIAS_VEP_daily_reference_price
2022-05-26,EBM0922,1815.46,2022,9,2022-09,monthly_baseload,EPIAS_VEP_daily_reference_price
2022-05-26,EBM1022,1814.0,2022,10,2022-10,monthly_baseload,EPIAS_VEP_daily_reference_price
2022-05-26,EBM1122,1876.75,2022,11,2022-11,monthly_baseload,EPIAS_VEP_daily_reference_price
2022-05-27,EBM0622,1733.25,2022,6,2022-06,monthly_baseload,EPIAS_VEP_daily_reference_price
2022-05-27,EBM0722,1849.61,2022,7,2022-07,monthly_baseload,EPIAS_VEP_daily_reference_price
2022-05-27,EBM0822,1890.98,2022,8,2022-08,monthly_baseload,EPIAS_VEP_daily_reference_price
2022-05-27,EBM0922,1897.71,2022,9,2022-09,monthly_baseload,EPIAS_VEP_daily_reference_price
2022-05-27,EBM1022,1841.25,2022,10,2022-10,monthly_baseload,EPIAS_VEP_daily_reference_price
2022-05-27,EBM1122,1876.75,2022,11,2022-11,monthly_baseload,EPIAS_VEP_daily_reference_price
2022-05-30,EBM0722,1989.02,2022,7,2022-07,monthly_baseload,EPIAS_VEP_daily_reference_price
2022-05-30,EBM0822,2057.43,2022,8,2022-08,monthly_baseload,EPIAS_VEP_daily_reference_price
2022-05-30,EBM0922,2015.07,2022,9,2022-09,monthly_baseload,EPIAS_VEP_daily_reference_price
2022-05-30,EBM1022,1929.33,2022,10,2022-10,monthly_baseload,EPIAS_VEP_daily_reference_price
2022-05-30,EBM1122,1965.79,2022,11,2022-11,monthly_baseload,EPIAS_VEP_daily_reference_price
2022-05-30,EBM1222,1999.89,2022,12,2022-12,monthly_baseload,EPIAS_VEP_daily_reference_price
2022-05-31,EBM0722,1989.02,2022,7,2022-07,monthly_baseload,EPIAS_VEP_daily_reference_price
2022-05-31,EBM0822,2057.43,2022,8,2022-08,monthly_baseload,EPIAS_VEP_daily_reference_price
2022-05-31,EBM0922,2015.07,2022,9,2022-09,monthly_baseload,EPIAS_VEP_daily_reference_price
2022-05-31,EBM1022,1929.33,2022,10,2022-10,monthly_baseload,EPIAS_VEP_daily_reference_price
2022-05-31,EBM1122,1965.79,2022,11,2022-11,monthly_baseload,EPIAS_VEP_daily_reference_price
2022-05-31,EBM1222,1999.89,2022,12,2022-12,monthly_baseload,EPIAS_VEP_daily_reference_price
2022-06-01,EBM0722,1989.02,2022,7,2022-07,monthly_baseload,EPIAS_VEP_daily_reference_price
2022-06-01,EBM0822,2057.43,2022,8,2022-08,monthly_baseload,EPIAS_VEP_daily_reference_price
2022-06-01,EBM0922,2015.07,2022,9,2022-09,monthly_baseload,EPIAS_VEP_daily_reference_price
2022-06-01,EBM1022,1929.33,2022,10,2022-10,monthly_baseload,EPIAS_VEP_daily_reference_price
2022-06-01,EBM1122,1965.79,2022,11,2022-11,monthly_baseload,EPIAS_VEP_daily_reference_price
2022-06-01,EBM1222,1999.89,2022,12,2022-12,monthly_baseload,EPIAS_VEP_daily_reference_price
2022-06-02,EBM0722,2035.09,2022,7,2022-07,monthly_baseload,EPIAS_VEP_daily_reference_price
2022-06-02,EBM0822,2077.09,2022,8,2022-08,monthly_baseload,EPIAS_VEP_daily_reference_price
2022-06-02,EBM0922,2091.58,2022,9,2022-09,monthly_baseload,EPIAS_VEP_daily_reference_price
2022-06-02,EBM1022,2015.94,2022,10,2022-10,monthly_baseload,EPIAS_VEP_daily_reference_price
2022-06-02,EBM1122,2037.41,2022,11,2022-11,monthly_baseload,EPIAS_VEP_daily_reference_price
2022-06-02,EBM1222,2033.42,2022,12,2022-12,monthly_baseload,EPIAS_VEP_daily_reference_price
2022-06-03,EBM0722,2035.09,2022,7,2022-07,monthly_baseload,EPIAS_VEP_daily_reference_price
2022-06-03,EBM0822,2077.09,2022,8,2022-08,monthly_baseload,EPIAS_VEP_daily_reference_price
2022-06-03,EBM0922,2091.58,2022,9,2022-09,monthly_baseload,EPIAS_VEP_daily_reference_price
2022-06-03,EBM1022,2015.94,2022,10,2022-10,monthly_baseload,EPIAS_VEP_daily_reference_price
2022-06-03,EBM1122,2037.41,2022,11,2022-11,monthly_baseload,EPIAS_VEP_daily_reference_price
2022-06-03,EBM1222,2033.42,2022,12,2022-12,monthly_baseload,EPIAS_VEP_daily_reference_price
2022-06-06,EBM0722,2129.16,2022,7,2022-07,monthly_baseload,EPIAS_VEP_daily_reference_price
2022-06-06,EBM0822,2177.39,2022,8,2022-08,monthly_baseload,EPIAS_VEP_daily_reference_price
2022-06-06,EBM0922,2210.07,2022,9,2022-09,monthly_baseload,EPIAS_VEP_daily_reference_price
2022-06-06,EBM1022,2101.94,2022,10,2022-10,monthly_baseload,EPIAS_VEP_daily_reference_price
2022-06-06,EBM1122,2135.85,2022,11,2022-11,monthly_baseload,EPIAS_VEP_daily_reference_price
2022-06-06,EBM1222,2164.64,2022,12,2022-12,monthly_baseload,EPIAS_VEP_daily_reference_price
2022-06-07,EBM0722,2129.16,2022,7,2022-07,monthly_baseload,EPIAS_VEP_daily_reference_price
2022-06-07,EBM0822,2177.39,2022,8,2022-08,monthly_baseload,EPIAS_VEP_daily_reference_price
2022-06-07,EBM0922,2210.07,2022,9,2022-09,monthly_baseload,EPIAS_VEP_daily_reference_price
2022-06-07,EBM1022,2101.94,2022,10,2022-10,monthly_baseload,EPIAS_VEP_daily_reference_price
2022-06-07,EBM1122,2135.85,2022,11,2022-11,monthly_baseload,EPIAS_VEP_daily_reference_price
2022-06-07,EBM1222,2164.64,2022,12,2022-12,monthly_baseload,EPIAS_VEP_daily_reference_price
2022-06-08,EBM0722,2129.16,2022,7,2022-07,monthly_baseload,EPIAS_VEP_daily_reference_price
2022-06-08,EBM0822,2177.39,2022,8,2022-08,monthly_baseload,EPIAS_VEP_daily_reference_price
2022-06-08,EBM0922,2210.07,2022,9,2022-09,monthly_baseload,EPIAS_VEP_daily_reference_price
2022-06-08,EBM1022,2101.94,2022,10,2022-10,monthly_baseload,EPIAS_VEP_daily_reference_price
2022-06-08,EBM1122,2135.85,2022,11,2022-11,monthly_baseload,EPIAS_VEP_daily_reference_price
2022-06-08,EBM1222,2164.64,2022,12,2022-12,monthly_baseload,EPIAS_VEP_daily_reference_price
2022-06-09,EBM0722,2129.16,2022,7,2022-07,monthly_baseload,EPIAS_VEP_daily_reference_price
2022-06-09,EBM0822,2177.39,2022,8,2022-08,monthly_baseload,EPIAS_VEP_daily_reference_price
2022-06-09,EBM0922,2210.07,2022,9,2022-09,monthly_baseload,EPIAS_VEP_daily_reference_price
2022-06-09,EBM1022,2101.94,2022,10,2022-10,monthly_baseload,EPIAS_VEP_daily_reference_price
2022-06-09,EBM1122,2135.85,2022,11,2022-11,monthly_baseload,EPIAS_VEP_daily_reference_price
2022-06-09,EBM1222,2164.64,2022,12,2022-12,monthly_baseload,EPIAS_VEP_daily_reference_price
2022-06-10,EBM0722,2129.16,2022,7,2022-07,monthly_baseload,EPIAS_VEP_daily_reference_price
2022-06-10,EBM0822,2177.39,2022,8,2022-08,monthly_baseload,EPIAS_VEP_daily_reference_price
2022-06-10,EBM0922,2210.07,2022,9,2022-09,monthly_baseload,EPIAS_VEP_daily_reference_price
2022-06-10,EBM1022,2101.94,2022,10,2022-10,monthly_baseload,EPIAS_VEP_daily_reference_price
2022-06-10,EBM1122,2135.85,2022,11,2022-11,monthly_baseload,EPIAS_VEP_daily_reference_price
2022-06-10,EBM1222,2164.64,2022,12,2022-12,monthly_baseload,EPIAS_VEP_daily_reference_price
2022-06-13,EBM0722,2207.31,2022,7,2022-07,monthly_baseload,EPIAS_VEP_daily_reference_price
2022-06-13,EBM0822,2239.31,2022,8,2022-08,monthly_baseload,EPIAS_VEP_daily_reference_price
2022-06-13,EBM0922,2217.56,2022,9,2022-09,monthly_baseload,EPIAS_VEP_daily_reference_price
2022-06-13,EBM1022,2196.89,2022,10,2022-10,monthly_baseload,EPIAS_VEP_daily_reference_price
2022-06-13,EBM1122,2267.39,2022,11,2022-11,monthly_baseload,EPIAS_VEP_daily_reference_price
2022-06-13,EBM1222,2287.0,2022,12,2022-12,monthly_baseload,EPIAS_VEP_daily_reference_price
2022-06-14,EBM0722,2207.31,2022,7,2022-07,monthly_baseload,EPIAS_VEP_daily_reference_price
2022-06-14,EBM0822,2239.31,2022,8,2022-08,monthly_baseload,EPIAS_VEP_daily_reference_price
2022-06-14,EBM0922,2217.56,2022,9,2022-09,monthly_baseload,EPIAS_VEP_daily_reference_price
2022-06-14,EBM1022,2196.89,2022,10,2022-10,monthly_baseload,EPIAS_VEP_daily_reference_price
2022-06-14,EBM1122,2267.39,2022,11,2022-11,monthly_baseload,EPIAS_VEP_daily_reference_price
2022-06-14,EBM1222,2287.0,2022,12,2022-12,monthly_baseload,EPIAS_VEP_daily_reference_price
2022-06-15,EBM0722,2207.31,2022,7,2022-07,monthly_baseload,EPIAS_VEP_daily_reference_price
2022-06-15,EBM0822,2239.31,2022,8,2022-08,monthly_baseload,EPIAS_VEP_daily_reference_price
2022-06-15,EBM0922,2217.56,2022,9,2022-09,monthly_baseload,EPIAS_VEP_daily_reference_price
2022-06-15,EBM1022,2196.89,2022,10,2022-10,monthly_baseload,EPIAS_VEP_daily_reference_price
2022-06-15,EBM1122,2267.39,2022,11,2022-11,monthly_baseload,EPIAS_VEP_daily_reference_price
2022-06-15,EBM1222,2287.0,2022,12,2022-12,monthly_baseload,EPIAS_VEP_daily_reference_price
2022-06-16,EBM0722,2207.31,2022,7,2022-07,monthly_baseload,EPIAS_VEP_daily_reference_price
2022-06-16,EBM0822,2239.31,2022,8,2022-08,monthly_baseload,EPIAS_VEP_daily_reference_price
2022-06-16,EBM0922,2217.56,2022,9,2022-09,monthly_baseload,EPIAS_VEP_daily_reference_price
2022-06-16,EBM1022,2196.89,2022,10,2022-10,monthly_baseload,EPIAS_VEP_daily_reference_price
2022-06-16,EBM1122,2267.39,2022,11,2022-11,monthly_baseload,EPIAS_VEP_daily_reference_price
2022-06-16,EBM1222,2287.0,2022,12,2022-12,monthly_baseload,EPIAS_VEP_daily_reference_price
2022-06-17,EBM0722,2207.31,2022,7,2022-07,monthly_baseload,EPIAS_VEP_daily_reference_price
2022-06-17,EBM0822,2239.31,2022,8,2022-08,monthly_baseload,EPIAS_VEP_daily_reference_price
2022-06-17,EBM0922,2217.56,2022,9,2022-09,monthly_baseload,EPIAS_VEP_daily_reference_price
2022-06-17,EBM1022,2196.89,2022,10,2022-10,monthly_baseload,EPIAS_VEP_daily_reference_price
2022-06-17,EBM1122,2267.39,2022,11,2022-11,monthly_baseload,EPIAS_VEP_daily_reference_price
2022-06-17,EBM1222,2287.0,2022,12,2022-12,monthly_baseload,EPIAS_VEP_daily_reference_price
2022-06-20,EBM0722,2276.88,2022,7,2022-07,monthly_baseload,EPIAS_VEP_daily_reference_price
2022-06-20,EBM0822,2304.88,2022,8,2022-08,monthly_baseload,EPIAS_VEP_daily_reference_price
2022-06-20,EBM0922,2269.38,2022,9,2022-09,monthly_baseload,EPIAS_VEP_daily_reference_price
2022-06-20,EBM1022,2258.06,2022,10,2022-10,monthly_baseload,EPIAS_VEP_daily_reference_price
2022-06-20,EBM1122,2337.76,2022,11,2022-11,monthly_baseload,EPIAS_VEP_daily_reference_price
2022-06-20,EBM1222,2355.39,2022,12,2022-12,monthly_baseload,EPIAS_VEP_daily_reference_price
2022-06-21,EBM0722,2224.58,2022,7,2022-07,monthly_baseload,EPIAS_VEP_daily_reference_price
2022-06-21,EBM0822,2247.84,2022,8,2022-08,monthly_baseload,EPIAS_VEP_daily_reference_price
2022-06-21,EBM0922,2225.33,2022,9,2022-09,monthly_baseload,EPIAS_VEP_daily_reference_price
2022-06-21,EBM1022,2226.69,2022,10,2022-10,monthly_baseload,EPIAS_VEP_daily_reference_price
2022-06-21,EBM1122,2314.34,2022,11,2022-11,monthly_baseload,EPIAS_VEP_daily_reference_price
2022-06-21,EBM1222,2323.78,2022,12,2022-12,monthly_baseload,EPIAS_VEP_daily_reference_price
2022-06-22,EBM0722,2200.27,2022,7,2022-07,monthly_baseload,EPIAS_VEP_daily_reference_price
2022-06-22,EBM0822,2219.52,2022,8,2022-08,monthly_baseload,EPIAS_VEP_daily_reference_price
2022-06-22,EBM0922,2203.27,2022,9,2022-09,monthly_baseload,EPIAS_VEP_daily_reference_price
2022-06-22,EBM1022,2209.98,2022,10,2022-10,monthly_baseload,EPIAS_VEP_daily_reference_price
2022-06-22,EBM1122,2303.33,2022,11,2022-11,monthly_baseload,EPIAS_VEP_daily_reference_price
2022-06-22,EBM1222,2308.05,2022,12,2022-12,monthly_baseload,EPIAS_VEP_daily_reference_price
2022-06-23,EBM0722,2189.74,2022,7,2022-07,monthly_baseload,EPIAS_VEP_daily_reference_price
2022-06-23,EBM0822,2204.48,2022,8,2022-08,monthly_baseload,EPIAS_VEP_daily_reference_price
2022-06-23,EBM0922,2192.98,2022,9,2022-09,monthly_baseload,EPIAS_VEP_daily_reference_price
2022-06-23,EBM1022,2201.85,2022,10,2022-10,monthly_baseload,EPIAS_VEP_daily_reference_price
2022-06-23,EBM1122,2302.16,2022,11,2022-11,monthly_baseload,EPIAS_VEP_daily_reference_price
2022-06-23,EBM1222,2302.16,2022,12,2022-12,monthly_baseload,EPIAS_VEP_daily_reference_price
2022-06-24,EBM0722,2258.23,2022,7,2022-07,monthly_baseload,EPIAS_VEP_daily_reference_price
2022-06-24,EBM0822,2281.23,2022,8,2022-08,monthly_baseload,EPIAS_VEP_daily_reference_price
2022-06-24,EBM0922,2250.83,2022,9,2022-09,monthly_baseload,EPIAS_VEP_daily_reference_price
2022-06-24,EBM1022,2262.49,2022,10,2022-10,monthly_baseload,EPIAS_VEP_daily_reference_price
2022-06-24,EBM1122,2350.24,2022,11,2022-11,monthly_baseload,EPIAS_VEP_daily_reference_price
2022-06-24,EBM1222,2360.19,2022,12,2022-12,monthly_baseload,EPIAS_VEP_daily_reference_price
2022-06-27,EBM0722,2257.52,2022,7,2022-07,monthly_baseload,EPIAS_VEP_daily_reference_price
2022-06-27,EBM0822,2247.29,2022,8,2022-08,monthly_baseload,EPIAS_VEP_daily_reference_price
2022-06-27,EBM0922,2229.55,2022,9,2022-09,monthly_baseload,EPIAS_VEP_daily_reference_price
2022-06-27,EBM1022,2247.55,2022,10,2022-10,monthly_baseload,EPIAS_VEP_daily_reference_price
2022-06-27,EBM1122,2333.97,2022,11,2022-11,monthly_baseload,EPIAS_VEP_daily_reference_price
2022-06-27,EBM1222,2348.87,2022,12,2022-12,monthly_baseload,EPIAS_VEP_daily_reference_price
2022-06-28,EBM0722,2301.67,2022,7,2022-07,monthly_baseload,EPIAS_VEP_daily_reference_price
2022-06-28,EBM0822,2346.05,2022,8,2022-08,monthly_baseload,EPIAS_VEP_daily_reference_price
2022-06-28,EBM0922,2316.19,2022,9,2022-09,monthly_baseload,EPIAS_VEP_daily_reference_price
2022-06-28,EBM1022,2308.32,2022,10,2022-10,monthly_baseload,EPIAS_VEP_daily_reference_price
2022-06-28,EBM1122,2395.12,2022,11,2022-11,monthly_baseload,EPIAS_VEP_daily_reference_price
2022-06-28,EBM1222,2418.01,2022,12,2022-12,monthly_baseload,EPIAS_VEP_daily_reference_price
2022-06-29,EBM0822,2281.75,2022,8,2022-08,monthly_baseload,EPIAS_VEP_daily_reference_price
2022-06-29,EBM0922,2269.25,2022,9,2022-09,monthly_baseload,EPIAS_VEP_daily_reference_price
2022-06-29,EBM1022,2268.58,2022,10,2022-10,monthly_baseload,EPIAS_VEP_daily_reference_price
2022-06-29,EBM1122,2357.21,2022,11,2022-11,monthly_baseload,EPIAS_VEP_daily_reference_price
2022-06-29,EBM1222,2365.4,2022,12,2022-12,monthly_baseload,EPIAS_VEP_daily_reference_price
2022-06-29,EBM0123,2575.5,2023,1,2023-01,monthly_baseload,EPIAS_VEP_daily_reference_price
2022-06-30,EBM0822,2332.4,2022,8,2022-08,monthly_baseload,EPIAS_VEP_daily_reference_price
2022-06-30,EBM0922,2316.0,2022,9,2022-09,monthly_baseload,EPIAS_VEP_daily_reference_price
2022-06-30,EBM1022,2312.57,2022,10,2022-10,monthly_baseload,EPIAS_VEP_daily_reference_price
2022-06-30,EBM1122,2399.95,2022,11,2022-11,monthly_baseload,EPIAS_VEP_daily_reference_price
2022-06-30,EBM1222,2421.45,2022,12,2022-12,monthly_baseload,EPIAS_VEP_daily_reference_price
2022-06-30,EBM0123,2465.2,2023,1,2023-01,monthly_baseload,EPIAS_VEP_daily_reference_price
2022-07-01,EBM0822,2278.25,2022,8,2022-08,monthly_baseload,EPIAS_VEP_daily_reference_price
2022-07-01,EBM0922,2269.25,2022,9,2022-09,monthly_baseload,EPIAS_VEP_daily_reference_price
2022-07-01,EBM1022,2273.81,2022,10,2022-10,monthly_baseload,EPIAS_VEP_daily_reference_price
2022-07-01,EBM1122,2362.41,2022,11,2022-11,monthly_baseload,EPIAS_VEP_daily_reference_price
2022-07-01,EBM1222,2375.32,2022,12,2022-12,monthly_baseload,EPIAS_VEP_daily_reference_price
2022-07-01,EBM0123,2446.5,2023,1,2023-01,monthly_baseload,EPIAS_VEP_daily_reference_price
2022-07-04,EBM0822,2252.25,2022,8,2022-08,monthly_baseload,EPIAS_VEP_daily_reference_price
2022-07-04,EBM0922,2245.0,2022,9,2022-09,monthly_baseload,EPIAS_VEP_daily_reference_price
2022-07-04,EBM1022,2255.18,2022,10,2022-10,monthly_baseload,EPIAS_VEP_daily_reference_price
2022-07-04,EBM1122,2344.4,2022,11,2022-11,monthly_baseload,EPIAS_VEP_daily_reference_price
2022-07-04,EBM1222,2347.64,2022,12,2022-12,monthly_baseload,EPIAS_VEP_daily_reference_price
2022-07-04,EBM0123,2436.75,2023,1,2023-01,monthly_baseload,EPIAS_VEP_daily_reference_price
2022-07-05,EBM0822,2233.25,2022,8,2022-08,monthly_baseload,EPIAS_VEP_daily_reference_price
2022-07-05,EBM0922,2226.5,2022,9,2022-09,monthly_baseload,EPIAS_VEP_daily_reference_price
2022-07-05,EBM1022,2243.89,2022,10,2022-10,monthly_baseload,EPIAS_VEP_daily_reference_price
2022-07-05,EBM1122,2318.31,2022,11,2022-11,monthly_baseload,EPIAS_VEP_daily_reference_price
2022-07-05,EBM1222,2343.94,2022,12,2022-12,monthly_baseload,EPIAS_VEP_daily_reference_price
2022-07-05,EBM0123,2434.25,2023,1,2023-01,monthly_baseload,EPIAS_VEP_daily_reference_price
2022-07-06,EBM0822,2233.25,2022,8,2022-08,monthly_baseload,EPIAS_VEP_daily_reference_price
2022-07-06,EBM0922,2226.5,2022,9,2022-09,monthly_baseload,EPIAS_VEP_daily_reference_price
2022-07-06,EBM1022,2243.89,2022,10,2022-10,monthly_baseload,EPIAS_VEP_daily_reference_price
2022-07-06,EBM1122,2318.31,2022,11,2022-11,monthly_baseload,EPIAS_VEP_daily_reference_price
2022-07-06,EBM1222,2343.94,2022,12,2022-12,monthly_baseload,EPIAS_VEP_daily_reference_price
2022-07-06,EBM0123,2434.25,2023,1,2023-01,monthly_baseload,EPIAS_VEP_daily_reference_price
2022-07-07,EBM0822,2292.8,2022,8,2022-08,monthly_baseload,EPIAS_VEP_daily_reference_price
2022-07-07,EBM0922,2277.4,2022,9,2022-09,monthly_baseload,EPIAS_VEP_daily_reference_price
2022-07-07,EBM1022,2267.21,2022,10,2022-10,monthly_baseload,EPIAS_VEP_daily_reference_price
2022-07-07,EBM1122,2351.78,2022,11,2022-11,monthly_baseload,EPIAS_VEP_daily_reference_price
2022-07-07,EBM1222,2366.7,2022,12,2022-12,monthly_baseload,EPIAS_VEP_daily_reference_price
2022-07-07,EBM0123,2437.0,2023,1,2023-01,monthly_baseload,EPIAS_VEP_daily_reference_price
2022-07-13,EBM0822,2292.8,2022,8,2022-08,monthly_baseload,EPIAS_VEP_daily_reference_price
2022-07-13,EBM0922,2277.4,2022,9,2022-09,monthly_baseload,EPIAS_VEP_daily_reference_price
2022-07-13,EBM1022,2267.21,2022,10,2022-10,monthly_baseload,EPIAS_VEP_daily_reference_price
2022-07-13,EBM1122,2351.78,2022,11,2022-11,monthly_baseload,EPIAS_VEP_daily_reference_price
2022-07-13,EBM1222,2366.7,2022,12,2022-12,monthly_baseload,EPIAS_VEP_daily_reference_price
2022-07-13,EBM0123,2437.0,2023,1,2023-01,monthly_baseload,EPIAS_VEP_daily_reference_price
2022-07-14,EBM0822,2292.8,2022,8,2022-08,monthly_baseload,EPIAS_VEP_daily_reference_price
2022-07-14,EBM0922,2277.4,2022,9,2022-09,monthly_baseload,EPIAS_VEP_daily_reference_price
2022-07-14,EBM1022,2267.21,2022,10,2022-10,monthly_baseload,EPIAS_VEP_daily_reference_price
2022-07-14,EBM1122,2351.78,2022,11,2022-11,monthly_baseload,EPIAS_VEP_daily_reference_price
2022-07-14,EBM1222,2366.7,2022,12,2022-12,monthly_baseload,EPIAS_VEP_daily_reference_price
2022-07-14,EBM0123,2437.0,2023,1,2023-01,monthly_baseload,EPIAS_VEP_daily_reference_price
2022-07-18,EBM0822,2292.8,2022,8,2022-08,monthly_baseload,EPIAS_VEP_daily_reference_price
2022-07-18,EBM0922,2277.4,2022,9,2022-09,monthly_baseload,EPIAS_VEP_daily_reference_price
2022-07-18,EBM1022,2267.21,2022,10,2022-10,monthly_baseload,EPIAS_VEP_daily_reference_price
2022-07-18,EBM1122,2351.78,2022,11,2022-11,monthly_baseload,EPIAS_VEP_daily_reference_price
2022-07-18,EBM1222,2366.7,2022,12,2022-12,monthly_baseload,EPIAS_VEP_daily_reference_price
2022-07-18,EBM0123,2437.0,2023,1,2023-01,monthly_baseload,EPIAS_VEP_daily_reference_price
2022-07-19,EBM0822,2292.8,2022,8,2022-08,monthly_baseload,EPIAS_VEP_daily_reference_price
2022-07-19,EBM0922,2277.4,2022,9,2022-09,monthly_baseload,EPIAS_VEP_daily_reference_price
2022-07-19,EBM1022,2267.21,2022,10,2022-10,monthly_baseload,EPIAS_VEP_daily_reference_price
2022-07-19,EBM1122,2351.78,2022,11,2022-11,monthly_baseload,EPIAS_VEP_daily_reference_price
2022-07-19,EBM1222,2366.7,2022,12,2022-12,monthly_baseload,EPIAS_VEP_daily_reference_price
2022-07-19,EBM0123,2437.0,2023,1,2023-01,monthly_baseload,EPIAS_VEP_daily_reference_price
2022-07-20,EBM0822,2294.6,2022,8,2022-08,monthly_baseload,EPIAS_VEP_daily_reference_price
2022-07-20,EBM0922,2267.6,2022,9,2022-09,monthly_baseload,EPIAS_VEP_daily_reference_price
2022-07-20,EBM1022,2252.41,2022,10,2022-10,monthly_baseload,EPIAS_VEP_daily_reference_price
2022-07-20,EBM1122,2344.75,2022,11,2022-11,monthly_baseload,EPIAS_VEP_daily_reference_price
2022-07-20,EBM1222,2361.66,2022,12,2022-12,monthly_baseload,EPIAS_VEP_daily_reference_price
2022-07-20,EBM0123,2437.6,2023,1,2023-01,monthly_baseload,EPIAS_VEP_daily_reference_price
2022-07-21,EBM0822,2285.0,2022,8,2022-08,monthly_baseload,EPIAS_VEP_daily_reference_price
2022-07-21,EBM0922,2255.6,2022,9,2022-09,monthly_baseload,EPIAS_VEP_daily_reference_price
2022-07-21,EBM1022,2252.3,2022,10,2022-10,monthly_baseload,EPIAS_VEP_daily_reference_price
2022-07-21,EBM1122,2338.38,2022,11,2022-11,monthly_baseload,EPIAS_VEP_daily_reference_price
2022-07-21,EBM1222,2347.74,2022,12,2022-12,monthly_baseload,EPIAS_VEP_daily_reference_price
2022-07-21,EBM0123,2437.6,2023,1,2023-01,monthly_baseload,EPIAS_VEP_daily_reference_price
2022-07-22,EBM0822,2285.0,2022,8,2022-08,monthly_baseload,EPIAS_VEP_daily_reference_price
2022-07-22,EBM0922,2255.6,2022,9,2022-09,monthly_baseload,EPIAS_VEP_daily_reference_price
2022-07-22,EBM1022,2252.3,2022,10,2022-10,monthly_baseload,EPIAS_VEP_daily_reference_price
2022-07-22,EBM1122,2338.38,2022,11,2022-11,monthly_baseload,EPIAS_VEP_daily_reference_price
2022-07-22,EBM1222,2347.74,2022,12,2022-12,monthly_baseload,EPIAS_VEP_daily_reference_price
2022-07-22,EBM0123,2437.6,2023,1,2023-01,monthly_baseload,EPIAS_VEP_daily_reference_price
2022-07-25,EBM0822,2241.5,2022,8,2022-08,monthly_baseload,EPIAS_VEP_daily_reference_price
2022-07-25,EBM0922,2229.0,2022,9,2022-09,monthly_baseload,EPIAS_VEP_daily_reference_price
2022-07-25,EBM1022,2236.3,2022,10,2022-10,monthly_baseload,EPIAS_VEP_daily_reference_price
2022-07-25,EBM1122,2332.18,2022,11,2022-11,monthly_baseload,EPIAS_VEP_daily_reference_price
2022-07-25,EBM1222,2334.41,2022,12,2022-12,monthly_baseload,EPIAS_VEP_daily_reference_price
2022-07-25,EBM0123,2429.5,2023,1,2023-01,monthly_baseload,EPIAS_VEP_daily_reference_price
2022-07-26,EBM0822,2241.5,2022,8,2022-08,monthly_baseload,EPIAS_VEP_daily_reference_price
2022-07-26,EBM0922,2229.0,2022,9,2022-09,monthly_baseload,EPIAS_VEP_daily_reference_price
2022-07-26,EBM1022,2236.3,2022,10,2022-10,monthly_baseload,EPIAS_VEP_daily_reference_price
2022-07-26,EBM1122,2332.18,2022,11,2022-11,monthly_baseload,EPIAS_VEP_daily_reference_price
2022-07-26,EBM1222,2334.41,2022,12,2022-12,monthly_baseload,EPIAS_VEP_daily_reference_price
2022-07-26,EBM0123,2429.5,2023,1,2023-01,monthly_baseload,EPIAS_VEP_daily_reference_price
2022-07-27,EBM0822,2368.0,2022,8,2022-08,monthly_baseload,EPIAS_VEP_daily_reference_price
2022-07-27,EBM0922,2297.5,2022,9,2022-09,monthly_baseload,EPIAS_VEP_daily_reference_price
2022-07-27,EBM1022,2305.5,2022,10,2022-10,monthly_baseload,EPIAS_VEP_daily_reference_price
2022-07-27,EBM1122,2378.98,2022,11,2022-11,monthly_baseload,EPIAS_VEP_daily_reference_price
2022-07-27,EBM1222,2416.72,2022,12,2022-12,monthly_baseload,EPIAS_VEP_daily_reference_price
2022-07-27,EBM0123,2445.0,2023,1,2023-01,monthly_baseload,EPIAS_VEP_daily_reference_price
2022-07-28,EBM0922,2302.0,2022,9,2022-09,monthly_baseload,EPIAS_VEP_daily_reference_price
2022-07-28,EBM1022,2309.14,2022,10,2022-10,monthly_baseload,EPIAS_VEP_daily_reference_price
2022-07-28,EBM1122,2394.25,2022,11,2022-11,monthly_baseload,EPIAS_VEP_daily_reference_price
2022-07-28,EBM1222,2413.6,2022,12,2022-12,monthly_baseload,EPIAS_VEP_daily_reference_price
2022-07-28,EBM0123,2456.5,2023,1,2023-01,monthly_baseload,EPIAS_VEP_daily_reference_price
2022-07-28,EBM0223,2598.75,2023,2,2023-02,monthly_baseload,EPIAS_VEP_daily_reference_price
2022-07-29,EBM0922,2232.6,2022,9,2022-09,monthly_baseload,EPIAS_VEP_daily_reference_price
2022-07-29,EBM1022,2197.72,2022,10,2022-10,monthly_baseload,EPIAS_VEP_daily_reference_price
2022-07-29,EBM1122,2311.39,2022,11,2022-11,monthly_baseload,EPIAS_VEP_daily_reference_price
2022-07-29,EBM1222,2305.37,2022,12,2022-12,monthly_baseload,EPIAS_VEP_daily_reference_price
2022-07-29,EBM0123,2601.4,2023,1,2023-01,monthly_baseload,EPIAS_VEP_daily_reference_price
2022-07-29,EBM0223,2629.8,2023,2,2023-02,monthly_baseload,EPIAS_VEP_daily_reference_price
2022-08-01,EBM0922,2273.25,2022,9,2022-09,monthly_baseload,EPIAS_VEP_daily_reference_price
2022-08-01,EBM1022,2266.32,2022,10,2022-10,monthly_baseload,EPIAS_VEP_daily_reference_price
2022-08-01,EBM1122,2366.74,2022,11,2022-11,monthly_baseload,EPIAS_VEP_daily_reference_price
2022-08-01,EBM1222,2362.76,2022,12,2022-12,monthly_baseload,EPIAS_VEP_daily_reference_price
2022-08-01,EBM0123,2548.0,2023,1,2023-01,monthly_baseload,EPIAS_VEP_daily_reference_price
2022-08-01,EBM0223,2670.0,2023,2,2023-02,monthly_baseload,EPIAS_VEP_daily_reference_price
2022-08-02,EBM0922,2296.0,2022,9,2022-09,monthly_baseload,EPIAS_VEP_daily_reference_price
2022-08-02,EBM1022,2308.74,2022,10,2022-10,monthly_baseload,EPIAS_VEP_daily_reference_price
2022-08-02,EBM1122,2395.93,2022,11,2022-11,monthly_baseload,EPIAS_VEP_daily_reference_price
2022-08-02,EBM1222,2394.94,2022,12,2022-12,monthly_baseload,EPIAS_VEP_daily_reference_price
2022-08-02,EBM0123,2524.75,2023,1,2023-01,monthly_baseload,EPIAS_VEP_daily_reference_price
2022-08-02,EBM0223,2692.75,2023,2,2023-02,monthly_baseload,EPIAS_VEP_daily_reference_price
2022-08-03,EBM0922,2296.0,2022,9,2022-09,monthly_baseload,EPIAS_VEP_daily_reference_price
2022-08-03,EBM1022,2308.74,2022,10,2022-10,monthly_baseload,EPIAS_VEP_daily_reference_price
2022-08-03,EBM1122,2395.93,2022,11,2022-11,monthly_baseload,EPIAS_VEP_daily_reference_price
2022-08-03,EBM1222,2394.94,2022,12,2022-12,monthly_baseload,EPIAS_VEP_daily_reference_price
2022-08-03,EBM0123,2524.75,2023,1,2023-01,monthly_baseload,EPIAS_VEP_daily_reference_price
2022-08-03,EBM0223,2692.75,2023,2,2023-02,monthly_baseload,EPIAS_VEP_daily_reference_price
2022-08-04,EBM0922,2341.4,2022,9,2022-09,monthly_baseload,EPIAS_VEP_daily_reference_price
2022-08-04,EBM1022,2330.55,2022,10,2022-10,monthly_baseload,EPIAS_VEP_daily_reference_price
2022-08-04,EBM1122,2407.58,2022,11,2022-11,monthly_baseload,EPIAS_VEP_daily_reference_price
2022-08-04,EBM1222,2417.33,2022,12,2022-12,monthly_baseload,EPIAS_VEP_daily_reference_price
2022-08-04,EBM0123,2509.0,2023,1,2023-01,monthly_baseload,EPIAS_VEP_daily_reference_price
2022-08-04,EBM0223,2668.6,2023,2,2023-02,monthly_baseload,EPIAS_VEP_daily_reference_price
2022-08-05,EBM0922,2346.4,2022,9,2022-09,monthly_baseload,EPIAS_VEP_daily_reference_price
2022-08-05,EBM1022,2391.56,2022,10,2022-10,monthly_baseload,EPIAS_VEP_daily_reference_price
2022-08-05,EBM1122,2457.39,2022,11,2022-11,monthly_baseload,EPIAS_VEP_daily_reference_price
2022-08-05,EBM1222,2475.5,2022,12,2022-12,monthly_baseload,EPIAS_VEP_daily_reference_price
2022-08-05,EBM0123,2502.0,2023,1,2023-01,monthly_baseload,EPIAS_VEP_daily_reference_price
2022-08-05,EBM0223,2653.8,2023,2,2023-02,monthly_baseload,EPIAS_VEP_daily_reference_price
2022-08-08,EBM0922,2339.25,2022,9,2022-09,monthly_baseload,EPIAS_VEP_daily_reference_price
2022-08-08,EBM1022,2372.12,2022,10,2022-10,monthly_baseload,EPIAS_VEP_daily_reference_price
2022-08-08,EBM1122,2438.25,2022,11,2022-11,monthly_baseload,EPIAS_VEP_daily_reference_price
2022-08-08,EBM1222,2447.69,2022,12,2022-12,monthly_baseload,EPIAS_VEP_daily_reference_price
2022-08-08,EBM0123,2488.25,2023,1,2023-01,monthly_baseload,EPIAS_VEP_daily_reference_price
2022-08-08,EBM0223,2688.5,2023,2,2023-02,monthly_baseload,EPIAS_VEP_daily_reference_price
2022-08-09,EBM0922,2350.0,2022,9,2022-09,monthly_baseload,EPIAS_VEP_daily_reference_price
2022-08-09,EBM1022,2359.53,2022,10,2022-10,monthly_baseload,EPIAS_VEP_daily_reference_price
2022-08-09,EBM1122,2422.49,2022,11,2022-11,monthly_baseload,EPIAS_VEP_daily_reference_price
2022-08-09,EBM1222,2440.22,2022,12,2022-12,monthly_baseload,EPIAS_VEP_daily_reference_price
2022-08-09,EBM0123,2493.8,2023,1,2023-01,monthly_baseload,EPIAS_VEP_daily_reference_price
2022-08-09,EBM0223,2661.8,2023,2,2023-02,monthly_baseload,EPIAS_VEP_daily_reference_price
2022-08-10,EBM0922,2340.25,2022,9,2022-09,monthly_baseload,EPIAS_VEP_daily_reference_price
2022-08-10,EBM1022,2352.84,2022,10,2022-10,monthly_baseload,EPIAS_VEP_daily_reference_price
2022-08-10,EBM1122,2418.26,2022,11,2022-11,monthly_baseload,EPIAS_VEP_daily_reference_price
2022-08-10,EBM1222,2435.17,2022,12,2022-12,monthly_baseload,EPIAS_VEP_daily_reference_price
2022-08-10,EBM0123,2486.0,2023,1,2023-01,monthly_baseload,EPIAS_VEP_daily_reference_price
2022-08-10,EBM0223,2690.5,2023,2,2023-02,monthly_baseload,EPIAS_VEP_daily_reference_price
2022-08-11,EBM0922,2317.0,2022,9,2022-09,monthly_baseload,EPIAS_VEP_daily_reference_price
2022-08-11,EBM1022,2334.69,2022,10,2022-10,monthly_baseload,EPIAS_VEP_daily_reference_price
2022-08-11,EBM1122,2406.19,2022,11,2022-11,monthly_baseload,EPIAS_VEP_daily_reference_price
2022-08-11,EBM1222,2411.82,2022,12,2022-12,monthly_baseload,EPIAS_VEP_daily_reference_price
2022-08-11,EBM0123,2479.0,2023,1,2023-01,monthly_baseload,EPIAS_VEP_daily_reference_price
2022-08-11,EBM0223,2697.0,2023,2,2023-02,monthly_baseload,EPIAS_VEP_daily_reference_price
2022-08-12,EBM0922,2317.0,2022,9,2022-09,monthly_baseload,EPIAS_VEP_daily_reference_price
2022-08-12,EBM1022,2334.69,2022,10,2022-10,monthly_baseload,EPIAS_VEP_daily_reference_price
2022-08-12,EBM1122,2406.19,2022,11,2022-11,monthly_baseload,EPIAS_VEP_daily_reference_price
2022-08-12,EBM1222,2411.82,2022,12,2022-12,monthly_baseload,EPIAS_VEP_daily_reference_price
2022-08-12,EBM0123,2479.0,2023,1,2023-01,monthly_baseload,EPIAS_VEP_daily_reference_price
2022-08-12,EBM0223,2697.0,2023,2,2023-02,monthly_baseload,EPIAS_VEP_daily_reference_price
2022-08-15,EBM0922,2365.6,2022,9,2022-09,monthly_baseload,EPIAS_VEP_daily_reference_price
2022-08-15,EBM1022,2378.86,2022,10,2022-10,monthly_baseload,EPIAS_VEP_daily_reference_price
2022-08-15,EBM1122,2443.04,2022,11,2022-11,monthly_baseload,EPIAS_VEP_daily_reference_price
2022-08-15,EBM1222,2454.0,2022,12,2022-12,monthly_baseload,EPIAS_VEP_daily_reference_price
2022-08-15,EBM0123,2506.0,2023,1,2023-01,monthly_baseload,EPIAS_VEP_daily_reference_price
2022-08-15,EBM0223,2669.6,2023,2,2023-02,monthly_baseload,EPIAS_VEP_daily_reference_price
2022-08-16,EBM0922,2344.0,2022,9,2022-09,monthly_baseload,EPIAS_VEP_daily_reference_price
2022-08-16,EBM1022,2361.74,2022,10,2022-10,monthly_baseload,EPIAS_VEP_daily_reference_price
2022-08-16,EBM1122,2440.22,2022,11,2022-11,monthly_baseload,EPIAS_VEP_daily_reference_price
2022-08-16,EBM1222,2442.96,2022,12,2022-12,monthly_baseload,EPIAS_VEP_daily_reference_price
2022-08-16,EBM0123,2501.75,2023,1,2023-01,monthly_baseload,EPIAS_VEP_daily_reference_price
2022-08-16,EBM0223,2690.0,2023,2,2023-02,monthly_baseload,EPIAS_VEP_daily_reference_price
2022-08-17,EBM0922,2338.75,2022,9,2022-09,monthly_baseload,EPIAS_VEP_daily_reference_price
2022-08-17,EBM1022,2353.8,2022,10,2022-10,monthly_baseload,EPIAS_VEP_daily_reference_price
2022-08-17,EBM1122,2435.64,2022,11,2022-11,monthly_baseload,EPIAS_VEP_daily_reference_price
2022-08-17,EBM1222,2436.14,2022,12,2022-12,monthly_baseload,EPIAS_VEP_daily_reference_price
2022-08-17,EBM0123,2500.5,2023,1,2023-01,monthly_baseload,EPIAS_VEP_daily_reference_price
2022-08-17,EBM0223,2702.75,2023,2,2023-02,monthly_baseload,EPIAS_VEP_daily_reference_price
2022-08-18,EBM0922,2337.25,2022,9,2022-09,monthly_baseload,EPIAS_VEP_daily_reference_price
2022-08-18,EBM1022,2354.67,2022,10,2022-10,monthly_baseload,EPIAS_VEP_daily_reference_price
2022-08-18,EBM1122,2432.38,2022,11,2022-11,monthly_baseload,EPIAS_VEP_daily_reference_price
2022-08-18,EBM1222,2432.63,2022,12,2022-12,monthly_baseload,EPIAS_VEP_daily_reference_price
2022-08-18,EBM0123,2500.25,2023,1,2023-01,monthly_baseload,EPIAS_VEP_daily_reference_price
2022-08-18,EBM0223,2713.25,2023,2,2023-02,monthly_baseload,EPIAS_VEP_daily_reference_price
2022-08-19,EBM0922,2337.0,2022,9,2022-09,monthly_baseload,EPIAS_VEP_daily_reference_price
2022-08-19,EBM1022,2355.75,2022,10,2022-10,monthly_baseload,EPIAS_VEP_daily_reference_price
2022-08-19,EBM1122,2437.47,2022,11,2022-11,monthly_baseload,EPIAS_VEP_daily_reference_price
2022-08-19,EBM1222,2437.47,2022,12,2022-12,monthly_baseload,EPIAS_VEP_daily_reference_price
2022-08-19,EBM0123,2687.75,2023,1,2023-01,monthly_baseload,EPIAS_VEP_daily_reference_price
2022-08-19,EBM0223,2708.5,2023,2,2023-02,monthly_baseload,EPIAS_VEP_daily_reference_price
2022-08-22,EBM0922,2387.0,2022,9,2022-09,monthly_baseload,EPIAS_VEP_daily_reference_price
2022-08-22,EBM1022,2414.34,2022,10,2022-10,monthly_baseload,EPIAS_VEP_daily_reference_price
2022-08-22,EBM1122,2496.93,2022,11,2022-11,monthly_baseload,EPIAS_VEP_daily_reference_price
2022-08-22,EBM1222,2521.8,2022,12,2022-12,monthly_baseload,EPIAS_VEP_daily_reference_price
2022-08-22,EBM0123,2687.75,2023,1,2023-01,monthly_baseload,EPIAS_VEP_daily_reference_price
2022-08-22,EBM0223,2708.5,2023,2,2023-02,monthly_baseload,EPIAS_VEP_daily_reference_price
2022-08-23,EBM0922,2379.6,2022,9,2022-09,monthly_baseload,EPIAS_VEP_daily_reference_price
2022-08-23,EBM1022,2381.71,2022,10,2022-10,monthly_baseload,EPIAS_VEP_daily_reference_price
2022-08-23,EBM1122,2457.75,2022,11,2022-11,monthly_baseload,EPIAS_VEP_daily_reference_price
2022-08-23,EBM1222,2472.68,2022,12,2022-12,monthly_baseload,EPIAS_VEP_daily_reference_price
2022-08-23,EBM0123,2587.6,2023,1,2023-01,monthly_baseload,EPIAS_VEP_daily_reference_price
2022-08-23,EBM0223,2691.8,2023,2,2023-02,monthly_baseload,EPIAS_VEP_daily_reference_price
2022-08-24,EBM0922,2379.6,2022,9,2022-09,monthly_baseload,EPIAS_VEP_daily_reference_price
2022-08-24,EBM1022,2381.71,2022,10,2022-10,monthly_baseload,EPIAS_VEP_daily_reference_price
2022-08-24,EBM1122,2457.75,2022,11,2022-11,monthly_baseload,EPIAS_VEP_daily_reference_price
2022-08-24,EBM1222,2472.68,2022,12,2022-12,monthly_baseload,EPIAS_VEP_daily_reference_price
2022-08-24,EBM0123,2587.6,2023,1,2023-01,monthly_baseload,EPIAS_VEP_daily_reference_price
2022-08-24,EBM0223,2691.8,2023,2,2023-02,monthly_baseload,EPIAS_VEP_daily_reference_price
2022-08-25,EBM0922,2379.6,2022,9,2022-09,monthly_baseload,EPIAS_VEP_daily_reference_price
2022-08-25,EBM1022,2381.71,2022,10,2022-10,monthly_baseload,EPIAS_VEP_daily_reference_price
2022-08-25,EBM1122,2457.75,2022,11,2022-11,monthly_baseload,EPIAS_VEP_daily_reference_price
2022-08-25,EBM1222,2472.68,2022,12,2022-12,monthly_baseload,EPIAS_VEP_daily_reference_price
2022-08-25,EBM0123,2587.6,2023,1,2023-01,monthly_baseload,EPIAS_VEP_daily_reference_price
2022-08-25,EBM0223,2691.8,2023,2,2023-02,monthly_baseload,EPIAS_VEP_daily_reference_price
2022-08-26,EBM0922,2379.6,2022,9,2022-09,monthly_baseload,EPIAS_VEP_daily_reference_price
2022-08-26,EBM1022,2381.71,2022,10,2022-10,monthly_baseload,EPIAS_VEP_daily_reference_price
2022-08-26,EBM1122,2457.75,2022,11,2022-11,monthly_baseload,EPIAS_VEP_daily_reference_price
2022-08-26,EBM1222,2472.68,2022,12,2022-12,monthly_baseload,EPIAS_VEP_daily_reference_price
2022-08-26,EBM0123,2587.6,2023,1,2023-01,monthly_baseload,EPIAS_VEP_daily_reference_price
2022-08-26,EBM0223,2691.8,2023,2,2023-02,monthly_baseload,EPIAS_VEP_daily_reference_price
2022-08-29,EBM1022,2381.71,2022,10,2022-10,monthly_baseload,EPIAS_VEP_daily_reference_price
2022-08-29,EBM1122,2457.75,2022,11,2022-11,monthly_baseload,EPIAS_VEP_daily_reference_price
2022-08-29,EBM1222,2472.68,2022,12,2022-12,monthly_baseload,EPIAS_VEP_daily_reference_price
2022-08-29,EBM0123,2538.28,2023,1,2023-01,monthly_baseload,EPIAS_VEP_daily_reference_price
2022-08-29,EBM0223,2640.49,2023,2,2023-02,monthly_baseload,EPIAS_VEP_daily_reference_price
2022-08-29,EBM0323,2513.66,2023,3,2023-03,monthly_baseload,EPIAS_VEP_daily_reference_price
2022-08-31,EBM1022,2381.71,2022,10,2022-10,monthly_baseload,EPIAS_VEP_daily_reference_price
2022-08-31,EBM1122,2457.75,2022,11,2022-11,monthly_baseload,EPIAS_VEP_daily_reference_price
2022-08-31,EBM1222,2472.68,2022,12,2022-12,monthly_baseload,EPIAS_VEP_daily_reference_price
2022-08-31,EBM0123,2538.28,2023,1,2023-01,monthly_baseload,EPIAS_VEP_daily_reference_price
2022-08-31,EBM0223,2640.49,2023,2,2023-02,monthly_baseload,EPIAS_VEP_daily_reference_price
2022-08-31,EBM0323,2513.66,2023,3,2023-03,monthly_baseload,EPIAS_VEP_daily_reference_price
2022-09-01,EBM1022,2381.71,2022,10,2022-10,monthly_baseload,EPIAS_VEP_daily_reference_price
2022-09-01,EBM1122,2457.75,2022,11,2022-11,monthly_baseload,EPIAS_VEP_daily_reference_price
2022-09-01,EBM1222,2472.68,2022,12,2022-12,monthly_baseload,EPIAS_VEP_daily_reference_price
2022-09-01,EBM0123,2538.28,2023,1,2023-01,monthly_baseload,EPIAS_VEP_daily_reference_price
2022-09-01,EBM0223,2640.49,2023,2,2023-02,monthly_baseload,EPIAS_VEP_daily_reference_price
2022-09-01,EBM0323,2513.66,2023,3,2023-03,monthly_baseload,EPIAS_VEP_daily_reference_price
2022-09-02,EBM1022,2381.71,2022,10,2022-10,monthly_baseload,EPIAS_VEP_daily_reference_price
2022-09-02,EBM1122,2457.75,2022,11,2022-11,monthly_baseload,EPIAS_VEP_daily_reference_price
2022-09-02,EBM1222,2472.68,2022,12,2022-12,monthly_baseload,EPIAS_VEP_daily_reference_price
2022-09-02,EBM0123,2538.28,2023,1,2023-01,monthly_baseload,EPIAS_VEP_daily_reference_price
2022-09-02,EBM0223,2640.49,2023,2,2023-02,monthly_baseload,EPIAS_VEP_daily_reference_price
2022-09-02,EBM0323,2513.66,2023,3,2023-03,monthly_baseload,EPIAS_VEP_daily_reference_price
2022-09-05,EBM1022,2418.57,2022,10,2022-10,monthly_baseload,EPIAS_VEP_daily_reference_price
2022-09-05,EBM1122,2475.02,2022,11,2022-11,monthly_baseload,EPIAS_VEP_daily_reference_price
2022-09-05,EBM1222,2491.26,2022,12,2022-12,monthly_baseload,EPIAS_VEP_daily_reference_price
2022-09-05,EBM0123,2486.6,2023,1,2023-01,monthly_baseload,EPIAS_VEP_daily_reference_price
2022-09-05,EBM0223,2667.31,2023,2,2023-02,monthly_baseload,EPIAS_VEP_daily_reference_price
2022-09-05,EBM0323,2599.47,2023,3,2023-03,monthly_baseload,EPIAS_VEP_daily_reference_price
2022-09-06,EBM1022,2444.38,2022,10,2022-10,monthly_baseload,EPIAS_VEP_daily_reference_price
2022-09-06,EBM1122,2476.06,2022,11,2022-11,monthly_baseload,EPIAS_VEP_daily_reference_price
2022-09-06,EBM1222,2492.52,2022,12,2022-12,monthly_baseload,EPIAS_VEP_daily_reference_price
2022-09-06,EBM0123,2490.7,2023,1,2023-01,monthly_baseload,EPIAS_VEP_daily_reference_price
2022-09-06,EBM0223,2695.89,2023,2,2023-02,monthly_baseload,EPIAS_VEP_daily_reference_price
2022-09-06,EBM0323,2664.29,2023,3,2023-03,monthly_baseload,EPIAS_VEP_daily_reference_price
2022-09-07,EBM1022,2455.3,2022,10,2022-10,monthly_baseload,EPIAS_VEP_daily_reference_price
2022-09-07,EBM1122,2475.75,2022,11,2022-11,monthly_baseload,EPIAS_VEP_daily_reference_price
2022-09-07,EBM1222,2499.7,2022,12,2022-12,monthly_baseload,EPIAS_VEP_daily_reference_price
2022-09-07,EBM0123,2506.52,2023,1,2023-01,monthly_baseload,EPIAS_VEP_daily_reference_price
2022-09-07,EBM0223,2715.79,2023,2,2023-02,monthly_baseload,EPIAS_VEP_daily_reference_price
2022-09-07,EBM0323,2703.16,2023,3,2023-03,monthly_baseload,EPIAS_VEP_daily_reference_price
2022-09-08,EBM1022,2459.48,2022,10,2022-10,monthly_baseload,EPIAS_VEP_daily_reference_price
2022-09-08,EBM1122,2476.95,2022,11,2022-11,monthly_baseload,EPIAS_VEP_daily_reference_price
2022-09-08,EBM1222,2507.89,2022,12,2022-12,monthly_baseload,EPIAS_VEP_daily_reference_price
2022-09-08,EBM0123,2521.97,2023,1,2023-01,monthly_baseload,EPIAS_VEP_daily_reference_price
2022-09-08,EBM0223,2727.8,2023,2,2023-02,monthly_baseload,EPIAS_VEP_daily_reference_price
2022-09-08,EBM0323,2729.79,2023,3,2023-03,monthly_baseload,EPIAS_VEP_daily_reference_price
2022-09-09,EBM1022,2460.12,2022,10,2022-10,monthly_baseload,EPIAS_VEP_daily_reference_price
2022-09-09,EBM1122,2479.35,2022,11,2022-11,monthly_baseload,EPIAS_VEP_daily_reference_price
2022-09-09,EBM1222,2512.07,2022,12,2022-12,monthly_baseload,EPIAS_VEP_daily_reference_price
2022-09-09,EBM0123,2530.75,2023,1,2023-01,monthly_baseload,EPIAS_VEP_daily_reference_price
2022-09-09,EBM0223,2743.72,2023,2,2023-02,monthly_baseload,EPIAS_VEP_daily_reference_price
2022-09-09,EBM0323,2744.22,2023,3,2023-03,monthly_baseload,EPIAS_VEP_daily_reference_price
2022-09-12,EBM1022,2463.68,2022,10,2022-10,monthly_baseload,EPIAS_VEP_daily_reference_price
2022-09-12,EBM1122,2480.92,2022,11,2022-11,monthly_baseload,EPIAS_VEP_daily_reference_price
2022-09-12,EBM1222,2511.65,2022,12,2022-12,monthly_baseload,EPIAS_VEP_daily_reference_price
2022-09-12,EBM0123,2534.23,2023,1,2023-01,monthly_baseload,EPIAS_VEP_daily_reference_price
2022-09-12,EBM0223,2753.1,2023,2,2023-02,monthly_baseload,EPIAS_VEP_daily_reference_price
2022-09-12,EBM0323,2754.6,2023,3,2023-03,monthly_baseload,EPIAS_VEP_daily_reference_price
2022-09-13,EBM1022,2465.73,2022,10,2022-10,monthly_baseload,EPIAS_VEP_daily_reference_price
2022-09-13,EBM1122,2483.72,2022,11,2022-11,monthly_baseload,EPIAS_VEP_daily_reference_price
2022-09-13,EBM1222,2511.45,2022,12,2022-12,monthly_baseload,EPIAS_VEP_daily_reference_price
2022-09-13,EBM0123,2537.51,2023,1,2023-01,monthly_baseload,EPIAS_VEP_daily_reference_price
2022-09-13,EBM0223,2762.84,2023,2,2023-02,monthly_baseload,EPIAS_VEP_daily_reference_price
2022-09-13,EBM0323,2765.59,2023,3,2023-03,monthly_baseload,EPIAS_VEP_daily_reference_price
2022-09-14,EBM1022,2499.51,2022,10,2022-10,monthly_baseload,EPIAS_VEP_daily_reference_price
2022-09-14,EBM1122,2571.57,2022,11,2022-11,monthly_baseload,EPIAS_VEP_daily_reference_price
2022-09-14,EBM1222,2586.84,2022,12,2022-12,monthly_baseload,EPIAS_VEP_daily_reference_price
2022-09-14,EBM0123,2735.72,2023,1,2023-01,monthly_baseload,EPIAS_VEP_daily_reference_price
2022-09-14,EBM0223,2825.73,2023,2,2023-02,monthly_baseload,EPIAS_VEP_daily_reference_price
2022-09-14,EBM0323,2788.4,2023,3,2023-03,monthly_baseload,EPIAS_VEP_daily_reference_price
2022-09-15,EBM1022,2499.51,2022,10,2022-10,monthly_baseload,EPIAS_VEP_daily_reference_price
2022-09-15,EBM1122,2571.57,2022,11,2022-11,monthly_baseload,EPIAS_VEP_daily_reference_price
2022-09-15,EBM1222,2586.84,2022,12,2022-12,monthly_baseload,EPIAS_VEP_daily_reference_price
2022-09-15,EBM0123,2735.72,2023,1,2023-01,monthly_baseload,EPIAS_VEP_daily_reference_price
2022-09-15,EBM0223,2825.73,2023,2,2023-02,monthly_baseload,EPIAS_VEP_daily_reference_price
2022-09-15,EBM0323,2788.4,2023,3,2023-03,monthly_baseload,EPIAS_VEP_daily_reference_price
2022-09-16,EBM1022,2499.51,2022,10,2022-10,monthly_baseload,EPIAS_VEP_daily_reference_price
2022-09-16,EBM1122,2571.57,2022,11,2022-11,monthly_baseload,EPIAS_VEP_daily_reference_price
2022-09-16,EBM1222,2586.84,2022,12,2022-12,monthly_baseload,EPIAS_VEP_daily_reference_price
2022-09-16,EBM0123,2735.72,2023,1,2023-01,monthly_baseload,EPIAS_VEP_daily_reference_price
2022-09-16,EBM0223,2825.73,2023,2,2023-02,monthly_baseload,EPIAS_VEP_daily_reference_price
2022-09-16,EBM0323,2788.4,2023,3,2023-03,monthly_baseload,EPIAS_VEP_daily_reference_price
2022-09-19,EBM1022,2499.51,2022,10,2022-10,monthly_baseload,EPIAS_VEP_daily_reference_price
2022-09-19,EBM1122,2571.57,2022,11,2022-11,monthly_baseload,EPIAS_VEP_daily_reference_price
2022-09-19,EBM1222,2586.84,2022,12,2022-12,monthly_baseload,EPIAS_VEP_daily_reference_price
2022-09-19,EBM0123,2735.72,2023,1,2023-01,monthly_baseload,EPIAS_VEP_daily_reference_price
2022-09-19,EBM0223,2825.73,2023,2,2023-02,monthly_baseload,EPIAS_VEP_daily_reference_price
2022-09-19,EBM0323,2788.4,2023,3,2023-03,monthly_baseload,EPIAS_VEP_daily_reference_price
2022-09-20,EBM1022,2499.51,2022,10,2022-10,monthly_baseload,EPIAS_VEP_daily_reference_price
2022-09-20,EBM1122,2571.57,2022,11,2022-11,monthly_baseload,EPIAS_VEP_daily_reference_price
2022-09-20,EBM1222,2586.84,2022,12,2022-12,monthly_baseload,EPIAS_VEP_daily_reference_price
2022-09-20,EBM0123,2732.42,2023,1,2023-01,monthly_baseload,EPIAS_VEP_daily_reference_price
2022-09-20,EBM0223,2841.36,2023,2,2023-02,monthly_baseload,EPIAS_VEP_daily_reference_price
2022-09-20,EBM0323,2856.96,2023,3,2023-03,monthly_baseload,EPIAS_VEP_daily_reference_price
2022-09-21,EBM1022,2799.95,2022,10,2022-10,monthly_baseload,EPIAS_VEP_daily_reference_price
2022-09-21,EBM1122,2845.49,2022,11,2022-11,monthly_baseload,EPIAS_VEP_daily_reference_price
2022-09-21,EBM1222,2869.08,2022,12,2022-12,monthly_baseload,EPIAS_VEP_daily_reference_price
2022-09-21,EBM0123,2905.21,2023,1,2023-01,monthly_baseload,EPIAS_VEP_daily_reference_price
2022-09-21,EBM0223,3055.08,2023,2,2023-02,monthly_baseload,EPIAS_VEP_daily_reference_price
2022-09-21,EBM0323,3107.12,2023,3,2023-03,monthly_baseload,EPIAS_VEP_daily_reference_price
2022-09-22,EBM1022,2799.95,2022,10,2022-10,monthly_baseload,EPIAS_VEP_daily_reference_price
2022-09-22,EBM1122,2845.49,2022,11,2022-11,monthly_baseload,EPIAS_VEP_daily_reference_price
2022-09-22,EBM1222,2869.08,2022,12,2022-12,monthly_baseload,EPIAS_VEP_daily_reference_price
2022-09-22,EBM0123,3010.72,2023,1,2023-01,monthly_baseload,EPIAS_VEP_daily_reference_price
2022-09-22,EBM0223,3072.09,2023,2,2023-02,monthly_baseload,EPIAS_VEP_daily_reference_price
2022-09-22,EBM0323,3075.97,2023,3,2023-03,monthly_baseload,EPIAS_VEP_daily_reference_price
2022-09-23,EBM1022,2860.82,2022,10,2022-10,monthly_baseload,EPIAS_VEP_daily_reference_price
2022-09-23,EBM1122,2934.46,2022,11,2022-11,monthly_baseload,EPIAS_VEP_daily_reference_price
2022-09-23,EBM1222,3052.37,2022,12,2022-12,monthly_baseload,EPIAS_VEP_daily_reference_price
2022-09-23,EBM0123,3093.6,2023,1,2023-01,monthly_baseload,EPIAS_VEP_daily_reference_price
2022-09-23,EBM0223,3170.14,2023,2,2023-02,monthly_baseload,EPIAS_VEP_daily_reference_price
2022-09-23,EBM0323,3072.75,2023,3,2023-03,monthly_baseload,EPIAS_VEP_daily_reference_price
2022-09-26,EBM1022,3071.65,2022,10,2022-10,monthly_baseload,EPIAS_VEP_daily_reference_price
2022-09-26,EBM1122,3047.74,2022,11,2022-11,monthly_baseload,EPIAS_VEP_daily_reference_price
2022-09-26,EBM1222,3260.44,2022,12,2022-12,monthly_baseload,EPIAS_VEP_daily_reference_price
2022-09-26,EBM0123,3391.12,2023,1,2023-01,monthly_baseload,EPIAS_VEP_daily_reference_price
2022-09-26,EBM0223,3337.66,2023,2,2023-02,monthly_baseload,EPIAS_VEP_daily_reference_price
2022-09-26,EBM0323,3201.42,2023,3,2023-03,monthly_baseload,EPIAS_VEP_daily_reference_price
2022-09-27,EBM1022,3071.65,2022,10,2022-10,monthly_baseload,EPIAS_VEP_daily_reference_price
2022-09-27,EBM1122,3047.74,2022,11,2022-11,monthly_baseload,EPIAS_VEP_daily_reference_price
2022-09-27,EBM1222,3260.44,2022,12,2022-12,monthly_baseload,EPIAS_VEP_daily_reference_price
2022-09-27,EBM0123,3391.12,2023,1,2023-01,monthly_baseload,EPIAS_VEP_daily_reference_price
2022-09-27,EBM0223,3337.66,2023,2,2023-02,monthly_baseload,EPIAS_VEP_daily_reference_price
2022-09-27,EBM0323,3201.42,2023,3,2023-03,monthly_baseload,EPIAS_VEP_daily_reference_price
2022-09-28,EBM1022,3101.22,2022,10,2022-10,monthly_baseload,EPIAS_VEP_daily_reference_price
2022-09-28,EBM1122,3126.31,2022,11,2022-11,monthly_baseload,EPIAS_VEP_daily_reference_price
2022-09-28,EBM1222,3208.56,2022,12,2022-12,monthly_baseload,EPIAS_VEP_daily_reference_price
2022-09-28,EBM0123,3519.74,2023,1,2023-01,monthly_baseload,EPIAS_VEP_daily_reference_price
2022-09-28,EBM0223,3540.17,2023,2,2023-02,monthly_baseload,EPIAS_VEP_daily_reference_price
2022-09-28,EBM0323,3521.87,2023,3,2023-03,monthly_baseload,EPIAS_VEP_daily_reference_price
2022-09-29,EBM1122,3126.31,2022,11,2022-11,monthly_baseload,EPIAS_VEP_daily_reference_price
2022-09-29,EBM1222,3208.56,2022,12,2022-12,monthly_baseload,EPIAS_VEP_daily_reference_price
2022-09-29,EBM0123,3464.12,2023,1,2023-01,monthly_baseload,EPIAS_VEP_daily_reference_price
2022-09-29,EBM0223,3484.22,2023,2,2023-02,monthly_baseload,EPIAS_VEP_daily_reference_price
2022-09-29,EBM0323,3466.21,2023,3,2023-03,monthly_baseload,EPIAS_VEP_daily_reference_price
2022-09-29,EBM0423,3848.8,2023,4,2023-04,monthly_baseload,EPIAS_VEP_daily_reference_price
2022-09-30,EBM1122,3126.31,2022,11,2022-11,monthly_baseload,EPIAS_VEP_daily_reference_price
2022-09-30,EBM1222,3208.56,2022,12,2022-12,monthly_baseload,EPIAS_VEP_daily_reference_price
2022-09-30,EBM0123,3464.12,2023,1,2023-01,monthly_baseload,EPIAS_VEP_daily_reference_price
2022-09-30,EBM0223,3484.22,2023,2,2023-02,monthly_baseload,EPIAS_VEP_daily_reference_price
2022-09-30,EBM0323,3466.21,2023,3,2023-03,monthly_baseload,EPIAS_VEP_daily_reference_price
2022-09-30,EBM0423,3848.8,2023,4,2023-04,monthly_baseload,EPIAS_VEP_daily_reference_price
2022-10-03,EBM1122,3126.31,2022,11,2022-11,monthly_baseload,EPIAS_VEP_daily_reference_price
2022-10-03,EBM1222,3208.56,2022,12,2022-12,monthly_baseload,EPIAS_VEP_daily_reference_price
2022-10-03,EBM0123,3464.12,2023,1,2023-01,monthly_baseload,EPIAS_VEP_daily_reference_price
2022-10-03,EBM0223,3484.22,2023,2,2023-02,monthly_baseload,EPIAS_VEP_daily_reference_price
2022-10-03,EBM0323,3466.21,2023,3,2023-03,monthly_baseload,EPIAS_VEP_daily_reference_price
2022-10-03,EBM0423,3848.8,2023,4,2023-04,monthly_baseload,EPIAS_VEP_daily_reference_price
2022-10-04,EBM1122,3126.31,2022,11,2022-11,monthly_baseload,EPIAS_VEP_daily_reference_price
2022-10-04,EBM1222,3208.56,2022,12,2022-12,monthly_baseload,EPIAS_VEP_daily_reference_price
2022-10-04,EBM0123,3464.12,2023,1,2023-01,monthly_baseload,EPIAS_VEP_daily_reference_price
2022-10-04,EBM0223,3484.22,2023,2,2023-02,monthly_baseload,EPIAS_VEP_daily_reference_price
2022-10-04,EBM0323,3466.21,2023,3,2023-03,monthly_baseload,EPIAS_VEP_daily_reference_price
2022-10-04,EBM0423,3848.8,2023,4,2023-04,monthly_baseload,EPIAS_VEP_daily_reference_price
2022-10-05,EBM1122,3145.4,2022,11,2022-11,monthly_baseload,EPIAS_VEP_daily_reference_price
2022-10-05,EBM1222,3208.56,2022,12,2022-12,monthly_baseload,EPIAS_VEP_daily_reference_price
2022-10-05,EBM0123,3464.12,2023,1,2023-01,monthly_baseload,EPIAS_VEP_daily_reference_price
2022-10-05,EBM0223,3484.22,2023,2,2023-02,monthly_baseload,EPIAS_VEP_daily_reference_price
2022-10-05,EBM0323,3466.21,2023,3,2023-03,monthly_baseload,EPIAS_VEP_daily_reference_price
2022-10-05,EBM0423,3848.8,2023,4,2023-04,monthly_baseload,EPIAS_VEP_daily_reference_price
2022-10-06,EBM1122,3145.4,2022,11,2022-11,monthly_baseload,EPIAS_VEP_daily_reference_price
2022-10-06,EBM1222,3208.56,2022,12,2022-12,monthly_baseload,EPIAS_VEP_daily_reference_price
2022-10-06,EBM0123,3464.12,2023,1,2023-01,monthly_baseload,EPIAS_VEP_daily_reference_price
2022-10-06,EBM0223,3484.22,2023,2,2023-02,monthly_baseload,EPIAS_VEP_daily_reference_price
2022-10-06,EBM0323,3466.21,2023,3,2023-03,monthly_baseload,EPIAS_VEP_daily_reference_price
2022-10-06,EBM0423,3848.8,2023,4,2023-04,monthly_baseload,EPIAS_VEP_daily_reference_price
2022-10-07,EBM1122,3145.4,2022,11,2022-11,monthly_baseload,EPIAS_VEP_daily_reference_price
2022-10-07,EBM1222,3208.56,2022,12,2022-12,monthly_baseload,EPIAS_VEP_daily_reference_price
2022-10-07,EBM0123,3464.12,2023,1,2023-01,monthly_baseload,EPIAS_VEP_daily_reference_price
2022-10-07,EBM0223,3484.22,2023,2,2023-02,monthly_baseload,EPIAS_VEP_daily_reference_price
2022-10-07,EBM0323,3466.21,2023,3,2023-03,monthly_baseload,EPIAS_VEP_daily_reference_price
2022-10-07,EBM0423,3848.8,2023,4,2023-04,monthly_baseload,EPIAS_VEP_daily_reference_price
2022-10-10,EBM1122,3179.2,2022,11,2022-11,monthly_baseload,EPIAS_VEP_daily_reference_price
2022-10-10,EBM1222,3231.8,2022,12,2022-12,monthly_baseload,EPIAS_VEP_daily_reference_price
2022-10-10,EBM0123,3461.58,2023,1,2023-01,monthly_baseload,EPIAS_VEP_daily_reference_price
2022-10-10,EBM0223,3481.67,2023,2,2023-02,monthly_baseload,EPIAS_VEP_daily_reference_price
2022-10-10,EBM0323,3463.67,2023,3,2023-03,monthly_baseload,EPIAS_VEP_daily_reference_price
2022-10-10,EBM0423,3848.8,2023,4,2023-04,monthly_baseload,EPIAS_VEP_daily_reference_price
2022-10-11,EBM1122,3179.2,2022,11,2022-11,monthly_baseload,EPIAS_VEP_daily_reference_price
2022-10-11,EBM1222,3231.8,2022,12,2022-12,monthly_baseload,EPIAS_VEP_daily_reference_price
2022-10-11,EBM0123,3461.58,2023,1,2023-01,monthly_baseload,EPIAS_VEP_daily_reference_price
2022-10-11,EBM0223,3481.67,2023,2,2023-02,monthly_baseload,EPIAS_VEP_daily_reference_price
2022-10-11,EBM0323,3463.67,2023,3,2023-03,monthly_baseload,EPIAS_VEP_daily_reference_price
2022-10-11,EBM0423,3848.8,2023,4,2023-04,monthly_baseload,EPIAS_VEP_daily_reference_price
2022-10-12,EBM1122,3179.2,2022,11,2022-11,monthly_baseload,EPIAS_VEP_daily_reference_price
2022-10-12,EBM1222,3231.8,2022,12,2022-12,monthly_baseload,EPIAS_VEP_daily_reference_price
2022-10-12,EBM0123,3461.58,2023,1,2023-01,monthly_baseload,EPIAS_VEP_daily_reference_price
2022-10-12,EBM0223,3481.67,2023,2,2023-02,monthly_baseload,EPIAS_VEP_daily_reference_price
2022-10-12,EBM0323,3463.67,2023,3,2023-03,monthly_baseload,EPIAS_VEP_daily_reference_price
2022-10-12,EBM0423,3848.8,2023,4,2023-04,monthly_baseload,EPIAS_VEP_daily_reference_price
2022-10-13,EBM1122,3179.2,2022,11,2022-11,monthly_baseload,EPIAS_VEP_daily_reference_price
2022-10-13,EBM1222,3231.8,2022,12,2022-12,monthly_baseload,EPIAS_VEP_daily_reference_price
2022-10-13,EBM0123,3461.58,2023,1,2023-01,monthly_baseload,EPIAS_VEP_daily_reference_price
2022-10-13,EBM0223,3481.67,2023,2,2023-02,monthly_baseload,EPIAS_VEP_daily_reference_price
2022-10-13,EBM0323,3463.67,2023,3,2023-03,monthly_baseload,EPIAS_VEP_daily_reference_price
2022-10-13,EBM0423,3848.8,2023,4,2023-04,monthly_baseload,EPIAS_VEP_daily_reference_price
2022-10-14,EBM1122,3179.2,2022,11,2022-11,monthly_baseload,EPIAS_VEP_daily_reference_price
2022-10-14,EBM1222,3231.8,2022,12,2022-12,monthly_baseload,EPIAS_VEP_daily_reference_price
2022-10-14,EBM0123,3461.58,2023,1,2023-01,monthly_baseload,EPIAS_VEP_daily_reference_price
2022-10-14,EBM0223,3481.67,2023,2,2023-02,monthly_baseload,EPIAS_VEP_daily_reference_price
2022-10-14,EBM0323,3463.67,2023,3,2023-03,monthly_baseload,EPIAS_VEP_daily_reference_price
2022-10-14,EBM0423,3848.8,2023,4,2023-04,monthly_baseload,EPIAS_VEP_daily_reference_price
2022-10-17,EBM1122,3179.2,2022,11,2022-11,monthly_baseload,EPIAS_VEP_daily_reference_price
2022-10-17,EBM1222,3231.8,2022,12,2022-12,monthly_baseload,EPIAS_VEP_daily_reference_price
2022-10-17,EBM0123,3461.58,2023,1,2023-01,monthly_baseload,EPIAS_VEP_daily_reference_price
2022-10-17,EBM0223,3481.67,2023,2,2023-02,monthly_baseload,EPIAS_VEP_daily_reference_price
2022-10-17,EBM0323,3463.67,2023,3,2023-03,monthly_baseload,EPIAS_VEP_daily_reference_price
2022-10-17,EBM0423,3848.8,2023,4,2023-04,monthly_baseload,EPIAS_VEP_daily_reference_price
2022-10-18,EBM1122,3179.2,2022,11,2022-11,monthly_baseload,EPIAS_VEP_daily_reference_price
2022-10-18,EBM1222,3231.8,2022,12,2022-12,monthly_baseload,EPIAS_VEP_daily_reference_price
2022-10-18,EBM0123,3461.58,2023,1,2023-01,monthly_baseload,EPIAS_VEP_daily_reference_price
2022-10-18,EBM0223,3481.67,2023,2,2023-02,monthly_baseload,EPIAS_VEP_daily_reference_price
2022-10-18,EBM0323,3463.67,2023,3,2023-03,monthly_baseload,EPIAS_VEP_daily_reference_price
2022-10-18,EBM0423,3848.8,2023,4,2023-04,monthly_baseload,EPIAS_VEP_daily_reference_price
2022-10-19,EBM1122,3179.2,2022,11,2022-11,monthly_baseload,EPIAS_VEP_daily_reference_price
2022-10-19,EBM1222,3231.8,2022,12,2022-12,monthly_baseload,EPIAS_VEP_daily_reference_price
2022-10-19,EBM0123,3461.58,2023,1,2023-01,monthly_baseload,EPIAS_VEP_daily_reference_price
2022-10-19,EBM0223,3481.67,2023,2,2023-02,monthly_baseload,EPIAS_VEP_daily_reference_price
2022-10-19,EBM0323,3463.67,2023,3,2023-03,monthly_baseload,EPIAS_VEP_daily_reference_price
2022-10-19,EBM0423,3848.8,2023,4,2023-04,monthly_baseload,EPIAS_VEP_daily_reference_price
2022-10-20,EBM1122,3179.2,2022,11,2022-11,monthly_baseload,EPIAS_VEP_daily_reference_price
2022-10-20,EBM1222,3231.8,2022,12,2022-12,monthly_baseload,EPIAS_VEP_daily_reference_price
2022-10-20,EBM0123,3461.58,2023,1,2023-01,monthly_baseload,EPIAS_VEP_daily_reference_price
2022-10-20,EBM0223,3481.67,2023,2,2023-02,monthly_baseload,EPIAS_VEP_daily_reference_price
2022-10-20,EBM0323,3463.67,2023,3,2023-03,monthly_baseload,EPIAS_VEP_daily_reference_price
2022-10-20,EBM0423,3848.8,2023,4,2023-04,monthly_baseload,EPIAS_VEP_daily_reference_price
2022-10-21,EBM1122,3179.2,2022,11,2022-11,monthly_baseload,EPIAS_VEP_daily_reference_price
2022-10-21,EBM1222,3231.8,2022,12,2022-12,monthly_baseload,EPIAS_VEP_daily_reference_price
2022-10-21,EBM0123,3461.58,2023,1,2023-01,monthly_baseload,EPIAS_VEP_daily_reference_price
2022-10-21,EBM0223,3481.67,2023,2,2023-02,monthly_baseload,EPIAS_VEP_daily_reference_price
2022-10-21,EBM0323,3463.67,2023,3,2023-03,monthly_baseload,EPIAS_VEP_daily_reference_price
2022-10-21,EBM0423,3848.8,2023,4,2023-04,monthly_baseload,EPIAS_VEP_daily_reference_price
2022-10-24,EBM1122,3179.2,2022,11,2022-11,monthly_baseload,EPIAS_VEP_daily_reference_price
2022-10-24,EBM1222,3231.8,2022,12,2022-12,monthly_baseload,EPIAS_VEP_daily_reference_price
2022-10-24,EBM0123,3461.58,2023,1,2023-01,monthly_baseload,EPIAS_VEP_daily_reference_price
2022-10-24,EBM0223,3481.67,2023,2,2023-02,monthly_baseload,EPIAS_VEP_daily_reference_price
2022-10-24,EBM0323,3463.67,2023,3,2023-03,monthly_baseload,EPIAS_VEP_daily_reference_price
2022-10-24,EBM0423,3848.8,2023,4,2023-04,monthly_baseload,EPIAS_VEP_daily_reference_price
2022-10-25,EBM1122,3179.2,2022,11,2022-11,monthly_baseload,EPIAS_VEP_daily_reference_price
2022-10-25,EBM1222,3231.8,2022,12,2022-12,monthly_baseload,EPIAS_VEP_daily_reference_price
2022-10-25,EBM0123,3461.58,2023,1,2023-01,monthly_baseload,EPIAS_VEP_daily_reference_price
2022-10-25,EBM0223,3481.67,2023,2,2023-02,monthly_baseload,EPIAS_VEP_daily_reference_price
2022-10-25,EBM0323,3463.67,2023,3,2023-03,monthly_baseload,EPIAS_VEP_daily_reference_price
2022-10-25,EBM0423,3848.8,2023,4,2023-04,monthly_baseload,EPIAS_VEP_daily_reference_price
2022-10-26,EBM1122,3179.2,2022,11,2022-11,monthly_baseload,EPIAS_VEP_daily_reference_price
2022-10-26,EBM1222,3231.8,2022,12,2022-12,monthly_baseload,EPIAS_VEP_daily_reference_price
2022-10-26,EBM0123,3461.58,2023,1,2023-01,monthly_baseload,EPIAS_VEP_daily_reference_price
2022-10-26,EBM0223,3481.67,2023,2,2023-02,monthly_baseload,EPIAS_VEP_daily_reference_price
2022-10-26,EBM0323,3463.67,2023,3,2023-03,monthly_baseload,EPIAS_VEP_daily_reference_price
2022-10-26,EBM0423,3848.8,2023,4,2023-04,monthly_baseload,EPIAS_VEP_daily_reference_price
2022-10-27,EBM1222,3231.8,2022,12,2022-12,monthly_baseload,EPIAS_VEP_daily_reference_price
2022-10-27,EBM0123,3461.58,2023,1,2023-01,monthly_baseload,EPIAS_VEP_daily_reference_price
2022-10-27,EBM0223,3481.67,2023,2,2023-02,monthly_baseload,EPIAS_VEP_daily_reference_price
2022-10-27,EBM0323,3463.67,2023,3,2023-03,monthly_baseload,EPIAS_VEP_daily_reference_price
2022-10-27,EBM0423,3848.8,2023,4,2023-04,monthly_baseload,EPIAS_VEP_daily_reference_price
2022-10-27,EBM0523,3428.25,2023,5,2023-05,monthly_baseload,EPIAS_VEP_daily_reference_price
2022-10-31,EBM1222,3231.8,2022,12,2022-12,monthly_baseload,EPIAS_VEP_daily_reference_price
2022-10-31,EBM0123,3461.58,2023,1,2023-01,monthly_baseload,EPIAS_VEP_daily_reference_price
2022-10-31,EBM0223,3481.67,2023,2,2023-02,monthly_baseload,EPIAS_VEP_daily_reference_price
2022-10-31,EBM0323,3463.67,2023,3,2023-03,monthly_baseload,EPIAS_VEP_daily_reference_price
2022-10-31,EBM0423,3848.8,2023,4,2023-04,monthly_baseload,EPIAS_VEP_daily_reference_price
2022-10-31,EBM0523,3428.25,2023,5,2023-05,monthly_baseload,EPIAS_VEP_daily_reference_price
2022-11-01,EBM1222,3231.8,2022,12,2022-12,monthly_baseload,EPIAS_VEP_daily_reference_price
2022-11-01,EBM0123,3461.58,2023,1,2023-01,monthly_baseload,EPIAS_VEP_daily_reference_price
2022-11-01,EBM0223,3481.67,2023,2,2023-02,monthly_baseload,EPIAS_VEP_daily_reference_price
2022-11-01,EBM0323,3463.67,2023,3,2023-03,monthly_baseload,EPIAS_VEP_daily_reference_price
2022-11-01,EBM0423,3848.8,2023,4,2023-04,monthly_baseload,EPIAS_VEP_daily_reference_price
2022-11-01,EBM0523,3428.25,2023,5,2023-05,monthly_baseload,EPIAS_VEP_daily_reference_price
2022-11-02,EBM1222,3231.8,2022,12,2022-12,monthly_baseload,EPIAS_VEP_daily_reference_price
2022-11-02,EBM0123,3461.58,2023,1,2023-01,monthly_baseload,EPIAS_VEP_daily_reference_price
2022-11-02,EBM0223,3481.67,2023,2,2023-02,monthly_baseload,EPIAS_VEP_daily_reference_price
2022-11-02,EBM0323,3463.67,2023,3,2023-03,monthly_baseload,EPIAS_VEP_daily_reference_price
2022-11-02,EBM0423,3848.8,2023,4,2023-04,monthly_baseload,EPIAS_VEP_daily_reference_price
2022-11-02,EBM0523,3428.25,2023,5,2023-05,monthly_baseload,EPIAS_VEP_daily_reference_price
2022-11-03,EBM1222,3231.8,2022,12,2022-12,monthly_baseload,EPIAS_VEP_daily_reference_price
2022-11-03,EBM0123,3461.58,2023,1,2023-01,monthly_baseload,EPIAS_VEP_daily_reference_price
2022-11-03,EBM0223,3481.67,2023,2,2023-02,monthly_baseload,EPIAS_VEP_daily_reference_price
2022-11-03,EBM0323,3463.67,2023,3,2023-03,monthly_baseload,EPIAS_VEP_daily_reference_price
2022-11-03,EBM0423,3848.8,2023,4,2023-04,monthly_baseload,EPIAS_VEP_daily_reference_price
2022-11-03,EBM0523,3428.25,2023,5,2023-05,monthly_baseload,EPIAS_VEP_daily_reference_price
2022-11-04,EBM1222,3231.8,2022,12,2022-12,monthly_baseload,EPIAS_VEP_daily_reference_price
2022-11-04,EBM0123,3461.58,2023,1,2023-01,monthly_baseload,EPIAS_VEP_daily_reference_price
2022-11-04,EBM0223,3481.67,2023,2,2023-02,monthly_baseload,EPIAS_VEP_daily_reference_price
2022-11-04,EBM0323,3463.67,2023,3,2023-03,monthly_baseload,EPIAS_VEP_daily_reference_price
2022-11-04,EBM0423,3848.8,2023,4,2023-04,monthly_baseload,EPIAS_VEP_daily_reference_price
2022-11-04,EBM0523,3428.25,2023,5,2023-05,monthly_baseload,EPIAS_VEP_daily_reference_price
2022-11-07,EBM1222,3231.8,2022,12,2022-12,monthly_baseload,EPIAS_VEP_daily_reference_price
2022-11-07,EBM0123,3461.58,2023,1,2023-01,monthly_baseload,EPIAS_VEP_daily_reference_price
2022-11-07,EBM0223,3481.67,2023,2,2023-02,monthly_baseload,EPIAS_VEP_daily_reference_price
2022-11-07,EBM0323,3463.67,2023,3,2023-03,monthly_baseload,EPIAS_VEP_daily_reference_price
2022-11-07,EBM0423,3848.8,2023,4,2023-04,monthly_baseload,EPIAS_VEP_daily_reference_price
2022-11-07,EBM0523,3428.25,2023,5,2023-05,monthly_baseload,EPIAS_VEP_daily_reference_price
2022-11-08,EBM1222,3231.8,2022,12,2022-12,monthly_baseload,EPIAS_VEP_daily_reference_price
2022-11-08,EBM0123,3461.58,2023,1,2023-01,monthly_baseload,EPIAS_VEP_daily_reference_price
2022-11-08,EBM0223,3481.67,2023,2,2023-02,monthly_baseload,EPIAS_VEP_daily_reference_price
2022-11-08,EBM0323,3463.67,2023,3,2023-03,monthly_baseload,EPIAS_VEP_daily_reference_price
2022-11-08,EBM0423,3848.8,2023,4,2023-04,monthly_baseload,EPIAS_VEP_daily_reference_price
2022-11-08,EBM0523,3428.25,2023,5,2023-05,monthly_baseload,EPIAS_VEP_daily_reference_price
2022-11-09,EBM1222,3231.8,2022,12,2022-12,monthly_baseload,EPIAS_VEP_daily_reference_price
2022-11-09,EBM0123,3461.58,2023,1,2023-01,monthly_baseload,EPIAS_VEP_daily_reference_price
2022-11-09,EBM0223,3481.67,2023,2,2023-02,monthly_baseload,EPIAS_VEP_daily_reference_price
2022-11-09,EBM0323,3463.67,2023,3,2023-03,monthly_baseload,EPIAS_VEP_daily_reference_price
2022-11-09,EBM0423,3848.8,2023,4,2023-04,monthly_baseload,EPIAS_VEP_daily_reference_price
2022-11-09,EBM0523,3428.25,2023,5,2023-05,monthly_baseload,EPIAS_VEP_daily_reference_price
2022-11-10,EBM1222,3231.8,2022,12,2022-12,monthly_baseload,EPIAS_VEP_daily_reference_price
2022-11-10,EBM0123,3461.58,2023,1,2023-01,monthly_baseload,EPIAS_VEP_daily_reference_price
2022-11-10,EBM0223,3481.67,2023,2,2023-02,monthly_baseload,EPIAS_VEP_daily_reference_price
2022-11-10,EBM0323,3463.67,2023,3,2023-03,monthly_baseload,EPIAS_VEP_daily_reference_price
2022-11-10,EBM0423,3848.8,2023,4,2023-04,monthly_baseload,EPIAS_VEP_daily_reference_price
2022-11-10,EBM0523,3428.25,2023,5,2023-05,monthly_baseload,EPIAS_VEP_daily_reference_price
2022-11-11,EBM1222,3231.8,2022,12,2022-12,monthly_baseload,EPIAS_VEP_daily_reference_price
2022-11-11,EBM0123,3461.58,2023,1,2023-01,monthly_baseload,EPIAS_VEP_daily_reference_price
2022-11-11,EBM0223,3481.67,2023,2,2023-02,monthly_baseload,EPIAS_VEP_daily_reference_price
2022-11-11,EBM0323,3463.67,2023,3,2023-03,monthly_baseload,EPIAS_VEP_daily_reference_price
2022-11-11,EBM0423,3848.8,2023,4,2023-04,monthly_baseload,EPIAS_VEP_daily_reference_price
2022-11-11,EBM0523,3428.25,2023,5,2023-05,monthly_baseload,EPIAS_VEP_daily_reference_price
2022-11-14,EBM1222,3231.8,2022,12,2022-12,monthly_baseload,EPIAS_VEP_daily_reference_price
2022-11-14,EBM0123,3461.58,2023,1,2023-01,monthly_baseload,EPIAS_VEP_daily_reference_price
2022-11-14,EBM0223,3481.67,2023,2,2023-02,monthly_baseload,EPIAS_VEP_daily_reference_price
2022-11-14,EBM0323,3463.67,2023,3,2023-03,monthly_baseload,EPIAS_VEP_daily_reference_price
2022-11-14,EBM0423,3848.8,2023,4,2023-04,monthly_baseload,EPIAS_VEP_daily_reference_price
2022-11-14,EBM0523,3428.25,2023,5,2023-05,monthly_baseload,EPIAS_VEP_daily_reference_price
2022-11-15,EBM1222,3231.8,2022,12,2022-12,monthly_baseload,EPIAS_VEP_daily_reference_price
2022-11-15,EBM0123,3461.58,2023,1,2023-01,monthly_baseload,EPIAS_VEP_daily_reference_price
2022-11-15,EBM0223,3481.67,2023,2,2023-02,monthly_baseload,EPIAS_VEP_daily_reference_price
2022-11-15,EBM0323,3463.67,2023,3,2023-03,monthly_baseload,EPIAS_VEP_daily_reference_price
2022-11-15,EBM0423,3848.8,2023,4,2023-04,monthly_baseload,EPIAS_VEP_daily_reference_price
2022-11-15,EBM0523,3428.25,2023,5,2023-05,monthly_baseload,EPIAS_VEP_daily_reference_price
2022-11-16,EBM1222,3231.8,2022,12,2022-12,monthly_baseload,EPIAS_VEP_daily_reference_price
2022-11-16,EBM0123,3461.58,2023,1,2023-01,monthly_baseload,EPIAS_VEP_daily_reference_price
2022-11-16,EBM0223,3481.67,2023,2,2023-02,monthly_baseload,EPIAS_VEP_daily_reference_price
2022-11-16,EBM0323,3463.67,2023,3,2023-03,monthly_baseload,EPIAS_VEP_daily_reference_price
2022-11-16,EBM0423,3848.8,2023,4,2023-04,monthly_baseload,EPIAS_VEP_daily_reference_price
2022-11-16,EBM0523,3428.25,2023,5,2023-05,monthly_baseload,EPIAS_VEP_daily_reference_price
2022-11-17,EBM1222,3231.8,2022,12,2022-12,monthly_baseload,EPIAS_VEP_daily_reference_price
2022-11-17,EBM0123,3477.61,2023,1,2023-01,monthly_baseload,EPIAS_VEP_daily_reference_price
2022-11-17,EBM0223,3497.8,2023,2,2023-02,monthly_baseload,EPIAS_VEP_daily_reference_price
2022-11-17,EBM0323,3479.71,2023,3,2023-03,monthly_baseload,EPIAS_VEP_daily_reference_price
2022-11-17,EBM0423,3848.8,2023,4,2023-04,monthly_baseload,EPIAS_VEP_daily_reference_price
2022-11-17,EBM0523,3428.25,2023,5,2023-05,monthly_baseload,EPIAS_VEP_daily_reference_price
2022-11-18,EBM1222,3231.8,2022,12,2022-12,monthly_baseload,EPIAS_VEP_daily_reference_price
2022-11-18,EBM0123,3477.61,2023,1,2023-01,monthly_baseload,EPIAS_VEP_daily_reference_price
2022-11-18,EBM0223,3497.8,2023,2,2023-02,monthly_baseload,EPIAS_VEP_daily_reference_price
2022-11-18,EBM0323,3479.71,2023,3,2023-03,monthly_baseload,EPIAS_VEP_daily_reference_price
2022-11-18,EBM0423,3848.8,2023,4,2023-04,monthly_baseload,EPIAS_VEP_daily_reference_price
2022-11-18,EBM0523,3428.25,2023,5,2023-05,monthly_baseload,EPIAS_VEP_daily_reference_price
2022-11-21,EBM1222,3231.8,2022,12,2022-12,monthly_baseload,EPIAS_VEP_daily_reference_price
2022-11-21,EBM0123,3953.93,2023,1,2023-01,monthly_baseload,EPIAS_VEP_daily_reference_price
2022-11-21,EBM0223,3976.89,2023,2,2023-02,monthly_baseload,EPIAS_VEP_daily_reference_price
2022-11-21,EBM0323,3956.32,2023,3,2023-03,monthly_baseload,EPIAS_VEP_daily_reference_price
2022-11-21,EBM0423,3848.8,2023,4,2023-04,monthly_baseload,EPIAS_VEP_daily_reference_price
2022-11-21,EBM0523,3428.25,2023,5,2023-05,monthly_baseload,EPIAS_VEP_daily_reference_price
2022-11-22,EBM1222,3231.8,2022,12,2022-12,monthly_baseload,EPIAS_VEP_daily_reference_price
2022-11-22,EBM0123,3953.93,2023,1,2023-01,monthly_baseload,EPIAS_VEP_daily_reference_price
2022-11-22,EBM0223,3976.89,2023,2,2023-02,monthly_baseload,EPIAS_VEP_daily_reference_price
2022-11-22,EBM0323,3956.32,2023,3,2023-03,monthly_baseload,EPIAS_VEP_daily_reference_price
2022-11-22,EBM0423,3848.8,2023,4,2023-04,monthly_baseload,EPIAS_VEP_daily_reference_price
2022-11-22,EBM0523,3428.25,2023,5,2023-05,monthly_baseload,EPIAS_VEP_daily_reference_price
2022-11-23,EBM1222,3231.8,2022,12,2022-12,monthly_baseload,EPIAS_VEP_daily_reference_price
2022-11-23,EBM0123,3953.93,2023,1,2023-01,monthly_baseload,EPIAS_VEP_daily_reference_price
2022-11-23,EBM0223,3976.89,2023,2,2023-02,monthly_baseload,EPIAS_VEP_daily_reference_price
2022-11-23,EBM0323,3956.32,2023,3,2023-03,monthly_baseload,EPIAS_VEP_daily_reference_price
2022-11-23,EBM0423,3848.8,2023,4,2023-04,monthly_baseload,EPIAS_VEP_daily_reference_price
2022-11-23,EBM0523,3428.25,2023,5,2023-05,monthly_baseload,EPIAS_VEP_daily_reference_price
2022-11-24,EBM1222,3231.8,2022,12,2022-12,monthly_baseload,EPIAS_VEP_daily_reference_price
2022-11-24,EBM0123,3953.93,2023,1,2023-01,monthly_baseload,EPIAS_VEP_daily_reference_price
2022-11-24,EBM0223,3976.89,2023,2,2023-02,monthly_baseload,EPIAS_VEP_daily_reference_price
2022-11-24,EBM0323,3956.32,2023,3,2023-03,monthly_baseload,EPIAS_VEP_daily_reference_price
2022-11-24,EBM0423,3848.8,2023,4,2023-04,monthly_baseload,EPIAS_VEP_daily_reference_price
2022-11-24,EBM0523,3428.25,2023,5,2023-05,monthly_baseload,EPIAS_VEP_daily_reference_price
2022-11-25,EBM1222,3231.8,2022,12,2022-12,monthly_baseload,EPIAS_VEP_daily_reference_price
2022-11-25,EBM0123,3953.93,2023,1,2023-01,monthly_baseload,EPIAS_VEP_daily_reference_price
2022-11-25,EBM0223,3976.89,2023,2,2023-02,monthly_baseload,EPIAS_VEP_daily_reference_price
2022-11-25,EBM0323,3956.32,2023,3,2023-03,monthly_baseload,EPIAS_VEP_daily_reference_price
2022-11-25,EBM0423,3848.8,2023,4,2023-04,monthly_baseload,EPIAS_VEP_daily_reference_price
2022-11-25,EBM0523,3428.25,2023,5,2023-05,monthly_baseload,EPIAS_VEP_daily_reference_price
2022-11-28,EBM1222,3231.8,2022,12,2022-12,monthly_baseload,EPIAS_VEP_daily_reference_price
2022-11-28,EBM0123,3953.93,2023,1,2023-01,monthly_baseload,EPIAS_VEP_daily_reference_price
2022-11-28,EBM0223,3976.89,2023,2,2023-02,monthly_baseload,EPIAS_VEP_daily_reference_price
2022-11-28,EBM0323,3956.32,2023,3,2023-03,monthly_baseload,EPIAS_VEP_daily_reference_price
2022-11-28,EBM0423,3848.8,2023,4,2023-04,monthly_baseload,EPIAS_VEP_daily_reference_price
2022-11-28,EBM0523,3428.25,2023,5,2023-05,monthly_baseload,EPIAS_VEP_daily_reference_price
2022-11-29,EBM0123,3951.46,2023,1,2023-01,monthly_baseload,EPIAS_VEP_daily_reference_price
2022-11-29,EBM0223,3974.41,2023,2,2023-02,monthly_baseload,EPIAS_VEP_daily_reference_price
2022-11-29,EBM0323,3953.85,2023,3,2023-03,monthly_baseload,EPIAS_VEP_daily_reference_price
2022-11-29,EBM0423,3876.45,2023,4,2023-04,monthly_baseload,EPIAS_VEP_daily_reference_price
2022-11-29,EBM0523,3452.87,2023,5,2023-05,monthly_baseload,EPIAS_VEP_daily_reference_price
2022-11-29,EBM0623,3476.46,2023,6,2023-06,monthly_baseload,EPIAS_VEP_daily_reference_price
2022-11-30,EBM0123,3951.46,2023,1,2023-01,monthly_baseload,EPIAS_VEP_daily_reference_price
2022-11-30,EBM0223,3974.41,2023,2,2023-02,monthly_baseload,EPIAS_VEP_daily_reference_price
2022-11-30,EBM0323,3953.85,2023,3,2023-03,monthly_baseload,EPIAS_VEP_daily_reference_price
2022-11-30,EBM0423,3876.45,2023,4,2023-04,monthly_baseload,EPIAS_VEP_daily_reference_price
2022-11-30,EBM0523,3452.87,2023,5,2023-05,monthly_baseload,EPIAS_VEP_daily_reference_price
2022-11-30,EBM0623,3476.46,2023,6,2023-06,monthly_baseload,EPIAS_VEP_daily_reference_price
2022-12-01,EBM0123,3951.46,2023,1,2023-01,monthly_baseload,EPIAS_VEP_daily_reference_price
2022-12-01,EBM0223,3974.41,2023,2,2023-02,monthly_baseload,EPIAS_VEP_daily_reference_price
2022-12-01,EBM0323,3953.85,2023,3,2023-03,monthly_baseload,EPIAS_VEP_daily_reference_price
2022-12-01,EBM0423,3876.45,2023,4,2023-04,monthly_baseload,EPIAS_VEP_daily_reference_price
2022-12-01,EBM0523,3452.87,2023,5,2023-05,monthly_baseload,EPIAS_VEP_daily_reference_price
2022-12-01,EBM0623,3476.46,2023,6,2023-06,monthly_baseload,EPIAS_VEP_daily_reference_price
2022-12-02,EBM0123,3951.46,2023,1,2023-01,monthly_baseload,EPIAS_VEP_daily_reference_price
2022-12-02,EBM0223,3974.41,2023,2,2023-02,monthly_baseload,EPIAS_VEP_daily_reference_price
2022-12-02,EBM0323,3953.85,2023,3,2023-03,monthly_baseload,EPIAS_VEP_daily_reference_price
2022-12-02,EBM0423,3876.45,2023,4,2023-04,monthly_baseload,EPIAS_VEP_daily_reference_price
2022-12-02,EBM0523,3452.87,2023,5,2023-05,monthly_baseload,EPIAS_VEP_daily_reference_price
2022-12-02,EBM0623,3476.46,2023,6,2023-06,monthly_baseload,EPIAS_VEP_daily_reference_price
2022-12-05,EBM0123,3951.46,2023,1,2023-01,monthly_baseload,EPIAS_VEP_daily_reference_price
2022-12-05,EBM0223,3974.41,2023,2,2023-02,monthly_baseload,EPIAS_VEP_daily_reference_price
2022-12-05,EBM0323,3953.85,2023,3,2023-03,monthly_baseload,EPIAS_VEP_daily_reference_price
2022-12-05,EBM0423,3876.45,2023,4,2023-04,monthly_baseload,EPIAS_VEP_daily_reference_price
2022-12-05,EBM0523,3452.87,2023,5,2023-05,monthly_baseload,EPIAS_VEP_daily_reference_price
2022-12-05,EBM0623,3476.46,2023,6,2023-06,monthly_baseload,EPIAS_VEP_daily_reference_price
2022-12-06,EBM0123,3951.46,2023,1,2023-01,monthly_baseload,EPIAS_VEP_daily_reference_price
2022-12-06,EBM0223,3974.41,2023,2,2023-02,monthly_baseload,EPIAS_VEP_daily_reference_price
2022-12-06,EBM0323,3953.85,2023,3,2023-03,monthly_baseload,EPIAS_VEP_daily_reference_price
2022-12-06,EBM0423,3876.45,2023,4,2023-04,monthly_baseload,EPIAS_VEP_daily_reference_price
2022-12-06,EBM0523,3452.87,2023,5,2023-05,monthly_baseload,EPIAS_VEP_daily_reference_price
2022-12-06,EBM0623,3476.46,2023,6,2023-06,monthly_baseload,EPIAS_VEP_daily_reference_price
2022-12-07,EBM0123,3951.46,2023,1,2023-01,monthly_baseload,EPIAS_VEP_daily_reference_price
2022-12-07,EBM0223,3974.41,2023,2,2023-02,monthly_baseload,EPIAS_VEP_daily_reference_price
2022-12-07,EBM0323,3953.85,2023,3,2023-03,monthly_baseload,EPIAS_VEP_daily_reference_price
2022-12-07,EBM0423,3876.45,2023,4,2023-04,monthly_baseload,EPIAS_VEP_daily_reference_price
2022-12-07,EBM0523,3452.87,2023,5,2023-05,monthly_baseload,EPIAS_VEP_daily_reference_price
2022-12-07,EBM0623,3476.46,2023,6,2023-06,monthly_baseload,EPIAS_VEP_daily_reference_price
2022-12-08,EBM0123,3951.46,2023,1,2023-01,monthly_baseload,EPIAS_VEP_daily_reference_price
2022-12-08,EBM0223,3974.41,2023,2,2023-02,monthly_baseload,EPIAS_VEP_daily_reference_price
2022-12-08,EBM0323,3953.85,2023,3,2023-03,monthly_baseload,EPIAS_VEP_daily_reference_price
2022-12-08,EBM0423,3876.45,2023,4,2023-04,monthly_baseload,EPIAS_VEP_daily_reference_price
2022-12-08,EBM0523,3452.87,2023,5,2023-05,monthly_baseload,EPIAS_VEP_daily_reference_price
2022-12-08,EBM0623,3476.46,2023,6,2023-06,monthly_baseload,EPIAS_VEP_daily_reference_price
2022-12-09,EBM0123,3951.46,2023,1,2023-01,monthly_baseload,EPIAS_VEP_daily_reference_price
2022-12-09,EBM0223,3974.41,2023,2,2023-02,monthly_baseload,EPIAS_VEP_daily_reference_price
2022-12-09,EBM0323,3953.85,2023,3,2023-03,monthly_baseload,EPIAS_VEP_daily_reference_price
2022-12-09,EBM0423,3876.45,2023,4,2023-04,monthly_baseload,EPIAS_VEP_daily_reference_price
2022-12-09,EBM0523,3452.87,2023,5,2023-05,monthly_baseload,EPIAS_VEP_daily_reference_price
2022-12-09,EBM0623,3476.46,2023,6,2023-06,monthly_baseload,EPIAS_VEP_daily_reference_price
2022-12-12,EBM0123,3951.46,2023,1,2023-01,monthly_baseload,EPIAS_VEP_daily_reference_price
2022-12-12,EBM0223,3974.41,2023,2,2023-02,monthly_baseload,EPIAS_VEP_daily_reference_price
2022-12-12,EBM0323,3953.85,2023,3,2023-03,monthly_baseload,EPIAS_VEP_daily_reference_price
2022-12-12,EBM0423,3876.45,2023,4,2023-04,monthly_baseload,EPIAS_VEP_daily_reference_price
2022-12-12,EBM0523,3452.87,2023,5,2023-05,monthly_baseload,EPIAS_VEP_daily_reference_price
2022-12-12,EBM0623,3476.46,2023,6,2023-06,monthly_baseload,EPIAS_VEP_daily_reference_price
2022-12-13,EBM0123,3951.46,2023,1,2023-01,monthly_baseload,EPIAS_VEP_daily_reference_price
2022-12-13,EBM0223,3974.41,2023,2,2023-02,monthly_baseload,EPIAS_VEP_daily_reference_price
2022-12-13,EBM0323,3953.85,2023,3,2023-03,monthly_baseload,EPIAS_VEP_daily_reference_price
2022-12-13,EBM0423,3876.45,2023,4,2023-04,monthly_baseload,EPIAS_VEP_daily_reference_price
2022-12-13,EBM0523,3452.87,2023,5,2023-05,monthly_baseload,EPIAS_VEP_daily_reference_price
2022-12-13,EBM0623,3476.46,2023,6,2023-06,monthly_baseload,EPIAS_VEP_daily_reference_price
2022-12-14,EBM0123,3951.46,2023,1,2023-01,monthly_baseload,EPIAS_VEP_daily_reference_price
2022-12-14,EBM0223,3974.41,2023,2,2023-02,monthly_baseload,EPIAS_VEP_daily_reference_price
2022-12-14,EBM0323,3953.85,2023,3,2023-03,monthly_baseload,EPIAS_VEP_daily_reference_price
2022-12-14,EBM0423,3876.45,2023,4,2023-04,monthly_baseload,EPIAS_VEP_daily_reference_price
2022-12-14,EBM0523,3452.87,2023,5,2023-05,monthly_baseload,EPIAS_VEP_daily_reference_price
2022-12-14,EBM0623,3476.46,2023,6,2023-06,monthly_baseload,EPIAS_VEP_daily_reference_price
2022-12-15,EBM0123,3951.46,2023,1,2023-01,monthly_baseload,EPIAS_VEP_daily_reference_price
2022-12-15,EBM0223,3974.41,2023,2,2023-02,monthly_baseload,EPIAS_VEP_daily_reference_price
2022-12-15,EBM0323,3953.85,2023,3,2023-03,monthly_baseload,EPIAS_VEP_daily_reference_price
2022-12-15,EBM0423,3876.45,2023,4,2023-04,monthly_baseload,EPIAS_VEP_daily_reference_price
2022-12-15,EBM0523,3452.87,2023,5,2023-05,monthly_baseload,EPIAS_VEP_daily_reference_price
2022-12-15,EBM0623,3476.46,2023,6,2023-06,monthly_baseload,EPIAS_VEP_daily_reference_price
2022-12-16,EBM0123,3951.46,2023,1,2023-01,monthly_baseload,EPIAS_VEP_daily_reference_price
2022-12-16,EBM0223,3974.41,2023,2,2023-02,monthly_baseload,EPIAS_VEP_daily_reference_price
2022-12-16,EBM0323,3953.85,2023,3,2023-03,monthly_baseload,EPIAS_VEP_daily_reference_price
2022-12-16,EBM0423,3876.45,2023,4,2023-04,monthly_baseload,EPIAS_VEP_daily_reference_price
2022-12-16,EBM0523,3452.87,2023,5,2023-05,monthly_baseload,EPIAS_VEP_daily_reference_price
2022-12-16,EBM0623,3476.46,2023,6,2023-06,monthly_baseload,EPIAS_VEP_daily_reference_price
2022-12-19,EBM0123,3951.46,2023,1,2023-01,monthly_baseload,EPIAS_VEP_daily_reference_price
2022-12-19,EBM0223,3974.41,2023,2,2023-02,monthly_baseload,EPIAS_VEP_daily_reference_price
2022-12-19,EBM0323,3953.85,2023,3,2023-03,monthly_baseload,EPIAS_VEP_daily_reference_price
2022-12-19,EBM0423,3876.45,2023,4,2023-04,monthly_baseload,EPIAS_VEP_daily_reference_price
2022-12-19,EBM0523,3452.87,2023,5,2023-05,monthly_baseload,EPIAS_VEP_daily_reference_price
2022-12-19,EBM0623,3476.46,2023,6,2023-06,monthly_baseload,EPIAS_VEP_daily_reference_price
2022-12-20,EBM0123,3951.46,2023,1,2023-01,monthly_baseload,EPIAS_VEP_daily_reference_price
2022-12-20,EBM0223,3974.41,2023,2,2023-02,monthly_baseload,EPIAS_VEP_daily_reference_price
2022-12-20,EBM0323,3953.85,2023,3,2023-03,monthly_baseload,EPIAS_VEP_daily_reference_price
2022-12-20,EBM0423,3876.45,2023,4,2023-04,monthly_baseload,EPIAS_VEP_daily_reference_price
2022-12-20,EBM0523,3452.87,2023,5,2023-05,monthly_baseload,EPIAS_VEP_daily_reference_price
2022-12-20,EBM0623,3476.46,2023,6,2023-06,monthly_baseload,EPIAS_VEP_daily_reference_price
2022-12-21,EBM0123,3951.46,2023,1,2023-01,monthly_baseload,EPIAS_VEP_daily_reference_price
2022-12-21,EBM0223,3974.41,2023,2,2023-02,monthly_baseload,EPIAS_VEP_daily_reference_price
2022-12-21,EBM0323,3953.85,2023,3,2023-03,monthly_baseload,EPIAS_VEP_daily_reference_price
2022-12-21,EBM0423,3876.45,2023,4,2023-04,monthly_baseload,EPIAS_VEP_daily_reference_price
2022-12-21,EBM0523,3452.87,2023,5,2023-05,monthly_baseload,EPIAS_VEP_daily_reference_price
2022-12-21,EBM0623,3476.46,2023,6,2023-06,monthly_baseload,EPIAS_VEP_daily_reference_price
2022-12-22,EBM0123,3951.46,2023,1,2023-01,monthly_baseload,EPIAS_VEP_daily_reference_price
2022-12-22,EBM0223,3974.41,2023,2,2023-02,monthly_baseload,EPIAS_VEP_daily_reference_price
2022-12-22,EBM0323,3953.85,2023,3,2023-03,monthly_baseload,EPIAS_VEP_daily_reference_price
2022-12-22,EBM0423,3876.45,2023,4,2023-04,monthly_baseload,EPIAS_VEP_daily_reference_price
2022-12-22,EBM0523,3452.87,2023,5,2023-05,monthly_baseload,EPIAS_VEP_daily_reference_price
2022-12-22,EBM0623,3476.46,2023,6,2023-06,monthly_baseload,EPIAS_VEP_daily_reference_price
2022-12-23,EBM0123,3951.46,2023,1,2023-01,monthly_baseload,EPIAS_VEP_daily_reference_price
2022-12-23,EBM0223,3974.41,2023,2,2023-02,monthly_baseload,EPIAS_VEP_daily_reference_price
2022-12-23,EBM0323,3953.85,2023,3,2023-03,monthly_baseload,EPIAS_VEP_daily_reference_price
2022-12-23,EBM0423,3876.45,2023,4,2023-04,monthly_baseload,EPIAS_VEP_daily_reference_price
2022-12-23,EBM0523,3452.87,2023,5,2023-05,monthly_baseload,EPIAS_VEP_daily_reference_price
2022-12-23,EBM0623,3476.46,2023,6,2023-06,monthly_baseload,EPIAS_VEP_daily_reference_price
2022-12-26,EBM0123,3951.46,2023,1,2023-01,monthly_baseload,EPIAS_VEP_daily_reference_price
2022-12-26,EBM0223,3974.41,2023,2,2023-02,monthly_baseload,EPIAS_VEP_daily_reference_price
2022-12-26,EBM0323,3953.85,2023,3,2023-03,monthly_baseload,EPIAS_VEP_daily_reference_price
2022-12-26,EBM0423,3876.45,2023,4,2023-04,monthly_baseload,EPIAS_VEP_daily_reference_price
2022-12-26,EBM0523,3452.87,2023,5,2023-05,monthly_baseload,EPIAS_VEP_daily_reference_price
2022-12-26,EBM0623,3476.46,2023,6,2023-06,monthly_baseload,EPIAS_VEP_daily_reference_price
2022-12-27,EBM0123,3951.46,2023,1,2023-01,monthly_baseload,EPIAS_VEP_daily_reference_price
2022-12-27,EBM0223,3974.41,2023,2,2023-02,monthly_baseload,EPIAS_VEP_daily_reference_price
2022-12-27,EBM0323,3953.85,2023,3,2023-03,monthly_baseload,EPIAS_VEP_daily_reference_price
2022-12-27,EBM0423,3876.45,2023,4,2023-04,monthly_baseload,EPIAS_VEP_daily_reference_price
2022-12-27,EBM0523,3452.87,2023,5,2023-05,monthly_baseload,EPIAS_VEP_daily_reference_price
2022-12-27,EBM0623,3476.46,2023,6,2023-06,monthly_baseload,EPIAS_VEP_daily_reference_price
2022-12-28,EBM0123,3951.46,2023,1,2023-01,monthly_baseload,EPIAS_VEP_daily_reference_price
2022-12-28,EBM0223,3974.41,2023,2,2023-02,monthly_baseload,EPIAS_VEP_daily_reference_price
2022-12-28,EBM0323,3953.85,2023,3,2023-03,monthly_baseload,EPIAS_VEP_daily_reference_price
2022-12-28,EBM0423,3876.45,2023,4,2023-04,monthly_baseload,EPIAS_VEP_daily_reference_price
2022-12-28,EBM0523,3452.87,2023,5,2023-05,monthly_baseload,EPIAS_VEP_daily_reference_price
2022-12-28,EBM0623,3476.46,2023,6,2023-06,monthly_baseload,EPIAS_VEP_daily_reference_price
2022-12-29,EBM0223,3974.41,2023,2,2023-02,monthly_baseload,EPIAS_VEP_daily_reference_price
2022-12-29,EBM0323,3953.85,2023,3,2023-03,monthly_baseload,EPIAS_VEP_daily_reference_price
2022-12-29,EBM0423,3876.45,2023,4,2023-04,monthly_baseload,EPIAS_VEP_daily_reference_price
2022-12-29,EBM0523,3452.87,2023,5,2023-05,monthly_baseload,EPIAS_VEP_daily_reference_price
2022-12-29,EBM0623,3476.46,2023,6,2023-06,monthly_baseload,EPIAS_VEP_daily_reference_price
2022-12-29,EBM0723,3433.33,2023,7,2023-07,monthly_baseload,EPIAS_VEP_daily_reference_price
2022-12-30,EBM0223,3974.41,2023,2,2023-02,monthly_baseload,EPIAS_VEP_daily_reference_price
2022-12-30,EBM0323,3953.85,2023,3,2023-03,monthly_baseload,EPIAS_VEP_daily_reference_price
2022-12-30,EBM0423,3876.45,2023,4,2023-04,monthly_baseload,EPIAS_VEP_daily_reference_price
2022-12-30,EBM0523,3452.87,2023,5,2023-05,monthly_baseload,EPIAS_VEP_daily_reference_price
2022-12-30,EBM0623,3476.46,2023,6,2023-06,monthly_baseload,EPIAS_VEP_daily_reference_price
2022-12-30,EBM0723,3433.33,2023,7,2023-07,monthly_baseload,EPIAS_VEP_daily_reference_price
2023-01-02,EBM0223,3974.41,2023,2,2023-02,monthly_baseload,EPIAS_VEP_daily_reference_price
2023-01-02,EBM0323,3953.85,2023,3,2023-03,monthly_baseload,EPIAS_VEP_daily_reference_price
2023-01-02,EBM0423,3876.45,2023,4,2023-04,monthly_baseload,EPIAS_VEP_daily_reference_price
2023-01-02,EBM0523,3452.87,2023,5,2023-05,monthly_baseload,EPIAS_VEP_daily_reference_price
2023-01-02,EBM0623,3476.46,2023,6,2023-06,monthly_baseload,EPIAS_VEP_daily_reference_price
2023-01-02,EBM0723,3433.33,2023,7,2023-07,monthly_baseload,EPIAS_VEP_daily_reference_price
2023-01-03,EBM0223,3974.41,2023,2,2023-02,monthly_baseload,EPIAS_VEP_daily_reference_price
2023-01-03,EBM0323,3953.85,2023,3,2023-03,monthly_baseload,EPIAS_VEP_daily_reference_price
2023-01-03,EBM0423,3876.45,2023,4,2023-04,monthly_baseload,EPIAS_VEP_daily_reference_price
2023-01-03,EBM0523,3452.87,2023,5,2023-05,monthly_baseload,EPIAS_VEP_daily_reference_price
2023-01-03,EBM0623,3476.46,2023,6,2023-06,monthly_baseload,EPIAS_VEP_daily_reference_price
2023-01-03,EBM0723,3433.33,2023,7,2023-07,monthly_baseload,EPIAS_VEP_daily_reference_price
2023-01-04,EBM0223,3974.41,2023,2,2023-02,monthly_baseload,EPIAS_VEP_daily_reference_price
2023-01-04,EBM0323,3953.85,2023,3,2023-03,monthly_baseload,EPIAS_VEP_daily_reference_price
2023-01-04,EBM0423,3876.45,2023,4,2023-04,monthly_baseload,EPIAS_VEP_daily_reference_price
2023-01-04,EBM0523,3452.87,2023,5,2023-05,monthly_baseload,EPIAS_VEP_daily_reference_price
2023-01-04,EBM0623,3476.46,2023,6,2023-06,monthly_baseload,EPIAS_VEP_daily_reference_price
2023-01-04,EBM0723,3433.33,2023,7,2023-07,monthly_baseload,EPIAS_VEP_daily_reference_price
2023-01-05,EBM0223,3974.41,2023,2,2023-02,monthly_baseload,EPIAS_VEP_daily_reference_price
2023-01-05,EBM0323,3953.85,2023,3,2023-03,monthly_baseload,EPIAS_VEP_daily_reference_price
2023-01-05,EBM0423,3876.45,2023,4,2023-04,monthly_baseload,EPIAS_VEP_daily_reference_price
2023-01-05,EBM0523,3452.87,2023,5,2023-05,monthly_baseload,EPIAS_VEP_daily_reference_price
2023-01-05,EBM0623,3476.46,2023,6,2023-06,monthly_baseload,EPIAS_VEP_daily_reference_price
2023-01-05,EBM0723,3433.33,2023,7,2023-07,monthly_baseload,EPIAS_VEP_daily_reference_price
2023-01-06,EBM0223,3974.41,2023,2,2023-02,monthly_baseload,EPIAS_VEP_daily_reference_price
2023-01-06,EBM0323,3953.85,2023,3,2023-03,monthly_baseload,EPIAS_VEP_daily_reference_price
2023-01-06,EBM0423,3876.45,2023,4,2023-04,monthly_baseload,EPIAS_VEP_daily_reference_price
2023-01-06,EBM0523,3452.87,2023,5,2023-05,monthly_baseload,EPIAS_VEP_daily_reference_price
2023-01-06,EBM0623,3476.46,2023,6,2023-06,monthly_baseload,EPIAS_VEP_daily_reference_price
2023-01-06,EBM0723,3433.33,2023,7,2023-07,monthly_baseload,EPIAS_VEP_daily_reference_price
2023-01-09,EBM0223,3974.41,2023,2,2023-02,monthly_baseload,EPIAS_VEP_daily_reference_price
2023-01-09,EBM0323,3953.85,2023,3,2023-03,monthly_baseload,EPIAS_VEP_daily_reference_price
2023-01-09,EBM0423,3876.45,2023,4,2023-04,monthly_baseload,EPIAS_VEP_daily_reference_price
2023-01-09,EBM0523,3452.87,2023,5,2023-05,monthly_baseload,EPIAS_VEP_daily_reference_price
2023-01-09,EBM0623,3476.46,2023,6,2023-06,monthly_baseload,EPIAS_VEP_daily_reference_price
2023-01-09,EBM0723,3433.33,2023,7,2023-07,monthly_baseload,EPIAS_VEP_daily_reference_price
2023-01-10,EBM0223,3974.41,2023,2,2023-02,monthly_baseload,EPIAS_VEP_daily_reference_price
2023-01-10,EBM0323,3953.85,2023,3,2023-03,monthly_baseload,EPIAS_VEP_daily_reference_price
2023-01-10,EBM0423,3876.45,2023,4,2023-04,monthly_baseload,EPIAS_VEP_daily_reference_price
2023-01-10,EBM0523,3452.87,2023,5,2023-05,monthly_baseload,EPIAS_VEP_daily_reference_price
2023-01-10,EBM0623,3476.46,2023,6,2023-06,monthly_baseload,EPIAS_VEP_daily_reference_price
2023-01-10,EBM0723,3433.33,2023,7,2023-07,monthly_baseload,EPIAS_VEP_daily_reference_price
2023-01-11,EBM0223,3974.41,2023,2,2023-02,monthly_baseload,EPIAS_VEP_daily_reference_price
2023-01-11,EBM0323,3953.85,2023,3,2023-03,monthly_baseload,EPIAS_VEP_daily_reference_price
2023-01-11,EBM0423,3876.45,2023,4,2023-04,monthly_baseload,EPIAS_VEP_daily_reference_price
2023-01-11,EBM0523,3452.87,2023,5,2023-05,monthly_baseload,EPIAS_VEP_daily_reference_price
2023-01-11,EBM0623,3476.46,2023,6,2023-06,monthly_baseload,EPIAS_VEP_daily_reference_price
2023-01-11,EBM0723,3433.33,2023,7,2023-07,monthly_baseload,EPIAS_VEP_daily_reference_price
2023-01-12,EBM0223,3974.41,2023,2,2023-02,monthly_baseload,EPIAS_VEP_daily_reference_price
2023-01-12,EBM0323,3953.85,2023,3,2023-03,monthly_baseload,EPIAS_VEP_daily_reference_price
2023-01-12,EBM0423,3876.45,2023,4,2023-04,monthly_baseload,EPIAS_VEP_daily_reference_price
2023-01-12,EBM0523,3452.87,2023,5,2023-05,monthly_baseload,EPIAS_VEP_daily_reference_price
2023-01-12,EBM0623,3476.46,2023,6,2023-06,monthly_baseload,EPIAS_VEP_daily_reference_price
2023-01-12,EBM0723,3433.33,2023,7,2023-07,monthly_baseload,EPIAS_VEP_daily_reference_price
2023-01-13,EBM0223,3974.41,2023,2,2023-02,monthly_baseload,EPIAS_VEP_daily_reference_price
2023-01-13,EBM0323,3953.85,2023,3,2023-03,monthly_baseload,EPIAS_VEP_daily_reference_price
2023-01-13,EBM0423,3876.45,2023,4,2023-04,monthly_baseload,EPIAS_VEP_daily_reference_price
2023-01-13,EBM0523,3452.87,2023,5,2023-05,monthly_baseload,EPIAS_VEP_daily_reference_price
2023-01-13,EBM0623,3476.46,2023,6,2023-06,monthly_baseload,EPIAS_VEP_daily_reference_price
2023-01-13,EBM0723,3433.33,2023,7,2023-07,monthly_baseload,EPIAS_VEP_daily_reference_price
2023-01-16,EBM0223,3974.41,2023,2,2023-02,monthly_baseload,EPIAS_VEP_daily_reference_price
2023-01-16,EBM0323,3953.85,2023,3,2023-03,monthly_baseload,EPIAS_VEP_daily_reference_price
2023-01-16,EBM0423,3876.45,2023,4,2023-04,monthly_baseload,EPIAS_VEP_daily_reference_price
2023-01-16,EBM0523,3452.87,2023,5,2023-05,monthly_baseload,EPIAS_VEP_daily_reference_price
2023-01-16,EBM0623,3476.46,2023,6,2023-06,monthly_baseload,EPIAS_VEP_daily_reference_price
2023-01-16,EBM0723,3433.33,2023,7,2023-07,monthly_baseload,EPIAS_VEP_daily_reference_price
2023-01-17,EBM0223,3974.41,2023,2,2023-02,monthly_baseload,EPIAS_VEP_daily_reference_price
2023-01-17,EBM0323,3953.85,2023,3,2023-03,monthly_baseload,EPIAS_VEP_daily_reference_price
2023-01-17,EBM0423,3876.45,2023,4,2023-04,monthly_baseload,EPIAS_VEP_daily_reference_price
2023-01-17,EBM0523,3452.87,2023,5,2023-05,monthly_baseload,EPIAS_VEP_daily_reference_price
2023-01-17,EBM0623,3476.46,2023,6,2023-06,monthly_baseload,EPIAS_VEP_daily_reference_price
2023-01-17,EBM0723,3433.33,2023,7,2023-07,monthly_baseload,EPIAS_VEP_daily_reference_price
2023-01-18,EBM0223,3974.41,2023,2,2023-02,monthly_baseload,EPIAS_VEP_daily_reference_price
2023-01-18,EBM0323,3953.85,2023,3,2023-03,monthly_baseload,EPIAS_VEP_daily_reference_price
2023-01-18,EBM0423,3876.45,2023,4,2023-04,monthly_baseload,EPIAS_VEP_daily_reference_price
2023-01-18,EBM0523,3452.87,2023,5,2023-05,monthly_baseload,EPIAS_VEP_daily_reference_price
2023-01-18,EBM0623,3476.46,2023,6,2023-06,monthly_baseload,EPIAS_VEP_daily_reference_price
2023-01-18,EBM0723,3433.33,2023,7,2023-07,monthly_baseload,EPIAS_VEP_daily_reference_price
2023-01-19,EBM0223,3974.41,2023,2,2023-02,monthly_baseload,EPIAS_VEP_daily_reference_price
2023-01-19,EBM0323,3953.85,2023,3,2023-03,monthly_baseload,EPIAS_VEP_daily_reference_price
2023-01-19,EBM0423,3876.45,2023,4,2023-04,monthly_baseload,EPIAS_VEP_daily_reference_price
2023-01-19,EBM0523,3452.87,2023,5,2023-05,monthly_baseload,EPIAS_VEP_daily_reference_price
2023-01-19,EBM0623,3476.46,2023,6,2023-06,monthly_baseload,EPIAS_VEP_daily_reference_price
2023-01-19,EBM0723,3433.33,2023,7,2023-07,monthly_baseload,EPIAS_VEP_daily_reference_price
2023-01-20,EBM0223,3974.41,2023,2,2023-02,monthly_baseload,EPIAS_VEP_daily_reference_price
2023-01-20,EBM0323,3953.85,2023,3,2023-03,monthly_baseload,EPIAS_VEP_daily_reference_price
2023-01-20,EBM0423,3876.45,2023,4,2023-04,monthly_baseload,EPIAS_VEP_daily_reference_price
2023-01-20,EBM0523,3452.87,2023,5,2023-05,monthly_baseload,EPIAS_VEP_daily_reference_price
2023-01-20,EBM0623,3476.46,2023,6,2023-06,monthly_baseload,EPIAS_VEP_daily_reference_price
2023-01-20,EBM0723,3433.33,2023,7,2023-07,monthly_baseload,EPIAS_VEP_daily_reference_price
2023-01-23,EBM0223,3974.41,2023,2,2023-02,monthly_baseload,EPIAS_VEP_daily_reference_price
2023-01-23,EBM0323,3953.85,2023,3,2023-03,monthly_baseload,EPIAS_VEP_daily_reference_price
2023-01-23,EBM0423,3876.45,2023,4,2023-04,monthly_baseload,EPIAS_VEP_daily_reference_price
2023-01-23,EBM0523,3452.87,2023,5,2023-05,monthly_baseload,EPIAS_VEP_daily_reference_price
2023-01-23,EBM0623,3476.46,2023,6,2023-06,monthly_baseload,EPIAS_VEP_daily_reference_price
2023-01-23,EBM0723,3433.33,2023,7,2023-07,monthly_baseload,EPIAS_VEP_daily_reference_price
2023-01-24,EBM0223,3974.41,2023,2,2023-02,monthly_baseload,EPIAS_VEP_daily_reference_price
2023-01-24,EBM0323,3953.85,2023,3,2023-03,monthly_baseload,EPIAS_VEP_daily_reference_price
2023-01-24,EBM0423,3876.45,2023,4,2023-04,monthly_baseload,EPIAS_VEP_daily_reference_price
2023-01-24,EBM0523,3452.87,2023,5,2023-05,monthly_baseload,EPIAS_VEP_daily_reference_price
2023-01-24,EBM0623,3476.46,2023,6,2023-06,monthly_baseload,EPIAS_VEP_daily_reference_price
2023-01-24,EBM0723,3433.33,2023,7,2023-07,monthly_baseload,EPIAS_VEP_daily_reference_price
2023-01-25,EBM0223,3974.41,2023,2,2023-02,monthly_baseload,EPIAS_VEP_daily_reference_price
2023-01-25,EBM0323,3953.85,2023,3,2023-03,monthly_baseload,EPIAS_VEP_daily_reference_price
2023-01-25,EBM0423,3876.45,2023,4,2023-04,monthly_baseload,EPIAS_VEP_daily_reference_price
2023-01-25,EBM0523,3452.87,2023,5,2023-05,monthly_baseload,EPIAS_VEP_daily_reference_price
2023-01-25,EBM0623,3476.46,2023,6,2023-06,monthly_baseload,EPIAS_VEP_daily_reference_price
2023-01-25,EBM0723,3433.33,2023,7,2023-07,monthly_baseload,EPIAS_VEP_daily_reference_price
2023-01-26,EBM0223,3974.41,2023,2,2023-02,monthly_baseload,EPIAS_VEP_daily_reference_price
2023-01-26,EBM0323,3953.85,2023,3,2023-03,monthly_baseload,EPIAS_VEP_daily_reference_price
2023-01-26,EBM0423,3876.45,2023,4,2023-04,monthly_baseload,EPIAS_VEP_daily_reference_price
2023-01-26,EBM0523,3452.87,2023,5,2023-05,monthly_baseload,EPIAS_VEP_daily_reference_price
2023-01-26,EBM0623,3476.46,2023,6,2023-06,monthly_baseload,EPIAS_VEP_daily_reference_price
2023-01-26,EBM0723,3433.33,2023,7,2023-07,monthly_baseload,EPIAS_VEP_daily_reference_price
2023-01-27,EBM0223,3974.41,2023,2,2023-02,monthly_baseload,EPIAS_VEP_daily_reference_price
2023-01-27,EBM0323,3953.85,2023,3,2023-03,monthly_baseload,EPIAS_VEP_daily_reference_price
2023-01-27,EBM0423,3876.45,2023,4,2023-04,monthly_baseload,EPIAS_VEP_daily_reference_price
2023-01-27,EBM0523,3452.87,2023,5,2023-05,monthly_baseload,EPIAS_VEP_daily_reference_price
2023-01-27,EBM0623,3476.46,2023,6,2023-06,monthly_baseload,EPIAS_VEP_daily_reference_price
2023-01-27,EBM0723,3433.33,2023,7,2023-07,monthly_baseload,EPIAS_VEP_daily_reference_price
2023-01-30,EBM0323,3953.85,2023,3,2023-03,monthly_baseload,EPIAS_VEP_daily_reference_price
2023-01-30,EBM0423,3876.45,2023,4,2023-04,monthly_baseload,EPIAS_VEP_daily_reference_price
2023-01-30,EBM0523,3452.87,2023,5,2023-05,monthly_baseload,EPIAS_VEP_daily_reference_price
2023-01-30,EBM0623,3476.46,2023,6,2023-06,monthly_baseload,EPIAS_VEP_daily_reference_price
2023-01-30,EBM0723,3433.33,2023,7,2023-07,monthly_baseload,EPIAS_VEP_daily_reference_price
2023-01-30,EBM0823,3679.86,2023,8,2023-08,monthly_baseload,EPIAS_VEP_daily_reference_price
2023-01-31,EBM0323,3953.85,2023,3,2023-03,monthly_baseload,EPIAS_VEP_daily_reference_price
2023-01-31,EBM0423,3876.45,2023,4,2023-04,monthly_baseload,EPIAS_VEP_daily_reference_price
2023-01-31,EBM0523,3452.87,2023,5,2023-05,monthly_baseload,EPIAS_VEP_daily_reference_price
2023-01-31,EBM0623,3476.46,2023,6,2023-06,monthly_baseload,EPIAS_VEP_daily_reference_price
2023-01-31,EBM0723,3433.33,2023,7,2023-07,monthly_baseload,EPIAS_VEP_daily_reference_price
2023-01-31,EBM0823,3679.86,2023,8,2023-08,monthly_baseload,EPIAS_VEP_daily_reference_price
2023-02-01,EBM0323,3953.85,2023,3,2023-03,monthly_baseload,EPIAS_VEP_daily_reference_price
2023-02-01,EBM0423,3876.45,2023,4,2023-04,monthly_baseload,EPIAS_VEP_daily_reference_price
2023-02-01,EBM0523,3452.87,2023,5,2023-05,monthly_baseload,EPIAS_VEP_daily_reference_price
2023-02-01,EBM0623,3476.46,2023,6,2023-06,monthly_baseload,EPIAS_VEP_daily_reference_price
2023-02-01,EBM0723,3433.33,2023,7,2023-07,monthly_baseload,EPIAS_VEP_daily_reference_price
2023-02-01,EBM0823,3679.86,2023,8,2023-08,monthly_baseload,EPIAS_VEP_daily_reference_price
2023-02-02,EBM0323,3953.85,2023,3,2023-03,monthly_baseload,EPIAS_VEP_daily_reference_price
2023-02-02,EBM0423,3876.45,2023,4,2023-04,monthly_baseload,EPIAS_VEP_daily_reference_price
2023-02-02,EBM0523,3452.87,2023,5,2023-05,monthly_baseload,EPIAS_VEP_daily_reference_price
2023-02-02,EBM0623,3476.46,2023,6,2023-06,monthly_baseload,EPIAS_VEP_daily_reference_price
2023-02-02,EBM0723,3433.33,2023,7,2023-07,monthly_baseload,EPIAS_VEP_daily_reference_price
2023-02-02,EBM0823,3679.86,2023,8,2023-08,monthly_baseload,EPIAS_VEP_daily_reference_price
2023-02-03,EBM0323,3953.85,2023,3,2023-03,monthly_baseload,EPIAS_VEP_daily_reference_price
2023-02-03,EBM0423,3876.45,2023,4,2023-04,monthly_baseload,EPIAS_VEP_daily_reference_price
2023-02-03,EBM0523,3452.87,2023,5,2023-05,monthly_baseload,EPIAS_VEP_daily_reference_price
2023-02-03,EBM0623,3476.46,2023,6,2023-06,monthly_baseload,EPIAS_VEP_daily_reference_price
2023-02-03,EBM0723,3433.33,2023,7,2023-07,monthly_baseload,EPIAS_VEP_daily_reference_price
2023-02-03,EBM0823,3679.86,2023,8,2023-08,monthly_baseload,EPIAS_VEP_daily_reference_price
2023-02-06,EBM0323,3953.85,2023,3,2023-03,monthly_baseload,EPIAS_VEP_daily_reference_price
2023-02-06,EBM0423,3876.45,2023,4,2023-04,monthly_baseload,EPIAS_VEP_daily_reference_price
2023-02-06,EBM0523,3452.87,2023,5,2023-05,monthly_baseload,EPIAS_VEP_daily_reference_price
2023-02-06,EBM0623,3476.46,2023,6,2023-06,monthly_baseload,EPIAS_VEP_daily_reference_price
2023-02-06,EBM0723,3433.33,2023,7,2023-07,monthly_baseload,EPIAS_VEP_daily_reference_price
2023-02-06,EBM0823,3679.86,2023,8,2023-08,monthly_baseload,EPIAS_VEP_daily_reference_price
2023-02-07,EBM0323,3953.85,2023,3,2023-03,monthly_baseload,EPIAS_VEP_daily_reference_price
2023-02-07,EBM0423,3876.45,2023,4,2023-04,monthly_baseload,EPIAS_VEP_daily_reference_price
2023-02-07,EBM0523,3452.87,2023,5,2023-05,monthly_baseload,EPIAS_VEP_daily_reference_price
2023-02-07,EBM0623,3476.46,2023,6,2023-06,monthly_baseload,EPIAS_VEP_daily_reference_price
2023-02-07,EBM0723,3433.33,2023,7,2023-07,monthly_baseload,EPIAS_VEP_daily_reference_price
2023-02-07,EBM0823,3679.86,2023,8,2023-08,monthly_baseload,EPIAS_VEP_daily_reference_price
2023-02-08,EBM0323,3953.85,2023,3,2023-03,monthly_baseload,EPIAS_VEP_daily_reference_price
2023-02-08,EBM0423,3876.45,2023,4,2023-04,monthly_baseload,EPIAS_VEP_daily_reference_price
2023-02-08,EBM0523,3452.87,2023,5,2023-05,monthly_baseload,EPIAS_VEP_daily_reference_price
2023-02-08,EBM0623,3476.46,2023,6,2023-06,monthly_baseload,EPIAS_VEP_daily_reference_price
2023-02-08,EBM0723,3433.33,2023,7,2023-07,monthly_baseload,EPIAS_VEP_daily_reference_price
2023-02-08,EBM0823,3679.86,2023,8,2023-08,monthly_baseload,EPIAS_VEP_daily_reference_price
2023-02-09,EBM0323,3953.85,2023,3,2023-03,monthly_baseload,EPIAS_VEP_daily_reference_price
2023-02-09,EBM0423,3876.45,2023,4,2023-04,monthly_baseload,EPIAS_VEP_daily_reference_price
2023-02-09,EBM0523,3452.87,2023,5,2023-05,monthly_baseload,EPIAS_VEP_daily_reference_price
2023-02-09,EBM0623,3476.46,2023,6,2023-06,monthly_baseload,EPIAS_VEP_daily_reference_price
2023-02-09,EBM0723,3433.33,2023,7,2023-07,monthly_baseload,EPIAS_VEP_daily_reference_price
2023-02-09,EBM0823,3679.86,2023,8,2023-08,monthly_baseload,EPIAS_VEP_daily_reference_price
2023-02-13,EBM0323,3953.85,2023,3,2023-03,monthly_baseload,EPIAS_VEP_daily_reference_price
2023-02-13,EBM0423,3876.45,2023,4,2023-04,monthly_baseload,EPIAS_VEP_daily_reference_price
2023-02-13,EBM0523,3452.87,2023,5,2023-05,monthly_baseload,EPIAS_VEP_daily_reference_price
2023-02-13,EBM0623,3476.46,2023,6,2023-06,monthly_baseload,EPIAS_VEP_daily_reference_price
2023-02-13,EBM0723,3433.33,2023,7,2023-07,monthly_baseload,EPIAS_VEP_daily_reference_price
2023-02-13,EBM0823,3679.86,2023,8,2023-08,monthly_baseload,EPIAS_VEP_daily_reference_price
2023-02-14,EBM0323,3953.85,2023,3,2023-03,monthly_baseload,EPIAS_VEP_daily_reference_price
2023-02-14,EBM0423,3876.45,2023,4,2023-04,monthly_baseload,EPIAS_VEP_daily_reference_price
2023-02-14,EBM0523,3452.87,2023,5,2023-05,monthly_baseload,EPIAS_VEP_daily_reference_price
2023-02-14,EBM0623,3476.46,2023,6,2023-06,monthly_baseload,EPIAS_VEP_daily_reference_price
2023-02-14,EBM0723,3433.33,2023,7,2023-07,monthly_baseload,EPIAS_VEP_daily_reference_price
2023-02-14,EBM0823,3679.86,2023,8,2023-08,monthly_baseload,EPIAS_VEP_daily_reference_price
2023-02-15,EBM0323,3953.85,2023,3,2023-03,monthly_baseload,EPIAS_VEP_daily_reference_price
2023-02-15,EBM0423,3876.45,2023,4,2023-04,monthly_baseload,EPIAS_VEP_daily_reference_price
2023-02-15,EBM0523,3452.87,2023,5,2023-05,monthly_baseload,EPIAS_VEP_daily_reference_price
2023-02-15,EBM0623,3476.46,2023,6,2023-06,monthly_baseload,EPIAS_VEP_daily_reference_price
2023-02-15,EBM0723,3433.33,2023,7,2023-07,monthly_baseload,EPIAS_VEP_daily_reference_price
2023-02-15,EBM0823,3679.86,2023,8,2023-08,monthly_baseload,EPIAS_VEP_daily_reference_price
2023-02-16,EBM0323,3953.85,2023,3,2023-03,monthly_baseload,EPIAS_VEP_daily_reference_price
2023-02-16,EBM0423,3876.45,2023,4,2023-04,monthly_baseload,EPIAS_VEP_daily_reference_price
2023-02-16,EBM0523,3452.87,2023,5,2023-05,monthly_baseload,EPIAS_VEP_daily_reference_price
2023-02-16,EBM0623,3476.46,2023,6,2023-06,monthly_baseload,EPIAS_VEP_daily_reference_price
2023-02-16,EBM0723,3433.33,2023,7,2023-07,monthly_baseload,EPIAS_VEP_daily_reference_price
2023-02-16,EBM0823,3679.86,2023,8,2023-08,monthly_baseload,EPIAS_VEP_daily_reference_price
2023-02-17,EBM0323,3953.85,2023,3,2023-03,monthly_baseload,EPIAS_VEP_daily_reference_price
2023-02-17,EBM0423,3876.45,2023,4,2023-04,monthly_baseload,EPIAS_VEP_daily_reference_price
2023-02-17,EBM0523,3452.87,2023,5,2023-05,monthly_baseload,EPIAS_VEP_daily_reference_price
2023-02-17,EBM0623,3476.46,2023,6,2023-06,monthly_baseload,EPIAS_VEP_daily_reference_price
2023-02-17,EBM0723,3433.33,2023,7,2023-07,monthly_baseload,EPIAS_VEP_daily_reference_price
2023-02-17,EBM0823,3679.86,2023,8,2023-08,monthly_baseload,EPIAS_VEP_daily_reference_price
2023-02-20,EBM0323,3953.85,2023,3,2023-03,monthly_baseload,EPIAS_VEP_daily_reference_price
2023-02-20,EBM0423,3876.45,2023,4,2023-04,monthly_baseload,EPIAS_VEP_daily_reference_price
2023-02-20,EBM0523,3452.87,2023,5,2023-05,monthly_baseload,EPIAS_VEP_daily_reference_price
2023-02-20,EBM0623,3476.46,2023,6,2023-06,monthly_baseload,EPIAS_VEP_daily_reference_price
2023-02-20,EBM0723,3433.33,2023,7,2023-07,monthly_baseload,EPIAS_VEP_daily_reference_price
2023-02-20,EBM0823,3679.86,2023,8,2023-08,monthly_baseload,EPIAS_VEP_daily_reference_price
2023-02-21,EBM0323,3953.85,2023,3,2023-03,monthly_baseload,EPIAS_VEP_daily_reference_price
2023-02-21,EBM0423,3876.45,2023,4,2023-04,monthly_baseload,EPIAS_VEP_daily_reference_price
2023-02-21,EBM0523,3452.87,2023,5,2023-05,monthly_baseload,EPIAS_VEP_daily_reference_price
2023-02-21,EBM0623,3476.46,2023,6,2023-06,monthly_baseload,EPIAS_VEP_daily_reference_price
2023-02-21,EBM0723,3433.33,2023,7,2023-07,monthly_baseload,EPIAS_VEP_daily_reference_price
2023-02-21,EBM0823,3679.86,2023,8,2023-08,monthly_baseload,EPIAS_VEP_daily_reference_price
2023-02-22,EBM0323,3953.85,2023,3,2023-03,monthly_baseload,EPIAS_VEP_daily_reference_price
2023-02-22,EBM0423,3876.45,2023,4,2023-04,monthly_baseload,EPIAS_VEP_daily_reference_price
2023-02-22,EBM0523,3452.87,2023,5,2023-05,monthly_baseload,EPIAS_VEP_daily_reference_price
2023-02-22,EBM0623,3476.46,2023,6,2023-06,monthly_baseload,EPIAS_VEP_daily_reference_price
2023-02-22,EBM0723,3433.33,2023,7,2023-07,monthly_baseload,EPIAS_VEP_daily_reference_price
2023-02-22,EBM0823,3679.86,2023,8,2023-08,monthly_baseload,EPIAS_VEP_daily_reference_price
2023-02-23,EBM0323,3953.85,2023,3,2023-03,monthly_baseload,EPIAS_VEP_daily_reference_price
2023-02-23,EBM0423,3876.45,2023,4,2023-04,monthly_baseload,EPIAS_VEP_daily_reference_price
2023-02-23,EBM0523,3452.87,2023,5,2023-05,monthly_baseload,EPIAS_VEP_daily_reference_price
2023-02-23,EBM0623,3476.46,2023,6,2023-06,monthly_baseload,EPIAS_VEP_daily_reference_price
2023-02-23,EBM0723,3433.33,2023,7,2023-07,monthly_baseload,EPIAS_VEP_daily_reference_price
2023-02-23,EBM0823,3679.86,2023,8,2023-08,monthly_baseload,EPIAS_VEP_daily_reference_price
2023-02-24,EBM0323,3953.85,2023,3,2023-03,monthly_baseload,EPIAS_VEP_daily_reference_price
2023-02-24,EBM0423,3876.45,2023,4,2023-04,monthly_baseload,EPIAS_VEP_daily_reference_price
2023-02-24,EBM0523,3452.87,2023,5,2023-05,monthly_baseload,EPIAS_VEP_daily_reference_price
2023-02-24,EBM0623,3476.46,2023,6,2023-06,monthly_baseload,EPIAS_VEP_daily_reference_price
2023-02-24,EBM0723,3433.33,2023,7,2023-07,monthly_baseload,EPIAS_VEP_daily_reference_price
2023-02-24,EBM0823,3679.86,2023,8,2023-08,monthly_baseload,EPIAS_VEP_daily_reference_price
2023-02-27,EBM0423,3876.45,2023,4,2023-04,monthly_baseload,EPIAS_VEP_daily_reference_price
2023-02-27,EBM0523,3452.87,2023,5,2023-05,monthly_baseload,EPIAS_VEP_daily_reference_price
2023-02-27,EBM0623,3476.46,2023,6,2023-06,monthly_baseload,EPIAS_VEP_daily_reference_price
2023-02-27,EBM0723,3723.71,2023,7,2023-07,monthly_baseload,EPIAS_VEP_daily_reference_price
2023-02-27,EBM0823,3991.1,2023,8,2023-08,monthly_baseload,EPIAS_VEP_daily_reference_price
2023-02-27,EBM0923,4212.14,2023,9,2023-09,monthly_baseload,EPIAS_VEP_daily_reference_price
2023-02-28,EBM0423,3876.45,2023,4,2023-04,monthly_baseload,EPIAS_VEP_daily_reference_price
2023-02-28,EBM0523,3452.87,2023,5,2023-05,monthly_baseload,EPIAS_VEP_daily_reference_price
2023-02-28,EBM0623,3476.46,2023,6,2023-06,monthly_baseload,EPIAS_VEP_daily_reference_price
2023-02-28,EBM0723,3723.71,2023,7,2023-07,monthly_baseload,EPIAS_VEP_daily_reference_price
2023-02-28,EBM0823,3991.1,2023,8,2023-08,monthly_baseload,EPIAS_VEP_daily_reference_price
2023-02-28,EBM0923,4212.14,2023,9,2023-09,monthly_baseload,EPIAS_VEP_daily_reference_price
2023-03-01,EBM0423,3876.45,2023,4,2023-04,monthly_baseload,EPIAS_VEP_daily_reference_price
2023-03-01,EBM0523,3452.87,2023,5,2023-05,monthly_baseload,EPIAS_VEP_daily_reference_price
2023-03-01,EBM0623,3476.46,2023,6,2023-06,monthly_baseload,EPIAS_VEP_daily_reference_price
2023-03-01,EBM0723,3723.71,2023,7,2023-07,monthly_baseload,EPIAS_VEP_daily_reference_price
2023-03-01,EBM0823,3991.1,2023,8,2023-08,monthly_baseload,EPIAS_VEP_daily_reference_price
2023-03-01,EBM0923,4212.14,2023,9,2023-09,monthly_baseload,EPIAS_VEP_daily_reference_price
2023-03-02,EBM0423,3876.45,2023,4,2023-04,monthly_baseload,EPIAS_VEP_daily_reference_price
2023-03-02,EBM0523,3452.87,2023,5,2023-05,monthly_baseload,EPIAS_VEP_daily_reference_price
2023-03-02,EBM0623,3476.46,2023,6,2023-06,monthly_baseload,EPIAS_VEP_daily_reference_price
2023-03-02,EBM0723,3723.71,2023,7,2023-07,monthly_baseload,EPIAS_VEP_daily_reference_price
2023-03-02,EBM0823,3991.1,2023,8,2023-08,monthly_baseload,EPIAS_VEP_daily_reference_price
2023-03-02,EBM0923,4212.14,2023,9,2023-09,monthly_baseload,EPIAS_VEP_daily_reference_price
2023-03-03,EBM0423,3876.45,2023,4,2023-04,monthly_baseload,EPIAS_VEP_daily_reference_price
2023-03-03,EBM0523,3452.87,2023,5,2023-05,monthly_baseload,EPIAS_VEP_daily_reference_price
2023-03-03,EBM0623,3476.46,2023,6,2023-06,monthly_baseload,EPIAS_VEP_daily_reference_price
2023-03-03,EBM0723,3723.71,2023,7,2023-07,monthly_baseload,EPIAS_VEP_daily_reference_price
2023-03-03,EBM0823,3991.1,2023,8,2023-08,monthly_baseload,EPIAS_VEP_daily_reference_price
2023-03-03,EBM0923,4212.14,2023,9,2023-09,monthly_baseload,EPIAS_VEP_daily_reference_price
2023-03-06,EBM0423,3876.45,2023,4,2023-04,monthly_baseload,EPIAS_VEP_daily_reference_price
2023-03-06,EBM0523,3452.87,2023,5,2023-05,monthly_baseload,EPIAS_VEP_daily_reference_price
2023-03-06,EBM0623,3476.46,2023,6,2023-06,monthly_baseload,EPIAS_VEP_daily_reference_price
2023-03-06,EBM0723,3723.71,2023,7,2023-07,monthly_baseload,EPIAS_VEP_daily_reference_price
2023-03-06,EBM0823,3991.1,2023,8,2023-08,monthly_baseload,EPIAS_VEP_daily_reference_price
2023-03-06,EBM0923,4212.14,2023,9,2023-09,monthly_baseload,EPIAS_VEP_daily_reference_price
2023-03-07,EBM0423,3876.45,2023,4,2023-04,monthly_baseload,EPIAS_VEP_daily_reference_price
2023-03-07,EBM0523,3452.87,2023,5,2023-05,monthly_baseload,EPIAS_VEP_daily_reference_price
2023-03-07,EBM0623,3476.46,2023,6,2023-06,monthly_baseload,EPIAS_VEP_daily_reference_price
2023-03-07,EBM0723,3723.71,2023,7,2023-07,monthly_baseload,EPIAS_VEP_daily_reference_price
2023-03-07,EBM0823,3991.1,2023,8,2023-08,monthly_baseload,EPIAS_VEP_daily_reference_price
2023-03-07,EBM0923,4212.14,2023,9,2023-09,monthly_baseload,EPIAS_VEP_daily_reference_price
2023-03-08,EBM0423,3876.45,2023,4,2023-04,monthly_baseload,EPIAS_VEP_daily_reference_price
2023-03-08,EBM0523,3452.87,2023,5,2023-05,monthly_baseload,EPIAS_VEP_daily_reference_price
2023-03-08,EBM0623,3476.46,2023,6,2023-06,monthly_baseload,EPIAS_VEP_daily_reference_price
2023-03-08,EBM0723,3723.71,2023,7,2023-07,monthly_baseload,EPIAS_VEP_daily_reference_price
2023-03-08,EBM0823,3991.1,2023,8,2023-08,monthly_baseload,EPIAS_VEP_daily_reference_price
2023-03-08,EBM0923,4212.14,2023,9,2023-09,monthly_baseload,EPIAS_VEP_daily_reference_price
2023-03-09,EBM0423,3876.45,2023,4,2023-04,monthly_baseload,EPIAS_VEP_daily_reference_price
2023-03-09,EBM0523,3452.87,2023,5,2023-05,monthly_baseload,EPIAS_VEP_daily_reference_price
2023-03-09,EBM0623,3476.46,2023,6,2023-06,monthly_baseload,EPIAS_VEP_daily_reference_price
2023-03-09,EBM0723,3723.71,2023,7,2023-07,monthly_baseload,EPIAS_VEP_daily_reference_price
2023-03-09,EBM0823,3991.1,2023,8,2023-08,monthly_baseload,EPIAS_VEP_daily_reference_price
2023-03-09,EBM0923,4212.14,2023,9,2023-09,monthly_baseload,EPIAS_VEP_daily_reference_price
2023-03-10,EBM0423,3876.45,2023,4,2023-04,monthly_baseload,EPIAS_VEP_daily_reference_price
2023-03-10,EBM0523,3452.87,2023,5,2023-05,monthly_baseload,EPIAS_VEP_daily_reference_price
2023-03-10,EBM0623,3476.46,2023,6,2023-06,monthly_baseload,EPIAS_VEP_daily_reference_price
2023-03-10,EBM0723,3723.71,2023,7,2023-07,monthly_baseload,EPIAS_VEP_daily_reference_price
2023-03-10,EBM0823,3991.1,2023,8,2023-08,monthly_baseload,EPIAS_VEP_daily_reference_price
2023-03-10,EBM0923,4212.14,2023,9,2023-09,monthly_baseload,EPIAS_VEP_daily_reference_price
2023-03-13,EBM0423,3876.45,2023,4,2023-04,monthly_baseload,EPIAS_VEP_daily_reference_price
2023-03-13,EBM0523,3452.87,2023,5,2023-05,monthly_baseload,EPIAS_VEP_daily_reference_price
2023-03-13,EBM0623,3476.46,2023,6,2023-06,monthly_baseload,EPIAS_VEP_daily_reference_price
2023-03-13,EBM0723,3723.71,2023,7,2023-07,monthly_baseload,EPIAS_VEP_daily_reference_price
2023-03-13,EBM0823,3991.1,2023,8,2023-08,monthly_baseload,EPIAS_VEP_daily_reference_price
2023-03-13,EBM0923,4212.14,2023,9,2023-09,monthly_baseload,EPIAS_VEP_daily_reference_price
2023-03-14,EBM0423,3876.45,2023,4,2023-04,monthly_baseload,EPIAS_VEP_daily_reference_price
2023-03-14,EBM0523,3452.87,2023,5,2023-05,monthly_baseload,EPIAS_VEP_daily_reference_price
2023-03-14,EBM0623,3476.46,2023,6,2023-06,monthly_baseload,EPIAS_VEP_daily_reference_price
2023-03-14,EBM0723,3723.71,2023,7,2023-07,monthly_baseload,EPIAS_VEP_daily_reference_price
2023-03-14,EBM0823,3991.1,2023,8,2023-08,monthly_baseload,EPIAS_VEP_daily_reference_price
2023-03-14,EBM0923,4212.14,2023,9,2023-09,monthly_baseload,EPIAS_VEP_daily_reference_price
2023-03-15,EBM0423,3876.45,2023,4,2023-04,monthly_baseload,EPIAS_VEP_daily_reference_price
2023-03-15,EBM0523,3452.87,2023,5,2023-05,monthly_baseload,EPIAS_VEP_daily_reference_price
2023-03-15,EBM0623,3476.46,2023,6,2023-06,monthly_baseload,EPIAS_VEP_daily_reference_price
2023-03-15,EBM0723,3723.71,2023,7,2023-07,monthly_baseload,EPIAS_VEP_daily_reference_price
2023-03-15,EBM0823,3991.1,2023,8,2023-08,monthly_baseload,EPIAS_VEP_daily_reference_price
2023-03-15,EBM0923,4212.14,2023,9,2023-09,monthly_baseload,EPIAS_VEP_daily_reference_price
2023-03-16,EBM0423,3876.45,2023,4,2023-04,monthly_baseload,EPIAS_VEP_daily_reference_price
2023-03-16,EBM0523,3452.87,2023,5,2023-05,monthly_baseload,EPIAS_VEP_daily_reference_price
2023-03-16,EBM0623,3476.46,2023,6,2023-06,monthly_baseload,EPIAS_VEP_daily_reference_price
2023-03-16,EBM0723,3723.71,2023,7,2023-07,monthly_baseload,EPIAS_VEP_daily_reference_price
2023-03-16,EBM0823,3991.1,2023,8,2023-08,monthly_baseload,EPIAS_VEP_daily_reference_price
2023-03-16,EBM0923,4212.14,2023,9,2023-09,monthly_baseload,EPIAS_VEP_daily_reference_price
2023-03-17,EBM0423,3876.45,2023,4,2023-04,monthly_baseload,EPIAS_VEP_daily_reference_price
2023-03-17,EBM0523,3452.87,2023,5,2023-05,monthly_baseload,EPIAS_VEP_daily_reference_price
2023-03-17,EBM0623,3476.46,2023,6,2023-06,monthly_baseload,EPIAS_VEP_daily_reference_price
2023-03-17,EBM0723,3723.71,2023,7,2023-07,monthly_baseload,EPIAS_VEP_daily_reference_price
2023-03-17,EBM0823,3991.1,2023,8,2023-08,monthly_baseload,EPIAS_VEP_daily_reference_price
2023-03-17,EBM0923,4212.14,2023,9,2023-09,monthly_baseload,EPIAS_VEP_daily_reference_price
2023-03-20,EBM0423,3876.45,2023,4,2023-04,monthly_baseload,EPIAS_VEP_daily_reference_price
2023-03-20,EBM0523,3452.87,2023,5,2023-05,monthly_baseload,EPIAS_VEP_daily_reference_price
2023-03-20,EBM0623,3476.46,2023,6,2023-06,monthly_baseload,EPIAS_VEP_daily_reference_price
2023-03-20,EBM0723,3723.71,2023,7,2023-07,monthly_baseload,EPIAS_VEP_daily_reference_price
2023-03-20,EBM0823,3991.1,2023,8,2023-08,monthly_baseload,EPIAS_VEP_daily_reference_price
2023-03-20,EBM0923,4212.14,2023,9,2023-09,monthly_baseload,EPIAS_VEP_daily_reference_price
2023-03-21,EBM0423,3876.45,2023,4,2023-04,monthly_baseload,EPIAS_VEP_daily_reference_price
2023-03-21,EBM0523,3452.87,2023,5,2023-05,monthly_baseload,EPIAS_VEP_daily_reference_price
2023-03-21,EBM0623,3476.46,2023,6,2023-06,monthly_baseload,EPIAS_VEP_daily_reference_price
2023-03-21,EBM0723,3723.71,2023,7,2023-07,monthly_baseload,EPIAS_VEP_daily_reference_price
2023-03-21,EBM0823,3991.1,2023,8,2023-08,monthly_baseload,EPIAS_VEP_daily_reference_price
2023-03-21,EBM0923,4212.14,2023,9,2023-09,monthly_baseload,EPIAS_VEP_daily_reference_price
2023-03-22,EBM0423,3876.45,2023,4,2023-04,monthly_baseload,EPIAS_VEP_daily_reference_price
2023-03-22,EBM0523,3452.87,2023,5,2023-05,monthly_baseload,EPIAS_VEP_daily_reference_price
2023-03-22,EBM0623,3476.46,2023,6,2023-06,monthly_baseload,EPIAS_VEP_daily_reference_price
2023-03-22,EBM0723,3723.71,2023,7,2023-07,monthly_baseload,EPIAS_VEP_daily_reference_price
2023-03-22,EBM0823,3991.1,2023,8,2023-08,monthly_baseload,EPIAS_VEP_daily_reference_price
2023-03-22,EBM0923,4212.14,2023,9,2023-09,monthly_baseload,EPIAS_VEP_daily_reference_price
2023-03-23,EBM0423,3876.45,2023,4,2023-04,monthly_baseload,EPIAS_VEP_daily_reference_price
2023-03-23,EBM0523,3452.87,2023,5,2023-05,monthly_baseload,EPIAS_VEP_daily_reference_price
2023-03-23,EBM0623,3476.46,2023,6,2023-06,monthly_baseload,EPIAS_VEP_daily_reference_price
2023-03-23,EBM0723,3723.71,2023,7,2023-07,monthly_baseload,EPIAS_VEP_daily_reference_price
2023-03-23,EBM0823,3991.1,2023,8,2023-08,monthly_baseload,EPIAS_VEP_daily_reference_price
2023-03-23,EBM0923,4212.14,2023,9,2023-09,monthly_baseload,EPIAS_VEP_daily_reference_price
2023-03-24,EBM0423,3876.45,2023,4,2023-04,monthly_baseload,EPIAS_VEP_daily_reference_price
2023-03-24,EBM0523,3452.87,2023,5,2023-05,monthly_baseload,EPIAS_VEP_daily_reference_price
2023-03-24,EBM0623,3476.46,2023,6,2023-06,monthly_baseload,EPIAS_VEP_daily_reference_price
2023-03-24,EBM0723,3723.71,2023,7,2023-07,monthly_baseload,EPIAS_VEP_daily_reference_price
2023-03-24,EBM0823,3991.1,2023,8,2023-08,monthly_baseload,EPIAS_VEP_daily_reference_price
2023-03-24,EBM0923,4212.14,2023,9,2023-09,monthly_baseload,EPIAS_VEP_daily_reference_price
2023-03-27,EBM0423,3876.45,2023,4,2023-04,monthly_baseload,EPIAS_VEP_daily_reference_price
2023-03-27,EBM0523,3452.87,2023,5,2023-05,monthly_baseload,EPIAS_VEP_daily_reference_price
2023-03-27,EBM0623,3476.46,2023,6,2023-06,monthly_baseload,EPIAS_VEP_daily_reference_price
2023-03-27,EBM0723,3723.71,2023,7,2023-07,monthly_baseload,EPIAS_VEP_daily_reference_price
2023-03-27,EBM0823,3991.1,2023,8,2023-08,monthly_baseload,EPIAS_VEP_daily_reference_price
2023-03-27,EBM0923,4212.14,2023,9,2023-09,monthly_baseload,EPIAS_VEP_daily_reference_price
2023-03-28,EBM0423,3876.45,2023,4,2023-04,monthly_baseload,EPIAS_VEP_daily_reference_price
2023-03-28,EBM0523,3452.87,2023,5,2023-05,monthly_baseload,EPIAS_VEP_daily_reference_price
2023-03-28,EBM0623,3476.46,2023,6,2023-06,monthly_baseload,EPIAS_VEP_daily_reference_price
2023-03-28,EBM0723,3723.71,2023,7,2023-07,monthly_baseload,EPIAS_VEP_daily_reference_price
2023-03-28,EBM0823,3991.1,2023,8,2023-08,monthly_baseload,EPIAS_VEP_daily_reference_price
2023-03-28,EBM0923,4212.14,2023,9,2023-09,monthly_baseload,EPIAS_VEP_daily_reference_price
2023-03-29,EBM0423,3876.45,2023,4,2023-04,monthly_baseload,EPIAS_VEP_daily_reference_price
2023-03-29,EBM0523,3452.87,2023,5,2023-05,monthly_baseload,EPIAS_VEP_daily_reference_price
2023-03-29,EBM0623,3476.46,2023,6,2023-06,monthly_baseload,EPIAS_VEP_daily_reference_price
2023-03-29,EBM0723,3723.71,2023,7,2023-07,monthly_baseload,EPIAS_VEP_daily_reference_price
2023-03-29,EBM0823,3991.1,2023,8,2023-08,monthly_baseload,EPIAS_VEP_daily_reference_price
2023-03-29,EBM0923,4212.14,2023,9,2023-09,monthly_baseload,EPIAS_VEP_daily_reference_price
2023-03-30,EBM0523,3452.87,2023,5,2023-05,monthly_baseload,EPIAS_VEP_daily_reference_price
2023-03-30,EBM0623,3476.46,2023,6,2023-06,monthly_baseload,EPIAS_VEP_daily_reference_price
2023-03-30,EBM0723,3723.71,2023,7,2023-07,monthly_baseload,EPIAS_VEP_daily_reference_price
2023-03-30,EBM0823,3991.1,2023,8,2023-08,monthly_baseload,EPIAS_VEP_daily_reference_price
2023-03-30,EBM0923,4212.14,2023,9,2023-09,monthly_baseload,EPIAS_VEP_daily_reference_price
2023-03-30,EBM1023,3557.0,2023,10,2023-10,monthly_baseload,EPIAS_VEP_daily_reference_price
2023-03-31,EBM0523,3452.87,2023,5,2023-05,monthly_baseload,EPIAS_VEP_daily_reference_price
2023-03-31,EBM0623,3476.46,2023,6,2023-06,monthly_baseload,EPIAS_VEP_daily_reference_price
2023-03-31,EBM0723,3723.71,2023,7,2023-07,monthly_baseload,EPIAS_VEP_daily_reference_price
2023-03-31,EBM0823,3991.1,2023,8,2023-08,monthly_baseload,EPIAS_VEP_daily_reference_price
2023-03-31,EBM0923,4212.14,2023,9,2023-09,monthly_baseload,EPIAS_VEP_daily_reference_price
2023-03-31,EBM1023,3557.0,2023,10,2023-10,monthly_baseload,EPIAS_VEP_daily_reference_price
2023-04-03,EBM0523,3452.87,2023,5,2023-05,monthly_baseload,EPIAS_VEP_daily_reference_price
2023-04-03,EBM0623,3476.46,2023,6,2023-06,monthly_baseload,EPIAS_VEP_daily_reference_price
2023-04-03,EBM0723,3723.71,2023,7,2023-07,monthly_baseload,EPIAS_VEP_daily_reference_price
2023-04-03,EBM0823,3991.1,2023,8,2023-08,monthly_baseload,EPIAS_VEP_daily_reference_price
2023-04-03,EBM0923,4212.14,2023,9,2023-09,monthly_baseload,EPIAS_VEP_daily_reference_price
2023-04-03,EBM1023,3557.0,2023,10,2023-10,monthly_baseload,EPIAS_VEP_daily_reference_price
2023-04-04,EBM0523,3452.87,2023,5,2023-05,monthly_baseload,EPIAS_VEP_daily_reference_price
2023-04-04,EBM0623,3476.46,2023,6,2023-06,monthly_baseload,EPIAS_VEP_daily_reference_price
2023-04-04,EBM0723,3723.71,2023,7,2023-07,monthly_baseload,EPIAS_VEP_daily_reference_price
2023-04-04,EBM0823,3991.1,2023,8,2023-08,monthly_baseload,EPIAS_VEP_daily_reference_price
2023-04-04,EBM0923,4212.14,2023,9,2023-09,monthly_baseload,EPIAS_VEP_daily_reference_price
2023-04-04,EBM1023,3557.0,2023,10,2023-10,monthly_baseload,EPIAS_VEP_daily_reference_price
2023-04-05,EBM0523,3452.87,2023,5,2023-05,monthly_baseload,EPIAS_VEP_daily_reference_price
2023-04-05,EBM0623,3476.46,2023,6,2023-06,monthly_baseload,EPIAS_VEP_daily_reference_price
2023-04-05,EBM0723,3723.71,2023,7,2023-07,monthly_baseload,EPIAS_VEP_daily_reference_price
2023-04-05,EBM0823,3991.1,2023,8,2023-08,monthly_baseload,EPIAS_VEP_daily_reference_price
2023-04-05,EBM0923,4212.14,2023,9,2023-09,monthly_baseload,EPIAS_VEP_daily_reference_price
2023-04-05,EBM1023,3557.0,2023,10,2023-10,monthly_baseload,EPIAS_VEP_daily_reference_price
2023-04-06,EBM0523,3452.87,2023,5,2023-05,monthly_baseload,EPIAS_VEP_daily_reference_price
2023-04-06,EBM0623,3476.46,2023,6,2023-06,monthly_baseload,EPIAS_VEP_daily_reference_price
2023-04-06,EBM0723,3723.71,2023,7,2023-07,monthly_baseload,EPIAS_VEP_daily_reference_price
2023-04-06,EBM0823,3991.1,2023,8,2023-08,monthly_baseload,EPIAS_VEP_daily_reference_price
2023-04-06,EBM0923,4212.14,2023,9,2023-09,monthly_baseload,EPIAS_VEP_daily_reference_price
2023-04-06,EBM1023,3557.0,2023,10,2023-10,monthly_baseload,EPIAS_VEP_daily_reference_price
2023-04-07,EBM0523,3452.87,2023,5,2023-05,monthly_baseload,EPIAS_VEP_daily_reference_price
2023-04-07,EBM0623,3476.46,2023,6,2023-06,monthly_baseload,EPIAS_VEP_daily_reference_price
2023-04-07,EBM0723,3723.71,2023,7,2023-07,monthly_baseload,EPIAS_VEP_daily_reference_price
2023-04-07,EBM0823,3991.1,2023,8,2023-08,monthly_baseload,EPIAS_VEP_daily_reference_price
2023-04-07,EBM0923,4212.14,2023,9,2023-09,monthly_baseload,EPIAS_VEP_daily_reference_price
2023-04-07,EBM1023,3557.0,2023,10,2023-10,monthly_baseload,EPIAS_VEP_daily_reference_price
2023-04-10,EBM0523,3452.87,2023,5,2023-05,monthly_baseload,EPIAS_VEP_daily_reference_price
2023-04-10,EBM0623,3476.46,2023,6,2023-06,monthly_baseload,EPIAS_VEP_daily_reference_price
2023-04-10,EBM0723,3723.71,2023,7,2023-07,monthly_baseload,EPIAS_VEP_daily_reference_price
2023-04-10,EBM0823,3991.1,2023,8,2023-08,monthly_baseload,EPIAS_VEP_daily_reference_price
2023-04-10,EBM0923,4212.14,2023,9,2023-09,monthly_baseload,EPIAS_VEP_daily_reference_price
2023-04-10,EBM1023,3557.0,2023,10,2023-10,monthly_baseload,EPIAS_VEP_daily_reference_price
2023-04-11,EBM0523,3452.87,2023,5,2023-05,monthly_baseload,EPIAS_VEP_daily_reference_price
2023-04-11,EBM0623,3476.46,2023,6,2023-06,monthly_baseload,EPIAS_VEP_daily_reference_price
2023-04-11,EBM0723,3723.71,2023,7,2023-07,monthly_baseload,EPIAS_VEP_daily_reference_price
2023-04-11,EBM0823,3991.1,2023,8,2023-08,monthly_baseload,EPIAS_VEP_daily_reference_price
2023-04-11,EBM0923,4212.14,2023,9,2023-09,monthly_baseload,EPIAS_VEP_daily_reference_price
2023-04-11,EBM1023,3557.0,2023,10,2023-10,monthly_baseload,EPIAS_VEP_daily_reference_price
2023-04-12,EBM0523,3452.87,2023,5,2023-05,monthly_baseload,EPIAS_VEP_daily_reference_price
2023-04-12,EBM0623,3476.46,2023,6,2023-06,monthly_baseload,EPIAS_VEP_daily_reference_price
2023-04-12,EBM0723,3723.71,2023,7,2023-07,monthly_baseload,EPIAS_VEP_daily_reference_price
2023-04-12,EBM0823,3991.1,2023,8,2023-08,monthly_baseload,EPIAS_VEP_daily_reference_price
2023-04-12,EBM0923,4212.14,2023,9,2023-09,monthly_baseload,EPIAS_VEP_daily_reference_price
2023-04-12,EBM1023,3557.0,2023,10,2023-10,monthly_baseload,EPIAS_VEP_daily_reference_price
2023-04-13,EBM0523,3452.87,2023,5,2023-05,monthly_baseload,EPIAS_VEP_daily_reference_price
2023-04-13,EBM0623,3476.46,2023,6,2023-06,monthly_baseload,EPIAS_VEP_daily_reference_price
2023-04-13,EBM0723,3723.71,2023,7,2023-07,monthly_baseload,EPIAS_VEP_daily_reference_price
2023-04-13,EBM0823,3991.1,2023,8,2023-08,monthly_baseload,EPIAS_VEP_daily_reference_price
2023-04-13,EBM0923,4212.14,2023,9,2023-09,monthly_baseload,EPIAS_VEP_daily_reference_price
2023-04-13,EBM1023,3557.0,2023,10,2023-10,monthly_baseload,EPIAS_VEP_daily_reference_price
2023-04-14,EBM0523,3452.87,2023,5,2023-05,monthly_baseload,EPIAS_VEP_daily_reference_price
2023-04-14,EBM0623,3476.46,2023,6,2023-06,monthly_baseload,EPIAS_VEP_daily_reference_price
2023-04-14,EBM0723,3723.71,2023,7,2023-07,monthly_baseload,EPIAS_VEP_daily_reference_price
2023-04-14,EBM0823,3991.1,2023,8,2023-08,monthly_baseload,EPIAS_VEP_daily_reference_price
2023-04-14,EBM0923,4212.14,2023,9,2023-09,monthly_baseload,EPIAS_VEP_daily_reference_price
2023-04-14,EBM1023,3557.0,2023,10,2023-10,monthly_baseload,EPIAS_VEP_daily_reference_price
2023-04-17,EBM0523,3452.87,2023,5,2023-05,monthly_baseload,EPIAS_VEP_daily_reference_price
2023-04-17,EBM0623,3476.46,2023,6,2023-06,monthly_baseload,EPIAS_VEP_daily_reference_price
2023-04-17,EBM0723,3723.71,2023,7,2023-07,monthly_baseload,EPIAS_VEP_daily_reference_price
2023-04-17,EBM0823,3991.1,2023,8,2023-08,monthly_baseload,EPIAS_VEP_daily_reference_price
2023-04-17,EBM0923,4212.14,2023,9,2023-09,monthly_baseload,EPIAS_VEP_daily_reference_price
2023-04-17,EBM1023,3557.0,2023,10,2023-10,monthly_baseload,EPIAS_VEP_daily_reference_price
2023-04-18,EBM0523,3452.87,2023,5,2023-05,monthly_baseload,EPIAS_VEP_daily_reference_price
2023-04-18,EBM0623,3476.46,2023,6,2023-06,monthly_baseload,EPIAS_VEP_daily_reference_price
2023-04-18,EBM0723,3723.71,2023,7,2023-07,monthly_baseload,EPIAS_VEP_daily_reference_price
2023-04-18,EBM0823,3991.1,2023,8,2023-08,monthly_baseload,EPIAS_VEP_daily_reference_price
2023-04-18,EBM0923,4212.14,2023,9,2023-09,monthly_baseload,EPIAS_VEP_daily_reference_price
2023-04-18,EBM1023,3557.0,2023,10,2023-10,monthly_baseload,EPIAS_VEP_daily_reference_price
2023-04-19,EBM0523,3452.87,2023,5,2023-05,monthly_baseload,EPIAS_VEP_daily_reference_price
2023-04-19,EBM0623,3476.46,2023,6,2023-06,monthly_baseload,EPIAS_VEP_daily_reference_price
2023-04-19,EBM0723,3723.71,2023,7,2023-07,monthly_baseload,EPIAS_VEP_daily_reference_price
2023-04-19,EBM0823,3991.1,2023,8,2023-08,monthly_baseload,EPIAS_VEP_daily_reference_price
2023-04-19,EBM0923,4212.14,2023,9,2023-09,monthly_baseload,EPIAS_VEP_daily_reference_price
2023-04-19,EBM1023,3557.0,2023,10,2023-10,monthly_baseload,EPIAS_VEP_daily_reference_price
2023-04-24,EBM0523,3452.87,2023,5,2023-05,monthly_baseload,EPIAS_VEP_daily_reference_price
2023-04-24,EBM0623,3476.46,2023,6,2023-06,monthly_baseload,EPIAS_VEP_daily_reference_price
2023-04-24,EBM0723,3723.71,2023,7,2023-07,monthly_baseload,EPIAS_VEP_daily_reference_price
2023-04-24,EBM0823,3991.1,2023,8,2023-08,monthly_baseload,EPIAS_VEP_daily_reference_price
2023-04-24,EBM0923,4212.14,2023,9,2023-09,monthly_baseload,EPIAS_VEP_daily_reference_price
2023-04-24,EBM1023,3557.0,2023,10,2023-10,monthly_baseload,EPIAS_VEP_daily_reference_price
2023-04-25,EBM0523,3452.87,2023,5,2023-05,monthly_baseload,EPIAS_VEP_daily_reference_price
2023-04-25,EBM0623,3476.46,2023,6,2023-06,monthly_baseload,EPIAS_VEP_daily_reference_price
2023-04-25,EBM0723,3723.71,2023,7,2023-07,monthly_baseload,EPIAS_VEP_daily_reference_price
2023-04-25,EBM0823,3991.1,2023,8,2023-08,monthly_baseload,EPIAS_VEP_daily_reference_price
2023-04-25,EBM0923,4212.14,2023,9,2023-09,monthly_baseload,EPIAS_VEP_daily_reference_price
2023-04-25,EBM1023,3557.0,2023,10,2023-10,monthly_baseload,EPIAS_VEP_daily_reference_price
2023-04-26,EBM0523,3452.87,2023,5,2023-05,monthly_baseload,EPIAS_VEP_daily_reference_price
2023-04-26,EBM0623,3476.46,2023,6,2023-06,monthly_baseload,EPIAS_VEP_daily_reference_price
2023-04-26,EBM0723,3723.71,2023,7,2023-07,monthly_baseload,EPIAS_VEP_daily_reference_price
2023-04-26,EBM0823,3991.1,2023,8,2023-08,monthly_baseload,EPIAS_VEP_daily_reference_price
2023-04-26,EBM0923,4212.14,2023,9,2023-09,monthly_baseload,EPIAS_VEP_daily_reference_price
2023-04-26,EBM1023,3557.0,2023,10,2023-10,monthly_baseload,EPIAS_VEP_daily_reference_price
2023-04-27,EBM0623,3476.46,2023,6,2023-06,monthly_baseload,EPIAS_VEP_daily_reference_price
2023-04-27,EBM0723,3723.71,2023,7,2023-07,monthly_baseload,EPIAS_VEP_daily_reference_price
2023-04-27,EBM0823,3991.1,2023,8,2023-08,monthly_baseload,EPIAS_VEP_daily_reference_price
2023-04-27,EBM0923,4212.14,2023,9,2023-09,monthly_baseload,EPIAS_VEP_daily_reference_price
2023-04-27,EBM1023,3557.0,2023,10,2023-10,monthly_baseload,EPIAS_VEP_daily_reference_price
2023-04-27,EBM1123,2750.65,2023,11,2023-11,monthly_baseload,EPIAS_VEP_daily_reference_price
2023-04-28,EBM0623,3476.46,2023,6,2023-06,monthly_baseload,EPIAS_VEP_daily_reference_price
2023-04-28,EBM0723,3723.71,2023,7,2023-07,monthly_baseload,EPIAS_VEP_daily_reference_price
2023-04-28,EBM0823,3991.1,2023,8,2023-08,monthly_baseload,EPIAS_VEP_daily_reference_price
2023-04-28,EBM0923,4212.14,2023,9,2023-09,monthly_baseload,EPIAS_VEP_daily_reference_price
2023-04-28,EBM1023,3557.0,2023,10,2023-10,monthly_baseload,EPIAS_VEP_daily_reference_price
2023-04-28,EBM1123,2750.65,2023,11,2023-11,monthly_baseload,EPIAS_VEP_daily_reference_price
2023-05-02,EBM0623,3476.46,2023,6,2023-06,monthly_baseload,EPIAS_VEP_daily_reference_price
2023-05-02,EBM0723,3723.71,2023,7,2023-07,monthly_baseload,EPIAS_VEP_daily_reference_price
2023-05-02,EBM0823,3991.1,2023,8,2023-08,monthly_baseload,EPIAS_VEP_daily_reference_price
2023-05-02,EBM0923,4212.14,2023,9,2023-09,monthly_baseload,EPIAS_VEP_daily_reference_price
2023-05-02,EBM1023,3557.0,2023,10,2023-10,monthly_baseload,EPIAS_VEP_daily_reference_price
2023-05-02,EBM1123,2750.65,2023,11,2023-11,monthly_baseload,EPIAS_VEP_daily_reference_price
2023-05-03,EBM0623,3476.46,2023,6,2023-06,monthly_baseload,EPIAS_VEP_daily_reference_price
2023-05-03,EBM0723,3723.71,2023,7,2023-07,monthly_baseload,EPIAS_VEP_daily_reference_price
2023-05-03,EBM0823,3991.1,2023,8,2023-08,monthly_baseload,EPIAS_VEP_daily_reference_price
2023-05-03,EBM0923,4212.14,2023,9,2023-09,monthly_baseload,EPIAS_VEP_daily_reference_price
2023-05-03,EBM1023,3557.0,2023,10,2023-10,monthly_baseload,EPIAS_VEP_daily_reference_price
2023-05-03,EBM1123,2750.65,2023,11,2023-11,monthly_baseload,EPIAS_VEP_daily_reference_price
2023-05-04,EBM0623,3476.46,2023,6,2023-06,monthly_baseload,EPIAS_VEP_daily_reference_price
2023-05-04,EBM0723,3723.71,2023,7,2023-07,monthly_baseload,EPIAS_VEP_daily_reference_price
2023-05-04,EBM0823,3991.1,2023,8,2023-08,monthly_baseload,EPIAS_VEP_daily_reference_price
2023-05-04,EBM0923,4212.14,2023,9,2023-09,monthly_baseload,EPIAS_VEP_daily_reference_price
2023-05-04,EBM1023,3557.0,2023,10,2023-10,monthly_baseload,EPIAS_VEP_daily_reference_price
2023-05-04,EBM1123,2750.65,2023,11,2023-11,monthly_baseload,EPIAS_VEP_daily_reference_price
2023-05-05,EBM0623,3476.46,2023,6,2023-06,monthly_baseload,EPIAS_VEP_daily_reference_price
2023-05-05,EBM0723,3723.71,2023,7,2023-07,monthly_baseload,EPIAS_VEP_daily_reference_price
2023-05-05,EBM0823,3991.1,2023,8,2023-08,monthly_baseload,EPIAS_VEP_daily_reference_price
2023-05-05,EBM0923,4212.14,2023,9,2023-09,monthly_baseload,EPIAS_VEP_daily_reference_price
2023-05-05,EBM1023,3557.0,2023,10,2023-10,monthly_baseload,EPIAS_VEP_daily_reference_price
2023-05-05,EBM1123,2750.65,2023,11,2023-11,monthly_baseload,EPIAS_VEP_daily_reference_price
2023-05-08,EBM0623,3476.46,2023,6,2023-06,monthly_baseload,EPIAS_VEP_daily_reference_price
2023-05-08,EBM0723,3723.71,2023,7,2023-07,monthly_baseload,EPIAS_VEP_daily_reference_price
2023-05-08,EBM0823,3991.1,2023,8,2023-08,monthly_baseload,EPIAS_VEP_daily_reference_price
2023-05-08,EBM0923,4212.14,2023,9,2023-09,monthly_baseload,EPIAS_VEP_daily_reference_price
2023-05-08,EBM1023,3557.0,2023,10,2023-10,monthly_baseload,EPIAS_VEP_daily_reference_price
2023-05-08,EBM1123,2750.65,2023,11,2023-11,monthly_baseload,EPIAS_VEP_daily_reference_price
2023-05-09,EBM0623,3476.46,2023,6,2023-06,monthly_baseload,EPIAS_VEP_daily_reference_price
2023-05-09,EBM0723,3723.71,2023,7,2023-07,monthly_baseload,EPIAS_VEP_daily_reference_price
2023-05-09,EBM0823,3991.1,2023,8,2023-08,monthly_baseload,EPIAS_VEP_daily_reference_price
2023-05-09,EBM0923,4212.14,2023,9,2023-09,monthly_baseload,EPIAS_VEP_daily_reference_price
2023-05-09,EBM1023,3557.0,2023,10,2023-10,monthly_baseload,EPIAS_VEP_daily_reference_price
2023-05-09,EBM1123,2750.65,2023,11,2023-11,monthly_baseload,EPIAS_VEP_daily_reference_price
2023-05-10,EBM0623,3476.46,2023,6,2023-06,monthly_baseload,EPIAS_VEP_daily_reference_price
2023-05-10,EBM0723,3723.71,2023,7,2023-07,monthly_baseload,EPIAS_VEP_daily_reference_price
2023-05-10,EBM0823,3991.1,2023,8,2023-08,monthly_baseload,EPIAS_VEP_daily_reference_price
2023-05-10,EBM0923,4212.14,2023,9,2023-09,monthly_baseload,EPIAS_VEP_daily_reference_price
2023-05-10,EBM1023,3557.0,2023,10,2023-10,monthly_baseload,EPIAS_VEP_daily_reference_price
2023-05-10,EBM1123,2750.65,2023,11,2023-11,monthly_baseload,EPIAS_VEP_daily_reference_price
2023-05-11,EBM0623,3476.46,2023,6,2023-06,monthly_baseload,EPIAS_VEP_daily_reference_price
2023-05-11,EBM0723,3723.71,2023,7,2023-07,monthly_baseload,EPIAS_VEP_daily_reference_price
2023-05-11,EBM0823,3991.1,2023,8,2023-08,monthly_baseload,EPIAS_VEP_daily_reference_price
2023-05-11,EBM0923,4212.14,2023,9,2023-09,monthly_baseload,EPIAS_VEP_daily_reference_price
2023-05-11,EBM1023,3557.0,2023,10,2023-10,monthly_baseload,EPIAS_VEP_daily_reference_price
2023-05-11,EBM1123,2750.65,2023,11,2023-11,monthly_baseload,EPIAS_VEP_daily_reference_price
2023-05-12,EBM0623,3476.46,2023,6,2023-06,monthly_baseload,EPIAS_VEP_daily_reference_price
2023-05-12,EBM0723,3723.71,2023,7,2023-07,monthly_baseload,EPIAS_VEP_daily_reference_price
2023-05-12,EBM0823,3991.1,2023,8,2023-08,monthly_baseload,EPIAS_VEP_daily_reference_price
2023-05-12,EBM0923,4212.14,2023,9,2023-09,monthly_baseload,EPIAS_VEP_daily_reference_price
2023-05-12,EBM1023,3557.0,2023,10,2023-10,monthly_baseload,EPIAS_VEP_daily_reference_price
2023-05-12,EBM1123,2750.65,2023,11,2023-11,monthly_baseload,EPIAS_VEP_daily_reference_price
2023-05-15,EBM0623,3476.46,2023,6,2023-06,monthly_baseload,EPIAS_VEP_daily_reference_price
2023-05-15,EBM0723,3723.71,2023,7,2023-07,monthly_baseload,EPIAS_VEP_daily_reference_price
2023-05-15,EBM0823,3991.1,2023,8,2023-08,monthly_baseload,EPIAS_VEP_daily_reference_price
2023-05-15,EBM0923,4212.14,2023,9,2023-09,monthly_baseload,EPIAS_VEP_daily_reference_price
2023-05-15,EBM1023,3557.0,2023,10,2023-10,monthly_baseload,EPIAS_VEP_daily_reference_price
2023-05-15,EBM1123,2750.65,2023,11,2023-11,monthly_baseload,EPIAS_VEP_daily_reference_price
2023-05-16,EBM0623,3476.46,2023,6,2023-06,monthly_baseload,EPIAS_VEP_daily_reference_price
2023-05-16,EBM0723,3723.71,2023,7,2023-07,monthly_baseload,EPIAS_VEP_daily_reference_price
2023-05-16,EBM0823,3991.1,2023,8,2023-08,monthly_baseload,EPIAS_VEP_daily_reference_price
2023-05-16,EBM0923,4212.14,2023,9,2023-09,monthly_baseload,EPIAS_VEP_daily_reference_price
2023-05-16,EBM1023,3557.0,2023,10,2023-10,monthly_baseload,EPIAS_VEP_daily_reference_price
2023-05-16,EBM1123,2750.65,2023,11,2023-11,monthly_baseload,EPIAS_VEP_daily_reference_price
2023-05-17,EBM0623,3476.46,2023,6,2023-06,monthly_baseload,EPIAS_VEP_daily_reference_price
2023-05-17,EBM0723,3723.71,2023,7,2023-07,monthly_baseload,EPIAS_VEP_daily_reference_price
2023-05-17,EBM0823,3991.1,2023,8,2023-08,monthly_baseload,EPIAS_VEP_daily_reference_price
2023-05-17,EBM0923,4212.14,2023,9,2023-09,monthly_baseload,EPIAS_VEP_daily_reference_price
2023-05-17,EBM1023,3557.0,2023,10,2023-10,monthly_baseload,EPIAS_VEP_daily_reference_price
2023-05-17,EBM1123,2750.65,2023,11,2023-11,monthly_baseload,EPIAS_VEP_daily_reference_price
2023-05-18,EBM0623,3476.46,2023,6,2023-06,monthly_baseload,EPIAS_VEP_daily_reference_price
2023-05-18,EBM0723,3723.71,2023,7,2023-07,monthly_baseload,EPIAS_VEP_daily_reference_price
2023-05-18,EBM0823,3991.1,2023,8,2023-08,monthly_baseload,EPIAS_VEP_daily_reference_price
2023-05-18,EBM0923,4212.14,2023,9,2023-09,monthly_baseload,EPIAS_VEP_daily_reference_price
2023-05-18,EBM1023,3557.0,2023,10,2023-10,monthly_baseload,EPIAS_VEP_daily_reference_price
2023-05-18,EBM1123,2750.65,2023,11,2023-11,monthly_baseload,EPIAS_VEP_daily_reference_price
2023-05-22,EBM0623,3219.0,2023,6,2023-06,monthly_baseload,EPIAS_VEP_daily_reference_price
2023-05-22,EBM0723,3422.33,2023,7,2023-07,monthly_baseload,EPIAS_VEP_daily_reference_price
2023-05-22,EBM0823,3661.17,2023,8,2023-08,monthly_baseload,EPIAS_VEP_daily_reference_price
2023-05-22,EBM0923,3806.73,2023,9,2023-09,monthly_baseload,EPIAS_VEP_daily_reference_price
2023-05-22,EBM1023,3557.0,2023,10,2023-10,monthly_baseload,EPIAS_VEP_daily_reference_price
2023-05-22,EBM1123,2750.65,2023,11,2023-11,monthly_baseload,EPIAS_VEP_daily_reference_price
2023-05-23,EBM0623,3046.67,2023,6,2023-06,monthly_baseload,EPIAS_VEP_daily_reference_price
2023-05-23,EBM0723,3222.35,2023,7,2023-07,monthly_baseload,EPIAS_VEP_daily_reference_price
2023-05-23,EBM0823,3441.89,2023,8,2023-08,monthly_baseload,EPIAS_VEP_daily_reference_price
2023-05-23,EBM0923,3538.5,2023,9,2023-09,monthly_baseload,EPIAS_VEP_daily_reference_price
2023-05-23,EBM1023,3557.0,2023,10,2023-10,monthly_baseload,EPIAS_VEP_daily_reference_price
2023-05-23,EBM1123,2750.65,2023,11,2023-11,monthly_baseload,EPIAS_VEP_daily_reference_price
2023-05-24,EBM0623,3046.67,2023,6,2023-06,monthly_baseload,EPIAS_VEP_daily_reference_price
2023-05-24,EBM0723,3222.35,2023,7,2023-07,monthly_baseload,EPIAS_VEP_daily_reference_price
2023-05-24,EBM0823,3441.89,2023,8,2023-08,monthly_baseload,EPIAS_VEP_daily_reference_price
2023-05-24,EBM0923,3538.5,2023,9,2023-09,monthly_baseload,EPIAS_VEP_daily_reference_price
2023-05-24,EBM1023,3557.0,2023,10,2023-10,monthly_baseload,EPIAS_VEP_daily_reference_price
2023-05-24,EBM1123,2750.65,2023,11,2023-11,monthly_baseload,EPIAS_VEP_daily_reference_price
2023-05-25,EBM0623,2932.33,2023,6,2023-06,monthly_baseload,EPIAS_VEP_daily_reference_price
2023-05-25,EBM0723,3081.95,2023,7,2023-07,monthly_baseload,EPIAS_VEP_daily_reference_price
2023-05-25,EBM0823,3294.9,2023,8,2023-08,monthly_baseload,EPIAS_VEP_daily_reference_price
2023-05-25,EBM0923,3362.21,2023,9,2023-09,monthly_baseload,EPIAS_VEP_daily_reference_price
2023-05-25,EBM1023,3557.0,2023,10,2023-10,monthly_baseload,EPIAS_VEP_daily_reference_price
2023-05-25,EBM1123,2750.65,2023,11,2023-11,monthly_baseload,EPIAS_VEP_daily_reference_price
2023-05-26,EBM0623,2932.33,2023,6,2023-06,monthly_baseload,EPIAS_VEP_daily_reference_price
2023-05-26,EBM0723,3081.95,2023,7,2023-07,monthly_baseload,EPIAS_VEP_daily_reference_price
2023-05-26,EBM0823,3294.9,2023,8,2023-08,monthly_baseload,EPIAS_VEP_daily_reference_price
2023-05-26,EBM0923,3362.21,2023,9,2023-09,monthly_baseload,EPIAS_VEP_daily_reference_price
2023-05-26,EBM1023,3557.0,2023,10,2023-10,monthly_baseload,EPIAS_VEP_daily_reference_price
2023-05-26,EBM1123,2750.65,2023,11,2023-11,monthly_baseload,EPIAS_VEP_daily_reference_price
2023-05-29,EBM0623,2932.33,2023,6,2023-06,monthly_baseload,EPIAS_VEP_daily_reference_price
2023-05-29,EBM0723,3081.95,2023,7,2023-07,monthly_baseload,EPIAS_VEP_daily_reference_price
2023-05-29,EBM0823,3294.9,2023,8,2023-08,monthly_baseload,EPIAS_VEP_daily_reference_price
2023-05-29,EBM0923,3362.21,2023,9,2023-09,monthly_baseload,EPIAS_VEP_daily_reference_price
2023-05-29,EBM1023,3557.0,2023,10,2023-10,monthly_baseload,EPIAS_VEP_daily_reference_price
2023-05-29,EBM1123,2750.65,2023,11,2023-11,monthly_baseload,EPIAS_VEP_daily_reference_price
2023-05-30,EBM0723,3081.95,2023,7,2023-07,monthly_baseload,EPIAS_VEP_daily_reference_price
2023-05-30,EBM0823,3294.9,2023,8,2023-08,monthly_baseload,EPIAS_VEP_daily_reference_price
2023-05-30,EBM0923,3362.21,2023,9,2023-09,monthly_baseload,EPIAS_VEP_daily_reference_price
2023-05-30,EBM1023,4296.33,2023,10,2023-10,monthly_baseload,EPIAS_VEP_daily_reference_price
2023-05-30,EBM1123,3322.38,2023,11,2023-11,monthly_baseload,EPIAS_VEP_daily_reference_price
2023-05-30,EBM1223,3598.83,2023,12,2023-12,monthly_baseload,EPIAS_VEP_daily_reference_price
2023-05-31,EBM0723,3081.95,2023,7,2023-07,monthly_baseload,EPIAS_VEP_daily_reference_price
2023-05-31,EBM0823,3294.9,2023,8,2023-08,monthly_baseload,EPIAS_VEP_daily_reference_price
2023-05-31,EBM0923,3362.21,2023,9,2023-09,monthly_baseload,EPIAS_VEP_daily_reference_price
2023-05-31,EBM1023,4296.33,2023,10,2023-10,monthly_baseload,EPIAS_VEP_daily_reference_price
2023-05-31,EBM1123,3322.38,2023,11,2023-11,monthly_baseload,EPIAS_VEP_daily_reference_price
2023-05-31,EBM1223,3598.83,2023,12,2023-12,monthly_baseload,EPIAS_VEP_daily_reference_price
2023-06-01,EBM0723,3081.95,2023,7,2023-07,monthly_baseload,EPIAS_VEP_daily_reference_price
2023-06-01,EBM0823,3294.9,2023,8,2023-08,monthly_baseload,EPIAS_VEP_daily_reference_price
2023-06-01,EBM0923,3362.21,2023,9,2023-09,monthly_baseload,EPIAS_VEP_daily_reference_price
2023-06-01,EBM1023,4296.33,2023,10,2023-10,monthly_baseload,EPIAS_VEP_daily_reference_price
2023-06-01,EBM1123,3322.38,2023,11,2023-11,monthly_baseload,EPIAS_VEP_daily_reference_price
2023-06-01,EBM1223,3598.83,2023,12,2023-12,monthly_baseload,EPIAS_VEP_daily_reference_price
2023-06-02,EBM0723,3081.95,2023,7,2023-07,monthly_baseload,EPIAS_VEP_daily_reference_price
2023-06-02,EBM0823,3294.9,2023,8,2023-08,monthly_baseload,EPIAS_VEP_daily_reference_price
2023-06-02,EBM0923,3362.21,2023,9,2023-09,monthly_baseload,EPIAS_VEP_daily_reference_price
2023-06-02,EBM1023,4296.33,2023,10,2023-10,monthly_baseload,EPIAS_VEP_daily_reference_price
2023-06-02,EBM1123,3322.38,2023,11,2023-11,monthly_baseload,EPIAS_VEP_daily_reference_price
2023-06-02,EBM1223,3598.83,2023,12,2023-12,monthly_baseload,EPIAS_VEP_daily_reference_price
2023-06-05,EBM0723,3081.95,2023,7,2023-07,monthly_baseload,EPIAS_VEP_daily_reference_price
2023-06-05,EBM0823,3294.9,2023,8,2023-08,monthly_baseload,EPIAS_VEP_daily_reference_price
2023-06-05,EBM0923,3362.21,2023,9,2023-09,monthly_baseload,EPIAS_VEP_daily_reference_price
2023-06-05,EBM1023,4296.33,2023,10,2023-10,monthly_baseload,EPIAS_VEP_daily_reference_price
2023-06-05,EBM1123,3322.38,2023,11,2023-11,monthly_baseload,EPIAS_VEP_daily_reference_price
2023-06-05,EBM1223,3598.83,2023,12,2023-12,monthly_baseload,EPIAS_VEP_daily_reference_price
2023-06-06,EBM0723,3081.95,2023,7,2023-07,monthly_baseload,EPIAS_VEP_daily_reference_price
2023-06-06,EBM0823,3294.9,2023,8,2023-08,monthly_baseload,EPIAS_VEP_daily_reference_price
2023-06-06,EBM0923,3362.21,2023,9,2023-09,monthly_baseload,EPIAS_VEP_daily_reference_price
2023-06-06,EBM1023,4296.33,2023,10,2023-10,monthly_baseload,EPIAS_VEP_daily_reference_price
2023-06-06,EBM1123,3322.38,2023,11,2023-11,monthly_baseload,EPIAS_VEP_daily_reference_price
2023-06-06,EBM1223,3598.83,2023,12,2023-12,monthly_baseload,EPIAS_VEP_daily_reference_price
2023-06-07,EBM0723,3056.69,2023,7,2023-07,monthly_baseload,EPIAS_VEP_daily_reference_price
2023-06-07,EBM0823,3121.7,2023,8,2023-08,monthly_baseload,EPIAS_VEP_daily_reference_price
2023-06-07,EBM0923,3334.65,2023,9,2023-09,monthly_baseload,EPIAS_VEP_daily_reference_price
2023-06-07,EBM1023,4163.16,2023,10,2023-10,monthly_baseload,EPIAS_VEP_daily_reference_price
2023-06-07,EBM1123,3347.17,2023,11,2023-11,monthly_baseload,EPIAS_VEP_daily_reference_price
2023-06-07,EBM1223,3625.68,2023,12,2023-12,monthly_baseload,EPIAS_VEP_daily_reference_price
2023-06-08,EBM0723,3056.69,2023,7,2023-07,monthly_baseload,EPIAS_VEP_daily_reference_price
2023-06-08,EBM0823,3121.7,2023,8,2023-08,monthly_baseload,EPIAS_VEP_daily_reference_price
2023-06-08,EBM0923,3334.65,2023,9,2023-09,monthly_baseload,EPIAS_VEP_daily_reference_price
2023-06-08,EBM1023,4163.16,2023,10,2023-10,monthly_baseload,EPIAS_VEP_daily_reference_price
2023-06-08,EBM1123,3347.17,2023,11,2023-11,monthly_baseload,EPIAS_VEP_daily_reference_price
2023-06-08,EBM1223,3625.68,2023,12,2023-12,monthly_baseload,EPIAS_VEP_daily_reference_price
2023-06-09,EBM0723,3056.69,2023,7,2023-07,monthly_baseload,EPIAS_VEP_daily_reference_price
2023-06-09,EBM0823,3121.7,2023,8,2023-08,monthly_baseload,EPIAS_VEP_daily_reference_price
2023-06-09,EBM0923,3334.65,2023,9,2023-09,monthly_baseload,EPIAS_VEP_daily_reference_price
2023-06-09,EBM1023,4163.16,2023,10,2023-10,monthly_baseload,EPIAS_VEP_daily_reference_price
2023-06-09,EBM1123,3347.17,2023,11,2023-11,monthly_baseload,EPIAS_VEP_daily_reference_price
2023-06-09,EBM1223,3625.68,2023,12,2023-12,monthly_baseload,EPIAS_VEP_daily_reference_price
2023-06-12,EBM0723,2978.98,2023,7,2023-07,monthly_baseload,EPIAS_VEP_daily_reference_price
2023-06-12,EBM0823,3083.65,2023,8,2023-08,monthly_baseload,EPIAS_VEP_daily_reference_price
2023-06-12,EBM0923,3224.64,2023,9,2023-09,monthly_baseload,EPIAS_VEP_daily_reference_price
2023-06-12,EBM1023,4066.03,2023,10,2023-10,monthly_baseload,EPIAS_VEP_daily_reference_price
2023-06-12,EBM1123,3366.79,2023,11,2023-11,monthly_baseload,EPIAS_VEP_daily_reference_price
2023-06-12,EBM1223,3639.54,2023,12,2023-12,monthly_baseload,EPIAS_VEP_daily_reference_price
2023-06-13,EBM0723,2978.98,2023,7,2023-07,monthly_baseload,EPIAS_VEP_daily_reference_price
2023-06-13,EBM0823,3083.65,2023,8,2023-08,monthly_baseload,EPIAS_VEP_daily_reference_price
2023-06-13,EBM0923,3224.64,2023,9,2023-09,monthly_baseload,EPIAS_VEP_daily_reference_price
2023-06-13,EBM1023,4066.03,2023,10,2023-10,monthly_baseload,EPIAS_VEP_daily_reference_price
2023-06-13,EBM1123,3366.79,2023,11,2023-11,monthly_baseload,EPIAS_VEP_daily_reference_price
2023-06-13,EBM1223,3639.54,2023,12,2023-12,monthly_baseload,EPIAS_VEP_daily_reference_price
2023-06-14,EBM0723,2978.98,2023,7,2023-07,monthly_baseload,EPIAS_VEP_daily_reference_price
2023-06-14,EBM0823,3083.65,2023,8,2023-08,monthly_baseload,EPIAS_VEP_daily_reference_price
2023-06-14,EBM0923,3224.64,2023,9,2023-09,monthly_baseload,EPIAS_VEP_daily_reference_price
2023-06-14,EBM1023,4066.03,2023,10,2023-10,monthly_baseload,EPIAS_VEP_daily_reference_price
2023-06-14,EBM1123,3366.79,2023,11,2023-11,monthly_baseload,EPIAS_VEP_daily_reference_price
2023-06-14,EBM1223,3639.54,2023,12,2023-12,monthly_baseload,EPIAS_VEP_daily_reference_price
2023-06-15,EBM0723,2978.98,2023,7,2023-07,monthly_baseload,EPIAS_VEP_daily_reference_price
2023-06-15,EBM0823,3083.65,2023,8,2023-08,monthly_baseload,EPIAS_VEP_daily_reference_price
2023-06-15,EBM0923,3224.64,2023,9,2023-09,monthly_baseload,EPIAS_VEP_daily_reference_price
2023-06-15,EBM1023,4066.03,2023,10,2023-10,monthly_baseload,EPIAS_VEP_daily_reference_price
2023-06-15,EBM1123,3366.79,2023,11,2023-11,monthly_baseload,EPIAS_VEP_daily_reference_price
2023-06-15,EBM1223,3639.54,2023,12,2023-12,monthly_baseload,EPIAS_VEP_daily_reference_price
2023-06-16,EBM0723,2978.98,2023,7,2023-07,monthly_baseload,EPIAS_VEP_daily_reference_price
2023-06-16,EBM0823,3083.65,2023,8,2023-08,monthly_baseload,EPIAS_VEP_daily_reference_price
2023-06-16,EBM0923,3224.64,2023,9,2023-09,monthly_baseload,EPIAS_VEP_daily_reference_price
2023-06-16,EBM1023,4066.03,2023,10,2023-10,monthly_baseload,EPIAS_VEP_daily_reference_price
2023-06-16,EBM1123,3366.79,2023,11,2023-11,monthly_baseload,EPIAS_VEP_daily_reference_price
2023-06-16,EBM1223,3639.54,2023,12,2023-12,monthly_baseload,EPIAS_VEP_daily_reference_price
2023-06-19,EBM0723,2978.98,2023,7,2023-07,monthly_baseload,EPIAS_VEP_daily_reference_price
2023-06-19,EBM0823,3083.65,2023,8,2023-08,monthly_baseload,EPIAS_VEP_daily_reference_price
2023-06-19,EBM0923,3224.64,2023,9,2023-09,monthly_baseload,EPIAS_VEP_daily_reference_price
2023-06-19,EBM1023,4066.03,2023,10,2023-10,monthly_baseload,EPIAS_VEP_daily_reference_price
2023-06-19,EBM1123,3366.79,2023,11,2023-11,monthly_baseload,EPIAS_VEP_daily_reference_price
2023-06-19,EBM1223,3639.54,2023,12,2023-12,monthly_baseload,EPIAS_VEP_daily_reference_price
2023-06-20,EBM0723,2978.98,2023,7,2023-07,monthly_baseload,EPIAS_VEP_daily_reference_price
2023-06-20,EBM0823,3083.65,2023,8,2023-08,monthly_baseload,EPIAS_VEP_daily_reference_price
2023-06-20,EBM0923,3224.64,2023,9,2023-09,monthly_baseload,EPIAS_VEP_daily_reference_price
2023-06-20,EBM1023,4066.03,2023,10,2023-10,monthly_baseload,EPIAS_VEP_daily_reference_price
2023-06-20,EBM1123,3366.79,2023,11,2023-11,monthly_baseload,EPIAS_VEP_daily_reference_price
2023-06-20,EBM1223,3639.54,2023,12,2023-12,monthly_baseload,EPIAS_VEP_daily_reference_price
2023-06-21,EBM0723,2978.98,2023,7,2023-07,monthly_baseload,EPIAS_VEP_daily_reference_price
2023-06-21,EBM0823,3083.65,2023,8,2023-08,monthly_baseload,EPIAS_VEP_daily_reference_price
2023-06-21,EBM0923,3224.64,2023,9,2023-09,monthly_baseload,EPIAS_VEP_daily_reference_price
2023-06-21,EBM1023,4066.03,2023,10,2023-10,monthly_baseload,EPIAS_VEP_daily_reference_price
2023-06-21,EBM1123,3366.79,2023,11,2023-11,monthly_baseload,EPIAS_VEP_daily_reference_price
2023-06-21,EBM1223,3639.54,2023,12,2023-12,monthly_baseload,EPIAS_VEP_daily_reference_price
2023-06-22,EBM0723,2978.98,2023,7,2023-07,monthly_baseload,EPIAS_VEP_daily_reference_price
2023-06-22,EBM0823,3083.65,2023,8,2023-08,monthly_baseload,EPIAS_VEP_daily_reference_price
2023-06-22,EBM0923,3224.64,2023,9,2023-09,monthly_baseload,EPIAS_VEP_daily_reference_price
2023-06-22,EBM1023,4066.03,2023,10,2023-10,monthly_baseload,EPIAS_VEP_daily_reference_price
2023-06-22,EBM1123,3366.79,2023,11,2023-11,monthly_baseload,EPIAS_VEP_daily_reference_price
2023-06-22,EBM1223,3639.54,2023,12,2023-12,monthly_baseload,EPIAS_VEP_daily_reference_price
2023-06-23,EBM0823,3083.65,2023,8,2023-08,monthly_baseload,EPIAS_VEP_daily_reference_price
2023-06-23,EBM0923,3224.64,2023,9,2023-09,monthly_baseload,EPIAS_VEP_daily_reference_price
2023-06-23,EBM1023,4066.03,2023,10,2023-10,monthly_baseload,EPIAS_VEP_daily_reference_price
2023-06-23,EBM1123,3366.79,2023,11,2023-11,monthly_baseload,EPIAS_VEP_daily_reference_price
2023-06-23,EBM1223,3639.54,2023,12,2023-12,monthly_baseload,EPIAS_VEP_daily_reference_price
2023-06-23,EBM0124,3431.49,2024,1,2024-01,monthly_baseload,EPIAS_VEP_daily_reference_price
2023-06-26,EBM0823,3083.65,2023,8,2023-08,monthly_baseload,EPIAS_VEP_daily_reference_price
2023-06-26,EBM0923,3224.64,2023,9,2023-09,monthly_baseload,EPIAS_VEP_daily_reference_price
2023-06-26,EBM1023,4066.03,2023,10,2023-10,monthly_baseload,EPIAS_VEP_daily_reference_price
2023-06-26,EBM1123,3366.79,2023,11,2023-11,monthly_baseload,EPIAS_VEP_daily_reference_price
2023-06-26,EBM1223,3639.54,2023,12,2023-12,monthly_baseload,EPIAS_VEP_daily_reference_price
2023-06-26,EBM0124,3431.49,2024,1,2024-01,monthly_baseload,EPIAS_VEP_daily_reference_price
2023-07-03,EBM0823,3083.65,2023,8,2023-08,monthly_baseload,EPIAS_VEP_daily_reference_price
2023-07-03,EBM0923,3224.64,2023,9,2023-09,monthly_baseload,EPIAS_VEP_daily_reference_price
2023-07-03,EBM1023,4066.03,2023,10,2023-10,monthly_baseload,EPIAS_VEP_daily_reference_price
2023-07-03,EBM1123,3366.79,2023,11,2023-11,monthly_baseload,EPIAS_VEP_daily_reference_price
2023-07-03,EBM1223,3639.54,2023,12,2023-12,monthly_baseload,EPIAS_VEP_daily_reference_price
2023-07-03,EBM0124,3431.49,2024,1,2024-01,monthly_baseload,EPIAS_VEP_daily_reference_price
2023-07-04,EBM0823,3083.65,2023,8,2023-08,monthly_baseload,EPIAS_VEP_daily_reference_price
2023-07-04,EBM0923,3224.64,2023,9,2023-09,monthly_baseload,EPIAS_VEP_daily_reference_price
2023-07-04,EBM1023,4066.03,2023,10,2023-10,monthly_baseload,EPIAS_VEP_daily_reference_price
2023-07-04,EBM1123,3366.79,2023,11,2023-11,monthly_baseload,EPIAS_VEP_daily_reference_price
2023-07-04,EBM1223,3639.54,2023,12,2023-12,monthly_baseload,EPIAS_VEP_daily_reference_price
2023-07-04,EBM0124,3431.49,2024,1,2024-01,monthly_baseload,EPIAS_VEP_daily_reference_price
2023-07-05,EBM0823,3083.65,2023,8,2023-08,monthly_baseload,EPIAS_VEP_daily_reference_price
2023-07-05,EBM0923,3224.64,2023,9,2023-09,monthly_baseload,EPIAS_VEP_daily_reference_price
2023-07-05,EBM1023,4066.03,2023,10,2023-10,monthly_baseload,EPIAS_VEP_daily_reference_price
2023-07-05,EBM1123,3366.79,2023,11,2023-11,monthly_baseload,EPIAS_VEP_daily_reference_price
2023-07-05,EBM1223,3639.54,2023,12,2023-12,monthly_baseload,EPIAS_VEP_daily_reference_price
2023-07-05,EBM0124,3431.49,2024,1,2024-01,monthly_baseload,EPIAS_VEP_daily_reference_price
2023-07-06,EBM0823,3083.65,2023,8,2023-08,monthly_baseload,EPIAS_VEP_daily_reference_price
2023-07-06,EBM0923,3224.64,2023,9,2023-09,monthly_baseload,EPIAS_VEP_daily_reference_price
2023-07-06,EBM1023,4066.03,2023,10,2023-10,monthly_baseload,EPIAS_VEP_daily_reference_price
2023-07-06,EBM1123,3366.79,2023,11,2023-11,monthly_baseload,EPIAS_VEP_daily_reference_price
2023-07-06,EBM1223,3639.54,2023,12,2023-12,monthly_baseload,EPIAS_VEP_daily_reference_price
2023-07-06,EBM0124,3431.49,2024,1,2024-01,monthly_baseload,EPIAS_VEP_daily_reference_price
2023-07-07,EBM0823,3083.65,2023,8,2023-08,monthly_baseload,EPIAS_VEP_daily_reference_price
2023-07-07,EBM0923,3224.64,2023,9,2023-09,monthly_baseload,EPIAS_VEP_daily_reference_price
2023-07-07,EBM1023,3994.88,2023,10,2023-10,monthly_baseload,EPIAS_VEP_daily_reference_price
2023-07-07,EBM1123,3380.23,2023,11,2023-11,monthly_baseload,EPIAS_VEP_daily_reference_price
2023-07-07,EBM1223,3654.07,2023,12,2023-12,monthly_baseload,EPIAS_VEP_daily_reference_price
2023-07-07,EBM0124,3431.49,2024,1,2024-01,monthly_baseload,EPIAS_VEP_daily_reference_price
2023-07-10,EBM0823,3083.65,2023,8,2023-08,monthly_baseload,EPIAS_VEP_daily_reference_price
2023-07-10,EBM0923,3224.64,2023,9,2023-09,monthly_baseload,EPIAS_VEP_daily_reference_price
2023-07-10,EBM1023,3994.88,2023,10,2023-10,monthly_baseload,EPIAS_VEP_daily_reference_price
2023-07-10,EBM1123,3380.23,2023,11,2023-11,monthly_baseload,EPIAS_VEP_daily_reference_price
2023-07-10,EBM1223,3654.07,2023,12,2023-12,monthly_baseload,EPIAS_VEP_daily_reference_price
2023-07-10,EBM0124,3431.49,2024,1,2024-01,monthly_baseload,EPIAS_VEP_daily_reference_price
2023-07-11,EBM0823,3083.65,2023,8,2023-08,monthly_baseload,EPIAS_VEP_daily_reference_price
2023-07-11,EBM0923,3224.64,2023,9,2023-09,monthly_baseload,EPIAS_VEP_daily_reference_price
2023-07-11,EBM1023,3994.88,2023,10,2023-10,monthly_baseload,EPIAS_VEP_daily_reference_price
2023-07-11,EBM1123,3380.23,2023,11,2023-11,monthly_baseload,EPIAS_VEP_daily_reference_price
2023-07-11,EBM1223,3654.07,2023,12,2023-12,monthly_baseload,EPIAS_VEP_daily_reference_price
2023-07-11,EBM0124,3431.49,2024,1,2024-01,monthly_baseload,EPIAS_VEP_daily_reference_price
2023-07-12,EBM0823,3083.65,2023,8,2023-08,monthly_baseload,EPIAS_VEP_daily_reference_price
2023-07-12,EBM0923,3224.64,2023,9,2023-09,monthly_baseload,EPIAS_VEP_daily_reference_price
2023-07-12,EBM1023,3994.88,2023,10,2023-10,monthly_baseload,EPIAS_VEP_daily_reference_price
2023-07-12,EBM1123,3380.23,2023,11,2023-11,monthly_baseload,EPIAS_VEP_daily_reference_price
2023-07-12,EBM1223,3654.07,2023,12,2023-12,monthly_baseload,EPIAS_VEP_daily_reference_price
2023-07-12,EBM0124,3431.49,2024,1,2024-01,monthly_baseload,EPIAS_VEP_daily_reference_price
2023-07-13,EBM0823,3058.0,2023,8,2023-08,monthly_baseload,EPIAS_VEP_daily_reference_price
2023-07-13,EBM0923,3151.67,2023,9,2023-09,monthly_baseload,EPIAS_VEP_daily_reference_price
2023-07-13,EBM1023,3945.68,2023,10,2023-10,monthly_baseload,EPIAS_VEP_daily_reference_price
2023-07-13,EBM1123,3392.57,2023,11,2023-11,monthly_baseload,EPIAS_VEP_daily_reference_price
2023-07-13,EBM1223,3651.61,2023,12,2023-12,monthly_baseload,EPIAS_VEP_daily_reference_price
2023-07-13,EBM0124,3431.49,2024,1,2024-01,monthly_baseload,EPIAS_VEP_daily_reference_price
2023-07-14,EBM0823,3058.0,2023,8,2023-08,monthly_baseload,EPIAS_VEP_daily_reference_price
2023-07-14,EBM0923,3151.67,2023,9,2023-09,monthly_baseload,EPIAS_VEP_daily_reference_price
2023-07-14,EBM1023,3945.68,2023,10,2023-10,monthly_baseload,EPIAS_VEP_daily_reference_price
2023-07-14,EBM1123,3392.57,2023,11,2023-11,monthly_baseload,EPIAS_VEP_daily_reference_price
2023-07-14,EBM1223,3651.61,2023,12,2023-12,monthly_baseload,EPIAS_VEP_daily_reference_price
2023-07-14,EBM0124,3431.49,2024,1,2024-01,monthly_baseload,EPIAS_VEP_daily_reference_price
2023-07-17,EBM0823,3058.0,2023,8,2023-08,monthly_baseload,EPIAS_VEP_daily_reference_price
2023-07-17,EBM0923,3151.67,2023,9,2023-09,monthly_baseload,EPIAS_VEP_daily_reference_price
2023-07-17,EBM1023,3945.68,2023,10,2023-10,monthly_baseload,EPIAS_VEP_daily_reference_price
2023-07-17,EBM1123,3392.57,2023,11,2023-11,monthly_baseload,EPIAS_VEP_daily_reference_price
2023-07-17,EBM1223,3651.61,2023,12,2023-12,monthly_baseload,EPIAS_VEP_daily_reference_price
2023-07-17,EBM0124,3431.49,2024,1,2024-01,monthly_baseload,EPIAS_VEP_daily_reference_price
2023-07-18,EBM0823,3058.0,2023,8,2023-08,monthly_baseload,EPIAS_VEP_daily_reference_price
2023-07-18,EBM0923,3151.67,2023,9,2023-09,monthly_baseload,EPIAS_VEP_daily_reference_price
2023-07-18,EBM1023,3945.68,2023,10,2023-10,monthly_baseload,EPIAS_VEP_daily_reference_price
2023-07-18,EBM1123,3392.57,2023,11,2023-11,monthly_baseload,EPIAS_VEP_daily_reference_price
2023-07-18,EBM1223,3651.61,2023,12,2023-12,monthly_baseload,EPIAS_VEP_daily_reference_price
2023-07-18,EBM0124,3431.49,2024,1,2024-01,monthly_baseload,EPIAS_VEP_daily_reference_price
2023-07-19,EBM0823,3058.0,2023,8,2023-08,monthly_baseload,EPIAS_VEP_daily_reference_price
2023-07-19,EBM0923,3151.67,2023,9,2023-09,monthly_baseload,EPIAS_VEP_daily_reference_price
2023-07-19,EBM1023,3945.68,2023,10,2023-10,monthly_baseload,EPIAS_VEP_daily_reference_price
2023-07-19,EBM1123,3392.57,2023,11,2023-11,monthly_baseload,EPIAS_VEP_daily_reference_price
2023-07-19,EBM1223,3651.61,2023,12,2023-12,monthly_baseload,EPIAS_VEP_daily_reference_price
2023-07-19,EBM0124,3431.49,2024,1,2024-01,monthly_baseload,EPIAS_VEP_daily_reference_price
2023-07-20,EBM0823,3058.0,2023,8,2023-08,monthly_baseload,EPIAS_VEP_daily_reference_price
2023-07-20,EBM0923,3151.67,2023,9,2023-09,monthly_baseload,EPIAS_VEP_daily_reference_price
2023-07-20,EBM1023,3945.68,2023,10,2023-10,monthly_baseload,EPIAS_VEP_daily_reference_price
2023-07-20,EBM1123,3392.57,2023,11,2023-11,monthly_baseload,EPIAS_VEP_daily_reference_price
2023-07-20,EBM1223,3651.61,2023,12,2023-12,monthly_baseload,EPIAS_VEP_daily_reference_price
2023-07-20,EBM0124,3431.49,2024,1,2024-01,monthly_baseload,EPIAS_VEP_daily_reference_price
2023-07-21,EBM0823,3058.0,2023,8,2023-08,monthly_baseload,EPIAS_VEP_daily_reference_price
2023-07-21,EBM0923,3151.67,2023,9,2023-09,monthly_baseload,EPIAS_VEP_daily_reference_price
2023-07-21,EBM1023,3945.68,2023,10,2023-10,monthly_baseload,EPIAS_VEP_daily_reference_price
2023-07-21,EBM1123,3392.57,2023,11,2023-11,monthly_baseload,EPIAS_VEP_daily_reference_price
2023-07-21,EBM1223,3651.61,2023,12,2023-12,monthly_baseload,EPIAS_VEP_daily_reference_price
2023-07-21,EBM0124,3431.49,2024,1,2024-01,monthly_baseload,EPIAS_VEP_daily_reference_price
2023-07-24,EBM0823,3058.0,2023,8,2023-08,monthly_baseload,EPIAS_VEP_daily_reference_price
2023-07-24,EBM0923,3151.67,2023,9,2023-09,monthly_baseload,EPIAS_VEP_daily_reference_price
2023-07-24,EBM1023,3945.68,2023,10,2023-10,monthly_baseload,EPIAS_VEP_daily_reference_price
2023-07-24,EBM1123,3392.57,2023,11,2023-11,monthly_baseload,EPIAS_VEP_daily_reference_price
2023-07-24,EBM1223,3651.61,2023,12,2023-12,monthly_baseload,EPIAS_VEP_daily_reference_price
2023-07-24,EBM0124,3431.49,2024,1,2024-01,monthly_baseload,EPIAS_VEP_daily_reference_price
2023-07-25,EBM0823,3058.0,2023,8,2023-08,monthly_baseload,EPIAS_VEP_daily_reference_price
2023-07-25,EBM0923,3151.67,2023,9,2023-09,monthly_baseload,EPIAS_VEP_daily_reference_price
2023-07-25,EBM1023,3945.68,2023,10,2023-10,monthly_baseload,EPIAS_VEP_daily_reference_price
2023-07-25,EBM1123,3392.57,2023,11,2023-11,monthly_baseload,EPIAS_VEP_daily_reference_price
2023-07-25,EBM1223,3651.61,2023,12,2023-12,monthly_baseload,EPIAS_VEP_daily_reference_price
2023-07-25,EBM0124,3431.49,2024,1,2024-01,monthly_baseload,EPIAS_VEP_daily_reference_price
2023-07-26,EBM0823,3058.0,2023,8,2023-08,monthly_baseload,EPIAS_VEP_daily_reference_price
2023-07-26,EBM0923,3151.67,2023,9,2023-09,monthly_baseload,EPIAS_VEP_daily_reference_price
2023-07-26,EBM1023,3945.68,2023,10,2023-10,monthly_baseload,EPIAS_VEP_daily_reference_price
2023-07-26,EBM1123,3392.57,2023,11,2023-11,monthly_baseload,EPIAS_VEP_daily_reference_price
2023-07-26,EBM1223,3651.61,2023,12,2023-12,monthly_baseload,EPIAS_VEP_daily_reference_price
2023-07-26,EBM0124,3431.49,2024,1,2024-01,monthly_baseload,EPIAS_VEP_daily_reference_price
2023-07-27,EBM0823,3058.0,2023,8,2023-08,monthly_baseload,EPIAS_VEP_daily_reference_price
2023-07-27,EBM0923,3151.67,2023,9,2023-09,monthly_baseload,EPIAS_VEP_daily_reference_price
2023-07-27,EBM1023,3945.68,2023,10,2023-10,monthly_baseload,EPIAS_VEP_daily_reference_price
2023-07-27,EBM1123,3392.57,2023,11,2023-11,monthly_baseload,EPIAS_VEP_daily_reference_price
2023-07-27,EBM1223,3651.61,2023,12,2023-12,monthly_baseload,EPIAS_VEP_daily_reference_price
2023-07-27,EBM0124,3431.49,2024,1,2024-01,monthly_baseload,EPIAS_VEP_daily_reference_price
2023-07-28,EBM0923,3151.67,2023,9,2023-09,monthly_baseload,EPIAS_VEP_daily_reference_price
2023-07-28,EBM1023,3945.68,2023,10,2023-10,monthly_baseload,EPIAS_VEP_daily_reference_price
2023-07-28,EBM1123,3392.57,2023,11,2023-11,monthly_baseload,EPIAS_VEP_daily_reference_price
2023-07-28,EBM1223,3651.61,2023,12,2023-12,monthly_baseload,EPIAS_VEP_daily_reference_price
2023-07-28,EBM0124,3431.49,2024,1,2024-01,monthly_baseload,EPIAS_VEP_daily_reference_price
2023-07-28,EBM0224,2802.71,2024,2,2024-02,monthly_baseload,EPIAS_VEP_daily_reference_price
2023-07-31,EBM0923,3151.67,2023,9,2023-09,monthly_baseload,EPIAS_VEP_daily_reference_price
2023-07-31,EBM1023,3945.68,2023,10,2023-10,monthly_baseload,EPIAS_VEP_daily_reference_price
2023-07-31,EBM1123,3392.57,2023,11,2023-11,monthly_baseload,EPIAS_VEP_daily_reference_price
2023-07-31,EBM1223,3651.61,2023,12,2023-12,monthly_baseload,EPIAS_VEP_daily_reference_price
2023-07-31,EBM0124,3431.49,2024,1,2024-01,monthly_baseload,EPIAS_VEP_daily_reference_price
2023-07-31,EBM0224,2802.71,2024,2,2024-02,monthly_baseload,EPIAS_VEP_daily_reference_price
2023-08-01,EBM0923,2875.92,2023,9,2023-09,monthly_baseload,EPIAS_VEP_daily_reference_price
2023-08-01,EBM1023,3594.74,2023,10,2023-10,monthly_baseload,EPIAS_VEP_daily_reference_price
2023-08-01,EBM1123,3322.43,2023,11,2023-11,monthly_baseload,EPIAS_VEP_daily_reference_price
2023-08-01,EBM1223,3748.54,2023,12,2023-12,monthly_baseload,EPIAS_VEP_daily_reference_price
2023-08-01,EBM0124,3431.49,2024,1,2024-01,monthly_baseload,EPIAS_VEP_daily_reference_price
2023-08-01,EBM0224,2802.71,2024,2,2024-02,monthly_baseload,EPIAS_VEP_daily_reference_price
2023-08-02,EBM0923,2668.67,2023,9,2023-09,monthly_baseload,EPIAS_VEP_daily_reference_price
2023-08-02,EBM1023,3155.28,2023,10,2023-10,monthly_baseload,EPIAS_VEP_daily_reference_price
2023-08-02,EBM1123,3025.62,2023,11,2023-11,monthly_baseload,EPIAS_VEP_daily_reference_price
2023-08-02,EBM1223,3307.09,2023,12,2023-12,monthly_baseload,EPIAS_VEP_daily_reference_price
2023-08-02,EBM0124,3260.67,2024,1,2024-01,monthly_baseload,EPIAS_VEP_daily_reference_price
2023-08-02,EBM0224,2741.0,2024,2,2024-02,monthly_baseload,EPIAS_VEP_daily_reference_price
2023-08-03,EBM0923,2668.67,2023,9,2023-09,monthly_baseload,EPIAS_VEP_daily_reference_price
2023-08-03,EBM1023,3155.28,2023,10,2023-10,monthly_baseload,EPIAS_VEP_daily_reference_price
2023-08-03,EBM1123,3025.62,2023,11,2023-11,monthly_baseload,EPIAS_VEP_daily_reference_price
2023-08-03,EBM1223,3307.09,2023,12,2023-12,monthly_baseload,EPIAS_VEP_daily_reference_price
2023-08-03,EBM0124,3260.67,2024,1,2024-01,monthly_baseload,EPIAS_VEP_daily_reference_price
2023-08-03,EBM0224,2741.0,2024,2,2024-02,monthly_baseload,EPIAS_VEP_daily_reference_price
2023-08-04,EBM0923,2668.67,2023,9,2023-09,monthly_baseload,EPIAS_VEP_daily_reference_price
2023-08-04,EBM1023,3155.28,2023,10,2023-10,monthly_baseload,EPIAS_VEP_daily_reference_price
2023-08-04,EBM1123,3025.62,2023,11,2023-11,monthly_baseload,EPIAS_VEP_daily_reference_price
2023-08-04,EBM1223,3307.09,2023,12,2023-12,monthly_baseload,EPIAS_VEP_daily_reference_price
2023-08-04,EBM0124,3260.67,2024,1,2024-01,monthly_baseload,EPIAS_VEP_daily_reference_price
2023-08-04,EBM0224,2741.0,2024,2,2024-02,monthly_baseload,EPIAS_VEP_daily_reference_price
2023-08-07,EBM0923,2668.67,2023,9,2023-09,monthly_baseload,EPIAS_VEP_daily_reference_price
2023-08-07,EBM1023,3155.28,2023,10,2023-10,monthly_baseload,EPIAS_VEP_daily_reference_price
2023-08-07,EBM1123,3025.62,2023,11,2023-11,monthly_baseload,EPIAS_VEP_daily_reference_price
2023-08-07,EBM1223,3307.09,2023,12,2023-12,monthly_baseload,EPIAS_VEP_daily_reference_price
2023-08-07,EBM0124,3260.67,2024,1,2024-01,monthly_baseload,EPIAS_VEP_daily_reference_price
2023-08-07,EBM0224,2741.0,2024,2,2024-02,monthly_baseload,EPIAS_VEP_daily_reference_price
2023-08-08,EBM0923,2668.67,2023,9,2023-09,monthly_baseload,EPIAS_VEP_daily_reference_price
2023-08-08,EBM1023,3155.28,2023,10,2023-10,monthly_baseload,EPIAS_VEP_daily_reference_price
2023-08-08,EBM1123,3025.62,2023,11,2023-11,monthly_baseload,EPIAS_VEP_daily_reference_price
2023-08-08,EBM1223,3307.09,2023,12,2023-12,monthly_baseload,EPIAS_VEP_daily_reference_price
2023-08-08,EBM0124,3260.67,2024,1,2024-01,monthly_baseload,EPIAS_VEP_daily_reference_price
2023-08-08,EBM0224,2741.0,2024,2,2024-02,monthly_baseload,EPIAS_VEP_daily_reference_price
2023-08-09,EBM0923,2668.67,2023,9,2023-09,monthly_baseload,EPIAS_VEP_daily_reference_price
2023-08-09,EBM1023,3155.28,2023,10,2023-10,monthly_baseload,EPIAS_VEP_daily_reference_price
2023-08-09,EBM1123,3025.62,2023,11,2023-11,monthly_baseload,EPIAS_VEP_daily_reference_price
2023-08-09,EBM1223,3307.09,2023,12,2023-12,monthly_baseload,EPIAS_VEP_daily_reference_price
2023-08-09,EBM0124,3260.67,2024,1,2024-01,monthly_baseload,EPIAS_VEP_daily_reference_price
2023-08-09,EBM0224,2741.0,2024,2,2024-02,monthly_baseload,EPIAS_VEP_daily_reference_price
2023-08-10,EBM0923,2668.67,2023,9,2023-09,monthly_baseload,EPIAS_VEP_daily_reference_price
2023-08-10,EBM1023,3155.28,2023,10,2023-10,monthly_baseload,EPIAS_VEP_daily_reference_price
2023-08-10,EBM1123,3025.62,2023,11,2023-11,monthly_baseload,EPIAS_VEP_daily_reference_price
2023-08-10,EBM1223,3307.09,2023,12,2023-12,monthly_baseload,EPIAS_VEP_daily_reference_price
2023-08-10,EBM0124,3260.67,2024,1,2024-01,monthly_baseload,EPIAS_VEP_daily_reference_price
2023-08-10,EBM0224,2741.0,2024,2,2024-02,monthly_baseload,EPIAS_VEP_daily_reference_price
2023-08-11,EBM0923,2668.67,2023,9,2023-09,monthly_baseload,EPIAS_VEP_daily_reference_price
2023-08-11,EBM1023,3155.28,2023,10,2023-10,monthly_baseload,EPIAS_VEP_daily_reference_price
2023-08-11,EBM1123,3025.62,2023,11,2023-11,monthly_baseload,EPIAS_VEP_daily_reference_price
2023-08-11,EBM1223,3307.09,2023,12,2023-12,monthly_baseload,EPIAS_VEP_daily_reference_price
2023-08-11,EBM0124,3260.67,2024,1,2024-01,monthly_baseload,EPIAS_VEP_daily_reference_price
2023-08-11,EBM0224,2741.0,2024,2,2024-02,monthly_baseload,EPIAS_VEP_daily_reference_price
2023-08-14,EBM0923,2668.67,2023,9,2023-09,monthly_baseload,EPIAS_VEP_daily_reference_price
2023-08-14,EBM1023,3155.28,2023,10,2023-10,monthly_baseload,EPIAS_VEP_daily_reference_price
2023-08-14,EBM1123,3025.62,2023,11,2023-11,monthly_baseload,EPIAS_VEP_daily_reference_price
2023-08-14,EBM1223,3307.09,2023,12,2023-12,monthly_baseload,EPIAS_VEP_daily_reference_price
2023-08-14,EBM0124,3260.67,2024,1,2024-01,monthly_baseload,EPIAS_VEP_daily_reference_price
2023-08-14,EBM0224,2741.0,2024,2,2024-02,monthly_baseload,EPIAS_VEP_daily_reference_price
2023-08-15,EBM0923,2668.67,2023,9,2023-09,monthly_baseload,EPIAS_VEP_daily_reference_price
2023-08-15,EBM1023,3155.28,2023,10,2023-10,monthly_baseload,EPIAS_VEP_daily_reference_price
2023-08-15,EBM1123,3025.62,2023,11,2023-11,monthly_baseload,EPIAS_VEP_daily_reference_price
2023-08-15,EBM1223,3307.09,2023,12,2023-12,monthly_baseload,EPIAS_VEP_daily_reference_price
2023-08-15,EBM0124,3260.67,2024,1,2024-01,monthly_baseload,EPIAS_VEP_daily_reference_price
2023-08-15,EBM0224,2741.0,2024,2,2024-02,monthly_baseload,EPIAS_VEP_daily_reference_price
2023-08-16,EBM0923,2668.67,2023,9,2023-09,monthly_baseload,EPIAS_VEP_daily_reference_price
2023-08-16,EBM1023,3155.28,2023,10,2023-10,monthly_baseload,EPIAS_VEP_daily_reference_price
2023-08-16,EBM1123,3025.62,2023,11,2023-11,monthly_baseload,EPIAS_VEP_daily_reference_price
2023-08-16,EBM1223,3307.09,2023,12,2023-12,monthly_baseload,EPIAS_VEP_daily_reference_price
2023-08-16,EBM0124,3260.67,2024,1,2024-01,monthly_baseload,EPIAS_VEP_daily_reference_price
2023-08-16,EBM0224,2741.0,2024,2,2024-02,monthly_baseload,EPIAS_VEP_daily_reference_price
2023-08-17,EBM0923,2668.67,2023,9,2023-09,monthly_baseload,EPIAS_VEP_daily_reference_price
2023-08-17,EBM1023,3155.28,2023,10,2023-10,monthly_baseload,EPIAS_VEP_daily_reference_price
2023-08-17,EBM1123,3025.62,2023,11,2023-11,monthly_baseload,EPIAS_VEP_daily_reference_price
2023-08-17,EBM1223,3307.09,2023,12,2023-12,monthly_baseload,EPIAS_VEP_daily_reference_price
2023-08-17,EBM0124,3260.67,2024,1,2024-01,monthly_baseload,EPIAS_VEP_daily_reference_price
2023-08-17,EBM0224,2741.0,2024,2,2024-02,monthly_baseload,EPIAS_VEP_daily_reference_price
2023-08-18,EBM0923,2668.67,2023,9,2023-09,monthly_baseload,EPIAS_VEP_daily_reference_price
2023-08-18,EBM1023,3155.28,2023,10,2023-10,monthly_baseload,EPIAS_VEP_daily_reference_price
2023-08-18,EBM1123,3025.62,2023,11,2023-11,monthly_baseload,EPIAS_VEP_daily_reference_price
2023-08-18,EBM1223,3307.09,2023,12,2023-12,monthly_baseload,EPIAS_VEP_daily_reference_price
2023-08-18,EBM0124,3260.67,2024,1,2024-01,monthly_baseload,EPIAS_VEP_daily_reference_price
2023-08-18,EBM0224,2741.0,2024,2,2024-02,monthly_baseload,EPIAS_VEP_daily_reference_price
2023-08-21,EBM0923,2668.67,2023,9,2023-09,monthly_baseload,EPIAS_VEP_daily_reference_price
2023-08-21,EBM1023,3155.28,2023,10,2023-10,monthly_baseload,EPIAS_VEP_daily_reference_price
2023-08-21,EBM1123,3025.62,2023,11,2023-11,monthly_baseload,EPIAS_VEP_daily_reference_price
2023-08-21,EBM1223,3307.09,2023,12,2023-12,monthly_baseload,EPIAS_VEP_daily_reference_price
2023-08-21,EBM0124,3260.67,2024,1,2024-01,monthly_baseload,EPIAS_VEP_daily_reference_price
2023-08-21,EBM0224,2741.0,2024,2,2024-02,monthly_baseload,EPIAS_VEP_daily_reference_price
2023-08-22,EBM0923,2668.67,2023,9,2023-09,monthly_baseload,EPIAS_VEP_daily_reference_price
2023-08-22,EBM1023,3155.28,2023,10,2023-10,monthly_baseload,EPIAS_VEP_daily_reference_price
2023-08-22,EBM1123,3025.62,2023,11,2023-11,monthly_baseload,EPIAS_VEP_daily_reference_price
2023-08-22,EBM1223,3307.09,2023,12,2023-12,monthly_baseload,EPIAS_VEP_daily_reference_price
2023-08-22,EBM0124,3260.67,2024,1,2024-01,monthly_baseload,EPIAS_VEP_daily_reference_price
2023-08-22,EBM0224,2741.0,2024,2,2024-02,monthly_baseload,EPIAS_VEP_daily_reference_price
2023-08-23,EBM0923,2668.67,2023,9,2023-09,monthly_baseload,EPIAS_VEP_daily_reference_price
2023-08-23,EBM1023,3155.28,2023,10,2023-10,monthly_baseload,EPIAS_VEP_daily_reference_price
2023-08-23,EBM1123,3025.62,2023,11,2023-11,monthly_baseload,EPIAS_VEP_daily_reference_price
2023-08-23,EBM1223,3307.09,2023,12,2023-12,monthly_baseload,EPIAS_VEP_daily_reference_price
2023-08-23,EBM0124,3260.67,2024,1,2024-01,monthly_baseload,EPIAS_VEP_daily_reference_price
2023-08-23,EBM0224,2741.0,2024,2,2024-02,monthly_baseload,EPIAS_VEP_daily_reference_price
2023-08-24,EBM0923,2668.67,2023,9,2023-09,monthly_baseload,EPIAS_VEP_daily_reference_price
2023-08-24,EBM1023,3155.28,2023,10,2023-10,monthly_baseload,EPIAS_VEP_daily_reference_price
2023-08-24,EBM1123,3025.62,2023,11,2023-11,monthly_baseload,EPIAS_VEP_daily_reference_price
2023-08-24,EBM1223,3307.09,2023,12,2023-12,monthly_baseload,EPIAS_VEP_daily_reference_price
2023-08-24,EBM0124,3260.67,2024,1,2024-01,monthly_baseload,EPIAS_VEP_daily_reference_price
2023-08-24,EBM0224,2741.0,2024,2,2024-02,monthly_baseload,EPIAS_VEP_daily_reference_price
2023-08-25,EBM0923,2668.67,2023,9,2023-09,monthly_baseload,EPIAS_VEP_daily_reference_price
2023-08-25,EBM1023,3155.28,2023,10,2023-10,monthly_baseload,EPIAS_VEP_daily_reference_price
2023-08-25,EBM1123,3025.62,2023,11,2023-11,monthly_baseload,EPIAS_VEP_daily_reference_price
2023-08-25,EBM1223,3307.09,2023,12,2023-12,monthly_baseload,EPIAS_VEP_daily_reference_price
2023-08-25,EBM0124,3260.67,2024,1,2024-01,monthly_baseload,EPIAS_VEP_daily_reference_price
2023-08-25,EBM0224,2741.0,2024,2,2024-02,monthly_baseload,EPIAS_VEP_daily_reference_price
2023-08-28,EBM0923,2668.67,2023,9,2023-09,monthly_baseload,EPIAS_VEP_daily_reference_price
2023-08-28,EBM1023,3155.28,2023,10,2023-10,monthly_baseload,EPIAS_VEP_daily_reference_price
2023-08-28,EBM1123,3025.62,2023,11,2023-11,monthly_baseload,EPIAS_VEP_daily_reference_price
2023-08-28,EBM1223,3307.09,2023,12,2023-12,monthly_baseload,EPIAS_VEP_daily_reference_price
2023-08-28,EBM0124,3260.67,2024,1,2024-01,monthly_baseload,EPIAS_VEP_daily_reference_price
2023-08-28,EBM0224,2741.0,2024,2,2024-02,monthly_baseload,EPIAS_VEP_daily_reference_price
2023-08-29,EBM1023,3155.28,2023,10,2023-10,monthly_baseload,EPIAS_VEP_daily_reference_price
2023-08-29,EBM1123,3025.62,2023,11,2023-11,monthly_baseload,EPIAS_VEP_daily_reference_price
2023-08-29,EBM1223,3307.09,2023,12,2023-12,monthly_baseload,EPIAS_VEP_daily_reference_price
2023-08-29,EBM0124,3492.62,2024,1,2024-01,monthly_baseload,EPIAS_VEP_daily_reference_price
2023-08-29,EBM0224,2935.98,2024,2,2024-02,monthly_baseload,EPIAS_VEP_daily_reference_price
2023-08-29,EBM0324,2732.96,2024,3,2024-03,monthly_baseload,EPIAS_VEP_daily_reference_price
2023-08-31,EBM1023,3155.28,2023,10,2023-10,monthly_baseload,EPIAS_VEP_daily_reference_price
2023-08-31,EBM1123,3025.62,2023,11,2023-11,monthly_baseload,EPIAS_VEP_daily_reference_price
2023-08-31,EBM1223,3307.09,2023,12,2023-12,monthly_baseload,EPIAS_VEP_daily_reference_price
2023-08-31,EBM0124,3492.62,2024,1,2024-01,monthly_baseload,EPIAS_VEP_daily_reference_price
2023-08-31,EBM0224,2935.98,2024,2,2024-02,monthly_baseload,EPIAS_VEP_daily_reference_price
2023-08-31,EBM0324,2732.96,2024,3,2024-03,monthly_baseload,EPIAS_VEP_daily_reference_price
2023-09-01,EBM1023,3155.28,2023,10,2023-10,monthly_baseload,EPIAS_VEP_daily_reference_price
2023-09-01,EBM1123,3025.62,2023,11,2023-11,monthly_baseload,EPIAS_VEP_daily_reference_price
2023-09-01,EBM1223,3307.09,2023,12,2023-12,monthly_baseload,EPIAS_VEP_daily_reference_price
2023-09-01,EBM0124,3492.62,2024,1,2024-01,monthly_baseload,EPIAS_VEP_daily_reference_price
2023-09-01,EBM0224,2935.98,2024,2,2024-02,monthly_baseload,EPIAS_VEP_daily_reference_price
2023-09-01,EBM0324,2732.96,2024,3,2024-03,monthly_baseload,EPIAS_VEP_daily_reference_price
2023-09-04,EBM1023,3155.28,2023,10,2023-10,monthly_baseload,EPIAS_VEP_daily_reference_price
2023-09-04,EBM1123,3025.62,2023,11,2023-11,monthly_baseload,EPIAS_VEP_daily_reference_price
2023-09-04,EBM1223,3307.09,2023,12,2023-12,monthly_baseload,EPIAS_VEP_daily_reference_price
2023-09-04,EBM0124,3492.62,2024,1,2024-01,monthly_baseload,EPIAS_VEP_daily_reference_price
2023-09-04,EBM0224,2935.98,2024,2,2024-02,monthly_baseload,EPIAS_VEP_daily_reference_price
2023-09-04,EBM0324,2732.96,2024,3,2024-03,monthly_baseload,EPIAS_VEP_daily_reference_price
2023-09-05,EBM1023,3155.28,2023,10,2023-10,monthly_baseload,EPIAS_VEP_daily_reference_price
2023-09-05,EBM1123,3025.62,2023,11,2023-11,monthly_baseload,EPIAS_VEP_daily_reference_price
2023-09-05,EBM1223,3307.09,2023,12,2023-12,monthly_baseload,EPIAS_VEP_daily_reference_price
2023-09-05,EBM0124,3492.62,2024,1,2024-01,monthly_baseload,EPIAS_VEP_daily_reference_price
2023-09-05,EBM0224,2935.98,2024,2,2024-02,monthly_baseload,EPIAS_VEP_daily_reference_price
2023-09-05,EBM0324,2732.96,2024,3,2024-03,monthly_baseload,EPIAS_VEP_daily_reference_price
2023-09-06,EBM1023,3155.28,2023,10,2023-10,monthly_baseload,EPIAS_VEP_daily_reference_price
2023-09-06,EBM1123,3025.62,2023,11,2023-11,monthly_baseload,EPIAS_VEP_daily_reference_price
2023-09-06,EBM1223,3307.09,2023,12,2023-12,monthly_baseload,EPIAS_VEP_daily_reference_price
2023-09-06,EBM0124,3492.62,2024,1,2024-01,monthly_baseload,EPIAS_VEP_daily_reference_price
2023-09-06,EBM0224,2935.98,2024,2,2024-02,monthly_baseload,EPIAS_VEP_daily_reference_price
2023-09-06,EBM0324,2732.96,2024,3,2024-03,monthly_baseload,EPIAS_VEP_daily_reference_price
2023-09-07,EBM1023,3155.28,2023,10,2023-10,monthly_baseload,EPIAS_VEP_daily_reference_price
2023-09-07,EBM1123,3025.62,2023,11,2023-11,monthly_baseload,EPIAS_VEP_daily_reference_price
2023-09-07,EBM1223,3307.09,2023,12,2023-12,monthly_baseload,EPIAS_VEP_daily_reference_price
2023-09-07,EBM0124,3492.62,2024,1,2024-01,monthly_baseload,EPIAS_VEP_daily_reference_price
2023-09-07,EBM0224,2935.98,2024,2,2024-02,monthly_baseload,EPIAS_VEP_daily_reference_price
2023-09-07,EBM0324,2732.96,2024,3,2024-03,monthly_baseload,EPIAS_VEP_daily_reference_price
2023-09-08,EBM1023,3155.28,2023,10,2023-10,monthly_baseload,EPIAS_VEP_daily_reference_price
2023-09-08,EBM1123,3025.62,2023,11,2023-11,monthly_baseload,EPIAS_VEP_daily_reference_price
2023-09-08,EBM1223,3307.09,2023,12,2023-12,monthly_baseload,EPIAS_VEP_daily_reference_price
2023-09-08,EBM0124,3492.62,2024,1,2024-01,monthly_baseload,EPIAS_VEP_daily_reference_price
2023-09-08,EBM0224,2935.98,2024,2,2024-02,monthly_baseload,EPIAS_VEP_daily_reference_price
2023-09-08,EBM0324,2732.96,2024,3,2024-03,monthly_baseload,EPIAS_VEP_daily_reference_price
2023-09-11,EBM1023,3155.28,2023,10,2023-10,monthly_baseload,EPIAS_VEP_daily_reference_price
2023-09-11,EBM1123,3025.62,2023,11,2023-11,monthly_baseload,EPIAS_VEP_daily_reference_price
2023-09-11,EBM1223,3307.09,2023,12,2023-12,monthly_baseload,EPIAS_VEP_daily_reference_price
2023-09-11,EBM0124,3492.62,2024,1,2024-01,monthly_baseload,EPIAS_VEP_daily_reference_price
2023-09-11,EBM0224,2935.98,2024,2,2024-02,monthly_baseload,EPIAS_VEP_daily_reference_price
2023-09-11,EBM0324,2732.96,2024,3,2024-03,monthly_baseload,EPIAS_VEP_daily_reference_price
2023-09-12,EBM1023,3155.28,2023,10,2023-10,monthly_baseload,EPIAS_VEP_daily_reference_price
2023-09-12,EBM1123,3025.62,2023,11,2023-11,monthly_baseload,EPIAS_VEP_daily_reference_price
2023-09-12,EBM1223,3307.09,2023,12,2023-12,monthly_baseload,EPIAS_VEP_daily_reference_price
2023-09-12,EBM0124,3492.62,2024,1,2024-01,monthly_baseload,EPIAS_VEP_daily_reference_price
2023-09-12,EBM0224,2935.98,2024,2,2024-02,monthly_baseload,EPIAS_VEP_daily_reference_price
2023-09-12,EBM0324,2732.96,2024,3,2024-03,monthly_baseload,EPIAS_VEP_daily_reference_price
2023-09-13,EBM1023,3155.28,2023,10,2023-10,monthly_baseload,EPIAS_VEP_daily_reference_price
2023-09-13,EBM1123,3025.62,2023,11,2023-11,monthly_baseload,EPIAS_VEP_daily_reference_price
2023-09-13,EBM1223,3307.09,2023,12,2023-12,monthly_baseload,EPIAS_VEP_daily_reference_price
2023-09-13,EBM0124,3492.62,2024,1,2024-01,monthly_baseload,EPIAS_VEP_daily_reference_price
2023-09-13,EBM0224,2935.98,2024,2,2024-02,monthly_baseload,EPIAS_VEP_daily_reference_price
2023-09-13,EBM0324,2732.96,2024,3,2024-03,monthly_baseload,EPIAS_VEP_daily_reference_price
2023-09-14,EBM1023,3155.28,2023,10,2023-10,monthly_baseload,EPIAS_VEP_daily_reference_price
2023-09-14,EBM1123,3025.62,2023,11,2023-11,monthly_baseload,EPIAS_VEP_daily_reference_price
2023-09-14,EBM1223,3307.09,2023,12,2023-12,monthly_baseload,EPIAS_VEP_daily_reference_price
2023-09-14,EBM0124,3492.62,2024,1,2024-01,monthly_baseload,EPIAS_VEP_daily_reference_price
2023-09-14,EBM0224,2935.98,2024,2,2024-02,monthly_baseload,EPIAS_VEP_daily_reference_price
2023-09-14,EBM0324,2732.96,2024,3,2024-03,monthly_baseload,EPIAS_VEP_daily_reference_price
2023-09-15,EBM1023,3155.28,2023,10,2023-10,monthly_baseload,EPIAS_VEP_daily_reference_price
2023-09-15,EBM1123,3025.62,2023,11,2023-11,monthly_baseload,EPIAS_VEP_daily_reference_price
2023-09-15,EBM1223,3307.09,2023,12,2023-12,monthly_baseload,EPIAS_VEP_daily_reference_price
2023-09-15,EBM0124,3492.62,2024,1,2024-01,monthly_baseload,EPIAS_VEP_daily_reference_price
2023-09-15,EBM0224,2935.98,2024,2,2024-02,monthly_baseload,EPIAS_VEP_daily_reference_price
2023-09-15,EBM0324,2732.96,2024,3,2024-03,monthly_baseload,EPIAS_VEP_daily_reference_price
2023-09-18,EBM1023,3155.28,2023,10,2023-10,monthly_baseload,EPIAS_VEP_daily_reference_price
2023-09-18,EBM1123,3025.62,2023,11,2023-11,monthly_baseload,EPIAS_VEP_daily_reference_price
2023-09-18,EBM1223,3307.09,2023,12,2023-12,monthly_baseload,EPIAS_VEP_daily_reference_price
2023-09-18,EBM0124,3492.62,2024,1,2024-01,monthly_baseload,EPIAS_VEP_daily_reference_price
2023-09-18,EBM0224,2935.98,2024,2,2024-02,monthly_baseload,EPIAS_VEP_daily_reference_price
2023-09-18,EBM0324,2732.96,2024,3,2024-03,monthly_baseload,EPIAS_VEP_daily_reference_price
2023-09-19,EBM1023,3155.28,2023,10,2023-10,monthly_baseload,EPIAS_VEP_daily_reference_price
2023-09-19,EBM1123,3025.62,2023,11,2023-11,monthly_baseload,EPIAS_VEP_daily_reference_price
2023-09-19,EBM1223,3307.09,2023,12,2023-12,monthly_baseload,EPIAS_VEP_daily_reference_price
2023-09-19,EBM0124,3492.62,2024,1,2024-01,monthly_baseload,EPIAS_VEP_daily_reference_price
2023-09-19,EBM0224,2935.98,2024,2,2024-02,monthly_baseload,EPIAS_VEP_daily_reference_price
2023-09-19,EBM0324,2732.96,2024,3,2024-03,monthly_baseload,EPIAS_VEP_daily_reference_price
2023-09-20,EBM1023,3155.28,2023,10,2023-10,monthly_baseload,EPIAS_VEP_daily_reference_price
2023-09-20,EBM1123,3025.62,2023,11,2023-11,monthly_baseload,EPIAS_VEP_daily_reference_price
2023-09-20,EBM1223,3307.09,2023,12,2023-12,monthly_baseload,EPIAS_VEP_daily_reference_price
2023-09-20,EBM0124,3492.62,2024,1,2024-01,monthly_baseload,EPIAS_VEP_daily_reference_price
2023-09-20,EBM0224,2935.98,2024,2,2024-02,monthly_baseload,EPIAS_VEP_daily_reference_price
2023-09-20,EBM0324,2732.96,2024,3,2024-03,monthly_baseload,EPIAS_VEP_daily_reference_price
2023-09-21,EBM1023,3155.28,2023,10,2023-10,monthly_baseload,EPIAS_VEP_daily_reference_price
2023-09-21,EBM1123,3025.62,2023,11,2023-11,monthly_baseload,EPIAS_VEP_daily_reference_price
2023-09-21,EBM1223,3307.09,2023,12,2023-12,monthly_baseload,EPIAS_VEP_daily_reference_price
2023-09-21,EBM0124,3492.62,2024,1,2024-01,monthly_baseload,EPIAS_VEP_daily_reference_price
2023-09-21,EBM0224,2935.98,2024,2,2024-02,monthly_baseload,EPIAS_VEP_daily_reference_price
2023-09-21,EBM0324,2732.96,2024,3,2024-03,monthly_baseload,EPIAS_VEP_daily_reference_price
2023-09-22,EBM1023,3155.28,2023,10,2023-10,monthly_baseload,EPIAS_VEP_daily_reference_price
2023-09-22,EBM1123,3025.62,2023,11,2023-11,monthly_baseload,EPIAS_VEP_daily_reference_price
2023-09-22,EBM1223,3307.09,2023,12,2023-12,monthly_baseload,EPIAS_VEP_daily_reference_price
2023-09-22,EBM0124,3492.62,2024,1,2024-01,monthly_baseload,EPIAS_VEP_daily_reference_price
2023-09-22,EBM0224,2935.98,2024,2,2024-02,monthly_baseload,EPIAS_VEP_daily_reference_price
2023-09-22,EBM0324,2732.96,2024,3,2024-03,monthly_baseload,EPIAS_VEP_daily_reference_price
2023-09-25,EBM1023,3155.28,2023,10,2023-10,monthly_baseload,EPIAS_VEP_daily_reference_price
2023-09-25,EBM1123,3025.62,2023,11,2023-11,monthly_baseload,EPIAS_VEP_daily_reference_price
2023-09-25,EBM1223,3307.09,2023,12,2023-12,monthly_baseload,EPIAS_VEP_daily_reference_price
2023-09-25,EBM0124,3492.62,2024,1,2024-01,monthly_baseload,EPIAS_VEP_daily_reference_price
2023-09-25,EBM0224,2935.98,2024,2,2024-02,monthly_baseload,EPIAS_VEP_daily_reference_price
2023-09-25,EBM0324,2732.96,2024,3,2024-03,monthly_baseload,EPIAS_VEP_daily_reference_price
2023-09-26,EBM1023,3155.28,2023,10,2023-10,monthly_baseload,EPIAS_VEP_daily_reference_price
2023-09-26,EBM1123,3025.62,2023,11,2023-11,monthly_baseload,EPIAS_VEP_daily_reference_price
2023-09-26,EBM1223,3307.09,2023,12,2023-12,monthly_baseload,EPIAS_VEP_daily_reference_price
2023-09-26,EBM0124,3492.62,2024,1,2024-01,monthly_baseload,EPIAS_VEP_daily_reference_price
2023-09-26,EBM0224,2935.98,2024,2,2024-02,monthly_baseload,EPIAS_VEP_daily_reference_price
2023-09-26,EBM0324,2732.96,2024,3,2024-03,monthly_baseload,EPIAS_VEP_daily_reference_price
2023-09-27,EBM1023,3155.28,2023,10,2023-10,monthly_baseload,EPIAS_VEP_daily_reference_price
2023-09-27,EBM1123,3025.62,2023,11,2023-11,monthly_baseload,EPIAS_VEP_daily_reference_price
2023-09-27,EBM1223,3307.09,2023,12,2023-12,monthly_baseload,EPIAS_VEP_daily_reference_price
2023-09-27,EBM0124,3492.62,2024,1,2024-01,monthly_baseload,EPIAS_VEP_daily_reference_price
2023-09-27,EBM0224,2935.98,2024,2,2024-02,monthly_baseload,EPIAS_VEP_daily_reference_price
2023-09-27,EBM0324,2732.96,2024,3,2024-03,monthly_baseload,EPIAS_VEP_daily_reference_price
2023-09-28,EBM1123,3025.62,2023,11,2023-11,monthly_baseload,EPIAS_VEP_daily_reference_price
2023-09-28,EBM1223,3307.09,2023,12,2023-12,monthly_baseload,EPIAS_VEP_daily_reference_price
2023-09-28,EBM0124,3722.85,2024,1,2024-01,monthly_baseload,EPIAS_VEP_daily_reference_price
2023-09-28,EBM0224,3129.52,2024,2,2024-02,monthly_baseload,EPIAS_VEP_daily_reference_price
2023-09-28,EBM0324,2913.12,2024,3,2024-03,monthly_baseload,EPIAS_VEP_daily_reference_price
2023-09-28,EBM0424,2124.98,2024,4,2024-04,monthly_baseload,EPIAS_VEP_daily_reference_price
2023-09-29,EBM1123,3025.62,2023,11,2023-11,monthly_baseload,EPIAS_VEP_daily_reference_price
2023-09-29,EBM1223,3307.09,2023,12,2023-12,monthly_baseload,EPIAS_VEP_daily_reference_price
2023-09-29,EBM0124,3722.85,2024,1,2024-01,monthly_baseload,EPIAS_VEP_daily_reference_price
2023-09-29,EBM0224,3129.52,2024,2,2024-02,monthly_baseload,EPIAS_VEP_daily_reference_price
2023-09-29,EBM0324,2913.12,2024,3,2024-03,monthly_baseload,EPIAS_VEP_daily_reference_price
2023-09-29,EBM0424,2124.98,2024,4,2024-04,monthly_baseload,EPIAS_VEP_daily_reference_price
2023-10-02,EBM1123,3025.62,2023,11,2023-11,monthly_baseload,EPIAS_VEP_daily_reference_price
2023-10-02,EBM1223,3307.09,2023,12,2023-12,monthly_baseload,EPIAS_VEP_daily_reference_price
2023-10-02,EBM0124,3722.85,2024,1,2024-01,monthly_baseload,EPIAS_VEP_daily_reference_price
2023-10-02,EBM0224,3129.52,2024,2,2024-02,monthly_baseload,EPIAS_VEP_daily_reference_price
2023-10-02,EBM0324,2913.12,2024,3,2024-03,monthly_baseload,EPIAS_VEP_daily_reference_price
2023-10-02,EBM0424,2124.98,2024,4,2024-04,monthly_baseload,EPIAS_VEP_daily_reference_price
2023-10-03,EBM1123,3025.62,2023,11,2023-11,monthly_baseload,EPIAS_VEP_daily_reference_price
2023-10-03,EBM1223,3307.09,2023,12,2023-12,monthly_baseload,EPIAS_VEP_daily_reference_price
2023-10-03,EBM0124,3722.85,2024,1,2024-01,monthly_baseload,EPIAS_VEP_daily_reference_price
2023-10-03,EBM0224,3129.52,2024,2,2024-02,monthly_baseload,EPIAS_VEP_daily_reference_price
2023-10-03,EBM0324,2913.12,2024,3,2024-03,monthly_baseload,EPIAS_VEP_daily_reference_price
2023-10-03,EBM0424,2124.98,2024,4,2024-04,monthly_baseload,EPIAS_VEP_daily_reference_price
2023-10-04,EBM1123,3025.62,2023,11,2023-11,monthly_baseload,EPIAS_VEP_daily_reference_price
2023-10-04,EBM1223,3307.09,2023,12,2023-12,monthly_baseload,EPIAS_VEP_daily_reference_price
2023-10-04,EBM0124,3722.85,2024,1,2024-01,monthly_baseload,EPIAS_VEP_daily_reference_price
2023-10-04,EBM0224,3129.52,2024,2,2024-02,monthly_baseload,EPIAS_VEP_daily_reference_price
2023-10-04,EBM0324,2913.12,2024,3,2024-03,monthly_baseload,EPIAS_VEP_daily_reference_price
2023-10-04,EBM0424,2124.98,2024,4,2024-04,monthly_baseload,EPIAS_VEP_daily_reference_price
2023-10-05,EBM1123,3025.62,2023,11,2023-11,monthly_baseload,EPIAS_VEP_daily_reference_price
2023-10-05,EBM1223,3307.09,2023,12,2023-12,monthly_baseload,EPIAS_VEP_daily_reference_price
2023-10-05,EBM0124,3722.85,2024,1,2024-01,monthly_baseload,EPIAS_VEP_daily_reference_price
2023-10-05,EBM0224,3129.52,2024,2,2024-02,monthly_baseload,EPIAS_VEP_daily_reference_price
2023-10-05,EBM0324,2913.12,2024,3,2024-03,monthly_baseload,EPIAS_VEP_daily_reference_price
2023-10-05,EBM0424,2124.98,2024,4,2024-04,monthly_baseload,EPIAS_VEP_daily_reference_price
2023-10-06,EBM1123,3025.62,2023,11,2023-11,monthly_baseload,EPIAS_VEP_daily_reference_price
2023-10-06,EBM1223,3307.09,2023,12,2023-12,monthly_baseload,EPIAS_VEP_daily_reference_price
2023-10-06,EBM0124,3722.85,2024,1,2024-01,monthly_baseload,EPIAS_VEP_daily_reference_price
2023-10-06,EBM0224,3129.52,2024,2,2024-02,monthly_baseload,EPIAS_VEP_daily_reference_price
2023-10-06,EBM0324,2913.12,2024,3,2024-03,monthly_baseload,EPIAS_VEP_daily_reference_price
2023-10-06,EBM0424,2124.98,2024,4,2024-04,monthly_baseload,EPIAS_VEP_daily_reference_price
2023-10-09,EBM1123,3025.62,2023,11,2023-11,monthly_baseload,EPIAS_VEP_daily_reference_price
2023-10-09,EBM1223,3307.09,2023,12,2023-12,monthly_baseload,EPIAS_VEP_daily_reference_price
2023-10-09,EBM0124,3722.85,2024,1,2024-01,monthly_baseload,EPIAS_VEP_daily_reference_price
2023-10-09,EBM0224,3129.52,2024,2,2024-02,monthly_baseload,EPIAS_VEP_daily_reference_price
2023-10-09,EBM0324,2913.12,2024,3,2024-03,monthly_baseload,EPIAS_VEP_daily_reference_price
2023-10-09,EBM0424,2124.98,2024,4,2024-04,monthly_baseload,EPIAS_VEP_daily_reference_price
2023-10-10,EBM1123,3025.62,2023,11,2023-11,monthly_baseload,EPIAS_VEP_daily_reference_price
2023-10-10,EBM1223,3307.09,2023,12,2023-12,monthly_baseload,EPIAS_VEP_daily_reference_price
2023-10-10,EBM0124,3722.85,2024,1,2024-01,monthly_baseload,EPIAS_VEP_daily_reference_price
2023-10-10,EBM0224,3129.52,2024,2,2024-02,monthly_baseload,EPIAS_VEP_daily_reference_price
2023-10-10,EBM0324,2913.12,2024,3,2024-03,monthly_baseload,EPIAS_VEP_daily_reference_price
2023-10-10,EBM0424,2124.98,2024,4,2024-04,monthly_baseload,EPIAS_VEP_daily_reference_price
2023-10-11,EBM1123,3025.62,2023,11,2023-11,monthly_baseload,EPIAS_VEP_daily_reference_price
2023-10-11,EBM1223,3307.09,2023,12,2023-12,monthly_baseload,EPIAS_VEP_daily_reference_price
2023-10-11,EBM0124,3722.85,2024,1,2024-01,monthly_baseload,EPIAS_VEP_daily_reference_price
2023-10-11,EBM0224,3129.52,2024,2,2024-02,monthly_baseload,EPIAS_VEP_daily_reference_price
2023-10-11,EBM0324,2913.12,2024,3,2024-03,monthly_baseload,EPIAS_VEP_daily_reference_price
2023-10-11,EBM0424,2124.98,2024,4,2024-04,monthly_baseload,EPIAS_VEP_daily_reference_price
2023-10-12,EBM1123,3025.62,2023,11,2023-11,monthly_baseload,EPIAS_VEP_daily_reference_price
2023-10-12,EBM1223,3307.09,2023,12,2023-12,monthly_baseload,EPIAS_VEP_daily_reference_price
2023-10-12,EBM0124,3722.85,2024,1,2024-01,monthly_baseload,EPIAS_VEP_daily_reference_price
2023-10-12,EBM0224,3129.52,2024,2,2024-02,monthly_baseload,EPIAS_VEP_daily_reference_price
2023-10-12,EBM0324,2913.12,2024,3,2024-03,monthly_baseload,EPIAS_VEP_daily_reference_price
2023-10-12,EBM0424,2124.98,2024,4,2024-04,monthly_baseload,EPIAS_VEP_daily_reference_price
2023-10-13,EBM1123,3025.62,2023,11,2023-11,monthly_baseload,EPIAS_VEP_daily_reference_price
2023-10-13,EBM1223,3307.09,2023,12,2023-12,monthly_baseload,EPIAS_VEP_daily_reference_price
2023-10-13,EBM0124,3722.85,2024,1,2024-01,monthly_baseload,EPIAS_VEP_daily_reference_price
2023-10-13,EBM0224,3129.52,2024,2,2024-02,monthly_baseload,EPIAS_VEP_daily_reference_price
2023-10-13,EBM0324,2913.12,2024,3,2024-03,monthly_baseload,EPIAS_VEP_daily_reference_price
2023-10-13,EBM0424,2124.98,2024,4,2024-04,monthly_baseload,EPIAS_VEP_daily_reference_price
2023-10-16,EBM1123,3025.62,2023,11,2023-11,monthly_baseload,EPIAS_VEP_daily_reference_price
2023-10-16,EBM1223,3307.09,2023,12,2023-12,monthly_baseload,EPIAS_VEP_daily_reference_price
2023-10-16,EBM0124,3722.85,2024,1,2024-01,monthly_baseload,EPIAS_VEP_daily_reference_price
2023-10-16,EBM0224,3129.52,2024,2,2024-02,monthly_baseload,EPIAS_VEP_daily_reference_price
2023-10-16,EBM0324,2913.12,2024,3,2024-03,monthly_baseload,EPIAS_VEP_daily_reference_price
2023-10-16,EBM0424,2124.98,2024,4,2024-04,monthly_baseload,EPIAS_VEP_daily_reference_price
2023-10-17,EBM1123,3025.62,2023,11,2023-11,monthly_baseload,EPIAS_VEP_daily_reference_price
2023-10-17,EBM1223,3307.09,2023,12,2023-12,monthly_baseload,EPIAS_VEP_daily_reference_price
2023-10-17,EBM0124,3722.85,2024,1,2024-01,monthly_baseload,EPIAS_VEP_daily_reference_price
2023-10-17,EBM0224,3129.52,2024,2,2024-02,monthly_baseload,EPIAS_VEP_daily_reference_price
2023-10-17,EBM0324,2913.12,2024,3,2024-03,monthly_baseload,EPIAS_VEP_daily_reference_price
2023-10-17,EBM0424,2124.98,2024,4,2024-04,monthly_baseload,EPIAS_VEP_daily_reference_price
2023-10-18,EBM1123,3025.62,2023,11,2023-11,monthly_baseload,EPIAS_VEP_daily_reference_price
2023-10-18,EBM1223,3307.09,2023,12,2023-12,monthly_baseload,EPIAS_VEP_daily_reference_price
2023-10-18,EBM0124,3722.85,2024,1,2024-01,monthly_baseload,EPIAS_VEP_daily_reference_price
2023-10-18,EBM0224,3129.52,2024,2,2024-02,monthly_baseload,EPIAS_VEP_daily_reference_price
2023-10-18,EBM0324,2913.12,2024,3,2024-03,monthly_baseload,EPIAS_VEP_daily_reference_price
2023-10-18,EBM0424,2124.98,2024,4,2024-04,monthly_baseload,EPIAS_VEP_daily_reference_price
2023-10-19,EBM1123,3025.62,2023,11,2023-11,monthly_baseload,EPIAS_VEP_daily_reference_price
2023-10-19,EBM1223,3307.09,2023,12,2023-12,monthly_baseload,EPIAS_VEP_daily_reference_price
2023-10-19,EBM0124,3722.85,2024,1,2024-01,monthly_baseload,EPIAS_VEP_daily_reference_price
2023-10-19,EBM0224,3129.52,2024,2,2024-02,monthly_baseload,EPIAS_VEP_daily_reference_price
2023-10-19,EBM0324,2913.12,2024,3,2024-03,monthly_baseload,EPIAS_VEP_daily_reference_price
2023-10-19,EBM0424,2124.98,2024,4,2024-04,monthly_baseload,EPIAS_VEP_daily_reference_price
2023-10-20,EBM1123,3025.62,2023,11,2023-11,monthly_baseload,EPIAS_VEP_daily_reference_price
2023-10-20,EBM1223,3307.09,2023,12,2023-12,monthly_baseload,EPIAS_VEP_daily_reference_price
2023-10-20,EBM0124,3722.85,2024,1,2024-01,monthly_baseload,EPIAS_VEP_daily_reference_price
2023-10-20,EBM0224,3129.52,2024,2,2024-02,monthly_baseload,EPIAS_VEP_daily_reference_price
2023-10-20,EBM0324,2913.12,2024,3,2024-03,monthly_baseload,EPIAS_VEP_daily_reference_price
2023-10-20,EBM0424,2124.98,2024,4,2024-04,monthly_baseload,EPIAS_VEP_daily_reference_price
2023-10-23,EBM1123,3025.62,2023,11,2023-11,monthly_baseload,EPIAS_VEP_daily_reference_price
2023-10-23,EBM1223,3307.09,2023,12,2023-12,monthly_baseload,EPIAS_VEP_daily_reference_price
2023-10-23,EBM0124,3722.85,2024,1,2024-01,monthly_baseload,EPIAS_VEP_daily_reference_price
2023-10-23,EBM0224,3129.52,2024,2,2024-02,monthly_baseload,EPIAS_VEP_daily_reference_price
2023-10-23,EBM0324,2913.12,2024,3,2024-03,monthly_baseload,EPIAS_VEP_daily_reference_price
2023-10-23,EBM0424,2124.98,2024,4,2024-04,monthly_baseload,EPIAS_VEP_daily_reference_price
2023-10-24,EBM1123,3025.62,2023,11,2023-11,monthly_baseload,EPIAS_VEP_daily_reference_price
2023-10-24,EBM1223,3307.09,2023,12,2023-12,monthly_baseload,EPIAS_VEP_daily_reference_price
2023-10-24,EBM0124,3722.85,2024,1,2024-01,monthly_baseload,EPIAS_VEP_daily_reference_price
2023-10-24,EBM0224,3129.52,2024,2,2024-02,monthly_baseload,EPIAS_VEP_daily_reference_price
2023-10-24,EBM0324,2913.12,2024,3,2024-03,monthly_baseload,EPIAS_VEP_daily_reference_price
2023-10-24,EBM0424,2124.98,2024,4,2024-04,monthly_baseload,EPIAS_VEP_daily_reference_price
2023-10-25,EBM1123,3025.62,2023,11,2023-11,monthly_baseload,EPIAS_VEP_daily_reference_price
2023-10-25,EBM1223,3307.09,2023,12,2023-12,monthly_baseload,EPIAS_VEP_daily_reference_price
2023-10-25,EBM0124,3722.85,2024,1,2024-01,monthly_baseload,EPIAS_VEP_daily_reference_price
2023-10-25,EBM0224,3129.52,2024,2,2024-02,monthly_baseload,EPIAS_VEP_daily_reference_price
2023-10-25,EBM0324,2913.12,2024,3,2024-03,monthly_baseload,EPIAS_VEP_daily_reference_price
2023-10-25,EBM0424,2124.98,2024,4,2024-04,monthly_baseload,EPIAS_VEP_daily_reference_price
2023-10-26,EBM1123,3025.62,2023,11,2023-11,monthly_baseload,EPIAS_VEP_daily_reference_price
2023-10-26,EBM1223,3307.09,2023,12,2023-12,monthly_baseload,EPIAS_VEP_daily_reference_price
2023-10-26,EBM0124,3722.85,2024,1,2024-01,monthly_baseload,EPIAS_VEP_daily_reference_price
2023-10-26,EBM0224,3129.52,2024,2,2024-02,monthly_baseload,EPIAS_VEP_daily_reference_price
2023-10-26,EBM0324,2913.12,2024,3,2024-03,monthly_baseload,EPIAS_VEP_daily_reference_price
2023-10-26,EBM0424,2124.98,2024,4,2024-04,monthly_baseload,EPIAS_VEP_daily_reference_price
2023-10-27,EBM1123,3025.62,2023,11,2023-11,monthly_baseload,EPIAS_VEP_daily_reference_price
2023-10-27,EBM1223,3307.09,2023,12,2023-12,monthly_baseload,EPIAS_VEP_daily_reference_price
2023-10-27,EBM0124,3722.85,2024,1,2024-01,monthly_baseload,EPIAS_VEP_daily_reference_price
2023-10-27,EBM0224,3129.52,2024,2,2024-02,monthly_baseload,EPIAS_VEP_daily_reference_price
2023-10-27,EBM0324,2913.12,2024,3,2024-03,monthly_baseload,EPIAS_VEP_daily_reference_price
2023-10-27,EBM0424,2124.98,2024,4,2024-04,monthly_baseload,EPIAS_VEP_daily_reference_price
2023-10-30,EBM1223,3307.09,2023,12,2023-12,monthly_baseload,EPIAS_VEP_daily_reference_price
2023-10-30,EBM0124,3722.85,2024,1,2024-01,monthly_baseload,EPIAS_VEP_daily_reference_price
2023-10-30,EBM0224,3129.52,2024,2,2024-02,monthly_baseload,EPIAS_VEP_daily_reference_price
2023-10-30,EBM0324,2913.12,2024,3,2024-03,monthly_baseload,EPIAS_VEP_daily_reference_price
2023-10-30,EBM0424,2124.98,2024,4,2024-04,monthly_baseload,EPIAS_VEP_daily_reference_price
2023-10-30,EBM0524,2288.74,2024,5,2024-05,monthly_baseload,EPIAS_VEP_daily_reference_price
2023-10-31,EBM1223,3307.09,2023,12,2023-12,monthly_baseload,EPIAS_VEP_daily_reference_price
2023-10-31,EBM0124,3722.85,2024,1,2024-01,monthly_baseload,EPIAS_VEP_daily_reference_price
2023-10-31,EBM0224,3129.52,2024,2,2024-02,monthly_baseload,EPIAS_VEP_daily_reference_price
2023-10-31,EBM0324,2913.12,2024,3,2024-03,monthly_baseload,EPIAS_VEP_daily_reference_price
2023-10-31,EBM0424,2124.98,2024,4,2024-04,monthly_baseload,EPIAS_VEP_daily_reference_price
2023-10-31,EBM0524,2288.74,2024,5,2024-05,monthly_baseload,EPIAS_VEP_daily_reference_price
2023-11-01,EBM1223,3307.09,2023,12,2023-12,monthly_baseload,EPIAS_VEP_daily_reference_price
2023-11-01,EBM0124,3722.85,2024,1,2024-01,monthly_baseload,EPIAS_VEP_daily_reference_price
2023-11-01,EBM0224,3129.52,2024,2,2024-02,monthly_baseload,EPIAS_VEP_daily_reference_price
2023-11-01,EBM0324,2913.12,2024,3,2024-03,monthly_baseload,EPIAS_VEP_daily_reference_price
2023-11-01,EBM0424,2124.98,2024,4,2024-04,monthly_baseload,EPIAS_VEP_daily_reference_price
2023-11-01,EBM0524,2288.74,2024,5,2024-05,monthly_baseload,EPIAS_VEP_daily_reference_price
2023-11-02,EBM1223,3307.09,2023,12,2023-12,monthly_baseload,EPIAS_VEP_daily_reference_price
2023-11-02,EBM0124,3722.85,2024,1,2024-01,monthly_baseload,EPIAS_VEP_daily_reference_price
2023-11-02,EBM0224,3129.52,2024,2,2024-02,monthly_baseload,EPIAS_VEP_daily_reference_price
2023-11-02,EBM0324,2913.12,2024,3,2024-03,monthly_baseload,EPIAS_VEP_daily_reference_price
2023-11-02,EBM0424,2124.98,2024,4,2024-04,monthly_baseload,EPIAS_VEP_daily_reference_price
2023-11-02,EBM0524,2288.74,2024,5,2024-05,monthly_baseload,EPIAS_VEP_daily_reference_price
2023-11-03,EBM1223,3307.09,2023,12,2023-12,monthly_baseload,EPIAS_VEP_daily_reference_price
2023-11-03,EBM0124,3722.85,2024,1,2024-01,monthly_baseload,EPIAS_VEP_daily_reference_price
2023-11-03,EBM0224,3129.52,2024,2,2024-02,monthly_baseload,EPIAS_VEP_daily_reference_price
2023-11-03,EBM0324,2913.12,2024,3,2024-03,monthly_baseload,EPIAS_VEP_daily_reference_price
2023-11-03,EBM0424,2124.98,2024,4,2024-04,monthly_baseload,EPIAS_VEP_daily_reference_price
2023-11-03,EBM0524,2288.74,2024,5,2024-05,monthly_baseload,EPIAS_VEP_daily_reference_price
2023-11-06,EBM1223,3307.09,2023,12,2023-12,monthly_baseload,EPIAS_VEP_daily_reference_price
2023-11-06,EBM0124,3722.85,2024,1,2024-01,monthly_baseload,EPIAS_VEP_daily_reference_price
2023-11-06,EBM0224,3129.52,2024,2,2024-02,monthly_baseload,EPIAS_VEP_daily_reference_price
2023-11-06,EBM0324,2913.12,2024,3,2024-03,monthly_baseload,EPIAS_VEP_daily_reference_price
2023-11-06,EBM0424,2124.98,2024,4,2024-04,monthly_baseload,EPIAS_VEP_daily_reference_price
2023-11-06,EBM0524,2288.74,2024,5,2024-05,monthly_baseload,EPIAS_VEP_daily_reference_price
2023-11-07,EBM1223,3307.09,2023,12,2023-12,monthly_baseload,EPIAS_VEP_daily_reference_price
2023-11-07,EBM0124,3722.85,2024,1,2024-01,monthly_baseload,EPIAS_VEP_daily_reference_price
2023-11-07,EBM0224,3129.52,2024,2,2024-02,monthly_baseload,EPIAS_VEP_daily_reference_price
2023-11-07,EBM0324,2913.12,2024,3,2024-03,monthly_baseload,EPIAS_VEP_daily_reference_price
2023-11-07,EBM0424,2124.98,2024,4,2024-04,monthly_baseload,EPIAS_VEP_daily_reference_price
2023-11-07,EBM0524,2288.74,2024,5,2024-05,monthly_baseload,EPIAS_VEP_daily_reference_price
2023-11-08,EBM1223,3307.09,2023,12,2023-12,monthly_baseload,EPIAS_VEP_daily_reference_price
2023-11-08,EBM0124,3722.85,2024,1,2024-01,monthly_baseload,EPIAS_VEP_daily_reference_price
2023-11-08,EBM0224,3129.52,2024,2,2024-02,monthly_baseload,EPIAS_VEP_daily_reference_price
2023-11-08,EBM0324,2913.12,2024,3,2024-03,monthly_baseload,EPIAS_VEP_daily_reference_price
2023-11-08,EBM0424,2124.98,2024,4,2024-04,monthly_baseload,EPIAS_VEP_daily_reference_price
2023-11-08,EBM0524,2288.74,2024,5,2024-05,monthly_baseload,EPIAS_VEP_daily_reference_price
2023-11-09,EBM1223,3307.09,2023,12,2023-12,monthly_baseload,EPIAS_VEP_daily_reference_price
2023-11-09,EBM0124,3722.85,2024,1,2024-01,monthly_baseload,EPIAS_VEP_daily_reference_price
2023-11-09,EBM0224,3129.52,2024,2,2024-02,monthly_baseload,EPIAS_VEP_daily_reference_price
2023-11-09,EBM0324,2913.12,2024,3,2024-03,monthly_baseload,EPIAS_VEP_daily_reference_price
2023-11-09,EBM0424,2124.98,2024,4,2024-04,monthly_baseload,EPIAS_VEP_daily_reference_price
2023-11-09,EBM0524,2288.74,2024,5,2024-05,monthly_baseload,EPIAS_VEP_daily_reference_price
2023-11-10,EBM1223,3307.09,2023,12,2023-12,monthly_baseload,EPIAS_VEP_daily_reference_price
2023-11-10,EBM0124,3722.85,2024,1,2024-01,monthly_baseload,EPIAS_VEP_daily_reference_price
2023-11-10,EBM0224,3129.52,2024,2,2024-02,monthly_baseload,EPIAS_VEP_daily_reference_price
2023-11-10,EBM0324,2913.12,2024,3,2024-03,monthly_baseload,EPIAS_VEP_daily_reference_price
2023-11-10,EBM0424,2124.98,2024,4,2024-04,monthly_baseload,EPIAS_VEP_daily_reference_price
2023-11-10,EBM0524,2288.74,2024,5,2024-05,monthly_baseload,EPIAS_VEP_daily_reference_price
2023-11-13,EBM1223,3307.09,2023,12,2023-12,monthly_baseload,EPIAS_VEP_daily_reference_price
2023-11-13,EBM0124,3722.85,2024,1,2024-01,monthly_baseload,EPIAS_VEP_daily_reference_price
2023-11-13,EBM0224,3129.52,2024,2,2024-02,monthly_baseload,EPIAS_VEP_daily_reference_price
2023-11-13,EBM0324,2913.12,2024,3,2024-03,monthly_baseload,EPIAS_VEP_daily_reference_price
2023-11-13,EBM0424,2124.98,2024,4,2024-04,monthly_baseload,EPIAS_VEP_daily_reference_price
2023-11-13,EBM0524,2288.74,2024,5,2024-05,monthly_baseload,EPIAS_VEP_daily_reference_price
2023-11-14,EBM1223,3307.09,2023,12,2023-12,monthly_baseload,EPIAS_VEP_daily_reference_price
2023-11-14,EBM0124,3722.85,2024,1,2024-01,monthly_baseload,EPIAS_VEP_daily_reference_price
2023-11-14,EBM0224,3129.52,2024,2,2024-02,monthly_baseload,EPIAS_VEP_daily_reference_price
2023-11-14,EBM0324,2913.12,2024,3,2024-03,monthly_baseload,EPIAS_VEP_daily_reference_price
2023-11-14,EBM0424,2124.98,2024,4,2024-04,monthly_baseload,EPIAS_VEP_daily_reference_price
2023-11-14,EBM0524,2288.74,2024,5,2024-05,monthly_baseload,EPIAS_VEP_daily_reference_price
2023-11-15,EBM1223,3307.09,2023,12,2023-12,monthly_baseload,EPIAS_VEP_daily_reference_price
2023-11-15,EBM0124,3722.85,2024,1,2024-01,monthly_baseload,EPIAS_VEP_daily_reference_price
2023-11-15,EBM0224,3129.52,2024,2,2024-02,monthly_baseload,EPIAS_VEP_daily_reference_price
2023-11-15,EBM0324,2913.12,2024,3,2024-03,monthly_baseload,EPIAS_VEP_daily_reference_price
2023-11-15,EBM0424,2124.98,2024,4,2024-04,monthly_baseload,EPIAS_VEP_daily_reference_price
2023-11-15,EBM0524,2288.74,2024,5,2024-05,monthly_baseload,EPIAS_VEP_daily_reference_price
2023-11-16,EBM1223,3307.09,2023,12,2023-12,monthly_baseload,EPIAS_VEP_daily_reference_price
2023-11-16,EBM0124,3722.85,2024,1,2024-01,monthly_baseload,EPIAS_VEP_daily_reference_price
2023-11-16,EBM0224,3129.52,2024,2,2024-02,monthly_baseload,EPIAS_VEP_daily_reference_price
2023-11-16,EBM0324,2913.12,2024,3,2024-03,monthly_baseload,EPIAS_VEP_daily_reference_price
2023-11-16,EBM0424,2124.98,2024,4,2024-04,monthly_baseload,EPIAS_VEP_daily_reference_price
2023-11-16,EBM0524,2288.74,2024,5,2024-05,monthly_baseload,EPIAS_VEP_daily_reference_price
2023-11-17,EBM1223,3307.09,2023,12,2023-12,monthly_baseload,EPIAS_VEP_daily_reference_price
2023-11-17,EBM0124,3722.85,2024,1,2024-01,monthly_baseload,EPIAS_VEP_daily_reference_price
2023-11-17,EBM0224,3129.52,2024,2,2024-02,monthly_baseload,EPIAS_VEP_daily_reference_price
2023-11-17,EBM0324,2913.12,2024,3,2024-03,monthly_baseload,EPIAS_VEP_daily_reference_price
2023-11-17,EBM0424,2124.98,2024,4,2024-04,monthly_baseload,EPIAS_VEP_daily_reference_price
2023-11-17,EBM0524,2288.74,2024,5,2024-05,monthly_baseload,EPIAS_VEP_daily_reference_price
2023-11-20,EBM1223,3307.09,2023,12,2023-12,monthly_baseload,EPIAS_VEP_daily_reference_price
2023-11-20,EBM0124,3722.85,2024,1,2024-01,monthly_baseload,EPIAS_VEP_daily_reference_price
2023-11-20,EBM0224,3129.52,2024,2,2024-02,monthly_baseload,EPIAS_VEP_daily_reference_price
2023-11-20,EBM0324,2913.12,2024,3,2024-03,monthly_baseload,EPIAS_VEP_daily_reference_price
2023-11-20,EBM0424,2124.98,2024,4,2024-04,monthly_baseload,EPIAS_VEP_daily_reference_price
2023-11-20,EBM0524,2288.74,2024,5,2024-05,monthly_baseload,EPIAS_VEP_daily_reference_price
2023-11-21,EBM1223,3307.09,2023,12,2023-12,monthly_baseload,EPIAS_VEP_daily_reference_price
2023-11-21,EBM0124,3722.85,2024,1,2024-01,monthly_baseload,EPIAS_VEP_daily_reference_price
2023-11-21,EBM0224,3129.52,2024,2,2024-02,monthly_baseload,EPIAS_VEP_daily_reference_price
2023-11-21,EBM0324,2913.12,2024,3,2024-03,monthly_baseload,EPIAS_VEP_daily_reference_price
2023-11-21,EBM0424,2124.98,2024,4,2024-04,monthly_baseload,EPIAS_VEP_daily_reference_price
2023-11-21,EBM0524,2288.74,2024,5,2024-05,monthly_baseload,EPIAS_VEP_daily_reference_price
2023-11-22,EBM1223,3307.09,2023,12,2023-12,monthly_baseload,EPIAS_VEP_daily_reference_price
2023-11-22,EBM0124,3722.85,2024,1,2024-01,monthly_baseload,EPIAS_VEP_daily_reference_price
2023-11-22,EBM0224,3129.52,2024,2,2024-02,monthly_baseload,EPIAS_VEP_daily_reference_price
2023-11-22,EBM0324,2913.12,2024,3,2024-03,monthly_baseload,EPIAS_VEP_daily_reference_price
2023-11-22,EBM0424,2124.98,2024,4,2024-04,monthly_baseload,EPIAS_VEP_daily_reference_price
2023-11-22,EBM0524,2288.74,2024,5,2024-05,monthly_baseload,EPIAS_VEP_daily_reference_price
2023-11-23,EBM1223,3307.09,2023,12,2023-12,monthly_baseload,EPIAS_VEP_daily_reference_price
2023-11-23,EBM0124,3722.85,2024,1,2024-01,monthly_baseload,EPIAS_VEP_daily_reference_price
2023-11-23,EBM0224,3129.52,2024,2,2024-02,monthly_baseload,EPIAS_VEP_daily_reference_price
2023-11-23,EBM0324,2913.12,2024,3,2024-03,monthly_baseload,EPIAS_VEP_daily_reference_price
2023-11-23,EBM0424,2124.98,2024,4,2024-04,monthly_baseload,EPIAS_VEP_daily_reference_price
2023-11-23,EBM0524,2288.74,2024,5,2024-05,monthly_baseload,EPIAS_VEP_daily_reference_price
2023-11-24,EBM1223,3307.09,2023,12,2023-12,monthly_baseload,EPIAS_VEP_daily_reference_price
2023-11-24,EBM0124,3722.85,2024,1,2024-01,monthly_baseload,EPIAS_VEP_daily_reference_price
2023-11-24,EBM0224,3129.52,2024,2,2024-02,monthly_baseload,EPIAS_VEP_daily_reference_price
2023-11-24,EBM0324,2913.12,2024,3,2024-03,monthly_baseload,EPIAS_VEP_daily_reference_price
2023-11-24,EBM0424,2124.98,2024,4,2024-04,monthly_baseload,EPIAS_VEP_daily_reference_price
2023-11-24,EBM0524,2288.74,2024,5,2024-05,monthly_baseload,EPIAS_VEP_daily_reference_price
2023-11-27,EBM1223,3307.09,2023,12,2023-12,monthly_baseload,EPIAS_VEP_daily_reference_price
2023-11-27,EBM0124,3722.85,2024,1,2024-01,monthly_baseload,EPIAS_VEP_daily_reference_price
2023-11-27,EBM0224,3129.52,2024,2,2024-02,monthly_baseload,EPIAS_VEP_daily_reference_price
2023-11-27,EBM0324,2913.12,2024,3,2024-03,monthly_baseload,EPIAS_VEP_daily_reference_price
2023-11-27,EBM0424,2124.98,2024,4,2024-04,monthly_baseload,EPIAS_VEP_daily_reference_price
2023-11-27,EBM0524,2288.74,2024,5,2024-05,monthly_baseload,EPIAS_VEP_daily_reference_price
2023-11-28,EBM1223,3307.09,2023,12,2023-12,monthly_baseload,EPIAS_VEP_daily_reference_price
2023-11-28,EBM0124,3722.85,2024,1,2024-01,monthly_baseload,EPIAS_VEP_daily_reference_price
2023-11-28,EBM0224,3129.52,2024,2,2024-02,monthly_baseload,EPIAS_VEP_daily_reference_price
2023-11-28,EBM0324,2913.12,2024,3,2024-03,monthly_baseload,EPIAS_VEP_daily_reference_price
2023-11-28,EBM0424,2124.98,2024,4,2024-04,monthly_baseload,EPIAS_VEP_daily_reference_price
2023-11-28,EBM0524,2288.74,2024,5,2024-05,monthly_baseload,EPIAS_VEP_daily_reference_price
2023-11-29,EBM0124,3593.34,2024,1,2024-01,monthly_baseload,EPIAS_VEP_daily_reference_price
2023-11-29,EBM0224,3020.65,2024,2,2024-02,monthly_baseload,EPIAS_VEP_daily_reference_price
2023-11-29,EBM0324,2811.78,2024,3,2024-03,monthly_baseload,EPIAS_VEP_daily_reference_price
2023-11-29,EBM0424,3171.6,2024,4,2024-04,monthly_baseload,EPIAS_VEP_daily_reference_price
2023-11-29,EBM0524,3416.02,2024,5,2024-05,monthly_baseload,EPIAS_VEP_daily_reference_price
2023-11-29,EBM0624,2908.5,2024,6,2024-06,monthly_baseload,EPIAS_VEP_daily_reference_price
2023-11-30,EBM0124,3593.34,2024,1,2024-01,monthly_baseload,EPIAS_VEP_daily_reference_price
2023-11-30,EBM0224,3020.65,2024,2,2024-02,monthly_baseload,EPIAS_VEP_daily_reference_price
2023-11-30,EBM0324,2811.78,2024,3,2024-03,monthly_baseload,EPIAS_VEP_daily_reference_price
2023-11-30,EBM0424,3171.6,2024,4,2024-04,monthly_baseload,EPIAS_VEP_daily_reference_price
2023-11-30,EBM0524,3416.02,2024,5,2024-05,monthly_baseload,EPIAS_VEP_daily_reference_price
2023-11-30,EBM0624,2908.5,2024,6,2024-06,monthly_baseload,EPIAS_VEP_daily_reference_price
2023-12-01,EBM0124,3593.34,2024,1,2024-01,monthly_baseload,EPIAS_VEP_daily_reference_price
2023-12-01,EBM0224,3020.65,2024,2,2024-02,monthly_baseload,EPIAS_VEP_daily_reference_price
2023-12-01,EBM0324,2811.78,2024,3,2024-03,monthly_baseload,EPIAS_VEP_daily_reference_price
2023-12-01,EBM0424,3171.6,2024,4,2024-04,monthly_baseload,EPIAS_VEP_daily_reference_price
2023-12-01,EBM0524,3416.02,2024,5,2024-05,monthly_baseload,EPIAS_VEP_daily_reference_price
2023-12-01,EBM0624,2908.5,2024,6,2024-06,monthly_baseload,EPIAS_VEP_daily_reference_price
2023-12-04,EBM0124,3593.34,2024,1,2024-01,monthly_baseload,EPIAS_VEP_daily_reference_price
2023-12-04,EBM0224,3020.65,2024,2,2024-02,monthly_baseload,EPIAS_VEP_daily_reference_price
2023-12-04,EBM0324,2811.78,2024,3,2024-03,monthly_baseload,EPIAS_VEP_daily_reference_price
2023-12-04,EBM0424,3171.6,2024,4,2024-04,monthly_baseload,EPIAS_VEP_daily_reference_price
2023-12-04,EBM0524,3416.02,2024,5,2024-05,monthly_baseload,EPIAS_VEP_daily_reference_price
2023-12-04,EBM0624,2908.5,2024,6,2024-06,monthly_baseload,EPIAS_VEP_daily_reference_price
2023-12-05,EBM0124,3593.34,2024,1,2024-01,monthly_baseload,EPIAS_VEP_daily_reference_price
2023-12-05,EBM0224,3020.65,2024,2,2024-02,monthly_baseload,EPIAS_VEP_daily_reference_price
2023-12-05,EBM0324,2811.78,2024,3,2024-03,monthly_baseload,EPIAS_VEP_daily_reference_price
2023-12-05,EBM0424,3171.6,2024,4,2024-04,monthly_baseload,EPIAS_VEP_daily_reference_price
2023-12-05,EBM0524,3416.02,2024,5,2024-05,monthly_baseload,EPIAS_VEP_daily_reference_price
2023-12-05,EBM0624,2908.5,2024,6,2024-06,monthly_baseload,EPIAS_VEP_daily_reference_price
2023-12-06,EBM0124,3593.34,2024,1,2024-01,monthly_baseload,EPIAS_VEP_daily_reference_price
2023-12-06,EBM0224,3020.65,2024,2,2024-02,monthly_baseload,EPIAS_VEP_daily_reference_price
2023-12-06,EBM0324,2811.78,2024,3,2024-03,monthly_baseload,EPIAS_VEP_daily_reference_price
2023-12-06,EBM0424,3171.6,2024,4,2024-04,monthly_baseload,EPIAS_VEP_daily_reference_price
2023-12-06,EBM0524,3416.02,2024,5,2024-05,monthly_baseload,EPIAS_VEP_daily_reference_price
2023-12-06,EBM0624,2908.5,2024,6,2024-06,monthly_baseload,EPIAS_VEP_daily_reference_price
2023-12-07,EBM0124,3593.34,2024,1,2024-01,monthly_baseload,EPIAS_VEP_daily_reference_price
2023-12-07,EBM0224,3020.65,2024,2,2024-02,monthly_baseload,EPIAS_VEP_daily_reference_price
2023-12-07,EBM0324,2811.78,2024,3,2024-03,monthly_baseload,EPIAS_VEP_daily_reference_price
2023-12-07,EBM0424,3171.6,2024,4,2024-04,monthly_baseload,EPIAS_VEP_daily_reference_price
2023-12-07,EBM0524,3416.02,2024,5,2024-05,monthly_baseload,EPIAS_VEP_daily_reference_price
2023-12-07,EBM0624,2908.5,2024,6,2024-06,monthly_baseload,EPIAS_VEP_daily_reference_price
2023-12-08,EBM0124,3593.34,2024,1,2024-01,monthly_baseload,EPIAS_VEP_daily_reference_price
2023-12-08,EBM0224,3020.65,2024,2,2024-02,monthly_baseload,EPIAS_VEP_daily_reference_price
2023-12-08,EBM0324,2811.78,2024,3,2024-03,monthly_baseload,EPIAS_VEP_daily_reference_price
2023-12-08,EBM0424,3171.6,2024,4,2024-04,monthly_baseload,EPIAS_VEP_daily_reference_price
2023-12-08,EBM0524,3416.02,2024,5,2024-05,monthly_baseload,EPIAS_VEP_daily_reference_price
2023-12-08,EBM0624,2908.5,2024,6,2024-06,monthly_baseload,EPIAS_VEP_daily_reference_price
2023-12-11,EBM0124,3593.34,2024,1,2024-01,monthly_baseload,EPIAS_VEP_daily_reference_price
2023-12-11,EBM0224,3020.65,2024,2,2024-02,monthly_baseload,EPIAS_VEP_daily_reference_price
2023-12-11,EBM0324,2811.78,2024,3,2024-03,monthly_baseload,EPIAS_VEP_daily_reference_price
2023-12-11,EBM0424,3171.6,2024,4,2024-04,monthly_baseload,EPIAS_VEP_daily_reference_price
2023-12-11,EBM0524,3416.02,2024,5,2024-05,monthly_baseload,EPIAS_VEP_daily_reference_price
2023-12-11,EBM0624,2908.5,2024,6,2024-06,monthly_baseload,EPIAS_VEP_daily_reference_price
2023-12-12,EBM0124,3593.34,2024,1,2024-01,monthly_baseload,EPIAS_VEP_daily_reference_price
2023-12-12,EBM0224,3020.65,2024,2,2024-02,monthly_baseload,EPIAS_VEP_daily_reference_price
2023-12-12,EBM0324,2811.78,2024,3,2024-03,monthly_baseload,EPIAS_VEP_daily_reference_price
2023-12-12,EBM0424,3171.6,2024,4,2024-04,monthly_baseload,EPIAS_VEP_daily_reference_price
2023-12-12,EBM0524,3416.02,2024,5,2024-05,monthly_baseload,EPIAS_VEP_daily_reference_price
2023-12-12,EBM0624,2908.5,2024,6,2024-06,monthly_baseload,EPIAS_VEP_daily_reference_price
2023-12-13,EBM0124,3593.34,2024,1,2024-01,monthly_baseload,EPIAS_VEP_daily_reference_price
2023-12-13,EBM0224,3020.65,2024,2,2024-02,monthly_baseload,EPIAS_VEP_daily_reference_price
2023-12-13,EBM0324,2811.78,2024,3,2024-03,monthly_baseload,EPIAS_VEP_daily_reference_price
2023-12-13,EBM0424,3171.6,2024,4,2024-04,monthly_baseload,EPIAS_VEP_daily_reference_price
2023-12-13,EBM0524,3416.02,2024,5,2024-05,monthly_baseload,EPIAS_VEP_daily_reference_price
2023-12-13,EBM0624,2908.5,2024,6,2024-06,monthly_baseload,EPIAS_VEP_daily_reference_price
2023-12-14,EBM0124,3593.34,2024,1,2024-01,monthly_baseload,EPIAS_VEP_daily_reference_price
2023-12-14,EBM0224,3020.65,2024,2,2024-02,monthly_baseload,EPIAS_VEP_daily_reference_price
2023-12-14,EBM0324,2811.78,2024,3,2024-03,monthly_baseload,EPIAS_VEP_daily_reference_price
2023-12-14,EBM0424,3171.6,2024,4,2024-04,monthly_baseload,EPIAS_VEP_daily_reference_price
2023-12-14,EBM0524,3416.02,2024,5,2024-05,monthly_baseload,EPIAS_VEP_daily_reference_price
2023-12-14,EBM0624,2908.5,2024,6,2024-06,monthly_baseload,EPIAS_VEP_daily_reference_price
2023-12-15,EBM0124,3593.34,2024,1,2024-01,monthly_baseload,EPIAS_VEP_daily_reference_price
2023-12-15,EBM0224,3020.65,2024,2,2024-02,monthly_baseload,EPIAS_VEP_daily_reference_price
2023-12-15,EBM0324,2811.78,2024,3,2024-03,monthly_baseload,EPIAS_VEP_daily_reference_price
2023-12-15,EBM0424,3171.6,2024,4,2024-04,monthly_baseload,EPIAS_VEP_daily_reference_price
2023-12-15,EBM0524,3416.02,2024,5,2024-05,monthly_baseload,EPIAS_VEP_daily_reference_price
2023-12-15,EBM0624,2908.5,2024,6,2024-06,monthly_baseload,EPIAS_VEP_daily_reference_price
2023-12-18,EBM0124,3593.34,2024,1,2024-01,monthly_baseload,EPIAS_VEP_daily_reference_price
2023-12-18,EBM0224,3020.65,2024,2,2024-02,monthly_baseload,EPIAS_VEP_daily_reference_price
2023-12-18,EBM0324,2811.78,2024,3,2024-03,monthly_baseload,EPIAS_VEP_daily_reference_price
2023-12-18,EBM0424,3171.6,2024,4,2024-04,monthly_baseload,EPIAS_VEP_daily_reference_price
2023-12-18,EBM0524,3416.02,2024,5,2024-05,monthly_baseload,EPIAS_VEP_daily_reference_price
2023-12-18,EBM0624,2908.5,2024,6,2024-06,monthly_baseload,EPIAS_VEP_daily_reference_price
2023-12-19,EBM0124,3593.34,2024,1,2024-01,monthly_baseload,EPIAS_VEP_daily_reference_price
2023-12-19,EBM0224,3020.65,2024,2,2024-02,monthly_baseload,EPIAS_VEP_daily_reference_price
2023-12-19,EBM0324,2811.78,2024,3,2024-03,monthly_baseload,EPIAS_VEP_daily_reference_price
2023-12-19,EBM0424,3171.6,2024,4,2024-04,monthly_baseload,EPIAS_VEP_daily_reference_price
2023-12-19,EBM0524,3416.02,2024,5,2024-05,monthly_baseload,EPIAS_VEP_daily_reference_price
2023-12-19,EBM0624,2908.5,2024,6,2024-06,monthly_baseload,EPIAS_VEP_daily_reference_price
2023-12-20,EBM0124,3593.34,2024,1,2024-01,monthly_baseload,EPIAS_VEP_daily_reference_price
2023-12-20,EBM0224,3020.65,2024,2,2024-02,monthly_baseload,EPIAS_VEP_daily_reference_price
2023-12-20,EBM0324,2811.78,2024,3,2024-03,monthly_baseload,EPIAS_VEP_daily_reference_price
2023-12-20,EBM0424,3171.6,2024,4,2024-04,monthly_baseload,EPIAS_VEP_daily_reference_price
2023-12-20,EBM0524,3416.02,2024,5,2024-05,monthly_baseload,EPIAS_VEP_daily_reference_price
2023-12-20,EBM0624,2908.5,2024,6,2024-06,monthly_baseload,EPIAS_VEP_daily_reference_price
2023-12-21,EBM0124,3593.34,2024,1,2024-01,monthly_baseload,EPIAS_VEP_daily_reference_price
2023-12-21,EBM0224,3020.65,2024,2,2024-02,monthly_baseload,EPIAS_VEP_daily_reference_price
2023-12-21,EBM0324,2811.78,2024,3,2024-03,monthly_baseload,EPIAS_VEP_daily_reference_price
2023-12-21,EBM0424,3171.6,2024,4,2024-04,monthly_baseload,EPIAS_VEP_daily_reference_price
2023-12-21,EBM0524,3416.02,2024,5,2024-05,monthly_baseload,EPIAS_VEP_daily_reference_price
2023-12-21,EBM0624,2908.5,2024,6,2024-06,monthly_baseload,EPIAS_VEP_daily_reference_price
2023-12-22,EBM0124,3593.34,2024,1,2024-01,monthly_baseload,EPIAS_VEP_daily_reference_price
2023-12-22,EBM0224,3020.65,2024,2,2024-02,monthly_baseload,EPIAS_VEP_daily_reference_price
2023-12-22,EBM0324,2811.78,2024,3,2024-03,monthly_baseload,EPIAS_VEP_daily_reference_price
2023-12-22,EBM0424,3171.6,2024,4,2024-04,monthly_baseload,EPIAS_VEP_daily_reference_price
2023-12-22,EBM0524,3416.02,2024,5,2024-05,monthly_baseload,EPIAS_VEP_daily_reference_price
2023-12-22,EBM0624,2908.5,2024,6,2024-06,monthly_baseload,EPIAS_VEP_daily_reference_price
2023-12-25,EBM0124,3593.34,2024,1,2024-01,monthly_baseload,EPIAS_VEP_daily_reference_price
2023-12-25,EBM0224,3020.65,2024,2,2024-02,monthly_baseload,EPIAS_VEP_daily_reference_price
2023-12-25,EBM0324,2811.78,2024,3,2024-03,monthly_baseload,EPIAS_VEP_daily_reference_price
2023-12-25,EBM0424,3171.6,2024,4,2024-04,monthly_baseload,EPIAS_VEP_daily_reference_price
2023-12-25,EBM0524,3416.02,2024,5,2024-05,monthly_baseload,EPIAS_VEP_daily_reference_price
2023-12-25,EBM0624,2908.5,2024,6,2024-06,monthly_baseload,EPIAS_VEP_daily_reference_price
2023-12-26,EBM0124,3593.34,2024,1,2024-01,monthly_baseload,EPIAS_VEP_daily_reference_price
2023-12-26,EBM0224,3020.65,2024,2,2024-02,monthly_baseload,EPIAS_VEP_daily_reference_price
2023-12-26,EBM0324,2811.78,2024,3,2024-03,monthly_baseload,EPIAS_VEP_daily_reference_price
2023-12-26,EBM0424,3171.6,2024,4,2024-04,monthly_baseload,EPIAS_VEP_daily_reference_price
2023-12-26,EBM0524,3416.02,2024,5,2024-05,monthly_baseload,EPIAS_VEP_daily_reference_price
2023-12-26,EBM0624,2908.5,2024,6,2024-06,monthly_baseload,EPIAS_VEP_daily_reference_price
2023-12-27,EBM0124,3593.34,2024,1,2024-01,monthly_baseload,EPIAS_VEP_daily_reference_price
2023-12-27,EBM0224,3020.65,2024,2,2024-02,monthly_baseload,EPIAS_VEP_daily_reference_price
2023-12-27,EBM0324,2811.78,2024,3,2024-03,monthly_baseload,EPIAS_VEP_daily_reference_price
2023-12-27,EBM0424,3171.6,2024,4,2024-04,monthly_baseload,EPIAS_VEP_daily_reference_price
2023-12-27,EBM0524,3416.02,2024,5,2024-05,monthly_baseload,EPIAS_VEP_daily_reference_price
2023-12-27,EBM0624,2908.5,2024,6,2024-06,monthly_baseload,EPIAS_VEP_daily_reference_price
2023-12-28,EBM0224,3020.65,2024,2,2024-02,monthly_baseload,EPIAS_VEP_daily_reference_price
2023-12-28,EBM0324,2811.78,2024,3,2024-03,monthly_baseload,EPIAS_VEP_daily_reference_price
2023-12-28,EBM0424,3171.6,2024,4,2024-04,monthly_baseload,EPIAS_VEP_daily_reference_price
2023-12-28,EBM0524,3416.02,2024,5,2024-05,monthly_baseload,EPIAS_VEP_daily_reference_price
2023-12-28,EBM0624,2908.5,2024,6,2024-06,monthly_baseload,EPIAS_VEP_daily_reference_price
2023-12-28,EBM0724,2372.88,2024,7,2024-07,monthly_baseload,EPIAS_VEP_daily_reference_price
2023-12-29,EBM0224,3020.65,2024,2,2024-02,monthly_baseload,EPIAS_VEP_daily_reference_price
2023-12-29,EBM0324,2811.78,2024,3,2024-03,monthly_baseload,EPIAS_VEP_daily_reference_price
2023-12-29,EBM0424,3171.6,2024,4,2024-04,monthly_baseload,EPIAS_VEP_daily_reference_price
2023-12-29,EBM0524,3416.02,2024,5,2024-05,monthly_baseload,EPIAS_VEP_daily_reference_price
2023-12-29,EBM0624,2908.5,2024,6,2024-06,monthly_baseload,EPIAS_VEP_daily_reference_price
2023-12-29,EBM0724,2372.88,2024,7,2024-07,monthly_baseload,EPIAS_VEP_daily_reference_price
2024-01-02,EBM0224,3020.65,2024,2,2024-02,monthly_baseload,EPIAS_VEP_daily_reference_price
2024-01-02,EBM0324,2811.78,2024,3,2024-03,monthly_baseload,EPIAS_VEP_daily_reference_price
2024-01-02,EBM0424,3171.6,2024,4,2024-04,monthly_baseload,EPIAS_VEP_daily_reference_price
2024-01-02,EBM0524,3416.02,2024,5,2024-05,monthly_baseload,EPIAS_VEP_daily_reference_price
2024-01-02,EBM0624,2908.5,2024,6,2024-06,monthly_baseload,EPIAS_VEP_daily_reference_price
2024-01-02,EBM0724,2372.88,2024,7,2024-07,monthly_baseload,EPIAS_VEP_daily_reference_price
2024-01-03,EBM0224,3020.65,2024,2,2024-02,monthly_baseload,EPIAS_VEP_daily_reference_price
2024-01-03,EBM0324,2811.78,2024,3,2024-03,monthly_baseload,EPIAS_VEP_daily_reference_price
2024-01-03,EBM0424,3171.6,2024,4,2024-04,monthly_baseload,EPIAS_VEP_daily_reference_price
2024-01-03,EBM0524,3416.02,2024,5,2024-05,monthly_baseload,EPIAS_VEP_daily_reference_price
2024-01-03,EBM0624,2908.5,2024,6,2024-06,monthly_baseload,EPIAS_VEP_daily_reference_price
2024-01-03,EBM0724,2372.88,2024,7,2024-07,monthly_baseload,EPIAS_VEP_daily_reference_price
2024-01-04,EBM0224,3020.65,2024,2,2024-02,monthly_baseload,EPIAS_VEP_daily_reference_price
2024-01-04,EBM0324,2811.78,2024,3,2024-03,monthly_baseload,EPIAS_VEP_daily_reference_price
2024-01-04,EBM0424,3171.6,2024,4,2024-04,monthly_baseload,EPIAS_VEP_daily_reference_price
2024-01-04,EBM0524,3416.02,2024,5,2024-05,monthly_baseload,EPIAS_VEP_daily_reference_price
2024-01-04,EBM0624,2908.5,2024,6,2024-06,monthly_baseload,EPIAS_VEP_daily_reference_price
2024-01-04,EBM0724,2372.88,2024,7,2024-07,monthly_baseload,EPIAS_VEP_daily_reference_price
2024-01-05,EBM0224,3020.65,2024,2,2024-02,monthly_baseload,EPIAS_VEP_daily_reference_price
2024-01-05,EBM0324,2811.78,2024,3,2024-03,monthly_baseload,EPIAS_VEP_daily_reference_price
2024-01-05,EBM0424,3171.6,2024,4,2024-04,monthly_baseload,EPIAS_VEP_daily_reference_price
2024-01-05,EBM0524,3416.02,2024,5,2024-05,monthly_baseload,EPIAS_VEP_daily_reference_price
2024-01-05,EBM0624,2908.5,2024,6,2024-06,monthly_baseload,EPIAS_VEP_daily_reference_price
2024-01-05,EBM0724,2372.88,2024,7,2024-07,monthly_baseload,EPIAS_VEP_daily_reference_price
2024-01-08,EBM0224,3020.65,2024,2,2024-02,monthly_baseload,EPIAS_VEP_daily_reference_price
2024-01-08,EBM0324,2811.78,2024,3,2024-03,monthly_baseload,EPIAS_VEP_daily_reference_price
2024-01-08,EBM0424,3171.6,2024,4,2024-04,monthly_baseload,EPIAS_VEP_daily_reference_price
2024-01-08,EBM0524,3416.02,2024,5,2024-05,monthly_baseload,EPIAS_VEP_daily_reference_price
2024-01-08,EBM0624,2908.5,2024,6,2024-06,monthly_baseload,EPIAS_VEP_daily_reference_price
2024-01-08,EBM0724,2372.88,2024,7,2024-07,monthly_baseload,EPIAS_VEP_daily_reference_price
2024-01-09,EBM0224,3020.65,2024,2,2024-02,monthly_baseload,EPIAS_VEP_daily_reference_price
2024-01-09,EBM0324,2811.78,2024,3,2024-03,monthly_baseload,EPIAS_VEP_daily_reference_price
2024-01-09,EBM0424,3171.6,2024,4,2024-04,monthly_baseload,EPIAS_VEP_daily_reference_price
2024-01-09,EBM0524,3416.02,2024,5,2024-05,monthly_baseload,EPIAS_VEP_daily_reference_price
2024-01-09,EBM0624,2908.5,2024,6,2024-06,monthly_baseload,EPIAS_VEP_daily_reference_price
2024-01-09,EBM0724,2372.88,2024,7,2024-07,monthly_baseload,EPIAS_VEP_daily_reference_price
2024-01-10,EBM0224,3020.65,2024,2,2024-02,monthly_baseload,EPIAS_VEP_daily_reference_price
2024-01-10,EBM0324,2811.78,2024,3,2024-03,monthly_baseload,EPIAS_VEP_daily_reference_price
2024-01-10,EBM0424,3171.6,2024,4,2024-04,monthly_baseload,EPIAS_VEP_daily_reference_price
2024-01-10,EBM0524,3416.02,2024,5,2024-05,monthly_baseload,EPIAS_VEP_daily_reference_price
2024-01-10,EBM0624,2908.5,2024,6,2024-06,monthly_baseload,EPIAS_VEP_daily_reference_price
2024-01-10,EBM0724,2372.88,2024,7,2024-07,monthly_baseload,EPIAS_VEP_daily_reference_price
2024-01-11,EBM0224,3020.65,2024,2,2024-02,monthly_baseload,EPIAS_VEP_daily_reference_price
2024-01-11,EBM0324,2811.78,2024,3,2024-03,monthly_baseload,EPIAS_VEP_daily_reference_price
2024-01-11,EBM0424,3171.6,2024,4,2024-04,monthly_baseload,EPIAS_VEP_daily_reference_price
2024-01-11,EBM0524,3416.02,2024,5,2024-05,monthly_baseload,EPIAS_VEP_daily_reference_price
2024-01-11,EBM0624,2908.5,2024,6,2024-06,monthly_baseload,EPIAS_VEP_daily_reference_price
2024-01-11,EBM0724,2372.88,2024,7,2024-07,monthly_baseload,EPIAS_VEP_daily_reference_price
2024-01-12,EBM0224,3020.65,2024,2,2024-02,monthly_baseload,EPIAS_VEP_daily_reference_price
2024-01-12,EBM0324,2811.78,2024,3,2024-03,monthly_baseload,EPIAS_VEP_daily_reference_price
2024-01-12,EBM0424,3171.6,2024,4,2024-04,monthly_baseload,EPIAS_VEP_daily_reference_price
2024-01-12,EBM0524,3416.02,2024,5,2024-05,monthly_baseload,EPIAS_VEP_daily_reference_price
2024-01-12,EBM0624,2908.5,2024,6,2024-06,monthly_baseload,EPIAS_VEP_daily_reference_price
2024-01-12,EBM0724,2372.88,2024,7,2024-07,monthly_baseload,EPIAS_VEP_daily_reference_price
2024-01-15,EBM0224,3020.65,2024,2,2024-02,monthly_baseload,EPIAS_VEP_daily_reference_price
2024-01-15,EBM0324,2811.78,2024,3,2024-03,monthly_baseload,EPIAS_VEP_daily_reference_price
2024-01-15,EBM0424,3171.6,2024,4,2024-04,monthly_baseload,EPIAS_VEP_daily_reference_price
2024-01-15,EBM0524,3416.02,2024,5,2024-05,monthly_baseload,EPIAS_VEP_daily_reference_price
2024-01-15,EBM0624,2908.5,2024,6,2024-06,monthly_baseload,EPIAS_VEP_daily_reference_price
2024-01-15,EBM0724,2372.88,2024,7,2024-07,monthly_baseload,EPIAS_VEP_daily_reference_price
2024-01-16,EBM0224,3020.65,2024,2,2024-02,monthly_baseload,EPIAS_VEP_daily_reference_price
2024-01-16,EBM0324,2811.78,2024,3,2024-03,monthly_baseload,EPIAS_VEP_daily_reference_price
2024-01-16,EBM0424,3171.6,2024,4,2024-04,monthly_baseload,EPIAS_VEP_daily_reference_price
2024-01-16,EBM0524,3416.02,2024,5,2024-05,monthly_baseload,EPIAS_VEP_daily_reference_price
2024-01-16,EBM0624,2908.5,2024,6,2024-06,monthly_baseload,EPIAS_VEP_daily_reference_price
2024-01-16,EBM0724,2372.88,2024,7,2024-07,monthly_baseload,EPIAS_VEP_daily_reference_price
2024-01-17,EBM0224,3020.65,2024,2,2024-02,monthly_baseload,EPIAS_VEP_daily_reference_price
2024-01-17,EBM0324,2811.78,2024,3,2024-03,monthly_baseload,EPIAS_VEP_daily_reference_price
2024-01-17,EBM0424,3171.6,2024,4,2024-04,monthly_baseload,EPIAS_VEP_daily_reference_price
2024-01-17,EBM0524,3416.02,2024,5,2024-05,monthly_baseload,EPIAS_VEP_daily_reference_price
2024-01-17,EBM0624,2908.5,2024,6,2024-06,monthly_baseload,EPIAS_VEP_daily_reference_price
2024-01-17,EBM0724,2372.88,2024,7,2024-07,monthly_baseload,EPIAS_VEP_daily_reference_price
2024-01-18,EBM0224,3020.65,2024,2,2024-02,monthly_baseload,EPIAS_VEP_daily_reference_price
2024-01-18,EBM0324,2811.78,2024,3,2024-03,monthly_baseload,EPIAS_VEP_daily_reference_price
2024-01-18,EBM0424,3171.6,2024,4,2024-04,monthly_baseload,EPIAS_VEP_daily_reference_price
2024-01-18,EBM0524,3416.02,2024,5,2024-05,monthly_baseload,EPIAS_VEP_daily_reference_price
2024-01-18,EBM0624,2908.5,2024,6,2024-06,monthly_baseload,EPIAS_VEP_daily_reference_price
2024-01-18,EBM0724,2372.88,2024,7,2024-07,monthly_baseload,EPIAS_VEP_daily_reference_price
2024-01-19,EBM0224,3020.65,2024,2,2024-02,monthly_baseload,EPIAS_VEP_daily_reference_price
2024-01-19,EBM0324,2811.78,2024,3,2024-03,monthly_baseload,EPIAS_VEP_daily_reference_price
2024-01-19,EBM0424,3171.6,2024,4,2024-04,monthly_baseload,EPIAS_VEP_daily_reference_price
2024-01-19,EBM0524,3416.02,2024,5,2024-05,monthly_baseload,EPIAS_VEP_daily_reference_price
2024-01-19,EBM0624,2908.5,2024,6,2024-06,monthly_baseload,EPIAS_VEP_daily_reference_price
2024-01-19,EBM0724,2372.88,2024,7,2024-07,monthly_baseload,EPIAS_VEP_daily_reference_price
2024-01-22,EBM0224,3020.65,2024,2,2024-02,monthly_baseload,EPIAS_VEP_daily_reference_price
2024-01-22,EBM0324,2811.78,2024,3,2024-03,monthly_baseload,EPIAS_VEP_daily_reference_price
2024-01-22,EBM0424,3171.6,2024,4,2024-04,monthly_baseload,EPIAS_VEP_daily_reference_price
2024-01-22,EBM0524,3416.02,2024,5,2024-05,monthly_baseload,EPIAS_VEP_daily_reference_price
2024-01-22,EBM0624,2908.5,2024,6,2024-06,monthly_baseload,EPIAS_VEP_daily_reference_price
2024-01-22,EBM0724,2372.88,2024,7,2024-07,monthly_baseload,EPIAS_VEP_daily_reference_price
2024-01-23,EBM0224,3020.65,2024,2,2024-02,monthly_baseload,EPIAS_VEP_daily_reference_price
2024-01-23,EBM0324,2811.78,2024,3,2024-03,monthly_baseload,EPIAS_VEP_daily_reference_price
2024-01-23,EBM0424,3171.6,2024,4,2024-04,monthly_baseload,EPIAS_VEP_daily_reference_price
2024-01-23,EBM0524,3416.02,2024,5,2024-05,monthly_baseload,EPIAS_VEP_daily_reference_price
2024-01-23,EBM0624,2908.5,2024,6,2024-06,monthly_baseload,EPIAS_VEP_daily_reference_price
2024-01-23,EBM0724,2372.88,2024,7,2024-07,monthly_baseload,EPIAS_VEP_daily_reference_price
2024-01-24,EBM0224,3020.65,2024,2,2024-02,monthly_baseload,EPIAS_VEP_daily_reference_price
2024-01-24,EBM0324,2811.78,2024,3,2024-03,monthly_baseload,EPIAS_VEP_daily_reference_price
2024-01-24,EBM0424,3171.6,2024,4,2024-04,monthly_baseload,EPIAS_VEP_daily_reference_price
2024-01-24,EBM0524,3416.02,2024,5,2024-05,monthly_baseload,EPIAS_VEP_daily_reference_price
2024-01-24,EBM0624,2908.5,2024,6,2024-06,monthly_baseload,EPIAS_VEP_daily_reference_price
2024-01-24,EBM0724,2372.88,2024,7,2024-07,monthly_baseload,EPIAS_VEP_daily_reference_price
2024-01-25,EBM0224,3020.65,2024,2,2024-02,monthly_baseload,EPIAS_VEP_daily_reference_price
2024-01-25,EBM0324,2811.78,2024,3,2024-03,monthly_baseload,EPIAS_VEP_daily_reference_price
2024-01-25,EBM0424,3171.6,2024,4,2024-04,monthly_baseload,EPIAS_VEP_daily_reference_price
2024-01-25,EBM0524,3416.02,2024,5,2024-05,monthly_baseload,EPIAS_VEP_daily_reference_price
2024-01-25,EBM0624,2908.5,2024,6,2024-06,monthly_baseload,EPIAS_VEP_daily_reference_price
2024-01-25,EBM0724,2372.88,2024,7,2024-07,monthly_baseload,EPIAS_VEP_daily_reference_price
2024-01-26,EBM0224,3020.65,2024,2,2024-02,monthly_baseload,EPIAS_VEP_daily_reference_price
2024-01-26,EBM0324,2811.78,2024,3,2024-03,monthly_baseload,EPIAS_VEP_daily_reference_price
2024-01-26,EBM0424,3171.6,2024,4,2024-04,monthly_baseload,EPIAS_VEP_daily_reference_price
2024-01-26,EBM0524,3416.02,2024,5,2024-05,monthly_baseload,EPIAS_VEP_daily_reference_price
2024-01-26,EBM0624,2908.5,2024,6,2024-06,monthly_baseload,EPIAS_VEP_daily_reference_price
2024-01-26,EBM0724,2372.88,2024,7,2024-07,monthly_baseload,EPIAS_VEP_daily_reference_price
2024-01-29,EBM0224,3020.65,2024,2,2024-02,monthly_baseload,EPIAS_VEP_daily_reference_price
2024-01-29,EBM0324,2811.78,2024,3,2024-03,monthly_baseload,EPIAS_VEP_daily_reference_price
2024-01-29,EBM0424,3171.6,2024,4,2024-04,monthly_baseload,EPIAS_VEP_daily_reference_price
2024-01-29,EBM0524,3416.02,2024,5,2024-05,monthly_baseload,EPIAS_VEP_daily_reference_price
2024-01-29,EBM0624,2908.5,2024,6,2024-06,monthly_baseload,EPIAS_VEP_daily_reference_price
2024-01-29,EBM0724,2372.88,2024,7,2024-07,monthly_baseload,EPIAS_VEP_daily_reference_price
2024-01-30,EBM0324,2811.78,2024,3,2024-03,monthly_baseload,EPIAS_VEP_daily_reference_price
2024-01-30,EBM0424,3171.6,2024,4,2024-04,monthly_baseload,EPIAS_VEP_daily_reference_price
2024-01-30,EBM0524,3416.02,2024,5,2024-05,monthly_baseload,EPIAS_VEP_daily_reference_price
2024-01-30,EBM0624,2908.5,2024,6,2024-06,monthly_baseload,EPIAS_VEP_daily_reference_price
2024-01-30,EBM0724,2372.88,2024,7,2024-07,monthly_baseload,EPIAS_VEP_daily_reference_price
2024-01-30,EBM0824,2251.01,2024,8,2024-08,monthly_baseload,EPIAS_VEP_daily_reference_price
2024-01-31,EBM0324,2811.78,2024,3,2024-03,monthly_baseload,EPIAS_VEP_daily_reference_price
2024-01-31,EBM0424,3171.6,2024,4,2024-04,monthly_baseload,EPIAS_VEP_daily_reference_price
2024-01-31,EBM0524,3416.02,2024,5,2024-05,monthly_baseload,EPIAS_VEP_daily_reference_price
2024-01-31,EBM0624,2908.5,2024,6,2024-06,monthly_baseload,EPIAS_VEP_daily_reference_price
2024-01-31,EBM0724,2372.88,2024,7,2024-07,monthly_baseload,EPIAS_VEP_daily_reference_price
2024-01-31,EBM0824,2251.01,2024,8,2024-08,monthly_baseload,EPIAS_VEP_daily_reference_price
2024-02-01,EBM0324,2811.78,2024,3,2024-03,monthly_baseload,EPIAS_VEP_daily_reference_price
2024-02-01,EBM0424,3171.6,2024,4,2024-04,monthly_baseload,EPIAS_VEP_daily_reference_price
2024-02-01,EBM0524,3416.02,2024,5,2024-05,monthly_baseload,EPIAS_VEP_daily_reference_price
2024-02-01,EBM0624,2908.5,2024,6,2024-06,monthly_baseload,EPIAS_VEP_daily_reference_price
2024-02-01,EBM0724,2372.88,2024,7,2024-07,monthly_baseload,EPIAS_VEP_daily_reference_price
2024-02-01,EBM0824,2251.01,2024,8,2024-08,monthly_baseload,EPIAS_VEP_daily_reference_price
2024-02-02,EBM0324,2811.78,2024,3,2024-03,monthly_baseload,EPIAS_VEP_daily_reference_price
2024-02-02,EBM0424,3171.6,2024,4,2024-04,monthly_baseload,EPIAS_VEP_daily_reference_price
2024-02-02,EBM0524,3416.02,2024,5,2024-05,monthly_baseload,EPIAS_VEP_daily_reference_price
2024-02-02,EBM0624,2908.5,2024,6,2024-06,monthly_baseload,EPIAS_VEP_daily_reference_price
2024-02-02,EBM0724,2372.88,2024,7,2024-07,monthly_baseload,EPIAS_VEP_daily_reference_price
2024-02-02,EBM0824,2251.01,2024,8,2024-08,monthly_baseload,EPIAS_VEP_daily_reference_price
2024-02-05,EBM0324,2811.78,2024,3,2024-03,monthly_baseload,EPIAS_VEP_daily_reference_price
2024-02-05,EBM0424,3171.6,2024,4,2024-04,monthly_baseload,EPIAS_VEP_daily_reference_price
2024-02-05,EBM0524,3416.02,2024,5,2024-05,monthly_baseload,EPIAS_VEP_daily_reference_price
2024-02-05,EBM0624,2908.5,2024,6,2024-06,monthly_baseload,EPIAS_VEP_daily_reference_price
2024-02-05,EBM0724,2372.88,2024,7,2024-07,monthly_baseload,EPIAS_VEP_daily_reference_price
2024-02-05,EBM0824,2251.01,2024,8,2024-08,monthly_baseload,EPIAS_VEP_daily_reference_price
2024-02-06,EBM0324,2811.78,2024,3,2024-03,monthly_baseload,EPIAS_VEP_daily_reference_price
2024-02-06,EBM0424,3171.6,2024,4,2024-04,monthly_baseload,EPIAS_VEP_daily_reference_price
2024-02-06,EBM0524,3416.02,2024,5,2024-05,monthly_baseload,EPIAS_VEP_daily_reference_price
2024-02-06,EBM0624,2908.5,2024,6,2024-06,monthly_baseload,EPIAS_VEP_daily_reference_price
2024-02-06,EBM0724,2372.88,2024,7,2024-07,monthly_baseload,EPIAS_VEP_daily_reference_price
2024-02-06,EBM0824,2251.01,2024,8,2024-08,monthly_baseload,EPIAS_VEP_daily_reference_price
2024-02-07,EBM0324,2811.78,2024,3,2024-03,monthly_baseload,EPIAS_VEP_daily_reference_price
2024-02-07,EBM0424,3171.6,2024,4,2024-04,monthly_baseload,EPIAS_VEP_daily_reference_price
2024-02-07,EBM0524,3416.02,2024,5,2024-05,monthly_baseload,EPIAS_VEP_daily_reference_price
2024-02-07,EBM0624,2908.5,2024,6,2024-06,monthly_baseload,EPIAS_VEP_daily_reference_price
2024-02-07,EBM0724,2372.88,2024,7,2024-07,monthly_baseload,EPIAS_VEP_daily_reference_price
2024-02-07,EBM0824,2251.01,2024,8,2024-08,monthly_baseload,EPIAS_VEP_daily_reference_price
2024-02-08,EBM0324,2811.78,2024,3,2024-03,monthly_baseload,EPIAS_VEP_daily_reference_price
2024-02-08,EBM0424,3171.6,2024,4,2024-04,monthly_baseload,EPIAS_VEP_daily_reference_price
2024-02-08,EBM0524,3416.02,2024,5,2024-05,monthly_baseload,EPIAS_VEP_daily_reference_price
2024-02-08,EBM0624,2908.5,2024,6,2024-06,monthly_baseload,EPIAS_VEP_daily_reference_price
2024-02-08,EBM0724,2372.88,2024,7,2024-07,monthly_baseload,EPIAS_VEP_daily_reference_price
2024-02-08,EBM0824,2251.01,2024,8,2024-08,monthly_baseload,EPIAS_VEP_daily_reference_price
2024-02-09,EBM0324,2811.78,2024,3,2024-03,monthly_baseload,EPIAS_VEP_daily_reference_price
2024-02-09,EBM0424,3171.6,2024,4,2024-04,monthly_baseload,EPIAS_VEP_daily_reference_price
2024-02-09,EBM0524,3416.02,2024,5,2024-05,monthly_baseload,EPIAS_VEP_daily_reference_price
2024-02-09,EBM0624,2908.5,2024,6,2024-06,monthly_baseload,EPIAS_VEP_daily_reference_price
2024-02-09,EBM0724,2372.88,2024,7,2024-07,monthly_baseload,EPIAS_VEP_daily_reference_price
2024-02-09,EBM0824,2251.01,2024,8,2024-08,monthly_baseload,EPIAS_VEP_daily_reference_price
2024-02-12,EBM0324,2811.78,2024,3,2024-03,monthly_baseload,EPIAS_VEP_daily_reference_price
2024-02-12,EBM0424,3171.6,2024,4,2024-04,monthly_baseload,EPIAS_VEP_daily_reference_price
2024-02-12,EBM0524,3416.02,2024,5,2024-05,monthly_baseload,EPIAS_VEP_daily_reference_price
2024-02-12,EBM0624,2908.5,2024,6,2024-06,monthly_baseload,EPIAS_VEP_daily_reference_price
2024-02-12,EBM0724,2372.88,2024,7,2024-07,monthly_baseload,EPIAS_VEP_daily_reference_price
2024-02-12,EBM0824,2251.01,2024,8,2024-08,monthly_baseload,EPIAS_VEP_daily_reference_price
2024-02-13,EBM0324,2811.78,2024,3,2024-03,monthly_baseload,EPIAS_VEP_daily_reference_price
2024-02-13,EBM0424,3171.6,2024,4,2024-04,monthly_baseload,EPIAS_VEP_daily_reference_price
2024-02-13,EBM0524,3416.02,2024,5,2024-05,monthly_baseload,EPIAS_VEP_daily_reference_price
2024-02-13,EBM0624,2908.5,2024,6,2024-06,monthly_baseload,EPIAS_VEP_daily_reference_price
2024-02-13,EBM0724,2372.88,2024,7,2024-07,monthly_baseload,EPIAS_VEP_daily_reference_price
2024-02-13,EBM0824,2251.01,2024,8,2024-08,monthly_baseload,EPIAS_VEP_daily_reference_price
2024-02-14,EBM0324,2811.78,2024,3,2024-03,monthly_baseload,EPIAS_VEP_daily_reference_price
2024-02-14,EBM0424,3171.6,2024,4,2024-04,monthly_baseload,EPIAS_VEP_daily_reference_price
2024-02-14,EBM0524,3416.02,2024,5,2024-05,monthly_baseload,EPIAS_VEP_daily_reference_price
2024-02-14,EBM0624,2908.5,2024,6,2024-06,monthly_baseload,EPIAS_VEP_daily_reference_price
2024-02-14,EBM0724,2372.88,2024,7,2024-07,monthly_baseload,EPIAS_VEP_daily_reference_price
2024-02-14,EBM0824,2251.01,2024,8,2024-08,monthly_baseload,EPIAS_VEP_daily_reference_price
2024-02-15,EBM0324,2811.78,2024,3,2024-03,monthly_baseload,EPIAS_VEP_daily_reference_price
2024-02-15,EBM0424,3171.6,2024,4,2024-04,monthly_baseload,EPIAS_VEP_daily_reference_price
2024-02-15,EBM0524,3416.02,2024,5,2024-05,monthly_baseload,EPIAS_VEP_daily_reference_price
2024-02-15,EBM0624,2908.5,2024,6,2024-06,monthly_baseload,EPIAS_VEP_daily_reference_price
2024-02-15,EBM0724,2372.88,2024,7,2024-07,monthly_baseload,EPIAS_VEP_daily_reference_price
2024-02-15,EBM0824,2251.01,2024,8,2024-08,monthly_baseload,EPIAS_VEP_daily_reference_price
2024-02-16,EBM0324,2811.78,2024,3,2024-03,monthly_baseload,EPIAS_VEP_daily_reference_price
2024-02-16,EBM0424,3171.6,2024,4,2024-04,monthly_baseload,EPIAS_VEP_daily_reference_price
2024-02-16,EBM0524,3416.02,2024,5,2024-05,monthly_baseload,EPIAS_VEP_daily_reference_price
2024-02-16,EBM0624,2908.5,2024,6,2024-06,monthly_baseload,EPIAS_VEP_daily_reference_price
2024-02-16,EBM0724,2372.88,2024,7,2024-07,monthly_baseload,EPIAS_VEP_daily_reference_price
2024-02-16,EBM0824,2251.01,2024,8,2024-08,monthly_baseload,EPIAS_VEP_daily_reference_price
2024-02-19,EBM0324,2811.78,2024,3,2024-03,monthly_baseload,EPIAS_VEP_daily_reference_price
2024-02-19,EBM0424,3171.6,2024,4,2024-04,monthly_baseload,EPIAS_VEP_daily_reference_price
2024-02-19,EBM0524,3416.02,2024,5,2024-05,monthly_baseload,EPIAS_VEP_daily_reference_price
2024-02-19,EBM0624,2908.5,2024,6,2024-06,monthly_baseload,EPIAS_VEP_daily_reference_price
2024-02-19,EBM0724,2372.88,2024,7,2024-07,monthly_baseload,EPIAS_VEP_daily_reference_price
2024-02-19,EBM0824,2251.01,2024,8,2024-08,monthly_baseload,EPIAS_VEP_daily_reference_price
2024-02-20,EBM0324,2811.78,2024,3,2024-03,monthly_baseload,EPIAS_VEP_daily_reference_price
2024-02-20,EBM0424,3171.6,2024,4,2024-04,monthly_baseload,EPIAS_VEP_daily_reference_price
2024-02-20,EBM0524,3416.02,2024,5,2024-05,monthly_baseload,EPIAS_VEP_daily_reference_price
2024-02-20,EBM0624,2908.5,2024,6,2024-06,monthly_baseload,EPIAS_VEP_daily_reference_price
2024-02-20,EBM0724,2372.88,2024,7,2024-07,monthly_baseload,EPIAS_VEP_daily_reference_price
2024-02-20,EBM0824,2251.01,2024,8,2024-08,monthly_baseload,EPIAS_VEP_daily_reference_price
2024-02-21,EBM0324,2811.78,2024,3,2024-03,monthly_baseload,EPIAS_VEP_daily_reference_price
2024-02-21,EBM0424,3171.6,2024,4,2024-04,monthly_baseload,EPIAS_VEP_daily_reference_price
2024-02-21,EBM0524,3416.02,2024,5,2024-05,monthly_baseload,EPIAS_VEP_daily_reference_price
2024-02-21,EBM0624,2908.5,2024,6,2024-06,monthly_baseload,EPIAS_VEP_daily_reference_price
2024-02-21,EBM0724,2372.88,2024,7,2024-07,monthly_baseload,EPIAS_VEP_daily_reference_price
2024-02-21,EBM0824,2251.01,2024,8,2024-08,monthly_baseload,EPIAS_VEP_daily_reference_price
2024-02-22,EBM0324,2811.78,2024,3,2024-03,monthly_baseload,EPIAS_VEP_daily_reference_price
2024-02-22,EBM0424,3171.6,2024,4,2024-04,monthly_baseload,EPIAS_VEP_daily_reference_price
2024-02-22,EBM0524,3416.02,2024,5,2024-05,monthly_baseload,EPIAS_VEP_daily_reference_price
2024-02-22,EBM0624,2908.5,2024,6,2024-06,monthly_baseload,EPIAS_VEP_daily_reference_price
2024-02-22,EBM0724,2372.88,2024,7,2024-07,monthly_baseload,EPIAS_VEP_daily_reference_price
2024-02-22,EBM0824,2251.01,2024,8,2024-08,monthly_baseload,EPIAS_VEP_daily_reference_price
2024-02-23,EBM0324,2811.78,2024,3,2024-03,monthly_baseload,EPIAS_VEP_daily_reference_price
2024-02-23,EBM0424,3171.6,2024,4,2024-04,monthly_baseload,EPIAS_VEP_daily_reference_price
2024-02-23,EBM0524,3416.02,2024,5,2024-05,monthly_baseload,EPIAS_VEP_daily_reference_price
2024-02-23,EBM0624,2908.5,2024,6,2024-06,monthly_baseload,EPIAS_VEP_daily_reference_price
2024-02-23,EBM0724,2372.88,2024,7,2024-07,monthly_baseload,EPIAS_VEP_daily_reference_price
2024-02-23,EBM0824,2251.01,2024,8,2024-08,monthly_baseload,EPIAS_VEP_daily_reference_price
2024-02-26,EBM0324,2811.78,2024,3,2024-03,monthly_baseload,EPIAS_VEP_daily_reference_price
2024-02-26,EBM0424,3171.6,2024,4,2024-04,monthly_baseload,EPIAS_VEP_daily_reference_price
2024-02-26,EBM0524,3416.02,2024,5,2024-05,monthly_baseload,EPIAS_VEP_daily_reference_price
2024-02-26,EBM0624,2908.5,2024,6,2024-06,monthly_baseload,EPIAS_VEP_daily_reference_price
2024-02-26,EBM0724,2372.88,2024,7,2024-07,monthly_baseload,EPIAS_VEP_daily_reference_price
2024-02-26,EBM0824,2251.01,2024,8,2024-08,monthly_baseload,EPIAS_VEP_daily_reference_price
2024-02-27,EBM0324,2811.78,2024,3,2024-03,monthly_baseload,EPIAS_VEP_daily_reference_price
2024-02-27,EBM0424,3171.6,2024,4,2024-04,monthly_baseload,EPIAS_VEP_daily_reference_price
2024-02-27,EBM0524,3416.02,2024,5,2024-05,monthly_baseload,EPIAS_VEP_daily_reference_price
2024-02-27,EBM0624,2908.5,2024,6,2024-06,monthly_baseload,EPIAS_VEP_daily_reference_price
2024-02-27,EBM0724,2372.88,2024,7,2024-07,monthly_baseload,EPIAS_VEP_daily_reference_price
2024-02-27,EBM0824,2251.01,2024,8,2024-08,monthly_baseload,EPIAS_VEP_daily_reference_price
2024-02-28,EBM0424,3171.6,2024,4,2024-04,monthly_baseload,EPIAS_VEP_daily_reference_price
2024-02-28,EBM0524,3416.02,2024,5,2024-05,monthly_baseload,EPIAS_VEP_daily_reference_price
2024-02-28,EBM0624,2908.5,2024,6,2024-06,monthly_baseload,EPIAS_VEP_daily_reference_price
2024-02-28,EBM0724,3086.36,2024,7,2024-07,monthly_baseload,EPIAS_VEP_daily_reference_price
2024-02-28,EBM0824,2927.85,2024,8,2024-08,monthly_baseload,EPIAS_VEP_daily_reference_price
2024-02-28,EBM0924,2610.26,2024,9,2024-09,monthly_baseload,EPIAS_VEP_daily_reference_price
2024-02-29,EBM0424,3171.6,2024,4,2024-04,monthly_baseload,EPIAS_VEP_daily_reference_price
2024-02-29,EBM0524,3416.02,2024,5,2024-05,monthly_baseload,EPIAS_VEP_daily_reference_price
2024-02-29,EBM0624,2908.5,2024,6,2024-06,monthly_baseload,EPIAS_VEP_daily_reference_price
2024-02-29,EBM0724,3086.36,2024,7,2024-07,monthly_baseload,EPIAS_VEP_daily_reference_price
2024-02-29,EBM0824,2927.85,2024,8,2024-08,monthly_baseload,EPIAS_VEP_daily_reference_price
2024-02-29,EBM0924,2610.26,2024,9,2024-09,monthly_baseload,EPIAS_VEP_daily_reference_price
2024-03-01,EBM0424,3171.6,2024,4,2024-04,monthly_baseload,EPIAS_VEP_daily_reference_price
2024-03-01,EBM0524,3416.02,2024,5,2024-05,monthly_baseload,EPIAS_VEP_daily_reference_price
2024-03-01,EBM0624,2908.5,2024,6,2024-06,monthly_baseload,EPIAS_VEP_daily_reference_price
2024-03-01,EBM0724,3086.36,2024,7,2024-07,monthly_baseload,EPIAS_VEP_daily_reference_price
2024-03-01,EBM0824,2927.85,2024,8,2024-08,monthly_baseload,EPIAS_VEP_daily_reference_price
2024-03-01,EBM0924,2610.26,2024,9,2024-09,monthly_baseload,EPIAS_VEP_daily_reference_price
2024-03-04,EBM0424,3171.6,2024,4,2024-04,monthly_baseload,EPIAS_VEP_daily_reference_price
2024-03-04,EBM0524,3416.02,2024,5,2024-05,monthly_baseload,EPIAS_VEP_daily_reference_price
2024-03-04,EBM0624,2908.5,2024,6,2024-06,monthly_baseload,EPIAS_VEP_daily_reference_price
2024-03-04,EBM0724,3086.36,2024,7,2024-07,monthly_baseload,EPIAS_VEP_daily_reference_price
2024-03-04,EBM0824,2927.85,2024,8,2024-08,monthly_baseload,EPIAS_VEP_daily_reference_price
2024-03-04,EBM0924,2610.26,2024,9,2024-09,monthly_baseload,EPIAS_VEP_daily_reference_price
2024-03-05,EBM0424,3171.6,2024,4,2024-04,monthly_baseload,EPIAS_VEP_daily_reference_price
2024-03-05,EBM0524,3416.02,2024,5,2024-05,monthly_baseload,EPIAS_VEP_daily_reference_price
2024-03-05,EBM0624,2908.5,2024,6,2024-06,monthly_baseload,EPIAS_VEP_daily_reference_price
2024-03-05,EBM0724,3086.36,2024,7,2024-07,monthly_baseload,EPIAS_VEP_daily_reference_price
2024-03-05,EBM0824,2927.85,2024,8,2024-08,monthly_baseload,EPIAS_VEP_daily_reference_price
2024-03-05,EBM0924,2610.26,2024,9,2024-09,monthly_baseload,EPIAS_VEP_daily_reference_price
2024-03-06,EBM0424,3171.6,2024,4,2024-04,monthly_baseload,EPIAS_VEP_daily_reference_price
2024-03-06,EBM0524,3416.02,2024,5,2024-05,monthly_baseload,EPIAS_VEP_daily_reference_price
2024-03-06,EBM0624,2908.5,2024,6,2024-06,monthly_baseload,EPIAS_VEP_daily_reference_price
2024-03-06,EBM0724,3086.36,2024,7,2024-07,monthly_baseload,EPIAS_VEP_daily_reference_price
2024-03-06,EBM0824,2927.85,2024,8,2024-08,monthly_baseload,EPIAS_VEP_daily_reference_price
2024-03-06,EBM0924,2610.26,2024,9,2024-09,monthly_baseload,EPIAS_VEP_daily_reference_price
2024-03-07,EBM0424,3171.6,2024,4,2024-04,monthly_baseload,EPIAS_VEP_daily_reference_price
2024-03-07,EBM0524,3416.02,2024,5,2024-05,monthly_baseload,EPIAS_VEP_daily_reference_price
2024-03-07,EBM0624,2908.5,2024,6,2024-06,monthly_baseload,EPIAS_VEP_daily_reference_price
2024-03-07,EBM0724,3086.36,2024,7,2024-07,monthly_baseload,EPIAS_VEP_daily_reference_price
2024-03-07,EBM0824,2927.85,2024,8,2024-08,monthly_baseload,EPIAS_VEP_daily_reference_price
2024-03-07,EBM0924,2610.26,2024,9,2024-09,monthly_baseload,EPIAS_VEP_daily_reference_price
2024-03-08,EBM0424,3171.6,2024,4,2024-04,monthly_baseload,EPIAS_VEP_daily_reference_price
2024-03-08,EBM0524,3416.02,2024,5,2024-05,monthly_baseload,EPIAS_VEP_daily_reference_price
2024-03-08,EBM0624,2908.5,2024,6,2024-06,monthly_baseload,EPIAS_VEP_daily_reference_price
2024-03-08,EBM0724,3086.36,2024,7,2024-07,monthly_baseload,EPIAS_VEP_daily_reference_price
2024-03-08,EBM0824,2927.85,2024,8,2024-08,monthly_baseload,EPIAS_VEP_daily_reference_price
2024-03-08,EBM0924,2610.26,2024,9,2024-09,monthly_baseload,EPIAS_VEP_daily_reference_price
2024-03-11,EBM0424,3171.6,2024,4,2024-04,monthly_baseload,EPIAS_VEP_daily_reference_price
2024-03-11,EBM0524,3416.02,2024,5,2024-05,monthly_baseload,EPIAS_VEP_daily_reference_price
2024-03-11,EBM0624,2908.5,2024,6,2024-06,monthly_baseload,EPIAS_VEP_daily_reference_price
2024-03-11,EBM0724,3086.36,2024,7,2024-07,monthly_baseload,EPIAS_VEP_daily_reference_price
2024-03-11,EBM0824,2927.85,2024,8,2024-08,monthly_baseload,EPIAS_VEP_daily_reference_price
2024-03-11,EBM0924,2610.26,2024,9,2024-09,monthly_baseload,EPIAS_VEP_daily_reference_price
2024-03-12,EBM0424,3171.6,2024,4,2024-04,monthly_baseload,EPIAS_VEP_daily_reference_price
2024-03-12,EBM0524,3416.02,2024,5,2024-05,monthly_baseload,EPIAS_VEP_daily_reference_price
2024-03-12,EBM0624,2908.5,2024,6,2024-06,monthly_baseload,EPIAS_VEP_daily_reference_price
2024-03-12,EBM0724,3086.36,2024,7,2024-07,monthly_baseload,EPIAS_VEP_daily_reference_price
2024-03-12,EBM0824,2927.85,2024,8,2024-08,monthly_baseload,EPIAS_VEP_daily_reference_price
2024-03-12,EBM0924,2610.26,2024,9,2024-09,monthly_baseload,EPIAS_VEP_daily_reference_price
2024-03-13,EBM0424,3171.6,2024,4,2024-04,monthly_baseload,EPIAS_VEP_daily_reference_price
2024-03-13,EBM0524,3416.02,2024,5,2024-05,monthly_baseload,EPIAS_VEP_daily_reference_price
2024-03-13,EBM0624,2908.5,2024,6,2024-06,monthly_baseload,EPIAS_VEP_daily_reference_price
2024-03-13,EBM0724,3086.36,2024,7,2024-07,monthly_baseload,EPIAS_VEP_daily_reference_price
2024-03-13,EBM0824,2927.85,2024,8,2024-08,monthly_baseload,EPIAS_VEP_daily_reference_price
2024-03-13,EBM0924,2610.26,2024,9,2024-09,monthly_baseload,EPIAS_VEP_daily_reference_price
2024-03-14,EBM0424,3171.6,2024,4,2024-04,monthly_baseload,EPIAS_VEP_daily_reference_price
2024-03-14,EBM0524,3416.02,2024,5,2024-05,monthly_baseload,EPIAS_VEP_daily_reference_price
2024-03-14,EBM0624,2908.5,2024,6,2024-06,monthly_baseload,EPIAS_VEP_daily_reference_price
2024-03-14,EBM0724,3086.36,2024,7,2024-07,monthly_baseload,EPIAS_VEP_daily_reference_price
2024-03-14,EBM0824,2927.85,2024,8,2024-08,monthly_baseload,EPIAS_VEP_daily_reference_price
2024-03-14,EBM0924,2610.26,2024,9,2024-09,monthly_baseload,EPIAS_VEP_daily_reference_price
2024-03-15,EBM0424,3171.6,2024,4,2024-04,monthly_baseload,EPIAS_VEP_daily_reference_price
2024-03-15,EBM0524,3416.02,2024,5,2024-05,monthly_baseload,EPIAS_VEP_daily_reference_price
2024-03-15,EBM0624,2908.5,2024,6,2024-06,monthly_baseload,EPIAS_VEP_daily_reference_price
2024-03-15,EBM0724,3086.36,2024,7,2024-07,monthly_baseload,EPIAS_VEP_daily_reference_price
2024-03-15,EBM0824,2927.85,2024,8,2024-08,monthly_baseload,EPIAS_VEP_daily_reference_price
2024-03-15,EBM0924,2610.26,2024,9,2024-09,monthly_baseload,EPIAS_VEP_daily_reference_price
2024-03-18,EBM0424,3171.6,2024,4,2024-04,monthly_baseload,EPIAS_VEP_daily_reference_price
2024-03-18,EBM0524,3416.02,2024,5,2024-05,monthly_baseload,EPIAS_VEP_daily_reference_price
2024-03-18,EBM0624,2908.5,2024,6,2024-06,monthly_baseload,EPIAS_VEP_daily_reference_price
2024-03-18,EBM0724,3086.36,2024,7,2024-07,monthly_baseload,EPIAS_VEP_daily_reference_price
2024-03-18,EBM0824,2927.85,2024,8,2024-08,monthly_baseload,EPIAS_VEP_daily_reference_price
2024-03-18,EBM0924,2610.26,2024,9,2024-09,monthly_baseload,EPIAS_VEP_daily_reference_price
2024-03-19,EBM0424,3171.6,2024,4,2024-04,monthly_baseload,EPIAS_VEP_daily_reference_price
2024-03-19,EBM0524,3416.02,2024,5,2024-05,monthly_baseload,EPIAS_VEP_daily_reference_price
2024-03-19,EBM0624,2908.5,2024,6,2024-06,monthly_baseload,EPIAS_VEP_daily_reference_price
2024-03-19,EBM0724,3086.36,2024,7,2024-07,monthly_baseload,EPIAS_VEP_daily_reference_price
2024-03-19,EBM0824,2927.85,2024,8,2024-08,monthly_baseload,EPIAS_VEP_daily_reference_price
2024-03-19,EBM0924,2610.26,2024,9,2024-09,monthly_baseload,EPIAS_VEP_daily_reference_price
2024-03-20,EBM0424,3171.6,2024,4,2024-04,monthly_baseload,EPIAS_VEP_daily_reference_price
2024-03-20,EBM0524,3416.02,2024,5,2024-05,monthly_baseload,EPIAS_VEP_daily_reference_price
2024-03-20,EBM0624,2908.5,2024,6,2024-06,monthly_baseload,EPIAS_VEP_daily_reference_price
2024-03-20,EBM0724,3086.36,2024,7,2024-07,monthly_baseload,EPIAS_VEP_daily_reference_price
2024-03-20,EBM0824,2927.85,2024,8,2024-08,monthly_baseload,EPIAS_VEP_daily_reference_price
2024-03-20,EBM0924,2610.26,2024,9,2024-09,monthly_baseload,EPIAS_VEP_daily_reference_price
2024-03-21,EBM0424,3171.6,2024,4,2024-04,monthly_baseload,EPIAS_VEP_daily_reference_price
2024-03-21,EBM0524,3416.02,2024,5,2024-05,monthly_baseload,EPIAS_VEP_daily_reference_price
2024-03-21,EBM0624,2908.5,2024,6,2024-06,monthly_baseload,EPIAS_VEP_daily_reference_price
2024-03-21,EBM0724,3086.36,2024,7,2024-07,monthly_baseload,EPIAS_VEP_daily_reference_price
2024-03-21,EBM0824,2927.85,2024,8,2024-08,monthly_baseload,EPIAS_VEP_daily_reference_price
2024-03-21,EBM0924,2610.26,2024,9,2024-09,monthly_baseload,EPIAS_VEP_daily_reference_price
2024-03-22,EBM0424,3171.6,2024,4,2024-04,monthly_baseload,EPIAS_VEP_daily_reference_price
2024-03-22,EBM0524,3416.02,2024,5,2024-05,monthly_baseload,EPIAS_VEP_daily_reference_price
2024-03-22,EBM0624,2908.5,2024,6,2024-06,monthly_baseload,EPIAS_VEP_daily_reference_price
2024-03-22,EBM0724,3086.36,2024,7,2024-07,monthly_baseload,EPIAS_VEP_daily_reference_price
2024-03-22,EBM0824,2927.85,2024,8,2024-08,monthly_baseload,EPIAS_VEP_daily_reference_price
2024-03-22,EBM0924,2610.26,2024,9,2024-09,monthly_baseload,EPIAS_VEP_daily_reference_price
2024-03-25,EBM0424,3171.6,2024,4,2024-04,monthly_baseload,EPIAS_VEP_daily_reference_price
2024-03-25,EBM0524,3416.02,2024,5,2024-05,monthly_baseload,EPIAS_VEP_daily_reference_price
2024-03-25,EBM0624,2908.5,2024,6,2024-06,monthly_baseload,EPIAS_VEP_daily_reference_price
2024-03-25,EBM0724,3086.36,2024,7,2024-07,monthly_baseload,EPIAS_VEP_daily_reference_price
2024-03-25,EBM0824,2927.85,2024,8,2024-08,monthly_baseload,EPIAS_VEP_daily_reference_price
2024-03-25,EBM0924,2610.26,2024,9,2024-09,monthly_baseload,EPIAS_VEP_daily_reference_price
2024-03-26,EBM0424,3171.6,2024,4,2024-04,monthly_baseload,EPIAS_VEP_daily_reference_price
2024-03-26,EBM0524,3416.02,2024,5,2024-05,monthly_baseload,EPIAS_VEP_daily_reference_price
2024-03-26,EBM0624,2908.5,2024,6,2024-06,monthly_baseload,EPIAS_VEP_daily_reference_price
2024-03-26,EBM0724,3086.36,2024,7,2024-07,monthly_baseload,EPIAS_VEP_daily_reference_price
2024-03-26,EBM0824,2927.85,2024,8,2024-08,monthly_baseload,EPIAS_VEP_daily_reference_price
2024-03-26,EBM0924,2610.26,2024,9,2024-09,monthly_baseload,EPIAS_VEP_daily_reference_price
2024-03-27,EBM0424,3171.6,2024,4,2024-04,monthly_baseload,EPIAS_VEP_daily_reference_price
2024-03-27,EBM0524,3416.02,2024,5,2024-05,monthly_baseload,EPIAS_VEP_daily_reference_price
2024-03-27,EBM0624,2908.5,2024,6,2024-06,monthly_baseload,EPIAS_VEP_daily_reference_price
2024-03-27,EBM0724,3086.36,2024,7,2024-07,monthly_baseload,EPIAS_VEP_daily_reference_price
2024-03-27,EBM0824,2927.85,2024,8,2024-08,monthly_baseload,EPIAS_VEP_daily_reference_price
2024-03-27,EBM0924,2610.26,2024,9,2024-09,monthly_baseload,EPIAS_VEP_daily_reference_price
2024-03-28,EBM0524,3416.02,2024,5,2024-05,monthly_baseload,EPIAS_VEP_daily_reference_price
2024-03-28,EBM0624,2908.5,2024,6,2024-06,monthly_baseload,EPIAS_VEP_daily_reference_price
2024-03-28,EBM0724,3086.36,2024,7,2024-07,monthly_baseload,EPIAS_VEP_daily_reference_price
2024-03-28,EBM0824,2927.85,2024,8,2024-08,monthly_baseload,EPIAS_VEP_daily_reference_price
2024-03-28,EBM0924,2610.26,2024,9,2024-09,monthly_baseload,EPIAS_VEP_daily_reference_price
2024-03-28,EBM1024,2249.84,2024,10,2024-10,monthly_baseload,EPIAS_VEP_daily_reference_price
2024-03-29,EBM0524,3416.02,2024,5,2024-05,monthly_baseload,EPIAS_VEP_daily_reference_price
2024-03-29,EBM0624,2908.5,2024,6,2024-06,monthly_baseload,EPIAS_VEP_daily_reference_price
2024-03-29,EBM0724,3086.36,2024,7,2024-07,monthly_baseload,EPIAS_VEP_daily_reference_price
2024-03-29,EBM0824,2927.85,2024,8,2024-08,monthly_baseload,EPIAS_VEP_daily_reference_price
2024-03-29,EBM0924,2610.26,2024,9,2024-09,monthly_baseload,EPIAS_VEP_daily_reference_price
2024-03-29,EBM1024,2249.84,2024,10,2024-10,monthly_baseload,EPIAS_VEP_daily_reference_price
2024-04-01,EBM0524,3416.02,2024,5,2024-05,monthly_baseload,EPIAS_VEP_daily_reference_price
2024-04-01,EBM0624,2908.5,2024,6,2024-06,monthly_baseload,EPIAS_VEP_daily_reference_price
2024-04-01,EBM0724,3086.36,2024,7,2024-07,monthly_baseload,EPIAS_VEP_daily_reference_price
2024-04-01,EBM0824,2927.85,2024,8,2024-08,monthly_baseload,EPIAS_VEP_daily_reference_price
2024-04-01,EBM0924,2610.26,2024,9,2024-09,monthly_baseload,EPIAS_VEP_daily_reference_price
2024-04-01,EBM1024,2249.84,2024,10,2024-10,monthly_baseload,EPIAS_VEP_daily_reference_price
2024-04-02,EBM0524,3416.02,2024,5,2024-05,monthly_baseload,EPIAS_VEP_daily_reference_price
2024-04-02,EBM0624,2908.5,2024,6,2024-06,monthly_baseload,EPIAS_VEP_daily_reference_price
2024-04-02,EBM0724,3086.36,2024,7,2024-07,monthly_baseload,EPIAS_VEP_daily_reference_price
2024-04-02,EBM0824,2927.85,2024,8,2024-08,monthly_baseload,EPIAS_VEP_daily_reference_price
2024-04-02,EBM0924,2610.26,2024,9,2024-09,monthly_baseload,EPIAS_VEP_daily_reference_price
2024-04-02,EBM1024,2249.84,2024,10,2024-10,monthly_baseload,EPIAS_VEP_daily_reference_price
2024-04-03,EBM0524,3416.02,2024,5,2024-05,monthly_baseload,EPIAS_VEP_daily_reference_price
2024-04-03,EBM0624,2908.5,2024,6,2024-06,monthly_baseload,EPIAS_VEP_daily_reference_price
2024-04-03,EBM0724,3086.36,2024,7,2024-07,monthly_baseload,EPIAS_VEP_daily_reference_price
2024-04-03,EBM0824,2927.85,2024,8,2024-08,monthly_baseload,EPIAS_VEP_daily_reference_price
2024-04-03,EBM0924,2610.26,2024,9,2024-09,monthly_baseload,EPIAS_VEP_daily_reference_price
2024-04-03,EBM1024,2249.84,2024,10,2024-10,monthly_baseload,EPIAS_VEP_daily_reference_price
2024-04-04,EBM0524,3416.02,2024,5,2024-05,monthly_baseload,EPIAS_VEP_daily_reference_price
2024-04-04,EBM0624,2908.5,2024,6,2024-06,monthly_baseload,EPIAS_VEP_daily_reference_price
2024-04-04,EBM0724,3086.36,2024,7,2024-07,monthly_baseload,EPIAS_VEP_daily_reference_price
2024-04-04,EBM0824,2927.85,2024,8,2024-08,monthly_baseload,EPIAS_VEP_daily_reference_price
2024-04-04,EBM0924,2610.26,2024,9,2024-09,monthly_baseload,EPIAS_VEP_daily_reference_price
2024-04-04,EBM1024,2249.84,2024,10,2024-10,monthly_baseload,EPIAS_VEP_daily_reference_price
2024-04-05,EBM0524,3416.02,2024,5,2024-05,monthly_baseload,EPIAS_VEP_daily_reference_price
2024-04-05,EBM0624,2908.5,2024,6,2024-06,monthly_baseload,EPIAS_VEP_daily_reference_price
2024-04-05,EBM0724,3086.36,2024,7,2024-07,monthly_baseload,EPIAS_VEP_daily_reference_price
2024-04-05,EBM0824,2927.85,2024,8,2024-08,monthly_baseload,EPIAS_VEP_daily_reference_price
2024-04-05,EBM0924,2610.26,2024,9,2024-09,monthly_baseload,EPIAS_VEP_daily_reference_price
2024-04-05,EBM1024,2249.84,2024,10,2024-10,monthly_baseload,EPIAS_VEP_daily_reference_price
2024-04-08,EBM0524,3416.02,2024,5,2024-05,monthly_baseload,EPIAS_VEP_daily_reference_price
2024-04-08,EBM0624,2908.5,2024,6,2024-06,monthly_baseload,EPIAS_VEP_daily_reference_price
2024-04-08,EBM0724,3086.36,2024,7,2024-07,monthly_baseload,EPIAS_VEP_daily_reference_price
2024-04-08,EBM0824,2927.85,2024,8,2024-08,monthly_baseload,EPIAS_VEP_daily_reference_price
2024-04-08,EBM0924,2610.26,2024,9,2024-09,monthly_baseload,EPIAS_VEP_daily_reference_price
2024-04-08,EBM1024,2249.84,2024,10,2024-10,monthly_baseload,EPIAS_VEP_daily_reference_price
2024-04-15,EBM0524,3416.02,2024,5,2024-05,monthly_baseload,EPIAS_VEP_daily_reference_price
2024-04-15,EBM0624,2908.5,2024,6,2024-06,monthly_baseload,EPIAS_VEP_daily_reference_price
2024-04-15,EBM0724,3086.36,2024,7,2024-07,monthly_baseload,EPIAS_VEP_daily_reference_price
2024-04-15,EBM0824,2927.85,2024,8,2024-08,monthly_baseload,EPIAS_VEP_daily_reference_price
2024-04-15,EBM0924,2610.26,2024,9,2024-09,monthly_baseload,EPIAS_VEP_daily_reference_price
2024-04-15,EBM1024,2249.84,2024,10,2024-10,monthly_baseload,EPIAS_VEP_daily_reference_price
2024-04-16,EBM0524,3416.02,2024,5,2024-05,monthly_baseload,EPIAS_VEP_daily_reference_price
2024-04-16,EBM0624,2908.5,2024,6,2024-06,monthly_baseload,EPIAS_VEP_daily_reference_price
2024-04-16,EBM0724,3086.36,2024,7,2024-07,monthly_baseload,EPIAS_VEP_daily_reference_price
2024-04-16,EBM0824,2927.85,2024,8,2024-08,monthly_baseload,EPIAS_VEP_daily_reference_price
2024-04-16,EBM0924,2610.26,2024,9,2024-09,monthly_baseload,EPIAS_VEP_daily_reference_price
2024-04-16,EBM1024,2249.84,2024,10,2024-10,monthly_baseload,EPIAS_VEP_daily_reference_price
2024-04-17,EBM0524,3416.02,2024,5,2024-05,monthly_baseload,EPIAS_VEP_daily_reference_price
2024-04-17,EBM0624,2908.5,2024,6,2024-06,monthly_baseload,EPIAS_VEP_daily_reference_price
2024-04-17,EBM0724,3086.36,2024,7,2024-07,monthly_baseload,EPIAS_VEP_daily_reference_price
2024-04-17,EBM0824,2927.85,2024,8,2024-08,monthly_baseload,EPIAS_VEP_daily_reference_price
2024-04-17,EBM0924,2610.26,2024,9,2024-09,monthly_baseload,EPIAS_VEP_daily_reference_price
2024-04-17,EBM1024,2249.84,2024,10,2024-10,monthly_baseload,EPIAS_VEP_daily_reference_price
2024-04-18,EBM0524,3416.02,2024,5,2024-05,monthly_baseload,EPIAS_VEP_daily_reference_price
2024-04-18,EBM0624,2908.5,2024,6,2024-06,monthly_baseload,EPIAS_VEP_daily_reference_price
2024-04-18,EBM0724,3086.36,2024,7,2024-07,monthly_baseload,EPIAS_VEP_daily_reference_price
2024-04-18,EBM0824,2927.85,2024,8,2024-08,monthly_baseload,EPIAS_VEP_daily_reference_price
2024-04-18,EBM0924,2610.26,2024,9,2024-09,monthly_baseload,EPIAS_VEP_daily_reference_price
2024-04-18,EBM1024,2249.84,2024,10,2024-10,monthly_baseload,EPIAS_VEP_daily_reference_price
2024-04-19,EBM0524,3416.02,2024,5,2024-05,monthly_baseload,EPIAS_VEP_daily_reference_price
2024-04-19,EBM0624,2908.5,2024,6,2024-06,monthly_baseload,EPIAS_VEP_daily_reference_price
2024-04-19,EBM0724,3086.36,2024,7,2024-07,monthly_baseload,EPIAS_VEP_daily_reference_price
2024-04-19,EBM0824,2927.85,2024,8,2024-08,monthly_baseload,EPIAS_VEP_daily_reference_price
2024-04-19,EBM0924,2610.26,2024,9,2024-09,monthly_baseload,EPIAS_VEP_daily_reference_price
2024-04-19,EBM1024,2249.84,2024,10,2024-10,monthly_baseload,EPIAS_VEP_daily_reference_price
2024-04-22,EBM0524,3416.02,2024,5,2024-05,monthly_baseload,EPIAS_VEP_daily_reference_price
2024-04-22,EBM0624,2908.5,2024,6,2024-06,monthly_baseload,EPIAS_VEP_daily_reference_price
2024-04-22,EBM0724,3086.36,2024,7,2024-07,monthly_baseload,EPIAS_VEP_daily_reference_price
2024-04-22,EBM0824,2927.85,2024,8,2024-08,monthly_baseload,EPIAS_VEP_daily_reference_price
2024-04-22,EBM0924,2610.26,2024,9,2024-09,monthly_baseload,EPIAS_VEP_daily_reference_price
2024-04-22,EBM1024,2249.84,2024,10,2024-10,monthly_baseload,EPIAS_VEP_daily_reference_price
2024-04-24,EBM0524,3416.02,2024,5,2024-05,monthly_baseload,EPIAS_VEP_daily_reference_price
2024-04-24,EBM0624,2908.5,2024,6,2024-06,monthly_baseload,EPIAS_VEP_daily_reference_price
2024-04-24,EBM0724,3086.36,2024,7,2024-07,monthly_baseload,EPIAS_VEP_daily_reference_price
2024-04-24,EBM0824,2927.85,2024,8,2024-08,monthly_baseload,EPIAS_VEP_daily_reference_price
2024-04-24,EBM0924,2610.26,2024,9,2024-09,monthly_baseload,EPIAS_VEP_daily_reference_price
2024-04-24,EBM1024,2249.84,2024,10,2024-10,monthly_baseload,EPIAS_VEP_daily_reference_price
2024-04-25,EBM0524,3416.02,2024,5,2024-05,monthly_baseload,EPIAS_VEP_daily_reference_price
2024-04-25,EBM0624,2908.5,2024,6,2024-06,monthly_baseload,EPIAS_VEP_daily_reference_price
2024-04-25,EBM0724,3086.36,2024,7,2024-07,monthly_baseload,EPIAS_VEP_daily_reference_price
2024-04-25,EBM0824,2927.85,2024,8,2024-08,monthly_baseload,EPIAS_VEP_daily_reference_price
2024-04-25,EBM0924,2610.26,2024,9,2024-09,monthly_baseload,EPIAS_VEP_daily_reference_price
2024-04-25,EBM1024,2249.84,2024,10,2024-10,monthly_baseload,EPIAS_VEP_daily_reference_price
2024-04-26,EBM0524,3416.02,2024,5,2024-05,monthly_baseload,EPIAS_VEP_daily_reference_price
2024-04-26,EBM0624,2908.5,2024,6,2024-06,monthly_baseload,EPIAS_VEP_daily_reference_price
2024-04-26,EBM0724,3086.36,2024,7,2024-07,monthly_baseload,EPIAS_VEP_daily_reference_price
2024-04-26,EBM0824,2927.85,2024,8,2024-08,monthly_baseload,EPIAS_VEP_daily_reference_price
2024-04-26,EBM0924,2610.26,2024,9,2024-09,monthly_baseload,EPIAS_VEP_daily_reference_price
2024-04-26,EBM1024,2249.84,2024,10,2024-10,monthly_baseload,EPIAS_VEP_daily_reference_price
2024-04-29,EBM0624,2908.5,2024,6,2024-06,monthly_baseload,EPIAS_VEP_daily_reference_price
2024-04-29,EBM0724,3086.36,2024,7,2024-07,monthly_baseload,EPIAS_VEP_daily_reference_price
2024-04-29,EBM0824,2927.85,2024,8,2024-08,monthly_baseload,EPIAS_VEP_daily_reference_price
2024-04-29,EBM0924,2610.26,2024,9,2024-09,monthly_baseload,EPIAS_VEP_daily_reference_price
2024-04-29,EBM1024,2249.84,2024,10,2024-10,monthly_baseload,EPIAS_VEP_daily_reference_price
2024-04-29,EBM1124,2480.29,2024,11,2024-11,monthly_baseload,EPIAS_VEP_daily_reference_price
2024-04-30,EBM0624,2908.5,2024,6,2024-06,monthly_baseload,EPIAS_VEP_daily_reference_price
2024-04-30,EBM0724,3086.36,2024,7,2024-07,monthly_baseload,EPIAS_VEP_daily_reference_price
2024-04-30,EBM0824,2927.85,2024,8,2024-08,monthly_baseload,EPIAS_VEP_daily_reference_price
2024-04-30,EBM0924,2610.26,2024,9,2024-09,monthly_baseload,EPIAS_VEP_daily_reference_price
2024-04-30,EBM1024,2249.84,2024,10,2024-10,monthly_baseload,EPIAS_VEP_daily_reference_price
2024-04-30,EBM1124,2480.29,2024,11,2024-11,monthly_baseload,EPIAS_VEP_daily_reference_price
2024-05-02,EBM0624,2908.5,2024,6,2024-06,monthly_baseload,EPIAS_VEP_daily_reference_price
2024-05-02,EBM0724,3086.36,2024,7,2024-07,monthly_baseload,EPIAS_VEP_daily_reference_price
2024-05-02,EBM0824,2927.85,2024,8,2024-08,monthly_baseload,EPIAS_VEP_daily_reference_price
2024-05-02,EBM0924,2610.26,2024,9,2024-09,monthly_baseload,EPIAS_VEP_daily_reference_price
2024-05-02,EBM1024,2249.84,2024,10,2024-10,monthly_baseload,EPIAS_VEP_daily_reference_price
2024-05-02,EBM1124,2480.29,2024,11,2024-11,monthly_baseload,EPIAS_VEP_daily_reference_price
2024-05-03,EBM0624,2908.5,2024,6,2024-06,monthly_baseload,EPIAS_VEP_daily_reference_price
2024-05-03,EBM0724,3086.36,2024,7,2024-07,monthly_baseload,EPIAS_VEP_daily_reference_price
2024-05-03,EBM0824,2927.85,2024,8,2024-08,monthly_baseload,EPIAS_VEP_daily_reference_price
2024-05-03,EBM0924,2610.26,2024,9,2024-09,monthly_baseload,EPIAS_VEP_daily_reference_price
2024-05-03,EBM1024,2249.84,2024,10,2024-10,monthly_baseload,EPIAS_VEP_daily_reference_price
2024-05-03,EBM1124,2480.29,2024,11,2024-11,monthly_baseload,EPIAS_VEP_daily_reference_price
2024-05-06,EBM0624,2908.5,2024,6,2024-06,monthly_baseload,EPIAS_VEP_daily_reference_price
2024-05-06,EBM0724,3086.36,2024,7,2024-07,monthly_baseload,EPIAS_VEP_daily_reference_price
2024-05-06,EBM0824,2927.85,2024,8,2024-08,monthly_baseload,EPIAS_VEP_daily_reference_price
2024-05-06,EBM0924,2610.26,2024,9,2024-09,monthly_baseload,EPIAS_VEP_daily_reference_price
2024-05-06,EBM1024,2249.84,2024,10,2024-10,monthly_baseload,EPIAS_VEP_daily_reference_price
2024-05-06,EBM1124,2480.29,2024,11,2024-11,monthly_baseload,EPIAS_VEP_daily_reference_price
2024-05-07,EBM0624,2908.5,2024,6,2024-06,monthly_baseload,EPIAS_VEP_daily_reference_price
2024-05-07,EBM0724,3086.36,2024,7,2024-07,monthly_baseload,EPIAS_VEP_daily_reference_price
2024-05-07,EBM0824,2927.85,2024,8,2024-08,monthly_baseload,EPIAS_VEP_daily_reference_price
2024-05-07,EBM0924,2610.26,2024,9,2024-09,monthly_baseload,EPIAS_VEP_daily_reference_price
2024-05-07,EBM1024,2249.84,2024,10,2024-10,monthly_baseload,EPIAS_VEP_daily_reference_price
2024-05-07,EBM1124,2480.29,2024,11,2024-11,monthly_baseload,EPIAS_VEP_daily_reference_price
2024-05-08,EBM0624,2908.5,2024,6,2024-06,monthly_baseload,EPIAS_VEP_daily_reference_price
2024-05-08,EBM0724,3086.36,2024,7,2024-07,monthly_baseload,EPIAS_VEP_daily_reference_price
2024-05-08,EBM0824,2927.85,2024,8,2024-08,monthly_baseload,EPIAS_VEP_daily_reference_price
2024-05-08,EBM0924,2610.26,2024,9,2024-09,monthly_baseload,EPIAS_VEP_daily_reference_price
2024-05-08,EBM1024,2249.84,2024,10,2024-10,monthly_baseload,EPIAS_VEP_daily_reference_price
2024-05-08,EBM1124,2480.29,2024,11,2024-11,monthly_baseload,EPIAS_VEP_daily_reference_price
2024-05-09,EBM0624,2908.5,2024,6,2024-06,monthly_baseload,EPIAS_VEP_daily_reference_price
2024-05-09,EBM0724,3086.36,2024,7,2024-07,monthly_baseload,EPIAS_VEP_daily_reference_price
2024-05-09,EBM0824,2927.85,2024,8,2024-08,monthly_baseload,EPIAS_VEP_daily_reference_price
2024-05-09,EBM0924,2610.26,2024,9,2024-09,monthly_baseload,EPIAS_VEP_daily_reference_price
2024-05-09,EBM1024,2249.84,2024,10,2024-10,monthly_baseload,EPIAS_VEP_daily_reference_price
2024-05-09,EBM1124,2480.29,2024,11,2024-11,monthly_baseload,EPIAS_VEP_daily_reference_price
2024-05-10,EBM0624,2908.5,2024,6,2024-06,monthly_baseload,EPIAS_VEP_daily_reference_price
2024-05-10,EBM0724,3086.36,2024,7,2024-07,monthly_baseload,EPIAS_VEP_daily_reference_price
2024-05-10,EBM0824,2927.85,2024,8,2024-08,monthly_baseload,EPIAS_VEP_daily_reference_price
2024-05-10,EBM0924,2610.26,2024,9,2024-09,monthly_baseload,EPIAS_VEP_daily_reference_price
2024-05-10,EBM1024,2249.84,2024,10,2024-10,monthly_baseload,EPIAS_VEP_daily_reference_price
2024-05-10,EBM1124,2480.29,2024,11,2024-11,monthly_baseload,EPIAS_VEP_daily_reference_price
2024-05-13,EBM0624,2908.5,2024,6,2024-06,monthly_baseload,EPIAS_VEP_daily_reference_price
2024-05-13,EBM0724,3086.36,2024,7,2024-07,monthly_baseload,EPIAS_VEP_daily_reference_price
2024-05-13,EBM0824,2927.85,2024,8,2024-08,monthly_baseload,EPIAS_VEP_daily_reference_price
2024-05-13,EBM0924,2610.26,2024,9,2024-09,monthly_baseload,EPIAS_VEP_daily_reference_price
2024-05-13,EBM1024,2249.84,2024,10,2024-10,monthly_baseload,EPIAS_VEP_daily_reference_price
2024-05-13,EBM1124,2480.29,2024,11,2024-11,monthly_baseload,EPIAS_VEP_daily_reference_price
2024-05-14,EBM0624,2908.5,2024,6,2024-06,monthly_baseload,EPIAS_VEP_daily_reference_price
2024-05-14,EBM0724,3086.36,2024,7,2024-07,monthly_baseload,EPIAS_VEP_daily_reference_price
2024-05-14,EBM0824,2927.85,2024,8,2024-08,monthly_baseload,EPIAS_VEP_daily_reference_price
2024-05-14,EBM0924,2610.26,2024,9,2024-09,monthly_baseload,EPIAS_VEP_daily_reference_price
2024-05-14,EBM1024,2249.84,2024,10,2024-10,monthly_baseload,EPIAS_VEP_daily_reference_price
2024-05-14,EBM1124,2480.29,2024,11,2024-11,monthly_baseload,EPIAS_VEP_daily_reference_price
2024-05-15,EBM0624,2908.5,2024,6,2024-06,monthly_baseload,EPIAS_VEP_daily_reference_price
2024-05-15,EBM0724,3086.36,2024,7,2024-07,monthly_baseload,EPIAS_VEP_daily_reference_price
2024-05-15,EBM0824,2927.85,2024,8,2024-08,monthly_baseload,EPIAS_VEP_daily_reference_price
2024-05-15,EBM0924,2610.26,2024,9,2024-09,monthly_baseload,EPIAS_VEP_daily_reference_price
2024-05-15,EBM1024,2249.84,2024,10,2024-10,monthly_baseload,EPIAS_VEP_daily_reference_price
2024-05-15,EBM1124,2480.29,2024,11,2024-11,monthly_baseload,EPIAS_VEP_daily_reference_price
2024-05-16,EBM0624,2908.5,2024,6,2024-06,monthly_baseload,EPIAS_VEP_daily_reference_price
2024-05-16,EBM0724,3086.36,2024,7,2024-07,monthly_baseload,EPIAS_VEP_daily_reference_price
2024-05-16,EBM0824,2927.85,2024,8,2024-08,monthly_baseload,EPIAS_VEP_daily_reference_price
2024-05-16,EBM0924,2610.26,2024,9,2024-09,monthly_baseload,EPIAS_VEP_daily_reference_price
2024-05-16,EBM1024,2249.84,2024,10,2024-10,monthly_baseload,EPIAS_VEP_daily_reference_price
2024-05-16,EBM1124,2480.29,2024,11,2024-11,monthly_baseload,EPIAS_VEP_daily_reference_price
2024-05-17,EBM0624,2908.5,2024,6,2024-06,monthly_baseload,EPIAS_VEP_daily_reference_price
2024-05-17,EBM0724,3086.36,2024,7,2024-07,monthly_baseload,EPIAS_VEP_daily_reference_price
2024-05-17,EBM0824,2927.85,2024,8,2024-08,monthly_baseload,EPIAS_VEP_daily_reference_price
2024-05-17,EBM0924,2610.26,2024,9,2024-09,monthly_baseload,EPIAS_VEP_daily_reference_price
2024-05-17,EBM1024,2249.84,2024,10,2024-10,monthly_baseload,EPIAS_VEP_daily_reference_price
2024-05-17,EBM1124,2480.29,2024,11,2024-11,monthly_baseload,EPIAS_VEP_daily_reference_price
2024-05-20,EBM0624,2908.5,2024,6,2024-06,monthly_baseload,EPIAS_VEP_daily_reference_price
2024-05-20,EBM0724,3086.36,2024,7,2024-07,monthly_baseload,EPIAS_VEP_daily_reference_price
2024-05-20,EBM0824,2927.85,2024,8,2024-08,monthly_baseload,EPIAS_VEP_daily_reference_price
2024-05-20,EBM0924,2610.26,2024,9,2024-09,monthly_baseload,EPIAS_VEP_daily_reference_price
2024-05-20,EBM1024,2249.84,2024,10,2024-10,monthly_baseload,EPIAS_VEP_daily_reference_price
2024-05-20,EBM1124,2480.29,2024,11,2024-11,monthly_baseload,EPIAS_VEP_daily_reference_price
2024-05-21,EBM0624,2908.5,2024,6,2024-06,monthly_baseload,EPIAS_VEP_daily_reference_price
2024-05-21,EBM0724,3086.36,2024,7,2024-07,monthly_baseload,EPIAS_VEP_daily_reference_price
2024-05-21,EBM0824,2927.85,2024,8,2024-08,monthly_baseload,EPIAS_VEP_daily_reference_price
2024-05-21,EBM0924,2610.26,2024,9,2024-09,monthly_baseload,EPIAS_VEP_daily_reference_price
2024-05-21,EBM1024,2249.84,2024,10,2024-10,monthly_baseload,EPIAS_VEP_daily_reference_price
2024-05-21,EBM1124,2480.29,2024,11,2024-11,monthly_baseload,EPIAS_VEP_daily_reference_price
2024-05-22,EBM0624,2908.5,2024,6,2024-06,monthly_baseload,EPIAS_VEP_daily_reference_price
2024-05-22,EBM0724,3086.36,2024,7,2024-07,monthly_baseload,EPIAS_VEP_daily_reference_price
2024-05-22,EBM0824,2927.85,2024,8,2024-08,monthly_baseload,EPIAS_VEP_daily_reference_price
2024-05-22,EBM0924,2610.26,2024,9,2024-09,monthly_baseload,EPIAS_VEP_daily_reference_price
2024-05-22,EBM1024,2249.84,2024,10,2024-10,monthly_baseload,EPIAS_VEP_daily_reference_price
2024-05-22,EBM1124,2480.29,2024,11,2024-11,monthly_baseload,EPIAS_VEP_daily_reference_price
2024-05-23,EBM0624,2908.5,2024,6,2024-06,monthly_baseload,EPIAS_VEP_daily_reference_price
2024-05-23,EBM0724,3086.36,2024,7,2024-07,monthly_baseload,EPIAS_VEP_daily_reference_price
2024-05-23,EBM0824,2927.85,2024,8,2024-08,monthly_baseload,EPIAS_VEP_daily_reference_price
2024-05-23,EBM0924,2610.26,2024,9,2024-09,monthly_baseload,EPIAS_VEP_daily_reference_price
2024-05-23,EBM1024,2249.84,2024,10,2024-10,monthly_baseload,EPIAS_VEP_daily_reference_price
2024-05-23,EBM1124,2480.29,2024,11,2024-11,monthly_baseload,EPIAS_VEP_daily_reference_price
2024-05-24,EBM0624,2908.5,2024,6,2024-06,monthly_baseload,EPIAS_VEP_daily_reference_price
2024-05-24,EBM0724,3086.36,2024,7,2024-07,monthly_baseload,EPIAS_VEP_daily_reference_price
2024-05-24,EBM0824,2927.85,2024,8,2024-08,monthly_baseload,EPIAS_VEP_daily_reference_price
2024-05-24,EBM0924,2610.26,2024,9,2024-09,monthly_baseload,EPIAS_VEP_daily_reference_price
2024-05-24,EBM1024,2249.84,2024,10,2024-10,monthly_baseload,EPIAS_VEP_daily_reference_price
2024-05-24,EBM1124,2480.29,2024,11,2024-11,monthly_baseload,EPIAS_VEP_daily_reference_price
2024-05-27,EBM0624,2908.5,2024,6,2024-06,monthly_baseload,EPIAS_VEP_daily_reference_price
2024-05-27,EBM0724,3086.36,2024,7,2024-07,monthly_baseload,EPIAS_VEP_daily_reference_price
2024-05-27,EBM0824,2927.85,2024,8,2024-08,monthly_baseload,EPIAS_VEP_daily_reference_price
2024-05-27,EBM0924,2610.26,2024,9,2024-09,monthly_baseload,EPIAS_VEP_daily_reference_price
2024-05-27,EBM1024,2249.84,2024,10,2024-10,monthly_baseload,EPIAS_VEP_daily_reference_price
2024-05-27,EBM1124,2480.29,2024,11,2024-11,monthly_baseload,EPIAS_VEP_daily_reference_price
2024-05-28,EBM0624,2908.5,2024,6,2024-06,monthly_baseload,EPIAS_VEP_daily_reference_price
2024-05-28,EBM0724,3086.36,2024,7,2024-07,monthly_baseload,EPIAS_VEP_daily_reference_price
2024-05-28,EBM0824,2927.85,2024,8,2024-08,monthly_baseload,EPIAS_VEP_daily_reference_price
2024-05-28,EBM0924,2610.26,2024,9,2024-09,monthly_baseload,EPIAS_VEP_daily_reference_price
2024-05-28,EBM1024,2249.84,2024,10,2024-10,monthly_baseload,EPIAS_VEP_daily_reference_price
2024-05-28,EBM1124,2480.29,2024,11,2024-11,monthly_baseload,EPIAS_VEP_daily_reference_price
2024-05-29,EBM0624,2908.5,2024,6,2024-06,monthly_baseload,EPIAS_VEP_daily_reference_price
2024-05-29,EBM0724,3086.36,2024,7,2024-07,monthly_baseload,EPIAS_VEP_daily_reference_price
2024-05-29,EBM0824,2927.85,2024,8,2024-08,monthly_baseload,EPIAS_VEP_daily_reference_price
2024-05-29,EBM0924,2610.26,2024,9,2024-09,monthly_baseload,EPIAS_VEP_daily_reference_price
2024-05-29,EBM1024,2249.84,2024,10,2024-10,monthly_baseload,EPIAS_VEP_daily_reference_price
2024-05-29,EBM1124,2480.29,2024,11,2024-11,monthly_baseload,EPIAS_VEP_daily_reference_price
2024-05-30,EBM0724,3086.36,2024,7,2024-07,monthly_baseload,EPIAS_VEP_daily_reference_price
2024-05-30,EBM0824,2927.85,2024,8,2024-08,monthly_baseload,EPIAS_VEP_daily_reference_price
2024-05-30,EBM0924,2610.26,2024,9,2024-09,monthly_baseload,EPIAS_VEP_daily_reference_price
2024-05-30,EBM1024,2489.07,2024,10,2024-10,monthly_baseload,EPIAS_VEP_daily_reference_price
2024-05-30,EBM1124,2744.02,2024,11,2024-11,monthly_baseload,EPIAS_VEP_daily_reference_price
2024-05-30,EBM1224,2754.77,2024,12,2024-12,monthly_baseload,EPIAS_VEP_daily_reference_price
2024-05-31,EBM0724,3086.36,2024,7,2024-07,monthly_baseload,EPIAS_VEP_daily_reference_price
2024-05-31,EBM0824,2927.85,2024,8,2024-08,monthly_baseload,EPIAS_VEP_daily_reference_price
2024-05-31,EBM0924,2610.26,2024,9,2024-09,monthly_baseload,EPIAS_VEP_daily_reference_price
2024-05-31,EBM1024,2489.07,2024,10,2024-10,monthly_baseload,EPIAS_VEP_daily_reference_price
2024-05-31,EBM1124,2744.02,2024,11,2024-11,monthly_baseload,EPIAS_VEP_daily_reference_price
2024-05-31,EBM1224,2754.77,2024,12,2024-12,monthly_baseload,EPIAS_VEP_daily_reference_price
2024-06-03,EBM0724,3086.36,2024,7,2024-07,monthly_baseload,EPIAS_VEP_daily_reference_price
2024-06-03,EBM0824,2927.85,2024,8,2024-08,monthly_baseload,EPIAS_VEP_daily_reference_price
2024-06-03,EBM0924,2610.26,2024,9,2024-09,monthly_baseload,EPIAS_VEP_daily_reference_price
2024-06-03,EBM1024,2489.07,2024,10,2024-10,monthly_baseload,EPIAS_VEP_daily_reference_price
2024-06-03,EBM1124,2744.02,2024,11,2024-11,monthly_baseload,EPIAS_VEP_daily_reference_price
2024-06-03,EBM1224,2754.77,2024,12,2024-12,monthly_baseload,EPIAS_VEP_daily_reference_price
2024-06-04,EBM0724,3086.36,2024,7,2024-07,monthly_baseload,EPIAS_VEP_daily_reference_price
2024-06-04,EBM0824,2927.85,2024,8,2024-08,monthly_baseload,EPIAS_VEP_daily_reference_price
2024-06-04,EBM0924,2610.26,2024,9,2024-09,monthly_baseload,EPIAS_VEP_daily_reference_price
2024-06-04,EBM1024,2489.07,2024,10,2024-10,monthly_baseload,EPIAS_VEP_daily_reference_price
2024-06-04,EBM1124,2744.02,2024,11,2024-11,monthly_baseload,EPIAS_VEP_daily_reference_price
2024-06-04,EBM1224,2754.77,2024,12,2024-12,monthly_baseload,EPIAS_VEP_daily_reference_price
2024-06-05,EBM0724,3086.36,2024,7,2024-07,monthly_baseload,EPIAS_VEP_daily_reference_price
2024-06-05,EBM0824,2927.85,2024,8,2024-08,monthly_baseload,EPIAS_VEP_daily_reference_price
2024-06-05,EBM0924,2610.26,2024,9,2024-09,monthly_baseload,EPIAS_VEP_daily_reference_price
2024-06-05,EBM1024,2489.07,2024,10,2024-10,monthly_baseload,EPIAS_VEP_daily_reference_price
2024-06-05,EBM1124,2744.02,2024,11,2024-11,monthly_baseload,EPIAS_VEP_daily_reference_price
2024-06-05,EBM1224,2754.77,2024,12,2024-12,monthly_baseload,EPIAS_VEP_daily_reference_price
2024-06-06,EBM0724,3086.36,2024,7,2024-07,monthly_baseload,EPIAS_VEP_daily_reference_price
2024-06-06,EBM0824,2927.85,2024,8,2024-08,monthly_baseload,EPIAS_VEP_daily_reference_price
2024-06-06,EBM0924,2610.26,2024,9,2024-09,monthly_baseload,EPIAS_VEP_daily_reference_price
2024-06-06,EBM1024,2489.07,2024,10,2024-10,monthly_baseload,EPIAS_VEP_daily_reference_price
2024-06-06,EBM1124,2744.02,2024,11,2024-11,monthly_baseload,EPIAS_VEP_daily_reference_price
2024-06-06,EBM1224,2754.77,2024,12,2024-12,monthly_baseload,EPIAS_VEP_daily_reference_price
2024-06-07,EBM0724,3086.36,2024,7,2024-07,monthly_baseload,EPIAS_VEP_daily_reference_price
2024-06-07,EBM0824,2927.85,2024,8,2024-08,monthly_baseload,EPIAS_VEP_daily_reference_price
2024-06-07,EBM0924,2610.26,2024,9,2024-09,monthly_baseload,EPIAS_VEP_daily_reference_price
2024-06-07,EBM1024,2489.07,2024,10,2024-10,monthly_baseload,EPIAS_VEP_daily_reference_price
2024-06-07,EBM1124,2744.02,2024,11,2024-11,monthly_baseload,EPIAS_VEP_daily_reference_price
2024-06-07,EBM1224,2754.77,2024,12,2024-12,monthly_baseload,EPIAS_VEP_daily_reference_price
2024-06-10,EBM0724,3086.36,2024,7,2024-07,monthly_baseload,EPIAS_VEP_daily_reference_price
2024-06-10,EBM0824,2927.85,2024,8,2024-08,monthly_baseload,EPIAS_VEP_daily_reference_price
2024-06-10,EBM0924,2610.26,2024,9,2024-09,monthly_baseload,EPIAS_VEP_daily_reference_price
2024-06-10,EBM1024,2489.07,2024,10,2024-10,monthly_baseload,EPIAS_VEP_daily_reference_price
2024-06-10,EBM1124,2744.02,2024,11,2024-11,monthly_baseload,EPIAS_VEP_daily_reference_price
2024-06-10,EBM1224,2754.77,2024,12,2024-12,monthly_baseload,EPIAS_VEP_daily_reference_price
2024-06-11,EBM0724,3086.36,2024,7,2024-07,monthly_baseload,EPIAS_VEP_daily_reference_price
2024-06-11,EBM0824,2927.85,2024,8,2024-08,monthly_baseload,EPIAS_VEP_daily_reference_price
2024-06-11,EBM0924,2610.26,2024,9,2024-09,monthly_baseload,EPIAS_VEP_daily_reference_price
2024-06-11,EBM1024,2489.07,2024,10,2024-10,monthly_baseload,EPIAS_VEP_daily_reference_price
2024-06-11,EBM1124,2744.02,2024,11,2024-11,monthly_baseload,EPIAS_VEP_daily_reference_price
2024-06-11,EBM1224,2754.77,2024,12,2024-12,monthly_baseload,EPIAS_VEP_daily_reference_price
2024-06-12,EBM0724,3086.36,2024,7,2024-07,monthly_baseload,EPIAS_VEP_daily_reference_price
2024-06-12,EBM0824,2927.85,2024,8,2024-08,monthly_baseload,EPIAS_VEP_daily_reference_price
2024-06-12,EBM0924,2610.26,2024,9,2024-09,monthly_baseload,EPIAS_VEP_daily_reference_price
2024-06-12,EBM1024,2489.07,2024,10,2024-10,monthly_baseload,EPIAS_VEP_daily_reference_price
2024-06-12,EBM1124,2744.02,2024,11,2024-11,monthly_baseload,EPIAS_VEP_daily_reference_price
2024-06-12,EBM1224,2754.77,2024,12,2024-12,monthly_baseload,EPIAS_VEP_daily_reference_price
2024-06-13,EBM0724,3086.36,2024,7,2024-07,monthly_baseload,EPIAS_VEP_daily_reference_price
2024-06-13,EBM0824,2927.85,2024,8,2024-08,monthly_baseload,EPIAS_VEP_daily_reference_price
2024-06-13,EBM0924,2610.26,2024,9,2024-09,monthly_baseload,EPIAS_VEP_daily_reference_price
2024-06-13,EBM1024,2489.07,2024,10,2024-10,monthly_baseload,EPIAS_VEP_daily_reference_price
2024-06-13,EBM1124,2744.02,2024,11,2024-11,monthly_baseload,EPIAS_VEP_daily_reference_price
2024-06-13,EBM1224,2754.77,2024,12,2024-12,monthly_baseload,EPIAS_VEP_daily_reference_price
2024-06-14,EBM0724,3086.36,2024,7,2024-07,monthly_baseload,EPIAS_VEP_daily_reference_price
2024-06-14,EBM0824,2927.85,2024,8,2024-08,monthly_baseload,EPIAS_VEP_daily_reference_price
2024-06-14,EBM0924,2610.26,2024,9,2024-09,monthly_baseload,EPIAS_VEP_daily_reference_price
2024-06-14,EBM1024,2489.07,2024,10,2024-10,monthly_baseload,EPIAS_VEP_daily_reference_price
2024-06-14,EBM1124,2744.02,2024,11,2024-11,monthly_baseload,EPIAS_VEP_daily_reference_price
2024-06-14,EBM1224,2754.77,2024,12,2024-12,monthly_baseload,EPIAS_VEP_daily_reference_price
2024-06-20,EBM0724,3086.36,2024,7,2024-07,monthly_baseload,EPIAS_VEP_daily_reference_price
2024-06-20,EBM0824,2927.85,2024,8,2024-08,monthly_baseload,EPIAS_VEP_daily_reference_price
2024-06-20,EBM0924,2610.26,2024,9,2024-09,monthly_baseload,EPIAS_VEP_daily_reference_price
2024-06-20,EBM1024,2489.07,2024,10,2024-10,monthly_baseload,EPIAS_VEP_daily_reference_price
2024-06-20,EBM1124,2744.02,2024,11,2024-11,monthly_baseload,EPIAS_VEP_daily_reference_price
2024-06-20,EBM1224,2754.77,2024,12,2024-12,monthly_baseload,EPIAS_VEP_daily_reference_price
2024-06-21,EBM0724,3086.36,2024,7,2024-07,monthly_baseload,EPIAS_VEP_daily_reference_price
2024-06-21,EBM0824,2927.85,2024,8,2024-08,monthly_baseload,EPIAS_VEP_daily_reference_price
2024-06-21,EBM0924,2610.26,2024,9,2024-09,monthly_baseload,EPIAS_VEP_daily_reference_price
2024-06-21,EBM1024,2489.07,2024,10,2024-10,monthly_baseload,EPIAS_VEP_daily_reference_price
2024-06-21,EBM1124,2744.02,2024,11,2024-11,monthly_baseload,EPIAS_VEP_daily_reference_price
2024-06-21,EBM1224,2754.77,2024,12,2024-12,monthly_baseload,EPIAS_VEP_daily_reference_price
2024-06-24,EBM0724,3086.36,2024,7,2024-07,monthly_baseload,EPIAS_VEP_daily_reference_price
2024-06-24,EBM0824,2927.85,2024,8,2024-08,monthly_baseload,EPIAS_VEP_daily_reference_price
2024-06-24,EBM0924,2610.26,2024,9,2024-09,monthly_baseload,EPIAS_VEP_daily_reference_price
2024-06-24,EBM1024,2489.07,2024,10,2024-10,monthly_baseload,EPIAS_VEP_daily_reference_price
2024-06-24,EBM1124,2744.02,2024,11,2024-11,monthly_baseload,EPIAS_VEP_daily_reference_price
2024-06-24,EBM1224,2754.77,2024,12,2024-12,monthly_baseload,EPIAS_VEP_daily_reference_price
2024-06-25,EBM0724,3086.36,2024,7,2024-07,monthly_baseload,EPIAS_VEP_daily_reference_price
2024-06-25,EBM0824,2927.85,2024,8,2024-08,monthly_baseload,EPIAS_VEP_daily_reference_price
2024-06-25,EBM0924,2610.26,2024,9,2024-09,monthly_baseload,EPIAS_VEP_daily_reference_price
2024-06-25,EBM1024,2489.07,2024,10,2024-10,monthly_baseload,EPIAS_VEP_daily_reference_price
2024-06-25,EBM1124,2744.02,2024,11,2024-11,monthly_baseload,EPIAS_VEP_daily_reference_price
2024-06-25,EBM1224,2754.77,2024,12,2024-12,monthly_baseload,EPIAS_VEP_daily_reference_price
2024-06-26,EBM0724,3086.36,2024,7,2024-07,monthly_baseload,EPIAS_VEP_daily_reference_price
2024-06-26,EBM0824,2927.85,2024,8,2024-08,monthly_baseload,EPIAS_VEP_daily_reference_price
2024-06-26,EBM0924,2610.26,2024,9,2024-09,monthly_baseload,EPIAS_VEP_daily_reference_price
2024-06-26,EBM1024,2489.07,2024,10,2024-10,monthly_baseload,EPIAS_VEP_daily_reference_price
2024-06-26,EBM1124,2744.02,2024,11,2024-11,monthly_baseload,EPIAS_VEP_daily_reference_price
2024-06-26,EBM1224,2754.77,2024,12,2024-12,monthly_baseload,EPIAS_VEP_daily_reference_price
2024-06-27,EBM0824,2927.85,2024,8,2024-08,monthly_baseload,EPIAS_VEP_daily_reference_price
2024-06-27,EBM0924,2610.26,2024,9,2024-09,monthly_baseload,EPIAS_VEP_daily_reference_price
2024-06-27,EBM1024,2489.07,2024,10,2024-10,monthly_baseload,EPIAS_VEP_daily_reference_price
2024-06-27,EBM1124,2744.02,2024,11,2024-11,monthly_baseload,EPIAS_VEP_daily_reference_price
2024-06-27,EBM1224,2754.77,2024,12,2024-12,monthly_baseload,EPIAS_VEP_daily_reference_price
2024-06-27,EBM0125,2331.48,2025,1,2025-01,monthly_baseload,EPIAS_VEP_daily_reference_price
2024-06-28,EBM0824,2927.85,2024,8,2024-08,monthly_baseload,EPIAS_VEP_daily_reference_price
2024-06-28,EBM0924,2610.26,2024,9,2024-09,monthly_baseload,EPIAS_VEP_daily_reference_price
2024-06-28,EBM1024,2489.07,2024,10,2024-10,monthly_baseload,EPIAS_VEP_daily_reference_price
2024-06-28,EBM1124,2744.02,2024,11,2024-11,monthly_baseload,EPIAS_VEP_daily_reference_price
2024-06-28,EBM1224,2754.77,2024,12,2024-12,monthly_baseload,EPIAS_VEP_daily_reference_price
2024-06-28,EBM0125,2331.48,2025,1,2025-01,monthly_baseload,EPIAS_VEP_daily_reference_price
2024-07-01,EBM0824,2927.85,2024,8,2024-08,monthly_baseload,EPIAS_VEP_daily_reference_price
2024-07-01,EBM0924,2610.26,2024,9,2024-09,monthly_baseload,EPIAS_VEP_daily_reference_price
2024-07-01,EBM1024,2489.07,2024,10,2024-10,monthly_baseload,EPIAS_VEP_daily_reference_price
2024-07-01,EBM1124,2744.02,2024,11,2024-11,monthly_baseload,EPIAS_VEP_daily_reference_price
2024-07-01,EBM1224,2754.77,2024,12,2024-12,monthly_baseload,EPIAS_VEP_daily_reference_price
2024-07-01,EBM0125,2331.48,2025,1,2025-01,monthly_baseload,EPIAS_VEP_daily_reference_price
2024-07-02,EBM0824,2927.85,2024,8,2024-08,monthly_baseload,EPIAS_VEP_daily_reference_price
2024-07-02,EBM0924,2610.26,2024,9,2024-09,monthly_baseload,EPIAS_VEP_daily_reference_price
2024-07-02,EBM1024,2489.07,2024,10,2024-10,monthly_baseload,EPIAS_VEP_daily_reference_price
2024-07-02,EBM1124,2744.02,2024,11,2024-11,monthly_baseload,EPIAS_VEP_daily_reference_price
2024-07-02,EBM1224,2754.77,2024,12,2024-12,monthly_baseload,EPIAS_VEP_daily_reference_price
2024-07-02,EBM0125,2331.48,2025,1,2025-01,monthly_baseload,EPIAS_VEP_daily_reference_price
2024-07-03,EBM0824,2927.85,2024,8,2024-08,monthly_baseload,EPIAS_VEP_daily_reference_price
2024-07-03,EBM0924,2610.26,2024,9,2024-09,monthly_baseload,EPIAS_VEP_daily_reference_price
2024-07-03,EBM1024,2489.07,2024,10,2024-10,monthly_baseload,EPIAS_VEP_daily_reference_price
2024-07-03,EBM1124,2744.02,2024,11,2024-11,monthly_baseload,EPIAS_VEP_daily_reference_price
2024-07-03,EBM1224,2754.77,2024,12,2024-12,monthly_baseload,EPIAS_VEP_daily_reference_price
2024-07-03,EBM0125,2331.48,2025,1,2025-01,monthly_baseload,EPIAS_VEP_daily_reference_price
2024-07-04,EBM0824,2927.85,2024,8,2024-08,monthly_baseload,EPIAS_VEP_daily_reference_price
2024-07-04,EBM0924,2610.26,2024,9,2024-09,monthly_baseload,EPIAS_VEP_daily_reference_price
2024-07-04,EBM1024,2489.07,2024,10,2024-10,monthly_baseload,EPIAS_VEP_daily_reference_price
2024-07-04,EBM1124,2744.02,2024,11,2024-11,monthly_baseload,EPIAS_VEP_daily_reference_price
2024-07-04,EBM1224,2754.77,2024,12,2024-12,monthly_baseload,EPIAS_VEP_daily_reference_price
2024-07-04,EBM0125,2331.48,2025,1,2025-01,monthly_baseload,EPIAS_VEP_daily_reference_price
2024-07-05,EBM0824,2927.85,2024,8,2024-08,monthly_baseload,EPIAS_VEP_daily_reference_price
2024-07-05,EBM0924,2610.26,2024,9,2024-09,monthly_baseload,EPIAS_VEP_daily_reference_price
2024-07-05,EBM1024,2489.07,2024,10,2024-10,monthly_baseload,EPIAS_VEP_daily_reference_price
2024-07-05,EBM1124,2744.02,2024,11,2024-11,monthly_baseload,EPIAS_VEP_daily_reference_price
2024-07-05,EBM1224,2754.77,2024,12,2024-12,monthly_baseload,EPIAS_VEP_daily_reference_price
2024-07-05,EBM0125,2331.48,2025,1,2025-01,monthly_baseload,EPIAS_VEP_daily_reference_price
2024-07-08,EBM0824,2927.85,2024,8,2024-08,monthly_baseload,EPIAS_VEP_daily_reference_price
2024-07-08,EBM0924,2610.26,2024,9,2024-09,monthly_baseload,EPIAS_VEP_daily_reference_price
2024-07-08,EBM1024,2489.07,2024,10,2024-10,monthly_baseload,EPIAS_VEP_daily_reference_price
2024-07-08,EBM1124,2744.02,2024,11,2024-11,monthly_baseload,EPIAS_VEP_daily_reference_price
2024-07-08,EBM1224,2754.77,2024,12,2024-12,monthly_baseload,EPIAS_VEP_daily_reference_price
2024-07-08,EBM0125,2331.48,2025,1,2025-01,monthly_baseload,EPIAS_VEP_daily_reference_price
2024-07-09,EBM0824,2927.85,2024,8,2024-08,monthly_baseload,EPIAS_VEP_daily_reference_price
2024-07-09,EBM0924,2610.26,2024,9,2024-09,monthly_baseload,EPIAS_VEP_daily_reference_price
2024-07-09,EBM1024,2489.07,2024,10,2024-10,monthly_baseload,EPIAS_VEP_daily_reference_price
2024-07-09,EBM1124,2744.02,2024,11,2024-11,monthly_baseload,EPIAS_VEP_daily_reference_price
2024-07-09,EBM1224,2754.77,2024,12,2024-12,monthly_baseload,EPIAS_VEP_daily_reference_price
2024-07-09,EBM0125,2331.48,2025,1,2025-01,monthly_baseload,EPIAS_VEP_daily_reference_price
2024-07-10,EBM0824,2927.85,2024,8,2024-08,monthly_baseload,EPIAS_VEP_daily_reference_price
2024-07-10,EBM0924,2610.26,2024,9,2024-09,monthly_baseload,EPIAS_VEP_daily_reference_price
2024-07-10,EBM1024,2489.07,2024,10,2024-10,monthly_baseload,EPIAS_VEP_daily_reference_price
2024-07-10,EBM1124,2744.02,2024,11,2024-11,monthly_baseload,EPIAS_VEP_daily_reference_price
2024-07-10,EBM1224,2754.77,2024,12,2024-12,monthly_baseload,EPIAS_VEP_daily_reference_price
2024-07-10,EBM0125,2331.48,2025,1,2025-01,monthly_baseload,EPIAS_VEP_daily_reference_price
2024-07-11,EBM0824,2927.85,2024,8,2024-08,monthly_baseload,EPIAS_VEP_daily_reference_price
2024-07-11,EBM0924,2610.26,2024,9,2024-09,monthly_baseload,EPIAS_VEP_daily_reference_price
2024-07-11,EBM1024,2489.07,2024,10,2024-10,monthly_baseload,EPIAS_VEP_daily_reference_price
2024-07-11,EBM1124,2744.02,2024,11,2024-11,monthly_baseload,EPIAS_VEP_daily_reference_price
2024-07-11,EBM1224,2754.77,2024,12,2024-12,monthly_baseload,EPIAS_VEP_daily_reference_price
2024-07-11,EBM0125,2331.48,2025,1,2025-01,monthly_baseload,EPIAS_VEP_daily_reference_price
2024-07-12,EBM0824,2927.85,2024,8,2024-08,monthly_baseload,EPIAS_VEP_daily_reference_price
2024-07-12,EBM0924,2610.26,2024,9,2024-09,monthly_baseload,EPIAS_VEP_daily_reference_price
2024-07-12,EBM1024,2489.07,2024,10,2024-10,monthly_baseload,EPIAS_VEP_daily_reference_price
2024-07-12,EBM1124,2744.02,2024,11,2024-11,monthly_baseload,EPIAS_VEP_daily_reference_price
2024-07-12,EBM1224,2754.77,2024,12,2024-12,monthly_baseload,EPIAS_VEP_daily_reference_price
2024-07-12,EBM0125,2331.48,2025,1,2025-01,monthly_baseload,EPIAS_VEP_daily_reference_price
2024-07-16,EBM0824,2927.85,2024,8,2024-08,monthly_baseload,EPIAS_VEP_daily_reference_price
2024-07-16,EBM0924,2610.26,2024,9,2024-09,monthly_baseload,EPIAS_VEP_daily_reference_price
2024-07-16,EBM1024,2489.07,2024,10,2024-10,monthly_baseload,EPIAS_VEP_daily_reference_price
2024-07-16,EBM1124,2744.02,2024,11,2024-11,monthly_baseload,EPIAS_VEP_daily_reference_price
2024-07-16,EBM1224,2754.77,2024,12,2024-12,monthly_baseload,EPIAS_VEP_daily_reference_price
2024-07-16,EBM0125,2331.48,2025,1,2025-01,monthly_baseload,EPIAS_VEP_daily_reference_price
2024-07-17,EBM0824,2927.85,2024,8,2024-08,monthly_baseload,EPIAS_VEP_daily_reference_price
2024-07-17,EBM0924,2610.26,2024,9,2024-09,monthly_baseload,EPIAS_VEP_daily_reference_price
2024-07-17,EBM1024,2489.07,2024,10,2024-10,monthly_baseload,EPIAS_VEP_daily_reference_price
2024-07-17,EBM1124,2744.02,2024,11,2024-11,monthly_baseload,EPIAS_VEP_daily_reference_price
2024-07-17,EBM1224,2754.77,2024,12,2024-12,monthly_baseload,EPIAS_VEP_daily_reference_price
2024-07-17,EBM0125,2331.48,2025,1,2025-01,monthly_baseload,EPIAS_VEP_daily_reference_price
2024-07-18,EBM0824,2927.85,2024,8,2024-08,monthly_baseload,EPIAS_VEP_daily_reference_price
2024-07-18,EBM0924,2610.26,2024,9,2024-09,monthly_baseload,EPIAS_VEP_daily_reference_price
2024-07-18,EBM1024,2489.07,2024,10,2024-10,monthly_baseload,EPIAS_VEP_daily_reference_price
2024-07-18,EBM1124,2744.02,2024,11,2024-11,monthly_baseload,EPIAS_VEP_daily_reference_price
2024-07-18,EBM1224,2754.77,2024,12,2024-12,monthly_baseload,EPIAS_VEP_daily_reference_price
2024-07-18,EBM0125,2331.48,2025,1,2025-01,monthly_baseload,EPIAS_VEP_daily_reference_price
2024-07-19,EBM0824,2927.85,2024,8,2024-08,monthly_baseload,EPIAS_VEP_daily_reference_price
2024-07-19,EBM0924,2610.26,2024,9,2024-09,monthly_baseload,EPIAS_VEP_daily_reference_price
2024-07-19,EBM1024,2489.07,2024,10,2024-10,monthly_baseload,EPIAS_VEP_daily_reference_price
2024-07-19,EBM1124,2744.02,2024,11,2024-11,monthly_baseload,EPIAS_VEP_daily_reference_price
2024-07-19,EBM1224,2754.77,2024,12,2024-12,monthly_baseload,EPIAS_VEP_daily_reference_price
2024-07-19,EBM0125,2331.48,2025,1,2025-01,monthly_baseload,EPIAS_VEP_daily_reference_price
2024-07-22,EBM0824,2927.85,2024,8,2024-08,monthly_baseload,EPIAS_VEP_daily_reference_price
2024-07-22,EBM0924,2610.26,2024,9,2024-09,monthly_baseload,EPIAS_VEP_daily_reference_price
2024-07-22,EBM1024,2489.07,2024,10,2024-10,monthly_baseload,EPIAS_VEP_daily_reference_price
2024-07-22,EBM1124,2744.02,2024,11,2024-11,monthly_baseload,EPIAS_VEP_daily_reference_price
2024-07-22,EBM1224,2754.77,2024,12,2024-12,monthly_baseload,EPIAS_VEP_daily_reference_price
2024-07-22,EBM0125,2331.48,2025,1,2025-01,monthly_baseload,EPIAS_VEP_daily_reference_price
2024-07-23,EBM0824,2927.85,2024,8,2024-08,monthly_baseload,EPIAS_VEP_daily_reference_price
2024-07-23,EBM0924,2610.26,2024,9,2024-09,monthly_baseload,EPIAS_VEP_daily_reference_price
2024-07-23,EBM1024,2489.07,2024,10,2024-10,monthly_baseload,EPIAS_VEP_daily_reference_price
2024-07-23,EBM1124,2744.02,2024,11,2024-11,monthly_baseload,EPIAS_VEP_daily_reference_price
2024-07-23,EBM1224,2754.77,2024,12,2024-12,monthly_baseload,EPIAS_VEP_daily_reference_price
2024-07-23,EBM0125,2331.48,2025,1,2025-01,monthly_baseload,EPIAS_VEP_daily_reference_price
2024-07-24,EBM0824,2927.85,2024,8,2024-08,monthly_baseload,EPIAS_VEP_daily_reference_price
2024-07-24,EBM0924,2610.26,2024,9,2024-09,monthly_baseload,EPIAS_VEP_daily_reference_price
2024-07-24,EBM1024,2489.07,2024,10,2024-10,monthly_baseload,EPIAS_VEP_daily_reference_price
2024-07-24,EBM1124,2744.02,2024,11,2024-11,monthly_baseload,EPIAS_VEP_daily_reference_price
2024-07-24,EBM1224,2754.77,2024,12,2024-12,monthly_baseload,EPIAS_VEP_daily_reference_price
2024-07-24,EBM0125,2331.48,2025,1,2025-01,monthly_baseload,EPIAS_VEP_daily_reference_price
2024-07-25,EBM0824,2927.85,2024,8,2024-08,monthly_baseload,EPIAS_VEP_daily_reference_price
2024-07-25,EBM0924,2610.26,2024,9,2024-09,monthly_baseload,EPIAS_VEP_daily_reference_price
2024-07-25,EBM1024,2489.07,2024,10,2024-10,monthly_baseload,EPIAS_VEP_daily_reference_price
2024-07-25,EBM1124,2744.02,2024,11,2024-11,monthly_baseload,EPIAS_VEP_daily_reference_price
2024-07-25,EBM1224,2754.77,2024,12,2024-12,monthly_baseload,EPIAS_VEP_daily_reference_price
2024-07-25,EBM0125,2331.48,2025,1,2025-01,monthly_baseload,EPIAS_VEP_daily_reference_price
2024-07-26,EBM0824,2927.85,2024,8,2024-08,monthly_baseload,EPIAS_VEP_daily_reference_price
2024-07-26,EBM0924,2610.26,2024,9,2024-09,monthly_baseload,EPIAS_VEP_daily_reference_price
2024-07-26,EBM1024,2489.07,2024,10,2024-10,monthly_baseload,EPIAS_VEP_daily_reference_price
2024-07-26,EBM1124,2744.02,2024,11,2024-11,monthly_baseload,EPIAS_VEP_daily_reference_price
2024-07-26,EBM1224,2754.77,2024,12,2024-12,monthly_baseload,EPIAS_VEP_daily_reference_price
2024-07-26,EBM0125,2331.48,2025,1,2025-01,monthly_baseload,EPIAS_VEP_daily_reference_price
2024-07-29,EBM0824,2927.85,2024,8,2024-08,monthly_baseload,EPIAS_VEP_daily_reference_price
2024-07-29,EBM0924,2610.26,2024,9,2024-09,monthly_baseload,EPIAS_VEP_daily_reference_price
2024-07-29,EBM1024,2489.07,2024,10,2024-10,monthly_baseload,EPIAS_VEP_daily_reference_price
2024-07-29,EBM1124,2744.02,2024,11,2024-11,monthly_baseload,EPIAS_VEP_daily_reference_price
2024-07-29,EBM1224,2754.77,2024,12,2024-12,monthly_baseload,EPIAS_VEP_daily_reference_price
2024-07-29,EBM0125,2331.48,2025,1,2025-01,monthly_baseload,EPIAS_VEP_daily_reference_price
2024-07-30,EBM0924,2610.26,2024,9,2024-09,monthly_baseload,EPIAS_VEP_daily_reference_price
2024-07-30,EBM1024,2489.07,2024,10,2024-10,monthly_baseload,EPIAS_VEP_daily_reference_price
2024-07-30,EBM1124,2744.02,2024,11,2024-11,monthly_baseload,EPIAS_VEP_daily_reference_price
2024-07-30,EBM1224,2754.77,2024,12,2024-12,monthly_baseload,EPIAS_VEP_daily_reference_price
2024-07-30,EBM0125,2331.48,2025,1,2025-01,monthly_baseload,EPIAS_VEP_daily_reference_price
2024-07-30,EBM0225,2349.22,2025,2,2025-02,monthly_baseload,EPIAS_VEP_daily_reference_price
2024-07-31,EBM0924,2610.26,2024,9,2024-09,monthly_baseload,EPIAS_VEP_daily_reference_price
2024-07-31,EBM1024,2489.07,2024,10,2024-10,monthly_baseload,EPIAS_VEP_daily_reference_price
2024-07-31,EBM1124,2744.02,2024,11,2024-11,monthly_baseload,EPIAS_VEP_daily_reference_price
2024-07-31,EBM1224,2754.77,2024,12,2024-12,monthly_baseload,EPIAS_VEP_daily_reference_price
2024-07-31,EBM0125,2331.48,2025,1,2025-01,monthly_baseload,EPIAS_VEP_daily_reference_price
2024-07-31,EBM0225,2349.22,2025,2,2025-02,monthly_baseload,EPIAS_VEP_daily_reference_price
2024-08-01,EBM0924,2610.26,2024,9,2024-09,monthly_baseload,EPIAS_VEP_daily_reference_price
2024-08-01,EBM1024,2489.07,2024,10,2024-10,monthly_baseload,EPIAS_VEP_daily_reference_price
2024-08-01,EBM1124,2744.02,2024,11,2024-11,monthly_baseload,EPIAS_VEP_daily_reference_price
2024-08-01,EBM1224,2754.77,2024,12,2024-12,monthly_baseload,EPIAS_VEP_daily_reference_price
2024-08-01,EBM0125,2331.48,2025,1,2025-01,monthly_baseload,EPIAS_VEP_daily_reference_price
2024-08-01,EBM0225,2349.22,2025,2,2025-02,monthly_baseload,EPIAS_VEP_daily_reference_price
2024-08-02,EBM0924,2610.26,2024,9,2024-09,monthly_baseload,EPIAS_VEP_daily_reference_price
2024-08-02,EBM1024,2489.07,2024,10,2024-10,monthly_baseload,EPIAS_VEP_daily_reference_price
2024-08-02,EBM1124,2744.02,2024,11,2024-11,monthly_baseload,EPIAS_VEP_daily_reference_price
2024-08-02,EBM1224,2754.77,2024,12,2024-12,monthly_baseload,EPIAS_VEP_daily_reference_price
2024-08-02,EBM0125,2331.48,2025,1,2025-01,monthly_baseload,EPIAS_VEP_daily_reference_price
2024-08-02,EBM0225,2349.22,2025,2,2025-02,monthly_baseload,EPIAS_VEP_daily_reference_price
2024-08-05,EBM0924,2610.26,2024,9,2024-09,monthly_baseload,EPIAS_VEP_daily_reference_price
2024-08-05,EBM1024,2489.07,2024,10,2024-10,monthly_baseload,EPIAS_VEP_daily_reference_price
2024-08-05,EBM1124,2744.02,2024,11,2024-11,monthly_baseload,EPIAS_VEP_daily_reference_price
2024-08-05,EBM1224,2754.77,2024,12,2024-12,monthly_baseload,EPIAS_VEP_daily_reference_price
2024-08-05,EBM0125,2331.48,2025,1,2025-01,monthly_baseload,EPIAS_VEP_daily_reference_price
2024-08-05,EBM0225,2349.22,2025,2,2025-02,monthly_baseload,EPIAS_VEP_daily_reference_price
2024-08-06,EBM0924,2610.26,2024,9,2024-09,monthly_baseload,EPIAS_VEP_daily_reference_price
2024-08-06,EBM1024,2489.07,2024,10,2024-10,monthly_baseload,EPIAS_VEP_daily_reference_price
2024-08-06,EBM1124,2744.02,2024,11,2024-11,monthly_baseload,EPIAS_VEP_daily_reference_price
2024-08-06,EBM1224,2754.77,2024,12,2024-12,monthly_baseload,EPIAS_VEP_daily_reference_price
2024-08-06,EBM0125,2331.48,2025,1,2025-01,monthly_baseload,EPIAS_VEP_daily_reference_price
2024-08-06,EBM0225,2349.22,2025,2,2025-02,monthly_baseload,EPIAS_VEP_daily_reference_price
2024-08-07,EBM0924,2610.26,2024,9,2024-09,monthly_baseload,EPIAS_VEP_daily_reference_price
2024-08-07,EBM1024,2489.07,2024,10,2024-10,monthly_baseload,EPIAS_VEP_daily_reference_price
2024-08-07,EBM1124,2744.02,2024,11,2024-11,monthly_baseload,EPIAS_VEP_daily_reference_price
2024-08-07,EBM1224,2754.77,2024,12,2024-12,monthly_baseload,EPIAS_VEP_daily_reference_price
2024-08-07,EBM0125,2331.48,2025,1,2025-01,monthly_baseload,EPIAS_VEP_daily_reference_price
2024-08-07,EBM0225,2349.22,2025,2,2025-02,monthly_baseload,EPIAS_VEP_daily_reference_price
2024-08-08,EBM0924,2610.26,2024,9,2024-09,monthly_baseload,EPIAS_VEP_daily_reference_price
2024-08-08,EBM1024,2489.07,2024,10,2024-10,monthly_baseload,EPIAS_VEP_daily_reference_price
2024-08-08,EBM1124,2744.02,2024,11,2024-11,monthly_baseload,EPIAS_VEP_daily_reference_price
2024-08-08,EBM1224,2754.77,2024,12,2024-12,monthly_baseload,EPIAS_VEP_daily_reference_price
2024-08-08,EBM0125,2331.48,2025,1,2025-01,monthly_baseload,EPIAS_VEP_daily_reference_price
2024-08-08,EBM0225,2349.22,2025,2,2025-02,monthly_baseload,EPIAS_VEP_daily_reference_price
2024-08-09,EBM0924,2610.26,2024,9,2024-09,monthly_baseload,EPIAS_VEP_daily_reference_price
2024-08-09,EBM1024,2489.07,2024,10,2024-10,monthly_baseload,EPIAS_VEP_daily_reference_price
2024-08-09,EBM1124,2744.02,2024,11,2024-11,monthly_baseload,EPIAS_VEP_daily_reference_price
2024-08-09,EBM1224,2754.77,2024,12,2024-12,monthly_baseload,EPIAS_VEP_daily_reference_price
2024-08-09,EBM0125,2331.48,2025,1,2025-01,monthly_baseload,EPIAS_VEP_daily_reference_price
2024-08-09,EBM0225,2349.22,2025,2,2025-02,monthly_baseload,EPIAS_VEP_daily_reference_price
2024-08-12,EBM0924,2610.26,2024,9,2024-09,monthly_baseload,EPIAS_VEP_daily_reference_price
2024-08-12,EBM1024,2489.07,2024,10,2024-10,monthly_baseload,EPIAS_VEP_daily_reference_price
2024-08-12,EBM1124,2744.02,2024,11,2024-11,monthly_baseload,EPIAS_VEP_daily_reference_price
2024-08-12,EBM1224,2754.77,2024,12,2024-12,monthly_baseload,EPIAS_VEP_daily_reference_price
2024-08-12,EBM0125,2331.48,2025,1,2025-01,monthly_baseload,EPIAS_VEP_daily_reference_price
2024-08-12,EBM0225,2349.22,2025,2,2025-02,monthly_baseload,EPIAS_VEP_daily_reference_price
2024-08-13,EBM0924,2610.26,2024,9,2024-09,monthly_baseload,EPIAS_VEP_daily_reference_price
2024-08-13,EBM1024,2489.07,2024,10,2024-10,monthly_baseload,EPIAS_VEP_daily_reference_price
2024-08-13,EBM1124,2744.02,2024,11,2024-11,monthly_baseload,EPIAS_VEP_daily_reference_price
2024-08-13,EBM1224,2754.77,2024,12,2024-12,monthly_baseload,EPIAS_VEP_daily_reference_price
2024-08-13,EBM0125,2331.48,2025,1,2025-01,monthly_baseload,EPIAS_VEP_daily_reference_price
2024-08-13,EBM0225,2349.22,2025,2,2025-02,monthly_baseload,EPIAS_VEP_daily_reference_price
2024-08-14,EBM0924,2610.26,2024,9,2024-09,monthly_baseload,EPIAS_VEP_daily_reference_price
2024-08-14,EBM1024,2489.07,2024,10,2024-10,monthly_baseload,EPIAS_VEP_daily_reference_price
2024-08-14,EBM1124,2744.02,2024,11,2024-11,monthly_baseload,EPIAS_VEP_daily_reference_price
2024-08-14,EBM1224,2754.77,2024,12,2024-12,monthly_baseload,EPIAS_VEP_daily_reference_price
2024-08-14,EBM0125,2331.48,2025,1,2025-01,monthly_baseload,EPIAS_VEP_daily_reference_price
2024-08-14,EBM0225,2349.22,2025,2,2025-02,monthly_baseload,EPIAS_VEP_daily_reference_price
2024-08-15,EBM0924,2610.26,2024,9,2024-09,monthly_baseload,EPIAS_VEP_daily_reference_price
2024-08-15,EBM1024,2489.07,2024,10,2024-10,monthly_baseload,EPIAS_VEP_daily_reference_price
2024-08-15,EBM1124,2744.02,2024,11,2024-11,monthly_baseload,EPIAS_VEP_daily_reference_price
2024-08-15,EBM1224,2754.77,2024,12,2024-12,monthly_baseload,EPIAS_VEP_daily_reference_price
2024-08-15,EBM0125,2331.48,2025,1,2025-01,monthly_baseload,EPIAS_VEP_daily_reference_price
2024-08-15,EBM0225,2349.22,2025,2,2025-02,monthly_baseload,EPIAS_VEP_daily_reference_price
2024-08-16,EBM0924,2610.26,2024,9,2024-09,monthly_baseload,EPIAS_VEP_daily_reference_price
2024-08-16,EBM1024,2489.07,2024,10,2024-10,monthly_baseload,EPIAS_VEP_daily_reference_price
2024-08-16,EBM1124,2744.02,2024,11,2024-11,monthly_baseload,EPIAS_VEP_daily_reference_price
2024-08-16,EBM1224,2754.77,2024,12,2024-12,monthly_baseload,EPIAS_VEP_daily_reference_price
2024-08-16,EBM0125,2331.48,2025,1,2025-01,monthly_baseload,EPIAS_VEP_daily_reference_price
2024-08-16,EBM0225,2349.22,2025,2,2025-02,monthly_baseload,EPIAS_VEP_daily_reference_price
2024-08-19,EBM0924,2610.26,2024,9,2024-09,monthly_baseload,EPIAS_VEP_daily_reference_price
2024-08-19,EBM1024,2489.07,2024,10,2024-10,monthly_baseload,EPIAS_VEP_daily_reference_price
2024-08-19,EBM1124,2744.02,2024,11,2024-11,monthly_baseload,EPIAS_VEP_daily_reference_price
2024-08-19,EBM1224,2754.77,2024,12,2024-12,monthly_baseload,EPIAS_VEP_daily_reference_price
2024-08-19,EBM0125,2331.48,2025,1,2025-01,monthly_baseload,EPIAS_VEP_daily_reference_price
2024-08-19,EBM0225,2349.22,2025,2,2025-02,monthly_baseload,EPIAS_VEP_daily_reference_price
2024-08-20,EBM0924,2610.26,2024,9,2024-09,monthly_baseload,EPIAS_VEP_daily_reference_price
2024-08-20,EBM1024,2489.07,2024,10,2024-10,monthly_baseload,EPIAS_VEP_daily_reference_price
2024-08-20,EBM1124,2744.02,2024,11,2024-11,monthly_baseload,EPIAS_VEP_daily_reference_price
2024-08-20,EBM1224,2754.77,2024,12,2024-12,monthly_baseload,EPIAS_VEP_daily_reference_price
2024-08-20,EBM0125,2331.48,2025,1,2025-01,monthly_baseload,EPIAS_VEP_daily_reference_price
2024-08-20,EBM0225,2349.22,2025,2,2025-02,monthly_baseload,EPIAS_VEP_daily_reference_price
2024-08-21,EBM0924,2610.26,2024,9,2024-09,monthly_baseload,EPIAS_VEP_daily_reference_price
2024-08-21,EBM1024,2489.07,2024,10,2024-10,monthly_baseload,EPIAS_VEP_daily_reference_price
2024-08-21,EBM1124,2744.02,2024,11,2024-11,monthly_baseload,EPIAS_VEP_daily_reference_price
2024-08-21,EBM1224,2754.77,2024,12,2024-12,monthly_baseload,EPIAS_VEP_daily_reference_price
2024-08-21,EBM0125,2331.48,2025,1,2025-01,monthly_baseload,EPIAS_VEP_daily_reference_price
2024-08-21,EBM0225,2349.22,2025,2,2025-02,monthly_baseload,EPIAS_VEP_daily_reference_price
2024-08-22,EBM0924,2610.26,2024,9,2024-09,monthly_baseload,EPIAS_VEP_daily_reference_price
2024-08-22,EBM1024,2489.07,2024,10,2024-10,monthly_baseload,EPIAS_VEP_daily_reference_price
2024-08-22,EBM1124,2744.02,2024,11,2024-11,monthly_baseload,EPIAS_VEP_daily_reference_price
2024-08-22,EBM1224,2754.77,2024,12,2024-12,monthly_baseload,EPIAS_VEP_daily_reference_price
2024-08-22,EBM0125,2331.48,2025,1,2025-01,monthly_baseload,EPIAS_VEP_daily_reference_price
2024-08-22,EBM0225,2349.22,2025,2,2025-02,monthly_baseload,EPIAS_VEP_daily_reference_price
2024-08-23,EBM0924,2610.26,2024,9,2024-09,monthly_baseload,EPIAS_VEP_daily_reference_price
2024-08-23,EBM1024,2489.07,2024,10,2024-10,monthly_baseload,EPIAS_VEP_daily_reference_price
2024-08-23,EBM1124,2744.02,2024,11,2024-11,monthly_baseload,EPIAS_VEP_daily_reference_price
2024-08-23,EBM1224,2754.77,2024,12,2024-12,monthly_baseload,EPIAS_VEP_daily_reference_price
2024-08-23,EBM0125,2331.48,2025,1,2025-01,monthly_baseload,EPIAS_VEP_daily_reference_price
2024-08-23,EBM0225,2349.22,2025,2,2025-02,monthly_baseload,EPIAS_VEP_daily_reference_price
2024-08-26,EBM0924,2610.26,2024,9,2024-09,monthly_baseload,EPIAS_VEP_daily_reference_price
2024-08-26,EBM1024,2489.07,2024,10,2024-10,monthly_baseload,EPIAS_VEP_daily_reference_price
2024-08-26,EBM1124,2744.02,2024,11,2024-11,monthly_baseload,EPIAS_VEP_daily_reference_price
2024-08-26,EBM1224,2754.77,2024,12,2024-12,monthly_baseload,EPIAS_VEP_daily_reference_price
2024-08-26,EBM0125,2331.48,2025,1,2025-01,monthly_baseload,EPIAS_VEP_daily_reference_price
2024-08-26,EBM0225,2349.22,2025,2,2025-02,monthly_baseload,EPIAS_VEP_daily_reference_price
2024-08-27,EBM0924,2610.26,2024,9,2024-09,monthly_baseload,EPIAS_VEP_daily_reference_price
2024-08-27,EBM1024,2489.07,2024,10,2024-10,monthly_baseload,EPIAS_VEP_daily_reference_price
2024-08-27,EBM1124,2744.02,2024,11,2024-11,monthly_baseload,EPIAS_VEP_daily_reference_price
2024-08-27,EBM1224,2754.77,2024,12,2024-12,monthly_baseload,EPIAS_VEP_daily_reference_price
2024-08-27,EBM0125,2331.48,2025,1,2025-01,monthly_baseload,EPIAS_VEP_daily_reference_price
2024-08-27,EBM0225,2349.22,2025,2,2025-02,monthly_baseload,EPIAS_VEP_daily_reference_price
2024-08-28,EBM0924,2610.26,2024,9,2024-09,monthly_baseload,EPIAS_VEP_daily_reference_price
2024-08-28,EBM1024,2489.07,2024,10,2024-10,monthly_baseload,EPIAS_VEP_daily_reference_price
2024-08-28,EBM1124,2744.02,2024,11,2024-11,monthly_baseload,EPIAS_VEP_daily_reference_price
2024-08-28,EBM1224,2754.77,2024,12,2024-12,monthly_baseload,EPIAS_VEP_daily_reference_price
2024-08-28,EBM0125,2242.78,2025,1,2025-01,monthly_baseload,EPIAS_VEP_daily_reference_price
2024-08-28,EBM0225,2259.84,2025,2,2025-02,monthly_baseload,EPIAS_VEP_daily_reference_price
2024-08-28,EBM0325,2454.39,2025,3,2025-03,monthly_baseload,EPIAS_VEP_daily_reference_price
2024-08-29,EBM1024,2489.07,2024,10,2024-10,monthly_baseload,EPIAS_VEP_daily_reference_price
2024-08-29,EBM1124,2744.02,2024,11,2024-11,monthly_baseload,EPIAS_VEP_daily_reference_price
2024-08-29,EBM1224,2754.77,2024,12,2024-12,monthly_baseload,EPIAS_VEP_daily_reference_price
2024-08-29,EBM0125,2242.78,2025,1,2025-01,monthly_baseload,EPIAS_VEP_daily_reference_price
2024-08-29,EBM0225,2259.84,2025,2,2025-02,monthly_baseload,EPIAS_VEP_daily_reference_price
2024-08-29,EBM0325,2454.39,2025,3,2025-03,monthly_baseload,EPIAS_VEP_daily_reference_price
2024-09-02,EBM1024,2489.07,2024,10,2024-10,monthly_baseload,EPIAS_VEP_daily_reference_price
2024-09-02,EBM1124,2744.02,2024,11,2024-11,monthly_baseload,EPIAS_VEP_daily_reference_price
2024-09-02,EBM1224,2754.77,2024,12,2024-12,monthly_baseload,EPIAS_VEP_daily_reference_price
2024-09-02,EBM0125,2242.78,2025,1,2025-01,monthly_baseload,EPIAS_VEP_daily_reference_price
2024-09-02,EBM0225,2259.84,2025,2,2025-02,monthly_baseload,EPIAS_VEP_daily_reference_price
2024-09-02,EBM0325,2454.39,2025,3,2025-03,monthly_baseload,EPIAS_VEP_daily_reference_price
2024-09-03,EBM1024,2489.07,2024,10,2024-10,monthly_baseload,EPIAS_VEP_daily_reference_price
2024-09-03,EBM1124,2744.02,2024,11,2024-11,monthly_baseload,EPIAS_VEP_daily_reference_price
2024-09-03,EBM1224,2754.77,2024,12,2024-12,monthly_baseload,EPIAS_VEP_daily_reference_price
2024-09-03,EBM0125,2242.78,2025,1,2025-01,monthly_baseload,EPIAS_VEP_daily_reference_price
2024-09-03,EBM0225,2259.84,2025,2,2025-02,monthly_baseload,EPIAS_VEP_daily_reference_price
2024-09-03,EBM0325,2454.39,2025,3,2025-03,monthly_baseload,EPIAS_VEP_daily_reference_price
2024-09-04,EBM1024,2489.07,2024,10,2024-10,monthly_baseload,EPIAS_VEP_daily_reference_price
2024-09-04,EBM1124,2744.02,2024,11,2024-11,monthly_baseload,EPIAS_VEP_daily_reference_price
2024-09-04,EBM1224,2754.77,2024,12,2024-12,monthly_baseload,EPIAS_VEP_daily_reference_price
2024-09-04,EBM0125,2242.78,2025,1,2025-01,monthly_baseload,EPIAS_VEP_daily_reference_price
2024-09-04,EBM0225,2259.84,2025,2,2025-02,monthly_baseload,EPIAS_VEP_daily_reference_price
2024-09-04,EBM0325,2454.39,2025,3,2025-03,monthly_baseload,EPIAS_VEP_daily_reference_price
2024-09-05,EBM1024,2489.07,2024,10,2024-10,monthly_baseload,EPIAS_VEP_daily_reference_price
2024-09-05,EBM1124,2744.02,2024,11,2024-11,monthly_baseload,EPIAS_VEP_daily_reference_price
2024-09-05,EBM1224,2754.77,2024,12,2024-12,monthly_baseload,EPIAS_VEP_daily_reference_price
2024-09-05,EBM0125,2242.78,2025,1,2025-01,monthly_baseload,EPIAS_VEP_daily_reference_price
2024-09-05,EBM0225,2259.84,2025,2,2025-02,monthly_baseload,EPIAS_VEP_daily_reference_price
2024-09-05,EBM0325,2454.39,2025,3,2025-03,monthly_baseload,EPIAS_VEP_daily_reference_price
2024-09-06,EBM1024,2489.07,2024,10,2024-10,monthly_baseload,EPIAS_VEP_daily_reference_price
2024-09-06,EBM1124,2744.02,2024,11,2024-11,monthly_baseload,EPIAS_VEP_daily_reference_price
2024-09-06,EBM1224,2754.77,2024,12,2024-12,monthly_baseload,EPIAS_VEP_daily_reference_price
2024-09-06,EBM0125,2242.78,2025,1,2025-01,monthly_baseload,EPIAS_VEP_daily_reference_price
2024-09-06,EBM0225,2259.84,2025,2,2025-02,monthly_baseload,EPIAS_VEP_daily_reference_price
2024-09-06,EBM0325,2454.39,2025,3,2025-03,monthly_baseload,EPIAS_VEP_daily_reference_price
2024-09-09,EBM1024,2489.07,2024,10,2024-10,monthly_baseload,EPIAS_VEP_daily_reference_price
2024-09-09,EBM1124,2744.02,2024,11,2024-11,monthly_baseload,EPIAS_VEP_daily_reference_price
2024-09-09,EBM1224,2754.77,2024,12,2024-12,monthly_baseload,EPIAS_VEP_daily_reference_price
2024-09-09,EBM0125,2242.78,2025,1,2025-01,monthly_baseload,EPIAS_VEP_daily_reference_price
2024-09-09,EBM0225,2259.84,2025,2,2025-02,monthly_baseload,EPIAS_VEP_daily_reference_price
2024-09-09,EBM0325,2454.39,2025,3,2025-03,monthly_baseload,EPIAS_VEP_daily_reference_price
2024-09-10,EBM1024,2489.07,2024,10,2024-10,monthly_baseload,EPIAS_VEP_daily_reference_price
2024-09-10,EBM1124,2744.02,2024,11,2024-11,monthly_baseload,EPIAS_VEP_daily_reference_price
2024-09-10,EBM1224,2754.77,2024,12,2024-12,monthly_baseload,EPIAS_VEP_daily_reference_price
2024-09-10,EBM0125,2242.78,2025,1,2025-01,monthly_baseload,EPIAS_VEP_daily_reference_price
2024-09-10,EBM0225,2259.84,2025,2,2025-02,monthly_baseload,EPIAS_VEP_daily_reference_price
2024-09-10,EBM0325,2454.39,2025,3,2025-03,monthly_baseload,EPIAS_VEP_daily_reference_price
2024-09-11,EBM1024,2489.07,2024,10,2024-10,monthly_baseload,EPIAS_VEP_daily_reference_price
2024-09-11,EBM1124,2744.02,2024,11,2024-11,monthly_baseload,EPIAS_VEP_daily_reference_price
2024-09-11,EBM1224,2754.77,2024,12,2024-12,monthly_baseload,EPIAS_VEP_daily_reference_price
2024-09-11,EBM0125,2242.78,2025,1,2025-01,monthly_baseload,EPIAS_VEP_daily_reference_price
2024-09-11,EBM0225,2259.84,2025,2,2025-02,monthly_baseload,EPIAS_VEP_daily_reference_price
2024-09-11,EBM0325,2454.39,2025,3,2025-03,monthly_baseload,EPIAS_VEP_daily_reference_price
2024-09-12,EBM1024,2489.07,2024,10,2024-10,monthly_baseload,EPIAS_VEP_daily_reference_price
2024-09-12,EBM1124,2744.02,2024,11,2024-11,monthly_baseload,EPIAS_VEP_daily_reference_price
2024-09-12,EBM1224,2754.77,2024,12,2024-12,monthly_baseload,EPIAS_VEP_daily_reference_price
2024-09-12,EBM0125,2242.78,2025,1,2025-01,monthly_baseload,EPIAS_VEP_daily_reference_price
2024-09-12,EBM0225,2259.84,2025,2,2025-02,monthly_baseload,EPIAS_VEP_daily_reference_price
2024-09-12,EBM0325,2454.39,2025,3,2025-03,monthly_baseload,EPIAS_VEP_daily_reference_price
2024-09-13,EBM1024,2489.07,2024,10,2024-10,monthly_baseload,EPIAS_VEP_daily_reference_price
2024-09-13,EBM1124,2744.02,2024,11,2024-11,monthly_baseload,EPIAS_VEP_daily_reference_price
2024-09-13,EBM1224,2754.77,2024,12,2024-12,monthly_baseload,EPIAS_VEP_daily_reference_price
2024-09-13,EBM0125,2242.78,2025,1,2025-01,monthly_baseload,EPIAS_VEP_daily_reference_price
2024-09-13,EBM0225,2259.84,2025,2,2025-02,monthly_baseload,EPIAS_VEP_daily_reference_price
2024-09-13,EBM0325,2454.39,2025,3,2025-03,monthly_baseload,EPIAS_VEP_daily_reference_price
2024-09-16,EBM1024,2489.07,2024,10,2024-10,monthly_baseload,EPIAS_VEP_daily_reference_price
2024-09-16,EBM1124,2744.02,2024,11,2024-11,monthly_baseload,EPIAS_VEP_daily_reference_price
2024-09-16,EBM1224,2754.77,2024,12,2024-12,monthly_baseload,EPIAS_VEP_daily_reference_price
2024-09-16,EBM0125,2242.78,2025,1,2025-01,monthly_baseload,EPIAS_VEP_daily_reference_price
2024-09-16,EBM0225,2259.84,2025,2,2025-02,monthly_baseload,EPIAS_VEP_daily_reference_price
2024-09-16,EBM0325,2454.39,2025,3,2025-03,monthly_baseload,EPIAS_VEP_daily_reference_price
2024-09-17,EBM1024,2489.07,2024,10,2024-10,monthly_baseload,EPIAS_VEP_daily_reference_price
2024-09-17,EBM1124,2744.02,2024,11,2024-11,monthly_baseload,EPIAS_VEP_daily_reference_price
2024-09-17,EBM1224,2754.77,2024,12,2024-12,monthly_baseload,EPIAS_VEP_daily_reference_price
2024-09-17,EBM0125,2242.78,2025,1,2025-01,monthly_baseload,EPIAS_VEP_daily_reference_price
2024-09-17,EBM0225,2259.84,2025,2,2025-02,monthly_baseload,EPIAS_VEP_daily_reference_price
2024-09-17,EBM0325,2454.39,2025,3,2025-03,monthly_baseload,EPIAS_VEP_daily_reference_price
2024-09-18,EBM1024,2489.07,2024,10,2024-10,monthly_baseload,EPIAS_VEP_daily_reference_price
2024-09-18,EBM1124,2744.02,2024,11,2024-11,monthly_baseload,EPIAS_VEP_daily_reference_price
2024-09-18,EBM1224,2754.77,2024,12,2024-12,monthly_baseload,EPIAS_VEP_daily_reference_price
2024-09-18,EBM0125,2242.78,2025,1,2025-01,monthly_baseload,EPIAS_VEP_daily_reference_price
2024-09-18,EBM0225,2259.84,2025,2,2025-02,monthly_baseload,EPIAS_VEP_daily_reference_price
2024-09-18,EBM0325,2454.39,2025,3,2025-03,monthly_baseload,EPIAS_VEP_daily_reference_price
2024-09-19,EBM1024,2489.07,2024,10,2024-10,monthly_baseload,EPIAS_VEP_daily_reference_price
2024-09-19,EBM1124,2744.02,2024,11,2024-11,monthly_baseload,EPIAS_VEP_daily_reference_price
2024-09-19,EBM1224,2754.77,2024,12,2024-12,monthly_baseload,EPIAS_VEP_daily_reference_price
2024-09-19,EBM0125,2242.78,2025,1,2025-01,monthly_baseload,EPIAS_VEP_daily_reference_price
2024-09-19,EBM0225,2259.84,2025,2,2025-02,monthly_baseload,EPIAS_VEP_daily_reference_price
2024-09-19,EBM0325,2454.39,2025,3,2025-03,monthly_baseload,EPIAS_VEP_daily_reference_price
2024-09-20,EBM1024,2489.07,2024,10,2024-10,monthly_baseload,EPIAS_VEP_daily_reference_price
2024-09-20,EBM1124,2744.02,2024,11,2024-11,monthly_baseload,EPIAS_VEP_daily_reference_price
2024-09-20,EBM1224,2754.77,2024,12,2024-12,monthly_baseload,EPIAS_VEP_daily_reference_price
2024-09-20,EBM0125,2242.78,2025,1,2025-01,monthly_baseload,EPIAS_VEP_daily_reference_price
2024-09-20,EBM0225,2259.84,2025,2,2025-02,monthly_baseload,EPIAS_VEP_daily_reference_price
2024-09-20,EBM0325,2454.39,2025,3,2025-03,monthly_baseload,EPIAS_VEP_daily_reference_price
2024-09-23,EBM1024,2489.07,2024,10,2024-10,monthly_baseload,EPIAS_VEP_daily_reference_price
2024-09-23,EBM1124,2744.02,2024,11,2024-11,monthly_baseload,EPIAS_VEP_daily_reference_price
2024-09-23,EBM1224,2754.77,2024,12,2024-12,monthly_baseload,EPIAS_VEP_daily_reference_price
2024-09-23,EBM0125,2242.78,2025,1,2025-01,monthly_baseload,EPIAS_VEP_daily_reference_price
2024-09-23,EBM0225,2259.84,2025,2,2025-02,monthly_baseload,EPIAS_VEP_daily_reference_price
2024-09-23,EBM0325,2454.39,2025,3,2025-03,monthly_baseload,EPIAS_VEP_daily_reference_price
2024-09-24,EBM1024,2489.07,2024,10,2024-10,monthly_baseload,EPIAS_VEP_daily_reference_price
2024-09-24,EBM1124,2744.02,2024,11,2024-11,monthly_baseload,EPIAS_VEP_daily_reference_price
2024-09-24,EBM1224,2754.77,2024,12,2024-12,monthly_baseload,EPIAS_VEP_daily_reference_price
2024-09-24,EBM0125,2242.78,2025,1,2025-01,monthly_baseload,EPIAS_VEP_daily_reference_price
2024-09-24,EBM0225,2259.84,2025,2,2025-02,monthly_baseload,EPIAS_VEP_daily_reference_price
2024-09-24,EBM0325,2454.39,2025,3,2025-03,monthly_baseload,EPIAS_VEP_daily_reference_price
2024-09-25,EBM1024,2489.07,2024,10,2024-10,monthly_baseload,EPIAS_VEP_daily_reference_price
2024-09-25,EBM1124,2744.02,2024,11,2024-11,monthly_baseload,EPIAS_VEP_daily_reference_price
2024-09-25,EBM1224,2754.77,2024,12,2024-12,monthly_baseload,EPIAS_VEP_daily_reference_price
2024-09-25,EBM0125,2242.78,2025,1,2025-01,monthly_baseload,EPIAS_VEP_daily_reference_price
2024-09-25,EBM0225,2259.84,2025,2,2025-02,monthly_baseload,EPIAS_VEP_daily_reference_price
2024-09-25,EBM0325,2454.39,2025,3,2025-03,monthly_baseload,EPIAS_VEP_daily_reference_price
2024-09-26,EBM1024,2489.07,2024,10,2024-10,monthly_baseload,EPIAS_VEP_daily_reference_price
2024-09-26,EBM1124,2744.02,2024,11,2024-11,monthly_baseload,EPIAS_VEP_daily_reference_price
2024-09-26,EBM1224,2754.77,2024,12,2024-12,monthly_baseload,EPIAS_VEP_daily_reference_price
2024-09-26,EBM0125,2242.78,2025,1,2025-01,monthly_baseload,EPIAS_VEP_daily_reference_price
2024-09-26,EBM0225,2259.84,2025,2,2025-02,monthly_baseload,EPIAS_VEP_daily_reference_price
2024-09-26,EBM0325,2454.39,2025,3,2025-03,monthly_baseload,EPIAS_VEP_daily_reference_price
2024-09-27,EBM1124,2744.02,2024,11,2024-11,monthly_baseload,EPIAS_VEP_daily_reference_price
2024-09-27,EBM1224,2754.77,2024,12,2024-12,monthly_baseload,EPIAS_VEP_daily_reference_price
2024-09-27,EBM0125,2300.07,2025,1,2025-01,monthly_baseload,EPIAS_VEP_daily_reference_price
2024-09-27,EBM0225,2317.56,2025,2,2025-02,monthly_baseload,EPIAS_VEP_daily_reference_price
2024-09-27,EBM0325,2517.08,2025,3,2025-03,monthly_baseload,EPIAS_VEP_daily_reference_price
2024-09-27,EBM0425,2116.85,2025,4,2025-04,monthly_baseload,EPIAS_VEP_daily_reference_price
2024-09-30,EBM1124,2744.02,2024,11,2024-11,monthly_baseload,EPIAS_VEP_daily_reference_price
2024-09-30,EBM1224,2754.77,2024,12,2024-12,monthly_baseload,EPIAS_VEP_daily_reference_price
2024-09-30,EBM0125,2300.07,2025,1,2025-01,monthly_baseload,EPIAS_VEP_daily_reference_price
2024-09-30,EBM0225,2317.56,2025,2,2025-02,monthly_baseload,EPIAS_VEP_daily_reference_price
2024-09-30,EBM0325,2517.08,2025,3,2025-03,monthly_baseload,EPIAS_VEP_daily_reference_price
2024-09-30,EBM0425,2116.85,2025,4,2025-04,monthly_baseload,EPIAS_VEP_daily_reference_price
2024-10-01,EBM1124,2744.02,2024,11,2024-11,monthly_baseload,EPIAS_VEP_daily_reference_price
2024-10-01,EBM1224,2754.77,2024,12,2024-12,monthly_baseload,EPIAS_VEP_daily_reference_price
2024-10-01,EBM0125,2300.07,2025,1,2025-01,monthly_baseload,EPIAS_VEP_daily_reference_price
2024-10-01,EBM0225,2317.56,2025,2,2025-02,monthly_baseload,EPIAS_VEP_daily_reference_price
2024-10-01,EBM0325,2517.08,2025,3,2025-03,monthly_baseload,EPIAS_VEP_daily_reference_price
2024-10-01,EBM0425,2116.85,2025,4,2025-04,monthly_baseload,EPIAS_VEP_daily_reference_price
2024-10-02,EBM1124,2744.02,2024,11,2024-11,monthly_baseload,EPIAS_VEP_daily_reference_price
2024-10-02,EBM1224,2754.77,2024,12,2024-12,monthly_baseload,EPIAS_VEP_daily_reference_price
2024-10-02,EBM0125,2300.07,2025,1,2025-01,monthly_baseload,EPIAS_VEP_daily_reference_price
2024-10-02,EBM0225,2317.56,2025,2,2025-02,monthly_baseload,EPIAS_VEP_daily_reference_price
2024-10-02,EBM0325,2517.08,2025,3,2025-03,monthly_baseload,EPIAS_VEP_daily_reference_price
2024-10-02,EBM0425,2116.85,2025,4,2025-04,monthly_baseload,EPIAS_VEP_daily_reference_price
2024-10-03,EBM1124,2744.02,2024,11,2024-11,monthly_baseload,EPIAS_VEP_daily_reference_price
2024-10-03,EBM1224,2754.77,2024,12,2024-12,monthly_baseload,EPIAS_VEP_daily_reference_price
2024-10-03,EBM0125,2300.07,2025,1,2025-01,monthly_baseload,EPIAS_VEP_daily_reference_price
2024-10-03,EBM0225,2317.56,2025,2,2025-02,monthly_baseload,EPIAS_VEP_daily_reference_price
2024-10-03,EBM0325,2517.08,2025,3,2025-03,monthly_baseload,EPIAS_VEP_daily_reference_price
2024-10-03,EBM0425,2116.85,2025,4,2025-04,monthly_baseload,EPIAS_VEP_daily_reference_price
2024-10-04,EBM1124,2744.02,2024,11,2024-11,monthly_baseload,EPIAS_VEP_daily_reference_price
2024-10-04,EBM1224,2754.77,2024,12,2024-12,monthly_baseload,EPIAS_VEP_daily_reference_price
2024-10-04,EBM0125,2300.07,2025,1,2025-01,monthly_baseload,EPIAS_VEP_daily_reference_price
2024-10-04,EBM0225,2317.56,2025,2,2025-02,monthly_baseload,EPIAS_VEP_daily_reference_price
2024-10-04,EBM0325,2517.08,2025,3,2025-03,monthly_baseload,EPIAS_VEP_daily_reference_price
2024-10-04,EBM0425,2116.85,2025,4,2025-04,monthly_baseload,EPIAS_VEP_daily_reference_price
2024-10-07,EBM1124,2744.02,2024,11,2024-11,monthly_baseload,EPIAS_VEP_daily_reference_price
2024-10-07,EBM1224,2754.77,2024,12,2024-12,monthly_baseload,EPIAS_VEP_daily_reference_price
2024-10-07,EBM0125,2300.07,2025,1,2025-01,monthly_baseload,EPIAS_VEP_daily_reference_price
2024-10-07,EBM0225,2317.56,2025,2,2025-02,monthly_baseload,EPIAS_VEP_daily_reference_price
2024-10-07,EBM0325,2517.08,2025,3,2025-03,monthly_baseload,EPIAS_VEP_daily_reference_price
2024-10-07,EBM0425,2116.85,2025,4,2025-04,monthly_baseload,EPIAS_VEP_daily_reference_price
2024-10-08,EBM1124,2744.02,2024,11,2024-11,monthly_baseload,EPIAS_VEP_daily_reference_price
2024-10-08,EBM1224,2754.77,2024,12,2024-12,monthly_baseload,EPIAS_VEP_daily_reference_price
2024-10-08,EBM0125,2300.07,2025,1,2025-01,monthly_baseload,EPIAS_VEP_daily_reference_price
2024-10-08,EBM0225,2317.56,2025,2,2025-02,monthly_baseload,EPIAS_VEP_daily_reference_price
2024-10-08,EBM0325,2517.08,2025,3,2025-03,monthly_baseload,EPIAS_VEP_daily_reference_price
2024-10-08,EBM0425,2116.85,2025,4,2025-04,monthly_baseload,EPIAS_VEP_daily_reference_price
2024-10-09,EBM1124,2744.02,2024,11,2024-11,monthly_baseload,EPIAS_VEP_daily_reference_price
2024-10-09,EBM1224,2754.77,2024,12,2024-12,monthly_baseload,EPIAS_VEP_daily_reference_price
2024-10-09,EBM0125,2300.07,2025,1,2025-01,monthly_baseload,EPIAS_VEP_daily_reference_price
2024-10-09,EBM0225,2317.56,2025,2,2025-02,monthly_baseload,EPIAS_VEP_daily_reference_price
2024-10-09,EBM0325,2517.08,2025,3,2025-03,monthly_baseload,EPIAS_VEP_daily_reference_price
2024-10-09,EBM0425,2116.85,2025,4,2025-04,monthly_baseload,EPIAS_VEP_daily_reference_price
2024-10-10,EBM1124,2744.02,2024,11,2024-11,monthly_baseload,EPIAS_VEP_daily_reference_price
2024-10-10,EBM1224,2754.77,2024,12,2024-12,monthly_baseload,EPIAS_VEP_daily_reference_price
2024-10-10,EBM0125,2300.07,2025,1,2025-01,monthly_baseload,EPIAS_VEP_daily_reference_price
2024-10-10,EBM0225,2317.56,2025,2,2025-02,monthly_baseload,EPIAS_VEP_daily_reference_price
2024-10-10,EBM0325,2517.08,2025,3,2025-03,monthly_baseload,EPIAS_VEP_daily_reference_price
2024-10-10,EBM0425,2116.85,2025,4,2025-04,monthly_baseload,EPIAS_VEP_daily_reference_price
2024-10-11,EBM1124,2744.02,2024,11,2024-11,monthly_baseload,EPIAS_VEP_daily_reference_price
2024-10-11,EBM1224,2754.77,2024,12,2024-12,monthly_baseload,EPIAS_VEP_daily_reference_price
2024-10-11,EBM0125,2300.07,2025,1,2025-01,monthly_baseload,EPIAS_VEP_daily_reference_price
2024-10-11,EBM0225,2317.56,2025,2,2025-02,monthly_baseload,EPIAS_VEP_daily_reference_price
2024-10-11,EBM0325,2517.08,2025,3,2025-03,monthly_baseload,EPIAS_VEP_daily_reference_price
2024-10-11,EBM0425,2116.85,2025,4,2025-04,monthly_baseload,EPIAS_VEP_daily_reference_price
2024-10-14,EBM1124,2744.02,2024,11,2024-11,monthly_baseload,EPIAS_VEP_daily_reference_price
2024-10-14,EBM1224,2754.77,2024,12,2024-12,monthly_baseload,EPIAS_VEP_daily_reference_price
2024-10-14,EBM0125,2300.07,2025,1,2025-01,monthly_baseload,EPIAS_VEP_daily_reference_price
2024-10-14,EBM0225,2317.56,2025,2,2025-02,monthly_baseload,EPIAS_VEP_daily_reference_price
2024-10-14,EBM0325,2517.08,2025,3,2025-03,monthly_baseload,EPIAS_VEP_daily_reference_price
2024-10-14,EBM0425,2116.85,2025,4,2025-04,monthly_baseload,EPIAS_VEP_daily_reference_price
2024-10-15,EBM1124,2744.02,2024,11,2024-11,monthly_baseload,EPIAS_VEP_daily_reference_price
2024-10-15,EBM1224,2754.77,2024,12,2024-12,monthly_baseload,EPIAS_VEP_daily_reference_price
2024-10-15,EBM0125,2300.07,2025,1,2025-01,monthly_baseload,EPIAS_VEP_daily_reference_price
2024-10-15,EBM0225,2317.56,2025,2,2025-02,monthly_baseload,EPIAS_VEP_daily_reference_price
2024-10-15,EBM0325,2517.08,2025,3,2025-03,monthly_baseload,EPIAS_VEP_daily_reference_price
2024-10-15,EBM0425,2116.85,2025,4,2025-04,monthly_baseload,EPIAS_VEP_daily_reference_price
2024-10-16,EBM1124,2744.02,2024,11,2024-11,monthly_baseload,EPIAS_VEP_daily_reference_price
2024-10-16,EBM1224,2754.77,2024,12,2024-12,monthly_baseload,EPIAS_VEP_daily_reference_price
2024-10-16,EBM0125,2300.07,2025,1,2025-01,monthly_baseload,EPIAS_VEP_daily_reference_price
2024-10-16,EBM0225,2317.56,2025,2,2025-02,monthly_baseload,EPIAS_VEP_daily_reference_price
2024-10-16,EBM0325,2517.08,2025,3,2025-03,monthly_baseload,EPIAS_VEP_daily_reference_price
2024-10-16,EBM0425,2116.85,2025,4,2025-04,monthly_baseload,EPIAS_VEP_daily_reference_price
2024-10-17,EBM1124,2744.02,2024,11,2024-11,monthly_baseload,EPIAS_VEP_daily_reference_price
2024-10-17,EBM1224,2754.77,2024,12,2024-12,monthly_baseload,EPIAS_VEP_daily_reference_price
2024-10-17,EBM0125,2300.07,2025,1,2025-01,monthly_baseload,EPIAS_VEP_daily_reference_price
2024-10-17,EBM0225,2317.56,2025,2,2025-02,monthly_baseload,EPIAS_VEP_daily_reference_price
2024-10-17,EBM0325,2517.08,2025,3,2025-03,monthly_baseload,EPIAS_VEP_daily_reference_price
2024-10-17,EBM0425,2116.85,2025,4,2025-04,monthly_baseload,EPIAS_VEP_daily_reference_price
2024-10-18,EBM1124,2744.02,2024,11,2024-11,monthly_baseload,EPIAS_VEP_daily_reference_price
2024-10-18,EBM1224,2754.77,2024,12,2024-12,monthly_baseload,EPIAS_VEP_daily_reference_price
2024-10-18,EBM0125,2300.07,2025,1,2025-01,monthly_baseload,EPIAS_VEP_daily_reference_price
2024-10-18,EBM0225,2317.56,2025,2,2025-02,monthly_baseload,EPIAS_VEP_daily_reference_price
2024-10-18,EBM0325,2517.08,2025,3,2025-03,monthly_baseload,EPIAS_VEP_daily_reference_price
2024-10-18,EBM0425,2116.85,2025,4,2025-04,monthly_baseload,EPIAS_VEP_daily_reference_price
2024-10-21,EBM1124,2744.02,2024,11,2024-11,monthly_baseload,EPIAS_VEP_daily_reference_price
2024-10-21,EBM1224,2754.77,2024,12,2024-12,monthly_baseload,EPIAS_VEP_daily_reference_price
2024-10-21,EBM0125,2300.07,2025,1,2025-01,monthly_baseload,EPIAS_VEP_daily_reference_price
2024-10-21,EBM0225,2317.56,2025,2,2025-02,monthly_baseload,EPIAS_VEP_daily_reference_price
2024-10-21,EBM0325,2517.08,2025,3,2025-03,monthly_baseload,EPIAS_VEP_daily_reference_price
2024-10-21,EBM0425,2116.85,2025,4,2025-04,monthly_baseload,EPIAS_VEP_daily_reference_price
2024-10-22,EBM1124,2744.02,2024,11,2024-11,monthly_baseload,EPIAS_VEP_daily_reference_price
2024-10-22,EBM1224,2754.77,2024,12,2024-12,monthly_baseload,EPIAS_VEP_daily_reference_price
2024-10-22,EBM0125,2300.07,2025,1,2025-01,monthly_baseload,EPIAS_VEP_daily_reference_price
2024-10-22,EBM0225,2317.56,2025,2,2025-02,monthly_baseload,EPIAS_VEP_daily_reference_price
2024-10-22,EBM0325,2517.08,2025,3,2025-03,monthly_baseload,EPIAS_VEP_daily_reference_price
2024-10-22,EBM0425,2116.85,2025,4,2025-04,monthly_baseload,EPIAS_VEP_daily_reference_price
2024-10-23,EBM1124,2744.02,2024,11,2024-11,monthly_baseload,EPIAS_VEP_daily_reference_price
2024-10-23,EBM1224,2754.77,2024,12,2024-12,monthly_baseload,EPIAS_VEP_daily_reference_price
2024-10-23,EBM0125,2300.07,2025,1,2025-01,monthly_baseload,EPIAS_VEP_daily_reference_price
2024-10-23,EBM0225,2317.56,2025,2,2025-02,monthly_baseload,EPIAS_VEP_daily_reference_price
2024-10-23,EBM0325,2517.08,2025,3,2025-03,monthly_baseload,EPIAS_VEP_daily_reference_price
2024-10-23,EBM0425,2116.85,2025,4,2025-04,monthly_baseload,EPIAS_VEP_daily_reference_price
2024-10-24,EBM1124,2744.02,2024,11,2024-11,monthly_baseload,EPIAS_VEP_daily_reference_price
2024-10-24,EBM1224,2754.77,2024,12,2024-12,monthly_baseload,EPIAS_VEP_daily_reference_price
2024-10-24,EBM0125,2300.07,2025,1,2025-01,monthly_baseload,EPIAS_VEP_daily_reference_price
2024-10-24,EBM0225,2317.56,2025,2,2025-02,monthly_baseload,EPIAS_VEP_daily_reference_price
2024-10-24,EBM0325,2517.08,2025,3,2025-03,monthly_baseload,EPIAS_VEP_daily_reference_price
2024-10-24,EBM0425,2116.85,2025,4,2025-04,monthly_baseload,EPIAS_VEP_daily_reference_price
2024-10-25,EBM1124,2744.02,2024,11,2024-11,monthly_baseload,EPIAS_VEP_daily_reference_price
2024-10-25,EBM1224,2754.77,2024,12,2024-12,monthly_baseload,EPIAS_VEP_daily_reference_price
2024-10-25,EBM0125,2300.07,2025,1,2025-01,monthly_baseload,EPIAS_VEP_daily_reference_price
2024-10-25,EBM0225,2317.56,2025,2,2025-02,monthly_baseload,EPIAS_VEP_daily_reference_price
2024-10-25,EBM0325,2517.08,2025,3,2025-03,monthly_baseload,EPIAS_VEP_daily_reference_price
2024-10-25,EBM0425,2116.85,2025,4,2025-04,monthly_baseload,EPIAS_VEP_daily_reference_price
2024-10-30,EBM1224,2754.77,2024,12,2024-12,monthly_baseload,EPIAS_VEP_daily_reference_price
2024-10-30,EBM0125,2300.07,2025,1,2025-01,monthly_baseload,EPIAS_VEP_daily_reference_price
2024-10-30,EBM0225,2317.56,2025,2,2025-02,monthly_baseload,EPIAS_VEP_daily_reference_price
2024-10-30,EBM0325,2517.08,2025,3,2025-03,monthly_baseload,EPIAS_VEP_daily_reference_price
2024-10-30,EBM0425,2116.85,2025,4,2025-04,monthly_baseload,EPIAS_VEP_daily_reference_price
2024-10-30,EBM0525,2456.78,2025,5,2025-05,monthly_baseload,EPIAS_VEP_daily_reference_price
2024-10-31,EBM1224,2754.77,2024,12,2024-12,monthly_baseload,EPIAS_VEP_daily_reference_price
2024-10-31,EBM0125,2300.07,2025,1,2025-01,monthly_baseload,EPIAS_VEP_daily_reference_price
2024-10-31,EBM0225,2317.56,2025,2,2025-02,monthly_baseload,EPIAS_VEP_daily_reference_price
2024-10-31,EBM0325,2517.08,2025,3,2025-03,monthly_baseload,EPIAS_VEP_daily_reference_price
2024-10-31,EBM0425,2116.85,2025,4,2025-04,monthly_baseload,EPIAS_VEP_daily_reference_price
2024-10-31,EBM0525,2456.78,2025,5,2025-05,monthly_baseload,EPIAS_VEP_daily_reference_price
2024-11-01,EBM1224,2754.77,2024,12,2024-12,monthly_baseload,EPIAS_VEP_daily_reference_price
2024-11-01,EBM0125,2300.07,2025,1,2025-01,monthly_baseload,EPIAS_VEP_daily_reference_price
2024-11-01,EBM0225,2317.56,2025,2,2025-02,monthly_baseload,EPIAS_VEP_daily_reference_price
2024-11-01,EBM0325,2517.08,2025,3,2025-03,monthly_baseload,EPIAS_VEP_daily_reference_price
2024-11-01,EBM0425,2116.85,2025,4,2025-04,monthly_baseload,EPIAS_VEP_daily_reference_price
2024-11-01,EBM0525,2456.78,2025,5,2025-05,monthly_baseload,EPIAS_VEP_daily_reference_price
2024-11-04,EBM1224,2754.77,2024,12,2024-12,monthly_baseload,EPIAS_VEP_daily_reference_price
2024-11-04,EBM0125,2300.07,2025,1,2025-01,monthly_baseload,EPIAS_VEP_daily_reference_price
2024-11-04,EBM0225,2317.56,2025,2,2025-02,monthly_baseload,EPIAS_VEP_daily_reference_price
2024-11-04,EBM0325,2517.08,2025,3,2025-03,monthly_baseload,EPIAS_VEP_daily_reference_price
2024-11-04,EBM0425,2116.85,2025,4,2025-04,monthly_baseload,EPIAS_VEP_daily_reference_price
2024-11-04,EBM0525,2456.78,2025,5,2025-05,monthly_baseload,EPIAS_VEP_daily_reference_price
2024-11-05,EBM1224,2754.77,2024,12,2024-12,monthly_baseload,EPIAS_VEP_daily_reference_price
2024-11-05,EBM0125,2300.07,2025,1,2025-01,monthly_baseload,EPIAS_VEP_daily_reference_price
2024-11-05,EBM0225,2317.56,2025,2,2025-02,monthly_baseload,EPIAS_VEP_daily_reference_price
2024-11-05,EBM0325,2517.08,2025,3,2025-03,monthly_baseload,EPIAS_VEP_daily_reference_price
2024-11-05,EBM0425,2116.85,2025,4,2025-04,monthly_baseload,EPIAS_VEP_daily_reference_price
2024-11-05,EBM0525,2456.78,2025,5,2025-05,monthly_baseload,EPIAS_VEP_daily_reference_price
2024-11-06,EBM1224,2754.77,2024,12,2024-12,monthly_baseload,EPIAS_VEP_daily_reference_price
2024-11-06,EBM0125,2300.07,2025,1,2025-01,monthly_baseload,EPIAS_VEP_daily_reference_price
2024-11-06,EBM0225,2317.56,2025,2,2025-02,monthly_baseload,EPIAS_VEP_daily_reference_price
2024-11-06,EBM0325,2517.08,2025,3,2025-03,monthly_baseload,EPIAS_VEP_daily_reference_price
2024-11-06,EBM0425,2116.85,2025,4,2025-04,monthly_baseload,EPIAS_VEP_daily_reference_price
2024-11-06,EBM0525,2456.78,2025,5,2025-05,monthly_baseload,EPIAS_VEP_daily_reference_price
2024-11-07,EBM1224,2754.77,2024,12,2024-12,monthly_baseload,EPIAS_VEP_daily_reference_price
2024-11-07,EBM0125,2300.07,2025,1,2025-01,monthly_baseload,EPIAS_VEP_daily_reference_price
2024-11-07,EBM0225,2317.56,2025,2,2025-02,monthly_baseload,EPIAS_VEP_daily_reference_price
2024-11-07,EBM0325,2517.08,2025,3,2025-03,monthly_baseload,EPIAS_VEP_daily_reference_price
2024-11-07,EBM0425,2116.85,2025,4,2025-04,monthly_baseload,EPIAS_VEP_daily_reference_price
2024-11-07,EBM0525,2456.78,2025,5,2025-05,monthly_baseload,EPIAS_VEP_daily_reference_price
2024-11-08,EBM1224,2754.77,2024,12,2024-12,monthly_baseload,EPIAS_VEP_daily_reference_price
2024-11-08,EBM0125,2300.07,2025,1,2025-01,monthly_baseload,EPIAS_VEP_daily_reference_price
2024-11-08,EBM0225,2317.56,2025,2,2025-02,monthly_baseload,EPIAS_VEP_daily_reference_price
2024-11-08,EBM0325,2517.08,2025,3,2025-03,monthly_baseload,EPIAS_VEP_daily_reference_price
2024-11-08,EBM0425,2116.85,2025,4,2025-04,monthly_baseload,EPIAS_VEP_daily_reference_price
2024-11-08,EBM0525,2456.78,2025,5,2025-05,monthly_baseload,EPIAS_VEP_daily_reference_price
2024-11-11,EBM1224,2754.77,2024,12,2024-12,monthly_baseload,EPIAS_VEP_daily_reference_price
2024-11-11,EBM0125,2300.07,2025,1,2025-01,monthly_baseload,EPIAS_VEP_daily_reference_price
2024-11-11,EBM0225,2317.56,2025,2,2025-02,monthly_baseload,EPIAS_VEP_daily_reference_price
2024-11-11,EBM0325,2517.08,2025,3,2025-03,monthly_baseload,EPIAS_VEP_daily_reference_price
2024-11-11,EBM0425,2116.85,2025,4,2025-04,monthly_baseload,EPIAS_VEP_daily_reference_price
2024-11-11,EBM0525,2456.78,2025,5,2025-05,monthly_baseload,EPIAS_VEP_daily_reference_price
2024-11-12,EBM1224,2754.77,2024,12,2024-12,monthly_baseload,EPIAS_VEP_daily_reference_price
2024-11-12,EBM0125,2300.07,2025,1,2025-01,monthly_baseload,EPIAS_VEP_daily_reference_price
2024-11-12,EBM0225,2317.56,2025,2,2025-02,monthly_baseload,EPIAS_VEP_daily_reference_price
2024-11-12,EBM0325,2517.08,2025,3,2025-03,monthly_baseload,EPIAS_VEP_daily_reference_price
2024-11-12,EBM0425,2116.85,2025,4,2025-04,monthly_baseload,EPIAS_VEP_daily_reference_price
2024-11-12,EBM0525,2456.78,2025,5,2025-05,monthly_baseload,EPIAS_VEP_daily_reference_price
2024-11-13,EBM1224,2754.77,2024,12,2024-12,monthly_baseload,EPIAS_VEP_daily_reference_price
2024-11-13,EBM0125,2300.07,2025,1,2025-01,monthly_baseload,EPIAS_VEP_daily_reference_price
2024-11-13,EBM0225,2317.56,2025,2,2025-02,monthly_baseload,EPIAS_VEP_daily_reference_price
2024-11-13,EBM0325,2517.08,2025,3,2025-03,monthly_baseload,EPIAS_VEP_daily_reference_price
2024-11-13,EBM0425,2116.85,2025,4,2025-04,monthly_baseload,EPIAS_VEP_daily_reference_price
2024-11-13,EBM0525,2456.78,2025,5,2025-05,monthly_baseload,EPIAS_VEP_daily_reference_price
2024-11-14,EBM1224,2754.77,2024,12,2024-12,monthly_baseload,EPIAS_VEP_daily_reference_price
2024-11-14,EBM0125,2300.07,2025,1,2025-01,monthly_baseload,EPIAS_VEP_daily_reference_price
2024-11-14,EBM0225,2317.56,2025,2,2025-02,monthly_baseload,EPIAS_VEP_daily_reference_price
2024-11-14,EBM0325,2517.08,2025,3,2025-03,monthly_baseload,EPIAS_VEP_daily_reference_price
2024-11-14,EBM0425,2116.85,2025,4,2025-04,monthly_baseload,EPIAS_VEP_daily_reference_price
2024-11-14,EBM0525,2456.78,2025,5,2025-05,monthly_baseload,EPIAS_VEP_daily_reference_price
2024-11-15,EBM1224,2754.77,2024,12,2024-12,monthly_baseload,EPIAS_VEP_daily_reference_price
2024-11-15,EBM0125,2300.07,2025,1,2025-01,monthly_baseload,EPIAS_VEP_daily_reference_price
2024-11-15,EBM0225,2317.56,2025,2,2025-02,monthly_baseload,EPIAS_VEP_daily_reference_price
2024-11-15,EBM0325,2517.08,2025,3,2025-03,monthly_baseload,EPIAS_VEP_daily_reference_price
2024-11-15,EBM0425,2116.85,2025,4,2025-04,monthly_baseload,EPIAS_VEP_daily_reference_price
2024-11-15,EBM0525,2456.78,2025,5,2025-05,monthly_baseload,EPIAS_VEP_daily_reference_price
2024-11-18,EBM1224,2754.77,2024,12,2024-12,monthly_baseload,EPIAS_VEP_daily_reference_price
2024-11-18,EBM0125,2300.07,2025,1,2025-01,monthly_baseload,EPIAS_VEP_daily_reference_price
2024-11-18,EBM0225,2317.56,2025,2,2025-02,monthly_baseload,EPIAS_VEP_daily_reference_price
2024-11-18,EBM0325,2517.08,2025,3,2025-03,monthly_baseload,EPIAS_VEP_daily_reference_price
2024-11-18,EBM0425,2116.85,2025,4,2025-04,monthly_baseload,EPIAS_VEP_daily_reference_price
2024-11-18,EBM0525,2456.78,2025,5,2025-05,monthly_baseload,EPIAS_VEP_daily_reference_price
2024-11-19,EBM1224,2754.77,2024,12,2024-12,monthly_baseload,EPIAS_VEP_daily_reference_price
2024-11-19,EBM0125,2300.07,2025,1,2025-01,monthly_baseload,EPIAS_VEP_daily_reference_price
2024-11-19,EBM0225,2317.56,2025,2,2025-02,monthly_baseload,EPIAS_VEP_daily_reference_price
2024-11-19,EBM0325,2517.08,2025,3,2025-03,monthly_baseload,EPIAS_VEP_daily_reference_price
2024-11-19,EBM0425,2116.85,2025,4,2025-04,monthly_baseload,EPIAS_VEP_daily_reference_price
2024-11-19,EBM0525,2456.78,2025,5,2025-05,monthly_baseload,EPIAS_VEP_daily_reference_price
2024-11-20,EBM1224,2754.77,2024,12,2024-12,monthly_baseload,EPIAS_VEP_daily_reference_price
2024-11-20,EBM0125,2300.07,2025,1,2025-01,monthly_baseload,EPIAS_VEP_daily_reference_price
2024-11-20,EBM0225,2317.56,2025,2,2025-02,monthly_baseload,EPIAS_VEP_daily_reference_price
2024-11-20,EBM0325,2517.08,2025,3,2025-03,monthly_baseload,EPIAS_VEP_daily_reference_price
2024-11-20,EBM0425,2116.85,2025,4,2025-04,monthly_baseload,EPIAS_VEP_daily_reference_price
2024-11-20,EBM0525,2456.78,2025,5,2025-05,monthly_baseload,EPIAS_VEP_daily_reference_price
2024-11-21,EBM1224,2754.77,2024,12,2024-12,monthly_baseload,EPIAS_VEP_daily_reference_price
2024-11-21,EBM0125,2300.07,2025,1,2025-01,monthly_baseload,EPIAS_VEP_daily_reference_price
2024-11-21,EBM0225,2317.56,2025,2,2025-02,monthly_baseload,EPIAS_VEP_daily_reference_price
2024-11-21,EBM0325,2517.08,2025,3,2025-03,monthly_baseload,EPIAS_VEP_daily_reference_price
2024-11-21,EBM0425,2116.85,2025,4,2025-04,monthly_baseload,EPIAS_VEP_daily_reference_price
2024-11-21,EBM0525,2456.78,2025,5,2025-05,monthly_baseload,EPIAS_VEP_daily_reference_price
2024-11-22,EBM1224,2754.77,2024,12,2024-12,monthly_baseload,EPIAS_VEP_daily_reference_price
2024-11-22,EBM0125,2300.07,2025,1,2025-01,monthly_baseload,EPIAS_VEP_daily_reference_price
2024-11-22,EBM0225,2317.56,2025,2,2025-02,monthly_baseload,EPIAS_VEP_daily_reference_price
2024-11-22,EBM0325,2517.08,2025,3,2025-03,monthly_baseload,EPIAS_VEP_daily_reference_price
2024-11-22,EBM0425,2116.85,2025,4,2025-04,monthly_baseload,EPIAS_VEP_daily_reference_price
2024-11-22,EBM0525,2456.78,2025,5,2025-05,monthly_baseload,EPIAS_VEP_daily_reference_price
2024-11-25,EBM1224,2754.77,2024,12,2024-12,monthly_baseload,EPIAS_VEP_daily_reference_price
2024-11-25,EBM0125,2300.07,2025,1,2025-01,monthly_baseload,EPIAS_VEP_daily_reference_price
2024-11-25,EBM0225,2317.56,2025,2,2025-02,monthly_baseload,EPIAS_VEP_daily_reference_price
2024-11-25,EBM0325,2517.08,2025,3,2025-03,monthly_baseload,EPIAS_VEP_daily_reference_price
2024-11-25,EBM0425,2116.85,2025,4,2025-04,monthly_baseload,EPIAS_VEP_daily_reference_price
2024-11-25,EBM0525,2456.78,2025,5,2025-05,monthly_baseload,EPIAS_VEP_daily_reference_price
2024-11-26,EBM1224,2754.77,2024,12,2024-12,monthly_baseload,EPIAS_VEP_daily_reference_price
2024-11-26,EBM0125,2300.07,2025,1,2025-01,monthly_baseload,EPIAS_VEP_daily_reference_price
2024-11-26,EBM0225,2317.56,2025,2,2025-02,monthly_baseload,EPIAS_VEP_daily_reference_price
2024-11-26,EBM0325,2517.08,2025,3,2025-03,monthly_baseload,EPIAS_VEP_daily_reference_price
2024-11-26,EBM0425,2116.85,2025,4,2025-04,monthly_baseload,EPIAS_VEP_daily_reference_price
2024-11-26,EBM0525,2456.78,2025,5,2025-05,monthly_baseload,EPIAS_VEP_daily_reference_price
2024-11-27,EBM1224,2754.77,2024,12,2024-12,monthly_baseload,EPIAS_VEP_daily_reference_price
2024-11-27,EBM0125,2300.07,2025,1,2025-01,monthly_baseload,EPIAS_VEP_daily_reference_price
2024-11-27,EBM0225,2317.56,2025,2,2025-02,monthly_baseload,EPIAS_VEP_daily_reference_price
2024-11-27,EBM0325,2517.08,2025,3,2025-03,monthly_baseload,EPIAS_VEP_daily_reference_price
2024-11-27,EBM0425,2116.85,2025,4,2025-04,monthly_baseload,EPIAS_VEP_daily_reference_price
2024-11-27,EBM0525,2456.78,2025,5,2025-05,monthly_baseload,EPIAS_VEP_daily_reference_price
2024-11-28,EBM0125,2316.26,2025,1,2025-01,monthly_baseload,EPIAS_VEP_daily_reference_price
2024-11-28,EBM0225,2333.88,2025,2,2025-02,monthly_baseload,EPIAS_VEP_daily_reference_price
2024-11-28,EBM0325,2534.8,2025,3,2025-03,monthly_baseload,EPIAS_VEP_daily_reference_price
2024-11-28,EBM0425,1963.28,2025,4,2025-04,monthly_baseload,EPIAS_VEP_daily_reference_price
2024-11-28,EBM0525,2278.55,2025,5,2025-05,monthly_baseload,EPIAS_VEP_daily_reference_price
2024-11-28,EBM0625,2331.88,2025,6,2025-06,monthly_baseload,EPIAS_VEP_daily_reference_price
2024-11-29,EBM0125,2316.26,2025,1,2025-01,monthly_baseload,EPIAS_VEP_daily_reference_price
2024-11-29,EBM0225,2333.88,2025,2,2025-02,monthly_baseload,EPIAS_VEP_daily_reference_price
2024-11-29,EBM0325,2534.8,2025,3,2025-03,monthly_baseload,EPIAS_VEP_daily_reference_price
2024-11-29,EBM0425,1963.28,2025,4,2025-04,monthly_baseload,EPIAS_VEP_daily_reference_price
2024-11-29,EBM0525,2278.55,2025,5,2025-05,monthly_baseload,EPIAS_VEP_daily_reference_price
2024-11-29,EBM0625,2331.88,2025,6,2025-06,monthly_baseload,EPIAS_VEP_daily_reference_price
2024-12-02,EBM0125,2316.26,2025,1,2025-01,monthly_baseload,EPIAS_VEP_daily_reference_price
2024-12-02,EBM0225,2333.88,2025,2,2025-02,monthly_baseload,EPIAS_VEP_daily_reference_price
2024-12-02,EBM0325,2534.8,2025,3,2025-03,monthly_baseload,EPIAS_VEP_daily_reference_price
2024-12-02,EBM0425,1963.28,2025,4,2025-04,monthly_baseload,EPIAS_VEP_daily_reference_price
2024-12-02,EBM0525,2278.55,2025,5,2025-05,monthly_baseload,EPIAS_VEP_daily_reference_price
2024-12-02,EBM0625,2331.88,2025,6,2025-06,monthly_baseload,EPIAS_VEP_daily_reference_price
2024-12-03,EBM0125,2316.26,2025,1,2025-01,monthly_baseload,EPIAS_VEP_daily_reference_price
2024-12-03,EBM0225,2333.88,2025,2,2025-02,monthly_baseload,EPIAS_VEP_daily_reference_price
2024-12-03,EBM0325,2534.8,2025,3,2025-03,monthly_baseload,EPIAS_VEP_daily_reference_price
2024-12-03,EBM0425,1963.28,2025,4,2025-04,monthly_baseload,EPIAS_VEP_daily_reference_price
2024-12-03,EBM0525,2278.55,2025,5,2025-05,monthly_baseload,EPIAS_VEP_daily_reference_price
2024-12-03,EBM0625,2331.88,2025,6,2025-06,monthly_baseload,EPIAS_VEP_daily_reference_price
2024-12-04,EBM0125,2316.26,2025,1,2025-01,monthly_baseload,EPIAS_VEP_daily_reference_price
2024-12-04,EBM0225,2333.88,2025,2,2025-02,monthly_baseload,EPIAS_VEP_daily_reference_price
2024-12-04,EBM0325,2534.8,2025,3,2025-03,monthly_baseload,EPIAS_VEP_daily_reference_price
2024-12-04,EBM0425,1963.28,2025,4,2025-04,monthly_baseload,EPIAS_VEP_daily_reference_price
2024-12-04,EBM0525,2278.55,2025,5,2025-05,monthly_baseload,EPIAS_VEP_daily_reference_price
2024-12-04,EBM0625,2331.88,2025,6,2025-06,monthly_baseload,EPIAS_VEP_daily_reference_price
2024-12-05,EBM0125,2316.26,2025,1,2025-01,monthly_baseload,EPIAS_VEP_daily_reference_price
2024-12-05,EBM0225,2333.88,2025,2,2025-02,monthly_baseload,EPIAS_VEP_daily_reference_price
2024-12-05,EBM0325,2534.8,2025,3,2025-03,monthly_baseload,EPIAS_VEP_daily_reference_price
2024-12-05,EBM0425,1963.28,2025,4,2025-04,monthly_baseload,EPIAS_VEP_daily_reference_price
2024-12-05,EBM0525,2278.55,2025,5,2025-05,monthly_baseload,EPIAS_VEP_daily_reference_price
2024-12-05,EBM0625,2331.88,2025,6,2025-06,monthly_baseload,EPIAS_VEP_daily_reference_price
2024-12-06,EBM0125,2316.26,2025,1,2025-01,monthly_baseload,EPIAS_VEP_daily_reference_price
2024-12-06,EBM0225,2333.88,2025,2,2025-02,monthly_baseload,EPIAS_VEP_daily_reference_price
2024-12-06,EBM0325,2534.8,2025,3,2025-03,monthly_baseload,EPIAS_VEP_daily_reference_price
2024-12-06,EBM0425,1963.28,2025,4,2025-04,monthly_baseload,EPIAS_VEP_daily_reference_price
2024-12-06,EBM0525,2278.55,2025,5,2025-05,monthly_baseload,EPIAS_VEP_daily_reference_price
2024-12-06,EBM0625,2331.88,2025,6,2025-06,monthly_baseload,EPIAS_VEP_daily_reference_price
2024-12-09,EBM0125,2316.26,2025,1,2025-01,monthly_baseload,EPIAS_VEP_daily_reference_price
2024-12-09,EBM0225,2333.88,2025,2,2025-02,monthly_baseload,EPIAS_VEP_daily_reference_price
2024-12-09,EBM0325,2534.8,2025,3,2025-03,monthly_baseload,EPIAS_VEP_daily_reference_price
2024-12-09,EBM0425,1963.28,2025,4,2025-04,monthly_baseload,EPIAS_VEP_daily_reference_price
2024-12-09,EBM0525,2278.55,2025,5,2025-05,monthly_baseload,EPIAS_VEP_daily_reference_price
2024-12-09,EBM0625,2331.88,2025,6,2025-06,monthly_baseload,EPIAS_VEP_daily_reference_price
2024-12-10,EBM0125,2316.26,2025,1,2025-01,monthly_baseload,EPIAS_VEP_daily_reference_price
2024-12-10,EBM0225,2333.88,2025,2,2025-02,monthly_baseload,EPIAS_VEP_daily_reference_price
2024-12-10,EBM0325,2534.8,2025,3,2025-03,monthly_baseload,EPIAS_VEP_daily_reference_price
2024-12-10,EBM0425,1963.28,2025,4,2025-04,monthly_baseload,EPIAS_VEP_daily_reference_price
2024-12-10,EBM0525,2278.55,2025,5,2025-05,monthly_baseload,EPIAS_VEP_daily_reference_price
2024-12-10,EBM0625,2331.88,2025,6,2025-06,monthly_baseload,EPIAS_VEP_daily_reference_price
2024-12-11,EBM0125,2316.26,2025,1,2025-01,monthly_baseload,EPIAS_VEP_daily_reference_price
2024-12-11,EBM0225,2333.88,2025,2,2025-02,monthly_baseload,EPIAS_VEP_daily_reference_price
2024-12-11,EBM0325,2534.8,2025,3,2025-03,monthly_baseload,EPIAS_VEP_daily_reference_price
2024-12-11,EBM0425,1963.28,2025,4,2025-04,monthly_baseload,EPIAS_VEP_daily_reference_price
2024-12-11,EBM0525,2278.55,2025,5,2025-05,monthly_baseload,EPIAS_VEP_daily_reference_price
2024-12-11,EBM0625,2331.88,2025,6,2025-06,monthly_baseload,EPIAS_VEP_daily_reference_price
2024-12-12,EBM0125,2316.26,2025,1,2025-01,monthly_baseload,EPIAS_VEP_daily_reference_price
2024-12-12,EBM0225,2333.88,2025,2,2025-02,monthly_baseload,EPIAS_VEP_daily_reference_price
2024-12-12,EBM0325,2534.8,2025,3,2025-03,monthly_baseload,EPIAS_VEP_daily_reference_price
2024-12-12,EBM0425,1963.28,2025,4,2025-04,monthly_baseload,EPIAS_VEP_daily_reference_price
2024-12-12,EBM0525,2278.55,2025,5,2025-05,monthly_baseload,EPIAS_VEP_daily_reference_price
2024-12-12,EBM0625,2331.88,2025,6,2025-06,monthly_baseload,EPIAS_VEP_daily_reference_price
2024-12-13,EBM0125,2316.26,2025,1,2025-01,monthly_baseload,EPIAS_VEP_daily_reference_price
2024-12-13,EBM0225,2333.88,2025,2,2025-02,monthly_baseload,EPIAS_VEP_daily_reference_price
2024-12-13,EBM0325,2534.8,2025,3,2025-03,monthly_baseload,EPIAS_VEP_daily_reference_price
2024-12-13,EBM0425,1963.28,2025,4,2025-04,monthly_baseload,EPIAS_VEP_daily_reference_price
2024-12-13,EBM0525,2278.55,2025,5,2025-05,monthly_baseload,EPIAS_VEP_daily_reference_price
2024-12-13,EBM0625,2331.88,2025,6,2025-06,monthly_baseload,EPIAS_VEP_daily_reference_price
2024-12-16,EBM0125,2316.26,2025,1,2025-01,monthly_baseload,EPIAS_VEP_daily_reference_price
2024-12-16,EBM0225,2333.88,2025,2,2025-02,monthly_baseload,EPIAS_VEP_daily_reference_price
2024-12-16,EBM0325,2534.8,2025,3,2025-03,monthly_baseload,EPIAS_VEP_daily_reference_price
2024-12-16,EBM0425,1963.28,2025,4,2025-04,monthly_baseload,EPIAS_VEP_daily_reference_price
2024-12-16,EBM0525,2278.55,2025,5,2025-05,monthly_baseload,EPIAS_VEP_daily_reference_price
2024-12-16,EBM0625,2331.88,2025,6,2025-06,monthly_baseload,EPIAS_VEP_daily_reference_price
2024-12-17,EBM0125,2316.26,2025,1,2025-01,monthly_baseload,EPIAS_VEP_daily_reference_price
2024-12-17,EBM0225,2333.88,2025,2,2025-02,monthly_baseload,EPIAS_VEP_daily_reference_price
2024-12-17,EBM0325,2534.8,2025,3,2025-03,monthly_baseload,EPIAS_VEP_daily_reference_price
2024-12-17,EBM0425,1963.28,2025,4,2025-04,monthly_baseload,EPIAS_VEP_daily_reference_price
2024-12-17,EBM0525,2278.55,2025,5,2025-05,monthly_baseload,EPIAS_VEP_daily_reference_price
2024-12-17,EBM0625,2331.88,2025,6,2025-06,monthly_baseload,EPIAS_VEP_daily_reference_price
2024-12-18,EBM0125,2316.26,2025,1,2025-01,monthly_baseload,EPIAS_VEP_daily_reference_price
2024-12-18,EBM0225,2333.88,2025,2,2025-02,monthly_baseload,EPIAS_VEP_daily_reference_price
2024-12-18,EBM0325,2534.8,2025,3,2025-03,monthly_baseload,EPIAS_VEP_daily_reference_price
2024-12-18,EBM0425,1963.28,2025,4,2025-04,monthly_baseload,EPIAS_VEP_daily_reference_price
2024-12-18,EBM0525,2278.55,2025,5,2025-05,monthly_baseload,EPIAS_VEP_daily_reference_price
2024-12-18,EBM0625,2331.88,2025,6,2025-06,monthly_baseload,EPIAS_VEP_daily_reference_price
2024-12-19,EBM0125,2316.26,2025,1,2025-01,monthly_baseload,EPIAS_VEP_daily_reference_price
2024-12-19,EBM0225,2333.88,2025,2,2025-02,monthly_baseload,EPIAS_VEP_daily_reference_price
2024-12-19,EBM0325,2534.8,2025,3,2025-03,monthly_baseload,EPIAS_VEP_daily_reference_price
2024-12-19,EBM0425,1963.28,2025,4,2025-04,monthly_baseload,EPIAS_VEP_daily_reference_price
2024-12-19,EBM0525,2278.55,2025,5,2025-05,monthly_baseload,EPIAS_VEP_daily_reference_price
2024-12-19,EBM0625,2331.88,2025,6,2025-06,monthly_baseload,EPIAS_VEP_daily_reference_price
2024-12-20,EBM0125,2316.26,2025,1,2025-01,monthly_baseload,EPIAS_VEP_daily_reference_price
2024-12-20,EBM0225,2333.88,2025,2,2025-02,monthly_baseload,EPIAS_VEP_daily_reference_price
2024-12-20,EBM0325,2534.8,2025,3,2025-03,monthly_baseload,EPIAS_VEP_daily_reference_price
2024-12-20,EBM0425,1963.28,2025,4,2025-04,monthly_baseload,EPIAS_VEP_daily_reference_price
2024-12-20,EBM0525,2278.55,2025,5,2025-05,monthly_baseload,EPIAS_VEP_daily_reference_price
2024-12-20,EBM0625,2331.88,2025,6,2025-06,monthly_baseload,EPIAS_VEP_daily_reference_price
2024-12-23,EBM0125,2316.26,2025,1,2025-01,monthly_baseload,EPIAS_VEP_daily_reference_price
2024-12-23,EBM0225,2333.88,2025,2,2025-02,monthly_baseload,EPIAS_VEP_daily_reference_price
2024-12-23,EBM0325,2534.8,2025,3,2025-03,monthly_baseload,EPIAS_VEP_daily_reference_price
2024-12-23,EBM0425,1963.28,2025,4,2025-04,monthly_baseload,EPIAS_VEP_daily_reference_price
2024-12-23,EBM0525,2278.55,2025,5,2025-05,monthly_baseload,EPIAS_VEP_daily_reference_price
2024-12-23,EBM0625,2331.88,2025,6,2025-06,monthly_baseload,EPIAS_VEP_daily_reference_price
2024-12-24,EBM0125,2316.26,2025,1,2025-01,monthly_baseload,EPIAS_VEP_daily_reference_price
2024-12-24,EBM0225,2333.88,2025,2,2025-02,monthly_baseload,EPIAS_VEP_daily_reference_price
2024-12-24,EBM0325,2534.8,2025,3,2025-03,monthly_baseload,EPIAS_VEP_daily_reference_price
2024-12-24,EBM0425,1963.28,2025,4,2025-04,monthly_baseload,EPIAS_VEP_daily_reference_price
2024-12-24,EBM0525,2278.55,2025,5,2025-05,monthly_baseload,EPIAS_VEP_daily_reference_price
2024-12-24,EBM0625,2331.88,2025,6,2025-06,monthly_baseload,EPIAS_VEP_daily_reference_price
2024-12-25,EBM0125,2316.26,2025,1,2025-01,monthly_baseload,EPIAS_VEP_daily_reference_price
2024-12-25,EBM0225,2333.88,2025,2,2025-02,monthly_baseload,EPIAS_VEP_daily_reference_price
2024-12-25,EBM0325,2534.8,2025,3,2025-03,monthly_baseload,EPIAS_VEP_daily_reference_price
2024-12-25,EBM0425,1963.28,2025,4,2025-04,monthly_baseload,EPIAS_VEP_daily_reference_price
2024-12-25,EBM0525,2278.55,2025,5,2025-05,monthly_baseload,EPIAS_VEP_daily_reference_price
2024-12-25,EBM0625,2331.88,2025,6,2025-06,monthly_baseload,EPIAS_VEP_daily_reference_price
2024-12-26,EBM0125,2316.26,2025,1,2025-01,monthly_baseload,EPIAS_VEP_daily_reference_price
2024-12-26,EBM0225,2333.88,2025,2,2025-02,monthly_baseload,EPIAS_VEP_daily_reference_price
2024-12-26,EBM0325,2534.8,2025,3,2025-03,monthly_baseload,EPIAS_VEP_daily_reference_price
2024-12-26,EBM0425,1963.28,2025,4,2025-04,monthly_baseload,EPIAS_VEP_daily_reference_price
2024-12-26,EBM0525,2278.55,2025,5,2025-05,monthly_baseload,EPIAS_VEP_daily_reference_price
2024-12-26,EBM0625,2331.88,2025,6,2025-06,monthly_baseload,EPIAS_VEP_daily_reference_price
2024-12-27,EBM0125,2316.26,2025,1,2025-01,monthly_baseload,EPIAS_VEP_daily_reference_price
2024-12-27,EBM0225,2333.88,2025,2,2025-02,monthly_baseload,EPIAS_VEP_daily_reference_price
2024-12-27,EBM0325,2534.8,2025,3,2025-03,monthly_baseload,EPIAS_VEP_daily_reference_price
2024-12-27,EBM0425,1963.28,2025,4,2025-04,monthly_baseload,EPIAS_VEP_daily_reference_price
2024-12-27,EBM0525,2278.55,2025,5,2025-05,monthly_baseload,EPIAS_VEP_daily_reference_price
2024-12-27,EBM0625,2331.88,2025,6,2025-06,monthly_baseload,EPIAS_VEP_daily_reference_price
2024-12-30,EBM0225,2333.88,2025,2,2025-02,monthly_baseload,EPIAS_VEP_daily_reference_price
2024-12-30,EBM0325,2534.8,2025,3,2025-03,monthly_baseload,EPIAS_VEP_daily_reference_price
2024-12-30,EBM0425,1963.28,2025,4,2025-04,monthly_baseload,EPIAS_VEP_daily_reference_price
2024-12-30,EBM0525,2278.55,2025,5,2025-05,monthly_baseload,EPIAS_VEP_daily_reference_price
2024-12-30,EBM0625,2331.88,2025,6,2025-06,monthly_baseload,EPIAS_VEP_daily_reference_price
2024-12-30,EBM0725,2588.83,2025,7,2025-07,monthly_baseload,EPIAS_VEP_daily_reference_price
2024-12-31,EBM0225,2333.88,2025,2,2025-02,monthly_baseload,EPIAS_VEP_daily_reference_price
2024-12-31,EBM0325,2534.8,2025,3,2025-03,monthly_baseload,EPIAS_VEP_daily_reference_price
2024-12-31,EBM0425,1963.28,2025,4,2025-04,monthly_baseload,EPIAS_VEP_daily_reference_price
2024-12-31,EBM0525,2278.55,2025,5,2025-05,monthly_baseload,EPIAS_VEP_daily_reference_price
2024-12-31,EBM0625,2331.88,2025,6,2025-06,monthly_baseload,EPIAS_VEP_daily_reference_price
2024-12-31,EBM0725,2588.83,2025,7,2025-07,monthly_baseload,EPIAS_VEP_daily_reference_price
2025-01-02,EBM0225,2333.88,2025,2,2025-02,monthly_baseload,EPIAS_VEP_daily_reference_price
2025-01-02,EBM0325,2534.8,2025,3,2025-03,monthly_baseload,EPIAS_VEP_daily_reference_price
2025-01-02,EBM0425,1963.28,2025,4,2025-04,monthly_baseload,EPIAS_VEP_daily_reference_price
2025-01-02,EBM0525,2278.55,2025,5,2025-05,monthly_baseload,EPIAS_VEP_daily_reference_price
2025-01-02,EBM0625,2331.88,2025,6,2025-06,monthly_baseload,EPIAS_VEP_daily_reference_price
2025-01-02,EBM0725,2588.83,2025,7,2025-07,monthly_baseload,EPIAS_VEP_daily_reference_price
2025-01-03,EBM0225,2333.88,2025,2,2025-02,monthly_baseload,EPIAS_VEP_daily_reference_price
2025-01-03,EBM0325,2534.8,2025,3,2025-03,monthly_baseload,EPIAS_VEP_daily_reference_price
2025-01-03,EBM0425,1963.28,2025,4,2025-04,monthly_baseload,EPIAS_VEP_daily_reference_price
2025-01-03,EBM0525,2278.55,2025,5,2025-05,monthly_baseload,EPIAS_VEP_daily_reference_price
2025-01-03,EBM0625,2331.88,2025,6,2025-06,monthly_baseload,EPIAS_VEP_daily_reference_price
2025-01-03,EBM0725,2588.83,2025,7,2025-07,monthly_baseload,EPIAS_VEP_daily_reference_price
2025-01-06,EBM0225,2333.88,2025,2,2025-02,monthly_baseload,EPIAS_VEP_daily_reference_price
2025-01-06,EBM0325,2534.8,2025,3,2025-03,monthly_baseload,EPIAS_VEP_daily_reference_price
2025-01-06,EBM0425,1963.28,2025,4,2025-04,monthly_baseload,EPIAS_VEP_daily_reference_price
2025-01-06,EBM0525,2278.55,2025,5,2025-05,monthly_baseload,EPIAS_VEP_daily_reference_price
2025-01-06,EBM0625,2331.88,2025,6,2025-06,monthly_baseload,EPIAS_VEP_daily_reference_price
2025-01-06,EBM0725,2588.83,2025,7,2025-07,monthly_baseload,EPIAS_VEP_daily_reference_price
2025-01-07,EBM0225,2333.88,2025,2,2025-02,monthly_baseload,EPIAS_VEP_daily_reference_price
2025-01-07,EBM0325,2534.8,2025,3,2025-03,monthly_baseload,EPIAS_VEP_daily_reference_price
2025-01-07,EBM0425,1963.28,2025,4,2025-04,monthly_baseload,EPIAS_VEP_daily_reference_price
2025-01-07,EBM0525,2278.55,2025,5,2025-05,monthly_baseload,EPIAS_VEP_daily_reference_price
2025-01-07,EBM0625,2331.88,2025,6,2025-06,monthly_baseload,EPIAS_VEP_daily_reference_price
2025-01-07,EBM0725,2588.83,2025,7,2025-07,monthly_baseload,EPIAS_VEP_daily_reference_price
2025-01-08,EBM0225,2333.88,2025,2,2025-02,monthly_baseload,EPIAS_VEP_daily_reference_price
2025-01-08,EBM0325,2534.8,2025,3,2025-03,monthly_baseload,EPIAS_VEP_daily_reference_price
2025-01-08,EBM0425,1963.28,2025,4,2025-04,monthly_baseload,EPIAS_VEP_daily_reference_price
2025-01-08,EBM0525,2278.55,2025,5,2025-05,monthly_baseload,EPIAS_VEP_daily_reference_price
2025-01-08,EBM0625,2331.88,2025,6,2025-06,monthly_baseload,EPIAS_VEP_daily_reference_price
2025-01-08,EBM0725,2588.83,2025,7,2025-07,monthly_baseload,EPIAS_VEP_daily_reference_price
2025-01-09,EBM0225,2333.88,2025,2,2025-02,monthly_baseload,EPIAS_VEP_daily_reference_price
2025-01-09,EBM0325,2534.8,2025,3,2025-03,monthly_baseload,EPIAS_VEP_daily_reference_price
2025-01-09,EBM0425,1963.28,2025,4,2025-04,monthly_baseload,EPIAS_VEP_daily_reference_price
2025-01-09,EBM0525,2278.55,2025,5,2025-05,monthly_baseload,EPIAS_VEP_daily_reference_price
2025-01-09,EBM0625,2331.88,2025,6,2025-06,monthly_baseload,EPIAS_VEP_daily_reference_price
2025-01-09,EBM0725,2588.83,2025,7,2025-07,monthly_baseload,EPIAS_VEP_daily_reference_price
2025-01-10,EBM0225,2333.88,2025,2,2025-02,monthly_baseload,EPIAS_VEP_daily_reference_price
2025-01-10,EBM0325,2534.8,2025,3,2025-03,monthly_baseload,EPIAS_VEP_daily_reference_price
2025-01-10,EBM0425,1963.28,2025,4,2025-04,monthly_baseload,EPIAS_VEP_daily_reference_price
2025-01-10,EBM0525,2278.55,2025,5,2025-05,monthly_baseload,EPIAS_VEP_daily_reference_price
2025-01-10,EBM0625,2331.88,2025,6,2025-06,monthly_baseload,EPIAS_VEP_daily_reference_price
2025-01-10,EBM0725,2588.83,2025,7,2025-07,monthly_baseload,EPIAS_VEP_daily_reference_price
2025-01-13,EBM0225,2333.88,2025,2,2025-02,monthly_baseload,EPIAS_VEP_daily_reference_price
2025-01-13,EBM0325,2534.8,2025,3,2025-03,monthly_baseload,EPIAS_VEP_daily_reference_price
2025-01-13,EBM0425,1963.28,2025,4,2025-04,monthly_baseload,EPIAS_VEP_daily_reference_price
2025-01-13,EBM0525,2278.55,2025,5,2025-05,monthly_baseload,EPIAS_VEP_daily_reference_price
2025-01-13,EBM0625,2331.88,2025,6,2025-06,monthly_baseload,EPIAS_VEP_daily_reference_price
2025-01-13,EBM0725,2588.83,2025,7,2025-07,monthly_baseload,EPIAS_VEP_daily_reference_price
2025-01-14,EBM0225,2333.88,2025,2,2025-02,monthly_baseload,EPIAS_VEP_daily_reference_price
2025-01-14,EBM0325,2534.8,2025,3,2025-03,monthly_baseload,EPIAS_VEP_daily_reference_price
2025-01-14,EBM0425,1963.28,2025,4,2025-04,monthly_baseload,EPIAS_VEP_daily_reference_price
2025-01-14,EBM0525,2278.55,2025,5,2025-05,monthly_baseload,EPIAS_VEP_daily_reference_price
2025-01-14,EBM0625,2331.88,2025,6,2025-06,monthly_baseload,EPIAS_VEP_daily_reference_price
2025-01-14,EBM0725,2588.83,2025,7,2025-07,monthly_baseload,EPIAS_VEP_daily_reference_price
2025-01-15,EBM0225,2333.88,2025,2,2025-02,monthly_baseload,EPIAS_VEP_daily_reference_price
2025-01-15,EBM0325,2534.8,2025,3,2025-03,monthly_baseload,EPIAS_VEP_daily_reference_price
2025-01-15,EBM0425,1963.28,2025,4,2025-04,monthly_baseload,EPIAS_VEP_daily_reference_price
2025-01-15,EBM0525,2278.55,2025,5,2025-05,monthly_baseload,EPIAS_VEP_daily_reference_price
2025-01-15,EBM0625,2331.88,2025,6,2025-06,monthly_baseload,EPIAS_VEP_daily_reference_price
2025-01-15,EBM0725,2588.83,2025,7,2025-07,monthly_baseload,EPIAS_VEP_daily_reference_price
2025-01-16,EBM0225,2333.88,2025,2,2025-02,monthly_baseload,EPIAS_VEP_daily_reference_price
2025-01-16,EBM0325,2534.8,2025,3,2025-03,monthly_baseload,EPIAS_VEP_daily_reference_price
2025-01-16,EBM0425,1963.28,2025,4,2025-04,monthly_baseload,EPIAS_VEP_daily_reference_price
2025-01-16,EBM0525,2278.55,2025,5,2025-05,monthly_baseload,EPIAS_VEP_daily_reference_price
2025-01-16,EBM0625,2331.88,2025,6,2025-06,monthly_baseload,EPIAS_VEP_daily_reference_price
2025-01-16,EBM0725,2588.83,2025,7,2025-07,monthly_baseload,EPIAS_VEP_daily_reference_price
2025-01-17,EBM0225,2333.88,2025,2,2025-02,monthly_baseload,EPIAS_VEP_daily_reference_price
2025-01-17,EBM0325,2534.8,2025,3,2025-03,monthly_baseload,EPIAS_VEP_daily_reference_price
2025-01-17,EBM0425,1963.28,2025,4,2025-04,monthly_baseload,EPIAS_VEP_daily_reference_price
2025-01-17,EBM0525,2278.55,2025,5,2025-05,monthly_baseload,EPIAS_VEP_daily_reference_price
2025-01-17,EBM0625,2331.88,2025,6,2025-06,monthly_baseload,EPIAS_VEP_daily_reference_price
2025-01-17,EBM0725,2588.83,2025,7,2025-07,monthly_baseload,EPIAS_VEP_daily_reference_price
2025-01-20,EBM0225,2333.88,2025,2,2025-02,monthly_baseload,EPIAS_VEP_daily_reference_price
2025-01-20,EBM0325,2534.8,2025,3,2025-03,monthly_baseload,EPIAS_VEP_daily_reference_price
2025-01-20,EBM0425,1963.28,2025,4,2025-04,monthly_baseload,EPIAS_VEP_daily_reference_price
2025-01-20,EBM0525,2278.55,2025,5,2025-05,monthly_baseload,EPIAS_VEP_daily_reference_price
2025-01-20,EBM0625,2331.88,2025,6,2025-06,monthly_baseload,EPIAS_VEP_daily_reference_price
2025-01-20,EBM0725,2588.83,2025,7,2025-07,monthly_baseload,EPIAS_VEP_daily_reference_price
2025-01-21,EBM0225,2333.88,2025,2,2025-02,monthly_baseload,EPIAS_VEP_daily_reference_price
2025-01-21,EBM0325,2534.8,2025,3,2025-03,monthly_baseload,EPIAS_VEP_daily_reference_price
2025-01-21,EBM0425,1963.28,2025,4,2025-04,monthly_baseload,EPIAS_VEP_daily_reference_price
2025-01-21,EBM0525,2278.55,2025,5,2025-05,monthly_baseload,EPIAS_VEP_daily_reference_price
2025-01-21,EBM0625,2331.88,2025,6,2025-06,monthly_baseload,EPIAS_VEP_daily_reference_price
2025-01-21,EBM0725,2588.83,2025,7,2025-07,monthly_baseload,EPIAS_VEP_daily_reference_price
2025-01-22,EBM0225,2333.88,2025,2,2025-02,monthly_baseload,EPIAS_VEP_daily_reference_price
2025-01-22,EBM0325,2534.8,2025,3,2025-03,monthly_baseload,EPIAS_VEP_daily_reference_price
2025-01-22,EBM0425,1963.28,2025,4,2025-04,monthly_baseload,EPIAS_VEP_daily_reference_price
2025-01-22,EBM0525,2278.55,2025,5,2025-05,monthly_baseload,EPIAS_VEP_daily_reference_price
2025-01-22,EBM0625,2331.88,2025,6,2025-06,monthly_baseload,EPIAS_VEP_daily_reference_price
2025-01-22,EBM0725,2588.83,2025,7,2025-07,monthly_baseload,EPIAS_VEP_daily_reference_price
2025-01-23,EBM0225,2333.88,2025,2,2025-02,monthly_baseload,EPIAS_VEP_daily_reference_price
2025-01-23,EBM0325,2534.8,2025,3,2025-03,monthly_baseload,EPIAS_VEP_daily_reference_price
2025-01-23,EBM0425,1963.28,2025,4,2025-04,monthly_baseload,EPIAS_VEP_daily_reference_price
2025-01-23,EBM0525,2278.55,2025,5,2025-05,monthly_baseload,EPIAS_VEP_daily_reference_price
2025-01-23,EBM0625,2331.88,2025,6,2025-06,monthly_baseload,EPIAS_VEP_daily_reference_price
2025-01-23,EBM0725,2588.83,2025,7,2025-07,monthly_baseload,EPIAS_VEP_daily_reference_price
2025-01-24,EBM0225,2333.88,2025,2,2025-02,monthly_baseload,EPIAS_VEP_daily_reference_price
2025-01-24,EBM0325,2534.8,2025,3,2025-03,monthly_baseload,EPIAS_VEP_daily_reference_price
2025-01-24,EBM0425,1963.28,2025,4,2025-04,monthly_baseload,EPIAS_VEP_daily_reference_price
2025-01-24,EBM0525,2278.55,2025,5,2025-05,monthly_baseload,EPIAS_VEP_daily_reference_price
2025-01-24,EBM0625,2331.88,2025,6,2025-06,monthly_baseload,EPIAS_VEP_daily_reference_price
2025-01-24,EBM0725,2588.83,2025,7,2025-07,monthly_baseload,EPIAS_VEP_daily_reference_price
2025-01-27,EBM0225,2333.88,2025,2,2025-02,monthly_baseload,EPIAS_VEP_daily_reference_price
2025-01-27,EBM0325,2534.8,2025,3,2025-03,monthly_baseload,EPIAS_VEP_daily_reference_price
2025-01-27,EBM0425,1963.28,2025,4,2025-04,monthly_baseload,EPIAS_VEP_daily_reference_price
2025-01-27,EBM0525,2278.55,2025,5,2025-05,monthly_baseload,EPIAS_VEP_daily_reference_price
2025-01-27,EBM0625,2331.88,2025,6,2025-06,monthly_baseload,EPIAS_VEP_daily_reference_price
2025-01-27,EBM0725,2588.83,2025,7,2025-07,monthly_baseload,EPIAS_VEP_daily_reference_price
2025-01-28,EBM0225,2333.88,2025,2,2025-02,monthly_baseload,EPIAS_VEP_daily_reference_price
2025-01-28,EBM0325,2534.8,2025,3,2025-03,monthly_baseload,EPIAS_VEP_daily_reference_price
2025-01-28,EBM0425,1963.28,2025,4,2025-04,monthly_baseload,EPIAS_VEP_daily_reference_price
2025-01-28,EBM0525,2278.55,2025,5,2025-05,monthly_baseload,EPIAS_VEP_daily_reference_price
2025-01-28,EBM0625,2331.88,2025,6,2025-06,monthly_baseload,EPIAS_VEP_daily_reference_price
2025-01-28,EBM0725,2588.83,2025,7,2025-07,monthly_baseload,EPIAS_VEP_daily_reference_price
2025-01-29,EBM0225,2333.88,2025,2,2025-02,monthly_baseload,EPIAS_VEP_daily_reference_price
2025-01-29,EBM0325,2534.8,2025,3,2025-03,monthly_baseload,EPIAS_VEP_daily_reference_price
2025-01-29,EBM0425,1963.28,2025,4,2025-04,monthly_baseload,EPIAS_VEP_daily_reference_price
2025-01-29,EBM0525,2278.55,2025,5,2025-05,monthly_baseload,EPIAS_VEP_daily_reference_price
2025-01-29,EBM0625,2331.88,2025,6,2025-06,monthly_baseload,EPIAS_VEP_daily_reference_price
2025-01-29,EBM0725,2588.83,2025,7,2025-07,monthly_baseload,EPIAS_VEP_daily_reference_price
2025-01-30,EBM0325,2534.8,2025,3,2025-03,monthly_baseload,EPIAS_VEP_daily_reference_price
2025-01-30,EBM0425,1963.28,2025,4,2025-04,monthly_baseload,EPIAS_VEP_daily_reference_price
2025-01-30,EBM0525,2278.55,2025,5,2025-05,monthly_baseload,EPIAS_VEP_daily_reference_price
2025-01-30,EBM0625,2331.88,2025,6,2025-06,monthly_baseload,EPIAS_VEP_daily_reference_price
2025-01-30,EBM0725,2588.83,2025,7,2025-07,monthly_baseload,EPIAS_VEP_daily_reference_price
2025-01-30,EBM0825,2574.15,2025,8,2025-08,monthly_baseload,EPIAS_VEP_daily_reference_price
2025-01-31,EBM0325,2534.8,2025,3,2025-03,monthly_baseload,EPIAS_VEP_daily_reference_price
2025-01-31,EBM0425,1963.28,2025,4,2025-04,monthly_baseload,EPIAS_VEP_daily_reference_price
2025-01-31,EBM0525,2278.55,2025,5,2025-05,monthly_baseload,EPIAS_VEP_daily_reference_price
2025-01-31,EBM0625,2331.88,2025,6,2025-06,monthly_baseload,EPIAS_VEP_daily_reference_price
2025-01-31,EBM0725,2588.83,2025,7,2025-07,monthly_baseload,EPIAS_VEP_daily_reference_price
2025-01-31,EBM0825,2574.15,2025,8,2025-08,monthly_baseload,EPIAS_VEP_daily_reference_price
2025-02-03,EBM0325,2534.8,2025,3,2025-03,monthly_baseload,EPIAS_VEP_daily_reference_price
2025-02-03,EBM0425,1963.28,2025,4,2025-04,monthly_baseload,EPIAS_VEP_daily_reference_price
2025-02-03,EBM0525,2278.55,2025,5,2025-05,monthly_baseload,EPIAS_VEP_daily_reference_price
2025-02-03,EBM0625,2331.88,2025,6,2025-06,monthly_baseload,EPIAS_VEP_daily_reference_price
2025-02-03,EBM0725,2588.83,2025,7,2025-07,monthly_baseload,EPIAS_VEP_daily_reference_price
2025-02-03,EBM0825,2574.15,2025,8,2025-08,monthly_baseload,EPIAS_VEP_daily_reference_price
2025-02-04,EBM0325,2534.8,2025,3,2025-03,monthly_baseload,EPIAS_VEP_daily_reference_price
2025-02-04,EBM0425,1963.28,2025,4,2025-04,monthly_baseload,EPIAS_VEP_daily_reference_price
2025-02-04,EBM0525,2278.55,2025,5,2025-05,monthly_baseload,EPIAS_VEP_daily_reference_price
2025-02-04,EBM0625,2331.88,2025,6,2025-06,monthly_baseload,EPIAS_VEP_daily_reference_price
2025-02-04,EBM0725,2588.83,2025,7,2025-07,monthly_baseload,EPIAS_VEP_daily_reference_price
2025-02-04,EBM0825,2574.15,2025,8,2025-08,monthly_baseload,EPIAS_VEP_daily_reference_price
2025-02-05,EBM0325,2534.8,2025,3,2025-03,monthly_baseload,EPIAS_VEP_daily_reference_price
2025-02-05,EBM0425,1963.28,2025,4,2025-04,monthly_baseload,EPIAS_VEP_daily_reference_price
2025-02-05,EBM0525,2278.55,2025,5,2025-05,monthly_baseload,EPIAS_VEP_daily_reference_price
2025-02-05,EBM0625,2331.88,2025,6,2025-06,monthly_baseload,EPIAS_VEP_daily_reference_price
2025-02-05,EBM0725,2588.83,2025,7,2025-07,monthly_baseload,EPIAS_VEP_daily_reference_price
2025-02-05,EBM0825,2574.15,2025,8,2025-08,monthly_baseload,EPIAS_VEP_daily_reference_price
2025-02-06,EBM0325,2534.8,2025,3,2025-03,monthly_baseload,EPIAS_VEP_daily_reference_price
2025-02-06,EBM0425,1963.28,2025,4,2025-04,monthly_baseload,EPIAS_VEP_daily_reference_price
2025-02-06,EBM0525,2278.55,2025,5,2025-05,monthly_baseload,EPIAS_VEP_daily_reference_price
2025-02-06,EBM0625,2331.88,2025,6,2025-06,monthly_baseload,EPIAS_VEP_daily_reference_price
2025-02-06,EBM0725,2588.83,2025,7,2025-07,monthly_baseload,EPIAS_VEP_daily_reference_price
2025-02-06,EBM0825,2574.15,2025,8,2025-08,monthly_baseload,EPIAS_VEP_daily_reference_price
2025-02-07,EBM0325,2534.8,2025,3,2025-03,monthly_baseload,EPIAS_VEP_daily_reference_price
2025-02-07,EBM0425,1963.28,2025,4,2025-04,monthly_baseload,EPIAS_VEP_daily_reference_price
2025-02-07,EBM0525,2278.55,2025,5,2025-05,monthly_baseload,EPIAS_VEP_daily_reference_price
2025-02-07,EBM0625,2331.88,2025,6,2025-06,monthly_baseload,EPIAS_VEP_daily_reference_price
2025-02-07,EBM0725,2588.83,2025,7,2025-07,monthly_baseload,EPIAS_VEP_daily_reference_price
2025-02-07,EBM0825,2574.15,2025,8,2025-08,monthly_baseload,EPIAS_VEP_daily_reference_price
2025-02-10,EBM0325,2534.8,2025,3,2025-03,monthly_baseload,EPIAS_VEP_daily_reference_price
2025-02-10,EBM0425,1963.28,2025,4,2025-04,monthly_baseload,EPIAS_VEP_daily_reference_price
2025-02-10,EBM0525,2278.55,2025,5,2025-05,monthly_baseload,EPIAS_VEP_daily_reference_price
2025-02-10,EBM0625,2331.88,2025,6,2025-06,monthly_baseload,EPIAS_VEP_daily_reference_price
2025-02-10,EBM0725,2588.83,2025,7,2025-07,monthly_baseload,EPIAS_VEP_daily_reference_price
2025-02-10,EBM0825,2574.15,2025,8,2025-08,monthly_baseload,EPIAS_VEP_daily_reference_price
2025-02-11,EBM0325,2534.8,2025,3,2025-03,monthly_baseload,EPIAS_VEP_daily_reference_price
2025-02-11,EBM0425,1963.28,2025,4,2025-04,monthly_baseload,EPIAS_VEP_daily_reference_price
2025-02-11,EBM0525,2278.55,2025,5,2025-05,monthly_baseload,EPIAS_VEP_daily_reference_price
2025-02-11,EBM0625,2331.88,2025,6,2025-06,monthly_baseload,EPIAS_VEP_daily_reference_price
2025-02-11,EBM0725,2588.83,2025,7,2025-07,monthly_baseload,EPIAS_VEP_daily_reference_price
2025-02-11,EBM0825,2574.15,2025,8,2025-08,monthly_baseload,EPIAS_VEP_daily_reference_price
2025-02-12,EBM0325,2534.8,2025,3,2025-03,monthly_baseload,EPIAS_VEP_daily_reference_price
2025-02-12,EBM0425,1963.28,2025,4,2025-04,monthly_baseload,EPIAS_VEP_daily_reference_price
2025-02-12,EBM0525,2278.55,2025,5,2025-05,monthly_baseload,EPIAS_VEP_daily_reference_price
2025-02-12,EBM0625,2331.88,2025,6,2025-06,monthly_baseload,EPIAS_VEP_daily_reference_price
2025-02-12,EBM0725,2588.83,2025,7,2025-07,monthly_baseload,EPIAS_VEP_daily_reference_price
2025-02-12,EBM0825,2574.15,2025,8,2025-08,monthly_baseload,EPIAS_VEP_daily_reference_price
2025-02-13,EBM0325,2534.8,2025,3,2025-03,monthly_baseload,EPIAS_VEP_daily_reference_price
2025-02-13,EBM0425,1963.28,2025,4,2025-04,monthly_baseload,EPIAS_VEP_daily_reference_price
2025-02-13,EBM0525,2278.55,2025,5,2025-05,monthly_baseload,EPIAS_VEP_daily_reference_price
2025-02-13,EBM0625,2331.88,2025,6,2025-06,monthly_baseload,EPIAS_VEP_daily_reference_price
2025-02-13,EBM0725,2588.83,2025,7,2025-07,monthly_baseload,EPIAS_VEP_daily_reference_price
2025-02-13,EBM0825,2574.15,2025,8,2025-08,monthly_baseload,EPIAS_VEP_daily_reference_price
2025-02-14,EBM0325,2534.8,2025,3,2025-03,monthly_baseload,EPIAS_VEP_daily_reference_price
2025-02-14,EBM0425,1963.28,2025,4,2025-04,monthly_baseload,EPIAS_VEP_daily_reference_price
2025-02-14,EBM0525,2278.55,2025,5,2025-05,monthly_baseload,EPIAS_VEP_daily_reference_price
2025-02-14,EBM0625,2331.88,2025,6,2025-06,monthly_baseload,EPIAS_VEP_daily_reference_price
2025-02-14,EBM0725,2588.83,2025,7,2025-07,monthly_baseload,EPIAS_VEP_daily_reference_price
2025-02-14,EBM0825,2574.15,2025,8,2025-08,monthly_baseload,EPIAS_VEP_daily_reference_price
2025-02-17,EBM0325,2534.8,2025,3,2025-03,monthly_baseload,EPIAS_VEP_daily_reference_price
2025-02-17,EBM0425,1963.28,2025,4,2025-04,monthly_baseload,EPIAS_VEP_daily_reference_price
2025-02-17,EBM0525,2278.55,2025,5,2025-05,monthly_baseload,EPIAS_VEP_daily_reference_price
2025-02-17,EBM0625,2331.88,2025,6,2025-06,monthly_baseload,EPIAS_VEP_daily_reference_price
2025-02-17,EBM0725,2588.83,2025,7,2025-07,monthly_baseload,EPIAS_VEP_daily_reference_price
2025-02-17,EBM0825,2574.15,2025,8,2025-08,monthly_baseload,EPIAS_VEP_daily_reference_price
2025-02-18,EBM0325,2534.8,2025,3,2025-03,monthly_baseload,EPIAS_VEP_daily_reference_price
2025-02-18,EBM0425,1963.28,2025,4,2025-04,monthly_baseload,EPIAS_VEP_daily_reference_price
2025-02-18,EBM0525,2278.55,2025,5,2025-05,monthly_baseload,EPIAS_VEP_daily_reference_price
2025-02-18,EBM0625,2331.88,2025,6,2025-06,monthly_baseload,EPIAS_VEP_daily_reference_price
2025-02-18,EBM0725,2588.83,2025,7,2025-07,monthly_baseload,EPIAS_VEP_daily_reference_price
2025-02-18,EBM0825,2574.15,2025,8,2025-08,monthly_baseload,EPIAS_VEP_daily_reference_price
2025-02-19,EBM0325,2534.8,2025,3,2025-03,monthly_baseload,EPIAS_VEP_daily_reference_price
2025-02-19,EBM0425,1963.28,2025,4,2025-04,monthly_baseload,EPIAS_VEP_daily_reference_price
2025-02-19,EBM0525,2278.55,2025,5,2025-05,monthly_baseload,EPIAS_VEP_daily_reference_price
2025-02-19,EBM0625,2331.88,2025,6,2025-06,monthly_baseload,EPIAS_VEP_daily_reference_price
2025-02-19,EBM0725,2588.83,2025,7,2025-07,monthly_baseload,EPIAS_VEP_daily_reference_price
2025-02-19,EBM0825,2574.15,2025,8,2025-08,monthly_baseload,EPIAS_VEP_daily_reference_price
2025-02-20,EBM0325,2534.8,2025,3,2025-03,monthly_baseload,EPIAS_VEP_daily_reference_price
2025-02-20,EBM0425,1963.28,2025,4,2025-04,monthly_baseload,EPIAS_VEP_daily_reference_price
2025-02-20,EBM0525,2278.55,2025,5,2025-05,monthly_baseload,EPIAS_VEP_daily_reference_price
2025-02-20,EBM0625,2331.88,2025,6,2025-06,monthly_baseload,EPIAS_VEP_daily_reference_price
2025-02-20,EBM0725,2588.83,2025,7,2025-07,monthly_baseload,EPIAS_VEP_daily_reference_price
2025-02-20,EBM0825,2574.15,2025,8,2025-08,monthly_baseload,EPIAS_VEP_daily_reference_price
2025-02-21,EBM0325,2534.8,2025,3,2025-03,monthly_baseload,EPIAS_VEP_daily_reference_price
2025-02-21,EBM0425,1963.28,2025,4,2025-04,monthly_baseload,EPIAS_VEP_daily_reference_price
2025-02-21,EBM0525,2278.55,2025,5,2025-05,monthly_baseload,EPIAS_VEP_daily_reference_price
2025-02-21,EBM0625,2331.88,2025,6,2025-06,monthly_baseload,EPIAS_VEP_daily_reference_price
2025-02-21,EBM0725,2588.83,2025,7,2025-07,monthly_baseload,EPIAS_VEP_daily_reference_price
2025-02-21,EBM0825,2574.15,2025,8,2025-08,monthly_baseload,EPIAS_VEP_daily_reference_price
2025-02-24,EBM0325,2534.8,2025,3,2025-03,monthly_baseload,EPIAS_VEP_daily_reference_price
2025-02-24,EBM0425,1963.28,2025,4,2025-04,monthly_baseload,EPIAS_VEP_daily_reference_price
2025-02-24,EBM0525,2278.55,2025,5,2025-05,monthly_baseload,EPIAS_VEP_daily_reference_price
2025-02-24,EBM0625,2331.88,2025,6,2025-06,monthly_baseload,EPIAS_VEP_daily_reference_price
2025-02-24,EBM0725,2588.83,2025,7,2025-07,monthly_baseload,EPIAS_VEP_daily_reference_price
2025-02-24,EBM0825,2574.15,2025,8,2025-08,monthly_baseload,EPIAS_VEP_daily_reference_price
2025-02-25,EBM0325,2534.8,2025,3,2025-03,monthly_baseload,EPIAS_VEP_daily_reference_price
2025-02-25,EBM0425,1963.28,2025,4,2025-04,monthly_baseload,EPIAS_VEP_daily_reference_price
2025-02-25,EBM0525,2278.55,2025,5,2025-05,monthly_baseload,EPIAS_VEP_daily_reference_price
2025-02-25,EBM0625,2331.88,2025,6,2025-06,monthly_baseload,EPIAS_VEP_daily_reference_price
2025-02-25,EBM0725,2588.83,2025,7,2025-07,monthly_baseload,EPIAS_VEP_daily_reference_price
2025-02-25,EBM0825,2574.15,2025,8,2025-08,monthly_baseload,EPIAS_VEP_daily_reference_price
2025-02-26,EBM0325,2534.8,2025,3,2025-03,monthly_baseload,EPIAS_VEP_daily_reference_price
2025-02-26,EBM0425,1963.28,2025,4,2025-04,monthly_baseload,EPIAS_VEP_daily_reference_price
2025-02-26,EBM0525,2278.55,2025,5,2025-05,monthly_baseload,EPIAS_VEP_daily_reference_price
2025-02-26,EBM0625,2331.88,2025,6,2025-06,monthly_baseload,EPIAS_VEP_daily_reference_price
2025-02-26,EBM0725,2588.83,2025,7,2025-07,monthly_baseload,EPIAS_VEP_daily_reference_price
2025-02-26,EBM0825,2574.15,2025,8,2025-08,monthly_baseload,EPIAS_VEP_daily_reference_price
2025-02-27,EBM0425,1963.28,2025,4,2025-04,monthly_baseload,EPIAS_VEP_daily_reference_price
2025-02-27,EBM0525,2278.55,2025,5,2025-05,monthly_baseload,EPIAS_VEP_daily_reference_price
2025-02-27,EBM0625,2331.88,2025,6,2025-06,monthly_baseload,EPIAS_VEP_daily_reference_price
2025-02-27,EBM0725,2616.99,2025,7,2025-07,monthly_baseload,EPIAS_VEP_daily_reference_price
2025-02-27,EBM0825,2602.15,2025,8,2025-08,monthly_baseload,EPIAS_VEP_daily_reference_price
2025-02-27,EBM0925,2421.84,2025,9,2025-09,monthly_baseload,EPIAS_VEP_daily_reference_price
2025-02-28,EBM0425,1963.28,2025,4,2025-04,monthly_baseload,EPIAS_VEP_daily_reference_price
2025-02-28,EBM0525,2278.55,2025,5,2025-05,monthly_baseload,EPIAS_VEP_daily_reference_price
2025-02-28,EBM0625,2331.88,2025,6,2025-06,monthly_baseload,EPIAS_VEP_daily_reference_price
2025-02-28,EBM0725,2616.99,2025,7,2025-07,monthly_baseload,EPIAS_VEP_daily_reference_price
2025-02-28,EBM0825,2602.15,2025,8,2025-08,monthly_baseload,EPIAS_VEP_daily_reference_price
2025-02-28,EBM0925,2421.84,2025,9,2025-09,monthly_baseload,EPIAS_VEP_daily_reference_price
2025-03-03,EBM0425,1963.28,2025,4,2025-04,monthly_baseload,EPIAS_VEP_daily_reference_price
2025-03-03,EBM0525,2278.55,2025,5,2025-05,monthly_baseload,EPIAS_VEP_daily_reference_price
2025-03-03,EBM0625,2331.88,2025,6,2025-06,monthly_baseload,EPIAS_VEP_daily_reference_price
2025-03-03,EBM0725,2616.99,2025,7,2025-07,monthly_baseload,EPIAS_VEP_daily_reference_price
2025-03-03,EBM0825,2602.15,2025,8,2025-08,monthly_baseload,EPIAS_VEP_daily_reference_price
2025-03-03,EBM0925,2421.84,2025,9,2025-09,monthly_baseload,EPIAS_VEP_daily_reference_price
2025-03-04,EBM0425,1963.28,2025,4,2025-04,monthly_baseload,EPIAS_VEP_daily_reference_price
2025-03-04,EBM0525,2278.55,2025,5,2025-05,monthly_baseload,EPIAS_VEP_daily_reference_price
2025-03-04,EBM0625,2331.88,2025,6,2025-06,monthly_baseload,EPIAS_VEP_daily_reference_price
2025-03-04,EBM0725,2616.99,2025,7,2025-07,monthly_baseload,EPIAS_VEP_daily_reference_price
2025-03-04,EBM0825,2602.15,2025,8,2025-08,monthly_baseload,EPIAS_VEP_daily_reference_price
2025-03-04,EBM0925,2421.84,2025,9,2025-09,monthly_baseload,EPIAS_VEP_daily_reference_price
2025-03-05,EBM0425,1963.28,2025,4,2025-04,monthly_baseload,EPIAS_VEP_daily_reference_price
2025-03-05,EBM0525,2278.55,2025,5,2025-05,monthly_baseload,EPIAS_VEP_daily_reference_price
2025-03-05,EBM0625,2331.88,2025,6,2025-06,monthly_baseload,EPIAS_VEP_daily_reference_price
2025-03-05,EBM0725,2616.99,2025,7,2025-07,monthly_baseload,EPIAS_VEP_daily_reference_price
2025-03-05,EBM0825,2602.15,2025,8,2025-08,monthly_baseload,EPIAS_VEP_daily_reference_price
2025-03-05,EBM0925,2421.84,2025,9,2025-09,monthly_baseload,EPIAS_VEP_daily_reference_price
2025-03-06,EBM0425,1963.28,2025,4,2025-04,monthly_baseload,EPIAS_VEP_daily_reference_price
2025-03-06,EBM0525,2278.55,2025,5,2025-05,monthly_baseload,EPIAS_VEP_daily_reference_price
2025-03-06,EBM0625,2331.88,2025,6,2025-06,monthly_baseload,EPIAS_VEP_daily_reference_price
2025-03-06,EBM0725,2616.99,2025,7,2025-07,monthly_baseload,EPIAS_VEP_daily_reference_price
2025-03-06,EBM0825,2602.15,2025,8,2025-08,monthly_baseload,EPIAS_VEP_daily_reference_price
2025-03-06,EBM0925,2421.84,2025,9,2025-09,monthly_baseload,EPIAS_VEP_daily_reference_price
2025-03-07,EBM0425,1963.28,2025,4,2025-04,monthly_baseload,EPIAS_VEP_daily_reference_price
2025-03-07,EBM0525,2278.55,2025,5,2025-05,monthly_baseload,EPIAS_VEP_daily_reference_price
2025-03-07,EBM0625,2331.88,2025,6,2025-06,monthly_baseload,EPIAS_VEP_daily_reference_price
2025-03-07,EBM0725,2616.99,2025,7,2025-07,monthly_baseload,EPIAS_VEP_daily_reference_price
2025-03-07,EBM0825,2602.15,2025,8,2025-08,monthly_baseload,EPIAS_VEP_daily_reference_price
2025-03-07,EBM0925,2421.84,2025,9,2025-09,monthly_baseload,EPIAS_VEP_daily_reference_price
2025-03-10,EBM0425,1963.28,2025,4,2025-04,monthly_baseload,EPIAS_VEP_daily_reference_price
2025-03-10,EBM0525,2278.55,2025,5,2025-05,monthly_baseload,EPIAS_VEP_daily_reference_price
2025-03-10,EBM0625,2331.88,2025,6,2025-06,monthly_baseload,EPIAS_VEP_daily_reference_price
2025-03-10,EBM0725,2616.99,2025,7,2025-07,monthly_baseload,EPIAS_VEP_daily_reference_price
2025-03-10,EBM0825,2602.15,2025,8,2025-08,monthly_baseload,EPIAS_VEP_daily_reference_price
2025-03-10,EBM0925,2421.84,2025,9,2025-09,monthly_baseload,EPIAS_VEP_daily_reference_price
2025-03-11,EBM0425,1963.28,2025,4,2025-04,monthly_baseload,EPIAS_VEP_daily_reference_price
2025-03-11,EBM0525,2278.55,2025,5,2025-05,monthly_baseload,EPIAS_VEP_daily_reference_price
2025-03-11,EBM0625,2331.88,2025,6,2025-06,monthly_baseload,EPIAS_VEP_daily_reference_price
2025-03-11,EBM0725,2616.99,2025,7,2025-07,monthly_baseload,EPIAS_VEP_daily_reference_price
2025-03-11,EBM0825,2602.15,2025,8,2025-08,monthly_baseload,EPIAS_VEP_daily_reference_price
2025-03-11,EBM0925,2421.84,2025,9,2025-09,monthly_baseload,EPIAS_VEP_daily_reference_price
2025-03-12,EBM0425,1963.28,2025,4,2025-04,monthly_baseload,EPIAS_VEP_daily_reference_price
2025-03-12,EBM0525,2278.55,2025,5,2025-05,monthly_baseload,EPIAS_VEP_daily_reference_price
2025-03-12,EBM0625,2331.88,2025,6,2025-06,monthly_baseload,EPIAS_VEP_daily_reference_price
2025-03-12,EBM0725,2616.99,2025,7,2025-07,monthly_baseload,EPIAS_VEP_daily_reference_price
2025-03-12,EBM0825,2602.15,2025,8,2025-08,monthly_baseload,EPIAS_VEP_daily_reference_price
2025-03-12,EBM0925,2421.84,2025,9,2025-09,monthly_baseload,EPIAS_VEP_daily_reference_price
2025-03-13,EBM0425,1963.28,2025,4,2025-04,monthly_baseload,EPIAS_VEP_daily_reference_price
2025-03-13,EBM0525,2278.55,2025,5,2025-05,monthly_baseload,EPIAS_VEP_daily_reference_price
2025-03-13,EBM0625,2331.88,2025,6,2025-06,monthly_baseload,EPIAS_VEP_daily_reference_price
2025-03-13,EBM0725,2616.99,2025,7,2025-07,monthly_baseload,EPIAS_VEP_daily_reference_price
2025-03-13,EBM0825,2602.15,2025,8,2025-08,monthly_baseload,EPIAS_VEP_daily_reference_price
2025-03-13,EBM0925,2421.84,2025,9,2025-09,monthly_baseload,EPIAS_VEP_daily_reference_price
2025-03-14,EBM0425,1963.28,2025,4,2025-04,monthly_baseload,EPIAS_VEP_daily_reference_price
2025-03-14,EBM0525,2278.55,2025,5,2025-05,monthly_baseload,EPIAS_VEP_daily_reference_price
2025-03-14,EBM0625,2331.88,2025,6,2025-06,monthly_baseload,EPIAS_VEP_daily_reference_price
2025-03-14,EBM0725,2616.99,2025,7,2025-07,monthly_baseload,EPIAS_VEP_daily_reference_price
2025-03-14,EBM0825,2602.15,2025,8,2025-08,monthly_baseload,EPIAS_VEP_daily_reference_price
2025-03-14,EBM0925,2421.84,2025,9,2025-09,monthly_baseload,EPIAS_VEP_daily_reference_price
2025-03-17,EBM0425,1963.28,2025,4,2025-04,monthly_baseload,EPIAS_VEP_daily_reference_price
2025-03-17,EBM0525,2278.55,2025,5,2025-05,monthly_baseload,EPIAS_VEP_daily_reference_price
2025-03-17,EBM0625,2331.88,2025,6,2025-06,monthly_baseload,EPIAS_VEP_daily_reference_price
2025-03-17,EBM0725,2616.99,2025,7,2025-07,monthly_baseload,EPIAS_VEP_daily_reference_price
2025-03-17,EBM0825,2602.15,2025,8,2025-08,monthly_baseload,EPIAS_VEP_daily_reference_price
2025-03-17,EBM0925,2421.84,2025,9,2025-09,monthly_baseload,EPIAS_VEP_daily_reference_price
2025-03-18,EBM0425,1963.28,2025,4,2025-04,monthly_baseload,EPIAS_VEP_daily_reference_price
2025-03-18,EBM0525,2278.55,2025,5,2025-05,monthly_baseload,EPIAS_VEP_daily_reference_price
2025-03-18,EBM0625,2331.88,2025,6,2025-06,monthly_baseload,EPIAS_VEP_daily_reference_price
2025-03-18,EBM0725,2616.99,2025,7,2025-07,monthly_baseload,EPIAS_VEP_daily_reference_price
2025-03-18,EBM0825,2602.15,2025,8,2025-08,monthly_baseload,EPIAS_VEP_daily_reference_price
2025-03-18,EBM0925,2421.84,2025,9,2025-09,monthly_baseload,EPIAS_VEP_daily_reference_price
2025-03-19,EBM0425,1963.28,2025,4,2025-04,monthly_baseload,EPIAS_VEP_daily_reference_price
2025-03-19,EBM0525,2278.55,2025,5,2025-05,monthly_baseload,EPIAS_VEP_daily_reference_price
2025-03-19,EBM0625,2331.88,2025,6,2025-06,monthly_baseload,EPIAS_VEP_daily_reference_price
2025-03-19,EBM0725,2616.99,2025,7,2025-07,monthly_baseload,EPIAS_VEP_daily_reference_price
2025-03-19,EBM0825,2602.15,2025,8,2025-08,monthly_baseload,EPIAS_VEP_daily_reference_price
2025-03-19,EBM0925,2421.84,2025,9,2025-09,monthly_baseload,EPIAS_VEP_daily_reference_price
2025-03-20,EBM0425,1963.28,2025,4,2025-04,monthly_baseload,EPIAS_VEP_daily_reference_price
2025-03-20,EBM0525,2278.55,2025,5,2025-05,monthly_baseload,EPIAS_VEP_daily_reference_price
2025-03-20,EBM0625,2331.88,2025,6,2025-06,monthly_baseload,EPIAS_VEP_daily_reference_price
2025-03-20,EBM0725,2616.99,2025,7,2025-07,monthly_baseload,EPIAS_VEP_daily_reference_price
2025-03-20,EBM0825,2602.15,2025,8,2025-08,monthly_baseload,EPIAS_VEP_daily_reference_price
2025-03-20,EBM0925,2421.84,2025,9,2025-09,monthly_baseload,EPIAS_VEP_daily_reference_price
2025-03-21,EBM0425,1963.28,2025,4,2025-04,monthly_baseload,EPIAS_VEP_daily_reference_price
2025-03-21,EBM0525,2278.55,2025,5,2025-05,monthly_baseload,EPIAS_VEP_daily_reference_price
2025-03-21,EBM0625,2331.88,2025,6,2025-06,monthly_baseload,EPIAS_VEP_daily_reference_price
2025-03-21,EBM0725,2616.99,2025,7,2025-07,monthly_baseload,EPIAS_VEP_daily_reference_price
2025-03-21,EBM0825,2602.15,2025,8,2025-08,monthly_baseload,EPIAS_VEP_daily_reference_price
2025-03-21,EBM0925,2421.84,2025,9,2025-09,monthly_baseload,EPIAS_VEP_daily_reference_price
2025-03-24,EBM0425,1963.28,2025,4,2025-04,monthly_baseload,EPIAS_VEP_daily_reference_price
2025-03-24,EBM0525,2278.55,2025,5,2025-05,monthly_baseload,EPIAS_VEP_daily_reference_price
2025-03-24,EBM0625,2331.88,2025,6,2025-06,monthly_baseload,EPIAS_VEP_daily_reference_price
2025-03-24,EBM0725,2616.99,2025,7,2025-07,monthly_baseload,EPIAS_VEP_daily_reference_price
2025-03-24,EBM0825,2602.15,2025,8,2025-08,monthly_baseload,EPIAS_VEP_daily_reference_price
2025-03-24,EBM0925,2421.84,2025,9,2025-09,monthly_baseload,EPIAS_VEP_daily_reference_price
2025-03-25,EBM0425,1963.28,2025,4,2025-04,monthly_baseload,EPIAS_VEP_daily_reference_price
2025-03-25,EBM0525,2278.55,2025,5,2025-05,monthly_baseload,EPIAS_VEP_daily_reference_price
2025-03-25,EBM0625,2331.88,2025,6,2025-06,monthly_baseload,EPIAS_VEP_daily_reference_price
2025-03-25,EBM0725,2616.99,2025,7,2025-07,monthly_baseload,EPIAS_VEP_daily_reference_price
2025-03-25,EBM0825,2602.15,2025,8,2025-08,monthly_baseload,EPIAS_VEP_daily_reference_price
2025-03-25,EBM0925,2421.84,2025,9,2025-09,monthly_baseload,EPIAS_VEP_daily_reference_price
2025-03-26,EBM0425,1963.28,2025,4,2025-04,monthly_baseload,EPIAS_VEP_daily_reference_price
2025-03-26,EBM0525,2278.55,2025,5,2025-05,monthly_baseload,EPIAS_VEP_daily_reference_price
2025-03-26,EBM0625,2331.88,2025,6,2025-06,monthly_baseload,EPIAS_VEP_daily_reference_price
2025-03-26,EBM0725,2616.99,2025,7,2025-07,monthly_baseload,EPIAS_VEP_daily_reference_price
2025-03-26,EBM0825,2602.15,2025,8,2025-08,monthly_baseload,EPIAS_VEP_daily_reference_price
2025-03-26,EBM0925,2421.84,2025,9,2025-09,monthly_baseload,EPIAS_VEP_daily_reference_price
2025-03-27,EBM0525,2278.55,2025,5,2025-05,monthly_baseload,EPIAS_VEP_daily_reference_price
2025-03-27,EBM0625,2331.88,2025,6,2025-06,monthly_baseload,EPIAS_VEP_daily_reference_price
2025-03-27,EBM0725,2616.99,2025,7,2025-07,monthly_baseload,EPIAS_VEP_daily_reference_price
2025-03-27,EBM0825,2602.15,2025,8,2025-08,monthly_baseload,EPIAS_VEP_daily_reference_price
2025-03-27,EBM0925,2421.84,2025,9,2025-09,monthly_baseload,EPIAS_VEP_daily_reference_price
2025-03-27,EBM1025,2335.71,2025,10,2025-10,monthly_baseload,EPIAS_VEP_daily_reference_price
2025-03-28,EBM0525,2278.55,2025,5,2025-05,monthly_baseload,EPIAS_VEP_daily_reference_price
2025-03-28,EBM0625,2331.88,2025,6,2025-06,monthly_baseload,EPIAS_VEP_daily_reference_price
2025-03-28,EBM0725,2616.99,2025,7,2025-07,monthly_baseload,EPIAS_VEP_daily_reference_price
2025-03-28,EBM0825,2602.15,2025,8,2025-08,monthly_baseload,EPIAS_VEP_daily_reference_price
2025-03-28,EBM0925,2421.84,2025,9,2025-09,monthly_baseload,EPIAS_VEP_daily_reference_price
2025-03-28,EBM1025,2335.71,2025,10,2025-10,monthly_baseload,EPIAS_VEP_daily_reference_price
2025-04-02,EBM0525,2278.55,2025,5,2025-05,monthly_baseload,EPIAS_VEP_daily_reference_price
2025-04-02,EBM0625,2331.88,2025,6,2025-06,monthly_baseload,EPIAS_VEP_daily_reference_price
2025-04-02,EBM0725,2616.99,2025,7,2025-07,monthly_baseload,EPIAS_VEP_daily_reference_price
2025-04-02,EBM0825,2602.15,2025,8,2025-08,monthly_baseload,EPIAS_VEP_daily_reference_price
2025-04-02,EBM0925,2421.84,2025,9,2025-09,monthly_baseload,EPIAS_VEP_daily_reference_price
2025-04-02,EBM1025,2335.71,2025,10,2025-10,monthly_baseload,EPIAS_VEP_daily_reference_price
2025-04-03,EBM0525,2278.55,2025,5,2025-05,monthly_baseload,EPIAS_VEP_daily_reference_price
2025-04-03,EBM0625,2331.88,2025,6,2025-06,monthly_baseload,EPIAS_VEP_daily_reference_price
2025-04-03,EBM0725,2616.99,2025,7,2025-07,monthly_baseload,EPIAS_VEP_daily_reference_price
2025-04-03,EBM0825,2602.15,2025,8,2025-08,monthly_baseload,EPIAS_VEP_daily_reference_price
2025-04-03,EBM0925,2421.84,2025,9,2025-09,monthly_baseload,EPIAS_VEP_daily_reference_price
2025-04-03,EBM1025,2335.71,2025,10,2025-10,monthly_baseload,EPIAS_VEP_daily_reference_price
2025-04-04,EBM0525,2278.55,2025,5,2025-05,monthly_baseload,EPIAS_VEP_daily_reference_price
2025-04-04,EBM0625,2331.88,2025,6,2025-06,monthly_baseload,EPIAS_VEP_daily_reference_price
2025-04-04,EBM0725,2616.99,2025,7,2025-07,monthly_baseload,EPIAS_VEP_daily_reference_price
2025-04-04,EBM0825,2602.15,2025,8,2025-08,monthly_baseload,EPIAS_VEP_daily_reference_price
2025-04-04,EBM0925,2421.84,2025,9,2025-09,monthly_baseload,EPIAS_VEP_daily_reference_price
2025-04-04,EBM1025,2335.71,2025,10,2025-10,monthly_baseload,EPIAS_VEP_daily_reference_price
2025-04-07,EBM0525,2278.55,2025,5,2025-05,monthly_baseload,EPIAS_VEP_daily_reference_price
2025-04-07,EBM0625,2331.88,2025,6,2025-06,monthly_baseload,EPIAS_VEP_daily_reference_price
2025-04-07,EBM0725,2616.99,2025,7,2025-07,monthly_baseload,EPIAS_VEP_daily_reference_price
2025-04-07,EBM0825,2602.15,2025,8,2025-08,monthly_baseload,EPIAS_VEP_daily_reference_price
2025-04-07,EBM0925,2421.84,2025,9,2025-09,monthly_baseload,EPIAS_VEP_daily_reference_price
2025-04-07,EBM1025,2335.71,2025,10,2025-10,monthly_baseload,EPIAS_VEP_daily_reference_price
2025-04-08,EBM0525,2278.55,2025,5,2025-05,monthly_baseload,EPIAS_VEP_daily_reference_price
2025-04-08,EBM0625,2331.88,2025,6,2025-06,monthly_baseload,EPIAS_VEP_daily_reference_price
2025-04-08,EBM0725,2616.99,2025,7,2025-07,monthly_baseload,EPIAS_VEP_daily_reference_price
2025-04-08,EBM0825,2602.15,2025,8,2025-08,monthly_baseload,EPIAS_VEP_daily_reference_price
2025-04-08,EBM0925,2421.84,2025,9,2025-09,monthly_baseload,EPIAS_VEP_daily_reference_price
2025-04-08,EBM1025,2335.71,2025,10,2025-10,monthly_baseload,EPIAS_VEP_daily_reference_price
2025-04-09,EBM0525,2278.55,2025,5,2025-05,monthly_baseload,EPIAS_VEP_daily_reference_price
2025-04-09,EBM0625,2331.88,2025,6,2025-06,monthly_baseload,EPIAS_VEP_daily_reference_price
2025-04-09,EBM0725,2616.99,2025,7,2025-07,monthly_baseload,EPIAS_VEP_daily_reference_price
2025-04-09,EBM0825,2602.15,2025,8,2025-08,monthly_baseload,EPIAS_VEP_daily_reference_price
2025-04-09,EBM0925,2421.84,2025,9,2025-09,monthly_baseload,EPIAS_VEP_daily_reference_price
2025-04-09,EBM1025,2335.71,2025,10,2025-10,monthly_baseload,EPIAS_VEP_daily_reference_price
2025-04-10,EBM0525,2278.55,2025,5,2025-05,monthly_baseload,EPIAS_VEP_daily_reference_price
2025-04-10,EBM0625,2331.88,2025,6,2025-06,monthly_baseload,EPIAS_VEP_daily_reference_price
2025-04-10,EBM0725,2616.99,2025,7,2025-07,monthly_baseload,EPIAS_VEP_daily_reference_price
2025-04-10,EBM0825,2602.15,2025,8,2025-08,monthly_baseload,EPIAS_VEP_daily_reference_price
2025-04-10,EBM0925,2421.84,2025,9,2025-09,monthly_baseload,EPIAS_VEP_daily_reference_price
2025-04-10,EBM1025,2335.71,2025,10,2025-10,monthly_baseload,EPIAS_VEP_daily_reference_price
2025-04-11,EBM0525,2278.55,2025,5,2025-05,monthly_baseload,EPIAS_VEP_daily_reference_price
2025-04-11,EBM0625,2331.88,2025,6,2025-06,monthly_baseload,EPIAS_VEP_daily_reference_price
2025-04-11,EBM0725,2616.99,2025,7,2025-07,monthly_baseload,EPIAS_VEP_daily_reference_price
2025-04-11,EBM0825,2602.15,2025,8,2025-08,monthly_baseload,EPIAS_VEP_daily_reference_price
2025-04-11,EBM0925,2421.84,2025,9,2025-09,monthly_baseload,EPIAS_VEP_daily_reference_price
2025-04-11,EBM1025,2335.71,2025,10,2025-10,monthly_baseload,EPIAS_VEP_daily_reference_price
2025-04-14,EBM0525,2278.55,2025,5,2025-05,monthly_baseload,EPIAS_VEP_daily_reference_price
2025-04-14,EBM0625,2331.88,2025,6,2025-06,monthly_baseload,EPIAS_VEP_daily_reference_price
2025-04-14,EBM0725,2616.99,2025,7,2025-07,monthly_baseload,EPIAS_VEP_daily_reference_price
2025-04-14,EBM0825,2602.15,2025,8,2025-08,monthly_baseload,EPIAS_VEP_daily_reference_price
2025-04-14,EBM0925,2421.84,2025,9,2025-09,monthly_baseload,EPIAS_VEP_daily_reference_price
2025-04-14,EBM1025,2335.71,2025,10,2025-10,monthly_baseload,EPIAS_VEP_daily_reference_price
2025-04-15,EBM0525,2278.55,2025,5,2025-05,monthly_baseload,EPIAS_VEP_daily_reference_price
2025-04-15,EBM0625,2331.88,2025,6,2025-06,monthly_baseload,EPIAS_VEP_daily_reference_price
2025-04-15,EBM0725,2616.99,2025,7,2025-07,monthly_baseload,EPIAS_VEP_daily_reference_price
2025-04-15,EBM0825,2602.15,2025,8,2025-08,monthly_baseload,EPIAS_VEP_daily_reference_price
2025-04-15,EBM0925,2421.84,2025,9,2025-09,monthly_baseload,EPIAS_VEP_daily_reference_price
2025-04-15,EBM1025,2335.71,2025,10,2025-10,monthly_baseload,EPIAS_VEP_daily_reference_price
2025-04-16,EBM0525,2278.55,2025,5,2025-05,monthly_baseload,EPIAS_VEP_daily_reference_price
2025-04-16,EBM0625,2331.88,2025,6,2025-06,monthly_baseload,EPIAS_VEP_daily_reference_price
2025-04-16,EBM0725,2616.99,2025,7,2025-07,monthly_baseload,EPIAS_VEP_daily_reference_price
2025-04-16,EBM0825,2602.15,2025,8,2025-08,monthly_baseload,EPIAS_VEP_daily_reference_price
2025-04-16,EBM0925,2421.84,2025,9,2025-09,monthly_baseload,EPIAS_VEP_daily_reference_price
2025-04-16,EBM1025,2335.71,2025,10,2025-10,monthly_baseload,EPIAS_VEP_daily_reference_price
2025-04-17,EBM0525,2278.55,2025,5,2025-05,monthly_baseload,EPIAS_VEP_daily_reference_price
2025-04-17,EBM0625,2331.88,2025,6,2025-06,monthly_baseload,EPIAS_VEP_daily_reference_price
2025-04-17,EBM0725,2616.99,2025,7,2025-07,monthly_baseload,EPIAS_VEP_daily_reference_price
2025-04-17,EBM0825,2602.15,2025,8,2025-08,monthly_baseload,EPIAS_VEP_daily_reference_price
2025-04-17,EBM0925,2421.84,2025,9,2025-09,monthly_baseload,EPIAS_VEP_daily_reference_price
2025-04-17,EBM1025,2335.71,2025,10,2025-10,monthly_baseload,EPIAS_VEP_daily_reference_price
2025-04-18,EBM0525,2278.55,2025,5,2025-05,monthly_baseload,EPIAS_VEP_daily_reference_price
2025-04-18,EBM0625,2331.88,2025,6,2025-06,monthly_baseload,EPIAS_VEP_daily_reference_price
2025-04-18,EBM0725,2616.99,2025,7,2025-07,monthly_baseload,EPIAS_VEP_daily_reference_price
2025-04-18,EBM0825,2602.15,2025,8,2025-08,monthly_baseload,EPIAS_VEP_daily_reference_price
2025-04-18,EBM0925,2421.84,2025,9,2025-09,monthly_baseload,EPIAS_VEP_daily_reference_price
2025-04-18,EBM1025,2335.71,2025,10,2025-10,monthly_baseload,EPIAS_VEP_daily_reference_price
2025-04-21,EBM0525,2278.55,2025,5,2025-05,monthly_baseload,EPIAS_VEP_daily_reference_price
2025-04-21,EBM0625,2331.88,2025,6,2025-06,monthly_baseload,EPIAS_VEP_daily_reference_price
2025-04-21,EBM0725,2616.99,2025,7,2025-07,monthly_baseload,EPIAS_VEP_daily_reference_price
2025-04-21,EBM0825,2602.15,2025,8,2025-08,monthly_baseload,EPIAS_VEP_daily_reference_price
2025-04-21,EBM0925,2421.84,2025,9,2025-09,monthly_baseload,EPIAS_VEP_daily_reference_price
2025-04-21,EBM1025,2335.71,2025,10,2025-10,monthly_baseload,EPIAS_VEP_daily_reference_price
2025-04-22,EBM0525,2278.55,2025,5,2025-05,monthly_baseload,EPIAS_VEP_daily_reference_price
2025-04-22,EBM0625,2331.88,2025,6,2025-06,monthly_baseload,EPIAS_VEP_daily_reference_price
2025-04-22,EBM0725,2616.99,2025,7,2025-07,monthly_baseload,EPIAS_VEP_daily_reference_price
2025-04-22,EBM0825,2602.15,2025,8,2025-08,monthly_baseload,EPIAS_VEP_daily_reference_price
2025-04-22,EBM0925,2421.84,2025,9,2025-09,monthly_baseload,EPIAS_VEP_daily_reference_price
2025-04-22,EBM1025,2335.71,2025,10,2025-10,monthly_baseload,EPIAS_VEP_daily_reference_price
2025-04-24,EBM0525,2278.55,2025,5,2025-05,monthly_baseload,EPIAS_VEP_daily_reference_price
2025-04-24,EBM0625,2331.88,2025,6,2025-06,monthly_baseload,EPIAS_VEP_daily_reference_price
2025-04-24,EBM0725,2616.99,2025,7,2025-07,monthly_baseload,EPIAS_VEP_daily_reference_price
2025-04-24,EBM0825,2602.15,2025,8,2025-08,monthly_baseload,EPIAS_VEP_daily_reference_price
2025-04-24,EBM0925,2421.84,2025,9,2025-09,monthly_baseload,EPIAS_VEP_daily_reference_price
2025-04-24,EBM1025,2335.71,2025,10,2025-10,monthly_baseload,EPIAS_VEP_daily_reference_price
2025-04-25,EBM0525,2278.55,2025,5,2025-05,monthly_baseload,EPIAS_VEP_daily_reference_price
2025-04-25,EBM0625,2331.88,2025,6,2025-06,monthly_baseload,EPIAS_VEP_daily_reference_price
2025-04-25,EBM0725,2616.99,2025,7,2025-07,monthly_baseload,EPIAS_VEP_daily_reference_price
2025-04-25,EBM0825,2602.15,2025,8,2025-08,monthly_baseload,EPIAS_VEP_daily_reference_price
2025-04-25,EBM0925,2421.84,2025,9,2025-09,monthly_baseload,EPIAS_VEP_daily_reference_price
2025-04-25,EBM1025,2335.71,2025,10,2025-10,monthly_baseload,EPIAS_VEP_daily_reference_price
2025-04-28,EBM0525,2278.55,2025,5,2025-05,monthly_baseload,EPIAS_VEP_daily_reference_price
2025-04-28,EBM0625,2331.88,2025,6,2025-06,monthly_baseload,EPIAS_VEP_daily_reference_price
2025-04-28,EBM0725,2616.99,2025,7,2025-07,monthly_baseload,EPIAS_VEP_daily_reference_price
2025-04-28,EBM0825,2602.15,2025,8,2025-08,monthly_baseload,EPIAS_VEP_daily_reference_price
2025-04-28,EBM0925,2421.84,2025,9,2025-09,monthly_baseload,EPIAS_VEP_daily_reference_price
2025-04-28,EBM1025,2335.71,2025,10,2025-10,monthly_baseload,EPIAS_VEP_daily_reference_price
2025-04-29,EBM0625,2331.88,2025,6,2025-06,monthly_baseload,EPIAS_VEP_daily_reference_price
2025-04-29,EBM0725,2616.99,2025,7,2025-07,monthly_baseload,EPIAS_VEP_daily_reference_price
2025-04-29,EBM0825,2602.15,2025,8,2025-08,monthly_baseload,EPIAS_VEP_daily_reference_price
2025-04-29,EBM0925,2421.84,2025,9,2025-09,monthly_baseload,EPIAS_VEP_daily_reference_price
2025-04-29,EBM1025,2335.71,2025,10,2025-10,monthly_baseload,EPIAS_VEP_daily_reference_price
2025-04-29,EBM1125,2463.14,2025,11,2025-11,monthly_baseload,EPIAS_VEP_daily_reference_price
2025-04-30,EBM0625,2331.88,2025,6,2025-06,monthly_baseload,EPIAS_VEP_daily_reference_price
2025-04-30,EBM0725,2616.99,2025,7,2025-07,monthly_baseload,EPIAS_VEP_daily_reference_price
2025-04-30,EBM0825,2602.15,2025,8,2025-08,monthly_baseload,EPIAS_VEP_daily_reference_price
2025-04-30,EBM0925,2421.84,2025,9,2025-09,monthly_baseload,EPIAS_VEP_daily_reference_price
2025-04-30,EBM1025,2335.71,2025,10,2025-10,monthly_baseload,EPIAS_VEP_daily_reference_price
2025-04-30,EBM1125,2463.14,2025,11,2025-11,monthly_baseload,EPIAS_VEP_daily_reference_price
2025-05-02,EBM0625,2331.88,2025,6,2025-06,monthly_baseload,EPIAS_VEP_daily_reference_price
2025-05-02,EBM0725,2616.99,2025,7,2025-07,monthly_baseload,EPIAS_VEP_daily_reference_price
2025-05-02,EBM0825,2602.15,2025,8,2025-08,monthly_baseload,EPIAS_VEP_daily_reference_price
2025-05-02,EBM0925,2421.84,2025,9,2025-09,monthly_baseload,EPIAS_VEP_daily_reference_price
2025-05-02,EBM1025,2335.71,2025,10,2025-10,monthly_baseload,EPIAS_VEP_daily_reference_price
2025-05-02,EBM1125,2463.14,2025,11,2025-11,monthly_baseload,EPIAS_VEP_daily_reference_price
2025-05-05,EBM0625,2331.88,2025,6,2025-06,monthly_baseload,EPIAS_VEP_daily_reference_price
2025-05-05,EBM0725,2616.99,2025,7,2025-07,monthly_baseload,EPIAS_VEP_daily_reference_price
2025-05-05,EBM0825,2602.15,2025,8,2025-08,monthly_baseload,EPIAS_VEP_daily_reference_price
2025-05-05,EBM0925,2421.84,2025,9,2025-09,monthly_baseload,EPIAS_VEP_daily_reference_price
2025-05-05,EBM1025,2335.71,2025,10,2025-10,monthly_baseload,EPIAS_VEP_daily_reference_price
2025-05-05,EBM1125,2463.14,2025,11,2025-11,monthly_baseload,EPIAS_VEP_daily_reference_price
2025-05-06,EBM0625,2331.88,2025,6,2025-06,monthly_baseload,EPIAS_VEP_daily_reference_price
2025-05-06,EBM0725,2616.99,2025,7,2025-07,monthly_baseload,EPIAS_VEP_daily_reference_price
2025-05-06,EBM0825,2602.15,2025,8,2025-08,monthly_baseload,EPIAS_VEP_daily_reference_price
2025-05-06,EBM0925,2421.84,2025,9,2025-09,monthly_baseload,EPIAS_VEP_daily_reference_price
2025-05-06,EBM1025,2335.71,2025,10,2025-10,monthly_baseload,EPIAS_VEP_daily_reference_price
2025-05-06,EBM1125,2463.14,2025,11,2025-11,monthly_baseload,EPIAS_VEP_daily_reference_price
2025-05-07,EBM0625,2331.88,2025,6,2025-06,monthly_baseload,EPIAS_VEP_daily_reference_price
2025-05-07,EBM0725,2616.99,2025,7,2025-07,monthly_baseload,EPIAS_VEP_daily_reference_price
2025-05-07,EBM0825,2602.15,2025,8,2025-08,monthly_baseload,EPIAS_VEP_daily_reference_price
2025-05-07,EBM0925,2421.84,2025,9,2025-09,monthly_baseload,EPIAS_VEP_daily_reference_price
2025-05-07,EBM1025,2335.71,2025,10,2025-10,monthly_baseload,EPIAS_VEP_daily_reference_price
2025-05-07,EBM1125,2463.14,2025,11,2025-11,monthly_baseload,EPIAS_VEP_daily_reference_price
2025-05-08,EBM0625,2331.88,2025,6,2025-06,monthly_baseload,EPIAS_VEP_daily_reference_price
2025-05-08,EBM0725,2616.99,2025,7,2025-07,monthly_baseload,EPIAS_VEP_daily_reference_price
2025-05-08,EBM0825,2602.15,2025,8,2025-08,monthly_baseload,EPIAS_VEP_daily_reference_price
2025-05-08,EBM0925,2421.84,2025,9,2025-09,monthly_baseload,EPIAS_VEP_daily_reference_price
2025-05-08,EBM1025,2335.71,2025,10,2025-10,monthly_baseload,EPIAS_VEP_daily_reference_price
2025-05-08,EBM1125,2463.14,2025,11,2025-11,monthly_baseload,EPIAS_VEP_daily_reference_price
2025-05-09,EBM0625,2331.88,2025,6,2025-06,monthly_baseload,EPIAS_VEP_daily_reference_price
2025-05-09,EBM0725,2616.99,2025,7,2025-07,monthly_baseload,EPIAS_VEP_daily_reference_price
2025-05-09,EBM0825,2602.15,2025,8,2025-08,monthly_baseload,EPIAS_VEP_daily_reference_price
2025-05-09,EBM0925,2421.84,2025,9,2025-09,monthly_baseload,EPIAS_VEP_daily_reference_price
2025-05-09,EBM1025,2335.71,2025,10,2025-10,monthly_baseload,EPIAS_VEP_daily_reference_price
2025-05-09,EBM1125,2463.14,2025,11,2025-11,monthly_baseload,EPIAS_VEP_daily_reference_price
2025-05-12,EBM0625,2331.88,2025,6,2025-06,monthly_baseload,EPIAS_VEP_daily_reference_price
2025-05-12,EBM0725,2616.99,2025,7,2025-07,monthly_baseload,EPIAS_VEP_daily_reference_price
2025-05-12,EBM0825,2602.15,2025,8,2025-08,monthly_baseload,EPIAS_VEP_daily_reference_price
2025-05-12,EBM0925,2421.84,2025,9,2025-09,monthly_baseload,EPIAS_VEP_daily_reference_price
2025-05-12,EBM1025,2335.71,2025,10,2025-10,monthly_baseload,EPIAS_VEP_daily_reference_price
2025-05-12,EBM1125,2463.14,2025,11,2025-11,monthly_baseload,EPIAS_VEP_daily_reference_price
2025-05-13,EBM0625,2331.88,2025,6,2025-06,monthly_baseload,EPIAS_VEP_daily_reference_price
2025-05-13,EBM0725,2616.99,2025,7,2025-07,monthly_baseload,EPIAS_VEP_daily_reference_price
2025-05-13,EBM0825,2602.15,2025,8,2025-08,monthly_baseload,EPIAS_VEP_daily_reference_price
2025-05-13,EBM0925,2421.84,2025,9,2025-09,monthly_baseload,EPIAS_VEP_daily_reference_price
2025-05-13,EBM1025,2335.71,2025,10,2025-10,monthly_baseload,EPIAS_VEP_daily_reference_price
2025-05-13,EBM1125,2463.14,2025,11,2025-11,monthly_baseload,EPIAS_VEP_daily_reference_price
2025-05-14,EBM0625,2331.88,2025,6,2025-06,monthly_baseload,EPIAS_VEP_daily_reference_price
2025-05-14,EBM0725,2616.99,2025,7,2025-07,monthly_baseload,EPIAS_VEP_daily_reference_price
2025-05-14,EBM0825,2602.15,2025,8,2025-08,monthly_baseload,EPIAS_VEP_daily_reference_price
2025-05-14,EBM0925,2421.84,2025,9,2025-09,monthly_baseload,EPIAS_VEP_daily_reference_price
2025-05-14,EBM1025,2335.71,2025,10,2025-10,monthly_baseload,EPIAS_VEP_daily_reference_price
2025-05-14,EBM1125,2463.14,2025,11,2025-11,monthly_baseload,EPIAS_VEP_daily_reference_price
2025-05-15,EBM0625,2331.88,2025,6,2025-06,monthly_baseload,EPIAS_VEP_daily_reference_price
2025-05-15,EBM0725,2616.99,2025,7,2025-07,monthly_baseload,EPIAS_VEP_daily_reference_price
2025-05-15,EBM0825,2602.15,2025,8,2025-08,monthly_baseload,EPIAS_VEP_daily_reference_price
2025-05-15,EBM0925,2421.84,2025,9,2025-09,monthly_baseload,EPIAS_VEP_daily_reference_price
2025-05-15,EBM1025,2335.71,2025,10,2025-10,monthly_baseload,EPIAS_VEP_daily_reference_price
2025-05-15,EBM1125,2463.14,2025,11,2025-11,monthly_baseload,EPIAS_VEP_daily_reference_price
2025-05-16,EBM0625,2331.88,2025,6,2025-06,monthly_baseload,EPIAS_VEP_daily_reference_price
2025-05-16,EBM0725,2616.99,2025,7,2025-07,monthly_baseload,EPIAS_VEP_daily_reference_price
2025-05-16,EBM0825,2602.15,2025,8,2025-08,monthly_baseload,EPIAS_VEP_daily_reference_price
2025-05-16,EBM0925,2421.84,2025,9,2025-09,monthly_baseload,EPIAS_VEP_daily_reference_price
2025-05-16,EBM1025,2335.71,2025,10,2025-10,monthly_baseload,EPIAS_VEP_daily_reference_price
2025-05-16,EBM1125,2463.14,2025,11,2025-11,monthly_baseload,EPIAS_VEP_daily_reference_price
2025-05-20,EBM0625,2331.88,2025,6,2025-06,monthly_baseload,EPIAS_VEP_daily_reference_price
2025-05-20,EBM0725,2616.99,2025,7,2025-07,monthly_baseload,EPIAS_VEP_daily_reference_price
2025-05-20,EBM0825,2602.15,2025,8,2025-08,monthly_baseload,EPIAS_VEP_daily_reference_price
2025-05-20,EBM0925,2421.84,2025,9,2025-09,monthly_baseload,EPIAS_VEP_daily_reference_price
2025-05-20,EBM1025,2335.71,2025,10,2025-10,monthly_baseload,EPIAS_VEP_daily_reference_price
2025-05-20,EBM1125,2463.14,2025,11,2025-11,monthly_baseload,EPIAS_VEP_daily_reference_price
2025-05-21,EBM0625,2331.88,2025,6,2025-06,monthly_baseload,EPIAS_VEP_daily_reference_price
2025-05-21,EBM0725,2616.99,2025,7,2025-07,monthly_baseload,EPIAS_VEP_daily_reference_price
2025-05-21,EBM0825,2602.15,2025,8,2025-08,monthly_baseload,EPIAS_VEP_daily_reference_price
2025-05-21,EBM0925,2421.84,2025,9,2025-09,monthly_baseload,EPIAS_VEP_daily_reference_price
2025-05-21,EBM1025,2335.71,2025,10,2025-10,monthly_baseload,EPIAS_VEP_daily_reference_price
2025-05-21,EBM1125,2463.14,2025,11,2025-11,monthly_baseload,EPIAS_VEP_daily_reference_price
2025-05-22,EBM0625,2331.88,2025,6,2025-06,monthly_baseload,EPIAS_VEP_daily_reference_price
2025-05-22,EBM0725,2616.99,2025,7,2025-07,monthly_baseload,EPIAS_VEP_daily_reference_price
2025-05-22,EBM0825,2602.15,2025,8,2025-08,monthly_baseload,EPIAS_VEP_daily_reference_price
2025-05-22,EBM0925,2421.84,2025,9,2025-09,monthly_baseload,EPIAS_VEP_daily_reference_price
2025-05-22,EBM1025,2335.71,2025,10,2025-10,monthly_baseload,EPIAS_VEP_daily_reference_price
2025-05-22,EBM1125,2463.14,2025,11,2025-11,monthly_baseload,EPIAS_VEP_daily_reference_price
2025-05-23,EBM0625,2331.88,2025,6,2025-06,monthly_baseload,EPIAS_VEP_daily_reference_price
2025-05-23,EBM0725,2616.99,2025,7,2025-07,monthly_baseload,EPIAS_VEP_daily_reference_price
2025-05-23,EBM0825,2602.15,2025,8,2025-08,monthly_baseload,EPIAS_VEP_daily_reference_price
2025-05-23,EBM0925,2421.84,2025,9,2025-09,monthly_baseload,EPIAS_VEP_daily_reference_price
2025-05-23,EBM1025,2335.71,2025,10,2025-10,monthly_baseload,EPIAS_VEP_daily_reference_price
2025-05-23,EBM1125,2463.14,2025,11,2025-11,monthly_baseload,EPIAS_VEP_daily_reference_price
2025-05-26,EBM0625,2331.88,2025,6,2025-06,monthly_baseload,EPIAS_VEP_daily_reference_price
2025-05-26,EBM0725,2616.99,2025,7,2025-07,monthly_baseload,EPIAS_VEP_daily_reference_price
2025-05-26,EBM0825,2602.15,2025,8,2025-08,monthly_baseload,EPIAS_VEP_daily_reference_price
2025-05-26,EBM0925,2421.84,2025,9,2025-09,monthly_baseload,EPIAS_VEP_daily_reference_price
2025-05-26,EBM1025,2335.71,2025,10,2025-10,monthly_baseload,EPIAS_VEP_daily_reference_price
2025-05-26,EBM1125,2463.14,2025,11,2025-11,monthly_baseload,EPIAS_VEP_daily_reference_price
2025-05-27,EBM0625,2331.88,2025,6,2025-06,monthly_baseload,EPIAS_VEP_daily_reference_price
2025-05-27,EBM0725,2616.99,2025,7,2025-07,monthly_baseload,EPIAS_VEP_daily_reference_price
2025-05-27,EBM0825,2602.15,2025,8,2025-08,monthly_baseload,EPIAS_VEP_daily_reference_price
2025-05-27,EBM0925,2421.84,2025,9,2025-09,monthly_baseload,EPIAS_VEP_daily_reference_price
2025-05-27,EBM1025,2335.71,2025,10,2025-10,monthly_baseload,EPIAS_VEP_daily_reference_price
2025-05-27,EBM1125,2463.14,2025,11,2025-11,monthly_baseload,EPIAS_VEP_daily_reference_price
2025-05-28,EBM0625,2331.88,2025,6,2025-06,monthly_baseload,EPIAS_VEP_daily_reference_price
2025-05-28,EBM0725,2616.99,2025,7,2025-07,monthly_baseload,EPIAS_VEP_daily_reference_price
2025-05-28,EBM0825,2602.15,2025,8,2025-08,monthly_baseload,EPIAS_VEP_daily_reference_price
2025-05-28,EBM0925,2421.84,2025,9,2025-09,monthly_baseload,EPIAS_VEP_daily_reference_price
2025-05-28,EBM1025,2335.71,2025,10,2025-10,monthly_baseload,EPIAS_VEP_daily_reference_price
2025-05-28,EBM1125,2463.14,2025,11,2025-11,monthly_baseload,EPIAS_VEP_daily_reference_price
2025-05-29,EBM0725,2616.99,2025,7,2025-07,monthly_baseload,EPIAS_VEP_daily_reference_price
2025-05-29,EBM0825,2602.15,2025,8,2025-08,monthly_baseload,EPIAS_VEP_daily_reference_price
2025-05-29,EBM0925,2421.84,2025,9,2025-09,monthly_baseload,EPIAS_VEP_daily_reference_price
2025-05-29,EBM1025,2445.38,2025,10,2025-10,monthly_baseload,EPIAS_VEP_daily_reference_price
2025-05-29,EBM1125,2578.8,2025,11,2025-11,monthly_baseload,EPIAS_VEP_daily_reference_price
2025-05-29,EBM1225,2561.08,2025,12,2025-12,monthly_baseload,EPIAS_VEP_daily_reference_price
2025-05-30,EBM0725,2616.99,2025,7,2025-07,monthly_baseload,EPIAS_VEP_daily_reference_price
2025-05-30,EBM0825,2602.15,2025,8,2025-08,monthly_baseload,EPIAS_VEP_daily_reference_price
2025-05-30,EBM0925,2421.84,2025,9,2025-09,monthly_baseload,EPIAS_VEP_daily_reference_price
2025-05-30,EBM1025,2445.38,2025,10,2025-10,monthly_baseload,EPIAS_VEP_daily_reference_price
2025-05-30,EBM1125,2578.8,2025,11,2025-11,monthly_baseload,EPIAS_VEP_daily_reference_price
2025-05-30,EBM1225,2561.08,2025,12,2025-12,monthly_baseload,EPIAS_VEP_daily_reference_price
2025-06-02,EBM0725,2616.99,2025,7,2025-07,monthly_baseload,EPIAS_VEP_daily_reference_price
2025-06-02,EBM0825,2602.15,2025,8,2025-08,monthly_baseload,EPIAS_VEP_daily_reference_price
2025-06-02,EBM0925,2421.84,2025,9,2025-09,monthly_baseload,EPIAS_VEP_daily_reference_price
2025-06-02,EBM1025,2445.38,2025,10,2025-10,monthly_baseload,EPIAS_VEP_daily_reference_price
2025-06-02,EBM1125,2578.8,2025,11,2025-11,monthly_baseload,EPIAS_VEP_daily_reference_price
2025-06-02,EBM1225,2561.08,2025,12,2025-12,monthly_baseload,EPIAS_VEP_daily_reference_price
2025-06-03,EBM0725,2616.99,2025,7,2025-07,monthly_baseload,EPIAS_VEP_daily_reference_price
2025-06-03,EBM0825,2602.15,2025,8,2025-08,monthly_baseload,EPIAS_VEP_daily_reference_price
2025-06-03,EBM0925,2421.84,2025,9,2025-09,monthly_baseload,EPIAS_VEP_daily_reference_price
2025-06-03,EBM1025,2445.38,2025,10,2025-10,monthly_baseload,EPIAS_VEP_daily_reference_price
2025-06-03,EBM1125,2578.8,2025,11,2025-11,monthly_baseload,EPIAS_VEP_daily_reference_price
2025-06-03,EBM1225,2561.08,2025,12,2025-12,monthly_baseload,EPIAS_VEP_daily_reference_price
2025-06-04,EBM0725,2616.99,2025,7,2025-07,monthly_baseload,EPIAS_VEP_daily_reference_price
2025-06-04,EBM0825,2602.15,2025,8,2025-08,monthly_baseload,EPIAS_VEP_daily_reference_price
2025-06-04,EBM0925,2421.84,2025,9,2025-09,monthly_baseload,EPIAS_VEP_daily_reference_price
2025-06-04,EBM1025,2445.38,2025,10,2025-10,monthly_baseload,EPIAS_VEP_daily_reference_price
2025-06-04,EBM1125,2578.8,2025,11,2025-11,monthly_baseload,EPIAS_VEP_daily_reference_price
2025-06-04,EBM1225,2561.08,2025,12,2025-12,monthly_baseload,EPIAS_VEP_daily_reference_price
2025-06-10,EBM0725,2616.99,2025,7,2025-07,monthly_baseload,EPIAS_VEP_daily_reference_price
2025-06-10,EBM0825,2602.15,2025,8,2025-08,monthly_baseload,EPIAS_VEP_daily_reference_price
2025-06-10,EBM0925,2421.84,2025,9,2025-09,monthly_baseload,EPIAS_VEP_daily_reference_price
2025-06-10,EBM1025,2445.38,2025,10,2025-10,monthly_baseload,EPIAS_VEP_daily_reference_price
2025-06-10,EBM1125,2578.8,2025,11,2025-11,monthly_baseload,EPIAS_VEP_daily_reference_price
2025-06-10,EBM1225,2561.08,2025,12,2025-12,monthly_baseload,EPIAS_VEP_daily_reference_price
2025-06-11,EBM0725,2616.99,2025,7,2025-07,monthly_baseload,EPIAS_VEP_daily_reference_price
2025-06-11,EBM0825,2602.15,2025,8,2025-08,monthly_baseload,EPIAS_VEP_daily_reference_price
2025-06-11,EBM0925,2421.84,2025,9,2025-09,monthly_baseload,EPIAS_VEP_daily_reference_price
2025-06-11,EBM1025,2445.38,2025,10,2025-10,monthly_baseload,EPIAS_VEP_daily_reference_price
2025-06-11,EBM1125,2578.8,2025,11,2025-11,monthly_baseload,EPIAS_VEP_daily_reference_price
2025-06-11,EBM1225,2561.08,2025,12,2025-12,monthly_baseload,EPIAS_VEP_daily_reference_price
2025-06-12,EBM0725,2616.99,2025,7,2025-07,monthly_baseload,EPIAS_VEP_daily_reference_price
2025-06-12,EBM0825,2602.15,2025,8,2025-08,monthly_baseload,EPIAS_VEP_daily_reference_price
2025-06-12,EBM0925,2421.84,2025,9,2025-09,monthly_baseload,EPIAS_VEP_daily_reference_price
2025-06-12,EBM1025,2445.38,2025,10,2025-10,monthly_baseload,EPIAS_VEP_daily_reference_price
2025-06-12,EBM1125,2578.8,2025,11,2025-11,monthly_baseload,EPIAS_VEP_daily_reference_price
2025-06-12,EBM1225,2561.08,2025,12,2025-12,monthly_baseload,EPIAS_VEP_daily_reference_price
2025-06-13,EBM0725,2616.99,2025,7,2025-07,monthly_baseload,EPIAS_VEP_daily_reference_price
2025-06-13,EBM0825,2602.15,2025,8,2025-08,monthly_baseload,EPIAS_VEP_daily_reference_price
2025-06-13,EBM0925,2421.84,2025,9,2025-09,monthly_baseload,EPIAS_VEP_daily_reference_price
2025-06-13,EBM1025,2445.38,2025,10,2025-10,monthly_baseload,EPIAS_VEP_daily_reference_price
2025-06-13,EBM1125,2578.8,2025,11,2025-11,monthly_baseload,EPIAS_VEP_daily_reference_price
2025-06-13,EBM1225,2561.08,2025,12,2025-12,monthly_baseload,EPIAS_VEP_daily_reference_price
2025-06-16,EBM0725,2616.99,2025,7,2025-07,monthly_baseload,EPIAS_VEP_daily_reference_price
2025-06-16,EBM0825,2602.15,2025,8,2025-08,monthly_baseload,EPIAS_VEP_daily_reference_price
2025-06-16,EBM0925,2421.84,2025,9,2025-09,monthly_baseload,EPIAS_VEP_daily_reference_price
2025-06-16,EBM1025,2445.38,2025,10,2025-10,monthly_baseload,EPIAS_VEP_daily_reference_price
2025-06-16,EBM1125,2578.8,2025,11,2025-11,monthly_baseload,EPIAS_VEP_daily_reference_price
2025-06-16,EBM1225,2561.08,2025,12,2025-12,monthly_baseload,EPIAS_VEP_daily_reference_price
2025-06-17,EBM0725,2616.99,2025,7,2025-07,monthly_baseload,EPIAS_VEP_daily_reference_price
2025-06-17,EBM0825,2602.15,2025,8,2025-08,monthly_baseload,EPIAS_VEP_daily_reference_price
2025-06-17,EBM0925,2421.84,2025,9,2025-09,monthly_baseload,EPIAS_VEP_daily_reference_price
2025-06-17,EBM1025,2445.38,2025,10,2025-10,monthly_baseload,EPIAS_VEP_daily_reference_price
2025-06-17,EBM1125,2578.8,2025,11,2025-11,monthly_baseload,EPIAS_VEP_daily_reference_price
2025-06-17,EBM1225,2561.08,2025,12,2025-12,monthly_baseload,EPIAS_VEP_daily_reference_price
2025-06-18,EBM0725,2616.99,2025,7,2025-07,monthly_baseload,EPIAS_VEP_daily_reference_price
2025-06-18,EBM0825,2602.15,2025,8,2025-08,monthly_baseload,EPIAS_VEP_daily_reference_price
2025-06-18,EBM0925,2421.84,2025,9,2025-09,monthly_baseload,EPIAS_VEP_daily_reference_price
2025-06-18,EBM1025,2445.38,2025,10,2025-10,monthly_baseload,EPIAS_VEP_daily_reference_price
2025-06-18,EBM1125,2578.8,2025,11,2025-11,monthly_baseload,EPIAS_VEP_daily_reference_price
2025-06-18,EBM1225,2561.08,2025,12,2025-12,monthly_baseload,EPIAS_VEP_daily_reference_price
2025-06-19,EBM0725,2616.99,2025,7,2025-07,monthly_baseload,EPIAS_VEP_daily_reference_price
2025-06-19,EBM0825,2602.15,2025,8,2025-08,monthly_baseload,EPIAS_VEP_daily_reference_price
2025-06-19,EBM0925,2421.84,2025,9,2025-09,monthly_baseload,EPIAS_VEP_daily_reference_price
2025-06-19,EBM1025,2445.38,2025,10,2025-10,monthly_baseload,EPIAS_VEP_daily_reference_price
2025-06-19,EBM1125,2578.8,2025,11,2025-11,monthly_baseload,EPIAS_VEP_daily_reference_price
2025-06-19,EBM1225,2561.08,2025,12,2025-12,monthly_baseload,EPIAS_VEP_daily_reference_price
2025-06-20,EBM0725,2616.99,2025,7,2025-07,monthly_baseload,EPIAS_VEP_daily_reference_price
2025-06-20,EBM0825,2602.15,2025,8,2025-08,monthly_baseload,EPIAS_VEP_daily_reference_price
2025-06-20,EBM0925,2421.84,2025,9,2025-09,monthly_baseload,EPIAS_VEP_daily_reference_price
2025-06-20,EBM1025,2445.38,2025,10,2025-10,monthly_baseload,EPIAS_VEP_daily_reference_price
2025-06-20,EBM1125,2578.8,2025,11,2025-11,monthly_baseload,EPIAS_VEP_daily_reference_price
2025-06-20,EBM1225,2561.08,2025,12,2025-12,monthly_baseload,EPIAS_VEP_daily_reference_price
2025-06-23,EBM0725,2616.99,2025,7,2025-07,monthly_baseload,EPIAS_VEP_daily_reference_price
2025-06-23,EBM0825,2602.15,2025,8,2025-08,monthly_baseload,EPIAS_VEP_daily_reference_price
2025-06-23,EBM0925,2421.84,2025,9,2025-09,monthly_baseload,EPIAS_VEP_daily_reference_price
2025-06-23,EBM1025,2445.38,2025,10,2025-10,monthly_baseload,EPIAS_VEP_daily_reference_price
2025-06-23,EBM1125,2578.8,2025,11,2025-11,monthly_baseload,EPIAS_VEP_daily_reference_price
2025-06-23,EBM1225,2561.08,2025,12,2025-12,monthly_baseload,EPIAS_VEP_daily_reference_price
2025-06-24,EBM0725,2616.99,2025,7,2025-07,monthly_baseload,EPIAS_VEP_daily_reference_price
2025-06-24,EBM0825,2602.15,2025,8,2025-08,monthly_baseload,EPIAS_VEP_daily_reference_price
2025-06-24,EBM0925,2421.84,2025,9,2025-09,monthly_baseload,EPIAS_VEP_daily_reference_price
2025-06-24,EBM1025,2445.38,2025,10,2025-10,monthly_baseload,EPIAS_VEP_daily_reference_price
2025-06-24,EBM1125,2578.8,2025,11,2025-11,monthly_baseload,EPIAS_VEP_daily_reference_price
2025-06-24,EBM1225,2561.08,2025,12,2025-12,monthly_baseload,EPIAS_VEP_daily_reference_price
2025-06-25,EBM0725,2616.99,2025,7,2025-07,monthly_baseload,EPIAS_VEP_daily_reference_price
2025-06-25,EBM0825,2602.15,2025,8,2025-08,monthly_baseload,EPIAS_VEP_daily_reference_price
2025-06-25,EBM0925,2421.84,2025,9,2025-09,monthly_baseload,EPIAS_VEP_daily_reference_price
2025-06-25,EBM1025,2445.38,2025,10,2025-10,monthly_baseload,EPIAS_VEP_daily_reference_price
2025-06-25,EBM1125,2578.8,2025,11,2025-11,monthly_baseload,EPIAS_VEP_daily_reference_price
2025-06-25,EBM1225,2561.08,2025,12,2025-12,monthly_baseload,EPIAS_VEP_daily_reference_price
2025-06-26,EBM0725,2616.99,2025,7,2025-07,monthly_baseload,EPIAS_VEP_daily_reference_price
2025-06-26,EBM0825,2602.15,2025,8,2025-08,monthly_baseload,EPIAS_VEP_daily_reference_price
2025-06-26,EBM0925,2421.84,2025,9,2025-09,monthly_baseload,EPIAS_VEP_daily_reference_price
2025-06-26,EBM1025,2445.38,2025,10,2025-10,monthly_baseload,EPIAS_VEP_daily_reference_price
2025-06-26,EBM1125,2578.8,2025,11,2025-11,monthly_baseload,EPIAS_VEP_daily_reference_price
2025-06-26,EBM1225,2561.08,2025,12,2025-12,monthly_baseload,EPIAS_VEP_daily_reference_price
2025-06-27,EBM0825,2602.15,2025,8,2025-08,monthly_baseload,EPIAS_VEP_daily_reference_price
2025-06-27,EBM0925,2421.84,2025,9,2025-09,monthly_baseload,EPIAS_VEP_daily_reference_price
2025-06-27,EBM1025,2445.38,2025,10,2025-10,monthly_baseload,EPIAS_VEP_daily_reference_price
2025-06-27,EBM1125,2578.8,2025,11,2025-11,monthly_baseload,EPIAS_VEP_daily_reference_price
2025-06-27,EBM1225,2561.08,2025,12,2025-12,monthly_baseload,EPIAS_VEP_daily_reference_price
2025-06-27,EBM0126,2508.8,2026,1,2026-01,monthly_baseload,EPIAS_VEP_daily_reference_price
2025-06-30,EBM0825,2602.15,2025,8,2025-08,monthly_baseload,EPIAS_VEP_daily_reference_price
2025-06-30,EBM0925,2421.84,2025,9,2025-09,monthly_baseload,EPIAS_VEP_daily_reference_price
2025-06-30,EBM1025,2445.38,2025,10,2025-10,monthly_baseload,EPIAS_VEP_daily_reference_price
2025-06-30,EBM1125,2578.8,2025,11,2025-11,monthly_baseload,EPIAS_VEP_daily_reference_price
2025-06-30,EBM1225,2561.08,2025,12,2025-12,monthly_baseload,EPIAS_VEP_daily_reference_price
2025-06-30,EBM0126,2508.8,2026,1,2026-01,monthly_baseload,EPIAS_VEP_daily_reference_price
2025-07-01,EBM0825,2602.15,2025,8,2025-08,monthly_baseload,EPIAS_VEP_daily_reference_price
2025-07-01,EBM0925,2421.84,2025,9,2025-09,monthly_baseload,EPIAS_VEP_daily_reference_price
2025-07-01,EBM1025,2445.38,2025,10,2025-10,monthly_baseload,EPIAS_VEP_daily_reference_price
2025-07-01,EBM1125,2578.8,2025,11,2025-11,monthly_baseload,EPIAS_VEP_daily_reference_price
2025-07-01,EBM1225,2561.08,2025,12,2025-12,monthly_baseload,EPIAS_VEP_daily_reference_price
2025-07-01,EBM0126,2508.8,2026,1,2026-01,monthly_baseload,EPIAS_VEP_daily_reference_price
2025-07-02,EBM0825,2602.15,2025,8,2025-08,monthly_baseload,EPIAS_VEP_daily_reference_price
2025-07-02,EBM0925,2421.84,2025,9,2025-09,monthly_baseload,EPIAS_VEP_daily_reference_price
2025-07-02,EBM1025,2445.38,2025,10,2025-10,monthly_baseload,EPIAS_VEP_daily_reference_price
2025-07-02,EBM1125,2578.8,2025,11,2025-11,monthly_baseload,EPIAS_VEP_daily_reference_price
2025-07-02,EBM1225,2561.08,2025,12,2025-12,monthly_baseload,EPIAS_VEP_daily_reference_price
2025-07-02,EBM0126,2508.8,2026,1,2026-01,monthly_baseload,EPIAS_VEP_daily_reference_price
2025-07-03,EBM0825,2602.15,2025,8,2025-08,monthly_baseload,EPIAS_VEP_daily_reference_price
2025-07-03,EBM0925,2421.84,2025,9,2025-09,monthly_baseload,EPIAS_VEP_daily_reference_price
2025-07-03,EBM1025,2445.38,2025,10,2025-10,monthly_baseload,EPIAS_VEP_daily_reference_price
2025-07-03,EBM1125,2578.8,2025,11,2025-11,monthly_baseload,EPIAS_VEP_daily_reference_price
2025-07-03,EBM1225,2561.08,2025,12,2025-12,monthly_baseload,EPIAS_VEP_daily_reference_price
2025-07-03,EBM0126,2508.8,2026,1,2026-01,monthly_baseload,EPIAS_VEP_daily_reference_price
2025-07-04,EBM0825,2602.15,2025,8,2025-08,monthly_baseload,EPIAS_VEP_daily_reference_price
2025-07-04,EBM0925,2421.84,2025,9,2025-09,monthly_baseload,EPIAS_VEP_daily_reference_price
2025-07-04,EBM1025,2445.38,2025,10,2025-10,monthly_baseload,EPIAS_VEP_daily_reference_price
2025-07-04,EBM1125,2578.8,2025,11,2025-11,monthly_baseload,EPIAS_VEP_daily_reference_price
2025-07-04,EBM1225,2561.08,2025,12,2025-12,monthly_baseload,EPIAS_VEP_daily_reference_price
2025-07-04,EBM0126,2508.8,2026,1,2026-01,monthly_baseload,EPIAS_VEP_daily_reference_price
2025-07-07,EBM0825,2602.15,2025,8,2025-08,monthly_baseload,EPIAS_VEP_daily_reference_price
2025-07-07,EBM0925,2421.84,2025,9,2025-09,monthly_baseload,EPIAS_VEP_daily_reference_price
2025-07-07,EBM1025,2445.38,2025,10,2025-10,monthly_baseload,EPIAS_VEP_daily_reference_price
2025-07-07,EBM1125,2578.8,2025,11,2025-11,monthly_baseload,EPIAS_VEP_daily_reference_price
2025-07-07,EBM1225,2561.08,2025,12,2025-12,monthly_baseload,EPIAS_VEP_daily_reference_price
2025-07-07,EBM0126,2508.8,2026,1,2026-01,monthly_baseload,EPIAS_VEP_daily_reference_price
2025-07-08,EBM0825,2602.15,2025,8,2025-08,monthly_baseload,EPIAS_VEP_daily_reference_price
2025-07-08,EBM0925,2421.84,2025,9,2025-09,monthly_baseload,EPIAS_VEP_daily_reference_price
2025-07-08,EBM1025,2445.38,2025,10,2025-10,monthly_baseload,EPIAS_VEP_daily_reference_price
2025-07-08,EBM1125,2578.8,2025,11,2025-11,monthly_baseload,EPIAS_VEP_daily_reference_price
2025-07-08,EBM1225,2561.08,2025,12,2025-12,monthly_baseload,EPIAS_VEP_daily_reference_price
2025-07-08,EBM0126,2508.8,2026,1,2026-01,monthly_baseload,EPIAS_VEP_daily_reference_price
2025-07-09,EBM0825,2602.15,2025,8,2025-08,monthly_baseload,EPIAS_VEP_daily_reference_price
2025-07-09,EBM0925,2421.84,2025,9,2025-09,monthly_baseload,EPIAS_VEP_daily_reference_price
2025-07-09,EBM1025,2445.38,2025,10,2025-10,monthly_baseload,EPIAS_VEP_daily_reference_price
2025-07-09,EBM1125,2578.8,2025,11,2025-11,monthly_baseload,EPIAS_VEP_daily_reference_price
2025-07-09,EBM1225,2561.08,2025,12,2025-12,monthly_baseload,EPIAS_VEP_daily_reference_price
2025-07-09,EBM0126,2508.8,2026,1,2026-01,monthly_baseload,EPIAS_VEP_daily_reference_price
2025-07-10,EBM0825,2602.15,2025,8,2025-08,monthly_baseload,EPIAS_VEP_daily_reference_price
2025-07-10,EBM0925,2421.84,2025,9,2025-09,monthly_baseload,EPIAS_VEP_daily_reference_price
2025-07-10,EBM1025,2445.38,2025,10,2025-10,monthly_baseload,EPIAS_VEP_daily_reference_price
2025-07-10,EBM1125,2578.8,2025,11,2025-11,monthly_baseload,EPIAS_VEP_daily_reference_price
2025-07-10,EBM1225,2561.08,2025,12,2025-12,monthly_baseload,EPIAS_VEP_daily_reference_price
2025-07-10,EBM0126,2508.8,2026,1,2026-01,monthly_baseload,EPIAS_VEP_daily_reference_price
2025-07-11,EBM0825,2602.15,2025,8,2025-08,monthly_baseload,EPIAS_VEP_daily_reference_price
2025-07-11,EBM0925,2421.84,2025,9,2025-09,monthly_baseload,EPIAS_VEP_daily_reference_price
2025-07-11,EBM1025,2445.38,2025,10,2025-10,monthly_baseload,EPIAS_VEP_daily_reference_price
2025-07-11,EBM1125,2578.8,2025,11,2025-11,monthly_baseload,EPIAS_VEP_daily_reference_price
2025-07-11,EBM1225,2561.08,2025,12,2025-12,monthly_baseload,EPIAS_VEP_daily_reference_price
2025-07-11,EBM0126,2508.8,2026,1,2026-01,monthly_baseload,EPIAS_VEP_daily_reference_price
2025-07-14,EBM0825,2602.15,2025,8,2025-08,monthly_baseload,EPIAS_VEP_daily_reference_price
2025-07-14,EBM0925,2421.84,2025,9,2025-09,monthly_baseload,EPIAS_VEP_daily_reference_price
2025-07-14,EBM1025,2445.38,2025,10,2025-10,monthly_baseload,EPIAS_VEP_daily_reference_price
2025-07-14,EBM1125,2578.8,2025,11,2025-11,monthly_baseload,EPIAS_VEP_daily_reference_price
2025-07-14,EBM1225,2561.08,2025,12,2025-12,monthly_baseload,EPIAS_VEP_daily_reference_price
2025-07-14,EBM0126,2508.8,2026,1,2026-01,monthly_baseload,EPIAS_VEP_daily_reference_price
2025-07-16,EBM0825,2602.15,2025,8,2025-08,monthly_baseload,EPIAS_VEP_daily_reference_price
2025-07-16,EBM0925,2421.84,2025,9,2025-09,monthly_baseload,EPIAS_VEP_daily_reference_price
2025-07-16,EBM1025,2445.38,2025,10,2025-10,monthly_baseload,EPIAS_VEP_daily_reference_price
2025-07-16,EBM1125,2578.8,2025,11,2025-11,monthly_baseload,EPIAS_VEP_daily_reference_price
2025-07-16,EBM1225,2561.08,2025,12,2025-12,monthly_baseload,EPIAS_VEP_daily_reference_price
2025-07-16,EBM0126,2508.8,2026,1,2026-01,monthly_baseload,EPIAS_VEP_daily_reference_price
2025-07-17,EBM0825,2602.15,2025,8,2025-08,monthly_baseload,EPIAS_VEP_daily_reference_price
2025-07-17,EBM0925,2421.84,2025,9,2025-09,monthly_baseload,EPIAS_VEP_daily_reference_price
2025-07-17,EBM1025,2445.38,2025,10,2025-10,monthly_baseload,EPIAS_VEP_daily_reference_price
2025-07-17,EBM1125,2578.8,2025,11,2025-11,monthly_baseload,EPIAS_VEP_daily_reference_price
2025-07-17,EBM1225,2561.08,2025,12,2025-12,monthly_baseload,EPIAS_VEP_daily_reference_price
2025-07-17,EBM0126,2508.8,2026,1,2026-01,monthly_baseload,EPIAS_VEP_daily_reference_price
2025-07-18,EBM0825,2602.15,2025,8,2025-08,monthly_baseload,EPIAS_VEP_daily_reference_price
2025-07-18,EBM0925,2421.84,2025,9,2025-09,monthly_baseload,EPIAS_VEP_daily_reference_price
2025-07-18,EBM1025,2445.38,2025,10,2025-10,monthly_baseload,EPIAS_VEP_daily_reference_price
2025-07-18,EBM1125,2578.8,2025,11,2025-11,monthly_baseload,EPIAS_VEP_daily_reference_price
2025-07-18,EBM1225,2561.08,2025,12,2025-12,monthly_baseload,EPIAS_VEP_daily_reference_price
2025-07-18,EBM0126,2508.8,2026,1,2026-01,monthly_baseload,EPIAS_VEP_daily_reference_price
2025-07-21,EBM0825,2602.15,2025,8,2025-08,monthly_baseload,EPIAS_VEP_daily_reference_price
2025-07-21,EBM0925,2421.84,2025,9,2025-09,monthly_baseload,EPIAS_VEP_daily_reference_price
2025-07-21,EBM1025,2445.38,2025,10,2025-10,monthly_baseload,EPIAS_VEP_daily_reference_price
2025-07-21,EBM1125,2578.8,2025,11,2025-11,monthly_baseload,EPIAS_VEP_daily_reference_price
2025-07-21,EBM1225,2561.08,2025,12,2025-12,monthly_baseload,EPIAS_VEP_daily_reference_price
2025-07-21,EBM0126,2508.8,2026,1,2026-01,monthly_baseload,EPIAS_VEP_daily_reference_price
2025-07-22,EBM0825,2602.15,2025,8,2025-08,monthly_baseload,EPIAS_VEP_daily_reference_price
2025-07-22,EBM0925,2421.84,2025,9,2025-09,monthly_baseload,EPIAS_VEP_daily_reference_price
2025-07-22,EBM1025,2445.38,2025,10,2025-10,monthly_baseload,EPIAS_VEP_daily_reference_price
2025-07-22,EBM1125,2578.8,2025,11,2025-11,monthly_baseload,EPIAS_VEP_daily_reference_price
2025-07-22,EBM1225,2561.08,2025,12,2025-12,monthly_baseload,EPIAS_VEP_daily_reference_price
2025-07-22,EBM0126,2508.8,2026,1,2026-01,monthly_baseload,EPIAS_VEP_daily_reference_price
2025-07-23,EBM0825,2602.15,2025,8,2025-08,monthly_baseload,EPIAS_VEP_daily_reference_price
2025-07-23,EBM0925,2421.84,2025,9,2025-09,monthly_baseload,EPIAS_VEP_daily_reference_price
2025-07-23,EBM1025,2445.38,2025,10,2025-10,monthly_baseload,EPIAS_VEP_daily_reference_price
2025-07-23,EBM1125,2578.8,2025,11,2025-11,monthly_baseload,EPIAS_VEP_daily_reference_price
2025-07-23,EBM1225,2561.08,2025,12,2025-12,monthly_baseload,EPIAS_VEP_daily_reference_price
2025-07-23,EBM0126,2508.8,2026,1,2026-01,monthly_baseload,EPIAS_VEP_daily_reference_price
2025-07-24,EBM0825,2602.15,2025,8,2025-08,monthly_baseload,EPIAS_VEP_daily_reference_price
2025-07-24,EBM0925,2421.84,2025,9,2025-09,monthly_baseload,EPIAS_VEP_daily_reference_price
2025-07-24,EBM1025,2445.38,2025,10,2025-10,monthly_baseload,EPIAS_VEP_daily_reference_price
2025-07-24,EBM1125,2578.8,2025,11,2025-11,monthly_baseload,EPIAS_VEP_daily_reference_price
2025-07-24,EBM1225,2561.08,2025,12,2025-12,monthly_baseload,EPIAS_VEP_daily_reference_price
2025-07-24,EBM0126,2508.8,2026,1,2026-01,monthly_baseload,EPIAS_VEP_daily_reference_price
2025-07-25,EBM0825,2602.15,2025,8,2025-08,monthly_baseload,EPIAS_VEP_daily_reference_price
2025-07-25,EBM0925,2421.84,2025,9,2025-09,monthly_baseload,EPIAS_VEP_daily_reference_price
2025-07-25,EBM1025,2445.38,2025,10,2025-10,monthly_baseload,EPIAS_VEP_daily_reference_price
2025-07-25,EBM1125,2578.8,2025,11,2025-11,monthly_baseload,EPIAS_VEP_daily_reference_price
2025-07-25,EBM1225,2561.08,2025,12,2025-12,monthly_baseload,EPIAS_VEP_daily_reference_price
2025-07-25,EBM0126,2508.8,2026,1,2026-01,monthly_baseload,EPIAS_VEP_daily_reference_price
2025-07-28,EBM0825,2602.15,2025,8,2025-08,monthly_baseload,EPIAS_VEP_daily_reference_price
2025-07-28,EBM0925,2421.84,2025,9,2025-09,monthly_baseload,EPIAS_VEP_daily_reference_price
2025-07-28,EBM1025,2445.38,2025,10,2025-10,monthly_baseload,EPIAS_VEP_daily_reference_price
2025-07-28,EBM1125,2578.8,2025,11,2025-11,monthly_baseload,EPIAS_VEP_daily_reference_price
2025-07-28,EBM1225,2561.08,2025,12,2025-12,monthly_baseload,EPIAS_VEP_daily_reference_price
2025-07-28,EBM0126,2508.8,2026,1,2026-01,monthly_baseload,EPIAS_VEP_daily_reference_price
2025-07-29,EBM0825,2602.15,2025,8,2025-08,monthly_baseload,EPIAS_VEP_daily_reference_price
2025-07-29,EBM0925,2421.84,2025,9,2025-09,monthly_baseload,EPIAS_VEP_daily_reference_price
2025-07-29,EBM1025,2445.38,2025,10,2025-10,monthly_baseload,EPIAS_VEP_daily_reference_price
2025-07-29,EBM1125,2578.8,2025,11,2025-11,monthly_baseload,EPIAS_VEP_daily_reference_price
2025-07-29,EBM1225,2561.08,2025,12,2025-12,monthly_baseload,EPIAS_VEP_daily_reference_price
2025-07-29,EBM0126,2508.8,2026,1,2026-01,monthly_baseload,EPIAS_VEP_daily_reference_price
2025-07-30,EBM0925,2421.84,2025,9,2025-09,monthly_baseload,EPIAS_VEP_daily_reference_price
2025-07-30,EBM1025,2445.38,2025,10,2025-10,monthly_baseload,EPIAS_VEP_daily_reference_price
2025-07-30,EBM1125,2578.8,2025,11,2025-11,monthly_baseload,EPIAS_VEP_daily_reference_price
2025-07-30,EBM1225,2561.08,2025,12,2025-12,monthly_baseload,EPIAS_VEP_daily_reference_price
2025-07-30,EBM0126,2508.8,2026,1,2026-01,monthly_baseload,EPIAS_VEP_daily_reference_price
2025-07-30,EBM0226,2973.94,2026,2,2026-02,monthly_baseload,EPIAS_VEP_daily_reference_price
2025-07-31,EBM0925,2421.84,2025,9,2025-09,monthly_baseload,EPIAS_VEP_daily_reference_price
2025-07-31,EBM1025,2445.38,2025,10,2025-10,monthly_baseload,EPIAS_VEP_daily_reference_price
2025-07-31,EBM1125,2578.8,2025,11,2025-11,monthly_baseload,EPIAS_VEP_daily_reference_price
2025-07-31,EBM1225,2561.08,2025,12,2025-12,monthly_baseload,EPIAS_VEP_daily_reference_price
2025-07-31,EBM0126,2508.8,2026,1,2026-01,monthly_baseload,EPIAS_VEP_daily_reference_price
2025-07-31,EBM0226,2973.94,2026,2,2026-02,monthly_baseload,EPIAS_VEP_daily_reference_price
2025-08-01,EBM0925,2421.84,2025,9,2025-09,monthly_baseload,EPIAS_VEP_daily_reference_price
2025-08-01,EBM1025,2445.38,2025,10,2025-10,monthly_baseload,EPIAS_VEP_daily_reference_price
2025-08-01,EBM1125,2578.8,2025,11,2025-11,monthly_baseload,EPIAS_VEP_daily_reference_price
2025-08-01,EBM1225,2561.08,2025,12,2025-12,monthly_baseload,EPIAS_VEP_daily_reference_price
2025-08-01,EBM0126,2508.8,2026,1,2026-01,monthly_baseload,EPIAS_VEP_daily_reference_price
2025-08-01,EBM0226,2973.94,2026,2,2026-02,monthly_baseload,EPIAS_VEP_daily_reference_price
2025-08-04,EBM0925,2421.84,2025,9,2025-09,monthly_baseload,EPIAS_VEP_daily_reference_price
2025-08-04,EBM1025,2445.38,2025,10,2025-10,monthly_baseload,EPIAS_VEP_daily_reference_price
2025-08-04,EBM1125,2578.8,2025,11,2025-11,monthly_baseload,EPIAS_VEP_daily_reference_price
2025-08-04,EBM1225,2561.08,2025,12,2025-12,monthly_baseload,EPIAS_VEP_daily_reference_price
2025-08-04,EBM0126,2508.8,2026,1,2026-01,monthly_baseload,EPIAS_VEP_daily_reference_price
2025-08-04,EBM0226,2973.94,2026,2,2026-02,monthly_baseload,EPIAS_VEP_daily_reference_price
2025-08-05,EBM0925,2421.84,2025,9,2025-09,monthly_baseload,EPIAS_VEP_daily_reference_price
2025-08-05,EBM1025,2445.38,2025,10,2025-10,monthly_baseload,EPIAS_VEP_daily_reference_price
2025-08-05,EBM1125,2578.8,2025,11,2025-11,monthly_baseload,EPIAS_VEP_daily_reference_price
2025-08-05,EBM1225,2561.08,2025,12,2025-12,monthly_baseload,EPIAS_VEP_daily_reference_price
2025-08-05,EBM0126,2508.8,2026,1,2026-01,monthly_baseload,EPIAS_VEP_daily_reference_price
2025-08-05,EBM0226,2973.94,2026,2,2026-02,monthly_baseload,EPIAS_VEP_daily_reference_price
2025-08-06,EBM0925,2421.84,2025,9,2025-09,monthly_baseload,EPIAS_VEP_daily_reference_price
2025-08-06,EBM1025,2445.38,2025,10,2025-10,monthly_baseload,EPIAS_VEP_daily_reference_price
2025-08-06,EBM1125,2578.8,2025,11,2025-11,monthly_baseload,EPIAS_VEP_daily_reference_price
2025-08-06,EBM1225,2561.08,2025,12,2025-12,monthly_baseload,EPIAS_VEP_daily_reference_price
2025-08-06,EBM0126,2508.8,2026,1,2026-01,monthly_baseload,EPIAS_VEP_daily_reference_price
2025-08-06,EBM0226,2973.94,2026,2,2026-02,monthly_baseload,EPIAS_VEP_daily_reference_price
2025-08-07,EBM0925,2421.84,2025,9,2025-09,monthly_baseload,EPIAS_VEP_daily_reference_price
2025-08-07,EBM1025,2445.38,2025,10,2025-10,monthly_baseload,EPIAS_VEP_daily_reference_price
2025-08-07,EBM1125,2578.8,2025,11,2025-11,monthly_baseload,EPIAS_VEP_daily_reference_price
2025-08-07,EBM1225,2561.08,2025,12,2025-12,monthly_baseload,EPIAS_VEP_daily_reference_price
2025-08-07,EBM0126,2508.8,2026,1,2026-01,monthly_baseload,EPIAS_VEP_daily_reference_price
2025-08-07,EBM0226,2973.94,2026,2,2026-02,monthly_baseload,EPIAS_VEP_daily_reference_price
2025-08-08,EBM0925,2421.84,2025,9,2025-09,monthly_baseload,EPIAS_VEP_daily_reference_price
2025-08-08,EBM1025,2445.38,2025,10,2025-10,monthly_baseload,EPIAS_VEP_daily_reference_price
2025-08-08,EBM1125,2578.8,2025,11,2025-11,monthly_baseload,EPIAS_VEP_daily_reference_price
2025-08-08,EBM1225,2561.08,2025,12,2025-12,monthly_baseload,EPIAS_VEP_daily_reference_price
2025-08-08,EBM0126,2508.8,2026,1,2026-01,monthly_baseload,EPIAS_VEP_daily_reference_price
2025-08-08,EBM0226,2973.94,2026,2,2026-02,monthly_baseload,EPIAS_VEP_daily_reference_price
2025-08-11,EBM0925,2421.84,2025,9,2025-09,monthly_baseload,EPIAS_VEP_daily_reference_price
2025-08-11,EBM1025,2445.38,2025,10,2025-10,monthly_baseload,EPIAS_VEP_daily_reference_price
2025-08-11,EBM1125,2578.8,2025,11,2025-11,monthly_baseload,EPIAS_VEP_daily_reference_price
2025-08-11,EBM1225,2561.08,2025,12,2025-12,monthly_baseload,EPIAS_VEP_daily_reference_price
2025-08-11,EBM0126,2508.8,2026,1,2026-01,monthly_baseload,EPIAS_VEP_daily_reference_price
2025-08-11,EBM0226,2973.94,2026,2,2026-02,monthly_baseload,EPIAS_VEP_daily_reference_price
2025-08-12,EBM0925,2421.84,2025,9,2025-09,monthly_baseload,EPIAS_VEP_daily_reference_price
2025-08-12,EBM1025,2445.38,2025,10,2025-10,monthly_baseload,EPIAS_VEP_daily_reference_price
2025-08-12,EBM1125,2578.8,2025,11,2025-11,monthly_baseload,EPIAS_VEP_daily_reference_price
2025-08-12,EBM1225,2561.08,2025,12,2025-12,monthly_baseload,EPIAS_VEP_daily_reference_price
2025-08-12,EBM0126,2508.8,2026,1,2026-01,monthly_baseload,EPIAS_VEP_daily_reference_price
2025-08-12,EBM0226,2973.94,2026,2,2026-02,monthly_baseload,EPIAS_VEP_daily_reference_price
2025-08-13,EBM0925,2421.84,2025,9,2025-09,monthly_baseload,EPIAS_VEP_daily_reference_price
2025-08-13,EBM1025,2445.38,2025,10,2025-10,monthly_baseload,EPIAS_VEP_daily_reference_price
2025-08-13,EBM1125,2578.8,2025,11,2025-11,monthly_baseload,EPIAS_VEP_daily_reference_price
2025-08-13,EBM1225,2561.08,2025,12,2025-12,monthly_baseload,EPIAS_VEP_daily_reference_price
2025-08-13,EBM0126,2508.8,2026,1,2026-01,monthly_baseload,EPIAS_VEP_daily_reference_price
2025-08-13,EBM0226,2973.94,2026,2,2026-02,monthly_baseload,EPIAS_VEP_daily_reference_price
2025-08-14,EBM0925,2421.84,2025,9,2025-09,monthly_baseload,EPIAS_VEP_daily_reference_price
2025-08-14,EBM1025,2445.38,2025,10,2025-10,monthly_baseload,EPIAS_VEP_daily_reference_price
2025-08-14,EBM1125,2578.8,2025,11,2025-11,monthly_baseload,EPIAS_VEP_daily_reference_price
2025-08-14,EBM1225,2561.08,2025,12,2025-12,monthly_baseload,EPIAS_VEP_daily_reference_price
2025-08-14,EBM0126,2508.8,2026,1,2026-01,monthly_baseload,EPIAS_VEP_daily_reference_price
2025-08-14,EBM0226,2973.94,2026,2,2026-02,monthly_baseload,EPIAS_VEP_daily_reference_price
2025-08-15,EBM0925,2421.84,2025,9,2025-09,monthly_baseload,EPIAS_VEP_daily_reference_price
2025-08-15,EBM1025,2445.38,2025,10,2025-10,monthly_baseload,EPIAS_VEP_daily_reference_price
2025-08-15,EBM1125,2578.8,2025,11,2025-11,monthly_baseload,EPIAS_VEP_daily_reference_price
2025-08-15,EBM1225,2561.08,2025,12,2025-12,monthly_baseload,EPIAS_VEP_daily_reference_price
2025-08-15,EBM0126,2508.8,2026,1,2026-01,monthly_baseload,EPIAS_VEP_daily_reference_price
2025-08-15,EBM0226,2973.94,2026,2,2026-02,monthly_baseload,EPIAS_VEP_daily_reference_price
2025-08-18,EBM0925,2421.84,2025,9,2025-09,monthly_baseload,EPIAS_VEP_daily_reference_price
2025-08-18,EBM1025,2445.38,2025,10,2025-10,monthly_baseload,EPIAS_VEP_daily_reference_price
2025-08-18,EBM1125,2578.8,2025,11,2025-11,monthly_baseload,EPIAS_VEP_daily_reference_price
2025-08-18,EBM1225,2561.08,2025,12,2025-12,monthly_baseload,EPIAS_VEP_daily_reference_price
2025-08-18,EBM0126,2508.8,2026,1,2026-01,monthly_baseload,EPIAS_VEP_daily_reference_price
2025-08-18,EBM0226,2973.94,2026,2,2026-02,monthly_baseload,EPIAS_VEP_daily_reference_price
2025-08-19,EBM0925,2421.84,2025,9,2025-09,monthly_baseload,EPIAS_VEP_daily_reference_price
2025-08-19,EBM1025,2445.38,2025,10,2025-10,monthly_baseload,EPIAS_VEP_daily_reference_price
2025-08-19,EBM1125,2578.8,2025,11,2025-11,monthly_baseload,EPIAS_VEP_daily_reference_price
2025-08-19,EBM1225,2561.08,2025,12,2025-12,monthly_baseload,EPIAS_VEP_daily_reference_price
2025-08-19,EBM0126,2508.8,2026,1,2026-01,monthly_baseload,EPIAS_VEP_daily_reference_price
2025-08-19,EBM0226,2973.94,2026,2,2026-02,monthly_baseload,EPIAS_VEP_daily_reference_price
2025-08-20,EBM0925,2421.84,2025,9,2025-09,monthly_baseload,EPIAS_VEP_daily_reference_price
2025-08-20,EBM1025,2445.38,2025,10,2025-10,monthly_baseload,EPIAS_VEP_daily_reference_price
2025-08-20,EBM1125,2578.8,2025,11,2025-11,monthly_baseload,EPIAS_VEP_daily_reference_price
2025-08-20,EBM1225,2561.08,2025,12,2025-12,monthly_baseload,EPIAS_VEP_daily_reference_price
2025-08-20,EBM0126,2508.8,2026,1,2026-01,monthly_baseload,EPIAS_VEP_daily_reference_price
2025-08-20,EBM0226,2973.94,2026,2,2026-02,monthly_baseload,EPIAS_VEP_daily_reference_price
2025-08-21,EBM0925,2421.84,2025,9,2025-09,monthly_baseload,EPIAS_VEP_daily_reference_price
2025-08-21,EBM1025,2445.38,2025,10,2025-10,monthly_baseload,EPIAS_VEP_daily_reference_price
2025-08-21,EBM1125,2578.8,2025,11,2025-11,monthly_baseload,EPIAS_VEP_daily_reference_price
2025-08-21,EBM1225,2561.08,2025,12,2025-12,monthly_baseload,EPIAS_VEP_daily_reference_price
2025-08-21,EBM0126,2508.8,2026,1,2026-01,monthly_baseload,EPIAS_VEP_daily_reference_price
2025-08-21,EBM0226,2973.94,2026,2,2026-02,monthly_baseload,EPIAS_VEP_daily_reference_price
2025-08-22,EBM0925,2421.84,2025,9,2025-09,monthly_baseload,EPIAS_VEP_daily_reference_price
2025-08-22,EBM1025,2445.38,2025,10,2025-10,monthly_baseload,EPIAS_VEP_daily_reference_price
2025-08-22,EBM1125,2578.8,2025,11,2025-11,monthly_baseload,EPIAS_VEP_daily_reference_price
2025-08-22,EBM1225,2561.08,2025,12,2025-12,monthly_baseload,EPIAS_VEP_daily_reference_price
2025-08-22,EBM0126,2508.8,2026,1,2026-01,monthly_baseload,EPIAS_VEP_daily_reference_price
2025-08-22,EBM0226,2973.94,2026,2,2026-02,monthly_baseload,EPIAS_VEP_daily_reference_price
2025-08-25,EBM0925,2421.84,2025,9,2025-09,monthly_baseload,EPIAS_VEP_daily_reference_price
2025-08-25,EBM1025,2445.38,2025,10,2025-10,monthly_baseload,EPIAS_VEP_daily_reference_price
2025-08-25,EBM1125,2578.8,2025,11,2025-11,monthly_baseload,EPIAS_VEP_daily_reference_price
2025-08-25,EBM1225,2561.08,2025,12,2025-12,monthly_baseload,EPIAS_VEP_daily_reference_price
2025-08-25,EBM0126,2508.8,2026,1,2026-01,monthly_baseload,EPIAS_VEP_daily_reference_price
2025-08-25,EBM0226,2973.94,2026,2,2026-02,monthly_baseload,EPIAS_VEP_daily_reference_price
2025-08-26,EBM0925,2421.84,2025,9,2025-09,monthly_baseload,EPIAS_VEP_daily_reference_price
2025-08-26,EBM1025,2445.38,2025,10,2025-10,monthly_baseload,EPIAS_VEP_daily_reference_price
2025-08-26,EBM1125,2578.8,2025,11,2025-11,monthly_baseload,EPIAS_VEP_daily_reference_price
2025-08-26,EBM1225,2561.08,2025,12,2025-12,monthly_baseload,EPIAS_VEP_daily_reference_price
2025-08-26,EBM0126,2508.8,2026,1,2026-01,monthly_baseload,EPIAS_VEP_daily_reference_price
2025-08-26,EBM0226,2973.94,2026,2,2026-02,monthly_baseload,EPIAS_VEP_daily_reference_price
2025-08-27,EBM0925,2421.84,2025,9,2025-09,monthly_baseload,EPIAS_VEP_daily_reference_price
2025-08-27,EBM1025,2445.38,2025,10,2025-10,monthly_baseload,EPIAS_VEP_daily_reference_price
2025-08-27,EBM1125,2578.8,2025,11,2025-11,monthly_baseload,EPIAS_VEP_daily_reference_price
2025-08-27,EBM1225,2561.08,2025,12,2025-12,monthly_baseload,EPIAS_VEP_daily_reference_price
2025-08-27,EBM0126,2508.8,2026,1,2026-01,monthly_baseload,EPIAS_VEP_daily_reference_price
2025-08-27,EBM0226,2973.94,2026,2,2026-02,monthly_baseload,EPIAS_VEP_daily_reference_price
2025-08-28,EBM1025,2445.38,2025,10,2025-10,monthly_baseload,EPIAS_VEP_daily_reference_price
2025-08-28,EBM1125,2578.8,2025,11,2025-11,monthly_baseload,EPIAS_VEP_daily_reference_price
2025-08-28,EBM1225,2561.08,2025,12,2025-12,monthly_baseload,EPIAS_VEP_daily_reference_price
2025-08-28,EBM0126,2390.84,2026,1,2026-01,monthly_baseload,EPIAS_VEP_daily_reference_price
2025-08-28,EBM0226,2834.11,2026,2,2026-02,monthly_baseload,EPIAS_VEP_daily_reference_price
2025-08-28,EBM0326,2497.38,2026,3,2026-03,monthly_baseload,EPIAS_VEP_daily_reference_price
2025-08-29,EBM1025,2445.38,2025,10,2025-10,monthly_baseload,EPIAS_VEP_daily_reference_price
2025-08-29,EBM1125,2578.8,2025,11,2025-11,monthly_baseload,EPIAS_VEP_daily_reference_price
2025-08-29,EBM1225,2561.08,2025,12,2025-12,monthly_baseload,EPIAS_VEP_daily_reference_price
2025-08-29,EBM0126,2390.84,2026,1,2026-01,monthly_baseload,EPIAS_VEP_daily_reference_price
2025-08-29,EBM0226,2834.11,2026,2,2026-02,monthly_baseload,EPIAS_VEP_daily_reference_price
2025-08-29,EBM0326,2497.38,2026,3,2026-03,monthly_baseload,EPIAS_VEP_daily_reference_price
2025-09-01,EBM1025,2445.38,2025,10,2025-10,monthly_baseload,EPIAS_VEP_daily_reference_price
2025-09-01,EBM1125,2578.8,2025,11,2025-11,monthly_baseload,EPIAS_VEP_daily_reference_price
2025-09-01,EBM1225,2561.08,2025,12,2025-12,monthly_baseload,EPIAS_VEP_daily_reference_price
2025-09-01,EBM0126,2390.84,2026,1,2026-01,monthly_baseload,EPIAS_VEP_daily_reference_price
2025-09-01,EBM0226,2834.11,2026,2,2026-02,monthly_baseload,EPIAS_VEP_daily_reference_price
2025-09-01,EBM0326,2497.38,2026,3,2026-03,monthly_baseload,EPIAS_VEP_daily_reference_price
2025-09-02,EBM1025,2445.38,2025,10,2025-10,monthly_baseload,EPIAS_VEP_daily_reference_price
2025-09-02,EBM1125,2578.8,2025,11,2025-11,monthly_baseload,EPIAS_VEP_daily_reference_price
2025-09-02,EBM1225,2561.08,2025,12,2025-12,monthly_baseload,EPIAS_VEP_daily_reference_price
2025-09-02,EBM0126,2390.84,2026,1,2026-01,monthly_baseload,EPIAS_VEP_daily_reference_price
2025-09-02,EBM0226,2834.11,2026,2,2026-02,monthly_baseload,EPIAS_VEP_daily_reference_price
2025-09-02,EBM0326,2497.38,2026,3,2026-03,monthly_baseload,EPIAS_VEP_daily_reference_price
2025-09-03,EBM1025,2445.38,2025,10,2025-10,monthly_baseload,EPIAS_VEP_daily_reference_price
2025-09-03,EBM1125,2578.8,2025,11,2025-11,monthly_baseload,EPIAS_VEP_daily_reference_price
2025-09-03,EBM1225,2561.08,2025,12,2025-12,monthly_baseload,EPIAS_VEP_daily_reference_price
2025-09-03,EBM0126,2390.84,2026,1,2026-01,monthly_baseload,EPIAS_VEP_daily_reference_price
2025-09-03,EBM0226,2834.11,2026,2,2026-02,monthly_baseload,EPIAS_VEP_daily_reference_price
2025-09-03,EBM0326,2497.38,2026,3,2026-03,monthly_baseload,EPIAS_VEP_daily_reference_price
2025-09-04,EBM1025,2445.38,2025,10,2025-10,monthly_baseload,EPIAS_VEP_daily_reference_price
2025-09-04,EBM1125,2578.8,2025,11,2025-11,monthly_baseload,EPIAS_VEP_daily_reference_price
2025-09-04,EBM1225,2561.08,2025,12,2025-12,monthly_baseload,EPIAS_VEP_daily_reference_price
2025-09-04,EBM0126,2390.84,2026,1,2026-01,monthly_baseload,EPIAS_VEP_daily_reference_price
2025-09-04,EBM0226,2834.11,2026,2,2026-02,monthly_baseload,EPIAS_VEP_daily_reference_price
2025-09-04,EBM0326,2497.38,2026,3,2026-03,monthly_baseload,EPIAS_VEP_daily_reference_price
2025-09-05,EBM1025,2445.38,2025,10,2025-10,monthly_baseload,EPIAS_VEP_daily_reference_price
2025-09-05,EBM1125,2578.8,2025,11,2025-11,monthly_baseload,EPIAS_VEP_daily_reference_price
2025-09-05,EBM1225,2561.08,2025,12,2025-12,monthly_baseload,EPIAS_VEP_daily_reference_price
2025-09-05,EBM0126,2390.84,2026,1,2026-01,monthly_baseload,EPIAS_VEP_daily_reference_price
2025-09-05,EBM0226,2834.11,2026,2,2026-02,monthly_baseload,EPIAS_VEP_daily_reference_price
2025-09-05,EBM0326,2497.38,2026,3,2026-03,monthly_baseload,EPIAS_VEP_daily_reference_price
2025-09-08,EBM1025,2445.38,2025,10,2025-10,monthly_baseload,EPIAS_VEP_daily_reference_price
2025-09-08,EBM1125,2578.8,2025,11,2025-11,monthly_baseload,EPIAS_VEP_daily_reference_price
2025-09-08,EBM1225,2561.08,2025,12,2025-12,monthly_baseload,EPIAS_VEP_daily_reference_price
2025-09-08,EBM0126,2390.84,2026,1,2026-01,monthly_baseload,EPIAS_VEP_daily_reference_price
2025-09-08,EBM0226,2834.11,2026,2,2026-02,monthly_baseload,EPIAS_VEP_daily_reference_price
2025-09-08,EBM0326,2497.38,2026,3,2026-03,monthly_baseload,EPIAS_VEP_daily_reference_price
2025-09-09,EBM1025,2445.38,2025,10,2025-10,monthly_baseload,EPIAS_VEP_daily_reference_price
2025-09-09,EBM1125,2578.8,2025,11,2025-11,monthly_baseload,EPIAS_VEP_daily_reference_price
2025-09-09,EBM1225,2561.08,2025,12,2025-12,monthly_baseload,EPIAS_VEP_daily_reference_price
2025-09-09,EBM0126,2390.84,2026,1,2026-01,monthly_baseload,EPIAS_VEP_daily_reference_price
2025-09-09,EBM0226,2834.11,2026,2,2026-02,monthly_baseload,EPIAS_VEP_daily_reference_price
2025-09-09,EBM0326,2497.38,2026,3,2026-03,monthly_baseload,EPIAS_VEP_daily_reference_price
2025-09-10,EBM1025,2445.38,2025,10,2025-10,monthly_baseload,EPIAS_VEP_daily_reference_price
2025-09-10,EBM1125,2578.8,2025,11,2025-11,monthly_baseload,EPIAS_VEP_daily_reference_price
2025-09-10,EBM1225,2561.08,2025,12,2025-12,monthly_baseload,EPIAS_VEP_daily_reference_price
2025-09-10,EBM0126,2390.84,2026,1,2026-01,monthly_baseload,EPIAS_VEP_daily_reference_price
2025-09-10,EBM0226,2834.11,2026,2,2026-02,monthly_baseload,EPIAS_VEP_daily_reference_price
2025-09-10,EBM0326,2497.38,2026,3,2026-03,monthly_baseload,EPIAS_VEP_daily_reference_price
2025-09-11,EBM1025,2445.38,2025,10,2025-10,monthly_baseload,EPIAS_VEP_daily_reference_price
2025-09-11,EBM1125,2578.8,2025,11,2025-11,monthly_baseload,EPIAS_VEP_daily_reference_price
2025-09-11,EBM1225,2561.08,2025,12,2025-12,monthly_baseload,EPIAS_VEP_daily_reference_price
2025-09-11,EBM0126,2390.84,2026,1,2026-01,monthly_baseload,EPIAS_VEP_daily_reference_price
2025-09-11,EBM0226,2834.11,2026,2,2026-02,monthly_baseload,EPIAS_VEP_daily_reference_price
2025-09-11,EBM0326,2497.38,2026,3,2026-03,monthly_baseload,EPIAS_VEP_daily_reference_price
2025-09-12,EBM1025,2445.38,2025,10,2025-10,monthly_baseload,EPIAS_VEP_daily_reference_price
2025-09-12,EBM1125,2578.8,2025,11,2025-11,monthly_baseload,EPIAS_VEP_daily_reference_price
2025-09-12,EBM1225,2561.08,2025,12,2025-12,monthly_baseload,EPIAS_VEP_daily_reference_price
2025-09-12,EBM0126,2390.84,2026,1,2026-01,monthly_baseload,EPIAS_VEP_daily_reference_price
2025-09-12,EBM0226,2834.11,2026,2,2026-02,monthly_baseload,EPIAS_VEP_daily_reference_price
2025-09-12,EBM0326,2497.38,2026,3,2026-03,monthly_baseload,EPIAS_VEP_daily_reference_price
2025-09-15,EBM1025,2445.38,2025,10,2025-10,monthly_baseload,EPIAS_VEP_daily_reference_price
2025-09-15,EBM1125,2578.8,2025,11,2025-11,monthly_baseload,EPIAS_VEP_daily_reference_price
2025-09-15,EBM1225,2561.08,2025,12,2025-12,monthly_baseload,EPIAS_VEP_daily_reference_price
2025-09-15,EBM0126,2390.84,2026,1,2026-01,monthly_baseload,EPIAS_VEP_daily_reference_price
2025-09-15,EBM0226,2834.11,2026,2,2026-02,monthly_baseload,EPIAS_VEP_daily_reference_price
2025-09-15,EBM0326,2497.38,2026,3,2026-03,monthly_baseload,EPIAS_VEP_daily_reference_price
2025-09-16,EBM1025,2445.38,2025,10,2025-10,monthly_baseload,EPIAS_VEP_daily_reference_price
2025-09-16,EBM1125,2578.8,2025,11,2025-11,monthly_baseload,EPIAS_VEP_daily_reference_price
2025-09-16,EBM1225,2561.08,2025,12,2025-12,monthly_baseload,EPIAS_VEP_daily_reference_price
2025-09-16,EBM0126,2390.84,2026,1,2026-01,monthly_baseload,EPIAS_VEP_daily_reference_price
2025-09-16,EBM0226,2834.11,2026,2,2026-02,monthly_baseload,EPIAS_VEP_daily_reference_price
2025-09-16,EBM0326,2497.38,2026,3,2026-03,monthly_baseload,EPIAS_VEP_daily_reference_price
2025-09-17,EBM1025,2445.38,2025,10,2025-10,monthly_baseload,EPIAS_VEP_daily_reference_price
2025-09-17,EBM1125,2578.8,2025,11,2025-11,monthly_baseload,EPIAS_VEP_daily_reference_price
2025-09-17,EBM1225,2561.08,2025,12,2025-12,monthly_baseload,EPIAS_VEP_daily_reference_price
2025-09-17,EBM0126,2390.84,2026,1,2026-01,monthly_baseload,EPIAS_VEP_daily_reference_price
2025-09-17,EBM0226,2834.11,2026,2,2026-02,monthly_baseload,EPIAS_VEP_daily_reference_price
2025-09-17,EBM0326,2497.38,2026,3,2026-03,monthly_baseload,EPIAS_VEP_daily_reference_price
2025-09-18,EBM1025,2445.38,2025,10,2025-10,monthly_baseload,EPIAS_VEP_daily_reference_price
2025-09-18,EBM1125,2578.8,2025,11,2025-11,monthly_baseload,EPIAS_VEP_daily_reference_price
2025-09-18,EBM1225,2561.08,2025,12,2025-12,monthly_baseload,EPIAS_VEP_daily_reference_price
2025-09-18,EBM0126,2390.84,2026,1,2026-01,monthly_baseload,EPIAS_VEP_daily_reference_price
2025-09-18,EBM0226,2834.11,2026,2,2026-02,monthly_baseload,EPIAS_VEP_daily_reference_price
2025-09-18,EBM0326,2497.38,2026,3,2026-03,monthly_baseload,EPIAS_VEP_daily_reference_price
2025-09-19,EBM1025,2445.38,2025,10,2025-10,monthly_baseload,EPIAS_VEP_daily_reference_price
2025-09-19,EBM1125,2578.8,2025,11,2025-11,monthly_baseload,EPIAS_VEP_daily_reference_price
2025-09-19,EBM1225,2561.08,2025,12,2025-12,monthly_baseload,EPIAS_VEP_daily_reference_price
2025-09-19,EBM0126,2390.84,2026,1,2026-01,monthly_baseload,EPIAS_VEP_daily_reference_price
2025-09-19,EBM0226,2834.11,2026,2,2026-02,monthly_baseload,EPIAS_VEP_daily_reference_price
2025-09-19,EBM0326,2497.38,2026,3,2026-03,monthly_baseload,EPIAS_VEP_daily_reference_price
2025-09-22,EBM1025,2445.38,2025,10,2025-10,monthly_baseload,EPIAS_VEP_daily_reference_price
2025-09-22,EBM1125,2578.8,2025,11,2025-11,monthly_baseload,EPIAS_VEP_daily_reference_price
2025-09-22,EBM1225,2561.08,2025,12,2025-12,monthly_baseload,EPIAS_VEP_daily_reference_price
2025-09-22,EBM0126,2390.84,2026,1,2026-01,monthly_baseload,EPIAS_VEP_daily_reference_price
2025-09-22,EBM0226,2834.11,2026,2,2026-02,monthly_baseload,EPIAS_VEP_daily_reference_price
2025-09-22,EBM0326,2497.38,2026,3,2026-03,monthly_baseload,EPIAS_VEP_daily_reference_price
2025-09-23,EBM1025,2445.38,2025,10,2025-10,monthly_baseload,EPIAS_VEP_daily_reference_price
2025-09-23,EBM1125,2578.8,2025,11,2025-11,monthly_baseload,EPIAS_VEP_daily_reference_price
2025-09-23,EBM1225,2561.08,2025,12,2025-12,monthly_baseload,EPIAS_VEP_daily_reference_price
2025-09-23,EBM0126,2390.84,2026,1,2026-01,monthly_baseload,EPIAS_VEP_daily_reference_price
2025-09-23,EBM0226,2834.11,2026,2,2026-02,monthly_baseload,EPIAS_VEP_daily_reference_price
2025-09-23,EBM0326,2497.38,2026,3,2026-03,monthly_baseload,EPIAS_VEP_daily_reference_price
2025-09-24,EBM1025,2445.38,2025,10,2025-10,monthly_baseload,EPIAS_VEP_daily_reference_price
2025-09-24,EBM1125,2578.8,2025,11,2025-11,monthly_baseload,EPIAS_VEP_daily_reference_price
2025-09-24,EBM1225,2561.08,2025,12,2025-12,monthly_baseload,EPIAS_VEP_daily_reference_price
2025-09-24,EBM0126,2390.84,2026,1,2026-01,monthly_baseload,EPIAS_VEP_daily_reference_price
2025-09-24,EBM0226,2834.11,2026,2,2026-02,monthly_baseload,EPIAS_VEP_daily_reference_price
2025-09-24,EBM0326,2497.38,2026,3,2026-03,monthly_baseload,EPIAS_VEP_daily_reference_price
2025-09-25,EBM1025,2445.38,2025,10,2025-10,monthly_baseload,EPIAS_VEP_daily_reference_price
2025-09-25,EBM1125,2578.8,2025,11,2025-11,monthly_baseload,EPIAS_VEP_daily_reference_price
2025-09-25,EBM1225,2561.08,2025,12,2025-12,monthly_baseload,EPIAS_VEP_daily_reference_price
2025-09-25,EBM0126,2390.84,2026,1,2026-01,monthly_baseload,EPIAS_VEP_daily_reference_price
2025-09-25,EBM0226,2834.11,2026,2,2026-02,monthly_baseload,EPIAS_VEP_daily_reference_price
2025-09-25,EBM0326,2497.38,2026,3,2026-03,monthly_baseload,EPIAS_VEP_daily_reference_price
2025-09-26,EBM1025,2445.38,2025,10,2025-10,monthly_baseload,EPIAS_VEP_daily_reference_price
2025-09-26,EBM1125,2578.8,2025,11,2025-11,monthly_baseload,EPIAS_VEP_daily_reference_price
2025-09-26,EBM1225,2561.08,2025,12,2025-12,monthly_baseload,EPIAS_VEP_daily_reference_price
2025-09-26,EBM0126,2390.84,2026,1,2026-01,monthly_baseload,EPIAS_VEP_daily_reference_price
2025-09-26,EBM0226,2834.11,2026,2,2026-02,monthly_baseload,EPIAS_VEP_daily_reference_price
2025-09-26,EBM0326,2497.38,2026,3,2026-03,monthly_baseload,EPIAS_VEP_daily_reference_price
2025-09-29,EBM1125,2578.8,2025,11,2025-11,monthly_baseload,EPIAS_VEP_daily_reference_price
2025-09-29,EBM1225,2561.08,2025,12,2025-12,monthly_baseload,EPIAS_VEP_daily_reference_price
2025-09-29,EBM0126,2407.13,2026,1,2026-01,monthly_baseload,EPIAS_VEP_daily_reference_price
2025-09-29,EBM0226,2853.43,2026,2,2026-02,monthly_baseload,EPIAS_VEP_daily_reference_price
2025-09-29,EBM0326,2514.4,2026,3,2026-03,monthly_baseload,EPIAS_VEP_daily_reference_price
2025-09-29,EBM0426,2943.2,2026,4,2026-04,monthly_baseload,EPIAS_VEP_daily_reference_price
2025-09-30,EBM1125,2578.8,2025,11,2025-11,monthly_baseload,EPIAS_VEP_daily_reference_price
2025-09-30,EBM1225,2561.08,2025,12,2025-12,monthly_baseload,EPIAS_VEP_daily_reference_price
2025-09-30,EBM0126,2407.13,2026,1,2026-01,monthly_baseload,EPIAS_VEP_daily_reference_price
2025-09-30,EBM0226,2853.43,2026,2,2026-02,monthly_baseload,EPIAS_VEP_daily_reference_price
2025-09-30,EBM0326,2514.4,2026,3,2026-03,monthly_baseload,EPIAS_VEP_daily_reference_price
2025-09-30,EBM0426,2943.2,2026,4,2026-04,monthly_baseload,EPIAS_VEP_daily_reference_price
2025-10-01,EBM1125,2578.8,2025,11,2025-11,monthly_baseload,EPIAS_VEP_daily_reference_price
2025-10-01,EBM1225,2561.08,2025,12,2025-12,monthly_baseload,EPIAS_VEP_daily_reference_price
2025-10-01,EBM0126,2407.13,2026,1,2026-01,monthly_baseload,EPIAS_VEP_daily_reference_price
2025-10-01,EBM0226,2853.43,2026,2,2026-02,monthly_baseload,EPIAS_VEP_daily_reference_price
2025-10-01,EBM0326,2514.4,2026,3,2026-03,monthly_baseload,EPIAS_VEP_daily_reference_price
2025-10-01,EBM0426,2943.2,2026,4,2026-04,monthly_baseload,EPIAS_VEP_daily_reference_price
2025-10-02,EBM1125,2578.8,2025,11,2025-11,monthly_baseload,EPIAS_VEP_daily_reference_price
2025-10-02,EBM1225,2561.08,2025,12,2025-12,monthly_baseload,EPIAS_VEP_daily_reference_price
2025-10-02,EBM0126,2407.13,2026,1,2026-01,monthly_baseload,EPIAS_VEP_daily_reference_price
2025-10-02,EBM0226,2853.43,2026,2,2026-02,monthly_baseload,EPIAS_VEP_daily_reference_price
2025-10-02,EBM0326,2514.4,2026,3,2026-03,monthly_baseload,EPIAS_VEP_daily_reference_price
2025-10-02,EBM0426,2943.2,2026,4,2026-04,monthly_baseload,EPIAS_VEP_daily_reference_price
2025-10-03,EBM1125,2578.8,2025,11,2025-11,monthly_baseload,EPIAS_VEP_daily_reference_price
2025-10-03,EBM1225,2561.08,2025,12,2025-12,monthly_baseload,EPIAS_VEP_daily_reference_price
2025-10-03,EBM0126,2407.13,2026,1,2026-01,monthly_baseload,EPIAS_VEP_daily_reference_price
2025-10-03,EBM0226,2853.43,2026,2,2026-02,monthly_baseload,EPIAS_VEP_daily_reference_price
2025-10-03,EBM0326,2514.4,2026,3,2026-03,monthly_baseload,EPIAS_VEP_daily_reference_price
2025-10-03,EBM0426,2943.2,2026,4,2026-04,monthly_baseload,EPIAS_VEP_daily_reference_price
2025-10-06,EBM1125,2578.8,2025,11,2025-11,monthly_baseload,EPIAS_VEP_daily_reference_price
2025-10-06,EBM1225,2561.08,2025,12,2025-12,monthly_baseload,EPIAS_VEP_daily_reference_price
2025-10-06,EBM0126,2407.13,2026,1,2026-01,monthly_baseload,EPIAS_VEP_daily_reference_price
2025-10-06,EBM0226,2853.43,2026,2,2026-02,monthly_baseload,EPIAS_VEP_daily_reference_price
2025-10-06,EBM0326,2514.4,2026,3,2026-03,monthly_baseload,EPIAS_VEP_daily_reference_price
2025-10-06,EBM0426,2943.2,2026,4,2026-04,monthly_baseload,EPIAS_VEP_daily_reference_price
2025-10-07,EBM1125,2578.8,2025,11,2025-11,monthly_baseload,EPIAS_VEP_daily_reference_price
2025-10-07,EBM1225,2561.08,2025,12,2025-12,monthly_baseload,EPIAS_VEP_daily_reference_price
2025-10-07,EBM0126,2407.13,2026,1,2026-01,monthly_baseload,EPIAS_VEP_daily_reference_price
2025-10-07,EBM0226,2853.43,2026,2,2026-02,monthly_baseload,EPIAS_VEP_daily_reference_price
2025-10-07,EBM0326,2514.4,2026,3,2026-03,monthly_baseload,EPIAS_VEP_daily_reference_price
2025-10-07,EBM0426,2943.2,2026,4,2026-04,monthly_baseload,EPIAS_VEP_daily_reference_price
2025-10-08,EBM1125,2578.8,2025,11,2025-11,monthly_baseload,EPIAS_VEP_daily_reference_price
2025-10-08,EBM1225,2561.08,2025,12,2025-12,monthly_baseload,EPIAS_VEP_daily_reference_price
2025-10-08,EBM0126,2407.13,2026,1,2026-01,monthly_baseload,EPIAS_VEP_daily_reference_price
2025-10-08,EBM0226,2853.43,2026,2,2026-02,monthly_baseload,EPIAS_VEP_daily_reference_price
2025-10-08,EBM0326,2514.4,2026,3,2026-03,monthly_baseload,EPIAS_VEP_daily_reference_price
2025-10-08,EBM0426,2943.2,2026,4,2026-04,monthly_baseload,EPIAS_VEP_daily_reference_price
2025-10-09,EBM1125,2578.8,2025,11,2025-11,monthly_baseload,EPIAS_VEP_daily_reference_price
2025-10-09,EBM1225,2561.08,2025,12,2025-12,monthly_baseload,EPIAS_VEP_daily_reference_price
2025-10-09,EBM0126,2407.13,2026,1,2026-01,monthly_baseload,EPIAS_VEP_daily_reference_price
2025-10-09,EBM0226,2853.43,2026,2,2026-02,monthly_baseload,EPIAS_VEP_daily_reference_price
2025-10-09,EBM0326,2514.4,2026,3,2026-03,monthly_baseload,EPIAS_VEP_daily_reference_price
2025-10-09,EBM0426,2943.2,2026,4,2026-04,monthly_baseload,EPIAS_VEP_daily_reference_price
2025-10-10,EBM1125,2578.8,2025,11,2025-11,monthly_baseload,EPIAS_VEP_daily_reference_price
2025-10-10,EBM1225,2561.08,2025,12,2025-12,monthly_baseload,EPIAS_VEP_daily_reference_price
2025-10-10,EBM0126,2407.13,2026,1,2026-01,monthly_baseload,EPIAS_VEP_daily_reference_price
2025-10-10,EBM0226,2853.43,2026,2,2026-02,monthly_baseload,EPIAS_VEP_daily_reference_price
2025-10-10,EBM0326,2514.4,2026,3,2026-03,monthly_baseload,EPIAS_VEP_daily_reference_price
2025-10-10,EBM0426,2943.2,2026,4,2026-04,monthly_baseload,EPIAS_VEP_daily_reference_price
2025-10-13,EBM1125,2578.8,2025,11,2025-11,monthly_baseload,EPIAS_VEP_daily_reference_price
2025-10-13,EBM1225,2561.08,2025,12,2025-12,monthly_baseload,EPIAS_VEP_daily_reference_price
2025-10-13,EBM0126,2407.13,2026,1,2026-01,monthly_baseload,EPIAS_VEP_daily_reference_price
2025-10-13,EBM0226,2853.43,2026,2,2026-02,monthly_baseload,EPIAS_VEP_daily_reference_price
2025-10-13,EBM0326,2514.4,2026,3,2026-03,monthly_baseload,EPIAS_VEP_daily_reference_price
2025-10-13,EBM0426,2943.2,2026,4,2026-04,monthly_baseload,EPIAS_VEP_daily_reference_price
2025-10-14,EBM1125,2578.8,2025,11,2025-11,monthly_baseload,EPIAS_VEP_daily_reference_price
2025-10-14,EBM1225,2561.08,2025,12,2025-12,monthly_baseload,EPIAS_VEP_daily_reference_price
2025-10-14,EBM0126,2407.13,2026,1,2026-01,monthly_baseload,EPIAS_VEP_daily_reference_price
2025-10-14,EBM0226,2853.43,2026,2,2026-02,monthly_baseload,EPIAS_VEP_daily_reference_price
2025-10-14,EBM0326,2514.4,2026,3,2026-03,monthly_baseload,EPIAS_VEP_daily_reference_price
2025-10-14,EBM0426,2943.2,2026,4,2026-04,monthly_baseload,EPIAS_VEP_daily_reference_price
2025-10-15,EBM1125,2578.8,2025,11,2025-11,monthly_baseload,EPIAS_VEP_daily_reference_price
2025-10-15,EBM1225,2561.08,2025,12,2025-12,monthly_baseload,EPIAS_VEP_daily_reference_price
2025-10-15,EBM0126,2407.13,2026,1,2026-01,monthly_baseload,EPIAS_VEP_daily_reference_price
2025-10-15,EBM0226,2853.43,2026,2,2026-02,monthly_baseload,EPIAS_VEP_daily_reference_price
2025-10-15,EBM0326,2514.4,2026,3,2026-03,monthly_baseload,EPIAS_VEP_daily_reference_price
2025-10-15,EBM0426,2943.2,2026,4,2026-04,monthly_baseload,EPIAS_VEP_daily_reference_price
2025-10-16,EBM1125,2578.8,2025,11,2025-11,monthly_baseload,EPIAS_VEP_daily_reference_price
2025-10-16,EBM1225,2561.08,2025,12,2025-12,monthly_baseload,EPIAS_VEP_daily_reference_price
2025-10-16,EBM0126,2407.13,2026,1,2026-01,monthly_baseload,EPIAS_VEP_daily_reference_price
2025-10-16,EBM0226,2853.43,2026,2,2026-02,monthly_baseload,EPIAS_VEP_daily_reference_price
2025-10-16,EBM0326,2514.4,2026,3,2026-03,monthly_baseload,EPIAS_VEP_daily_reference_price
2025-10-16,EBM0426,2943.2,2026,4,2026-04,monthly_baseload,EPIAS_VEP_daily_reference_price
2025-10-17,EBM1125,2578.8,2025,11,2025-11,monthly_baseload,EPIAS_VEP_daily_reference_price
2025-10-17,EBM1225,2561.08,2025,12,2025-12,monthly_baseload,EPIAS_VEP_daily_reference_price
2025-10-17,EBM0126,2407.13,2026,1,2026-01,monthly_baseload,EPIAS_VEP_daily_reference_price
2025-10-17,EBM0226,2853.43,2026,2,2026-02,monthly_baseload,EPIAS_VEP_daily_reference_price
2025-10-17,EBM0326,2514.4,2026,3,2026-03,monthly_baseload,EPIAS_VEP_daily_reference_price
2025-10-17,EBM0426,2943.2,2026,4,2026-04,monthly_baseload,EPIAS_VEP_daily_reference_price
2025-10-20,EBM1125,2578.8,2025,11,2025-11,monthly_baseload,EPIAS_VEP_daily_reference_price
2025-10-20,EBM1225,2561.08,2025,12,2025-12,monthly_baseload,EPIAS_VEP_daily_reference_price
2025-10-20,EBM0126,2407.13,2026,1,2026-01,monthly_baseload,EPIAS_VEP_daily_reference_price
2025-10-20,EBM0226,2853.43,2026,2,2026-02,monthly_baseload,EPIAS_VEP_daily_reference_price
2025-10-20,EBM0326,2514.4,2026,3,2026-03,monthly_baseload,EPIAS_VEP_daily_reference_price
2025-10-20,EBM0426,2943.2,2026,4,2026-04,monthly_baseload,EPIAS_VEP_daily_reference_price
2025-10-21,EBM1125,2578.8,2025,11,2025-11,monthly_baseload,EPIAS_VEP_daily_reference_price
2025-10-21,EBM1225,2561.08,2025,12,2025-12,monthly_baseload,EPIAS_VEP_daily_reference_price
2025-10-21,EBM0126,2407.13,2026,1,2026-01,monthly_baseload,EPIAS_VEP_daily_reference_price
2025-10-21,EBM0226,2853.43,2026,2,2026-02,monthly_baseload,EPIAS_VEP_daily_reference_price
2025-10-21,EBM0326,2514.4,2026,3,2026-03,monthly_baseload,EPIAS_VEP_daily_reference_price
2025-10-21,EBM0426,2943.2,2026,4,2026-04,monthly_baseload,EPIAS_VEP_daily_reference_price
2025-10-22,EBM1125,2578.8,2025,11,2025-11,monthly_baseload,EPIAS_VEP_daily_reference_price
2025-10-22,EBM1225,2561.08,2025,12,2025-12,monthly_baseload,EPIAS_VEP_daily_reference_price
2025-10-22,EBM0126,2407.13,2026,1,2026-01,monthly_baseload,EPIAS_VEP_daily_reference_price
2025-10-22,EBM0226,2853.43,2026,2,2026-02,monthly_baseload,EPIAS_VEP_daily_reference_price
2025-10-22,EBM0326,2514.4,2026,3,2026-03,monthly_baseload,EPIAS_VEP_daily_reference_price
2025-10-22,EBM0426,2943.2,2026,4,2026-04,monthly_baseload,EPIAS_VEP_daily_reference_price
2025-10-23,EBM1125,2578.8,2025,11,2025-11,monthly_baseload,EPIAS_VEP_daily_reference_price
2025-10-23,EBM1225,2561.08,2025,12,2025-12,monthly_baseload,EPIAS_VEP_daily_reference_price
2025-10-23,EBM0126,2407.13,2026,1,2026-01,monthly_baseload,EPIAS_VEP_daily_reference_price
2025-10-23,EBM0226,2853.43,2026,2,2026-02,monthly_baseload,EPIAS_VEP_daily_reference_price
2025-10-23,EBM0326,2514.4,2026,3,2026-03,monthly_baseload,EPIAS_VEP_daily_reference_price
2025-10-23,EBM0426,2943.2,2026,4,2026-04,monthly_baseload,EPIAS_VEP_daily_reference_price
2025-10-24,EBM1125,2578.8,2025,11,2025-11,monthly_baseload,EPIAS_VEP_daily_reference_price
2025-10-24,EBM1225,2561.08,2025,12,2025-12,monthly_baseload,EPIAS_VEP_daily_reference_price
2025-10-24,EBM0126,2407.13,2026,1,2026-01,monthly_baseload,EPIAS_VEP_daily_reference_price
2025-10-24,EBM0226,2853.43,2026,2,2026-02,monthly_baseload,EPIAS_VEP_daily_reference_price
2025-10-24,EBM0326,2514.4,2026,3,2026-03,monthly_baseload,EPIAS_VEP_daily_reference_price
2025-10-24,EBM0426,2943.2,2026,4,2026-04,monthly_baseload,EPIAS_VEP_daily_reference_price
2025-10-27,EBM1125,2578.8,2025,11,2025-11,monthly_baseload,EPIAS_VEP_daily_reference_price
2025-10-27,EBM1225,2561.08,2025,12,2025-12,monthly_baseload,EPIAS_VEP_daily_reference_price
2025-10-27,EBM0126,2407.13,2026,1,2026-01,monthly_baseload,EPIAS_VEP_daily_reference_price
2025-10-27,EBM0226,2853.43,2026,2,2026-02,monthly_baseload,EPIAS_VEP_daily_reference_price
2025-10-27,EBM0326,2514.4,2026,3,2026-03,monthly_baseload,EPIAS_VEP_daily_reference_price
2025-10-27,EBM0426,2943.2,2026,4,2026-04,monthly_baseload,EPIAS_VEP_daily_reference_price
2025-10-30,EBM1225,2561.08,2025,12,2025-12,monthly_baseload,EPIAS_VEP_daily_reference_price
2025-10-30,EBM0126,2407.13,2026,1,2026-01,monthly_baseload,EPIAS_VEP_daily_reference_price
2025-10-30,EBM0226,2853.43,2026,2,2026-02,monthly_baseload,EPIAS_VEP_daily_reference_price
2025-10-30,EBM0326,2514.4,2026,3,2026-03,monthly_baseload,EPIAS_VEP_daily_reference_price
2025-10-30,EBM0426,2943.2,2026,4,2026-04,monthly_baseload,EPIAS_VEP_daily_reference_price
2025-10-30,EBM0526,2949.78,2026,5,2026-05,monthly_baseload,EPIAS_VEP_daily_reference_price
2025-10-31,EBM1225,2561.08,2025,12,2025-12,monthly_baseload,EPIAS_VEP_daily_reference_price
2025-10-31,EBM0126,2407.13,2026,1,2026-01,monthly_baseload,EPIAS_VEP_daily_reference_price
2025-10-31,EBM0226,2853.43,2026,2,2026-02,monthly_baseload,EPIAS_VEP_daily_reference_price
2025-10-31,EBM0326,2514.4,2026,3,2026-03,monthly_baseload,EPIAS_VEP_daily_reference_price
2025-10-31,EBM0426,2943.2,2026,4,2026-04,monthly_baseload,EPIAS_VEP_daily_reference_price
2025-10-31,EBM0526,2949.78,2026,5,2026-05,monthly_baseload,EPIAS_VEP_daily_reference_price
2025-11-03,EBM1225,2561.08,2025,12,2025-12,monthly_baseload,EPIAS_VEP_daily_reference_price
2025-11-03,EBM0126,2407.13,2026,1,2026-01,monthly_baseload,EPIAS_VEP_daily_reference_price
2025-11-03,EBM0226,2853.43,2026,2,2026-02,monthly_baseload,EPIAS_VEP_daily_reference_price
2025-11-03,EBM0326,2514.4,2026,3,2026-03,monthly_baseload,EPIAS_VEP_daily_reference_price
2025-11-03,EBM0426,2943.2,2026,4,2026-04,monthly_baseload,EPIAS_VEP_daily_reference_price
2025-11-03,EBM0526,2949.78,2026,5,2026-05,monthly_baseload,EPIAS_VEP_daily_reference_price
2025-11-04,EBM1225,2561.08,2025,12,2025-12,monthly_baseload,EPIAS_VEP_daily_reference_price
2025-11-04,EBM0126,2407.13,2026,1,2026-01,monthly_baseload,EPIAS_VEP_daily_reference_price
2025-11-04,EBM0226,2853.43,2026,2,2026-02,monthly_baseload,EPIAS_VEP_daily_reference_price
2025-11-04,EBM0326,2514.4,2026,3,2026-03,monthly_baseload,EPIAS_VEP_daily_reference_price
2025-11-04,EBM0426,2943.2,2026,4,2026-04,monthly_baseload,EPIAS_VEP_daily_reference_price
2025-11-04,EBM0526,2949.78,2026,5,2026-05,monthly_baseload,EPIAS_VEP_daily_reference_price
2025-11-05,EBM1225,2561.08,2025,12,2025-12,monthly_baseload,EPIAS_VEP_daily_reference_price
2025-11-05,EBM0126,2407.13,2026,1,2026-01,monthly_baseload,EPIAS_VEP_daily_reference_price
2025-11-05,EBM0226,2853.43,2026,2,2026-02,monthly_baseload,EPIAS_VEP_daily_reference_price
2025-11-05,EBM0326,2514.4,2026,3,2026-03,monthly_baseload,EPIAS_VEP_daily_reference_price
2025-11-05,EBM0426,2943.2,2026,4,2026-04,monthly_baseload,EPIAS_VEP_daily_reference_price
2025-11-05,EBM0526,2949.78,2026,5,2026-05,monthly_baseload,EPIAS_VEP_daily_reference_price
2025-11-06,EBM1225,2561.08,2025,12,2025-12,monthly_baseload,EPIAS_VEP_daily_reference_price
2025-11-06,EBM0126,2407.13,2026,1,2026-01,monthly_baseload,EPIAS_VEP_daily_reference_price
2025-11-06,EBM0226,2853.43,2026,2,2026-02,monthly_baseload,EPIAS_VEP_daily_reference_price
2025-11-06,EBM0326,2514.4,2026,3,2026-03,monthly_baseload,EPIAS_VEP_daily_reference_price
2025-11-06,EBM0426,2943.2,2026,4,2026-04,monthly_baseload,EPIAS_VEP_daily_reference_price
2025-11-06,EBM0526,2949.78,2026,5,2026-05,monthly_baseload,EPIAS_VEP_daily_reference_price
2025-11-07,EBM1225,2561.08,2025,12,2025-12,monthly_baseload,EPIAS_VEP_daily_reference_price
2025-11-07,EBM0126,2407.13,2026,1,2026-01,monthly_baseload,EPIAS_VEP_daily_reference_price
2025-11-07,EBM0226,2853.43,2026,2,2026-02,monthly_baseload,EPIAS_VEP_daily_reference_price
2025-11-07,EBM0326,2514.4,2026,3,2026-03,monthly_baseload,EPIAS_VEP_daily_reference_price
2025-11-07,EBM0426,2943.2,2026,4,2026-04,monthly_baseload,EPIAS_VEP_daily_reference_price
2025-11-07,EBM0526,2949.78,2026,5,2026-05,monthly_baseload,EPIAS_VEP_daily_reference_price
2025-11-10,EBM1225,2561.08,2025,12,2025-12,monthly_baseload,EPIAS_VEP_daily_reference_price
2025-11-10,EBM0126,2407.13,2026,1,2026-01,monthly_baseload,EPIAS_VEP_daily_reference_price
2025-11-10,EBM0226,2853.43,2026,2,2026-02,monthly_baseload,EPIAS_VEP_daily_reference_price
2025-11-10,EBM0326,2514.4,2026,3,2026-03,monthly_baseload,EPIAS_VEP_daily_reference_price
2025-11-10,EBM0426,2943.2,2026,4,2026-04,monthly_baseload,EPIAS_VEP_daily_reference_price
2025-11-10,EBM0526,2949.78,2026,5,2026-05,monthly_baseload,EPIAS_VEP_daily_reference_price
2025-11-11,EBM1225,2561.08,2025,12,2025-12,monthly_baseload,EPIAS_VEP_daily_reference_price
2025-11-11,EBM0126,2407.13,2026,1,2026-01,monthly_baseload,EPIAS_VEP_daily_reference_price
2025-11-11,EBM0226,2853.43,2026,2,2026-02,monthly_baseload,EPIAS_VEP_daily_reference_price
2025-11-11,EBM0326,2514.4,2026,3,2026-03,monthly_baseload,EPIAS_VEP_daily_reference_price
2025-11-11,EBM0426,2943.2,2026,4,2026-04,monthly_baseload,EPIAS_VEP_daily_reference_price
2025-11-11,EBM0526,2949.78,2026,5,2026-05,monthly_baseload,EPIAS_VEP_daily_reference_price
2025-11-12,EBM1225,2561.08,2025,12,2025-12,monthly_baseload,EPIAS_VEP_daily_reference_price
2025-11-12,EBM0126,2407.13,2026,1,2026-01,monthly_baseload,EPIAS_VEP_daily_reference_price
2025-11-12,EBM0226,2853.43,2026,2,2026-02,monthly_baseload,EPIAS_VEP_daily_reference_price
2025-11-12,EBM0326,2514.4,2026,3,2026-03,monthly_baseload,EPIAS_VEP_daily_reference_price
2025-11-12,EBM0426,2943.2,2026,4,2026-04,monthly_baseload,EPIAS_VEP_daily_reference_price
2025-11-12,EBM0526,2949.78,2026,5,2026-05,monthly_baseload,EPIAS_VEP_daily_reference_price
2025-11-13,EBM1225,2561.08,2025,12,2025-12,monthly_baseload,EPIAS_VEP_daily_reference_price
2025-11-13,EBM0126,2407.13,2026,1,2026-01,monthly_baseload,EPIAS_VEP_daily_reference_price
2025-11-13,EBM0226,2853.43,2026,2,2026-02,monthly_baseload,EPIAS_VEP_daily_reference_price
2025-11-13,EBM0326,2514.4,2026,3,2026-03,monthly_baseload,EPIAS_VEP_daily_reference_price
2025-11-13,EBM0426,2943.2,2026,4,2026-04,monthly_baseload,EPIAS_VEP_daily_reference_price
2025-11-13,EBM0526,2949.78,2026,5,2026-05,monthly_baseload,EPIAS_VEP_daily_reference_price
2025-11-14,EBM1225,2561.08,2025,12,2025-12,monthly_baseload,EPIAS_VEP_daily_reference_price
2025-11-14,EBM0126,2407.13,2026,1,2026-01,monthly_baseload,EPIAS_VEP_daily_reference_price
2025-11-14,EBM0226,2853.43,2026,2,2026-02,monthly_baseload,EPIAS_VEP_daily_reference_price
2025-11-14,EBM0326,2514.4,2026,3,2026-03,monthly_baseload,EPIAS_VEP_daily_reference_price
2025-11-14,EBM0426,2943.2,2026,4,2026-04,monthly_baseload,EPIAS_VEP_daily_reference_price
2025-11-14,EBM0526,2949.78,2026,5,2026-05,monthly_baseload,EPIAS_VEP_daily_reference_price
2025-11-17,EBM1225,2561.08,2025,12,2025-12,monthly_baseload,EPIAS_VEP_daily_reference_price
2025-11-17,EBM0126,2407.13,2026,1,2026-01,monthly_baseload,EPIAS_VEP_daily_reference_price
2025-11-17,EBM0226,2853.43,2026,2,2026-02,monthly_baseload,EPIAS_VEP_daily_reference_price
2025-11-17,EBM0326,2514.4,2026,3,2026-03,monthly_baseload,EPIAS_VEP_daily_reference_price
2025-11-17,EBM0426,2943.2,2026,4,2026-04,monthly_baseload,EPIAS_VEP_daily_reference_price
2025-11-17,EBM0526,2949.78,2026,5,2026-05,monthly_baseload,EPIAS_VEP_daily_reference_price
2025-11-18,EBM1225,2561.08,2025,12,2025-12,monthly_baseload,EPIAS_VEP_daily_reference_price
2025-11-18,EBM0126,2407.13,2026,1,2026-01,monthly_baseload,EPIAS_VEP_daily_reference_price
2025-11-18,EBM0226,2853.43,2026,2,2026-02,monthly_baseload,EPIAS_VEP_daily_reference_price
2025-11-18,EBM0326,2514.4,2026,3,2026-03,monthly_baseload,EPIAS_VEP_daily_reference_price
2025-11-18,EBM0426,2943.2,2026,4,2026-04,monthly_baseload,EPIAS_VEP_daily_reference_price
2025-11-18,EBM0526,2949.78,2026,5,2026-05,monthly_baseload,EPIAS_VEP_daily_reference_price
2025-11-19,EBM1225,2561.08,2025,12,2025-12,monthly_baseload,EPIAS_VEP_daily_reference_price
2025-11-19,EBM0126,2407.13,2026,1,2026-01,monthly_baseload,EPIAS_VEP_daily_reference_price
2025-11-19,EBM0226,2853.43,2026,2,2026-02,monthly_baseload,EPIAS_VEP_daily_reference_price
2025-11-19,EBM0326,2514.4,2026,3,2026-03,monthly_baseload,EPIAS_VEP_daily_reference_price
2025-11-19,EBM0426,2943.2,2026,4,2026-04,monthly_baseload,EPIAS_VEP_daily_reference_price
2025-11-19,EBM0526,2949.78,2026,5,2026-05,monthly_baseload,EPIAS_VEP_daily_reference_price
2025-11-20,EBM1225,2561.08,2025,12,2025-12,monthly_baseload,EPIAS_VEP_daily_reference_price
2025-11-20,EBM0126,2407.13,2026,1,2026-01,monthly_baseload,EPIAS_VEP_daily_reference_price
2025-11-20,EBM0226,2853.43,2026,2,2026-02,monthly_baseload,EPIAS_VEP_daily_reference_price
2025-11-20,EBM0326,2514.4,2026,3,2026-03,monthly_baseload,EPIAS_VEP_daily_reference_price
2025-11-20,EBM0426,2943.2,2026,4,2026-04,monthly_baseload,EPIAS_VEP_daily_reference_price
2025-11-20,EBM0526,2949.78,2026,5,2026-05,monthly_baseload,EPIAS_VEP_daily_reference_price
2025-11-21,EBM1225,2561.08,2025,12,2025-12,monthly_baseload,EPIAS_VEP_daily_reference_price
2025-11-21,EBM0126,2407.13,2026,1,2026-01,monthly_baseload,EPIAS_VEP_daily_reference_price
2025-11-21,EBM0226,2853.43,2026,2,2026-02,monthly_baseload,EPIAS_VEP_daily_reference_price
2025-11-21,EBM0326,2514.4,2026,3,2026-03,monthly_baseload,EPIAS_VEP_daily_reference_price
2025-11-21,EBM0426,2943.2,2026,4,2026-04,monthly_baseload,EPIAS_VEP_daily_reference_price
2025-11-21,EBM0526,2949.78,2026,5,2026-05,monthly_baseload,EPIAS_VEP_daily_reference_price
2025-11-24,EBM1225,2561.08,2025,12,2025-12,monthly_baseload,EPIAS_VEP_daily_reference_price
2025-11-24,EBM0126,2407.13,2026,1,2026-01,monthly_baseload,EPIAS_VEP_daily_reference_price
2025-11-24,EBM0226,2853.43,2026,2,2026-02,monthly_baseload,EPIAS_VEP_daily_reference_price
2025-11-24,EBM0326,2514.4,2026,3,2026-03,monthly_baseload,EPIAS_VEP_daily_reference_price
2025-11-24,EBM0426,2943.2,2026,4,2026-04,monthly_baseload,EPIAS_VEP_daily_reference_price
2025-11-24,EBM0526,2949.78,2026,5,2026-05,monthly_baseload,EPIAS_VEP_daily_reference_price
2025-11-25,EBM1225,2561.08,2025,12,2025-12,monthly_baseload,EPIAS_VEP_daily_reference_price
2025-11-25,EBM0126,2407.13,2026,1,2026-01,monthly_baseload,EPIAS_VEP_daily_reference_price
2025-11-25,EBM0226,2853.43,2026,2,2026-02,monthly_baseload,EPIAS_VEP_daily_reference_price
2025-11-25,EBM0326,2514.4,2026,3,2026-03,monthly_baseload,EPIAS_VEP_daily_reference_price
2025-11-25,EBM0426,2943.2,2026,4,2026-04,monthly_baseload,EPIAS_VEP_daily_reference_price
2025-11-25,EBM0526,2949.78,2026,5,2026-05,monthly_baseload,EPIAS_VEP_daily_reference_price
2025-11-26,EBM1225,2561.08,2025,12,2025-12,monthly_baseload,EPIAS_VEP_daily_reference_price
2025-11-26,EBM0126,2407.13,2026,1,2026-01,monthly_baseload,EPIAS_VEP_daily_reference_price
2025-11-26,EBM0226,2853.43,2026,2,2026-02,monthly_baseload,EPIAS_VEP_daily_reference_price
2025-11-26,EBM0326,2514.4,2026,3,2026-03,monthly_baseload,EPIAS_VEP_daily_reference_price
2025-11-26,EBM0426,2943.2,2026,4,2026-04,monthly_baseload,EPIAS_VEP_daily_reference_price
2025-11-26,EBM0526,2949.78,2026,5,2026-05,monthly_baseload,EPIAS_VEP_daily_reference_price
2025-11-27,EBM0126,2447.25,2026,1,2026-01,monthly_baseload,EPIAS_VEP_daily_reference_price
2025-11-27,EBM0226,2900.99,2026,2,2026-02,monthly_baseload,EPIAS_VEP_daily_reference_price
2025-11-27,EBM0326,2556.31,2026,3,2026-03,monthly_baseload,EPIAS_VEP_daily_reference_price
2025-11-27,EBM0426,2500.66,2026,4,2026-04,monthly_baseload,EPIAS_VEP_daily_reference_price
2025-11-27,EBM0526,2506.25,2026,5,2026-05,monthly_baseload,EPIAS_VEP_daily_reference_price
2025-11-27,EBM0626,2245.33,2026,6,2026-06,monthly_baseload,EPIAS_VEP_daily_reference_price
2025-11-28,EBM0126,2447.25,2026,1,2026-01,monthly_baseload,EPIAS_VEP_daily_reference_price
2025-11-28,EBM0226,2900.99,2026,2,2026-02,monthly_baseload,EPIAS_VEP_daily_reference_price
2025-11-28,EBM0326,2556.31,2026,3,2026-03,monthly_baseload,EPIAS_VEP_daily_reference_price
2025-11-28,EBM0426,2500.66,2026,4,2026-04,monthly_baseload,EPIAS_VEP_daily_reference_price
2025-11-28,EBM0526,2506.25,2026,5,2026-05,monthly_baseload,EPIAS_VEP_daily_reference_price
2025-11-28,EBM0626,2245.33,2026,6,2026-06,monthly_baseload,EPIAS_VEP_daily_reference_price
2025-12-01,EBM0126,2447.25,2026,1,2026-01,monthly_baseload,EPIAS_VEP_daily_reference_price
2025-12-01,EBM0226,2900.99,2026,2,2026-02,monthly_baseload,EPIAS_VEP_daily_reference_price
2025-12-01,EBM0326,2556.31,2026,3,2026-03,monthly_baseload,EPIAS_VEP_daily_reference_price
2025-12-01,EBM0426,2500.66,2026,4,2026-04,monthly_baseload,EPIAS_VEP_daily_reference_price
2025-12-01,EBM0526,2506.25,2026,5,2026-05,monthly_baseload,EPIAS_VEP_daily_reference_price
2025-12-01,EBM0626,2245.33,2026,6,2026-06,monthly_baseload,EPIAS_VEP_daily_reference_price
2025-12-02,EBM0126,2447.25,2026,1,2026-01,monthly_baseload,EPIAS_VEP_daily_reference_price
2025-12-02,EBM0226,2900.99,2026,2,2026-02,monthly_baseload,EPIAS_VEP_daily_reference_price
2025-12-02,EBM0326,2556.31,2026,3,2026-03,monthly_baseload,EPIAS_VEP_daily_reference_price
2025-12-02,EBM0426,2500.66,2026,4,2026-04,monthly_baseload,EPIAS_VEP_daily_reference_price
2025-12-02,EBM0526,2506.25,2026,5,2026-05,monthly_baseload,EPIAS_VEP_daily_reference_price
2025-12-02,EBM0626,2245.33,2026,6,2026-06,monthly_baseload,EPIAS_VEP_daily_reference_price
2025-12-03,EBM0126,2447.25,2026,1,2026-01,monthly_baseload,EPIAS_VEP_daily_reference_price
2025-12-03,EBM0226,2900.99,2026,2,2026-02,monthly_baseload,EPIAS_VEP_daily_reference_price
2025-12-03,EBM0326,2556.31,2026,3,2026-03,monthly_baseload,EPIAS_VEP_daily_reference_price
2025-12-03,EBM0426,2500.66,2026,4,2026-04,monthly_baseload,EPIAS_VEP_daily_reference_price
2025-12-03,EBM0526,2506.25,2026,5,2026-05,monthly_baseload,EPIAS_VEP_daily_reference_price
2025-12-03,EBM0626,2245.33,2026,6,2026-06,monthly_baseload,EPIAS_VEP_daily_reference_price
2025-12-04,EBM0126,2447.25,2026,1,2026-01,monthly_baseload,EPIAS_VEP_daily_reference_price
2025-12-04,EBM0226,2900.99,2026,2,2026-02,monthly_baseload,EPIAS_VEP_daily_reference_price
2025-12-04,EBM0326,2556.31,2026,3,2026-03,monthly_baseload,EPIAS_VEP_daily_reference_price
2025-12-04,EBM0426,2500.66,2026,4,2026-04,monthly_baseload,EPIAS_VEP_daily_reference_price
2025-12-04,EBM0526,2506.25,2026,5,2026-05,monthly_baseload,EPIAS_VEP_daily_reference_price
2025-12-04,EBM0626,2245.33,2026,6,2026-06,monthly_baseload,EPIAS_VEP_daily_reference_price
2025-12-05,EBM0126,2447.25,2026,1,2026-01,monthly_baseload,EPIAS_VEP_daily_reference_price
2025-12-05,EBM0226,2900.99,2026,2,2026-02,monthly_baseload,EPIAS_VEP_daily_reference_price
2025-12-05,EBM0326,2556.31,2026,3,2026-03,monthly_baseload,EPIAS_VEP_daily_reference_price
2025-12-05,EBM0426,2500.66,2026,4,2026-04,monthly_baseload,EPIAS_VEP_daily_reference_price
2025-12-05,EBM0526,2506.25,2026,5,2026-05,monthly_baseload,EPIAS_VEP_daily_reference_price
2025-12-05,EBM0626,2245.33,2026,6,2026-06,monthly_baseload,EPIAS_VEP_daily_reference_price
2025-12-08,EBM0126,2447.25,2026,1,2026-01,monthly_baseload,EPIAS_VEP_daily_reference_price
2025-12-08,EBM0226,2900.99,2026,2,2026-02,monthly_baseload,EPIAS_VEP_daily_reference_price
2025-12-08,EBM0326,2556.31,2026,3,2026-03,monthly_baseload,EPIAS_VEP_daily_reference_price
2025-12-08,EBM0426,2500.66,2026,4,2026-04,monthly_baseload,EPIAS_VEP_daily_reference_price
2025-12-08,EBM0526,2506.25,2026,5,2026-05,monthly_baseload,EPIAS_VEP_daily_reference_price
2025-12-08,EBM0626,2245.33,2026,6,2026-06,monthly_baseload,EPIAS_VEP_daily_reference_price
2025-12-09,EBM0126,2447.25,2026,1,2026-01,monthly_baseload,EPIAS_VEP_daily_reference_price
2025-12-09,EBM0226,2900.99,2026,2,2026-02,monthly_baseload,EPIAS_VEP_daily_reference_price
2025-12-09,EBM0326,2556.31,2026,3,2026-03,monthly_baseload,EPIAS_VEP_daily_reference_price
2025-12-09,EBM0426,2500.66,2026,4,2026-04,monthly_baseload,EPIAS_VEP_daily_reference_price
2025-12-09,EBM0526,2506.25,2026,5,2026-05,monthly_baseload,EPIAS_VEP_daily_reference_price
2025-12-09,EBM0626,2245.33,2026,6,2026-06,monthly_baseload,EPIAS_VEP_daily_reference_price
2025-12-10,EBM0126,2447.25,2026,1,2026-01,monthly_baseload,EPIAS_VEP_daily_reference_price
2025-12-10,EBM0226,2900.99,2026,2,2026-02,monthly_baseload,EPIAS_VEP_daily_reference_price
2025-12-10,EBM0326,2556.31,2026,3,2026-03,monthly_baseload,EPIAS_VEP_daily_reference_price
2025-12-10,EBM0426,2500.66,2026,4,2026-04,monthly_baseload,EPIAS_VEP_daily_reference_price
2025-12-10,EBM0526,2506.25,2026,5,2026-05,monthly_baseload,EPIAS_VEP_daily_reference_price
2025-12-10,EBM0626,2245.33,2026,6,2026-06,monthly_baseload,EPIAS_VEP_daily_reference_price
2025-12-11,EBM0126,2447.25,2026,1,2026-01,monthly_baseload,EPIAS_VEP_daily_reference_price
2025-12-11,EBM0226,2900.99,2026,2,2026-02,monthly_baseload,EPIAS_VEP_daily_reference_price
2025-12-11,EBM0326,2556.31,2026,3,2026-03,monthly_baseload,EPIAS_VEP_daily_reference_price
2025-12-11,EBM0426,2500.66,2026,4,2026-04,monthly_baseload,EPIAS_VEP_daily_reference_price
2025-12-11,EBM0526,2506.25,2026,5,2026-05,monthly_baseload,EPIAS_VEP_daily_reference_price
2025-12-11,EBM0626,2245.33,2026,6,2026-06,monthly_baseload,EPIAS_VEP_daily_reference_price
2025-12-12,EBM0126,2447.25,2026,1,2026-01,monthly_baseload,EPIAS_VEP_daily_reference_price
2025-12-12,EBM0226,2900.99,2026,2,2026-02,monthly_baseload,EPIAS_VEP_daily_reference_price
2025-12-12,EBM0326,2556.31,2026,3,2026-03,monthly_baseload,EPIAS_VEP_daily_reference_price
2025-12-12,EBM0426,2500.66,2026,4,2026-04,monthly_baseload,EPIAS_VEP_daily_reference_price
2025-12-12,EBM0526,2506.25,2026,5,2026-05,monthly_baseload,EPIAS_VEP_daily_reference_price
2025-12-12,EBM0626,2245.33,2026,6,2026-06,monthly_baseload,EPIAS_VEP_daily_reference_price
2025-12-15,EBM0126,2447.25,2026,1,2026-01,monthly_baseload,EPIAS_VEP_daily_reference_price
2025-12-15,EBM0226,2900.99,2026,2,2026-02,monthly_baseload,EPIAS_VEP_daily_reference_price
2025-12-15,EBM0326,2556.31,2026,3,2026-03,monthly_baseload,EPIAS_VEP_daily_reference_price
2025-12-15,EBM0426,2500.66,2026,4,2026-04,monthly_baseload,EPIAS_VEP_daily_reference_price
2025-12-15,EBM0526,2506.25,2026,5,2026-05,monthly_baseload,EPIAS_VEP_daily_reference_price
2025-12-15,EBM0626,2245.33,2026,6,2026-06,monthly_baseload,EPIAS_VEP_daily_reference_price
2025-12-16,EBM0126,2447.25,2026,1,2026-01,monthly_baseload,EPIAS_VEP_daily_reference_price
2025-12-16,EBM0226,2900.99,2026,2,2026-02,monthly_baseload,EPIAS_VEP_daily_reference_price
2025-12-16,EBM0326,2556.31,2026,3,2026-03,monthly_baseload,EPIAS_VEP_daily_reference_price
2025-12-16,EBM0426,2500.66,2026,4,2026-04,monthly_baseload,EPIAS_VEP_daily_reference_price
2025-12-16,EBM0526,2506.25,2026,5,2026-05,monthly_baseload,EPIAS_VEP_daily_reference_price
2025-12-16,EBM0626,2245.33,2026,6,2026-06,monthly_baseload,EPIAS_VEP_daily_reference_price
2025-12-17,EBM0126,2447.25,2026,1,2026-01,monthly_baseload,EPIAS_VEP_daily_reference_price
2025-12-17,EBM0226,2900.99,2026,2,2026-02,monthly_baseload,EPIAS_VEP_daily_reference_price
2025-12-17,EBM0326,2556.31,2026,3,2026-03,monthly_baseload,EPIAS_VEP_daily_reference_price
2025-12-17,EBM0426,2500.66,2026,4,2026-04,monthly_baseload,EPIAS_VEP_daily_reference_price
2025-12-17,EBM0526,2506.25,2026,5,2026-05,monthly_baseload,EPIAS_VEP_daily_reference_price
2025-12-17,EBM0626,2245.33,2026,6,2026-06,monthly_baseload,EPIAS_VEP_daily_reference_price
2025-12-18,EBM0126,2447.25,2026,1,2026-01,monthly_baseload,EPIAS_VEP_daily_reference_price
2025-12-18,EBM0226,2900.99,2026,2,2026-02,monthly_baseload,EPIAS_VEP_daily_reference_price
2025-12-18,EBM0326,2556.31,2026,3,2026-03,monthly_baseload,EPIAS_VEP_daily_reference_price
2025-12-18,EBM0426,2500.66,2026,4,2026-04,monthly_baseload,EPIAS_VEP_daily_reference_price
2025-12-18,EBM0526,2506.25,2026,5,2026-05,monthly_baseload,EPIAS_VEP_daily_reference_price
2025-12-18,EBM0626,2245.33,2026,6,2026-06,monthly_baseload,EPIAS_VEP_daily_reference_price
2025-12-19,EBM0126,2447.25,2026,1,2026-01,monthly_baseload,EPIAS_VEP_daily_reference_price
2025-12-19,EBM0226,2900.99,2026,2,2026-02,monthly_baseload,EPIAS_VEP_daily_reference_price
2025-12-19,EBM0326,2556.31,2026,3,2026-03,monthly_baseload,EPIAS_VEP_daily_reference_price
2025-12-19,EBM0426,2500.66,2026,4,2026-04,monthly_baseload,EPIAS_VEP_daily_reference_price
2025-12-19,EBM0526,2506.25,2026,5,2026-05,monthly_baseload,EPIAS_VEP_daily_reference_price
2025-12-19,EBM0626,2245.33,2026,6,2026-06,monthly_baseload,EPIAS_VEP_daily_reference_price
2025-12-22,EBM0126,2447.25,2026,1,2026-01,monthly_baseload,EPIAS_VEP_daily_reference_price
2025-12-22,EBM0226,2900.99,2026,2,2026-02,monthly_baseload,EPIAS_VEP_daily_reference_price
2025-12-22,EBM0326,2556.31,2026,3,2026-03,monthly_baseload,EPIAS_VEP_daily_reference_price
2025-12-22,EBM0426,2500.66,2026,4,2026-04,monthly_baseload,EPIAS_VEP_daily_reference_price
2025-12-22,EBM0526,2506.25,2026,5,2026-05,monthly_baseload,EPIAS_VEP_daily_reference_price
2025-12-22,EBM0626,2245.33,2026,6,2026-06,monthly_baseload,EPIAS_VEP_daily_reference_price
2025-12-23,EBM0126,2447.25,2026,1,2026-01,monthly_baseload,EPIAS_VEP_daily_reference_price
2025-12-23,EBM0226,2900.99,2026,2,2026-02,monthly_baseload,EPIAS_VEP_daily_reference_price
2025-12-23,EBM0326,2556.31,2026,3,2026-03,monthly_baseload,EPIAS_VEP_daily_reference_price
2025-12-23,EBM0426,2500.66,2026,4,2026-04,monthly_baseload,EPIAS_VEP_daily_reference_price
2025-12-23,EBM0526,2506.25,2026,5,2026-05,monthly_baseload,EPIAS_VEP_daily_reference_price
2025-12-23,EBM0626,2245.33,2026,6,2026-06,monthly_baseload,EPIAS_VEP_daily_reference_price
2025-12-24,EBM0126,2447.25,2026,1,2026-01,monthly_baseload,EPIAS_VEP_daily_reference_price
2025-12-24,EBM0226,2900.99,2026,2,2026-02,monthly_baseload,EPIAS_VEP_daily_reference_price
2025-12-24,EBM0326,2556.31,2026,3,2026-03,monthly_baseload,EPIAS_VEP_daily_reference_price
2025-12-24,EBM0426,2500.66,2026,4,2026-04,monthly_baseload,EPIAS_VEP_daily_reference_price
2025-12-24,EBM0526,2506.25,2026,5,2026-05,monthly_baseload,EPIAS_VEP_daily_reference_price
2025-12-24,EBM0626,2245.33,2026,6,2026-06,monthly_baseload,EPIAS_VEP_daily_reference_price
2025-12-25,EBM0126,2447.25,2026,1,2026-01,monthly_baseload,EPIAS_VEP_daily_reference_price
2025-12-25,EBM0226,2900.99,2026,2,2026-02,monthly_baseload,EPIAS_VEP_daily_reference_price
2025-12-25,EBM0326,2556.31,2026,3,2026-03,monthly_baseload,EPIAS_VEP_daily_reference_price
2025-12-25,EBM0426,2500.66,2026,4,2026-04,monthly_baseload,EPIAS_VEP_daily_reference_price
2025-12-25,EBM0526,2506.25,2026,5,2026-05,monthly_baseload,EPIAS_VEP_daily_reference_price
2025-12-25,EBM0626,2245.33,2026,6,2026-06,monthly_baseload,EPIAS_VEP_daily_reference_price
2025-12-26,EBM0126,2447.25,2026,1,2026-01,monthly_baseload,EPIAS_VEP_daily_reference_price
2025-12-26,EBM0226,2900.99,2026,2,2026-02,monthly_baseload,EPIAS_VEP_daily_reference_price
2025-12-26,EBM0326,2556.31,2026,3,2026-03,monthly_baseload,EPIAS_VEP_daily_reference_price
2025-12-26,EBM0426,2500.66,2026,4,2026-04,monthly_baseload,EPIAS_VEP_daily_reference_price
2025-12-26,EBM0526,2506.25,2026,5,2026-05,monthly_baseload,EPIAS_VEP_daily_reference_price
2025-12-26,EBM0626,2245.33,2026,6,2026-06,monthly_baseload,EPIAS_VEP_daily_reference_price
2025-12-29,EBM0126,2447.25,2026,1,2026-01,monthly_baseload,EPIAS_VEP_daily_reference_price
2025-12-29,EBM0226,2900.99,2026,2,2026-02,monthly_baseload,EPIAS_VEP_daily_reference_price
2025-12-29,EBM0326,2556.31,2026,3,2026-03,monthly_baseload,EPIAS_VEP_daily_reference_price
2025-12-29,EBM0426,2500.66,2026,4,2026-04,monthly_baseload,EPIAS_VEP_daily_reference_price
2025-12-29,EBM0526,2506.25,2026,5,2026-05,monthly_baseload,EPIAS_VEP_daily_reference_price
2025-12-29,EBM0626,2245.33,2026,6,2026-06,monthly_baseload,EPIAS_VEP_daily_reference_price
2025-12-30,EBM0226,2900.99,2026,2,2026-02,monthly_baseload,EPIAS_VEP_daily_reference_price
2025-12-30,EBM0326,2556.31,2026,3,2026-03,monthly_baseload,EPIAS_VEP_daily_reference_price
2025-12-30,EBM0426,2500.66,2026,4,2026-04,monthly_baseload,EPIAS_VEP_daily_reference_price
2025-12-30,EBM0526,2506.25,2026,5,2026-05,monthly_baseload,EPIAS_VEP_daily_reference_price
2025-12-30,EBM0626,2245.33,2026,6,2026-06,monthly_baseload,EPIAS_VEP_daily_reference_price
2025-12-30,EBM0726,3558.19,2026,7,2026-07,monthly_baseload,EPIAS_VEP_daily_reference_price
2025-12-31,EBM0226,2900.99,2026,2,2026-02,monthly_baseload,EPIAS_VEP_daily_reference_price
2025-12-31,EBM0326,2556.31,2026,3,2026-03,monthly_baseload,EPIAS_VEP_daily_reference_price
2025-12-31,EBM0426,2500.66,2026,4,2026-04,monthly_baseload,EPIAS_VEP_daily_reference_price
2025-12-31,EBM0526,2506.25,2026,5,2026-05,monthly_baseload,EPIAS_VEP_daily_reference_price
2025-12-31,EBM0626,2245.33,2026,6,2026-06,monthly_baseload,EPIAS_VEP_daily_reference_price
2025-12-31,EBM0726,3558.19,2026,7,2026-07,monthly_baseload,EPIAS_VEP_daily_reference_price
2026-01-02,EBM0226,2900.99,2026,2,2026-02,monthly_baseload,EPIAS_VEP_daily_reference_price
2026-01-02,EBM0326,2556.31,2026,3,2026-03,monthly_baseload,EPIAS_VEP_daily_reference_price
2026-01-02,EBM0426,2500.66,2026,4,2026-04,monthly_baseload,EPIAS_VEP_daily_reference_price
2026-01-02,EBM0526,2506.25,2026,5,2026-05,monthly_baseload,EPIAS_VEP_daily_reference_price
2026-01-02,EBM0626,2245.33,2026,6,2026-06,monthly_baseload,EPIAS_VEP_daily_reference_price
2026-01-02,EBM0726,3558.19,2026,7,2026-07,monthly_baseload,EPIAS_VEP_daily_reference_price
2026-01-05,EBM0226,2900.99,2026,2,2026-02,monthly_baseload,EPIAS_VEP_daily_reference_price
2026-01-05,EBM0326,2556.31,2026,3,2026-03,monthly_baseload,EPIAS_VEP_daily_reference_price
2026-01-05,EBM0426,2500.66,2026,4,2026-04,monthly_baseload,EPIAS_VEP_daily_reference_price
2026-01-05,EBM0526,2506.25,2026,5,2026-05,monthly_baseload,EPIAS_VEP_daily_reference_price
2026-01-05,EBM0626,2245.33,2026,6,2026-06,monthly_baseload,EPIAS_VEP_daily_reference_price
2026-01-05,EBM0726,3558.19,2026,7,2026-07,monthly_baseload,EPIAS_VEP_daily_reference_price
2026-01-06,EBM0226,2900.99,2026,2,2026-02,monthly_baseload,EPIAS_VEP_daily_reference_price
2026-01-06,EBM0326,2556.31,2026,3,2026-03,monthly_baseload,EPIAS_VEP_daily_reference_price
2026-01-06,EBM0426,2500.66,2026,4,2026-04,monthly_baseload,EPIAS_VEP_daily_reference_price
2026-01-06,EBM0526,2506.25,2026,5,2026-05,monthly_baseload,EPIAS_VEP_daily_reference_price
2026-01-06,EBM0626,2245.33,2026,6,2026-06,monthly_baseload,EPIAS_VEP_daily_reference_price
2026-01-06,EBM0726,3558.19,2026,7,2026-07,monthly_baseload,EPIAS_VEP_daily_reference_price
2026-01-07,EBM0226,2900.99,2026,2,2026-02,monthly_baseload,EPIAS_VEP_daily_reference_price
2026-01-07,EBM0326,2556.31,2026,3,2026-03,monthly_baseload,EPIAS_VEP_daily_reference_price
2026-01-07,EBM0426,2500.66,2026,4,2026-04,monthly_baseload,EPIAS_VEP_daily_reference_price
2026-01-07,EBM0526,2506.25,2026,5,2026-05,monthly_baseload,EPIAS_VEP_daily_reference_price
2026-01-07,EBM0626,2245.33,2026,6,2026-06,monthly_baseload,EPIAS_VEP_daily_reference_price
2026-01-07,EBM0726,3558.19,2026,7,2026-07,monthly_baseload,EPIAS_VEP_daily_reference_price
2026-01-08,EBM0226,2900.99,2026,2,2026-02,monthly_baseload,EPIAS_VEP_daily_reference_price
2026-01-08,EBM0326,2556.31,2026,3,2026-03,monthly_baseload,EPIAS_VEP_daily_reference_price
2026-01-08,EBM0426,2500.66,2026,4,2026-04,monthly_baseload,EPIAS_VEP_daily_reference_price
2026-01-08,EBM0526,2506.25,2026,5,2026-05,monthly_baseload,EPIAS_VEP_daily_reference_price
2026-01-08,EBM0626,2245.33,2026,6,2026-06,monthly_baseload,EPIAS_VEP_daily_reference_price
2026-01-08,EBM0726,3558.19,2026,7,2026-07,monthly_baseload,EPIAS_VEP_daily_reference_price
2026-01-09,EBM0226,2900.99,2026,2,2026-02,monthly_baseload,EPIAS_VEP_daily_reference_price
2026-01-09,EBM0326,2556.31,2026,3,2026-03,monthly_baseload,EPIAS_VEP_daily_reference_price
2026-01-09,EBM0426,2500.66,2026,4,2026-04,monthly_baseload,EPIAS_VEP_daily_reference_price
2026-01-09,EBM0526,2506.25,2026,5,2026-05,monthly_baseload,EPIAS_VEP_daily_reference_price
2026-01-09,EBM0626,2245.33,2026,6,2026-06,monthly_baseload,EPIAS_VEP_daily_reference_price
2026-01-09,EBM0726,3558.19,2026,7,2026-07,monthly_baseload,EPIAS_VEP_daily_reference_price
2026-01-12,EBM0226,2900.99,2026,2,2026-02,monthly_baseload,EPIAS_VEP_daily_reference_price
2026-01-12,EBM0326,2556.31,2026,3,2026-03,monthly_baseload,EPIAS_VEP_daily_reference_price
2026-01-12,EBM0426,2500.66,2026,4,2026-04,monthly_baseload,EPIAS_VEP_daily_reference_price
2026-01-12,EBM0526,2506.25,2026,5,2026-05,monthly_baseload,EPIAS_VEP_daily_reference_price
2026-01-12,EBM0626,2245.33,2026,6,2026-06,monthly_baseload,EPIAS_VEP_daily_reference_price
2026-01-12,EBM0726,3558.19,2026,7,2026-07,monthly_baseload,EPIAS_VEP_daily_reference_price
2026-01-13,EBM0226,2900.99,2026,2,2026-02,monthly_baseload,EPIAS_VEP_daily_reference_price
2026-01-13,EBM0326,2556.31,2026,3,2026-03,monthly_baseload,EPIAS_VEP_daily_reference_price
2026-01-13,EBM0426,2500.66,2026,4,2026-04,monthly_baseload,EPIAS_VEP_daily_reference_price
2026-01-13,EBM0526,2506.25,2026,5,2026-05,monthly_baseload,EPIAS_VEP_daily_reference_price
2026-01-13,EBM0626,2245.33,2026,6,2026-06,monthly_baseload,EPIAS_VEP_daily_reference_price
2026-01-13,EBM0726,3558.19,2026,7,2026-07,monthly_baseload,EPIAS_VEP_daily_reference_price
2026-01-14,EBM0226,2900.99,2026,2,2026-02,monthly_baseload,EPIAS_VEP_daily_reference_price
2026-01-14,EBM0326,2556.31,2026,3,2026-03,monthly_baseload,EPIAS_VEP_daily_reference_price
2026-01-14,EBM0426,2500.66,2026,4,2026-04,monthly_baseload,EPIAS_VEP_daily_reference_price
2026-01-14,EBM0526,2506.25,2026,5,2026-05,monthly_baseload,EPIAS_VEP_daily_reference_price
2026-01-14,EBM0626,2245.33,2026,6,2026-06,monthly_baseload,EPIAS_VEP_daily_reference_price
2026-01-14,EBM0726,3558.19,2026,7,2026-07,monthly_baseload,EPIAS_VEP_daily_reference_price
2026-01-15,EBM0226,2900.99,2026,2,2026-02,monthly_baseload,EPIAS_VEP_daily_reference_price
2026-01-15,EBM0326,2556.31,2026,3,2026-03,monthly_baseload,EPIAS_VEP_daily_reference_price
2026-01-15,EBM0426,2500.66,2026,4,2026-04,monthly_baseload,EPIAS_VEP_daily_reference_price
2026-01-15,EBM0526,2506.25,2026,5,2026-05,monthly_baseload,EPIAS_VEP_daily_reference_price
2026-01-15,EBM0626,2245.33,2026,6,2026-06,monthly_baseload,EPIAS_VEP_daily_reference_price
2026-01-15,EBM0726,3558.19,2026,7,2026-07,monthly_baseload,EPIAS_VEP_daily_reference_price
2026-01-16,EBM0226,2900.99,2026,2,2026-02,monthly_baseload,EPIAS_VEP_daily_reference_price
2026-01-16,EBM0326,2556.31,2026,3,2026-03,monthly_baseload,EPIAS_VEP_daily_reference_price
2026-01-16,EBM0426,2500.66,2026,4,2026-04,monthly_baseload,EPIAS_VEP_daily_reference_price
2026-01-16,EBM0526,2506.25,2026,5,2026-05,monthly_baseload,EPIAS_VEP_daily_reference_price
2026-01-16,EBM0626,2245.33,2026,6,2026-06,monthly_baseload,EPIAS_VEP_daily_reference_price
2026-01-16,EBM0726,3558.19,2026,7,2026-07,monthly_baseload,EPIAS_VEP_daily_reference_price
2026-01-19,EBM0226,2900.99,2026,2,2026-02,monthly_baseload,EPIAS_VEP_daily_reference_price
2026-01-19,EBM0326,2556.31,2026,3,2026-03,monthly_baseload,EPIAS_VEP_daily_reference_price
2026-01-19,EBM0426,2500.66,2026,4,2026-04,monthly_baseload,EPIAS_VEP_daily_reference_price
2026-01-19,EBM0526,2506.25,2026,5,2026-05,monthly_baseload,EPIAS_VEP_daily_reference_price
2026-01-19,EBM0626,2245.33,2026,6,2026-06,monthly_baseload,EPIAS_VEP_daily_reference_price
2026-01-19,EBM0726,3558.19,2026,7,2026-07,monthly_baseload,EPIAS_VEP_daily_reference_price
2026-01-20,EBM0226,2900.99,2026,2,2026-02,monthly_baseload,EPIAS_VEP_daily_reference_price
2026-01-20,EBM0326,2556.31,2026,3,2026-03,monthly_baseload,EPIAS_VEP_daily_reference_price
2026-01-20,EBM0426,2500.66,2026,4,2026-04,monthly_baseload,EPIAS_VEP_daily_reference_price
2026-01-20,EBM0526,2506.25,2026,5,2026-05,monthly_baseload,EPIAS_VEP_daily_reference_price
2026-01-20,EBM0626,2245.33,2026,6,2026-06,monthly_baseload,EPIAS_VEP_daily_reference_price
2026-01-20,EBM0726,3558.19,2026,7,2026-07,monthly_baseload,EPIAS_VEP_daily_reference_price
2026-01-21,EBM0226,2900.99,2026,2,2026-02,monthly_baseload,EPIAS_VEP_daily_reference_price
2026-01-21,EBM0326,2556.31,2026,3,2026-03,monthly_baseload,EPIAS_VEP_daily_reference_price
2026-01-21,EBM0426,2500.66,2026,4,2026-04,monthly_baseload,EPIAS_VEP_daily_reference_price
2026-01-21,EBM0526,2506.25,2026,5,2026-05,monthly_baseload,EPIAS_VEP_daily_reference_price
2026-01-21,EBM0626,2245.33,2026,6,2026-06,monthly_baseload,EPIAS_VEP_daily_reference_price
2026-01-21,EBM0726,3558.19,2026,7,2026-07,monthly_baseload,EPIAS_VEP_daily_reference_price
2026-01-22,EBM0226,2900.99,2026,2,2026-02,monthly_baseload,EPIAS_VEP_daily_reference_price
2026-01-22,EBM0326,2556.31,2026,3,2026-03,monthly_baseload,EPIAS_VEP_daily_reference_price
2026-01-22,EBM0426,2500.66,2026,4,2026-04,monthly_baseload,EPIAS_VEP_daily_reference_price
2026-01-22,EBM0526,2506.25,2026,5,2026-05,monthly_baseload,EPIAS_VEP_daily_reference_price
2026-01-22,EBM0626,2245.33,2026,6,2026-06,monthly_baseload,EPIAS_VEP_daily_reference_price
2026-01-22,EBM0726,3558.19,2026,7,2026-07,monthly_baseload,EPIAS_VEP_daily_reference_price
2026-01-23,EBM0226,2900.99,2026,2,2026-02,monthly_baseload,EPIAS_VEP_daily_reference_price
2026-01-23,EBM0326,2556.31,2026,3,2026-03,monthly_baseload,EPIAS_VEP_daily_reference_price
2026-01-23,EBM0426,2500.66,2026,4,2026-04,monthly_baseload,EPIAS_VEP_daily_reference_price
2026-01-23,EBM0526,2506.25,2026,5,2026-05,monthly_baseload,EPIAS_VEP_daily_reference_price
2026-01-23,EBM0626,2245.33,2026,6,2026-06,monthly_baseload,EPIAS_VEP_daily_reference_price
2026-01-23,EBM0726,3558.19,2026,7,2026-07,monthly_baseload,EPIAS_VEP_daily_reference_price
2026-01-26,EBM0226,2900.99,2026,2,2026-02,monthly_baseload,EPIAS_VEP_daily_reference_price
2026-01-26,EBM0326,2556.31,2026,3,2026-03,monthly_baseload,EPIAS_VEP_daily_reference_price
2026-01-26,EBM0426,2500.66,2026,4,2026-04,monthly_baseload,EPIAS_VEP_daily_reference_price
2026-01-26,EBM0526,2506.25,2026,5,2026-05,monthly_baseload,EPIAS_VEP_daily_reference_price
2026-01-26,EBM0626,2245.33,2026,6,2026-06,monthly_baseload,EPIAS_VEP_daily_reference_price
2026-01-26,EBM0726,3558.19,2026,7,2026-07,monthly_baseload,EPIAS_VEP_daily_reference_price
2026-01-27,EBM0226,2900.99,2026,2,2026-02,monthly_baseload,EPIAS_VEP_daily_reference_price
2026-01-27,EBM0326,2556.31,2026,3,2026-03,monthly_baseload,EPIAS_VEP_daily_reference_price
2026-01-27,EBM0426,2500.66,2026,4,2026-04,monthly_baseload,EPIAS_VEP_daily_reference_price
2026-01-27,EBM0526,2506.25,2026,5,2026-05,monthly_baseload,EPIAS_VEP_daily_reference_price
2026-01-27,EBM0626,2245.33,2026,6,2026-06,monthly_baseload,EPIAS_VEP_daily_reference_price
2026-01-27,EBM0726,3558.19,2026,7,2026-07,monthly_baseload,EPIAS_VEP_daily_reference_price
2026-01-28,EBM0226,2900.99,2026,2,2026-02,monthly_baseload,EPIAS_VEP_daily_reference_price
2026-01-28,EBM0326,2556.31,2026,3,2026-03,monthly_baseload,EPIAS_VEP_daily_reference_price
2026-01-28,EBM0426,2500.66,2026,4,2026-04,monthly_baseload,EPIAS_VEP_daily_reference_price
2026-01-28,EBM0526,2506.25,2026,5,2026-05,monthly_baseload,EPIAS_VEP_daily_reference_price
2026-01-28,EBM0626,2245.33,2026,6,2026-06,monthly_baseload,EPIAS_VEP_daily_reference_price
2026-01-28,EBM0726,3558.19,2026,7,2026-07,monthly_baseload,EPIAS_VEP_daily_reference_price
2026-01-29,EBM0326,2556.31,2026,3,2026-03,monthly_baseload,EPIAS_VEP_daily_reference_price
2026-01-29,EBM0426,2500.66,2026,4,2026-04,monthly_baseload,EPIAS_VEP_daily_reference_price
2026-01-29,EBM0526,2506.25,2026,5,2026-05,monthly_baseload,EPIAS_VEP_daily_reference_price
2026-01-29,EBM0626,2245.33,2026,6,2026-06,monthly_baseload,EPIAS_VEP_daily_reference_price
2026-01-29,EBM0726,3558.19,2026,7,2026-07,monthly_baseload,EPIAS_VEP_daily_reference_price
2026-01-29,EBM0826,3527.09,2026,8,2026-08,monthly_baseload,EPIAS_VEP_daily_reference_price
2026-01-30,EBM0326,2556.31,2026,3,2026-03,monthly_baseload,EPIAS_VEP_daily_reference_price
2026-01-30,EBM0426,2500.66,2026,4,2026-04,monthly_baseload,EPIAS_VEP_daily_reference_price
2026-01-30,EBM0526,2506.25,2026,5,2026-05,monthly_baseload,EPIAS_VEP_daily_reference_price
2026-01-30,EBM0626,2245.33,2026,6,2026-06,monthly_baseload,EPIAS_VEP_daily_reference_price
2026-01-30,EBM0726,3558.19,2026,7,2026-07,monthly_baseload,EPIAS_VEP_daily_reference_price
2026-01-30,EBM0826,3527.09,2026,8,2026-08,monthly_baseload,EPIAS_VEP_daily_reference_price
2026-02-02,EBM0326,2556.31,2026,3,2026-03,monthly_baseload,EPIAS_VEP_daily_reference_price
2026-02-02,EBM0426,2500.66,2026,4,2026-04,monthly_baseload,EPIAS_VEP_daily_reference_price
2026-02-02,EBM0526,2506.25,2026,5,2026-05,monthly_baseload,EPIAS_VEP_daily_reference_price
2026-02-02,EBM0626,2245.33,2026,6,2026-06,monthly_baseload,EPIAS_VEP_daily_reference_price
2026-02-02,EBM0726,3558.19,2026,7,2026-07,monthly_baseload,EPIAS_VEP_daily_reference_price
2026-02-02,EBM0826,3527.09,2026,8,2026-08,monthly_baseload,EPIAS_VEP_daily_reference_price
2026-02-03,EBM0326,2556.31,2026,3,2026-03,monthly_baseload,EPIAS_VEP_daily_reference_price
2026-02-03,EBM0426,2500.66,2026,4,2026-04,monthly_baseload,EPIAS_VEP_daily_reference_price
2026-02-03,EBM0526,2506.25,2026,5,2026-05,monthly_baseload,EPIAS_VEP_daily_reference_price
2026-02-03,EBM0626,2245.33,2026,6,2026-06,monthly_baseload,EPIAS_VEP_daily_reference_price
2026-02-03,EBM0726,3558.19,2026,7,2026-07,monthly_baseload,EPIAS_VEP_daily_reference_price
2026-02-03,EBM0826,3527.09,2026,8,2026-08,monthly_baseload,EPIAS_VEP_daily_reference_price
2026-02-04,EBM0326,2556.31,2026,3,2026-03,monthly_baseload,EPIAS_VEP_daily_reference_price
2026-02-04,EBM0426,2500.66,2026,4,2026-04,monthly_baseload,EPIAS_VEP_daily_reference_price
2026-02-04,EBM0526,2506.25,2026,5,2026-05,monthly_baseload,EPIAS_VEP_daily_reference_price
2026-02-04,EBM0626,2245.33,2026,6,2026-06,monthly_baseload,EPIAS_VEP_daily_reference_price
2026-02-04,EBM0726,3558.19,2026,7,2026-07,monthly_baseload,EPIAS_VEP_daily_reference_price
2026-02-04,EBM0826,3527.09,2026,8,2026-08,monthly_baseload,EPIAS_VEP_daily_reference_price
2026-02-05,EBM0326,2556.31,2026,3,2026-03,monthly_baseload,EPIAS_VEP_daily_reference_price
2026-02-05,EBM0426,2500.66,2026,4,2026-04,monthly_baseload,EPIAS_VEP_daily_reference_price
2026-02-05,EBM0526,2506.25,2026,5,2026-05,monthly_baseload,EPIAS_VEP_daily_reference_price
2026-02-05,EBM0626,2245.33,2026,6,2026-06,monthly_baseload,EPIAS_VEP_daily_reference_price
2026-02-05,EBM0726,3558.19,2026,7,2026-07,monthly_baseload,EPIAS_VEP_daily_reference_price
2026-02-05,EBM0826,3527.09,2026,8,2026-08,monthly_baseload,EPIAS_VEP_daily_reference_price
2026-02-06,EBM0326,2556.31,2026,3,2026-03,monthly_baseload,EPIAS_VEP_daily_reference_price
2026-02-06,EBM0426,2500.66,2026,4,2026-04,monthly_baseload,EPIAS_VEP_daily_reference_price
2026-02-06,EBM0526,2506.25,2026,5,2026-05,monthly_baseload,EPIAS_VEP_daily_reference_price
2026-02-06,EBM0626,2245.33,2026,6,2026-06,monthly_baseload,EPIAS_VEP_daily_reference_price
2026-02-06,EBM0726,3558.19,2026,7,2026-07,monthly_baseload,EPIAS_VEP_daily_reference_price
2026-02-06,EBM0826,3527.09,2026,8,2026-08,monthly_baseload,EPIAS_VEP_daily_reference_price
2026-02-09,EBM0326,2556.31,2026,3,2026-03,monthly_baseload,EPIAS_VEP_daily_reference_price
2026-02-09,EBM0426,2500.66,2026,4,2026-04,monthly_baseload,EPIAS_VEP_daily_reference_price
2026-02-09,EBM0526,2506.25,2026,5,2026-05,monthly_baseload,EPIAS_VEP_daily_reference_price
2026-02-09,EBM0626,2245.33,2026,6,2026-06,monthly_baseload,EPIAS_VEP_daily_reference_price
2026-02-09,EBM0726,3558.19,2026,7,2026-07,monthly_baseload,EPIAS_VEP_daily_reference_price
2026-02-09,EBM0826,3527.09,2026,8,2026-08,monthly_baseload,EPIAS_VEP_daily_reference_price
2026-02-10,EBM0326,2556.31,2026,3,2026-03,monthly_baseload,EPIAS_VEP_daily_reference_price
2026-02-10,EBM0426,2500.66,2026,4,2026-04,monthly_baseload,EPIAS_VEP_daily_reference_price
2026-02-10,EBM0526,2506.25,2026,5,2026-05,monthly_baseload,EPIAS_VEP_daily_reference_price
2026-02-10,EBM0626,2245.33,2026,6,2026-06,monthly_baseload,EPIAS_VEP_daily_reference_price
2026-02-10,EBM0726,3558.19,2026,7,2026-07,monthly_baseload,EPIAS_VEP_daily_reference_price
2026-02-10,EBM0826,3527.09,2026,8,2026-08,monthly_baseload,EPIAS_VEP_daily_reference_price
2026-02-11,EBM0326,2556.31,2026,3,2026-03,monthly_baseload,EPIAS_VEP_daily_reference_price
2026-02-11,EBM0426,2500.66,2026,4,2026-04,monthly_baseload,EPIAS_VEP_daily_reference_price
2026-02-11,EBM0526,2506.25,2026,5,2026-05,monthly_baseload,EPIAS_VEP_daily_reference_price
2026-02-11,EBM0626,2245.33,2026,6,2026-06,monthly_baseload,EPIAS_VEP_daily_reference_price
2026-02-11,EBM0726,3558.19,2026,7,2026-07,monthly_baseload,EPIAS_VEP_daily_reference_price
2026-02-11,EBM0826,3527.09,2026,8,2026-08,monthly_baseload,EPIAS_VEP_daily_reference_price
2026-02-12,EBM0326,2556.31,2026,3,2026-03,monthly_baseload,EPIAS_VEP_daily_reference_price
2026-02-12,EBM0426,2500.66,2026,4,2026-04,monthly_baseload,EPIAS_VEP_daily_reference_price
2026-02-12,EBM0526,2506.25,2026,5,2026-05,monthly_baseload,EPIAS_VEP_daily_reference_price
2026-02-12,EBM0626,2245.33,2026,6,2026-06,monthly_baseload,EPIAS_VEP_daily_reference_price
2026-02-12,EBM0726,3558.19,2026,7,2026-07,monthly_baseload,EPIAS_VEP_daily_reference_price
2026-02-12,EBM0826,3527.09,2026,8,2026-08,monthly_baseload,EPIAS_VEP_daily_reference_price
2026-02-13,EBM0326,2556.31,2026,3,2026-03,monthly_baseload,EPIAS_VEP_daily_reference_price
2026-02-13,EBM0426,2500.66,2026,4,2026-04,monthly_baseload,EPIAS_VEP_daily_reference_price
2026-02-13,EBM0526,2506.25,2026,5,2026-05,monthly_baseload,EPIAS_VEP_daily_reference_price
2026-02-13,EBM0626,2245.33,2026,6,2026-06,monthly_baseload,EPIAS_VEP_daily_reference_price
2026-02-13,EBM0726,3558.19,2026,7,2026-07,monthly_baseload,EPIAS_VEP_daily_reference_price
2026-02-13,EBM0826,3527.09,2026,8,2026-08,monthly_baseload,EPIAS_VEP_daily_reference_price
2026-02-16,EBM0326,2556.31,2026,3,2026-03,monthly_baseload,EPIAS_VEP_daily_reference_price
2026-02-16,EBM0426,2500.66,2026,4,2026-04,monthly_baseload,EPIAS_VEP_daily_reference_price
2026-02-16,EBM0526,2506.25,2026,5,2026-05,monthly_baseload,EPIAS_VEP_daily_reference_price
2026-02-16,EBM0626,2245.33,2026,6,2026-06,monthly_baseload,EPIAS_VEP_daily_reference_price
2026-02-16,EBM0726,3558.19,2026,7,2026-07,monthly_baseload,EPIAS_VEP_daily_reference_price
2026-02-16,EBM0826,3527.09,2026,8,2026-08,monthly_baseload,EPIAS_VEP_daily_reference_price
2026-02-17,EBM0326,2556.31,2026,3,2026-03,monthly_baseload,EPIAS_VEP_daily_reference_price
2026-02-17,EBM0426,2500.66,2026,4,2026-04,monthly_baseload,EPIAS_VEP_daily_reference_price
2026-02-17,EBM0526,2506.25,2026,5,2026-05,monthly_baseload,EPIAS_VEP_daily_reference_price
2026-02-17,EBM0626,2245.33,2026,6,2026-06,monthly_baseload,EPIAS_VEP_daily_reference_price
2026-02-17,EBM0726,3558.19,2026,7,2026-07,monthly_baseload,EPIAS_VEP_daily_reference_price
2026-02-17,EBM0826,3527.09,2026,8,2026-08,monthly_baseload,EPIAS_VEP_daily_reference_price
2026-02-18,EBM0326,2556.31,2026,3,2026-03,monthly_baseload,EPIAS_VEP_daily_reference_price
2026-02-18,EBM0426,2500.66,2026,4,2026-04,monthly_baseload,EPIAS_VEP_daily_reference_price
2026-02-18,EBM0526,2506.25,2026,5,2026-05,monthly_baseload,EPIAS_VEP_daily_reference_price
2026-02-18,EBM0626,2245.33,2026,6,2026-06,monthly_baseload,EPIAS_VEP_daily_reference_price
2026-02-18,EBM0726,3558.19,2026,7,2026-07,monthly_baseload,EPIAS_VEP_daily_reference_price
2026-02-18,EBM0826,3527.09,2026,8,2026-08,monthly_baseload,EPIAS_VEP_daily_reference_price
2026-02-19,EBM0326,2556.31,2026,3,2026-03,monthly_baseload,EPIAS_VEP_daily_reference_price
2026-02-19,EBM0426,2500.66,2026,4,2026-04,monthly_baseload,EPIAS_VEP_daily_reference_price
2026-02-19,EBM0526,2506.25,2026,5,2026-05,monthly_baseload,EPIAS_VEP_daily_reference_price
2026-02-19,EBM0626,2245.33,2026,6,2026-06,monthly_baseload,EPIAS_VEP_daily_reference_price
2026-02-19,EBM0726,3558.19,2026,7,2026-07,monthly_baseload,EPIAS_VEP_daily_reference_price
2026-02-19,EBM0826,3527.09,2026,8,2026-08,monthly_baseload,EPIAS_VEP_daily_reference_price
2026-02-20,EBM0326,2556.31,2026,3,2026-03,monthly_baseload,EPIAS_VEP_daily_reference_price
2026-02-20,EBM0426,2500.66,2026,4,2026-04,monthly_baseload,EPIAS_VEP_daily_reference_price
2026-02-20,EBM0526,2506.25,2026,5,2026-05,monthly_baseload,EPIAS_VEP_daily_reference_price
2026-02-20,EBM0626,2245.33,2026,6,2026-06,monthly_baseload,EPIAS_VEP_daily_reference_price
2026-02-20,EBM0726,3558.19,2026,7,2026-07,monthly_baseload,EPIAS_VEP_daily_reference_price
2026-02-20,EBM0826,3527.09,2026,8,2026-08,monthly_baseload,EPIAS_VEP_daily_reference_price
2026-02-23,EBM0326,2556.31,2026,3,2026-03,monthly_baseload,EPIAS_VEP_daily_reference_price
2026-02-23,EBM0426,2500.66,2026,4,2026-04,monthly_baseload,EPIAS_VEP_daily_reference_price
2026-02-23,EBM0526,2506.25,2026,5,2026-05,monthly_baseload,EPIAS_VEP_daily_reference_price
2026-02-23,EBM0626,2245.33,2026,6,2026-06,monthly_baseload,EPIAS_VEP_daily_reference_price
2026-02-23,EBM0726,3558.19,2026,7,2026-07,monthly_baseload,EPIAS_VEP_daily_reference_price
2026-02-23,EBM0826,3527.09,2026,8,2026-08,monthly_baseload,EPIAS_VEP_daily_reference_price
2026-02-24,EBM0326,2556.31,2026,3,2026-03,monthly_baseload,EPIAS_VEP_daily_reference_price
2026-02-24,EBM0426,2500.66,2026,4,2026-04,monthly_baseload,EPIAS_VEP_daily_reference_price
2026-02-24,EBM0526,2506.25,2026,5,2026-05,monthly_baseload,EPIAS_VEP_daily_reference_price
2026-02-24,EBM0626,2245.33,2026,6,2026-06,monthly_baseload,EPIAS_VEP_daily_reference_price
2026-02-24,EBM0726,3558.19,2026,7,2026-07,monthly_baseload,EPIAS_VEP_daily_reference_price
2026-02-24,EBM0826,3527.09,2026,8,2026-08,monthly_baseload,EPIAS_VEP_daily_reference_price
2026-02-25,EBM0326,2556.31,2026,3,2026-03,monthly_baseload,EPIAS_VEP_daily_reference_price
2026-02-25,EBM0426,2500.66,2026,4,2026-04,monthly_baseload,EPIAS_VEP_daily_reference_price
2026-02-25,EBM0526,2506.25,2026,5,2026-05,monthly_baseload,EPIAS_VEP_daily_reference_price
2026-02-25,EBM0626,2245.33,2026,6,2026-06,monthly_baseload,EPIAS_VEP_daily_reference_price
2026-02-25,EBM0726,3558.19,2026,7,2026-07,monthly_baseload,EPIAS_VEP_daily_reference_price
2026-02-25,EBM0826,3527.09,2026,8,2026-08,monthly_baseload,EPIAS_VEP_daily_reference_price
2026-02-26,EBM0426,2500.66,2026,4,2026-04,monthly_baseload,EPIAS_VEP_daily_reference_price
2026-02-26,EBM0526,2506.25,2026,5,2026-05,monthly_baseload,EPIAS_VEP_daily_reference_price
2026-02-26,EBM0626,2245.33,2026,6,2026-06,monthly_baseload,EPIAS_VEP_daily_reference_price
2026-02-26,EBM0726,3108.02,2026,7,2026-07,monthly_baseload,EPIAS_VEP_daily_reference_price
2026-02-26,EBM0826,3080.85,2026,8,2026-08,monthly_baseload,EPIAS_VEP_daily_reference_price
2026-02-26,EBM0926,2860.5,2026,9,2026-09,monthly_baseload,EPIAS_VEP_daily_reference_price
2026-02-27,EBM0426,2500.66,2026,4,2026-04,monthly_baseload,EPIAS_VEP_daily_reference_price
2026-02-27,EBM0526,2506.25,2026,5,2026-05,monthly_baseload,EPIAS_VEP_daily_reference_price
2026-02-27,EBM0626,2245.33,2026,6,2026-06,monthly_baseload,EPIAS_VEP_daily_reference_price
2026-02-27,EBM0726,3108.02,2026,7,2026-07,monthly_baseload,EPIAS_VEP_daily_reference_price
2026-02-27,EBM0826,3080.85,2026,8,2026-08,monthly_baseload,EPIAS_VEP_daily_reference_price
2026-02-27,EBM0926,2860.5,2026,9,2026-09,monthly_baseload,EPIAS_VEP_daily_reference_price
2026-03-02,EBM0426,2500.66,2026,4,2026-04,monthly_baseload,EPIAS_VEP_daily_reference_price
2026-03-02,EBM0526,2506.25,2026,5,2026-05,monthly_baseload,EPIAS_VEP_daily_reference_price
2026-03-02,EBM0626,2245.33,2026,6,2026-06,monthly_baseload,EPIAS_VEP_daily_reference_price
2026-03-02,EBM0726,3108.02,2026,7,2026-07,monthly_baseload,EPIAS_VEP_daily_reference_price
2026-03-02,EBM0826,3080.85,2026,8,2026-08,monthly_baseload,EPIAS_VEP_daily_reference_price
2026-03-02,EBM0926,2860.5,2026,9,2026-09,monthly_baseload,EPIAS_VEP_daily_reference_price
2026-03-03,EBM0426,2500.66,2026,4,2026-04,monthly_baseload,EPIAS_VEP_daily_reference_price
2026-03-03,EBM0526,2506.25,2026,5,2026-05,monthly_baseload,EPIAS_VEP_daily_reference_price
2026-03-03,EBM0626,2245.33,2026,6,2026-06,monthly_baseload,EPIAS_VEP_daily_reference_price
2026-03-03,EBM0726,3108.02,2026,7,2026-07,monthly_baseload,EPIAS_VEP_daily_reference_price
2026-03-03,EBM0826,3080.85,2026,8,2026-08,monthly_baseload,EPIAS_VEP_daily_reference_price
2026-03-03,EBM0926,2860.5,2026,9,2026-09,monthly_baseload,EPIAS_VEP_daily_reference_price
2026-03-04,EBM0426,2500.66,2026,4,2026-04,monthly_baseload,EPIAS_VEP_daily_reference_price
2026-03-04,EBM0526,2506.25,2026,5,2026-05,monthly_baseload,EPIAS_VEP_daily_reference_price
2026-03-04,EBM0626,2245.33,2026,6,2026-06,monthly_baseload,EPIAS_VEP_daily_reference_price
2026-03-04,EBM0726,3108.02,2026,7,2026-07,monthly_baseload,EPIAS_VEP_daily_reference_price
2026-03-04,EBM0826,3080.85,2026,8,2026-08,monthly_baseload,EPIAS_VEP_daily_reference_price
2026-03-04,EBM0926,2860.5,2026,9,2026-09,monthly_baseload,EPIAS_VEP_daily_reference_price
2026-03-05,EBM0426,2500.66,2026,4,2026-04,monthly_baseload,EPIAS_VEP_daily_reference_price
2026-03-05,EBM0526,2506.25,2026,5,2026-05,monthly_baseload,EPIAS_VEP_daily_reference_price
2026-03-05,EBM0626,2245.33,2026,6,2026-06,monthly_baseload,EPIAS_VEP_daily_reference_price
2026-03-05,EBM0726,3108.02,2026,7,2026-07,monthly_baseload,EPIAS_VEP_daily_reference_price
2026-03-05,EBM0826,3080.85,2026,8,2026-08,monthly_baseload,EPIAS_VEP_daily_reference_price
2026-03-05,EBM0926,2860.5,2026,9,2026-09,monthly_baseload,EPIAS_VEP_daily_reference_price
2026-03-06,EBM0426,2500.66,2026,4,2026-04,monthly_baseload,EPIAS_VEP_daily_reference_price
2026-03-06,EBM0526,2506.25,2026,5,2026-05,monthly_baseload,EPIAS_VEP_daily_reference_price
2026-03-06,EBM0626,2245.33,2026,6,2026-06,monthly_baseload,EPIAS_VEP_daily_reference_price
2026-03-06,EBM0726,3108.02,2026,7,2026-07,monthly_baseload,EPIAS_VEP_daily_reference_price
2026-03-06,EBM0826,3080.85,2026,8,2026-08,monthly_baseload,EPIAS_VEP_daily_reference_price
2026-03-06,EBM0926,2860.5,2026,9,2026-09,monthly_baseload,EPIAS_VEP_daily_reference_price
2026-03-09,EBM0426,2500.66,2026,4,2026-04,monthly_baseload,EPIAS_VEP_daily_reference_price
2026-03-09,EBM0526,2506.25,2026,5,2026-05,monthly_baseload,EPIAS_VEP_daily_reference_price
2026-03-09,EBM0626,2245.33,2026,6,2026-06,monthly_baseload,EPIAS_VEP_daily_reference_price
2026-03-09,EBM0726,3108.02,2026,7,2026-07,monthly_baseload,EPIAS_VEP_daily_reference_price
2026-03-09,EBM0826,3080.85,2026,8,2026-08,monthly_baseload,EPIAS_VEP_daily_reference_price
2026-03-09,EBM0926,2860.5,2026,9,2026-09,monthly_baseload,EPIAS_VEP_daily_reference_price
2026-03-10,EBM0426,2500.66,2026,4,2026-04,monthly_baseload,EPIAS_VEP_daily_reference_price
2026-03-10,EBM0526,2506.25,2026,5,2026-05,monthly_baseload,EPIAS_VEP_daily_reference_price
2026-03-10,EBM0626,2245.33,2026,6,2026-06,monthly_baseload,EPIAS_VEP_daily_reference_price
2026-03-10,EBM0726,3108.02,2026,7,2026-07,monthly_baseload,EPIAS_VEP_daily_reference_price
2026-03-10,EBM0826,3080.85,2026,8,2026-08,monthly_baseload,EPIAS_VEP_daily_reference_price
2026-03-10,EBM0926,2860.5,2026,9,2026-09,monthly_baseload,EPIAS_VEP_daily_reference_price
2026-03-11,EBM0426,2500.66,2026,4,2026-04,monthly_baseload,EPIAS_VEP_daily_reference_price
2026-03-11,EBM0526,2506.25,2026,5,2026-05,monthly_baseload,EPIAS_VEP_daily_reference_price
2026-03-11,EBM0626,2245.33,2026,6,2026-06,monthly_baseload,EPIAS_VEP_daily_reference_price
2026-03-11,EBM0726,3108.02,2026,7,2026-07,monthly_baseload,EPIAS_VEP_daily_reference_price
2026-03-11,EBM0826,3080.85,2026,8,2026-08,monthly_baseload,EPIAS_VEP_daily_reference_price
2026-03-11,EBM0926,2860.5,2026,9,2026-09,monthly_baseload,EPIAS_VEP_daily_reference_price
2026-03-12,EBM0426,2500.66,2026,4,2026-04,monthly_baseload,EPIAS_VEP_daily_reference_price
2026-03-12,EBM0526,2506.25,2026,5,2026-05,monthly_baseload,EPIAS_VEP_daily_reference_price
2026-03-12,EBM0626,2245.33,2026,6,2026-06,monthly_baseload,EPIAS_VEP_daily_reference_price
2026-03-12,EBM0726,3108.02,2026,7,2026-07,monthly_baseload,EPIAS_VEP_daily_reference_price
2026-03-12,EBM0826,3080.85,2026,8,2026-08,monthly_baseload,EPIAS_VEP_daily_reference_price
2026-03-12,EBM0926,2860.5,2026,9,2026-09,monthly_baseload,EPIAS_VEP_daily_reference_price
2026-03-13,EBM0426,2500.66,2026,4,2026-04,monthly_baseload,EPIAS_VEP_daily_reference_price
2026-03-13,EBM0526,2506.25,2026,5,2026-05,monthly_baseload,EPIAS_VEP_daily_reference_price
2026-03-13,EBM0626,2245.33,2026,6,2026-06,monthly_baseload,EPIAS_VEP_daily_reference_price
2026-03-13,EBM0726,3108.02,2026,7,2026-07,monthly_baseload,EPIAS_VEP_daily_reference_price
2026-03-13,EBM0826,3080.85,2026,8,2026-08,monthly_baseload,EPIAS_VEP_daily_reference_price
2026-03-13,EBM0926,2860.5,2026,9,2026-09,monthly_baseload,EPIAS_VEP_daily_reference_price
2026-03-16,EBM0426,2500.66,2026,4,2026-04,monthly_baseload,EPIAS_VEP_daily_reference_price
2026-03-16,EBM0526,2506.25,2026,5,2026-05,monthly_baseload,EPIAS_VEP_daily_reference_price
2026-03-16,EBM0626,2245.33,2026,6,2026-06,monthly_baseload,EPIAS_VEP_daily_reference_price
2026-03-16,EBM0726,3108.02,2026,7,2026-07,monthly_baseload,EPIAS_VEP_daily_reference_price
2026-03-16,EBM0826,3080.85,2026,8,2026-08,monthly_baseload,EPIAS_VEP_daily_reference_price
2026-03-16,EBM0926,2860.5,2026,9,2026-09,monthly_baseload,EPIAS_VEP_daily_reference_price
2026-03-17,EBM0426,2500.66,2026,4,2026-04,monthly_baseload,EPIAS_VEP_daily_reference_price
2026-03-17,EBM0526,2506.25,2026,5,2026-05,monthly_baseload,EPIAS_VEP_daily_reference_price
2026-03-17,EBM0626,2245.33,2026,6,2026-06,monthly_baseload,EPIAS_VEP_daily_reference_price
2026-03-17,EBM0726,3108.02,2026,7,2026-07,monthly_baseload,EPIAS_VEP_daily_reference_price
2026-03-17,EBM0826,3080.85,2026,8,2026-08,monthly_baseload,EPIAS_VEP_daily_reference_price
2026-03-17,EBM0926,2860.5,2026,9,2026-09,monthly_baseload,EPIAS_VEP_daily_reference_price
2026-03-18,EBM0426,2500.66,2026,4,2026-04,monthly_baseload,EPIAS_VEP_daily_reference_price
2026-03-18,EBM0526,2506.25,2026,5,2026-05,monthly_baseload,EPIAS_VEP_daily_reference_price
2026-03-18,EBM0626,2245.33,2026,6,2026-06,monthly_baseload,EPIAS_VEP_daily_reference_price
2026-03-18,EBM0726,3108.02,2026,7,2026-07,monthly_baseload,EPIAS_VEP_daily_reference_price
2026-03-18,EBM0826,3080.85,2026,8,2026-08,monthly_baseload,EPIAS_VEP_daily_reference_price
2026-03-18,EBM0926,2860.5,2026,9,2026-09,monthly_baseload,EPIAS_VEP_daily_reference_price
2026-03-23,EBM0426,2500.66,2026,4,2026-04,monthly_baseload,EPIAS_VEP_daily_reference_price
2026-03-23,EBM0526,2506.25,2026,5,2026-05,monthly_baseload,EPIAS_VEP_daily_reference_price
2026-03-23,EBM0626,2245.33,2026,6,2026-06,monthly_baseload,EPIAS_VEP_daily_reference_price
2026-03-23,EBM0726,3108.02,2026,7,2026-07,monthly_baseload,EPIAS_VEP_daily_reference_price
2026-03-23,EBM0826,3080.85,2026,8,2026-08,monthly_baseload,EPIAS_VEP_daily_reference_price
2026-03-23,EBM0926,2860.5,2026,9,2026-09,monthly_baseload,EPIAS_VEP_daily_reference_price
2026-03-24,EBM0426,2500.66,2026,4,2026-04,monthly_baseload,EPIAS_VEP_daily_reference_price
2026-03-24,EBM0526,2506.25,2026,5,2026-05,monthly_baseload,EPIAS_VEP_daily_reference_price
2026-03-24,EBM0626,2245.33,2026,6,2026-06,monthly_baseload,EPIAS_VEP_daily_reference_price
2026-03-24,EBM0726,3108.02,2026,7,2026-07,monthly_baseload,EPIAS_VEP_daily_reference_price
2026-03-24,EBM0826,3080.85,2026,8,2026-08,monthly_baseload,EPIAS_VEP_daily_reference_price
2026-03-24,EBM0926,2860.5,2026,9,2026-09,monthly_baseload,EPIAS_VEP_daily_reference_price
2026-03-25,EBM0426,2500.66,2026,4,2026-04,monthly_baseload,EPIAS_VEP_daily_reference_price
2026-03-25,EBM0526,2506.25,2026,5,2026-05,monthly_baseload,EPIAS_VEP_daily_reference_price
2026-03-25,EBM0626,2245.33,2026,6,2026-06,monthly_baseload,EPIAS_VEP_daily_reference_price
2026-03-25,EBM0726,3108.02,2026,7,2026-07,monthly_baseload,EPIAS_VEP_daily_reference_price
2026-03-25,EBM0826,3080.85,2026,8,2026-08,monthly_baseload,EPIAS_VEP_daily_reference_price
2026-03-25,EBM0926,2860.5,2026,9,2026-09,monthly_baseload,EPIAS_VEP_daily_reference_price
2026-03-26,EBM0426,2500.66,2026,4,2026-04,monthly_baseload,EPIAS_VEP_daily_reference_price
2026-03-26,EBM0526,2506.25,2026,5,2026-05,monthly_baseload,EPIAS_VEP_daily_reference_price
2026-03-26,EBM0626,2245.33,2026,6,2026-06,monthly_baseload,EPIAS_VEP_daily_reference_price
2026-03-26,EBM0726,3108.02,2026,7,2026-07,monthly_baseload,EPIAS_VEP_daily_reference_price
2026-03-26,EBM0826,3080.85,2026,8,2026-08,monthly_baseload,EPIAS_VEP_daily_reference_price
2026-03-26,EBM0926,2860.5,2026,9,2026-09,monthly_baseload,EPIAS_VEP_daily_reference_price
2026-03-27,EBM0426,2500.66,2026,4,2026-04,monthly_baseload,EPIAS_VEP_daily_reference_price
2026-03-27,EBM0526,2506.25,2026,5,2026-05,monthly_baseload,EPIAS_VEP_daily_reference_price
2026-03-27,EBM0626,2245.33,2026,6,2026-06,monthly_baseload,EPIAS_VEP_daily_reference_price
2026-03-27,EBM0726,3108.02,2026,7,2026-07,monthly_baseload,EPIAS_VEP_daily_reference_price
2026-03-27,EBM0826,3080.85,2026,8,2026-08,monthly_baseload,EPIAS_VEP_daily_reference_price
2026-03-27,EBM0926,2860.5,2026,9,2026-09,monthly_baseload,EPIAS_VEP_daily_reference_price
2026-03-30,EBM0526,2506.25,2026,5,2026-05,monthly_baseload,EPIAS_VEP_daily_reference_price
2026-03-30,EBM0626,2245.33,2026,6,2026-06,monthly_baseload,EPIAS_VEP_daily_reference_price
2026-03-30,EBM0726,3108.02,2026,7,2026-07,monthly_baseload,EPIAS_VEP_daily_reference_price
2026-03-30,EBM0826,3080.85,2026,8,2026-08,monthly_baseload,EPIAS_VEP_daily_reference_price
2026-03-30,EBM0926,2860.5,2026,9,2026-09,monthly_baseload,EPIAS_VEP_daily_reference_price
2026-03-30,EBM1026,3013.45,2026,10,2026-10,monthly_baseload,EPIAS_VEP_daily_reference_price
2026-03-31,EBM0526,2506.25,2026,5,2026-05,monthly_baseload,EPIAS_VEP_daily_reference_price
2026-03-31,EBM0626,2245.33,2026,6,2026-06,monthly_baseload,EPIAS_VEP_daily_reference_price
2026-03-31,EBM0726,3108.02,2026,7,2026-07,monthly_baseload,EPIAS_VEP_daily_reference_price
2026-03-31,EBM0826,3080.85,2026,8,2026-08,monthly_baseload,EPIAS_VEP_daily_reference_price
2026-03-31,EBM0926,2860.5,2026,9,2026-09,monthly_baseload,EPIAS_VEP_daily_reference_price
2026-03-31,EBM1026,3013.45,2026,10,2026-10,monthly_baseload,EPIAS_VEP_daily_reference_price
2026-04-01,EBM0526,2506.25,2026,5,2026-05,monthly_baseload,EPIAS_VEP_daily_reference_price
2026-04-01,EBM0626,2245.33,2026,6,2026-06,monthly_baseload,EPIAS_VEP_daily_reference_price
2026-04-01,EBM0726,3108.02,2026,7,2026-07,monthly_baseload,EPIAS_VEP_daily_reference_price
2026-04-01,EBM0826,3080.85,2026,8,2026-08,monthly_baseload,EPIAS_VEP_daily_reference_price
2026-04-01,EBM0926,2860.5,2026,9,2026-09,monthly_baseload,EPIAS_VEP_daily_reference_price
2026-04-01,EBM1026,3013.45,2026,10,2026-10,monthly_baseload,EPIAS_VEP_daily_reference_price
2026-04-02,EBM0526,2506.25,2026,5,2026-05,monthly_baseload,EPIAS_VEP_daily_reference_price
2026-04-02,EBM0626,2245.33,2026,6,2026-06,monthly_baseload,EPIAS_VEP_daily_reference_price
2026-04-02,EBM0726,3108.02,2026,7,2026-07,monthly_baseload,EPIAS_VEP_daily_reference_price
2026-04-02,EBM0826,3080.85,2026,8,2026-08,monthly_baseload,EPIAS_VEP_daily_reference_price
2026-04-02,EBM0926,2860.5,2026,9,2026-09,monthly_baseload,EPIAS_VEP_daily_reference_price
2026-04-02,EBM1026,3013.45,2026,10,2026-10,monthly_baseload,EPIAS_VEP_daily_reference_price
2026-04-03,EBM0526,2506.25,2026,5,2026-05,monthly_baseload,EPIAS_VEP_daily_reference_price
2026-04-03,EBM0626,2245.33,2026,6,2026-06,monthly_baseload,EPIAS_VEP_daily_reference_price
2026-04-03,EBM0726,3108.02,2026,7,2026-07,monthly_baseload,EPIAS_VEP_daily_reference_price
2026-04-03,EBM0826,3080.85,2026,8,2026-08,monthly_baseload,EPIAS_VEP_daily_reference_price
2026-04-03,EBM0926,2860.5,2026,9,2026-09,monthly_baseload,EPIAS_VEP_daily_reference_price
2026-04-03,EBM1026,3013.45,2026,10,2026-10,monthly_baseload,EPIAS_VEP_daily_reference_price
2026-04-06,EBM0526,2506.25,2026,5,2026-05,monthly_baseload,EPIAS_VEP_daily_reference_price
2026-04-06,EBM0626,2245.33,2026,6,2026-06,monthly_baseload,EPIAS_VEP_daily_reference_price
2026-04-06,EBM0726,3108.02,2026,7,2026-07,monthly_baseload,EPIAS_VEP_daily_reference_price
2026-04-06,EBM0826,3080.85,2026,8,2026-08,monthly_baseload,EPIAS_VEP_daily_reference_price
2026-04-06,EBM0926,2860.5,2026,9,2026-09,monthly_baseload,EPIAS_VEP_daily_reference_price
2026-04-06,EBM1026,3013.45,2026,10,2026-10,monthly_baseload,EPIAS_VEP_daily_reference_price
2026-04-07,EBM0526,2506.25,2026,5,2026-05,monthly_baseload,EPIAS_VEP_daily_reference_price
2026-04-07,EBM0626,2245.33,2026,6,2026-06,monthly_baseload,EPIAS_VEP_daily_reference_price
2026-04-07,EBM0726,3108.02,2026,7,2026-07,monthly_baseload,EPIAS_VEP_daily_reference_price
2026-04-07,EBM0826,3080.85,2026,8,2026-08,monthly_baseload,EPIAS_VEP_daily_reference_price
2026-04-07,EBM0926,2860.5,2026,9,2026-09,monthly_baseload,EPIAS_VEP_daily_reference_price
2026-04-07,EBM1026,3013.45,2026,10,2026-10,monthly_baseload,EPIAS_VEP_daily_reference_price
2026-04-08,EBM0526,2506.25,2026,5,2026-05,monthly_baseload,EPIAS_VEP_daily_reference_price
2026-04-08,EBM0626,2245.33,2026,6,2026-06,monthly_baseload,EPIAS_VEP_daily_reference_price
2026-04-08,EBM0726,3108.02,2026,7,2026-07,monthly_baseload,EPIAS_VEP_daily_reference_price
2026-04-08,EBM0826,3080.85,2026,8,2026-08,monthly_baseload,EPIAS_VEP_daily_reference_price
2026-04-08,EBM0926,2860.5,2026,9,2026-09,monthly_baseload,EPIAS_VEP_daily_reference_price
2026-04-08,EBM1026,3013.45,2026,10,2026-10,monthly_baseload,EPIAS_VEP_daily_reference_price
2026-04-09,EBM0526,2506.25,2026,5,2026-05,monthly_baseload,EPIAS_VEP_daily_reference_price
2026-04-09,EBM0626,2245.33,2026,6,2026-06,monthly_baseload,EPIAS_VEP_daily_reference_price
2026-04-09,EBM0726,3108.02,2026,7,2026-07,monthly_baseload,EPIAS_VEP_daily_reference_price
2026-04-09,EBM0826,3080.85,2026,8,2026-08,monthly_baseload,EPIAS_VEP_daily_reference_price
2026-04-09,EBM0926,2860.5,2026,9,2026-09,monthly_baseload,EPIAS_VEP_daily_reference_price
2026-04-09,EBM1026,3013.45,2026,10,2026-10,monthly_baseload,EPIAS_VEP_daily_reference_price
2026-04-10,EBM0526,2506.25,2026,5,2026-05,monthly_baseload,EPIAS_VEP_daily_reference_price
2026-04-10,EBM0626,2245.33,2026,6,2026-06,monthly_baseload,EPIAS_VEP_daily_reference_price
2026-04-10,EBM0726,3108.02,2026,7,2026-07,monthly_baseload,EPIAS_VEP_daily_reference_price
2026-04-10,EBM0826,3080.85,2026,8,2026-08,monthly_baseload,EPIAS_VEP_daily_reference_price
2026-04-10,EBM0926,2860.5,2026,9,2026-09,monthly_baseload,EPIAS_VEP_daily_reference_price
2026-04-10,EBM1026,3013.45,2026,10,2026-10,monthly_baseload,EPIAS_VEP_daily_reference_price
2026-04-13,EBM0526,2506.25,2026,5,2026-05,monthly_baseload,EPIAS_VEP_daily_reference_price
2026-04-13,EBM0626,2245.33,2026,6,2026-06,monthly_baseload,EPIAS_VEP_daily_reference_price
2026-04-13,EBM0726,3108.02,2026,7,2026-07,monthly_baseload,EPIAS_VEP_daily_reference_price
2026-04-13,EBM0826,3080.85,2026,8,2026-08,monthly_baseload,EPIAS_VEP_daily_reference_price
2026-04-13,EBM0926,2860.5,2026,9,2026-09,monthly_baseload,EPIAS_VEP_daily_reference_price
2026-04-13,EBM1026,3013.45,2026,10,2026-10,monthly_baseload,EPIAS_VEP_daily_reference_price
2026-04-14,EBM0526,2506.25,2026,5,2026-05,monthly_baseload,EPIAS_VEP_daily_reference_price
2026-04-14,EBM0626,2245.33,2026,6,2026-06,monthly_baseload,EPIAS_VEP_daily_reference_price
2026-04-14,EBM0726,3108.02,2026,7,2026-07,monthly_baseload,EPIAS_VEP_daily_reference_price
2026-04-14,EBM0826,3080.85,2026,8,2026-08,monthly_baseload,EPIAS_VEP_daily_reference_price
2026-04-14,EBM0926,2860.5,2026,9,2026-09,monthly_baseload,EPIAS_VEP_daily_reference_price
2026-04-14,EBM1026,3013.45,2026,10,2026-10,monthly_baseload,EPIAS_VEP_daily_reference_price
2026-04-15,EBM0526,2506.25,2026,5,2026-05,monthly_baseload,EPIAS_VEP_daily_reference_price
2026-04-15,EBM0626,2245.33,2026,6,2026-06,monthly_baseload,EPIAS_VEP_daily_reference_price
2026-04-15,EBM0726,3108.02,2026,7,2026-07,monthly_baseload,EPIAS_VEP_daily_reference_price
2026-04-15,EBM0826,3080.85,2026,8,2026-08,monthly_baseload,EPIAS_VEP_daily_reference_price
2026-04-15,EBM0926,2860.5,2026,9,2026-09,monthly_baseload,EPIAS_VEP_daily_reference_price
2026-04-15,EBM1026,3013.45,2026,10,2026-10,monthly_baseload,EPIAS_VEP_daily_reference_price
2026-04-16,EBM0526,2506.25,2026,5,2026-05,monthly_baseload,EPIAS_VEP_daily_reference_price
2026-04-16,EBM0626,2245.33,2026,6,2026-06,monthly_baseload,EPIAS_VEP_daily_reference_price
2026-04-16,EBM0726,3108.02,2026,7,2026-07,monthly_baseload,EPIAS_VEP_daily_reference_price
2026-04-16,EBM0826,3080.85,2026,8,2026-08,monthly_baseload,EPIAS_VEP_daily_reference_price
2026-04-16,EBM0926,2860.5,2026,9,2026-09,monthly_baseload,EPIAS_VEP_daily_reference_price
2026-04-16,EBM1026,3013.45,2026,10,2026-10,monthly_baseload,EPIAS_VEP_daily_reference_price
2026-04-17,EBM0526,2506.25,2026,5,2026-05,monthly_baseload,EPIAS_VEP_daily_reference_price
2026-04-17,EBM0626,2245.33,2026,6,2026-06,monthly_baseload,EPIAS_VEP_daily_reference_price
2026-04-17,EBM0726,3108.02,2026,7,2026-07,monthly_baseload,EPIAS_VEP_daily_reference_price
2026-04-17,EBM0826,3080.85,2026,8,2026-08,monthly_baseload,EPIAS_VEP_daily_reference_price
2026-04-17,EBM0926,2860.5,2026,9,2026-09,monthly_baseload,EPIAS_VEP_daily_reference_price
2026-04-17,EBM1026,3013.45,2026,10,2026-10,monthly_baseload,EPIAS_VEP_daily_reference_price
2026-04-20,EBM0526,2506.25,2026,5,2026-05,monthly_baseload,EPIAS_VEP_daily_reference_price
2026-04-20,EBM0626,2245.33,2026,6,2026-06,monthly_baseload,EPIAS_VEP_daily_reference_price
2026-04-20,EBM0726,3108.02,2026,7,2026-07,monthly_baseload,EPIAS_VEP_daily_reference_price
2026-04-20,EBM0826,3080.85,2026,8,2026-08,monthly_baseload,EPIAS_VEP_daily_reference_price
2026-04-20,EBM0926,2860.5,2026,9,2026-09,monthly_baseload,EPIAS_VEP_daily_reference_price
2026-04-20,EBM1026,3013.45,2026,10,2026-10,monthly_baseload,EPIAS_VEP_daily_reference_price
2026-04-21,EBM0526,2506.25,2026,5,2026-05,monthly_baseload,EPIAS_VEP_daily_reference_price
2026-04-21,EBM0626,2245.33,2026,6,2026-06,monthly_baseload,EPIAS_VEP_daily_reference_price
2026-04-21,EBM0726,3108.02,2026,7,2026-07,monthly_baseload,EPIAS_VEP_daily_reference_price
2026-04-21,EBM0826,3080.85,2026,8,2026-08,monthly_baseload,EPIAS_VEP_daily_reference_price
2026-04-21,EBM0926,2860.5,2026,9,2026-09,monthly_baseload,EPIAS_VEP_daily_reference_price
2026-04-21,EBM1026,3013.45,2026,10,2026-10,monthly_baseload,EPIAS_VEP_daily_reference_price
2026-04-22,EBM0526,2506.25,2026,5,2026-05,monthly_baseload,EPIAS_VEP_daily_reference_price
2026-04-22,EBM0626,2245.33,2026,6,2026-06,monthly_baseload,EPIAS_VEP_daily_reference_price
2026-04-22,EBM0726,3108.02,2026,7,2026-07,monthly_baseload,EPIAS_VEP_daily_reference_price
2026-04-22,EBM0826,3080.85,2026,8,2026-08,monthly_baseload,EPIAS_VEP_daily_reference_price
2026-04-22,EBM0926,2860.5,2026,9,2026-09,monthly_baseload,EPIAS_VEP_daily_reference_price
2026-04-22,EBM1026,3013.45,2026,10,2026-10,monthly_baseload,EPIAS_VEP_daily_reference_price
2026-04-24,EBM0526,2506.25,2026,5,2026-05,monthly_baseload,EPIAS_VEP_daily_reference_price
2026-04-24,EBM0626,2245.33,2026,6,2026-06,monthly_baseload,EPIAS_VEP_daily_reference_price
2026-04-24,EBM0726,3108.02,2026,7,2026-07,monthly_baseload,EPIAS_VEP_daily_reference_price
2026-04-24,EBM0826,3080.85,2026,8,2026-08,monthly_baseload,EPIAS_VEP_daily_reference_price
2026-04-24,EBM0926,2860.5,2026,9,2026-09,monthly_baseload,EPIAS_VEP_daily_reference_price
2026-04-24,EBM1026,3013.45,2026,10,2026-10,monthly_baseload,EPIAS_VEP_daily_reference_price
2026-04-27,EBM0526,2506.25,2026,5,2026-05,monthly_baseload,EPIAS_VEP_daily_reference_price
2026-04-27,EBM0626,2245.33,2026,6,2026-06,monthly_baseload,EPIAS_VEP_daily_reference_price
2026-04-27,EBM0726,3108.02,2026,7,2026-07,monthly_baseload,EPIAS_VEP_daily_reference_price
2026-04-27,EBM0826,3080.85,2026,8,2026-08,monthly_baseload,EPIAS_VEP_daily_reference_price
2026-04-27,EBM0926,2860.5,2026,9,2026-09,monthly_baseload,EPIAS_VEP_daily_reference_price
2026-04-27,EBM1026,3013.45,2026,10,2026-10,monthly_baseload,EPIAS_VEP_daily_reference_price
2026-04-28,EBM0526,2506.25,2026,5,2026-05,monthly_baseload,EPIAS_VEP_daily_reference_price
2026-04-28,EBM0626,2245.33,2026,6,2026-06,monthly_baseload,EPIAS_VEP_daily_reference_price
2026-04-28,EBM0726,3108.02,2026,7,2026-07,monthly_baseload,EPIAS_VEP_daily_reference_price
2026-04-28,EBM0826,3080.85,2026,8,2026-08,monthly_baseload,EPIAS_VEP_daily_reference_price
2026-04-28,EBM0926,2860.5,2026,9,2026-09,monthly_baseload,EPIAS_VEP_daily_reference_price
2026-04-28,EBM1026,3013.45,2026,10,2026-10,monthly_baseload,EPIAS_VEP_daily_reference_price
2026-04-29,EBM0626,2245.33,2026,6,2026-06,monthly_baseload,EPIAS_VEP_daily_reference_price
2026-04-29,EBM0726,3108.02,2026,7,2026-07,monthly_baseload,EPIAS_VEP_daily_reference_price
2026-04-29,EBM0826,3080.85,2026,8,2026-08,monthly_baseload,EPIAS_VEP_daily_reference_price
2026-04-29,EBM0926,2860.5,2026,9,2026-09,monthly_baseload,EPIAS_VEP_daily_reference_price
2026-04-29,EBM1026,3013.45,2026,10,2026-10,monthly_baseload,EPIAS_VEP_daily_reference_price
2026-04-29,EBM1126,3340.92,2026,11,2026-11,monthly_baseload,EPIAS_VEP_daily_reference_price
2026-04-30,EBM0626,2245.33,2026,6,2026-06,monthly_baseload,EPIAS_VEP_daily_reference_price
2026-04-30,EBM0726,3108.02,2026,7,2026-07,monthly_baseload,EPIAS_VEP_daily_reference_price
2026-04-30,EBM0826,3080.85,2026,8,2026-08,monthly_baseload,EPIAS_VEP_daily_reference_price
2026-04-30,EBM0926,2860.5,2026,9,2026-09,monthly_baseload,EPIAS_VEP_daily_reference_price
2026-04-30,EBM1026,3013.45,2026,10,2026-10,monthly_baseload,EPIAS_VEP_daily_reference_price
2026-04-30,EBM1126,3340.92,2026,11,2026-11,monthly_baseload,EPIAS_VEP_daily_reference_price
2026-05-04,EBM0626,2245.33,2026,6,2026-06,monthly_baseload,EPIAS_VEP_daily_reference_price
2026-05-04,EBM0726,3108.02,2026,7,2026-07,monthly_baseload,EPIAS_VEP_daily_reference_price
2026-05-04,EBM0826,3080.85,2026,8,2026-08,monthly_baseload,EPIAS_VEP_daily_reference_price
2026-05-04,EBM0926,2860.5,2026,9,2026-09,monthly_baseload,EPIAS_VEP_daily_reference_price
2026-05-04,EBM1026,3013.45,2026,10,2026-10,monthly_baseload,EPIAS_VEP_daily_reference_price
2026-05-04,EBM1126,3340.92,2026,11,2026-11,monthly_baseload,EPIAS_VEP_daily_reference_price
2026-05-05,EBM0626,2245.33,2026,6,2026-06,monthly_baseload,EPIAS_VEP_daily_reference_price
2026-05-05,EBM0726,3108.02,2026,7,2026-07,monthly_baseload,EPIAS_VEP_daily_reference_price
2026-05-05,EBM0826,3080.85,2026,8,2026-08,monthly_baseload,EPIAS_VEP_daily_reference_price
2026-05-05,EBM0926,2860.5,2026,9,2026-09,monthly_baseload,EPIAS_VEP_daily_reference_price
2026-05-05,EBM1026,3013.45,2026,10,2026-10,monthly_baseload,EPIAS_VEP_daily_reference_price
2026-05-05,EBM1126,3340.92,2026,11,2026-11,monthly_baseload,EPIAS_VEP_daily_reference_price
2026-05-06,EBM0626,2245.33,2026,6,2026-06,monthly_baseload,EPIAS_VEP_daily_reference_price
2026-05-06,EBM0726,3108.02,2026,7,2026-07,monthly_baseload,EPIAS_VEP_daily_reference_price
2026-05-06,EBM0826,3080.85,2026,8,2026-08,monthly_baseload,EPIAS_VEP_daily_reference_price
2026-05-06,EBM0926,2860.5,2026,9,2026-09,monthly_baseload,EPIAS_VEP_daily_reference_price
2026-05-06,EBM1026,3013.45,2026,10,2026-10,monthly_baseload,EPIAS_VEP_daily_reference_price
2026-05-06,EBM1126,3340.92,2026,11,2026-11,monthly_baseload,EPIAS_VEP_daily_reference_price
2026-05-07,EBM0626,2245.33,2026,6,2026-06,monthly_baseload,EPIAS_VEP_daily_reference_price
2026-05-07,EBM0726,3108.02,2026,7,2026-07,monthly_baseload,EPIAS_VEP_daily_reference_price
2026-05-07,EBM0826,3080.85,2026,8,2026-08,monthly_baseload,EPIAS_VEP_daily_reference_price
2026-05-07,EBM0926,2860.5,2026,9,2026-09,monthly_baseload,EPIAS_VEP_daily_reference_price
2026-05-07,EBM1026,3013.45,2026,10,2026-10,monthly_baseload,EPIAS_VEP_daily_reference_price
2026-05-07,EBM1126,3340.92,2026,11,2026-11,monthly_baseload,EPIAS_VEP_daily_reference_price
2026-05-08,EBM0626,2245.33,2026,6,2026-06,monthly_baseload,EPIAS_VEP_daily_reference_price
2026-05-08,EBM0726,3108.02,2026,7,2026-07,monthly_baseload,EPIAS_VEP_daily_reference_price
2026-05-08,EBM0826,3080.85,2026,8,2026-08,monthly_baseload,EPIAS_VEP_daily_reference_price
2026-05-08,EBM0926,2860.5,2026,9,2026-09,monthly_baseload,EPIAS_VEP_daily_reference_price
2026-05-08,EBM1026,3013.45,2026,10,2026-10,monthly_baseload,EPIAS_VEP_daily_reference_price
2026-05-08,EBM1126,3340.92,2026,11,2026-11,monthly_baseload,EPIAS_VEP_daily_reference_price
2026-05-11,EBM0626,2245.33,2026,6,2026-06,monthly_baseload,EPIAS_VEP_daily_reference_price
2026-05-11,EBM0726,3108.02,2026,7,2026-07,monthly_baseload,EPIAS_VEP_daily_reference_price
2026-05-11,EBM0826,3080.85,2026,8,2026-08,monthly_baseload,EPIAS_VEP_daily_reference_price
2026-05-11,EBM0926,2860.5,2026,9,2026-09,monthly_baseload,EPIAS_VEP_daily_reference_price
2026-05-11,EBM1026,3013.45,2026,10,2026-10,monthly_baseload,EPIAS_VEP_daily_reference_price
2026-05-11,EBM1126,3340.92,2026,11,2026-11,monthly_baseload,EPIAS_VEP_daily_reference_price
2026-05-12,EBM0626,2245.33,2026,6,2026-06,monthly_baseload,EPIAS_VEP_daily_reference_price
2026-05-12,EBM0726,3108.02,2026,7,2026-07,monthly_baseload,EPIAS_VEP_daily_reference_price
2026-05-12,EBM0826,3080.85,2026,8,2026-08,monthly_baseload,EPIAS_VEP_daily_reference_price
2026-05-12,EBM0926,2860.5,2026,9,2026-09,monthly_baseload,EPIAS_VEP_daily_reference_price
2026-05-12,EBM1026,3013.45,2026,10,2026-10,monthly_baseload,EPIAS_VEP_daily_reference_price
2026-05-12,EBM1126,3340.92,2026,11,2026-11,monthly_baseload,EPIAS_VEP_daily_reference_price
2026-05-13,EBM0626,2245.33,2026,6,2026-06,monthly_baseload,EPIAS_VEP_daily_reference_price
2026-05-13,EBM0726,3108.02,2026,7,2026-07,monthly_baseload,EPIAS_VEP_daily_reference_price
2026-05-13,EBM0826,3080.85,2026,8,2026-08,monthly_baseload,EPIAS_VEP_daily_reference_price
2026-05-13,EBM0926,2860.5,2026,9,2026-09,monthly_baseload,EPIAS_VEP_daily_reference_price
2026-05-13,EBM1026,3013.45,2026,10,2026-10,monthly_baseload,EPIAS_VEP_daily_reference_price
2026-05-13,EBM1126,3340.92,2026,11,2026-11,monthly_baseload,EPIAS_VEP_daily_reference_price
2026-05-14,EBM0626,2245.33,2026,6,2026-06,monthly_baseload,EPIAS_VEP_daily_reference_price
2026-05-14,EBM0726,3108.02,2026,7,2026-07,monthly_baseload,EPIAS_VEP_daily_reference_price
2026-05-14,EBM0826,3080.85,2026,8,2026-08,monthly_baseload,EPIAS_VEP_daily_reference_price
2026-05-14,EBM0926,2860.5,2026,9,2026-09,monthly_baseload,EPIAS_VEP_daily_reference_price
2026-05-14,EBM1026,3013.45,2026,10,2026-10,monthly_baseload,EPIAS_VEP_daily_reference_price
2026-05-14,EBM1126,3340.92,2026,11,2026-11,monthly_baseload,EPIAS_VEP_daily_reference_price
2026-05-15,EBM0626,2245.33,2026,6,2026-06,monthly_baseload,EPIAS_VEP_daily_reference_price
2026-05-15,EBM0726,3108.02,2026,7,2026-07,monthly_baseload,EPIAS_VEP_daily_reference_price
2026-05-15,EBM0826,3080.85,2026,8,2026-08,monthly_baseload,EPIAS_VEP_daily_reference_price
2026-05-15,EBM0926,2860.5,2026,9,2026-09,monthly_baseload,EPIAS_VEP_daily_reference_price
2026-05-15,EBM1026,3013.45,2026,10,2026-10,monthly_baseload,EPIAS_VEP_daily_reference_price
2026-05-15,EBM1126,3340.92,2026,11,2026-11,monthly_baseload,EPIAS_VEP_daily_reference_price
2026-05-18,EBM0626,2245.33,2026,6,2026-06,monthly_baseload,EPIAS_VEP_daily_reference_price
2026-05-18,EBM0726,3108.02,2026,7,2026-07,monthly_baseload,EPIAS_VEP_daily_reference_price
2026-05-18,EBM0826,3080.85,2026,8,2026-08,monthly_baseload,EPIAS_VEP_daily_reference_price
2026-05-18,EBM0926,2860.5,2026,9,2026-09,monthly_baseload,EPIAS_VEP_daily_reference_price
2026-05-18,EBM1026,3013.45,2026,10,2026-10,monthly_baseload,EPIAS_VEP_daily_reference_price
2026-05-18,EBM1126,3340.92,2026,11,2026-11,monthly_baseload,EPIAS_VEP_daily_reference_price
2026-05-20,EBM0626,2245.33,2026,6,2026-06,monthly_baseload,EPIAS_VEP_daily_reference_price
2026-05-20,EBM0726,3108.02,2026,7,2026-07,monthly_baseload,EPIAS_VEP_daily_reference_price
2026-05-20,EBM0826,3080.85,2026,8,2026-08,monthly_baseload,EPIAS_VEP_daily_reference_price
2026-05-20,EBM0926,2860.5,2026,9,2026-09,monthly_baseload,EPIAS_VEP_daily_reference_price
2026-05-20,EBM1026,3013.45,2026,10,2026-10,monthly_baseload,EPIAS_VEP_daily_reference_price
2026-05-20,EBM1126,3340.92,2026,11,2026-11,monthly_baseload,EPIAS_VEP_daily_reference_price
2026-05-21,EBM0626,2245.33,2026,6,2026-06,monthly_baseload,EPIAS_VEP_daily_reference_price
2026-05-21,EBM0726,3108.02,2026,7,2026-07,monthly_baseload,EPIAS_VEP_daily_reference_price
2026-05-21,EBM0826,3080.85,2026,8,2026-08,monthly_baseload,EPIAS_VEP_daily_reference_price
2026-05-21,EBM0926,2860.5,2026,9,2026-09,monthly_baseload,EPIAS_VEP_daily_reference_price
2026-05-21,EBM1026,3013.45,2026,10,2026-10,monthly_baseload,EPIAS_VEP_daily_reference_price
2026-05-21,EBM1126,3340.92,2026,11,2026-11,monthly_baseload,EPIAS_VEP_daily_reference_price
2026-05-22,EBM0726,3108.02,2026,7,2026-07,monthly_baseload,EPIAS_VEP_daily_reference_price
2026-05-22,EBM0826,3080.85,2026,8,2026-08,monthly_baseload,EPIAS_VEP_daily_reference_price
2026-05-22,EBM0926,2860.5,2026,9,2026-09,monthly_baseload,EPIAS_VEP_daily_reference_price
2026-05-22,EBM1026,2858.65,2026,10,2026-10,monthly_baseload,EPIAS_VEP_daily_reference_price
2026-05-22,EBM1126,3169.3,2026,11,2026-11,monthly_baseload,EPIAS_VEP_daily_reference_price
2026-05-22,EBM1226,3384.38,2026,12,2026-12,monthly_baseload,EPIAS_VEP_daily_reference_price
2026-05-25,EBM0726,3108.02,2026,7,2026-07,monthly_baseload,EPIAS_VEP_daily_reference_price
2026-05-25,EBM0826,3080.85,2026,8,2026-08,monthly_baseload,EPIAS_VEP_daily_reference_price
2026-05-25,EBM0926,2860.5,2026,9,2026-09,monthly_baseload,EPIAS_VEP_daily_reference_price
2026-05-25,EBM1026,2858.65,2026,10,2026-10,monthly_baseload,EPIAS_VEP_daily_reference_price
2026-05-25,EBM1126,3169.3,2026,11,2026-11,monthly_baseload,EPIAS_VEP_daily_reference_price
2026-05-25,EBM1226,3384.38,2026,12,2026-12,monthly_baseload,EPIAS_VEP_daily_reference_price
2026-06-01,EBM0726,3108.02,2026,7,2026-07,monthly_baseload,EPIAS_VEP_daily_reference_price
2026-06-01,EBM0826,3080.85,2026,8,2026-08,monthly_baseload,EPIAS_VEP_daily_reference_price
2026-06-01,EBM0926,2860.5,2026,9,2026-09,monthly_baseload,EPIAS_VEP_daily_reference_price
2026-06-01,EBM1026,2858.65,2026,10,2026-10,monthly_baseload,EPIAS_VEP_daily_reference_price
2026-06-01,EBM1126,3169.3,2026,11,2026-11,monthly_baseload,EPIAS_VEP_daily_reference_price
2026-06-01,EBM1226,3384.38,2026,12,2026-12,monthly_baseload,EPIAS_VEP_daily_reference_price
2026-06-02,EBM0726,3108.02,2026,7,2026-07,monthly_baseload,EPIAS_VEP_daily_reference_price
2026-06-02,EBM0826,3080.85,2026,8,2026-08,monthly_baseload,EPIAS_VEP_daily_reference_price
2026-06-02,EBM0926,2860.5,2026,9,2026-09,monthly_baseload,EPIAS_VEP_daily_reference_price
2026-06-02,EBM1026,2858.65,2026,10,2026-10,monthly_baseload,EPIAS_VEP_daily_reference_price
2026-06-02,EBM1126,3169.3,2026,11,2026-11,monthly_baseload,EPIAS_VEP_daily_reference_price
2026-06-02,EBM1226,3384.38,2026,12,2026-12,monthly_baseload,EPIAS_VEP_daily_reference_price
2026-06-03,EBM0726,3108.02,2026,7,2026-07,monthly_baseload,EPIAS_VEP_daily_reference_price
2026-06-03,EBM0826,3080.85,2026,8,2026-08,monthly_baseload,EPIAS_VEP_daily_reference_price
2026-06-03,EBM0926,2860.5,2026,9,2026-09,monthly_baseload,EPIAS_VEP_daily_reference_price
2026-06-03,EBM1026,2858.65,2026,10,2026-10,monthly_baseload,EPIAS_VEP_daily_reference_price
2026-06-03,EBM1126,3169.3,2026,11,2026-11,monthly_baseload,EPIAS_VEP_daily_reference_price
2026-06-03,EBM1226,3384.38,2026,12,2026-12,monthly_baseload,EPIAS_VEP_daily_reference_price
2026-06-04,EBM0726,3108.02,2026,7,2026-07,monthly_baseload,EPIAS_VEP_daily_reference_price
2026-06-04,EBM0826,3080.85,2026,8,2026-08,monthly_baseload,EPIAS_VEP_daily_reference_price
2026-06-04,EBM0926,2860.5,2026,9,2026-09,monthly_baseload,EPIAS_VEP_daily_reference_price
2026-06-04,EBM1026,2858.65,2026,10,2026-10,monthly_baseload,EPIAS_VEP_daily_reference_price
2026-06-04,EBM1126,3169.3,2026,11,2026-11,monthly_baseload,EPIAS_VEP_daily_reference_price
2026-06-04,EBM1226,3384.38,2026,12,2026-12,monthly_baseload,EPIAS_VEP_daily_reference_price
2026-06-05,EBM0726,3108.02,2026,7,2026-07,monthly_baseload,EPIAS_VEP_daily_reference_price
2026-06-05,EBM0826,3080.85,2026,8,2026-08,monthly_baseload,EPIAS_VEP_daily_reference_price
2026-06-05,EBM0926,2860.5,2026,9,2026-09,monthly_baseload,EPIAS_VEP_daily_reference_price
2026-06-05,EBM1026,2858.65,2026,10,2026-10,monthly_baseload,EPIAS_VEP_daily_reference_price
2026-06-05,EBM1126,3169.3,2026,11,2026-11,monthly_baseload,EPIAS_VEP_daily_reference_price
2026-06-05,EBM1226,3384.38,2026,12,2026-12,monthly_baseload,EPIAS_VEP_daily_reference_price
2026-06-08,EBM0726,3108.02,2026,7,2026-07,monthly_baseload,EPIAS_VEP_daily_reference_price
2026-06-08,EBM0826,3080.85,2026,8,2026-08,monthly_baseload,EPIAS_VEP_daily_reference_price
2026-06-08,EBM0926,2860.5,2026,9,2026-09,monthly_baseload,EPIAS_VEP_daily_reference_price
2026-06-08,EBM1026,2858.65,2026,10,2026-10,monthly_baseload,EPIAS_VEP_daily_reference_price
2026-06-08,EBM1126,3169.3,2026,11,2026-11,monthly_baseload,EPIAS_VEP_daily_reference_price
2026-06-08,EBM1226,3384.38,2026,12,2026-12,monthly_baseload,EPIAS_VEP_daily_reference_price
2026-06-09,EBM0726,3108.02,2026,7,2026-07,monthly_baseload,EPIAS_VEP_daily_reference_price
2026-06-09,EBM0826,3080.85,2026,8,2026-08,monthly_baseload,EPIAS_VEP_daily_reference_price
2026-06-09,EBM0926,2860.5,2026,9,2026-09,monthly_baseload,EPIAS_VEP_daily_reference_price
2026-06-09,EBM1026,2858.65,2026,10,2026-10,monthly_baseload,EPIAS_VEP_daily_reference_price
2026-06-09,EBM1126,3169.3,2026,11,2026-11,monthly_baseload,EPIAS_VEP_daily_reference_price
2026-06-09,EBM1226,3384.38,2026,12,2026-12,monthly_baseload,EPIAS_VEP_daily_reference_price
2026-06-10,EBM0726,3108.02,2026,7,2026-07,monthly_baseload,EPIAS_VEP_daily_reference_price
2026-06-10,EBM0826,3080.85,2026,8,2026-08,monthly_baseload,EPIAS_VEP_daily_reference_price
2026-06-10,EBM0926,2860.5,2026,9,2026-09,monthly_baseload,EPIAS_VEP_daily_reference_price
2026-06-10,EBM1026,2858.65,2026,10,2026-10,monthly_baseload,EPIAS_VEP_daily_reference_price
2026-06-10,EBM1126,3169.3,2026,11,2026-11,monthly_baseload,EPIAS_VEP_daily_reference_price
2026-06-10,EBM1226,3384.38,2026,12,2026-12,monthly_baseload,EPIAS_VEP_daily_reference_price
2026-06-11,EBM0726,3108.02,2026,7,2026-07,monthly_baseload,EPIAS_VEP_daily_reference_price
2026-06-11,EBM0826,3080.85,2026,8,2026-08,monthly_baseload,EPIAS_VEP_daily_reference_price
2026-06-11,EBM0926,2860.5,2026,9,2026-09,monthly_baseload,EPIAS_VEP_daily_reference_price
2026-06-11,EBM1026,2858.65,2026,10,2026-10,monthly_baseload,EPIAS_VEP_daily_reference_price
2026-06-11,EBM1126,3169.3,2026,11,2026-11,monthly_baseload,EPIAS_VEP_daily_reference_price
2026-06-11,EBM1226,3384.38,2026,12,2026-12,monthly_baseload,EPIAS_VEP_daily_reference_price
2026-06-12,EBM0726,3108.02,2026,7,2026-07,monthly_baseload,EPIAS_VEP_daily_reference_price
2026-06-12,EBM0826,3080.85,2026,8,2026-08,monthly_baseload,EPIAS_VEP_daily_reference_price
2026-06-12,EBM0926,2860.5,2026,9,2026-09,monthly_baseload,EPIAS_VEP_daily_reference_price
2026-06-12,EBM1026,2858.65,2026,10,2026-10,monthly_baseload,EPIAS_VEP_daily_reference_price
2026-06-12,EBM1126,3169.3,2026,11,2026-11,monthly_baseload,EPIAS_VEP_daily_reference_price
2026-06-12,EBM1226,3384.38,2026,12,2026-12,monthly_baseload,EPIAS_VEP_daily_reference_price
2026-06-15,EBM0726,3108.02,2026,7,2026-07,monthly_baseload,EPIAS_VEP_daily_reference_price
2026-06-15,EBM0826,3080.85,2026,8,2026-08,monthly_baseload,EPIAS_VEP_daily_reference_price
2026-06-15,EBM0926,2860.5,2026,9,2026-09,monthly_baseload,EPIAS_VEP_daily_reference_price
2026-06-15,EBM1026,2858.65,2026,10,2026-10,monthly_baseload,EPIAS_VEP_daily_reference_price
2026-06-15,EBM1126,3169.3,2026,11,2026-11,monthly_baseload,EPIAS_VEP_daily_reference_price
2026-06-15,EBM1226,3384.38,2026,12,2026-12,monthly_baseload,EPIAS_VEP_daily_reference_price
2026-06-16,EBM0726,3108.02,2026,7,2026-07,monthly_baseload,EPIAS_VEP_daily_reference_price
2026-06-16,EBM0826,3080.85,2026,8,2026-08,monthly_baseload,EPIAS_VEP_daily_reference_price
2026-06-16,EBM0926,2860.5,2026,9,2026-09,monthly_baseload,EPIAS_VEP_daily_reference_price
2026-06-16,EBM1026,2858.65,2026,10,2026-10,monthly_baseload,EPIAS_VEP_daily_reference_price
2026-06-16,EBM1126,3169.3,2026,11,2026-11,monthly_baseload,EPIAS_VEP_daily_reference_price
2026-06-16,EBM1226,3384.38,2026,12,2026-12,monthly_baseload,EPIAS_VEP_daily_reference_price
2026-06-17,EBM0726,3108.02,2026,7,2026-07,monthly_baseload,EPIAS_VEP_daily_reference_price
2026-06-17,EBM0826,3080.85,2026,8,2026-08,monthly_baseload,EPIAS_VEP_daily_reference_price
2026-06-17,EBM0926,2860.5,2026,9,2026-09,monthly_baseload,EPIAS_VEP_daily_reference_price
2026-06-17,EBM1026,2858.65,2026,10,2026-10,monthly_baseload,EPIAS_VEP_daily_reference_price
2026-06-17,EBM1126,3169.3,2026,11,2026-11,monthly_baseload,EPIAS_VEP_daily_reference_price
2026-06-17,EBM1226,3384.38,2026,12,2026-12,monthly_baseload,EPIAS_VEP_daily_reference_price
2026-06-18,EBM0726,3108.02,2026,7,2026-07,monthly_baseload,EPIAS_VEP_daily_reference_price
2026-06-18,EBM0826,3080.85,2026,8,2026-08,monthly_baseload,EPIAS_VEP_daily_reference_price
2026-06-18,EBM0926,2860.5,2026,9,2026-09,monthly_baseload,EPIAS_VEP_daily_reference_price
2026-06-18,EBM1026,2858.65,2026,10,2026-10,monthly_baseload,EPIAS_VEP_daily_reference_price
2026-06-18,EBM1126,3169.3,2026,11,2026-11,monthly_baseload,EPIAS_VEP_daily_reference_price
2026-06-18,EBM1226,3384.38,2026,12,2026-12,monthly_baseload,EPIAS_VEP_daily_reference_price
2026-06-19,EBM0726,3108.02,2026,7,2026-07,monthly_baseload,EPIAS_VEP_daily_reference_price
2026-06-19,EBM0826,3080.85,2026,8,2026-08,monthly_baseload,EPIAS_VEP_daily_reference_price
2026-06-19,EBM0926,2860.5,2026,9,2026-09,monthly_baseload,EPIAS_VEP_daily_reference_price
2026-06-19,EBM1026,2858.65,2026,10,2026-10,monthly_baseload,EPIAS_VEP_daily_reference_price
2026-06-19,EBM1126,3169.3,2026,11,2026-11,monthly_baseload,EPIAS_VEP_daily_reference_price
2026-06-19,EBM1226,3384.38,2026,12,2026-12,monthly_baseload,EPIAS_VEP_daily_reference_price
2026-06-22,EBM0726,3108.02,2026,7,2026-07,monthly_baseload,EPIAS_VEP_daily_reference_price
2026-06-22,EBM0826,3080.85,2026,8,2026-08,monthly_baseload,EPIAS_VEP_daily_reference_price
2026-06-22,EBM0926,2860.5,2026,9,2026-09,monthly_baseload,EPIAS_VEP_daily_reference_price
2026-06-22,EBM1026,2858.65,2026,10,2026-10,monthly_baseload,EPIAS_VEP_daily_reference_price
2026-06-22,EBM1126,3169.3,2026,11,2026-11,monthly_baseload,EPIAS_VEP_daily_reference_price
2026-06-22,EBM1226,3384.38,2026,12,2026-12,monthly_baseload,EPIAS_VEP_daily_reference_price
2026-06-23,EBM0726,3108.02,2026,7,2026-07,monthly_baseload,EPIAS_VEP_daily_reference_price
2026-06-23,EBM0826,3080.85,2026,8,2026-08,monthly_baseload,EPIAS_VEP_daily_reference_price
2026-06-23,EBM0926,2860.5,2026,9,2026-09,monthly_baseload,EPIAS_VEP_daily_reference_price
2026-06-23,EBM1026,2858.65,2026,10,2026-10,monthly_baseload,EPIAS_VEP_daily_reference_price
2026-06-23,EBM1126,3169.3,2026,11,2026-11,monthly_baseload,EPIAS_VEP_daily_reference_price
2026-06-23,EBM1226,3384.38,2026,12,2026-12,monthly_baseload,EPIAS_VEP_daily_reference_price
2026-06-24,EBM0726,3108.02,2026,7,2026-07,monthly_baseload,EPIAS_VEP_daily_reference_price
2026-06-24,EBM0826,3080.85,2026,8,2026-08,monthly_baseload,EPIAS_VEP_daily_reference_price
2026-06-24,EBM0926,2860.5,2026,9,2026-09,monthly_baseload,EPIAS_VEP_daily_reference_price
2026-06-24,EBM1026,2858.65,2026,10,2026-10,monthly_baseload,EPIAS_VEP_daily_reference_price
2026-06-24,EBM1126,3169.3,2026,11,2026-11,monthly_baseload,EPIAS_VEP_daily_reference_price
2026-06-24,EBM1226,3384.38,2026,12,2026-12,monthly_baseload,EPIAS_VEP_daily_reference_price
2026-06-25,EBM0726,3108.02,2026,7,2026-07,monthly_baseload,EPIAS_VEP_daily_reference_price
2026-06-25,EBM0826,3080.85,2026,8,2026-08,monthly_baseload,EPIAS_VEP_daily_reference_price
2026-06-25,EBM0926,2860.5,2026,9,2026-09,monthly_baseload,EPIAS_VEP_daily_reference_price
2026-06-25,EBM1026,2858.65,2026,10,2026-10,monthly_baseload,EPIAS_VEP_daily_reference_price
2026-06-25,EBM1126,3169.3,2026,11,2026-11,monthly_baseload,EPIAS_VEP_daily_reference_price
2026-06-25,EBM1226,3384.38,2026,12,2026-12,monthly_baseload,EPIAS_VEP_daily_reference_price
2026-06-26,EBM0726,3108.02,2026,7,2026-07,monthly_baseload,EPIAS_VEP_daily_reference_price
2026-06-26,EBM0826,3080.85,2026,8,2026-08,monthly_baseload,EPIAS_VEP_daily_reference_price
2026-06-26,EBM0926,2860.5,2026,9,2026-09,monthly_baseload,EPIAS_VEP_daily_reference_price
2026-06-26,EBM1026,2858.65,2026,10,2026-10,monthly_baseload,EPIAS_VEP_daily_reference_price
2026-06-26,EBM1126,3169.3,2026,11,2026-11,monthly_baseload,EPIAS_VEP_daily_reference_price
2026-06-26,EBM1226,3384.38,2026,12,2026-12,monthly_baseload,EPIAS_VEP_daily_reference_price
2026-06-29,EBM0826,3080.85,2026,8,2026-08,monthly_baseload,EPIAS_VEP_daily_reference_price
2026-06-29,EBM0926,2860.5,2026,9,2026-09,monthly_baseload,EPIAS_VEP_daily_reference_price
2026-06-29,EBM1026,2858.65,2026,10,2026-10,monthly_baseload,EPIAS_VEP_daily_reference_price
2026-06-29,EBM1126,3169.3,2026,11,2026-11,monthly_baseload,EPIAS_VEP_daily_reference_price
2026-06-29,EBM1226,3384.38,2026,12,2026-12,monthly_baseload,EPIAS_VEP_daily_reference_price
2026-06-29,EBM0127,3473.9,2027,1,2027-01,monthly_baseload,EPIAS_VEP_daily_reference_price
2026-06-30,EBM0826,3080.85,2026,8,2026-08,monthly_baseload,EPIAS_VEP_daily_reference_price
2026-06-30,EBM0926,2860.5,2026,9,2026-09,monthly_baseload,EPIAS_VEP_daily_reference_price
2026-06-30,EBM1026,2858.65,2026,10,2026-10,monthly_baseload,EPIAS_VEP_daily_reference_price
2026-06-30,EBM1126,3169.3,2026,11,2026-11,monthly_baseload,EPIAS_VEP_daily_reference_price
2026-06-30,EBM1226,3384.38,2026,12,2026-12,monthly_baseload,EPIAS_VEP_daily_reference_price
2026-06-30,EBM0127,3473.9,2027,1,2027-01,monthly_baseload,EPIAS_VEP_daily_reference_price
2026-07-01,EBM0826,3080.85,2026,8,2026-08,monthly_baseload,EPIAS_VEP_daily_reference_price
2026-07-01,EBM0926,2860.5,2026,9,2026-09,monthly_baseload,EPIAS_VEP_daily_reference_price
2026-07-01,EBM1026,2858.65,2026,10,2026-10,monthly_baseload,EPIAS_VEP_daily_reference_price
2026-07-01,EBM1126,3169.3,2026,11,2026-11,monthly_baseload,EPIAS_VEP_daily_reference_price
2026-07-01,EBM1226,3384.38,2026,12,2026-12,monthly_baseload,EPIAS_VEP_daily_reference_price
2026-07-01,EBM0127,3473.9,2027,1,2027-01,monthly_baseload,EPIAS_VEP_daily_reference_price
2026-07-02,EBM0826,3080.85,2026,8,2026-08,monthly_baseload,EPIAS_VEP_daily_reference_price
2026-07-02,EBM0926,2860.5,2026,9,2026-09,monthly_baseload,EPIAS_VEP_daily_reference_price
2026-07-02,EBM1026,2858.65,2026,10,2026-10,monthly_baseload,EPIAS_VEP_daily_reference_price
2026-07-02,EBM1126,3169.3,2026,11,2026-11,monthly_baseload,EPIAS_VEP_daily_reference_price
2026-07-02,EBM1226,3384.38,2026,12,2026-12,monthly_baseload,EPIAS_VEP_daily_reference_price
2026-07-02,EBM0127,3473.9,2027,1,2027-01,monthly_baseload,EPIAS_VEP_daily_reference_price
2026-07-03,EBM0826,3080.85,2026,8,2026-08,monthly_baseload,EPIAS_VEP_daily_reference_price
2026-07-03,EBM0926,2860.5,2026,9,2026-09,monthly_baseload,EPIAS_VEP_daily_reference_price
2026-07-03,EBM1026,2858.65,2026,10,2026-10,monthly_baseload,EPIAS_VEP_daily_reference_price
2026-07-03,EBM1126,3169.3,2026,11,2026-11,monthly_baseload,EPIAS_VEP_daily_reference_price
2026-07-03,EBM1226,3384.38,2026,12,2026-12,monthly_baseload,EPIAS_VEP_daily_reference_price
2026-07-03,EBM0127,3473.9,2027,1,2027-01,monthly_baseload,EPIAS_VEP_daily_reference_price
2026-07-06,EBM0826,3080.85,2026,8,2026-08,monthly_baseload,EPIAS_VEP_daily_reference_price
2026-07-06,EBM0926,2860.5,2026,9,2026-09,monthly_baseload,EPIAS_VEP_daily_reference_price
2026-07-06,EBM1026,2858.65,2026,10,2026-10,monthly_baseload,EPIAS_VEP_daily_reference_price
2026-07-06,EBM1126,3169.3,2026,11,2026-11,monthly_baseload,EPIAS_VEP_daily_reference_price
2026-07-06,EBM1226,3384.38,2026,12,2026-12,monthly_baseload,EPIAS_VEP_daily_reference_price
2026-07-06,EBM0127,3473.9,2027,1,2027-01,monthly_baseload,EPIAS_VEP_daily_reference_price
2026-07-07,EBM0826,3080.85,2026,8,2026-08,monthly_baseload,EPIAS_VEP_daily_reference_price
2026-07-07,EBM0926,2860.5,2026,9,2026-09,monthly_baseload,EPIAS_VEP_daily_reference_price
2026-07-07,EBM1026,2858.65,2026,10,2026-10,monthly_baseload,EPIAS_VEP_daily_reference_price
2026-07-07,EBM1126,3169.3,2026,11,2026-11,monthly_baseload,EPIAS_VEP_daily_reference_price
2026-07-07,EBM1226,3384.38,2026,12,2026-12,monthly_baseload,EPIAS_VEP_daily_reference_price
2026-07-07,EBM0127,3473.9,2027,1,2027-01,monthly_baseload,EPIAS_VEP_daily_reference_price
2026-07-08,EBM0826,3080.85,2026,8,2026-08,monthly_baseload,EPIAS_VEP_daily_reference_price
2026-07-08,EBM0926,2860.5,2026,9,2026-09,monthly_baseload,EPIAS_VEP_daily_reference_price
2026-07-08,EBM1026,2858.65,2026,10,2026-10,monthly_baseload,EPIAS_VEP_daily_reference_price
2026-07-08,EBM1126,3169.3,2026,11,2026-11,monthly_baseload,EPIAS_VEP_daily_reference_price
2026-07-08,EBM1226,3384.38,2026,12,2026-12,monthly_baseload,EPIAS_VEP_daily_reference_price
2026-07-08,EBM0127,3473.9,2027,1,2027-01,monthly_baseload,EPIAS_VEP_daily_reference_price
2026-07-09,EBM0826,3080.85,2026,8,2026-08,monthly_baseload,EPIAS_VEP_daily_reference_price
2026-07-09,EBM0926,2860.5,2026,9,2026-09,monthly_baseload,EPIAS_VEP_daily_reference_price
2026-07-09,EBM1026,2858.65,2026,10,2026-10,monthly_baseload,EPIAS_VEP_daily_reference_price
2026-07-09,EBM1126,3169.3,2026,11,2026-11,monthly_baseload,EPIAS_VEP_daily_reference_price
2026-07-09,EBM1226,3384.38,2026,12,2026-12,monthly_baseload,EPIAS_VEP_daily_reference_price
2026-07-09,EBM0127,3473.9,2027,1,2027-01,monthly_baseload,EPIAS_VEP_daily_reference_price
2026-07-10,EBM0826,3080.85,2026,8,2026-08,monthly_baseload,EPIAS_VEP_daily_reference_price
2026-07-10,EBM0926,2860.5,2026,9,2026-09,monthly_baseload,EPIAS_VEP_daily_reference_price
2026-07-10,EBM1026,2858.65,2026,10,2026-10,monthly_baseload,EPIAS_VEP_daily_reference_price
2026-07-10,EBM1126,3169.3,2026,11,2026-11,monthly_baseload,EPIAS_VEP_daily_reference_price
2026-07-10,EBM1226,3384.38,2026,12,2026-12,monthly_baseload,EPIAS_VEP_daily_reference_price
2026-07-10,EBM0127,3473.9,2027,1,2027-01,monthly_baseload,EPIAS_VEP_daily_reference_price
2026-07-13,EBM0826,3080.85,2026,8,2026-08,monthly_baseload,EPIAS_VEP_daily_reference_price
2026-07-13,EBM0926,2860.5,2026,9,2026-09,monthly_baseload,EPIAS_VEP_daily_reference_price
2026-07-13,EBM1026,2858.65,2026,10,2026-10,monthly_baseload,EPIAS_VEP_daily_reference_price
2026-07-13,EBM1126,3169.3,2026,11,2026-11,monthly_baseload,EPIAS_VEP_daily_reference_price
2026-07-13,EBM1226,3384.38,2026,12,2026-12,monthly_baseload,EPIAS_VEP_daily_reference_price
2026-07-13,EBM0127,3473.9,2027,1,2027-01,monthly_baseload,EPIAS_VEP_daily_reference_price
2026-07-14,EBM0826,3080.85,2026,8,2026-08,monthly_baseload,EPIAS_VEP_daily_reference_price
2026-07-14,EBM0926,2860.5,2026,9,2026-09,monthly_baseload,EPIAS_VEP_daily_reference_price
2026-07-14,EBM1026,2858.65,2026,10,2026-10,monthly_baseload,EPIAS_VEP_daily_reference_price
2026-07-14,EBM1126,3169.3,2026,11,2026-11,monthly_baseload,EPIAS_VEP_daily_reference_price
2026-07-14,EBM1226,3384.38,2026,12,2026-12,monthly_baseload,EPIAS_VEP_daily_reference_price
2026-07-14,EBM0127,3473.9,2027,1,2027-01,monthly_baseload,EPIAS_VEP_daily_reference_price
2026-07-16,EBM0826,3080.85,2026,8,2026-08,monthly_baseload,EPIAS_VEP_daily_reference_price
2026-07-16,EBM0926,2860.5,2026,9,2026-09,monthly_baseload,EPIAS_VEP_daily_reference_price
2026-07-16,EBM1026,2858.65,2026,10,2026-10,monthly_baseload,EPIAS_VEP_daily_reference_price
2026-07-16,EBM1126,3169.3,2026,11,2026-11,monthly_baseload,EPIAS_VEP_daily_reference_price
2026-07-16,EBM1226,3384.38,2026,12,2026-12,monthly_baseload,EPIAS_VEP_daily_reference_price
2026-07-16,EBM0127,3473.9,2027,1,2027-01,monthly_baseload,EPIAS_VEP_daily_reference_price
2026-07-17,EBM0826,3080.85,2026,8,2026-08,monthly_baseload,EPIAS_VEP_daily_reference_price
2026-07-17,EBM0926,2860.5,2026,9,2026-09,monthly_baseload,EPIAS_VEP_daily_reference_price
2026-07-17,EBM1026,2858.65,2026,10,2026-10,monthly_baseload,EPIAS_VEP_daily_reference_price
2026-07-17,EBM1126,3169.3,2026,11,2026-11,monthly_baseload,EPIAS_VEP_daily_reference_price
2026-07-17,EBM1226,3384.38,2026,12,2026-12,monthly_baseload,EPIAS_VEP_daily_reference_price
2026-07-17,EBM0127,3473.9,2027,1,2027-01,monthly_baseload,EPIAS_VEP_daily_reference_price
2026-07-20,EBM0826,3080.85,2026,8,2026-08,monthly_baseload,EPIAS_VEP_daily_reference_price
2026-07-20,EBM0926,2860.5,2026,9,2026-09,monthly_baseload,EPIAS_VEP_daily_reference_price
2026-07-20,EBM1026,2858.65,2026,10,2026-10,monthly_baseload,EPIAS_VEP_daily_reference_price
2026-07-20,EBM1126,3169.3,2026,11,2026-11,monthly_baseload,EPIAS_VEP_daily_reference_price
2026-07-20,EBM1226,3384.38,2026,12,2026-12,monthly_baseload,EPIAS_VEP_daily_reference_price
2026-07-20,EBM0127,3473.9,2027,1,2027-01,monthly_baseload,EPIAS_VEP_daily_reference_price
2026-07-21,EBM0826,3080.85,2026,8,2026-08,monthly_baseload,EPIAS_VEP_daily_reference_price
2026-07-21,EBM0926,2860.5,2026,9,2026-09,monthly_baseload,EPIAS_VEP_daily_reference_price
2026-07-21,EBM1026,2858.65,2026,10,2026-10,monthly_baseload,EPIAS_VEP_daily_reference_price
2026-07-21,EBM1126,3169.3,2026,11,2026-11,monthly_baseload,EPIAS_VEP_daily_reference_price
2026-07-21,EBM1226,3384.38,2026,12,2026-12,monthly_baseload,EPIAS_VEP_daily_reference_price
2026-07-21,EBM0127,3473.9,2027,1,2027-01,monthly_baseload,EPIAS_VEP_daily_reference_price
2026-07-22,EBM0826,3080.85,2026,8,2026-08,monthly_baseload,EPIAS_VEP_daily_reference_price
2026-07-22,EBM0926,2860.5,2026,9,2026-09,monthly_baseload,EPIAS_VEP_daily_reference_price
2026-07-22,EBM1026,2858.65,2026,10,2026-10,monthly_baseload,EPIAS_VEP_daily_reference_price
2026-07-22,EBM1126,3169.3,2026,11,2026-11,monthly_baseload,EPIAS_VEP_daily_reference_price
2026-07-22,EBM1226,3384.38,2026,12,2026-12,monthly_baseload,EPIAS_VEP_daily_reference_price
2026-07-22,EBM0127,3473.9,2027,1,2027-01,monthly_baseload,EPIAS_VEP_daily_reference_price
2026-07-23,EBM0826,3080.85,2026,8,2026-08,monthly_baseload,EPIAS_VEP_daily_reference_price
2026-07-23,EBM0926,2860.5,2026,9,2026-09,monthly_baseload,EPIAS_VEP_daily_reference_price
2026-07-23,EBM1026,2858.65,2026,10,2026-10,monthly_baseload,EPIAS_VEP_daily_reference_price
2026-07-23,EBM1126,3169.3,2026,11,2026-11,monthly_baseload,EPIAS_VEP_daily_reference_price
2026-07-23,EBM1226,3384.38,2026,12,2026-12,monthly_baseload,EPIAS_VEP_daily_reference_price
2026-07-23,EBM0127,3473.9,2027,1,2027-01,monthly_baseload,EPIAS_VEP_daily_reference_price
2026-07-24,EBM0826,3080.85,2026,8,2026-08,monthly_baseload,EPIAS_VEP_daily_reference_price
2026-07-24,EBM0926,2860.5,2026,9,2026-09,monthly_baseload,EPIAS_VEP_daily_reference_price
2026-07-24,EBM1026,2858.65,2026,10,2026-10,monthly_baseload,EPIAS_VEP_daily_reference_price
2026-07-24,EBM1126,3169.3,2026,11,2026-11,monthly_baseload,EPIAS_VEP_daily_reference_price
2026-07-24,EBM1226,3384.38,2026,12,2026-12,monthly_baseload,EPIAS_VEP_daily_reference_price
2026-07-24,EBM0127,3473.9,2027,1,2027-01,monthly_baseload,EPIAS_VEP_daily_reference_price
2026-07-27,EBM0826,3080.85,2026,8,2026-08,monthly_baseload,EPIAS_VEP_daily_reference_price
2026-07-27,EBM0926,2860.5,2026,9,2026-09,monthly_baseload,EPIAS_VEP_daily_reference_price
2026-07-27,EBM1026,2858.65,2026,10,2026-10,monthly_baseload,EPIAS_VEP_daily_reference_price
2026-07-27,EBM1126,3169.3,2026,11,2026-11,monthly_baseload,EPIAS_VEP_daily_reference_price
2026-07-27,EBM1226,3384.38,2026,12,2026-12,monthly_baseload,EPIAS_VEP_daily_reference_price
2026-07-27,EBM0127,3473.9,2027,1,2027-01,monthly_baseload,EPIAS_VEP_daily_reference_price
2026-07-28,EBM0826,3080.85,2026,8,2026-08,monthly_baseload,EPIAS_VEP_daily_reference_price
2026-07-28,EBM0926,2860.5,2026,9,2026-09,monthly_baseload,EPIAS_VEP_daily_reference_price
2026-07-28,EBM1026,2858.65,2026,10,2026-10,monthly_baseload,EPIAS_VEP_daily_reference_price
2026-07-28,EBM1126,3169.3,2026,11,2026-11,monthly_baseload,EPIAS_VEP_daily_reference_price
2026-07-28,EBM1226,3384.38,2026,12,2026-12,monthly_baseload,EPIAS_VEP_daily_reference_price
2026-07-28,EBM0127,3473.9,2027,1,2027-01,monthly_baseload,EPIAS_VEP_daily_reference_price
2026-07-29,EBM0826,3080.85,2026,8,2026-08,monthly_baseload,EPIAS_VEP_daily_reference_price
2026-07-29,EBM0926,2860.5,2026,9,2026-09,monthly_baseload,EPIAS_VEP_daily_reference_price
2026-07-29,EBM1026,2858.65,2026,10,2026-10,monthly_baseload,EPIAS_VEP_daily_reference_price
2026-07-29,EBM1126,3169.3,2026,11,2026-11,monthly_baseload,EPIAS_VEP_daily_reference_price
2026-07-29,EBM1226,3384.38,2026,12,2026-12,monthly_baseload,EPIAS_VEP_daily_reference_price
2026-07-29,EBM0127,3473.9,2027,1,2027-01,monthly_baseload,EPIAS_VEP_daily_reference_price
2026-07-30,EBM0926,2860.5,2026,9,2026-09,monthly_baseload,EPIAS_VEP_daily_reference_price
2026-07-30,EBM1026,2858.65,2026,10,2026-10,monthly_baseload,EPIAS_VEP_daily_reference_price
2026-07-30,EBM1126,3169.3,2026,11,2026-11,monthly_baseload,EPIAS_VEP_daily_reference_price
2026-07-30,EBM1226,3384.38,2026,12,2026-12,monthly_baseload,EPIAS_VEP_daily_reference_price
2026-07-30,EBM0127,3473.9,2027,1,2027-01,monthly_baseload,EPIAS_VEP_daily_reference_price
2026-07-30,EBM0227,2493.84,2027,2,2027-02,monthly_baseload,EPIAS_VEP_daily_reference_price
2026-07-31,EBM0926,2860.5,2026,9,2026-09,monthly_baseload,EPIAS_VEP_daily_reference_price
2026-07-31,EBM1026,2858.65,2026,10,2026-10,monthly_baseload,EPIAS_VEP_daily_reference_price
2026-07-31,EBM1126,3169.3,2026,11,2026-11,monthly_baseload,EPIAS_VEP_daily_reference_price
2026-07-31,EBM1226,3384.38,2026,12,2026-12,monthly_baseload,EPIAS_VEP_daily_reference_price
2026-07-31,EBM0127,3473.9,2027,1,2027-01,monthly_baseload,EPIAS_VEP_daily_reference_price
2026-07-31,EBM0227,2493.84,2027,2,2027-02,monthly_baseload,EPIAS_VEP_daily_reference_price
2026-08-03,EBM0926,2860.5,2026,9,2026-09,monthly_baseload,EPIAS_VEP_daily_reference_price
2026-08-03,EBM1026,2858.65,2026,10,2026-10,monthly_baseload,EPIAS_VEP_daily_reference_price
2026-08-03,EBM1126,3169.3,2026,11,2026-11,monthly_baseload,EPIAS_VEP_daily_reference_price
2026-08-03,EBM1226,3384.38,2026,12,2026-12,monthly_baseload,EPIAS_VEP_daily_reference_price
2026-08-03,EBM0127,3473.9,2027,1,2027-01,monthly_baseload,EPIAS_VEP_daily_reference_price
2026-08-03,EBM0227,2493.84,2027,2,2027-02,monthly_baseload,EPIAS_VEP_daily_reference_price
2026-08-04,EBM0926,2860.5,2026,9,2026-09,monthly_baseload,EPIAS_VEP_daily_reference_price
2026-08-04,EBM1026,2858.65,2026,10,2026-10,monthly_baseload,EPIAS_VEP_daily_reference_price
2026-08-04,EBM1126,3169.3,2026,11,2026-11,monthly_baseload,EPIAS_VEP_daily_reference_price
2026-08-04,EBM1226,3384.38,2026,12,2026-12,monthly_baseload,EPIAS_VEP_daily_reference_price
2026-08-04,EBM0127,3473.9,2027,1,2027-01,monthly_baseload,EPIAS_VEP_daily_reference_price
2026-08-04,EBM0227,2493.84,2027,2,2027-02,monthly_baseload,EPIAS_VEP_daily_reference_price
2026-08-05,EBM0926,2860.5,2026,9,2026-09,monthly_baseload,EPIAS_VEP_daily_reference_price
2026-08-05,EBM1026,2858.65,2026,10,2026-10,monthly_baseload,EPIAS_VEP_daily_reference_price
2026-08-05,EBM1126,3169.3,2026,11,2026-11,monthly_baseload,EPIAS_VEP_daily_reference_price
2026-08-05,EBM1226,3384.38,2026,12,2026-12,monthly_baseload,EPIAS_VEP_daily_reference_price
2026-08-05,EBM0127,3473.9,2027,1,2027-01,monthly_baseload,EPIAS_VEP_daily_reference_price
2026-08-05,EBM0227,2493.84,2027,2,2027-02,monthly_baseload,EPIAS_VEP_daily_reference_price
2026-08-06,EBM0926,2860.5,2026,9,2026-09,monthly_baseload,EPIAS_VEP_daily_reference_price
2026-08-06,EBM1026,2858.65,2026,10,2026-10,monthly_baseload,EPIAS_VEP_daily_reference_price
2026-08-06,EBM1126,3169.3,2026,11,2026-11,monthly_baseload,EPIAS_VEP_daily_reference_price
2026-08-06,EBM1226,3384.38,2026,12,2026-12,monthly_baseload,EPIAS_VEP_daily_reference_price
2026-08-06,EBM0127,3473.9,2027,1,2027-01,monthly_baseload,EPIAS_VEP_daily_reference_price
2026-08-06,EBM0227,2493.84,2027,2,2027-02,monthly_baseload,EPIAS_VEP_daily_reference_price
2026-08-07,EBM0926,2860.5,2026,9,2026-09,monthly_baseload,EPIAS_VEP_daily_reference_price
2026-08-07,EBM1026,2858.65,2026,10,2026-10,monthly_baseload,EPIAS_VEP_daily_reference_price
2026-08-07,EBM1126,3169.3,2026,11,2026-11,monthly_baseload,EPIAS_VEP_daily_reference_price
2026-08-07,EBM1226,3384.38,2026,12,2026-12,monthly_baseload,EPIAS_VEP_daily_reference_price
2026-08-07,EBM0127,3473.9,2027,1,2027-01,monthly_baseload,EPIAS_VEP_daily_reference_price
2026-08-07,EBM0227,2493.84,2027,2,2027-02,monthly_baseload,EPIAS_VEP_daily_reference_price
2026-08-10,EBM0926,2860.5,2026,9,2026-09,monthly_baseload,EPIAS_VEP_daily_reference_price
2026-08-10,EBM1026,2858.65,2026,10,2026-10,monthly_baseload,EPIAS_VEP_daily_reference_price
2026-08-10,EBM1126,3169.3,2026,11,2026-11,monthly_baseload,EPIAS_VEP_daily_reference_price
2026-08-10,EBM1226,3384.38,2026,12,2026-12,monthly_baseload,EPIAS_VEP_daily_reference_price
2026-08-10,EBM0127,3473.9,2027,1,2027-01,monthly_baseload,EPIAS_VEP_daily_reference_price
2026-08-10,EBM0227,2493.84,2027,2,2027-02,monthly_baseload,EPIAS_VEP_daily_reference_price
2026-08-11,EBM0926,2860.5,2026,9,2026-09,monthly_baseload,EPIAS_VEP_daily_reference_price
2026-08-11,EBM1026,2858.65,2026,10,2026-10,monthly_baseload,EPIAS_VEP_daily_reference_price
2026-08-11,EBM1126,3169.3,2026,11,2026-11,monthly_baseload,EPIAS_VEP_daily_reference_price
2026-08-11,EBM1226,3384.38,2026,12,2026-12,monthly_baseload,EPIAS_VEP_daily_reference_price
2026-08-11,EBM0127,3473.9,2027,1,2027-01,monthly_baseload,EPIAS_VEP_daily_reference_price
2026-08-11,EBM0227,2493.84,2027,2,2027-02,monthly_baseload,EPIAS_VEP_daily_reference_price
2026-08-12,EBM0926,2860.5,2026,9,2026-09,monthly_baseload,EPIAS_VEP_daily_reference_price
2026-08-12,EBM1026,2858.65,2026,10,2026-10,monthly_baseload,EPIAS_VEP_daily_reference_price
2026-08-12,EBM1126,3169.3,2026,11,2026-11,monthly_baseload,EPIAS_VEP_daily_reference_price
2026-08-12,EBM1226,3384.38,2026,12,2026-12,monthly_baseload,EPIAS_VEP_daily_reference_price
2026-08-12,EBM0127,3473.9,2027,1,2027-01,monthly_baseload,EPIAS_VEP_daily_reference_price
2026-08-12,EBM0227,2493.84,2027,2,2027-02,monthly_baseload,EPIAS_VEP_daily_reference_price
2026-08-13,EBM0926,2860.5,2026,9,2026-09,monthly_baseload,EPIAS_VEP_daily_reference_price
2026-08-13,EBM1026,2858.65,2026,10,2026-10,monthly_baseload,EPIAS_VEP_daily_reference_price
2026-08-13,EBM1126,3169.3,2026,11,2026-11,monthly_baseload,EPIAS_VEP_daily_reference_price
2026-08-13,EBM1226,3384.38,2026,12,2026-12,monthly_baseload,EPIAS_VEP_daily_reference_price
2026-08-13,EBM0127,3473.9,2027,1,2027-01,monthly_baseload,EPIAS_VEP_daily_reference_price
2026-08-13,EBM0227,2493.84,2027,2,2027-02,monthly_baseload,EPIAS_VEP_daily_reference_price
2026-08-14,EBM0926,2860.5,2026,9,2026-09,monthly_baseload,EPIAS_VEP_daily_reference_price
2026-08-14,EBM1026,2858.65,2026,10,2026-10,monthly_baseload,EPIAS_VEP_daily_reference_price
2026-08-14,EBM1126,3169.3,2026,11,2026-11,monthly_baseload,EPIAS_VEP_daily_reference_price
2026-08-14,EBM1226,3384.38,2026,12,2026-12,monthly_baseload,EPIAS_VEP_daily_reference_price
2026-08-14,EBM0127,3473.9,2027,1,2027-01,monthly_baseload,EPIAS_VEP_daily_reference_price
2026-08-14,EBM0227,2493.84,2027,2,2027-02,monthly_baseload,EPIAS_VEP_daily_reference_price
2026-08-17,EBM0926,2860.5,2026,9,2026-09,monthly_baseload,EPIAS_VEP_daily_reference_price
2026-08-17,EBM1026,2858.65,2026,10,2026-10,monthly_baseload,EPIAS_VEP_daily_reference_price
2026-08-17,EBM1126,3169.3,2026,11,2026-11,monthly_baseload,EPIAS_VEP_daily_reference_price
2026-08-17,EBM1226,3384.38,2026,12,2026-12,monthly_baseload,EPIAS_VEP_daily_reference_price
2026-08-17,EBM0127,3473.9,2027,1,2027-01,monthly_baseload,EPIAS_VEP_daily_reference_price
2026-08-17,EBM0227,2493.84,2027,2,2027-02,monthly_baseload,EPIAS_VEP_daily_reference_price
2026-08-18,EBM0926,2860.5,2026,9,2026-09,monthly_baseload,EPIAS_VEP_daily_reference_price
2026-08-18,EBM1026,2858.65,2026,10,2026-10,monthly_baseload,EPIAS_VEP_daily_reference_price
2026-08-18,EBM1126,3169.3,2026,11,2026-11,monthly_baseload,EPIAS_VEP_daily_reference_price
2026-08-18,EBM1226,3384.38,2026,12,2026-12,monthly_baseload,EPIAS_VEP_daily_reference_price
2026-08-18,EBM0127,3473.9,2027,1,2027-01,monthly_baseload,EPIAS_VEP_daily_reference_price
2026-08-18,EBM0227,2493.84,2027,2,2027-02,monthly_baseload,EPIAS_VEP_daily_reference_price
2026-08-19,EBM0926,2860.5,2026,9,2026-09,monthly_baseload,EPIAS_VEP_daily_reference_price
2026-08-19,EBM1026,2858.65,2026,10,2026-10,monthly_baseload,EPIAS_VEP_daily_reference_price
2026-08-19,EBM1126,3169.3,2026,11,2026-11,monthly_baseload,EPIAS_VEP_daily_reference_price
2026-08-19,EBM1226,3384.38,2026,12,2026-12,monthly_baseload,EPIAS_VEP_daily_reference_price
2026-08-19,EBM0127,3473.9,2027,1,2027-01,monthly_baseload,EPIAS_VEP_daily_reference_price
2026-08-19,EBM0227,2493.84,2027,2,2027-02,monthly_baseload,EPIAS_VEP_daily_reference_price
2026-08-20,EBM0926,2860.5,2026,9,2026-09,monthly_baseload,EPIAS_VEP_daily_reference_price
2026-08-20,EBM1026,2858.65,2026,10,2026-10,monthly_baseload,EPIAS_VEP_daily_reference_price
2026-08-20,EBM1126,3169.3,2026,11,2026-11,monthly_baseload,EPIAS_VEP_daily_reference_price
2026-08-20,EBM1226,3384.38,2026,12,2026-12,monthly_baseload,EPIAS_VEP_daily_reference_price
2026-08-20,EBM0127,3473.9,2027,1,2027-01,monthly_baseload,EPIAS_VEP_daily_reference_price
2026-08-20,EBM0227,2493.84,2027,2,2027-02,monthly_baseload,EPIAS_VEP_daily_reference_price
2026-08-21,EBM0926,2860.5,2026,9,2026-09,monthly_baseload,EPIAS_VEP_daily_reference_price
2026-08-21,EBM1026,2858.65,2026,10,2026-10,monthly_baseload,EPIAS_VEP_daily_reference_price
2026-08-21,EBM1126,3169.3,2026,11,2026-11,monthly_baseload,EPIAS_VEP_daily_reference_price
2026-08-21,EBM1226,3384.38,2026,12,2026-12,monthly_baseload,EPIAS_VEP_daily_reference_price
2026-08-21,EBM0127,3473.9,2027,1,2027-01,monthly_baseload,EPIAS_VEP_daily_reference_price
2026-08-21,EBM0227,2493.84,2027,2,2027-02,monthly_baseload,EPIAS_VEP_daily_reference_price
2026-08-24,EBM0926,2860.5,2026,9,2026-09,monthly_baseload,EPIAS_VEP_daily_reference_price
2026-08-24,EBM1026,2858.65,2026,10,2026-10,monthly_baseload,EPIAS_VEP_daily_reference_price
2026-08-24,EBM1126,3169.3,2026,11,2026-11,monthly_baseload,EPIAS_VEP_daily_reference_price
2026-08-24,EBM1226,3384.38,2026,12,2026-12,monthly_baseload,EPIAS_VEP_daily_reference_price
2026-08-24,EBM0127,3473.9,2027,1,2027-01,monthly_baseload,EPIAS_VEP_daily_reference_price
2026-08-24,EBM0227,2493.84,2027,2,2027-02,monthly_baseload,EPIAS_VEP_daily_reference_price
2026-08-25,EBM0926,2860.5,2026,9,2026-09,monthly_baseload,EPIAS_VEP_daily_reference_price
2026-08-25,EBM1026,2858.65,2026,10,2026-10,monthly_baseload,EPIAS_VEP_daily_reference_price
2026-08-25,EBM1126,3169.3,2026,11,2026-11,monthly_baseload,EPIAS_VEP_daily_reference_price
2026-08-25,EBM1226,3384.38,2026,12,2026-12,monthly_baseload,EPIAS_VEP_daily_reference_price
2026-08-25,EBM0127,3473.9,2027,1,2027-01,monthly_baseload,EPIAS_VEP_daily_reference_price
2026-08-25,EBM0227,2493.84,2027,2,2027-02,monthly_baseload,EPIAS_VEP_daily_reference_price
2026-08-26,EBM0926,2860.5,2026,9,2026-09,monthly_baseload,EPIAS_VEP_daily_reference_price
2026-08-26,EBM1026,2858.65,2026,10,2026-10,monthly_baseload,EPIAS_VEP_daily_reference_price
2026-08-26,EBM1126,3169.3,2026,11,2026-11,monthly_baseload,EPIAS_VEP_daily_reference_price
2026-08-26,EBM1226,3384.38,2026,12,2026-12,monthly_baseload,EPIAS_VEP_daily_reference_price
2026-08-26,EBM0127,3473.9,2027,1,2027-01,monthly_baseload,EPIAS_VEP_daily_reference_price
2026-08-26,EBM0227,2493.84,2027,2,2027-02,monthly_baseload,EPIAS_VEP_daily_reference_price
2026-08-27,EBM0926,2860.5,2026,9,2026-09,monthly_baseload,EPIAS_VEP_daily_reference_price
2026-08-27,EBM1026,2858.65,2026,10,2026-10,monthly_baseload,EPIAS_VEP_daily_reference_price
2026-08-27,EBM1126,3169.3,2026,11,2026-11,monthly_baseload,EPIAS_VEP_daily_reference_price
2026-08-27,EBM1226,3384.38,2026,12,2026-12,monthly_baseload,EPIAS_VEP_daily_reference_price
2026-08-27,EBM0127,3473.9,2027,1,2027-01,monthly_baseload,EPIAS_VEP_daily_reference_price
2026-08-27,EBM0227,2493.84,2027,2,2027-02,monthly_baseload,EPIAS_VEP_daily_reference_price
2026-08-28,EBM1026,2858.65,2026,10,2026-10,monthly_baseload,EPIAS_VEP_daily_reference_price
2026-08-28,EBM1126,3169.3,2026,11,2026-11,monthly_baseload,EPIAS_VEP_daily_reference_price
2026-08-28,EBM1226,3384.38,2026,12,2026-12,monthly_baseload,EPIAS_VEP_daily_reference_price
2026-08-28,EBM0127,3618.33,2027,1,2027-01,monthly_baseload,EPIAS_VEP_daily_reference_price
2026-08-28,EBM0227,2597.53,2027,2,2027-02,monthly_baseload,EPIAS_VEP_daily_reference_price
2026-08-28,EBM0327,2025.22,2027,3,2027-03,monthly_baseload,EPIAS_VEP_daily_reference_price
2026-08-31,EBM1026,2858.65,2026,10,2026-10,monthly_baseload,EPIAS_VEP_daily_reference_price
2026-08-31,EBM1126,3169.3,2026,11,2026-11,monthly_baseload,EPIAS_VEP_daily_reference_price
2026-08-31,EBM1226,3384.38,2026,12,2026-12,monthly_baseload,EPIAS_VEP_daily_reference_price
2026-08-31,EBM0127,3618.33,2027,1,2027-01,monthly_baseload,EPIAS_VEP_daily_reference_price
2026-08-31,EBM0227,2597.53,2027,2,2027-02,monthly_baseload,EPIAS_VEP_daily_reference_price
2026-08-31,EBM0327,2025.22,2027,3,2027-03,monthly_baseload,EPIAS_VEP_daily_reference_price
