Tarih;Saat;PTF (TL/MWh);PTF (USD/MWh);PTF (EUR/MWh)
01.01.2021;00:00;263,99;35,96;29,31
01.01.2021;01:00;236,99;32,29;26,31
01.01.2021;02:00;216,70;29,52;24,06
01.01.2021;03:00;218,07;29,71;24,21
01.01.2021;04:00;208,99;28,47;23,20
01.01.2021;05:00;209,00;28,47;23,20
01.01.2021;06:00;236,98;32,28;26,31
01.01.2021;07:00;225,00;30,65;24,98
01.01.2021;08:00;236,98;32,28;26,31
01.01.2021;09:00;216,51;29,50;24,04
01.01.2021;10:00;236,99;32,29;26,31
01.01.2021;11:00;220,57;30,05;24,49
01.01.2021;12:00;218,18;29,72;24,22
01.01.2021;13:00;236,98;32,28;26,31
01.01.2021;14:00;236,98;32,28;26,31
01.01.2021;15:00;218,32;29,74;24,24
01.01.2021;16:00;284,99;38,82;31,64
01.01.2021;17:00;317,37;43,24;35,23
01.01.2021;18:00;323,06;44,01;35,86
01.01.2021;19:00;320,52;43,66;35,58
01.01.2021;20:00;319,17;43,48;35,43
01.01.2021;21:00;315,97;43,04;35,08
01.01.2021;22:00;313,56;42,72;34,81
01.01.2021;23:00;310,78;42,34;34,50
02.01.2021;00:00;310,00;41,78;34,00
02.01.2021;01:00;300,00;40,43;32,91
02.01.2021;02:00;256,33;34,55;28,12
02.01.2021;03:00;248,02;33,43;27,21
02.01.2021;04:00;236,99;31,94;26,00
02.01.2021;05:00;248,02;33,43;27,21
02.01.2021;06:00;259,00;34,91;28,41
02.01.2021;07:00;269,99;36,39;29,62
02.01.2021;08:00;285,00;38,41;31,26
02.01.2021;09:00;284,99;38,41;31,26
02.01.2021;10:00;278,41;37,52;30,54
02.01.2021;11:00;269,99;36,39;29,62
02.01.2021;12:00;263,00;35,45;28,85
02.01.2021;13:00;297,62;40,11;32,65
02.01.2021;14:00;311,95;42,05;34,22
02.01.2021;15:00;315,26;42,49;34,58
02.01.2021;16:00;319,54;43,07;35,05
02.01.2021;17:00;329,20;44,37;36,11
02.01.2021;18:00;334,03;45,02;36,64
02.01.2021;19:00;330,00;44,48;36,20
02.01.2021;20:00;325,17;43,83;35,67
02.01.2021;21:00;320,95;43,26;35,21
02.01.2021;22:00;317,29;42,76;34,80
02.01.2021;23:00;311,88;42,04;34,21
03.01.2021;00:00;310,96;41,91;34,11
03.01.2021;01:00;312,06;42,06;34,23
03.01.2021;02:00;310,10;41,80;34,02
03.01.2021;03:00;269,99;36,39;29,62
03.01.2021;04:00;248,02;33,43;27,21
03.01.2021;05:00;236,99;31,94;26,00
03.01.2021;06:00;237,99;32,08;26,11
03.01.2021;07:00;246,32;33,20;27,02
03.01.2021;08:00;264,58;35,66;29,02
03.01.2021;09:00;247,76;33,39;27,18
03.01.2021;10:00;267,42;36,04;29,33
03.01.2021;11:00;269,98;36,39;29,61
03.01.2021;12:00;283,48;38,21;31,10
03.01.2021;13:00;269,99;36,39;29,62
03.01.2021;14:00;260,00;35,04;28,52
03.01.2021;15:00;308,32;41,56;33,82
03.01.2021;16:00;313,46;42,25;34,38
03.01.2021;17:00;324,37;43,72;35,58
03.01.2021;18:00;333,10;44,90;36,54
03.01.2021;19:00;331,01;44,61;36,31
03.01.2021;20:00;328,43;44,27;36,03
03.01.2021;21:00;325,01;43,81;35,65
03.01.2021;22:00;321,72;43,36;35,29
03.01.2021;23:00;315,87;42,57;34,65
04.01.2021;00:00;300,00;40,43;32,91
04.01.2021;01:00;269,98;36,39;29,61
04.01.2021;02:00;256,33;34,55;28,12
04.01.2021;03:00;248,03;33,43;27,21
04.01.2021;04:00;236,98;31,94;25,99
04.01.2021;05:00;236,98;31,94;25,99
04.01.2021;06:00;269,98;36,39;29,61
04.01.2021;07:00;311,52;41,99;34,17
04.01.2021;08:00;320,23;43,16;35,13
04.01.2021;09:00;323,77;43,64;35,52
04.01.2021;10:00;321,89;43,38;35,31
04.01.2021;11:00;318,21;42,89;34,91
04.01.2021;12:00;299,99;40,43;32,91
04.01.2021;13:00;311,08;41,93;34,12
04.01.2021;14:00;315,01;42,46;34,55
04.01.2021;15:00;315,76;42,56;34,64
04.01.2021;16:00;320,26;43,17;35,13
04.01.2021;17:00;327,10;44,09;35,88
04.01.2021;18:00;323,42;43,59;35,48
04.01.2021;19:00;315,38;42,51;34,59
04.01.2021;20:00;317,12;42,74;34,79
04.01.2021;21:00;311,50;41,98;34,17
04.01.2021;22:00;269,99;36,39;29,62
04.01.2021;23:00;256,32;34,55;28,12
05.01.2021;00:00;299,99;40,43;32,91
05.01.2021;01:00;236,99;31,94;26,00
05.01.2021;02:00;236,99;31,94;26,00
05.01.2021;03:00;236,99;31,94;26,00
05.01.2021;04:00;236,98;31,94;25,99
05.01.2021;05:00;236,99;31,94;26,00
05.01.2021;06:00;238,02;32,08;26,11
05.01.2021;07:00;269,25;36,29;29,53
05.01.2021;08:00;312,98;42,18;34,33
05.01.2021;09:00;315,00;42,46;34,55
05.01.2021;10:00;313,96;42,32;34,44
05.01.2021;11:00;310,53;41,85;34,06
05.01.2021;12:00;268,01;36,12;29,40
05.01.2021;13:00;283,49;38,21;31,10
05.01.2021;14:00;312,37;42,10;34,26
05.01.2021;15:00;314,99;42,45;34,55
05.01.2021;16:00;319,06;43,00;35,00
05.01.2021;17:00;324,72;43,77;35,62
05.01.2021;18:00;324,07;43,68;35,55
05.01.2021;19:00;318,24;42,89;34,91
05.01.2021;20:00;315,00;42,46;34,55
05.01.2021;21:00;313,53;42,26;34,39
05.01.2021;22:00;300,57;40,51;32,97
05.01.2021;23:00;275,00;37,06;30,17
06.01.2021;00:00;300,00;40,76;33,19
06.01.2021;01:00;310,39;42,17;34,34
06.01.2021;02:00;269,98;36,68;29,87
06.01.2021;03:00;256,32;34,83;28,36
06.01.2021;04:00;247,02;33,56;27,33
06.01.2021;05:00;256,33;34,83;28,36
06.01.2021;06:00;269,98;36,68;29,87
06.01.2021;07:00;312,02;42,39;34,52
06.01.2021;08:00;319,51;43,41;35,35
06.01.2021;09:00;321,59;43,69;35,58
06.01.2021;10:00;319,67;43,43;35,37
06.01.2021;11:00;318,32;43,25;35,22
06.01.2021;12:00;310,29;42,16;34,33
06.01.2021;13:00;311,99;42,39;34,52
06.01.2021;14:00;316,04;42,94;34,97
06.01.2021;15:00;318,09;43,22;35,19
06.01.2021;16:00;318,78;43,31;35,27
06.01.2021;17:00;323,87;44,00;35,83
06.01.2021;18:00;323,18;43,91;35,76
06.01.2021;19:00;318,33;43,25;35,22
06.01.2021;20:00;315,65;42,89;34,92
06.01.2021;21:00;314,83;42,77;34,83
06.01.2021;22:00;310,20;42,15;34,32
06.01.2021;23:00;269,98;36,68;29,87
07.01.2021;00:00;300,00;40,61;33,09
07.01.2021;01:00;309,99;41,97;34,19
07.01.2021;02:00;269,24;36,45;29,70
07.01.2021;03:00;264,99;35,87;29,23
07.01.2021;04:00;247,03;33,44;27,25
07.01.2021;05:00;247,03;33,44;27,25
07.01.2021;06:00;256,32;34,70;28,27
07.01.2021;07:00;269,24;36,45;29,70
07.01.2021;08:00;315,94;42,77;34,85
07.01.2021;09:00;318,03;43,05;35,08
07.01.2021;10:00;317,60;43,00;35,03
07.01.2021;11:00;313,97;42,51;34,63
07.01.2021;12:00;269,24;36,45;29,70
07.01.2021;13:00;274,41;37,15;30,27
07.01.2021;14:00;310,39;42,02;34,24
07.01.2021;15:00;313,40;42,43;34,57
07.01.2021;16:00;313,69;42,47;34,60
07.01.2021;17:00;320,09;43,33;35,31
07.01.2021;18:00;321,01;43,46;35,41
07.01.2021;19:00;316,33;42,82;34,89
07.01.2021;20:00;316,22;42,81;34,88
07.01.2021;21:00;313,20;42,40;34,55
07.01.2021;22:00;310,26;42,00;34,22
07.01.2021;23:00;269,24;36,45;29,70
08.01.2021;00:00;308,99;42,15;34,18
08.01.2021;01:00;256,33;34,97;28,36
08.01.2021;02:00;258,48;35,26;28,59
08.01.2021;03:00;243,99;33,29;26,99
08.01.2021;04:00;233,99;31,92;25,88
08.01.2021;05:00;235,98;32,19;26,10
08.01.2021;06:00;235,99;32,20;26,11
08.01.2021;07:00;256,32;34,97;28,35
08.01.2021;08:00;312,51;42,63;34,57
08.01.2021;09:00;320,51;43,73;35,46
08.01.2021;10:00;320,51;43,73;35,46
08.01.2021;11:00;318,11;43,40;35,19
08.01.2021;12:00;310,00;42,29;34,29
08.01.2021;13:00;300,57;41,01;33,25
08.01.2021;14:00;313,40;42,76;34,67
08.01.2021;15:00;314,57;42,92;34,80
08.01.2021;16:00;310,71;42,39;34,37
08.01.2021;17:00;318,45;43,44;35,23
08.01.2021;18:00;319,23;43,55;35,31
08.01.2021;19:00;315,11;42,99;34,86
08.01.2021;20:00;313,55;42,78;34,69
08.01.2021;21:00;311,02;42,43;34,41
08.01.2021;22:00;288,47;39,35;31,91
08.01.2021;23:00;248,48;33,90;27,49
09.01.2021;00:00;308,99;42,48;34,59
09.01.2021;01:00;256,33;35,24;28,69
09.01.2021;02:00;269,99;37,12;30,22
09.01.2021;03:00;249,99;34,37;27,98
09.01.2021;04:00;242,98;33,41;27,20
09.01.2021;05:00;242,99;33,41;27,20
09.01.2021;06:00;243,99;33,55;27,31
09.01.2021;07:00;237,99;32,72;26,64
09.01.2021;08:00;250,00;34,37;27,98
09.01.2021;09:00;256,33;35,24;28,69
09.01.2021;10:00;262,99;36,16;29,44
09.01.2021;11:00;255,00;35,06;28,54
09.01.2021;12:00;236,99;32,58;26,53
09.01.2021;13:00;269,98;37,12;30,22
09.01.2021;14:00;236,99;32,58;26,53
09.01.2021;15:00;269,01;36,99;30,11
09.01.2021;16:00;309,99;42,62;34,70
09.01.2021;17:00;317,99;43,72;35,59
09.01.2021;18:00;320,57;44,07;35,88
09.01.2021;19:00;317,04;43,59;35,49
09.01.2021;20:00;317,29;43,62;35,51
09.01.2021;21:00;314,24;43,20;35,17
09.01.2021;22:00;311,39;42,81;34,85
09.01.2021;23:00;269,99;37,12;30,22
10.01.2021;00:00;308,99;42,05;34,34
10.01.2021;01:00;245,00;33,34;27,23
10.01.2021;02:00;249,99;34,02;27,79
10.01.2021;03:00;242,23;32,96;26,92
10.01.2021;04:00;233,99;31,84;26,01
10.01.2021;05:00;233,99;31,84;26,01
10.01.2021;06:00;242,22;32,96;26,92
10.01.2021;07:00;233,99;31,84;26,01
10.01.2021;08:00;200,00;27,21;22,23
10.01.2021;09:00;236,97;32,25;26,34
10.01.2021;10:00;309,99;42,18;34,46
10.01.2021;11:00;310,47;42,25;34,51
10.01.2021;12:00;310,43;42,24;34,50
10.01.2021;13:00;236,98;32,25;26,34
10.01.2021;14:00;236,97;32,25;26,34
10.01.2021;15:00;237,99;32,38;26,45
10.01.2021;16:00;311,42;42,38;34,61
10.01.2021;17:00;319,99;43,54;35,57
10.01.2021;18:00;324,76;44,19;36,10
10.01.2021;19:00;322,70;43,91;35,87
10.01.2021;20:00;319,84;43,52;35,55
10.01.2021;21:00;316,19;43,02;35,14
10.01.2021;22:00;312,91;42,58;34,78
10.01.2021;23:00;272,13;37,03;30,25
11.01.2021;00:00;309,00;42,05;34,35
11.01.2021;01:00;250,00;34,02;27,79
11.01.2021;02:00;255,01;34,70;28,34
11.01.2021;03:00;242,01;32,93;26,90
11.01.2021;04:00;233,99;31,84;26,01
11.01.2021;05:00;233,99;31,84;26,01
11.01.2021;06:00;233,99;31,84;26,01
11.01.2021;07:00;233,99;31,84;26,01
11.01.2021;08:00;313,85;42,71;34,88
11.01.2021;09:00;318,86;43,39;35,44
11.01.2021;10:00;318,59;43,35;35,41
11.01.2021;11:00;314,34;42,77;34,94
11.01.2021;12:00;279,48;38,03;31,06
11.01.2021;13:00;310,00;42,18;34,46
11.01.2021;14:00;313,13;42,61;34,80
11.01.2021;15:00;314,84;42,84;34,99
11.01.2021;16:00;318,99;43,41;35,46
11.01.2021;17:00;324,34;44,13;36,05
11.01.2021;18:00;324,42;44,14;36,06
11.01.2021;19:00;319,39;43,46;35,50
11.01.2021;20:00;317,54;43,21;35,29
11.01.2021;21:00;314,05;42,73;34,91
11.01.2021;22:00;310,35;42,23;34,50
11.01.2021;23:00;265,00;36,06;29,45
12.01.2021;00:00;309,00;42,05;34,35
12.01.2021;01:00;289,00;39,33;32,12
12.01.2021;02:00;310,00;42,18;34,46
12.01.2021;03:00;254,89;34,68;28,33
12.01.2021;04:00;240,01;32,66;26,68
12.01.2021;05:00;250,00;34,02;27,79
12.01.2021;06:00;254,89;34,68;28,33
12.01.2021;07:00;269,00;36,60;29,90
12.01.2021;08:00;314,36;42,78;34,94
12.01.2021;09:00;318,99;43,41;35,46
12.01.2021;10:00;317,28;43,17;35,27
12.01.2021;11:00;317,76;43,24;35,32
12.01.2021;12:00;311,44;42,38;34,62
12.01.2021;13:00;312,97;42,59;34,79
12.01.2021;14:00;315,65;42,95;35,08
12.01.2021;15:00;316,40;43,05;35,17
12.01.2021;16:00;317,79;43,24;35,32
12.01.2021;17:00;321,75;43,78;35,76
12.01.2021;18:00;320,59;43,62;35,63
12.01.2021;19:00;316,30;43,04;35,16
12.01.2021;20:00;314,33;42,77;34,94
12.01.2021;21:00;311,63;42,40;34,64
12.01.2021;22:00;300,57;40,90;33,41
12.01.2021;23:00;249,03;33,89;27,68
13.01.2021;00:00;309,00;41,51;34,10
13.01.2021;01:00;275,01;36,95;30,34
13.01.2021;02:00;294,99;39,63;32,55
13.01.2021;03:00;243,99;32,78;26,92
13.01.2021;04:00;254,88;34,24;28,12
13.01.2021;05:00;310,07;41,66;34,21
13.01.2021;06:00;312,18;41,94;34,45
13.01.2021;07:00;315,45;42,38;34,81
13.01.2021;08:00;324,50;43,60;35,81
13.01.2021;09:00;330,95;44,46;36,52
13.01.2021;10:00;331,35;44,52;36,56
13.01.2021;11:00;332,58;44,68;36,70
13.01.2021;12:00;328,89;44,19;36,29
13.01.2021;13:00;329,89;44,32;36,40
13.01.2021;14:00;332,68;44,70;36,71
13.01.2021;15:00;333,58;44,82;36,81
13.01.2021;16:00;336,46;45,20;37,12
13.01.2021;17:00;343,22;46,11;37,87
13.01.2021;18:00;344,96;46,35;38,06
13.01.2021;19:00;335,57;45,08;37,03
13.01.2021;20:00;328,74;44,17;36,27
13.01.2021;21:00;325,87;43,78;35,96
13.01.2021;22:00;322,57;43,34;35,59
13.01.2021;23:00;318,82;42,83;35,18
14.01.2021;00:00;319,81;42,87;35,26
14.01.2021;01:00;318,60;42,70;35,13
14.01.2021;02:00;316,21;42,38;34,87
14.01.2021;03:00;313,66;42,04;34,58
14.01.2021;04:00;313,50;42,02;34,57
14.01.2021;05:00;313,13;41,97;34,53
14.01.2021;06:00;314,65;42,17;34,69
14.01.2021;07:00;317,01;42,49;34,95
14.01.2021;08:00;325,00;43,56;35,84
14.01.2021;09:00;332,93;44,62;36,71
14.01.2021;10:00;334,77;44,87;36,91
14.01.2021;11:00;334,78;44,87;36,91
14.01.2021;12:00;330,13;44,25;36,40
14.01.2021;13:00;333,34;44,68;36,75
14.01.2021;14:00;336,04;45,04;37,05
14.01.2021;15:00;336,02;45,04;37,05
14.01.2021;16:00;338,60;45,38;37,33
14.01.2021;17:00;356,23;47,75;39,28
14.01.2021;18:00;349,00;46,78;38,48
14.01.2021;19:00;334,81;44,88;36,92
14.01.2021;20:00;328,51;44,03;36,22
14.01.2021;21:00;324,99;43,56;35,83
14.01.2021;22:00;320,40;42,94;35,33
14.01.2021;23:00;314,99;42,22;34,73
15.01.2021;00:00;313,78;42,24;34,65
15.01.2021;01:00;313,08;42,15;34,57
15.01.2021;02:00;309,99;41,73;34,23
15.01.2021;03:00;250,01;33,66;27,61
15.01.2021;04:00;239,99;32,31;26,50
15.01.2021;05:00;239,99;32,31;26,50
15.01.2021;06:00;275,00;37,02;30,37
15.01.2021;07:00;310,00;41,73;34,23
15.01.2021;08:00;318,90;42,93;35,22
15.01.2021;09:00;323,11;43,50;35,68
15.01.2021;10:00;323,57;43,56;35,73
15.01.2021;11:00;323,66;43,57;35,74
15.01.2021;12:00;318,68;42,90;35,19
15.01.2021;13:00;319,00;42,94;35,23
15.01.2021;14:00;325,31;43,79;35,93
15.01.2021;15:00;326,83;44,00;36,09
15.01.2021;16:00;326,20;43,91;36,02
15.01.2021;17:00;328,91;44,28;36,32
15.01.2021;18:00;329,00;44,29;36,33
15.01.2021;19:00;325,70;43,84;35,97
15.01.2021;20:00;323,57;43,56;35,73
15.01.2021;21:00;320,85;43,19;35,43
15.01.2021;22:00;319,03;42,95;35,23
15.01.2021;23:00;315,61;42,49;34,85
16.01.2021;00:00;319,02;43,18;35,52
16.01.2021;01:00;318,33;43,08;35,44
16.01.2021;02:00;314,98;42,63;35,07
16.01.2021;03:00;311,68;42,18;34,70
16.01.2021;04:00;310,83;42,07;34,61
16.01.2021;05:00;310,80;42,07;34,60
16.01.2021;06:00;311,24;42,12;34,65
16.01.2021;07:00;310,74;42,06;34,60
16.01.2021;08:00;313,22;42,39;34,87
16.01.2021;09:00;317,43;42,96;35,34
16.01.2021;10:00;319,00;43,18;35,52
16.01.2021;11:00;322,31;43,62;35,89
16.01.2021;12:00;319,42;43,23;35,56
16.01.2021;13:00;320,67;43,40;35,70
16.01.2021;14:00;320,00;43,31;35,63
16.01.2021;15:00;319,00;43,18;35,52
16.01.2021;16:00;317,45;42,97;35,34
16.01.2021;17:00;318,78;43,15;35,49
16.01.2021;18:00;320,61;43,39;35,70
16.01.2021;19:00;318,61;43,12;35,47
16.01.2021;20:00;315,19;42,66;35,09
16.01.2021;21:00;310,07;41,97;34,52
16.01.2021;22:00;275,00;37,22;30,62
16.01.2021;23:00;272,12;36,83;30,30
17.01.2021;00:00;308,99;41,82;34,47
17.01.2021;01:00;300,00;40,61;33,47
17.01.2021;02:00;268,99;36,41;30,01
17.01.2021;03:00;254,88;34,50;28,44
17.01.2021;04:00;262,99;35,60;29,34
17.01.2021;05:00;254,89;34,50;28,44
17.01.2021;06:00;254,89;34,50;28,44
17.01.2021;07:00;236,98;32,08;26,44
17.01.2021;08:00;186,99;25,31;20,86
17.01.2021;09:00;231,31;31,31;25,81
17.01.2021;10:00;270,91;36,67;30,22
17.01.2021;11:00;270,91;36,67;30,22
17.01.2021;12:00;290,00;39,25;32,35
17.01.2021;13:00;304,33;41,19;33,95
17.01.2021;14:00;311,98;42,23;34,81
17.01.2021;15:00;312,89;42,35;34,91
17.01.2021;16:00;313,78;42,47;35,01
17.01.2021;17:00;317,87;43,03;35,46
17.01.2021;18:00;322,99;43,72;36,03
17.01.2021;19:00;322,14;43,60;35,94
17.01.2021;20:00;321,53;43,52;35,87
17.01.2021;21:00;319,97;43,31;35,70
17.01.2021;22:00;317,39;42,96;35,41
17.01.2021;23:00;314,99;42,64;35,14
18.01.2021;00:00;296,62;40,15;33,09
18.01.2021;01:00;310,55;42,04;34,65
18.01.2021;02:00;240,01;32,49;26,78
18.01.2021;03:00;239,98;32,48;26,77
18.01.2021;04:00;239,98;32,48;26,77
18.01.2021;05:00;239,99;32,49;26,77
18.01.2021;06:00;300,00;40,61;33,47
18.01.2021;07:00;314,03;42,51;35,03
18.01.2021;08:00;323,25;43,76;36,06
18.01.2021;09:00;329,22;44,56;36,73
18.01.2021;10:00;328,44;44,46;36,64
18.01.2021;11:00;326,89;44,25;36,47
18.01.2021;12:00;323,00;43,72;36,04
18.01.2021;13:00;324,79;43,96;36,23
18.01.2021;14:00;327,45;44,32;36,53
18.01.2021;15:00;328,20;44,43;36,62
18.01.2021;16:00;330,64;44,76;36,89
18.01.2021;17:00;332,57;45,02;37,10
18.01.2021;18:00;330,82;44,78;36,91
18.01.2021;19:00;325,93;44,12;36,36
18.01.2021;20:00;322,68;43,68;36,00
18.01.2021;21:00;319,82;43,29;35,68
18.01.2021;22:00;317,12;42,93;35,38
18.01.2021;23:00;314,28;42,54;35,06
19.01.2021;00:00;315,32;42,68;35,18
19.01.2021;01:00;314,74;42,60;35,11
19.01.2021;02:00;311,90;42,22;34,80
19.01.2021;03:00;273,24;36,99;30,48
19.01.2021;04:00;272,01;36,82;30,35
19.01.2021;05:00;273,24;36,99;30,48
19.01.2021;06:00;296,62;40,15;33,09
19.01.2021;07:00;314,20;42,53;35,05
19.01.2021;08:00;321,81;43,56;35,90
19.01.2021;09:00;327,08;44,27;36,49
19.01.2021;10:00;328,98;44,53;36,70
19.01.2021;11:00;329,00;44,53;36,70
19.01.2021;12:00;325,43;44,05;36,31
19.01.2021;13:00;327,26;44,30;36,51
19.01.2021;14:00;330,70;44,76;36,89
19.01.2021;15:00;331,54;44,88;36,99
19.01.2021;16:00;334,06;45,22;37,27
19.01.2021;17:00;337,00;45,62;37,60
19.01.2021;18:00;337,34;45,66;37,63
19.01.2021;19:00;329,95;44,66;36,81
19.01.2021;20:00;328,14;44,42;36,61
19.01.2021;21:00;324,13;43,87;36,16
19.01.2021;22:00;320,00;43,32;35,70
19.01.2021;23:00;315,91;42,76;35,24
20.01.2021;00:00;321,32;42,87;35,52
20.01.2021;01:00;319,38;42,61;35,31
20.01.2021;02:00;316,49;42,23;34,99
20.01.2021;03:00;315,13;42,04;34,84
20.01.2021;04:00;314,12;41,91;34,73
20.01.2021;05:00;314,56;41,97;34,77
20.01.2021;06:00;317,26;42,33;35,07
20.01.2021;07:00;317,18;42,32;35,06
20.01.2021;08:00;325,06;43,37;35,94
20.01.2021;09:00;333,57;44,50;36,88
20.01.2021;10:00;333,94;44,55;36,92
20.01.2021;11:00;335,13;44,71;37,05
20.01.2021;12:00;331,04;44,17;36,60
20.01.2021;13:00;332,21;44,32;36,73
20.01.2021;14:00;333,96;44,56;36,92
20.01.2021;15:00;335,13;44,71;37,05
20.01.2021;16:00;338,63;45,18;37,44
20.01.2021;17:00;348,32;46,47;38,51
20.01.2021;18:00;347,57;46,37;38,42
20.01.2021;19:00;335,72;44,79;37,11
20.01.2021;20:00;329,09;43,91;36,38
20.01.2021;21:00;324,52;43,30;35,88
20.01.2021;22:00;320,00;42,69;35,38
20.01.2021;23:00;314,64;41,98;34,78
21.01.2021;00:00;319,04;42,83;35,36
21.01.2021;01:00;316,96;42,55;35,13
21.01.2021;02:00;314,16;42,18;34,82
21.01.2021;03:00;311,81;41,86;34,56
21.01.2021;04:00;311,69;41,85;34,54
21.01.2021;05:00;312,52;41,96;34,63
21.01.2021;06:00;315,08;42,30;34,92
21.01.2021;07:00;318,28;42,73;35,27
21.01.2021;08:00;325,46;43,69;36,07
21.01.2021;09:00;332,28;44,61;36,82
21.01.2021;10:00;331,79;44,54;36,77
21.01.2021;11:00;334,34;44,89;37,05
21.01.2021;12:00;330,29;44,34;36,60
21.01.2021;13:00;331,66;44,53;36,76
21.01.2021;14:00;333,61;44,79;36,97
21.01.2021;15:00;334,45;44,90;37,06
21.01.2021;16:00;338,25;45,41;37,49
21.01.2021;17:00;342,12;45,93;37,91
21.01.2021;18:00;340,00;45,65;37,68
21.01.2021;19:00;335,31;45,02;37,16
21.01.2021;20:00;327,55;43,98;36,30
21.01.2021;21:00;324,13;43,52;35,92
21.01.2021;22:00;319,99;42,96;35,46
21.01.2021;23:00;316,37;42,47;35,06
22.01.2021;00:00;320,00;43,03;35,46
22.01.2021;01:00;318,39;42,81;35,29
22.01.2021;02:00;315,00;42,36;34,91
22.01.2021;03:00;312,69;42,05;34,65
22.01.2021;04:00;312,15;41,97;34,59
22.01.2021;05:00;312,58;42,03;34,64
22.01.2021;06:00;314,33;42,27;34,84
22.01.2021;07:00;315,30;42,40;34,94
22.01.2021;08:00;321,03;43,17;35,58
22.01.2021;09:00;325,88;43,82;36,12
22.01.2021;10:00;324,74;43,67;35,99
22.01.2021;11:00;326,16;43,86;36,15
22.01.2021;12:00;320,00;43,03;35,46
22.01.2021;13:00;318,08;42,77;35,25
22.01.2021;14:00;322,30;43,34;35,72
22.01.2021;15:00;323,16;43,45;35,81
22.01.2021;16:00;325,01;43,70;36,02
22.01.2021;17:00;327,89;44,09;36,34
22.01.2021;18:00;328,08;44,12;36,36
22.01.2021;19:00;323,84;43,55;35,89
22.01.2021;20:00;319,99;43,03;35,46
22.01.2021;21:00;318,15;42,78;35,26
22.01.2021;22:00;314,89;42,34;34,90
22.01.2021;23:00;311,02;41,82;34,47
23.01.2021;00:00;314,59;42,61;35,11
23.01.2021;01:00;313,55;42,47;35,00
23.01.2021;02:00;310,56;42,06;34,66
23.01.2021;03:00;256,33;34,72;28,61
23.01.2021;04:00;250,01;33,86;27,90
23.01.2021;05:00;250,01;33,86;27,90
23.01.2021;06:00;238,12;32,25;26,58
23.01.2021;07:00;238,12;32,25;26,58
23.01.2021;08:00;259,99;35,21;29,02
23.01.2021;09:00;262,99;35,62;29,35
23.01.2021;10:00;311,43;42,18;34,76
23.01.2021;11:00;312,95;42,38;34,93
23.01.2021;12:00;281,03;38,06;31,37
23.01.2021;13:00;296,61;40,17;33,10
23.01.2021;14:00;310,13;42,00;34,61
23.01.2021;15:00;311,61;42,20;34,78
23.01.2021;16:00;315,00;42,66;35,16
23.01.2021;17:00;319,65;43,29;35,68
23.01.2021;18:00;323,00;43,75;36,05
23.01.2021;19:00;319,99;43,34;35,71
23.01.2021;20:00;315,89;42,78;35,26
23.01.2021;21:00;313,11;42,41;34,95
23.01.2021;22:00;310,00;41,98;34,60
23.01.2021;23:00;268,55;36,37;29,97
24.01.2021;00:00;309,00;41,77;34,32
24.01.2021;01:00;310,06;41,91;34,43
24.01.2021;02:00;289,94;39,19;32,20
24.01.2021;03:00;289,94;39,19;32,20
24.01.2021;04:00;310,20;41,93;34,45
24.01.2021;05:00;300,02;40,55;33,32
24.01.2021;06:00;300,01;40,55;33,32
24.01.2021;07:00;311,52;42,11;34,60
24.01.2021;08:00;180,01;24,33;19,99
24.01.2021;09:00;170,01;22,98;18,88
24.01.2021;10:00;233,99;31,63;25,99
24.01.2021;11:00;289,95;39,19;32,20
24.01.2021;12:00;233,99;31,63;25,99
24.01.2021;13:00;289,94;39,19;32,20
24.01.2021;14:00;233,99;31,63;25,99
24.01.2021;15:00;233,99;31,63;25,99
24.01.2021;16:00;233,98;31,63;25,99
24.01.2021;17:00;313,60;42,39;34,83
24.01.2021;18:00;318,85;43,10;35,41
24.01.2021;19:00;317,64;42,93;35,28
24.01.2021;20:00;315,57;42,65;35,05
24.01.2021;21:00;312,63;42,26;34,72
24.01.2021;22:00;310,54;41,97;34,49
24.01.2021;23:00;262,01;35,41;29,10
25.01.2021;00:00;268,55;36,30;29,82
25.01.2021;01:00;236,98;32,03;26,32
25.01.2021;02:00;210,00;28,38;23,32
25.01.2021;03:00;233,97;31,62;25,98
25.01.2021;04:00;233,97;31,62;25,98
25.01.2021;05:00;236,98;32,03;26,32
25.01.2021;06:00;236,98;32,03;26,32
25.01.2021;07:00;250,00;33,79;27,76
25.01.2021;08:00;313,84;42,42;34,85
25.01.2021;09:00;315,90;42,70;35,08
25.01.2021;10:00;315,60;42,66;35,05
25.01.2021;11:00;314,99;42,57;34,98
25.01.2021;12:00;300,01;40,55;33,32
25.01.2021;13:00;310,22;41,93;34,45
25.01.2021;14:00;312,38;42,22;34,69
25.01.2021;15:00;312,63;42,26;34,72
25.01.2021;16:00;314,99;42,57;34,98
25.01.2021;17:00;317,98;42,98;35,31
25.01.2021;18:00;319,43;43,17;35,47
25.01.2021;19:00;316,06;42,72;35,10
25.01.2021;20:00;314,98;42,57;34,98
25.01.2021;21:00;311,75;42,14;34,62
25.01.2021;22:00;298,56;40,35;33,16
25.01.2021;23:00;268,54;36,30;29,82
26.01.2021;00:00;309,00;41,77;34,32
26.01.2021;01:00;249,57;33,73;27,72
26.01.2021;02:00;268,54;36,30;29,82
26.01.2021;03:00;236,98;32,03;26,32
26.01.2021;04:00;236,98;32,03;26,32
26.01.2021;05:00;236,99;32,03;26,32
26.01.2021;06:00;250,01;33,79;27,77
26.01.2021;07:00;275,02;37,17;30,54
26.01.2021;08:00;311,60;42,12;34,61
26.01.2021;09:00;320,18;43,28;35,56
26.01.2021;10:00;317,77;42,95;35,29
26.01.2021;11:00;316,33;42,76;35,13
26.01.2021;12:00;311,50;42,10;34,59
26.01.2021;13:00;312,29;42,21;34,68
26.01.2021;14:00;314,83;42,55;34,96
26.01.2021;15:00;315,44;42,64;35,03
26.01.2021;16:00;317,36;42,90;35,24
26.01.2021;17:00;319,82;43,23;35,52
26.01.2021;18:00;320,33;43,30;35,57
26.01.2021;19:00;315,97;42,71;35,09
26.01.2021;20:00;313,34;42,35;34,80
26.01.2021;21:00;310,29;41,94;34,46
26.01.2021;22:00;299,98;40,55;33,31
26.01.2021;23:00;265,01;35,82;29,43
27.01.2021;00:00;309,00;41,87;34,42
27.01.2021;01:00;259,32;35,14;28,88
27.01.2021;02:00;233,99;31,71;26,06
27.01.2021;03:00;233,60;31,65;26,02
27.01.2021;04:00;233,60;31,65;26,02
27.01.2021;05:00;233,61;31,66;26,02
27.01.2021;06:00;233,99;31,71;26,06
27.01.2021;07:00;233,99;31,71;26,06
27.01.2021;08:00;311,50;42,21;34,70
27.01.2021;09:00;318,49;43,16;35,48
27.01.2021;10:00;320,00;43,36;35,64
27.01.2021;11:00;323,41;43,82;36,02
27.01.2021;12:00;319,16;43,25;35,55
27.01.2021;13:00;322,22;43,66;35,89
27.01.2021;14:00;324,68;44,00;36,16
27.01.2021;15:00;324,58;43,98;36,15
27.01.2021;16:00;324,33;43,95;36,13
27.01.2021;17:00;326,69;44,27;36,39
27.01.2021;18:00;326,66;44,26;36,39
27.01.2021;19:00;321,94;43,63;35,86
27.01.2021;20:00;318,42;43,15;35,47
27.01.2021;21:00;316,69;42,91;35,27
27.01.2021;22:00;314,67;42,64;35,05
27.01.2021;23:00;312,22;42,31;34,78
28.01.2021;00:00;309,00;41,85;34,51
28.01.2021;01:00;311,71;42,22;34,81
28.01.2021;02:00;310,47;42,05;34,67
28.01.2021;03:00;290,66;39,37;32,46
28.01.2021;04:00;299,99;40,63;33,50
28.01.2021;05:00;310,00;41,99;34,62
28.01.2021;06:00;312,73;42,36;34,92
28.01.2021;07:00;316,65;42,89;35,36
28.01.2021;08:00;327,07;44,30;36,52
28.01.2021;09:00;334,37;45,29;37,34
28.01.2021;10:00;334,18;45,26;37,32
28.01.2021;11:00;335,60;45,45;37,48
28.01.2021;12:00;330,65;44,78;36,92
28.01.2021;13:00;331,50;44,90;37,02
28.01.2021;14:00;333,45;45,16;37,24
28.01.2021;15:00;334,22;45,27;37,32
28.01.2021;16:00;335,09;45,38;37,42
28.01.2021;17:00;338,07;45,79;37,75
28.01.2021;18:00;339,18;45,94;37,88
28.01.2021;19:00;334,05;45,24;37,30
28.01.2021;20:00;329,39;44,61;36,78
28.01.2021;21:00;325,43;44,08;36,34
28.01.2021;22:00;322,20;43,64;35,98
28.01.2021;23:00;317,95;43,06;35,51
29.01.2021;00:00;318,79;43,35;35,71
29.01.2021;01:00;317,26;43,14;35,54
29.01.2021;02:00;313,61;42,64;35,13
29.01.2021;03:00;310,31;42,19;34,76
29.01.2021;04:00;290,00;39,43;32,48
29.01.2021;05:00;290,00;39,43;32,48
29.01.2021;06:00;299,99;40,79;33,60
29.01.2021;07:00;311,30;42,33;34,87
29.01.2021;08:00;317,96;43,23;35,62
29.01.2021;09:00;320,00;43,51;35,84
29.01.2021;10:00;319,62;43,46;35,80
29.01.2021;11:00;319,61;43,46;35,80
29.01.2021;12:00;312,53;42,50;35,01
29.01.2021;13:00;309,99;42,15;34,72
29.01.2021;14:00;313,57;42,64;35,12
29.01.2021;15:00;313,02;42,56;35,06
29.01.2021;16:00;314,63;42,78;35,24
29.01.2021;17:00;316,13;42,99;35,41
29.01.2021;18:00;316,73;43,07;35,48
29.01.2021;19:00;312,56;42,50;35,01
29.01.2021;20:00;308,32;41,92;34,54
29.01.2021;21:00;310,00;42,15;34,72
29.01.2021;22:00;294,02;39,98;32,93
29.01.2021;23:00;274,10;37,27;30,70
30.01.2021;00:00;309,00;41,91;34,64
30.01.2021;01:00;271,02;36,76;30,38
30.01.2021;02:00;250,00;33,91;28,02
30.01.2021;03:00;236,99;32,15;26,56
30.01.2021;04:00;243,00;32,96;27,24
30.01.2021;05:00;236,99;32,15;26,56
30.01.2021;06:00;236,98;32,14;26,56
30.01.2021;07:00;233,45;31,67;26,17
30.01.2021;08:00;259,33;35,18;29,07
30.01.2021;09:00;260,00;35,27;29,14
30.01.2021;10:00;268,37;36,40;30,08
30.01.2021;11:00;300,00;40,69;33,63
30.01.2021;12:00;287,01;38,93;32,17
30.01.2021;13:00;310,87;42,17;34,84
30.01.2021;14:00;311,92;42,31;34,96
30.01.2021;15:00;313,42;42,51;35,13
30.01.2021;16:00;313,74;42,56;35,17
30.01.2021;17:00;316,56;42,94;35,48
30.01.2021;18:00;322,11;43,69;36,10
30.01.2021;19:00;321,42;43,60;36,03
30.01.2021;20:00;319,18;43,29;35,78
30.01.2021;21:00;316,95;42,99;35,53
30.01.2021;22:00;314,99;42,73;35,31
30.01.2021;23:00;312,67;42,41;35,05
31.01.2021;00:00;311,00;42,48;35,05
31.01.2021;01:00;311,39;42,53;35,10
31.01.2021;02:00;270,00;36,88;30,43
31.01.2021;03:00;259,33;35,42;29,23
31.01.2021;04:00;250,00;34,15;28,18
31.01.2021;05:00;250,01;34,15;28,18
31.01.2021;06:00;250,00;34,15;28,18
31.01.2021;07:00;259,32;35,42;29,23
31.01.2021;08:00;232,98;31,82;26,26
31.01.2021;09:00;232,98;31,82;26,26
31.01.2021;10:00;249,00;34,01;28,07
31.01.2021;11:00;268,37;36,65;30,25
31.01.2021;12:00;268,37;36,65;30,25
31.01.2021;13:00;269,99;36,88;30,43
31.01.2021;14:00;269,99;36,88;30,43
31.01.2021;15:00;269,99;36,88;30,43
31.01.2021;16:00;268,90;36,73;30,31
31.01.2021;17:00;299,11;40,85;33,71
31.01.2021;18:00;313,82;42,86;35,37
31.01.2021;19:00;312,16;42,64;35,19
31.01.2021;20:00;310,25;42,37;34,97
31.01.2021;21:00;269,99;36,88;30,43
31.01.2021;22:00;245,99;33,60;27,73
31.01.2021;23:00;232,99;31,82;26,26
01.02.2021;00:00;308,99;42,20;34,83
01.02.2021;01:00;240,00;32,78;27,05
01.02.2021;02:00;160,57;21,93;18,10
01.02.2021;03:00;200,00;27,32;22,54
01.02.2021;04:00;200,00;27,32;22,54
01.02.2021;05:00;230,00;31,41;25,92
01.02.2021;06:00;233,61;31,91;26,33
01.02.2021;07:00;215,01;29,37;24,24
01.02.2021;08:00;270,00;36,88;30,43
01.02.2021;09:00;312,34;42,66;35,21
01.02.2021;10:00;314,79;42,99;35,48
01.02.2021;11:00;313,58;42,83;35,35
01.02.2021;12:00;270,00;36,88;30,43
01.02.2021;13:00;310,85;42,46;35,04
01.02.2021;14:00;314,68;42,98;35,47
01.02.2021;15:00;315,77;43,13;35,59
01.02.2021;16:00;317,46;43,36;35,78
01.02.2021;17:00;320,24;43,74;36,10
01.02.2021;18:00;318,26;43,47;35,87
01.02.2021;19:00;312,79;42,72;35,26
01.02.2021;20:00;310,00;42,34;34,94
01.02.2021;21:00;270,00;36,88;30,43
01.02.2021;22:00;270,00;36,88;30,43
01.02.2021;23:00;268,36;36,65;30,25
02.02.2021;00:00;299,99;40,97;33,81
02.02.2021;01:00;232,99;31,82;26,26
02.02.2021;02:00;232,98;31,82;26,26
02.02.2021;03:00;232,98;31,82;26,26
02.02.2021;04:00;232,99;31,82;26,26
02.02.2021;05:00;254,12;34,71;28,64
02.02.2021;06:00;250,00;34,15;28,18
02.02.2021;07:00;250,01;34,15;28,18
02.02.2021;08:00;313,74;42,85;35,36
02.02.2021;09:00;313,72;42,85;35,36
02.02.2021;10:00;313,43;42,81;35,33
02.02.2021;11:00;310,79;42,45;35,03
02.02.2021;12:00;281,02;38,38;31,68
02.02.2021;13:00;299,98;40,97;33,81
02.02.2021;14:00;311,52;42,55;35,11
02.02.2021;15:00;314,12;42,90;35,41
02.02.2021;16:00;318,84;43,55;35,94
02.02.2021;17:00;322,88;44,10;36,39
02.02.2021;18:00;324,45;44,31;36,57
02.02.2021;19:00;320,39;43,76;36,11
02.02.2021;20:00;316,56;43,24;35,68
02.02.2021;21:00;314,64;42,97;35,47
02.02.2021;22:00;311,23;42,51;35,08
02.02.2021;23:00;299,98;40,97;33,81
03.02.2021;00:00;308,99;42,81;35,38
03.02.2021;01:00;268,54;37,20;30,74
03.02.2021;02:00;250,03;34,64;28,63
03.02.2021;03:00;239,98;33,25;27,47
03.02.2021;04:00;254,12;35,20;29,09
03.02.2021;05:00;268,53;37,20;30,74
03.02.2021;06:00;311,01;43,09;35,61
03.02.2021;07:00;311,70;43,18;35,69
03.02.2021;08:00;322,27;44,65;36,90
03.02.2021;09:00;324,08;44,90;37,10
03.02.2021;10:00;321,90;44,59;36,85
03.02.2021;11:00;318,45;44,12;36,46
03.02.2021;12:00;311,91;43,21;35,71
03.02.2021;13:00;312,37;43,27;35,76
03.02.2021;14:00;315,26;43,67;36,09
03.02.2021;15:00;316,16;43,80;36,20
03.02.2021;16:00;319,66;44,28;36,60
03.02.2021;17:00;323,30;44,79;37,01
03.02.2021;18:00;326,33;45,21;37,36
03.02.2021;19:00;323,69;44,84;37,06
03.02.2021;20:00;318,93;44,18;36,51
03.02.2021;21:00;315,49;43,71;36,12
03.02.2021;22:00;312,84;43,34;35,82
03.02.2021;23:00;272,97;37,82;31,25
04.02.2021;00:00;309,00;43,29;35,90
04.02.2021;01:00;311,05;43,58;36,14
04.02.2021;02:00;260,00;36,43;30,21
04.02.2021;03:00;236,01;33,07;27,42
04.02.2021;04:00;232,93;32,64;27,06
04.02.2021;05:00;236,01;33,07;27,42
04.02.2021;06:00;279,24;39,12;32,44
04.02.2021;07:00;309,99;43,43;36,02
04.02.2021;08:00;318,47;44,62;37,00
04.02.2021;09:00;317,99;44,55;36,95
04.02.2021;10:00;316,79;44,39;36,81
04.02.2021;11:00;314,58;44,08;36,55
04.02.2021;12:00;281,03;39,38;32,65
04.02.2021;13:00;290,01;40,63;33,69
04.02.2021;14:00;310,91;43,56;36,12
04.02.2021;15:00;311,61;43,66;36,20
04.02.2021;16:00;315,00;44,13;36,60
04.02.2021;17:00;321,26;45,01;37,33
04.02.2021;18:00;323,93;45,39;37,64
04.02.2021;19:00;320,94;44,97;37,29
04.02.2021;20:00;319,25;44,73;37,09
04.02.2021;21:00;316,54;44,35;36,78
04.02.2021;22:00;314,16;44,02;36,50
04.02.2021;23:00;311,81;43,69;36,23
05.02.2021;00:00;308,99;43,22;35,93
05.02.2021;01:00;270,00;37,76;31,40
05.02.2021;02:00;259,30;36,27;30,15
05.02.2021;03:00;247,99;34,68;28,84
05.02.2021;04:00;237,99;33,29;27,67
05.02.2021;05:00;237,99;33,29;27,67
05.02.2021;06:00;259,99;36,36;30,23
05.02.2021;07:00;289,99;40,56;33,72
05.02.2021;08:00;316,77;44,30;36,84
05.02.2021;09:00;320,01;44,76;37,21
05.02.2021;10:00;319,34;44,66;37,13
05.02.2021;11:00;315,75;44,16;36,72
05.02.2021;12:00;300,00;41,96;34,89
05.02.2021;13:00;255,01;35,67;29,65
05.02.2021;14:00;311,35;43,55;36,21
05.02.2021;15:00;313,12;43,79;36,41
05.02.2021;16:00;315,26;44,09;36,66
05.02.2021;17:00;321,46;44,96;37,38
05.02.2021;18:00;325,30;45,50;37,83
05.02.2021;19:00;324,84;45,43;37,77
05.02.2021;20:00;320,07;44,77;37,22
05.02.2021;21:00;317,23;44,37;36,89
05.02.2021;22:00;315,00;44,06;36,63
05.02.2021;23:00;312,23;43,67;36,31
06.02.2021;00:00;308,99;43,32;36,11
06.02.2021;01:00;311,76;43,71;36,44
06.02.2021;02:00;298,01;41,78;34,83
06.02.2021;03:00;241,00;33,79;28,17
06.02.2021;04:00;234,98;32,95;27,46
06.02.2021;05:00;237,12;33,25;27,71
06.02.2021;06:00;237,99;33,37;27,82
06.02.2021;07:00;250,00;35,05;29,22
06.02.2021;08:00;310,00;43,46;36,23
06.02.2021;09:00;292,00;40,94;34,13
06.02.2021;10:00;308,03;43,19;36,00
06.02.2021;11:00;308,04;43,19;36,00
06.02.2021;12:00;237,99;33,37;27,82
06.02.2021;13:00;259,99;36,45;30,39
06.02.2021;14:00;237,99;33,37;27,82
06.02.2021;15:00;237,99;33,37;27,82
06.02.2021;16:00;259,98;36,45;30,39
06.02.2021;17:00;311,28;43,64;36,38
06.02.2021;18:00;315,90;44,29;36,92
06.02.2021;19:00;315,44;44,23;36,87
06.02.2021;20:00;314,00;44,02;36,70
06.02.2021;21:00;311,37;43,66;36,39
06.02.2021;22:00;274,99;38,56;32,14
06.02.2021;23:00;262,04;36,74;30,63
07.02.2021;00:00;308,99;43,65;36,45
07.02.2021;01:00;233,99;33,05;27,60
07.02.2021;02:00;233,99;33,05;27,60
07.02.2021;03:00;258,12;36,46;30,45
07.02.2021;04:00;259,32;36,63;30,59
07.02.2021;05:00;299,00;42,24;35,27
07.02.2021;06:00;262,99;37,15;31,03
07.02.2021;07:00;258,12;36,46;30,45
07.02.2021;08:00;258,12;36,46;30,45
07.02.2021;09:00;207,61;29,33;24,49
07.02.2021;10:00;225,71;31,88;26,63
07.02.2021;11:00;226,46;31,99;26,72
07.02.2021;12:00;225,71;31,88;26,63
07.02.2021;13:00;226,49;32,00;26,72
07.02.2021;14:00;233,98;33,05;27,60
07.02.2021;15:00;226,13;31,94;26,68
07.02.2021;16:00;226,72;32,03;26,75
07.02.2021;17:00;263,00;37,15;31,03
07.02.2021;18:00;311,05;43,94;36,70
07.02.2021;19:00;311,86;44,05;36,79
07.02.2021;20:00;296,62;41,90;34,99
07.02.2021;21:00;250,00;35,32;29,49
07.02.2021;22:00;270,98;38,28;31,97
07.02.2021;23:00;258,13;36,46;30,45
08.02.2021;00:00;308,99;43,65;36,45
08.02.2021;01:00;232,99;32,91;27,49
08.02.2021;02:00;219,68;31,03;25,92
08.02.2021;03:00;232,43;32,83;27,42
08.02.2021;04:00;200,00;28,25;23,59
08.02.2021;05:00;230,01;32,49;27,14
08.02.2021;06:00;232,99;32,91;27,49
08.02.2021;07:00;239,12;33,78;28,21
08.02.2021;08:00;300,00;42,38;35,39
08.02.2021;09:00;309,99;43,79;36,57
08.02.2021;10:00;300,00;42,38;35,39
08.02.2021;11:00;310,76;43,90;36,66
08.02.2021;12:00;262,99;37,15;31,03
08.02.2021;13:00;238,12;33,64;28,09
08.02.2021;14:00;300,00;42,38;35,39
08.02.2021;15:00;284,03;40,12;33,51
08.02.2021;16:00;296,62;41,90;34,99
08.02.2021;17:00;300,01;42,38;35,39
08.02.2021;18:00;310,53;43,87;36,63
08.02.2021;19:00;310,39;43,85;36,62
08.02.2021;20:00;254,12;35,90;29,98
08.02.2021;21:00;263,03;37,16;31,03
08.02.2021;22:00;254,13;35,90;29,98
08.02.2021;23:00;233,22;32,95;27,51
09.02.2021;00:00;308,99;43,65;36,45
09.02.2021;01:00;255,01;36,02;30,08
09.02.2021;02:00;232,99;32,91;27,49
09.02.2021;03:00;232,98;32,91;27,49
09.02.2021;04:00;232,99;32,91;27,49
09.02.2021;05:00;240,01;33,90;28,32
09.02.2021;06:00;252,79;35,71;29,82
09.02.2021;07:00;250,00;35,32;29,49
09.02.2021;08:00;309,00;43,65;36,45
09.02.2021;09:00;310,69;43,89;36,65
09.02.2021;10:00;308,00;43,51;36,34
09.02.2021;11:00;274,90;38,83;32,43
09.02.2021;12:00;249,79;35,29;29,47
09.02.2021;13:00;257,00;36,31;30,32
09.02.2021;14:00;250,00;35,32;29,49
09.02.2021;15:00;250,00;35,32;29,49
09.02.2021;16:00;284,03;40,12;33,51
09.02.2021;17:00;313,66;44,31;37,00
09.02.2021;18:00;316,76;44,75;37,37
09.02.2021;19:00;315,21;44,53;37,19
09.02.2021;20:00;312,09;44,09;36,82
09.02.2021;21:00;304,00;42,94;35,86
09.02.2021;22:00;267,13;37,74;31,51
09.02.2021;23:00;257,01;36,31;30,32
10.02.2021;00:00;297,89;42,16;35,03
10.02.2021;01:00;254,12;35,96;29,88
10.02.2021;02:00;231,91;32,82;27,27
10.02.2021;03:00;200,00;28,30;23,52
10.02.2021;04:00;230,01;32,55;27,05
10.02.2021;05:00;231,77;32,80;27,26
10.02.2021;06:00;239,12;33,84;28,12
10.02.2021;07:00;254,00;35,95;29,87
10.02.2021;08:00;308,99;43,73;36,34
10.02.2021;09:00;300,01;42,46;35,28
10.02.2021;10:00;296,62;41,98;34,88
10.02.2021;11:00;308,00;43,59;36,22
10.02.2021;12:00;261,13;36,95;30,71
10.02.2021;13:00;261,13;36,95;30,71
10.02.2021;14:00;267,12;37,80;31,41
10.02.2021;15:00;261,14;36,96;30,71
10.02.2021;16:00;254,13;35,96;29,88
10.02.2021;17:00;309,99;43,87;36,45
10.02.2021;18:00;313,41;44,35;36,86
10.02.2021;19:00;312,95;44,29;36,80
10.02.2021;20:00;311,99;44,15;36,69
10.02.2021;21:00;299,99;42,45;35,28
10.02.2021;22:00;266,01;37,64;31,28
10.02.2021;23:00;254,13;35,96;29,88
11.02.2021;00:00;295,01;41,66;34,44
11.02.2021;01:00;249,52;35,23;29,13
11.02.2021;02:00;232,99;32,90;27,20
11.02.2021;03:00;232,98;32,90;27,20
11.02.2021;04:00;231,35;32,67;27,01
11.02.2021;05:00;231,44;32,68;27,02
11.02.2021;06:00;232,98;32,90;27,20
11.02.2021;07:00;232,98;32,90;27,20
11.02.2021;08:00;308,99;43,63;36,07
11.02.2021;09:00;310,74;43,88;36,27
11.02.2021;10:00;288,31;40,71;33,66
11.02.2021;11:00;284,03;40,11;33,16
11.02.2021;12:00;249,68;35,26;29,15
11.02.2021;13:00;250,00;35,30;29,18
11.02.2021;14:00;254,12;35,88;29,66
11.02.2021;15:00;254,01;35,87;29,65
11.02.2021;16:00;254,13;35,88;29,67
11.02.2021;17:00;307,99;43,49;35,95
11.02.2021;18:00;313,36;44,25;36,58
11.02.2021;19:00;313,36;44,25;36,58
11.02.2021;20:00;312,45;44,12;36,47
11.02.2021;21:00;309,99;43,77;36,19
11.02.2021;22:00;288,98;40,80;33,73
11.02.2021;23:00;254,12;35,88;29,66
12.02.2021;00:00;267,12;37,88;31,24
12.02.2021;01:00;263,00;37,30;30,75
12.02.2021;02:00;249,51;35,38;29,18
12.02.2021;03:00;232,98;33,04;27,24
12.02.2021;04:00;231,67;32,85;27,09
12.02.2021;05:00;232,99;33,04;27,24
12.02.2021;06:00;249,52;35,39;29,18
12.02.2021;07:00;249,51;35,38;29,18
12.02.2021;08:00;310,71;44,06;36,33
12.02.2021;09:00;311,57;44,19;36,43
12.02.2021;10:00;311,07;44,12;36,38
12.02.2021;11:00;310,35;44,01;36,29
12.02.2021;12:00;296,61;42,06;34,68
12.02.2021;13:00;294,69;41,79;34,46
12.02.2021;14:00;313,03;44,39;36,60
12.02.2021;15:00;314,92;44,66;36,83
12.02.2021;16:00;317,65;45,05;37,14
12.02.2021;17:00;320,76;45,49;37,51
12.02.2021;18:00;322,73;45,77;37,74
12.02.2021;19:00;320,71;45,48;37,50
12.02.2021;20:00;317,63;45,05;37,14
12.02.2021;21:00;313,99;44,53;36,72
12.02.2021;22:00;310,96;44,10;36,36
12.02.2021;23:00;299,00;42,40;34,96
13.02.2021;00:00;308,99;43,89;36,19
13.02.2021;01:00;284,89;40,47;33,37
13.02.2021;02:00;232,99;33,09;27,29
13.02.2021;03:00;235,99;33,52;27,64
13.02.2021;04:00;232,14;32,97;27,19
13.02.2021;05:00;231,97;32,95;27,17
13.02.2021;06:00;232,14;32,97;27,19
13.02.2021;07:00;232,98;33,09;27,29
13.02.2021;08:00;239,12;33,96;28,01
13.02.2021;09:00;231,94;32,94;27,17
13.02.2021;10:00;249,50;35,44;29,22
13.02.2021;11:00;250,00;35,51;29,28
13.02.2021;12:00;267,13;37,94;31,29
13.02.2021;13:00;284,90;40,47;33,37
13.02.2021;14:00;264,90;37,63;31,03
13.02.2021;15:00;264,07;37,51;30,93
13.02.2021;16:00;299,00;42,47;35,02
13.02.2021;17:00;309,12;43,91;36,21
13.02.2021;18:00;316,70;44,98;37,10
13.02.2021;19:00;316,90;45,01;37,12
13.02.2021;20:00;313,75;44,56;36,75
13.02.2021;21:00;300,00;42,61;35,14
13.02.2021;22:00;277,03;39,35;32,45
13.02.2021;23:00;267,12;37,94;31,29
14.02.2021;00:00;308,99;44,04;36,36
14.02.2021;01:00;262,99;37,48;30,95
14.02.2021;02:00;230,99;32,92;27,18
14.02.2021;03:00;248,12;35,36;29,20
14.02.2021;04:00;228,91;32,63;26,94
14.02.2021;05:00;228,51;32,57;26,89
14.02.2021;06:00;228,58;32,58;26,90
14.02.2021;07:00;228,71;32,60;26,91
14.02.2021;08:00;200,00;28,51;23,54
14.02.2021;09:00;164,64;23,47;19,37
14.02.2021;10:00;228,39;32,55;26,88
14.02.2021;11:00;179,99;25,65;21,18
14.02.2021;12:00;228,06;32,50;26,84
14.02.2021;13:00;248,12;35,36;29,20
14.02.2021;14:00;230,98;32,92;27,18
14.02.2021;15:00;230,99;32,92;27,18
14.02.2021;16:00;230,99;32,92;27,18
14.02.2021;17:00;249,51;35,56;29,36
14.02.2021;18:00;299,99;42,76;35,30
14.02.2021;19:00;310,48;44,25;36,54
14.02.2021;20:00;307,99;43,90;36,24
14.02.2021;21:00;261,13;37,22;30,73
14.02.2021;22:00;248,13;35,37;29,20
14.02.2021;23:00;231,01;32,93;27,19
15.02.2021;00:00;294,58;41,99;34,67
15.02.2021;01:00;239,99;34,21;28,24
15.02.2021;02:00;148,26;21,13;17,45
15.02.2021;03:00;190,00;27,08;22,36
15.02.2021;04:00;180,00;25,65;21,18
15.02.2021;05:00;230,08;32,79;27,08
15.02.2021;06:00;232,98;33,21;27,42
15.02.2021;07:00;230,49;32,85;27,12
15.02.2021;08:00;313,06;44,62;36,84
15.02.2021;09:00;315,75;45,00;37,16
15.02.2021;10:00;317,88;45,31;37,41
15.02.2021;11:00;319,15;45,49;37,56
15.02.2021;12:00;315,05;44,90;37,07
15.02.2021;13:00;316,89;45,17;37,29
15.02.2021;14:00;317,32;45,23;37,34
15.02.2021;15:00;316,93;45,17;37,30
15.02.2021;16:00;318,80;45,44;37,52
15.02.2021;17:00;319,47;45,53;37,59
15.02.2021;18:00;320,65;45,70;37,73
15.02.2021;19:00;318,88;45,45;37,53
15.02.2021;20:00;314,66;44,85;37,03
15.02.2021;21:00;309,99;44,18;36,48
15.02.2021;22:00;285,12;40,64;33,55
15.02.2021;23:00;261,12;37,22;30,73
16.02.2021;00:00;308,99;44,04;36,36
16.02.2021;01:00;261,12;37,22;30,73
16.02.2021;02:00;235,01;33,50;27,66
16.02.2021;03:00;230,58;32,86;27,13
16.02.2021;04:00;239,99;34,21;28,24
16.02.2021;05:00;248,12;35,36;29,20
16.02.2021;06:00;261,00;37,20;30,71
16.02.2021;07:00;254,13;36,22;29,91
16.02.2021;08:00;315,92;45,03;37,18
16.02.2021;09:00;317,20;45,21;37,33
16.02.2021;10:00;319,51;45,54;37,60
16.02.2021;11:00;322,73;46,00;37,98
16.02.2021;12:00;319,45;45,53;37,59
16.02.2021;13:00;319,64;45,56;37,61
16.02.2021;14:00;322,13;45,91;37,91
16.02.2021;15:00;321,74;45,86;37,86
16.02.2021;16:00;320,32;45,65;37,69
16.02.2021;17:00;321,96;45,89;37,89
16.02.2021;18:00;321,80;45,87;37,87
16.02.2021;19:00;317,13;45,20;37,32
16.02.2021;20:00;312,55;44,55;36,78
16.02.2021;21:00;284,03;40,48;33,42
16.02.2021;22:00;283,57;40,42;33,37
16.02.2021;23:00;261,12;37,22;30,73
17.02.2021;00:00;304,89;43,73;36,04
17.02.2021;01:00;224,98;32,27;26,59
17.02.2021;02:00;225,01;32,27;26,59
17.02.2021;03:00;224,28;32,17;26,51
17.02.2021;04:00;224,00;32,13;26,48
17.02.2021;05:00;224,87;32,25;26,58
17.02.2021;06:00;292,00;41,88;34,51
17.02.2021;07:00;281,84;40,42;33,31
17.02.2021;08:00;313,83;45,01;37,09
17.02.2021;09:00;314,26;45,07;37,14
17.02.2021;10:00;318,15;45,63;37,60
17.02.2021;11:00;320,13;45,91;37,84
17.02.2021;12:00;318,58;45,69;37,65
17.02.2021;13:00;320,00;45,90;37,82
17.02.2021;14:00;322,09;46,19;38,07
17.02.2021;15:00;322,01;46,18;38,06
17.02.2021;16:00;323,06;46,33;38,18
17.02.2021;17:00;326,52;46,83;38,59
17.02.2021;18:00;328,84;47,16;38,87
17.02.2021;19:00;327,45;46,96;38,70
17.02.2021;20:00;321,45;46,10;37,99
17.02.2021;21:00;319,03;45,76;37,71
17.02.2021;22:00;314,45;45,10;37,17
17.02.2021;23:00;310,96;44,60;36,75
18.02.2021;00:00;284,02;41,07;33,80
18.02.2021;01:00;313,00;45,26;37,25
18.02.2021;02:00;310,05;44,84;36,90
18.02.2021;03:00;238,00;34,42;28,32
18.02.2021;04:00;239,12;34,58;28,46
18.02.2021;05:00;239,13;34,58;28,46
18.02.2021;06:00;310,01;44,83;36,89
18.02.2021;07:00;314,11;45,42;37,38
18.02.2021;08:00;320,39;46,33;38,13
18.02.2021;09:00;326,67;47,24;38,88
18.02.2021;10:00;327,26;47,33;38,95
18.02.2021;11:00;328,62;47,52;39,11
18.02.2021;12:00;323,75;46,82;38,53
18.02.2021;13:00;325,13;47,02;38,69
18.02.2021;14:00;327,68;47,39;39,00
18.02.2021;15:00;329,23;47,61;39,18
18.02.2021;16:00;331,04;47,87;39,40
18.02.2021;17:00;334,77;48,41;39,84
18.02.2021;18:00;335,00;48,45;39,87
18.02.2021;19:00;334,49;48,37;39,81
18.02.2021;20:00;328,00;47,43;39,04
18.02.2021;21:00;319,52;46,21;38,03
18.02.2021;22:00;315,39;45,61;37,53
18.02.2021;23:00;310,24;44,86;36,92
19.02.2021;00:00;312,17;44,57;36,92
19.02.2021;01:00;315,01;44,98;37,25
19.02.2021;02:00;311,91;44,53;36,89
19.02.2021;03:00;310,00;44,26;36,66
19.02.2021;04:00;309,99;44,26;36,66
19.02.2021;05:00;309,99;44,26;36,66
19.02.2021;06:00;311,14;44,42;36,80
19.02.2021;07:00;314,44;44,89;37,19
19.02.2021;08:00;321,44;45,89;38,01
19.02.2021;09:00;323,61;46,20;38,27
19.02.2021;10:00;322,08;45,99;38,09
19.02.2021;11:00;320,00;45,69;37,84
19.02.2021;12:00;312,43;44,61;36,95
19.02.2021;13:00;310,03;44,26;36,66
19.02.2021;14:00;316,00;45,12;37,37
19.02.2021;15:00;315,41;45,03;37,30
19.02.2021;16:00;316,39;45,17;37,42
19.02.2021;17:00;319,64;45,64;37,80
19.02.2021;18:00;320,00;45,69;37,84
19.02.2021;19:00;319,99;45,69;37,84
19.02.2021;20:00;316,96;45,25;37,48
19.02.2021;21:00;314,20;44,86;37,16
19.02.2021;22:00;310,71;44,36;36,75
19.02.2021;23:00;279,11;39,85;33,01
20.02.2021;00:00;317,02;45,60;37,80
20.02.2021;01:00;316,83;45,57;37,78
20.02.2021;02:00;312,85;45,00;37,30
20.02.2021;03:00;310,80;44,70;37,06
20.02.2021;04:00;310,00;44,59;36,96
20.02.2021;05:00;310,00;44,59;36,96
20.02.2021;06:00;310,44;44,65;37,02
20.02.2021;07:00;310,96;44,73;37,08
20.02.2021;08:00;312,30;44,92;37,24
20.02.2021;09:00;310,00;44,59;36,96
20.02.2021;10:00;310,00;44,59;36,96
20.02.2021;11:00;310,00;44,59;36,96
20.02.2021;12:00;289,68;41,66;34,54
20.02.2021;13:00;309,99;44,59;36,96
20.02.2021;14:00;310,79;44,70;37,06
20.02.2021;15:00;311,66;44,83;37,16
20.02.2021;16:00;314,02;45,17;37,44
20.02.2021;17:00;320,00;46,03;38,16
20.02.2021;18:00;326,44;46,95;38,92
20.02.2021;19:00;326,70;46,99;38,95
20.02.2021;20:00;325,00;46,74;38,75
20.02.2021;21:00;320,00;46,03;38,16
20.02.2021;22:00;317,64;45,69;37,87
20.02.2021;23:00;312,38;44,93;37,25
21.02.2021;00:00;309,00;44,39;36,61
21.02.2021;01:00;311,20;44,71;36,87
21.02.2021;02:00;309,99;44,53;36,73
21.02.2021;03:00;264,99;38,07;31,39
21.02.2021;04:00;275,00;39,51;32,58
21.02.2021;05:00;260,01;37,35;30,80
21.02.2021;06:00;254,11;36,50;30,11
21.02.2021;07:00;280,04;40,23;33,18
21.02.2021;08:00;237,82;34,16;28,18
21.02.2021;09:00;150,00;21,55;17,77
21.02.2021;10:00;177,00;25,43;20,97
21.02.2021;11:00;237,34;34,10;28,12
21.02.2021;12:00;200,01;28,73;23,70
21.02.2021;13:00;237,68;34,14;28,16
21.02.2021;14:00;261,13;37,51;30,94
21.02.2021;15:00;237,70;34,15;28,16
21.02.2021;16:00;237,26;34,08;28,11
21.02.2021;17:00;309,00;44,39;36,61
21.02.2021;18:00;318,69;45,78;37,76
21.02.2021;19:00;320,55;46,05;37,98
21.02.2021;20:00;319,51;45,90;37,85
21.02.2021;21:00;317,19;45,57;37,58
21.02.2021;22:00;316,73;45,50;37,52
21.02.2021;23:00;314,31;45,15;37,24
22.02.2021;00:00;309,00;44,39;36,61
22.02.2021;01:00;297,99;42,81;35,30
22.02.2021;02:00;255,01;36,63;30,21
22.02.2021;03:00;237,64;34,14;28,15
22.02.2021;04:00;240,00;34,48;28,43
22.02.2021;05:00;254,11;36,50;30,11
22.02.2021;06:00;311,45;44,74;36,90
22.02.2021;07:00;311,39;44,73;36,89
22.02.2021;08:00;317,08;45,55;37,57
22.02.2021;09:00;315,00;45,25;37,32
22.02.2021;10:00;313,52;45,04;37,14
22.02.2021;11:00;313,25;45,00;37,11
22.02.2021;12:00;280,00;40,22;33,17
22.02.2021;13:00;289,67;41,61;34,32
22.02.2021;14:00;310,84;44,65;36,83
22.02.2021;15:00;312,49;44,89;37,02
22.02.2021;16:00;315,45;45,32;37,37
22.02.2021;17:00;319,86;45,95;37,89
22.02.2021;18:00;322,11;46,27;38,16
22.02.2021;19:00;321,38;46,17;38,08
22.02.2021;20:00;320,11;45,99;37,92
22.02.2021;21:00;314,99;45,25;37,32
22.02.2021;22:00;312,41;44,88;37,01
22.02.2021;23:00;290,01;41,66;34,36
23.02.2021;00:00;313,43;45,03;37,13
23.02.2021;01:00;315,78;45,36;37,41
23.02.2021;02:00;313,83;45,08;37,18
23.02.2021;03:00;311,56;44,76;36,91
23.02.2021;04:00;311,80;44,79;36,94
23.02.2021;05:00;312,45;44,89;37,02
23.02.2021;06:00;314,44;45,17;37,25
23.02.2021;07:00;315,20;45,28;37,34
23.02.2021;08:00;322,39;46,31;38,19
23.02.2021;09:00;324,79;46,66;38,48
23.02.2021;10:00;320,96;46,11;38,03
23.02.2021;11:00;322,05;46,26;38,15
23.02.2021;12:00;315,43;45,31;37,37
23.02.2021;13:00;314,24;45,14;37,23
23.02.2021;14:00;316,06;45,40;37,44
23.02.2021;15:00;317,09;45,55;37,57
23.02.2021;16:00;317,83;45,66;37,65
23.02.2021;17:00;322,27;46,30;38,18
23.02.2021;18:00;324,86;46,67;38,49
23.02.2021;19:00;324,70;46,64;38,47
23.02.2021;20:00;319,56;45,91;37,86
23.02.2021;21:00;315,38;45,31;37,36
23.02.2021;22:00;313,28;45,00;37,12
23.02.2021;23:00;309,00;44,39;36,61
24.02.2021;00:00;310,21;44,35;36,60
24.02.2021;01:00;313,93;44,89;37,04
24.02.2021;02:00;310,57;44,41;36,65
24.02.2021;03:00;249,98;35,74;29,50
24.02.2021;04:00;238,08;34,04;28,09
24.02.2021;05:00;238,08;34,04;28,09
24.02.2021;06:00;310,54;44,40;36,64
24.02.2021;07:00;311,43;44,53;36,75
24.02.2021;08:00;319,01;45,61;37,64
24.02.2021;09:00;319,99;45,75;37,76
24.02.2021;10:00;319,36;45,66;37,68
24.02.2021;11:00;319,08;45,62;37,65
24.02.2021;12:00;310,39;44,38;36,62
24.02.2021;13:00;307,01;43,90;36,23
24.02.2021;14:00;307,01;43,90;36,23
24.02.2021;15:00;307,00;43,89;36,22
24.02.2021;16:00;310,57;44,41;36,65
24.02.2021;17:00;316,35;45,23;37,33
24.02.2021;18:00;320,66;45,85;37,84
24.02.2021;19:00;322,32;46,09;38,03
24.02.2021;20:00;317,19;45,35;37,43
24.02.2021;21:00;313,80;44,87;37,03
24.02.2021;22:00;311,05;44,47;36,70
24.02.2021;23:00;279,99;40,03;33,04
25.02.2021;00:00;308,99;43,98;36,17
25.02.2021;01:00;233,22;33,20;27,30
25.02.2021;02:00;232,04;33,03;27,17
25.02.2021;03:00;232,04;33,03;27,17
25.02.2021;04:00;219,00;31,17;25,64
25.02.2021;05:00;232,05;33,03;27,17
25.02.2021;06:00;249,00;35,44;29,15
25.02.2021;07:00;245,03;34,88;28,69
25.02.2021;08:00;314,53;44,77;36,82
25.02.2021;09:00;313,31;44,60;36,68
25.02.2021;10:00;311,97;44,41;36,52
25.02.2021;11:00;310,97;44,26;36,41
25.02.2021;12:00;254,12;36,17;29,75
25.02.2021;13:00;254,12;36,17;29,75
25.02.2021;14:00;274,07;39,01;32,09
25.02.2021;15:00;259,99;37,01;30,44
25.02.2021;16:00;259,99;37,01;30,44
25.02.2021;17:00;313,59;44,64;36,71
25.02.2021;18:00;316,45;45,04;37,05
25.02.2021;19:00;319,61;45,49;37,42
25.02.2021;20:00;317,49;45,19;37,17
25.02.2021;21:00;315,62;44,93;36,95
25.02.2021;22:00;314,60;44,78;36,83
25.02.2021;23:00;311,85;44,39;36,51
26.02.2021;00:00;309,00;43,30;35,61
26.02.2021;01:00;314,09;44,02;36,20
26.02.2021;02:00;311,45;43,65;35,89
26.02.2021;03:00;275,01;38,54;31,69
26.02.2021;04:00;305,99;42,88;35,26
26.02.2021;05:00;310,55;43,52;35,79
26.02.2021;06:00;313,38;43,92;36,11
26.02.2021;07:00;314,40;44,06;36,23
26.02.2021;08:00;320,74;44,95;36,96
26.02.2021;09:00;319,34;44,75;36,80
26.02.2021;10:00;316,40;44,34;36,46
26.02.2021;11:00;316,95;44,42;36,53
26.02.2021;12:00;279,91;39,23;32,26
26.02.2021;13:00;254,12;35,61;29,29
26.02.2021;14:00;311,31;43,63;35,88
26.02.2021;15:00;312,10;43,74;35,97
26.02.2021;16:00;313,57;43,94;36,14
26.02.2021;17:00;320,04;44,85;36,88
26.02.2021;18:00;324,10;45,42;37,35
26.02.2021;19:00;325,73;45,65;37,54
26.02.2021;20:00;322,46;45,19;37,16
26.02.2021;21:00;320,16;44,87;36,90
26.02.2021;22:00;317,69;44,52;36,61
26.02.2021;23:00;314,78;44,11;36,28
27.02.2021;00:00;313,85;43,64;35,74
27.02.2021;01:00;316,72;44,04;36,07
27.02.2021;02:00;314,03;43,66;35,76
27.02.2021;03:00;311,73;43,34;35,50
27.02.2021;04:00;311,58;43,32;35,48
27.02.2021;05:00;311,96;43,37;35,53
27.02.2021;06:00;313,17;43,54;35,66
27.02.2021;07:00;313,14;43,54;35,66
27.02.2021;08:00;314,99;43,79;35,87
27.02.2021;09:00;259,98;36,15;29,61
27.02.2021;10:00;259,98;36,15;29,61
27.02.2021;11:00;259,99;36,15;29,61
27.02.2021;12:00;259,98;36,15;29,61
27.02.2021;13:00;254,12;35,33;28,94
27.02.2021;14:00;249,99;34,76;28,47
27.02.2021;15:00;254,12;35,33;28,94
27.02.2021;16:00;259,99;36,15;29,61
27.02.2021;17:00;314,95;43,79;35,87
27.02.2021;18:00;324,13;45,07;36,91
27.02.2021;19:00;329,32;45,79;37,50
27.02.2021;20:00;327,97;45,60;37,35
27.02.2021;21:00;323,90;45,03;36,89
27.02.2021;22:00;320,00;44,49;36,44
27.02.2021;23:00;314,62;43,74;35,83
28.02.2021;00:00;317,40;43,06;35,50
28.02.2021;01:00;315,03;42,74;35,23
28.02.2021;02:00;316,12;42,89;35,35
28.02.2021;03:00;313,31;42,51;35,04
28.02.2021;04:00;243,44;33,03;27,22
28.02.2021;05:00;310,70;42,15;34,75
28.02.2021;06:00;310,46;42,12;34,72
28.02.2021;07:00;243,43;33,03;27,22
28.02.2021;08:00;243,43;33,03;27,22
28.02.2021;09:00;50,01;6,78;5,59
28.02.2021;10:00;148,26;20,11;16,58
28.02.2021;11:00;219,00;29,71;24,49
28.02.2021;12:00;205,01;27,81;22,93
28.02.2021;13:00;230,47;31,27;25,77
28.02.2021;14:00;230,86;31,32;25,82
28.02.2021;15:00;230,47;31,27;25,77
28.02.2021;16:00;229,29;31,11;25,64
28.02.2021;17:00;311,69;42,29;34,86
28.02.2021;18:00;315,06;42,74;35,23
28.02.2021;19:00;322,58;43,76;36,07
28.02.2021;20:00;322,16;43,71;36,03
28.02.2021;21:00;319,27;43,32;35,70
28.02.2021;22:00;316,86;42,99;35,44
28.02.2021;23:00;313,31;42,51;35,04
01.03.2021;00:00;308,99;41,92;34,55
01.03.2021;01:00;242,12;32,85;27,08
01.03.2021;02:00;230,10;31,22;25,73
01.03.2021;03:00;229,95;31,20;25,72
01.03.2021;04:00;229,99;31,20;25,72
01.03.2021;05:00;242,12;32,85;27,08
01.03.2021;06:00;311,08;42,20;34,79
01.03.2021;07:00;311,49;42,26;34,83
01.03.2021;08:00;322,14;43,70;36,03
01.03.2021;09:00;326,27;44,27;36,49
01.03.2021;10:00;326,67;44,32;36,53
01.03.2021;11:00;327,40;44,42;36,61
01.03.2021;12:00;321,05;43,56;35,90
01.03.2021;13:00;321,17;43,57;35,92
01.03.2021;14:00;322,32;43,73;36,05
01.03.2021;15:00;320,05;43,42;35,79
01.03.2021;16:00;318,72;43,24;35,64
01.03.2021;17:00;322,51;43,76;36,07
01.03.2021;18:00;324,81;44,07;36,32
01.03.2021;19:00;324,33;44,00;36,27
01.03.2021;20:00;319,38;43,33;35,72
01.03.2021;21:00;317,83;43,12;35,54
01.03.2021;22:00;313,54;42,54;35,06
01.03.2021;23:00;291,18;39,50;32,56
02.03.2021;00:00;308,99;41,92;34,55
02.03.2021;01:00;310,83;42,17;34,76
02.03.2021;02:00;264,99;35,95;29,63
02.03.2021;03:00;242,12;32,85;27,08
02.03.2021;04:00;229,99;31,20;25,72
02.03.2021;05:00;242,12;32,85;27,08
02.03.2021;06:00;265,00;35,95;29,64
02.03.2021;07:00;272,99;37,04;30,53
02.03.2021;08:00;318,71;43,24;35,64
02.03.2021;09:00;318,92;43,27;35,67
02.03.2021;10:00;317,33;43,05;35,49
02.03.2021;11:00;317,49;43,07;35,51
02.03.2021;12:00;313,19;42,49;35,02
02.03.2021;13:00;315,03;42,74;35,23
02.03.2021;14:00;317,40;43,06;35,50
02.03.2021;15:00;316,88;42,99;35,44
02.03.2021;16:00;317,40;43,06;35,50
02.03.2021;17:00;319,99;43,41;35,79
02.03.2021;18:00;320,71;43,51;35,87
02.03.2021;19:00;322,93;43,81;36,11
02.03.2021;20:00;317,48;43,07;35,50
02.03.2021;21:00;314,90;42,72;35,22
02.03.2021;22:00;314,87;42,72;35,21
02.03.2021;23:00;311,27;42,23;34,81
03.03.2021;00:00;308,99;42,31;35,09
03.03.2021;01:00;275,00;37,66;31,23
03.03.2021;02:00;269,10;36,85;30,56
03.03.2021;03:00;264,10;36,16;29,99
03.03.2021;04:00;262,00;35,88;29,75
03.03.2021;05:00;264,10;36,16;29,99
03.03.2021;06:00;310,66;42,54;35,28
03.03.2021;07:00;311,25;42,62;35,35
03.03.2021;08:00;320,10;43,83;36,35
03.03.2021;09:00;320,71;43,92;36,42
03.03.2021;10:00;319,70;43,78;36,31
03.03.2021;11:00;318,11;43,56;36,12
03.03.2021;12:00;305,00;41,76;34,64
03.03.2021;13:00;296,62;40,62;33,68
03.03.2021;14:00;310,91;42,57;35,31
03.03.2021;15:00;310,55;42,52;35,27
03.03.2021;16:00;312,12;42,74;35,44
03.03.2021;17:00;316,48;43,34;35,94
03.03.2021;18:00;320,00;43,82;36,34
03.03.2021;19:00;322,23;44,12;36,59
03.03.2021;20:00;318,44;43,60;36,16
03.03.2021;21:00;315,05;43,14;35,78
03.03.2021;22:00;313,87;42,98;35,64
03.03.2021;23:00;310,08;42,46;35,21
04.03.2021;00:00;309,00;42,26;35,17
04.03.2021;01:00;312,69;42,77;35,59
04.03.2021;02:00;311,47;42,60;35,45
04.03.2021;03:00;310,30;42,44;35,32
04.03.2021;04:00;299,98;41,03;34,14
04.03.2021;05:00;310,93;42,52;35,39
04.03.2021;06:00;314,03;42,95;35,74
04.03.2021;07:00;316,94;43,35;36,08
04.03.2021;08:00;325,62;44,53;37,06
04.03.2021;09:00;328,08;44,87;37,34
04.03.2021;10:00;327,64;44,81;37,29
04.03.2021;11:00;329,22;45,03;37,47
04.03.2021;12:00;322,64;44,13;36,72
04.03.2021;13:00;324,13;44,33;36,89
04.03.2021;14:00;325,58;44,53;37,06
04.03.2021;15:00;325,49;44,52;37,05
04.03.2021;16:00;328,66;44,95;37,41
04.03.2021;17:00;334,29;45,72;38,05
04.03.2021;18:00;336,09;45,97;38,26
04.03.2021;19:00;338,23;46,26;38,50
04.03.2021;20:00;333,22;45,57;37,93
04.03.2021;21:00;327,86;44,84;37,32
04.03.2021;22:00;323,15;44,20;36,78
04.03.2021;23:00;319,67;43,72;36,39
05.03.2021;00:00;316,72;43,16;35,72
05.03.2021;01:00;317,74;43,29;35,83
05.03.2021;02:00;314,72;42,88;35,49
05.03.2021;03:00;313,51;42,72;35,35
05.03.2021;04:00;314,01;42,79;35,41
05.03.2021;05:00;314,72;42,88;35,49
05.03.2021;06:00;316,70;43,15;35,71
05.03.2021;07:00;318,04;43,34;35,86
05.03.2021;08:00;323,54;44,08;36,48
05.03.2021;09:00;323,44;44,07;36,47
05.03.2021;10:00;322,28;43,91;36,34
05.03.2021;11:00;321,23;43,77;36,22
05.03.2021;12:00;312,61;42,60;35,25
05.03.2021;13:00;266,10;36,26;30,01
05.03.2021;14:00;311,77;42,48;35,16
05.03.2021;15:00;311,41;42,43;35,12
05.03.2021;16:00;312,46;42,57;35,23
05.03.2021;17:00;318,15;43,35;35,88
05.03.2021;18:00;320,46;43,66;36,14
05.03.2021;19:00;323,44;44,07;36,47
05.03.2021;20:00;320,03;43,61;36,09
05.03.2021;21:00;316,74;43,16;35,72
05.03.2021;22:00;313,32;42,69;35,33
05.03.2021;23:00;290,01;39,52;32,70
06.03.2021;00:00;309,00;41,46;34,42
06.03.2021;01:00;311,59;41,81;34,71
06.03.2021;02:00;262,00;35,16;29,19
06.03.2021;03:00;250,01;33,55;27,85
06.03.2021;04:00;235,22;31,56;26,20
06.03.2021;05:00;250,99;33,68;27,96
06.03.2021;06:00;310,55;41,67;34,59
06.03.2021;07:00;254,11;34,10;28,31
06.03.2021;08:00;313,01;42,00;34,87
06.03.2021;09:00;312,65;41,95;34,83
06.03.2021;10:00;313,50;42,07;34,92
06.03.2021;11:00;314,61;42,22;35,05
06.03.2021;12:00;311,17;41,75;34,66
06.03.2021;13:00;312,41;41,92;34,80
06.03.2021;14:00;313,65;42,09;34,94
06.03.2021;15:00;312,60;41,95;34,82
06.03.2021;16:00;312,44;41,92;34,81
06.03.2021;17:00;316,68;42,49;35,28
06.03.2021;18:00;320,26;42,97;35,68
06.03.2021;19:00;324,50;43,54;36,15
06.03.2021;20:00;323,72;43,44;36,06
06.03.2021;21:00;320,00;42,94;35,65
06.03.2021;22:00;317,32;42,58;35,35
06.03.2021;23:00;312,50;41,93;34,81
07.03.2021;00:00;309,00;41,15;34,47
07.03.2021;01:00;313,37;41,73;34,96
07.03.2021;02:00;310,41;41,34;34,63
07.03.2021;03:00;242,13;32,24;27,01
07.03.2021;04:00;261,99;34,89;29,23
07.03.2021;05:00;254,13;33,84;28,35
07.03.2021;06:00;310,01;41,28;34,58
07.03.2021;07:00;300,00;39,95;33,47
07.03.2021;08:00;310,02;41,28;34,58
07.03.2021;09:00;229,52;30,56;25,60
07.03.2021;10:00;238,13;31,71;26,56
07.03.2021;11:00;242,13;32,24;27,01
07.03.2021;12:00;289,13;38,50;32,25
07.03.2021;13:00;247,00;32,89;27,55
07.03.2021;14:00;310,78;41,38;34,67
07.03.2021;15:00;270,00;35,95;30,12
07.03.2021;16:00;311,06;41,42;34,70
07.03.2021;17:00;316,93;42,20;35,35
07.03.2021;18:00;323,16;43,03;36,05
07.03.2021;19:00;330,08;43,95;36,82
07.03.2021;20:00;329,87;43,93;36,80
07.03.2021;21:00;327,21;43,57;36,50
07.03.2021;22:00;325,49;43,34;36,31
07.03.2021;23:00;322,29;42,92;35,95
08.03.2021;00:00;312,09;41,56;34,81
08.03.2021;01:00;314,66;41,90;35,10
08.03.2021;02:00;311,21;41,44;34,72
08.03.2021;03:00;309,13;41,16;34,48
08.03.2021;04:00;300,24;39,98;33,49
08.03.2021;05:00;310,97;41,41;34,69
08.03.2021;06:00;314,32;41,86;35,06
08.03.2021;07:00;317,74;42,31;35,45
08.03.2021;08:00;330,44;44,00;36,86
08.03.2021;09:00;336,41;44,80;37,53
08.03.2021;10:00;334,96;44,60;37,37
08.03.2021;11:00;334,70;44,57;37,34
08.03.2021;12:00;326,15;43,43;36,38
08.03.2021;13:00;325,83;43,39;36,35
08.03.2021;14:00;327,16;43,57;36,50
08.03.2021;15:00;327,56;43,62;36,54
08.03.2021;16:00;330,00;43,94;36,81
08.03.2021;17:00;336,23;44,77;37,51
08.03.2021;18:00;339,78;45,25;37,90
08.03.2021;19:00;361,73;48,17;40,35
08.03.2021;20:00;341,56;45,48;38,10
08.03.2021;21:00;335,66;44,70;37,44
08.03.2021;22:00;332,28;44,25;37,07
08.03.2021;23:00;327,27;43,58;36,51
09.03.2021;00:00;320,65;42,70;35,77
09.03.2021;01:00;320,15;42,63;35,71
09.03.2021;02:00;317,95;42,34;35,47
09.03.2021;03:00;316,25;42,11;35,28
09.03.2021;04:00;315,14;41,96;35,16
09.03.2021;05:00;316,02;42,08;35,25
09.03.2021;06:00;318,19;42,37;35,50
09.03.2021;07:00;319,95;42,61;35,69
09.03.2021;08:00;329,73;43,91;36,78
09.03.2021;09:00;334,49;44,54;37,31
09.03.2021;10:00;333,96;44,47;37,25
09.03.2021;11:00;335,49;44,67;37,43
09.03.2021;12:00;327,58;43,62;36,54
09.03.2021;13:00;328,11;43,69;36,60
09.03.2021;14:00;329,72;43,91;36,78
09.03.2021;15:00;328,51;43,75;36,65
09.03.2021;16:00;327,92;43,67;36,58
09.03.2021;17:00;330,68;44,03;36,89
09.03.2021;18:00;331,38;44,13;36,97
09.03.2021;19:00;333,13;44,36;37,16
09.03.2021;20:00;330,71;44,04;36,89
09.03.2021;21:00;326,54;43,48;36,43
09.03.2021;22:00;324,72;43,24;36,22
09.03.2021;23:00;320,00;42,61;35,70
10.03.2021;00:00;318,48;41,94;35,31
10.03.2021;01:00;319,47;42,07;35,41
10.03.2021;02:00;317,17;41,77;35,16
10.03.2021;03:00;317,98;41,87;35,25
10.03.2021;04:00;317,86;41,86;35,24
10.03.2021;05:00;318,34;41,92;35,29
10.03.2021;06:00;320,75;42,24;35,56
10.03.2021;07:00;323,30;42,57;35,84
10.03.2021;08:00;332,46;43,78;36,85
10.03.2021;09:00;337,82;44,49;37,45
10.03.2021;10:00;338,08;44,52;37,48
10.03.2021;11:00;337,71;44,47;37,44
10.03.2021;12:00;331,85;43,70;36,79
10.03.2021;13:00;332,28;43,76;36,83
10.03.2021;14:00;335,00;44,11;37,14
10.03.2021;15:00;334,85;44,09;37,12
10.03.2021;16:00;335,45;44,17;37,19
10.03.2021;17:00;337,36;44,43;37,40
10.03.2021;18:00;337,24;44,41;37,38
10.03.2021;19:00;350,00;46,09;38,80
10.03.2021;20:00;337,27;44,41;37,39
10.03.2021;21:00;333,14;43,87;36,93
10.03.2021;22:00;329,13;43,34;36,49
10.03.2021;23:00;323,10;42,55;35,82
11.03.2021;00:00;325,44;42,60;35,82
11.03.2021;01:00;323,96;42,40;35,66
11.03.2021;02:00;320,78;41,99;35,31
11.03.2021;03:00;319,06;41,76;35,12
11.03.2021;04:00;317,81;41,60;34,98
11.03.2021;05:00;317,95;41,61;35,00
11.03.2021;06:00;318,23;41,65;35,03
11.03.2021;07:00;320,34;41,93;35,26
11.03.2021;08:00;331,60;43,40;36,50
11.03.2021;09:00;337,30;44,15;37,13
11.03.2021;10:00;337,25;44,14;37,12
11.03.2021;11:00;338,53;44,31;37,26
11.03.2021;12:00;328,77;43,03;36,19
11.03.2021;13:00;329,80;43,17;36,30
11.03.2021;14:00;332,53;43,52;36,60
11.03.2021;15:00;330,92;43,31;36,42
11.03.2021;16:00;330,02;43,19;36,33
11.03.2021;17:00;328,31;42,97;36,14
11.03.2021;18:00;325,88;42,65;35,87
11.03.2021;19:00;328,48;42,99;36,16
11.03.2021;20:00;325,81;42,64;35,86
11.03.2021;21:00;320,78;41,99;35,31
11.03.2021;22:00;317,71;41,58;34,97
11.03.2021;23:00;313,36;41,01;34,49
12.03.2021;00:00;309,00;40,68;34,21
12.03.2021;01:00;311,02;40,95;34,44
12.03.2021;02:00;300,00;39,50;33,22
12.03.2021;03:00;287,00;37,79;31,78
12.03.2021;04:00;287,00;37,79;31,78
12.03.2021;05:00;311,51;41,01;34,49
12.03.2021;06:00;314,85;41,45;34,86
12.03.2021;07:00;317,34;41,78;35,14
12.03.2021;08:00;328,22;43,21;36,34
12.03.2021;09:00;334,76;44,08;37,07
12.03.2021;10:00;334,81;44,08;37,07
12.03.2021;11:00;336,23;44,27;37,23
12.03.2021;12:00;327,72;43,15;36,29
12.03.2021;13:00;324,82;42,77;35,97
12.03.2021;14:00;332,00;43,71;36,76
12.03.2021;15:00;333,12;43,86;36,88
12.03.2021;16:00;334,41;44,03;37,03
12.03.2021;17:00;339,20;44,66;37,56
12.03.2021;18:00;387,77;51,05;42,94
12.03.2021;19:00;500,00;65,83;55,36
12.03.2021;20:00;415,63;54,72;46,02
12.03.2021;21:00;341,24;44,93;37,78
12.03.2021;22:00;337,99;44,50;37,42
12.03.2021;23:00;333,75;43,94;36,95
13.03.2021;00:00;330,30;44,37;37,11
13.03.2021;01:00;327,89;44,04;36,84
13.03.2021;02:00;325,40;43,71;36,56
13.03.2021;03:00;323,62;43,47;36,36
13.03.2021;04:00;323,15;43,41;36,31
13.03.2021;05:00;324,09;43,53;36,42
13.03.2021;06:00;325,07;43,67;36,53
13.03.2021;07:00;325,48;43,72;36,57
13.03.2021;08:00;328,47;44,12;36,91
13.03.2021;09:00;329,33;44,24;37,01
13.03.2021;10:00;326,39;43,84;36,68
13.03.2021;11:00;325,79;43,76;36,61
13.03.2021;12:00;319,98;42,98;35,95
13.03.2021;13:00;319,90;42,97;35,95
13.03.2021;14:00;319,79;42,96;35,93
13.03.2021;15:00;319,89;42,97;35,94
13.03.2021;16:00;323,26;43,42;36,32
13.03.2021;17:00;330,56;44,40;37,14
13.03.2021;18:00;337,34;45,31;37,91
13.03.2021;19:00;360,00;48,36;40,45
13.03.2021;20:00;339,12;45,55;38,11
13.03.2021;21:00;335,47;45,06;37,70
13.03.2021;22:00;332,53;44,67;37,37
13.03.2021;23:00;329,28;44,23;37,00
14.03.2021;00:00;326,90;43,18;36,19
14.03.2021;01:00;325,56;43,00;36,04
14.03.2021;02:00;322,67;42,62;35,72
14.03.2021;03:00;320,67;42,36;35,50
14.03.2021;04:00;320,00;42,27;35,43
14.03.2021;05:00;319,75;42,23;35,40
14.03.2021;06:00;319,64;42,22;35,39
14.03.2021;07:00;317,54;41,94;35,15
14.03.2021;08:00;313,42;41,40;34,70
14.03.2021;09:00;266,10;35,15;29,46
14.03.2021;10:00;293,01;38,70;32,44
14.03.2021;11:00;274,03;36,20;30,34
14.03.2021;12:00;284,03;37,52;31,44
14.03.2021;13:00;310,04;40,95;34,32
14.03.2021;14:00;311,26;41,11;34,46
14.03.2021;15:00;312,98;41,34;34,65
14.03.2021;16:00;317,05;41,88;35,10
14.03.2021;17:00;323,91;42,78;35,86
14.03.2021;18:00;329,29;43,49;36,46
14.03.2021;19:00;336,25;44,41;37,23
14.03.2021;20:00;334,39;44,17;37,02
14.03.2021;21:00;330,58;43,66;36,60
14.03.2021;22:00;326,54;43,13;36,15
14.03.2021;23:00;321,02;42,40;35,54
15.03.2021;00:00;312,76;41,31;34,63
15.03.2021;01:00;314,39;41,53;34,81
15.03.2021;02:00;311,59;41,16;34,50
15.03.2021;03:00;274,98;36,32;30,44
15.03.2021;04:00;254,13;33,57;28,13
15.03.2021;05:00;290,00;38,30;32,11
15.03.2021;06:00;312,16;41,23;34,56
15.03.2021;07:00;316,22;41,77;35,01
15.03.2021;08:00;333,38;44,03;36,91
15.03.2021;09:00;358,52;47,36;39,69
15.03.2021;10:00;339,09;44,79;37,54
15.03.2021;11:00;336,42;44,44;37,25
15.03.2021;12:00;323,67;42,75;35,83
15.03.2021;13:00;323,88;42,78;35,86
15.03.2021;14:00;325,95;43,05;36,09
15.03.2021;15:00;324,55;42,87;35,93
15.03.2021;16:00;324,08;42,81;35,88
15.03.2021;17:00;324,26;42,83;35,90
15.03.2021;18:00;323,33;42,71;35,80
15.03.2021;19:00;326,71;43,15;36,17
15.03.2021;20:00;325,14;42,95;36,00
15.03.2021;21:00;321,50;42,47;35,59
15.03.2021;22:00;317,32;41,91;35,13
15.03.2021;23:00;313,19;41,37;34,67
16.03.2021;00:00;309,00;40,81;34,21
16.03.2021;01:00;311,34;41,12;34,47
16.03.2021;02:00;250,00;33,02;27,68
16.03.2021;03:00;241,11;31,85;26,69
16.03.2021;04:00;241,11;31,85;26,69
16.03.2021;05:00;241,13;31,85;26,70
16.03.2021;06:00;311,18;41,10;34,45
16.03.2021;07:00;315,17;41,63;34,89
16.03.2021;08:00;325,93;43,05;36,08
16.03.2021;09:00;331,82;43,83;36,74
16.03.2021;10:00;332,44;43,91;36,80
16.03.2021;11:00;330,79;43,69;36,62
16.03.2021;12:00;320,79;42,37;35,51
16.03.2021;13:00;320,63;42,35;35,50
16.03.2021;14:00;321,73;42,50;35,62
16.03.2021;15:00;320,76;42,37;35,51
16.03.2021;16:00;323,17;42,69;35,78
16.03.2021;17:00;326,84;43,17;36,18
16.03.2021;18:00;328,31;43,36;36,35
16.03.2021;19:00;334,14;44,13;36,99
16.03.2021;20:00;331,64;43,80;36,72
16.03.2021;21:00;328,15;43,34;36,33
16.03.2021;22:00;323,81;42,77;35,85
16.03.2021;23:00;318,74;42,10;35,29
17.03.2021;00:00;301,61;40,02;33,55
17.03.2021;01:00;314,81;41,77;35,01
17.03.2021;02:00;312,89;41,51;34,80
17.03.2021;03:00;310,42;41,18;34,52
17.03.2021;04:00;310,89;41,25;34,58
17.03.2021;05:00;312,57;41,47;34,76
17.03.2021;06:00;314,95;41,78;35,03
17.03.2021;07:00;317,45;42,12;35,31
17.03.2021;08:00;333,99;44,31;37,15
17.03.2021;09:00;360,00;47,76;40,04
17.03.2021;10:00;360,00;47,76;40,04
17.03.2021;11:00;360,00;47,76;40,04
17.03.2021;12:00;327,35;43,43;36,41
17.03.2021;13:00;327,56;43,46;36,43
17.03.2021;14:00;330,85;43,89;36,80
17.03.2021;15:00;329,99;43,78;36,70
17.03.2021;16:00;329,68;43,74;36,67
17.03.2021;17:00;334,69;44,40;37,22
17.03.2021;18:00;336,29;44,62;37,40
17.03.2021;19:00;449,99;59,70;50,05
17.03.2021;20:00;360,00;47,76;40,04
17.03.2021;21:00;336,23;44,61;37,40
17.03.2021;22:00;330,00;43,78;36,70
17.03.2021;23:00;323,33;42,90;35,96
18.03.2021;00:00;284,02;37,85;31,72
18.03.2021;01:00;313,60;41,79;35,02
18.03.2021;02:00;311,28;41,48;34,76
18.03.2021;03:00;284,00;37,85;31,72
18.03.2021;04:00;265,00;35,31;29,60
18.03.2021;05:00;310,10;41,32;34,63
18.03.2021;06:00;312,72;41,67;34,93
18.03.2021;07:00;313,80;41,82;35,05
18.03.2021;08:00;330,55;44,05;36,92
18.03.2021;09:00;339,66;45,26;37,93
18.03.2021;10:00;360,00;47,97;40,21
18.03.2021;11:00;400,00;53,30;44,67
18.03.2021;12:00;329,18;43,87;36,76
18.03.2021;13:00;330,00;43,98;36,86
18.03.2021;14:00;332,73;44,34;37,16
18.03.2021;15:00;330,00;43,98;36,86
18.03.2021;16:00;332,26;44,28;37,11
18.03.2021;17:00;349,99;46,64;39,09
18.03.2021;18:00;338,38;45,09;37,79
18.03.2021;19:00;469,49;62,56;52,43
18.03.2021;20:00;360,00;47,97;40,21
18.03.2021;21:00;335,82;44,75;37,51
18.03.2021;22:00;328,65;43,80;36,70
18.03.2021;23:00;319,13;42,53;35,64
19.03.2021;00:00;324,94;43,34;36,41
19.03.2021;01:00;322,12;42,96;36,10
19.03.2021;02:00;317,33;42,32;35,56
19.03.2021;03:00;313,84;41,86;35,17
19.03.2021;04:00;313,51;41,81;35,13
19.03.2021;05:00;315,03;42,02;35,30
19.03.2021;06:00;316,96;42,27;35,52
19.03.2021;07:00;317,28;42,32;35,55
19.03.2021;08:00;333,18;44,44;37,33
19.03.2021;09:00;449,99;60,01;50,42
19.03.2021;10:00;400,00;53,35;44,82
19.03.2021;11:00;492,14;65,64;55,15
19.03.2021;12:00;333,91;44,53;37,42
19.03.2021;13:00;327,21;43,64;36,67
19.03.2021;14:00;400,00;53,35;44,82
19.03.2021;15:00;400,00;53,35;44,82
19.03.2021;16:00;379,99;50,68;42,58
19.03.2021;17:00;450,00;60,02;50,42
19.03.2021;18:00;400,01;53,35;44,82
19.03.2021;19:00;569,00;75,89;63,76
19.03.2021;20:00;400,01;53,35;44,82
19.03.2021;21:00;338,84;45,19;37,97
19.03.2021;22:00;332,17;44,30;37,22
19.03.2021;23:00;325,35;43,39;36,46
20.03.2021;00:00;300,01;40,23;33,67
20.03.2021;01:00;314,12;42,12;35,25
20.03.2021;02:00;311,40;41,76;34,94
20.03.2021;03:00;254,13;34,08;28,52
20.03.2021;04:00;300,00;40,23;33,67
20.03.2021;05:00;312,16;41,86;35,03
20.03.2021;06:00;314,32;42,15;35,27
20.03.2021;07:00;314,77;42,21;35,32
20.03.2021;08:00;324,95;43,57;36,46
20.03.2021;09:00;328,58;44,06;36,87
20.03.2021;10:00;334,59;44,87;37,55
20.03.2021;11:00;334,96;44,92;37,59
20.03.2021;12:00;325,34;43,63;36,51
20.03.2021;13:00;326,02;43,72;36,59
20.03.2021;14:00;325,32;43,62;36,51
20.03.2021;15:00;322,63;43,26;36,20
20.03.2021;16:00;318,71;42,74;35,76
20.03.2021;17:00;321,01;43,05;36,02
20.03.2021;18:00;324,98;43,58;36,47
20.03.2021;19:00;331,72;44,48;37,22
20.03.2021;20:00;328,66;44,07;36,88
20.03.2021;21:00;320,42;42,97;35,96
20.03.2021;22:00;313,87;42,09;35,22
20.03.2021;23:00;269,99;36,20;30,30
21.03.2021;00:00;309,00;42,52;35,70
21.03.2021;01:00;312,81;43,05;36,14
21.03.2021;02:00;296,62;40,82;34,27
21.03.2021;03:00;262,01;36,05;30,27
21.03.2021;04:00;254,12;34,97;29,36
21.03.2021;05:00;280,00;38,53;32,35
21.03.2021;06:00;300,01;41,28;34,66
21.03.2021;07:00;238,74;32,85;27,58
21.03.2021;08:00;237,21;32,64;27,40
21.03.2021;09:00;237,23;32,64;27,40
21.03.2021;10:00;249,98;34,40;28,88
21.03.2021;11:00;274,03;37,71;31,66
21.03.2021;12:00;250,00;34,40;28,88
21.03.2021;13:00;249,97;34,40;28,88
21.03.2021;14:00;275,00;37,84;31,77
21.03.2021;15:00;246,99;33,99;28,53
21.03.2021;16:00;238,99;32,89;27,61
21.03.2021;17:00;313,21;43,10;36,18
21.03.2021;18:00;325,39;44,78;37,59
21.03.2021;19:00;334,40;46,02;38,63
21.03.2021;20:00;329,27;45,31;38,04
21.03.2021;21:00;322,62;44,40;37,27
21.03.2021;22:00;316,15;43,50;36,52
21.03.2021;23:00;310,29;42,70;35,84
22.03.2021;00:00;308,99;42,52;35,69
22.03.2021;01:00;250,00;34,40;28,88
22.03.2021;02:00;237,80;32,72;27,47
22.03.2021;03:00;237,79;32,72;27,47
22.03.2021;04:00;237,70;32,71;27,46
22.03.2021;05:00;238,80;32,86;27,59
22.03.2021;06:00;269,13;37,03;31,09
22.03.2021;07:00;284,03;39,08;32,81
22.03.2021;08:00;322,26;44,35;37,23
22.03.2021;09:00;326,41;44,92;37,71
22.03.2021;10:00;325,68;44,82;37,62
22.03.2021;11:00;319,72;44,00;36,93
22.03.2021;12:00;284,03;39,08;32,81
22.03.2021;13:00;284,03;39,08;32,81
22.03.2021;14:00;311,19;42,82;35,95
22.03.2021;15:00;311,17;42,82;35,95
22.03.2021;16:00;312,69;43,03;36,12
22.03.2021;17:00;317,73;43,72;36,70
22.03.2021;18:00;318,63;43,85;36,81
22.03.2021;19:00;326,02;44,86;37,66
22.03.2021;20:00;323,02;44,45;37,31
22.03.2021;21:00;317,84;43,74;36,72
22.03.2021;22:00;311,95;42,93;36,04
22.03.2021;23:00;274,03;37,71;31,66
23.03.2021;00:00;308,99;42,52;35,69
23.03.2021;01:00;310,94;42,79;35,92
23.03.2021;02:00;239,13;32,91;27,62
23.03.2021;03:00;239,12;32,90;27,62
23.03.2021;04:00;238,53;32,82;27,55
23.03.2021;05:00;249,98;34,40;28,88
23.03.2021;06:00;269,12;37,03;31,09
23.03.2021;07:00;238,79;32,86;27,58
23.03.2021;08:00;320,30;44,08;37,00
23.03.2021;09:00;327,92;45,12;37,88
23.03.2021;10:00;330,68;45,50;38,20
23.03.2021;11:00;334,44;46,02;38,63
23.03.2021;12:00;326,80;44,97;37,75
23.03.2021;13:00;328,10;45,15;37,90
23.03.2021;14:00;329,54;45,35;38,07
23.03.2021;15:00;324,51;44,66;37,49
23.03.2021;16:00;320,57;44,11;37,03
23.03.2021;17:00;318,63;43,85;36,81
23.03.2021;18:00;314,29;43,25;36,31
23.03.2021;19:00;318,13;43,78;36,75
23.03.2021;20:00;312,74;43,04;36,13
23.03.2021;21:00;310,16;42,68;35,83
23.03.2021;22:00;218,24;30,03;25,21
23.03.2021;23:00;218,24;30,03;25,21
24.03.2021;00:00;308,99;39,09;32,85
24.03.2021;01:00;243,99;30,87;25,94
24.03.2021;02:00;237,79;30,08;25,28
24.03.2021;03:00;238,25;30,14;25,33
24.03.2021;04:00;238,52;30,18;25,36
24.03.2021;05:00;249,97;31,63;26,57
24.03.2021;06:00;264,89;33,51;28,16
24.03.2021;07:00;249,99;31,63;26,58
24.03.2021;08:00;318,60;40,31;33,87
24.03.2021;09:00;326,51;41,31;34,71
24.03.2021;10:00;331,97;42,00;35,29
24.03.2021;11:00;335,65;42,47;35,68
24.03.2021;12:00;327,34;41,41;34,80
24.03.2021;13:00;330,57;41,82;35,14
24.03.2021;14:00;333,87;42,24;35,49
24.03.2021;15:00;329,37;41,67;35,01
24.03.2021;16:00;328,27;41,53;34,90
24.03.2021;17:00;327,75;41,47;34,84
24.03.2021;18:00;321,67;40,70;34,20
24.03.2021;19:00;326,13;41,26;34,67
24.03.2021;20:00;320,77;40,58;34,10
24.03.2021;21:00;319,99;40,48;34,02
24.03.2021;22:00;313,78;39,70;33,36
24.03.2021;23:00;280,54;35,49;29,82
25.03.2021;00:00;297,98;38,16;32,07
25.03.2021;01:00;254,12;32,55;27,35
25.03.2021;02:00;237,61;30,43;25,58
25.03.2021;03:00;237,12;30,37;25,52
25.03.2021;04:00;237,12;30,37;25,52
25.03.2021;05:00;237,94;30,47;25,61
25.03.2021;06:00;254,13;32,55;27,35
25.03.2021;07:00;238,22;30,51;25,64
25.03.2021;08:00;301,62;38,63;32,47
25.03.2021;09:00;308,12;39,46;33,17
25.03.2021;10:00;312,13;39,97;33,60
25.03.2021;11:00;314,86;40,32;33,89
25.03.2021;12:00;311,04;39,84;33,48
25.03.2021;13:00;314,11;40,23;33,81
25.03.2021;14:00;318,12;40,74;34,24
25.03.2021;15:00;317,67;40,68;34,19
25.03.2021;16:00;319,45;40,91;34,39
25.03.2021;17:00;320,22;41,01;34,47
25.03.2021;18:00;320,00;40,98;34,44
25.03.2021;19:00;322,80;41,34;34,75
25.03.2021;20:00;319,30;40,89;34,37
25.03.2021;21:00;314,65;40,30;33,87
25.03.2021;22:00;310,07;39,71;33,38
25.03.2021;23:00;280,00;35,86;30,14
26.03.2021;00:00;284,02;35,65;30,13
26.03.2021;01:00;311,57;39,11;33,06
26.03.2021;02:00;255,01;32,01;27,05
26.03.2021;03:00;243,21;30,53;25,80
26.03.2021;04:00;224,85;28,22;23,85
26.03.2021;05:00;249,01;31,26;26,42
26.03.2021;06:00;254,12;31,90;26,96
26.03.2021;07:00;293,99;36,90;31,19
26.03.2021;08:00;320,36;40,21;33,99
26.03.2021;09:00;326,84;41,03;34,68
26.03.2021;10:00;330,68;41,51;35,08
26.03.2021;11:00;331,66;41,63;35,19
26.03.2021;12:00;320,74;40,26;34,03
26.03.2021;13:00;315,92;39,66;33,52
26.03.2021;14:00;321,51;40,36;34,11
26.03.2021;15:00;320,28;40,20;33,98
26.03.2021;16:00;321,13;40,31;34,07
26.03.2021;17:00;321,56;40,36;34,12
26.03.2021;18:00;319,03;40,05;33,85
26.03.2021;19:00;324,33;40,71;34,41
26.03.2021;20:00;319,36;40,09;33,88
26.03.2021;21:00;318,23;39,95;33,76
26.03.2021;22:00;312,34;39,21;33,14
26.03.2021;23:00;293,99;36,90;31,19
27.03.2021;00:00;310,78;39,14;33,14
27.03.2021;01:00;314,15;39,56;33,50
27.03.2021;02:00;312,26;39,32;33,30
27.03.2021;03:00;300,00;37,78;31,99
27.03.2021;04:00;299,99;37,78;31,99
27.03.2021;05:00;310,28;39,07;33,09
27.03.2021;06:00;311,16;39,18;33,18
27.03.2021;07:00;274,57;34,58;29,28
27.03.2021;08:00;316,72;39,88;33,77
27.03.2021;09:00;317,45;39,98;33,85
27.03.2021;10:00;320,02;40,30;34,13
27.03.2021;11:00;317,58;39,99;33,87
27.03.2021;12:00;311,05;39,17;33,17
27.03.2021;13:00;310,89;39,15;33,15
27.03.2021;14:00;310,30;39,08;33,09
27.03.2021;15:00;224,92;28,32;23,98
27.03.2021;16:00;288,99;36,39;30,82
27.03.2021;17:00;313,71;39,51;33,45
27.03.2021;18:00;320,30;40,34;34,16
27.03.2021;19:00;329,91;41,55;35,18
27.03.2021;20:00;327,71;41,27;34,95
27.03.2021;21:00;322,70;40,64;34,41
27.03.2021;22:00;317,85;40,03;33,89
27.03.2021;23:00;311,01;39,17;33,16
28.03.2021;00:00;314,31;39,34;33,38
28.03.2021;01:00;315,32;39,47;33,49
28.03.2021;02:00;311,19;38,95;33,05
28.03.2021;03:00;250,01;31,29;26,55
28.03.2021;04:00;311,14;38,94;33,05
28.03.2021;05:00;311,76;39,02;33,11
28.03.2021;06:00;313,05;39,18;33,25
28.03.2021;07:00;311,01;38,93;33,03
28.03.2021;08:00;248,99;31,17;26,45
28.03.2021;09:00;150,01;18,78;15,93
28.03.2021;10:00;223,98;28,03;23,79
28.03.2021;11:00;224,47;28,10;23,84
28.03.2021;12:00;224,97;28,16;23,89
28.03.2021;13:00;255,01;31,92;27,09
28.03.2021;14:00;240,01;30,04;25,49
28.03.2021;15:00;225,50;28,23;23,95
28.03.2021;16:00;224,54;28,11;23,85
28.03.2021;17:00;225,40;28,21;23,94
28.03.2021;18:00;314,48;39,36;33,40
28.03.2021;19:00;321,83;40,28;34,18
28.03.2021;20:00;320,13;40,07;34,00
28.03.2021;21:00;316,50;39,62;33,62
28.03.2021;22:00;313,01;39,18;33,25
28.03.2021;23:00;248,98;31,16;26,45
29.03.2021;00:00;275,01;34,42;29,21
29.03.2021;01:00;311,37;38,97;33,07
29.03.2021;02:00;274,58;34,37;29,16
29.03.2021;03:00;238,88;29,90;25,37
29.03.2021;04:00;225,30;28,20;23,93
29.03.2021;05:00;250,00;31,29;26,55
29.03.2021;06:00;262,99;32,92;27,93
29.03.2021;07:00;224,78;28,14;23,87
29.03.2021;08:00;320,97;40,17;34,09
29.03.2021;09:00;323,57;40,50;34,37
29.03.2021;10:00;324,34;40,60;34,45
29.03.2021;11:00;323,54;40,50;34,36
29.03.2021;12:00;316,51;39,62;33,62
29.03.2021;13:00;317,15;39,70;33,69
29.03.2021;14:00;320,07;40,06;34,00
29.03.2021;15:00;320,00;40,05;33,99
29.03.2021;16:00;321,96;40,30;34,20
29.03.2021;17:00;324,82;40,66;34,50
29.03.2021;18:00;325,04;40,68;34,52
29.03.2021;19:00;328,64;41,14;34,91
29.03.2021;20:00;323,86;40,54;34,40
29.03.2021;21:00;319,99;40,05;33,99
29.03.2021;22:00;316,35;39,60;33,60
29.03.2021;23:00;311,15;38,95;33,05
30.03.2021;00:00;315,95;39,55;33,56
30.03.2021;01:00;316,39;39,60;33,60
30.03.2021;02:00;312,41;39,10;33,18
30.03.2021;03:00;310,25;38,83;32,95
30.03.2021;04:00;310,00;38,80;32,93
30.03.2021;05:00;310,35;38,85;32,96
30.03.2021;06:00;311,19;38,95;33,05
30.03.2021;07:00;313,18;39,20;33,26
30.03.2021;08:00;323,50;40,49;34,36
30.03.2021;09:00;325,33;40,72;34,55
30.03.2021;10:00;324,01;40,56;34,41
30.03.2021;11:00;322,37;40,35;34,24
30.03.2021;12:00;315,96;39,55;33,56
30.03.2021;13:00;316,27;39,59;33,59
30.03.2021;14:00;318,86;39,91;33,87
30.03.2021;15:00;317,00;39,68;33,67
30.03.2021;16:00;316,94;39,67;33,66
30.03.2021;17:00;318,89;39,91;33,87
30.03.2021;18:00;317,97;39,80;33,77
30.03.2021;19:00;320,00;40,05;33,99
30.03.2021;20:00;318,21;39,83;33,80
30.03.2021;21:00;313,28;39,21;33,27
30.03.2021;22:00;310,67;38,89;33,00
30.03.2021;23:00;269,36;33,72;28,61
31.03.2021;00:00;247,00;30,42;25,83
31.03.2021;01:00;250,00;30,79;26,15
31.03.2021;02:00;275,01;33,87;28,76
31.03.2021;03:00;249,99;30,79;26,14
31.03.2021;04:00;238,87;29,42;24,98
31.03.2021;05:00;249,98;30,79;26,14
31.03.2021;06:00;249,56;30,74;26,10
31.03.2021;07:00;249,55;30,74;26,10
31.03.2021;08:00;316,48;38,98;33,10
31.03.2021;09:00;318,41;39,22;33,30
31.03.2021;10:00;320,05;39,42;33,47
31.03.2021;11:00;318,59;39,24;33,32
31.03.2021;12:00;312,54;38,49;32,69
31.03.2021;13:00;313,17;38,57;32,75
31.03.2021;14:00;316,07;38,93;33,06
31.03.2021;15:00;315,83;38,90;33,03
31.03.2021;16:00;316,62;39,00;33,11
31.03.2021;17:00;318,25;39,20;33,28
31.03.2021;18:00;316,70;39,01;33,12
31.03.2021;19:00;320,50;39,47;33,52
31.03.2021;20:00;320,94;39,53;33,56
31.03.2021;21:00;317,17;39,06;33,17
31.03.2021;22:00;312,09;38,44;32,64
31.03.2021;23:00;279,99;34,48;29,28
01.04.2021;00:00;234,43;28,16;23,98
01.04.2021;01:00;310,02;37,24;31,72
01.04.2021;02:00;256,99;30,87;26,29
01.04.2021;03:00;238,88;28,69;24,44
01.04.2021;04:00;234,87;28,21;24,03
01.04.2021;05:00;238,88;28,69;24,44
01.04.2021;06:00;249,99;30,03;25,58
01.04.2021;07:00;311,40;37,40;31,86
01.04.2021;08:00;324,15;38,93;33,16
01.04.2021;09:00;325,97;39,15;33,35
01.04.2021;10:00;328,73;39,48;33,63
01.04.2021;11:00;324,08;38,92;33,16
01.04.2021;12:00;315,60;37,91;32,29
01.04.2021;13:00;318,35;38,24;32,57
01.04.2021;14:00;321,89;38,66;32,93
01.04.2021;15:00;320,00;38,43;32,74
01.04.2021;16:00;320,64;38,51;32,81
01.04.2021;17:00;325,01;39,04;33,25
01.04.2021;18:00;326,16;39,17;33,37
01.04.2021;19:00;334,08;40,12;34,18
01.04.2021;20:00;334,69;40,20;34,24
01.04.2021;21:00;330,18;39,66;33,78
01.04.2021;22:00;329,45;39,57;33,71
01.04.2021;23:00;323,70;38,88;33,12
02.04.2021;00:00;324,53;38,98;33,22
02.04.2021;01:00;324,74;39,00;33,24
02.04.2021;02:00;321,55;38,62;32,92
02.04.2021;03:00;319,92;38,43;32,75
02.04.2021;04:00;319,33;38,35;32,69
02.04.2021;05:00;320,68;38,52;32,83
02.04.2021;06:00;321,44;38,61;32,90
02.04.2021;07:00;323,28;38,83;33,09
02.04.2021;08:00;332,41;39,93;34,03
02.04.2021;09:00;337,18;40,50;34,52
02.04.2021;10:00;338,61;40,67;34,66
02.04.2021;11:00;336,05;40,36;34,40
02.04.2021;12:00;327,34;39,32;33,51
02.04.2021;13:00;324,43;38,97;33,21
02.04.2021;14:00;329,84;39,62;33,76
02.04.2021;15:00;328,02;39,40;33,58
02.04.2021;16:00;326,50;39,22;33,42
02.04.2021;17:00;326,77;39,25;33,45
02.04.2021;18:00;324,45;38,97;33,21
02.04.2021;19:00;326,52;39,22;33,42
02.04.2021;20:00;324,64;38,99;33,23
02.04.2021;21:00;318,76;38,29;32,63
02.04.2021;22:00;314,19;37,74;32,16
02.04.2021;23:00;288,56;34,66;29,54
03.04.2021;00:00;315,06;37,84;32,25
03.04.2021;01:00;319,65;38,39;32,72
03.04.2021;02:00;317,15;38,09;32,47
03.04.2021;03:00;315,05;37,84;32,25
03.04.2021;04:00;314,52;37,78;32,20
03.04.2021;05:00;315,23;37,86;32,27
03.04.2021;06:00;314,62;37,79;32,21
03.04.2021;07:00;313,19;37,62;32,06
03.04.2021;08:00;313,79;37,69;32,12
03.04.2021;09:00;250,00;30,03;25,59
03.04.2021;10:00;234,85;28,21;24,04
03.04.2021;11:00;235,38;28,27;24,10
03.04.2021;12:00;230,00;27,62;23,54
03.04.2021;13:00;234,16;28,12;23,97
03.04.2021;14:00;233,92;28,10;23,95
03.04.2021;15:00;150,00;18,02;15,36
03.04.2021;16:00;233,81;28,08;23,93
03.04.2021;17:00;300,01;36,03;30,71
03.04.2021;18:00;315,57;37,90;32,30
03.04.2021;19:00;322,53;38,74;33,02
03.04.2021;20:00;320,34;38,48;32,79
03.04.2021;21:00;315,68;37,92;32,32
03.04.2021;22:00;312,86;37,58;32,03
03.04.2021;23:00;258,00;30,99;26,41
04.04.2021;00:00;309,00;38,45;32,65
04.04.2021;01:00;314,41;39,12;33,22
04.04.2021;02:00;312,40;38,87;33,01
04.04.2021;03:00;311,12;38,71;32,87
04.04.2021;04:00;310,11;38,59;32,77
04.04.2021;05:00;310,34;38,62;32,79
04.04.2021;06:00;241,09;30,00;25,47
04.04.2021;07:00;228,03;28,38;24,09
04.04.2021;08:00;149,59;18,61;15,81
04.04.2021;09:00;15,40;1,92;1,63
04.04.2021;10:00;25,01;3,11;2,64
04.04.2021;11:00;50,01;6,22;5,28
04.04.2021;12:00;99,99;12,44;10,56
04.04.2021;13:00;149,57;18,61;15,80
04.04.2021;14:00;180,01;22,40;19,02
04.04.2021;15:00;159,37;19,83;16,84
04.04.2021;16:00;229,43;28,55;24,24
04.04.2021;17:00;280,00;34,84;29,58
04.04.2021;18:00;300,01;37,33;31,70
04.04.2021;19:00;316,56;39,39;33,45
04.04.2021;20:00;317,60;39,52;33,56
04.04.2021;21:00;314,29;39,11;33,21
04.04.2021;22:00;311,45;38,76;32,91
04.04.2021;23:00;284,12;35,36;30,02
05.04.2021;00:00;240,00;29,86;25,36
05.04.2021;01:00;284,99;35,46;30,11
05.04.2021;02:00;228,38;28,42;24,13
05.04.2021;03:00;200,00;24,89;21,13
05.04.2021;04:00;228,87;28,48;24,18
05.04.2021;05:00;250,01;31,11;26,42
05.04.2021;06:00;300,01;37,33;31,70
05.04.2021;07:00;311,03;38,70;32,86
05.04.2021;08:00;319,37;39,74;33,74
05.04.2021;09:00;321,88;40,05;34,01
05.04.2021;10:00;323,98;40,32;34,23
05.04.2021;11:00;323,45;40,25;34,17
05.04.2021;12:00;318,86;39,68;33,69
05.04.2021;13:00;320,80;39,92;33,89
05.04.2021;14:00;323,71;40,28;34,20
05.04.2021;15:00;323,15;40,21;34,14
05.04.2021;16:00;327,36;40,74;34,59
05.04.2021;17:00;330,65;41,15;34,94
05.04.2021;18:00;330,90;41,18;34,96
05.04.2021;19:00;334,99;41,69;35,39
05.04.2021;20:00;332,48;41,37;35,13
05.04.2021;21:00;327,81;40,79;34,64
05.04.2021;22:00;324,33;40,36;34,27
05.04.2021;23:00;319,20;39,72;33,73
06.04.2021;00:00;311,56;38,77;32,92
06.04.2021;01:00;315,94;39,31;33,38
06.04.2021;02:00;313,26;38,98;33,10
06.04.2021;03:00;310,77;38,67;32,83
06.04.2021;04:00;300,01;37,33;31,70
06.04.2021;05:00;300,02;37,33;31,70
06.04.2021;06:00;300,00;37,33;31,70
06.04.2021;07:00;310,08;38,59;32,76
06.04.2021;08:00;321,21;39,97;33,94
06.04.2021;09:00;323,05;40,20;34,13
06.04.2021;10:00;323,50;40,26;34,18
06.04.2021;11:00;322,85;40,17;34,11
06.04.2021;12:00;314,83;39,18;33,26
06.04.2021;13:00;314,67;39,16;33,25
06.04.2021;14:00;315,93;39,31;33,38
06.04.2021;15:00;314,96;39,19;33,28
06.04.2021;16:00;314,14;39,09;33,19
06.04.2021;17:00;316,13;39,34;33,40
06.04.2021;18:00;315,24;39,23;33,31
06.04.2021;19:00;318,56;39,64;33,66
06.04.2021;20:00;318,46;39,63;33,65
06.04.2021;21:00;313,39;39,00;33,11
06.04.2021;22:00;300,01;37,33;31,70
06.04.2021;23:00;249,98;31,11;26,41
07.04.2021;00:00;231,95;28,50;24,26
07.04.2021;01:00;312,15;38,35;32,64
07.04.2021;02:00;300,01;36,86;31,37
07.04.2021;03:00;231,70;28,47;24,23
07.04.2021;04:00;231,33;28,42;24,19
07.04.2021;05:00;258,01;31,70;26,98
07.04.2021;06:00;235,63;28,95;24,64
07.04.2021;07:00;300,01;36,86;31,37
07.04.2021;08:00;316,94;38,94;33,15
07.04.2021;09:00;313,38;38,50;32,77
07.04.2021;10:00;313,48;38,51;32,78
07.04.2021;11:00;311,05;38,22;32,53
07.04.2021;12:00;230,45;28,31;24,10
07.04.2021;13:00;231,30;28,42;24,19
07.04.2021;14:00;249,99;30,71;26,14
07.04.2021;15:00;249,99;30,71;26,14
07.04.2021;16:00;290,00;35,63;30,33
07.04.2021;17:00;315,60;38,77;33,00
07.04.2021;18:00;321,40;39,49;33,61
07.04.2021;19:00;328,05;40,30;34,31
07.04.2021;20:00;328,91;40,41;34,40
07.04.2021;21:00;325,22;39,96;34,01
07.04.2021;22:00;321,24;39,47;33,59
07.04.2021;23:00;314,30;38,61;32,87
08.04.2021;00:00;230,62;28,32;23,98
08.04.2021;01:00;312,68;38,39;32,51
08.04.2021;02:00;301,13;36,98;31,31
08.04.2021;03:00;269,42;33,08;28,01
08.04.2021;04:00;268,00;32,91;27,86
08.04.2021;05:00;300,00;36,84;31,19
08.04.2021;06:00;275,01;33,77;28,59
08.04.2021;07:00;280,01;34,38;29,11
08.04.2021;08:00;315,75;38,77;32,83
08.04.2021;09:00;311,58;38,26;32,39
08.04.2021;10:00;312,20;38,33;32,46
08.04.2021;11:00;313,26;38,46;32,57
08.04.2021;12:00;269,42;33,08;28,01
08.04.2021;13:00;299,99;36,84;31,19
08.04.2021;14:00;310,94;38,18;32,33
08.04.2021;15:00;304,99;37,45;31,71
08.04.2021;16:00;280,00;34,38;29,11
08.04.2021;17:00;310,28;38,10;32,26
08.04.2021;18:00;311,03;38,19;32,33
08.04.2021;19:00;314,51;38,62;32,70
08.04.2021;20:00;312,58;38,38;32,50
08.04.2021;21:00;280,01;34,38;29,11
08.04.2021;22:00;269,41;33,08;28,01
08.04.2021;23:00;231,16;28,38;24,03
09.04.2021;00:00;227,98;27,91;23,48
09.04.2021;01:00;310,29;37,98;31,96
09.04.2021;02:00;241,10;29,51;24,84
09.04.2021;03:00;227,99;27,91;23,49
09.04.2021;04:00;227,99;27,91;23,49
09.04.2021;05:00;250,00;30,60;25,75
09.04.2021;06:00;227,99;27,91;23,49
09.04.2021;07:00;200,00;24,48;20,60
09.04.2021;08:00;313,83;38,42;32,33
09.04.2021;09:00;315,36;38,61;32,49
09.04.2021;10:00;316,35;38,73;32,59
09.04.2021;11:00;316,29;38,72;32,58
09.04.2021;12:00;241,10;29,51;24,84
09.04.2021;13:00;227,98;27,91;23,48
09.04.2021;14:00;310,52;38,01;31,99
09.04.2021;15:00;310,42;38,00;31,98
09.04.2021;16:00;300,00;36,73;30,90
09.04.2021;17:00;310,50;38,01;31,99
09.04.2021;18:00;300,00;36,73;30,90
09.04.2021;19:00;314,66;38,52;32,41
09.04.2021;20:00;315,04;38,57;32,45
09.04.2021;21:00;312,09;38,21;32,15
09.04.2021;22:00;310,12;37,96;31,95
09.04.2021;23:00;261,99;32,07;26,99
10.04.2021;00:00;300,01;36,80;30,99
10.04.2021;01:00;313,13;38,41;32,35
10.04.2021;02:00;310,53;38,09;32,08
10.04.2021;03:00;227,99;27,97;23,55
10.04.2021;04:00;259,00;31,77;26,75
10.04.2021;05:00;310,57;38,10;32,08
10.04.2021;06:00;227,99;27,97;23,55
10.04.2021;07:00;200,01;24,54;20,66
10.04.2021;08:00;311,75;38,24;32,20
10.04.2021;09:00;240,01;29,44;24,79
10.04.2021;10:00;285,00;34,96;29,44
10.04.2021;11:00;311,33;38,19;32,16
10.04.2021;12:00;241,10;29,58;24,90
10.04.2021;13:00;279,99;34,35;28,92
10.04.2021;14:00;310,82;38,13;32,11
10.04.2021;15:00;290,00;35,57;29,96
10.04.2021;16:00;241,08;29,57;24,90
10.04.2021;17:00;241,09;29,58;24,90
10.04.2021;18:00;311,58;38,22;32,19
10.04.2021;19:00;317,95;39,00;32,84
10.04.2021;20:00;319,45;39,19;33,00
10.04.2021;21:00;315,57;38,71;32,60
10.04.2021;22:00;313,00;38,40;32,33
10.04.2021;23:00;270,00;33,12;27,89
11.04.2021;00:00;312,10;38,35;32,25
11.04.2021;01:00;317,95;39,07;32,85
11.04.2021;02:00;314,65;38,66;32,51
11.04.2021;03:00;312,04;38,34;32,24
11.04.2021;04:00;310,22;38,12;32,06
11.04.2021;05:00;310,36;38,14;32,07
11.04.2021;06:00;280,01;34,41;28,93
11.04.2021;07:00;180,00;22,12;18,60
11.04.2021;08:00;290,00;35,63;29,97
11.04.2021;09:00;101,01;12,41;10,44
11.04.2021;10:00;227,98;28,01;23,56
11.04.2021;11:00;250,00;30,72;25,83
11.04.2021;12:00;258,01;31,70;26,66
11.04.2021;13:00;232,01;28,51;23,97
11.04.2021;14:00;285,00;35,02;29,45
11.04.2021;15:00;290,00;35,63;29,97
11.04.2021;16:00;284,99;35,02;29,45
11.04.2021;17:00;311,51;38,28;32,19
11.04.2021;18:00;316,66;38,91;32,72
11.04.2021;19:00;325,56;40,00;33,64
11.04.2021;20:00;329,99;40,55;34,10
11.04.2021;21:00;326,39;40,11;33,73
11.04.2021;22:00;324,51;39,87;33,53
11.04.2021;23:00;320,59;39,39;33,13
12.04.2021;00:00;308,99;37,97;31,93
12.04.2021;01:00;313,72;38,55;32,42
12.04.2021;02:00;311,92;38,33;32,23
12.04.2021;03:00;310,40;38,14;32,07
12.04.2021;04:00;275,01;33,79;28,42
12.04.2021;05:00;311,09;38,23;32,15
12.04.2021;06:00;227,35;27,94;23,49
12.04.2021;07:00;313,95;38,58;32,44
12.04.2021;08:00;324,54;39,88;33,53
12.04.2021;09:00;329,40;40,48;34,04
12.04.2021;10:00;332,36;40,84;34,34
12.04.2021;11:00;330,58;40,62;34,16
12.04.2021;12:00;324,57;39,88;33,54
12.04.2021;13:00;325,31;39,97;33,61
12.04.2021;14:00;328,36;40,35;33,93
12.04.2021;15:00;327,02;40,18;33,79
12.04.2021;16:00;327,57;40,25;33,85
12.04.2021;17:00;329,97;40,55;34,10
12.04.2021;18:00;328,53;40,37;33,95
12.04.2021;19:00;333,07;40,93;34,42
12.04.2021;20:00;334,59;41,11;34,57
12.04.2021;21:00;329,93;40,54;34,09
12.04.2021;22:00;327,10;40,19;33,80
12.04.2021;23:00;323,74;39,78;33,45
13.04.2021;00:00;323,45;39,74;33,42
13.04.2021;01:00;325,53;40,00;33,64
13.04.2021;02:00;324,67;39,89;33,55
13.04.2021;03:00;323,62;39,77;33,44
13.04.2021;04:00;321,88;39,55;33,26
13.04.2021;05:00;319,27;39,23;32,99
13.04.2021;06:00;316,69;38,91;32,72
13.04.2021;07:00;317,73;39,04;32,83
13.04.2021;08:00;326,18;40,08;33,70
13.04.2021;09:00;328,78;40,40;33,97
13.04.2021;10:00;329,43;40,48;34,04
13.04.2021;11:00;329,87;40,53;34,09
13.04.2021;12:00;322,59;39,64;33,33
13.04.2021;13:00;322,66;39,65;33,34
13.04.2021;14:00;325,92;40,05;33,68
13.04.2021;15:00;326,20;40,08;33,71
13.04.2021;16:00;326,05;40,06;33,69
13.04.2021;17:00;330,18;40,57;34,12
13.04.2021;18:00;333,02;40,92;34,41
13.04.2021;19:00;334,74;41,13;34,59
13.04.2021;20:00;333,25;40,95;34,43
13.04.2021;21:00;329,18;40,45;34,01
13.04.2021;22:00;322,95;39,68;33,37
13.04.2021;23:00;315,07;38,71;32,56
14.04.2021;00:00;319,30;39,09;32,87
14.04.2021;01:00;320,73;39,27;33,01
14.04.2021;02:00;318,96;39,05;32,83
14.04.2021;03:00;318,68;39,02;32,80
14.04.2021;04:00;317,78;38,91;32,71
14.04.2021;05:00;314,68;38,53;32,39
14.04.2021;06:00;310,78;38,05;31,99
14.04.2021;07:00;310,38;38,00;31,95
14.04.2021;08:00;317,74;38,90;32,71
14.04.2021;09:00;312,53;38,26;32,17
14.04.2021;10:00;310,96;38,07;32,01
14.04.2021;11:00;310,04;37,96;31,91
14.04.2021;12:00;236,05;28,90;24,30
14.04.2021;13:00;229,99;28,16;23,67
14.04.2021;14:00;241,10;29,52;24,82
14.04.2021;15:00;235,42;28,82;24,23
14.04.2021;16:00;249,00;30,48;25,63
14.04.2021;17:00;311,09;38,09;32,02
14.04.2021;18:00;318,00;38,93;32,73
14.04.2021;19:00;325,05;39,80;33,46
14.04.2021;20:00;327,39;40,08;33,70
14.04.2021;21:00;326,98;40,03;33,66
14.04.2021;22:00;322,79;39,52;33,23
14.04.2021;23:00;318,27;38,96;32,76
15.04.2021;00:00;318,38;39,12;32,89
15.04.2021;01:00;322,40;39,62;33,30
15.04.2021;02:00;321,94;39,56;33,26
15.04.2021;03:00;323,54;39,76;33,42
15.04.2021;04:00;323,24;39,72;33,39
15.04.2021;05:00;320,92;39,43;33,15
15.04.2021;06:00;315,57;38,78;32,60
15.04.2021;07:00;316,24;38,86;32,67
15.04.2021;08:00;324,05;39,82;33,47
15.04.2021;09:00;324,28;39,85;33,50
15.04.2021;10:00;326,52;40,12;33,73
15.04.2021;11:00;326,20;40,08;33,70
15.04.2021;12:00;320,77;39,41;33,14
15.04.2021;13:00;322,05;39,57;33,27
15.04.2021;14:00;325,15;39,95;33,59
15.04.2021;15:00;326,53;40,12;33,73
15.04.2021;16:00;327,51;40,24;33,83
15.04.2021;17:00;330,61;40,62;34,15
15.04.2021;18:00;335,43;41,22;34,65
15.04.2021;19:00;337,84;41,51;34,90
15.04.2021;20:00;338,07;41,54;34,92
15.04.2021;21:00;337,05;41,42;34,82
15.04.2021;22:00;333,43;40,97;34,44
15.04.2021;23:00;327,28;40,21;33,81
16.04.2021;00:00;321,60;39,84;33,31
16.04.2021;01:00;323,63;40,09;33,52
16.04.2021;02:00;323,10;40,02;33,46
16.04.2021;03:00;324,62;40,21;33,62
16.04.2021;04:00;324,49;40,19;33,61
16.04.2021;05:00;321,66;39,84;33,31
16.04.2021;06:00;316,07;39,15;32,73
16.04.2021;07:00;315,99;39,14;32,73
16.04.2021;08:00;321,30;39,80;33,28
16.04.2021;09:00;319,72;39,60;33,11
16.04.2021;10:00;322,43;39,94;33,39
16.04.2021;11:00;322,92;40,00;33,44
16.04.2021;12:00;317,99;39,39;32,93
16.04.2021;13:00;316,98;39,26;32,83
16.04.2021;14:00;324,85;40,24;33,64
16.04.2021;15:00;325,90;40,37;33,75
16.04.2021;16:00;323,63;40,09;33,52
16.04.2021;17:00;325,60;40,33;33,72
16.04.2021;18:00;325,94;40,37;33,76
16.04.2021;19:00;328,44;40,68;34,01
16.04.2021;20:00;332,46;41,18;34,43
16.04.2021;21:00;331,31;41,04;34,31
16.04.2021;22:00;328,09;40,64;33,98
16.04.2021;23:00;322,69;39,97;33,42
17.04.2021;00:00;320,63;39,80;33,24
17.04.2021;01:00;324,94;40,33;33,68
17.04.2021;02:00;325,01;40,34;33,69
17.04.2021;03:00;326,23;40,49;33,82
17.04.2021;04:00;324,63;40,29;33,65
17.04.2021;05:00;320,35;39,76;33,21
17.04.2021;06:00;313,47;38,91;32,49
17.04.2021;07:00;311,71;38,69;32,31
17.04.2021;08:00;313,00;38,85;32,45
17.04.2021;09:00;232,27;28,83;24,08
17.04.2021;10:00;300,00;37,24;31,10
17.04.2021;11:00;312,85;38,83;32,43
17.04.2021;12:00;310,20;38,50;32,16
17.04.2021;13:00;311,16;38,62;32,25
17.04.2021;14:00;311,29;38,64;32,27
17.04.2021;15:00;311,42;38,65;32,28
17.04.2021;16:00;311,53;38,67;32,29
17.04.2021;17:00;312,86;38,83;32,43
17.04.2021;18:00;318,04;39,48;32,97
17.04.2021;19:00;322,16;39,99;33,39
17.04.2021;20:00;323,95;40,21;33,58
17.04.2021;21:00;323,11;40,10;33,49
17.04.2021;22:00;319,85;39,70;33,16
17.04.2021;23:00;315,98;39,22;32,75
18.04.2021;00:00;308,99;38,35;32,01
18.04.2021;01:00;313,78;38,94;32,51
18.04.2021;02:00;313,46;38,90;32,47
18.04.2021;03:00;314,52;39,03;32,58
18.04.2021;04:00;313,50;38,91;32,48
18.04.2021;05:00;310,23;38,50;32,14
18.04.2021;06:00;198,12;24,59;20,53
18.04.2021;07:00;241,09;29,92;24,98
18.04.2021;08:00;198,11;24,59;20,52
18.04.2021;09:00;133,93;16,62;13,88
18.04.2021;10:00;240,01;29,79;24,87
18.04.2021;11:00;310,19;38,50;32,14
18.04.2021;12:00;250,00;31,03;25,90
18.04.2021;13:00;294,99;36,61;30,56
18.04.2021;14:00;250,01;31,03;25,90
18.04.2021;15:00;238,93;29,65;24,75
18.04.2021;16:00;245,58;30,48;25,44
18.04.2021;17:00;313,23;38,87;32,45
18.04.2021;18:00;320,30;39,75;33,18
18.04.2021;19:00;326,17;40,48;33,79
18.04.2021;20:00;327,27;40,62;33,91
18.04.2021;21:00;325,86;40,44;33,76
18.04.2021;22:00;323,12;40,10;33,48
18.04.2021;23:00;319,46;39,65;33,10
19.04.2021;00:00;309,00;38,35;32,01
19.04.2021;01:00;314,80;39,07;32,61
19.04.2021;02:00;315,51;39,16;32,69
19.04.2021;03:00;316,80;39,32;32,82
19.04.2021;04:00;315,96;39,21;32,73
19.04.2021;05:00;312,90;38,83;32,42
19.04.2021;06:00;241,09;29,92;24,98
19.04.2021;07:00;310,99;38,60;32,22
19.04.2021;08:00;320,61;39,79;33,22
19.04.2021;09:00;322,01;39,96;33,36
19.04.2021;10:00;326,11;40,47;33,79
19.04.2021;11:00;328,39;40,76;34,02
19.04.2021;12:00;323,95;40,21;33,56
19.04.2021;13:00;325,00;40,34;33,67
19.04.2021;14:00;327,46;40,64;33,93
19.04.2021;15:00;326,05;40,47;33,78
19.04.2021;16:00;326,19;40,48;33,79
19.04.2021;17:00;327,19;40,61;33,90
19.04.2021;18:00;326,24;40,49;33,80
19.04.2021;19:00;325,34;40,38;33,71
19.04.2021;20:00;323,59;40,16;33,52
19.04.2021;21:00;322,05;39,97;33,36
19.04.2021;22:00;320,17;39,74;33,17
19.04.2021;23:00;317,04;39,35;32,85
20.04.2021;00:00;310,80;38,57;32,20
20.04.2021;01:00;316,14;39,24;32,75
20.04.2021;02:00;315,47;39,15;32,68
20.04.2021;03:00;316,61;39,29;32,80
20.04.2021;04:00;315,76;39,19;32,71
20.04.2021;05:00;313,29;38,88;32,46
20.04.2021;06:00;241,10;29,92;24,98
20.04.2021;07:00;310,31;38,51;32,15
20.04.2021;08:00;319,07;39,60;33,06
20.04.2021;09:00;318,60;39,54;33,01
20.04.2021;10:00;320,87;39,82;33,24
20.04.2021;11:00;321,41;39,89;33,30
20.04.2021;12:00;316,07;39,23;32,75
20.04.2021;13:00;317,32;39,38;32,87
20.04.2021;14:00;321,75;39,93;33,33
20.04.2021;15:00;320,83;39,82;33,24
20.04.2021;16:00;322,22;39,99;33,38
20.04.2021;17:00;324,39;40,26;33,61
20.04.2021;18:00;325,95;40,45;33,77
20.04.2021;19:00;327,98;40,71;33,98
20.04.2021;20:00;328,97;40,83;34,08
20.04.2021;21:00;328,04;40,71;33,99
20.04.2021;22:00;325,71;40,42;33,74
20.04.2021;23:00;321,91;39,95;33,35
21.04.2021;00:00;313,24;38,91;32,36
21.04.2021;01:00;318,40;39,55;32,89
21.04.2021;02:00;318,02;39,50;32,85
21.04.2021;03:00;318,72;39,59;32,92
21.04.2021;04:00;317,65;39,45;32,81
21.04.2021;05:00;314,95;39,12;32,54
21.04.2021;06:00;310,17;38,52;32,04
21.04.2021;07:00;311,71;38,72;32,20
21.04.2021;08:00;318,58;39,57;32,91
21.04.2021;09:00;315,82;39,23;32,63
21.04.2021;10:00;318,41;39,55;32,89
21.04.2021;11:00;317,42;39,42;32,79
21.04.2021;12:00;312,16;38,77;32,25
21.04.2021;13:00;313,68;38,96;32,40
21.04.2021;14:00;317,22;39,40;32,77
21.04.2021;15:00;317,73;39,46;32,82
21.04.2021;16:00;319,55;39,69;33,01
21.04.2021;17:00;321,48;39,93;33,21
21.04.2021;18:00;323,80;40,22;33,45
21.04.2021;19:00;324,63;40,32;33,54
21.04.2021;20:00;324,94;40,36;33,57
21.04.2021;21:00;325,26;40,40;33,60
21.04.2021;22:00;323,88;40,23;33,46
21.04.2021;23:00;320,04;39,75;33,06
22.04.2021;00:00;319,63;39,46;32,71
22.04.2021;01:00;322,48;39,81;33,00
22.04.2021;02:00;321,80;39,72;32,93
22.04.2021;03:00;321,88;39,73;32,94
22.04.2021;04:00;320,37;39,55;32,79
22.04.2021;05:00;317,25;39,16;32,47
22.04.2021;06:00;312,79;38,61;32,01
22.04.2021;07:00;314,65;38,84;32,20
22.04.2021;08:00;321,45;39,68;32,90
22.04.2021;09:00;318,47;39,31;32,59
22.04.2021;10:00;319,95;39,49;32,74
22.04.2021;11:00;320,09;39,51;32,76
22.04.2021;12:00;315,59;38,96;32,30
22.04.2021;13:00;317,63;39,21;32,50
22.04.2021;14:00;319,14;39,39;32,66
22.04.2021;15:00;320,05;39,51;32,75
22.04.2021;16:00;318,96;39,37;32,64
22.04.2021;17:00;320,67;39,58;32,82
22.04.2021;18:00;322,13;39,76;32,97
22.04.2021;19:00;324,41;40,05;33,20
22.04.2021;20:00;324,21;40,02;33,18
22.04.2021;21:00;325,75;40,21;33,34
22.04.2021;22:00;324,00;39,99;33,16
22.04.2021;23:00;320,44;39,56;32,79
23.04.2021;00:00;323,45;39,72;33,07
23.04.2021;01:00;326,46;40,09;33,37
23.04.2021;02:00;326,45;40,09;33,37
23.04.2021;03:00;326,73;40,12;33,40
23.04.2021;04:00;324,50;39,85;33,17
23.04.2021;05:00;320,77;39,39;32,79
23.04.2021;06:00;314,46;38,62;32,15
23.04.2021;07:00;312,02;38,32;31,90
23.04.2021;08:00;311,82;38,29;31,88
23.04.2021;09:00;259,00;31,81;26,48
23.04.2021;10:00;310,45;38,12;31,74
23.04.2021;11:00;312,53;38,38;31,95
23.04.2021;12:00;300,01;36,84;30,67
23.04.2021;13:00;305,00;37,45;31,18
23.04.2021;14:00;314,04;38,56;32,11
23.04.2021;15:00;314,76;38,65;32,18
23.04.2021;16:00;317,44;38,98;32,45
23.04.2021;17:00;322,75;39,63;33,00
23.04.2021;18:00;330,02;40,53;33,74
23.04.2021;19:00;333,81;40,99;34,13
23.04.2021;20:00;333,15;40,91;34,06
23.04.2021;21:00;331,63;40,72;33,90
23.04.2021;22:00;329,54;40,47;33,69
23.04.2021;23:00;325,14;39,93;33,24
24.04.2021;00:00;339,81;41,09;34,13
24.04.2021;01:00;333,68;40,35;33,51
24.04.2021;02:00;331,40;40,08;33,28
24.04.2021;03:00;330,31;39,94;33,17
24.04.2021;04:00;326,30;39,46;32,77
24.04.2021;05:00;319,48;38,63;32,08
24.04.2021;06:00;300,01;36,28;30,13
24.04.2021;07:00;200,00;24,19;20,09
24.04.2021;08:00;309,99;37,49;31,13
24.04.2021;09:00;120,00;14,51;12,05
24.04.2021;10:00;180,00;21,77;18,08
24.04.2021;11:00;299,99;36,28;30,13
24.04.2021;12:00;240,01;29,02;24,10
24.04.2021;13:00;309,99;37,49;31,13
24.04.2021;14:00;315,07;38,10;31,64
24.04.2021;15:00;314,53;38,04;31,59
24.04.2021;16:00;314,19;37,99;31,55
24.04.2021;17:00;325,16;39,32;32,65
24.04.2021;18:00;400,01;48,37;40,17
24.04.2021;19:00;450,00;54,42;45,19
24.04.2021;20:00;400,01;48,37;40,17
24.04.2021;21:00;335,42;40,56;33,68
24.04.2021;22:00;328,04;39,67;32,94
24.04.2021;23:00;317,47;38,39;31,88
25.04.2021;00:00;318,80;38,55;32,02
25.04.2021;01:00;323,52;39,12;32,49
25.04.2021;02:00;321,36;38,86;32,27
25.04.2021;03:00;319,88;38,68;32,12
25.04.2021;04:00;315,57;38,16;31,69
25.04.2021;05:00;311,95;37,72;31,33
25.04.2021;06:00;120,01;14,51;12,05
25.04.2021;07:00;100,00;12,09;10,04
25.04.2021;08:00;100,00;12,09;10,04
25.04.2021;09:00;150,01;18,14;15,06
25.04.2021;10:00;258,00;31,20;25,91
25.04.2021;11:00;300,00;36,28;30,13
25.04.2021;12:00;200,00;24,19;20,09
25.04.2021;13:00;274,99;33,25;27,62
25.04.2021;14:00;310,20;37,51;31,15
25.04.2021;15:00;310,50;37,55;31,18
25.04.2021;16:00;310,56;37,56;31,19
25.04.2021;17:00;314,01;37,97;31,53
25.04.2021;18:00;332,70;40,23;33,41
25.04.2021;19:00;395,00;47,77;39,67
25.04.2021;20:00;384,90;46,55;38,65
25.04.2021;21:00;336,89;40,74;33,83
25.04.2021;22:00;330,10;39,92;33,15
25.04.2021;23:00;321,16;38,84;32,25
26.04.2021;00:00;308,99;37,37;31,03
26.04.2021;01:00;314,87;38,08;31,62
26.04.2021;02:00;314,68;38,05;31,60
26.04.2021;03:00;315,35;38,13;31,67
26.04.2021;04:00;313,34;37,89;31,47
26.04.2021;05:00;263,01;31,81;26,41
26.04.2021;06:00;50,01;6,05;5,02
26.04.2021;07:00;225,00;27,21;22,60
26.04.2021;08:00;324,88;39,29;32,63
26.04.2021;09:00;330,73;39,99;33,21
26.04.2021;10:00;337,69;40,84;33,91
26.04.2021;11:00;338,93;40,99;34,04
26.04.2021;12:00;329,42;39,84;33,08
26.04.2021;13:00;334,75;40,48;33,62
26.04.2021;14:00;336,65;40,71;33,81
26.04.2021;15:00;336,29;40,67;33,77
26.04.2021;16:00;335,23;40,54;33,67
26.04.2021;17:00;336,73;40,72;33,82
26.04.2021;18:00;349,99;42,32;35,15
26.04.2021;19:00;379,67;45,91;38,13
26.04.2021;20:00;370,00;44,74;37,16
26.04.2021;21:00;369,99;44,74;37,16
26.04.2021;22:00;339,46;41,05;34,09
26.04.2021;23:00;332,05;40,15;33,35
27.04.2021;00:00;325,94;39,42;32,73
27.04.2021;01:00;331,03;40,03;33,24
27.04.2021;02:00;331,13;40,04;33,25
27.04.2021;03:00;331,20;40,05;33,26
27.04.2021;04:00;328,71;39,75;33,01
27.04.2021;05:00;325,01;39,30;32,64
27.04.2021;06:00;320,28;38,73;32,16
27.04.2021;07:00;322,23;38,97;32,36
27.04.2021;08:00;331,68;40,11;33,31
27.04.2021;09:00;334,99;40,51;33,64
27.04.2021;10:00;337,50;40,81;33,89
27.04.2021;11:00;338,72;40,96;34,02
27.04.2021;12:00;328,49;39,72;32,99
27.04.2021;13:00;331,62;40,10;33,30
27.04.2021;14:00;339,64;41,07;34,11
27.04.2021;15:00;339,30;41,03;34,07
27.04.2021;16:00;338,40;40,92;33,98
27.04.2021;17:00;449,99;54,42;45,19
27.04.2021;18:00;550,00;66,51;55,23
27.04.2021;19:00;567,00;68,57;56,94
27.04.2021;20:00;567,00;68,57;56,94
27.04.2021;21:00;565,98;68,44;56,84
27.04.2021;22:00;499,04;60,35;50,12
27.04.2021;23:00;338,42;40,92;33,99
28.04.2021;00:00;338,23;40,61;33,58
28.04.2021;01:00;332,87;39,96;33,04
28.04.2021;02:00;331,43;39,79;32,90
28.04.2021;03:00;330,73;39,71;32,83
28.04.2021;04:00;327,77;39,35;32,54
28.04.2021;05:00;322,10;38,67;31,97
28.04.2021;06:00;315,36;37,86;31,31
28.04.2021;07:00;317,66;38,14;31,53
28.04.2021;08:00;328,50;39,44;32,61
28.04.2021;09:00;335,75;40,31;33,33
28.04.2021;10:00;350,01;42,02;34,75
28.04.2021;11:00;350,00;42,02;34,74
28.04.2021;12:00;332,07;39,87;32,96
28.04.2021;13:00;333,33;40,02;33,09
28.04.2021;14:00;338,23;40,61;33,58
28.04.2021;15:00;338,57;40,65;33,61
28.04.2021;16:00;337,33;40,50;33,49
28.04.2021;17:00;339,71;40,78;33,72
28.04.2021;18:00;359,99;43,22;35,74
28.04.2021;19:00;400,00;48,02;39,71
28.04.2021;20:00;359,99;43,22;35,74
28.04.2021;21:00;350,01;42,02;34,75
28.04.2021;22:00;336,19;40,36;33,37
28.04.2021;23:00;328,28;39,41;32,59
29.04.2021;00:00;371,75;45,16;37,41
29.04.2021;01:00;371,17;45,09;37,35
29.04.2021;02:00;369,52;44,89;37,19
29.04.2021;03:00;369,44;44,88;37,18
29.04.2021;04:00;367,29;44,62;36,96
29.04.2021;05:00;361,88;43,97;36,42
29.04.2021;06:00;355,71;43,22;35,80
29.04.2021;07:00;359,45;43,67;36,17
29.04.2021;08:00;372,05;45,20;37,44
29.04.2021;09:00;400,01;48,60;40,25
29.04.2021;10:00;475,00;57,71;47,80
29.04.2021;11:00;390,00;47,38;39,25
29.04.2021;12:00;368,38;44,76;37,07
29.04.2021;13:00;370,00;44,95;37,23
29.04.2021;14:00;378,54;45,99;38,09
29.04.2021;15:00;379,83;46,15;38,22
29.04.2021;16:00;440,00;53,46;44,28
29.04.2021;17:00;525,00;63,78;52,83
29.04.2021;18:00;567,00;68,89;57,06
29.04.2021;19:00;567,00;68,89;57,06
29.04.2021;20:00;567,00;68,89;57,06
29.04.2021;21:00;567,00;68,89;57,06
29.04.2021;22:00;530,01;64,39;53,34
29.04.2021;23:00;409,99;49,81;41,26
30.04.2021;00:00;356,72;43,58;36,11
30.04.2021;01:00;356,72;43,58;36,11
30.04.2021;02:00;356,34;43,53;36,07
30.04.2021;03:00;356,11;43,50;36,04
30.04.2021;04:00;355,12;43,38;35,94
30.04.2021;05:00;353,51;43,18;35,78
30.04.2021;06:00;351,61;42,95;35,59
30.04.2021;07:00;352,03;43,00;35,63
30.04.2021;08:00;355,95;43,48;36,03
30.04.2021;09:00;355,76;43,46;36,01
30.04.2021;10:00;356,20;43,51;36,05
30.04.2021;11:00;357,21;43,64;36,16
30.04.2021;12:00;353,03;43,13;35,73
30.04.2021;13:00;352,43;43,05;35,67
30.04.2021;14:00;358,23;43,76;36,26
30.04.2021;15:00;358,76;43,83;36,31
30.04.2021;16:00;355,01;43,37;35,93
30.04.2021;17:00;356,01;43,49;36,03
30.04.2021;18:00;359,62;43,93;36,40
30.04.2021;19:00;376,71;46,02;38,13
30.04.2021;20:00;372,17;45,46;37,67
30.04.2021;21:00;369,02;45,08;37,35
30.04.2021;22:00;358,42;43,78;36,28
30.04.2021;23:00;355,04;43,37;35,94
01.05.2021;00:00;362,21;44,31;36,55
01.05.2021;01:00;363,93;44,52;36,73
01.05.2021;02:00;361,54;44,22;36,49
01.05.2021;03:00;360,22;44,06;36,35
01.05.2021;04:00;356,20;43,57;35,95
01.05.2021;05:00;349,00;42,69;35,22
01.05.2021;06:00;200,01;24,47;20,18
01.05.2021;07:00;250,01;30,58;25,23
01.05.2021;08:00;330,00;40,37;33,30
01.05.2021;09:00;205,00;25,08;20,69
01.05.2021;10:00;250,00;30,58;25,23
01.05.2021;11:00;284,99;34,86;28,76
01.05.2021;12:00;225,01;27,52;22,71
01.05.2021;13:00;285,00;34,86;28,76
01.05.2021;14:00;329,99;40,36;33,30
01.05.2021;15:00;350,51;42,87;35,37
01.05.2021;16:00;351,50;43,00;35,47
01.05.2021;17:00;358,49;43,85;36,18
01.05.2021;18:00;369,92;45,25;37,33
01.05.2021;19:00;376,37;46,04;37,98
01.05.2021;20:00;374,79;45,84;37,82
01.05.2021;21:00;372,36;45,55;37,58
01.05.2021;22:00;366,72;44,86;37,01
01.05.2021;23:00;363,78;44,50;36,71
02.05.2021;00:00;375,30;45,60;37,70
02.05.2021;01:00;371,60;45,15;37,33
02.05.2021;02:00;370,47;45,01;37,22
02.05.2021;03:00;370,00;44,95;37,17
02.05.2021;04:00;363,22;44,13;36,49
02.05.2021;05:00;357,29;43,41;35,89
02.05.2021;06:00;352,85;42,87;35,45
02.05.2021;07:00;352,52;42,83;35,41
02.05.2021;08:00;290,00;35,23;29,13
02.05.2021;09:00;114,58;13,92;11,51
02.05.2021;10:00;187,99;22,84;18,88
02.05.2021;11:00;209,99;25,51;21,09
02.05.2021;12:00;188,00;22,84;18,89
02.05.2021;13:00;310,00;37,66;31,14
02.05.2021;14:00;350,00;42,52;35,16
02.05.2021;15:00;284,87;34,61;28,62
02.05.2021;16:00;351,31;42,68;35,29
02.05.2021;17:00;359,99;43,74;36,16
02.05.2021;18:00;375,00;45,56;37,67
02.05.2021;19:00;450,00;54,67;45,21
02.05.2021;20:00;450,00;54,67;45,21
02.05.2021;21:00;470,01;57,10;47,22
02.05.2021;22:00;379,18;46,07;38,09
02.05.2021;23:00;373,58;45,39;37,53
03.05.2021;00:00;356,52;43,31;35,81
03.05.2021;01:00;357,51;43,43;35,91
03.05.2021;02:00;354,56;43,08;35,62
03.05.2021;03:00;352,80;42,86;35,44
03.05.2021;04:00;349,99;42,52;35,16
03.05.2021;05:00;337,34;40,98;33,89
03.05.2021;06:00;281,41;34,19;28,27
03.05.2021;07:00;338,61;41,14;34,02
03.05.2021;08:00;356,24;43,28;35,79
03.05.2021;09:00;365,55;44,41;36,72
03.05.2021;10:00;365,04;44,35;36,67
03.05.2021;11:00;365,04;44,35;36,67
03.05.2021;12:00;355,77;43,22;35,74
03.05.2021;13:00;362,13;44,00;36,38
03.05.2021;14:00;369,99;44,95;37,17
03.05.2021;15:00;369,99;44,95;37,17
03.05.2021;16:00;361,04;43,86;36,27
03.05.2021;17:00;369,11;44,84;37,08
03.05.2021;18:00;379,42;46,10;38,12
03.05.2021;19:00;500,00;60,75;50,23
03.05.2021;20:00;499,03;60,63;50,13
03.05.2021;21:00;490,00;59,53;49,22
03.05.2021;22:00;378,57;45,99;38,03
03.05.2021;23:00;365,52;44,41;36,72
04.05.2021;00:00;360,96;43,85;36,26
04.05.2021;01:00;356,31;43,29;35,79
04.05.2021;02:00;350,41;42,57;35,20
04.05.2021;03:00;349,99;42,52;35,16
04.05.2021;04:00;344,83;41,89;34,64
04.05.2021;05:00;333,38;40,50;33,49
04.05.2021;06:00;270,89;32,91;27,21
04.05.2021;07:00;292,99;35,60;29,43
04.05.2021;08:00;339,51;41,25;34,11
04.05.2021;09:00;346,70;42,12;34,83
04.05.2021;10:00;355,45;43,18;35,71
04.05.2021;11:00;364,78;44,32;36,64
04.05.2021;12:00;353,21;42,91;35,48
04.05.2021;13:00;358,79;43,59;36,04
04.05.2021;14:00;367,61;44,66;36,93
04.05.2021;15:00;364,16;44,24;36,58
04.05.2021;16:00;354,01;43,01;35,56
04.05.2021;17:00;355,71;43,22;35,73
04.05.2021;18:00;363,68;44,18;36,53
04.05.2021;19:00;370,75;45,04;37,24
04.05.2021;20:00;368,64;44,79;37,03
04.05.2021;21:00;370,37;45,00;37,21
04.05.2021;22:00;366,17;44,49;36,78
04.05.2021;23:00;360,91;43,85;36,26
05.05.2021;00:00;359,95;43,41;36,04
05.05.2021;01:00;363,01;43,78;36,34
05.05.2021;02:00;361,59;43,61;36,20
05.05.2021;03:00;360,16;43,43;36,06
05.05.2021;04:00;356,65;43,01;35,71
05.05.2021;05:00;344,11;41,50;34,45
05.05.2021;06:00;284,77;34,34;28,51
05.05.2021;07:00;308,58;37,21;30,89
05.05.2021;08:00;356,35;42,98;35,68
05.05.2021;09:00;362,68;43,74;36,31
05.05.2021;10:00;366,62;44,21;36,70
05.05.2021;11:00;364,99;44,02;36,54
05.05.2021;12:00;357,82;43,15;35,82
05.05.2021;13:00;366,59;44,21;36,70
05.05.2021;14:00;378,87;45,69;37,93
05.05.2021;15:00;389,00;46,91;38,94
05.05.2021;16:00;388,99;46,91;38,94
05.05.2021;17:00;400,00;48,24;40,05
05.05.2021;18:00;489,99;59,09;49,06
05.05.2021;19:00;529,00;63,80;52,96
05.05.2021;20:00;500,00;60,30;50,06
05.05.2021;21:00;499,58;60,25;50,02
05.05.2021;22:00;439,99;53,06;44,05
05.05.2021;23:00;373,30;45,02;37,37
06.05.2021;00:00;372,47;44,83;37,31
06.05.2021;01:00;367,72;44,26;36,83
06.05.2021;02:00;364,90;43,92;36,55
06.05.2021;03:00;361,90;43,55;36,25
06.05.2021;04:00;359,39;43,25;36,00
06.05.2021;05:00;348,39;41,93;34,90
06.05.2021;06:00;341,67;41,12;34,22
06.05.2021;07:00;345,52;41,58;34,61
06.05.2021;08:00;365,41;43,98;36,60
06.05.2021;09:00;376,42;45,30;37,70
06.05.2021;10:00;390,00;46,94;39,06
06.05.2021;11:00;399,99;48,14;40,06
06.05.2021;12:00;376,21;45,28;37,68
06.05.2021;13:00;400,00;48,14;40,07
06.05.2021;14:00;490,00;58,97;49,08
06.05.2021;15:00;489,99;58,97;49,08
06.05.2021;16:00;436,54;52,54;43,73
06.05.2021;17:00;429,99;51,75;43,07
06.05.2021;18:00;429,99;51,75;43,07
06.05.2021;19:00;490,00;58,97;49,08
06.05.2021;20:00;430,00;51,75;43,07
06.05.2021;21:00;439,99;52,95;44,07
06.05.2021;22:00;379,76;45,70;38,04
06.05.2021;23:00;367,92;44,28;36,85
07.05.2021;00:00;366,80;43,98;36,64
07.05.2021;01:00;365,16;43,78;36,48
07.05.2021;02:00;362,86;43,51;36,25
07.05.2021;03:00;359,89;43,15;35,95
07.05.2021;04:00;355,65;42,64;35,53
07.05.2021;05:00;344,71;41,33;34,43
07.05.2021;06:00;304,01;36,45;30,37
07.05.2021;07:00;341,70;40,97;34,13
07.05.2021;08:00;357,09;42,82;35,67
07.05.2021;09:00;359,74;43,13;35,93
07.05.2021;10:00;366,46;43,94;36,61
07.05.2021;11:00;373,21;44,75;37,28
07.05.2021;12:00;363,59;43,60;36,32
07.05.2021;13:00;362,59;43,48;36,22
07.05.2021;14:00;377,50;45,26;37,71
07.05.2021;15:00;394,99;47,36;39,46
07.05.2021;16:00;375,00;44,96;37,46
07.05.2021;17:00;395,00;47,36;39,46
07.05.2021;18:00;449,99;53,96;44,95
07.05.2021;19:00;505,00;60,55;50,45
07.05.2021;20:00;449,99;53,96;44,95
07.05.2021;21:00;449,99;53,96;44,95
07.05.2021;22:00;378,36;45,37;37,79
07.05.2021;23:00;365,98;43,88;36,56
08.05.2021;00:00;366,93;44,18;36,70
08.05.2021;01:00;367,79;44,28;36,79
08.05.2021;02:00;364,99;43,94;36,51
08.05.2021;03:00;362,54;43,65;36,26
08.05.2021;04:00;361,64;43,54;36,17
08.05.2021;05:00;349,57;42,09;34,96
08.05.2021;06:00;328,00;39,49;32,81
08.05.2021;07:00;340,90;41,04;34,10
08.05.2021;08:00;349,99;42,14;35,01
08.05.2021;09:00;349,99;42,14;35,01
08.05.2021;10:00;354,61;42,69;35,47
08.05.2021;11:00;360,58;43,41;36,07
08.05.2021;12:00;361,97;43,58;36,20
08.05.2021;13:00;365,00;43,94;36,51
08.05.2021;14:00;365,25;43,97;36,53
08.05.2021;15:00;363,23;43,73;36,33
08.05.2021;16:00;357,68;43,06;35,78
08.05.2021;17:00;358,75;43,19;35,88
08.05.2021;18:00;366,94;44,18;36,70
08.05.2021;19:00;374,70;45,11;37,48
08.05.2021;20:00;370,12;44,56;37,02
08.05.2021;21:00;367,03;44,19;36,71
08.05.2021;22:00;359,99;43,34;36,01
08.05.2021;23:00;350,00;42,14;35,01
09.05.2021;00:00;375,67;45,41;37,61
09.05.2021;01:00;363,61;43,95;36,41
09.05.2021;02:00;358,07;43,28;35,85
09.05.2021;03:00;353,72;42,76;35,41
09.05.2021;04:00;348,65;42,14;34,91
09.05.2021;05:00;340,54;41,16;34,10
09.05.2021;06:00;300,01;36,26;30,04
09.05.2021;07:00;299,99;36,26;30,04
09.05.2021;08:00;124,99;15,11;12,51
09.05.2021;09:00;150,00;18,13;15,02
09.05.2021;10:00;125,00;15,11;12,52
09.05.2021;11:00;200,01;24,18;20,03
09.05.2021;12:00;180,00;21,76;18,02
09.05.2021;13:00;229,37;27,73;22,96
09.05.2021;14:00;229,37;27,73;22,96
09.05.2021;15:00;120,01;14,51;12,02
09.05.2021;16:00;180,02;21,76;18,02
09.05.2021;17:00;300,00;36,26;30,04
09.05.2021;18:00;351,97;42,54;35,24
09.05.2021;19:00;370,23;44,75;37,07
09.05.2021;20:00;371,60;44,92;37,21
09.05.2021;21:00;372,70;45,05;37,32
09.05.2021;22:00;368,40;44,53;36,88
09.05.2021;23:00;363,77;43,97;36,42
10.05.2021;00:00;334,38;40,42;33,48
10.05.2021;01:00;350,58;42,38;35,10
10.05.2021;02:00;348,61;42,14;34,90
10.05.2021;03:00;344,91;41,69;34,53
10.05.2021;04:00;342,49;41,40;34,29
10.05.2021;05:00;340,59;41,17;34,10
10.05.2021;06:00;149,01;18,01;14,92
10.05.2021;07:00;156,18;18,88;15,64
10.05.2021;08:00;345,73;41,79;34,61
10.05.2021;09:00;325,00;39,28;32,54
10.05.2021;10:00;300,00;36,26;30,04
10.05.2021;11:00;350,00;42,31;35,04
10.05.2021;12:00;341,20;41,24;34,16
10.05.2021;13:00;350,00;42,31;35,04
10.05.2021;14:00;364,12;44,01;36,46
10.05.2021;15:00;365,99;44,24;36,64
10.05.2021;16:00;363,23;43,91;36,37
10.05.2021;17:00;374,34;45,25;37,48
10.05.2021;18:00;389,99;47,14;39,05
10.05.2021;19:00;499,99;60,44;50,06
10.05.2021;20:00;390,00;47,14;39,05
10.05.2021;21:00;440,00;53,19;44,05
10.05.2021;22:00;389,99;47,14;39,05
10.05.2021;23:00;371,31;44,88;37,18
11.05.2021;00:00;352,10;42,56;35,25
11.05.2021;01:00;357,20;43,18;35,76
11.05.2021;02:00;355,59;42,98;35,60
11.05.2021;03:00;354,30;42,83;35,47
11.05.2021;04:00;347,83;42,04;34,83
11.05.2021;05:00;342,05;41,35;34,25
11.05.2021;06:00;279,99;33,84;28,03
11.05.2021;07:00;288,91;34,92;28,93
11.05.2021;08:00;350,01;42,31;35,04
11.05.2021;09:00;340,18;41,12;34,06
11.05.2021;10:00;300,01;36,26;30,04
11.05.2021;11:00;340,33;41,14;34,07
11.05.2021;12:00;270,99;32,76;27,13
11.05.2021;13:00;288,70;34,90;28,90
11.05.2021;14:00;341,62;41,29;34,20
11.05.2021;15:00;342,54;41,40;34,30
11.05.2021;16:00;343,31;41,50;34,37
11.05.2021;17:00;350,63;42,38;35,11
11.05.2021;18:00;360,00;43,52;36,04
11.05.2021;19:00;370,35;44,77;37,08
11.05.2021;20:00;367,19;44,38;36,76
11.05.2021;21:00;374,05;45,21;37,45
11.05.2021;22:00;369,21;44,63;36,97
11.05.2021;23:00;364,21;44,02;36,47
12.05.2021;00:00;361,71;43,87;36,07
12.05.2021;01:00;365,83;44,37;36,48
12.05.2021;02:00;364,35;44,19;36,33
12.05.2021;03:00;364,48;44,20;36,34
12.05.2021;04:00;355,39;43,10;35,44
12.05.2021;05:00;351,36;42,61;35,04
12.05.2021;06:00;345,14;41,86;34,42
12.05.2021;07:00;297,26;36,05;29,64
12.05.2021;08:00;300,00;36,38;29,92
12.05.2021;09:00;250,01;30,32;24,93
12.05.2021;10:00;271,00;32,87;27,02
12.05.2021;11:00;341,03;41,36;34,01
12.05.2021;12:00;299,99;36,38;29,91
12.05.2021;13:00;300,01;36,38;29,92
12.05.2021;14:00;343,04;41,60;34,21
12.05.2021;15:00;342,54;41,54;34,16
12.05.2021;16:00;346,72;42,05;34,57
12.05.2021;17:00;356,10;43,19;35,51
12.05.2021;18:00;375,46;45,53;37,44
12.05.2021;19:00;450,00;54,57;44,87
12.05.2021;20:00;450,00;54,57;44,87
12.05.2021;21:00;449,99;54,57;44,87
12.05.2021;22:00;375,01;45,48;37,39
12.05.2021;23:00;362,17;43,92;36,11
13.05.2021;00:00;364,05;43,93;36,14
13.05.2021;01:00;363,77;43,90;36,11
13.05.2021;02:00;356,77;43,05;35,42
13.05.2021;03:00;348,84;42,10;34,63
13.05.2021;04:00;345,89;41,74;34,34
13.05.2021;05:00;342,04;41,28;33,96
13.05.2021;06:00;272,12;32,84;27,02
13.05.2021;07:00;285,00;34,39;28,29
13.05.2021;08:00;300,01;36,20;29,78
13.05.2021;09:00;200,01;24,14;19,86
13.05.2021;10:00;178,61;21,55;17,73
13.05.2021;11:00;180,00;21,72;17,87
13.05.2021;12:00;173,78;20,97;17,25
13.05.2021;13:00;180,00;21,72;17,87
13.05.2021;14:00;198,32;23,93;19,69
13.05.2021;15:00;180,00;21,72;17,87
13.05.2021;16:00;342,43;41,32;34,00
13.05.2021;17:00;346,45;41,81;34,39
13.05.2021;18:00;353,05;42,60;35,05
13.05.2021;19:00;362,11;43,70;35,95
13.05.2021;20:00;373,77;45,10;37,11
13.05.2021;21:00;372,78;44,99;37,01
13.05.2021;22:00;363,72;43,89;36,11
13.05.2021;23:00;355,66;42,92;35,31
14.05.2021;00:00;365,90;44,16;36,33
14.05.2021;01:00;356,41;43,01;35,38
14.05.2021;02:00;351,73;42,45;34,92
14.05.2021;03:00;346,69;41,84;34,42
14.05.2021;04:00;342,15;41,29;33,97
14.05.2021;05:00;341,71;41,24;33,92
14.05.2021;06:00;299,49;36,14;29,73
14.05.2021;07:00;199,99;24,13;19,85
14.05.2021;08:00;150,01;18,10;14,89
14.05.2021;09:00;179,99;21,72;17,87
14.05.2021;10:00;161,75;19,52;16,06
14.05.2021;11:00;179,99;21,72;17,87
14.05.2021;12:00;164,64;19,87;16,35
14.05.2021;13:00;200,00;24,14;19,86
14.05.2021;14:00;299,21;36,11;29,71
14.05.2021;15:00;299,77;36,17;29,76
14.05.2021;16:00;342,88;41,38;34,04
14.05.2021;17:00;351,40;42,41;34,89
14.05.2021;18:00;372,46;44,95;36,98
14.05.2021;19:00;449,99;54,30;44,67
14.05.2021;20:00;578,00;69,75;57,38
14.05.2021;21:00;578,00;69,75;57,38
14.05.2021;22:00;499,36;60,26;49,58
14.05.2021;23:00;398,99;48,15;39,61
15.05.2021;00:00;365,92;44,16;36,33
15.05.2021;01:00;358,97;43,32;35,64
15.05.2021;02:00;353,13;42,61;35,06
15.05.2021;03:00;349,58;42,19;34,71
15.05.2021;04:00;345,36;41,68;34,29
15.05.2021;05:00;343,57;41,46;34,11
15.05.2021;06:00;311,81;37,63;30,96
15.05.2021;07:00;250,00;30,17;24,82
15.05.2021;08:00;199,99;24,13;19,85
15.05.2021;09:00;235,63;28,43;23,39
15.05.2021;10:00;235,64;28,44;23,39
15.05.2021;11:00;299,98;36,20;29,78
15.05.2021;12:00;300,00;36,20;29,78
15.05.2021;13:00;275,00;33,19;27,30
15.05.2021;14:00;238,20;28,74;23,65
15.05.2021;15:00;164,52;19,85;16,33
15.05.2021;16:00;239,57;28,91;23,78
15.05.2021;17:00;349,99;42,24;34,75
15.05.2021;18:00;364,87;44,03;36,22
15.05.2021;19:00;377,40;45,54;37,47
15.05.2021;20:00;500,00;60,34;49,64
15.05.2021;21:00;499,64;60,29;49,60
15.05.2021;22:00;449,99;54,30;44,67
15.05.2021;23:00;378,25;45,65;37,55
16.05.2021;00:00;368,30;44,44;36,56
16.05.2021;01:00;366,19;44,19;36,35
16.05.2021;02:00;360,96;43,56;35,84
16.05.2021;03:00;352,97;42,59;35,04
16.05.2021;04:00;352,02;42,48;34,95
16.05.2021;05:00;346,36;41,80;34,39
16.05.2021;06:00;342,54;41,34;34,01
16.05.2021;07:00;298,48;36,02;29,63
16.05.2021;08:00;341,17;41,17;33,87
16.05.2021;09:00;179,99;21,72;17,87
16.05.2021;10:00;199,99;24,13;19,85
16.05.2021;11:00;298,95;36,08;29,68
16.05.2021;12:00;299,27;36,11;29,71
16.05.2021;13:00;340,62;41,10;33,82
16.05.2021;14:00;319,68;38,58;31,74
16.05.2021;15:00;325,01;39,22;32,27
16.05.2021;16:00;342,49;41,33;34,00
16.05.2021;17:00;350,80;42,33;34,83
16.05.2021;18:00;369,13;44,54;36,65
16.05.2021;19:00;399,00;48,15;39,61
16.05.2021;20:00;553,57;66,80;54,96
16.05.2021;21:00;556,56;67,16;55,25
16.05.2021;22:00;489,99;59,13;48,65
16.05.2021;23:00;400,01;48,27;39,71
17.05.2021;00:00;362,13;43,70;35,95
17.05.2021;01:00;363,05;43,81;36,04
17.05.2021;02:00;357,66;43,16;35,51
17.05.2021;03:00;352,91;42,59;35,04
17.05.2021;04:00;347,53;41,94;34,50
17.05.2021;05:00;344,60;41,58;34,21
17.05.2021;06:00;341,45;41,20;33,90
17.05.2021;07:00;348,69;42,08;34,62
17.05.2021;08:00;369,03;44,53;36,64
17.05.2021;09:00;399,00;48,15;39,61
17.05.2021;10:00;425,00;51,29;42,19
17.05.2021;11:00;500,00;60,34;49,64
17.05.2021;12:00;379,05;45,74;37,63
17.05.2021;13:00;398,99;48,15;39,61
17.05.2021;14:00;415,00;50,08;41,20
17.05.2021;15:00;399,99;48,27;39,71
17.05.2021;16:00;375,29;45,29;37,26
17.05.2021;17:00;374,87;45,24;37,22
17.05.2021;18:00;376,18;45,40;37,35
17.05.2021;19:00;379,67;45,82;37,69
17.05.2021;20:00;420,00;50,68;41,70
17.05.2021;21:00;399,00;48,15;39,61
17.05.2021;22:00;369,99;44,65;36,73
17.05.2021;23:00;358,36;43,25;35,58
18.05.2021;00:00;356,83;43,06;35,43
18.05.2021;01:00;358,68;43,28;35,61
18.05.2021;02:00;352,16;42,50;34,96
18.05.2021;03:00;344,05;41,52;34,16
18.05.2021;04:00;342,92;41,38;34,04
18.05.2021;05:00;340,21;41,05;33,78
18.05.2021;06:00;300,00;36,20;29,78
18.05.2021;07:00;343,68;41,47;34,12
18.05.2021;08:00;365,47;44,10;36,28
18.05.2021;09:00;377,31;45,53;37,46
18.05.2021;10:00;389,99;47,06;38,72
18.05.2021;11:00;424,99;51,29;42,19
18.05.2021;12:00;371,75;44,86;36,91
18.05.2021;13:00;369,63;44,61;36,70
18.05.2021;14:00;373,92;45,12;37,12
18.05.2021;15:00;375,00;45,25;37,23
18.05.2021;16:00;385,00;46,46;38,22
18.05.2021;17:00;500,00;60,34;49,64
18.05.2021;18:00;570,00;68,78;56,59
18.05.2021;19:00;578,00;69,75;57,38
18.05.2021;20:00;578,00;69,75;57,38
18.05.2021;21:00;578,00;69,75;57,38
18.05.2021;22:00;565,07;68,19;56,10
18.05.2021;23:00;425,00;51,29;42,19
19.05.2021;00:00;369,08;44,22;36,40
19.05.2021;01:00;365,71;43,81;36,07
19.05.2021;02:00;360,11;43,14;35,51
19.05.2021;03:00;354,07;42,42;34,92
19.05.2021;04:00;348,00;41,69;34,32
19.05.2021;05:00;343,85;41,19;33,91
19.05.2021;06:00;325,00;38,94;32,05
19.05.2021;07:00;347,55;41,64;34,27
19.05.2021;08:00;356,10;42,66;35,12
19.05.2021;09:00;360,23;43,16;35,52
19.05.2021;10:00;365,98;43,85;36,09
19.05.2021;11:00;366,32;43,89;36,13
19.05.2021;12:00;359,03;43,01;35,41
19.05.2021;13:00;362,07;43,38;35,71
19.05.2021;14:00;369,13;44,22;36,40
19.05.2021;15:00;370,90;44,44;36,58
19.05.2021;16:00;367,31;44,01;36,22
19.05.2021;17:00;375,25;44,96;37,01
19.05.2021;18:00;400,01;47,92;39,45
19.05.2021;19:00;449,99;53,91;44,38
19.05.2021;20:00;550,00;65,89;54,24
19.05.2021;21:00;500,00;59,90;49,31
19.05.2021;22:00;425,00;50,92;41,91
19.05.2021;23:00;375,12;44,94;36,99
20.05.2021;00:00;371,66;44,63;36,56
20.05.2021;01:00;365,22;43,85;35,92
20.05.2021;02:00;357,07;42,88;35,12
20.05.2021;03:00;350,58;42,10;34,48
20.05.2021;04:00;344,97;41,42;33,93
20.05.2021;05:00;340,15;40,84;33,46
20.05.2021;06:00;270,89;32,53;26,64
20.05.2021;07:00;345,07;41,43;33,94
20.05.2021;08:00;370,57;44,50;36,45
20.05.2021;09:00;398,99;47,91;39,24
20.05.2021;10:00;379,56;45,58;37,33
20.05.2021;11:00;377,00;45,27;37,08
20.05.2021;12:00;360,25;43,26;35,43
20.05.2021;13:00;365,22;43,85;35,92
20.05.2021;14:00;375,48;45,09;36,93
20.05.2021;15:00;377,04;45,27;37,09
20.05.2021;16:00;377,72;45,35;37,15
20.05.2021;17:00;399,99;48,03;39,34
20.05.2021;18:00;450,00;54,03;44,26
20.05.2021;19:00;549,01;65,92;54,00
20.05.2021;20:00;565,82;67,94;55,65
20.05.2021;21:00;549,97;66,04;54,10
20.05.2021;22:00;549,00;65,92;54,00
20.05.2021;23:00;414,99;49,83;40,82
21.05.2021;00:00;377,81;45,37;37,16
21.05.2021;01:00;369,99;44,43;36,39
21.05.2021;02:00;361,71;43,43;35,58
21.05.2021;03:00;355,08;42,64;34,93
21.05.2021;04:00;349,14;41,92;34,34
21.05.2021;05:00;343,86;41,29;33,82
21.05.2021;06:00;298,53;35,85;29,36
21.05.2021;07:00;344,29;41,34;33,86
21.05.2021;08:00;364,47;43,76;35,85
21.05.2021;09:00;370,00;44,43;36,39
21.05.2021;10:00;370,46;44,48;36,44
21.05.2021;11:00;369,99;44,43;36,39
21.05.2021;12:00;352,41;42,32;34,66
21.05.2021;13:00;349,23;41,93;34,35
21.05.2021;14:00;365,72;43,91;35,97
21.05.2021;15:00;368,12;44,20;36,21
21.05.2021;16:00;368,83;44,29;36,28
21.05.2021;17:00;369,55;44,37;36,35
21.05.2021;18:00;369,99;44,43;36,39
21.05.2021;19:00;375,77;45,12;36,96
21.05.2021;20:00;378,13;45,40;37,19
21.05.2021;21:00;376,78;45,24;37,06
21.05.2021;22:00;376,86;45,25;37,07
21.05.2021;23:00;368,65;44,27;36,26
22.05.2021;00:00;376,06;44,94;36,85
22.05.2021;01:00;370,34;44,25;36,29
22.05.2021;02:00;363,17;43,40;35,59
22.05.2021;03:00;359,27;42,93;35,21
22.05.2021;04:00;354,37;42,34;34,73
22.05.2021;05:00;350,34;41,86;34,33
22.05.2021;06:00;345,58;41,29;33,87
22.05.2021;07:00;346,74;41,43;33,98
22.05.2021;08:00;357,97;42,77;35,08
22.05.2021;09:00;358,59;42,85;35,14
22.05.2021;10:00;361,16;43,16;35,39
22.05.2021;11:00;367,26;43,88;35,99
22.05.2021;12:00;358,74;42,87;35,16
22.05.2021;13:00;362,66;43,33;35,54
22.05.2021;14:00;364,71;43,58;35,74
22.05.2021;15:00;360,00;43,02;35,28
22.05.2021;16:00;359,31;42,93;35,21
22.05.2021;17:00;361,18;43,16;35,39
22.05.2021;18:00;370,09;44,22;36,27
22.05.2021;19:00;377,57;45,12;37,00
22.05.2021;20:00;424,99;50,78;41,65
22.05.2021;21:00;399,99;47,79;39,20
22.05.2021;22:00;389,99;46,60;38,22
22.05.2021;23:00;369,42;44,14;36,20
23.05.2021;00:00;360,02;43,09;35,27
23.05.2021;01:00;359,99;43,08;35,27
23.05.2021;02:00;353,48;42,31;34,63
23.05.2021;03:00;349,24;41,80;34,22
23.05.2021;04:00;348,00;41,65;34,09
23.05.2021;05:00;343,88;41,16;33,69
23.05.2021;06:00;324,99;38,90;31,84
23.05.2021;07:00;225,00;26,93;22,04
23.05.2021;08:00;300,01;35,91;29,39
23.05.2021;09:00;299,99;35,90;29,39
23.05.2021;10:00;330,00;39,50;32,33
23.05.2021;11:00;330,00;39,50;32,33
23.05.2021;12:00;310,00;37,10;30,37
23.05.2021;13:00;330,00;39,50;32,33
23.05.2021;14:00;330,01;39,50;32,33
23.05.2021;15:00;330,00;39,50;32,33
23.05.2021;16:00;330,01;39,50;32,33
23.05.2021;17:00;344,01;41,17;33,70
23.05.2021;18:00;354,10;42,38;34,69
23.05.2021;19:00;362,22;43,35;35,49
23.05.2021;20:00;370,33;44,32;36,28
23.05.2021;21:00;367,98;44,04;36,05
23.05.2021;22:00;364,46;43,62;35,71
23.05.2021;23:00;357,53;42,79;35,03
24.05.2021;00:00;351,81;42,11;34,47
24.05.2021;01:00;356,52;42,67;34,93
24.05.2021;02:00;351,95;42,12;34,48
24.05.2021;03:00;346,90;41,52;33,99
24.05.2021;04:00;343,36;41,09;33,64
24.05.2021;05:00;325,00;38,90;31,84
24.05.2021;06:00;324,62;38,85;31,80
24.05.2021;07:00;347,24;41,56;34,02
24.05.2021;08:00;370,92;44,39;36,34
24.05.2021;09:00;379,99;45,48;37,23
24.05.2021;10:00;415,00;49,67;40,66
24.05.2021;11:00;470,00;56,25;46,05
24.05.2021;12:00;375,02;44,88;36,74
24.05.2021;13:00;379,99;45,48;37,23
24.05.2021;14:00;422,61;50,58;41,40
24.05.2021;15:00;399,00;47,75;39,09
24.05.2021;16:00;399,57;47,82;39,15
24.05.2021;17:00;378,67;45,32;37,10
24.05.2021;18:00;374,95;44,88;36,73
24.05.2021;19:00;373,24;44,67;36,57
24.05.2021;20:00;376,76;45,09;36,91
24.05.2021;21:00;371,27;44,43;36,37
24.05.2021;22:00;366,90;43,91;35,95
24.05.2021;23:00;357,70;42,81;35,04
25.05.2021;00:00;340,48;40,75;33,36
25.05.2021;01:00;349,15;41,79;34,21
25.05.2021;02:00;344,20;41,19;33,72
25.05.2021;03:00;325,70;38,98;31,91
25.05.2021;04:00;340,34;40,73;33,34
25.05.2021;05:00;319,09;38,19;31,26
25.05.2021;06:00;303,51;36,33;29,73
25.05.2021;07:00;342,23;40,96;33,53
25.05.2021;08:00;364,36;43,61;35,70
25.05.2021;09:00;379,22;45,39;37,15
25.05.2021;10:00;414,99;49,67;40,66
25.05.2021;11:00;414,99;49,67;40,66
25.05.2021;12:00;370,08;44,29;36,26
25.05.2021;13:00;375,79;44,98;36,82
25.05.2021;14:00;398,99;47,75;39,09
25.05.2021;15:00;379,99;45,48;37,23
25.05.2021;16:00;398,99;47,75;39,09
25.05.2021;17:00;376,08;45,01;36,84
25.05.2021;18:00;374,06;44,77;36,65
25.05.2021;19:00;376,91;45,11;36,93
25.05.2021;20:00;399,00;47,75;39,09
25.05.2021;21:00;379,99;45,48;37,23
25.05.2021;22:00;379,99;45,48;37,23
25.05.2021;23:00;369,09;44,17;36,16
26.05.2021;00:00;354,95;42,35;34,70
26.05.2021;01:00;357,83;42,69;34,99
26.05.2021;02:00;352,03;42,00;34,42
26.05.2021;03:00;345,57;41,23;33,79
26.05.2021;04:00;340,59;40,64;33,30
26.05.2021;05:00;318,09;37,95;31,10
26.05.2021;06:00;300,00;35,79;29,33
26.05.2021;07:00;330,00;39,37;32,27
26.05.2021;08:00;366,72;43,76;35,86
26.05.2021;09:00;378,33;45,14;36,99
26.05.2021;10:00;400,00;47,73;39,11
26.05.2021;11:00;404,90;48,31;39,59
26.05.2021;12:00;368,58;43,98;36,04
26.05.2021;13:00;369,01;44,03;36,08
26.05.2021;14:00;372,37;44,43;36,41
26.05.2021;15:00;367,37;43,83;35,92
26.05.2021;16:00;368,21;43,93;36,00
26.05.2021;17:00;370,83;44,25;36,26
26.05.2021;18:00;373,33;44,54;36,50
26.05.2021;19:00;375,27;44,78;36,69
26.05.2021;20:00;399,00;47,61;39,01
26.05.2021;21:00;377,91;45,09;36,95
26.05.2021;22:00;374,99;44,74;36,66
26.05.2021;23:00;363,37;43,36;35,53
27.05.2021;00:00;358,62;42,72;34,86
27.05.2021;01:00;360,00;42,88;35,00
27.05.2021;02:00;354,78;42,26;34,49
27.05.2021;03:00;346,31;41,25;33,67
27.05.2021;04:00;344,33;41,02;33,48
27.05.2021;05:00;319,10;38,01;31,02
27.05.2021;06:00;275,00;32,76;26,74
27.05.2021;07:00;319,09;38,01;31,02
27.05.2021;08:00;366,47;43,65;35,63
27.05.2021;09:00;377,43;44,96;36,69
27.05.2021;10:00;406,59;48,43;39,53
27.05.2021;11:00;400,00;47,65;38,89
27.05.2021;12:00;371,28;44,23;36,10
27.05.2021;13:00;377,72;45,00;36,72
27.05.2021;14:00;429,99;51,22;41,80
27.05.2021;15:00;449,99;53,60;43,75
27.05.2021;16:00;430,00;51,22;41,80
27.05.2021;17:00;429,99;51,22;41,80
27.05.2021;18:00;400,00;47,65;38,89
27.05.2021;19:00;400,00;47,65;38,89
27.05.2021;20:00;474,99;56,58;46,18
27.05.2021;21:00;450,00;53,61;43,75
27.05.2021;22:00;424,99;50,63;41,32
27.05.2021;23:00;374,55;44,62;36,41
28.05.2021;00:00;370,36;43,92;35,88
28.05.2021;01:00;366,00;43,40;35,46
28.05.2021;02:00;360,55;42,75;34,93
28.05.2021;03:00;355,79;42,19;34,47
28.05.2021;04:00;350,42;41,55;33,95
28.05.2021;05:00;346,24;41,06;33,54
28.05.2021;06:00;341,81;40,53;33,11
28.05.2021;07:00;345,39;40,96;33,46
28.05.2021;08:00;369,23;43,78;35,77
28.05.2021;09:00;414,99;49,21;40,20
28.05.2021;10:00;450,00;53,36;43,59
28.05.2021;11:00;449,99;53,36;43,59
28.05.2021;12:00;368,41;43,69;35,69
28.05.2021;13:00;367,32;43,56;35,58
28.05.2021;14:00;425,00;50,40;41,17
28.05.2021;15:00;424,99;50,40;41,17
28.05.2021;16:00;400,49;47,49;38,80
28.05.2021;17:00;380,00;45,06;36,81
28.05.2021;18:00;376,35;44,63;36,46
28.05.2021;19:00;376,35;44,63;36,46
28.05.2021;20:00;405,00;48,03;39,23
28.05.2021;21:00;380,00;45,06;36,81
28.05.2021;22:00;378,38;44,87;36,66
28.05.2021;23:00;365,48;43,34;35,41
29.05.2021;00:00;376,05;44,60;36,56
29.05.2021;01:00;370,18;43,90;35,99
29.05.2021;02:00;364,72;43,25;35,46
29.05.2021;03:00;358,28;42,49;34,84
29.05.2021;04:00;356,70;42,30;34,68
29.05.2021;05:00;352,41;41,79;34,26
29.05.2021;06:00;345,63;40,99;33,61
29.05.2021;07:00;347,74;41,24;33,81
29.05.2021;08:00;358,68;42,54;34,87
29.05.2021;09:00;362,99;43,05;35,29
29.05.2021;10:00;367,26;43,55;35,71
29.05.2021;11:00;371,06;44,00;36,08
29.05.2021;12:00;357,66;42,42;34,78
29.05.2021;13:00;366,96;43,52;35,68
29.05.2021;14:00;371,42;44,05;36,11
29.05.2021;15:00;368,98;43,76;35,88
29.05.2021;16:00;364,99;43,28;35,49
29.05.2021;17:00;364,99;43,28;35,49
29.05.2021;18:00;372,53;44,18;36,22
29.05.2021;19:00;400,00;47,44;38,89
29.05.2021;20:00;474,89;56,32;46,17
29.05.2021;21:00;430,00;50,99;41,81
29.05.2021;22:00;402,99;47,79;39,18
29.05.2021;23:00;374,30;44,39;36,39
30.05.2021;00:00;378,77;44,30;36,37
30.05.2021;01:00;371,15;43,41;35,64
30.05.2021;02:00;364,82;42,67;35,03
30.05.2021;03:00;360,05;42,11;34,57
30.05.2021;04:00;357,80;41,85;34,36
30.05.2021;05:00;349,89;40,92;33,60
30.05.2021;06:00;342,41;40,05;32,88
30.05.2021;07:00;330,01;38,60;31,69
30.05.2021;08:00;330,00;38,60;31,69
30.05.2021;09:00;324,96;38,01;31,20
30.05.2021;10:00;330,01;38,60;31,69
30.05.2021;11:00;340,42;39,82;32,69
30.05.2021;12:00;330,01;38,60;31,69
30.05.2021;13:00;341,90;39,99;32,83
30.05.2021;14:00;344,68;40,32;33,10
30.05.2021;15:00;343,36;40,16;32,97
30.05.2021;16:00;346,29;40,50;33,25
30.05.2021;17:00;355,57;41,59;34,14
30.05.2021;18:00;369,07;43,17;35,44
30.05.2021;19:00;379,10;44,34;36,40
30.05.2021;20:00;500,01;58,48;48,01
30.05.2021;21:00;531,99;62,22;51,08
30.05.2021;22:00;450,00;52,63;43,21
30.05.2021;23:00;401,00;46,90;38,50
31.05.2021;00:00;364,75;42,66;35,02
31.05.2021;01:00;363,72;42,54;34,92
31.05.2021;02:00;357,70;41,84;34,35
31.05.2021;03:00;353,04;41,29;33,90
31.05.2021;04:00;350,34;40,98;33,64
31.05.2021;05:00;330,00;38,60;31,69
31.05.2021;06:00;319,10;37,32;30,64
31.05.2021;07:00;341,71;39,97;32,81
31.05.2021;08:00;370,00;43,28;35,53
31.05.2021;09:00;399,99;46,78;38,41
31.05.2021;10:00;401,99;47,02;38,60
31.05.2021;11:00;449,99;52,63;43,21
31.05.2021;12:00;375,00;43,86;36,01
31.05.2021;13:00;379,73;44,41;36,46
31.05.2021;14:00;449,99;52,63;43,21
31.05.2021;15:00;430,00;50,29;41,29
31.05.2021;16:00;429,99;50,29;41,29
31.05.2021;17:00;403,00;47,14;38,70
31.05.2021;18:00;384,99;45,03;36,97
31.05.2021;19:00;384,99;45,03;36,97
31.05.2021;20:00;420,00;49,13;40,33
31.05.2021;21:00;402,00;47,02;38,60
31.05.2021;22:00;380,00;44,45;36,49
31.05.2021;23:00;370,81;43,37;35,60
01.06.2021;00:00;365,00;42,69;35,05
01.06.2021;01:00;363,75;42,55;34,93
01.06.2021;02:00;355,20;41,55;34,11
01.06.2021;03:00;349,72;40,90;33,58
01.06.2021;04:00;348,38;40,75;33,45
01.06.2021;05:00;343,41;40,17;32,97
01.06.2021;06:00;324,99;38,01;31,20
01.06.2021;07:00;341,03;39,89;32,75
01.06.2021;08:00;367,74;43,01;35,31
01.06.2021;09:00;399,99;46,78;38,41
01.06.2021;10:00;400,00;46,79;38,41
01.06.2021;11:00;430,00;50,29;41,29
01.06.2021;12:00;371,00;43,39;35,62
01.06.2021;13:00;389,99;45,61;37,45
01.06.2021;14:00;430,00;50,29;41,29
01.06.2021;15:00;400,00;46,79;38,41
01.06.2021;16:00;400,00;46,79;38,41
01.06.2021;17:00;399,99;46,78;38,41
01.06.2021;18:00;379,24;44,36;36,41
01.06.2021;19:00;385,00;45,03;36,97
01.06.2021;20:00;450,01;52,64;43,21
01.06.2021;21:00;470,00;54,97;45,13
01.06.2021;22:00;400,00;46,79;38,41
01.06.2021;23:00;372,22;43,54;35,74
02.06.2021;00:00;362,86;42,69;35,02
02.06.2021;01:00;359,00;42,24;34,64
02.06.2021;02:00;350,95;41,29;33,87
02.06.2021;03:00;346,22;40,74;33,41
02.06.2021;04:00;343,61;40,43;33,16
02.06.2021;05:00;325,00;38,24;31,36
02.06.2021;06:00;319,91;37,64;30,87
02.06.2021;07:00;342,04;40,24;33,01
02.06.2021;08:00;365,00;42,95;35,22
02.06.2021;09:00;379,99;44,71;36,67
02.06.2021;10:00;399,99;47,06;38,60
02.06.2021;11:00;399,99;47,06;38,60
02.06.2021;12:00;364,99;42,95;35,22
02.06.2021;13:00;371,74;43,74;35,87
02.06.2021;14:00;399,99;47,06;38,60
02.06.2021;15:00;378,14;44,49;36,49
02.06.2021;16:00;379,99;44,71;36,67
02.06.2021;17:00;375,01;44,12;36,19
02.06.2021;18:00;373,11;43,90;36,00
02.06.2021;19:00;379,99;44,71;36,67
02.06.2021;20:00;379,99;44,71;36,67
02.06.2021;21:00;377,16;44,38;36,40
02.06.2021;22:00;369,58;43,49;35,66
02.06.2021;23:00;353,68;41,61;34,13
03.06.2021;00:00;348,04;40,93;33,47
03.06.2021;01:00;354,28;41,66;34,07
03.06.2021;02:00;348,06;40,93;33,47
03.06.2021;03:00;344,23;40,48;33,10
03.06.2021;04:00;340,00;39,98;32,69
03.06.2021;05:00;339,90;39,97;32,68
03.06.2021;06:00;325,00;38,22;31,25
03.06.2021;07:00;340,00;39,98;32,69
03.06.2021;08:00;365,66;43,00;35,16
03.06.2021;09:00;377,34;44,38;36,28
03.06.2021;10:00;379,98;44,69;36,54
03.06.2021;11:00;374,40;44,03;36,00
03.06.2021;12:00;353,99;41,63;34,04
03.06.2021;13:00;361,88;42,56;34,80
03.06.2021;14:00;372,50;43,81;35,82
03.06.2021;15:00;370,90;43,62;35,66
03.06.2021;16:00;372,07;43,76;35,78
03.06.2021;17:00;369,19;43,42;35,50
03.06.2021;18:00;362,42;42,62;34,85
03.06.2021;19:00;363,32;42,73;34,94
03.06.2021;20:00;375,70;44,18;36,13
03.06.2021;21:00;372,45;43,80;35,81
03.06.2021;22:00;364,52;42,87;35,05
03.06.2021;23:00;349,33;41,08;33,59
04.06.2021;00:00;351,39;40,83;33,50
04.06.2021;01:00;356,23;41,39;33,96
04.06.2021;02:00;350,01;40,67;33,37
04.06.2021;03:00;346,28;40,23;33,01
04.06.2021;04:00;345,25;40,11;32,91
04.06.2021;05:00;340,00;39,50;32,41
04.06.2021;06:00;339,99;39,50;32,41
04.06.2021;07:00;342,94;39,85;32,69
04.06.2021;08:00;365,25;42,44;34,82
04.06.2021;09:00;375,13;43,59;35,76
04.06.2021;10:00;375,16;43,59;35,77
04.06.2021;11:00;371,23;43,13;35,39
04.06.2021;12:00;347,86;40,42;33,16
04.06.2021;13:00;349,45;40,60;33,31
04.06.2021;14:00;364,89;42,40;34,79
04.06.2021;15:00;362,44;42,11;34,55
04.06.2021;16:00;368,43;42,81;35,12
04.06.2021;17:00;370,22;43,02;35,29
04.06.2021;18:00;360,00;41,83;34,32
04.06.2021;19:00;360,67;41,91;34,38
04.06.2021;20:00;378,81;44,01;36,11
04.06.2021;21:00;375,91;43,68;35,84
04.06.2021;22:00;363,52;42,24;34,66
04.06.2021;23:00;352,78;40,99;33,63
05.06.2021;00:00;342,25;39,69;32,57
05.06.2021;01:00;352,50;40,88;33,54
05.06.2021;02:00;346,30;40,16;32,95
05.06.2021;03:00;339,99;39,43;32,35
05.06.2021;04:00;330,01;38,27;31,40
05.06.2021;05:00;339,58;39,38;32,31
05.06.2021;06:00;298,97;34,67;28,45
05.06.2021;07:00;298,98;34,67;28,45
05.06.2021;08:00;350,01;40,59;33,31
05.06.2021;09:00;341,64;39,62;32,51
05.06.2021;10:00;346,08;40,13;32,93
05.06.2021;11:00;350,00;40,59;33,30
05.06.2021;12:00;340,86;39,53;32,43
05.06.2021;13:00;347,53;40,30;33,07
05.06.2021;14:00;350,00;40,59;33,30
05.06.2021;15:00;345,56;40,07;32,88
05.06.2021;16:00;347,42;40,29;33,06
05.06.2021;17:00;350,94;40,70;33,39
05.06.2021;18:00;360,41;41,80;34,30
05.06.2021;19:00;368,65;42,75;35,08
05.06.2021;20:00;399,99;46,39;38,06
05.06.2021;21:00;399,99;46,39;38,06
05.06.2021;22:00;371,09;43,03;35,31
05.06.2021;23:00;357,84;41,50;34,05
06.06.2021;00:00;346,29;39,89;32,93
06.06.2021;01:00;352,23;40,57;33,49
06.06.2021;02:00;344,93;39,73;32,80
06.06.2021;03:00;340,01;39,16;32,33
06.06.2021;04:00;340,01;39,16;32,33
06.06.2021;05:00;340,00;39,16;32,33
06.06.2021;06:00;340,00;39,16;32,33
06.06.2021;07:00;247,99;28,56;23,58
06.06.2021;08:00;270,00;31,10;25,68
06.06.2021;09:00;338,99;39,05;32,24
06.06.2021;10:00;338,99;39,05;32,24
06.06.2021;11:00;339,00;39,05;32,24
06.06.2021;12:00;339,00;39,05;32,24
06.06.2021;13:00;339,00;39,05;32,24
06.06.2021;14:00;339,00;39,05;32,24
06.06.2021;15:00;339,00;39,05;32,24
06.06.2021;16:00;339,00;39,05;32,24
06.06.2021;17:00;340,01;39,16;32,33
06.06.2021;18:00;360,29;41,50;34,26
06.06.2021;19:00;368,69;42,47;35,06
06.06.2021;20:00;399,99;46,07;38,04
06.06.2021;21:00;400,00;46,07;38,04
06.06.2021;22:00;379,98;43,77;36,13
06.06.2021;23:00;366,59;42,22;34,86
07.06.2021;00:00;358,31;41,27;34,07
07.06.2021;01:00;360,78;41,55;34,31
07.06.2021;02:00;354,75;40,86;33,73
07.06.2021;03:00;349,79;40,29;33,26
07.06.2021;04:00;347,40;40,01;33,04
07.06.2021;05:00;341,55;39,34;32,48
07.06.2021;06:00;340,71;39,24;32,40
07.06.2021;07:00;349,71;40,28;33,26
07.06.2021;08:00;373,70;43,04;35,54
07.06.2021;09:00;375,01;43,19;35,66
07.06.2021;10:00;380,00;43,77;36,14
07.06.2021;11:00;375,94;43,30;35,75
07.06.2021;12:00;358,52;41,29;34,09
07.06.2021;13:00;368,73;42,47;35,06
07.06.2021;14:00;399,99;46,07;38,04
07.06.2021;15:00;399,99;46,07;38,04
07.06.2021;16:00;400,00;46,07;38,04
07.06.2021;17:00;400,00;46,07;38,04
07.06.2021;18:00;385,22;44,37;36,63
07.06.2021;19:00;390,23;44,95;37,11
07.06.2021;20:00;450,00;51,83;42,79
07.06.2021;21:00;400,00;46,07;38,04
07.06.2021;22:00;378,68;43,62;36,01
07.06.2021;23:00;364,12;41,94;34,63
08.06.2021;00:00;361,26;41,61;34,35
08.06.2021;01:00;361,60;41,65;34,39
08.06.2021;02:00;355,03;40,89;33,76
08.06.2021;03:00;349,26;40,23;33,21
08.06.2021;04:00;342,90;39,50;32,61
08.06.2021;05:00;340,00;39,16;32,33
08.06.2021;06:00;339,57;39,11;32,29
08.06.2021;07:00;340,00;39,16;32,33
08.06.2021;08:00;366,12;42,17;34,82
08.06.2021;09:00;377,07;43,43;35,86
08.06.2021;10:00;379,63;43,73;36,10
08.06.2021;11:00;399,99;46,07;38,04
08.06.2021;12:00;368,06;42,39;35,00
08.06.2021;13:00;375,00;43,19;35,66
08.06.2021;14:00;399,99;46,07;38,04
08.06.2021;15:00;399,99;46,07;38,04
08.06.2021;16:00;399,99;46,07;38,04
08.06.2021;17:00;399,99;46,07;38,04
08.06.2021;18:00;377,51;43,48;35,90
08.06.2021;19:00;376,97;43,42;35,85
08.06.2021;20:00;399,99;46,07;38,04
08.06.2021;21:00;379,70;43,73;36,11
08.06.2021;22:00;370,91;42,72;35,27
08.06.2021;23:00;357,14;41,14;33,96
09.06.2021;00:00;358,38;41,57;34,19
09.06.2021;01:00;360,10;41,77;34,35
09.06.2021;02:00;352,89;40,94;33,66
09.06.2021;03:00;347,31;40,29;33,13
09.06.2021;04:00;345,08;40,03;32,92
09.06.2021;05:00;340,63;39,52;32,50
09.06.2021;06:00;312,88;36,30;29,85
09.06.2021;07:00;343,82;39,89;32,80
09.06.2021;08:00;369,27;42,84;35,23
09.06.2021;09:00;377,07;43,74;35,97
09.06.2021;10:00;399,99;46,40;38,16
09.06.2021;11:00;400,00;46,40;38,16
09.06.2021;12:00;372,26;43,19;35,51
09.06.2021;13:00;375,66;43,58;35,84
09.06.2021;14:00;399,99;46,40;38,16
09.06.2021;15:00;399,99;46,40;38,16
09.06.2021;16:00;399,99;46,40;38,16
09.06.2021;17:00;399,99;46,40;38,16
09.06.2021;18:00;379,88;44,07;36,24
09.06.2021;19:00;378,19;43,87;36,08
09.06.2021;20:00;400,00;46,40;38,16
09.06.2021;21:00;400,00;46,40;38,16
09.06.2021;22:00;374,79;43,48;35,75
09.06.2021;23:00;363,11;42,12;34,64
10.06.2021;00:00;352,71;41,06;33,72
10.06.2021;01:00;355,43;41,38;33,98
10.06.2021;02:00;347,61;40,47;33,24
10.06.2021;03:00;341,33;39,74;32,64
10.06.2021;04:00;343,71;40,02;32,86
10.06.2021;05:00;340,84;39,68;32,59
10.06.2021;06:00;300,57;34,99;28,74
10.06.2021;07:00;344,72;40,13;32,96
10.06.2021;08:00;367,01;42,73;35,09
10.06.2021;09:00;379,10;44,14;36,25
10.06.2021;10:00;400,00;46,57;38,25
10.06.2021;11:00;400,00;46,57;38,25
10.06.2021;12:00;362,14;42,16;34,63
10.06.2021;13:00;373,48;43,48;35,71
10.06.2021;14:00;400,22;46,60;38,27
10.06.2021;15:00;400,00;46,57;38,25
10.06.2021;16:00;404,99;47,15;38,72
10.06.2021;17:00;400,00;46,57;38,25
10.06.2021;18:00;379,48;44,18;36,28
10.06.2021;19:00;378,22;44,03;36,16
10.06.2021;20:00;404,99;47,15;38,72
10.06.2021;21:00;400,00;46,57;38,25
10.06.2021;22:00;376,36;43,82;35,99
10.06.2021;23:00;352,29;41,02;33,68
11.06.2021;00:00;351,26;40,96;33,61
11.06.2021;01:00;354,56;41,35;33,92
11.06.2021;02:00;348,13;40,60;33,31
11.06.2021;03:00;344,14;40,13;32,93
11.06.2021;04:00;346,32;40,39;33,14
11.06.2021;05:00;340,58;39,72;32,59
11.06.2021;06:00;330,00;38,48;31,57
11.06.2021;07:00;347,20;40,49;33,22
11.06.2021;08:00;369,82;43,13;35,38
11.06.2021;09:00;400,00;46,65;38,27
11.06.2021;10:00;400,00;46,65;38,27
11.06.2021;11:00;400,22;46,67;38,29
11.06.2021;12:00;364,81;42,54;34,91
11.06.2021;13:00;365,63;42,64;34,98
11.06.2021;14:00;420,22;49,01;40,21
11.06.2021;15:00;410,01;47,81;39,23
11.06.2021;16:00;420,00;48,98;40,19
11.06.2021;17:00;419,99;48,98;40,18
11.06.2021;18:00;400,00;46,65;38,27
11.06.2021;19:00;400,00;46,65;38,27
11.06.2021;20:00;420,22;49,01;40,21
11.06.2021;21:00;420,00;48,98;40,19
11.06.2021;22:00;399,99;46,65;38,27
11.06.2021;23:00;364,94;42,56;34,92
12.06.2021;00:00;374,25;43,87;36,05
12.06.2021;01:00;363,22;42,57;34,99
12.06.2021;02:00;350,99;41,14;33,81
12.06.2021;03:00;343,18;40,23;33,06
12.06.2021;04:00;344,28;40,35;33,17
12.06.2021;05:00;340,35;39,89;32,79
12.06.2021;06:00;299,00;35,05;28,80
12.06.2021;07:00;341,15;39,99;32,86
12.06.2021;08:00;366,50;42,96;35,31
12.06.2021;09:00;399,99;46,88;38,53
12.06.2021;10:00;423,00;49,58;40,75
12.06.2021;11:00;450,00;52,75;43,35
12.06.2021;12:00;378,23;44,33;36,44
12.06.2021;13:00;399,99;46,88;38,53
12.06.2021;14:00;400,00;46,89;38,53
12.06.2021;15:00;399,99;46,88;38,53
12.06.2021;16:00;399,99;46,88;38,53
12.06.2021;17:00;378,59;44,38;36,47
12.06.2021;18:00;378,23;44,33;36,44
12.06.2021;19:00;399,99;46,88;38,53
12.06.2021;20:00;450,00;52,75;43,35
12.06.2021;21:00;449,99;52,75;43,35
12.06.2021;22:00;399,99;46,88;38,53
12.06.2021;23:00;358,99;42,08;34,58
13.06.2021;00:00;360,97;43,21;35,52
13.06.2021;01:00;362,21;43,35;35,65
13.06.2021;02:00;354,63;42,45;34,90
13.06.2021;03:00;339,01;40,58;33,36
13.06.2021;04:00;354,86;42,47;34,92
13.06.2021;05:00;352,32;42,17;34,67
13.06.2021;06:00;316,22;37,85;31,12
13.06.2021;07:00;281,75;33,72;27,73
13.06.2021;08:00;316,21;37,85;31,12
13.06.2021;09:00;235,00;28,13;23,13
13.06.2021;10:00;355,50;42,55;34,98
13.06.2021;11:00;350,00;41,89;34,44
13.06.2021;12:00;339,01;40,58;33,36
13.06.2021;13:00;357,21;42,76;35,15
13.06.2021;14:00;366,05;43,81;36,02
13.06.2021;15:00;354,86;42,47;34,92
13.06.2021;16:00;250,01;29,92;24,60
13.06.2021;17:00;316,21;37,85;31,12
13.06.2021;18:00;354,87;42,48;34,92
13.06.2021;19:00;399,99;47,88;39,36
13.06.2021;20:00;450,00;53,86;44,28
13.06.2021;21:00;499,99;59,85;49,20
13.06.2021;22:00;410,22;49,10;40,37
13.06.2021;23:00;374,88;44,87;36,89
14.06.2021;00:00;344,84;41,27;33,94
14.06.2021;01:00;351,27;42,04;34,57
14.06.2021;02:00;342,05;40,94;33,66
14.06.2021;03:00;276,13;33,05;27,17
14.06.2021;04:00;343,10;41,07;33,76
14.06.2021;05:00;275,01;32,92;27,06
14.06.2021;06:00;298,00;35,67;29,33
14.06.2021;07:00;343,36;41,10;33,79
14.06.2021;08:00;371,77;44,50;36,59
14.06.2021;09:00;400,00;47,88;39,36
14.06.2021;10:00;400,00;47,88;39,36
14.06.2021;11:00;448,99;53,74;44,19
14.06.2021;12:00;374,88;44,87;36,89
14.06.2021;13:00;400,00;47,88;39,36
14.06.2021;14:00;450,00;53,86;44,28
14.06.2021;15:00;434,90;52,05;42,80
14.06.2021;16:00;400,00;47,88;39,36
14.06.2021;17:00;400,00;47,88;39,36
14.06.2021;18:00;385,23;46,11;37,91
14.06.2021;19:00;399,99;47,88;39,36
14.06.2021;20:00;450,00;53,86;44,28
14.06.2021;21:00;420,00;50,27;41,33
14.06.2021;22:00;399,99;47,88;39,36
14.06.2021;23:00;362,64;43,41;35,69
15.06.2021;00:00;350,01;41,89;34,44
15.06.2021;01:00;354,36;42,41;34,87
15.06.2021;02:00;347,15;41,55;34,16
15.06.2021;03:00;343,60;41,13;33,81
15.06.2021;04:00;347,01;41,53;34,15
15.06.2021;05:00;325,00;38,90;31,98
15.06.2021;06:00;302,16;36,17;29,74
15.06.2021;07:00;340,46;40,75;33,50
15.06.2021;08:00;373,08;44,66;36,72
15.06.2021;09:00;410,22;49,10;40,37
15.06.2021;10:00;410,22;49,10;40,37
15.06.2021;11:00;400,00;47,88;39,36
15.06.2021;12:00;358,56;42,92;35,29
15.06.2021;13:00;377,98;45,24;37,20
15.06.2021;14:00;400,00;47,88;39,36
15.06.2021;15:00;399,99;47,88;39,36
15.06.2021;16:00;400,00;47,88;39,36
15.06.2021;17:00;417,75;50,00;41,11
15.06.2021;18:00;400,00;47,88;39,36
15.06.2021;19:00;399,99;47,88;39,36
15.06.2021;20:00;449,00;53,74;44,19
15.06.2021;21:00;410,23;49,10;40,37
15.06.2021;22:00;399,99;47,88;39,36
15.06.2021;23:00;361,84;43,31;35,61
16.06.2021;00:00;352,89;42,33;34,94
16.06.2021;01:00;355,15;42,60;35,16
16.06.2021;02:00;349,63;41,94;34,62
16.06.2021;03:00;344,41;41,31;34,10
16.06.2021;04:00;346,65;41,58;34,32
16.06.2021;05:00;318,00;38,14;31,49
16.06.2021;06:00;300,00;35,98;29,70
16.06.2021;07:00;342,42;41,07;33,90
16.06.2021;08:00;363,11;43,55;35,95
16.06.2021;09:00;372,01;44,62;36,83
16.06.2021;10:00;399,99;47,98;39,60
16.06.2021;11:00;399,99;47,98;39,60
16.06.2021;12:00;339,06;40,67;33,57
16.06.2021;13:00;354,86;42,56;35,14
16.06.2021;14:00;399,99;47,98;39,60
16.06.2021;15:00;400,00;47,98;39,60
16.06.2021;16:00;400,00;47,98;39,60
16.06.2021;17:00;400,00;47,98;39,60
16.06.2021;18:00;399,99;47,98;39,60
16.06.2021;19:00;399,99;47,98;39,60
16.06.2021;20:00;400,00;47,98;39,60
16.06.2021;21:00;409,99;49,17;40,59
16.06.2021;22:00;399,99;47,98;39,60
16.06.2021;23:00;358,09;42,95;35,46
17.06.2021;00:00;354,87;41,52;34,24
17.06.2021;01:00;356,47;41,71;34,39
17.06.2021;02:00;350,48;41,00;33,82
17.06.2021;03:00;343,98;40,24;33,19
17.06.2021;04:00;342,40;40,06;33,04
17.06.2021;05:00;310,01;36,27;29,91
17.06.2021;06:00;299,12;35,00;28,86
17.06.2021;07:00;343,08;40,14;33,10
17.06.2021;08:00;371,74;43,49;35,87
17.06.2021;09:00;400,00;46,80;38,59
17.06.2021;10:00;400,00;46,80;38,59
17.06.2021;11:00;400,00;46,80;38,59
17.06.2021;12:00;354,87;41,52;34,24
17.06.2021;13:00;372,00;43,52;35,89
17.06.2021;14:00;400,00;46,80;38,59
17.06.2021;15:00;400,00;46,80;38,59
17.06.2021;16:00;419,99;49,14;40,52
17.06.2021;17:00;424,99;49,72;41,00
17.06.2021;18:00;400,00;46,80;38,59
17.06.2021;19:00;399,99;46,80;38,59
17.06.2021;20:00;464,99;54,40;44,86
17.06.2021;21:00;450,00;52,65;43,42
17.06.2021;22:00;400,98;46,91;38,69
17.06.2021;23:00;376,74;44,08;36,35
18.06.2021;00:00;361,48;42,42;34,98
18.06.2021;01:00;356,77;41,87;34,53
18.06.2021;02:00;345,37;40,53;33,42
18.06.2021;03:00;299,13;35,10;28,95
18.06.2021;04:00;346,12;40,62;33,50
18.06.2021;05:00;319,25;37,46;30,90
18.06.2021;06:00;300,00;35,20;29,03
18.06.2021;07:00;338,00;39,66;32,71
18.06.2021;08:00;372,32;43,69;36,03
18.06.2021;09:00;399,91;46,93;38,70
18.06.2021;10:00;424,50;49,81;41,08
18.06.2021;11:00;424,50;49,81;41,08
18.06.2021;12:00;371,62;43,61;35,97
18.06.2021;13:00;358,88;42,11;34,73
18.06.2021;14:00;424,50;49,81;41,08
18.06.2021;15:00;424,50;49,81;41,08
18.06.2021;16:00;424,49;49,81;41,08
18.06.2021;17:00;424,49;49,81;41,08
18.06.2021;18:00;400,00;46,94;38,71
18.06.2021;19:00;399,99;46,94;38,71
18.06.2021;20:00;444,90;52,21;43,06
18.06.2021;21:00;420,00;49,29;40,65
18.06.2021;22:00;399,89;46,93;38,70
18.06.2021;23:00;359,96;42,24;34,84
19.06.2021;00:00;399,89;46,37;38,80
19.06.2021;01:00;368,96;42,78;35,80
19.06.2021;02:00;358,86;41,61;34,82
19.06.2021;03:00;351,04;40,70;34,06
19.06.2021;04:00;353,21;40,96;34,27
19.06.2021;05:00;342,84;39,75;33,26
19.06.2021;06:00;320,13;37,12;31,06
19.06.2021;07:00;322,44;37,39;31,28
19.06.2021;08:00;358,86;41,61;34,82
19.06.2021;09:00;361,82;41,95;35,10
19.06.2021;10:00;399,90;46,37;38,80
19.06.2021;11:00;399,90;46,37;38,80
19.06.2021;12:00;350,00;40,58;33,96
19.06.2021;13:00;360,01;41,74;34,93
19.06.2021;14:00;385,01;44,64;37,35
19.06.2021;15:00;373,28;43,28;36,22
19.06.2021;16:00;369,73;42,87;35,87
19.06.2021;17:00;375,00;43,48;36,38
19.06.2021;18:00;399,90;46,37;38,80
19.06.2021;19:00;399,99;46,38;38,81
19.06.2021;20:00;500,00;57,98;48,51
19.06.2021;21:00;549,99;63,77;53,36
19.06.2021;22:00;438,99;50,90;42,59
19.06.2021;23:00;399,90;46,37;38,80
20.06.2021;00:00;410,79;47,41;39,81
20.06.2021;01:00;375,53;43,34;36,39
20.06.2021;02:00;364,86;42,11;35,36
20.06.2021;03:00;358,58;41,38;34,75
20.06.2021;04:00;360,21;41,57;34,91
20.06.2021;05:00;353,67;40,82;34,27
20.06.2021;06:00;345,32;39,85;33,46
20.06.2021;07:00;341,62;39,43;33,10
20.06.2021;08:00;346,82;40,03;33,61
20.06.2021;09:00;289,99;33,47;28,10
20.06.2021;10:00;348,00;40,16;33,72
20.06.2021;11:00;320,55;37,00;31,06
20.06.2021;12:00;299,13;34,52;28,99
20.06.2021;13:00;352,64;40,70;34,17
20.06.2021;14:00;358,86;41,42;34,77
20.06.2021;15:00;358,85;41,42;34,77
20.06.2021;16:00;357,83;41,30;34,67
20.06.2021;17:00;373,01;43,05;36,15
20.06.2021;18:00;377,00;43,51;36,53
20.06.2021;19:00;377,79;43,60;36,61
20.06.2021;20:00;409,31;47,24;39,66
20.06.2021;21:00;439,00;50,67;42,54
20.06.2021;22:00;400,00;46,16;38,76
20.06.2021;23:00;373,31;43,08;36,17
21.06.2021;00:00;352,45;40,68;34,15
21.06.2021;01:00;357,93;41,31;34,68
21.06.2021;02:00;346,86;40,03;33,61
21.06.2021;03:00;349,54;40,34;33,87
21.06.2021;04:00;350,55;40,46;33,97
21.06.2021;05:00;300,00;34,62;29,07
21.06.2021;06:00;289,21;33,38;28,03
21.06.2021;07:00;347,99;40,16;33,72
21.06.2021;08:00;389,91;45,00;37,78
21.06.2021;09:00;410,80;47,41;39,81
21.06.2021;10:00;475,01;54,82;46,03
21.06.2021;11:00;499,99;57,70;48,45
21.06.2021;12:00;399,98;46,16;38,76
21.06.2021;13:00;400,00;46,16;38,76
21.06.2021;14:00;482,33;55,67;46,74
21.06.2021;15:00;450,00;51,94;43,61
21.06.2021;16:00;499,99;57,70;48,45
21.06.2021;17:00;499,99;57,70;48,45
21.06.2021;18:00;448,90;51,81;43,50
21.06.2021;19:00;443,25;51,16;42,95
21.06.2021;20:00;565,00;65,21;54,75
21.06.2021;21:00;565,00;65,21;54,75
21.06.2021;22:00;450,01;51,94;43,61
21.06.2021;23:00;399,99;46,16;38,76
22.06.2021;00:00;355,03;40,97;34,40
22.06.2021;01:00;360,34;41,59;34,92
22.06.2021;02:00;354,51;40,91;34,35
22.06.2021;03:00;350,01;40,40;33,92
22.06.2021;04:00;349,49;40,34;33,87
22.06.2021;05:00;329,99;38,08;31,98
22.06.2021;06:00;325,00;37,51;31,49
22.06.2021;07:00;346,12;39,95;33,54
22.06.2021;08:00;369,51;42,65;35,81
22.06.2021;09:00;430,90;49,73;41,76
22.06.2021;10:00;549,99;63,48;53,30
22.06.2021;11:00;505,71;58,37;49,00
22.06.2021;12:00;399,98;46,16;38,76
22.06.2021;13:00;400,00;46,16;38,76
22.06.2021;14:00;500,01;57,71;48,45
22.06.2021;15:00;549,99;63,48;53,30
22.06.2021;16:00;480,00;55,40;46,51
22.06.2021;17:00;480,00;55,40;46,51
22.06.2021;18:00;400,00;46,16;38,76
22.06.2021;19:00;400,00;46,16;38,76
22.06.2021;20:00;559,56;64,58;54,22
22.06.2021;21:00;559,56;64,58;54,22
22.06.2021;22:00;400,00;46,16;38,76
22.06.2021;23:00;370,89;42,81;35,94
23.06.2021;00:00;372,54;42,58;35,81
23.06.2021;01:00;364,64;41,67;35,05
23.06.2021;02:00;357,56;40,87;34,37
23.06.2021;03:00;349,99;40,00;33,64
23.06.2021;04:00;348,38;39,82;33,49
23.06.2021;05:00;329,99;37,71;31,72
23.06.2021;06:00;324,89;37,13;31,23
23.06.2021;07:00;344,74;39,40;33,14
23.06.2021;08:00;373,15;42,65;35,87
23.06.2021;09:00;449,99;51,43;43,25
23.06.2021;10:00;510,79;58,38;49,10
23.06.2021;11:00;556,56;63,61;53,50
23.06.2021;12:00;400,00;45,72;38,45
23.06.2021;13:00;499,98;57,14;48,06
23.06.2021;14:00;561,31;64,15;53,96
23.06.2021;15:00;556,57;63,61;53,50
23.06.2021;16:00;577,60;66,01;55,52
23.06.2021;17:00;550,00;62,86;52,87
23.06.2021;18:00;500,00;57,14;48,06
23.06.2021;19:00;500,00;57,14;48,06
23.06.2021;20:00;569,99;65,14;54,79
23.06.2021;21:00;559,09;63,90;53,74
23.06.2021;22:00;500,00;57,14;48,06
23.06.2021;23:00;399,99;45,71;38,45
24.06.2021;00:00;375,01;43,00;36,16
24.06.2021;01:00;366,20;41,99;35,31
24.06.2021;02:00;356,81;40,92;34,40
24.06.2021;03:00;351,13;40,27;33,85
24.06.2021;04:00;353,04;40,49;34,04
24.06.2021;05:00;344,06;39,46;33,17
24.06.2021;06:00;342,29;39,25;33,00
24.06.2021;07:00;351,79;40,34;33,92
24.06.2021;08:00;399,98;45,87;38,56
24.06.2021;09:00;550,00;63,07;53,03
24.06.2021;10:00;585,00;67,09;56,40
24.06.2021;11:00;585,00;67,09;56,40
24.06.2021;12:00;478,57;54,88;46,14
24.06.2021;13:00;571,00;65,48;55,05
24.06.2021;14:00;585,22;67,11;56,42
24.06.2021;15:00;585,01;67,09;56,40
24.06.2021;16:00;584,99;67,08;56,40
24.06.2021;17:00;583,56;66,92;56,26
24.06.2021;18:00;548,57;62,91;52,89
24.06.2021;19:00;548,57;62,91;52,89
24.06.2021;20:00;583,57;66,92;56,26
24.06.2021;21:00;583,57;66,92;56,26
24.06.2021;22:00;548,56;62,91;52,89
24.06.2021;23:00;399,99;45,87;38,56
25.06.2021;00:00;364,52;42,32;35,45
25.06.2021;01:00;360,67;41,87;35,08
25.06.2021;02:00;353,13;41,00;34,34
25.06.2021;03:00;348,35;40,44;33,88
25.06.2021;04:00;348,25;40,43;33,87
25.06.2021;05:00;304,63;35,36;29,63
25.06.2021;06:00;298,79;34,69;29,06
25.06.2021;07:00;345,43;40,10;33,59
25.06.2021;08:00;367,37;42,65;35,73
25.06.2021;09:00;470,94;54,67;45,80
25.06.2021;10:00;574,99;66,75;55,92
25.06.2021;11:00;581,57;67,52;56,56
25.06.2021;12:00;399,99;46,44;38,90
25.06.2021;13:00;399,99;46,44;38,90
25.06.2021;14:00;585,00;67,91;56,89
25.06.2021;15:00;585,01;67,91;56,89
25.06.2021;16:00;581,57;67,52;56,56
25.06.2021;17:00;581,56;67,51;56,56
25.06.2021;18:00;500,00;58,05;48,62
25.06.2021;19:00;500,00;58,05;48,62
25.06.2021;20:00;581,56;67,51;56,56
25.06.2021;21:00;581,56;67,51;56,56
25.06.2021;22:00;499,99;58,04;48,62
25.06.2021;23:00;399,99;46,44;38,90
26.06.2021;00:00;523,25;60,43;50,63
26.06.2021;01:00;381,83;44,09;36,94
26.06.2021;02:00;369,40;42,66;35,74
26.06.2021;03:00;360,49;41,63;34,88
26.06.2021;04:00;358,77;41,43;34,71
26.06.2021;05:00;348,68;40,27;33,74
26.06.2021;06:00;344,32;39,76;33,31
26.06.2021;07:00;351,59;40,60;34,02
26.06.2021;08:00;377,79;43,63;36,55
26.06.2021;09:00;570,00;65,83;55,15
26.06.2021;10:00;517,04;59,71;50,03
26.06.2021;11:00;559,98;64,67;54,18
26.06.2021;12:00;449,87;51,95;43,53
26.06.2021;13:00;500,00;57,74;48,38
26.06.2021;14:00;559,99;64,67;54,18
26.06.2021;15:00;500,01;57,74;48,38
26.06.2021;16:00;498,87;57,61;48,27
26.06.2021;17:00;499,99;57,74;48,38
26.06.2021;18:00;500,00;57,74;48,38
26.06.2021;19:00;550,01;63,52;53,22
26.06.2021;20:00;594,94;68,71;57,56
26.06.2021;21:00;593,00;68,48;57,37
26.06.2021;22:00;549,99;63,51;53,21
26.06.2021;23:00;426,99;49,31;41,31
27.06.2021;00:00;585,01;67,42;56,44
27.06.2021;01:00;376,56;43,40;36,33
27.06.2021;02:00;371,19;42,78;35,81
27.06.2021;03:00;365,90;42,17;35,30
27.06.2021;04:00;362,38;41,76;34,96
27.06.2021;05:00;352,63;40,64;34,02
27.06.2021;06:00;343,84;39,63;33,17
27.06.2021;07:00;349,33;40,26;33,70
27.06.2021;08:00;349,33;40,26;33,70
27.06.2021;09:00;340,37;39,23;32,84
27.06.2021;10:00;358,74;41,34;34,61
27.06.2021;11:00;369,99;42,64;35,70
27.06.2021;12:00;358,75;41,34;34,61
27.06.2021;13:00;364,67;42,03;35,18
27.06.2021;14:00;372,55;42,93;35,94
27.06.2021;15:00;375,01;43,22;36,18
27.06.2021;16:00;375,56;43,28;36,23
27.06.2021;17:00;400,00;46,10;38,59
27.06.2021;18:00;490,00;56,47;47,28
27.06.2021;19:00;569,56;65,64;54,95
27.06.2021;20:00;595,00;68,57;57,41
27.06.2021;21:00;595,00;68,57;57,41
27.06.2021;22:00;594,99;68,57;57,41
27.06.2021;23:00;500,01;57,62;48,24
28.06.2021;00:00;374,06;43,11;36,09
28.06.2021;01:00;366,04;42,18;35,32
28.06.2021;02:00;356,70;41,11;34,42
28.06.2021;03:00;349,58;40,29;33,73
28.06.2021;04:00;344,82;39,74;33,27
28.06.2021;05:00;324,89;37,44;31,35
28.06.2021;06:00;335,84;38,70;32,40
28.06.2021;07:00;350,00;40,34;33,77
28.06.2021;08:00;449,99;51,86;43,42
28.06.2021;09:00;595,00;68,57;57,41
28.06.2021;10:00;595,00;68,57;57,41
28.06.2021;11:00;595,00;68,57;57,41
28.06.2021;12:00;595,00;68,57;57,41
28.06.2021;13:00;595,00;68,57;57,41
28.06.2021;14:00;595,00;68,57;57,41
28.06.2021;15:00;595,00;68,57;57,41
28.06.2021;16:00;595,00;68,57;57,41
28.06.2021;17:00;595,00;68,57;57,41
28.06.2021;18:00;595,00;68,57;57,41
28.06.2021;19:00;595,00;68,57;57,41
28.06.2021;20:00;595,00;68,57;57,41
28.06.2021;21:00;595,00;68,57;57,41
28.06.2021;22:00;589,57;67,94;56,88
28.06.2021;23:00;500,00;57,62;48,24
29.06.2021;00:00;414,50;47,77;39,99
29.06.2021;01:00;372,38;42,91;35,93
29.06.2021;02:00;364,98;42,06;35,21
29.06.2021;03:00;359,88;41,47;34,72
29.06.2021;04:00;359,88;41,47;34,72
29.06.2021;05:00;349,99;40,33;33,77
29.06.2021;06:00;349,04;40,22;33,68
29.06.2021;07:00;354,16;40,82;34,17
29.06.2021;08:00;450,00;51,86;43,42
29.06.2021;09:00;595,00;68,57;57,41
29.06.2021;10:00;595,00;68,57;57,41
29.06.2021;11:00;595,00;68,57;57,41
29.06.2021;12:00;564,98;65,11;54,51
29.06.2021;13:00;583,81;67,28;56,33
29.06.2021;14:00;595,00;68,57;57,41
29.06.2021;15:00;595,00;68,57;57,41
29.06.2021;16:00;595,00;68,57;57,41
29.06.2021;17:00;588,89;67,87;56,82
29.06.2021;18:00;583,80;67,28;56,33
29.06.2021;19:00;565,76;65,20;54,59
29.06.2021;20:00;595,00;68,57;57,41
29.06.2021;21:00;590,00;67,99;56,92
29.06.2021;22:00;583,80;67,28;56,33
29.06.2021;23:00;550,00;63,38;53,07
30.06.2021;00:00;489,99;56,18;47,08
30.06.2021;01:00;404,99;46,43;38,91
30.06.2021;02:00;372,02;42,65;35,74
30.06.2021;03:00;363,10;41,63;34,89
30.06.2021;04:00;361,49;41,45;34,73
30.06.2021;05:00;350,92;40,23;33,72
30.06.2021;06:00;348,83;39,99;33,52
30.06.2021;07:00;361,18;41,41;34,70
30.06.2021;08:00;595,00;68,22;57,17
30.06.2021;09:00;595,00;68,22;57,17
30.06.2021;10:00;595,00;68,22;57,17
30.06.2021;11:00;595,00;68,22;57,17
30.06.2021;12:00;595,00;68,22;57,17
30.06.2021;13:00;595,00;68,22;57,17
30.06.2021;14:00;595,00;68,22;57,17
30.06.2021;15:00;595,00;68,22;57,17
30.06.2021;16:00;595,00;68,22;57,17
30.06.2021;17:00;595,00;68,22;57,17
30.06.2021;18:00;595,00;68,22;57,17
30.06.2021;19:00;595,00;68,22;57,17
30.06.2021;20:00;595,00;68,22;57,17
30.06.2021;21:00;595,00;68,22;57,17
30.06.2021;22:00;595,00;68,22;57,17
30.06.2021;23:00;595,00;68,22;57,17
01.07.2021;00:00;617,00;70,88;59,53
01.07.2021;01:00;617,00;70,88;59,53
01.07.2021;02:00;530,00;60,88;51,14
01.07.2021;03:00;489,98;56,29;47,27
01.07.2021;04:00;424,01;48,71;40,91
01.07.2021;05:00;372,50;42,79;35,94
01.07.2021;06:00;371,34;42,66;35,83
01.07.2021;07:00;424,97;48,82;41,00
01.07.2021;08:00;617,00;70,88;59,53
01.07.2021;09:00;617,00;70,88;59,53
01.07.2021;10:00;617,00;70,88;59,53
01.07.2021;11:00;617,00;70,88;59,53
01.07.2021;12:00;617,00;70,88;59,53
01.07.2021;13:00;617,00;70,88;59,53
01.07.2021;14:00;617,00;70,88;59,53
01.07.2021;15:00;617,00;70,88;59,53
01.07.2021;16:00;617,00;70,88;59,53
01.07.2021;17:00;617,00;70,88;59,53
01.07.2021;18:00;617,00;70,88;59,53
01.07.2021;19:00;617,00;70,88;59,53
01.07.2021;20:00;617,00;70,88;59,53
01.07.2021;21:00;617,00;70,88;59,53
01.07.2021;22:00;617,00;70,88;59,53
01.07.2021;23:00;617,00;70,88;59,53
02.07.2021;00:00;617,00;71,08;59,76
02.07.2021;01:00;617,00;71,08;59,76
02.07.2021;02:00;575,01;66,24;55,69
02.07.2021;03:00;498,98;57,48;48,33
02.07.2021;04:00;449,98;51,84;43,58
02.07.2021;05:00;370,00;42,63;35,84
02.07.2021;06:00;366,35;42,20;35,48
02.07.2021;07:00;378,34;43,59;36,64
02.07.2021;08:00;617,00;71,08;59,76
02.07.2021;09:00;617,00;71,08;59,76
02.07.2021;10:00;617,00;71,08;59,76
02.07.2021;11:00;617,00;71,08;59,76
02.07.2021;12:00;617,00;71,08;59,76
02.07.2021;13:00;617,00;71,08;59,76
02.07.2021;14:00;617,00;71,08;59,76
02.07.2021;15:00;617,00;71,08;59,76
02.07.2021;16:00;617,00;71,08;59,76
02.07.2021;17:00;617,00;71,08;59,76
02.07.2021;18:00;617,00;71,08;59,76
02.07.2021;19:00;617,00;71,08;59,76
02.07.2021;20:00;617,00;71,08;59,76
02.07.2021;21:00;617,00;71,08;59,76
02.07.2021;22:00;617,00;71,08;59,76
02.07.2021;23:00;617,00;71,08;59,76
03.07.2021;00:00;617,00;71,11;59,97
03.07.2021;01:00;498,99;57,51;48,50
03.07.2021;02:00;376,98;43,45;36,64
03.07.2021;03:00;372,98;42,99;36,25
03.07.2021;04:00;379,38;43,72;36,87
03.07.2021;05:00;365,78;42,16;35,55
03.07.2021;06:00;357,87;41,24;34,78
03.07.2021;07:00;353,01;40,68;34,31
03.07.2021;08:00;376,00;43,33;36,54
03.07.2021;09:00;595,00;68,57;57,83
03.07.2021;10:00;612,51;70,59;59,53
03.07.2021;11:00;612,50;70,59;59,53
03.07.2021;12:00;499,02;57,51;48,50
03.07.2021;13:00;586,99;67,65;57,05
03.07.2021;14:00;612,50;70,59;59,53
03.07.2021;15:00;594,73;68,54;57,80
03.07.2021;16:00;550,00;63,39;53,46
03.07.2021;17:00;586,98;67,65;57,05
03.07.2021;18:00;586,98;67,65;57,05
03.07.2021;19:00;612,50;70,59;59,53
03.07.2021;20:00;617,00;71,11;59,97
03.07.2021;21:00;617,00;71,11;59,97
03.07.2021;22:00;617,00;71,11;59,97
03.07.2021;23:00;598,29;68,95;58,15
04.07.2021;00:00;617,00;71,09;60,10
04.07.2021;01:00;616,99;71,08;60,10
04.07.2021;02:00;500,00;57,61;48,71
04.07.2021;03:00;423,18;48,76;41,22
04.07.2021;04:00;378,62;43,62;36,88
04.07.2021;05:00;361,51;41,65;35,22
04.07.2021;06:00;355,37;40,94;34,62
04.07.2021;07:00;353,05;40,68;34,39
04.07.2021;08:00;358,08;41,25;34,88
04.07.2021;09:00;358,82;41,34;34,95
04.07.2021;10:00;498,98;57,49;48,61
04.07.2021;11:00;498,99;57,49;48,61
04.07.2021;12:00;498,99;57,49;48,61
04.07.2021;13:00;549,99;63,37;53,58
04.07.2021;14:00;524,18;60,39;51,06
04.07.2021;15:00;550,00;63,37;53,58
04.07.2021;16:00;527,80;60,81;51,41
04.07.2021;17:00;550,00;63,37;53,58
04.07.2021;18:00;617,00;71,09;60,10
04.07.2021;19:00;617,00;71,09;60,10
04.07.2021;20:00;617,00;71,09;60,10
04.07.2021;21:00;617,00;71,09;60,10
04.07.2021;22:00;617,00;71,09;60,10
04.07.2021;23:00;617,00;71,09;60,10
05.07.2021;00:00;617,00;71,09;60,10
05.07.2021;01:00;586,99;67,63;57,18
05.07.2021;02:00;400,01;46,09;38,97
05.07.2021;03:00;376,34;43,36;36,66
05.07.2021;04:00;374,65;43,16;36,50
05.07.2021;05:00;364,58;42,00;35,51
05.07.2021;06:00;362,42;41,75;35,30
05.07.2021;07:00;379,83;43,76;37,00
05.07.2021;08:00;617,00;71,09;60,10
05.07.2021;09:00;617,00;71,09;60,10
05.07.2021;10:00;617,00;71,09;60,10
05.07.2021;11:00;617,00;71,09;60,10
05.07.2021;12:00;617,00;71,09;60,10
05.07.2021;13:00;617,00;71,09;60,10
05.07.2021;14:00;617,00;71,09;60,10
05.07.2021;15:00;617,00;71,09;60,10
05.07.2021;16:00;617,00;71,09;60,10
05.07.2021;17:00;617,00;71,09;60,10
05.07.2021;18:00;617,00;71,09;60,10
05.07.2021;19:00;617,00;71,09;60,10
05.07.2021;20:00;617,00;71,09;60,10
05.07.2021;21:00;617,00;71,09;60,10
05.07.2021;22:00;617,00;71,09;60,10
05.07.2021;23:00;617,00;71,09;60,10
06.07.2021;00:00;617,00;71,09;60,10
06.07.2021;01:00;617,00;71,09;60,10
06.07.2021;02:00;616,98;71,08;60,10
06.07.2021;03:00;616,50;71,03;60,05
06.07.2021;04:00;549,99;63,37;53,58
06.07.2021;05:00;376,75;43,41;36,70
06.07.2021;06:00;374,82;43,18;36,51
06.07.2021;07:00;379,84;43,76;37,00
06.07.2021;08:00;617,00;71,09;60,10
06.07.2021;09:00;617,00;71,09;60,10
06.07.2021;10:00;617,00;71,09;60,10
06.07.2021;11:00;617,00;71,09;60,10
06.07.2021;12:00;617,00;71,09;60,10
06.07.2021;13:00;617,00;71,09;60,10
06.07.2021;14:00;617,00;71,09;60,10
06.07.2021;15:00;617,00;71,09;60,10
06.07.2021;16:00;617,00;71,09;60,10
06.07.2021;17:00;617,00;71,09;60,10
06.07.2021;18:00;617,00;71,09;60,10
06.07.2021;19:00;617,00;71,09;60,10
06.07.2021;20:00;617,00;71,09;60,10
06.07.2021;21:00;617,00;71,09;60,10
06.07.2021;22:00;617,00;71,09;60,10
06.07.2021;23:00;617,00;71,09;60,10
07.07.2021;00:00;617,00;71,21;59,98
07.07.2021;01:00;616,61;71,16;59,94
07.07.2021;02:00;433,14;49,99;42,11
07.07.2021;03:00;403,84;46,61;39,26
07.07.2021;04:00;470,01;54,24;45,69
07.07.2021;05:00;371,65;42,89;36,13
07.07.2021;06:00;368,93;42,58;35,86
07.07.2021;07:00;367,94;42,46;35,77
07.07.2021;08:00;616,98;71,20;59,98
07.07.2021;09:00;617,00;71,21;59,98
07.07.2021;10:00;617,00;71,21;59,98
07.07.2021;11:00;617,00;71,21;59,98
07.07.2021;12:00;617,00;71,21;59,98
07.07.2021;13:00;617,00;71,21;59,98
07.07.2021;14:00;617,00;71,21;59,98
07.07.2021;15:00;617,00;71,21;59,98
07.07.2021;16:00;617,00;71,21;59,98
07.07.2021;17:00;617,00;71,21;59,98
07.07.2021;18:00;617,00;71,21;59,98
07.07.2021;19:00;617,00;71,21;59,98
07.07.2021;20:00;617,00;71,21;59,98
07.07.2021;21:00;617,00;71,21;59,98
07.07.2021;22:00;617,00;71,21;59,98
07.07.2021;23:00;610,10;70,41;59,31
08.07.2021;00:00;616,70;71,28;60,13
08.07.2021;01:00;512,07;59,19;49,93
08.07.2021;02:00;378,52;43,75;36,91
08.07.2021;03:00;371,50;42,94;36,22
08.07.2021;04:00;373,63;43,19;36,43
08.07.2021;05:00;358,86;41,48;34,99
08.07.2021;06:00;355,35;41,07;34,65
08.07.2021;07:00;351,34;40,61;34,26
08.07.2021;08:00;449,13;51,91;43,79
08.07.2021;09:00;599,98;69,35;58,50
08.07.2021;10:00;616,60;71,27;60,12
08.07.2021;11:00;616,66;71,28;60,13
08.07.2021;12:00;597,09;69,02;58,22
08.07.2021;13:00;599,98;69,35;58,50
08.07.2021;14:00;616,86;71,30;60,15
08.07.2021;15:00;616,86;71,30;60,15
08.07.2021;16:00;616,90;71,31;60,15
08.07.2021;17:00;616,61;71,27;60,12
08.07.2021;18:00;597,10;69,02;58,22
08.07.2021;19:00;597,10;69,02;58,22
08.07.2021;20:00;616,55;71,27;60,11
08.07.2021;21:00;616,54;71,26;60,11
08.07.2021;22:00;599,98;69,35;58,50
08.07.2021;23:00;372,26;43,03;36,30
09.07.2021;00:00;499,29;57,62;48,73
09.07.2021;01:00;409,84;47,29;40,00
09.07.2021;02:00;378,90;43,72;36,98
09.07.2021;03:00;371,60;42,88;36,26
09.07.2021;04:00;371,71;42,89;36,28
09.07.2021;05:00;356,36;41,12;34,78
09.07.2021;06:00;353,99;40,85;34,55
09.07.2021;07:00;347,65;40,12;33,93
09.07.2021;08:00;366,41;42,28;35,76
09.07.2021;09:00;448,95;51,81;43,81
09.07.2021;10:00;520,63;60,08;50,81
09.07.2021;11:00;532,53;61,45;51,97
09.07.2021;12:00;353,99;40,85;34,55
09.07.2021;13:00;357,18;41,22;34,86
09.07.2021;14:00;587,10;67,75;57,30
09.07.2021;15:00;595,00;68,66;58,07
09.07.2021;16:00;596,08;68,79;58,17
09.07.2021;17:00;587,09;67,75;57,29
09.07.2021;18:00;500,00;57,70;48,80
09.07.2021;19:00;497,00;57,35;48,50
09.07.2021;20:00;596,08;68,79;58,17
09.07.2021;21:00;596,09;68,79;58,17
09.07.2021;22:00;596,08;68,79;58,17
09.07.2021;23:00;497,00;57,35;48,50
10.07.2021;00:00;617,00;71,03;60,07
10.07.2021;01:00;519,99;59,86;50,62
10.07.2021;02:00;379,43;43,68;36,94
10.07.2021;03:00;375,00;43,17;36,51
10.07.2021;04:00;375,00;43,17;36,51
10.07.2021;05:00;362,41;41,72;35,28
10.07.2021;06:00;354,78;40,84;34,54
10.07.2021;07:00;359,43;41,38;34,99
10.07.2021;08:00;376,10;43,30;36,61
10.07.2021;09:00;414,13;47,67;40,32
10.07.2021;10:00;500,00;57,56;48,68
10.07.2021;11:00;547,30;63,00;53,28
10.07.2021;12:00;414,12;47,67;40,32
10.07.2021;13:00;466,10;53,66;45,38
10.07.2021;14:00;497,02;57,22;48,39
10.07.2021;15:00;500,00;57,56;48,68
10.07.2021;16:00;497,00;57,21;48,38
10.07.2021;17:00;496,99;57,21;48,38
10.07.2021;18:00;497,01;57,22;48,38
10.07.2021;19:00;575,09;66,20;55,99
10.07.2021;20:00;586,99;67,57;57,14
10.07.2021;21:00;599,99;69,07;58,41
10.07.2021;22:00;586,98;67,57;57,14
10.07.2021;23:00;466,09;53,66;45,37
11.07.2021;00:00;497,00;57,31;48,39
11.07.2021;01:00;419,00;48,32;40,79
11.07.2021;02:00;373,08;43,02;36,32
11.07.2021;03:00;379,54;43,77;36,95
11.07.2021;04:00;380,01;43,82;37,00
11.07.2021;05:00;368,09;42,45;35,84
11.07.2021;06:00;359,60;41,47;35,01
11.07.2021;07:00;357,00;41,17;34,76
11.07.2021;08:00;361,95;41,74;35,24
11.07.2021;09:00;379,10;43,72;36,91
11.07.2021;10:00;380,01;43,82;37,00
11.07.2021;11:00;400,00;46,13;38,94
11.07.2021;12:00;372,07;42,91;36,22
11.07.2021;13:00;400,01;46,13;38,94
11.07.2021;14:00;380,01;43,82;37,00
11.07.2021;15:00;449,12;51,79;43,73
11.07.2021;16:00;431,05;49,71;41,97
11.07.2021;17:00;485,09;55,94;47,23
11.07.2021;18:00;380,01;43,82;37,00
11.07.2021;19:00;497,01;57,32;48,39
11.07.2021;20:00;617,00;71,15;60,07
11.07.2021;21:00;617,00;71,15;60,07
11.07.2021;22:00;617,00;71,15;60,07
11.07.2021;23:00;585,98;67,58;57,05
12.07.2021;00:00;513,09;59,17;49,95
12.07.2021;01:00;419,00;48,32;40,79
12.07.2021;02:00;377,10;43,49;36,71
12.07.2021;03:00;376,60;43,43;36,67
12.07.2021;04:00;374,74;43,22;36,48
12.07.2021;05:00;363,26;41,89;35,37
12.07.2021;06:00;360,52;41,58;35,10
12.07.2021;07:00;377,91;43,58;36,79
12.07.2021;08:00;599,99;69,19;58,41
12.07.2021;09:00;617,00;71,15;60,07
12.07.2021;10:00;617,00;71,15;60,07
12.07.2021;11:00;617,00;71,15;60,07
12.07.2021;12:00;617,00;71,15;60,07
12.07.2021;13:00;617,00;71,15;60,07
12.07.2021;14:00;617,00;71,15;60,07
12.07.2021;15:00;617,00;71,15;60,07
12.07.2021;16:00;617,00;71,15;60,07
12.07.2021;17:00;617,00;71,15;60,07
12.07.2021;18:00;617,00;71,15;60,07
12.07.2021;19:00;617,00;71,15;60,07
12.07.2021;20:00;617,00;71,15;60,07
12.07.2021;21:00;617,00;71,15;60,07
12.07.2021;22:00;617,00;71,15;60,07
12.07.2021;23:00;617,00;71,15;60,07
13.07.2021;00:00;550,00;63,43;53,55
13.07.2021;01:00;414,12;47,76;40,32
13.07.2021;02:00;370,52;42,73;36,07
13.07.2021;03:00;373,20;43,04;36,33
13.07.2021;04:00;375,97;43,36;36,60
13.07.2021;05:00;364,11;41,99;35,45
13.07.2021;06:00;357,73;41,25;34,83
13.07.2021;07:00;352,56;40,66;34,33
13.07.2021;08:00;400,01;46,13;38,94
13.07.2021;09:00;617,00;71,15;60,07
13.07.2021;10:00;617,00;71,15;60,07
13.07.2021;11:00;617,00;71,15;60,07
13.07.2021;12:00;586,98;67,69;57,15
13.07.2021;13:00;617,00;71,15;60,07
13.07.2021;14:00;617,00;71,15;60,07
13.07.2021;15:00;617,00;71,15;60,07
13.07.2021;16:00;617,00;71,15;60,07
13.07.2021;17:00;617,00;71,15;60,07
13.07.2021;18:00;599,99;69,19;58,41
13.07.2021;19:00;599,99;69,19;58,41
13.07.2021;20:00;617,00;71,15;60,07
13.07.2021;21:00;617,00;71,15;60,07
13.07.2021;22:00;616,99;71,15;60,07
13.07.2021;23:00;564,71;65,12;54,98
14.07.2021;00:00;580,00;67,19;56,67
14.07.2021;01:00;499,99;57,92;48,85
14.07.2021;02:00;397,21;46,02;38,81
14.07.2021;03:00;394,22;45,67;38,52
14.07.2021;04:00;390,00;45,18;38,10
14.07.2021;05:00;368,56;42,70;36,01
14.07.2021;06:00;365,62;42,36;35,72
14.07.2021;07:00;361,66;41,90;35,33
14.07.2021;08:00;496,02;57,46;48,46
14.07.2021;09:00;586,97;68,00;57,35
14.07.2021;10:00;600,00;69,51;58,62
14.07.2021;11:00;586,22;67,91;57,27
14.07.2021;12:00;541,42;62,72;52,90
14.07.2021;13:00;586,06;67,89;57,26
14.07.2021;14:00;586,99;68,00;57,35
14.07.2021;15:00;599,99;69,51;58,62
14.07.2021;16:00;616,99;71,48;60,28
14.07.2021;17:00;586,98;68,00;57,35
14.07.2021;18:00;585,00;67,77;57,15
14.07.2021;19:00;582,07;67,43;56,87
14.07.2021;20:00;586,98;68,00;57,35
14.07.2021;21:00;586,99;68,00;57,35
14.07.2021;22:00;586,97;68,00;57,35
14.07.2021;23:00;497,23;57,60;48,58
15.07.2021;00:00;517,99;60,21;50,82
15.07.2021;01:00;500,00;58,12;49,06
15.07.2021;02:00;400,00;46,49;39,24
15.07.2021;03:00;378,71;44,02;37,16
15.07.2021;04:00;384,99;44,75;37,77
15.07.2021;05:00;366,22;42,57;35,93
15.07.2021;06:00;356,73;41,46;35,00
15.07.2021;07:00;356,33;41,42;34,96
15.07.2021;08:00;366,27;42,57;35,93
15.07.2021;09:00;385,00;44,75;37,77
15.07.2021;10:00;400,01;46,49;39,25
15.07.2021;11:00;446,17;51,86;43,77
15.07.2021;12:00;375,01;43,59;36,79
15.07.2021;13:00;453,11;52,67;44,45
15.07.2021;14:00;578,33;67,22;56,74
15.07.2021;15:00;578,34;67,22;56,74
15.07.2021;16:00;499,19;58,02;48,98
15.07.2021;17:00;496,00;57,65;48,66
15.07.2021;18:00;514,99;59,86;50,53
15.07.2021;19:00;578,34;67,22;56,74
15.07.2021;20:00;617,00;71,72;60,53
15.07.2021;21:00;617,00;71,72;60,53
15.07.2021;22:00;617,00;71,72;60,53
15.07.2021;23:00;599,00;69,62;58,77
16.07.2021;00:00;517,98;60,14;51,00
16.07.2021;01:00;487,45;56,60;48,00
16.07.2021;02:00;379,62;44,08;37,38
16.07.2021;03:00;377,20;43,80;37,14
16.07.2021;04:00;390,01;45,29;38,40
16.07.2021;05:00;371,52;43,14;36,58
16.07.2021;06:00;368,12;42,74;36,25
16.07.2021;07:00;374,68;43,51;36,89
16.07.2021;08:00;617,00;71,64;60,75
16.07.2021;09:00;617,00;71,64;60,75
16.07.2021;10:00;617,00;71,64;60,75
16.07.2021;11:00;617,00;71,64;60,75
16.07.2021;12:00;617,00;71,64;60,75
16.07.2021;13:00;617,00;71,64;60,75
16.07.2021;14:00;617,00;71,64;60,75
16.07.2021;15:00;617,00;71,64;60,75
16.07.2021;16:00;617,00;71,64;60,75
16.07.2021;17:00;617,00;71,64;60,75
16.07.2021;18:00;617,00;71,64;60,75
16.07.2021;19:00;617,00;71,64;60,75
16.07.2021;20:00;617,00;71,64;60,75
16.07.2021;21:00;617,00;71,64;60,75
16.07.2021;22:00;617,00;71,64;60,75
16.07.2021;23:00;617,00;71,64;60,75
17.07.2021;00:00;617,00;71,64;60,75
17.07.2021;01:00;599,98;69,67;59,08
17.07.2021;02:00;599,99;69,67;59,08
17.07.2021;03:00;487,43;56,60;47,99
17.07.2021;04:00;486,56;56,50;47,91
17.07.2021;05:00;376,07;43,67;37,03
17.07.2021;06:00;364,56;42,33;35,90
17.07.2021;07:00;371,84;43,18;36,61
17.07.2021;08:00;599,99;69,67;59,08
17.07.2021;09:00;617,00;71,64;60,75
17.07.2021;10:00;617,00;71,64;60,75
17.07.2021;11:00;617,00;71,64;60,75
17.07.2021;12:00;617,00;71,64;60,75
17.07.2021;13:00;617,00;71,64;60,75
17.07.2021;14:00;617,00;71,64;60,75
17.07.2021;15:00;617,00;71,64;60,75
17.07.2021;16:00;617,00;71,64;60,75
17.07.2021;17:00;617,00;71,64;60,75
17.07.2021;18:00;617,00;71,64;60,75
17.07.2021;19:00;617,00;71,64;60,75
17.07.2021;20:00;617,00;71,64;60,75
17.07.2021;21:00;617,00;71,64;60,75
17.07.2021;22:00;617,00;71,64;60,75
17.07.2021;23:00;617,00;71,64;60,75
18.07.2021;00:00;617,00;72,50;61,40
18.07.2021;01:00;617,00;72,50;61,40
18.07.2021;02:00;549,99;64,63;54,73
18.07.2021;03:00;599,98;70,50;59,71
18.07.2021;04:00;500,00;58,76;49,76
18.07.2021;05:00;375,01;44,07;37,32
18.07.2021;06:00;362,87;42,64;36,11
18.07.2021;07:00;359,73;42,27;35,80
18.07.2021;08:00;350,17;41,15;34,85
18.07.2021;09:00;374,30;43,98;37,25
18.07.2021;10:00;444,66;52,25;44,25
18.07.2021;11:00;495,99;58,28;49,36
18.07.2021;12:00;444,67;52,25;44,25
18.07.2021;13:00;449,13;52,78;44,70
18.07.2021;14:00;495,99;58,28;49,36
18.07.2021;15:00;514,02;60,40;51,15
18.07.2021;16:00;521,79;61,32;51,93
18.07.2021;17:00;380,00;44,65;37,82
18.07.2021;18:00;550,00;64,63;54,74
18.07.2021;19:00;617,00;72,50;61,40
18.07.2021;20:00;617,00;72,50;61,40
18.07.2021;21:00;617,00;72,50;61,40
18.07.2021;22:00;617,00;72,50;61,40
18.07.2021;23:00;617,00;72,50;61,40
19.07.2021;00:00;617,00;72,50;61,40
19.07.2021;01:00;507,99;59,69;50,55
19.07.2021;02:00;499,99;58,75;49,76
19.07.2021;03:00;434,44;51,05;43,24
19.07.2021;04:00;433,66;50,96;43,16
19.07.2021;05:00;373,57;43,90;37,18
19.07.2021;06:00;362,55;42,60;36,08
19.07.2021;07:00;365,69;42,97;36,39
19.07.2021;08:00;368,99;43,36;36,72
19.07.2021;09:00;400,00;47,00;39,81
19.07.2021;10:00;518,95;60,98;51,65
19.07.2021;11:00;554,68;65,18;55,20
19.07.2021;12:00;449,13;52,78;44,70
19.07.2021;13:00;484,95;56,99;48,26
19.07.2021;14:00;449,13;52,78;44,70
19.07.2021;15:00;368,50;43,30;36,67
19.07.2021;16:00;376,98;44,30;37,52
19.07.2021;17:00;449,12;52,78;44,70
19.07.2021;18:00;548,12;64,41;54,55
19.07.2021;19:00;599,99;70,50;59,71
19.07.2021;20:00;617,00;72,50;61,40
19.07.2021;21:00;617,00;72,50;61,40
19.07.2021;22:00;617,00;72,50;61,40
19.07.2021;23:00;570,01;66,98;56,73
20.07.2021;00:00;617,00;72,50;61,40
20.07.2021;01:00;565,01;66,39;56,23
20.07.2021;02:00;565,00;66,39;56,23
20.07.2021;03:00;397,22;46,68;39,53
20.07.2021;04:00;438,13;51,48;43,60
20.07.2021;05:00;377,12;44,32;37,53
20.07.2021;06:00;363,66;42,73;36,19
20.07.2021;07:00;372,00;43,71;37,02
20.07.2021;08:00;358,59;42,14;35,69
20.07.2021;09:00;346,02;40,66;34,44
20.07.2021;10:00;345,48;40,60;34,38
20.07.2021;11:00;346,94;40,77;34,53
20.07.2021;12:00;350,01;41,13;34,83
20.07.2021;13:00;356,26;41,86;35,45
20.07.2021;14:00;375,02;44,07;37,32
20.07.2021;15:00;378,56;44,48;37,67
20.07.2021;16:00;373,29;43,87;37,15
20.07.2021;17:00;359,71;42,27;35,80
20.07.2021;18:00;400,00;47,00;39,81
20.07.2021;19:00;617,00;72,50;61,40
20.07.2021;20:00;617,00;72,50;61,40
20.07.2021;21:00;617,00;72,50;61,40
20.07.2021;22:00;617,00;72,50;61,40
20.07.2021;23:00;617,00;72,50;61,40
21.07.2021;00:00;617,00;72,50;61,40
21.07.2021;01:00;599,99;70,50;59,71
21.07.2021;02:00;605,00;71,09;60,21
21.07.2021;03:00;487,03;57,23;48,47
21.07.2021;04:00;400,00;47,00;39,81
21.07.2021;05:00;368,72;43,33;36,69
21.07.2021;06:00;350,01;41,13;34,83
21.07.2021;07:00;357,81;42,05;35,61
21.07.2021;08:00;354,87;41,70;35,32
21.07.2021;09:00;340,73;40,04;33,91
21.07.2021;10:00;357,21;41,98;35,55
21.07.2021;11:00;375,01;44,07;37,32
21.07.2021;12:00;371,42;43,65;36,96
21.07.2021;13:00;379,99;44,65;37,82
21.07.2021;14:00;378,39;44,46;37,66
21.07.2021;15:00;379,53;44,60;37,77
21.07.2021;16:00;400,00;47,00;39,81
21.07.2021;17:00;595,04;69,92;59,22
21.07.2021;18:00;595,04;69,92;59,22
21.07.2021;19:00;617,00;72,50;61,40
21.07.2021;20:00;617,00;72,50;61,40
21.07.2021;21:00;617,00;72,50;61,40
21.07.2021;22:00;617,00;72,50;61,40
21.07.2021;23:00;617,00;72,50;61,40
22.07.2021;00:00;617,00;72,50;61,40
22.07.2021;01:00;519,99;61,10;51,75
22.07.2021;02:00;379,99;44,65;37,82
22.07.2021;03:00;375,00;44,07;37,32
22.07.2021;04:00;380,00;44,65;37,82
22.07.2021;05:00;371,95;43,71;37,02
22.07.2021;06:00;356,79;41,93;35,51
22.07.2021;07:00;354,07;41,61;35,24
22.07.2021;08:00;349,79;41,10;34,81
22.07.2021;09:00;340,00;39,95;33,84
22.07.2021;10:00;350,01;41,13;34,83
22.07.2021;11:00;365,75;42,98;36,40
22.07.2021;12:00;371,13;43,61;36,93
22.07.2021;13:00;400,00;47,00;39,81
22.07.2021;14:00;389,42;45,76;38,75
22.07.2021;15:00;365,97;43,01;36,42
22.07.2021;16:00;268,00;31,49;26,67
22.07.2021;17:00;325,00;38,19;32,34
22.07.2021;18:00;371,74;43,68;37,00
22.07.2021;19:00;389,42;45,76;38,75
22.07.2021;20:00;604,99;71,09;60,21
22.07.2021;21:00;617,00;72,50;61,40
22.07.2021;22:00;616,99;72,50;61,40
22.07.2021;23:00;389,43;45,76;38,76
23.07.2021;00:00;565,00;66,39;56,23
23.07.2021;01:00;397,21;46,68;39,53
23.07.2021;02:00;374,61;44,02;37,28
23.07.2021;03:00;388,22;45,62;38,64
23.07.2021;04:00;412,51;48,47;41,05
23.07.2021;05:00;376,54;44,25;37,47
23.07.2021;06:00;364,32;42,81;36,26
23.07.2021;07:00;363,49;42,71;36,17
23.07.2021;08:00;360,95;42,42;35,92
23.07.2021;09:00;345,55;40,61;34,39
23.07.2021;10:00;356,31;41,87;35,46
23.07.2021;11:00;380,00;44,65;37,82
23.07.2021;12:00;371,13;43,61;36,93
23.07.2021;13:00;361,03;42,42;35,93
23.07.2021;14:00;388,22;45,62;38,64
23.07.2021;15:00;389,99;45,83;38,81
23.07.2021;16:00;389,99;45,83;38,81
23.07.2021;17:00;449,13;52,78;44,70
23.07.2021;18:00;415,03;48,77;41,30
23.07.2021;19:00;462,44;54,34;46,02
23.07.2021;20:00;617,00;72,50;61,40
23.07.2021;21:00;617,00;72,50;61,40
23.07.2021;22:00;617,00;72,50;61,40
23.07.2021;23:00;617,00;72,50;61,40
24.07.2021;00:00;578,44;67,97;57,57
24.07.2021;01:00;517,98;60,87;51,55
24.07.2021;02:00;400,00;47,00;39,81
24.07.2021;03:00;377,46;44,36;37,56
24.07.2021;04:00;375,28;44,10;37,35
24.07.2021;05:00;363,29;42,69;36,15
24.07.2021;06:00;352,82;41,46;35,11
24.07.2021;07:00;353,24;41,51;35,15
24.07.2021;08:00;362,32;42,58;36,06
24.07.2021;09:00;380,00;44,65;37,82
24.07.2021;10:00;449,51;52,82;44,73
24.07.2021;11:00;400,01;47,01;39,81
24.07.2021;12:00;400,00;47,00;39,81
24.07.2021;13:00;527,00;61,93;52,45
24.07.2021;14:00;565,01;66,39;56,23
24.07.2021;15:00;572,69;67,30;56,99
24.07.2021;16:00;578,44;67,97;57,57
24.07.2021;17:00;616,99;72,50;61,40
24.07.2021;18:00;617,00;72,50;61,40
24.07.2021;19:00;617,00;72,50;61,40
24.07.2021;20:00;617,00;72,50;61,40
24.07.2021;21:00;617,00;72,50;61,40
24.07.2021;22:00;617,00;72,50;61,40
24.07.2021;23:00;599,99;70,50;59,71
25.07.2021;00:00;517,99;60,87;51,55
25.07.2021;01:00;485,00;56,99;48,27
25.07.2021;02:00;387,44;45,53;38,56
25.07.2021;03:00;370,80;43,57;36,90
25.07.2021;04:00;479,31;56,32;47,70
25.07.2021;05:00;373,32;43,87;37,15
25.07.2021;06:00;358,69;42,15;35,70
25.07.2021;07:00;366,61;43,08;36,48
25.07.2021;08:00;364,81;42,87;36,31
25.07.2021;09:00;358,37;42,11;35,66
25.07.2021;10:00;387,44;45,53;38,56
25.07.2021;11:00;387,45;45,53;38,56
25.07.2021;12:00;379,99;44,65;37,82
25.07.2021;13:00;387,45;45,53;38,56
25.07.2021;14:00;387,45;45,53;38,56
25.07.2021;15:00;400,00;47,00;39,81
25.07.2021;16:00;379,99;44,65;37,82
25.07.2021;17:00;431,06;50,65;42,90
25.07.2021;18:00;423,03;49,71;42,10
25.07.2021;19:00;599,99;70,50;59,71
25.07.2021;20:00;617,00;72,50;61,40
25.07.2021;21:00;617,00;72,50;61,40
25.07.2021;22:00;617,00;72,50;61,40
25.07.2021;23:00;616,99;72,50;61,40
26.07.2021;00:00;517,99;60,87;51,55
26.07.2021;01:00;477,00;56,05;47,47
26.07.2021;02:00;375,83;44,16;37,40
26.07.2021;03:00;378,22;44,44;37,64
26.07.2021;04:00;387,27;45,51;38,54
26.07.2021;05:00;369,99;43,48;36,82
26.07.2021;06:00;367,38;43,17;36,56
26.07.2021;07:00;376,43;44,23;37,46
26.07.2021;08:00;617,00;72,50;61,40
26.07.2021;09:00;617,00;72,50;61,40
26.07.2021;10:00;617,00;72,50;61,40
26.07.2021;11:00;617,00;72,50;61,40
26.07.2021;12:00;617,00;72,50;61,40
26.07.2021;13:00;617,00;72,50;61,40
26.07.2021;14:00;617,00;72,50;61,40
26.07.2021;15:00;617,00;72,50;61,40
26.07.2021;16:00;617,00;72,50;61,40
26.07.2021;17:00;617,00;72,50;61,40
26.07.2021;18:00;617,00;72,50;61,40
26.07.2021;19:00;617,00;72,50;61,40
26.07.2021;20:00;617,00;72,50;61,40
26.07.2021;21:00;617,00;72,50;61,40
26.07.2021;22:00;617,00;72,50;61,40
26.07.2021;23:00;617,00;72,50;61,40
27.07.2021;00:00;617,00;72,50;61,40
27.07.2021;01:00;545,00;64,04;54,24
27.07.2021;02:00;520,92;61,21;51,84
27.07.2021;03:00;414,12;48,66;41,21
27.07.2021;04:00;400,01;47,01;39,81
27.07.2021;05:00;375,75;44,15;37,39
27.07.2021;06:00;368,37;43,29;36,66
27.07.2021;07:00;373,87;43,93;37,21
27.07.2021;08:00;617,00;72,50;61,40
27.07.2021;09:00;617,00;72,50;61,40
27.07.2021;10:00;617,00;72,50;61,40
27.07.2021;11:00;617,00;72,50;61,40
27.07.2021;12:00;617,00;72,50;61,40
27.07.2021;13:00;617,00;72,50;61,40
27.07.2021;14:00;617,00;72,50;61,40
27.07.2021;15:00;617,00;72,50;61,40
27.07.2021;16:00;617,00;72,50;61,40
27.07.2021;17:00;617,00;72,50;61,40
27.07.2021;18:00;617,00;72,50;61,40
27.07.2021;19:00;617,00;72,50;61,40
27.07.2021;20:00;617,00;72,50;61,40
27.07.2021;21:00;617,00;72,50;61,40
27.07.2021;22:00;617,00;72,50;61,40
27.07.2021;23:00;617,00;72,50;61,40
28.07.2021;00:00;605,00;70,57;59,87
28.07.2021;01:00;521,98;60,89;51,66
28.07.2021;02:00;473,16;55,19;46,82
28.07.2021;03:00;379,55;44,27;37,56
28.07.2021;04:00;388,64;45,33;38,46
28.07.2021;05:00;379,77;44,30;37,58
28.07.2021;06:00;373,19;43,53;36,93
28.07.2021;07:00;369,11;43,05;36,53
28.07.2021;08:00;596,60;69,59;59,04
28.07.2021;09:00;617,00;71,97;61,06
28.07.2021;10:00;617,00;71,97;61,06
28.07.2021;11:00;617,00;71,97;61,06
28.07.2021;12:00;617,00;71,97;61,06
28.07.2021;13:00;617,00;71,97;61,06
28.07.2021;14:00;617,00;71,97;61,06
28.07.2021;15:00;617,00;71,97;61,06
28.07.2021;16:00;617,00;71,97;61,06
28.07.2021;17:00;617,00;71,97;61,06
28.07.2021;18:00;617,00;71,97;61,06
28.07.2021;19:00;617,00;71,97;61,06
28.07.2021;20:00;617,00;71,97;61,06
28.07.2021;21:00;617,00;71,97;61,06
28.07.2021;22:00;617,00;71,97;61,06
28.07.2021;23:00;599,99;69,99;59,38
29.07.2021;00:00;617,00;72,08;61,15
29.07.2021;01:00;521,99;60,98;51,74
29.07.2021;02:00;516,60;60,35;51,20
29.07.2021;03:00;396,90;46,36;39,34
29.07.2021;04:00;396,91;46,37;39,34
29.07.2021;05:00;378,10;44,17;37,47
29.07.2021;06:00;371,05;43,34;36,78
29.07.2021;07:00;377,94;44,15;37,46
29.07.2021;08:00;617,00;72,08;61,15
29.07.2021;09:00;617,00;72,08;61,15
29.07.2021;10:00;617,00;72,08;61,15
29.07.2021;11:00;617,00;72,08;61,15
29.07.2021;12:00;617,00;72,08;61,15
29.07.2021;13:00;617,00;72,08;61,15
29.07.2021;14:00;617,00;72,08;61,15
29.07.2021;15:00;617,00;72,08;61,15
29.07.2021;16:00;617,00;72,08;61,15
29.07.2021;17:00;617,00;72,08;61,15
29.07.2021;18:00;617,00;72,08;61,15
29.07.2021;19:00;617,00;72,08;61,15
29.07.2021;20:00;617,00;72,08;61,15
29.07.2021;21:00;617,00;72,08;61,15
29.07.2021;22:00;617,00;72,08;61,15
29.07.2021;23:00;617,00;72,08;61,15
30.07.2021;00:00;617,00;72,21;61,13
30.07.2021;01:00;617,00;72,21;61,13
30.07.2021;02:00;550,00;64,37;54,49
30.07.2021;03:00;555,01;64,95;54,99
30.07.2021;04:00;500,01;58,52;49,54
30.07.2021;05:00;400,00;46,81;39,63
30.07.2021;06:00;383,30;44,86;37,98
30.07.2021;07:00;554,01;64,84;54,89
30.07.2021;08:00;617,00;72,21;61,13
30.07.2021;09:00;617,00;72,21;61,13
30.07.2021;10:00;617,00;72,21;61,13
30.07.2021;11:00;617,00;72,21;61,13
30.07.2021;12:00;617,00;72,21;61,13
30.07.2021;13:00;617,00;72,21;61,13
30.07.2021;14:00;617,00;72,21;61,13
30.07.2021;15:00;617,00;72,21;61,13
30.07.2021;16:00;617,00;72,21;61,13
30.07.2021;17:00;617,00;72,21;61,13
30.07.2021;18:00;617,00;72,21;61,13
30.07.2021;19:00;617,00;72,21;61,13
30.07.2021;20:00;617,00;72,21;61,13
30.07.2021;21:00;617,00;72,21;61,13
30.07.2021;22:00;617,00;72,21;61,13
30.07.2021;23:00;617,00;72,21;61,13
31.07.2021;00:00;617,00;72,61;61,17
31.07.2021;01:00;617,00;72,61;61,17
31.07.2021;02:00;599,99;70,61;59,49
31.07.2021;03:00;554,00;65,20;54,93
31.07.2021;04:00;555,00;65,31;55,03
31.07.2021;05:00;478,20;56,28;47,41
31.07.2021;06:00;396,60;46,67;39,32
31.07.2021;07:00;377,54;44,43;37,43
31.07.2021;08:00;599,99;70,61;59,49
31.07.2021;09:00;617,00;72,61;61,17
31.07.2021;10:00;617,00;72,61;61,17
31.07.2021;11:00;617,00;72,61;61,17
31.07.2021;12:00;617,00;72,61;61,17
31.07.2021;13:00;617,00;72,61;61,17
31.07.2021;14:00;617,00;72,61;61,17
31.07.2021;15:00;617,00;72,61;61,17
31.07.2021;16:00;617,00;72,61;61,17
31.07.2021;17:00;617,00;72,61;61,17
31.07.2021;18:00;617,00;72,61;61,17
31.07.2021;19:00;617,00;72,61;61,17
31.07.2021;20:00;617,00;72,61;61,17
31.07.2021;21:00;617,00;72,61;61,17
31.07.2021;22:00;617,00;72,61;61,17
31.07.2021;23:00;617,00;72,61;61,17
01.08.2021;00:00;636,00;75,59;63,55
01.08.2021;01:00;636,00;75,59;63,55
01.08.2021;02:00;599,99;71,31;59,95
01.08.2021;03:00;636,00;75,59;63,55
01.08.2021;04:00;599,98;71,31;59,95
01.08.2021;05:00;454,26;53,99;45,39
01.08.2021;06:00;379,46;45,10;37,91
01.08.2021;07:00;364,80;43,36;36,45
01.08.2021;08:00;379,47;45,10;37,92
01.08.2021;09:00;379,46;45,10;37,91
01.08.2021;10:00;515,00;61,21;51,46
01.08.2021;11:00;599,99;71,31;59,95
01.08.2021;12:00;599,98;71,31;59,95
01.08.2021;13:00;509,20;60,52;50,88
01.08.2021;14:00;509,19;60,52;50,88
01.08.2021;15:00;509,20;60,52;50,88
01.08.2021;16:00;509,20;60,52;50,88
01.08.2021;17:00;636,00;75,59;63,55
01.08.2021;18:00;636,00;75,59;63,55
01.08.2021;19:00;636,00;75,59;63,55
01.08.2021;20:00;636,00;75,59;63,55
01.08.2021;21:00;636,00;75,59;63,55
01.08.2021;22:00;636,00;75,59;63,55
01.08.2021;23:00;636,00;75,59;63,55
02.08.2021;00:00;636,00;75,59;63,55
02.08.2021;01:00;632,99;75,23;63,25
02.08.2021;02:00;517,98;61,56;51,75
02.08.2021;03:00;497,70;59,15;49,73
02.08.2021;04:00;414,13;49,22;41,38
02.08.2021;05:00;450,00;53,48;44,96
02.08.2021;06:00;394,41;46,88;39,41
02.08.2021;07:00;549,01;65,25;54,85
02.08.2021;08:00;636,00;75,59;63,55
02.08.2021;09:00;636,00;75,59;63,55
02.08.2021;10:00;636,00;75,59;63,55
02.08.2021;11:00;636,00;75,59;63,55
02.08.2021;12:00;636,00;75,59;63,55
02.08.2021;13:00;636,00;75,59;63,55
02.08.2021;14:00;636,00;75,59;63,55
02.08.2021;15:00;636,00;75,59;63,55
02.08.2021;16:00;636,00;75,59;63,55
02.08.2021;17:00;636,00;75,59;63,55
02.08.2021;18:00;636,00;75,59;63,55
02.08.2021;19:00;636,00;75,59;63,55
02.08.2021;20:00;636,00;75,59;63,55
02.08.2021;21:00;636,00;75,59;63,55
02.08.2021;22:00;636,00;75,59;63,55
02.08.2021;23:00;636,00;75,59;63,55
03.08.2021;00:00;636,00;75,59;63,55
03.08.2021;01:00;636,00;75,59;63,55
03.08.2021;02:00;636,00;75,59;63,55
03.08.2021;03:00;599,98;71,31;59,95
03.08.2021;04:00;599,99;71,31;59,95
03.08.2021;05:00;549,00;65,25;54,85
03.08.2021;06:00;451,26;53,63;45,09
03.08.2021;07:00;550,01;65,37;54,95
03.08.2021;08:00;636,00;75,59;63,55
03.08.2021;09:00;636,00;75,59;63,55
03.08.2021;10:00;636,00;75,59;63,55
03.08.2021;11:00;636,00;75,59;63,55
03.08.2021;12:00;636,00;75,59;63,55
03.08.2021;13:00;636,00;75,59;63,55
03.08.2021;14:00;636,00;75,59;63,55
03.08.2021;15:00;636,00;75,59;63,55
03.08.2021;16:00;636,00;75,59;63,55
03.08.2021;17:00;636,00;75,59;63,55
03.08.2021;18:00;636,00;75,59;63,55
03.08.2021;19:00;636,00;75,59;63,55
03.08.2021;20:00;636,00;75,59;63,55
03.08.2021;21:00;636,00;75,59;63,55
03.08.2021;22:00;636,00;75,59;63,55
03.08.2021;23:00;636,00;75,59;63,55
04.08.2021;00:00;636,00;75,85;63,81
04.08.2021;01:00;636,00;75,85;63,81
04.08.2021;02:00;636,00;75,85;63,81
04.08.2021;03:00;599,98;71,55;60,19
04.08.2021;04:00;599,98;71,55;60,19
04.08.2021;05:00;548,56;65,42;55,03
04.08.2021;06:00;413,57;49,32;41,49
04.08.2021;07:00;636,00;75,85;63,81
04.08.2021;08:00;636,00;75,85;63,81
04.08.2021;09:00;636,00;75,85;63,81
04.08.2021;10:00;636,00;75,85;63,81
04.08.2021;11:00;636,00;75,85;63,81
04.08.2021;12:00;636,00;75,85;63,81
04.08.2021;13:00;636,00;75,85;63,81
04.08.2021;14:00;636,00;75,85;63,81
04.08.2021;15:00;636,00;75,85;63,81
04.08.2021;16:00;636,00;75,85;63,81
04.08.2021;17:00;636,00;75,85;63,81
04.08.2021;18:00;636,00;75,85;63,81
04.08.2021;19:00;636,00;75,85;63,81
04.08.2021;20:00;636,00;75,85;63,81
04.08.2021;21:00;636,00;75,85;63,81
04.08.2021;22:00;636,00;75,85;63,81
04.08.2021;23:00;636,00;75,85;63,81
05.08.2021;00:00;636,00;76,42;64,30
05.08.2021;01:00;636,00;76,42;64,30
05.08.2021;02:00;636,00;76,42;64,30
05.08.2021;03:00;636,00;76,42;64,30
05.08.2021;04:00;636,00;76,42;64,30
05.08.2021;05:00;599,99;72,09;60,66
05.08.2021;06:00;595,56;71,56;60,21
05.08.2021;07:00;636,00;76,42;64,30
05.08.2021;08:00;636,00;76,42;64,30
05.08.2021;09:00;636,00;76,42;64,30
05.08.2021;10:00;636,00;76,42;64,30
05.08.2021;11:00;636,00;76,42;64,30
05.08.2021;12:00;636,00;76,42;64,30
05.08.2021;13:00;636,00;76,42;64,30
05.08.2021;14:00;636,00;76,42;64,30
05.08.2021;15:00;636,00;76,42;64,30
05.08.2021;16:00;636,00;76,42;64,30
05.08.2021;17:00;636,00;76,42;64,30
05.08.2021;18:00;636,00;76,42;64,30
05.08.2021;19:00;636,00;76,42;64,30
05.08.2021;20:00;636,00;76,42;64,30
05.08.2021;21:00;636,00;76,42;64,30
05.08.2021;22:00;636,00;76,42;64,30
05.08.2021;23:00;636,00;76,42;64,30
06.08.2021;00:00;636,00;75,54;63,67
06.08.2021;01:00;636,00;75,54;63,67
06.08.2021;02:00;636,00;75,54;63,67
06.08.2021;03:00;636,00;75,54;63,67
06.08.2021;04:00;636,00;75,54;63,67
06.08.2021;05:00;636,00;75,54;63,67
06.08.2021;06:00;636,00;75,54;63,67
06.08.2021;07:00;636,00;75,54;63,67
06.08.2021;08:00;636,00;75,54;63,67
06.08.2021;09:00;636,00;75,54;63,67
06.08.2021;10:00;636,00;75,54;63,67
06.08.2021;11:00;636,00;75,54;63,67
06.08.2021;12:00;636,00;75,54;63,67
06.08.2021;13:00;636,00;75,54;63,67
06.08.2021;14:00;636,00;75,54;63,67
06.08.2021;15:00;636,00;75,54;63,67
06.08.2021;16:00;636,00;75,54;63,67
06.08.2021;17:00;636,00;75,54;63,67
06.08.2021;18:00;636,00;75,54;63,67
06.08.2021;19:00;636,00;75,54;63,67
06.08.2021;20:00;636,00;75,54;63,67
06.08.2021;21:00;636,00;75,54;63,67
06.08.2021;22:00;636,00;75,54;63,67
06.08.2021;23:00;636,00;75,54;63,67
07.08.2021;00:00;636,00;74,59;62,99
07.08.2021;01:00;636,00;74,59;62,99
07.08.2021;02:00;636,00;74,59;62,99
07.08.2021;03:00;636,00;74,59;62,99
07.08.2021;04:00;636,00;74,59;62,99
07.08.2021;05:00;636,00;74,59;62,99
07.08.2021;06:00;470,00;55,12;46,55
07.08.2021;07:00;636,00;74,59;62,99
07.08.2021;08:00;636,00;74,59;62,99
07.08.2021;09:00;636,00;74,59;62,99
07.08.2021;10:00;636,00;74,59;62,99
07.08.2021;11:00;636,00;74,59;62,99
07.08.2021;12:00;636,00;74,59;62,99
07.08.2021;13:00;636,00;74,59;62,99
07.08.2021;14:00;636,00;74,59;62,99
07.08.2021;15:00;636,00;74,59;62,99
07.08.2021;16:00;636,00;74,59;62,99
07.08.2021;17:00;636,00;74,59;62,99
07.08.2021;18:00;636,00;74,59;62,99
07.08.2021;19:00;636,00;74,59;62,99
07.08.2021;20:00;636,00;74,59;62,99
07.08.2021;21:00;636,00;74,59;62,99
07.08.2021;22:00;636,00;74,59;62,99
07.08.2021;23:00;636,00;74,59;62,99
08.08.2021;00:00;636,00;74,28;62,88
08.08.2021;01:00;636,00;74,28;62,88
08.08.2021;02:00;594,56;69,44;58,78
08.08.2021;03:00;600,01;70,08;59,32
08.08.2021;04:00;544,19;63,56;53,80
08.08.2021;05:00;476,44;55,65;47,10
08.08.2021;06:00;370,90;43,32;36,67
08.08.2021;07:00;397,99;46,48;39,35
08.08.2021;08:00;397,21;46,39;39,27
08.08.2021;09:00;370,76;43,30;36,65
08.08.2021;10:00;434,56;50,76;42,96
08.08.2021;11:00;406,15;47,44;40,15
08.08.2021;12:00;434,56;50,76;42,96
08.08.2021;13:00;479,99;56,06;47,45
08.08.2021;14:00;490,00;57,23;48,44
08.08.2021;15:00;514,00;60,03;50,82
08.08.2021;16:00;514,01;60,03;50,82
08.08.2021;17:00;593,57;69,33;58,68
08.08.2021;18:00;594,56;69,44;58,78
08.08.2021;19:00;636,00;74,28;62,88
08.08.2021;20:00;636,00;74,28;62,88
08.08.2021;21:00;636,00;74,28;62,88
08.08.2021;22:00;636,00;74,28;62,88
08.08.2021;23:00;599,99;70,08;59,32
09.08.2021;00:00;494,01;57,70;48,84
09.08.2021;01:00;373,68;43,64;36,94
09.08.2021;02:00;494,02;57,70;48,84
09.08.2021;03:00;406,01;47,42;40,14
09.08.2021;04:00;397,22;46,39;39,27
09.08.2021;05:00;396,57;46,32;39,21
09.08.2021;06:00;378,65;44,22;37,43
09.08.2021;07:00;373,67;43,64;36,94
09.08.2021;08:00;536,54;62,67;53,04
09.08.2021;09:00;636,00;74,28;62,88
09.08.2021;10:00;636,00;74,28;62,88
09.08.2021;11:00;636,00;74,28;62,88
09.08.2021;12:00;636,00;74,28;62,88
09.08.2021;13:00;636,00;74,28;62,88
09.08.2021;14:00;636,00;74,28;62,88
09.08.2021;15:00;636,00;74,28;62,88
09.08.2021;16:00;636,00;74,28;62,88
09.08.2021;17:00;636,00;74,28;62,88
09.08.2021;18:00;636,00;74,28;62,88
09.08.2021;19:00;636,00;74,28;62,88
09.08.2021;20:00;636,00;74,28;62,88
09.08.2021;21:00;636,00;74,28;62,88
09.08.2021;22:00;636,00;74,28;62,88
09.08.2021;23:00;636,00;74,28;62,88
10.08.2021;00:00;636,00;74,28;62,88
10.08.2021;01:00;594,99;69,49;58,82
10.08.2021;02:00;497,71;58,13;49,21
10.08.2021;03:00;449,99;52,56;44,49
10.08.2021;04:00;396,61;46,32;39,21
10.08.2021;05:00;513,99;60,03;50,82
10.08.2021;06:00;396,61;46,32;39,21
10.08.2021;07:00;425,54;49,70;42,07
10.08.2021;08:00;636,00;74,28;62,88
10.08.2021;09:00;636,00;74,28;62,88
10.08.2021;10:00;636,00;74,28;62,88
10.08.2021;11:00;636,00;74,28;62,88
10.08.2021;12:00;636,00;74,28;62,88
10.08.2021;13:00;636,00;74,28;62,88
10.08.2021;14:00;636,00;74,28;62,88
10.08.2021;15:00;636,00;74,28;62,88
10.08.2021;16:00;636,00;74,28;62,88
10.08.2021;17:00;636,00;74,28;62,88
10.08.2021;18:00;636,00;74,28;62,88
10.08.2021;19:00;636,00;74,28;62,88
10.08.2021;20:00;636,00;74,28;62,88
10.08.2021;21:00;636,00;74,28;62,88
10.08.2021;22:00;636,00;74,28;62,88
10.08.2021;23:00;636,00;74,28;62,88
11.08.2021;00:00;551,99;63,87;54,32
11.08.2021;01:00;598,99;69,31;58,94
11.08.2021;02:00;598,90;69,30;58,93
11.08.2021;03:00;438,23;50,71;43,12
11.08.2021;04:00;417,33;48,29;41,07
11.08.2021;05:00;407,70;47,17;40,12
11.08.2021;06:00;374,05;43,28;36,81
11.08.2021;07:00;407,70;47,17;40,12
11.08.2021;08:00;636,00;73,59;62,58
11.08.2021;09:00;636,00;73,59;62,58
11.08.2021;10:00;636,00;73,59;62,58
11.08.2021;11:00;636,00;73,59;62,58
11.08.2021;12:00;636,00;73,59;62,58
11.08.2021;13:00;636,00;73,59;62,58
11.08.2021;14:00;636,00;73,59;62,58
11.08.2021;15:00;636,00;73,59;62,58
11.08.2021;16:00;636,00;73,59;62,58
11.08.2021;17:00;636,00;73,59;62,58
11.08.2021;18:00;636,00;73,59;62,58
11.08.2021;19:00;636,00;73,59;62,58
11.08.2021;20:00;636,00;73,59;62,58
11.08.2021;21:00;636,00;73,59;62,58
11.08.2021;22:00;636,00;73,59;62,58
11.08.2021;23:00;636,00;73,59;62,58
12.08.2021;00:00;550,99;63,92;54,49
12.08.2021;01:00;550,98;63,92;54,49
12.08.2021;02:00;397,22;46,08;39,29
12.08.2021;03:00;372,77;43,24;36,87
12.08.2021;04:00;445,91;51,73;44,10
12.08.2021;05:00;379,03;43,97;37,49
12.08.2021;06:00;365,80;42,43;36,18
12.08.2021;07:00;377,49;43,79;37,33
12.08.2021;08:00;519,91;60,31;51,42
12.08.2021;09:00;636,00;73,78;62,90
12.08.2021;10:00;636,00;73,78;62,90
12.08.2021;11:00;636,00;73,78;62,90
12.08.2021;12:00;636,00;73,78;62,90
12.08.2021;13:00;636,00;73,78;62,90
12.08.2021;14:00;636,00;73,78;62,90
12.08.2021;15:00;636,00;73,78;62,90
12.08.2021;16:00;636,00;73,78;62,90
12.08.2021;17:00;636,00;73,78;62,90
12.08.2021;18:00;636,00;73,78;62,90
12.08.2021;19:00;636,00;73,78;62,90
12.08.2021;20:00;636,00;73,78;62,90
12.08.2021;21:00;636,00;73,78;62,90
12.08.2021;22:00;636,00;73,78;62,90
12.08.2021;23:00;537,68;62,37;53,18
13.08.2021;00:00;588,89;68,28;58,30
13.08.2021;01:00;588,88;68,28;58,30
13.08.2021;02:00;399,88;46,37;39,59
13.08.2021;03:00;399,87;46,36;39,59
13.08.2021;04:00;437,30;50,70;43,29
13.08.2021;05:00;379,20;43,97;37,54
13.08.2021;06:00;364,23;42,23;36,06
13.08.2021;07:00;365,76;42,41;36,21
13.08.2021;08:00;376,37;43,64;37,26
13.08.2021;09:00;537,69;62,35;53,23
13.08.2021;10:00;588,89;68,28;58,30
13.08.2021;11:00;548,57;63,61;54,31
13.08.2021;12:00;400,00;46,38;39,60
13.08.2021;13:00;409,91;47,53;40,58
13.08.2021;14:00;636,00;73,74;62,96
13.08.2021;15:00;636,00;73,74;62,96
13.08.2021;16:00;636,00;73,74;62,96
13.08.2021;17:00;636,00;73,74;62,96
13.08.2021;18:00;545,03;63,20;53,96
13.08.2021;19:00;537,68;62,34;53,23
13.08.2021;20:00;600,00;69,57;59,40
13.08.2021;21:00;588,89;68,28;58,30
13.08.2021;22:00;487,71;56,55;48,28
13.08.2021;23:00;349,99;40,58;34,65
14.08.2021;00:00;533,89;62,28;53,05
14.08.2021;01:00;524,40;61,17;52,11
14.08.2021;02:00;410,01;47,83;40,74
14.08.2021;03:00;399,99;46,66;39,74
14.08.2021;04:00;460,16;53,68;45,72
14.08.2021;05:00;387,02;45,15;38,46
14.08.2021;06:00;360,34;42,04;35,80
14.08.2021;07:00;373,27;43,54;37,09
14.08.2021;08:00;387,01;45,15;38,45
14.08.2021;09:00;396,99;46,31;39,45
14.08.2021;10:00;414,13;48,31;41,15
14.08.2021;11:00;450,00;52,49;44,71
14.08.2021;12:00;396,99;46,31;39,45
14.08.2021;13:00;414,13;48,31;41,15
14.08.2021;14:00;500,01;58,33;49,68
14.08.2021;15:00;495,01;57,75;49,19
14.08.2021;16:00;414,13;48,31;41,15
14.08.2021;17:00;446,59;52,10;44,38
14.08.2021;18:00;400,00;46,66;39,75
14.08.2021;19:00;533,89;62,28;53,05
14.08.2021;20:00;600,00;69,99;59,62
14.08.2021;21:00;545,99;63,69;54,25
14.08.2021;22:00;500,01;58,33;49,68
14.08.2021;23:00;411,40;47,99;40,88
15.08.2021;00:00;500,00;58,58;49,87
15.08.2021;01:00;450,01;52,72;44,89
15.08.2021;02:00;400,01;46,86;39,90
15.08.2021;03:00;390,01;45,69;38,90
15.08.2021;04:00;382,96;44,86;38,20
15.08.2021;05:00;430,42;50,42;42,93
15.08.2021;06:00;363,48;42,58;36,26
15.08.2021;07:00;378,83;44,38;37,79
15.08.2021;08:00;363,72;42,61;36,28
15.08.2021;09:00;356,01;41,71;35,51
15.08.2021;10:00;396,26;46,42;39,53
15.08.2021;11:00;400,00;46,86;39,90
15.08.2021;12:00;368,38;43,16;36,75
15.08.2021;13:00;397,21;46,53;39,62
15.08.2021;14:00;396,25;46,42;39,53
15.08.2021;15:00;397,22;46,54;39,62
15.08.2021;16:00;396,26;46,42;39,53
15.08.2021;17:00;396,26;46,42;39,53
15.08.2021;18:00;414,12;48,52;41,31
15.08.2021;19:00;494,02;57,88;49,28
15.08.2021;20:00;636,00;74,51;63,44
15.08.2021;21:00;636,00;74,51;63,44
15.08.2021;22:00;636,00;74,51;63,44
15.08.2021;23:00;566,98;66,42;56,56
16.08.2021;00:00;500,01;58,58;49,88
16.08.2021;01:00;441,80;51,76;44,07
16.08.2021;02:00;379,81;44,50;37,89
16.08.2021;03:00;397,22;46,54;39,62
16.08.2021;04:00;400,00;46,86;39,90
16.08.2021;05:00;387,01;45,34;38,60
16.08.2021;06:00;370,28;43,38;36,94
16.08.2021;07:00;412,50;48,33;41,15
16.08.2021;08:00;636,00;74,51;63,44
16.08.2021;09:00;636,00;74,51;63,44
16.08.2021;10:00;636,00;74,51;63,44
16.08.2021;11:00;636,00;74,51;63,44
16.08.2021;12:00;636,00;74,51;63,44
16.08.2021;13:00;636,00;74,51;63,44
16.08.2021;14:00;636,00;74,51;63,44
16.08.2021;15:00;636,00;74,51;63,44
16.08.2021;16:00;636,00;74,51;63,44
16.08.2021;17:00;636,00;74,51;63,44
16.08.2021;18:00;636,00;74,51;63,44
16.08.2021;19:00;636,00;74,51;63,44
16.08.2021;20:00;636,00;74,51;63,44
16.08.2021;21:00;636,00;74,51;63,44
16.08.2021;22:00;636,00;74,51;63,44
16.08.2021;23:00;636,00;74,51;63,44
17.08.2021;00:00;566,97;66,42;56,56
17.08.2021;01:00;560,99;65,72;55,96
17.08.2021;02:00;473,90;55,52;47,27
17.08.2021;03:00;386,09;45,23;38,51
17.08.2021;04:00;410,23;48,06;40,92
17.08.2021;05:00;384,10;45,00;38,31
17.08.2021;06:00;371,45;43,52;37,05
17.08.2021;07:00;371,07;43,47;37,01
17.08.2021;08:00;431,05;50,50;43,00
17.08.2021;09:00;636,00;74,51;63,44
17.08.2021;10:00;636,00;74,51;63,44
17.08.2021;11:00;636,00;74,51;63,44
17.08.2021;12:00;636,00;74,51;63,44
17.08.2021;13:00;636,00;74,51;63,44
17.08.2021;14:00;636,00;74,51;63,44
17.08.2021;15:00;636,00;74,51;63,44
17.08.2021;16:00;636,00;74,51;63,44
17.08.2021;17:00;636,00;74,51;63,44
17.08.2021;18:00;636,00;74,51;63,44
17.08.2021;19:00;636,00;74,51;63,44
17.08.2021;20:00;636,00;74,51;63,44
17.08.2021;21:00;636,00;74,51;63,44
17.08.2021;22:00;636,00;74,51;63,44
17.08.2021;23:00;636,00;74,51;63,44
18.08.2021;00:00;636,00;75,11;63,75
18.08.2021;01:00;600,00;70,85;60,14
18.08.2021;02:00;561,99;66,37;56,33
18.08.2021;03:00;598,99;70,73;60,04
18.08.2021;04:00;560,97;66,25;56,23
18.08.2021;05:00;464,65;54,87;46,58
18.08.2021;06:00;372,87;44,03;37,38
18.08.2021;07:00;404,09;47,72;40,51
18.08.2021;08:00;636,00;75,11;63,75
18.08.2021;09:00;636,00;75,11;63,75
18.08.2021;10:00;636,00;75,11;63,75
18.08.2021;11:00;636,00;75,11;63,75
18.08.2021;12:00;636,00;75,11;63,75
18.08.2021;13:00;636,00;75,11;63,75
18.08.2021;14:00;636,00;75,11;63,75
18.08.2021;15:00;636,00;75,11;63,75
18.08.2021;16:00;636,00;75,11;63,75
18.08.2021;17:00;636,00;75,11;63,75
18.08.2021;18:00;636,00;75,11;63,75
18.08.2021;19:00;636,00;75,11;63,75
18.08.2021;20:00;636,00;75,11;63,75
18.08.2021;21:00;636,00;75,11;63,75
18.08.2021;22:00;636,00;75,11;63,75
18.08.2021;23:00;636,00;75,11;63,75
19.08.2021;00:00;636,00;75,59;64,23
19.08.2021;01:00;610,00;72,50;61,60
19.08.2021;02:00;555,99;66,08;56,15
19.08.2021;03:00;578,12;68,71;58,38
19.08.2021;04:00;475,64;56,53;48,03
19.08.2021;05:00;379,11;45,06;38,29
19.08.2021;06:00;360,58;42,85;36,41
19.08.2021;07:00;364,23;43,29;36,78
19.08.2021;08:00;598,12;71,09;60,40
19.08.2021;09:00;636,00;75,59;64,23
19.08.2021;10:00;636,00;75,59;64,23
19.08.2021;11:00;636,00;75,59;64,23
19.08.2021;12:00;499,99;59,42;50,49
19.08.2021;13:00;636,00;75,59;64,23
19.08.2021;14:00;636,00;75,59;64,23
19.08.2021;15:00;636,00;75,59;64,23
19.08.2021;16:00;636,00;75,59;64,23
19.08.2021;17:00;636,00;75,59;64,23
19.08.2021;18:00;636,00;75,59;64,23
19.08.2021;19:00;636,00;75,59;64,23
19.08.2021;20:00;636,00;75,59;64,23
19.08.2021;21:00;636,00;75,59;64,23
19.08.2021;22:00;636,00;75,59;64,23
19.08.2021;23:00;585,01;69,53;59,08
20.08.2021;00:00;546,00;64,51;55,05
20.08.2021;01:00;465,00;54,94;46,89
20.08.2021;02:00;380,00;44,90;38,32
20.08.2021;03:00;378,87;44,77;38,20
20.08.2021;04:00;420,41;49,68;42,39
20.08.2021;05:00;398,09;47,04;40,14
20.08.2021;06:00;366,83;43,34;36,99
20.08.2021;07:00;364,22;43,04;36,73
20.08.2021;08:00;376,02;44,43;37,92
20.08.2021;09:00;547,10;64,64;55,17
20.08.2021;10:00;598,12;70,67;60,31
20.08.2021;11:00;636,00;75,15;64,13
20.08.2021;12:00;475,87;56,23;47,98
20.08.2021;13:00;420,41;49,68;42,39
20.08.2021;14:00;636,00;75,15;64,13
20.08.2021;15:00;599,99;70,89;60,50
20.08.2021;16:00;555,98;65,69;56,06
20.08.2021;17:00;555,98;65,69;56,06
20.08.2021;18:00;547,09;64,64;55,16
20.08.2021;19:00;526,25;62,18;53,06
20.08.2021;20:00;629,99;74,44;63,52
20.08.2021;21:00;555,97;65,69;56,06
20.08.2021;22:00;555,98;65,69;56,06
20.08.2021;23:00;480,01;56,72;48,40
21.08.2021;00:00;514,01;60,39;51,66
21.08.2021;01:00;598,11;70,27;60,12
21.08.2021;02:00;500,01;58,75;50,26
21.08.2021;03:00;400,22;47,02;40,23
21.08.2021;04:00;433,33;50,91;43,55
21.08.2021;05:00;397,10;46,66;39,91
21.08.2021;06:00;360,90;42,40;36,27
21.08.2021;07:00;364,56;42,83;36,64
21.08.2021;08:00;378,50;44,47;38,04
21.08.2021;09:00;550,01;64,62;55,28
21.08.2021;10:00;598,11;70,27;60,12
21.08.2021;11:00;559,66;65,76;56,25
21.08.2021;12:00;470,00;55,22;47,24
21.08.2021;13:00;474,10;55,70;47,65
21.08.2021;14:00;555,98;65,32;55,88
21.08.2021;15:00;584,99;68,73;58,80
21.08.2021;16:00;598,11;70,27;60,12
21.08.2021;17:00;482,84;56,73;48,53
21.08.2021;18:00;598,11;70,27;60,12
21.08.2021;19:00;600,01;70,50;60,31
21.08.2021;20:00;636,00;74,73;63,93
21.08.2021;21:00;598,11;70,27;60,12
21.08.2021;22:00;534,10;62,75;53,68
21.08.2021;23:00;400,01;47,00;40,21
22.08.2021;00:00;500,00;58,65;50,23
22.08.2021;01:00;555,97;65,21;55,85
22.08.2021;02:00;500,00;58,65;50,23
22.08.2021;03:00;500,00;58,65;50,23
22.08.2021;04:00;442,60;51,92;44,46
22.08.2021;05:00;399,89;46,91;40,17
22.08.2021;06:00;361,89;42,45;36,35
22.08.2021;07:00;378,11;44,35;37,98
22.08.2021;08:00;347,60;40,77;34,92
22.08.2021;09:00;275,01;32,26;27,63
22.08.2021;10:00;384,38;45,09;38,61
22.08.2021;11:00;400,00;46,92;40,18
22.08.2021;12:00;397,22;46,59;39,90
22.08.2021;13:00;397,21;46,59;39,90
22.08.2021;14:00;380,00;44,57;38,17
22.08.2021;15:00;399,89;46,91;40,17
22.08.2021;16:00;364,23;42,72;36,59
22.08.2021;17:00;397,21;46,59;39,90
22.08.2021;18:00;399,89;46,91;40,17
22.08.2021;19:00;500,00;58,65;50,23
22.08.2021;20:00;636,00;74,60;63,89
22.08.2021;21:00;555,97;65,21;55,85
22.08.2021;22:00;526,09;61,71;52,85
22.08.2021;23:00;456,10;53,50;45,82
23.08.2021;00:00;450,00;52,78;45,20
23.08.2021;01:00;470,00;55,13;47,21
23.08.2021;02:00;399,84;46,90;40,16
23.08.2021;03:00;376,03;44,11;37,77
23.08.2021;04:00;400,00;46,92;40,18
23.08.2021;05:00;377,86;44,32;37,96
23.08.2021;06:00;368,26;43,20;36,99
23.08.2021;07:00;371,45;43,57;37,31
23.08.2021;08:00;440,95;51,72;44,29
23.08.2021;09:00;469,99;55,13;47,21
23.08.2021;10:00;532,56;62,47;53,50
23.08.2021;11:00;556,09;65,23;55,86
23.08.2021;12:00;449,99;52,78;45,20
23.08.2021;13:00;544,99;63,93;54,74
23.08.2021;14:00;599,99;70,38;60,27
23.08.2021;15:00;629,99;73,90;63,28
23.08.2021;16:00;598,97;70,26;60,17
23.08.2021;17:00;598,98;70,26;60,17
23.08.2021;18:00;548,08;64,29;55,06
23.08.2021;19:00;533,62;62,59;53,60
23.08.2021;20:00;636,00;74,60;63,89
23.08.2021;21:00;556,10;65,23;55,86
23.08.2021;22:00;517,65;60,72;52,00
23.08.2021;23:00;400,01;46,92;40,18
24.08.2021;00:00;487,12;57,14;48,93
24.08.2021;01:00;544,97;63,92;54,74
24.08.2021;02:00;387,12;45,41;38,89
24.08.2021;03:00;375,31;44,02;37,70
24.08.2021;04:00;410,86;48,19;41,27
24.08.2021;05:00;400,00;46,92;40,18
24.08.2021;06:00;374,42;43,92;37,61
24.08.2021;07:00;387,01;45,39;38,88
24.08.2021;08:00;450,01;52,78;45,20
24.08.2021;09:00;636,00;74,60;63,89
24.08.2021;10:00;630,00;73,90;63,28
24.08.2021;11:00;599,00;70,26;60,17
24.08.2021;12:00;544,98;63,92;54,74
24.08.2021;13:00;636,00;74,60;63,89
24.08.2021;14:00;636,00;74,60;63,89
24.08.2021;15:00;636,00;74,60;63,89
24.08.2021;16:00;636,00;74,60;63,89
24.08.2021;17:00;636,00;74,60;63,89
24.08.2021;18:00;636,00;74,60;63,89
24.08.2021;19:00;636,00;74,60;63,89
24.08.2021;20:00;636,00;74,60;63,89
24.08.2021;21:00;636,00;74,60;63,89
24.08.2021;22:00;636,00;74,60;63,89
24.08.2021;23:00;598,98;70,26;60,17
25.08.2021;00:00;584,99;69,17;59,00
25.08.2021;01:00;560,01;66,22;56,48
25.08.2021;02:00;525,98;62,19;53,05
25.08.2021;03:00;499,99;59,12;50,43
25.08.2021;04:00;414,13;48,97;41,77
25.08.2021;05:00;412,45;48,77;41,60
25.08.2021;06:00;373,50;44,16;37,67
25.08.2021;07:00;377,19;44,60;38,04
25.08.2021;08:00;636,00;75,20;64,15
25.08.2021;09:00;636,00;75,20;64,15
25.08.2021;10:00;636,00;75,20;64,15
25.08.2021;11:00;636,00;75,20;64,15
25.08.2021;12:00;636,00;75,20;64,15
25.08.2021;13:00;636,00;75,20;64,15
25.08.2021;14:00;636,00;75,20;64,15
25.08.2021;15:00;636,00;75,20;64,15
25.08.2021;16:00;636,00;75,20;64,15
25.08.2021;17:00;636,00;75,20;64,15
25.08.2021;18:00;636,00;75,20;64,15
25.08.2021;19:00;636,00;75,20;64,15
25.08.2021;20:00;636,00;75,20;64,15
25.08.2021;21:00;636,00;75,20;64,15
25.08.2021;22:00;636,00;75,20;64,15
25.08.2021;23:00;636,00;75,20;64,15
26.08.2021;00:00;636,00;75,60;64,42
26.08.2021;01:00;636,00;75,60;64,42
26.08.2021;02:00;599,99;71,32;60,77
26.08.2021;03:00;500,00;59,43;50,64
26.08.2021;04:00;430,23;51,14;43,58
26.08.2021;05:00;404,07;48,03;40,93
26.08.2021;06:00;404,06;48,03;40,93
26.08.2021;07:00;544,00;64,66;55,10
26.08.2021;08:00;636,00;75,60;64,42
26.08.2021;09:00;636,00;75,60;64,42
26.08.2021;10:00;636,00;75,60;64,42
26.08.2021;11:00;636,00;75,60;64,42
26.08.2021;12:00;636,00;75,60;64,42
26.08.2021;13:00;636,00;75,60;64,42
26.08.2021;14:00;636,00;75,60;64,42
26.08.2021;15:00;636,00;75,60;64,42
26.08.2021;16:00;636,00;75,60;64,42
26.08.2021;17:00;636,00;75,60;64,42
26.08.2021;18:00;636,00;75,60;64,42
26.08.2021;19:00;636,00;75,60;64,42
26.08.2021;20:00;636,00;75,60;64,42
26.08.2021;21:00;636,00;75,60;64,42
26.08.2021;22:00;636,00;75,60;64,42
26.08.2021;23:00;636,00;75,60;64,42
27.08.2021;00:00;636,00;75,90;64,63
27.08.2021;01:00;636,00;75,90;64,63
27.08.2021;02:00;599,99;71,60;60,97
27.08.2021;03:00;500,01;59,67;50,81
27.08.2021;04:00;484,45;57,81;49,23
27.08.2021;05:00;484,44;57,81;49,23
27.08.2021;06:00;379,28;45,26;38,54
27.08.2021;07:00;501,40;59,84;50,95
27.08.2021;08:00;636,00;75,90;64,63
27.08.2021;09:00;636,00;75,90;64,63
27.08.2021;10:00;636,00;75,90;64,63
27.08.2021;11:00;636,00;75,90;64,63
27.08.2021;12:00;636,00;75,90;64,63
27.08.2021;13:00;636,00;75,90;64,63
27.08.2021;14:00;636,00;75,90;64,63
27.08.2021;15:00;636,00;75,90;64,63
27.08.2021;16:00;636,00;75,90;64,63
27.08.2021;17:00;636,00;75,90;64,63
27.08.2021;18:00;636,00;75,90;64,63
27.08.2021;19:00;636,00;75,90;64,63
27.08.2021;20:00;636,00;75,90;64,63
27.08.2021;21:00;636,00;75,90;64,63
27.08.2021;22:00;636,00;75,90;64,63
27.08.2021;23:00;636,00;75,90;64,63
28.08.2021;00:00;636,00;76,10;64,67
28.08.2021;01:00;636,00;76,10;64,67
28.08.2021;02:00;599,99;71,79;61,00
28.08.2021;03:00;636,00;76,10;64,67
28.08.2021;04:00;560,01;67,00;56,94
28.08.2021;05:00;525,97;62,93;53,48
28.08.2021;06:00;478,06;57,20;48,61
28.08.2021;07:00;378,30;45,26;38,46
28.08.2021;08:00;523,07;62,58;53,18
28.08.2021;09:00;636,00;76,10;64,67
28.08.2021;10:00;636,00;76,10;64,67
28.08.2021;11:00;636,00;76,10;64,67
28.08.2021;12:00;636,00;76,10;64,67
28.08.2021;13:00;636,00;76,10;64,67
28.08.2021;14:00;636,00;76,10;64,67
28.08.2021;15:00;636,00;76,10;64,67
28.08.2021;16:00;636,00;76,10;64,67
28.08.2021;17:00;636,00;76,10;64,67
28.08.2021;18:00;636,00;76,10;64,67
28.08.2021;19:00;636,00;76,10;64,67
28.08.2021;20:00;636,00;76,10;64,67
28.08.2021;21:00;636,00;76,10;64,67
28.08.2021;22:00;636,00;76,10;64,67
28.08.2021;23:00;635,99;76,10;64,66
29.08.2021;00:00;636,00;75,94;64,57
29.08.2021;01:00;636,00;75,94;64,57
29.08.2021;02:00;523,04;62,45;53,10
29.08.2021;03:00;449,13;53,63;45,60
29.08.2021;04:00;523,05;62,45;53,10
29.08.2021;05:00;475,21;56,74;48,25
29.08.2021;06:00;366,48;43,76;37,21
29.08.2021;07:00;372,75;44,51;37,84
29.08.2021;08:00;363,93;43,45;36,95
29.08.2021;09:00;361,87;43,21;36,74
29.08.2021;10:00;387,01;46,21;39,29
29.08.2021;11:00;400,00;47,76;40,61
29.08.2021;12:00;373,95;44,65;37,97
29.08.2021;13:00;427,02;50,99;43,35
29.08.2021;14:00;510,01;60,89;51,78
29.08.2021;15:00;549,99;65,67;55,84
29.08.2021;16:00;636,00;75,94;64,57
29.08.2021;17:00;636,00;75,94;64,57
29.08.2021;18:00;600,00;71,64;60,92
29.08.2021;19:00;636,00;75,94;64,57
29.08.2021;20:00;636,00;75,94;64,57
29.08.2021;21:00;636,00;75,94;64,57
29.08.2021;22:00;636,00;75,94;64,57
29.08.2021;23:00;523,02;62,45;53,10
30.08.2021;00:00;619,99;74,03;62,95
30.08.2021;01:00;550,01;65,67;55,84
30.08.2021;02:00;464,52;55,46;47,16
30.08.2021;03:00;475,35;56,76;48,26
30.08.2021;04:00;438,24;52,33;44,49
30.08.2021;05:00;375,00;44,77;38,07
30.08.2021;06:00;362,99;43,34;36,85
30.08.2021;07:00;364,23;43,49;36,98
30.08.2021;08:00;377,90;45,12;38,37
30.08.2021;09:00;514,01;61,37;52,19
30.08.2021;10:00;636,00;75,94;64,57
30.08.2021;11:00;579,64;69,21;58,85
30.08.2021;12:00;496,93;59,33;50,45
30.08.2021;13:00;509,08;60,78;51,69
30.08.2021;14:00;635,93;75,93;64,57
30.08.2021;15:00;636,00;75,94;64,57
30.08.2021;16:00;636,00;75,94;64,57
30.08.2021;17:00;636,00;75,94;64,57
30.08.2021;18:00;636,00;75,94;64,57
30.08.2021;19:00;636,00;75,94;64,57
30.08.2021;20:00;636,00;75,94;64,57
30.08.2021;21:00;636,00;75,94;64,57
30.08.2021;22:00;636,00;75,94;64,57
30.08.2021;23:00;514,00;61,37;52,19
31.08.2021;00:00;600,00;71,64;60,92
31.08.2021;01:00;555,00;66,27;56,35
31.08.2021;02:00;438,66;52,38;44,54
31.08.2021;03:00;449,99;53,73;45,69
31.08.2021;04:00;438,66;52,38;44,54
31.08.2021;05:00;410,00;48,95;41,63
31.08.2021;06:00;367,07;43,83;37,27
31.08.2021;07:00;362,47;43,28;36,80
31.08.2021;08:00;514,01;61,37;52,19
31.08.2021;09:00;636,00;75,94;64,57
31.08.2021;10:00;636,00;75,94;64,57
31.08.2021;11:00;636,00;75,94;64,57
31.08.2021;12:00;636,00;75,94;64,57
31.08.2021;13:00;636,00;75,94;64,57
31.08.2021;14:00;636,00;75,94;64,57
31.08.2021;15:00;636,00;75,94;64,57
31.08.2021;16:00;636,00;75,94;64,57
31.08.2021;17:00;636,00;75,94;64,57
31.08.2021;18:00;636,00;75,94;64,57
31.08.2021;19:00;636,00;75,94;64,57
31.08.2021;20:00;636,00;75,94;64,57
31.08.2021;21:00;636,00;75,94;64,57
31.08.2021;22:00;636,00;75,94;64,57
31.08.2021;23:00;636,00;75,94;64,57
01.09.2021;00:00;550,00;65,67;55,84
01.09.2021;01:00;575,21;68,68;58,40
01.09.2021;02:00;476,32;56,87;48,36
01.09.2021;03:00;514,01;61,37;52,19
01.09.2021;04:00;455,04;54,33;46,20
01.09.2021;05:00;410,88;49,06;41,72
01.09.2021;06:00;376,36;44,94;38,21
01.09.2021;07:00;410,87;49,06;41,72
01.09.2021;08:00;655,00;78,21;66,50
01.09.2021;09:00;674,00;80,47;68,43
01.09.2021;10:00;674,00;80,47;68,43
01.09.2021;11:00;674,00;80,47;68,43
01.09.2021;12:00;674,00;80,47;68,43
01.09.2021;13:00;674,00;80,47;68,43
01.09.2021;14:00;674,00;80,47;68,43
01.09.2021;15:00;674,00;80,47;68,43
01.09.2021;16:00;674,00;80,47;68,43
01.09.2021;17:00;674,00;80,47;68,43
01.09.2021;18:00;674,00;80,47;68,43
01.09.2021;19:00;674,00;80,47;68,43
01.09.2021;20:00;674,00;80,47;68,43
01.09.2021;21:00;674,00;80,47;68,43
01.09.2021;22:00;674,00;80,47;68,43
01.09.2021;23:00;550,00;65,67;55,84
02.09.2021;00:00;595,58;71,72;60,63
02.09.2021;01:00;550,00;66,23;55,99
02.09.2021;02:00;431,04;51,91;43,88
02.09.2021;03:00;397,22;47,83;40,44
02.09.2021;04:00;390,64;47,04;39,77
02.09.2021;05:00;377,40;45,45;38,42
02.09.2021;06:00;372,03;44,80;37,87
02.09.2021;07:00;371,98;44,79;37,87
02.09.2021;08:00;414,12;49,87;42,16
02.09.2021;09:00;600,00;72,25;61,08
02.09.2021;10:00;614,99;74,06;62,61
02.09.2021;11:00;615,00;74,06;62,61
02.09.2021;12:00;510,56;61,48;51,98
02.09.2021;13:00;545,02;65,63;55,49
02.09.2021;14:00;674,00;81,16;68,62
02.09.2021;15:00;674,00;81,16;68,62
02.09.2021;16:00;674,00;81,16;68,62
02.09.2021;17:00;674,00;81,16;68,62
02.09.2021;18:00;549,04;66,12;55,89
02.09.2021;19:00;614,99;74,06;62,61
02.09.2021;20:00;650,00;78,27;66,17
02.09.2021;21:00;545,01;65,63;55,48
02.09.2021;22:00;545,02;65,63;55,49
02.09.2021;23:00;387,02;46,60;39,40
03.09.2021;00:00;540,01;65,16;55,15
03.09.2021;01:00;454,84;54,88;46,45
03.09.2021;02:00;407,03;49,11;41,57
03.09.2021;03:00;400,00;48,26;40,85
03.09.2021;04:00;400,01;48,27;40,85
03.09.2021;05:00;379,36;45,77;38,75
03.09.2021;06:00;369,87;44,63;37,78
03.09.2021;07:00;377,89;45,60;38,60
03.09.2021;08:00;404,00;48,75;41,26
03.09.2021;09:00;514,00;62,02;52,50
03.09.2021;10:00;514,01;62,02;52,50
03.09.2021;11:00;540,01;65,16;55,15
03.09.2021;12:00;379,47;45,79;38,76
03.09.2021;13:00;379,17;45,75;38,73
03.09.2021;14:00;640,00;77,22;65,37
03.09.2021;15:00;600,00;72,40;61,28
03.09.2021;16:00;599,99;72,40;61,28
03.09.2021;17:00;640,00;77,22;65,37
03.09.2021;18:00;600,01;72,40;61,28
03.09.2021;19:00;674,00;81,33;68,84
03.09.2021;20:00;674,00;81,33;68,84
03.09.2021;21:00;674,00;81,33;68,84
03.09.2021;22:00;599,99;72,40;61,28
03.09.2021;23:00;437,54;52,79;44,69
04.09.2021;00:00;455,06;55,07;46,48
04.09.2021;01:00;449,33;54,38;45,89
04.09.2021;02:00;425,58;51,50;43,47
04.09.2021;03:00;451,59;54,65;46,12
04.09.2021;04:00;399,01;48,29;40,75
04.09.2021;05:00;399,00;48,29;40,75
04.09.2021;06:00;373,17;45,16;38,11
04.09.2021;07:00;378,48;45,80;38,66
04.09.2021;08:00;428,49;51,85;43,76
04.09.2021;09:00;480,00;58,09;49,02
04.09.2021;10:00;538,99;65,23;55,05
04.09.2021;11:00;550,01;66,56;56,17
04.09.2021;12:00;437,33;52,92;44,67
04.09.2021;13:00;524,99;63,53;53,62
04.09.2021;14:00;550,00;66,56;56,17
04.09.2021;15:00;550,00;66,56;56,17
04.09.2021;16:00;400,00;48,41;40,85
04.09.2021;17:00;489,77;59,27;50,02
04.09.2021;18:00;549,99;66,56;56,17
04.09.2021;19:00;640,00;77,45;65,37
04.09.2021;20:00;674,00;81,57;68,84
04.09.2021;21:00;600,00;72,61;61,28
04.09.2021;22:00;525,00;63,53;53,62
04.09.2021;23:00;468,13;56,65;47,81
05.09.2021;00:00;674,00;81,25;68,43
05.09.2021;01:00;674,00;81,25;68,43
05.09.2021;02:00;610,00;73,54;61,93
05.09.2021;03:00;610,01;73,54;61,93
05.09.2021;04:00;480,01;57,87;48,74
05.09.2021;05:00;400,01;48,22;40,61
05.09.2021;06:00;466,22;56,20;47,34
05.09.2021;07:00;378,89;45,68;38,47
05.09.2021;08:00;369,82;44,58;37,55
05.09.2021;09:00;369,27;44,52;37,49
05.09.2021;10:00;378,88;45,68;38,47
05.09.2021;11:00;466,21;56,20;47,33
05.09.2021;12:00;376,63;45,40;38,24
05.09.2021;13:00;378,37;45,61;38,42
05.09.2021;14:00;466,22;56,20;47,34
05.09.2021;15:00;525,00;63,29;53,30
05.09.2021;16:00;403,00;48,58;40,92
05.09.2021;17:00;524,00;63,17;53,20
05.09.2021;18:00;466,22;56,20;47,34
05.09.2021;19:00;669,99;80,77;68,02
05.09.2021;20:00;674,00;81,25;68,43
05.09.2021;21:00;619,99;74,74;62,95
05.09.2021;22:00;480,93;57,98;48,83
05.09.2021;23:00;466,21;56,20;47,33
06.09.2021;00:00;460,87;55,56;46,79
06.09.2021;01:00;400,01;48,22;40,61
06.09.2021;02:00;379,52;45,75;38,53
06.09.2021;03:00;447,03;53,89;45,39
06.09.2021;04:00;400,01;48,22;40,61
06.09.2021;05:00;414,15;49,93;42,05
06.09.2021;06:00;376,91;45,44;38,27
06.09.2021;07:00;370,00;44,61;37,57
06.09.2021;08:00;414,56;49,98;42,09
06.09.2021;09:00;539,00;64,98;54,73
06.09.2021;10:00;575,01;69,32;58,38
06.09.2021;11:00;599,99;72,33;60,92
06.09.2021;12:00;419,21;50,54;42,56
06.09.2021;13:00;440,01;53,05;44,67
06.09.2021;14:00;470,00;56,66;47,72
06.09.2021;15:00;500,00;60,28;50,77
06.09.2021;16:00;500,01;60,28;50,77
06.09.2021;17:00;630,00;75,95;63,96
06.09.2021;18:00;599,99;72,33;60,92
06.09.2021;19:00;674,00;81,25;68,43
06.09.2021;20:00;674,00;81,25;68,43
06.09.2021;21:00;540,98;65,22;54,93
06.09.2021;22:00;539,00;64,98;54,73
06.09.2021;23:00;428,04;51,60;43,46
07.09.2021;00:00;484,98;58,47;49,24
07.09.2021;01:00;539,00;64,98;54,73
07.09.2021;02:00;425,01;51,24;43,15
07.09.2021;03:00;429,99;51,84;43,66
07.09.2021;04:00;425,00;51,24;43,15
07.09.2021;05:00;425,01;51,24;43,15
07.09.2021;06:00;379,15;45,71;38,50
07.09.2021;07:00;403,01;48,58;40,92
07.09.2021;08:00;465,00;56,06;47,21
07.09.2021;09:00;536,18;64,64;54,44
07.09.2021;10:00;589,54;71,07;59,86
07.09.2021;11:00;615,00;74,14;62,44
07.09.2021;12:00;419,22;50,54;42,56
07.09.2021;13:00;470,00;56,66;47,72
07.09.2021;14:00;521,41;62,86;52,94
07.09.2021;15:00;538,99;64,98;54,72
07.09.2021;16:00;600,00;72,33;60,92
07.09.2021;17:00;669,99;80,77;68,02
07.09.2021;18:00;600,01;72,33;60,92
07.09.2021;19:00;674,00;81,25;68,43
07.09.2021;20:00;674,00;81,25;68,43
07.09.2021;21:00;640,00;77,15;64,98
07.09.2021;22:00;523,11;63,06;53,11
07.09.2021;23:00;470,00;56,66;47,72
08.09.2021;00:00;450,00;54,37;45,83
08.09.2021;01:00;499,97;60,41;50,91
08.09.2021;02:00;419,21;50,65;42,69
08.09.2021;03:00;469,66;56,74;47,83
08.09.2021;04:00;400,01;48,33;40,73
08.09.2021;05:00;440,01;53,16;44,81
08.09.2021;06:00;378,57;45,74;38,55
08.09.2021;07:00;449,13;54,26;45,74
08.09.2021;08:00;469,23;56,69;47,78
08.09.2021;09:00;639,99;77,32;65,17
08.09.2021;10:00;615,01;74,31;62,63
08.09.2021;11:00;600,01;72,49;61,10
08.09.2021;12:00;444,01;53,65;45,22
08.09.2021;13:00;449,99;54,37;45,82
08.09.2021;14:00;510,94;61,73;52,03
08.09.2021;15:00;549,00;66,33;55,91
08.09.2021;16:00;600,00;72,49;61,10
08.09.2021;17:00;669,99;80,95;68,23
08.09.2021;18:00;600,01;72,49;61,10
08.09.2021;19:00;674,00;81,43;68,64
08.09.2021;20:00;674,00;81,43;68,64
08.09.2021;21:00;599,99;72,49;61,10
08.09.2021;22:00;482,03;58,24;49,09
08.09.2021;23:00;428,00;51,71;43,58
09.09.2021;00:00;450,59;54,30;45,74
09.09.2021;01:00;459,99;55,43;46,70
09.09.2021;02:00;452,65;54,55;45,95
09.09.2021;03:00;447,80;53,96;45,46
09.09.2021;04:00;450,01;54,23;45,68
09.09.2021;05:00;451,87;54,45;45,87
09.09.2021;06:00;447,56;53,94;45,43
09.09.2021;07:00;449,10;54,12;45,59
09.09.2021;08:00;670,00;80,74;68,02
09.09.2021;09:00;620,00;74,72;62,94
09.09.2021;10:00;610,00;73,51;61,93
09.09.2021;11:00;660,00;79,54;67,00
09.09.2021;12:00;455,35;54,87;46,23
09.09.2021;13:00;459,36;55,36;46,63
09.09.2021;14:00;509,99;61,46;51,77
09.09.2021;15:00;510,00;61,46;51,77
09.09.2021;16:00;543,17;65,46;55,14
09.09.2021;17:00;670,00;80,74;68,02
09.09.2021;18:00;619,99;74,71;62,94
09.09.2021;19:00;674,00;81,22;68,42
09.09.2021;20:00;674,00;81,22;68,42
09.09.2021;21:00;670,00;80,74;68,02
09.09.2021;22:00;600,99;72,43;61,01
09.09.2021;23:00;499,97;60,25;50,76
10.09.2021;00:00;463,10;55,09;46,59
10.09.2021;01:00;517,45;61,56;52,06
10.09.2021;02:00;459,14;54,62;46,19
10.09.2021;03:00;455,69;54,21;45,85
10.09.2021;04:00;449,55;53,48;45,23
10.09.2021;05:00;448,47;53,35;45,12
10.09.2021;06:00;449,57;53,48;45,23
10.09.2021;07:00;454,18;54,03;45,69
10.09.2021;08:00;674,00;80,18;67,81
10.09.2021;09:00;659,99;78,51;66,40
10.09.2021;10:00;659,99;78,51;66,40
10.09.2021;11:00;669,00;79,58;67,31
10.09.2021;12:00;451,66;53,73;45,44
10.09.2021;13:00;448,13;53,31;45,09
10.09.2021;14:00;500,01;59,48;50,31
10.09.2021;15:00;540,01;64,24;54,33
10.09.2021;16:00;530,00;63,05;53,32
10.09.2021;17:00;639,99;76,13;64,39
10.09.2021;18:00;600,00;71,38;60,37
10.09.2021;19:00;674,00;80,18;67,81
10.09.2021;20:00;674,00;80,18;67,81
10.09.2021;21:00;669,99;79,70;67,41
10.09.2021;22:00;609,98;72,56;61,37
10.09.2021;23:00;582,06;69,24;58,56
11.09.2021;00:00;509,99;60,24;50,93
11.09.2021;01:00;547,95;64,73;54,72
11.09.2021;02:00;495,26;58,50;49,46
11.09.2021;03:00;479,86;56,68;47,92
11.09.2021;04:00;458,98;54,22;45,83
11.09.2021;05:00;457,10;54,00;45,65
11.09.2021;06:00;450,78;53,25;45,01
11.09.2021;07:00;447,45;52,86;44,68
11.09.2021;08:00;458,77;54,19;45,81
11.09.2021;09:00;509,99;60,24;50,93
11.09.2021;10:00;530,00;62,61;52,92
11.09.2021;11:00;640,00;75,60;63,91
11.09.2021;12:00;458,50;54,16;45,78
11.09.2021;13:00;499,97;59,06;49,93
11.09.2021;14:00;510,00;60,24;50,93
11.09.2021;15:00;509,99;60,24;50,93
11.09.2021;16:00;515,94;60,95;51,52
11.09.2021;17:00;670,00;79,14;66,90
11.09.2021;18:00;674,00;79,62;67,30
11.09.2021;19:00;674,00;79,62;67,30
11.09.2021;20:00;674,00;79,62;67,30
11.09.2021;21:00;674,00;79,62;67,30
11.09.2021;22:00;600,01;70,88;59,92
11.09.2021;23:00;500,01;59,06;49,93
12.09.2021;00:00;500,00;59,49;50,26
12.09.2021;01:00;509,98;60,68;51,27
12.09.2021;02:00;458,57;54,56;46,10
12.09.2021;03:00;479,66;57,07;48,22
12.09.2021;04:00;499,97;59,49;50,26
12.09.2021;05:00;459,89;54,72;46,23
12.09.2021;06:00;452,69;53,86;45,51
12.09.2021;07:00;450,00;53,54;45,24
12.09.2021;08:00;442,70;52,67;44,50
12.09.2021;09:00;441,98;52,59;44,43
12.09.2021;10:00;446,16;53,09;44,85
12.09.2021;11:00;438,02;52,12;44,03
12.09.2021;12:00;434,70;51,72;43,70
12.09.2021;13:00;442,27;52,62;44,46
12.09.2021;14:00;447,80;53,28;45,01
12.09.2021;15:00;446,53;53,13;44,89
12.09.2021;16:00;446,01;53,07;44,84
12.09.2021;17:00;459,25;54,64;46,17
12.09.2021;18:00;525,01;62,47;52,78
12.09.2021;19:00;674,00;80,20;67,75
12.09.2021;20:00;674,00;80,20;67,75
12.09.2021;21:00;670,88;79,82;67,44
12.09.2021;22:00;574,07;68,31;57,71
12.09.2021;23:00;494,07;58,79;49,67
13.09.2021;00:00;479,32;57,03;48,18
13.09.2021;01:00;458,76;54,59;46,12
13.09.2021;02:00;452,21;53,81;45,46
13.09.2021;03:00;448,60;53,38;45,10
13.09.2021;04:00;445,65;53,03;44,80
13.09.2021;05:00;447,90;53,29;45,03
13.09.2021;06:00;445,55;53,01;44,79
13.09.2021;07:00;451,78;53,76;45,42
13.09.2021;08:00;500,01;59,49;50,26
13.09.2021;09:00;555,55;66,10;55,85
13.09.2021;10:00;539,51;64,19;54,23
13.09.2021;11:00;627,00;74,60;63,03
13.09.2021;12:00;450,00;53,54;45,24
13.09.2021;13:00;455,09;54,15;45,75
13.09.2021;14:00;639,99;76,15;64,33
13.09.2021;15:00;660,00;78,53;66,35
13.09.2021;16:00;610,00;72,58;61,32
13.09.2021;17:00;674,00;80,20;67,75
13.09.2021;18:00;600,00;71,39;60,31
13.09.2021;19:00;674,00;80,20;67,75
13.09.2021;20:00;674,00;80,20;67,75
13.09.2021;21:00;600,00;71,39;60,31
13.09.2021;22:00;509,93;60,67;51,26
13.09.2021;23:00;457,45;54,43;45,99
14.09.2021;00:00;457,24;54,40;45,96
14.09.2021;01:00;460,93;54,84;46,33
14.09.2021;02:00;452,33;53,82;45,47
14.09.2021;03:00;457,53;54,44;45,99
14.09.2021;04:00;452,20;53,81;45,46
14.09.2021;05:00;452,90;53,89;45,53
14.09.2021;06:00;450,01;53,54;45,24
14.09.2021;07:00;450,22;53,57;45,26
14.09.2021;08:00;465,74;55,42;46,82
14.09.2021;09:00;599,99;71,39;60,31
14.09.2021;10:00;550,00;65,44;55,29
14.09.2021;11:00;600,00;71,39;60,31
14.09.2021;12:00;448,53;53,37;45,09
14.09.2021;13:00;453,43;53,95;45,58
14.09.2021;14:00;599,99;71,39;60,31
14.09.2021;15:00;599,99;71,39;60,31
14.09.2021;16:00;595,56;70,86;59,87
14.09.2021;17:00;630,01;74,96;63,33
14.09.2021;18:00;530,01;63,06;53,28
14.09.2021;19:00;670,00;79,72;67,35
14.09.2021;20:00;669,99;79,72;67,35
14.09.2021;21:00;527,88;62,81;53,06
14.09.2021;22:00;498,56;59,32;50,12
14.09.2021;23:00;452,17;53,80;45,45
15.09.2021;00:00;455,21;53,91;45,75
15.09.2021;01:00;458,90;54,35;46,12
15.09.2021;02:00;451,91;53,52;45,42
15.09.2021;03:00;452,40;53,58;45,47
15.09.2021;04:00;448,96;53,17;45,12
15.09.2021;05:00;449,82;53,27;45,21
15.09.2021;06:00;445,16;52,72;44,74
15.09.2021;07:00;451,98;53,53;45,43
15.09.2021;08:00;509,98;60,39;51,26
15.09.2021;09:00;659,99;78,16;66,33
15.09.2021;10:00;600,00;71,06;60,30
15.09.2021;11:00;639,01;75,68;64,22
15.09.2021;12:00;453,27;53,68;45,56
15.09.2021;13:00;458,04;54,24;46,04
15.09.2021;14:00;599,91;71,04;60,29
15.09.2021;15:00;509,97;60,39;51,26
15.09.2021;16:00;509,98;60,39;51,26
15.09.2021;17:00;599,99;71,05;60,30
15.09.2021;18:00;525,94;62,28;52,86
15.09.2021;19:00;670,00;79,35;67,34
15.09.2021;20:00;674,00;79,82;67,74
15.09.2021;21:00;600,00;71,06;60,30
15.09.2021;22:00;599,99;71,05;60,30
15.09.2021;23:00;484,40;57,37;48,69
16.09.2021;00:00;499,98;59,30;50,19
16.09.2021;01:00;509,97;60,48;51,19
16.09.2021;02:00;457,95;54,31;45,97
16.09.2021;03:00;479,56;56,88;48,14
16.09.2021;04:00;457,82;54,30;45,96
16.09.2021;05:00;459,78;54,53;46,16
16.09.2021;06:00;454,94;53,96;45,67
16.09.2021;07:00;459,71;54,52;46,15
16.09.2021;08:00;530,00;62,86;53,20
16.09.2021;09:00;674,00;79,94;67,66
16.09.2021;10:00;674,00;79,94;67,66
16.09.2021;11:00;674,00;79,94;67,66
16.09.2021;12:00;464,29;55,07;46,61
16.09.2021;13:00;500,01;59,30;50,19
16.09.2021;14:00;610,00;72,35;61,24
16.09.2021;15:00;590,01;69,98;59,23
16.09.2021;16:00;509,98;60,49;51,20
16.09.2021;17:00;550,00;65,23;55,21
16.09.2021;18:00;500,01;59,30;50,19
16.09.2021;19:00;649,99;77,09;65,25
16.09.2021;20:00;670,00;79,46;67,26
16.09.2021;21:00;603,38;71,56;60,57
16.09.2021;22:00;506,52;60,08;50,85
16.09.2021;23:00;459,43;54,49;46,12
17.09.2021;00:00;451,30;53,55;45,30
17.09.2021;01:00;455,91;54,10;45,77
17.09.2021;02:00;453,59;53,82;45,53
17.09.2021;03:00;452,65;53,71;45,44
17.09.2021;04:00;451,67;53,60;45,34
17.09.2021;05:00;455,32;54,03;45,71
17.09.2021;06:00;454,65;53,95;45,64
17.09.2021;07:00;459,48;54,52;46,13
17.09.2021;08:00;500,00;59,33;50,19
17.09.2021;09:00;660,00;78,32;66,25
17.09.2021;10:00;600,00;71,20;60,23
17.09.2021;11:00;660,00;78,32;66,25
17.09.2021;12:00;458,83;54,45;46,06
17.09.2021;13:00;455,55;54,06;45,73
17.09.2021;14:00;528,50;62,71;53,05
17.09.2021;15:00;600,01;71,20;60,23
17.09.2021;16:00;509,98;60,52;51,19
17.09.2021;17:00;669,99;79,50;67,26
17.09.2021;18:00;649,99;77,13;65,25
17.09.2021;19:00;674,00;79,98;67,66
17.09.2021;20:00;674,00;79,98;67,66
17.09.2021;21:00;609,99;72,38;61,23
17.09.2021;22:00;598,76;71,05;60,11
17.09.2021;23:00;492,28;58,42;49,42
18.09.2021;00:00;500,01;59,24;50,31
18.09.2021;01:00;509,97;60,42;51,31
18.09.2021;02:00;458,55;54,33;46,14
18.09.2021;03:00;494,08;58,54;49,72
18.09.2021;04:00;480,00;56,87;48,30
18.09.2021;05:00;458,67;54,34;46,15
18.09.2021;06:00;446,18;52,86;44,90
18.09.2021;07:00;446,06;52,85;44,88
18.09.2021;08:00;452,78;53,65;45,56
18.09.2021;09:00;501,75;59,45;50,49
18.09.2021;10:00;559,65;66,31;56,31
18.09.2021;11:00;609,99;72,27;61,38
18.09.2021;12:00;494,07;58,54;49,71
18.09.2021;13:00;500,01;59,24;50,31
18.09.2021;14:00;509,98;60,42;51,32
18.09.2021;15:00;509,98;60,42;51,32
18.09.2021;16:00;600,00;71,09;60,37
18.09.2021;17:00;674,00;79,86;67,82
18.09.2021;18:00;674,00;79,86;67,82
18.09.2021;19:00;674,00;79,86;67,82
18.09.2021;20:00;674,00;79,86;67,82
18.09.2021;21:00;670,00;79,38;67,42
18.09.2021;22:00;633,98;75,11;63,79
18.09.2021;23:00;494,08;58,54;49,72
19.09.2021;00:00;509,97;59,52;50,53
19.09.2021;01:00;509,97;59,52;50,53
19.09.2021;02:00;459,28;53,61;45,51
19.09.2021;03:00;499,97;58,35;49,54
19.09.2021;04:00;499,56;58,31;49,50
19.09.2021;05:00;458,03;53,46;45,39
19.09.2021;06:00;452,78;52,85;44,86
19.09.2021;07:00;442,20;51,61;43,82
19.09.2021;08:00;439,58;51,31;43,56
19.09.2021;09:00;438,58;51,19;43,46
19.09.2021;10:00;444,90;51,93;44,08
19.09.2021;11:00;451,14;52,66;44,70
19.09.2021;12:00;441,50;51,53;43,75
19.09.2021;13:00;449,48;52,46;44,54
19.09.2021;14:00;443,39;51,75;43,93
19.09.2021;15:00;447,33;52,21;44,32
19.09.2021;16:00;441,21;51,50;43,72
19.09.2021;17:00;499,77;58,33;49,52
19.09.2021;18:00;599,99;70,03;59,45
19.09.2021;19:00;674,00;78,67;66,78
19.09.2021;20:00;674,00;78,67;66,78
19.09.2021;21:00;650,00;75,87;64,41
19.09.2021;22:00;500,00;58,36;49,54
19.09.2021;23:00;447,12;52,19;44,30
20.09.2021;00:00;498,78;58,22;49,42
20.09.2021;01:00;499,53;58,30;49,50
20.09.2021;02:00;455,80;53,20;45,16
20.09.2021;03:00;457,95;53,45;45,38
20.09.2021;04:00;454,62;53,06;45,05
20.09.2021;05:00;459,67;53,65;45,55
20.09.2021;06:00;490,00;57,19;48,55
20.09.2021;07:00;458,05;53,46;45,39
20.09.2021;08:00;500,00;58,36;49,54
20.09.2021;09:00;623,74;72,80;61,80
20.09.2021;10:00;628,99;73,41;62,32
20.09.2021;11:00;628,99;73,41;62,32
20.09.2021;12:00;449,22;52,43;44,51
20.09.2021;13:00;456,23;53,25;45,21
20.09.2021;14:00;510,01;59,53;50,54
20.09.2021;15:00;639,99;74,70;63,41
20.09.2021;16:00;649,99;75,86;64,41
20.09.2021;17:00;674,00;78,67;66,78
20.09.2021;18:00;674,00;78,67;66,78
20.09.2021;19:00;674,00;78,67;66,78
20.09.2021;20:00;674,00;78,67;66,78
20.09.2021;21:00;590,00;68,86;58,46
20.09.2021;22:00;550,00;64,19;54,50
20.09.2021;23:00;451,30;52,67;44,72
21.09.2021;00:00;500,00;58,36;49,54
21.09.2021;01:00;501,55;58,54;49,70
21.09.2021;02:00;453,69;52,95;44,95
21.09.2021;03:00;490,00;57,19;48,55
21.09.2021;04:00;462,39;53,97;45,82
21.09.2021;05:00;460,01;53,69;45,58
21.09.2021;06:00;454,51;53,05;45,04
21.09.2021;07:00;448,89;52,39;44,48
21.09.2021;08:00;501,55;58,54;49,70
21.09.2021;09:00;600,01;70,03;59,45
21.09.2021;10:00;618,99;72,25;61,33
21.09.2021;11:00;618,99;72,25;61,33
21.09.2021;12:00;447,89;52,28;44,38
21.09.2021;13:00;452,38;52,80;44,83
21.09.2021;14:00;594,99;69,44;58,96
21.09.2021;15:00;509,98;59,52;50,53
21.09.2021;16:00;509,97;59,52;50,53
21.09.2021;17:00;590,00;68,86;58,46
21.09.2021;18:00;500,01;58,36;49,54
21.09.2021;19:00;549,99;64,19;54,50
21.09.2021;20:00;534,72;62,41;52,98
21.09.2021;21:00;459,97;53,69;45,58
21.09.2021;22:00;444,43;51,87;44,04
21.09.2021;23:00;399,66;46,65;39,60
22.09.2021;00:00;451,60;52,12;44,51
22.09.2021;01:00;451,57;52,12;44,50
22.09.2021;02:00;442,20;51,03;43,58
22.09.2021;03:00;435,09;50,21;42,88
22.09.2021;04:00;432,78;49,95;42,65
22.09.2021;05:00;435,06;50,21;42,88
22.09.2021;06:00;436,04;50,32;42,97
22.09.2021;07:00;440,90;50,88;43,45
22.09.2021;08:00;448,32;51,74;44,18
22.09.2021;09:00;459,39;53,02;45,27
22.09.2021;10:00;505,38;58,33;49,81
22.09.2021;11:00;510,00;58,86;50,26
22.09.2021;12:00;450,21;51,96;44,37
22.09.2021;13:00;453,36;52,32;44,68
22.09.2021;14:00;588,81;67,95;58,03
22.09.2021;15:00;579,99;66,94;57,16
22.09.2021;16:00;590,00;68,09;58,15
22.09.2021;17:00;650,01;75,02;64,06
22.09.2021;18:00;589,99;68,09;58,15
22.09.2021;19:00;630,00;72,71;62,09
22.09.2021;20:00;600,00;69,25;59,13
22.09.2021;21:00;501,53;57,88;49,43
22.09.2021;22:00;449,46;51,87;44,30
22.09.2021;23:00;431,59;49,81;42,54
23.09.2021;00:00;489,99;56,78;48,38
23.09.2021;01:00;456,13;52,85;45,04
23.09.2021;02:00;442,11;51,23;43,66
23.09.2021;03:00;437,96;50,75;43,25
23.09.2021;04:00;431,25;49,97;42,58
23.09.2021;05:00;435,56;50,47;43,01
23.09.2021;06:00;436,07;50,53;43,06
23.09.2021;07:00;444,42;51,50;43,88
23.09.2021;08:00;481,47;55,79;47,54
23.09.2021;09:00;630,00;73,00;62,21
23.09.2021;10:00;630,00;73,00;62,21
23.09.2021;11:00;629,99;73,00;62,21
23.09.2021;12:00;456,13;52,85;45,04
23.09.2021;13:00;455,73;52,81;45,00
23.09.2021;14:00;510,21;59,12;50,38
23.09.2021;15:00;509,42;59,03;50,30
23.09.2021;16:00;475,01;55,04;46,90
23.09.2021;17:00;500,00;57,94;49,37
23.09.2021;18:00;468,13;54,24;46,23
23.09.2021;19:00;590,00;68,37;58,26
23.09.2021;20:00;589,99;68,36;58,26
23.09.2021;21:00;510,22;59,12;50,38
23.09.2021;22:00;459,03;53,19;45,33
23.09.2021;23:00;445,08;51,57;43,95
24.09.2021;00:00;446,63;51,72;44,09
24.09.2021;01:00;449,50;52,06;44,38
24.09.2021;02:00;443,94;51,41;43,83
24.09.2021;03:00;432,11;50,04;42,66
24.09.2021;04:00;420,01;48,64;41,47
24.09.2021;05:00;433,59;50,21;42,81
24.09.2021;06:00;430,65;49,87;42,52
24.09.2021;07:00;436,39;50,54;43,08
24.09.2021;08:00;479,79;55,56;47,37
24.09.2021;09:00;520,00;60,22;51,34
24.09.2021;10:00;549,99;63,69;54,30
24.09.2021;11:00;590,00;68,33;58,25
24.09.2021;12:00;446,94;51,76;44,12
24.09.2021;13:00;443,60;51,37;43,79
24.09.2021;14:00;502,58;58,20;49,62
24.09.2021;15:00;500,01;57,91;49,36
24.09.2021;16:00;575,00;66,59;56,77
24.09.2021;17:00;674,00;78,06;66,54
24.09.2021;18:00;674,00;78,06;66,54
24.09.2021;19:00;674,00;78,06;66,54
24.09.2021;20:00;674,00;78,06;66,54
24.09.2021;21:00;639,98;74,12;63,18
24.09.2021;22:00;489,52;56,69;48,33
24.09.2021;23:00;444,91;51,52;43,92
25.09.2021;00:00;570,02;65,83;56,18
25.09.2021;01:00;480,60;55,51;47,37
25.09.2021;02:00;448,80;51,83;44,24
25.09.2021;03:00;449,62;51,93;44,32
25.09.2021;04:00;443,87;51,26;43,75
25.09.2021;05:00;446,23;51,54;43,98
25.09.2021;06:00;443,56;51,23;43,72
25.09.2021;07:00;445,77;51,48;43,94
25.09.2021;08:00;458,40;52,94;45,18
25.09.2021;09:00;509,69;58,87;50,24
25.09.2021;10:00;540,33;62,41;53,26
25.09.2021;11:00;584,98;67,56;57,66
25.09.2021;12:00;457,39;52,83;45,08
25.09.2021;13:00;457,50;52,84;45,09
25.09.2021;14:00;500,01;57,75;49,28
25.09.2021;15:00;499,97;57,74;49,28
25.09.2021;16:00;453,63;52,39;44,71
25.09.2021;17:00;505,11;58,34;49,79
25.09.2021;18:00;609,99;70,45;60,12
25.09.2021;19:00;674,00;77,84;66,43
25.09.2021;20:00;659,99;76,23;65,05
25.09.2021;21:00;584,99;67,56;57,66
25.09.2021;22:00;470,99;54,40;46,42
25.09.2021;23:00;443,96;51,28;43,76
26.09.2021;00:00;570,01;64,60;55,06
26.09.2021;01:00;468,13;53,05;45,22
26.09.2021;02:00;455,26;51,59;43,98
26.09.2021;03:00;456,93;51,78;44,14
26.09.2021;04:00;449,61;50,95;43,43
26.09.2021;05:00;452,91;51,33;43,75
26.09.2021;06:00;454,49;51,51;43,90
26.09.2021;07:00;441,18;50,00;42,62
26.09.2021;08:00;433,15;49,09;41,84
26.09.2021;09:00;430,92;48,83;41,62
26.09.2021;10:00;437,99;49,64;42,31
26.09.2021;11:00;445,44;50,48;43,03
26.09.2021;12:00;442,05;50,10;42,70
26.09.2021;13:00;445,51;50,49;43,03
26.09.2021;14:00;448,84;50,87;43,36
26.09.2021;15:00;449,57;50,95;43,43
26.09.2021;16:00;448,79;50,86;43,35
26.09.2021;17:00;468,11;53,05;45,22
26.09.2021;18:00;498,00;56,44;48,10
26.09.2021;19:00;674,00;76,38;65,10
26.09.2021;20:00;624,00;70,72;60,27
26.09.2021;21:00;584,98;66,29;56,51
26.09.2021;22:00;459,40;52,06;44,38
26.09.2021;23:00;449,75;50,97;43,44
27.09.2021;00:00;549,94;62,32;53,12
27.09.2021;01:00;490,00;55,53;47,33
27.09.2021;02:00;454,53;51,51;43,90
27.09.2021;03:00;457,20;51,81;44,16
27.09.2021;04:00;447,57;50,72;43,23
27.09.2021;05:00;449,51;50,94;43,42
27.09.2021;06:00;441,52;50,04;42,65
27.09.2021;07:00;444,78;50,41;42,96
27.09.2021;08:00;610,00;69,13;58,92
27.09.2021;09:00;609,99;69,13;58,92
27.09.2021;10:00;614,99;69,70;59,40
27.09.2021;11:00;584,99;66,30;56,51
27.09.2021;12:00;456,94;51,78;44,14
27.09.2021;13:00;456,33;51,71;44,08
27.09.2021;14:00;584,98;66,29;56,51
27.09.2021;15:00;584,98;66,29;56,51
27.09.2021;16:00;508,02;57,57;49,07
27.09.2021;17:00;627,99;71,17;60,66
27.09.2021;18:00;584,99;66,30;56,51
27.09.2021;19:00;610,00;69,13;58,92
27.09.2021;20:00;609,99;69,13;58,92
27.09.2021;21:00;582,21;65,98;56,24
27.09.2021;22:00;489,99;55,53;47,33
27.09.2021;23:00;444,82;50,41;42,97
28.09.2021;00:00;499,97;56,66;48,29
28.09.2021;01:00;454,82;51,54;43,93
28.09.2021;02:00;449,40;50,93;43,41
28.09.2021;03:00;439,82;49,84;42,48
28.09.2021;04:00;431,76;48,93;41,71
28.09.2021;05:00;434,68;49,26;41,99
28.09.2021;06:00;436,10;49,42;42,12
28.09.2021;07:00;441,49;50,03;42,65
28.09.2021;08:00;500,00;56,66;48,30
28.09.2021;09:00;578,41;65,55;55,87
28.09.2021;10:00;531,26;60,21;51,32
28.09.2021;11:00;584,99;66,30;56,51
28.09.2021;12:00;454,04;51,46;43,86
28.09.2021;13:00;458,93;52,01;44,33
28.09.2021;14:00;600,01;68,00;57,96
28.09.2021;15:00;590,78;66,95;57,07
28.09.2021;16:00;584,98;66,29;56,51
28.09.2021;17:00;615,00;69,70;59,41
28.09.2021;18:00;628,00;71,17;60,66
28.09.2021;19:00;674,00;76,38;65,10
28.09.2021;20:00;615,00;69,70;59,41
28.09.2021;21:00;584,99;66,30;56,51
28.09.2021;22:00;499,98;56,66;48,30
28.09.2021;23:00;442,44;50,14;42,74
29.09.2021;00:00;499,98;56,59;48,37
29.09.2021;01:00;457,59;51,79;44,27
29.09.2021;02:00;453,20;51,29;43,85
29.09.2021;03:00;446,42;50,53;43,19
29.09.2021;04:00;437,92;49,56;42,37
29.09.2021;05:00;444,40;50,30;42,99
29.09.2021;06:00;440,46;49,85;42,61
29.09.2021;07:00;440,71;49,88;42,64
29.09.2021;08:00;500,01;56,59;48,37
29.09.2021;09:00;615,00;69,61;59,50
29.09.2021;10:00;630,00;71,30;60,95
29.09.2021;11:00;614,99;69,60;59,50
29.09.2021;12:00;445,72;50,45;43,12
29.09.2021;13:00;453,36;51,31;43,86
29.09.2021;14:00;550,00;62,25;53,21
29.09.2021;15:00;585,00;66,21;56,60
29.09.2021;16:00;584,99;66,21;56,60
29.09.2021;17:00;610,01;69,04;59,02
29.09.2021;18:00;589,99;66,77;57,08
29.09.2021;19:00;603,91;68,35;58,43
29.09.2021;20:00;600,22;67,93;58,07
29.09.2021;21:00;584,98;66,21;56,59
29.09.2021;22:00;500,00;56,59;48,37
29.09.2021;23:00;444,05;50,26;42,96
30.09.2021;00:00;460,48;51,98;44,50
30.09.2021;01:00;452,88;51,12;43,76
30.09.2021;02:00;447,79;50,55;43,27
30.09.2021;03:00;434,65;49,07;42,00
30.09.2021;04:00;300,00;33,87;28,99
30.09.2021;05:00;430,70;48,62;41,62
30.09.2021;06:00;435,12;49,12;42,05
30.09.2021;07:00;440,49;49,73;42,57
30.09.2021;08:00;499,97;56,44;48,31
30.09.2021;09:00;590,22;66,63;57,03
30.09.2021;10:00;584,62;66,00;56,49
30.09.2021;11:00;590,22;66,63;57,03
30.09.2021;12:00;457,98;51,70;44,26
30.09.2021;13:00;499,97;56,44;48,31
30.09.2021;14:00;609,99;68,86;58,94
30.09.2021;15:00;590,22;66,63;57,03
30.09.2021;16:00;550,00;62,09;53,15
30.09.2021;17:00;584,98;66,04;56,53
30.09.2021;18:00;584,98;66,04;56,53
30.09.2021;19:00;590,23;66,63;57,03
30.09.2021;20:00;584,62;66,00;56,49
30.09.2021;21:00;584,62;66,00;56,49
30.09.2021;22:00;456,63;51,55;44,12
30.09.2021;23:00;434,43;49,04;41,98
01.10.2021;00:00;499,98;56,54;48,48
01.10.2021;01:00;452,61;51,18;43,89
01.10.2021;02:00;444,88;50,31;43,14
01.10.2021;03:00;436,49;49,36;42,32
01.10.2021;04:00;438,51;49,59;42,52
01.10.2021;05:00;439,12;49,66;42,58
01.10.2021;06:00;443,90;50,20;43,04
01.10.2021;07:00;459,33;51,94;44,54
01.10.2021;08:00;622,06;70,34;60,32
01.10.2021;09:00;620,98;70,22;60,21
01.10.2021;10:00;584,07;66,05;56,63
01.10.2021;11:00;601,32;68,00;58,30
01.10.2021;12:00;447,01;50,55;43,34
01.10.2021;13:00;440,46;49,81;42,71
01.10.2021;14:00;540,00;61,06;52,36
01.10.2021;15:00;584,07;66,05;56,63
01.10.2021;16:00;584,00;66,04;56,62
01.10.2021;17:00;620,98;70,22;60,21
01.10.2021;18:00;620,98;70,22;60,21
01.10.2021;19:00;620,99;70,22;60,21
01.10.2021;20:00;614,99;69,54;59,63
01.10.2021;21:00;666,65;75,38;64,64
01.10.2021;22:00;620,99;70,22;60,21
01.10.2021;23:00;496,10;56,10;48,10
02.10.2021;00:00;559,79;63,05;54,38
02.10.2021;01:00;638,00;71,86;61,98
02.10.2021;02:00;588,45;66,28;57,17
02.10.2021;03:00;500,01;56,32;48,58
02.10.2021;04:00;458,99;51,70;44,59
02.10.2021;05:00;473,90;53,38;46,04
02.10.2021;06:00;473,90;53,38;46,04
02.10.2021;07:00;500,01;56,32;48,58
02.10.2021;08:00;540,90;60,92;52,55
02.10.2021;09:00;606,99;68,37;58,97
02.10.2021;10:00;624,99;70,39;60,72
02.10.2021;11:00;637,99;71,86;61,98
02.10.2021;12:00;499,97;56,31;48,57
02.10.2021;13:00;569,46;64,14;55,32
02.10.2021;14:00;637,99;71,86;61,98
02.10.2021;15:00;638,00;71,86;61,98
02.10.2021;16:00;600,01;67,58;58,29
02.10.2021;17:00;640,99;72,20;62,27
02.10.2021;18:00;718,00;80,87;69,75
02.10.2021;19:00;718,00;80,87;69,75
02.10.2021;20:00;699,99;78,84;68,00
02.10.2021;21:00;638,00;71,86;61,98
02.10.2021;22:00;555,01;62,51;53,92
02.10.2021;23:00;489,12;55,09;47,52
03.10.2021;00:00;598,52;67,65;58,40
03.10.2021;01:00;605,32;68,42;59,06
03.10.2021;02:00;559,00;63,19;54,55
03.10.2021;03:00;523,25;59,15;51,06
03.10.2021;04:00;550,10;62,18;53,68
03.10.2021;05:00;593,72;67,11;57,93
03.10.2021;06:00;598,52;67,65;58,40
03.10.2021;07:00;459,58;51,95;44,84
03.10.2021;08:00;447,98;50,64;43,71
03.10.2021;09:00;432,72;48,91;42,22
03.10.2021;10:00;438,45;49,56;42,78
03.10.2021;11:00;450,19;50,89;43,93
03.10.2021;12:00;431,31;48,75;42,09
03.10.2021;13:00;443,58;50,14;43,28
03.10.2021;14:00;451,72;51,06;44,08
03.10.2021;15:00;450,01;50,87;43,91
03.10.2021;16:00;400,01;45,21;39,03
03.10.2021;17:00;481,98;54,48;47,03
03.10.2021;18:00;718,00;81,16;70,06
03.10.2021;19:00;718,00;81,16;70,06
03.10.2021;20:00;718,00;81,16;70,06
03.10.2021;21:00;659,00;74,49;64,30
03.10.2021;22:00;620,55;70,14;60,55
03.10.2021;23:00;499,98;56,51;48,79
04.10.2021;00:00;598,12;67,61;58,36
04.10.2021;01:00;695,74;78,64;67,89
04.10.2021;02:00;480,99;54,37;46,93
04.10.2021;03:00;499,98;56,51;48,79
04.10.2021;04:00;457,99;51,77;44,69
04.10.2021;05:00;499,97;56,51;48,79
04.10.2021;06:00;559,00;63,19;54,55
04.10.2021;07:00;634,99;71,78;61,96
04.10.2021;08:00;718,00;81,16;70,06
04.10.2021;09:00;694,88;78,55;67,80
04.10.2021;10:00;596,25;67,40;58,18
04.10.2021;11:00;629,99;71,21;61,47
04.10.2021;12:00;460,01;52,00;44,89
04.10.2021;13:00;484,09;54,72;47,24
04.10.2021;14:00;640,99;72,45;62,55
04.10.2021;15:00;718,00;81,16;70,06
04.10.2021;16:00;699,99;79,12;68,30
04.10.2021;17:00;718,00;81,16;70,06
04.10.2021;18:00;718,00;81,16;70,06
04.10.2021;19:00;718,00;81,16;70,06
04.10.2021;20:00;699,99;79,12;68,30
04.10.2021;21:00;640,98;72,45;62,54
04.10.2021;22:00;598,12;67,61;58,36
04.10.2021;23:00;468,12;52,91;45,68
05.10.2021;00:00;499,97;56,51;48,79
05.10.2021;01:00;639,45;72,28;62,40
05.10.2021;02:00;543,83;61,47;53,06
05.10.2021;03:00;500,01;56,52;48,79
05.10.2021;04:00;454,78;51,41;44,38
05.10.2021;05:00;456,30;51,58;44,52
05.10.2021;06:00;459,49;51,94;44,84
05.10.2021;07:00;499,98;56,51;48,79
05.10.2021;08:00;639,45;72,28;62,40
05.10.2021;09:00;707,00;79,91;68,99
05.10.2021;10:00;691,63;78,18;67,49
05.10.2021;11:00;715,00;80,82;69,77
05.10.2021;12:00;480,01;54,26;46,84
05.10.2021;13:00;465,13;52,58;45,39
05.10.2021;14:00;639,45;72,28;62,40
05.10.2021;15:00;675,00;76,30;65,86
05.10.2021;16:00;512,07;57,88;49,97
05.10.2021;17:00;639,44;72,28;62,39
05.10.2021;18:00;660,00;74,60;64,40
05.10.2021;19:00;675,99;76,41;65,96
05.10.2021;20:00;707,00;79,91;68,99
05.10.2021;21:00;660,00;74,60;64,40
05.10.2021;22:00;560,00;63,30;54,64
05.10.2021;23:00;448,18;50,66;43,73
06.10.2021;00:00;499,97;56,48;48,62
06.10.2021;01:00;640,00;72,30;62,24
06.10.2021;02:00;499,98;56,48;48,63
06.10.2021;03:00;459,49;51,91;44,69
06.10.2021;04:00;457,95;51,73;44,54
06.10.2021;05:00;499,97;56,48;48,62
06.10.2021;06:00;475,47;53,71;46,24
06.10.2021;07:00;499,97;56,48;48,62
06.10.2021;08:00;499,97;56,48;48,62
06.10.2021;09:00;659,99;74,56;64,19
06.10.2021;10:00;632,81;71,49;61,54
06.10.2021;11:00;651,13;73,56;63,33
06.10.2021;12:00;459,48;51,91;44,69
06.10.2021;13:00;459,49;51,91;44,69
06.10.2021;14:00;609,99;68,91;59,32
06.10.2021;15:00;680,87;76,92;66,22
06.10.2021;16:00;654,31;73,91;63,64
06.10.2021;17:00;699,99;79,08;68,08
06.10.2021;18:00;717,99;81,11;69,83
06.10.2021;19:00;700,00;79,08;68,08
06.10.2021;20:00;718,00;81,11;69,83
06.10.2021;21:00;675,00;76,25;65,65
06.10.2021;22:00;675,98;76,36;65,74
06.10.2021;23:00;600,00;67,78;58,35
07.10.2021;00:00;431,47;48,78;42,06
07.10.2021;01:00;529,50;59,87;51,62
07.10.2021;02:00;495,00;55,97;48,25
07.10.2021;03:00;456,34;51,60;44,48
07.10.2021;04:00;456,12;51,57;44,46
07.10.2021;05:00;457,35;51,71;44,58
07.10.2021;06:00;500,00;56,53;48,74
07.10.2021;07:00;600,00;67,84;58,49
07.10.2021;08:00;630,00;71,23;61,41
07.10.2021;09:00;718,00;81,18;69,99
07.10.2021;10:00;718,00;81,18;69,99
07.10.2021;11:00;699,99;79,14;68,24
07.10.2021;12:00;475,00;53,71;46,30
07.10.2021;13:00;510,00;57,66;49,72
07.10.2021;14:00;700,00;79,15;68,24
07.10.2021;15:00;717,91;81,17;69,98
07.10.2021;16:00;718,00;81,18;69,99
07.10.2021;17:00;718,00;81,18;69,99
07.10.2021;18:00;718,00;81,18;69,99
07.10.2021;19:00;718,00;81,18;69,99
07.10.2021;20:00;718,00;81,18;69,99
07.10.2021;21:00;707,00;79,94;68,92
07.10.2021;22:00;675,99;76,43;65,90
07.10.2021;23:00;465,13;52,59;45,34
08.10.2021;00:00;619,36;69,54;60,20
08.10.2021;01:00;619,99;69,61;60,27
08.10.2021;02:00;512,05;57,49;49,77
08.10.2021;03:00;512,05;57,49;49,77
08.10.2021;04:00;451,82;50,73;43,92
08.10.2021;05:00;459,80;51,63;44,69
08.10.2021;06:00;650,00;72,98;63,18
08.10.2021;07:00;620,00;69,61;60,27
08.10.2021;08:00;718,00;80,62;69,79
08.10.2021;09:00;718,00;80,62;69,79
08.10.2021;10:00;718,00;80,62;69,79
08.10.2021;11:00;718,00;80,62;69,79
08.10.2021;12:00;459,00;51,54;44,62
08.10.2021;13:00;454,31;51,01;44,16
08.10.2021;14:00;718,00;80,62;69,79
08.10.2021;15:00;718,00;80,62;69,79
08.10.2021;16:00;718,00;80,62;69,79
08.10.2021;17:00;718,00;80,62;69,79
08.10.2021;18:00;718,00;80,62;69,79
08.10.2021;19:00;718,00;80,62;69,79
08.10.2021;20:00;718,00;80,62;69,79
08.10.2021;21:00;718,00;80,62;69,79
08.10.2021;22:00;718,00;80,62;69,79
08.10.2021;23:00;718,00;80,62;69,79
09.10.2021;00:00;718,00;81,03;70,07
09.10.2021;01:00;718,00;81,03;70,07
09.10.2021;02:00;625,01;70,54;61,00
09.10.2021;03:00;597,94;67,48;58,35
09.10.2021;04:00;529,50;59,76;51,67
09.10.2021;05:00;606,99;68,50;59,24
09.10.2021;06:00;630,01;71,10;61,48
09.10.2021;07:00;455,73;51,43;44,47
09.10.2021;08:00;606,99;68,50;59,24
09.10.2021;09:00;718,00;81,03;70,07
09.10.2021;10:00;718,00;81,03;70,07
09.10.2021;11:00;718,00;81,03;70,07
09.10.2021;12:00;560,00;63,20;54,65
09.10.2021;13:00;660,00;74,48;64,41
09.10.2021;14:00;716,99;80,92;69,97
09.10.2021;15:00;718,00;81,03;70,07
09.10.2021;16:00;717,00;80,92;69,97
09.10.2021;17:00;718,00;81,03;70,07
09.10.2021;18:00;718,00;81,03;70,07
09.10.2021;19:00;718,00;81,03;70,07
09.10.2021;20:00;718,00;81,03;70,07
09.10.2021;21:00;718,00;81,03;70,07
09.10.2021;22:00;697,67;78,74;68,09
09.10.2021;23:00;675,99;76,29;65,97
10.10.2021;00:00;716,99;80,58;69,72
10.10.2021;01:00;660,00;74,17;64,18
10.10.2021;02:00;560,00;62,93;54,46
10.10.2021;03:00;600,01;67,43;58,35
10.10.2021;04:00;550,00;61,81;53,49
10.10.2021;05:00;550,00;61,81;53,49
10.10.2021;06:00;524,99;59,00;51,05
10.10.2021;07:00;524,99;59,00;51,05
10.10.2021;08:00;448,50;50,40;43,61
10.10.2021;09:00;400,01;44,95;38,90
10.10.2021;10:00;444,12;49,91;43,19
10.10.2021;11:00;449,91;50,56;43,75
10.10.2021;12:00;475,48;53,44;46,24
10.10.2021;13:00;459,40;51,63;44,67
10.10.2021;14:00;529,00;59,45;51,44
10.10.2021;15:00;524,98;59,00;51,05
10.10.2021;16:00;456,09;51,26;44,35
10.10.2021;17:00;718,00;80,69;69,82
10.10.2021;18:00;718,00;80,69;69,82
10.10.2021;19:00;718,00;80,69;69,82
10.10.2021;20:00;718,00;80,69;69,82
10.10.2021;21:00;718,00;80,69;69,82
10.10.2021;22:00;718,00;80,69;69,82
10.10.2021;23:00;697,49;78,39;67,83
11.10.2021;00:00;451,69;50,76;43,93
11.10.2021;01:00;547,01;61,47;53,19
11.10.2021;02:00;454,87;51,12;44,23
11.10.2021;03:00;450,73;50,65;43,83
11.10.2021;04:00;451,97;50,79;43,95
11.10.2021;05:00;453,39;50,95;44,09
11.10.2021;06:00;634,01;71,25;61,65
11.10.2021;07:00;717,00;80,58;69,73
11.10.2021;08:00;718,00;80,69;69,82
11.10.2021;09:00;718,00;80,69;69,82
11.10.2021;10:00;718,00;80,69;69,82
11.10.2021;11:00;718,00;80,69;69,82
11.10.2021;12:00;718,00;80,69;69,82
11.10.2021;13:00;718,00;80,69;69,82
11.10.2021;14:00;718,00;80,69;69,82
11.10.2021;15:00;718,00;80,69;69,82
11.10.2021;16:00;718,00;80,69;69,82
11.10.2021;17:00;718,00;80,69;69,82
11.10.2021;18:00;718,00;80,69;69,82
11.10.2021;19:00;718,00;80,69;69,82
11.10.2021;20:00;718,00;80,69;69,82
11.10.2021;21:00;718,00;80,69;69,82
11.10.2021;22:00;718,00;80,69;69,82
11.10.2021;23:00;718,00;80,69;69,82
12.10.2021;00:00;710,06;79,80;69,05
12.10.2021;01:00;710,07;79,80;69,05
12.10.2021;02:00;549,98;61,81;53,48
12.10.2021;03:00;549,99;61,81;53,48
12.10.2021;04:00;449,97;50,57;43,76
12.10.2021;05:00;454,02;51,02;44,15
12.10.2021;06:00;595,00;66,87;57,86
12.10.2021;07:00;495,11;55,64;48,15
12.10.2021;08:00;710,07;79,80;69,05
12.10.2021;09:00;718,00;80,69;69,82
12.10.2021;10:00;718,00;80,69;69,82
12.10.2021;11:00;718,00;80,69;69,82
12.10.2021;12:00;400,01;44,95;38,90
12.10.2021;13:00;425,01;47,76;41,33
12.10.2021;14:00;717,00;80,58;69,73
12.10.2021;15:00;718,00;80,69;69,82
12.10.2021;16:00;710,06;79,80;69,05
12.10.2021;17:00;718,00;80,69;69,82
12.10.2021;18:00;718,00;80,69;69,82
12.10.2021;19:00;718,00;80,69;69,82
12.10.2021;20:00;718,00;80,69;69,82
12.10.2021;21:00;718,00;80,69;69,82
12.10.2021;22:00;716,99;80,58;69,72
12.10.2021;23:00;442,73;49,76;43,05
13.10.2021;00:00;459,66;51,44;44,46
13.10.2021;01:00;549,98;61,54;53,19
13.10.2021;02:00;454,38;50,84;43,94
13.10.2021;03:00;451,31;50,50;43,65
13.10.2021;04:00;452,44;50,63;43,76
13.10.2021;05:00;457,14;51,15;44,21
13.10.2021;06:00;633,99;70,94;61,32
13.10.2021;07:00;710,77;79,53;68,74
13.10.2021;08:00;718,00;80,34;69,44
13.10.2021;09:00;718,00;80,34;69,44
13.10.2021;10:00;718,00;80,34;69,44
13.10.2021;11:00;718,00;80,34;69,44
13.10.2021;12:00;718,00;80,34;69,44
13.10.2021;13:00;718,00;80,34;69,44
13.10.2021;14:00;718,00;80,34;69,44
13.10.2021;15:00;718,00;80,34;69,44
13.10.2021;16:00;718,00;80,34;69,44
13.10.2021;17:00;718,00;80,34;69,44
13.10.2021;18:00;718,00;80,34;69,44
13.10.2021;19:00;718,00;80,34;69,44
13.10.2021;20:00;718,00;80,34;69,44
13.10.2021;21:00;718,00;80,34;69,44
13.10.2021;22:00;718,00;80,34;69,44
13.10.2021;23:00;718,00;80,34;69,44
14.10.2021;00:00;718,00;79,78;69,02
14.10.2021;01:00;717,92;79,77;69,01
14.10.2021;02:00;615,00;68,34;59,12
14.10.2021;03:00;558,57;62,07;53,70
14.10.2021;04:00;465,13;51,68;44,71
14.10.2021;05:00;606,99;67,45;58,35
14.10.2021;06:00;649,93;72,22;62,48
14.10.2021;07:00;649,93;72,22;62,48
14.10.2021;08:00;718,00;79,78;69,02
14.10.2021;09:00;718,00;79,78;69,02
14.10.2021;10:00;718,00;79,78;69,02
14.10.2021;11:00;718,00;79,78;69,02
14.10.2021;12:00;704,99;78,34;67,77
14.10.2021;13:00;717,93;79,77;69,01
14.10.2021;14:00;718,00;79,78;69,02
14.10.2021;15:00;718,00;79,78;69,02
14.10.2021;16:00;718,00;79,78;69,02
14.10.2021;17:00;718,00;79,78;69,02
14.10.2021;18:00;718,00;79,78;69,02
14.10.2021;19:00;718,00;79,78;69,02
14.10.2021;20:00;718,00;79,78;69,02
14.10.2021;21:00;718,00;79,78;69,02
14.10.2021;22:00;718,00;79,78;69,02
14.10.2021;23:00;704,99;78,34;67,77
15.10.2021;00:00;597,00;66,17;57,26
15.10.2021;01:00;649,54;71,99;62,30
15.10.2021;02:00;458,27;50,79;43,95
15.10.2021;03:00;458,12;50,78;43,94
15.10.2021;04:00;450,81;49,97;43,24
15.10.2021;05:00;456,18;50,56;43,75
15.10.2021;06:00;606,98;67,28;58,21
15.10.2021;07:00;550,00;60,96;52,75
15.10.2021;08:00;717,92;79,57;68,85
15.10.2021;09:00;718,00;79,58;68,86
15.10.2021;10:00;718,00;79,58;68,86
15.10.2021;11:00;718,00;79,58;68,86
15.10.2021;12:00;541,00;59,96;51,89
15.10.2021;13:00;474,13;52,55;45,47
15.10.2021;14:00;718,00;79,58;68,86
15.10.2021;15:00;718,00;79,58;68,86
15.10.2021;16:00;718,00;79,58;68,86
15.10.2021;17:00;718,00;79,58;68,86
15.10.2021;18:00;718,00;79,58;68,86
15.10.2021;19:00;718,00;79,58;68,86
15.10.2021;20:00;718,00;79,58;68,86
15.10.2021;21:00;717,92;79,57;68,85
15.10.2021;22:00;545,46;60,46;52,31
15.10.2021;23:00;453,76;50,29;43,52
16.10.2021;00:00;595,00;65,09;56,07
16.10.2021;01:00;800,32;87,55;75,42
16.10.2021;02:00;553,91;60,59;52,20
16.10.2021;03:00;499,64;54,66;47,08
16.10.2021;04:00;450,01;49,23;42,41
16.10.2021;05:00;451,52;49,39;42,55
16.10.2021;06:00;450,01;49,23;42,41
16.10.2021;07:00;484,98;53,05;45,70
16.10.2021;08:00;470,00;51,41;44,29
16.10.2021;09:00;570,04;62,36;53,72
16.10.2021;10:00;648,00;70,88;61,06
16.10.2021;11:00;470,00;51,41;44,29
16.10.2021;12:00;124,99;13,67;11,78
16.10.2021;13:00;438,88;48,01;41,36
16.10.2021;14:00;452,41;49,49;42,63
16.10.2021;15:00;447,88;48,99;42,21
16.10.2021;16:00;450,00;49,23;42,40
16.10.2021;17:00;800,00;87,51;75,39
16.10.2021;18:00;1.078,00;117,92;101,58
16.10.2021;19:00;1.078,00;117,92;101,58
16.10.2021;20:00;1.078,00;117,92;101,58
16.10.2021;21:00;1.078,00;117,92;101,58
16.10.2021;22:00;800,32;87,55;75,42
16.10.2021;23:00;459,27;50,24;43,28
17.10.2021;00:00;647,75;70,41;60,66
17.10.2021;01:00;700,00;76,09;65,55
17.10.2021;02:00;582,20;63,29;54,52
17.10.2021;03:00;704,00;76,53;65,93
17.10.2021;04:00;600,00;65,22;56,19
17.10.2021;05:00;600,01;65,22;56,19
17.10.2021;06:00;599,99;65,22;56,19
17.10.2021;07:00;448,48;48,75;42,00
17.10.2021;08:00;442,46;48,10;41,43
17.10.2021;09:00;434,89;47,27;40,73
17.10.2021;10:00;442,27;48,08;41,42
17.10.2021;11:00;452,67;49,21;42,39
17.10.2021;12:00;448,30;48,73;41,98
17.10.2021;13:00;460,00;50,00;43,08
17.10.2021;14:00;599,99;65,22;56,19
17.10.2021;15:00;800,00;86,96;74,92
17.10.2021;16:00;529,52;57,56;49,59
17.10.2021;17:00;515,02;55,98;48,23
17.10.2021;18:00;999,99;108,70;93,65
17.10.2021;19:00;1.000,00;108,70;93,65
17.10.2021;20:00;1.001,00;108,81;93,74
17.10.2021;21:00;771,02;83,81;72,20
17.10.2021;22:00;456,59;49,63;42,76
17.10.2021;23:00;446,11;48,49;41,78
18.10.2021;00:00;456,80;49,66;42,78
18.10.2021;01:00;582,07;63,27;54,51
18.10.2021;02:00;471,00;51,20;44,11
18.10.2021;03:00;453,25;49,27;42,45
18.10.2021;04:00;446,87;48,58;41,85
18.10.2021;05:00;453,28;49,27;42,45
18.10.2021;06:00;580,19;63,07;54,33
18.10.2021;07:00;635,00;69,03;59,47
18.10.2021;08:00;1.078,00;117,18;100,95
18.10.2021;09:00;1.078,00;117,18;100,95
18.10.2021;10:00;1.078,00;117,18;100,95
18.10.2021;11:00;1.078,00;117,18;100,95
18.10.2021;12:00;750,01;81,53;70,24
18.10.2021;13:00;990,01;107,62;92,71
18.10.2021;14:00;1.078,00;117,18;100,95
18.10.2021;15:00;1.078,00;117,18;100,95
18.10.2021;16:00;1.078,00;117,18;100,95
18.10.2021;17:00;1.078,00;117,18;100,95
18.10.2021;18:00;1.078,00;117,18;100,95
18.10.2021;19:00;1.078,00;117,18;100,95
18.10.2021;20:00;1.078,00;117,18;100,95
18.10.2021;21:00;946,28;102,86;88,62
18.10.2021;22:00;515,02;55,98;48,23
18.10.2021;23:00;495,12;53,82;46,37
19.10.2021;00:00;459,79;49,98;43,06
19.10.2021;01:00;645,01;70,12;60,40
19.10.2021;02:00;495,01;53,81;46,36
19.10.2021;03:00;468,01;50,87;43,83
19.10.2021;04:00;451,57;49,09;42,29
19.10.2021;05:00;454,76;49,43;42,59
19.10.2021;06:00;534,76;58,13;50,08
19.10.2021;07:00;495,12;53,82;46,37
19.10.2021;08:00;458,13;49,80;42,90
19.10.2021;09:00;750,01;81,53;70,24
19.10.2021;10:00;690,65;75,08;64,68
19.10.2021;11:00;634,99;69,03;59,46
19.10.2021;12:00;432,01;46,96;40,46
19.10.2021;13:00;468,01;50,87;43,83
19.10.2021;14:00;799,97;86,96;74,91
19.10.2021;15:00;799,97;86,96;74,91
19.10.2021;16:00;577,01;62,72;54,03
19.10.2021;17:00;666,17;72,42;62,38
19.10.2021;18:00;799,93;86,96;74,91
19.10.2021;19:00;550,01;59,79;51,51
19.10.2021;20:00;750,00;81,53;70,23
19.10.2021;21:00;515,02;55,98;48,23
19.10.2021;22:00;460,01;50,00;43,08
19.10.2021;23:00;350,00;38,05;32,78
20.10.2021;00:00;458,12;49,44;42,67
20.10.2021;01:00;515,02;55,58;47,96
20.10.2021;02:00;458,13;49,44;42,67
20.10.2021;03:00;450,93;48,66;42,00
20.10.2021;04:00;440,77;47,56;41,05
20.10.2021;05:00;455,16;49,12;42,39
20.10.2021;06:00;494,50;53,36;46,05
20.10.2021;07:00;456,78;49,29;42,54
20.10.2021;08:00;899,99;97,12;83,82
20.10.2021;09:00;1.000,01;107,91;93,13
20.10.2021;10:00;912,58;98,48;84,99
20.10.2021;11:00;900,00;97,12;83,82
20.10.2021;12:00;495,11;53,43;46,11
20.10.2021;13:00;540,01;58,27;50,29
20.10.2021;14:00;921,58;99,45;85,83
20.10.2021;15:00;1.029,99;111,15;95,92
20.10.2021;16:00;839,50;90,59;78,18
20.10.2021;17:00;1.078,00;116,33;100,40
20.10.2021;18:00;1.078,00;116,33;100,40
20.10.2021;19:00;1.078,00;116,33;100,40
20.10.2021;20:00;1.078,00;116,33;100,40
20.10.2021;21:00;1.000,00;107,91;93,13
20.10.2021;22:00;899,99;97,12;83,82
20.10.2021;23:00;798,03;86,12;74,32
21.10.2021;00:00;531,12;57,21;49,07
21.10.2021;01:00;750,00;80,78;69,29
21.10.2021;02:00;750,00;80,78;69,29
21.10.2021;03:00;581,90;62,67;53,76
21.10.2021;04:00;615,00;66,24;56,82
21.10.2021;05:00;750,01;80,78;69,29
21.10.2021;06:00;1.078,00;116,11;99,60
21.10.2021;07:00;1.078,00;116,11;99,60
21.10.2021;08:00;1.078,00;116,11;99,60
21.10.2021;09:00;1.078,00;116,11;99,60
21.10.2021;10:00;1.078,00;116,11;99,60
21.10.2021;11:00;899,00;96,83;83,06
21.10.2021;12:00;495,11;53,33;45,74
21.10.2021;13:00;575,52;61,99;53,17
21.10.2021;14:00;1.009,54;108,73;93,27
21.10.2021;15:00;1.078,00;116,11;99,60
21.10.2021;16:00;1.078,00;116,11;99,60
21.10.2021;17:00;1.078,00;116,11;99,60
21.10.2021;18:00;1.078,00;116,11;99,60
21.10.2021;19:00;1.078,00;116,11;99,60
21.10.2021;20:00;1.078,00;116,11;99,60
21.10.2021;21:00;1.078,00;116,11;99,60
21.10.2021;22:00;900,86;97,03;83,23
21.10.2021;23:00;848,84;91,43;78,42
22.10.2021;00:00;750,01;80,53;69,25
22.10.2021;01:00;899,99;96,63;83,10
22.10.2021;02:00;581,94;62,48;53,73
22.10.2021;03:00;523,60;56,22;48,34
22.10.2021;04:00;500,01;53,68;46,17
22.10.2021;05:00;582,24;62,51;53,76
22.10.2021;06:00;689,99;74,08;63,71
22.10.2021;07:00;900,00;96,63;83,10
22.10.2021;08:00;1.078,00;115,74;99,53
22.10.2021;09:00;932,98;100,17;86,14
22.10.2021;10:00;850,00;91,26;78,48
22.10.2021;11:00;900,01;96,63;83,10
22.10.2021;12:00;474,52;50,95;43,81
22.10.2021;13:00;474,53;50,95;43,81
22.10.2021;14:00;680,00;73,01;62,78
22.10.2021;15:00;1.048,99;112,63;96,85
22.10.2021;16:00;1.078,00;115,74;99,53
22.10.2021;17:00;1.078,00;115,74;99,53
22.10.2021;18:00;1.078,00;115,74;99,53
22.10.2021;19:00;1.078,00;115,74;99,53
22.10.2021;20:00;1.078,00;115,74;99,53
22.10.2021;21:00;1.071,00;114,99;98,88
22.10.2021;22:00;900,00;96,63;83,10
22.10.2021;23:00;627,87;67,41;57,97
23.10.2021;00:00;1.078,00;116,09;99,72
23.10.2021;01:00;1.078,00;116,09;99,72
23.10.2021;02:00;900,01;96,92;83,25
23.10.2021;03:00;749,00;80,66;69,28
23.10.2021;04:00;595,01;64,08;55,04
23.10.2021;05:00;800,01;86,16;74,00
23.10.2021;06:00;900,01;96,92;83,25
23.10.2021;07:00;800,01;86,16;74,00
23.10.2021;08:00;900,00;96,92;83,25
23.10.2021;09:00;949,98;102,31;87,87
23.10.2021;10:00;900,01;96,92;83,25
23.10.2021;11:00;875,00;94,23;80,94
23.10.2021;12:00;541,36;58,30;50,08
23.10.2021;13:00;613,70;66,09;56,77
23.10.2021;14:00;899,99;96,92;83,25
23.10.2021;15:00;1.000,00;107,69;92,50
23.10.2021;16:00;900,00;96,92;83,25
23.10.2021;17:00;1.078,00;116,09;99,72
23.10.2021;18:00;1.078,00;116,09;99,72
23.10.2021;19:00;1.078,00;116,09;99,72
23.10.2021;20:00;1.078,00;116,09;99,72
23.10.2021;21:00;1.078,00;116,09;99,72
23.10.2021;22:00;1.009,54;108,72;93,38
23.10.2021;23:00;900,00;96,92;83,25
24.10.2021;00:00;943,06;98,38;84,53
24.10.2021;01:00;989,99;103,27;88,74
24.10.2021;02:00;949,98;99,10;85,15
24.10.2021;03:00;948,85;98,98;85,05
24.10.2021;04:00;900,01;93,89;80,67
24.10.2021;05:00;800,01;83,46;71,71
24.10.2021;06:00;682,16;71,16;61,14
24.10.2021;07:00;899,89;93,88;80,66
24.10.2021;08:00;459,37;47,92;41,17
24.10.2021;09:00;270,50;28,22;24,25
24.10.2021;10:00;350,00;36,51;31,37
24.10.2021;11:00;389,99;40,68;34,96
24.10.2021;12:00;50,01;5,22;4,48
24.10.2021;13:00;100,01;10,43;8,96
24.10.2021;14:00;225,01;23,47;20,17
24.10.2021;15:00;300,00;31,30;26,89
24.10.2021;16:00;389,99;40,68;34,96
24.10.2021;17:00;615,00;64,16;55,12
24.10.2021;18:00;1.065,90;111,19;95,54
24.10.2021;19:00;900,00;93,89;80,67
24.10.2021;20:00;750,01;78,24;67,23
24.10.2021;21:00;680,00;70,94;60,95
24.10.2021;22:00;390,01;40,69;34,96
24.10.2021;23:00;15,40;1,61;1,38
25.10.2021;00:00;350,00;36,51;31,37
25.10.2021;01:00;459,37;47,92;41,17
25.10.2021;02:00;453,12;47,27;40,61
25.10.2021;03:00;400,01;41,73;35,85
25.10.2021;04:00;394,99;41,20;35,40
25.10.2021;05:00;445,00;46,42;39,89
25.10.2021;06:00;456,18;47,59;40,89
25.10.2021;07:00;575,83;60,07;51,61
25.10.2021;08:00;900,01;93,89;80,67
25.10.2021;09:00;799,83;83,44;71,69
25.10.2021;10:00;799,82;83,44;71,69
25.10.2021;11:00;750,01;78,24;67,23
25.10.2021;12:00;429,54;44,81;38,50
25.10.2021;13:00;454,67;47,43;40,75
25.10.2021;14:00;628,89;65,61;56,37
25.10.2021;15:00;574,10;59,89;51,46
25.10.2021;16:00;634,99;66,24;56,92
25.10.2021;17:00;1.077,99;112,45;96,62
25.10.2021;18:00;1.078,00;112,46;96,62
25.10.2021;19:00;1.035,89;108,06;92,85
25.10.2021;20:00;799,99;83,45;71,71
25.10.2021;21:00;699,68;72,99;62,71
25.10.2021;22:00;599,99;62,59;53,78
25.10.2021;23:00;520,21;54,27;46,63
26.10.2021;00:00;400,01;41,73;35,85
26.10.2021;01:00;790,90;82,51;70,89
26.10.2021;02:00;500,01;52,16;44,82
26.10.2021;03:00;450,00;46,94;40,33
26.10.2021;04:00;443,24;46,24;39,73
26.10.2021;05:00;500,01;52,16;44,82
26.10.2021;06:00;750,00;78,24;67,22
26.10.2021;07:00;750,00;78,24;67,22
26.10.2021;08:00;1.069,99;111,62;95,91
26.10.2021;09:00;929,99;97,02;83,36
26.10.2021;10:00;800,00;83,46;71,71
26.10.2021;11:00;880,00;91,80;78,88
26.10.2021;12:00;500,01;52,16;44,82
26.10.2021;13:00;800,00;83,46;71,71
26.10.2021;14:00;1.000,00;104,32;89,63
26.10.2021;15:00;1.078,00;112,46;96,62
26.10.2021;16:00;1.078,00;112,46;96,62
26.10.2021;17:00;1.078,00;112,46;96,62
26.10.2021;18:00;1.078,00;112,46;96,62
26.10.2021;19:00;1.078,00;112,46;96,62
26.10.2021;20:00;1.078,00;112,46;96,62
26.10.2021;21:00;1.069,99;111,62;95,91
26.10.2021;22:00;999,90;104,31;89,62
26.10.2021;23:00;799,99;83,45;71,71
27.10.2021;00:00;613,10;62,97;54,12
27.10.2021;01:00;945,29;97,09;83,45
27.10.2021;02:00;748,92;76,92;66,11
27.10.2021;03:00;455,54;46,79;40,21
27.10.2021;04:00;500,00;51,35;44,14
27.10.2021;05:00;650,00;66,76;57,38
27.10.2021;06:00;1.000,00;102,71;88,27
27.10.2021;07:00;925,56;95,06;81,70
27.10.2021;08:00;1.078,00;110,72;95,16
27.10.2021;09:00;1.078,00;110,72;95,16
27.10.2021;10:00;1.030,00;105,79;90,92
27.10.2021;11:00;1.070,00;109,90;94,45
27.10.2021;12:00;556,57;57,17;49,13
27.10.2021;13:00;749,00;76,93;66,12
27.10.2021;14:00;948,81;97,45;83,76
27.10.2021;15:00;1.070,00;109,90;94,45
27.10.2021;16:00;1.069,99;109,90;94,45
27.10.2021;17:00;1.078,00;110,72;95,16
27.10.2021;18:00;1.078,00;110,72;95,16
27.10.2021;19:00;1.049,67;107,81;92,66
27.10.2021;20:00;948,80;97,45;83,75
27.10.2021;21:00;948,80;97,45;83,75
27.10.2021;22:00;748,92;76,92;66,11
27.10.2021;23:00;434,99;44,68;38,40
28.10.2021;00:00;700,00;74,02;63,75
28.10.2021;01:00;919,87;97,26;83,77
28.10.2021;02:00;748,72;79,17;68,18
28.10.2021;03:00;595,00;62,91;54,18
28.10.2021;04:00;454,83;48,09;41,42
28.10.2021;05:00;550,01;58,16;50,09
28.10.2021;06:00;880,01;93,05;80,14
28.10.2021;07:00;748,72;79,17;68,18
28.10.2021;08:00;1.078,00;113,98;98,17
28.10.2021;09:00;1.000,02;105,74;91,07
28.10.2021;10:00;891,52;94,27;81,19
28.10.2021;11:00;910,58;96,28;82,92
28.10.2021;12:00;474,00;50,12;43,16
28.10.2021;13:00;537,92;56,88;48,99
28.10.2021;14:00;798,00;84,38;72,67
28.10.2021;15:00;947,90;100,23;86,32
28.10.2021;16:00;750,01;79,30;68,30
28.10.2021;17:00;1.078,00;113,98;98,17
28.10.2021;18:00;1.070,00;113,14;97,44
28.10.2021;19:00;900,01;95,16;81,96
28.10.2021;20:00;800,01;84,59;72,85
28.10.2021;21:00;900,01;95,16;81,96
28.10.2021;22:00;615,00;65,03;56,00
28.10.2021;23:00;489,57;51,77;44,58
29.10.2021;00:00;495,11;52,22;45,02
29.10.2021;01:00;875,01;92,29;79,56
29.10.2021;02:00;474,52;50,05;43,15
29.10.2021;03:00;496,45;52,36;45,14
29.10.2021;04:00;490,00;51,68;44,55
29.10.2021;05:00;597,75;63,05;54,35
29.10.2021;06:00;461,23;48,65;41,94
29.10.2021;07:00;520,83;54,93;47,36
29.10.2021;08:00;800,00;84,38;72,74
29.10.2021;09:00;558,99;58,96;50,83
29.10.2021;10:00;559,00;58,96;50,83
29.10.2021;11:00;515,01;54,32;46,83
29.10.2021;12:00;325,00;34,28;29,55
29.10.2021;13:00;350,00;36,91;31,82
29.10.2021;14:00;529,52;55,85;48,15
29.10.2021;15:00;572,00;60,33;52,01
29.10.2021;16:00;556,45;58,69;50,60
29.10.2021;17:00;947,90;99,98;86,19
29.10.2021;18:00;1.078,00;113,70;98,02
29.10.2021;19:00;947,89;99,97;86,19
29.10.2021;20:00;686,80;72,44;62,45
29.10.2021;21:00;697,53;73,57;63,42
29.10.2021;22:00;697,57;73,57;63,43
29.10.2021;23:00;454,95;47,98;41,37
30.10.2021;00:00;495,11;52,22;45,02
30.10.2021;01:00;750,01;79,10;68,20
30.10.2021;02:00;600,00;63,28;54,56
30.10.2021;03:00;460,00;48,52;41,83
30.10.2021;04:00;403,00;42,50;36,64
30.10.2021;05:00;491,48;51,84;44,69
30.10.2021;06:00;453,23;47,80;41,21
30.10.2021;07:00;463,85;48,92;42,18
30.10.2021;08:00;947,90;99,98;86,19
30.10.2021;09:00;700,00;73,83;63,65
30.10.2021;10:00;750,00;79,10;68,19
30.10.2021;11:00;900,00;94,92;81,83
30.10.2021;12:00;430,01;45,35;39,10
30.10.2021;13:00;462,00;48,73;42,01
30.10.2021;14:00;700,00;73,83;63,65
30.10.2021;15:00;650,00;68,56;59,10
30.10.2021;16:00;434,99;45,88;39,55
30.10.2021;17:00;749,99;79,10;68,19
30.10.2021;18:00;1.072,00;113,06;97,47
30.10.2021;19:00;924,13;97,47;84,03
30.10.2021;20:00;762,33;80,40;69,32
30.10.2021;21:00;614,99;64,86;55,92
30.10.2021;22:00;560,09;59,07;50,93
30.10.2021;23:00;458,13;48,32;41,66
31.10.2021;00:00;350,01;36,92;31,82
31.10.2021;01:00;635,00;66,97;57,74
31.10.2021;02:00;750,01;79,10;68,20
31.10.2021;03:00;536,80;56,62;48,81
31.10.2021;04:00;750,01;79,10;68,20
31.10.2021;05:00;770,99;81,32;70,10
31.10.2021;06:00;400,01;42,19;36,37
31.10.2021;07:00;453,12;47,79;41,20
31.10.2021;08:00;438,71;46,27;39,89
31.10.2021;09:00;380,00;40,08;34,55
31.10.2021;10:00;558,58;58,91;50,79
31.10.2021;11:00;650,01;68,56;59,10
31.10.2021;12:00;400,01;42,19;36,37
31.10.2021;13:00;429,95;45,35;39,09
31.10.2021;14:00;650,00;68,56;59,10
31.10.2021;15:00;920,00;97,03;83,65
31.10.2021;16:00;770,00;81,21;70,01
31.10.2021;17:00;870,00;91,76;79,11
31.10.2021;18:00;1.078,00;113,70;98,02
31.10.2021;19:00;1.000,00;105,47;90,93
31.10.2021;20:00;770,98;81,32;70,10
31.10.2021;21:00;770,98;81,32;70,10
31.10.2021;22:00;519,57;54,80;47,24
31.10.2021;23:00;495,11;52,22;45,02
01.11.2021;00:00;495,11;52,22;45,02
01.11.2021;01:00;749,99;79,10;68,19
01.11.2021;02:00;450,00;47,46;40,92
01.11.2021;03:00;452,44;47,72;41,14
01.11.2021;04:00;452,44;47,72;41,14
01.11.2021;05:00;500,00;52,74;45,46
01.11.2021;06:00;452,44;47,72;41,14
01.11.2021;07:00;452,43;47,72;41,14
01.11.2021;08:00;1.131,00;119,29;102,84
01.11.2021;09:00;938,90;99,03;85,37
01.11.2021;10:00;999,68;105,44;90,90
01.11.2021;11:00;1.000,00;105,47;90,93
01.11.2021;12:00;550,01;58,01;50,01
01.11.2021;13:00;699,98;73,83;63,65
01.11.2021;14:00;1.100,01;116,02;100,02
01.11.2021;15:00;1.131,00;119,29;102,84
01.11.2021;16:00;1.130,99;119,29;102,84
01.11.2021;17:00;1.131,00;119,29;102,84
01.11.2021;18:00;1.131,00;119,29;102,84
01.11.2021;19:00;1.099,99;116,02;100,02
01.11.2021;20:00;770,98;81,32;70,10
01.11.2021;21:00;770,98;81,32;70,10
01.11.2021;22:00;599,98;63,28;54,55
01.11.2021;23:00;495,00;52,21;45,01
02.11.2021;00:00;699,99;73,83;63,65
02.11.2021;01:00;799,99;84,38;72,74
02.11.2021;02:00;699,99;73,83;63,65
02.11.2021;03:00;699,98;73,83;63,65
02.11.2021;04:00;601,67;63,46;54,71
02.11.2021;05:00;699,98;73,83;63,65
02.11.2021;06:00;715,98;75,51;65,10
02.11.2021;07:00;799,98;84,37;72,74
02.11.2021;08:00;1.131,00;119,29;102,84
02.11.2021;09:00;1.131,00;119,29;102,84
02.11.2021;10:00;1.131,00;119,29;102,84
02.11.2021;11:00;1.131,00;119,29;102,84
02.11.2021;12:00;699,99;73,83;63,65
02.11.2021;13:00;715,98;75,51;65,10
02.11.2021;14:00;900,00;94,92;81,83
02.11.2021;15:00;861,00;90,81;78,29
02.11.2021;16:00;899,99;94,92;81,83
02.11.2021;17:00;1.130,40;119,22;102,78
02.11.2021;18:00;1.100,01;116,02;100,02
02.11.2021;19:00;799,99;84,38;72,74
02.11.2021;20:00;799,99;84,38;72,74
02.11.2021;21:00;715,98;75,51;65,10
02.11.2021;22:00;699,99;73,83;63,65
02.11.2021;23:00;656,12;69,20;59,66
03.11.2021;00:00;450,23;47,25;40,85
03.11.2021;01:00;800,00;83,96;72,58
03.11.2021;02:00;715,97;75,14;64,96
03.11.2021;03:00;689,98;72,41;62,60
03.11.2021;04:00;525,01;55,10;47,63
03.11.2021;05:00;755,58;79,30;68,55
03.11.2021;06:00;947,95;99,48;86,01
03.11.2021;07:00;743,06;77,98;67,42
03.11.2021;08:00;1.131,00;118,69;102,62
03.11.2021;09:00;1.131,00;118,69;102,62
03.11.2021;10:00;1.131,00;118,69;102,62
03.11.2021;11:00;1.131,00;118,69;102,62
03.11.2021;12:00;1.100,00;115,44;99,80
03.11.2021;13:00;1.131,00;118,69;102,62
03.11.2021;14:00;1.131,00;118,69;102,62
03.11.2021;15:00;1.131,00;118,69;102,62
03.11.2021;16:00;1.131,00;118,69;102,62
03.11.2021;17:00;1.131,00;118,69;102,62
03.11.2021;18:00;1.131,00;118,69;102,62
03.11.2021;19:00;1.131,00;118,69;102,62
03.11.2021;20:00;1.131,00;118,69;102,62
03.11.2021;21:00;1.131,00;118,69;102,62
03.11.2021;22:00;1.131,00;118,69;102,62
03.11.2021;23:00;800,00;83,96;72,58
04.11.2021;00:00;715,97;75,23;64,84
04.11.2021;01:00;958,51;100,71;86,81
04.11.2021;02:00;673,03;70,72;60,96
04.11.2021;03:00;632,11;66,42;57,25
04.11.2021;04:00;689,00;72,40;62,40
04.11.2021;05:00;697,00;73,24;63,13
04.11.2021;06:00;750,51;78,86;67,97
04.11.2021;07:00;750,50;78,86;67,97
04.11.2021;08:00;1.122,55;117,95;101,67
04.11.2021;09:00;750,51;78,86;67,97
04.11.2021;10:00;750,51;78,86;67,97
04.11.2021;11:00;750,50;78,86;67,97
04.11.2021;12:00;600,33;63,08;54,37
04.11.2021;13:00;650,33;68,33;58,90
04.11.2021;14:00;750,51;78,86;67,97
04.11.2021;15:00;1.131,00;118,84;102,43
04.11.2021;16:00;1.131,00;118,84;102,43
04.11.2021;17:00;1.131,00;118,84;102,43
04.11.2021;18:00;1.131,00;118,84;102,43
04.11.2021;19:00;1.131,00;118,84;102,43
04.11.2021;20:00;1.131,00;118,84;102,43
04.11.2021;21:00;1.131,00;118,84;102,43
04.11.2021;22:00;1.131,00;118,84;102,43
04.11.2021;23:00;824,33;86,62;74,66
05.11.2021;00:00;699,99;72,49;62,56
05.11.2021;01:00;957,95;99,20;85,61
05.11.2021;02:00;699,99;72,49;62,56
05.11.2021;03:00;656,11;67,94;58,64
05.11.2021;04:00;649,99;67,31;58,09
05.11.2021;05:00;649,99;67,31;58,09
05.11.2021;06:00;799,99;82,84;71,50
05.11.2021;07:00;900,99;93,30;80,52
05.11.2021;08:00;1.131,00;117,12;101,08
05.11.2021;09:00;989,99;102,52;88,48
05.11.2021;10:00;875,00;90,61;78,20
05.11.2021;11:00;899,99;93,20;80,43
05.11.2021;12:00;649,98;67,31;58,09
05.11.2021;13:00;649,99;67,31;58,09
05.11.2021;14:00;850,00;88,02;75,97
05.11.2021;15:00;1.131,00;117,12;101,08
05.11.2021;16:00;1.131,00;117,12;101,08
05.11.2021;17:00;1.131,00;117,12;101,08
05.11.2021;18:00;1.131,00;117,12;101,08
05.11.2021;19:00;1.131,00;117,12;101,08
05.11.2021;20:00;1.131,00;117,12;101,08
05.11.2021;21:00;1.131,00;117,12;101,08
05.11.2021;22:00;1.099,99;113,91;98,31
05.11.2021;23:00;789,99;81,80;70,60
06.11.2021;00:00;699,99;72,25;62,50
06.11.2021;01:00;947,01;97,75;84,56
06.11.2021;02:00;699,99;72,25;62,50
06.11.2021;03:00;699,99;72,25;62,50
06.11.2021;04:00;699,98;72,25;62,50
06.11.2021;05:00;719,01;74,21;64,20
06.11.2021;06:00;700,00;72,25;62,51
06.11.2021;07:00;815,00;84,12;72,77
06.11.2021;08:00;1.099,99;113,54;98,22
06.11.2021;09:00;673,02;69,47;60,10
06.11.2021;10:00;673,03;69,47;60,10
06.11.2021;11:00;798,32;82,40;71,28
06.11.2021;12:00;649,99;67,09;58,04
06.11.2021;13:00;673,02;69,47;60,10
06.11.2021;14:00;656,12;67,72;58,59
06.11.2021;15:00;673,03;69,47;60,10
06.11.2021;16:00;798,33;82,40;71,29
06.11.2021;17:00;1.131,00;116,74;100,99
06.11.2021;18:00;1.131,00;116,74;100,99
06.11.2021;19:00;990,00;102,18;88,40
06.11.2021;20:00;699,98;72,25;62,50
06.11.2021;21:00;747,95;77,20;66,79
06.11.2021;22:00;699,99;72,25;62,50
06.11.2021;23:00;649,98;67,09;58,04
07.11.2021;00:00;699,98;72,16;62,50
07.11.2021;01:00;1.033,39;106,54;92,27
07.11.2021;02:00;699,98;72,16;62,50
07.11.2021;03:00;656,10;67,64;58,58
07.11.2021;04:00;656,09;67,64;58,58
07.11.2021;05:00;656,09;67,64;58,58
07.11.2021;06:00;699,99;72,16;62,50
07.11.2021;07:00;699,99;72,16;62,50
07.11.2021;08:00;656,10;67,64;58,58
07.11.2021;09:00;300,01;30,93;26,79
07.11.2021;10:00;550,00;56,70;49,11
07.11.2021;11:00;635,31;65,50;56,73
07.11.2021;12:00;599,73;61,83;53,55
07.11.2021;13:00;656,10;67,64;58,58
07.11.2021;14:00;500,00;51,55;44,64
07.11.2021;15:00;656,09;67,64;58,58
07.11.2021;16:00;656,09;67,64;58,58
07.11.2021;17:00;784,07;80,83;70,01
07.11.2021;18:00;1.131,00;116,60;100,99
07.11.2021;19:00;1.131,00;116,60;100,99
07.11.2021;20:00;999,99;103,09;89,29
07.11.2021;21:00;890,00;91,75;79,47
07.11.2021;22:00;789,07;81,35;70,46
07.11.2021;23:00;699,99;72,16;62,50
08.11.2021;00:00;672,07;69,29;60,01
08.11.2021;01:00;1.000,00;103,09;89,29
08.11.2021;02:00;652,00;67,22;58,22
08.11.2021;03:00;649,99;67,01;58,04
08.11.2021;04:00;649,98;67,01;58,04
08.11.2021;05:00;699,98;72,16;62,50
08.11.2021;06:00;740,46;76,34;66,12
08.11.2021;07:00;1.010,01;104,12;90,18
08.11.2021;08:00;1.131,00;116,60;100,99
08.11.2021;09:00;1.131,00;116,60;100,99
08.11.2021;10:00;1.131,00;116,60;100,99
08.11.2021;11:00;1.131,00;116,60;100,99
08.11.2021;12:00;699,98;72,16;62,50
08.11.2021;13:00;900,01;92,78;80,36
08.11.2021;14:00;1.131,00;116,60;100,99
08.11.2021;15:00;1.131,00;116,60;100,99
08.11.2021;16:00;1.131,00;116,60;100,99
08.11.2021;17:00;1.131,00;116,60;100,99
08.11.2021;18:00;1.131,00;116,60;100,99
08.11.2021;19:00;1.131,00;116,60;100,99
08.11.2021;20:00;1.131,00;116,60;100,99
08.11.2021;21:00;1.131,00;116,60;100,99
08.11.2021;22:00;1.131,00;116,60;100,99
08.11.2021;23:00;820,00;84,54;73,22
09.11.2021;00:00;649,99;67,01;58,04
09.11.2021;01:00;997,01;102,78;89,02
09.11.2021;02:00;699,99;72,16;62,50
09.11.2021;03:00;649,99;67,01;58,04
09.11.2021;04:00;656,12;67,64;58,58
09.11.2021;05:00;696,13;71,77;62,16
09.11.2021;06:00;724,95;74,74;64,73
09.11.2021;07:00;900,00;92,78;80,36
09.11.2021;08:00;1.131,00;116,60;100,99
09.11.2021;09:00;1.063,05;109,59;94,92
09.11.2021;10:00;850,01;87,63;75,90
09.11.2021;11:00;743,07;76,61;66,35
09.11.2021;12:00;647,00;66,70;57,77
09.11.2021;13:00;673,02;69,38;60,09
09.11.2021;14:00;900,00;92,78;80,36
09.11.2021;15:00;1.131,00;116,60;100,99
09.11.2021;16:00;1.131,00;116,60;100,99
09.11.2021;17:00;1.131,00;116,60;100,99
09.11.2021;18:00;1.131,00;116,60;100,99
09.11.2021;19:00;1.131,00;116,60;100,99
09.11.2021;20:00;1.096,63;113,05;97,92
09.11.2021;21:00;656,11;67,64;58,58
09.11.2021;22:00;649,98;67,01;58,04
09.11.2021;23:00;399,99;41,24;35,71
10.11.2021;00:00;699,98;72,28;62,49
10.11.2021;01:00;899,80;92,91;80,33
10.11.2021;02:00;638,81;65,96;57,03
10.11.2021;03:00;500,00;51,63;44,64
10.11.2021;04:00;638,81;65,96;57,03
10.11.2021;05:00;638,81;65,96;57,03
10.11.2021;06:00;656,10;67,75;58,57
10.11.2021;07:00;800,00;82,60;71,42
10.11.2021;08:00;1.131,00;116,78;100,97
10.11.2021;09:00;699,99;72,28;62,49
10.11.2021;10:00;698,01;72,07;62,32
10.11.2021;11:00;750,01;77,44;66,96
10.11.2021;12:00;550,00;56,79;49,10
10.11.2021;13:00;550,01;56,79;49,10
10.11.2021;14:00;699,98;72,28;62,49
10.11.2021;15:00;564,99;58,34;50,44
10.11.2021;16:00;699,98;72,28;62,49
10.11.2021;17:00;979,99;101,19;87,49
10.11.2021;18:00;1.044,99;107,90;93,29
10.11.2021;19:00;792,00;81,78;70,71
10.11.2021;20:00;648,89;67,00;57,93
10.11.2021;21:00;762,03;78,68;68,03
10.11.2021;22:00;698,01;72,07;62,32
10.11.2021;23:00;679,98;70,21;60,71
11.11.2021;00:00;649,98;66,99;57,79
11.11.2021;01:00;800,00;82,45;71,13
11.11.2021;02:00;699,98;72,14;62,24
11.11.2021;03:00;649,99;66,99;57,79
11.11.2021;04:00;649,99;66,99;57,79
11.11.2021;05:00;696,12;71,74;61,89
11.11.2021;06:00;699,99;72,14;62,24
11.11.2021;07:00;700,00;72,14;62,24
11.11.2021;08:00;1.049,99;108,21;93,36
11.11.2021;09:00;699,98;72,14;62,24
11.11.2021;10:00;696,13;71,74;61,90
11.11.2021;11:00;790,79;81,50;70,31
11.11.2021;12:00;550,01;56,69;48,90
11.11.2021;13:00;648,01;66,79;57,62
11.11.2021;14:00;700,01;72,14;62,24
11.11.2021;15:00;699,99;72,14;62,24
11.11.2021;16:00;809,99;83,48;72,02
11.11.2021;17:00;1.131,00;116,56;100,56
11.11.2021;18:00;1.131,00;116,56;100,56
11.11.2021;19:00;999,99;103,06;88,91
11.11.2021;20:00;900,00;92,76;80,02
11.11.2021;21:00;809,99;83,48;72,02
11.11.2021;22:00;743,06;76,58;66,07
11.11.2021;23:00;669,98;69,05;59,57
12.11.2021;00:00;648,10;66,26;57,27
12.11.2021;01:00;815,01;83,32;72,03
12.11.2021;02:00;696,12;71,17;61,52
12.11.2021;03:00;673,03;68,81;59,48
12.11.2021;04:00;699,98;71,56;61,86
12.11.2021;05:00;740,55;75,71;65,45
12.11.2021;06:00;889,22;90,91;78,58
12.11.2021;07:00;899,02;91,91;79,45
12.11.2021;08:00;1.131,00;115,63;99,95
12.11.2021;09:00;885,53;90,53;78,26
12.11.2021;10:00;762,03;77,91;67,34
12.11.2021;11:00;933,21;95,41;82,47
12.11.2021;12:00;629,98;64,41;55,67
12.11.2021;13:00;629,99;64,41;55,67
12.11.2021;14:00;930,52;95,13;82,23
12.11.2021;15:00;1.000,00;102,24;88,37
12.11.2021;16:00;1.131,00;115,63;99,95
12.11.2021;17:00;1.131,00;115,63;99,95
12.11.2021;18:00;1.131,00;115,63;99,95
12.11.2021;19:00;1.131,00;115,63;99,95
12.11.2021;20:00;1.131,00;115,63;99,95
12.11.2021;21:00;1.131,00;115,63;99,95
12.11.2021;22:00;1.131,00;115,63;99,95
12.11.2021;23:00;940,00;96,10;83,07
13.11.2021;00:00;673,03;67,87;59,18
13.11.2021;01:00;820,75;82,76;72,17
13.11.2021;02:00;790,01;79,66;69,47
13.11.2021;03:00;699,99;70,58;61,55
13.11.2021;04:00;699,98;70,58;61,55
13.11.2021;05:00;696,13;70,20;61,21
13.11.2021;06:00;713,22;71,92;62,71
13.11.2021;07:00;699,99;70,58;61,55
13.11.2021;08:00;1.050,00;105,88;92,33
13.11.2021;09:00;702,00;70,79;61,73
13.11.2021;10:00;702,00;70,79;61,73
13.11.2021;11:00;699,98;70,58;61,55
13.11.2021;12:00;629,99;63,53;55,40
13.11.2021;13:00;647,01;65,24;56,89
13.11.2021;14:00;673,03;67,87;59,18
13.11.2021;15:00;699,99;70,58;61,55
13.11.2021;16:00;1.049,99;105,88;92,33
13.11.2021;17:00;1.131,00;114,05;99,45
13.11.2021;18:00;1.131,00;114,05;99,45
13.11.2021;19:00;1.131,00;114,05;99,45
13.11.2021;20:00;1.131,00;114,05;99,45
13.11.2021;21:00;1.131,00;114,05;99,45
13.11.2021;22:00;1.099,99;110,92;96,72
13.11.2021;23:00;713,21;71,92;62,71
14.11.2021;00:00;699,99;70,63;61,70
14.11.2021;01:00;995,01;100,40;87,71
14.11.2021;02:00;699,98;70,63;61,70
14.11.2021;03:00;634,99;64,07;55,97
14.11.2021;04:00;649,99;65,59;57,29
14.11.2021;05:00;649,98;65,58;57,29
14.11.2021;06:00;699,98;70,63;61,70
14.11.2021;07:00;896,62;90,47;79,03
14.11.2021;08:00;840,51;84,81;74,09
14.11.2021;09:00;599,60;60,50;52,85
14.11.2021;10:00;634,98;64,07;55,97
14.11.2021;11:00;649,99;65,59;57,29
14.11.2021;12:00;634,99;64,07;55,97
14.11.2021;13:00;649,98;65,58;57,29
14.11.2021;14:00;699,98;70,63;61,70
14.11.2021;15:00;754,09;76,09;66,47
14.11.2021;16:00;803,28;81,05;70,81
14.11.2021;17:00;1.131,00;114,12;99,69
14.11.2021;18:00;1.131,00;114,12;99,69
14.11.2021;19:00;1.131,00;114,12;99,69
14.11.2021;20:00;1.131,00;114,12;99,69
14.11.2021;21:00;1.131,00;114,12;99,69
14.11.2021;22:00;989,99;99,89;87,26
14.11.2021;23:00;699,99;70,63;61,70
15.11.2021;00:00;699,99;70,63;61,70
15.11.2021;01:00;938,01;94,65;82,68
15.11.2021;02:00;699,99;70,63;61,70
15.11.2021;03:00;663,05;66,90;58,45
15.11.2021;04:00;663,04;66,90;58,44
15.11.2021;05:00;695,00;70,13;61,26
15.11.2021;06:00;698,99;70,53;61,61
15.11.2021;07:00;699,99;70,63;61,70
15.11.2021;08:00;1.131,00;114,12;99,69
15.11.2021;09:00;1.131,00;114,12;99,69
15.11.2021;10:00;1.131,00;114,12;99,69
15.11.2021;11:00;1.131,00;114,12;99,69
15.11.2021;12:00;673,03;67,91;59,32
15.11.2021;13:00;673,03;67,91;59,32
15.11.2021;14:00;747,00;75,37;65,85
15.11.2021;15:00;800,00;80,72;70,52
15.11.2021;16:00;1.129,00;113,92;99,52
15.11.2021;17:00;1.131,00;114,12;99,69
15.11.2021;18:00;1.131,00;114,12;99,69
15.11.2021;19:00;949,99;95,86;83,74
15.11.2021;20:00;855,01;86,27;75,37
15.11.2021;21:00;765,01;77,19;67,43
15.11.2021;22:00;698,98;70,53;61,61
15.11.2021;23:00;656,12;66,20;57,83
16.11.2021;00:00;654,41;66,03;57,68
16.11.2021;01:00;800,01;80,72;70,52
16.11.2021;02:00;659,99;66,60;58,18
16.11.2021;03:00;654,41;66,03;57,68
16.11.2021;04:00;648,03;65,39;57,12
16.11.2021;05:00;654,42;66,03;57,68
16.11.2021;06:00;698,98;70,53;61,61
16.11.2021;07:00;760,71;76,76;67,05
16.11.2021;08:00;1.045,00;105,44;92,11
16.11.2021;09:00;713,22;71,97;62,87
16.11.2021;10:00;700,00;70,63;61,70
16.11.2021;11:00;698,97;70,53;61,61
16.11.2021;12:00;619,99;62,56;54,65
16.11.2021;13:00;629,99;63,57;55,53
16.11.2021;14:00;698,97;70,53;61,61
16.11.2021;15:00;698,98;70,53;61,61
16.11.2021;16:00;849,99;85,77;74,92
16.11.2021;17:00;1.131,00;114,12;99,69
16.11.2021;18:00;1.131,00;114,12;99,69
16.11.2021;19:00;1.049,90;105,94;92,54
16.11.2021;20:00;1.000,00;100,90;88,15
16.11.2021;21:00;923,00;93,13;81,36
16.11.2021;22:00;737,71;74,44;65,03
16.11.2021;23:00;665,00;67,10;58,62
17.11.2021;00:00;661,00;66,23;57,84
17.11.2021;01:00;859,38;86,11;75,20
17.11.2021;02:00;778,30;77,98;68,10
17.11.2021;03:00;699,98;70,14;61,25
17.11.2021;04:00;659,98;66,13;57,75
17.11.2021;05:00;661,00;66,23;57,84
17.11.2021;06:00;749,60;75,11;65,59
17.11.2021;07:00;672,01;67,33;58,80
17.11.2021;08:00;1.063,06;106,51;93,02
17.11.2021;09:00;750,77;75,22;65,69
17.11.2021;10:00;740,00;74,15;64,75
17.11.2021;11:00;798,32;79,99;69,86
17.11.2021;12:00;673,03;67,44;58,89
17.11.2021;13:00;699,99;70,14;61,25
17.11.2021;14:00;989,99;99,19;86,63
17.11.2021;15:00;1.131,00;113,32;98,97
17.11.2021;16:00;1.131,00;113,32;98,97
17.11.2021;17:00;1.131,00;113,32;98,97
17.11.2021;18:00;1.131,00;113,32;98,97
17.11.2021;19:00;1.131,00;113,32;98,97
17.11.2021;20:00;1.131,00;113,32;98,97
17.11.2021;21:00;1.131,00;113,32;98,97
17.11.2021;22:00;1.119,99;112,22;98,00
17.11.2021;23:00;699,99;70,14;61,25
18.11.2021;00:00;699,98;68,85;60,55
18.11.2021;01:00;901,00;88,62;77,94
18.11.2021;02:00;699,99;68,85;60,55
18.11.2021;03:00;673,03;66,20;58,22
18.11.2021;04:00;673,03;66,20;58,22
18.11.2021;05:00;699,98;68,85;60,55
18.11.2021;06:00;752,56;74,02;65,10
18.11.2021;07:00;762,24;74,97;65,93
18.11.2021;08:00;1.131,00;111,24;97,83
18.11.2021;09:00;1.131,00;111,24;97,83
18.11.2021;10:00;1.131,00;111,24;97,83
18.11.2021;11:00;1.131,00;111,24;97,83
18.11.2021;12:00;699,98;68,85;60,55
18.11.2021;13:00;750,66;73,83;64,93
18.11.2021;14:00;1.131,00;111,24;97,83
18.11.2021;15:00;1.131,00;111,24;97,83
18.11.2021;16:00;1.131,00;111,24;97,83
18.11.2021;17:00;1.131,00;111,24;97,83
18.11.2021;18:00;1.131,00;111,24;97,83
18.11.2021;19:00;1.131,00;111,24;97,83
18.11.2021;20:00;1.131,00;111,24;97,83
18.11.2021;21:00;1.131,00;111,24;97,83
18.11.2021;22:00;999,99;98,36;86,50
18.11.2021;23:00;698,01;68,65;60,38
19.11.2021;00:00;697,00;67,02;59,26
19.11.2021;01:00;900,99;86,64;76,60
19.11.2021;02:00;669,99;64,43;56,96
19.11.2021;03:00;650,00;62,50;55,26
19.11.2021;04:00;669,98;64,43;56,96
19.11.2021;05:00;669,98;64,43;56,96
19.11.2021;06:00;677,01;65,10;57,56
19.11.2021;07:00;669,99;64,43;56,96
19.11.2021;08:00;1.131,00;108,76;96,15
19.11.2021;09:00;1.119,99;107,70;95,22
19.11.2021;10:00;1.115,40;107,26;94,83
19.11.2021;11:00;1.075,01;103,37;91,39
19.11.2021;12:00;671,11;64,53;57,05
19.11.2021;13:00;671,11;64,53;57,05
19.11.2021;14:00;899,99;86,54;76,51
19.11.2021;15:00;1.049,99;100,97;89,26
19.11.2021;16:00;1.119,99;107,70;95,22
19.11.2021;17:00;1.131,00;108,76;96,15
19.11.2021;18:00;1.131,00;108,76;96,15
19.11.2021;19:00;954,42;91,78;81,14
19.11.2021;20:00;899,99;86,54;76,51
19.11.2021;21:00;796,60;76,60;67,72
19.11.2021;22:00;671,12;64,54;57,05
19.11.2021;23:00;669,98;64,43;56,96
20.11.2021;00:00;687,99;64,32;56,75
20.11.2021;01:00;855,01;79,94;70,53
20.11.2021;02:00;687,99;64,32;56,75
20.11.2021;03:00;673,30;62,95;55,54
20.11.2021;04:00;687,98;64,32;56,75
20.11.2021;05:00;687,99;64,32;56,75
20.11.2021;06:00;697,00;65,16;57,50
20.11.2021;07:00;687,98;64,32;56,75
20.11.2021;08:00;750,44;70,16;61,91
20.11.2021;09:00;750,44;70,16;61,91
20.11.2021;10:00;849,99;79,47;70,12
20.11.2021;11:00;820,74;76,73;67,70
20.11.2021;12:00;687,98;64,32;56,75
20.11.2021;13:00;687,99;64,32;56,75
20.11.2021;14:00;700,00;65,44;57,74
20.11.2021;15:00;697,00;65,16;57,50
20.11.2021;16:00;696,99;65,16;57,50
20.11.2021;17:00;900,01;84,14;74,24
20.11.2021;18:00;1.119,99;104,71;92,39
20.11.2021;19:00;855,01;79,94;70,53
20.11.2021;20:00;1.000,00;93,49;82,49
20.11.2021;21:00;849,98;79,46;70,12
20.11.2021;22:00;750,43;70,16;61,90
20.11.2021;23:00;697,00;65,16;57,50
21.11.2021;00:00;687,98;62,39;55,12
21.11.2021;01:00;764,10;69,30;61,22
21.11.2021;02:00;716,99;65,02;57,44
21.11.2021;03:00;687,98;62,39;55,12
21.11.2021;04:00;652,21;59,15;52,25
21.11.2021;05:00;699,99;63,48;56,08
21.11.2021;06:00;716,98;65,02;57,44
21.11.2021;07:00;750,73;68,08;60,15
21.11.2021;08:00;750,74;68,08;60,15
21.11.2021;09:00;687,97;62,39;55,12
21.11.2021;10:00;687,98;62,39;55,12
21.11.2021;11:00;716,99;65,02;57,44
21.11.2021;12:00;716,98;65,02;57,44
21.11.2021;13:00;716,99;65,02;57,44
21.11.2021;14:00;696,62;63,18;55,81
21.11.2021;15:00;757,40;68,69;60,68
21.11.2021;16:00;716,99;65,02;57,44
21.11.2021;17:00;848,90;76,99;68,01
21.11.2021;18:00;1.131,00;102,57;90,61
21.11.2021;19:00;1.120,00;101,57;89,73
21.11.2021;20:00;1.120,00;101,57;89,73
21.11.2021;21:00;827,14;75,01;66,27
21.11.2021;22:00;743,07;67,39;59,53
21.11.2021;23:00;687,98;62,39;55,12
22.11.2021;00:00;716,98;65,02;57,44
22.11.2021;01:00;750,66;68,08;60,14
22.11.2021;02:00;673,02;61,04;53,92
22.11.2021;03:00;699,98;63,48;56,08
22.11.2021;04:00;648,00;58,77;51,92
22.11.2021;05:00;679,90;61,66;54,47
22.11.2021;06:00;699,99;63,48;56,08
22.11.2021;07:00;699,98;63,48;56,08
22.11.2021;08:00;1.120,00;101,57;89,73
22.11.2021;09:00;809,99;73,46;64,90
22.11.2021;10:00;799,00;72,46;64,01
22.11.2021;11:00;847,57;76,87;67,91
22.11.2021;12:00;699,98;63,48;56,08
22.11.2021;13:00;699,99;63,48;56,08
22.11.2021;14:00;743,07;67,39;59,53
22.11.2021;15:00;950,00;86,16;76,11
22.11.2021;16:00;1.131,00;102,57;90,61
22.11.2021;17:00;1.131,00;102,57;90,61
22.11.2021;18:00;1.131,00;102,57;90,61
22.11.2021;19:00;1.131,00;102,57;90,61
22.11.2021;20:00;1.131,00;102,57;90,61
22.11.2021;21:00;950,01;86,16;76,11
22.11.2021;22:00;741,11;67,21;59,38
22.11.2021;23:00;679,01;61,58;54,40
23.11.2021;00:00;659,02;59,77;52,80
23.11.2021;01:00;754,76;68,45;60,47
23.11.2021;02:00;659,03;59,77;52,80
23.11.2021;03:00;699,99;63,48;56,08
23.11.2021;04:00;699,98;63,48;56,08
23.11.2021;05:00;709,98;64,39;56,88
23.11.2021;06:00;709,99;64,39;56,88
23.11.2021;07:00;699,98;63,48;56,08
23.11.2021;08:00;750,45;68,06;60,12
23.11.2021;09:00;699,99;63,48;56,08
23.11.2021;10:00;709,99;64,39;56,88
23.11.2021;11:00;750,46;68,06;60,13
23.11.2021;12:00;679,01;61,58;54,40
23.11.2021;13:00;709,98;64,39;56,88
23.11.2021;14:00;1.120,00;101,57;89,73
23.11.2021;15:00;1.131,00;102,57;90,61
23.11.2021;16:00;1.131,00;102,57;90,61
23.11.2021;17:00;1.131,00;102,57;90,61
23.11.2021;18:00;1.131,00;102,57;90,61
23.11.2021;19:00;1.119,99;101,57;89,73
23.11.2021;20:00;1.131,00;102,57;90,61
23.11.2021;21:00;1.050,00;95,22;84,12
23.11.2021;22:00;779,16;70,66;62,43
23.11.2021;23:00;679,00;61,58;54,40
24.11.2021;00:00;672,04;60,16;53,36
24.11.2021;01:00;750,62;67,19;59,60
24.11.2021;02:00;709,98;63,55;56,38
24.11.2021;03:00;650,00;58,19;51,61
24.11.2021;04:00;600,00;53,71;47,64
24.11.2021;05:00;646,02;57,83;51,30
24.11.2021;06:00;709,98;63,55;56,38
24.11.2021;07:00;739,98;66,24;58,76
24.11.2021;08:00;974,99;87,28;77,42
24.11.2021;09:00;990,00;88,62;78,61
24.11.2021;10:00;1.115,39;99,85;88,57
24.11.2021;11:00;1.131,00;101,24;89,81
24.11.2021;12:00;739,99;66,24;58,76
24.11.2021;13:00;899,03;80,48;71,39
24.11.2021;14:00;1.115,00;99,81;88,54
24.11.2021;15:00;1.000,00;89,52;79,40
24.11.2021;16:00;897,53;80,34;71,27
24.11.2021;17:00;999,99;89,52;79,40
24.11.2021;18:00;889,22;79,60;70,61
24.11.2021;19:00;709,98;63,55;56,38
24.11.2021;20:00;709,97;63,55;56,37
24.11.2021;21:00;810,00;72,51;64,32
24.11.2021;22:00;739,99;66,24;58,76
24.11.2021;23:00;673,03;60,25;53,44
25.11.2021;00:00;646,03;53,15;47,23
25.11.2021;01:00;849,98;69,92;62,14
25.11.2021;02:00;659,03;54,22;48,18
25.11.2021;03:00;649,98;53,47;47,52
25.11.2021;04:00;649,98;53,47;47,52
25.11.2021;05:00;654,88;53,87;47,88
25.11.2021;06:00;741,27;60,98;54,19
25.11.2021;07:00;849,99;69,93;62,14
25.11.2021;08:00;1.130,16;92,97;82,62
25.11.2021;09:00;1.120,00;92,14;81,88
25.11.2021;10:00;1.130,60;93,01;82,65
25.11.2021;11:00;1.131,00;93,04;82,68
25.11.2021;12:00;956,58;78,69;69,93
25.11.2021;13:00;1.120,00;92,14;81,88
25.11.2021;14:00;1.130,78;93,03;82,67
25.11.2021;15:00;1.130,99;93,04;82,68
25.11.2021;16:00;1.130,99;93,04;82,68
25.11.2021;17:00;1.131,00;93,04;82,68
25.11.2021;18:00;1.131,00;93,04;82,68
25.11.2021;19:00;1.130,15;92,97;82,62
25.11.2021;20:00;1.130,81;93,03;82,67
25.11.2021;21:00;1.130,17;92,98;82,62
25.11.2021;22:00;1.130,34;92,99;82,63
25.11.2021;23:00;1.120,00;92,14;81,88
26.11.2021;00:00;742,02;58,85;52,43
26.11.2021;01:00;990,00;78,52;69,95
26.11.2021;02:00;799,02;63,37;56,46
26.11.2021;03:00;742,01;58,85;52,43
26.11.2021;04:00;709,99;56,31;50,17
26.11.2021;05:00;709,99;56,31;50,17
26.11.2021;06:00;742,02;58,85;52,43
26.11.2021;07:00;743,07;58,94;52,50
26.11.2021;08:00;1.130,72;89,68;79,90
26.11.2021;09:00;956,45;75,86;67,58
26.11.2021;10:00;855,01;67,81;60,41
26.11.2021;11:00;849,98;67,41;60,06
26.11.2021;12:00;650,01;51,55;45,93
26.11.2021;13:00;639,99;50,76;45,22
26.11.2021;14:00;760,01;60,28;53,70
26.11.2021;15:00;849,99;67,42;60,06
26.11.2021;16:00;899,97;71,38;63,59
26.11.2021;17:00;900,00;71,38;63,59
26.11.2021;18:00;849,98;67,41;60,06
26.11.2021;19:00;639,99;50,76;45,22
26.11.2021;20:00;737,03;58,46;52,08
26.11.2021;21:00;737,04;58,46;52,08
26.11.2021;22:00;672,13;53,31;47,49
26.11.2021;23:00;639,99;50,76;45,22
27.11.2021;00:00;638,77;53,23;47,44
27.11.2021;01:00;811,85;67,65;60,30
27.11.2021;02:00;659,02;54,92;48,95
27.11.2021;03:00;600,01;50,00;44,56
27.11.2021;04:00;600,01;50,00;44,56
27.11.2021;05:00;699,98;58,33;51,99
27.11.2021;06:00;820,75;68,40;60,96
27.11.2021;07:00;653,99;54,50;48,57
27.11.2021;08:00;898,98;74,91;66,77
27.11.2021;09:00;800,00;66,67;59,42
27.11.2021;10:00;849,99;70,83;63,13
27.11.2021;11:00;800,00;66,67;59,42
27.11.2021;12:00;646,02;53,83;47,98
27.11.2021;13:00;699,98;58,33;51,99
27.11.2021;14:00;820,74;68,39;60,96
27.11.2021;15:00;800,00;66,67;59,42
27.11.2021;16:00;743,06;61,92;55,19
27.11.2021;17:00;898,99;74,92;66,77
27.11.2021;18:00;1.049,99;87,50;77,98
27.11.2021;19:00;849,99;70,83;63,13
27.11.2021;20:00;800,00;66,67;59,42
27.11.2021;21:00;898,99;74,92;66,77
27.11.2021;22:00;749,98;62,50;55,70
27.11.2021;23:00;657,86;54,82;48,86
28.11.2021;00:00;727,10;60,20;53,47
28.11.2021;01:00;865,99;71,70;63,69
28.11.2021;02:00;700,01;57,95;51,48
28.11.2021;03:00;699,98;57,95;51,48
28.11.2021;04:00;600,00;49,67;44,13
28.11.2021;05:00;638,67;52,88;46,97
28.11.2021;06:00;699,98;57,95;51,48
28.11.2021;07:00;659,02;54,56;48,47
28.11.2021;08:00;699,98;57,95;51,48
28.11.2021;09:00;550,00;45,54;40,45
28.11.2021;10:00;659,03;54,56;48,47
28.11.2021;11:00;699,99;57,95;51,48
28.11.2021;12:00;639,95;52,98;47,07
28.11.2021;13:00;639,94;52,98;47,06
28.11.2021;14:00;673,02;55,72;49,50
28.11.2021;15:00;673,03;55,72;49,50
28.11.2021;16:00;670,00;55,47;49,28
28.11.2021;17:00;799,99;66,23;58,84
28.11.2021;18:00;898,41;74,38;66,07
28.11.2021;19:00;799,99;66,23;58,84
28.11.2021;20:00;735,71;60,91;54,11
28.11.2021;21:00;735,04;60,85;54,06
28.11.2021;22:00;735,04;60,85;54,06
28.11.2021;23:00;691,98;57,29;50,89
29.11.2021;00:00;699,98;57,95;51,48
29.11.2021;01:00;820,75;67,95;60,36
29.11.2021;02:00;699,98;57,95;51,48
29.11.2021;03:00;550,01;45,54;40,45
29.11.2021;04:00;500,01;41,40;36,77
29.11.2021;05:00;560,00;46,36;41,19
29.11.2021;06:00;699,98;57,95;51,48
29.11.2021;07:00;699,99;57,95;51,48
29.11.2021;08:00;875,00;72,44;64,35
29.11.2021;09:00;699,98;57,95;51,48
29.11.2021;10:00;699,99;57,95;51,48
29.11.2021;11:00;874,32;72,39;64,30
29.11.2021;12:00;600,00;49,67;44,13
29.11.2021;13:00;699,98;57,95;51,48
29.11.2021;14:00;759,57;62,89;55,86
29.11.2021;15:00;799,99;66,23;58,84
29.11.2021;16:00;800,01;66,23;58,84
29.11.2021;17:00;1.099,99;91,07;80,90
29.11.2021;18:00;924,99;76,58;68,03
29.11.2021;19:00;743,07;61,52;54,65
29.11.2021;20:00;713,22;59,05;52,45
29.11.2021;21:00;780,00;64,58;57,37
29.11.2021;22:00;747,56;61,89;54,98
29.11.2021;23:00;686,98;56,88;50,52
30.11.2021;00:00;635,31;52,60;46,72
30.11.2021;01:00;749,00;62,01;55,09
30.11.2021;02:00;699,98;57,95;51,48
30.11.2021;03:00;646,02;53,48;47,51
30.11.2021;04:00;646,03;53,49;47,51
30.11.2021;05:00;699,98;57,95;51,48
30.11.2021;06:00;699,39;57,90;51,44
30.11.2021;07:00;600,00;49,67;44,13
30.11.2021;08:00;949,11;78,58;69,80
30.11.2021;09:00;743,07;61,52;54,65
30.11.2021;10:00;743,06;61,52;54,65
30.11.2021;11:00;762,03;63,09;56,04
30.11.2021;12:00;635,31;52,60;46,72
30.11.2021;13:00;670,10;55,48;49,28
30.11.2021;14:00;699,39;57,90;51,44
30.11.2021;15:00;699,38;57,90;51,44
30.11.2021;16:00;798,33;66,09;58,71
30.11.2021;17:00;1.130,57;93,60;83,15
30.11.2021;18:00;1.130,61;93,60;83,15
30.11.2021;19:00;999,41;82,74;73,50
30.11.2021;20:00;1.044,85;86,50;76,84
30.11.2021;21:00;960,00;79,48;70,60
30.11.2021;22:00;800,00;66,23;58,84
30.11.2021;23:00;699,39;57,90;51,44
01.12.2021;00:00;800,77;63,25;56,08
01.12.2021;01:00;797,96;63,03;55,88
01.12.2021;02:00;698,90;55,21;48,94
01.12.2021;03:00;698,00;55,14;48,88
01.12.2021;04:00;698,90;55,21;48,94
01.12.2021;05:00;699,99;55,29;49,02
01.12.2021;06:00;765,57;60,47;53,61
01.12.2021;07:00;740,86;58,52;51,88
01.12.2021;08:00;1.217,00;96,13;85,23
01.12.2021;09:00;1.217,00;96,13;85,23
01.12.2021;10:00;1.217,00;96,13;85,23
01.12.2021;11:00;1.217,00;96,13;85,23
01.12.2021;12:00;900,00;71,09;63,03
01.12.2021;13:00;1.000,00;78,99;70,03
01.12.2021;14:00;1.217,00;96,13;85,23
01.12.2021;15:00;1.217,00;96,13;85,23
01.12.2021;16:00;1.217,00;96,13;85,23
01.12.2021;17:00;1.217,00;96,13;85,23
01.12.2021;18:00;1.217,00;96,13;85,23
01.12.2021;19:00;1.217,00;96,13;85,23
01.12.2021;20:00;1.217,00;96,13;85,23
01.12.2021;21:00;1.217,00;96,13;85,23
01.12.2021;22:00;1.197,99;94,63;83,90
01.12.2021;23:00;888,19;70,16;62,20
02.12.2021;00:00;893,04;69,02;60,83
02.12.2021;01:00;797,01;61,60;54,29
02.12.2021;02:00;698,00;53,95;47,55
02.12.2021;03:00;697,99;53,95;47,55
02.12.2021;04:00;698,00;53,95;47,55
02.12.2021;05:00;700,01;54,10;47,69
02.12.2021;06:00;896,21;69,27;61,05
02.12.2021;07:00;899,99;69,56;61,31
02.12.2021;08:00;1.197,99;92,59;81,61
02.12.2021;09:00;1.098,89;84,93;74,86
02.12.2021;10:00;956,96;73,96;65,19
02.12.2021;11:00;981,13;75,83;66,84
02.12.2021;12:00;797,01;61,60;54,29
02.12.2021;13:00;797,01;61,60;54,29
02.12.2021;14:00;841,39;65,03;57,32
02.12.2021;15:00;911,40;70,44;62,09
02.12.2021;16:00;1.148,89;88,79;78,26
02.12.2021;17:00;1.217,00;94,06;82,90
02.12.2021;18:00;1.217,00;94,06;82,90
02.12.2021;19:00;1.000,00;77,29;68,12
02.12.2021;20:00;1.053,13;81,39;71,74
02.12.2021;21:00;981,12;75,83;66,83
02.12.2021;22:00;896,21;69,27;61,05
02.12.2021;23:00;698,00;53,95;47,55
03.12.2021;00:00;798,11;59,84;52,84
03.12.2021;01:00;764,36;57,31;50,60
03.12.2021;02:00;699,98;52,49;46,34
03.12.2021;03:00;600,00;44,99;39,72
03.12.2021;04:00;575,00;43,12;38,07
03.12.2021;05:00;625,01;46,87;41,38
03.12.2021;06:00;798,10;59,84;52,84
03.12.2021;07:00;800,01;59,99;52,96
03.12.2021;08:00;999,99;74,98;66,20
03.12.2021;09:00;1.000,00;74,98;66,20
03.12.2021;10:00;917,23;68,78;60,72
03.12.2021;11:00;849,98;63,73;56,27
03.12.2021;12:00;699,98;52,49;46,34
03.12.2021;13:00;599,99;44,99;39,72
03.12.2021;14:00;798,10;59,84;52,84
03.12.2021;15:00;849,99;63,74;56,27
03.12.2021;16:00;999,99;74,98;66,20
03.12.2021;17:00;1.217,00;91,25;80,57
03.12.2021;18:00;1.217,00;91,25;80,57
03.12.2021;19:00;1.000,01;74,98;66,20
03.12.2021;20:00;1.000,00;74,98;66,20
03.12.2021;21:00;950,00;71,23;62,89
03.12.2021;22:00;850,00;63,74;56,27
03.12.2021;23:00;798,11;59,84;52,84
04.12.2021;00:00;999,99;74,59;65,86
04.12.2021;01:00;764,35;57,01;50,34
04.12.2021;02:00;699,97;52,21;46,10
04.12.2021;03:00;698,01;52,06;45,97
04.12.2021;04:00;670,00;49,98;44,13
04.12.2021;05:00;699,97;52,21;46,10
04.12.2021;06:00;790,01;58,93;52,03
04.12.2021;07:00;699,96;52,21;46,10
04.12.2021;08:00;699,96;52,21;46,10
04.12.2021;09:00;764,35;57,01;50,34
04.12.2021;10:00;1.000,00;74,59;65,86
04.12.2021;11:00;1.048,89;78,24;69,08
04.12.2021;12:00;799,99;59,67;52,69
04.12.2021;13:00;949,98;70,86;62,57
04.12.2021;14:00;1.000,00;74,59;65,86
04.12.2021;15:00;949,99;70,86;62,57
04.12.2021;16:00;1.199,99;89,51;79,03
04.12.2021;17:00;1.217,00;90,78;80,15
04.12.2021;18:00;1.217,00;90,78;80,15
04.12.2021;19:00;1.217,00;90,78;80,15
04.12.2021;20:00;1.217,00;90,78;80,15
04.12.2021;21:00;1.217,00;90,78;80,15
04.12.2021;22:00;1.050,01;78,32;69,15
04.12.2021;23:00;896,03;66,83;59,01
05.12.2021;00:00;949,99;69,44;61,47
05.12.2021;01:00;925,01;67,62;59,85
05.12.2021;02:00;764,18;55,86;49,45
05.12.2021;03:00;860,98;62,94;55,71
05.12.2021;04:00;764,19;55,86;49,45
05.12.2021;05:00;799,96;58,48;51,76
05.12.2021;06:00;990,00;72,37;64,06
05.12.2021;07:00;844,95;61,76;54,67
05.12.2021;08:00;799,97;58,48;51,76
05.12.2021;09:00;944,94;69,07;61,14
05.12.2021;10:00;949,98;69,44;61,47
05.12.2021;11:00;944,95;69,07;61,14
05.12.2021;12:00;799,96;58,48;51,76
05.12.2021;13:00;799,97;58,48;51,76
05.12.2021;14:00;950,01;69,44;61,47
05.12.2021;15:00;950,00;69,44;61,47
05.12.2021;16:00;1.100,00;80,41;71,18
05.12.2021;17:00;1.217,00;88,96;78,75
05.12.2021;18:00;1.217,00;88,96;78,75
05.12.2021;19:00;1.217,00;88,96;78,75
05.12.2021;20:00;1.217,00;88,96;78,75
05.12.2021;21:00;1.200,00;87,72;77,65
05.12.2021;22:00;896,13;65,51;57,98
05.12.2021;23:00;779,00;56,94;50,41
06.12.2021;00:00;1.049,99;76,75;67,94
06.12.2021;01:00;870,98;63,67;56,36
06.12.2021;02:00;764,09;55,85;49,44
06.12.2021;03:00;743,07;54,32;48,08
06.12.2021;04:00;743,07;54,32;48,08
06.12.2021;05:00;799,96;58,48;51,76
06.12.2021;06:00;764,09;55,85;49,44
06.12.2021;07:00;799,96;58,48;51,76
06.12.2021;08:00;1.060,87;77,55;68,64
06.12.2021;09:00;1.086,31;79,41;70,29
06.12.2021;10:00;999,98;73,10;64,70
06.12.2021;11:00;999,98;73,10;64,70
06.12.2021;12:00;743,06;54,32;48,08
06.12.2021;13:00;779,64;56,99;50,45
06.12.2021;14:00;999,98;73,10;64,70
06.12.2021;15:00;1.045,96;76,46;67,68
06.12.2021;16:00;1.200,01;87,72;77,65
06.12.2021;17:00;1.217,00;88,96;78,75
06.12.2021;18:00;1.217,00;88,96;78,75
06.12.2021;19:00;1.217,00;88,96;78,75
06.12.2021;20:00;1.199,00;87,65;77,58
06.12.2021;21:00;1.159,13;84,73;75,00
06.12.2021;22:00;1.016,69;74,32;65,78
06.12.2021;23:00;799,96;58,48;51,76
07.12.2021;00:00;968,16;70,77;62,64
07.12.2021;01:00;799,13;58,42;51,71
07.12.2021;02:00;743,05;54,32;48,08
07.12.2021;03:00;600,00;43,86;38,82
07.12.2021;04:00;700,01;51,17;45,29
07.12.2021;05:00;763,12;55,78;49,38
07.12.2021;06:00;813,31;59,45;52,63
07.12.2021;07:00;787,03;57,53;50,92
07.12.2021;08:00;900,00;65,79;58,23
07.12.2021;09:00;921,01;67,32;59,59
07.12.2021;10:00;937,03;68,50;60,63
07.12.2021;11:00;1.023,09;74,79;66,20
07.12.2021;12:00;807,19;59,00;52,23
07.12.2021;13:00;845,98;61,84;54,74
07.12.2021;14:00;987,56;72,19;63,90
07.12.2021;15:00;1.018,79;74,47;65,92
07.12.2021;16:00;1.098,24;80,28;71,06
07.12.2021;17:00;1.217,00;88,96;78,75
07.12.2021;18:00;1.217,00;88,96;78,75
07.12.2021;19:00;1.050,00;76,75;67,94
07.12.2021;20:00;1.049,99;76,75;67,94
07.12.2021;21:00;947,79;69,28;61,33
07.12.2021;22:00;925,57;67,66;59,89
07.12.2021;23:00;787,03;57,53;50,92
08.12.2021;00:00;899,66;65,32;57,85
08.12.2021;01:00;813,30;59,05;52,30
08.12.2021;02:00;764,01;55,47;49,13
08.12.2021;03:00;763,09;55,40;49,07
08.12.2021;04:00;763,10;55,40;49,07
08.12.2021;05:00;899,65;65,32;57,85
08.12.2021;06:00;899,66;65,32;57,85
08.12.2021;07:00;917,52;66,61;59,00
08.12.2021;08:00;1.212,80;88,05;77,99
08.12.2021;09:00;1.217,00;88,35;78,26
08.12.2021;10:00;1.217,00;88,35;78,26
08.12.2021;11:00;1.217,00;88,35;78,26
08.12.2021;12:00;1.208,64;87,75;77,72
08.12.2021;13:00;1.211,26;87,94;77,89
08.12.2021;14:00;1.217,00;88,35;78,26
08.12.2021;15:00;1.217,00;88,35;78,26
08.12.2021;16:00;1.217,00;88,35;78,26
08.12.2021;17:00;1.217,00;88,35;78,26
08.12.2021;18:00;1.217,00;88,35;78,26
08.12.2021;19:00;1.217,00;88,35;78,26
08.12.2021;20:00;1.217,00;88,35;78,26
08.12.2021;21:00;1.217,00;88,35;78,26
08.12.2021;22:00;1.211,66;87,97;77,92
08.12.2021;23:00;1.192,00;86,54;76,65
09.12.2021;00:00;989,00;72,37;64,18
09.12.2021;01:00;905,89;66,28;58,79
09.12.2021;02:00;898,98;65,78;58,34
09.12.2021;03:00;845,97;61,90;54,90
09.12.2021;04:00;845,97;61,90;54,90
09.12.2021;05:00;800,00;58,54;51,91
09.12.2021;06:00;813,30;59,51;52,78
09.12.2021;07:00;898,99;65,78;58,34
09.12.2021;08:00;1.204,86;88,16;78,19
09.12.2021;09:00;1.205,57;88,21;78,23
09.12.2021;10:00;1.201,02;87,88;77,94
09.12.2021;11:00;1.200,59;87,85;77,91
09.12.2021;12:00;898,98;65,78;58,34
09.12.2021;13:00;887,57;64,94;57,60
09.12.2021;14:00;899,99;65,85;58,40
09.12.2021;15:00;924,99;67,68;60,02
09.12.2021;16:00;1.188,99;87,00;77,16
09.12.2021;17:00;1.208,26;88,41;78,41
09.12.2021;18:00;1.201,86;87,94;77,99
09.12.2021;19:00;931,05;68,13;60,42
09.12.2021;20:00;900,00;65,85;58,40
09.12.2021;21:00;898,98;65,78;58,34
09.12.2021;22:00;868,45;63,54;56,36
09.12.2021;23:00;813,31;59,51;52,78
10.12.2021;00:00;975,00;71,56;63,41
10.12.2021;01:00;900,00;66,06;58,54
10.12.2021;02:00;763,10;56,01;49,63
10.12.2021;03:00;762,85;55,99;49,61
10.12.2021;04:00;743,07;54,54;48,33
10.12.2021;05:00;763,09;56,01;49,63
10.12.2021;06:00;763,09;56,01;49,63
10.12.2021;07:00;763,12;56,01;49,63
10.12.2021;08:00;974,99;71,56;63,41
10.12.2021;09:00;980,04;71,93;63,74
10.12.2021;10:00;950,00;69,73;61,79
10.12.2021;11:00;905,89;66,49;58,92
10.12.2021;12:00;763,09;56,01;49,63
10.12.2021;13:00;762,86;55,99;49,62
10.12.2021;14:00;900,00;66,06;58,54
10.12.2021;15:00;949,98;69,73;61,79
10.12.2021;16:00;1.000,00;73,40;65,04
10.12.2021;17:00;1.205,47;88,48;78,40
10.12.2021;18:00;1.202,29;88,25;78,20
10.12.2021;19:00;958,51;70,35;62,34
10.12.2021;20:00;958,89;70,38;62,37
10.12.2021;21:00;899,99;66,06;58,53
10.12.2021;22:00;863,57;63,39;56,17
10.12.2021;23:00;843,56;61,92;54,86
11.12.2021;00:00;899,56;65,45;57,82
11.12.2021;01:00;900,00;65,49;57,85
11.12.2021;02:00;799,99;58,21;51,42
11.12.2021;03:00;743,07;54,07;47,76
11.12.2021;04:00;762,00;55,45;48,98
11.12.2021;05:00;843,54;61,38;54,22
11.12.2021;06:00;843,54;61,38;54,22
11.12.2021;07:00;843,55;61,38;54,22
11.12.2021;08:00;949,98;69,12;61,06
11.12.2021;09:00;949,98;69,12;61,06
11.12.2021;10:00;924,99;67,31;59,46
11.12.2021;11:00;899,99;65,49;57,85
11.12.2021;12:00;798,01;58,07;51,29
11.12.2021;13:00;798,00;58,07;51,29
11.12.2021;14:00;762,76;55,50;49,03
11.12.2021;15:00;800,00;58,21;51,42
11.12.2021;16:00;899,66;65,46;57,83
11.12.2021;17:00;1.000,40;72,79;64,30
11.12.2021;18:00;1.174,99;85,50;75,52
11.12.2021;19:00;921,02;67,02;59,20
11.12.2021;20:00;957,20;69,65;61,53
11.12.2021;21:00;900,00;65,49;57,85
11.12.2021;22:00;899,56;65,45;57,82
11.12.2021;23:00;799,13;58,15;51,37
12.12.2021;00:00;989,00;71,49;63,36
12.12.2021;01:00;843,55;60,97;54,04
12.12.2021;02:00;743,03;53,71;47,60
12.12.2021;03:00;650,00;46,98;41,64
12.12.2021;04:00;697,00;50,38;44,65
12.12.2021;05:00;615,00;44,45;39,40
12.12.2021;06:00;700,01;50,60;44,85
12.12.2021;07:00;743,03;53,71;47,60
12.12.2021;08:00;649,99;46,98;41,64
12.12.2021;09:00;400,01;28,91;25,63
12.12.2021;10:00;600,00;43,37;38,44
12.12.2021;11:00;700,01;50,60;44,85
12.12.2021;12:00;700,00;50,60;44,84
12.12.2021;13:00;743,04;53,71;47,60
12.12.2021;14:00;787,03;56,89;50,42
12.12.2021;15:00;849,00;61,37;54,39
12.12.2021;16:00;843,54;60,97;54,04
12.12.2021;17:00;905,89;65,48;58,03
12.12.2021;18:00;1.204,21;87,04;77,15
12.12.2021;19:00;1.202,30;86,91;77,02
12.12.2021;20:00;1.200,00;86,74;76,88
12.12.2021;21:00;1.069,99;77,34;68,55
12.12.2021;22:00;958,90;69,31;61,43
12.12.2021;23:00;893,99;64,62;57,27
13.12.2021;00:00;869,29;62,83;55,69
13.12.2021;01:00;898,55;64,95;57,56
13.12.2021;02:00;787,03;56,89;50,42
13.12.2021;03:00;743,03;53,71;47,60
13.12.2021;04:00;743,04;53,71;47,60
13.12.2021;05:00;787,03;56,89;50,42
13.12.2021;06:00;898,55;64,95;57,56
13.12.2021;07:00;898,55;64,95;57,56
13.12.2021;08:00;1.150,00;83,12;73,67
13.12.2021;09:00;1.200,34;86,76;76,90
13.12.2021;10:00;1.201,47;86,85;76,97
13.12.2021;11:00;1.202,86;86,95;77,06
13.12.2021;12:00;949,56;68,64;60,83
13.12.2021;13:00;1.011,64;73,12;64,81
13.12.2021;14:00;1.205,04;87,10;77,20
13.12.2021;15:00;1.210,87;87,52;77,57
13.12.2021;16:00;1.216,26;87,91;77,92
13.12.2021;17:00;1.217,00;87,97;77,97
13.12.2021;18:00;1.217,00;87,97;77,97
13.12.2021;19:00;1.212,54;87,65;77,68
13.12.2021;20:00;1.211,92;87,60;77,64
13.12.2021;21:00;1.205,63;87,15;77,24
13.12.2021;22:00;1.198,00;86,59;76,75
13.12.2021;23:00;947,56;68,49;60,70
14.12.2021;00:00;947,55;68,49;60,70
14.12.2021;01:00;947,54;68,49;60,70
14.12.2021;02:00;873,99;63,17;55,99
14.12.2021;03:00;785,91;56,81;50,35
14.12.2021;04:00;785,91;56,81;50,35
14.12.2021;05:00;800,00;57,83;51,25
14.12.2021;06:00;796,13;57,55;51,00
14.12.2021;07:00;947,55;68,49;60,70
14.12.2021;08:00;1.210,84;87,52;77,57
14.12.2021;09:00;1.216,63;87,94;77,94
14.12.2021;10:00;1.217,00;87,97;77,97
14.12.2021;11:00;1.217,00;87,97;77,97
14.12.2021;12:00;1.206,67;87,22;77,30
14.12.2021;13:00;1.208,06;87,32;77,39
14.12.2021;14:00;1.212,35;87,63;77,67
14.12.2021;15:00;1.212,72;87,66;77,69
14.12.2021;16:00;1.209,99;87,46;77,52
14.12.2021;17:00;1.216,05;87,90;77,90
14.12.2021;18:00;1.209,47;87,42;77,48
14.12.2021;19:00;1.074,99;77,70;68,87
14.12.2021;20:00;998,00;72,14;63,94
14.12.2021;21:00;939,12;67,88;60,16
14.12.2021;22:00;896,62;64,81;57,44
14.12.2021;23:00;670,00;48,43;42,92
15.12.2021;00:00;900,00;63,17;56,02
15.12.2021;01:00;785,87;55,16;48,91
15.12.2021;02:00;760,99;53,42;47,37
15.12.2021;03:00;600,01;42,12;37,35
15.12.2021;04:00;698,02;49,00;43,45
15.12.2021;05:00;743,07;52,16;46,25
15.12.2021;06:00;761,11;53,42;47,37
15.12.2021;07:00;787,03;55,24;48,99
15.12.2021;08:00;785,87;55,16;48,91
15.12.2021;09:00;1.033,38;72,54;64,32
15.12.2021;10:00;1.200,00;84,23;74,69
15.12.2021;11:00;1.200,02;84,23;74,69
15.12.2021;12:00;914,40;64,18;56,91
15.12.2021;13:00;999,97;70,19;62,24
15.12.2021;14:00;1.201,81;84,36;74,80
15.12.2021;15:00;1.203,13;84,45;74,89
15.12.2021;16:00;1.207,60;84,76;75,16
15.12.2021;17:00;1.217,00;85,42;75,75
15.12.2021;18:00;1.211,81;85,06;75,43
15.12.2021;19:00;1.200,98;84,30;74,75
15.12.2021;20:00;1.200,28;84,25;74,71
15.12.2021;21:00;1.078,41;75,70;67,12
15.12.2021;22:00;969,64;68,06;60,35
15.12.2021;23:00;846,98;59,45;52,72
16.12.2021;00:00;900,00;63,49;56,22
16.12.2021;01:00;913,00;64,41;57,03
16.12.2021;02:00;785,81;55,44;49,08
16.12.2021;03:00;783,99;55,31;48,97
16.12.2021;04:00;783,99;55,31;48,97
16.12.2021;05:00;785,81;55,44;49,08
16.12.2021;06:00;897,88;63,34;56,08
16.12.2021;07:00;912,62;64,38;57,00
16.12.2021;08:00;1.206,80;85,14;75,38
16.12.2021;09:00;1.216,25;85,81;75,97
16.12.2021;10:00;1.217,00;85,86;76,02
16.12.2021;11:00;1.217,00;85,86;76,02
16.12.2021;12:00;1.210,00;85,36;75,58
16.12.2021;13:00;1.213,50;85,61;75,80
16.12.2021;14:00;1.217,00;85,86;76,02
16.12.2021;15:00;1.217,00;85,86;76,02
16.12.2021;16:00;1.217,00;85,86;76,02
16.12.2021;17:00;1.217,00;85,86;76,02
16.12.2021;18:00;1.217,00;85,86;76,02
16.12.2021;19:00;1.217,00;85,86;76,02
16.12.2021;20:00;1.217,00;85,86;76,02
16.12.2021;21:00;1.216,30;85,81;75,97
16.12.2021;22:00;1.207,88;85,21;75,45
16.12.2021;23:00;999,99;70,55;62,46
17.12.2021;00:00;977,84;66,82;59,28
17.12.2021;01:00;897,50;61,33;54,41
17.12.2021;02:00;824,00;56,30;49,96
17.12.2021;03:00;785,77;53,69;47,64
17.12.2021;04:00;847,12;57,88;51,36
17.12.2021;05:00;847,13;57,88;51,36
17.12.2021;06:00;897,49;61,32;54,41
17.12.2021;07:00;1.031,99;70,52;62,57
17.12.2021;08:00;1.217,00;83,16;73,78
17.12.2021;09:00;1.217,00;83,16;73,78
17.12.2021;10:00;1.217,00;83,16;73,78
17.12.2021;11:00;1.217,00;83,16;73,78
17.12.2021;12:00;1.217,00;83,16;73,78
17.12.2021;13:00;1.217,00;83,16;73,78
17.12.2021;14:00;1.217,00;83,16;73,78
17.12.2021;15:00;1.217,00;83,16;73,78
17.12.2021;16:00;1.217,00;83,16;73,78
17.12.2021;17:00;1.217,00;83,16;73,78
17.12.2021;18:00;1.217,00;83,16;73,78
17.12.2021;19:00;1.217,00;83,16;73,78
17.12.2021;20:00;1.217,00;83,16;73,78
17.12.2021;21:00;1.217,00;83,16;73,78
17.12.2021;22:00;1.217,00;83,16;73,78
17.12.2021;23:00;1.208,44;82,57;73,27
18.12.2021;00:00;1.033,38;67,93;60,10
18.12.2021;01:00;968,69;63,68;56,33
18.12.2021;02:00;897,50;59,00;52,19
18.12.2021;03:00;897,50;59,00;52,19
18.12.2021;04:00;838,88;55,15;48,78
18.12.2021;05:00;761,12;50,03;44,26
18.12.2021;06:00;892,01;58,64;51,87
18.12.2021;07:00;669,99;44,04;38,96
18.12.2021;08:00;994,97;65,41;57,86
18.12.2021;09:00;1.159,99;76,26;67,46
18.12.2021;10:00;1.205,76;79,26;70,12
18.12.2021;11:00;1.209,32;79,50;70,33
18.12.2021;12:00;1.033,39;67,93;60,10
18.12.2021;13:00;1.148,07;75,47;66,76
18.12.2021;14:00;1.200,27;78,90;69,80
18.12.2021;15:00;1.088,28;71,54;63,29
18.12.2021;16:00;1.049,99;69,02;61,06
18.12.2021;17:00;1.202,75;79,07;69,94
18.12.2021;18:00;1.203,58;79,12;69,99
18.12.2021;19:00;994,98;65,41;57,86
18.12.2021;20:00;994,97;65,41;57,86
18.12.2021;21:00;966,61;63,54;56,21
18.12.2021;22:00;897,49;59,00;52,19
18.12.2021;23:00;770,01;50,62;44,78
19.12.2021;00:00;999,99;61,21;54,04
19.12.2021;01:00;897,50;54,94;48,50
19.12.2021;02:00;860,00;52,65;46,48
19.12.2021;03:00;824,22;50,45;44,54
19.12.2021;04:00;813,30;49,79;43,95
19.12.2021;05:00;796,13;48,74;43,02
19.12.2021;06:00;796,12;48,73;43,02
19.12.2021;07:00;600,00;36,73;32,42
19.12.2021;08:00;400,00;24,49;21,62
19.12.2021;09:00;796,13;48,74;43,02
19.12.2021;10:00;1.024,99;62,75;55,39
19.12.2021;11:00;1.000,00;61,22;54,04
19.12.2021;12:00;984,99;60,30;53,23
19.12.2021;13:00;1.014,99;62,13;54,85
19.12.2021;14:00;1.099,98;67,34;59,44
19.12.2021;15:00;1.099,99;67,34;59,44
19.12.2021;16:00;1.000,01;61,22;54,04
19.12.2021;17:00;1.212,35;74,21;65,52
19.12.2021;18:00;1.217,00;74,50;65,77
19.12.2021;19:00;1.217,00;74,50;65,77
19.12.2021;20:00;1.217,00;74,50;65,77
19.12.2021;21:00;1.217,00;74,50;65,77
19.12.2021;22:00;1.215,13;74,38;65,67
19.12.2021;23:00;1.150,01;70,40;62,15
20.12.2021;00:00;999,98;61,21;54,04
20.12.2021;01:00;949,98;58,15;51,34
20.12.2021;02:00;899,01;55,03;48,58
20.12.2021;03:00;806,54;49,37;43,59
20.12.2021;04:00;796,13;48,74;43,02
20.12.2021;05:00;838,69;51,34;45,32
20.12.2021;06:00;1.033,39;63,26;55,85
20.12.2021;07:00;1.207,74;73,93;65,27
20.12.2021;08:00;1.217,00;74,50;65,77
20.12.2021;09:00;1.217,00;74,50;65,77
20.12.2021;10:00;1.217,00;74,50;65,77
20.12.2021;11:00;1.217,00;74,50;65,77
20.12.2021;12:00;1.217,00;74,50;65,77
20.12.2021;13:00;1.217,00;74,50;65,77
20.12.2021;14:00;1.217,00;74,50;65,77
20.12.2021;15:00;1.217,00;74,50;65,77
20.12.2021;16:00;1.217,00;74,50;65,77
20.12.2021;17:00;1.217,00;74,50;65,77
20.12.2021;18:00;1.217,00;74,50;65,77
20.12.2021;19:00;1.217,00;74,50;65,77
20.12.2021;20:00;1.217,00;74,50;65,77
20.12.2021;21:00;1.217,00;74,50;65,77
20.12.2021;22:00;1.217,00;74,50;65,77
20.12.2021;23:00;1.210,34;74,09;65,41
21.12.2021;00:00;1.090,00;66,72;58,90
21.12.2021;01:00;1.013,43;62,04;54,77
21.12.2021;02:00;931,98;57,05;50,37
21.12.2021;03:00;847,12;51,86;45,78
21.12.2021;04:00;889,79;54,47;48,09
21.12.2021;05:00;913,17;55,90;49,35
21.12.2021;06:00;999,98;61,21;54,04
21.12.2021;07:00;1.195,97;73,21;64,63
21.12.2021;08:00;1.217,00;74,50;65,77
21.12.2021;09:00;1.217,00;74,50;65,77
21.12.2021;10:00;1.217,00;74,50;65,77
21.12.2021;11:00;1.217,00;74,50;65,77
21.12.2021;12:00;1.217,00;74,50;65,77
21.12.2021;13:00;1.217,00;74,50;65,77
21.12.2021;14:00;1.217,00;74,50;65,77
21.12.2021;15:00;1.217,00;74,50;65,77
21.12.2021;16:00;1.217,00;74,50;65,77
21.12.2021;17:00;1.217,00;74,50;65,77
21.12.2021;18:00;1.217,00;74,50;65,77
21.12.2021;19:00;1.217,00;74,50;65,77
21.12.2021;20:00;1.217,00;74,50;65,77
21.12.2021;21:00;1.217,00;74,50;65,77
21.12.2021;22:00;1.217,00;74,50;65,77
21.12.2021;23:00;1.210,17;74,08;65,40
22.12.2021;00:00;1.179,00;67,48;59,91
22.12.2021;01:00;999,97;57,23;50,81
22.12.2021;02:00;847,11;48,48;43,05
22.12.2021;03:00;797,86;45,66;40,54
22.12.2021;04:00;700,00;40,06;35,57
22.12.2021;05:00;799,00;45,73;40,60
22.12.2021;06:00;949,99;54,37;48,27
22.12.2021;07:00;1.209,12;69,20;61,44
22.12.2021;08:00;1.217,00;69,65;61,84
22.12.2021;09:00;1.217,00;69,65;61,84
22.12.2021;10:00;1.217,00;69,65;61,84
22.12.2021;11:00;1.217,00;69,65;61,84
22.12.2021;12:00;1.217,00;69,65;61,84
22.12.2021;13:00;1.217,00;69,65;61,84
22.12.2021;14:00;1.217,00;69,65;61,84
22.12.2021;15:00;1.217,00;69,65;61,84
22.12.2021;16:00;1.217,00;69,65;61,84
22.12.2021;17:00;1.217,00;69,65;61,84
22.12.2021;18:00;1.217,00;69,65;61,84
22.12.2021;19:00;1.217,00;69,65;61,84
22.12.2021;20:00;1.217,00;69,65;61,84
22.12.2021;21:00;1.217,00;69,65;61,84
22.12.2021;22:00;1.217,00;69,65;61,84
22.12.2021;23:00;1.217,00;69,65;61,84
23.12.2021;00:00;1.200,93;92,22;81,68
23.12.2021;01:00;979,99;75,25;66,66
23.12.2021;02:00;847,12;65,05;57,62
23.12.2021;03:00;824,21;63,29;56,06
23.12.2021;04:00;824,21;63,29;56,06
23.12.2021;05:00;824,22;63,29;56,06
23.12.2021;06:00;847,13;65,05;57,62
23.12.2021;07:00;847,13;65,05;57,62
23.12.2021;08:00;1.217,00;93,45;82,78
23.12.2021;09:00;1.217,00;93,45;82,78
23.12.2021;10:00;1.217,00;93,45;82,78
23.12.2021;11:00;1.217,00;93,45;82,78
23.12.2021;12:00;1.217,00;93,45;82,78
23.12.2021;13:00;1.217,00;93,45;82,78
23.12.2021;14:00;1.217,00;93,45;82,78
23.12.2021;15:00;1.217,00;93,45;82,78
23.12.2021;16:00;1.217,00;93,45;82,78
23.12.2021;17:00;1.217,00;93,45;82,78
23.12.2021;18:00;1.217,00;93,45;82,78
23.12.2021;19:00;1.217,00;93,45;82,78
23.12.2021;20:00;1.217,00;93,45;82,78
23.12.2021;21:00;1.217,00;93,45;82,78
23.12.2021;22:00;1.217,00;93,45;82,78
23.12.2021;23:00;1.205,93;92,60;82,02
24.12.2021;00:00;1.201,90;96,51;85,55
24.12.2021;01:00;1.045,95;83,99;74,45
24.12.2021;02:00;844,97;67,85;60,15
24.12.2021;03:00;749,99;60,22;53,39
24.12.2021;04:00;705,00;56,61;50,18
24.12.2021;05:00;743,06;59,67;52,89
24.12.2021;06:00;799,99;64,24;56,95
24.12.2021;07:00;1.201,90;96,51;85,55
24.12.2021;08:00;1.217,00;97,72;86,63
24.12.2021;09:00;1.217,00;97,72;86,63
24.12.2021;10:00;1.217,00;97,72;86,63
24.12.2021;11:00;1.217,00;97,72;86,63
24.12.2021;12:00;1.216,02;97,64;86,56
24.12.2021;13:00;1.205,05;96,76;85,78
24.12.2021;14:00;1.217,00;97,72;86,63
24.12.2021;15:00;1.217,00;97,72;86,63
24.12.2021;16:00;1.217,00;97,72;86,63
24.12.2021;17:00;1.217,00;97,72;86,63
24.12.2021;18:00;1.217,00;97,72;86,63
24.12.2021;19:00;1.217,00;97,72;86,63
24.12.2021;20:00;1.217,00;97,72;86,63
24.12.2021;21:00;1.217,00;97,72;86,63
24.12.2021;22:00;1.217,00;97,72;86,63
24.12.2021;23:00;844,98;67,85;60,15
25.12.2021;00:00;1.033,38;90,25;79,69
25.12.2021;01:00;942,01;82,27;72,64
25.12.2021;02:00;899,99;78,60;69,40
25.12.2021;03:00;794,98;69,43;61,30
25.12.2021;04:00;794,97;69,42;61,30
25.12.2021;05:00;794,97;69,42;61,30
25.12.2021;06:00;797,69;69,66;61,51
25.12.2021;07:00;844,98;73,79;65,16
25.12.2021;08:00;1.154,08;100,79;88,99
25.12.2021;09:00;1.000,00;87,33;77,11
25.12.2021;10:00;1.000,00;87,33;77,11
25.12.2021;11:00;965,26;84,30;74,43
25.12.2021;12:00;839,27;73,29;64,72
25.12.2021;13:00;800,00;69,86;61,69
25.12.2021;14:00;800,00;69,86;61,69
25.12.2021;15:00;844,98;73,79;65,16
25.12.2021;16:00;1.150,01;100,43;88,68
25.12.2021;17:00;1.217,00;106,28;93,84
25.12.2021;18:00;1.217,00;106,28;93,84
25.12.2021;19:00;1.212,47;105,89;93,49
25.12.2021;20:00;1.208,95;105,58;93,22
25.12.2021;21:00;1.200,63;104,85;92,58
25.12.2021;22:00;899,99;78,60;69,40
25.12.2021;23:00;824,22;71,98;63,56
26.12.2021;00:00;1.211,03;103,26;91,11
26.12.2021;01:00;1.045,95;89,19;78,69
26.12.2021;02:00;800,00;68,21;60,18
26.12.2021;03:00;799,99;68,21;60,18
26.12.2021;04:00;670,00;57,13;50,40
26.12.2021;05:00;699,99;59,69;52,66
26.12.2021;06:00;725,00;61,82;54,54
26.12.2021;07:00;868,45;74,05;65,33
26.12.2021;08:00;800,00;68,21;60,18
26.12.2021;09:00;797,64;68,01;60,01
26.12.2021;10:00;899,99;76,74;67,71
26.12.2021;11:00;825,01;70,35;62,07
26.12.2021;12:00;797,64;68,01;60,01
26.12.2021;13:00;825,01;70,35;62,07
26.12.2021;14:00;797,64;68,01;60,01
26.12.2021;15:00;993,34;84,70;74,73
26.12.2021;16:00;898,89;76,65;67,62
26.12.2021;17:00;1.217,00;103,77;91,55
26.12.2021;18:00;1.217,00;103,77;91,55
26.12.2021;19:00;1.217,00;103,77;91,55
26.12.2021;20:00;1.217,00;103,77;91,55
26.12.2021;21:00;1.217,00;103,77;91,55
26.12.2021;22:00;1.205,45;102,79;90,69
26.12.2021;23:00;914,28;77,96;68,78
27.12.2021;00:00;915,28;78,04;68,86
27.12.2021;01:00;868,45;74,05;65,33
27.12.2021;02:00;839,12;71,55;63,13
27.12.2021;03:00;797,55;68,01;60,00
27.12.2021;04:00;794,97;67,79;59,81
27.12.2021;05:00;799,99;68,21;60,18
27.12.2021;06:00;797,56;68,01;60,00
27.12.2021;07:00;970,78;82,78;73,03
27.12.2021;08:00;1.217,00;103,77;91,55
27.12.2021;09:00;1.217,00;103,77;91,55
27.12.2021;10:00;1.217,00;103,77;91,55
27.12.2021;11:00;1.217,00;103,77;91,55
27.12.2021;12:00;1.150,01;98,06;86,52
27.12.2021;13:00;1.198,00;102,15;90,13
27.12.2021;14:00;1.216,99;103,77;91,55
27.12.2021;15:00;1.217,00;103,77;91,55
27.12.2021;16:00;1.217,00;103,77;91,55
27.12.2021;17:00;1.217,00;103,77;91,55
27.12.2021;18:00;1.217,00;103,77;91,55
27.12.2021;19:00;1.217,00;103,77;91,55
27.12.2021;20:00;1.217,00;103,77;91,55
27.12.2021;21:00;1.217,00;103,77;91,55
27.12.2021;22:00;1.200,01;102,32;90,28
27.12.2021;23:00;896,01;76,40;67,41
28.12.2021;00:00;999,99;85,27;75,23
28.12.2021;01:00;824,22;70,28;62,01
28.12.2021;02:00;796,13;67,88;59,89
28.12.2021;03:00;794,97;67,79;59,81
28.12.2021;04:00;794,56;67,75;59,77
28.12.2021;05:00;813,30;69,35;61,18
28.12.2021;06:00;899,97;76,74;67,70
28.12.2021;07:00;838,97;71,54;63,12
28.12.2021;08:00;1.209,60;103,14;91,00
28.12.2021;09:00;1.217,00;103,77;91,55
28.12.2021;10:00;1.217,00;103,77;91,55
28.12.2021;11:00;1.217,00;103,77;91,55
28.12.2021;12:00;1.097,12;93,55;82,54
28.12.2021;13:00;1.150,00;98,06;86,51
28.12.2021;14:00;1.217,00;103,77;91,55
28.12.2021;15:00;1.217,00;103,77;91,55
28.12.2021;16:00;1.217,00;103,77;91,55
28.12.2021;17:00;1.217,00;103,77;91,55
28.12.2021;18:00;1.217,00;103,77;91,55
28.12.2021;19:00;1.217,00;103,77;91,55
28.12.2021;20:00;1.217,00;103,77;91,55
28.12.2021;21:00;1.217,00;103,77;91,55
28.12.2021;22:00;1.200,66;102,38;90,33
28.12.2021;23:00;949,89;80,99;71,46
29.12.2021;00:00;984,98;86,48;76,41
29.12.2021;01:00;984,98;86,48;76,41
29.12.2021;02:00;898,98;78,93;69,74
29.12.2021;03:00;800,94;70,32;62,14
29.12.2021;04:00;800,95;70,32;62,14
29.12.2021;05:00;850,01;74,63;65,94
29.12.2021;06:00;898,99;78,93;69,74
29.12.2021;07:00;999,99;87,80;77,58
29.12.2021;08:00;1.217,00;106,85;94,41
29.12.2021;09:00;1.217,00;106,85;94,41
29.12.2021;10:00;1.217,00;106,85;94,41
29.12.2021;11:00;1.217,00;106,85;94,41
29.12.2021;12:00;1.200,55;105,40;93,14
29.12.2021;13:00;1.201,93;105,53;93,24
29.12.2021;14:00;1.217,00;106,85;94,41
29.12.2021;15:00;1.217,00;106,85;94,41
29.12.2021;16:00;1.217,00;106,85;94,41
29.12.2021;17:00;1.217,00;106,85;94,41
29.12.2021;18:00;1.217,00;106,85;94,41
29.12.2021;19:00;1.217,00;106,85;94,41
29.12.2021;20:00;1.217,00;106,85;94,41
29.12.2021;21:00;1.217,00;106,85;94,41
29.12.2021;22:00;1.205,92;105,88;93,55
29.12.2021;23:00;969,63;85,13;75,22
30.12.2021;00:00;949,99;80,30;70,89
30.12.2021;01:00;916,01;77,43;68,36
30.12.2021;02:00;850,01;71,85;63,43
30.12.2021;03:00;824,21;69,67;61,51
30.12.2021;04:00;824,22;69,67;61,51
30.12.2021;05:00;898,98;75,99;67,09
30.12.2021;06:00;899,99;76,08;67,16
30.12.2021;07:00;1.144,00;96,70;85,37
30.12.2021;08:00;1.217,00;102,87;90,82
30.12.2021;09:00;1.217,00;102,87;90,82
30.12.2021;10:00;1.217,00;102,87;90,82
30.12.2021;11:00;1.217,00;102,87;90,82
30.12.2021;12:00;1.200,17;101,45;89,56
30.12.2021;13:00;1.150,01;97,21;85,82
30.12.2021;14:00;1.217,00;102,87;90,82
30.12.2021;15:00;1.217,00;102,87;90,82
30.12.2021;16:00;1.217,00;102,87;90,82
30.12.2021;17:00;1.217,00;102,87;90,82
30.12.2021;18:00;1.217,00;102,87;90,82
30.12.2021;19:00;1.217,00;102,87;90,82
30.12.2021;20:00;1.212,39;102,48;90,48
30.12.2021;21:00;1.200,02;101,44;89,55
30.12.2021;22:00;894,22;75,59;66,73
30.12.2021;23:00;602,00;50,89;44,93
31.12.2021;00:00;1.000,00;81,82;72,46
31.12.2021;01:00;900,00;73,64;65,21
31.12.2021;02:00;761,12;62,28;55,15
31.12.2021;03:00;699,99;57,27;50,72
31.12.2021;04:00;761,11;62,27;55,15
31.12.2021;05:00;761,12;62,28;55,15
31.12.2021;06:00;761,12;62,28;55,15
31.12.2021;07:00;854,70;69,93;61,93
31.12.2021;08:00;949,99;77,73;68,83
31.12.2021;09:00;1.080,00;88,37;78,25
31.12.2021;10:00;986,41;80,71;71,47
31.12.2021;11:00;1.100,00;90,00;79,70
31.12.2021;12:00;799,78;65,44;57,95
31.12.2021;13:00;739,97;60,54;53,62
31.12.2021;14:00;949,98;77,73;68,83
31.12.2021;15:00;1.149,99;94,09;83,33
31.12.2021;16:00;1.217,00;99,58;88,18
31.12.2021;17:00;1.217,00;99,58;88,18
31.12.2021;18:00;1.217,00;99,58;88,18
31.12.2021;19:00;1.217,00;99,58;88,18
31.12.2021;20:00;1.217,00;99,58;88,18
31.12.2021;21:00;1.209,50;98,96;87,64
31.12.2021;22:00;1.047,00;85,67;75,86
31.12.2021;23:00;899,99;73,64;65,21
