time_utc,time_turkey,delivery_month,contract_name,hourly_forward_TRY_MWh,source,interpolation_flag,extrapolation_flag,near_term_anchor_flag,shape,hpfc_TRY_MWh
2025-12-31T20:00:00+00:00,2025-12-31T23:00:00+03:00,2025-12,,2917.78,near_term_anchor:spot_to_next_linear,True,True,True,1.0,2917.78
2025-12-31T21:00:00+00:00,2026-01-01T00:00:00+03:00,2026-01,,2917.7574630870085,near_term_anchor:spot_to_next_linear,True,True,True,0.9671150938075007,2821.8072826209277
2025-12-31T22:00:00+00:00,2026-01-01T01:00:00+03:00,2026-01,,2917.7349261740246,near_term_anchor:spot_to_next_linear,True,True,True,0.8909140366299283,2599.451000893826
2025-12-31T23:00:00+00:00,2026-01-01T02:00:00+03:00,2026-01,,2917.712389261057,near_term_anchor:spot_to_next_linear,True,True,True,0.8257150700203588,2409.199089797962
2026-01-01T00:00:00+00:00,2026-01-01T03:00:00+03:00,2026-01,,2917.689852348108,near_term_anchor:spot_to_next_linear,True,True,True,0.8314736385239401,2425.982197616259
2026-01-01T01:00:00+00:00,2026-01-01T04:00:00+03:00,2026-01,,2917.66731543518,near_term_anchor:spot_to_next_linear,True,True,True,0.8162423236468656,2381.5235491793237
2026-01-01T02:00:00+00:00,2026-01-01T05:00:00+03:00,2026-01,,2917.6447785222726,near_term_anchor:spot_to_next_linear,True,True,True,0.8365974920343854,2440.894304358953
2026-01-01T03:00:00+00:00,2026-01-01T06:00:00+03:00,2026-01,,2917.6222416093874,near_term_anchor:spot_to_next_linear,True,True,True,1.0132479342811416,2956.2747093234257
2026-01-01T04:00:00+00:00,2026-01-01T07:00:00+03:00,2026-01,,2917.5997046965217,near_term_anchor:spot_to_next_linear,True,True,True,1.0799332349601807,3150.8128874117824
2026-01-01T05:00:00+00:00,2026-01-01T08:00:00+03:00,2026-01,,2917.577167783674,near_term_anchor:spot_to_next_linear,True,True,True,1.0109505620038797,2949.526277460593
2026-01-01T06:00:00+00:00,2026-01-01T09:00:00+03:00,2026-01,,2917.5546308708435,near_term_anchor:spot_to_next_linear,True,True,True,0.8565172924342779,2498.935992962584
2026-01-01T07:00:00+00:00,2026-01-01T10:00:00+03:00,2026-01,,2917.5320939580315,near_term_anchor:spot_to_next_linear,True,True,True,0.7954474622103858,2320.743500056269
2026-01-01T08:00:00+00:00,2026-01-01T11:00:00+03:00,2026-01,,2917.5095570452368,near_term_anchor:spot_to_next_linear,True,True,True,0.7343715270880763,2142.5359487013675
2026-01-01T09:00:00+00:00,2026-01-01T12:00:00+03:00,2026-01,,2917.487020132457,near_term_anchor:spot_to_next_linear,True,True,True,0.6631496484098645,1934.730491641182
2026-01-01T10:00:00+00:00,2026-01-01T13:00:00+03:00,2026-01,,2917.4644832196886,near_term_anchor:spot_to_next_linear,True,True,True,0.7912301968468665,2308.385997351656
2026-01-01T11:00:00+00:00,2026-01-01T14:00:00+03:00,2026-01,,2917.441946306931,near_term_anchor:spot_to_next_linear,True,True,True,0.8034647920741922,2344.061886778025
2026-01-01T12:00:00+00:00,2026-01-01T15:00:00+03:00,2026-01,,2917.4194093941824,near_term_anchor:spot_to_next_linear,True,True,True,0.85997431606944,2508.9057612814713
2026-01-01T13:00:00+00:00,2026-01-01T16:00:00+03:00,2026-01,,2917.3968724814413,near_term_anchor:spot_to_next_linear,True,True,True,1.1058280412661907,3226.139269092263
2026-01-01T14:00:00+00:00,2026-01-01T17:00:00+03:00,2026-01,,2917.3743355687066,near_term_anchor:spot_to_next_linear,True,True,True,1.1600958752789312,3384.433933337869
2026-01-01T15:00:00+00:00,2026-01-01T18:00:00+03:00,2026-01,,2917.351798655975,near_term_anchor:spot_to_next_linear,True,True,True,1.159991931514887,3384.104547831374
2026-01-01T16:00:00+00:00,2026-01-01T19:00:00+03:00,2026-01,,2917.3292617432444,near_term_anchor:spot_to_next_linear,True,True,True,1.1285263272357904,3292.2828770926035
2026-01-01T17:00:00+00:00,2026-01-01T20:00:00+03:00,2026-01,,2917.3067248305133,near_term_anchor:spot_to_next_linear,True,True,True,1.0588889242865862,3089.103779669806
2026-01-01T18:00:00+00:00,2026-01-01T21:00:00+03:00,2026-01,,2917.2841879177818,near_term_anchor:spot_to_next_linear,True,True,True,1.0761218508837476,3139.3532598559736
2026-01-01T19:00:00+00:00,2026-01-01T22:00:00+03:00,2026-01,,2917.261651005051,near_term_anchor:spot_to_next_linear,True,True,True,0.8820477038894672,2573.1639409138015
2026-01-01T20:00:00+00:00,2026-01-01T23:00:00+03:00,2026-01,,2917.239114092322,near_term_anchor:spot_to_next_linear,True,True,True,0.829798163992242,2420.719660800163
2026-01-01T21:00:00+00:00,2026-01-02T00:00:00+03:00,2026-01,,2917.216577179595,near_term_anchor:spot_to_next_linear,True,True,True,0.9733922934705853,2839.5961346112567
2026-01-01T22:00:00+00:00,2026-01-02T01:00:00+03:00,2026-01,,2917.194040266869,near_term_anchor:spot_to_next_linear,True,True,True,0.9113031512707015,2658.4481217633074
2026-01-01T23:00:00+00:00,2026-01-02T02:00:00+03:00,2026-01,,2917.1715033541445,near_term_anchor:spot_to_next_linear,True,True,True,0.8238978696340105,2403.4513869705233
2026-01-02T00:00:00+00:00,2026-01-02T03:00:00+03:00,2026-01,,2917.1489664414216,near_term_anchor:spot_to_next_linear,True,True,True,0.7979974926276113,2327.877560841482
2026-01-02T01:00:00+00:00,2026-01-02T04:00:00+03:00,2026-01,,2917.126429528701,near_term_anchor:spot_to_next_linear,True,True,True,0.7874064058654165,2296.96403733021
2026-01-02T02:00:00+00:00,2026-01-02T05:00:00+03:00,2026-01,,2917.1038926159795,near_term_anchor:spot_to_next_linear,True,True,True,0.8232172694897468,2401.410301297238
2026-01-02T03:00:00+00:00,2026-01-02T06:00:00+03:00,2026-01,,2917.081355703256,near_term_anchor:spot_to_next_linear,True,True,True,0.9632176229135923,2809.7841692860493
2026-01-02T04:00:00+00:00,2026-01-02T07:00:00+03:00,2026-01,,2917.0588187905287,near_term_anchor:spot_to_next_linear,True,True,True,1.0526205310502805,3070.5560029401904
2026-01-02T05:00:00+00:00,2026-01-02T08:00:00+03:00,2026-01,,2917.0362818777967,near_term_anchor:spot_to_next_linear,True,True,True,1.168994376677518,3409.9990100794394
2026-01-02T06:00:00+00:00,2026-01-02T09:00:00+03:00,2026-01,,2917.013744965059,near_term_anchor:spot_to_next_linear,True,True,True,1.20613488696319,3518.312043553503
2026-01-02T07:00:00+00:00,2026-01-02T10:00:00+03:00,2026-01,,2916.9912080523136,near_term_anchor:spot_to_next_linear,True,True,True,1.1674421789364327,3405.41857186701
2026-01-02T08:00:00+00:00,2026-01-02T11:00:00+03:00,2026-01,,2916.968671139562,near_term_anchor:spot_to_next_linear,True,True,True,1.0800409213153501,3150.4455310255853
2026-01-02T09:00:00+00:00,2026-01-02T12:00:00+03:00,2026-01,,2916.946134226804,near_term_anchor:spot_to_next_linear,True,True,True,0.9098312481163211,2653.928741991651
2026-01-02T10:00:00+00:00,2026-01-02T13:00:00+03:00,2026-01,,2916.9235973140403,near_term_anchor:spot_to_next_linear,True,True,True,0.9547808059669688,2785.0226631875694
2026-01-02T11:00:00+00:00,2026-01-02T14:00:00+03:00,2026-01,,2916.901060401273,near_term_anchor:spot_to_next_linear,True,True,True,1.026613308662582,2994.5294486599446
2026-01-02T12:00:00+00:00,2026-01-02T15:00:00+03:00,2026-01,,2916.8785234885017,near_term_anchor:spot_to_next_linear,True,True,True,1.103839993025194,3219.7671690228863
2026-01-02T13:00:00+00:00,2026-01-02T16:00:00+03:00,2026-01,,2916.8559865757275,near_term_anchor:spot_to_next_linear,True,True,True,1.1689433593230731,3409.6394356094474
2026-01-02T14:00:00+00:00,2026-01-02T17:00:00+03:00,2026-01,,2916.833449662952,near_term_anchor:spot_to_next_linear,True,True,True,1.1672226609687675,3404.5941007183
2026-01-02T15:00:00+00:00,2026-01-02T18:00:00+03:00,2026-01,,2916.810912750173,near_term_anchor:spot_to_next_linear,True,True,True,1.1608135306785883,3385.873573951364
2026-01-02T16:00:00+00:00,2026-01-02T19:00:00+03:00,2026-01,,2916.788375837393,near_term_anchor:spot_to_next_linear,True,True,True,1.1101754983881358,3238.146988837999
2026-01-02T17:00:00+00:00,2026-01-02T20:00:00+03:00,2026-01,,2916.765838924612,near_term_anchor:spot_to_next_linear,True,True,True,1.0613143357797878,3095.60539896345
2026-01-02T18:00:00+00:00,2026-01-02T21:00:00+03:00,2026-01,,2916.743302011829,near_term_anchor:spot_to_next_linear,True,True,True,1.0756787086904709,3137.4786686896646
2026-01-02T19:00:00+00:00,2026-01-02T22:00:00+03:00,2026-01,,2916.720765099045,near_term_anchor:spot_to_next_linear,True,True,True,0.9733865915953391,2839.096884175109
2026-01-02T20:00:00+00:00,2026-01-02T23:00:00+03:00,2026-01,,2916.6982281862583,near_term_anchor:spot_to_next_linear,True,True,True,0.9302518881969477,2713.2640340709586
2026-01-02T21:00:00+00:00,2026-01-03T00:00:00+03:00,2026-01,,2916.67569127347,near_term_anchor:spot_to_next_linear,True,True,True,0.9776277817441017,2851.4231861266267
2026-01-02T22:00:00+00:00,2026-01-03T01:00:00+03:00,2026-01,,2916.65315436068,near_term_anchor:spot_to_next_linear,True,True,True,0.91713566060885,2674.9666174914687
2026-01-02T23:00:00+00:00,2026-01-03T02:00:00+03:00,2026-01,,2916.6306174478896,near_term_anchor:spot_to_next_linear,True,True,True,0.8867150497855132,2586.2202631562573
2026-01-03T00:00:00+00:00,2026-01-03T03:00:00+03:00,2026-01,,2916.608080535099,near_term_anchor:spot_to_next_linear,True,True,True,0.8347491463223536,2434.636105383552
2026-01-03T01:00:00+00:00,2026-01-03T04:00:00+03:00,2026-01,,2916.58554362231,near_term_anchor:spot_to_next_linear,True,True,True,0.828487210006929,2416.35381978219
2026-01-03T02:00:00+00:00,2026-01-03T05:00:00+03:00,2026-01,,2916.563006709526,near_term_anchor:spot_to_next_linear,True,True,True,0.8428580299321635,2458.2485500082184
2026-01-03T03:00:00+00:00,2026-01-03T06:00:00+03:00,2026-01,,2916.540469796745,near_term_anchor:spot_to_next_linear,True,True,True,0.960372059508716,2800.963977619218
2026-01-03T04:00:00+00:00,2026-01-03T07:00:00+03:00,2026-01,,2916.5179328839663,near_term_anchor:spot_to_next_linear,True,True,True,1.0639331296357348,3102.9800519719824
2026-01-03T05:00:00+00:00,2026-01-03T08:00:00+03:00,2026-01,,2916.495395971189,near_term_anchor:spot_to_next_linear,True,True,True,1.2206186248269726,3559.9285995445493
2026-01-03T06:00:00+00:00,2026-01-03T09:00:00+03:00,2026-01,,2916.472859058412,near_term_anchor:spot_to_next_linear,True,True,True,1.1698688817483258,3411.890842276007
2026-01-03T07:00:00+00:00,2026-01-03T10:00:00+03:00,2026-01,,2916.450322145633,near_term_anchor:spot_to_next_linear,True,True,True,1.0639816151820438,3103.0495243547025
2026-01-03T08:00:00+00:00,2026-01-03T11:00:00+03:00,2026-01,,2916.4277852328564,near_term_anchor:spot_to_next_linear,True,True,True,1.0396967854821968,3032.2005933975634
2026-01-03T09:00:00+00:00,2026-01-03T12:00:00+03:00,2026-01,,2916.4052483200794,near_term_anchor:spot_to_next_linear,True,True,True,0.8567492201507637,2498.6279221418226
2026-01-03T10:00:00+00:00,2026-01-03T13:00:00+03:00,2026-01,,2916.382711407301,near_term_anchor:spot_to_next_linear,True,True,True,0.8844562839657442,2579.4130155532425
2026-01-03T11:00:00+00:00,2026-01-03T14:00:00+03:00,2026-01,,2916.360174494523,near_term_anchor:spot_to_next_linear,True,True,True,0.9569373529116835,2790.7739855178443
2026-01-03T12:00:00+00:00,2026-01-03T15:00:00+03:00,2026-01,,2916.337637581744,near_term_anchor:spot_to_next_linear,True,True,True,0.9680319111709712,2823.1078969280907
2026-01-03T13:00:00+00:00,2026-01-03T16:00:00+03:00,2026-01,,2916.315100668963,near_term_anchor:spot_to_next_linear,True,True,True,1.0748848865414007,3134.703026101532
2026-01-03T14:00:00+00:00,2026-01-03T17:00:00+03:00,2026-01,,2916.2925637561816,near_term_anchor:spot_to_next_linear,True,True,True,1.1669393112531412,3403.136435762296
2026-01-03T15:00:00+00:00,2026-01-03T18:00:00+03:00,2026-01,,2916.2700268434,near_term_anchor:spot_to_next_linear,True,True,True,1.1717335394507264,3417.0914005472823
2026-01-03T16:00:00+00:00,2026-01-03T19:00:00+03:00,2026-01,,2916.2474899306185,near_term_anchor:spot_to_next_linear,True,True,True,1.128386065343592,3290.653030730937
2026-01-03T17:00:00+00:00,2026-01-03T20:00:00+03:00,2026-01,,2916.2249530178365,near_term_anchor:spot_to_next_linear,True,True,True,1.0654095582386154,3106.97393891916
2026-01-03T18:00:00+00:00,2026-01-03T21:00:00+03:00,2026-01,,2916.202416105056,near_term_anchor:spot_to_next_linear,True,True,True,1.1060643919494728,3225.507652170822
2026-01-03T19:00:00+00:00,2026-01-03T22:00:00+03:00,2026-01,,2916.179879192275,near_term_anchor:spot_to_next_linear,True,True,True,0.9584729156779456,2795.079431450779
2026-01-03T20:00:00+00:00,2026-01-03T23:00:00+03:00,2026-01,,2916.1573422794963,near_term_anchor:spot_to_next_linear,True,True,True,0.8813869463364676,2570.2630149483944
2026-01-03T21:00:00+00:00,2026-01-04T00:00:00+03:00,2026-01,,2916.13480536672,near_term_anchor:spot_to_next_linear,True,True,True,0.9672890354480114,2820.745223119549
2026-01-03T22:00:00+00:00,2026-01-04T01:00:00+03:00,2026-01,,2916.1122684539478,near_term_anchor:spot_to_next_linear,True,True,True,0.8928829423685073,2603.7469025340633
2026-01-03T23:00:00+00:00,2026-01-04T02:00:00+03:00,2026-01,,2916.0897315411776,near_term_anchor:spot_to_next_linear,True,True,True,0.8280449320318705,2414.6533235528495
2026-01-04T00:00:00+00:00,2026-01-04T03:00:00+03:00,2026-01,,2916.0671946284087,near_term_anchor:spot_to_next_linear,True,True,True,0.8332859858030219,2429.9179269437864
2026-01-04T01:00:00+00:00,2026-01-04T04:00:00+03:00,2026-01,,2916.04465771564,near_term_anchor:spot_to_next_linear,True,True,True,0.8177891188823827,2384.7095912549526
2026-01-04T02:00:00+00:00,2026-01-04T05:00:00+03:00,2026-01,,2916.0221208028715,near_term_anchor:spot_to_next_linear,True,True,True,0.8396387019985435,2448.405028509963
2026-01-04T03:00:00+00:00,2026-01-04T06:00:00+03:00,2026-01,,2915.9995838901045,near_term_anchor:spot_to_next_linear,True,True,True,1.017138352061793,2965.9750113708546
2026-01-04T04:00:00+00:00,2026-01-04T07:00:00+03:00,2026-01,,2915.977046977337,near_term_anchor:spot_to_next_linear,True,True,True,1.0915641856151665,3182.9761105563352
2026-01-04T05:00:00+00:00,2026-01-04T08:00:00+03:00,2026-01,,2915.9545100645687,near_term_anchor:spot_to_next_linear,True,True,True,1.0177105247094056,2967.5975944665697
2026-01-04T06:00:00+00:00,2026-01-04T09:00:00+03:00,2026-01,,2915.931973151799,near_term_anchor:spot_to_next_linear,True,True,True,0.8688376345047034,2533.471437929841
2026-01-04T07:00:00+00:00,2026-01-04T10:00:00+03:00,2026-01,,2915.909436239028,near_term_anchor:spot_to_next_linear,True,True,True,0.8063225319701787,2351.163479623989
2026-01-04T08:00:00+00:00,2026-01-04T11:00:00+03:00,2026-01,,2915.8868993262563,near_term_anchor:spot_to_next_linear,True,True,True,0.7431896291076627,2167.0569032301732
2026-01-04T09:00:00+00:00,2026-01-04T12:00:00+03:00,2026-01,,2915.864362413483,near_term_anchor:spot_to_next_linear,True,True,True,0.6733950192167977,1963.5285383610028
2026-01-04T10:00:00+00:00,2026-01-04T13:00:00+03:00,2026-01,,2915.841825500707,near_term_anchor:spot_to_next_linear,True,True,True,0.800345829287936,2333.681843902812
2026-01-04T11:00:00+00:00,2026-01-04T14:00:00+03:00,2026-01,,2915.8192885879266,near_term_anchor:spot_to_next_linear,True,True,True,0.8095424625339387,2360.4795271874273
2026-01-04T12:00:00+00:00,2026-01-04T15:00:00+03:00,2026-01,,2915.796751675142,near_term_anchor:spot_to_next_linear,True,True,True,0.8584708473736945,2503.1265081800248
2026-01-04T13:00:00+00:00,2026-01-04T16:00:00+03:00,2026-01,,2915.7742147623503,near_term_anchor:spot_to_next_linear,True,True,True,1.1007515647868753,3209.5430294648795
2026-01-04T14:00:00+00:00,2026-01-04T17:00:00+03:00,2026-01,,2915.7516778495506,near_term_anchor:spot_to_next_linear,True,True,True,1.158789661831246,3378.742900759169
2026-01-04T15:00:00+00:00,2026-01-04T18:00:00+03:00,2026-01,,2915.7291409367435,near_term_anchor:spot_to_next_linear,True,True,True,1.1590107273870942,3379.3613525008423
2026-01-04T16:00:00+00:00,2026-01-04T19:00:00+03:00,2026-01,,2915.706604023929,near_term_anchor:spot_to_next_linear,True,True,True,1.1261140128101979,3283.418064034581
2026-01-04T17:00:00+00:00,2026-01-04T20:00:00+03:00,2026-01,,2915.684067111109,near_term_anchor:spot_to_next_linear,True,True,True,1.0560994315142878,3079.2522857513086
2026-01-04T18:00:00+00:00,2026-01-04T21:00:00+03:00,2026-01,,2915.661530198286,near_term_anchor:spot_to_next_linear,True,True,True,1.0719226485062143,3125.3636295978285
2026-01-04T19:00:00+00:00,2026-01-04T22:00:00+03:00,2026-01,,2915.638993285461,near_term_anchor:spot_to_next_linear,True,True,True,0.8795674309689292,2564.5010989569278
2026-01-04T20:00:00+00:00,2026-01-04T23:00:00+03:00,2026-01,,2915.6164563726347,near_term_anchor:spot_to_next_linear,True,True,True,0.8307919185780807,2422.270589627646
2026-01-04T21:00:00+00:00,2026-01-05T00:00:00+03:00,2026-01,,2915.5939194598104,near_term_anchor:spot_to_next_linear,True,True,True,0.9716677380233288,2832.9885487160855
2026-01-04T22:00:00+00:00,2026-01-05T01:00:00+03:00,2026-01,,2915.5713825469893,near_term_anchor:spot_to_next_linear,True,True,True,0.9104753146592984,2654.555771936116
2026-01-04T23:00:00+00:00,2026-01-05T02:00:00+03:00,2026-01,,2915.5488456341727,near_term_anchor:spot_to_next_linear,True,True,True,0.824525376169171,2403.9440086861086
2026-01-05T00:00:00+00:00,2026-01-05T03:00:00+03:00,2026-01,,2915.5263087213616,near_term_anchor:spot_to_next_linear,True,True,True,0.7979028320674495,2326.3066986959316
2026-01-05T01:00:00+00:00,2026-01-05T04:00:00+03:00,2026-01,,2915.503771808555,near_term_anchor:spot_to_next_linear,True,True,True,0.7872061770023179,2295.1025782412507
2026-01-05T02:00:00+00:00,2026-01-05T05:00:00+03:00,2026-01,,2915.481234895753,near_term_anchor:spot_to_next_linear,True,True,True,0.8246441762714826,2404.234621385573
2026-01-05T03:00:00+00:00,2026-01-05T06:00:00+03:00,2026-01,,2915.4586979829533,near_term_anchor:spot_to_next_linear,True,True,True,0.9608624371565484,2801.354749973158
2026-01-05T04:00:00+00:00,2026-01-05T07:00:00+03:00,2026-01,,2915.436161070157,near_term_anchor:spot_to_next_linear,True,True,True,1.0499426236210605,3061.0406919537136
2026-01-05T05:00:00+00:00,2026-01-05T08:00:00+03:00,2026-01,,2915.413624157364,near_term_anchor:spot_to_next_linear,True,True,True,1.168350658034315,3406.2254262264637
2026-01-05T06:00:00+00:00,2026-01-05T09:00:00+03:00,2026-01,,2915.3910872445736,near_term_anchor:spot_to_next_linear,True,True,True,1.2068196698132303,3518.3513092849307
2026-01-05T07:00:00+00:00,2026-01-05T10:00:00+03:00,2026-01,,2915.368550331787,near_term_anchor:spot_to_next_linear,True,True,True,1.1721958278401556,3417.3828513153235
2026-01-05T08:00:00+00:00,2026-01-05T11:00:00+03:00,2026-01,,2915.346013419005,near_term_anchor:spot_to_next_linear,True,True,True,1.0837306409806324,3159.4498038029096
2026-01-05T09:00:00+00:00,2026-01-05T12:00:00+03:00,2026-01,,2915.323476506229,near_term_anchor:spot_to_next_linear,True,True,True,0.9224959409074817,2689.3740735092842
2026-01-05T10:00:00+00:00,2026-01-05T13:00:00+03:00,2026-01,,2915.300939593458,near_term_anchor:spot_to_next_linear,True,True,True,0.9578447932304869,2792.40582568954
2026-01-05T11:00:00+00:00,2026-01-05T14:00:00+03:00,2026-01,,2915.2784026806944,near_term_anchor:spot_to_next_linear,True,True,True,1.0235267526335385,2983.8654365184602
2026-01-05T12:00:00+00:00,2026-01-05T15:00:00+03:00,2026-01,,2915.255865767937,near_term_anchor:spot_to_next_linear,True,True,True,1.1010491138320346,3209.839887597428
2026-01-05T13:00:00+00:00,2026-01-05T16:00:00+03:00,2026-01,,2915.233328855186,near_term_anchor:spot_to_next_linear,True,True,True,1.1640064791013602,3393.3504828796626
2026-01-05T14:00:00+00:00,2026-01-05T17:00:00+03:00,2026-01,,2915.2107919424407,near_term_anchor:spot_to_next_linear,True,True,True,1.1653862003308824,3397.3464279853833
2026-01-05T15:00:00+00:00,2026-01-05T18:00:00+03:00,2026-01,,2915.188255029701,near_term_anchor:spot_to_next_linear,True,True,True,1.16042009985841,3382.8430460076297
2026-01-05T16:00:00+00:00,2026-01-05T19:00:00+03:00,2026-01,,2915.1657181169653,near_term_anchor:spot_to_next_linear,True,True,True,1.1071535769347627,3227.536152170794
2026-01-05T17:00:00+00:00,2026-01-05T20:00:00+03:00,2026-01,,2915.1431812042306,near_term_anchor:spot_to_next_linear,True,True,True,1.0577500474914736,3083.4928383632205
2026-01-05T18:00:00+00:00,2026-01-05T21:00:00+03:00,2026-01,,2915.120644291497,near_term_anchor:spot_to_next_linear,True,True,True,1.072238096503126,3125.7034107120808
2026-01-05T19:00:00+00:00,2026-01-05T22:00:00+03:00,2026-01,,2915.0981073787634,near_term_anchor:spot_to_next_linear,True,True,True,0.9701140638070209,2827.9776713453675
2026-01-05T20:00:00+00:00,2026-01-05T23:00:00+03:00,2026-01,,2915.075570466029,near_term_anchor:spot_to_next_linear,True,True,True,0.9284972002543771,2706.6395057076393
2026-01-05T21:00:00+00:00,2026-01-06T00:00:00+03:00,2026-01,,2915.0530335532944,near_term_anchor:spot_to_next_linear,True,True,True,0.9712512517978905,2831.248907895875
2026-01-05T22:00:00+00:00,2026-01-06T01:00:00+03:00,2026-01,,2915.030496640559,near_term_anchor:spot_to_next_linear,True,True,True,0.9103322989782353,2653.646413598467
2026-01-05T23:00:00+00:00,2026-01-06T02:00:00+03:00,2026-01,,2915.007959727825,near_term_anchor:spot_to_next_linear,True,True,True,0.8248390592392053,2404.4124231766946
2026-01-06T00:00:00+00:00,2026-01-06T03:00:00+03:00,2026-01,,2914.985422815096,near_term_anchor:spot_to_next_linear,True,True,True,0.7979293326969032,2325.95237324805
2026-01-06T01:00:00+00:00,2026-01-06T04:00:00+03:00,2026-01,,2914.962885902369,near_term_anchor:spot_to_next_linear,True,True,True,0.7872228981226019,2294.7255309598863
2026-01-06T02:00:00+00:00,2026-01-06T05:00:00+03:00,2026-01,,2914.9403489896454,near_term_anchor:spot_to_next_linear,True,True,True,0.8252669007931228,2405.6037878075085
2026-01-06T03:00:00+00:00,2026-01-06T06:00:00+03:00,2026-01,,2914.917812076924,near_term_anchor:spot_to_next_linear,True,True,True,0.9602181034933237,2798.9568533514125
2026-01-06T04:00:00+00:00,2026-01-06T07:00:00+03:00,2026-01,,2914.895275164203,near_term_anchor:spot_to_next_linear,True,True,True,1.0491095226781573,3058.0443907843332
2026-01-06T05:00:00+00:00,2026-01-06T08:00:00+03:00,2026-01,,2914.872738251483,near_term_anchor:spot_to_next_linear,True,True,True,1.1682382279127181,3405.2657623260047
2026-01-06T06:00:00+00:00,2026-01-06T09:00:00+03:00,2026-01,,2914.8502013387624,near_term_anchor:spot_to_next_linear,True,True,True,1.2069802424593545,3518.1666027445576
2026-01-06T07:00:00+00:00,2026-01-06T10:00:00+03:00,2026-01,,2914.827664426042,near_term_anchor:spot_to_next_linear,True,True,True,1.1735352873854503,3420.653120851276
2026-01-06T08:00:00+00:00,2026-01-06T11:00:00+03:00,2026-01,,2914.8051275133203,near_term_anchor:spot_to_next_linear,True,True,True,1.0847796309948228,3161.921230645717
2026-01-06T09:00:00+00:00,2026-01-06T12:00:00+03:00,2026-01,,2914.7825906005974,near_term_anchor:spot_to_next_linear,True,True,True,0.9263236715590174,2700.03211112145
2026-01-06T10:00:00+00:00,2026-01-06T13:00:00+03:00,2026-01,,2914.760053687873,near_term_anchor:spot_to_next_linear,True,True,True,0.9585825761808138,2794.0382012130485
2026-01-06T11:00:00+00:00,2026-01-06T14:00:00+03:00,2026-01,,2914.7375167751475,near_term_anchor:spot_to_next_linear,True,True,True,1.022369437415396,2979.938555238956
2026-01-06T12:00:00+00:00,2026-01-06T15:00:00+03:00,2026-01,,2914.7149798624205,near_term_anchor:spot_to_next_linear,True,True,True,1.0999485025315563,3206.0363774059647
2026-01-06T13:00:00+00:00,2026-01-06T16:00:00+03:00,2026-01,,2914.692442949694,near_term_anchor:spot_to_next_linear,True,True,True,1.162316058809208,3387.793832930271
2026-01-06T14:00:00+00:00,2026-01-06T17:00:00+03:00,2026-01,,2914.6699060369697,near_term_anchor:spot_to_next_linear,True,True,True,1.1648771187855094,3395.2322823551767
2026-01-06T15:00:00+00:00,2026-01-06T18:00:00+03:00,2026-01,,2914.647369124249,near_term_anchor:spot_to_next_linear,True,True,True,1.160434023514669,3382.2559736792973
2026-01-06T16:00:00+00:00,2026-01-06T19:00:00+03:00,2026-01,,2914.6248322115325,near_term_anchor:spot_to_next_linear,True,True,True,1.1063328605409999,3224.5452280244167
2026-01-06T17:00:00+00:00,2026-01-06T20:00:00+03:00,2026-01,,2914.602295298821,near_term_anchor:spot_to_next_linear,True,True,True,1.0567945517821828,3080.135826283639
2026-01-06T18:00:00+00:00,2026-01-06T21:00:00+03:00,2026-01,,2914.579758386115,near_term_anchor:spot_to_next_linear,True,True,True,1.0712718159835557,3122.307150595206
2026-01-06T19:00:00+00:00,2026-01-06T22:00:00+03:00,2026-01,,2914.557221473415,near_term_anchor:spot_to_next_linear,True,True,True,0.9691623200316902,2824.679038628292
2026-01-06T20:00:00+00:00,2026-01-06T23:00:00+03:00,2026-01,,2914.5346845607214,near_term_anchor:spot_to_next_linear,True,True,True,0.9280399053698151,2704.8044928567756
2026-01-06T21:00:00+00:00,2026-01-07T00:00:00+03:00,2026-01,,2914.512147648032,near_term_anchor:spot_to_next_linear,True,True,True,0.9709157117913634,2829.745636358264
2026-01-06T22:00:00+00:00,2026-01-07T01:00:00+03:00,2026-01,,2914.489610735344,near_term_anchor:spot_to_next_linear,True,True,True,0.910256841517338,2652.93410770305
2026-01-06T23:00:00+00:00,2026-01-07T02:00:00+03:00,2026-01,,2914.467073822656,near_term_anchor:spot_to_next_linear,True,True,True,0.8252050656304066,2405.032992931484
2026-01-07T00:00:00+00:00,2026-01-07T03:00:00+03:00,2026-01,,2914.444536909967,near_term_anchor:spot_to_next_linear,True,True,True,0.7979854023712362,2325.6841964747514
2026-01-07T01:00:00+00:00,2026-01-07T04:00:00+03:00,2026-01,,2914.4219999972743,near_term_anchor:spot_to_next_linear,True,True,True,0.7872827144238246,2294.4740631343657
2026-01-07T02:00:00+00:00,2026-01-07T05:00:00+03:00,2026-01,,2914.399463084575,near_term_anchor:spot_to_next_linear,True,True,True,0.8259632419467466,2407.186828857193
2026-01-07T03:00:00+00:00,2026-01-07T06:00:00+03:00,2026-01,,2914.3769261718685,near_term_anchor:spot_to_next_linear,True,True,True,0.9596448082708109,2796.766686545078
2026-01-07T04:00:00+00:00,2026-01-07T07:00:00+03:00,2026-01,,2914.354389259153,near_term_anchor:spot_to_next_linear,True,True,True,1.0483058278299364,3055.134690622125
2026-01-07T05:00:00+00:00,2026-01-07T08:00:00+03:00,2026-01,,2914.3318523464254,near_term_anchor:spot_to_next_linear,True,True,True,1.168178137821666,3404.4587562684137
2026-01-07T06:00:00+00:00,2026-01-07T09:00:00+03:00,2026-01,,2914.3093154336866,near_term_anchor:spot_to_next_linear,True,True,True,1.2071077391851546,3517.885329039393
2026-01-07T07:00:00+00:00,2026-01-07T10:00:00+03:00,2026-01,,2914.2867785209373,near_term_anchor:spot_to_next_linear,True,True,True,1.174749826023066,3423.5578860487926
2026-01-07T08:00:00+00:00,2026-01-07T11:00:00+03:00,2026-01,,2914.2642416081785,near_term_anchor:spot_to_next_linear,True,True,True,1.0857363431872262,3164.122600764959
2026-01-07T09:00:00+00:00,2026-01-07T12:00:00+03:00,2026-01,,2914.2417046954115,near_term_anchor:spot_to_next_linear,True,True,True,0.9299476990649939,2710.0923678007434
2026-01-07T10:00:00+00:00,2026-01-07T13:00:00+03:00,2026-01,,2914.2191677826368,near_term_anchor:spot_to_next_linear,True,True,True,0.9591755384297106,2795.247739360094
2026-01-07T11:00:00+00:00,2026-01-07T14:00:00+03:00,2026-01,,2914.196630869855,near_term_anchor:spot_to_next_linear,True,True,True,1.0211488736195562,2975.828607118658
2026-01-07T12:00:00+00:00,2026-01-07T15:00:00+03:00,2026-01,,2914.1740939570677,near_term_anchor:spot_to_next_linear,True,True,True,1.0987632331559996,3201.9873494557232
2026-01-07T13:00:00+00:00,2026-01-07T16:00:00+03:00,2026-01,,2914.151557044272,near_term_anchor:spot_to_next_linear,True,True,True,1.1606054000314214,3382.180033615557
2026-01-07T14:00:00+00:00,2026-01-07T17:00:00+03:00,2026-01,,2914.129020131472,near_term_anchor:spot_to_next_linear,True,True,True,1.1644211885489388,3393.273577206443
2026-01-07T15:00:00+00:00,2026-01-07T18:00:00+03:00,2026-01,,2914.106483218669,near_term_anchor:spot_to_next_linear,True,True,True,1.1605216757553676,3381.883739234511
2026-01-07T16:00:00+00:00,2026-01-07T19:00:00+03:00,2026-01,,2914.0839463058646,near_term_anchor:spot_to_next_linear,True,True,True,1.1056088223474876,3221.8369200969464
2026-01-07T17:00:00+00:00,2026-01-07T20:00:00+03:00,2026-01,,2914.0614093930603,near_term_anchor:spot_to_next_linear,True,True,True,1.0559592373082474,3077.1300633320925
2026-01-07T18:00:00+00:00,2026-01-07T21:00:00+03:00,2026-01,,2914.0388724802574,near_term_anchor:spot_to_next_linear,True,True,True,1.0703997751060417,3119.1865537531307
2026-01-07T19:00:00+00:00,2026-01-07T22:00:00+03:00,2026-01,,2914.016335567456,near_term_anchor:spot_to_next_linear,True,True,True,0.9682831476033578,2821.5929095708584
2026-01-07T20:00:00+00:00,2026-01-07T23:00:00+03:00,2026-01,,2913.993798654658,near_term_anchor:spot_to_next_linear,True,True,True,0.9276483353899247,2703.161496658557
2026-01-07T21:00:00+00:00,2026-01-08T00:00:00+03:00,2026-01,,2913.971261741864,near_term_anchor:spot_to_next_linear,True,True,True,0.970662076699212,2828.481396364181
2026-01-07T22:00:00+00:00,2026-01-08T01:00:00+03:00,2026-01,,2913.9487248290743,near_term_anchor:spot_to_next_linear,True,True,True,0.9102495285337656,2652.420452947232
2026-01-07T23:00:00+00:00,2026-01-08T02:00:00+03:00,2026-01,,2913.9261879162877,near_term_anchor:spot_to_next_linear,True,True,True,0.8256233996632849,2405.8056456353215
2026-01-08T00:00:00+00:00,2026-01-08T03:00:00+03:00,2026-01,,2913.903651003502,near_term_anchor:spot_to_next_linear,True,True,True,0.7980713758308208,2325.5030957948165
2026-01-08T01:00:00+00:00,2026-01-08T04:00:00+03:00,2026-01,,2913.8811140907187,near_term_anchor:spot_to_next_linear,True,True,True,0.7873864310873315,2294.3504510366683
2026-01-08T02:00:00+00:00,2026-01-08T05:00:00+03:00,2026-01,,2913.8585771779344,near_term_anchor:spot_to_next_linear,True,True,True,0.8267331561940614,2408.9834982134507
2026-01-08T03:00:00+00:00,2026-01-08T06:00:00+03:00,2026-01,,2913.836040265149,near_term_anchor:spot_to_next_linear,True,True,True,0.9591428204988651,2794.78491813116
2026-01-08T04:00:00+00:00,2026-01-08T07:00:00+03:00,2026-01,,2913.8135033523645,near_term_anchor:spot_to_next_linear,True,True,True,1.0475312063868547,3052.31057435301
2026-01-08T05:00:00+00:00,2026-01-08T08:00:00+03:00,2026-01,,2913.7909664395825,near_term_anchor:spot_to_next_linear,True,True,True,1.1681710473362967,3403.806244984767
2026-01-08T06:00:00+00:00,2026-01-08T09:00:00+03:00,2026-01,,2913.768429526805,near_term_anchor:spot_to_next_linear,True,True,True,1.2072026632144415,3517.5090081149197
2026-01-08T07:00:00+00:00,2026-01-08T10:00:00+03:00,2026-01,,2913.745892614033,near_term_anchor:spot_to_next_linear,True,True,True,1.1758382058423995,3426.0937426519454
2026-01-08T08:00:00+00:00,2026-01-08T11:00:00+03:00,2026-01,,2913.723355701268,near_term_anchor:spot_to_next_linear,True,True,True,1.0865998333978404,3166.051312872394
2026-01-08T09:00:00+00:00,2026-01-08T12:00:00+03:00,2026-01,,2913.7008187885103,near_term_anchor:spot_to_next_linear,True,True,True,0.9333642817873554,2719.5442720717674
2026-01-08T10:00:00+00:00,2026-01-08T13:00:00+03:00,2026-01,,2913.678281875761,near_term_anchor:spot_to_next_linear,True,True,True,0.9596221011160401,2796.0300748297914
2026-01-08T11:00:00+00:00,2026-01-08T14:00:00+03:00,2026-01,,2913.6557449630213,near_term_anchor:spot_to_next_linear,True,True,True,1.0198657720893265,2971.5377659392134
2026-01-08T12:00:00+00:00,2026-01-08T15:00:00+03:00,2026-01,,2913.6332080502902,near_term_anchor:spot_to_next_linear,True,True,True,1.0974937468345771,3197.694226404762
2026-01-08T13:00:00+00:00,2026-01-08T16:00:00+03:00,2026-01,,2913.6106711375683,near_term_anchor:spot_to_next_linear,True,True,True,1.158875824547852,3376.51296892597
2026-01-08T14:00:00+00:00,2026-01-08T17:00:00+03:00,2026-01,,2913.588134224855,near_term_anchor:spot_to_next_linear,True,True,True,1.1640192824939135,3391.472769483196
2026-01-08T15:00:00+00:00,2026-01-08T18:00:00+03:00,2026-01,,2913.565597312149,near_term_anchor:spot_to_next_linear,True,True,True,1.160683642295518,3381.7279295551816
2026-01-08T16:00:00+00:00,2026-01-08T19:00:00+03:00,2026-01,,2913.543060399448,near_term_anchor:spot_to_next_linear,True,True,True,1.104983347887783,3219.4165650953996
2026-01-08T17:00:00+00:00,2026-01-08T20:00:00+03:00,2026-01,,2913.5205234867526,near_term_anchor:spot_to_next_linear,True,True,True,1.0552462590750693,3074.4816331478332
2026-01-08T18:00:00+00:00,2026-01-08T21:00:00+03:00,2026-01,,2913.497986574061,near_term_anchor:spot_to_next_linear,True,True,True,1.0696242117688208,3116.3479873793267
2026-01-08T19:00:00+00:00,2026-01-08T22:00:00+03:00,2026-01,,2913.475449661374,near_term_anchor:spot_to_next_linear,True,True,True,0.9674782793068469,2818.7242148411283
2026-01-08T20:00:00+00:00,2026-01-08T23:00:00+03:00,2026-01,,2913.4529127486885,near_term_anchor:spot_to_next_linear,True,True,True,0.9273235715260614,2701.71356052312
2026-01-08T21:00:00+00:00,2026-01-09T00:00:00+03:00,2026-01,,2913.430375836003,near_term_anchor:spot_to_next_linear,True,True,True,0.970491237123725,2827.4586497189216
2026-01-08T22:00:00+00:00,2026-01-09T01:00:00+03:00,2026-01,,2913.4078389233177,near_term_anchor:spot_to_next_linear,True,True,True,0.9103108986074023,2652.1069078601354
2026-01-08T23:00:00+00:00,2026-01-09T02:00:00+03:00,2026-01,,2913.3853020106326,near_term_anchor:spot_to_next_linear,True,True,True,0.8260940418590322,2406.730239630661
2026-01-09T00:00:00+00:00,2026-01-09T03:00:00+03:00,2026-01,,2913.3627650979456,near_term_anchor:spot_to_next_linear,True,True,True,0.7981875934765272,2325.4100143976502
2026-01-09T01:00:00+00:00,2026-01-09T04:00:00+03:00,2026-01,,2913.3402281852545,near_term_anchor:spot_to_next_linear,True,True,True,0.7875348431284552,2294.3569395836926
2026-01-09T02:00:00+00:00,2026-01-09T05:00:00+03:00,2026-01,,2913.317691272557,near_term_anchor:spot_to_next_linear,True,True,True,0.8275765418247533,2410.993380180217
2026-01-09T03:00:00+00:00,2026-01-09T06:00:00+03:00,2026-01,,2913.2951543598533,near_term_anchor:spot_to_next_linear,True,True,True,0.9587123184751666,2793.0119518388033
2026-01-09T04:00:00+00:00,2026-01-09T07:00:00+03:00,2026-01,,2913.2726174471454,near_term_anchor:spot_to_next_linear,True,True,True,1.0467852494365948,3049.5708035312114
2026-01-09T05:00:00+00:00,2026-01-09T08:00:00+03:00,2026-01,,2913.250080534436,near_term_anchor:spot_to_next_linear,True,True,True,1.1682175469130538,3403.3098626261954
2026-01-09T06:00:00+00:00,2026-01-09T09:00:00+03:00,2026-01,,2913.227543621725,near_term_anchor:spot_to_next_linear,True,True,True,1.2072655448699898,3517.039237780744
2026-01-09T07:00:00+00:00,2026-01-09T10:00:00+03:00,2026-01,,2913.2050067090145,near_term_anchor:spot_to_next_linear,True,True,True,1.1767993160391175,3428.257659376901
2026-01-09T08:00:00+00:00,2026-01-09T11:00:00+03:00,2026-01,,2913.182469796304,near_term_anchor:spot_to_next_linear,True,True,True,1.0873692573867975,3167.7050588146435
2026-01-09T09:00:00+00:00,2026-01-09T12:00:00+03:00,2026-01,,2913.1599328835923,near_term_anchor:spot_to_next_linear,True,True,True,0.9365699042910763,2728.3779195253846
2026-01-09T10:00:00+00:00,2026-01-09T13:00:00+03:00,2026-01,,2913.1373959708803,near_term_anchor:spot_to_next_linear,True,True,True,0.9599208549289056,2796.3813396657333
2026-01-09T11:00:00+00:00,2026-01-09T14:00:00+03:00,2026-01,,2913.1148590581674,near_term_anchor:spot_to_next_linear,True,True,True,1.0185209235243287,2967.068436580369
2026-01-09T12:00:00+00:00,2026-01-09T15:00:00+03:00,2026-01,,2913.092322145454,near_term_anchor:spot_to_next_linear,True,True,True,1.0961405780837346,3193.158702007807
2026-01-09T13:00:00+00:00,2026-01-09T16:00:00+03:00,2026-01,,2913.069785232738,near_term_anchor:spot_to_next_linear,True,True,True,1.1571286701186312,3370.7965665491247
2026-01-09T14:00:00+00:00,2026-01-09T17:00:00+03:00,2026-01,,2913.0472483200183,near_term_anchor:spot_to_next_linear,True,True,True,1.1636722076646344,3389.832122483944
2026-01-09T15:00:00+00:00,2026-01-09T18:00:00+03:00,2026-01,,2913.024711407292,near_term_anchor:spot_to_next_linear,True,True,True,1.1609204200409025,3381.7898715564825
2026-01-09T16:00:00+00:00,2026-01-09T19:00:00+03:00,2026-01,,2913.002174494558,near_term_anchor:spot_to_next_linear,True,True,True,1.1044582229876496,3217.2892052014186
2026-01-09T17:00:00+00:00,2026-01-09T20:00:00+03:00,2026-01,,2912.9796375818164,near_term_anchor:spot_to_next_linear,True,True,True,1.0546576522266164,3072.1962655559787
2026-01-09T18:00:00+00:00,2026-01-09T21:00:00+03:00,2026-01,,2912.957100669069,near_term_anchor:spot_to_next_linear,True,True,True,1.0689472737351273,3113.797551267582
2026-01-09T19:00:00+00:00,2026-01-09T22:00:00+03:00,2026-01,,2912.9345637563174,near_term_anchor:spot_to_next_linear,True,True,True,0.9667493911586189,2816.0777159963172
2026-01-09T20:00:00+00:00,2026-01-09T23:00:00+03:00,2026-01,,2912.912026843563,near_term_anchor:spot_to_next_linear,True,True,True,0.9270666439836982,2700.4635769456145
2026-01-09T21:00:00+00:00,2026-01-10T00:00:00+03:00,2026-01,,2912.889489930808,near_term_anchor:spot_to_next_linear,True,True,True,0.9771959273880154,2846.463746491739
2026-01-09T22:00:00+00:00,2026-01-10T01:00:00+03:00,2026-01,,2912.866953018054,near_term_anchor:spot_to_next_linear,True,True,True,0.9220179522609705,2685.7156232303587
2026-01-09T23:00:00+00:00,2026-01-10T02:00:00+03:00,2026-01,,2912.8444161053026,near_term_anchor:spot_to_next_linear,True,True,True,0.8965506184893036,2611.5124628223234
2026-01-10T00:00:00+00:00,2026-01-10T03:00:00+03:00,2026-01,,2912.821879192556,near_term_anchor:spot_to_next_linear,True,True,True,0.8465410880194454,2465.823402818512
2026-01-10T01:00:00+00:00,2026-01-10T04:00:00+03:00,2026-01,,2912.799342279815,near_term_anchor:spot_to_next_linear,True,True,True,0.8400383442189817,2446.8631365308747
2026-01-10T02:00:00+00:00,2026-01-10T05:00:00+03:00,2026-01,,2912.7768053670807,near_term_anchor:spot_to_next_linear,True,True,True,0.8545727316125428,2489.1796311402018
2026-01-10T03:00:00+00:00,2026-01-10T06:00:00+03:00,2026-01,,2912.7542684543523,near_term_anchor:spot_to_next_linear,True,True,True,0.968624587060836,2821.3654004912846
2026-01-10T04:00:00+00:00,2026-01-10T07:00:00+03:00,2026-01,,2912.731731541628,near_term_anchor:spot_to_next_linear,True,True,True,1.0762580369259642,3134.850935480957
2026-01-10T05:00:00+00:00,2026-01-10T08:00:00+03:00,2026-01,,2912.709194628906,near_term_anchor:spot_to_next_linear,True,True,True,1.2159902067725228,3541.8258558450316
2026-01-10T06:00:00+00:00,2026-01-10T09:00:00+03:00,2026-01,,2912.686657716185,near_term_anchor:spot_to_next_linear,True,True,True,1.1699686074405498,3407.7519528388743
2026-01-10T07:00:00+00:00,2026-01-10T10:00:00+03:00,2026-01,,2912.664120803464,near_term_anchor:spot_to_next_linear,True,True,True,1.0647674948809873,3101.3100793376375
2026-01-10T08:00:00+00:00,2026-01-10T11:00:00+03:00,2026-01,,2912.6415838907424,near_term_anchor:spot_to_next_linear,True,True,True,1.0433547768887226,3038.918509917141
2026-01-10T09:00:00+00:00,2026-01-10T12:00:00+03:00,2026-01,,2912.6190469780217,near_term_anchor:spot_to_next_linear,True,True,True,0.8789162692182682,2559.9482664239904
2026-01-10T10:00:00+00:00,2026-01-10T13:00:00+03:00,2026-01,,2912.5965100653034,near_term_anchor:spot_to_next_linear,True,True,True,0.8872712900243155,2584.263262805961
2026-01-10T11:00:00+00:00,2026-01-10T14:00:00+03:00,2026-01,,2912.5739731525887,near_term_anchor:spot_to_next_linear,True,True,True,0.9408329110098961,2740.245449692809
2026-01-10T12:00:00+00:00,2026-01-10T15:00:00+03:00,2026-01,,2912.551436239876,near_term_anchor:spot_to_next_linear,True,True,True,0.9561954076922422,2784.9683080000136
2026-01-10T13:00:00+00:00,2026-01-10T16:00:00+03:00,2026-01,,2912.528899327164,near_term_anchor:spot_to_next_linear,True,True,True,1.046433090884439,3047.766618413177
2026-01-10T14:00:00+00:00,2026-01-10T17:00:00+03:00,2026-01,,2912.50636241445,near_term_anchor:spot_to_next_linear,True,True,True,1.162008061008644,3384.355870864554
2026-01-10T15:00:00+00:00,2026-01-10T18:00:00+03:00,2026-01,,2912.483825501734,near_term_anchor:spot_to_next_linear,True,True,True,1.1749324834330186,3421.971854055251
2026-01-10T16:00:00+00:00,2026-01-10T19:00:00+03:00,2026-01,,2912.4612885890147,near_term_anchor:spot_to_next_linear,True,True,True,1.128180138887394,3285.780981064513
2026-01-10T17:00:00+00:00,2026-01-10T20:00:00+03:00,2026-01,,2912.438751676292,near_term_anchor:spot_to_next_linear,True,True,True,1.0663341819540406,3105.632993759986
2026-01-10T18:00:00+00:00,2026-01-10T21:00:00+03:00,2026-01,,2912.416214763565,near_term_anchor:spot_to_next_linear,True,True,True,1.1022918733656133,3210.332725392119
2026-01-10T19:00:00+00:00,2026-01-10T22:00:00+03:00,2026-01,,2912.393677850833,near_term_anchor:spot_to_next_linear,True,True,True,0.9536876394832614,2777.513851875535
2026-01-10T20:00:00+00:00,2026-01-10T23:00:00+03:00,2026-01,,2912.371140938095,near_term_anchor:spot_to_next_linear,True,True,True,0.8864152171771367,2581.5700973950666
2026-01-10T21:00:00+00:00,2026-01-11T00:00:00+03:00,2026-01,,2912.348604025349,near_term_anchor:spot_to_next_linear,True,True,True,0.9705240109560307,2826.5042484808782
2026-01-10T22:00:00+00:00,2026-01-11T01:00:00+03:00,2026-01,,2912.3260671125927,near_term_anchor:spot_to_next_linear,True,True,True,0.9004341528652525,2622.35785510792
2026-01-10T23:00:00+00:00,2026-01-11T02:00:00+03:00,2026-01,,2912.303530199825,near_term_anchor:spot_to_next_linear,True,True,True,0.8359289184567508,2434.478740217717
2026-01-11T00:00:00+00:00,2026-01-11T03:00:00+03:00,2026-01,,2912.2809932870464,near_term_anchor:spot_to_next_linear,True,True,True,0.8397057622624841,2445.4591313906435
2026-01-11T01:00:00+00:00,2026-01-11T04:00:00+03:00,2026-01,,2912.2584563742566,near_term_anchor:spot_to_next_linear,True,True,True,0.8240788066977913,2399.930473524449
2026-01-11T02:00:00+00:00,2026-01-11T05:00:00+03:00,2026-01,,2912.2359194614573,near_term_anchor:spot_to_next_linear,True,True,True,0.8497971196831798,2474.8096961962433
2026-01-11T03:00:00+00:00,2026-01-11T06:00:00+03:00,2026-01,,2912.213382548652,near_term_anchor:spot_to_next_linear,True,True,True,1.0281071730668643,2994.0674680995853
2026-01-11T04:00:00+00:00,2026-01-11T07:00:00+03:00,2026-01,,2912.190845635841,near_term_anchor:spot_to_next_linear,True,True,True,1.1152131680786002,3247.7135790110437
2026-01-11T05:00:00+00:00,2026-01-11T08:00:00+03:00,2026-01,,2912.168308723026,near_term_anchor:spot_to_next_linear,True,True,True,1.0264873478592142,2989.303923740752
2026-01-11T06:00:00+00:00,2026-01-11T09:00:00+03:00,2026-01,,2912.1457718102106,near_term_anchor:spot_to_next_linear,True,True,True,0.8896088559735392,2590.670668488261
2026-01-11T07:00:00+00:00,2026-01-11T10:00:00+03:00,2026-01,,2912.1232348973967,near_term_anchor:spot_to_next_linear,True,True,True,0.8220018935623469,2393.7708133725673
2026-01-11T08:00:00+00:00,2026-01-11T11:00:00+03:00,2026-01,,2912.1006979845874,near_term_anchor:spot_to_next_linear,True,True,True,0.7538680465973113,2195.339664684308
2026-01-11T09:00:00+00:00,2026-01-11T12:00:00+03:00,2026-01,,2912.0781610717872,near_term_anchor:spot_to_next_linear,True,True,True,0.6872080159761812,2001.2034554377092
2026-01-11T10:00:00+00:00,2026-01-11T13:00:00+03:00,2026-01,,2912.0556241589984,near_term_anchor:spot_to_next_linear,True,True,True,0.8108728570777948,2361.306863931268
2026-01-11T11:00:00+00:00,2026-01-11T14:00:00+03:00,2026-01,,2912.033087246224,near_term_anchor:spot_to_next_linear,True,True,True,0.8144630743926046,2371.7434209715475
2026-01-11T12:00:00+00:00,2026-01-11T15:00:00+03:00,2026-01,,2912.010550333464,near_term_anchor:spot_to_next_linear,True,True,True,0.846221540734604,2464.2060545386057
2026-01-11T13:00:00+00:00,2026-01-11T16:00:00+03:00,2026-01,,2911.9880134207174,near_term_anchor:spot_to_next_linear,True,True,True,1.0826428062622695,3152.642874651897
2026-01-11T14:00:00+00:00,2026-01-11T17:00:00+03:00,2026-01,,2911.9654765079817,near_term_anchor:spot_to_next_linear,True,True,True,1.1543164853634988,3361.3297543425397
2026-01-11T15:00:00+00:00,2026-01-11T18:00:00+03:00,2026-01,,2911.9429395952548,near_term_anchor:spot_to_next_linear,True,True,True,1.15828600014019,3372.8627401402546
2026-01-11T16:00:00+00:00,2026-01-11T19:00:00+03:00,2026-01,,2911.920402682535,near_term_anchor:spot_to_next_linear,True,True,True,1.1233032145577984,3270.9695488697303
2026-01-11T17:00:00+00:00,2026-01-11T20:00:00+03:00,2026-01,,2911.89786576982,near_term_anchor:spot_to_next_linear,True,True,True,1.0534863426255519,3067.6446327089975
2026-01-11T18:00:00+00:00,2026-01-11T21:00:00+03:00,2026-01,,2911.875328857107,near_term_anchor:spot_to_next_linear,True,True,True,1.064940791780861,3100.9748182802427
2026-01-11T19:00:00+00:00,2026-01-11T22:00:00+03:00,2026-01,,2911.852791944395,near_term_anchor:spot_to_next_linear,True,True,True,0.8761057301170776,2551.090916279895
2026-01-11T20:00:00+00:00,2026-01-11T23:00:00+03:00,2026-01,,2911.830255031682,near_term_anchor:spot_to_next_linear,True,True,True,0.8352867893892154,2432.213344971794
2026-01-11T21:00:00+00:00,2026-01-12T00:00:00+03:00,2026-01,,2911.807718118968,near_term_anchor:spot_to_next_linear,True,True,True,0.9704833508339303,2825.8609112641966
2026-01-11T22:00:00+00:00,2026-01-12T01:00:00+03:00,2026-01,,2911.7851812062504,near_term_anchor:spot_to_next_linear,True,True,True,0.9109117614662424,2652.3793684238876
2026-01-11T23:00:00+00:00,2026-01-12T02:00:00+03:00,2026-01,,2911.76264429353,near_term_anchor:spot_to_next_linear,True,True,True,0.8278192632935889,2410.4132070848623
2026-01-12T00:00:00+00:00,2026-01-12T03:00:00+03:00,2026-01,,2911.7401073808046,near_term_anchor:spot_to_next_linear,True,True,True,0.7987211891116367,2325.668520951241
2026-01-12T01:00:00+00:00,2026-01-12T04:00:00+03:00,2026-01,,2911.717570468073,near_term_anchor:spot_to_next_linear,True,True,True,0.7882560237269847,2295.1789143131596
2026-01-12T02:00:00+00:00,2026-01-12T05:00:00+03:00,2026-01,,2911.695033555336,near_term_anchor:spot_to_next_linear,True,True,True,0.8305456352546808,2418.2956013121157
2026-01-12T03:00:00+00:00,2026-01-12T06:00:00+03:00,2026-01,,2911.672496642592,near_term_anchor:spot_to_next_linear,True,True,True,0.9578501481053218,2788.9459321432987
2026-01-12T04:00:00+00:00,2026-01-12T07:00:00+03:00,2026-01,,2911.64995972984,near_term_anchor:spot_to_next_linear,True,True,True,1.0447141521887413,3041.8419191495423
2026-01-12T05:00:00+00:00,2026-01-12T08:00:00+03:00,2026-01,,2911.627422817081,near_term_anchor:spot_to_next_linear,True,True,True,1.168683436101588,3402.7707411454776
2026-01-12T06:00:00+00:00,2026-01-12T09:00:00+03:00,2026-01,,2911.604885904316,near_term_anchor:spot_to_next_linear,True,True,True,1.2072676279389347,3515.086324101116
2026-01-12T07:00:00+00:00,2026-01-12T10:00:00+03:00,2026-01,,2911.582348991545,near_term_anchor:spot_to_next_linear,True,True,True,1.1789098529324624,3432.493118850376
2026-01-12T08:00:00+00:00,2026-01-12T11:00:00+03:00,2026-01,,2911.5598120787654,near_term_anchor:spot_to_next_linear,True,True,True,1.0891062074910542,3170.9978648164706
2026-01-12T09:00:00+00:00,2026-01-12T12:00:00+03:00,2026-01,,2911.537275165977,near_term_anchor:spot_to_next_linear,True,True,True,0.9448893314074963,2751.080509299584
2026-01-12T10:00:00+00:00,2026-01-12T13:00:00+03:00,2026-01,,2911.51473825318,near_term_anchor:spot_to_next_linear,True,True,True,0.9599187523576117,2794.817595014791
2026-01-12T11:00:00+00:00,2026-01-12T14:00:00+03:00,2026-01,,2911.492201340376,near_term_anchor:spot_to_next_linear,True,True,True,1.0141249846650937,2952.616984036849
2026-01-12T12:00:00+00:00,2026-01-12T15:00:00+03:00,2026-01,,2911.469664427567,near_term_anchor:spot_to_next_linear,True,True,True,1.091585715199755,3178.118695926556
2026-01-12T13:00:00+00:00,2026-01-12T16:00:00+03:00,2026-01,,2911.447127514754,near_term_anchor:spot_to_next_linear,True,True,True,1.1517953215136367,3353.39118030581
2026-01-12T14:00:00+00:00,2026-01-12T17:00:00+03:00,2026-01,,2911.42459060194,near_term_anchor:spot_to_next_linear,True,True,True,1.1629670319862995,3385.890814984265
2026-01-12T15:00:00+00:00,2026-01-12T18:00:00+03:00,2026-01,,2911.4020536891285,near_term_anchor:spot_to_next_linear,True,True,True,1.1620832415434124,3383.2915359872104
2026-01-12T16:00:00+00:00,2026-01-12T19:00:00+03:00,2026-01,,2911.3795167763224,near_term_anchor:spot_to_next_linear,True,True,True,1.1035012582158246,3212.710959906451
2026-01-12T17:00:00+00:00,2026-01-12T20:00:00+03:00,2026-01,,2911.356979863525,near_term_anchor:spot_to_next_linear,True,True,True,1.0536565564893468,3067.570370114226
2026-01-12T18:00:00+00:00,2026-01-12T21:00:00+03:00,2026-01,,2911.3344429507374,near_term_anchor:spot_to_next_linear,True,True,True,1.0675282767624081,3107.931840962246
2026-01-12T19:00:00+00:00,2026-01-12T22:00:00+03:00,2026-01,,2911.311906037964,near_term_anchor:spot_to_next_linear,True,True,True,0.9650344705168962,2809.516343752882
2026-01-12T20:00:00+00:00,2026-01-12T23:00:00+03:00,2026-01,,2911.289369125205,near_term_anchor:spot_to_next_linear,True,True,True,0.9267123870111252,2697.9279205421317
2026-01-12T21:00:00+00:00,2026-01-13T00:00:00+03:00,2026-01,,2911.2668322124614,near_term_anchor:spot_to_next_linear,True,True,True,0.9706511960309359,2825.8246326522194
2026-01-12T22:00:00+00:00,2026-01-13T01:00:00+03:00,2026-01,,2911.2442952997308,near_term_anchor:spot_to_next_linear,True,True,True,0.9112522692300667,2652.877970374966
2026-01-12T23:00:00+00:00,2026-01-13T02:00:00+03:00,2026-01,,2911.221758387012,near_term_anchor:spot_to_next_linear,True,True,True,0.8284984636064192,2411.9427540412175
2026-01-13T00:00:00+00:00,2026-01-13T03:00:00+03:00,2026-01,,2911.1992214743022,near_term_anchor:spot_to_next_linear,True,True,True,0.7989618816630432,2325.9372078850947
2026-01-13T01:00:00+00:00,2026-01-13T04:00:00+03:00,2026-01,,2911.176684561599,near_term_anchor:spot_to_next_linear,True,True,True,0.7885909217079667,2295.727504933174
2026-01-13T02:00:00+00:00,2026-01-13T05:00:00+03:00,2026-01,,2911.154147648901,near_term_anchor:spot_to_next_linear,True,True,True,0.8316807229758331,2421.1507862107333
2026-01-13T03:00:00+00:00,2026-01-13T06:00:00+03:00,2026-01,,2911.1316107362063,near_term_anchor:spot_to_next_linear,True,True,True,0.9577055570235752,2788.006920829056
2026-01-13T04:00:00+00:00,2026-01-13T07:00:00+03:00,2026-01,,2911.1090738235134,near_term_anchor:spot_to_next_linear,True,True,True,1.0440772724222074,3039.4228215211924
2026-01-13T05:00:00+00:00,2026-01-13T08:00:00+03:00,2026-01,,2911.086536910821,near_term_anchor:spot_to_next_linear,True,True,True,1.16894878941629,3402.911083207964
2026-01-13T06:00:00+00:00,2026-01-13T09:00:00+03:00,2026-01,,2911.063999998129,near_term_anchor:spot_to_next_linear,True,True,True,1.207208156108242,3514.2602037508245
2026-01-13T07:00:00+00:00,2026-01-13T10:00:00+03:00,2026-01,,2911.0414630854343,near_term_anchor:spot_to_next_linear,True,True,True,1.179353359837705,3433.1465301166754
2026-01-13T08:00:00+00:00,2026-01-13T11:00:00+03:00,2026-01,,2911.018926172736,near_term_anchor:spot_to_next_linear,True,True,True,1.0894929532803643,3171.534606930969
2026-01-13T09:00:00+00:00,2026-01-13T12:00:00+03:00,2026-01,,2910.9963892600326,near_term_anchor:spot_to_next_linear,True,True,True,0.9472206172712431,2757.355796709248
2026-01-13T10:00:00+00:00,2026-01-13T13:00:00+03:00,2026-01,,2910.9738523473234,near_term_anchor:spot_to_next_linear,True,True,True,0.9596156318204301,2793.416012533028
2026-01-13T11:00:00+00:00,2026-01-13T14:00:00+03:00,2026-01,,2910.951315434607,near_term_anchor:spot_to_next_linear,True,True,True,1.012542624869937,2947.4622857987524
2026-01-13T12:00:00+00:00,2026-01-13T15:00:00+03:00,2026-01,,2910.928778521883,near_term_anchor:spot_to_next_linear,True,True,True,1.089905015251846,3172.6358747519303
2026-01-13T13:00:00+00:00,2026-01-13T16:00:00+03:00,2026-01,,2910.9062416091524,near_term_anchor:spot_to_next_linear,True,True,True,1.149991500124746,3347.5174355105955
2026-01-13T14:00:00+00:00,2026-01-13T17:00:00+03:00,2026-01,,2910.8837046964145,near_term_anchor:spot_to_next_linear,True,True,True,1.1628460007502404,3384.909474655269
2026-01-13T15:00:00+00:00,2026-01-13T18:00:00+03:00,2026-01,,2910.8611677836684,near_term_anchor:spot_to_next_linear,True,True,True,1.1626224315061662,3384.232488665527
2026-01-13T16:00:00+00:00,2026-01-13T19:00:00+03:00,2026-01,,2910.838630870914,near_term_anchor:spot_to_next_linear,True,True,True,1.1033933133036171,3211.7998814088223
2026-01-13T17:00:00+00:00,2026-01-13T20:00:00+03:00,2026-01,,2910.81609395815,near_term_anchor:spot_to_next_linear,True,True,True,1.05358329566374,3066.7872133434826
2026-01-13T18:00:00+00:00,2026-01-13T21:00:00+03:00,2026-01,,2910.7935570453765,near_term_anchor:spot_to_next_linear,True,True,True,1.0672654153554573,3106.5892946740228
2026-01-13T19:00:00+00:00,2026-01-13T22:00:00+03:00,2026-01,,2910.771020132593,near_term_anchor:spot_to_next_linear,True,True,True,0.9646250521289468,2807.80264703083
2026-01-13T20:00:00+00:00,2026-01-13T23:00:00+03:00,2026-01,,2910.7484832198006,near_term_anchor:spot_to_next_linear,True,True,True,0.9267360384677489,2697.495518315127
2026-01-13T21:00:00+00:00,2026-01-14T00:00:00+03:00,2026-01,,2910.725946307001,near_term_anchor:spot_to_next_linear,True,True,True,0.9709052279541385,2826.0390384112243
2026-01-13T22:00:00+00:00,2026-01-14T01:00:00+03:00,2026-01,,2910.703409394197,near_term_anchor:spot_to_next_linear,True,True,True,0.9116634116793616,2653.581800595063
2026-01-13T23:00:00+00:00,2026-01-14T02:00:00+03:00,2026-01,,2910.68087248139,near_term_anchor:spot_to_next_linear,True,True,True,0.8292295141794556,2413.6224858191767
2026-01-14T00:00:00+00:00,2026-01-14T03:00:00+03:00,2026-01,,2910.658335568585,near_term_anchor:spot_to_next_linear,True,True,True,0.7992345860103349,2326.2988098456885
2026-01-14T01:00:00+00:00,2026-01-14T04:00:00+03:00,2026-01,,2910.635798655784,near_term_anchor:spot_to_next_linear,True,True,True,0.788974295287135,2296.416828081955
2026-01-14T02:00:00+00:00,2026-01-14T05:00:00+03:00,2026-01,,2910.6132617429907,near_term_anchor:spot_to_next_linear,True,True,True,0.8328878988976941,2424.2145640768836
2026-01-14T03:00:00+00:00,2026-01-14T06:00:00+03:00,2026-01,,2910.590724830209,near_term_anchor:spot_to_next_linear,True,True,True,0.9576319832400763,2787.2747682193244
2026-01-14T04:00:00+00:00,2026-01-14T07:00:00+03:00,2026-01,,2910.568187917442,near_term_anchor:spot_to_next_linear,True,True,True,1.0434659034378728,3037.078663722806
2026-01-14T05:00:00+00:00,2026-01-14T08:00:00+03:00,2026-01,,2910.5456510046934,near_term_anchor:spot_to_next_linear,True,True,True,1.169269620793857,3403.2126096534676
2026-01-14T06:00:00+00:00,2026-01-14T09:00:00+03:00,2026-01,,2910.5231140919627,near_term_anchor:spot_to_next_linear,True,True,True,1.2071196704315361,3513.349702266058
2026-01-14T07:00:00+00:00,2026-01-14T10:00:00+03:00,2026-01,,2910.50057717925,near_term_anchor:spot_to_next_linear,True,True,True,1.1796659887575194,3433.4185411574904
2026-01-14T08:00:00+00:00,2026-01-14T11:00:00+03:00,2026-01,,2910.4780402665524,near_term_anchor:spot_to_next_linear,True,True,True,1.0897829394929492,3171.7893140513615
2026-01-14T09:00:00+00:00,2026-01-14T12:00:00+03:00,2026-01,,2910.455503353868,near_term_anchor:spot_to_next_linear,True,True,True,0.9493268895176765,2762.973670078531
2026-01-14T10:00:00+00:00,2026-01-14T13:00:00+03:00,2026-01,,2910.432966441193,near_term_anchor:spot_to_next_linear,True,True,True,0.9591602595015561,2791.5716393536186
2026-01-14T11:00:00+00:00,2026-01-14T14:00:00+03:00,2026-01,,2910.410429528528,near_term_anchor:spot_to_next_linear,True,True,True,1.0109036408461907,2942.1444995671145
2026-01-14T12:00:00+00:00,2026-01-14T15:00:00+03:00,2026-01,,2910.387892615869,near_term_anchor:spot_to_next_linear,True,True,True,1.0881446903669936,3166.923132258342
2026-01-14T13:00:00+00:00,2026-01-14T16:00:00+03:00,2026-01,,2910.3653557032167,near_term_anchor:spot_to_next_linear,True,True,True,1.1481769797169892,3341.6145039842804
2026-01-14T14:00:00+00:00,2026-01-14T17:00:00+03:00,2026-01,,2910.3428187905683,near_term_anchor:spot_to_next_linear,True,True,True,1.1627828144842673,3384.096613947373
2026-01-14T15:00:00+00:00,2026-01-14T18:00:00+03:00,2026-01,,2910.320281877923,near_term_anchor:spot_to_next_linear,True,True,True,1.1632375610883467,3385.3938666776253
2026-01-14T16:00:00+00:00,2026-01-14T19:00:00+03:00,2026-01,,2910.2977449652794,near_term_anchor:spot_to_next_linear,True,True,True,1.1033930707728536,3211.202365680551
2026-01-14T17:00:00+00:00,2026-01-14T20:00:00+03:00,2026-01,,2910.275208052636,near_term_anchor:spot_to_next_linear,True,True,True,1.0536426922681517,3066.390205453835
2026-01-14T18:00:00+00:00,2026-01-14T21:00:00+03:00,2026-01,,2910.2526711399914,near_term_anchor:spot_to_next_linear,True,True,True,1.067110468014292,3105.5610899400394
2026-01-14T19:00:00+00:00,2026-01-14T22:00:00+03:00,2026-01,,2910.2301342273454,near_term_anchor:spot_to_next_linear,True,True,True,0.9642990677006347,2806.332205229722
2026-01-14T20:00:00+00:00,2026-01-14T23:00:00+03:00,2026-01,,2910.207597314696,near_term_anchor:spot_to_next_linear,True,True,True,0.9268318647369039,2697.2731341906847
2026-01-14T21:00:00+00:00,2026-01-15T00:00:00+03:00,2026-01,,2910.185060402043,near_term_anchor:spot_to_next_linear,True,True,True,0.9712459054644745,2826.505324059369
2026-01-14T22:00:00+00:00,2026-01-15T01:00:00+03:00,2026-01,,2910.162523489387,near_term_anchor:spot_to_next_linear,True,True,True,0.9121454263503305,2654.4914357369803
2026-01-14T23:00:00+00:00,2026-01-15T02:00:00+03:00,2026-01,,2910.1399865767253,near_term_anchor:spot_to_next_linear,True,True,True,0.8300122508689639,2415.451840602324
2026-01-15T00:00:00+00:00,2026-01-15T03:00:00+03:00,2026-01,,2910.117449664056,near_term_anchor:spot_to_next_linear,True,True,True,0.7995396646976274,2326.7543299351137
2026-01-15T01:00:00+00:00,2026-01-15T04:00:00+03:00,2026-01,,2910.0949127513777,near_term_anchor:spot_to_next_linear,True,True,True,0.789406853114725,2297.2488673402354
2026-01-15T02:00:00+00:00,2026-01-15T05:00:00+03:00,2026-01,,2910.07237583869,near_term_anchor:spot_to_next_linear,True,True,True,0.8341667118965107,2427.485505134227
2026-01-15T03:00:00+00:00,2026-01-15T06:00:00+03:00,2026-01,,2910.0498389259924,near_term_anchor:spot_to_next_linear,True,True,True,0.9576290627526305,2786.7482998141413
2026-01-15T04:00:00+00:00,2026-01-15T07:00:00+03:00,2026-01,,2910.027302013284,near_term_anchor:spot_to_next_linear,True,True,True,1.0428792008917667,3034.8069472968373
2026-01-15T05:00:00+00:00,2026-01-15T08:00:00+03:00,2026-01,,2910.0047651005625,near_term_anchor:spot_to_next_linear,True,True,True,1.1696460906851038,3403.675697374897
2026-01-15T06:00:00+00:00,2026-01-15T09:00:00+03:00,2026-01,,2909.982228187829,near_term_anchor:spot_to_next_linear,True,True,True,1.2070028457199171,3512.356830417095
2026-01-15T07:00:00+00:00,2026-01-15T10:00:00+03:00,2026-01,,2909.9596912750826,near_term_anchor:spot_to_next_linear,True,True,True,1.1798474129028236,3433.308413402405
2026-01-15T08:00:00+00:00,2026-01-15T11:00:00+03:00,2026-01,,2909.937154362323,near_term_anchor:spot_to_next_linear,True,True,True,1.0899759371877393,3171.7614769834963
2026-01-15T09:00:00+00:00,2026-01-15T12:00:00+03:00,2026-01,,2909.914617449551,near_term_anchor:spot_to_next_linear,True,True,True,0.9512060645419983,2767.928431417422
2026-01-15T10:00:00+00:00,2026-01-15T13:00:00+03:00,2026-01,,2909.8920805367675,near_term_anchor:spot_to_next_linear,True,True,True,0.9585522767566086,2789.283678914543
2026-01-15T11:00:00+00:00,2026-01-15T14:00:00+03:00,2026-01,,2909.8695436239736,near_term_anchor:spot_to_next_linear,True,True,True,1.0092092839951072,2936.6673586399197
2026-01-15T12:00:00+00:00,2026-01-15T15:00:00+03:00,2026-01,,2909.8470067111693,near_term_anchor:spot_to_next_linear,True,True,True,1.0863058243415316,3160.983751333115
2026-01-15T13:00:00+00:00,2026-01-15T16:00:00+03:00,2026-01,,2909.8244697983537,near_term_anchor:spot_to_next_linear,True,True,True,1.1463531646046696,3335.6864893974475
2026-01-15T14:00:00+00:00,2026-01-15T17:00:00+03:00,2026-01,,2909.8019328855275,near_term_anchor:spot_to_next_linear,True,True,True,1.1627778659734955,3383.4532819261863
2026-01-15T15:00:00+00:00,2026-01-15T18:00:00+03:00,2026-01,,2909.779395972693,near_term_anchor:spot_to_next_linear,True,True,True,1.163928581461056,3386.7754047191047
2026-01-15T16:00:00+00:00,2026-01-15T19:00:00+03:00,2026-01,,2909.756859059853,near_term_anchor:spot_to_next_linear,True,True,True,1.1035016714727863,3210.9215575519524
2026-01-15T17:00:00+00:00,2026-01-15T20:00:00+03:00,2026-01,,2909.734322147009,near_term_anchor:spot_to_next_linear,True,True,True,1.0538360092253078,3066.38280595731
2026-01-15T18:00:00+00:00,2026-01-15T21:00:00+03:00,2026-01,,2909.7117852341617,near_term_anchor:spot_to_next_linear,True,True,True,1.0670649843930173,3104.8515606990695
2026-01-15T19:00:00+00:00,2026-01-15T22:00:00+03:00,2026-01,,2909.6892483213123,near_term_anchor:spot_to_next_linear,True,True,True,0.9640578086966464,2805.1086407248363
2026-01-15T20:00:00+00:00,2026-01-15T23:00:00+03:00,2026-01,,2909.6667114084635,near_term_anchor:spot_to_next_linear,True,True,True,0.9270005623091948,2697.2626776079915
2026-01-15T21:00:00+00:00,2026-01-16T00:00:00+03:00,2026-01,,2909.644174495617,near_term_anchor:spot_to_next_linear,True,True,True,0.9716736123195832,2827.2244655967875
2026-01-15T22:00:00+00:00,2026-01-16T01:00:00+03:00,2026-01,,2909.6216375827744,near_term_anchor:spot_to_next_linear,True,True,True,0.9126984985735844,2655.607300039012
2026-01-15T23:00:00+00:00,2026-01-16T02:00:00+03:00,2026-01,,2909.5991006699373,near_term_anchor:spot_to_next_linear,True,True,True,0.8308464852715036,2417.4301863407454
2026-01-16T00:00:00+00:00,2026-01-16T03:00:00+03:00,2026-01,,2909.5765637571058,near_term_anchor:spot_to_next_linear,True,True,True,0.7998774818368533,2327.304775029558
2026-01-16T01:00:00+00:00,2026-01-16T04:00:00+03:00,2026-01,,2909.55402684428,near_term_anchor:spot_to_next_linear,True,True,True,0.7898892852650282,2298.225550704013
2026-01-16T02:00:00+00:00,2026-01-16T05:00:00+03:00,2026-01,,2909.5314899314594,near_term_anchor:spot_to_next_linear,True,True,True,0.835516653115544,2430.9620126018153
2026-01-16T03:00:00+00:00,2026-01-16T06:00:00+03:00,2026-01,,2909.508953018644,near_term_anchor:spot_to_next_linear,True,True,True,0.9576963425196567,2786.426082834151
2026-01-16T04:00:00+00:00,2026-01-16T07:00:00+03:00,2026-01,,2909.486416105833,near_term_anchor:spot_to_next_linear,True,True,True,1.0423162524323542,3032.6049777382727
2026-01-16T05:00:00+00:00,2026-01-16T08:00:00+03:00,2026-01,,2909.4638791930283,near_term_anchor:spot_to_next_linear,True,True,True,1.1700782861356256,3404.3005093396873
2026-01-16T06:00:00+00:00,2026-01-16T09:00:00+03:00,2026-01,,2909.441342280229,near_term_anchor:spot_to_next_linear,True,True,True,1.2068583776155997,3511.2836581120696
2026-01-16T07:00:00+00:00,2026-01-16T10:00:00+03:00,2026-01,,2909.418805367436,near_term_anchor:spot_to_next_linear,True,True,True,1.1798974383344292,3432.815795495053
2026-01-16T08:00:00+00:00,2026-01-16T11:00:00+03:00,2026-01,,2909.3962684546486,near_term_anchor:spot_to_next_linear,True,True,True,1.0900718214990837,3171.4508898169956
2026-01-16T09:00:00+00:00,2026-01-16T12:00:00+03:00,2026-01,,2909.3737315418666,near_term_anchor:spot_to_next_linear,True,True,True,0.9528563072307259,2772.2151101910604
2026-01-16T10:00:00+00:00,2026-01-16T13:00:00+03:00,2026-01,,2909.3511946290905,near_term_anchor:spot_to_next_linear,True,True,True,0.9577915036857271,2786.551855453663
2026-01-16T11:00:00+00:00,2026-01-16T14:00:00+03:00,2026-01,,2909.328657716321,near_term_anchor:spot_to_next_linear,True,True,True,1.0074608785621093,2931.034805528807
2026-01-16T12:00:00+00:00,2026-01-16T15:00:00+03:00,2026-01,,2909.3061208035574,near_term_anchor:spot_to_next_linear,True,True,True,1.0843895896807478,3154.8212705938577
2026-01-16T13:00:00+00:00,2026-01-16T16:00:00+03:00,2026-01,,2909.283583890801,near_term_anchor:spot_to_next_linear,True,True,True,1.1445214651996076,3329.737510115865
2026-01-16T14:00:00+00:00,2026-01-16T17:00:00+03:00,2026-01,,2909.2610469780498,near_term_anchor:spot_to_next_linear,True,True,True,1.1628314765143697,3382.9803188232268
2026-01-16T15:00:00+00:00,2026-01-16T18:00:00+03:00,2026-01,,2909.238510065304,near_term_anchor:spot_to_next_linear,True,True,True,1.1646953517025482,3388.3765696671067
2026-01-16T16:00:00+00:00,2026-01-16T19:00:00+03:00,2026-01,,2909.215973152561,near_term_anchor:spot_to_next_linear,True,True,True,1.1037201421124723,3210.960267323819
2026-01-16T17:00:00+00:00,2026-01-16T20:00:00+03:00,2026-01,,2909.193436239822,near_term_anchor:spot_to_next_linear,True,True,True,1.054164373269237,3066.76807543273
2026-01-16T18:00:00+00:00,2026-01-16T21:00:00+03:00,2026-01,,2909.170899327084,near_term_anchor:spot_to_next_linear,True,True,True,1.0671304059498217,3104.464722776319
2026-01-16T19:00:00+00:00,2026-01-16T22:00:00+03:00,2026-01,,2909.1483624143484,near_term_anchor:spot_to_next_linear,True,True,True,0.9639024957904597,2804.135367155919
2026-01-16T20:00:00+00:00,2026-01-16T23:00:00+03:00,2026-01,,2909.1258255016155,near_term_anchor:spot_to_next_linear,True,True,True,0.9272427679819026,2697.4658828457555
2026-01-16T21:00:00+00:00,2026-01-17T00:00:00+03:00,2026-01,,2909.103288588881,near_term_anchor:spot_to_next_linear,True,True,True,0.981349480310182,2854.8470004253395
2026-01-16T22:00:00+00:00,2026-01-17T01:00:00+03:00,2026-01,,2909.0807516761406,near_term_anchor:spot_to_next_linear,True,True,True,0.931146940998803,2708.781643041737
2026-01-16T23:00:00+00:00,2026-01-17T02:00:00+03:00,2026-01,,2909.058214763394,near_term_anchor:spot_to_next_linear,True,True,True,0.9093886279123281,2645.4644584407697
2026-01-17T00:00:00+00:00,2026-01-17T03:00:00+03:00,2026-01,,2909.0356778506407,near_term_anchor:spot_to_next_linear,True,True,True,0.8614808440016491,2506.0785109856793
2026-01-17T01:00:00+00:00,2026-01-17T04:00:00+03:00,2026-01,,2909.01314093788,near_term_anchor:spot_to_next_linear,True,True,True,0.8550727403336024,2487.417838088213
2026-01-17T02:00:00+00:00,2026-01-17T05:00:00+03:00,2026-01,,2908.990604025114,near_term_anchor:spot_to_next_linear,True,True,True,0.8713712169536002,2534.810682735952
2026-01-17T03:00:00+00:00,2026-01-17T06:00:00+03:00,2026-01,,2908.9680671123424,near_term_anchor:spot_to_next_linear,True,True,True,0.9809776883705369,2853.6327700195743
2026-01-17T04:00:00+00:00,2026-01-17T07:00:00+03:00,2026-01,,2908.945530199564,near_term_anchor:spot_to_next_linear,True,True,True,1.0849382853425225,3156.0263756895097
2026-01-17T05:00:00+00:00,2026-01-17T08:00:00+03:00,2026-01,,2908.922993286776,near_term_anchor:spot_to_next_linear,True,True,True,1.2046265515334091,3504.1658740792914
2026-01-17T06:00:00+00:00,2026-01-17T09:00:00+03:00,2026-01,,2908.9004563739804,near_term_anchor:spot_to_next_linear,True,True,True,1.1627075922409484,3382.2006456991867
2026-01-17T07:00:00+00:00,2026-01-17T10:00:00+03:00,2026-01,,2908.877919461176,near_term_anchor:spot_to_next_linear,True,True,True,1.0566465078394711,3073.6556953299983
2026-01-17T08:00:00+00:00,2026-01-17T11:00:00+03:00,2026-01,,2908.8553825483614,near_term_anchor:spot_to_next_linear,True,True,True,1.0366016316959616,3015.3242359172123
2026-01-17T09:00:00+00:00,2026-01-17T12:00:00+03:00,2026-01,,2908.832845635537,near_term_anchor:spot_to_next_linear,True,True,True,0.8886958052067471,2585.067547963907
2026-01-17T10:00:00+00:00,2026-01-17T13:00:00+03:00,2026-01,,2908.810308722702,near_term_anchor:spot_to_next_linear,True,True,True,0.8812457579499187,2563.376745242874
2026-01-17T11:00:00+00:00,2026-01-17T14:00:00+03:00,2026-01,,2908.787771809856,near_term_anchor:spot_to_next_linear,True,True,True,0.9163681549106389,2665.5204834800265
2026-01-17T12:00:00+00:00,2026-01-17T15:00:00+03:00,2026-01,,2908.7652348970005,near_term_anchor:spot_to_next_linear,True,True,True,0.936977569867918,2725.447781110075
2026-01-17T13:00:00+00:00,2026-01-17T16:00:00+03:00,2026-01,,2908.742697984138,near_term_anchor:spot_to_next_linear,True,True,True,1.014256391056194,2950.2108713684484
2026-01-17T14:00:00+00:00,2026-01-17T17:00:00+03:00,2026-01,,2908.720161071271,near_term_anchor:spot_to_next_linear,True,True,True,1.157481782616666,3366.79059716981
2026-01-17T15:00:00+00:00,2026-01-17T18:00:00+03:00,2026-01,,2908.697624158402,near_term_anchor:spot_to_next_linear,True,True,True,1.1811109722134396,3435.4946787446524
2026-01-17T16:00:00+00:00,2026-01-17T19:00:00+03:00,2026-01,,2908.6750872455327,near_term_anchor:spot_to_next_linear,True,True,True,1.1326132713864316,3294.404005965377
2026-01-17T17:00:00+00:00,2026-01-17T20:00:00+03:00,2026-01,,2908.652550332663,near_term_anchor:spot_to_next_linear,True,True,True,1.0735472158147776,3122.5758471821828
2026-01-17T18:00:00+00:00,2026-01-17T21:00:00+03:00,2026-01,,2908.630013419794,near_term_anchor:spot_to_next_linear,True,True,True,1.102926641119375,3208.005530960096
2026-01-17T19:00:00+00:00,2026-01-17T22:00:00+03:00,2026-01,,2908.6074765069266,near_term_anchor:spot_to_next_linear,True,True,True,0.9536536516837959,2773.804141285621
2026-01-17T20:00:00+00:00,2026-01-17T23:00:00+03:00,2026-01,,2908.584939594063,near_term_anchor:spot_to_next_linear,True,True,True,0.8951570020188793,2603.640174644285
2026-01-17T21:00:00+00:00,2026-01-18T00:00:00+03:00,2026-01,,2908.5624026812075,near_term_anchor:spot_to_next_linear,True,True,True,0.9776326358147498,2843.5055281649106
2026-01-17T22:00:00+00:00,2026-01-18T01:00:00+03:00,2026-01,,2908.5398657683622,near_term_anchor:spot_to_next_linear,True,True,True,0.9118397902030516,2652.1223809994353
2026-01-17T23:00:00+00:00,2026-01-18T02:00:00+03:00,2026-01,,2908.517328855529,near_term_anchor:spot_to_next_linear,True,True,True,0.84688340851697,2463.1750691918432
2026-01-18T00:00:00+00:00,2026-01-18T03:00:00+03:00,2026-01,,2908.494791942708,near_term_anchor:spot_to_next_linear,True,True,True,0.8488469664098252,2468.8669809593434
2026-01-18T01:00:00+00:00,2026-01-18T04:00:00+03:00,2026-01,,2908.472255029899,near_term_anchor:spot_to_next_linear,True,True,True,0.8338540480579717,2425.2413635209787
2026-01-18T02:00:00+00:00,2026-01-18T05:00:00+03:00,2026-01,,2908.4497181171023,near_term_anchor:spot_to_next_linear,True,True,True,0.8638087115904802,2512.3442037324294
2026-01-18T03:00:00+00:00,2026-01-18T06:00:00+03:00,2026-01,,2908.42718120432,near_term_anchor:spot_to_next_linear,True,True,True,1.0410720625630043,3027.882284350686
2026-01-18T04:00:00+00:00,2026-01-18T07:00:00+03:00,2026-01,,2908.4046442915496,near_term_anchor:spot_to_next_linear,True,True,True,1.1323163041205524,3293.2339977112574
2026-01-18T05:00:00+00:00,2026-01-18T08:00:00+03:00,2026-01,,2908.382107378794,near_term_anchor:spot_to_next_linear,True,True,True,1.024598839631749,2979.9249324260527
2026-01-18T06:00:00+00:00,2026-01-18T09:00:00+03:00,2026-01,,2908.359570466049,near_term_anchor:spot_to_next_linear,True,True,True,0.8980450327337293,2611.8378656606374
2026-01-18T07:00:00+00:00,2026-01-18T10:00:00+03:00,2026-01,,2908.337033553309,near_term_anchor:spot_to_next_linear,True,True,True,0.8232266729308874,2394.220619893777
2026-01-18T08:00:00+00:00,2026-01-18T11:00:00+03:00,2026-01,,2908.3144966405744,near_term_anchor:spot_to_next_linear,True,True,True,0.7500251944582822,2181.309145888688
2026-01-18T09:00:00+00:00,2026-01-18T12:00:00+03:00,2026-01,,2908.291959727844,near_term_anchor:spot_to_next_linear,True,True,True,0.6861831023748174,1995.6207995377897
2026-01-18T10:00:00+00:00,2026-01-18T13:00:00+03:00,2026-01,,2908.2694228151163,near_term_anchor:spot_to_next_linear,True,True,True,0.8055499554527473,2342.7563039933043
2026-01-18T11:00:00+00:00,2026-01-18T14:00:00+03:00,2026-01,,2908.246885902391,near_term_anchor:spot_to_next_linear,True,True,True,0.8057670061743513,2343.3693864694496
2026-01-18T12:00:00+00:00,2026-01-18T15:00:00+03:00,2026-01,,2908.2243489896664,near_term_anchor:spot_to_next_linear,True,True,True,0.8216688510710306,2389.597359491135
2026-01-18T13:00:00+00:00,2026-01-18T16:00:00+03:00,2026-01,,2908.2018120769408,near_term_anchor:spot_to_next_linear,True,True,True,1.0554901876061689,3069.5784762256903
2026-01-18T14:00:00+00:00,2026-01-18T17:00:00+03:00,2026-01,,2908.179275164214,near_term_anchor:spot_to_next_linear,True,True,True,1.1473779749687367,3336.7808475839643
2026-01-18T15:00:00+00:00,2026-01-18T18:00:00+03:00,2026-01,,2908.1567382514854,near_term_anchor:spot_to_next_linear,True,True,True,1.1596699938875223,3372.502106872057
2026-01-18T16:00:00+00:00,2026-01-18T19:00:00+03:00,2026-01,,2908.1342013387552,near_term_anchor:spot_to_next_linear,True,True,True,1.124785750280928,3271.027909570439
2026-01-18T17:00:00+00:00,2026-01-18T20:00:00+03:00,2026-01,,2908.111664426024,near_term_anchor:spot_to_next_linear,True,True,True,1.0567331384503797,3073.09796611307
2026-01-18T18:00:00+00:00,2026-01-18T21:00:00+03:00,2026-01,,2908.08912751329,near_term_anchor:spot_to_next_linear,True,True,True,1.0625003910434525,3089.8458351720833
2026-01-18T19:00:00+00:00,2026-01-18T22:00:00+03:00,2026-01,,2908.0665906005534,near_term_anchor:spot_to_next_linear,True,True,True,0.8760939979521037,2547.7396856701826
2026-01-18T20:00:00+00:00,2026-01-18T23:00:00+03:00,2026-01,,2908.044053687814,near_term_anchor:spot_to_next_linear,True,True,True,0.8426198841454626,2450.3757436083274
2026-01-18T21:00:00+00:00,2026-01-19T00:00:00+03:00,2026-01,,2908.0215167750725,near_term_anchor:spot_to_next_linear,True,True,True,0.9734816061240679,2830.9054567935455
2026-01-18T22:00:00+00:00,2026-01-19T01:00:00+03:00,2026-01,,2907.9989798623296,near_term_anchor:spot_to_next_linear,True,True,True,0.9147851218475438,2660.1942011258943
2026-01-18T23:00:00+00:00,2026-01-19T02:00:00+03:00,2026-01,,2907.976442949588,near_term_anchor:spot_to_next_linear,True,True,True,0.8336559270488041,2424.2517973832228
2026-01-19T00:00:00+00:00,2026-01-19T03:00:00+03:00,2026-01,,2907.9539060368493,near_term_anchor:spot_to_next_linear,True,True,True,0.80109101495716,2329.5357460356972
2026-01-19T01:00:00+00:00,2026-01-19T04:00:00+03:00,2026-01,,2907.9313691241136,near_term_anchor:spot_to_next_linear,True,True,True,0.7916424252180767,2302.0418414211354
2026-01-19T02:00:00+00:00,2026-01-19T05:00:00+03:00,2026-01,,2907.9088322113817,near_term_anchor:spot_to_next_linear,True,True,True,0.8399872983559434,2442.6064838346247
2026-01-19T03:00:00+00:00,2026-01-19T06:00:00+03:00,2026-01,,2907.886295298653,near_term_anchor:spot_to_next_linear,True,True,True,0.958313532180241,2786.666786826167
2026-01-19T04:00:00+00:00,2026-01-19T07:00:00+03:00,2026-01,,2907.863758385928,near_term_anchor:spot_to_next_linear,True,True,True,1.0407598212347131,3026.3877653526397
2026-01-19T05:00:00+00:00,2026-01-19T08:00:00+03:00,2026-01,,2907.841221473208,near_term_anchor:spot_to_next_linear,True,True,True,1.1717089903736229,3407.1437017791745
2026-01-19T06:00:00+00:00,2026-01-19T09:00:00+03:00,2026-01,,2907.818684560495,near_term_anchor:spot_to_next_linear,True,True,True,1.2062663609449373,3507.603862912483
2026-01-19T07:00:00+00:00,2026-01-19T10:00:00+03:00,2026-01,,2907.796147647789,near_term_anchor:spot_to_next_linear,True,True,True,1.1792591793386245,3429.045298759145
2026-01-19T08:00:00+00:00,2026-01-19T11:00:00+03:00,2026-01,,2907.77361073509,near_term_anchor:spot_to_next_linear,True,True,True,1.0897771082262444,3168.8251168834718
2026-01-19T09:00:00+00:00,2026-01-19T12:00:00+03:00,2026-01,,2907.7510738223973,near_term_anchor:spot_to_next_linear,True,True,True,0.9564188586770833,2781.0279633422806
2026-01-19T10:00:00+00:00,2026-01-19T13:00:00+03:00,2026-01,,2907.728536909712,near_term_anchor:spot_to_next_linear,True,True,True,0.9545933332658647,2775.698276280918
2026-01-19T11:00:00+00:00,2026-01-19T14:00:00+03:00,2026-01,,2907.7059999970343,near_term_anchor:spot_to_next_linear,True,True,True,1.0019056766008911,2913.2471472834995
2026-01-19T12:00:00+00:00,2026-01-19T15:00:00+03:00,2026-01,,2907.683463084365,near_term_anchor:spot_to_next_linear,True,True,True,1.0781897059531758,3135.034378067843
2026-01-19T13:00:00+00:00,2026-01-19T16:00:00+03:00,2026-01,,2907.660926171705,near_term_anchor:spot_to_next_linear,True,True,True,1.1389932263753826,3311.806099505943
2026-01-19T14:00:00+00:00,2026-01-19T17:00:00+03:00,2026-01,,2907.638389259054,near_term_anchor:spot_to_next_linear,True,True,True,1.1633457937374028,3382.5888898539174
2026-01-19T15:00:00+00:00,2026-01-19T18:00:00+03:00,2026-01,,2907.615852346411,near_term_anchor:spot_to_next_linear,True,True,True,1.1674473710937603,3394.4884829723605
2026-01-19T16:00:00+00:00,2026-01-19T19:00:00+03:00,2026-01,,2907.593315433775,near_term_anchor:spot_to_next_linear,True,True,True,1.1050432968904087,3213.0165033034527
2026-01-19T17:00:00+00:00,2026-01-19T20:00:00+03:00,2026-01,,2907.570778521146,near_term_anchor:spot_to_next_linear,True,True,True,1.0559689371019467,3070.3044245436545
2026-01-19T18:00:00+00:00,2026-01-19T21:00:00+03:00,2026-01,,2907.548241608525,near_term_anchor:spot_to_next_linear,True,True,True,1.0680048497542174,3105.2756229322517
2026-01-19T19:00:00+00:00,2026-01-19T22:00:00+03:00,2026-01,,2907.5257046959123,near_term_anchor:spot_to_next_linear,True,True,True,0.9639633429165971,2802.7481979146064
2026-01-19T20:00:00+00:00,2026-01-19T23:00:00+03:00,2026-01,,2907.5031677833063,near_term_anchor:spot_to_next_linear,True,True,True,0.9284158855993845,2699.372128400554
2026-01-19T21:00:00+00:00,2026-01-20T00:00:00+03:00,2026-01,,2907.4806308707084,near_term_anchor:spot_to_next_linear,True,True,True,0.974259743540853,2832.6413337820936
2026-01-19T22:00:00+00:00,2026-01-20T01:00:00+03:00,2026-01,,2907.45809395812,near_term_anchor:spot_to_next_linear,True,True,True,0.9156232190854532,2662.13613934599
2026-01-19T23:00:00+00:00,2026-01-20T02:00:00+03:00,2026-01,,2907.43555704554,near_term_anchor:spot_to_next_linear,True,True,True,0.8346937836108909,2426.81838571518
2026-01-20T00:00:00+00:00,2026-01-20T03:00:00+03:00,2026-01,,2907.413020132969,near_term_anchor:spot_to_next_linear,True,True,True,0.8015634355219731,2330.475968899098
2026-01-20T01:00:00+00:00,2026-01-20T04:00:00+03:00,2026-01,,2907.3904832204084,near_term_anchor:spot_to_next_linear,True,True,True,0.7923308431043297,2303.6151528035307
2026-01-20T02:00:00+00:00,2026-01-20T05:00:00+03:00,2026-01,,2907.36794630786,near_term_anchor:spot_to_next_linear,True,True,True,0.8416155211609592,2446.8859893385575
2026-01-20T03:00:00+00:00,2026-01-20T06:00:00+03:00,2026-01,,2907.345409395324,near_term_anchor:spot_to_next_linear,True,True,True,0.958655327479271,2787.1421655392296
2026-01-20T04:00:00+00:00,2026-01-20T07:00:00+03:00,2026-01,,2907.3228724828023,near_term_anchor:spot_to_next_linear,True,True,True,1.0402814617662297,3024.4340876128035
2026-01-20T05:00:00+00:00,2026-01-20T08:00:00+03:00,2026-01,,2907.300335570296,near_term_anchor:spot_to_next_linear,True,True,True,1.1723634831709697,3408.4127480333213
2026-01-20T06:00:00+00:00,2026-01-20T09:00:00+03:00,2026-01,,2907.2777986578053,near_term_anchor:spot_to_next_linear,True,True,True,1.2060186573199534,3506.231267193396
2026-01-20T07:00:00+00:00,2026-01-20T10:00:00+03:00,2026-01,,2907.255261745332,near_term_anchor:spot_to_next_linear,True,True,True,1.1787843321715425,3427.0269521686746
2026-01-20T08:00:00+00:00,2026-01-20T11:00:00+03:00,2026-01,,2907.232724832877,near_term_anchor:spot_to_next_linear,True,True,True,1.0894853734329595,3167.387530871067
2026-01-20T09:00:00+00:00,2026-01-20T12:00:00+03:00,2026-01,,2907.2101879204406,near_term_anchor:spot_to_next_linear,True,True,True,0.9571400565909703,2782.607323788016
2026-01-20T10:00:00+00:00,2026-01-20T13:00:00+03:00,2026-01,,2907.187651008024,near_term_anchor:spot_to_next_linear,True,True,True,0.9532231871044601,2771.198678204598
2026-01-20T11:00:00+00:00,2026-01-20T14:00:00+03:00,2026-01,,2907.165114095627,near_term_anchor:spot_to_next_linear,True,True,True,0.9999557265639665,2907.036403906909
2026-01-20T12:00:00+00:00,2026-01-20T15:00:00+03:00,2026-01,,2907.1425771832464,near_term_anchor:spot_to_next_linear,True,True,True,1.0759774556658088,3128.019873455372
2026-01-20T13:00:00+00:00,2026-01-20T16:00:00+03:00,2026-01,,2907.1200402708805,near_term_anchor:spot_to_next_linear,True,True,True,1.1371441651157097,3305.814591084979
2026-01-20T14:00:00+00:00,2026-01-20T17:00:00+03:00,2026-01,,2907.097503358528,near_term_anchor:spot_to_next_linear,True,True,True,1.163635408907561,3382.80159205475
2026-01-20T15:00:00+00:00,2026-01-20T18:00:00+03:00,2026-01,,2907.074966446187,near_term_anchor:spot_to_next_linear,True,True,True,1.1685138908672217,3396.9574800847317
2026-01-20T16:00:00+00:00,2026-01-20T19:00:00+03:00,2026-01,,2907.0524295338546,near_term_anchor:spot_to_next_linear,True,True,True,1.1057091798781313,3214.3545577226078
2026-01-20T17:00:00+00:00,2026-01-20T20:00:00+03:00,2026-01,,2907.0298926215296,near_term_anchor:spot_to_next_linear,True,True,True,1.0568459756502695,3072.282843112099
2026-01-20T18:00:00+00:00,2026-01-20T21:00:00+03:00,2026-01,,2907.007355709211,near_term_anchor:spot_to_next_linear,True,True,True,1.0685260712313296,3106.2131488365394
2026-01-20T19:00:00+00:00,2026-01-20T22:00:00+03:00,2026-01,,2906.984818796896,near_term_anchor:spot_to_next_linear,True,True,True,0.9641625466953684,2802.805886095989
2026-01-20T20:00:00+00:00,2026-01-20T23:00:00+03:00,2026-01,,2906.9622818845805,near_term_anchor:spot_to_next_linear,True,True,True,0.9289572640906545,2700.443728194226
2026-01-20T21:00:00+00:00,2026-01-21T00:00:00+03:00,2026-01,,2906.9397449722587,near_term_anchor:spot_to_next_linear,True,True,True,0.9751256813668315,2834.6315995083974
2026-01-20T22:00:00+00:00,2026-01-21T01:00:00+03:00,2026-01,,2906.9172080599237,near_term_anchor:spot_to_next_linear,True,True,True,0.916532503805209,2664.2841070576096
2026-01-20T23:00:00+00:00,2026-01-21T02:00:00+03:00,2026-01,,2906.894671147566,near_term_anchor:spot_to_next_linear,True,True,True,0.8357818327595216,2429.5297558905995
2026-01-21T00:00:00+00:00,2026-01-21T03:00:00+03:00,2026-01,,2906.87213423518,near_term_anchor:spot_to_next_linear,True,True,True,0.8020704155901459,2331.5161407734254
2026-01-21T01:00:00+00:00,2026-01-21T04:00:00+03:00,2026-01,,2906.8495973227564,near_term_anchor:spot_to_next_linear,True,True,True,0.7930722664518264,2305.3417983833374
2026-01-21T02:00:00+00:00,2026-01-21T05:00:00+03:00,2026-01,,2906.827060410285,near_term_anchor:spot_to_next_linear,True,True,True,0.8433114746754684,2451.3606149411544
2026-01-21T03:00:00+00:00,2026-01-21T06:00:00+03:00,2026-01,,2906.804523497756,near_term_anchor:spot_to_next_linear,True,True,True,0.9590637494236788,2787.8108451474677
2026-01-21T04:00:00+00:00,2026-01-21T07:00:00+03:00,2026-01,,2906.781986585157,near_term_anchor:spot_to_next_linear,True,True,True,1.0398213320541194,3022.5339172818976
2026-01-21T05:00:00+00:00,2026-01-21T08:00:00+03:00,2026-01,,2906.759449672478,near_term_anchor:spot_to_next_linear,True,True,True,1.1730730296908776,3409.8411142098817
2026-01-21T06:00:00+00:00,2026-01-21T09:00:00+03:00,2026-01,,2906.736912759704,near_term_anchor:spot_to_next_linear,True,True,True,1.2057470657277833,3504.7895034026487
2026-01-21T07:00:00+00:00,2026-01-21T10:00:00+03:00,2026-01,,2906.7143758468237,near_term_anchor:spot_to_next_linear,True,True,True,1.1781791118811695,3424.6301618274388
2026-01-21T08:00:00+00:00,2026-01-21T11:00:00+03:00,2026-01,,2906.6918389338234,near_term_anchor:spot_to_next_linear,True,True,True,1.089097461955604,3165.670704469894
2026-01-21T09:00:00+00:00,2026-01-21T12:00:00+03:00,2026-01,,2906.669302020689,near_term_anchor:spot_to_next_linear,True,True,True,0.9576269357538378,2783.504816943819
2026-01-21T10:00:00+00:00,2026-01-21T13:00:00+03:00,2026-01,,2906.6467651074013,near_term_anchor:spot_to_next_linear,True,True,True,0.9517020416399445,2766.2616606788542
2026-01-21T11:00:00+00:00,2026-01-21T14:00:00+03:00,2026-01,,2906.6242281939417,near_term_anchor:spot_to_next_linear,True,True,True,0.9979593910292478,2900.6929447192833
2026-01-21T12:00:00+00:00,2026-01-21T15:00:00+03:00,2026-01,,2906.601691280292,near_term_anchor:spot_to_next_linear,True,True,True,1.073694988170405,3120.803668535272
2026-01-21T13:00:00+00:00,2026-01-21T16:00:00+03:00,2026-01,,2906.5791543664304,near_term_anchor:spot_to_next_linear,True,True,True,1.135294312298472,3299.822782197511
2026-01-21T14:00:00+00:00,2026-01-21T17:00:00+03:00,2026-01,,2906.556617452336,near_term_anchor:spot_to_next_linear,True,True,True,1.1639841037227874,3383.185699284794
2026-01-21T15:00:00+00:00,2026-01-21T18:00:00+03:00,2026-01,,2906.5340805379838,near_term_anchor:spot_to_next_linear,True,True,True,1.1696540771748367,3399.6394377488677
2026-01-21T16:00:00+00:00,2026-01-21T19:00:00+03:00,2026-01,,2906.511543623349,near_term_anchor:spot_to_next_linear,True,True,True,1.1064883044320921,3216.0210297161025
2026-01-21T17:00:00+00:00,2026-01-21T20:00:00+03:00,2026-01,,2906.4890067084098,near_term_anchor:spot_to_next_linear,True,True,True,1.0578615969373713,3074.663102117472
2026-01-21T18:00:00+00:00,2026-01-21T21:00:00+03:00,2026-01,,2906.4664697931435,near_term_anchor:spot_to_next_linear,True,True,True,1.069163712558094,3107.4884812696546
2026-01-21T19:00:00+00:00,2026-01-21T22:00:00+03:00,2026-01,,2906.4439328775275,near_term_anchor:spot_to_next_linear,True,True,True,0.9644526805627441,2803.1276419690557
2026-01-21T20:00:00+00:00,2026-01-21T23:00:00+03:00,2026-01,,2906.421395961538,near_term_anchor:spot_to_next_linear,True,True,True,0.9295744064923054,2701.7349441674846
2026-01-21T21:00:00+00:00,2026-01-22T00:00:00+03:00,2026-01,,2906.398859045152,near_term_anchor:spot_to_next_linear,True,True,True,0.9760793411944082,2836.8758835849717
2026-01-21T22:00:00+00:00,2026-01-22T01:00:00+03:00,2026-01,,2906.376322128348,near_term_anchor:spot_to_next_linear,True,True,True,0.9175128406730464,2666.6375953808615
2026-01-21T23:00:00+00:00,2026-01-22T02:00:00+03:00,2026-01,,2906.353785211105,near_term_anchor:spot_to_next_linear,True,True,True,0.8369197412553111,2432.384857915272
2026-01-22T00:00:00+00:00,2026-01-22T03:00:00+03:00,2026-01,,2906.3312482934043,near_term_anchor:spot_to_next_linear,True,True,True,0.802612314704832,2332.657250491753
2026-01-22T01:00:00+00:00,2026-01-22T04:00:00+03:00,2026-01,,2906.308711375229,near_term_anchor:spot_to_next_linear,True,True,True,0.7938672497204186,2307.223303537947
2026-01-22T02:00:00+00:00,2026-01-22T05:00:00+03:00,2026-01,,2906.2861744565644,near_term_anchor:spot_to_next_linear,True,True,True,0.8450743121374067,2456.0277897533365
2026-01-22T03:00:00+00:00,2026-01-22T06:00:00+03:00,2026-01,,2906.2636375373995,near_term_anchor:spot_to_next_linear,True,True,True,0.9595378285118671,2788.6698998456363
2026-01-22T04:00:00+00:00,2026-01-22T07:00:00+03:00,2026-01,,2906.241100617725,near_term_anchor:spot_to_next_linear,True,True,True,1.039378147437267,3020.683491166095
2026-01-22T05:00:00+00:00,2026-01-22T08:00:00+03:00,2026-01,,2906.218563697537,near_term_anchor:spot_to_next_linear,True,True,True,1.1738372742121537,3411.427677075477
2026-01-22T06:00:00+00:00,2026-01-22T09:00:00+03:00,2026-01,,2906.196026776838,near_term_anchor:spot_to_next_linear,True,True,True,1.2054523853986323,3503.280932914167
2026-01-22T07:00:00+00:00,2026-01-22T10:00:00+03:00,2026-01,,2906.1734898556347,near_term_anchor:spot_to_next_linear,True,True,True,1.1774441210394542,3421.856890351231
2026-01-22T08:00:00+00:00,2026-01-22T11:00:00+03:00,2026-01,,2906.150952933939,near_term_anchor:spot_to_next_linear,True,True,True,1.0886138716395324,3163.676240442332
2026-01-22T09:00:00+00:00,2026-01-22T12:00:00+03:00,2026-01,,2906.1284160117725,near_term_anchor:spot_to_next_linear,True,True,True,0.9578791849620941,2783.719918524538
2026-01-22T10:00:00+00:00,2026-01-22T13:00:00+03:00,2026-01,,2906.105879089165,near_term_anchor:spot_to_next_linear,True,True,True,0.9500307920844717,2760.890070192419
2026-01-22T11:00:00+00:00,2026-01-22T14:00:00+03:00,2026-01,,2906.083342166156,near_term_anchor:spot_to_next_linear,True,True,True,0.9959183996472312,2894.2218713715947
2026-01-22T12:00:00+00:00,2026-01-22T15:00:00+03:00,2026-01,,2906.060805242793,near_term_anchor:spot_to_next_linear,True,True,True,1.0713439817820876,3113.3907543896735
2026-01-22T13:00:00+00:00,2026-01-22T16:00:00+03:00,2026-01,,2906.0382683191337,near_term_anchor:spot_to_next_linear,True,True,True,1.133445084427988,3293.8347903859444
2026-01-22T14:00:00+00:00,2026-01-22T17:00:00+03:00,2026-01,,2906.0157313952486,near_term_anchor:spot_to_next_linear,True,True,True,1.16439176362483,3383.740782600814
2026-01-22T15:00:00+00:00,2026-01-22T18:00:00+03:00,2026-01,,2905.9931944712207,near_term_anchor:spot_to_next_linear,True,True,True,1.1708672396717603,3402.5322301154392
2026-01-22T16:00:00+00:00,2026-01-22T19:00:00+03:00,2026-01,,2905.9706575471478,near_term_anchor:spot_to_next_linear,True,True,True,1.1073809844257332,3218.016647466856
2026-01-22T17:00:00+00:00,2026-01-22T20:00:00+03:00,2026-01,,2905.948120623142,near_term_anchor:spot_to_next_linear,True,True,True,1.0590160796885164,3077.445786480532
2026-01-22T18:00:00+00:00,2026-01-22T21:00:00+03:00,2026-01,,2905.925583699335,near_term_anchor:spot_to_next_linear,True,True,True,1.069918526002991,3109.103617185974
2026-01-22T19:00:00+00:00,2026-01-22T22:00:00+03:00,2026-01,,2905.903046775876,near_term_anchor:spot_to_next_linear,True,True,True,0.9648345070643373,2803.7155337127583
2026-01-22T20:00:00+00:00,2026-01-22T23:00:00+03:00,2026-01,,2905.8805098529338,near_term_anchor:spot_to_next_linear,True,True,True,0.9302675726977185,2703.2464084504973
2026-01-22T21:00:00+00:00,2026-01-23T00:00:00+03:00,2026-01,,2905.857972930697,near_term_anchor:spot_to_next_linear,True,True,True,0.9771205664419755,2839.3735885099736
2026-01-22T22:00:00+00:00,2026-01-23T01:00:00+03:00,2026-01,,2905.8354360093776,near_term_anchor:spot_to_next_linear,True,True,True,0.9185640401780607,2669.1959381933507
2026-01-22T23:00:00+00:00,2026-01-23T02:00:00+03:00,2026-01,,2905.812899089205,near_term_anchor:spot_to_next_linear,True,True,True,0.8381071520069786,2435.3825731207958
2026-01-23T00:00:00+00:00,2026-01-23T03:00:00+03:00,2026-01,,2905.7903621704336,near_term_anchor:spot_to_next_linear,True,True,True,0.8031894892189075,2333.900276768895
2026-01-23T01:00:00+00:00,2026-01-23T04:00:00+03:00,2026-01,,2905.767825253342,near_term_anchor:spot_to_next_linear,True,True,True,0.7947163208849662,2309.2611154312453
2026-01-23T02:00:00+00:00,2026-01-23T05:00:00+03:00,2026-01,,2905.7452883382325,near_term_anchor:spot_to_next_linear,True,True,True,0.8469031324331979,2460.884786746655
2026-01-23T03:00:00+00:00,2026-01-23T06:00:00+03:00,2026-01,,2905.722751425433,near_term_anchor:spot_to_next_linear,True,True,True,0.9600765130931628,2789.716167204001
2026-01-23T04:00:00+00:00,2026-01-23T07:00:00+03:00,2026-01,,2905.700214515296,near_term_anchor:spot_to_next_linear,True,True,True,1.038950567947136,3018.8788881547816
2026-01-23T05:00:00+00:00,2026-01-23T08:00:00+03:00,2026-01,,2905.6776776081983,near_term_anchor:spot_to_next_linear,True,True,True,1.1746557876677624,3413.1711010994927
2026-01-23T06:00:00+00:00,2026-01-23T09:00:00+03:00,2026-01,,2905.655140704541,near_term_anchor:spot_to_next_linear,True,True,True,1.2051354291067828,3501.7079548292963
2026-01-23T07:00:00+00:00,2026-01-23T10:00:00+03:00,2026-01,,2905.63260380475,near_term_anchor:spot_to_next_linear,True,True,True,1.1765800934670765,3418.7094805655775
2026-01-23T08:00:00+00:00,2026-01-23T11:00:00+03:00,2026-01,,2905.6100669092743,near_term_anchor:spot_to_next_linear,True,True,True,1.0880352027079383,3161.4060381398585
2026-01-23T09:00:00+00:00,2026-01-23T12:00:00+03:00,2026-01,,2905.5875300185844,near_term_anchor:spot_to_next_linear,True,True,True,0.9578967497410857,2783.2528510930315
2026-01-23T10:00:00+00:00,2026-01-23T13:00:00+03:00,2026-01,,2905.56499313317,near_term_anchor:spot_to_next_linear,True,True,True,0.9482105112987723,2755.087267750617
2026-01-23T11:00:00+00:00,2026-01-23T14:00:00+03:00,2026-01,,2905.5424562535427,near_term_anchor:spot_to_next_linear,True,True,True,0.9938345435904731,2887.6284608934816
2026-01-23T12:00:00+00:00,2026-01-23T15:00:00+03:00,2026-01,,2905.5199193802296,near_term_anchor:spot_to_next_linear,True,True,True,1.0689261937875356,3105.7863483969763
2026-01-23T13:00:00+00:00,2026-01-23T16:00:00+03:00,2026-01,,2905.497382513769,near_term_anchor:spot_to_next_linear,True,True,True,1.1315978939420563,3287.8547189067385
2026-01-23T14:00:00+00:00,2026-01-23T17:00:00+03:00,2026-01,,2905.474845654708,near_term_anchor:spot_to_next_linear,True,True,True,1.164858201069945,3384.4662019633197
2026-01-23T15:00:00+00:00,2026-01-23T18:00:00+03:00,2026-01,,2905.452308803595,near_term_anchor:spot_to_next_linear,True,True,True,1.1721525979851122,3405.6334720859763
2026-01-23T16:00:00+00:00,2026-01-23T19:00:00+03:00,2026-01,,2905.429771960977,near_term_anchor:spot_to_next_linear,True,True,True,1.1083874115365517,3220.341784345061
2026-01-23T17:00:00+00:00,2026-01-23T20:00:00+03:00,2026-01,,2905.407235127393,near_term_anchor:spot_to_next_linear,True,True,True,1.060309557652302,3080.631060277724
2026-01-23T18:00:00+00:00,2026-01-23T21:00:00+03:00,2026-01,,2905.384698303367,near_term_anchor:spot_to_next_linear,True,True,True,1.0707911435149369,3111.060203447062
2026-01-23T19:00:00+00:00,2026-01-23T22:00:00+03:00,2026-01,,2905.362161489398,near_term_anchor:spot_to_next_linear,True,True,True,0.9653087075928128,2804.5713931963924
2026-01-23T20:00:00+00:00,2026-01-23T23:00:00+03:00,2026-01,,2905.339624685956,near_term_anchor:spot_to_next_linear,True,True,True,0.9310369572823033,2704.9785640393216
2026-01-23T21:00:00+00:00,2026-01-24T00:00:00+03:00,2026-01,,2905.317087893463,near_term_anchor:spot_to_next_linear,True,True,True,0.9901678127432675,2876.7514662451094
2026-01-23T22:00:00+00:00,2026-01-24T01:00:00+03:00,2026-01,,2905.294551112293,near_term_anchor:spot_to_next_linear,True,True,True,0.944364167602699,2743.656070401818
2026-01-23T23:00:00+00:00,2026-01-24T02:00:00+03:00,2026-01,,2905.272014342752,near_term_anchor:spot_to_next_linear,True,True,True,0.9248045399906673,2686.8087487720077
2026-01-24T00:00:00+00:00,2026-01-24T03:00:00+03:00,2026-01,,2905.249477585068,near_term_anchor:spot_to_next_linear,True,True,True,0.8789212834280813,2553.4855995178305
2026-01-24T01:00:00+00:00,2026-01-24T04:00:00+03:00,2026-01,,2905.2269408393745,near_term_anchor:spot_to_next_linear,True,True,True,0.8731174614895487,2536.604371636722
2026-01-24T02:00:00+00:00,2026-01-24T05:00:00+03:00,2026-01,,2905.2044041057,near_term_anchor:spot_to_next_linear,True,True,True,0.8926161231768661,2593.232292229188
2026-01-24T03:00:00+00:00,2026-01-24T06:00:00+03:00,2026-01,,2905.1818673839457,near_term_anchor:spot_to_next_linear,True,True,True,0.996526819108587,2895.091645236068
2026-01-24T04:00:00+00:00,2026-01-24T07:00:00+03:00,2026-01,,2905.159330673874,near_term_anchor:spot_to_next_linear,True,True,True,1.0887109560014452,3162.8787922344723
2026-01-24T05:00:00+00:00,2026-01-24T08:00:00+03:00,2026-01,,2905.136793975084,near_term_anchor:spot_to_next_linear,True,True,True,1.1867928641484424,3447.7956164647135
2026-01-24T06:00:00+00:00,2026-01-24T09:00:00+03:00,2026-01,,2905.114257286993,near_term_anchor:spot_to_next_linear,True,True,True,1.148167532916638,3335.557869630158
2026-01-24T07:00:00+00:00,2026-01-24T10:00:00+03:00,2026-01,,2905.0917206088147,near_term_anchor:spot_to_next_linear,True,True,True,1.0396938726029061,3020.4060612664184
2026-01-24T08:00:00+00:00,2026-01-24T11:00:00+03:00,2026-01,,2905.0691839395367,near_term_anchor:spot_to_next_linear,True,True,True,1.019464756967002,2961.615649577246
2026-01-24T09:00:00+00:00,2026-01-24T12:00:00+03:00,2026-01,,2905.046647277898,near_term_anchor:spot_to_next_linear,True,True,True,0.8854766196694152,2572.350885213601
2026-01-24T10:00:00+00:00,2026-01-24T13:00:00+03:00,2026-01,,2905.0241106223675,near_term_anchor:spot_to_next_linear,True,True,True,0.8664035622727272,2516.9232379313803
2026-01-24T11:00:00+00:00,2026-01-24T14:00:00+03:00,2026-01,,2905.0015739711152,near_term_anchor:spot_to_next_linear,True,True,True,0.8844893654859451,2569.442998897384
2026-01-24T12:00:00+00:00,2026-01-24T15:00:00+03:00,2026-01,,2904.979037321986,near_term_anchor:spot_to_next_linear,True,True,True,0.9107759515123725,2645.7850468404276
2026-01-24T13:00:00+00:00,2026-01-24T16:00:00+03:00,2026-01,,2904.956500672475,near_term_anchor:spot_to_next_linear,True,True,True,0.9792033127079741,2844.543028731052
2026-01-24T14:00:00+00:00,2026-01-24T17:00:00+03:00,2026-01,,2904.9339640197013,near_term_anchor:spot_to_next_linear,True,True,True,1.1531862343421853,3349.9298589805962
2026-01-24T15:00:00+00:00,2026-01-24T18:00:00+03:00,2026-01,,2904.91142736038,near_term_anchor:spot_to_next_linear,True,True,True,1.190026417514445,3456.921339098446
2026-01-24T16:00:00+00:00,2026-01-24T19:00:00+03:00,2026-01,,2904.8888906907982,near_term_anchor:spot_to_next_linear,True,True,True,1.141842094519803,3316.9244152936876
2026-01-24T17:00:00+00:00,2026-01-24T20:00:00+03:00,2026-01,,2904.86635400679,near_term_anchor:spot_to_next_linear,True,True,True,1.087152578650968,3158.0329473949173
2026-01-24T18:00:00+00:00,2026-01-24T21:00:00+03:00,2026-01,,2904.843817303709,near_term_anchor:spot_to_next_linear,True,True,True,1.1084269002667348,3219.8070281729397
2026-01-24T19:00:00+00:00,2026-01-24T22:00:00+03:00,2026-01,,2904.821280576408,near_term_anchor:spot_to_next_linear,True,True,True,0.9587715794815234,2785.060087289784
2026-01-24T20:00:00+00:00,2026-01-24T23:00:00+03:00,2026-01,,2904.798743819217,near_term_anchor:spot_to_next_linear,True,True,True,0.9075532184019707,2636.2594487631322
2026-01-24T21:00:00+00:00,2026-01-25T00:00:00+03:00,2026-01,,2904.776207025927,near_term_anchor:spot_to_next_linear,True,True,True,0.9883620611147713,2870.9705990532925
2026-01-24T22:00:00+00:00,2026-01-25T01:00:00+03:00,2026-01,,2904.753670189772,near_term_anchor:spot_to_next_linear,True,True,True,0.926605677184376,2691.5612416199956
2026-01-24T23:00:00+00:00,2026-01-25T02:00:00+03:00,2026-01,,2904.7311333034163,near_term_anchor:spot_to_next_linear,True,True,True,0.8603627183941029,2499.122374052911
2026-01-25T00:00:00+00:00,2026-01-25T03:00:00+03:00,2026-01,,2904.7085963589507,near_term_anchor:spot_to_next_linear,True,True,True,0.8601889444740828,2498.5982215068
2026-01-25T01:00:00+00:00,2026-01-25T04:00:00+03:00,2026-01,,2904.686059347885,near_term_anchor:spot_to_next_linear,True,True,True,0.8466581713848812,2459.276187454637
2026-01-25T02:00:00+00:00,2026-01-25T05:00:00+03:00,2026-01,,2904.663522261153,near_term_anchor:spot_to_next_linear,True,True,True,0.8809758989521507,2558.9385576775394
2026-01-25T03:00:00+00:00,2026-01-25T06:00:00+03:00,2026-01,,2904.6409850891278,near_term_anchor:spot_to_next_linear,True,True,True,1.0550996588922787,3064.685712572071
2026-01-25T04:00:00+00:00,2026-01-25T07:00:00+03:00,2026-01,,2904.618447821631,near_term_anchor:spot_to_next_linear,True,True,True,1.1410186379276028,3314.223785032825
2026-01-25T05:00:00+00:00,2026-01-25T08:00:00+03:00,2026-01,,2904.5959104479616,near_term_anchor:spot_to_next_linear,True,True,True,1.0113393091036165,2937.532021297631
2026-01-25T06:00:00+00:00,2026-01-25T09:00:00+03:00,2026-01,,2904.5733729569297,near_term_anchor:spot_to_next_linear,True,True,True,0.8931897677800622,2594.335216491552
2026-01-25T07:00:00+00:00,2026-01-25T10:00:00+03:00,2026-01,,2904.550835336906,near_term_anchor:spot_to_next_linear,True,True,True,0.8095071300935924,2351.2546109245254
2026-01-25T08:00:00+00:00,2026-01-25T11:00:00+03:00,2026-01,,2904.52829757588,near_term_anchor:spot_to_next_linear,True,True,True,0.7314582637279977,2124.5412254936905
2026-01-25T09:00:00+00:00,2026-01-25T12:00:00+03:00,2026-01,,2904.5057596615293,near_term_anchor:spot_to_next_linear,True,True,True,0.6700884682938495,1946.2758156422578
2026-01-25T10:00:00+00:00,2026-01-25T13:00:00+03:00,2026-01,,2904.4832215813035,near_term_anchor:spot_to_next_linear,True,True,True,0.7840678410898626,2277.3118890269816
2026-01-25T11:00:00+00:00,2026-01-25T14:00:00+03:00,2026-01,,2904.4606833225234,near_term_anchor:spot_to_next_linear,True,True,True,0.7832305478871646,2274.8623323154284
2026-01-25T12:00:00+00:00,2026-01-25T15:00:00+03:00,2026-01,,2904.4381448725007,near_term_anchor:spot_to_next_linear,True,True,True,0.7852282556291302,2280.646898080941
2026-01-25T13:00:00+00:00,2026-01-25T16:00:00+03:00,2026-01,,2904.415606218671,near_term_anchor:spot_to_next_linear,True,True,True,1.019260161867745,2960.3551209256475
2026-01-25T14:00:00+00:00,2026-01-25T17:00:00+03:00,2026-01,,2904.3930673487453,near_term_anchor:spot_to_next_linear,True,True,True,1.1374235621112523,3303.525108435036
2026-01-25T15:00:00+00:00,2026-01-25T18:00:00+03:00,2026-01,,2904.370528250886,near_term_anchor:spot_to_next_linear,True,True,True,1.1629239465377306,3377.5620369213934
2026-01-25T16:00:00+00:00,2026-01-25T19:00:00+03:00,2026-01,,2904.347988913904,near_term_anchor:spot_to_next_linear,True,True,True,1.130795916602467,3284.22484625643
2026-01-25T17:00:00+00:00,2026-01-25T20:00:00+03:00,2026-01,,2904.325449327475,near_term_anchor:spot_to_next_linear,True,True,True,1.0660928186177008,3096.280504456648
2026-01-25T18:00:00+00:00,2026-01-25T21:00:00+03:00,2026-01,,2904.302909482385,near_term_anchor:spot_to_next_linear,True,True,True,1.0651585466696656,3093.5430661527384
2026-01-25T19:00:00+00:00,2026-01-25T22:00:00+03:00,2026-01,,2904.280369370796,near_term_anchor:spot_to_next_linear,True,True,True,0.879678243425353,2554.832253742837
2026-01-25T20:00:00+00:00,2026-01-25T23:00:00+03:00,2026-01,,2904.2578289865373,near_term_anchor:spot_to_next_linear,True,True,True,0.8524678669615354,2475.7864765824934
2026-01-25T21:00:00+00:00,2026-01-26T00:00:00+03:00,2026-01,,2904.2352883254293,near_term_anchor:spot_to_next_linear,True,True,True,0.980766894725152,2848.377825282138
2026-01-25T22:00:00+00:00,2026-01-26T01:00:00+03:00,2026-01,,2904.2127473856285,near_term_anchor:spot_to_next_linear,True,True,True,0.9221401058157107,2678.091050185519
2026-01-25T23:00:00+00:00,2026-01-26T02:00:00+03:00,2026-01,,2904.1902061680007,near_term_anchor:spot_to_next_linear,True,True,True,0.8419624719554989,2445.21916501416
2026-01-26T00:00:00+00:00,2026-01-26T03:00:00+03:00,2026-01,,2904.167664676527,near_term_anchor:spot_to_next_linear,True,True,True,0.8051361657296608,2338.250418173722
2026-01-26T01:00:00+00:00,2026-01-26T04:00:00+03:00,2026-01,,2904.145122918731,near_term_anchor:spot_to_next_linear,True,True,True,0.7975929221311382,2316.325594881644
2026-01-26T02:00:00+00:00,2026-01-26T05:00:00+03:00,2026-01,,2904.1225809061407,near_term_anchor:spot_to_next_linear,True,True,True,0.8527756793394498,2476.56510681727
2026-01-26T03:00:00+00:00,2026-01-26T06:00:00+03:00,2026-01,,2904.10003865477,near_term_anchor:spot_to_next_linear,True,True,True,0.962068480916227,2793.9431126173504
2026-01-26T04:00:00+00:00,2026-01-26T07:00:00+03:00,2026-01,,2904.077496185629,near_term_anchor:spot_to_next_linear,True,True,True,1.0377472763415958,3013.6985119515575
2026-01-26T05:00:00+00:00,2026-01-26T08:00:00+03:00,2026-01,,2904.0549535252594,near_term_anchor:spot_to_next_linear,True,True,True,1.1774315591146243,3419.325951683794
2026-01-26T06:00:00+00:00,2026-01-26T09:00:00+03:00,2026-01,,2904.032410706288,near_term_anchor:spot_to_next_linear,True,True,True,1.2040592122011007,3496.626976641476
2026-01-26T07:00:00+00:00,2026-01-26T10:00:00+03:00,2026-01,,2904.009867768003,near_term_anchor:spot_to_next_linear,True,True,True,1.1732230788770988,3407.051398152253
2026-01-26T08:00:00+00:00,2026-01-26T11:00:00+03:00,2026-01,,2903.9873247569444,near_term_anchor:spot_to_next_linear,True,True,True,1.0857362462090825,3152.9642970203604
2026-01-26T09:00:00+00:00,2026-01-26T12:00:00+03:00,2026-01,,2903.964781727506,near_term_anchor:spot_to_next_linear,True,True,True,0.9565446414442055,2777.7719509041376
2026-01-26T10:00:00+00:00,2026-01-26T13:00:00+03:00,2026-01,,2903.9422387425448,near_term_anchor:spot_to_next_linear,True,True,True,0.9418688523925867,2735.1327438187996
2026-01-26T11:00:00+00:00,2026-01-26T14:00:00+03:00,2026-01,,2903.919695873995,near_term_anchor:spot_to_next_linear,True,True,True,0.9873445807795009,2867.1693747400454
2026-01-26T12:00:00+00:00,2026-01-26T15:00:00+03:00,2026-01,,2903.8971532034734,near_term_anchor:spot_to_next_linear,True,True,True,1.0612908596669297,3081.8795061076644
2026-01-26T13:00:00+00:00,2026-01-26T16:00:00+03:00,2026-01,,2903.874610822875,near_term_anchor:spot_to_next_linear,True,True,True,1.126082579943075,3270.002613586616
2026-01-26T14:00:00+00:00,2026-01-26T17:00:00+03:00,2026-01,,2903.8520688349504,near_term_anchor:spot_to_next_linear,True,True,True,1.1666072118826096,3387.6547657430892
2026-01-26T15:00:00+00:00,2026-01-26T18:00:00+03:00,2026-01,,2903.8295273538524,near_term_anchor:spot_to_next_linear,True,True,True,1.176432709744154,3416.1600394999787
2026-01-26T16:00:00+00:00,2026-01-26T19:00:00+03:00,2026-01,,2903.8069865056414,near_term_anchor:spot_to_next_linear,True,True,True,1.1120892478803193,3229.2925276126753
2026-01-26T17:00:00+00:00,2026-01-26T20:00:00+03:00,2026-01,,2903.784446428743,near_term_anchor:spot_to_next_linear,True,True,True,1.0650231141762834,3092.597554032195
2026-01-26T18:00:00+00:00,2026-01-26T21:00:00+03:00,2026-01,,2903.761907274344,near_term_anchor:spot_to_next_linear,True,True,True,1.07412031093392,3118.989642719591
2026-01-26T19:00:00+00:00,2026-01-26T22:00:00+03:00,2026-01,,2903.7393692067017,near_term_anchor:spot_to_next_linear,True,True,True,0.967291126620371,2808.761325851876
2026-01-26T20:00:00+00:00,2026-01-26T23:00:00+03:00,2026-01,,2903.716832403375,near_term_anchor:spot_to_next_linear,True,True,True,0.9338033766477466,2711.5005829271704
2026-01-26T21:00:00+00:00,2026-01-27T00:00:00+03:00,2026-01,,2903.6942970553387,near_term_anchor:spot_to_next_linear,True,True,True,0.9821552505627982,2851.878599882154
2026-01-26T22:00:00+00:00,2026-01-27T01:00:00+03:00,2026-01,,2903.6717633669687,near_term_anchor:spot_to_next_linear,True,True,True,0.9234717761781868,2681.458920754942
2026-01-26T23:00:00+00:00,2026-01-27T02:00:00+03:00,2026-01,,2903.6492315558908,near_term_anchor:spot_to_next_linear,True,True,True,0.8433438486943853,2448.7747181988393
2026-01-27T00:00:00+00:00,2026-01-27T03:00:00+03:00,2026-01,,2903.6267018526537,near_term_anchor:spot_to_next_linear,True,True,True,0.8058579163375289,2339.910563776991
2026-01-27T01:00:00+00:00,2026-01-27T04:00:00+03:00,2026-01,,2903.60417450022,near_term_anchor:spot_to_next_linear,True,True,True,0.7986630583108267,2319.001390130429
2026-01-27T02:00:00+00:00,2026-01-27T05:00:00+03:00,2026-01,,2903.5816497532464,near_term_anchor:spot_to_next_linear,True,True,True,0.8548583590322246,2482.15104442414
2026-01-27T03:00:00+00:00,2026-01-27T06:00:00+03:00,2026-01,,2903.559127877129,near_term_anchor:spot_to_next_linear,True,True,True,0.9628534786483046,2795.702006737531
2026-01-27T04:00:00+00:00,2026-01-27T07:00:00+03:00,2026-01,,2903.536609146784,near_term_anchor:spot_to_next_linear,True,True,True,1.0373676878614937,3012.035058851801
2026-01-27T05:00:00+00:00,2026-01-27T08:00:00+03:00,2026-01,,2903.5140938451464,near_term_anchor:spot_to_next_linear,True,True,True,1.178461405434654,3421.679299732077
2026-01-27T06:00:00+00:00,2026-01-27T09:00:00+03:00,2026-01,,2903.49158226135,near_term_anchor:spot_to_next_linear,True,True,True,1.2036615119944956,3494.8210679679864
2026-01-27T07:00:00+00:00,2026-01-27T10:00:00+03:00,2026-01,,2903.4690746885653,near_term_anchor:spot_to_next_linear,True,True,True,1.1718528354795696,3402.4384679010377
2026-01-27T08:00:00+00:00,2026-01-27T11:00:00+03:00,2026-01,,2903.446571421469,near_term_anchor:spot_to_next_linear,True,True,True,1.084785284999135,3149.6161164591995
2026-01-27T09:00:00+00:00,2026-01-27T12:00:00+03:00,2026-01,,2903.4240727533083,near_term_anchor:spot_to_next_linear,True,True,True,0.9556280518199536,2774.593490252399
2026-01-27T10:00:00+00:00,2026-01-27T13:00:00+03:00,2026-01,,2903.4015789725363,near_term_anchor:spot_to_next_linear,True,True,True,0.9394666888140685,2727.649067694867
2026-01-27T11:00:00+00:00,2026-01-27T14:00:00+03:00,2026-01,,2903.3790903589893,near_term_anchor:spot_to_next_linear,True,True,True,0.9851083389391354,2860.142953014162
2026-01-27T12:00:00+00:00,2026-01-27T15:00:00+03:00,2026-01,,2903.356607179572,near_term_anchor:spot_to_next_linear,True,True,True,1.0586250334763254,3073.5659854691853
2026-01-27T13:00:00+00:00,2026-01-27T16:00:00+03:00,2026-01,,2903.3341296834287,near_term_anchor:spot_to_next_linear,True,True,True,1.1242575317398642,3264.095262453998
2026-01-27T14:00:00+00:00,2026-01-27T17:00:00+03:00,2026-01,,2903.311658096569,near_term_anchor:spot_to_next_linear,True,True,True,1.1673054308963413,3389.0514660807867
2026-01-27T15:00:00+00:00,2026-01-27T18:00:00+03:00,2026-01,,2903.289192615926,near_term_anchor:spot_to_next_linear,True,True,True,1.1779972748085925,3420.0667568827994
2026-01-27T16:00:00+00:00,2026-01-27T19:00:00+03:00,2026-01,,2903.266733402824,near_term_anchor:spot_to_next_linear,True,True,True,1.1135501184304042,3232.933014815767
2026-01-27T17:00:00+00:00,2026-01-27T20:00:00+03:00,2026-01,,2903.244280575834,near_term_anchor:spot_to_next_linear,True,True,True,1.066870993370434,3097.387109614971
2026-01-27T18:00:00+00:00,2026-01-27T21:00:00+03:00,2026-01,,2903.2218342030096,near_term_anchor:spot_to_next_linear,True,True,True,1.0754680187540322,3122.322234033758
2026-01-27T19:00:00+00:00,2026-01-27T22:00:00+03:00,2026-01,,2903.1993942934714,near_term_anchor:spot_to_next_linear,True,True,True,0.9681399760462296,2810.7033920487097
2026-01-27T20:00:00+00:00,2026-01-27T23:00:00+03:00,2026-01,,2903.176960788355,near_term_anchor:spot_to_next_linear,True,True,True,0.9348782570606786,2714.1170170405353
2026-01-27T21:00:00+00:00,2026-01-28T00:00:00+03:00,2026-01,,2903.154533551109,near_term_anchor:spot_to_next_linear,True,True,True,0.9836292157015306,2855.6276168972204
2026-01-27T22:00:00+00:00,2026-01-28T01:00:00+03:00,2026-01,,2903.13211235716,near_term_anchor:spot_to_next_linear,True,True,True,0.9248725487037887,2685.0271959795805
2026-01-27T23:00:00+00:00,2026-01-28T02:00:00+03:00,2026-01,,2903.1096968829384,near_term_anchor:spot_to_next_linear,True,True,True,0.8447725896160633,2452.4674965753043
2026-01-28T00:00:00+00:00,2026-01-28T03:00:00+03:00,2026-01,,2903.087286694311,near_term_anchor:spot_to_next_linear,True,True,True,0.8066166509493107,2341.6785446068866
2026-01-28T01:00:00+00:00,2026-01-28T04:00:00+03:00,2026-01,,2903.0648812344343,near_term_anchor:spot_to_next_linear,True,True,True,0.7997894886926525,2321.8407770040844
2026-01-28T02:00:00+00:00,2026-01-28T05:00:00+03:00,2026-01,,2903.042479811086,near_term_anchor:spot_to_next_linear,True,True,True,0.857001727721588,2487.912420847264
2026-01-28T03:00:00+00:00,2026-01-28T06:00:00+03:00,2026-01,,2903.0200815835174,near_term_anchor:spot_to_next_linear,True,True,True,0.9636966433806522,2797.630708288663
2026-01-28T04:00:00+00:00,2026-01-28T07:00:00+03:00,2026-01,,2902.9976855489044,near_term_anchor:spot_to_next_linear,True,True,True,1.036996252376345,3010.397720571417
2026-01-28T05:00:00+00:00,2026-01-28T08:00:00+03:00,2026-01,,2902.9752905284804,near_term_anchor:spot_to_next_linear,True,True,True,1.1795422911183862,3424.1821252500263
2026-01-28T06:00:00+00:00,2026-01-28T09:00:00+03:00,2026-01,,2902.9528951534467,near_term_anchor:spot_to_next_linear,True,True,True,1.2032457640399,3492.9657743007483
2026-01-28T07:00:00+00:00,2026-01-28T10:00:00+03:00,2026-01,,2902.930497850782,near_term_anchor:spot_to_next_linear,True,True,True,1.1703591590501499,3397.4712962456742
2026-01-28T08:00:00+00:00,2026-01-28T11:00:00+03:00,2026-01,,2902.9080968290937,near_term_anchor:spot_to_next_linear,True,True,True,1.0837437527274736,3146.0085146805304
2026-01-28T09:00:00+00:00,2026-01-28T12:00:00+03:00,2026-01,,2902.885690064652,near_term_anchor:spot_to_next_linear,True,True,True,0.954480345649572,2770.747336834105
2026-01-28T10:00:00+00:00,2026-01-28T13:00:00+03:00,2026-01,,2902.8632752878034,near_term_anchor:spot_to_next_linear,True,True,True,0.9369234806791905,2719.760763818444
2026-01-28T11:00:00+00:00,2026-01-28T14:00:00+03:00,2026-01,,2902.8408499699544,near_term_anchor:spot_to_next_linear,True,True,True,0.9828390408752966,2853.025316798101
2026-01-28T12:00:00+00:00,2026-01-28T15:00:00+03:00,2026-01,,2902.8184113113584,near_term_anchor:spot_to_next_linear,True,True,True,1.055902331376031,3065.09272806493
2026-01-28T13:00:00+00:00,2026-01-28T16:00:00+03:00,2026-01,,2902.795956229956,near_term_anchor:spot_to_next_linear,True,True,True,1.1224414719361662,3258.218565841103
2026-01-28T14:00:00+00:00,2026-01-28T17:00:00+03:00,2026-01,,2902.7734813515503,near_term_anchor:spot_to_next_linear,True,True,True,1.1680604027124364,3390.6147616104727
2026-01-28T15:00:00+00:00,2026-01-28T18:00:00+03:00,2026-01,,2902.750983001622,near_term_anchor:spot_to_next_linear,True,True,True,1.1796288126612107,3424.1686955293653
2026-01-28T16:00:00+00:00,2026-01-28T19:00:00+03:00,2026-01,,2902.7284571991254,near_term_anchor:spot_to_next_linear,True,True,True,1.1151238456541845,3236.9017200817266
2026-01-28T17:00:00+00:00,2026-01-28T20:00:00+03:00,2026-01,,2902.7058996526357,near_term_anchor:spot_to_next_linear,True,True,True,1.0688563466390977,3102.5756232704716
2026-01-28T18:00:00+00:00,2026-01-28T21:00:00+03:00,2026-01,,2902.6833057592344,near_term_anchor:spot_to_next_linear,True,True,True,1.0769348484922643,3126.000806108846
2026-01-28T19:00:00+00:00,2026-01-28T22:00:00+03:00,2026-01,,2902.660670606577,near_term_anchor:spot_to_next_linear,True,True,True,0.9690833523600821,2812.9201334351856
2026-01-28T20:00:00+00:00,2026-01-28T23:00:00+03:00,2026-01,,2902.6379889785862,near_term_anchor:spot_to_next_linear,True,True,True,0.9360293328758462,2716.954300403714
2026-01-28T21:00:00+00:00,2026-01-29T00:00:00+03:00,2026-01,,2902.6152553652805,near_term_anchor:spot_to_next_linear,True,True,True,0.9851881653479789,2859.622198144376
2026-01-28T22:00:00+00:00,2026-01-29T01:00:00+03:00,2026-01,,2902.5924639772406,near_term_anchor:spot_to_next_linear,True,True,True,0.9263419094384188,2688.7930454022417
2026-01-28T23:00:00+00:00,2026-01-29T02:00:00+03:00,2026-01,,2902.5696087652827,near_term_anchor:spot_to_next_linear,True,True,True,0.846248197861351,2456.294300584747
2026-01-29T00:00:00+00:00,2026-01-29T03:00:00+03:00,2026-01,,2902.546683445906,near_term_anchor:spot_to_next_linear,True,True,True,0.8074126915221393,2343.553029949718
2026-01-29T01:00:00+00:00,2026-01-29T04:00:00+03:00,2026-01,,2902.5236815331227,near_term_anchor:spot_to_next_linear,True,True,True,0.8009725609009417,2324.841826273215
2026-01-29T02:00:00+00:00,2026-01-29T05:00:00+03:00,2026-01,,2902.500596377295,near_term_anchor:spot_to_next_linear,True,True,True,0.8592045751551272,2493.8417917978572
2026-01-29T03:00:00+00:00,2026-01-29T06:00:00+03:00,2026-01,,2902.4774212116413,near_term_anchor:spot_to_next_linear,True,True,True,0.9645964630798506,2799.7194546698747
2026-01-29T04:00:00+00:00,2026-01-29T07:00:00+03:00,2026-01,,2902.454149207056,near_term_anchor:spot_to_next_linear,True,True,True,1.036631345427436,3008.774949733955
2026-01-29T05:00:00+00:00,2026-01-29T08:00:00+03:00,2026-01,,2902.430773535937,near_term_anchor:spot_to_next_linear,True,True,True,1.1806733578276,3426.8226872528335
2026-01-29T06:00:00+00:00,2026-01-29T09:00:00+03:00,2026-01,,2902.4072874456974,near_term_anchor:spot_to_next_linear,True,True,True,1.202812838967266,3491.0527492518413
2026-01-29T07:00:00+00:00,2026-01-29T10:00:00+03:00,2026-01,,2902.383684342637,near_term_anchor:spot_to_next_linear,True,True,True,1.1687435483803092,3392.142205999729
2026-01-29T08:00:00+00:00,2026-01-29T11:00:00+03:00,2026-01,,2902.359957886862,near_term_anchor:spot_to_next_linear,True,True,True,1.0826128447315007,3142.132170442694
2026-01-29T09:00:00+00:00,2026-01-29T12:00:00+03:00,2026-01,,2902.3361020989023,near_term_anchor:spot_to_next_linear,True,True,True,0.9531029982731458,2766.2252409068587
2026-01-29T10:00:00+00:00,2026-01-29T13:00:00+03:00,2026-01,,2902.312111478667,near_term_anchor:spot_to_next_linear,True,True,True,0.934241338431421,2711.459951573553
2026-01-29T11:00:00+00:00,2026-01-29T14:00:00+03:00,2026-01,,2902.287981137332,near_term_anchor:spot_to_next_linear,True,True,True,0.9805388037768564,2845.805985240347
2026-01-29T12:00:00+00:00,2026-01-29T15:00:00+03:00,2026-01,,2902.263706942709,near_term_anchor:spot_to_next_linear,True,True,True,1.0531249440737047,3056.4463040611836
2026-01-29T13:00:00+00:00,2026-01-29T16:00:00+03:00,2026-01,,2902.239285678595,near_term_anchor:spot_to_next_linear,True,True,True,1.1206357586053308,3252.3531235606256
2026-01-29T14:00:00+00:00,2026-01-29T17:00:00+03:00,2026-01,,2902.214715218491,near_term_anchor:spot_to_next_linear,True,True,True,1.1688715077441243,3392.316089974622
2026-01-29T15:00:00+00:00,2026-01-29T18:00:00+03:00,2026-01,,2902.1899947140446,near_term_anchor:spot_to_next_linear,True,True,True,1.1813260217875432,3428.432560927153
2026-01-29T16:00:00+00:00,2026-01-29T19:00:00+03:00,2026-01,,2902.165124798399,near_term_anchor:spot_to_next_linear,True,True,True,1.1168098805157576,3241.1666862630987
2026-01-29T17:00:00+00:00,2026-01-29T20:00:00+03:00,2026-01,,2902.140107804556,near_term_anchor:spot_to_next_linear,True,True,True,1.0709784310772492,3108.1294594228825
2026-01-29T18:00:00+00:00,2026-01-29T21:00:00+03:00,2026-01,,2902.1149479986725,near_term_anchor:spot_to_next_linear,True,True,True,1.0785206898878805,3129.9910158494586
2026-01-29T19:00:00+00:00,2026-01-29T22:00:00+03:00,2026-01,,2902.0896518280747,near_term_anchor:spot_to_next_linear,True,True,True,0.970121429232131,2815.379360791229
2026-01-29T20:00:00+00:00,2026-01-29T23:00:00+03:00,2026-01,,2902.0642281835417,near_term_anchor:spot_to_next_linear,True,True,True,0.937256398113218,2719.9782656005223
2026-01-29T21:00:00+00:00,2026-01-30T00:00:00+03:00,2026-01,,2902.038688675235,near_term_anchor:spot_to_next_linear,True,True,True,0.9868313976065896,2863.8228950537764
2026-01-29T22:00:00+00:00,2026-01-30T01:00:00+03:00,2026-01,,2902.0130479213685,near_term_anchor:spot_to_next_linear,True,True,True,0.927879290975207,2692.717809306079
2026-01-29T23:00:00+00:00,2026-01-30T02:00:00+03:00,2026-01,,2901.987323848471,near_term_anchor:spot_to_next_linear,True,True,True,0.8477701539969319,2460.2182404361624
2026-01-30T00:00:00+00:00,2026-01-30T03:00:00+03:00,2026-01,,2901.961538001769,near_term_anchor:spot_to_next_linear,True,True,True,0.8082463516991777,2345.4998258612645
2026-01-30T01:00:00+00:00,2026-01-30T04:00:00+03:00,2026-01,,2901.935715863904,near_term_anchor:spot_to_next_linear,True,True,True,0.802212589162735,2327.9693642069974
2026-01-30T02:00:00+00:00,2026-01-30T05:00:00+03:00,2026-01,,2901.90988717982,near_term_anchor:spot_to_next_linear,True,True,True,0.8614656428899977,2499.8956665682044
2026-01-30T03:00:00+00:00,2026-01-30T06:00:00+03:00,2026-01,,2901.884086285293,near_term_anchor:spot_to_next_linear,True,True,True,0.9655513552594385,2801.918112318562
2026-01-30T04:00:00+00:00,2026-01-30T07:00:00+03:00,2026-01,,2901.8583524361056,near_term_anchor:spot_to_next_linear,True,True,True,1.036271303649311,3007.112537884605
2026-01-30T05:00:00+00:00,2026-01-30T08:00:00+03:00,2026-01,,2901.832730134442,near_term_anchor:spot_to_next_linear,True,True,True,1.181853678295275,3429.5416859070106
2026-01-30T06:00:00+00:00,2026-01-30T09:00:00+03:00,2026-01,,2901.807269448588,near_term_anchor:spot_to_next_linear,True,True,True,1.2023636130804798,3489.0274729574057
2026-01-30T07:00:00+00:00,2026-01-30T10:00:00+03:00,2026-01,,2901.782026321467,near_term_anchor:spot_to_next_linear,True,True,True,1.1670076246553414,3386.4017498049784
2026-01-30T08:00:00+00:00,2026-01-30T11:00:00+03:00,2026-01,,2901.757062863019,near_term_anchor:spot_to_next_linear,True,True,True,1.081393851276125,3137.942245677137
2026-01-30T09:00:00+00:00,2026-01-30T12:00:00+03:00,2026-01,,2901.7324476208205,near_term_anchor:spot_to_next_linear,True,True,True,0.9514977354809399,2760.9918528827757
2026-01-30T10:00:00+00:00,2026-01-30T13:00:00+03:00,2026-01,,2901.7082558227366,near_term_anchor:spot_to_next_linear,True,True,True,0.9314225388129374,2702.7164705328737
2026-01-30T11:00:00+00:00,2026-01-30T14:00:00+03:00,2026-01,,2901.6845695847546,near_term_anchor:spot_to_next_linear,True,True,True,0.9782097913565639,2838.456257396064
2026-01-30T12:00:00+00:00,2026-01-30T15:00:00+03:00,2026-01,,2901.661478076473,near_term_anchor:spot_to_next_linear,True,True,True,1.0502951269838139,3047.6009105803705
2026-01-30T13:00:00+00:00,2026-01-30T16:00:00+03:00,2026-01,,2901.6390776360367,near_term_anchor:spot_to_next_linear,True,True,True,1.118841735872832,3246.4749024987464
2026-01-30T14:00:00+00:00,2026-01-30T17:00:00+03:00,2026-01,,2901.617471825591,near_term_anchor:spot_to_next_linear,True,True,True,1.1697380561811985,3394.1323812746705
2026-01-30T15:00:00+00:00,2026-01-30T18:00:00+03:00,2026-01,,2901.59677141764,near_term_anchor:spot_to_next_linear,True,True,True,1.1830875179591167,3432.842922414682
2026-01-30T16:00:00+00:00,2026-01-30T19:00:00+03:00,2026-01,,2901.5770943019347,near_term_anchor:spot_to_next_linear,True,True,True,1.1186075506048816,3245.7260463483167
2026-01-30T17:00:00+00:00,2026-01-30T20:00:00+03:00,2026-01,,2901.55856530182,near_term_anchor:spot_to_next_linear,True,True,True,1.0732363581041546,3114.0581474504415
2026-01-30T18:00:00+00:00,2026-01-30T21:00:00+03:00,2026-01,,2901.5413158882584,near_term_anchor:spot_to_next_linear,True,True,True,1.080225306917237,3134.3183584884373
2026-01-30T19:00:00+00:00,2026-01-30T22:00:00+03:00,2026-01,,2901.525483779037,near_term_anchor:spot_to_next_linear,True,True,True,0.9712542931075855,2818.1190826814536
2026-01-30T20:00:00+00:00,2026-01-30T23:00:00+03:00,2026-01,,2901.5112124100174,near_term_anchor:spot_to_next_linear,True,True,True,0.9385591792648895,2723.2399821474205
2026-01-30T21:00:00+00:00,2026-01-31T00:00:00+03:00,2026-01,,2901.498650264654,near_term_anchor:spot_to_next_linear,True,True,True,1.0035256351505977,2911.7282758954384
2026-01-30T22:00:00+00:00,2026-01-31T01:00:00+03:00,2026-01,,2901.487950047442,near_term_anchor:spot_to_next_linear,True,True,True,0.9613462540240001,2789.3345718738838
2026-01-30T23:00:00+00:00,2026-01-31T02:00:00+03:00,2026-01,,2901.4792676864395,near_term_anchor:spot_to_next_linear,True,True,True,0.9422832389893894,2734.01528221614
2026-01-31T00:00:00+00:00,2026-01-31T03:00:00+03:00,2026-01,,2901.472761149598,near_term_anchor:spot_to_next_linear,True,True,True,0.8981417067854011,2605.9336978902506
2026-01-31T01:00:00+00:00,2026-01-31T04:00:00+03:00,2026-01,,2901.46858905931,near_term_anchor:spot_to_next_linear,True,True,True,0.8935921023070131,2592.729416275272
2026-01-31T02:00:00+00:00,2026-01-31T05:00:00+03:00,2026-01,,2901.466909089369,near_term_anchor:spot_to_next_linear,True,True,True,0.9174667952031594,2661.99954647024
2026-01-31T03:00:00+00:00,2026-01-31T06:00:00+03:00,2026-01,,2901.467876128489,near_term_anchor:spot_to_next_linear,True,True,True,1.014173578328284,2942.5920583377956
2026-01-31T04:00:00+00:00,2026-01-31T07:00:00+03:00,2026-01,,2901.471640194605,near_term_anchor:spot_to_next_linear,True,True,True,1.086484762947256,3152.404727195021
2026-01-31T05:00:00+00:00,2026-01-31T08:00:00+03:00,2026-01,,2901.4783440844844,near_term_anchor:spot_to_next_linear,True,True,True,1.1630566220924607,3374.583601945327
2026-01-31T06:00:00+00:00,2026-01-31T09:00:00+03:00,2026-01,,2901.488120743625,near_term_anchor:spot_to_next_linear,True,True,True,1.1267687939532438,3269.306270479958
2026-01-31T07:00:00+00:00,2026-01-31T10:00:00+03:00,2026-01,,2901.5010903421758,near_term_anchor:spot_to_next_linear,True,True,True,1.0144059162307026,2943.2998719929374
2026-01-31T08:00:00+00:00,2026-01-31T11:00:00+03:00,2026-01,,2901.5173570435786,near_term_anchor:spot_to_next_linear,True,True,True,0.992477070428061,2879.689446314781
2026-01-31T09:00:00+00:00,2026-01-31T12:00:00+03:00,2026-01,,2901.5370054539235,near_term_anchor:spot_to_next_linear,True,True,True,0.8693083416864725,2522.3303225530835
2026-01-31T10:00:00+00:00,2026-01-31T13:00:00+03:00,2026-01,,2901.5600967415785,near_term_anchor:spot_to_next_linear,True,True,True,0.8432404129228537,2446.712734096844
2026-01-31T11:00:00+00:00,2026-01-31T14:00:00+03:00,2026-01,,2901.5866644186613,near_term_anchor:spot_to_next_linear,True,True,True,0.8465165995544965,2456.2412764763594
2026-01-31T12:00:00+00:00,2026-01-31T15:00:00+03:00,2026-01,,2901.6167097782195,near_term_anchor:spot_to_next_linear,True,True,True,0.8783148947783901,2548.5331751360754
2026-01-31T13:00:00+00:00,2026-01-31T16:00:00+03:00,2026-01,,2901.650196983772,near_term_anchor:spot_to_next_linear,True,True,True,0.9422372790000331,2734.042986215899
2026-01-31T14:00:00+00:00,2026-01-31T17:00:00+03:00,2026-01,,2901.6870478110777,near_term_anchor:spot_to_next_linear,True,True,True,1.1488741718295439,3333.673303962466
2026-01-31T15:00:00+00:00,2026-01-31T18:00:00+03:00,2026-01,,2901.7271360457303,near_term_anchor:spot_to_next_linear,True,True,True,1.2012553736051588,3485.7153149108412
2026-01-31T16:00:00+00:00,2026-01-31T19:00:00+03:00,2026-01,,2901.77028154438,near_term_anchor:spot_to_next_linear,True,True,True,1.1557703157322758,3353.7799544830827
2026-01-31T17:00:00+00:00,2026-01-31T20:00:00+03:00,2026-01,,2901.8162439722187,near_term_anchor:spot_to_next_linear,True,True,True,1.1069289860580738,3212.104512667016
2026-01-31T18:00:00+00:00,2026-01-31T21:00:00+03:00,2026-01,,2901.8647162347424,near_term_anchor:spot_to_next_linear,True,True,True,1.119006446969827,3247.2053257009447
2026-01-31T19:00:00+00:00,2026-01-31T22:00:00+03:00,2026-01,,2901.9153176278146,near_term_anchor:spot_to_next_linear,True,True,True,0.9692084151235212,2812.5607458207237
2026-01-31T20:00:00+00:00,2026-01-31T23:00:00+03:00,2026-01,,2901.967586736749,near_term_anchor:spot_to_next_linear,True,True,True,0.9234025039633328,2679.6841360131443
2026-01-31T21:00:00+00:00,2026-02-01T00:00:00+03:00,2026-02,EBM0226,2902.020974122481,EPIAS_VEP:EBM0226,True,False,False,0.9986304350437119,2898.0464678939097
2026-01-31T22:00:00+00:00,2026-02-01T01:00:00+03:00,2026-02,EBM0226,2902.0748348409634,EPIAS_VEP:EBM0226,True,False,False,0.9406384303430353,2729.803117382827
2026-01-31T23:00:00+00:00,2026-02-01T02:00:00+03:00,2026-02,EBM0226,2902.128604624041,EPIAS_VEP:EBM0226,True,False,False,0.872517592851212,2532.1582642512153
2026-02-01T00:00:00+00:00,2026-02-01T03:00:00+03:00,2026-02,EBM0226,2902.1817944933823,EPIAS_VEP:EBM0226,True,False,False,0.8699310594373395,2524.6980831633873
2026-02-01T01:00:00+00:00,2026-02-01T04:00:00+03:00,2026-02,EBM0226,2902.233985383496,EPIAS_VEP:EBM0226,True,False,False,0.8587523523114967,2492.3002619064473
2026-02-01T02:00:00+00:00,2026-02-01T05:00:00+03:00,2026-02,EBM0226,2902.2848228227526,EPIAS_VEP:EBM0226,True,False,False,0.8971496751344297,2603.7838859430185
2026-02-01T03:00:00+00:00,2026-02-01T06:00:00+03:00,2026-02,EBM0226,2902.3340117142875,EPIAS_VEP:EBM0226,True,False,False,1.0652414750051702,3091.6865635962004
2026-02-01T04:00:00+00:00,2026-02-01T07:00:00+03:00,2026-02,EBM0226,2902.381311252255,EPIAS_VEP:EBM0226,True,False,False,1.1356235767817704,3296.0126458688505
2026-02-01T05:00:00+00:00,2026-02-01T08:00:00+03:00,2026-02,EBM0226,2902.426530002934,EPIAS_VEP:EBM0226,True,False,False,0.9828654416009636,2852.694733125686
2026-02-01T06:00:00+00:00,2026-02-01T09:00:00+03:00,2026-02,EBM0226,2902.4695211747776,EPIAS_VEP:EBM0226,True,False,False,0.8715030337201354,2529.5109929840473
2026-02-01T07:00:00+00:00,2026-02-01T10:00:00+03:00,2026-02,EBM0226,2902.510178096535,EPIAS_VEP:EBM0226,True,False,False,0.778217301553748,2258.783638530574
2026-02-01T08:00:00+00:00,2026-02-01T11:00:00+03:00,2026-02,EBM0226,2902.5484299181603,EPIAS_VEP:EBM0226,True,False,False,0.696139824850963,2020.579555624666
2026-02-01T09:00:00+00:00,2026-02-01T12:00:00+03:00,2026-02,EBM0226,2902.5842375451048,EPIAS_VEP:EBM0226,True,False,False,0.6371119243057944,1849.2710290420289
2026-02-01T10:00:00+00:00,2026-02-01T13:00:00+03:00,2026-02,EBM0226,2902.6175898131314,EPIAS_VEP:EBM0226,True,False,False,0.744207814882275,2160.150693953686
2026-02-01T11:00:00+00:00,2026-02-01T14:00:00+03:00,2026-02,EBM0226,2902.64849990756,EPIAS_VEP:EBM0226,True,False,False,0.7445886336456271,2161.2790804996994
2026-02-01T12:00:00+00:00,2026-02-01T15:00:00+03:00,2026-02,EBM0226,2902.677002028031,EPIAS_VEP:EBM0226,True,False,False,0.7351808522422799,2133.9925521350337
2026-02-01T13:00:00+00:00,2026-02-01T16:00:00+03:00,2026-02,EBM0226,2902.703148297496,EPIAS_VEP:EBM0226,True,False,False,0.9707280715282572,2817.7354293658295
2026-02-01T14:00:00+00:00,2026-02-01T17:00:00+03:00,2026-02,EBM0226,2902.727005912008,EPIAS_VEP:EBM0226,True,False,False,1.1198608880408694,3250.650442580835
2026-02-01T15:00:00+00:00,2026-02-01T18:00:00+03:00,2026-02,EBM0226,2902.748654526088,EPIAS_VEP:EBM0226,True,False,False,1.1633867835671605,3377.0194206930087
2026-02-01T16:00:00+00:00,2026-02-01T19:00:00+03:00,2026-02,EBM0226,2902.7681838669705,EPIAS_VEP:EBM0226,True,False,False,1.1371440994827142,3300.86571245048
2026-02-01T17:00:00+00:00,2026-02-01T20:00:00+03:00,2026-02,EBM0226,2902.785691569738,EPIAS_VEP:EBM0226,True,False,False,1.0775500652718228,3127.8969114210845
2026-02-01T18:00:00+00:00,2026-02-01T21:00:00+03:00,2026-02,EBM0226,2902.8012812243837,EPIAS_VEP:EBM0226,True,False,False,1.0692957125967002,3103.952964533442
2026-02-01T19:00:00+00:00,2026-02-01T22:00:00+03:00,2026-02,EBM0226,2902.815060625049,EPIAS_VEP:EBM0226,True,False,False,0.8836376802516117,2565.0367663701595
2026-02-01T20:00:00+00:00,2026-02-01T23:00:00+03:00,2026-02,EBM0226,2902.8271402110618,EPIAS_VEP:EBM0226,True,False,False,0.8612796515088097,2500.145947711298
2026-02-01T21:00:00+00:00,2026-02-02T00:00:00+03:00,2026-02,EBM0226,2902.837631688988,EPIAS_VEP:EBM0226,True,False,False,0.9886241984537868,2869.8155268700148
2026-02-01T22:00:00+00:00,2026-02-02T01:00:00+03:00,2026-02,EBM0226,2902.8466468246747,EPIAS_VEP:EBM0226,True,False,False,0.9294761077112075,2698.126602573129
2026-02-01T23:00:00+00:00,2026-02-02T02:00:00+03:00,2026-02,EBM0226,2902.854296394103,EPIAS_VEP:EBM0226,True,False,False,0.8494856628280528,2465.9331060656054
2026-02-02T00:00:00+00:00,2026-02-02T03:00:00+03:00,2026-02,EBM0226,2902.8606892818752,EPIAS_VEP:EBM0226,True,False,False,0.8080056175103315,2345.527743789668
2026-02-02T01:00:00+00:00,2026-02-02T04:00:00+03:00,2026-02,EBM0226,2902.8659317162587,EPIAS_VEP:EBM0226,True,False,False,0.8033238163211868,2331.9413385350626
2026-02-02T02:00:00+00:00,2026-02-02T05:00:00+03:00,2026-02,EBM0226,2902.8701266298976,EPIAS_VEP:EBM0226,True,False,False,0.8654034467733647,2512.153813120947
2026-02-02T03:00:00+00:00,2026-02-02T06:00:00+03:00,2026-02,EBM0226,2902.873373135571,EPIAS_VEP:EBM0226,True,False,False,0.9651813826873366,2801.7993360492433
2026-02-02T04:00:00+00:00,2026-02-02T07:00:00+03:00,2026-02,EBM0226,2902.8757661067,EPIAS_VEP:EBM0226,True,False,False,1.03141148312779,2994.0593992558315
2026-02-02T05:00:00+00:00,2026-02-02T08:00:00+03:00,2026-02,EBM0226,2902.8773958527013,EPIAS_VEP:EBM0226,True,False,False,1.1813369897993715,3429.2764445732687
2026-02-02T06:00:00+00:00,2026-02-02T09:00:00+03:00,2026-02,EBM0226,2902.8783478796813,EPIAS_VEP:EBM0226,True,False,False,1.1965282209929806,3473.375865347518
2026-02-02T07:00:00+00:00,2026-02-02T10:00:00+03:00,2026-02,EBM0226,2902.8787027274666,EPIAS_VEP:EBM0226,True,False,False,1.1568431419943288,3358.1753192916635
2026-02-02T08:00:00+00:00,2026-02-02T11:00:00+03:00,2026-02,EBM0226,2902.878535874397,EPIAS_VEP:EBM0226,True,False,False,1.0732770204466604,3115.592825701837
2026-02-02T09:00:00+00:00,2026-02-02T12:00:00+03:00,2026-02,EBM0226,2902.8779177018428,EPIAS_VEP:EBM0226,True,False,False,0.9418728661836512,2734.1419445270635
2026-02-02T10:00:00+00:00,2026-02-02T13:00:00+03:00,2026-02,EBM0226,2902.876913510888,EPIAS_VEP:EBM0226,True,False,False,0.9187936924352887,2667.144998049823
2026-02-02T11:00:00+00:00,2026-02-02T14:00:00+03:00,2026-02,EBM0226,2902.8755835841444,EPIAS_VEP:EBM0226,True,False,False,0.9675155599940316,2808.5772958444145
2026-02-02T12:00:00+00:00,2026-02-02T15:00:00+03:00,2026-02,EBM0226,2902.873983286172,EPIAS_VEP:EBM0226,True,False,False,1.0376997307407652,3012.311550830433
2026-02-02T13:00:00+00:00,2026-02-02T16:00:00+03:00,2026-02,EBM0226,2902.8721631964686,EPIAS_VEP:EBM0226,True,False,False,1.1094643496328211,3220.6331766079907
2026-02-02T14:00:00+00:00,2026-02-02T17:00:00+03:00,2026-02,EBM0226,2902.870169269502,EPIAS_VEP:EBM0226,True,False,False,1.1683672196826729,3391.6183487691783
2026-02-02T15:00:00+00:00,2026-02-02T18:00:00+03:00,2026-02,EBM0226,2902.868043016719,EPIAS_VEP:EBM0226,True,False,False,1.1843885716672151,3438.123735206976
2026-02-02T16:00:00+00:00,2026-02-02T19:00:00+03:00,2026-02,EBM0226,2902.8658217059365,EPIAS_VEP:EBM0226,True,False,False,1.1205424159779325,3252.7842811141363
2026-02-02T17:00:00+00:00,2026-02-02T20:00:00+03:00,2026-02,EBM0226,2902.863538573973,EPIAS_VEP:EBM0226,True,False,False,1.0768553503681848,3125.9641329021047
2026-02-02T18:00:00+00:00,2026-02-02T21:00:00+03:00,2026-02,EBM0226,2902.86122304878,EPIAS_VEP:EBM0226,True,False,False,1.0820696063411275,3141.0979008873173
2026-02-02T19:00:00+00:00,2026-02-02T22:00:00+03:00,2026-02,EBM0226,2902.8589009777534,EPIAS_VEP:EBM0226,True,False,False,0.9716491306935006,2820.5603276609245
2026-02-02T20:00:00+00:00,2026-02-02T23:00:00+03:00,2026-02,EBM0226,2902.8565948592905,EPIAS_VEP:EBM0226,True,False,False,0.939464366852537,2727.1303329531947
2026-02-02T21:00:00+00:00,2026-02-03T00:00:00+03:00,2026-02,EBM0226,2902.8543240749964,EPIAS_VEP:EBM0226,True,False,False,0.9905887968041893,2875.534972183289
2026-02-02T22:00:00+00:00,2026-02-03T01:00:00+03:00,2026-02,EBM0226,2902.852105120297,EPIAS_VEP:EBM0226,True,False,False,0.9312722388278483,2703.3455789215113
2026-02-02T23:00:00+00:00,2026-02-03T02:00:00+03:00,2026-02,EBM0226,2902.8499518315207,EPIAS_VEP:EBM0226,True,False,False,0.8511811408724156,2470.85113378139
2026-02-03T00:00:00+00:00,2026-02-03T03:00:00+03:00,2026-02,EBM0226,2902.8478756077907,EPIAS_VEP:EBM0226,True,False,False,0.8089890847997567,2348.3722462008645
2026-02-03T01:00:00+00:00,2026-02-03T04:00:00+03:00,2026-02,EBM0226,2902.8458856263574,EPIAS_VEP:EBM0226,True,False,False,0.804788727625672,2336.177646786653
2026-02-03T02:00:00+00:00,2026-02-03T05:00:00+03:00,2026-02,EBM0226,2902.843989050218,EPIAS_VEP:EBM0226,True,False,False,0.8678748013540267,2519.3051503586885
2026-02-03T03:00:00+00:00,2026-02-03T06:00:00+03:00,2026-02,EBM0226,2902.842191227117,EPIAS_VEP:EBM0226,True,False,False,0.9663351619027215,2805.1184788375067
2026-02-03T04:00:00+00:00,2026-02-03T07:00:00+03:00,2026-02,EBM0226,2902.840495879198,EPIAS_VEP:EBM0226,True,False,False,1.031054892832855,2992.987896389598
2026-02-03T05:00:00+00:00,2026-02-03T08:00:00+03:00,2026-02,EBM0226,2902.8389052827865,EPIAS_VEP:EBM0226,True,False,False,1.1826987039480308,3433.183811047872
2026-02-03T06:00:00+00:00,2026-02-03T09:00:00+03:00,2026-02,EBM0226,2902.8374204379274,EPIAS_VEP:EBM0226,True,False,False,1.1960244801618267,3471.86461677357
2026-02-03T07:00:00+00:00,2026-02-03T10:00:00+03:00,2026-02,EBM0226,2902.836041227439,EPIAS_VEP:EBM0226,True,False,False,1.15465261172078,3351.7672164004725
2026-02-03T08:00:00+00:00,2026-02-03T11:00:00+03:00,2026-02,EBM0226,2902.834766565401,EPIAS_VEP:EBM0226,True,False,False,1.0717261326094474,3111.043877975385
2026-02-03T09:00:00+00:00,2026-02-03T12:00:00+03:00,2026-02,EBM0226,2902.833594535072,EPIAS_VEP:EBM0226,True,False,False,0.9393872678068725,2726.8849192683037
2026-02-03T10:00:00+00:00,2026-02-03T13:00:00+03:00,2026-02,EBM0226,2902.8325225163608,EPIAS_VEP:EBM0226,True,False,False,0.9154664992340252,2657.4459272507274
2026-02-03T11:00:00+00:00,2026-02-03T14:00:00+03:00,2026-02,EBM0226,2902.831547303029,EPIAS_VEP:EBM0226,True,False,False,0.9651027988140067,2801.530850787747
2026-02-03T12:00:00+00:00,2026-02-03T15:00:00+03:00,2026-02,EBM0226,2902.8306652098863,EPIAS_VEP:EBM0226,True,False,False,1.0346950046218806,3003.54438855588
2026-02-03T13:00:00+00:00,2026-02-03T16:00:00+03:00,2026-02,EBM0226,2902.8298721703163,EPIAS_VEP:EBM0226,True,False,False,1.1077365563197348,3215.570766180002
2026-02-03T14:00:00+00:00,2026-02-03T17:00:00+03:00,2026-02,EBM0226,2902.8291638244823,EPIAS_VEP:EBM0226,True,False,False,1.1694433107152191,3394.694147783594
2026-02-03T15:00:00+00:00,2026-02-03T18:00:00+03:00,2026-02,EBM0226,2902.8285355986345,EPIAS_VEP:EBM0226,True,False,False,1.1863844350800854,3443.8705923405378
2026-02-03T16:00:00+00:00,2026-02-03T19:00:00+03:00,2026-02,EBM0226,2902.8279827759475,EPIAS_VEP:EBM0226,True,False,False,1.1227692660828565,3259.2060437861296
2026-02-03T17:00:00+00:00,2026-02-03T20:00:00+03:00,2026-02,EBM0226,2902.827500559339,EPIAS_VEP:EBM0226,True,False,False,1.0796346545225108,3133.9931657048255
2026-02-03T18:00:00+00:00,2026-02-03T21:00:00+03:00,2026-02,EBM0226,2902.827084126757,EPIAS_VEP:EBM0226,True,False,False,1.0842364802699356,3147.3510205258353
2026-02-03T19:00:00+00:00,2026-02-03T22:00:00+03:00,2026-02,EBM0226,2902.8267286793985,EPIAS_VEP:EBM0226,True,False,False,0.9731547124745018,2824.8995105112986
2026-02-03T20:00:00+00:00,2026-02-03T23:00:00+03:00,2026-02,EBM0226,2902.826429483348,EPIAS_VEP:EBM0226,True,False,False,0.941060060523532,2731.734015418908
2026-02-03T21:00:00+00:00,2026-02-04T00:00:00+03:00,2026-02,EBM0226,2902.826181905135,EPIAS_VEP:EBM0226,True,False,False,0.9926327402207129,2881.4403073289236
2026-02-03T22:00:00+00:00,2026-02-04T01:00:00+03:00,2026-02,EBM0226,2902.825981441647,EPIAS_VEP:EBM0226,True,False,False,0.9331325293341648,2708.7213502795735
2026-02-03T23:00:00+00:00,2026-02-04T02:00:00+03:00,2026-02,EBM0226,2902.825823744886,EPIAS_VEP:EBM0226,True,False,False,0.8529198813771122,2475.877857246906
2026-02-04T00:00:00+00:00,2026-02-04T03:00:00+03:00,2026-02,EBM0226,2902.8257046420117,EPIAS_VEP:EBM0226,True,False,False,0.8100114462444495,2351.322047212639
2026-02-04T01:00:00+00:00,2026-02-04T04:00:00+03:00,2026-02,EBM0226,2902.8256201511126,EPIAS_VEP:EBM0226,True,False,False,0.8063114230577172,2340.581456672444
2026-02-04T02:00:00+00:00,2026-02-04T05:00:00+03:00,2026-02,EBM0226,2902.8255664931257,EPIAS_VEP:EBM0226,True,False,False,0.8703972133264527,2526.611283848398
2026-02-04T03:00:00+00:00,2026-02-04T06:00:00+03:00,2026-02,EBM0226,2902.825540100274,EPIAS_VEP:EBM0226,True,False,False,0.9675349489629109,2808.5851607891527
2026-02-04T04:00:00+00:00,2026-02-04T07:00:00+03:00,2026-02,EBM0226,2902.8255376214383,EPIAS_VEP:EBM0226,True,False,False,1.0306943740792913,2991.925950560111
2026-02-04T05:00:00+00:00,2026-02-04T08:00:00+03:00,2026-02,EBM0226,2902.8255559248014,EPIAS_VEP:EBM0226,True,False,False,1.1841038788552107,3437.2470004105908
2026-02-04T06:00:00+00:00,2026-02-04T09:00:00+03:00,2026-02,EBM0226,2902.825592098084,EPIAS_VEP:EBM0226,True,False,False,1.195508908562151,3470.3538553554604
2026-02-04T07:00:00+00:00,2026-02-04T10:00:00+03:00,2026-02,EBM0226,2902.8256434467257,EPIAS_VEP:EBM0226,True,False,False,1.1523520458813552,3345.077069062696
2026-02-04T08:00:00+00:00,2026-02-04T11:00:00+03:00,2026-02,EBM0226,2902.825707490267,EPIAS_VEP:EBM0226,True,False,False,1.0700952718839563,3106.3000646885353
2026-02-04T09:00:00+00:00,2026-02-04T12:00:00+03:00,2026-02,EBM0226,2902.825781957208,EPIAS_VEP:EBM0226,True,False,False,0.9366868469708826,2719.038729007284
2026-02-04T10:00:00+00:00,2026-02-04T13:00:00+03:00,2026-02,EBM0226,2902.8258647786124,EPIAS_VEP:EBM0226,True,False,False,0.9120168851417316,2647.4262033042437
2026-02-04T11:00:00+00:00,2026-02-04T14:00:00+03:00,2026-02,EBM0226,2902.825954080651,EPIAS_VEP:EBM0226,True,False,False,0.9626727565468413,2794.4714629905347
2026-02-04T12:00:00+00:00,2026-02-04T15:00:00+03:00,2026-02,EBM0226,2902.8260481763264,EPIAS_VEP:EBM0226,True,False,False,1.0316501586101057,2994.7009530186533
2026-02-04T13:00:00+00:00,2026-02-04T16:00:00+03:00,2026-02,EBM0226,2902.826145556541,EPIAS_VEP:EBM0226,True,False,False,1.106026851729658,3210.6036628884394
2026-02-04T14:00:00+00:00,2026-02-04T17:00:00+03:00,2026-02,EBM0226,2902.826244880687,EPIAS_VEP:EBM0226,True,False,False,1.1705701847348062,3397.96185372303
2026-02-04T15:00:00+00:00,2026-02-04T18:00:00+03:00,2026-02,EBM0226,2902.8263449669043,EPIAS_VEP:EBM0226,True,False,False,1.1884362721676454,3449.824120162499
2026-02-04T16:00:00+00:00,2026-02-04T19:00:00+03:00,2026-02,EBM0226,2902.82644478215,EPIAS_VEP:EBM0226,True,False,False,1.1251021680140256,3265.976326392843
2026-02-04T17:00:00+00:00,2026-02-04T20:00:00+03:00,2026-02,EBM0226,2902.826543432193,EPIAS_VEP:EBM0226,True,False,False,1.082542725678291,3142.4337584983778
2026-02-04T18:00:00+00:00,2026-02-04T21:00:00+03:00,2026-02,EBM0226,2902.8266401516307,EPIAS_VEP:EBM0226,True,False,False,1.086518637313739,3153.975245415569
2026-02-04T19:00:00+00:00,2026-02-04T22:00:00+03:00,2026-02,EBM0226,2902.8267342940107,EPIAS_VEP:EBM0226,True,False,False,0.9747538473758974,2829.541527518699
2026-02-04T20:00:00+00:00,2026-02-04T23:00:00+03:00,2026-02,EBM0226,2902.826825322169,EPIAS_VEP:EBM0226,True,False,False,0.9427288227245296,2736.5785156091524
2026-02-04T21:00:00+00:00,2026-02-05T00:00:00+03:00,2026-02,EBM0226,2902.8269127988187,EPIAS_VEP:EBM0226,True,False,False,0.9947548816643702,2887.601242133338
2026-02-04T22:00:00+00:00,2026-02-05T01:00:00+03:00,2026-02,EBM0226,2902.8269963774533,EPIAS_VEP:EBM0226,True,False,False,0.935056103053384,2714.3060990708614
2026-02-04T23:00:00+00:00,2026-02-05T02:00:00+03:00,2026-02,EBM0226,2902.827075793587,EPIAS_VEP:EBM0226,True,False,False,0.8547012377066716,2481.049894529217
2026-02-05T00:00:00+00:00,2026-02-05T03:00:00+03:00,2026-02,EBM0226,2902.827150856406,EPIAS_VEP:EBM0226,True,False,False,0.8110729491376153,2354.4045780818465
2026-02-05T01:00:00+00:00,2026-02-05T04:00:00+03:00,2026-02,EBM0226,2902.827221440826,EPIAS_VEP:EBM0226,True,False,False,0.8078919987593478,2345.170885982873
2026-02-05T02:00:00+00:00,2026-02-05T05:00:00+03:00,2026-02,EBM0226,2902.827287479986,EPIAS_VEP:EBM0226,True,False,False,0.8729691652617552,2534.078714050448
2026-02-05T03:00:00+00:00,2026-02-05T06:00:00+03:00,2026-02,EBM0226,2902.827348958193,EPIAS_VEP:EBM0226,True,False,False,0.9687787911677469,2812.1975700923936
2026-02-05T04:00:00+00:00,2026-02-05T07:00:00+03:00,2026-02,EBM0226,2902.8274059043183,EPIAS_VEP:EBM0226,True,False,False,1.0303280928708456,2990.8646250586203
2026-02-05T05:00:00+00:00,2026-02-05T08:00:00+03:00,2026-02,EBM0226,2902.827458385647,EPIAS_VEP:EBM0226,True,False,False,1.1855512018675933,3441.450582103355
2026-02-05T06:00:00+00:00,2026-02-05T09:00:00+03:00,2026-02,EBM0226,2902.827506502182,EPIAS_VEP:EBM0226,True,False,False,1.1949823892668103,3468.827749349395
2026-02-05T07:00:00+00:00,2026-02-05T10:00:00+03:00,2026-02,EBM0226,2902.827550381404,EPIAS_VEP:EBM0226,True,False,False,1.1499437483840147,3338.0883941979787
2026-02-05T08:00:00+00:00,2026-02-05T11:00:00+03:00,2026-02,EBM0226,2902.8275901734564,EPIAS_VEP:EBM0226,True,False,False,1.0683862559601083,3101.3411007631225
2026-02-05T09:00:00+00:00,2026-02-05T12:00:00+03:00,2026-02,EBM0226,2902.8276260467564,EPIAS_VEP:EBM0226,True,False,False,0.9337747670859651,2710.587190402515
2026-02-05T10:00:00+00:00,2026-02-05T13:00:00+03:00,2026-02,EBM0226,2902.827658184017,EPIAS_VEP:EBM0226,True,False,False,0.9084480552009767,2637.0681406608755
2026-02-05T11:00:00+00:00,2026-02-05T14:00:00+03:00,2026-02,EBM0226,2902.827686778659,EPIAS_VEP:EBM0226,True,False,False,0.9602278151538324,2787.375887443525
2026-02-05T12:00:00+00:00,2026-02-05T15:00:00+03:00,2026-02,EBM0226,2902.8277120316025,EPIAS_VEP:EBM0226,True,False,False,1.0285677747361055,2985.755040206646
2026-02-05T13:00:00+00:00,2026-02-05T16:00:00+03:00,2026-02,EBM0226,2902.827734148405,EPIAS_VEP:EBM0226,True,False,False,1.1043364640074451,3205.6985155521934
2026-02-05T14:00:00+00:00,2026-02-05T17:00:00+03:00,2026-02,EBM0226,2902.827753336732,EPIAS_VEP:EBM0226,True,False,False,1.1717467529429024,3401.378994324856
2026-02-05T15:00:00+00:00,2026-02-05T18:00:00+03:00,2026-02,EBM0226,2902.8277698041447,EPIAS_VEP:EBM0226,True,False,False,1.1905422430603,3455.939084280355
2026-02-05T16:00:00+00:00,2026-02-05T19:00:00+03:00,2026-02,EBM0226,2902.8277837561795,EPIAS_VEP:EBM0226,True,False,False,1.1275397277077006,3273.0536488787907
2026-02-05T17:00:00+00:00,2026-02-05T20:00:00+03:00,2026-02,EBM0226,2902.827795394696,EPIAS_VEP:EBM0226,True,False,False,1.0855778254100183,3151.2454856643317
2026-02-05T18:00:00+00:00,2026-02-05T21:00:00+03:00,2026-02,EBM0226,2902.8278049164824,EPIAS_VEP:EBM0226,True,False,False,1.0889150912372951,3160.9330040367886
2026-02-05T19:00:00+00:00,2026-02-05T22:00:00+03:00,2026-02,EBM0226,2902.827812512088,EPIAS_VEP:EBM0226,True,False,False,0.9764460931960118,2834.4548767481533
2026-02-05T20:00:00+00:00,2026-02-05T23:00:00+03:00,2026-02,EBM0226,2902.827818364866,EPIAS_VEP:EBM0226,True,False,False,0.9444699793011365,2741.633729525828
2026-02-05T21:00:00+00:00,2026-02-06T00:00:00+03:00,2026-02,EBM0226,2902.827822650221,EPIAS_VEP:EBM0226,True,False,False,0.9969540024411755,2893.9858161887405
2026-02-05T22:00:00+00:00,2026-02-06T01:00:00+03:00,2026-02,EBM0226,2902.827825535021,EPIAS_VEP:EBM0226,True,False,False,0.9370420339493225,2720.071689844025
2026-02-05T23:00:00+00:00,2026-02-06T02:00:00+03:00,2026-02,EBM0226,2902.8278271771665,EPIAS_VEP:EBM0226,True,False,False,0.8565245428330378,2486.343277595943
2026-02-06T00:00:00+00:00,2026-02-06T03:00:00+03:00,2026-02,EBM0226,2902.827827725304,EPIAS_VEP:EBM0226,True,False,False,0.8121738273474265,2357.600786974276
2026-02-06T01:00:00+00:00,2026-02-06T04:00:00+03:00,2026-02,EBM0226,2902.82782731866,EPIAS_VEP:EBM0226,True,False,False,0.8095305121481704,2349.9276977272357
2026-02-06T02:00:00+00:00,2026-02-06T05:00:00+03:00,2026-02,EBM0226,2902.8278260869915,EPIAS_VEP:EBM0226,True,False,False,0.8755891003081316,2541.6844045929183
2026-02-06T03:00:00+00:00,2026-02-06T06:00:00+03:00,2026-02,EBM0226,2902.827824150625,EPIAS_VEP:EBM0226,True,False,False,0.9700646813758089,2815.930748323509
2026-02-06T04:00:00+00:00,2026-02-06T07:00:00+03:00,2026-02,EBM0226,2902.8278216205786,EPIAS_VEP:EBM0226,True,False,False,1.0299541954729394,2989.7796936136883
2026-02-06T05:00:00+00:00,2026-02-06T08:00:00+03:00,2026-02,EBM0226,2902.827818598757,EPIAS_VEP:EBM0226,True,False,False,1.1870393001574222,3445.770702266965
2026-02-06T06:00:00+00:00,2026-02-06T09:00:00+03:00,2026-02,EBM0226,2902.827815178203,EPIAS_VEP:EBM0226,True,False,False,1.194445803044677,3467.2705008009534
2026-02-06T07:00:00+00:00,2026-02-06T10:00:00+03:00,2026-02,EBM0226,2902.827811443395,EPIAS_VEP:EBM0226,True,False,False,1.1474301295357912,3330.792091704592
2026-02-06T08:00:00+00:00,2026-02-06T11:00:00+03:00,2026-02,EBM0226,2902.827807470597,EPIAS_VEP:EBM0226,True,False,False,1.0666009843812299,3096.158996937346
2026-02-06T09:00:00+00:00,2026-02-06T12:00:00+03:00,2026-02,EBM0226,2902.827803328225,EPIAS_VEP:EBM0226,True,False,False,0.9306544207427337,2701.5295278223316
2026-02-06T10:00:00+00:00,2026-02-06T13:00:00+03:00,2026-02,EBM0226,2902.8277990772517,EPIAS_VEP:EBM0226,True,False,False,0.9047633592451202,2626.372230803253
2026-02-06T11:00:00+00:00,2026-02-06T14:00:00+03:00,2026-02,EBM0226,2902.82779477162,EPIAS_VEP:EBM0226,True,False,False,0.9577703851886681,2780.2424951347866
2026-02-06T12:00:00+00:00,2026-02-06T15:00:00+03:00,2026-02,EBM0226,2902.827790458666,EPIAS_VEP:EBM0226,True,False,False,1.025450481566823,2976.706155631396
2026-02-06T13:00:00+00:00,2026-02-06T16:00:00+03:00,2026-02,EBM0226,2902.8277861795536,EPIAS_VEP:EBM0226,True,False,False,1.1026665983825812,3200.851240677047
2026-02-06T14:00:00+00:00,2026-02-06T17:00:00+03:00,2026-02,EBM0226,2902.827781969702,EPIAS_VEP:EBM0226,True,False,False,1.1729718634195856,3404.9353126031438
2026-02-06T15:00:00+00:00,2026-02-06T18:00:00+03:00,2026-02,EBM0226,2902.8277778592137,EPIAS_VEP:EBM0226,True,False,False,1.1927004375931287,3462.2039609101735
2026-02-06T16:00:00+00:00,2026-02-06T19:00:00+03:00,2026-02,EBM0226,2902.8277738732936,EPIAS_VEP:EBM0226,True,False,False,1.1300804339616914,3280.4288704147825
2026-02-06T17:00:00+00:00,2026-02-06T20:00:00+03:00,2026-02,EBM0226,2902.8277700326616,EPIAS_VEP:EBM0226,True,False,False,1.088738077599331,3160.4191259473128
2026-02-06T18:00:00+00:00,2026-02-06T21:00:00+03:00,2026-02,EBM0226,2902.8277663539457,EPIAS_VEP:EBM0226,True,False,False,1.091424732095475,3168.2180172121616
2026-02-06T19:00:00+00:00,2026-02-06T22:00:00+03:00,2026-02,EBM0226,2902.827762850073,EPIAS_VEP:EBM0226,True,False,False,0.9782309194371152,2839.635871420411
2026-02-06T20:00:00+00:00,2026-02-06T23:00:00+03:00,2026-02,EBM0226,2902.827759530639,EPIAS_VEP:EBM0226,True,False,False,0.946282790178268,2746.8959516955833
2026-02-06T21:00:00+00:00,2026-02-07T00:00:00+03:00,2026-02,EBM0226,2902.8277564022583,EPIAS_VEP:EBM0226,True,False,False,1.0173546236549753,2953.2052396498357
2026-02-06T22:00:00+00:00,2026-02-07T01:00:00+03:00,2026-02,EBM0226,2902.8277534688923,EPIAS_VEP:EBM0226,True,False,False,0.97802175363558,2839.028689949677
2026-02-06T23:00:00+00:00,2026-02-07T02:00:00+03:00,2026-02,EBM0226,2902.827750732164,EPIAS_VEP:EBM0226,True,False,False,0.957722512979258,2780.103488177135
2026-02-07T00:00:00+00:00,2026-02-07T03:00:00+03:00,2026-02,EBM0226,2902.82774819165,EPIAS_VEP:EBM0226,True,False,False,0.915021458529545,2656.149680010358
2026-02-07T01:00:00+00:00,2026-02-07T04:00:00+03:00,2026-02,EBM0226,2902.8277458451525,EPIAS_VEP:EBM0226,True,False,False,0.9124811055537715,2648.775470760947
2026-02-07T02:00:00+00:00,2026-02-07T05:00:00+03:00,2026-02,EBM0226,2902.827743688956,EPIAS_VEP:EBM0226,True,False,False,0.9414611802165014,2732.899633538608
2026-02-07T03:00:00+00:00,2026-02-07T06:00:00+03:00,2026-02,EBM0226,2902.827741718056,EPIAS_VEP:EBM0226,True,False,False,1.0289094931090588,2986.7470203140388
2026-02-07T04:00:00+00:00,2026-02-07T07:00:00+03:00,2026-02,EBM0226,2902.8277399263784,EPIAS_VEP:EBM0226,True,False,False,1.0734693556470554,3116.0966235331675
2026-02-07T05:00:00+00:00,2026-02-07T08:00:00+03:00,2026-02,EBM0226,2902.8277383069767,EPIAS_VEP:EBM0226,True,False,False,1.1301069567892403,3280.505821421491
2026-02-07T06:00:00+00:00,2026-02-07T09:00:00+03:00,2026-02,EBM0226,2902.827736852208,EPIAS_VEP:EBM0226,True,False,False,1.0952258892889892,3179.2520895467037
2026-02-07T07:00:00+00:00,2026-02-07T10:00:00+03:00,2026-02,EBM0226,2902.8277355538967,EPIAS_VEP:EBM0226,True,False,False,0.9780827352570072,2839.2056915704597
2026-02-07T08:00:00+00:00,2026-02-07T11:00:00+03:00,2026-02,EBM0226,2902.827734403488,EPIAS_VEP:EBM0226,True,False,False,0.9531488366342621,2766.8268779963555
2026-02-07T09:00:00+00:00,2026-02-07T12:00:00+03:00,2026-02,EBM0226,2902.82773339218,EPIAS_VEP:EBM0226,True,False,False,0.8378205101741475,2432.0486125383004
2026-02-07T10:00:00+00:00,2026-02-07T13:00:00+03:00,2026-02,EBM0226,2902.827732511034,EPIAS_VEP:EBM0226,True,False,False,0.8097237258600214,2350.488487098632
2026-02-07T11:00:00+00:00,2026-02-07T14:00:00+03:00,2026-02,EBM0226,2902.82773175108,EPIAS_VEP:EBM0226,True,False,False,0.8011298744802822,2325.542016375625
2026-02-07T12:00:00+00:00,2026-02-07T15:00:00+03:00,2026-02,EBM0226,2902.827731103403,EPIAS_VEP:EBM0226,True,False,False,0.8375361433488037,2431.2231427143024
2026-02-07T13:00:00+00:00,2026-02-07T16:00:00+03:00,2026-02,EBM0226,2902.8277305592173,EPIAS_VEP:EBM0226,True,False,False,0.9010837439837631,2615.69087959219
2026-02-07T14:00:00+00:00,2026-02-07T17:00:00+03:00,2026-02,EBM0226,2902.8277301099342,EPIAS_VEP:EBM0226,True,False,False,1.1400556644624762,3309.3851966705824
2026-02-07T15:00:00+00:00,2026-02-07T18:00:00+03:00,2026-02,EBM0226,2902.827729747215,EPIAS_VEP:EBM0226,True,False,False,1.209769247849445,3511.7517192528003
2026-02-07T16:00:00+00:00,2026-02-07T19:00:00+03:00,2026-02,EBM0226,2902.827729463016,EPIAS_VEP:EBM0226,True,False,False,1.1697476742725603,3395.57598535326
2026-02-07T17:00:00+00:00,2026-02-07T20:00:00+03:00,2026-02,EBM0226,2902.827729249629,EPIAS_VEP:EBM0226,True,False,False,1.1281870598185502,3274.932681021897
2026-02-07T18:00:00+00:00,2026-02-07T21:00:00+03:00,2026-02,EBM0226,2902.827729099702,EPIAS_VEP:EBM0226,True,False,False,1.1304587875117562,3281.527114993554
2026-02-07T19:00:00+00:00,2026-02-07T22:00:00+03:00,2026-02,EBM0226,2902.827729006265,EPIAS_VEP:EBM0226,True,False,False,0.9812737749562813,2848.468723689747
2026-02-07T20:00:00+00:00,2026-02-07T23:00:00+03:00,2026-02,EBM0226,2902.827728962742,EPIAS_VEP:EBM0226,True,False,False,0.9389137138346989,2725.504763622753
2026-02-07T21:00:00+00:00,2026-02-08T00:00:00+03:00,2026-02,EBM0226,2902.82772896296,EPIAS_VEP:EBM0226,True,False,False,1.015171623546035,2946.868338485778
2026-02-07T22:00:00+00:00,2026-02-08T01:00:00+03:00,2026-02,EBM0226,2902.827729001149,EPIAS_VEP:EBM0226,True,False,False,0.9600397459404408,2786.82999545913
2026-02-07T23:00:00+00:00,2026-02-08T02:00:00+03:00,2026-02,EBM0226,2902.827729071954,EPIAS_VEP:EBM0226,True,False,False,0.8890000360173936,2580.6139556972557
2026-02-08T00:00:00+00:00,2026-02-08T03:00:00+03:00,2026-02,EBM0226,2902.8277291704185,EPIAS_VEP:EBM0226,True,False,False,0.8837681746203452,2565.4267634462626
2026-02-08T01:00:00+00:00,2026-02-08T04:00:00+03:00,2026-02,EBM0226,2902.827729291981,EPIAS_VEP:EBM0226,True,False,False,0.8757125152627387,2542.0425721927054
2026-02-08T02:00:00+00:00,2026-02-08T05:00:00+03:00,2026-02,EBM0226,2902.827729432461,EPIAS_VEP:EBM0226,True,False,False,0.9178930088176955,2664.485278648201
2026-02-08T03:00:00+00:00,2026-02-08T06:00:00+03:00,2026-02,EBM0226,2902.827729588049,EPIAS_VEP:EBM0226,True,False,False,1.078213391389661,3129.86773093908
2026-02-08T04:00:00+00:00,2026-02-08T07:00:00+03:00,2026-02,EBM0226,2902.827729755297,EPIAS_VEP:EBM0226,True,False,False,1.1234396169392615,3261.151672756957
2026-02-08T05:00:00+00:00,2026-02-08T08:00:00+03:00,2026-02,EBM0226,2902.8277299311035,EPIAS_VEP:EBM0226,True,False,False,0.9468095702548281,2748.4250754998666
2026-02-08T06:00:00+00:00,2026-02-08T09:00:00+03:00,2026-02,EBM0226,2902.8277301127,EPIAS_VEP:EBM0226,True,False,False,0.8398214162982665,2437.85689557313
2026-02-08T07:00:00+00:00,2026-02-08T10:00:00+03:00,2026-02,EBM0226,2902.82773029763,EPIAS_VEP:EBM0226,True,False,False,0.7361876928220862,2137.026049427785
2026-02-08T08:00:00+00:00,2026-02-08T11:00:00+03:00,2026-02,EBM0226,2902.827730483736,EPIAS_VEP:EBM0226,True,False,False,0.650599101847266,1888.5771142700562
2026-02-08T09:00:00+00:00,2026-02-08T12:00:00+03:00,2026-02,EBM0226,2902.827730669135,EPIAS_VEP:EBM0226,True,False,False,0.5933656348326098,1722.4382192181954
2026-02-08T10:00:00+00:00,2026-02-08T13:00:00+03:00,2026-02,EBM0226,2902.827730852205,EPIAS_VEP:EBM0226,True,False,False,0.6929543650267281,2011.527147014668
2026-02-08T11:00:00+00:00,2026-02-08T14:00:00+03:00,2026-02,EBM0226,2902.827731031565,EPIAS_VEP:EBM0226,True,False,False,0.6966450051409212,2022.2404396076931
2026-02-08T12:00:00+00:00,2026-02-08T15:00:00+03:00,2026-02,EBM0226,2902.827731206049,EPIAS_VEP:EBM0226,True,False,False,0.6786514303234643,1970.008191765602
2026-02-08T13:00:00+00:00,2026-02-08T16:00:00+03:00,2026-02,EBM0226,2902.8277313746926,EPIAS_VEP:EBM0226,True,False,False,0.9179521618502997,2664.6569914944002
2026-02-08T14:00:00+00:00,2026-02-08T17:00:00+03:00,2026-02,EBM0226,2902.827731536702,EPIAS_VEP:EBM0226,True,False,False,1.1026293459907246,3200.743043148052
2026-02-08T15:00:00+00:00,2026-02-08T18:00:00+03:00,2026-02,EBM0226,2902.8277316914514,EPIAS_VEP:EBM0226,True,False,False,1.1690867724494698,3393.6575038199744
2026-02-08T16:00:00+00:00,2026-02-08T19:00:00+03:00,2026-02,EBM0226,2902.8277318384703,EPIAS_VEP:EBM0226,True,False,False,1.1518799327295544,3343.709012475582
2026-02-08T17:00:00+00:00,2026-02-08T20:00:00+03:00,2026-02,EBM0226,2902.827731977423,EPIAS_VEP:EBM0226,True,False,False,1.0985853473009357,3189.0040120892045
2026-02-08T18:00:00+00:00,2026-02-08T21:00:00+03:00,2026-02,EBM0226,2902.827732108094,EPIAS_VEP:EBM0226,True,False,False,1.0827654501646646,3143.0815761064932
2026-02-08T19:00:00+00:00,2026-02-08T22:00:00+03:00,2026-02,EBM0226,2902.8277322303734,EPIAS_VEP:EBM0226,True,False,False,0.8943342908640275,2596.098381404684
2026-02-08T20:00:00+00:00,2026-02-08T23:00:00+03:00,2026-02,EBM0226,2902.827732344243,EPIAS_VEP:EBM0226,True,False,False,0.8749109491859327,2539.71576662855
2026-02-08T21:00:00+00:00,2026-02-09T00:00:00+03:00,2026-02,EBM0226,2902.827732449766,EPIAS_VEP:EBM0226,True,False,False,1.0040000018024227,2914.439048611687
2026-02-08T22:00:00+00:00,2026-02-09T01:00:00+03:00,2026-02,EBM0226,2902.827732547075,EPIAS_VEP:EBM0226,True,False,False,0.9433639764234039,2738.4231126477416
2026-02-08T23:00:00+00:00,2026-02-09T02:00:00+03:00,2026-02,EBM0226,2902.827732636362,EPIAS_VEP:EBM0226,True,False,False,0.8622391825501198,2502.9318112721944
2026-02-09T00:00:00+00:00,2026-02-09T03:00:00+03:00,2026-02,EBM0226,2902.827732717868,EPIAS_VEP:EBM0226,True,False,False,0.8157148361603613,2367.879648395709
2026-02-09T01:00:00+00:00,2026-02-09T04:00:00+03:00,2026-02,EBM0226,2902.827732791875,EPIAS_VEP:EBM0226,True,False,False,0.8147936586049542,2365.205628701416
2026-02-09T02:00:00+00:00,2026-02-09T05:00:00+03:00,2026-02,EBM0226,2902.8277328586964,EPIAS_VEP:EBM0226,True,False,False,0.883720673980076,2565.2888805299435
2026-02-09T03:00:00+00:00,2026-02-09T06:00:00+03:00,2026-02,EBM0226,2902.82773291867,EPIAS_VEP:EBM0226,True,False,False,0.9741538056296694,2827.800683110068
2026-02-09T04:00:00+00:00,2026-02-09T07:00:00+03:00,2026-02,EBM0226,2902.8277329721354,EPIAS_VEP:EBM0226,True,False,False,1.0287680331998803,2986.3363775678113
2026-02-09T05:00:00+00:00,2026-02-09T08:00:00+03:00,2026-02,EBM0226,2902.8277330194687,EPIAS_VEP:EBM0226,True,False,False,1.1917336483107872,3459.3974846890233
2026-02-09T06:00:00+00:00,2026-02-09T09:00:00+03:00,2026-02,EBM0226,2902.8277330610586,EPIAS_VEP:EBM0226,True,False,False,1.1927843925155959,3462.447614156659
2026-02-09T07:00:00+00:00,2026-02-09T10:00:00+03:00,2026-02,EBM0226,2902.827733097282,EPIAS_VEP:EBM0226,True,False,False,1.1392829859564986,3307.1422474804053
2026-02-09T08:00:00+00:00,2026-02-09T11:00:00+03:00,2026-02,EBM0226,2902.8277331285126,EPIAS_VEP:EBM0226,True,False,False,1.0608078118659279,3079.342335803789
2026-02-09T09:00:00+00:00,2026-02-09T12:00:00+03:00,2026-02,EBM0226,2902.827733155121,EPIAS_VEP:EBM0226,True,False,False,0.9200810607706327,2670.836819955775
2026-02-09T10:00:00+00:00,2026-02-09T13:00:00+03:00,2026-02,EBM0226,2902.8277331774725,EPIAS_VEP:EBM0226,True,False,False,0.8930496664815673,2592.369338967586
2026-02-09T11:00:00+00:00,2026-02-09T14:00:00+03:00,2026-02,EBM0226,2902.827733195917,EPIAS_VEP:EBM0226,True,False,False,0.9503476411370323,2758.6954888698983
2026-02-09T12:00:00+00:00,2026-02-09T15:00:00+03:00,2026-02,EBM0226,2902.8277332107923,EPIAS_VEP:EBM0226,True,False,False,1.0159160706400576,2949.0293444684935
2026-02-09T13:00:00+00:00,2026-02-09T16:00:00+03:00,2026-02,EBM0226,2902.827733222425,EPIAS_VEP:EBM0226,True,False,False,1.0977918178441903,3186.7005341427766
2026-02-09T14:00:00+00:00,2026-02-09T17:00:00+03:00,2026-02,EBM0226,2902.827733231132,EPIAS_VEP:EBM0226,True,False,False,1.1769260100965273,3416.4134620692626
2026-02-09T15:00:00+00:00,2026-02-09T18:00:00+03:00,2026-02,EBM0226,2902.827733237211,EPIAS_VEP:EBM0226,True,False,False,1.1994682513874955,3481.8497052651646
2026-02-09T16:00:00+00:00,2026-02-09T19:00:00+03:00,2026-02,EBM0226,2902.8277332409502,EPIAS_VEP:EBM0226,True,False,False,1.1383045929549145,3304.302141305077
2026-02-09T17:00:00+00:00,2026-02-09T20:00:00+03:00,2026-02,EBM0226,2902.827733242628,EPIAS_VEP:EBM0226,True,False,False,1.0989489594022133,3190.059516770871
2026-02-09T18:00:00+00:00,2026-02-09T21:00:00+03:00,2026-02,EBM0226,2902.8277332424905,EPIAS_VEP:EBM0226,True,False,False,1.0996198390319163,3192.00696476549
2026-02-09T19:00:00+00:00,2026-02-09T22:00:00+03:00,2026-02,EBM0226,2902.82773324078,EPIAS_VEP:EBM0226,True,False,False,0.9841342559891985,2856.7722115177266
2026-02-09T20:00:00+00:00,2026-02-09T23:00:00+03:00,2026-02,EBM0226,2902.8277332377197,EPIAS_VEP:EBM0226,True,False,False,0.9521427697404655,2763.9064380043997
2026-02-09T21:00:00+00:00,2026-02-10T00:00:00+03:00,2026-02,EBM0226,2902.827733233511,EPIAS_VEP:EBM0226,True,False,False,1.006493458583151,2921.677124893285
2026-02-09T22:00:00+00:00,2026-02-10T01:00:00+03:00,2026-02,EBM0226,2902.8277332283483,EPIAS_VEP:EBM0226,True,False,False,0.9455891039119678,2744.8822750742024
2026-02-09T23:00:00+00:00,2026-02-10T02:00:00+03:00,2026-02,EBM0226,2902.827733222399,EPIAS_VEP:EBM0226,True,False,False,0.8642232177466568,2508.6911241696953
2026-02-10T00:00:00+00:00,2026-02-10T03:00:00+03:00,2026-02,EBM0226,2902.8277332158123,EPIAS_VEP:EBM0226,True,False,False,0.8169752608519153,2371.538444552162
2026-02-10T01:00:00+00:00,2026-02-10T04:00:00+03:00,2026-02,EBM0226,2902.827733208732,EPIAS_VEP:EBM0226,True,False,False,0.8166637008846914,2370.6340396329624
2026-02-10T02:00:00+00:00,2026-02-10T05:00:00+03:00,2026-02,EBM0226,2902.827733201282,EPIAS_VEP:EBM0226,True,False,False,0.8865162344010115,2573.403911152425
2026-02-10T03:00:00+00:00,2026-02-10T06:00:00+03:00,2026-02,EBM0226,2902.827733193569,EPIAS_VEP:EBM0226,True,False,False,0.9755868175795548,2831.9604702079873
2026-02-10T04:00:00+00:00,2026-02-10T07:00:00+03:00,2026-02,EBM0226,2902.827733185686,EPIAS_VEP:EBM0226,True,False,False,1.0283448399670456,2985.107920734736
2026-02-10T05:00:00+00:00,2026-02-10T08:00:00+03:00,2026-02,EBM0226,2902.8277331777044,EPIAS_VEP:EBM0226,True,False,False,1.1933699707995518,3464.1474471784063
2026-02-10T06:00:00+00:00,2026-02-10T09:00:00+03:00,2026-02,EBM0226,2902.827733169686,EPIAS_VEP:EBM0226,True,False,False,1.1922162612311276,3460.798427037592
2026-02-10T07:00:00+00:00,2026-02-10T10:00:00+03:00,2026-02,EBM0226,2902.827733161686,EPIAS_VEP:EBM0226,True,False,False,1.1363742150441036,3298.6985866798655
2026-02-10T08:00:00+00:00,2026-02-10T11:00:00+03:00,2026-02,EBM0226,2902.827733153752,EPIAS_VEP:EBM0226,True,False,False,1.0587380708610157,3073.3342342410588
2026-02-10T09:00:00+00:00,2026-02-10T12:00:00+03:00,2026-02,EBM0226,2902.827733145932,EPIAS_VEP:EBM0226,True,False,False,0.9161660126993928,2659.472109829526
2026-02-10T10:00:00+00:00,2026-02-10T13:00:00+03:00,2026-02,EBM0226,2902.827733138264,EPIAS_VEP:EBM0226,True,False,False,0.8889377674014646,2580.4332042469828
2026-02-10T11:00:00+00:00,2026-02-10T14:00:00+03:00,2026-02,EBM0226,2902.827733130777,EPIAS_VEP:EBM0226,True,False,False,0.947864838725254,2751.488341111198
2026-02-10T12:00:00+00:00,2026-02-10T15:00:00+03:00,2026-02,EBM0226,2902.827733123496,EPIAS_VEP:EBM0226,True,False,False,1.0126862572778887,2939.653752579291
2026-02-10T13:00:00+00:00,2026-02-10T16:00:00+03:00,2026-02,EBM0226,2902.8277331164445,EPIAS_VEP:EBM0226,True,False,False,1.0962155935152413,3182.1250263307456
2026-02-10T14:00:00+00:00,2026-02-10T17:00:00+03:00,2026-02,EBM0226,2902.827733109654,EPIAS_VEP:EBM0226,True,False,False,1.1783325547994263,3420.496418897726
2026-02-10T15:00:00+00:00,2026-02-10T18:00:00+03:00,2026-02,EBM0226,2902.827733103158,EPIAS_VEP:EBM0226,True,False,False,1.2018149077394453,3488.6616442428754
2026-02-10T16:00:00+00:00,2026-02-10T19:00:00+03:00,2026-02,EBM0226,2902.827733096984,EPIAS_VEP:EBM0226,True,False,False,1.1412404818581154,3312.824520870703
2026-02-10T17:00:00+00:00,2026-02-10T20:00:00+03:00,2026-02,EBM0226,2902.827733091159,EPIAS_VEP:EBM0226,True,False,False,1.10258836961503,3200.6240975022747
2026-02-10T18:00:00+00:00,2026-02-10T21:00:00+03:00,2026-02,EBM0226,2902.827733085705,EPIAS_VEP:EBM0226,True,False,False,1.1025686850576546,3200.5669566171982
2026-02-10T19:00:00+00:00,2026-02-10T22:00:00+03:00,2026-02,EBM0226,2902.827733080638,EPIAS_VEP:EBM0226,True,False,False,0.9862823417968392,2863.0077344155816
2026-02-10T20:00:00+00:00,2026-02-10T23:00:00+03:00,2026-02,EBM0226,2902.82773307597,EPIAS_VEP:EBM0226,True,False,False,0.954233497136175,2769.975459316958
2026-02-10T21:00:00+00:00,2026-02-11T00:00:00+03:00,2026-02,EBM0226,2902.8277330717065,EPIAS_VEP:EBM0226,True,False,False,1.0090567661802916,2929.1179651118027
2026-02-10T22:00:00+00:00,2026-02-11T01:00:00+03:00,2026-02,EBM0226,2902.827733067859,EPIAS_VEP:EBM0226,True,False,False,0.9478712366424711,2751.5069131030923
2026-02-10T23:00:00+00:00,2026-02-11T02:00:00+03:00,2026-02,EBM0226,2902.8277330644305,EPIAS_VEP:EBM0226,True,False,False,0.8662455739307836,2514.5616756505933
2026-02-11T00:00:00+00:00,2026-02-11T03:00:00+03:00,2026-02,EBM0226,2902.8277330614187,EPIAS_VEP:EBM0226,True,False,False,0.8182760039730442,2375.3142776316286
2026-02-11T01:00:00+00:00,2026-02-11T04:00:00+03:00,2026-02,EBM0226,2902.827733058813,EPIAS_VEP:EBM0226,True,False,False,0.8185913660711545,2376.229719473846
2026-02-11T02:00:00+00:00,2026-02-11T05:00:00+03:00,2026-02,EBM0226,2902.8277330565925,EPIAS_VEP:EBM0226,True,False,False,0.8893514527668067,2581.6340615256568
2026-02-11T03:00:00+00:00,2026-02-11T06:00:00+03:00,2026-02,EBM0226,2902.8277330547344,EPIAS_VEP:EBM0226,True,False,False,0.9770511159998838,2836.211076136541
2026-02-11T04:00:00+00:00,2026-02-11T07:00:00+03:00,2026-02,EBM0226,2902.827733053211,EPIAS_VEP:EBM0226,True,False,False,1.027904567167849,2983.8298845068894
2026-02-11T05:00:00+00:00,2026-02-11T08:00:00+03:00,2026-02,EBM0226,2902.827733051987,EPIAS_VEP:EBM0226,True,False,False,1.1950393576542135,3468.9933894872834
2026-02-11T06:00:00+00:00,2026-02-11T09:00:00+03:00,2026-02,EBM0226,2902.8277330510223,EPIAS_VEP:EBM0226,True,False,False,1.1916423934791245,3459.1325876705014
2026-02-11T07:00:00+00:00,2026-02-11T10:00:00+03:00,2026-02,EBM0226,2902.827733050275,EPIAS_VEP:EBM0226,True,False,False,1.1333736710059008,3289.9885241049274
2026-02-11T08:00:00+00:00,2026-02-11T11:00:00+03:00,2026-02,EBM0226,2902.827733049701,EPIAS_VEP:EBM0226,True,False,False,1.0566027191744065,3067.135676035192
2026-02-11T09:00:00+00:00,2026-02-11T12:00:00+03:00,2026-02,EBM0226,2902.8277330492506,EPIAS_VEP:EBM0226,True,False,False,0.9120629498497103,2647.5616251104466
2026-02-11T10:00:00+00:00,2026-02-11T13:00:00+03:00,2026-02,EBM0226,2902.8277330488822,EPIAS_VEP:EBM0226,True,False,False,0.8847287878318042,2568.2152615448817
2026-02-11T11:00:00+00:00,2026-02-11T14:00:00+03:00,2026-02,EBM0226,2902.827733048576,EPIAS_VEP:EBM0226,True,False,False,0.9453819334231831,2744.2808946638984
2026-02-11T12:00:00+00:00,2026-02-11T15:00:00+03:00,2026-02,EBM0226,2902.8277330483097,EPIAS_VEP:EBM0226,True,False,False,1.0094352754045597,2930.2167121616144
2026-02-11T13:00:00+00:00,2026-02-11T16:00:00+03:00,2026-02,EBM0226,2902.827733048062,EPIAS_VEP:EBM0226,True,False,False,1.0946655330363482,3177.625467709751
2026-02-11T14:00:00+00:00,2026-02-11T17:00:00+03:00,2026-02,EBM0226,2902.827733047817,EPIAS_VEP:EBM0226,True,False,False,1.1797809831491084,3424.7009568076514
2026-02-11T15:00:00+00:00,2026-02-11T18:00:00+03:00,2026-02,EBM0226,2902.827733047558,EPIAS_VEP:EBM0226,True,False,False,1.20420325841208,3495.5946147448212
2026-02-11T16:00:00+00:00,2026-02-11T19:00:00+03:00,2026-02,EBM0226,2902.8277330472674,EPIAS_VEP:EBM0226,True,False,False,1.1442702573002794,3321.6194369923837
2026-02-11T17:00:00+00:00,2026-02-11T20:00:00+03:00,2026-02,EBM0226,2902.8277330469346,EPIAS_VEP:EBM0226,True,False,False,1.1063415517076085,3211.518938519025
2026-02-11T18:00:00+00:00,2026-02-11T21:00:00+03:00,2026-02,EBM0226,2902.827733046552,EPIAS_VEP:EBM0226,True,False,False,1.105623345698384,3209.4341101969844
2026-02-11T19:00:00+00:00,2026-02-11T22:00:00+03:00,2026-02,EBM0226,2902.8277330461106,EPIAS_VEP:EBM0226,True,False,False,0.9885190412442473,2869.500487567953
2026-02-11T20:00:00+00:00,2026-02-11T23:00:00+03:00,2026-02,EBM0226,2902.827733045602,EPIAS_VEP:EBM0226,True,False,False,0.9563912091237013,2776.2389254852965
2026-02-11T21:00:00+00:00,2026-02-12T00:00:00+03:00,2026-02,EBM0226,2902.8277330450173,EPIAS_VEP:EBM0226,True,False,False,1.0116883008924917,2936.7568570279172
2026-02-11T22:00:00+00:00,2026-02-12T01:00:00+03:00,2026-02,EBM0226,2902.8277330443475,EPIAS_VEP:EBM0226,True,False,False,0.9502091657991212,2758.2935186746236
2026-02-11T23:00:00+00:00,2026-02-12T02:00:00+03:00,2026-02,EBM0226,2902.8277330435835,EPIAS_VEP:EBM0226,True,False,False,0.8683054698526398,2520.541198641682
2026-02-12T00:00:00+00:00,2026-02-12T03:00:00+03:00,2026-02,EBM0226,2902.8277330427168,EPIAS_VEP:EBM0226,True,False,False,0.8196172040518331,2379.2075504005925
2026-02-12T01:00:00+00:00,2026-02-12T04:00:00+03:00,2026-02,EBM0226,2902.827733041738,EPIAS_VEP:EBM0226,True,False,False,0.820576467184367,2381.9921260241945
2026-02-12T02:00:00+00:00,2026-02-12T05:00:00+03:00,2026-02,EBM0226,2902.8277330406404,EPIAS_VEP:EBM0226,True,False,False,0.8922245664663301,2589.974215638625
2026-02-12T03:00:00+00:00,2026-02-12T06:00:00+03:00,2026-02,EBM0226,2902.8277330394544,EPIAS_VEP:EBM0226,True,False,False,0.9785444223755607,2840.5458872828513
2026-02-12T04:00:00+00:00,2026-02-12T07:00:00+03:00,2026-02,EBM0226,2902.827733038212,EPIAS_VEP:EBM0226,True,False,False,1.0274453037651285,2982.496721949285
2026-02-12T05:00:00+00:00,2026-02-12T08:00:00+03:00,2026-02,EBM0226,2902.8277330369388,EPIAS_VEP:EBM0226,True,False,False,1.1967401094784633,3473.9303790317454
2026-02-12T06:00:00+00:00,2026-02-12T09:00:00+03:00,2026-02,EBM0226,2902.8277330356696,EPIAS_VEP:EBM0226,True,False,False,1.1910636330592808,3457.4525458547005
2026-02-12T07:00:00+00:00,2026-02-12T10:00:00+03:00,2026-02,EBM0226,2902.827733034432,EPIAS_VEP:EBM0226,True,False,False,1.1302843414111932,3281.02073246297
2026-02-12T08:00:00+00:00,2026-02-12T11:00:00+03:00,2026-02,EBM0226,2902.827733033253,EPIAS_VEP:EBM0226,True,False,False,1.0544040979300402,3060.753457295231
2026-02-12T09:00:00+00:00,2026-02-12T12:00:00+03:00,2026-02,EBM0226,2902.827733032155,EPIAS_VEP:EBM0226,True,False,False,0.9077765469821314,2635.118935975898
2026-02-12T10:00:00+00:00,2026-02-12T13:00:00+03:00,2026-02,EBM0226,2902.8277330311435,EPIAS_VEP:EBM0226,True,False,False,0.880426862798905,2555.727514238267
2026-02-12T11:00:00+00:00,2026-02-12T14:00:00+03:00,2026-02,EBM0226,2902.8277330302453,EPIAS_VEP:EBM0226,True,False,False,0.9429014493529534,2737.0804766961664
2026-02-12T12:00:00+00:00,2026-02-12T15:00:00+03:00,2026-02,EBM0226,2902.827733029484,EPIAS_VEP:EBM0226,True,False,False,1.0061659720881202,2920.726487807965
2026-02-12T13:00:00+00:00,2026-02-12T16:00:00+03:00,2026-02,EBM0226,2902.8277330288647,EPIAS_VEP:EBM0226,True,False,False,1.0931426801736235,3173.204888165497
2026-02-12T14:00:00+00:00,2026-02-12T17:00:00+03:00,2026-02,EBM0226,2902.827733028368,EPIAS_VEP:EBM0226,True,False,False,1.1812697941819337,3429.0227187400296
2026-02-12T15:00:00+00:00,2026-02-12T18:00:00+03:00,2026-02,EBM0226,2902.827733028005,EPIAS_VEP:EBM0226,True,False,False,1.2066310181282047,3502.6419829543697
2026-02-12T16:00:00+00:00,2026-02-12T19:00:00+03:00,2026-02,EBM0226,2902.827733027781,EPIAS_VEP:EBM0226,True,False,False,1.1473917389400639,3330.6805604421893
2026-02-12T17:00:00+00:00,2026-02-12T20:00:00+03:00,2026-02,EBM0226,2902.827733027711,EPIAS_VEP:EBM0226,True,False,False,1.1102058448021845,3222.73631566124
2026-02-12T18:00:00+00:00,2026-02-12T21:00:00+03:00,2026-02,EBM0226,2902.827733027825,EPIAS_VEP:EBM0226,True,False,False,1.108781990548571,3218.6031120461876
2026-02-12T19:00:00+00:00,2026-02-12T22:00:00+03:00,2026-02,EBM0226,2902.8277330281217,EPIAS_VEP:EBM0226,True,False,False,0.9908433015105762,2876.2474147100456
2026-02-12T20:00:00+00:00,2026-02-12T23:00:00+03:00,2026-02,EBM0226,2902.8277330285946,EPIAS_VEP:EBM0226,True,False,False,0.9586147827805586,2782.6935767465875
2026-02-12T21:00:00+00:00,2026-02-13T00:00:00+03:00,2026-02,EBM0226,2902.8277330292226,EPIAS_VEP:EBM0226,True,False,False,1.0143863763629533,2944.588905313399
2026-02-12T22:00:00+00:00,2026-02-13T01:00:00+03:00,2026-02,EBM0226,2902.8277330299616,EPIAS_VEP:EBM0226,True,False,False,0.9526016386212873,2765.2384551196583
2026-02-12T23:00:00+00:00,2026-02-13T02:00:00+03:00,2026-02,EBM0226,2902.8277330307938,EPIAS_VEP:EBM0226,True,False,False,0.8704021067126311,2526.6273742538538
2026-02-13T00:00:00+00:00,2026-02-13T03:00:00+03:00,2026-02,EBM0226,2902.8277330317,EPIAS_VEP:EBM0226,True,False,False,0.8209989813504732,2383.2186118549293
2026-02-13T01:00:00+00:00,2026-02-13T04:00:00+03:00,2026-02,EBM0226,2902.827733032665,EPIAS_VEP:EBM0226,True,False,False,0.8226187748764152,2387.9205934246124
2026-02-13T02:00:00+00:00,2026-02-13T05:00:00+03:00,2026-02,EBM0226,2902.8277330336578,EPIAS_VEP:EBM0226,True,False,False,0.8951337840551585,2598.4191731306755
2026-02-13T03:00:00+00:00,2026-02-13T06:00:00+03:00,2026-02,EBM0226,2902.8277330346423,EPIAS_VEP:EBM0226,True,False,False,0.9800644226795009,2844.958186314641
2026-02-13T04:00:00+00:00,2026-02-13T07:00:00+03:00,2026-02,EBM0226,2902.827733035586,EPIAS_VEP:EBM0226,True,False,False,1.0269651395314514,2981.1028878926572
2026-02-13T05:00:00+00:00,2026-02-13T08:00:00+03:00,2026-02,EBM0226,2902.8277330364544,EPIAS_VEP:EBM0226,True,False,False,1.1984704788250906,3478.953343158952
2026-02-13T06:00:00+00:00,2026-02-13T09:00:00+03:00,2026-02,EBM0226,2902.827733037196,EPIAS_VEP:EBM0226,True,False,False,1.190480813863141,3455.760722130618
2026-02-13T07:00:00+00:00,2026-02-13T10:00:00+03:00,2026-02,EBM0226,2902.827733037784,EPIAS_VEP:EBM0226,True,False,False,1.1271092988447087,3271.804130851192
2026-02-13T08:00:00+00:00,2026-02-13T11:00:00+03:00,2026-02,EBM0226,2902.827733038216,EPIAS_VEP:EBM0226,True,False,False,1.0521446128076866,3054.1945612249083
2026-02-13T09:00:00+00:00,2026-02-13T12:00:00+03:00,2026-02,EBM0226,2902.8277330384826,EPIAS_VEP:EBM0226,True,False,False,0.9033116747639865,2622.158181082338
2026-02-13T10:00:00+00:00,2026-02-13T13:00:00+03:00,2026-02,EBM0226,2902.8277330385763,EPIAS_VEP:EBM0226,True,False,False,0.8760362428103985,2542.982300776941
2026-02-13T11:00:00+00:00,2026-02-13T14:00:00+03:00,2026-02,EBM0226,2902.8277330384963,EPIAS_VEP:EBM0226,True,False,False,0.9404259196596712,2729.8944404563263
2026-02-13T12:00:00+00:00,2026-02-13T15:00:00+03:00,2026-02,EBM0226,2902.8277330382457,EPIAS_VEP:EBM0226,True,False,False,1.0028812202828699,2911.1914191803526
2026-02-13T13:00:00+00:00,2026-02-13T16:00:00+03:00,2026-02,EBM0226,2902.8277330378187,EPIAS_VEP:EBM0226,True,False,False,1.0916480480826858,3168.8662286910226
2026-02-13T14:00:00+00:00,2026-02-13T17:00:00+03:00,2026-02,EBM0226,2902.82773303725,EPIAS_VEP:EBM0226,True,False,False,1.182797434363195,3433.4571950347886
2026-02-13T15:00:00+00:00,2026-02-13T18:00:00+03:00,2026-02,EBM0226,2902.8277330365554,EPIAS_VEP:EBM0226,True,False,False,1.2090958475782556,3509.7969582495
2026-02-13T16:00:00+00:00,2026-02-13T19:00:00+03:00,2026-02,EBM0226,2902.8277330357555,EPIAS_VEP:EBM0226,True,False,False,1.1506026417460051,3340.001258164508
2026-02-13T17:00:00+00:00,2026-02-13T20:00:00+03:00,2026-02,EBM0226,2902.827733034884,EPIAS_VEP:EBM0226,True,False,False,1.1141784655427875,3234.268149327856
2026-02-13T18:00:00+00:00,2026-02-13T21:00:00+03:00,2026-02,EBM0226,2902.8277330339806,EPIAS_VEP:EBM0226,True,False,False,1.1120426740590958,3228.068314576011
2026-02-13T19:00:00+00:00,2026-02-13T22:00:00+03:00,2026-02,EBM0226,2902.8277330330766,EPIAS_VEP:EBM0226,True,False,False,0.9932539848691441,2883.245213223767
2026-02-13T20:00:00+00:00,2026-02-13T23:00:00+03:00,2026-02,EBM0226,2902.8277330322,EPIAS_VEP:EBM0226,True,False,False,0.9609030341435559,2789.335976266701
2026-02-13T21:00:00+00:00,2026-02-14T00:00:00+03:00,2026-02,EBM0226,2902.827733031368,EPIAS_VEP:EBM0226,True,False,False,1.0385382687271718,3014.697688275618
2026-02-13T22:00:00+00:00,2026-02-14T01:00:00+03:00,2026-02,EBM0226,2902.8277330306,EPIAS_VEP:EBM0226,True,False,False,1.0008890571751579,2905.408512854898
2026-02-13T23:00:00+00:00,2026-02-14T02:00:00+03:00,2026-02,EBM0226,2902.8277330298915,EPIAS_VEP:EBM0226,True,False,False,0.977471119213952,2837.430273090027
2026-02-14T00:00:00+00:00,2026-02-14T03:00:00+03:00,2026-02,EBM0226,2902.827733029244,EPIAS_VEP:EBM0226,True,False,False,0.9354587523652261,2715.4756094707145
2026-02-14T01:00:00+00:00,2026-02-14T04:00:00+03:00,2026-02,EBM0226,2902.8277330286564,EPIAS_VEP:EBM0226,True,False,False,0.9356970538646692,2716.1673576715702
2026-02-14T02:00:00+00:00,2026-02-14T05:00:00+03:00,2026-02,EBM0226,2902.8277330281285,EPIAS_VEP:EBM0226,True,False,False,0.9703054679859991,2816.6296219785954
2026-02-14T03:00:00+00:00,2026-02-14T06:00:00+03:00,2026-02,EBM0226,2902.827733027668,EPIAS_VEP:EBM0226,True,False,False,1.0469535533079424,3039.125809734156
2026-02-14T04:00:00+00:00,2026-02-14T07:00:00+03:00,2026-02,EBM0226,2902.8277330272817,EPIAS_VEP:EBM0226,True,False,False,1.0570837139050615,3068.5319208550895
2026-02-14T05:00:00+00:00,2026-02-14T08:00:00+03:00,2026-02,EBM0226,2902.827733026973,EPIAS_VEP:EBM0226,True,False,False,1.0974518377685025,3185.7136303358275
2026-02-14T06:00:00+00:00,2026-02-14T09:00:00+03:00,2026-02,EBM0226,2902.8277330267388,EPIAS_VEP:EBM0226,True,False,False,1.062736603142306,3084.941284504117
2026-02-14T07:00:00+00:00,2026-02-14T10:00:00+03:00,2026-02,EBM0226,2902.8277330265764,EPIAS_VEP:EBM0226,True,False,False,0.9393098919034512,2726.6548041235337
2026-02-14T08:00:00+00:00,2026-02-14T11:00:00+03:00,2026-02,EBM0226,2902.8277330264814,EPIAS_VEP:EBM0226,True,False,False,0.9100913263611141,2641.8383417478967
2026-02-14T09:00:00+00:00,2026-02-14T12:00:00+03:00,2026-02,EBM0226,2902.827733026438,EPIAS_VEP:EBM0226,True,False,False,0.7986490015912893,2318.3404707730706
2026-02-14T10:00:00+00:00,2026-02-14T13:00:00+03:00,2026-02,EBM0226,2902.8277330264204,EPIAS_VEP:EBM0226,True,False,False,0.7732847517830715,2244.712423002352
2026-02-14T11:00:00+00:00,2026-02-14T14:00:00+03:00,2026-02,EBM0226,2902.8277330264164,EPIAS_VEP:EBM0226,True,False,False,0.7562292403351571,2195.203211370393
2026-02-14T12:00:00+00:00,2026-02-14T15:00:00+03:00,2026-02,EBM0226,2902.827733026415,EPIAS_VEP:EBM0226,True,False,False,0.7960208580295236,2310.711422755584
2026-02-14T13:00:00+00:00,2026-02-14T16:00:00+03:00,2026-02,EBM0226,2902.8277330264063,EPIAS_VEP:EBM0226,True,False,False,0.8635744628147634,2506.807900192076
2026-02-14T14:00:00+00:00,2026-02-14T17:00:00+03:00,2026-02,EBM0226,2902.827733026402,EPIAS_VEP:EBM0226,True,False,False,1.1348070762449949,3294.1494525585777
2026-02-14T15:00:00+00:00,2026-02-14T18:00:00+03:00,2026-02,EBM0226,2902.8277330264077,EPIAS_VEP:EBM0226,True,False,False,1.2237052887313198,3552.205649180363
2026-02-14T16:00:00+00:00,2026-02-14T19:00:00+03:00,2026-02,EBM0226,2902.827733026423,EPIAS_VEP:EBM0226,True,False,False,1.1917039777249325,3459.311356097837
2026-02-14T17:00:00+00:00,2026-02-14T20:00:00+03:00,2026-02,EBM0226,2902.827733026453,EPIAS_VEP:EBM0226,True,False,False,1.158271303138006,3362.262061117694
2026-02-14T18:00:00+00:00,2026-02-14T21:00:00+03:00,2026-02,EBM0226,2902.8277330264978,EPIAS_VEP:EBM0226,True,False,False,1.1507009203503373,3340.286544012074
2026-02-14T19:00:00+00:00,2026-02-14T22:00:00+03:00,2026-02,EBM0226,2902.827733026563,EPIAS_VEP:EBM0226,True,False,False,1.0017714318321105,2907.9698944759793
2026-02-14T20:00:00+00:00,2026-02-14T23:00:00+03:00,2026-02,EBM0226,2902.82773302666,EPIAS_VEP:EBM0226,True,False,False,0.9604447446607075,2788.005640840811
2026-02-14T21:00:00+00:00,2026-02-15T00:00:00+03:00,2026-02,EBM0226,2902.82773302679,EPIAS_VEP:EBM0226,True,False,False,1.0337109153640047,3000.684713051142
2026-02-14T22:00:00+00:00,2026-02-15T01:00:00+03:00,2026-02,EBM0226,2902.8277330269657,EPIAS_VEP:EBM0226,True,False,False,0.9806069961253727,2846.5331835529983
2026-02-14T23:00:00+00:00,2026-02-15T02:00:00+03:00,2026-02,EBM0226,2902.827733027196,EPIAS_VEP:EBM0226,True,False,False,0.9059357697646875,2629.7754768142754
2026-02-15T00:00:00+00:00,2026-02-15T03:00:00+03:00,2026-02,EBM0226,2902.8277330274896,EPIAS_VEP:EBM0226,True,False,False,0.8978898694194084,2606.41961415509
2026-02-15T01:00:00+00:00,2026-02-15T04:00:00+03:00,2026-02,EBM0226,2902.8277330278493,EPIAS_VEP:EBM0226,True,False,False,0.8937067039366687,2594.2766053802716
2026-02-15T02:00:00+00:00,2026-02-15T05:00:00+03:00,2026-02,EBM0226,2902.827733028283,EPIAS_VEP:EBM0226,True,False,False,0.9389723430762238,2725.67495802821
2026-02-15T03:00:00+00:00,2026-02-15T06:00:00+03:00,2026-02,EBM0226,2902.827733028805,EPIAS_VEP:EBM0226,True,False,False,1.0891151899131055,3161.5137777426967
2026-02-15T04:00:00+00:00,2026-02-15T07:00:00+03:00,2026-02,EBM0226,2902.8277330294272,EPIAS_VEP:EBM0226,True,False,False,1.0997188142312317,3192.294272484656
2026-02-15T05:00:00+00:00,2026-02-15T08:00:00+03:00,2026-02,EBM0226,2902.8277330301626,EPIAS_VEP:EBM0226,True,False,False,0.9002421808086157,2613.2479688948038
2026-02-15T06:00:00+00:00,2026-02-15T09:00:00+03:00,2026-02,EBM0226,2902.8277330310284,EPIAS_VEP:EBM0226,True,False,False,0.7958237137517923,2310.139146882449
2026-02-15T07:00:00+00:00,2026-02-15T10:00:00+03:00,2026-02,EBM0226,2902.8277330320348,EPIAS_VEP:EBM0226,True,False,False,0.6820755193434653,1979.9477335724393
2026-02-15T08:00:00+00:00,2026-02-15T11:00:00+03:00,2026-02,EBM0226,2902.8277330331907,EPIAS_VEP:EBM0226,True,False,False,0.5940427229488191,1724.4036907823843
2026-02-15T09:00:00+00:00,2026-02-15T12:00:00+03:00,2026-02,EBM0226,2902.8277330344995,EPIAS_VEP:EBM0226,True,False,False,0.5383262101973809,1562.6682523803167
2026-02-15T10:00:00+00:00,2026-02-15T13:00:00+03:00,2026-02,EBM0226,2902.8277330359588,EPIAS_VEP:EBM0226,True,False,False,0.6294948424983137,1827.3150866072078
2026-02-15T11:00:00+00:00,2026-02-15T14:00:00+03:00,2026-02,EBM0226,2902.827733037564,EPIAS_VEP:EBM0226,True,False,False,0.638304693367443,1852.888566035052
2026-02-15T12:00:00+00:00,2026-02-15T15:00:00+03:00,2026-02,EBM0226,2902.827733039305,EPIAS_VEP:EBM0226,True,False,False,0.6147264085167448,1784.4448668740558
2026-02-15T13:00:00+00:00,2026-02-15T16:00:00+03:00,2026-02,EBM0226,2902.827733041176,EPIAS_VEP:EBM0226,True,False,False,0.8582901240541693,2491.468375099794
2026-02-15T14:00:00+00:00,2026-02-15T17:00:00+03:00,2026-02,EBM0226,2902.82773304316,EPIAS_VEP:EBM0226,True,False,False,1.0813606364888058,3139.0036450209086
2026-02-15T15:00:00+00:00,2026-02-15T18:00:00+03:00,2026-02,EBM0226,2902.827733045246,EPIAS_VEP:EBM0226,True,False,False,1.175174047382362,3411.3278158965486
2026-02-15T16:00:00+00:00,2026-02-15T19:00:00+03:00,2026-02,EBM0226,2902.8277330474234,EPIAS_VEP:EBM0226,True,False,False,1.1703682408760572,3397.3773874929457
2026-02-15T17:00:00+00:00,2026-02-15T20:00:00+03:00,2026-02,EBM0226,2902.827733049676,EPIAS_VEP:EBM0226,True,False,False,1.1246338964370437,3264.6184641051677
2026-02-15T18:00:00+00:00,2026-02-15T21:00:00+03:00,2026-02,EBM0226,2902.827733051989,EPIAS_VEP:EBM0226,True,False,False,1.1014282072772434,3197.256346050117
2026-02-15T19:00:00+00:00,2026-02-15T22:00:00+03:00,2026-02,EBM0226,2902.827733054352,EPIAS_VEP:EBM0226,True,False,False,0.908328728850987,2636.7218248386516
2026-02-15T20:00:00+00:00,2026-02-15T23:00:00+03:00,2026-02,EBM0226,2902.827733056749,EPIAS_VEP:EBM0226,True,False,False,0.8897931430472948,2582.9162123214182
2026-02-15T21:00:00+00:00,2026-02-16T00:00:00+03:00,2026-02,EBM0226,2902.827733059168,EPIAS_VEP:EBM0226,True,False,False,1.022862077430873,2969.1924054608526
2026-02-15T22:00:00+00:00,2026-02-16T01:00:00+03:00,2026-02,EBM0226,2902.8277330615897,EPIAS_VEP:EBM0226,True,False,False,0.9600931543384656,2786.985034736279
2026-02-15T23:00:00+00:00,2026-02-16T02:00:00+03:00,2026-02,EBM0226,2902.827733063996,EPIAS_VEP:EBM0226,True,False,False,0.8769042214335746,2545.501893218272
2026-02-16T00:00:00+00:00,2026-02-16T03:00:00+03:00,2026-02,EBM0226,2902.827733066365,EPIAS_VEP:EBM0226,True,False,False,0.8253886916952838,2395.9611848124337
2026-02-16T01:00:00+00:00,2026-02-16T04:00:00+03:00,2026-02,EBM0226,2902.8277330686706,EPIAS_VEP:EBM0226,True,False,False,0.8290860012553654,2406.6938375430814
2026-02-16T02:00:00+00:00,2026-02-16T05:00:00+03:00,2026-02,EBM0226,2902.8277330708797,EPIAS_VEP:EBM0226,True,False,False,0.9040597479322764,2624.329708650881
2026-02-16T03:00:00+00:00,2026-02-16T06:00:00+03:00,2026-02,EBM0226,2902.8277330729507,EPIAS_VEP:EBM0226,True,False,False,0.9847609753909783,2858.5914698129013
2026-02-16T04:00:00+00:00,2026-02-16T07:00:00+03:00,2026-02,EBM0226,2902.827733074837,EPIAS_VEP:EBM0226,True,False,False,1.025380214451837,2976.502123457016
2026-02-16T05:00:00+00:00,2026-02-16T08:00:00+03:00,2026-02,EBM0226,2902.827733076479,EPIAS_VEP:EBM0226,True,False,False,1.2038211389485904,3494.485387803682
2026-02-16T06:00:00+00:00,2026-02-16T09:00:00+03:00,2026-02,EBM0226,2902.827733077805,EPIAS_VEP:EBM0226,True,False,False,1.1887161723829383,3450.63827195129
2026-02-16T07:00:00+00:00,2026-02-16T10:00:00+03:00,2026-02,EBM0226,2902.827733078742,EPIAS_VEP:EBM0226,True,False,False,1.1171018210218797,3242.7541467350775
2026-02-16T08:00:00+00:00,2026-02-16T11:00:00+03:00,2026-02,EBM0226,2902.8277330792075,EPIAS_VEP:EBM0226,True,False,False,1.0450259402487885,3033.530281141358
2026-02-16T09:00:00+00:00,2026-02-16T12:00:00+03:00,2026-02,EBM0226,2902.827733079114,EPIAS_VEP:EBM0226,True,False,False,0.8888977659540824,2580.3170868835778
2026-02-16T10:00:00+00:00,2026-02-16T13:00:00+03:00,2026-02,EBM0226,2902.8277330783594,EPIAS_VEP:EBM0226,True,False,False,0.8623763490642322,2503.329982414517
2026-02-16T11:00:00+00:00,2026-02-16T14:00:00+03:00,2026-02,EBM0226,2902.827733076833,EPIAS_VEP:EBM0226,True,False,False,0.9330544631056328,2708.4963719741454
2026-02-16T12:00:00+00:00,2026-02-16T15:00:00+03:00,2026-02,EBM0226,2902.8277330744177,EPIAS_VEP:EBM0226,True,False,False,0.9929633263615802,2882.401481688219
2026-02-16T13:00:00+00:00,2026-02-16T16:00:00+03:00,2026-02,EBM0226,2902.8277330709907,EPIAS_VEP:EBM0226,True,False,False,1.0873431288207729,3156.3697897051225
2026-02-16T14:00:00+00:00,2026-02-16T17:00:00+03:00,2026-02,EBM0226,2902.827733066424,EPIAS_VEP:EBM0226,True,False,False,1.1875970436302425,3447.389633957564
2026-02-16T15:00:00+00:00,2026-02-16T18:00:00+03:00,2026-02,EBM0226,2902.827733060584,EPIAS_VEP:EBM0226,True,False,False,1.216688606013988,3531.837428036227
2026-02-16T16:00:00+00:00,2026-02-16T19:00:00+03:00,2026-02,EBM0226,2902.8277330533306,EPIAS_VEP:EBM0226,True,False,False,1.1607475053686933,3369.4500496567125
2026-02-16T17:00:00+00:00,2026-02-16T20:00:00+03:00,2026-02,EBM0226,2902.8277330445203,EPIAS_VEP:EBM0226,True,False,False,1.1267166819339882,3270.664431601883
2026-02-16T18:00:00+00:00,2026-02-16T21:00:00+03:00,2026-02,EBM0226,2902.827733034003,EPIAS_VEP:EBM0226,True,False,False,1.1224158120446488,3258.179747199087
2026-02-16T19:00:00+00:00,2026-02-16T22:00:00+03:00,2026-02,EBM0226,2902.827733021621,EPIAS_VEP:EBM0226,True,False,False,1.000991941554812,2905.707168476466
2026-02-16T20:00:00+00:00,2026-02-16T23:00:00+03:00,2026-02,EBM0226,2902.8277330072133,EPIAS_VEP:EBM0226,True,False,False,0.968143120119854,2810.352698604046
2026-02-16T21:00:00+00:00,2026-02-17T00:00:00+03:00,2026-02,EBM0226,2902.8277329906145,EPIAS_VEP:EBM0226,True,False,False,1.025808255718066,2977.7446534291303
2026-02-16T22:00:00+00:00,2026-02-17T01:00:00+03:00,2026-02,EBM0226,2902.82773297166,EPIAS_VEP:EBM0226,True,False,False,0.9626904324551511,2794.5244855972933
2026-02-16T23:00:00+00:00,2026-02-17T02:00:00+03:00,2026-02,EBM0226,2902.827732950186,EPIAS_VEP:EBM0226,True,False,False,0.8791394994259847,2551.9905200656926
2026-02-17T00:00:00+00:00,2026-02-17T03:00:00+03:00,2026-02,EBM0226,2902.827732926029,EPIAS_VEP:EBM0226,True,False,False,0.8269335928044814,2400.445766481009
2026-02-17T01:00:00+00:00,2026-02-17T04:00:00+03:00,2026-02,EBM0226,2902.82773289903,EPIAS_VEP:EBM0226,True,False,False,0.8313539828774038,2413.2773973525927
2026-02-17T02:00:00+00:00,2026-02-17T05:00:00+03:00,2026-02,EBM0226,2902.827732869045,EPIAS_VEP:EBM0226,True,False,False,0.9070949480798797,2633.1403716316813
2026-02-17T03:00:00+00:00,2026-02-17T06:00:00+03:00,2026-02,EBM0226,2902.827732835935,EPIAS_VEP:EBM0226,True,False,False,0.9863640032094905,2863.244783187582
2026-02-17T04:00:00+00:00,2026-02-17T07:00:00+03:00,2026-02,EBM0226,2902.827732799568,EPIAS_VEP:EBM0226,True,False,False,1.0247974653697296,2974.810502977956
2026-02-17T05:00:00+00:00,2026-02-17T08:00:00+03:00,2026-02,EBM0226,2902.8277327598275,EPIAS_VEP:EBM0226,True,False,False,1.2056516137292514,3499.79894037991
2026-02-17T06:00:00+00:00,2026-02-17T09:00:00+03:00,2026-02,EBM0226,2902.8277327166197,EPIAS_VEP:EBM0226,True,False,False,1.1881252231261439,3448.922847630692
2026-02-17T07:00:00+00:00,2026-02-17T10:00:00+03:00,2026-02,EBM0226,2902.827732669873,EPIAS_VEP:EBM0226,True,False,False,1.1136162296147691,3232.636074877013
2026-02-17T08:00:00+00:00,2026-02-17T11:00:00+03:00,2026-02,EBM0226,2902.827732619555,EPIAS_VEP:EBM0226,True,False,False,1.042548248461077,3026.337968226757
2026-02-17T09:00:00+00:00,2026-02-17T12:00:00+03:00,2026-02,EBM0226,2902.827732565672,EPIAS_VEP:EBM0226,True,False,False,0.8837714369252775,2565.436236356109
2026-02-17T10:00:00+00:00,2026-02-17T13:00:00+03:00,2026-02,EBM0226,2902.827732508276,EPIAS_VEP:EBM0226,True,False,False,0.8576755938429731,2489.6844993028867
2026-02-17T11:00:00+00:00,2026-02-17T14:00:00+03:00,2026-02,EBM0226,2902.827732447472,EPIAS_VEP:EBM0226,True,False,False,0.9306241618618054,2701.441625538134
2026-02-17T12:00:00+00:00,2026-02-17T15:00:00+03:00,2026-02,EBM0226,2902.8277323834186,EPIAS_VEP:EBM0226,True,False,False,0.9896459186086478,2872.7716177772463
2026-02-17T13:00:00+00:00,2026-02-17T16:00:00+03:00,2026-02,EBM0226,2902.827732316336,EPIAS_VEP:EBM0226,True,False,False,1.085970866148177,3152.3863467425203
2026-02-17T14:00:00+00:00,2026-02-17T17:00:00+03:00,2026-02,EBM0226,2902.827732246516,EPIAS_VEP:EBM0226,True,False,False,1.1892634771092772,3452.2270023007295
2026-02-17T15:00:00+00:00,2026-02-17T18:00:00+03:00,2026-02,EBM0226,2902.827732174328,EPIAS_VEP:EBM0226,True,False,False,1.2192773333342013,3539.3520564140817
2026-02-17T16:00:00+00:00,2026-02-17T19:00:00+03:00,2026-02,EBM0226,2902.8277321002224,EPIAS_VEP:EBM0226,True,False,False,1.1642912312865767,3379.7368744197893
2026-02-17T17:00:00+00:00,2026-02-17T20:00:00+03:00,2026-02,EBM0226,2902.827732024742,EPIAS_VEP:EBM0226,True,False,False,1.1310924297928955,3283.3664726860657
2026-02-17T18:00:00+00:00,2026-02-17T21:00:00+03:00,2026-02,EBM0226,2902.82773194853,EPIAS_VEP:EBM0226,True,False,False,1.1260629566157623,3268.7667783841894
2026-02-17T19:00:00+00:00,2026-02-17T22:00:00+03:00,2026-02,EBM0226,2902.827731872334,EPIAS_VEP:EBM0226,True,False,False,1.003735274289434,2913.670589665853
2026-02-17T20:00:00+00:00,2026-02-17T23:00:00+03:00,2026-02,EBM0226,2902.8277317970173,EPIAS_VEP:EBM0226,True,False,False,0.9706770572950565,2817.7082805352125
2026-02-17T21:00:00+00:00,2026-02-18T00:00:00+03:00,2026-02,EBM0226,2902.827731723566,EPIAS_VEP:EBM0226,True,False,False,1.0288116605214839,2986.4630188823344
2026-02-17T22:00:00+00:00,2026-02-18T01:00:00+03:00,2026-02,EBM0226,2902.827731653098,EPIAS_VEP:EBM0226,True,False,False,0.9653353690022073,2802.2022794851837
2026-02-17T23:00:00+00:00,2026-02-18T02:00:00+03:00,2026-02,EBM0226,2902.8277315868622,EPIAS_VEP:EBM0226,True,False,False,0.8814072776509947,2558.5734883877885
2026-02-18T00:00:00+00:00,2026-02-18T03:00:00+03:00,2026-02,EBM0226,2902.827731526252,EPIAS_VEP:EBM0226,True,False,False,0.8285193762885243,2405.049021597162
2026-02-18T01:00:00+00:00,2026-02-18T04:00:00+03:00,2026-02,EBM0226,2902.827731472807,EPIAS_VEP:EBM0226,True,False,False,0.8336773778841272,2420.021811623579
2026-02-18T02:00:00+00:00,2026-02-18T05:00:00+03:00,2026-02,EBM0226,2902.8277314282213,EPIAS_VEP:EBM0226,True,False,False,0.9101569208671736,2642.0287498445527
2026-02-18T03:00:00+00:00,2026-02-18T06:00:00+03:00,2026-02,EBM0226,2902.827731394348,EPIAS_VEP:EBM0226,True,False,False,0.9879817249481212,2867.9407492902296
2026-02-18T04:00:00+00:00,2026-02-18T07:00:00+03:00,2026-02,EBM0226,2902.827731373207,EPIAS_VEP:EBM0226,True,False,False,1.0241843809918905,2973.0308231825616
2026-02-18T05:00:00+00:00,2026-02-18T08:00:00+03:00,2026-02,EBM0226,2902.827731366985,EPIAS_VEP:EBM0226,True,False,False,1.207502319642203,3505.171219147348
2026-02-18T06:00:00+00:00,2026-02-18T09:00:00+03:00,2026-02,EBM0226,2902.827731378042,EPIAS_VEP:EBM0226,True,False,False,1.1875342004839016,3447.2072091245204
2026-02-18T07:00:00+00:00,2026-02-18T10:00:00+03:00,2026-02,EBM0226,2902.8277314089128,EPIAS_VEP:EBM0226,True,False,False,1.1100614390714565,3222.317128904309
2026-02-18T08:00:00+00:00,2026-02-18T11:00:00+03:00,2026-02,EBM0226,2902.8277314623133,EPIAS_VEP:EBM0226,True,False,False,1.0400225895306188,3019.006414236727
2026-02-18T09:00:00+00:00,2026-02-18T12:00:00+03:00,2026-02,EBM0226,2902.827731541128,EPIAS_VEP:EBM0226,True,False,False,0.8784937233017716,2550.1159419852006
2026-02-18T10:00:00+00:00,2026-02-18T13:00:00+03:00,2026-02,EBM0226,2902.8277316484086,EPIAS_VEP:EBM0226,True,False,False,0.8529089565343737,2475.847771599287
2026-02-18T11:00:00+00:00,2026-02-18T14:00:00+03:00,2026-02,EBM0226,2902.8277317873644,EPIAS_VEP:EBM0226,True,False,False,0.9282115149921029,2694.4381266834394
2026-02-18T12:00:00+00:00,2026-02-18T15:00:00+03:00,2026-02,EBM0226,2902.8277319613526,EPIAS_VEP:EBM0226,True,False,False,0.9863277058264873,2863.1394172749465
2026-02-18T13:00:00+00:00,2026-02-18T16:00:00+03:00,2026-02,EBM0226,2902.8277321738638,EPIAS_VEP:EBM0226,True,False,False,1.0846313983827482,3148.4981024119597
2026-02-18T14:00:00+00:00,2026-02-18T17:00:00+03:00,2026-02,EBM0226,2902.8277324285013,EPIAS_VEP:EBM0226,True,False,False,1.1909602478007235,3457.15243553586
2026-02-18T15:00:00+00:00,2026-02-18T18:00:00+03:00,2026-02,EBM0226,2902.8277327289707,EPIAS_VEP:EBM0226,True,False,False,1.2218907168716795,3546.938259299194
2026-02-18T16:00:00+00:00,2026-02-18T19:00:00+03:00,2026-02,EBM0226,2902.827733079043,EPIAS_VEP:EBM0226,True,False,False,1.1679114670694786,3390.245796390314
2026-02-18T17:00:00+00:00,2026-02-18T20:00:00+03:00,2026-02,EBM0226,2902.8277334825225,EPIAS_VEP:EBM0226,True,False,False,1.1355608529044898,3296.3375368682205
2026-02-18T18:00:00+00:00,2026-02-18T21:00:00+03:00,2026-02,EBM0226,2902.8277339432207,EPIAS_VEP:EBM0226,True,False,False,1.129800751547619,3279.6169554223225
2026-02-18T19:00:00+00:00,2026-02-18T22:00:00+03:00,2026-02,EBM0226,2902.827734464917,EPIAS_VEP:EBM0226,True,False,False,1.0065581015882445,2921.8647736407115
2026-02-18T20:00:00+00:00,2026-02-18T23:00:00+03:00,2026-02,EBM0226,2902.82773505131,EPIAS_VEP:EBM0226,True,False,False,0.9732688730946846,2825.231878481384
2026-02-18T21:00:00+00:00,2026-02-19T00:00:00+03:00,2026-02,EBM0226,2902.8277357059696,EPIAS_VEP:EBM0226,True,False,False,1.0318702648728455,2995.341624523161
2026-02-18T22:00:00+00:00,2026-02-19T01:00:00+03:00,2026-02,EBM0226,2902.8277364322703,EPIAS_VEP:EBM0226,True,False,False,0.9680264707892573,2810.014089007699
2026-02-18T23:00:00+00:00,2026-02-19T02:00:00+03:00,2026-02,EBM0226,2902.82773723333,EPIAS_VEP:EBM0226,True,False,False,0.8837066620980207,2565.2482103160164
2026-02-19T00:00:00+00:00,2026-02-19T03:00:00+03:00,2026-02,EBM0226,2902.8277381119315,EPIAS_VEP:EBM0226,True,False,False,0.8301460397264515,2409.770950801713
2026-02-19T01:00:00+00:00,2026-02-19T04:00:00+03:00,2026-02,EBM0226,2902.8277390704416,EPIAS_VEP:EBM0226,True,False,False,0.8360556967747782,2426.925668005692
2026-02-19T02:00:00+00:00,2026-02-19T05:00:00+03:00,2026-02,EBM0226,2902.827740110721,EPIAS_VEP:EBM0226,True,False,False,0.9132437372776371,2650.989254051912
2026-02-19T03:00:00+00:00,2026-02-19T06:00:00+03:00,2026-02,EBM0226,2902.8277412340312,EPIAS_VEP:EBM0226,True,False,False,0.9896116756570269,2872.672225146312
2026-02-19T04:00:00+00:00,2026-02-19T07:00:00+03:00,2026-02,EBM0226,2902.827742440925,EPIAS_VEP:EBM0226,True,False,False,1.0235391186049296,2971.1577489599217
2026-02-19T05:00:00+00:00,2026-02-19T08:00:00+03:00,2026-02,EBM0226,2902.8277437311376,EPIAS_VEP:EBM0226,True,False,False,1.2093712646544768,3510.5964595102273
2026-02-19T06:00:00+00:00,2026-02-19T09:00:00+03:00,2026-02,EBM0226,2902.827745103465,EPIAS_VEP:EBM0226,True,False,False,1.1869438579052851,3445.4935626076062
2026-02-19T07:00:00+00:00,2026-02-19T10:00:00+03:00,2026-02,EBM0226,2902.8277465556325,EPIAS_VEP:EBM0226,True,False,False,1.1064409563033726,3211.807507882978
2026-02-19T08:00:00+00:00,2026-02-19T11:00:00+03:00,2026-02,EBM0226,2902.8277480841584,EPIAS_VEP:EBM0226,True,False,False,1.0374516955672757,3011.543569189647
2026-02-19T09:00:00+00:00,2026-02-19T12:00:00+03:00,2026-02,EBM0226,2902.827749684211,EPIAS_VEP:EBM0226,True,False,False,0.8730705439782764,2534.3734024920304
2026-02-19T10:00:00+00:00,2026-02-19T13:00:00+03:00,2026-02,EBM0226,2902.8277513494613,EPIAS_VEP:EBM0226,True,False,False,0.8480812756733405,2461.8338624244257
2026-02-19T11:00:00+00:00,2026-02-19T14:00:00+03:00,2026-02,EBM0226,2902.8277530719147,EPIAS_VEP:EBM0226,True,False,False,0.925819049060136,2687.4932299344114
2026-02-19T12:00:00+00:00,2026-02-19T15:00:00+03:00,2026-02,EBM0226,2902.827754841749,EPIAS_VEP:EBM0226,True,False,False,0.9830116502089965,2853.513501559464
2026-02-19T13:00:00+00:00,2026-02-19T16:00:00+03:00,2026-02,EBM0226,2902.827756647137,EPIAS_VEP:EBM0226,True,False,False,1.0833255360639367,3144.7074355710342
2026-02-19T14:00:00+00:00,2026-02-19T17:00:00+03:00,2026-02,EBM0226,2902.8277584740617,EPIAS_VEP:EBM0226,True,False,False,1.1926855261377722,3462.160652402966
2026-02-19T15:00:00+00:00,2026-02-19T18:00:00+03:00,2026-02,EBM0226,2902.8277603061533,EPIAS_VEP:EBM0226,True,False,False,1.2245261500449387,3554.588501571266
2026-02-19T16:00:00+00:00,2026-02-19T19:00:00+03:00,2026-02,EBM0226,2902.827762124501,EPIAS_VEP:EBM0226,True,False,False,1.171605351689241,3400.968541137169
2026-02-19T17:00:00+00:00,2026-02-19T20:00:00+03:00,2026-02,EBM0226,2902.8277639074736,EPIAS_VEP:EBM0226,True,False,False,1.140118495851657,3309.567623902618
2026-02-19T18:00:00+00:00,2026-02-19T21:00:00+03:00,2026-02,EBM0226,2902.8277656305354,EPIAS_VEP:EBM0226,True,False,False,1.1336266021878645,3290.7227766883343
2026-02-19T19:00:00+00:00,2026-02-19T22:00:00+03:00,2026-02,EBM0226,2902.82776726608,EPIAS_VEP:EBM0226,True,False,False,1.0094587977980067,2930.2850281590895
2026-02-19T20:00:00+00:00,2026-02-19T23:00:00+03:00,2026-02,EBM0226,2902.8277687832456,EPIAS_VEP:EBM0226,True,False,False,0.9759170400193081,2832.9190837967976
2026-02-19T21:00:00+00:00,2026-02-20T00:00:00+03:00,2026-02,EBM0226,2902.827770147752,EPIAS_VEP:EBM0226,True,False,False,1.0349819915036726,3004.3744665396857
2026-02-19T22:00:00+00:00,2026-02-20T01:00:00+03:00,2026-02,EBM0226,2902.827771321748,EPIAS_VEP:EBM0226,True,False,False,0.9707622088137297,2817.9554990941365
2026-02-19T23:00:00+00:00,2026-02-20T02:00:00+03:00,2026-02,EBM0226,2902.827772263676,EPIAS_VEP:EBM0226,True,False,False,0.8860367446751143,2572.0120696890212
2026-02-20T00:00:00+00:00,2026-02-20T03:00:00+03:00,2026-02,EBM0226,2902.827772928158,EPIAS_VEP:EBM0226,True,False,False,0.8318135582179566,2414.6114986932776
2026-02-20T01:00:00+00:00,2026-02-20T04:00:00+03:00,2026-02,EBM0226,2902.8277732658976,EPIAS_VEP:EBM0226,True,False,False,0.838488406113496,2433.987432827711
2026-02-20T02:00:00+00:00,2026-02-20T05:00:00+03:00,2026-02,EBM0226,2902.8277732236133,EPIAS_VEP:EBM0226,True,False,False,0.9163534514844754,2660.016249058452
2026-02-20T03:00:00+00:00,2026-02-20T06:00:00+03:00,2026-02,EBM0226,2902.827772744008,EPIAS_VEP:EBM0226,True,False,False,0.9912513758704335,2877.432023647404
2026-02-20T04:00:00+00:00,2026-02-20T07:00:00+03:00,2026-02,EBM0226,2902.827771765774,EPIAS_VEP:EBM0226,True,False,False,1.0228598571188152,2969.1859998688683
2026-02-20T05:00:00+00:00,2026-02-20T08:00:00+03:00,2026-02,EBM0226,2902.827770223638,EPIAS_VEP:EBM0226,True,False,False,1.2112564237368113,3516.0687836849856
2026-02-20T06:00:00+00:00,2026-02-20T09:00:00+03:00,2026-02,EBM0226,2902.8277680484584,EPIAS_VEP:EBM0226,True,False,False,1.1863549321252536,3443.7840397344303
2026-02-20T07:00:00+00:00,2026-02-20T10:00:00+03:00,2026-02,EBM0226,2902.8277651673825,EPIAS_VEP:EBM0226,True,False,False,1.1027583472358178,3201.1175486262255
2026-02-20T08:00:00+00:00,2026-02-20T11:00:00+03:00,2026-02,EBM0226,2902.8277615040656,EPIAS_VEP:EBM0226,True,False,False,1.0348383423618053,3003.957468876697
2026-02-20T09:00:00+00:00,2026-02-20T12:00:00+03:00,2026-02,EBM0226,2902.827756978957,EPIAS_VEP:EBM0226,True,False,False,0.8675079694787696,2518.226213203426
2026-02-20T10:00:00+00:00,2026-02-20T13:00:00+03:00,2026-02,EBM0226,2902.827751509666,EPIAS_VEP:EBM0226,True,False,False,0.8431974692220003,2447.65701366034
2026-02-20T11:00:00+00:00,2026-02-20T14:00:00+03:00,2026-02,EBM0226,2902.8277450114133,EPIAS_VEP:EBM0226,True,False,False,0.9234492793908893,2680.6141893266695
2026-02-20T12:00:00+00:00,2026-02-20T15:00:00+03:00,2026-02,EBM0226,2902.8277373975816,EPIAS_VEP:EBM0226,True,False,False,0.9797007176315511,2843.9024174891824
2026-02-20T13:00:00+00:00,2026-02-20T16:00:00+03:00,2026-02,EBM0226,2902.827728580364,EPIAS_VEP:EBM0226,True,False,False,1.0820540531695015,3141.0165093632004
2026-02-20T14:00:00+00:00,2026-02-20T17:00:00+03:00,2026-02,EBM0226,2902.8277184715294,EPIAS_VEP:EBM0226,True,False,False,1.194437443636161,3467.246119367323
2026-02-20T15:00:00+00:00,2026-02-20T18:00:00+03:00,2026-02,EBM0226,2902.827706983298,EPIAS_VEP:EBM0226,True,False,False,1.2271809917284051,3562.2949842724556
2026-02-20T16:00:00+00:00,2026-02-20T19:00:00+03:00,2026-02,EBM0226,2902.827694029351,EPIAS_VEP:EBM0226,True,False,False,1.175369937863236,3411.8964063589588
2026-02-20T17:00:00+00:00,2026-02-20T20:00:00+03:00,2026-02,EBM0226,2902.8276795259794,EPIAS_VEP:EBM0226,True,False,False,1.1447618028931499,3323.046247902299
2026-02-20T18:00:00+00:00,2026-02-20T21:00:00+03:00,2026-02,EBM0226,2902.827663393373,EPIAS_VEP:EBM0226,True,False,False,1.137537813838782,3302.076234167237
2026-02-20T19:00:00+00:00,2026-02-20T22:00:00+03:00,2026-02,EBM0226,2902.8276455570817,EPIAS_VEP:EBM0226,True,False,False,1.0124356603807674,2938.926224301132
2026-02-20T20:00:00+00:00,2026-02-20T23:00:00+03:00,2026-02,EBM0226,2902.8276259496274,EPIAS_VEP:EBM0226,True,False,False,0.9786199776883505,2840.765106539952
2026-02-20T21:00:00+00:00,2026-02-21T00:00:00+03:00,2026-02,EBM0226,2902.8276045122934,EPIAS_VEP:EBM0226,True,False,False,1.062716977554751,3084.8841782298023
2026-02-20T22:00:00+00:00,2026-02-21T01:00:00+03:00,2026-02,EBM0226,2902.827581197082,EPIAS_VEP:EBM0226,True,False,False,1.025715674679946,2977.4757509271208
2026-02-20T23:00:00+00:00,2026-02-21T02:00:00+03:00,2026-02,EBM0226,2902.827555968851,EPIAS_VEP:EBM0226,True,False,False,0.9974497296290196,2895.424560860798
2026-02-21T00:00:00+00:00,2026-02-21T03:00:00+03:00,2026-02,EBM0226,2902.827528807651,EPIAS_VEP:EBM0226,True,False,False,0.9554521734189585,2773.5128714596544
2026-02-21T01:00:00+00:00,2026-02-21T04:00:00+03:00,2026-02,EBM0226,2902.827499711245,EPIAS_VEP:EBM0226,True,False,False,0.9592412168627048,2784.5117831655375
2026-02-21T02:00:00+00:00,2026-02-21T05:00:00+03:00,2026-02,EBM0226,2902.8274686978298,EPIAS_VEP:EBM0226,True,False,False,0.999481905836068,2901.323530727396
2026-02-21T03:00:00+00:00,2026-02-21T06:00:00+03:00,2026-02,EBM0226,2902.827435808936,EPIAS_VEP:EBM0226,True,False,False,1.063339078179442,3086.689849707068
2026-02-21T04:00:00+00:00,2026-02-21T07:00:00+03:00,2026-02,EBM0226,2902.827401112534,EPIAS_VEP:EBM0226,True,False,False,1.0331712061609157,2999.117687284393
2026-02-21T05:00:00+00:00,2026-02-21T08:00:00+03:00,2026-02,EBM0226,2902.8273647063284,EPIAS_VEP:EBM0226,True,False,False,1.0620867512428844,3083.054485199888
2026-02-21T06:00:00+00:00,2026-02-21T09:00:00+03:00,2026-02,EBM0226,2902.8273267212194,EPIAS_VEP:EBM0226,True,False,False,1.0264287278184594,2979.5453600431206
2026-02-21T07:00:00+00:00,2026-02-21T10:00:00+03:00,2026-02,EBM0226,2902.827287324949,EPIAS_VEP:EBM0226,True,False,False,0.8959107447633172,2600.674156906575
2026-02-21T08:00:00+00:00,2026-02-21T11:00:00+03:00,2026-02,EBM0226,2902.8272467258976,EPIAS_VEP:EBM0226,True,False,False,0.8614639734631675,2500.681094241638
2026-02-21T09:00:00+00:00,2026-02-21T12:00:00+03:00,2026-02,EBM0226,2902.827205177024,EPIAS_VEP:EBM0226,True,False,False,0.7504844522994256,2178.5266851971514
2026-02-21T10:00:00+00:00,2026-02-21T13:00:00+03:00,2026-02,EBM0226,2902.827162979924,EPIAS_VEP:EBM0226,True,False,False,0.7325007080404766,2126.3229522019224
2026-02-21T11:00:00+00:00,2026-02-21T14:00:00+03:00,2026-02,EBM0226,2902.827120488996,EPIAS_VEP:EBM0226,True,False,False,0.7106733682550875,2062.9619271801316
2026-02-21T12:00:00+00:00,2026-02-21T15:00:00+03:00,2026-02,EBM0226,2902.827078115645,EPIAS_VEP:EBM0226,True,False,False,0.7520067777307048,2182.945637323183
2026-02-21T13:00:00+00:00,2026-02-21T16:00:00+03:00,2026-02,EBM0226,2902.8270363325432,EPIAS_VEP:EBM0226,True,False,False,0.827308075220976,2401.5322481276867
2026-02-21T14:00:00+00:00,2026-02-21T17:00:00+03:00,2026-02,EBM0226,2902.8269956778595,EPIAS_VEP:EBM0226,True,False,False,1.1285973025594904,3276.1227171189016
2026-02-21T15:00:00+00:00,2026-02-21T18:00:00+03:00,2026-02,EBM0226,2902.8269567594425,EPIAS_VEP:EBM0226,True,False,False,1.2378751232463134,3593.337276861316
2026-02-21T16:00:00+00:00,2026-02-21T19:00:00+03:00,2026-02,EBM0226,2902.826920258887,EPIAS_VEP:EBM0226,True,False,False,1.216606056382048,3531.5968118158103
2026-02-21T17:00:00+00:00,2026-02-21T20:00:00+03:00,2026-02,EBM0226,2902.826886935426,EPIAS_VEP:EBM0226,True,False,False,1.1920328108864775,3460.264893550479
2026-02-21T18:00:00+00:00,2026-02-21T21:00:00+03:00,2026-02,EBM0226,2902.8268576295777,EPIAS_VEP:EBM0226,True,False,False,1.1750564606186733,3410.985453115037
2026-02-21T19:00:00+00:00,2026-02-21T22:00:00+03:00,2026-02,EBM0226,2902.8268332664825,EPIAS_VEP:EBM0226,True,False,False,1.0265762496918438,2979.973083999557
2026-02-21T20:00:00+00:00,2026-02-21T23:00:00+03:00,2026-02,EBM0226,2902.8268148588318,EPIAS_VEP:EBM0226,True,False,False,0.984040148634617,2856.4981303542368
2026-02-21T21:00:00+00:00,2026-02-22T00:00:00+03:00,2026-02,EBM0226,2902.826803509301,EPIAS_VEP:EBM0226,True,False,False,1.0535183744445642,3058.181375327229
2026-02-21T22:00:00+00:00,2026-02-22T01:00:00+03:00,2026-02,EBM0226,2902.8268004124016,EPIAS_VEP:EBM0226,True,False,False,1.0015053022129683,2907.196432018926
2026-02-21T23:00:00+00:00,2026-02-22T02:00:00+03:00,2026-02,EBM0226,2902.8268068555985,EPIAS_VEP:EBM0226,True,False,False,0.9226173114814312,2678.19826423734
2026-02-22T00:00:00+00:00,2026-02-22T03:00:00+03:00,2026-02,EBM0226,2902.8268242196327,EPIAS_VEP:EBM0226,True,False,False,0.9116607890991445,2646.393393186234
2026-02-22T01:00:00+00:00,2026-02-22T04:00:00+03:00,2026-02,EBM0226,2902.8268539778705,EPIAS_VEP:EBM0226,True,False,False,0.9119850681906377,2647.3347463706227
2026-02-22T02:00:00+00:00,2026-02-22T05:00:00+03:00,2026-02,EBM0226,2902.826897694561,EPIAS_VEP:EBM0226,True,False,False,0.959383115279993,2784.9231122287656
2026-02-22T03:00:00+00:00,2026-02-22T06:00:00+03:00,2026-02,EBM0226,2902.826957021869,EPIAS_VEP:EBM0226,True,False,False,1.097004265710257,3184.413554471715
2026-02-22T04:00:00+00:00,2026-02-22T07:00:00+03:00,2026-02,EBM0226,2902.8270336955,EPIAS_VEP:EBM0226,True,False,False,1.0644571124280757,3089.9348821656686
2026-02-22T05:00:00+00:00,2026-02-22T08:00:00+03:00,2026-02,EBM0226,2902.8271295287623,EPIAS_VEP:EBM0226,True,False,False,0.8444148041553979,2451.1902020780058
2026-02-22T06:00:00+00:00,2026-02-22T09:00:00+03:00,2026-02,EBM0226,2902.827246404901,EPIAS_VEP:EBM0226,True,False,False,0.7410572557156632,2151.161193037471
2026-02-22T07:00:00+00:00,2026-02-22T10:00:00+03:00,2026-02,EBM0226,2902.8273862675114,EPIAS_VEP:EBM0226,True,False,False,0.6180926487166605,1794.2162679453465
2026-02-22T08:00:00+00:00,2026-02-22T11:00:00+03:00,2026-02,EBM0226,2902.82755110886,EPIAS_VEP:EBM0226,True,False,False,0.5289053107237888,1535.3209078968064
2026-02-22T09:00:00+00:00,2026-02-22T12:00:00+03:00,2026-02,EBM0226,2902.82774295589,EPIAS_VEP:EBM0226,True,False,False,0.474490451960749,1377.3640477193412
2026-02-22T10:00:00+00:00,2026-02-22T13:00:00+03:00,2026-02,EBM0226,2902.827963853735,EPIAS_VEP:EBM0226,True,False,False,0.5565224171459393,1615.488835002706
2026-02-22T11:00:00+00:00,2026-02-22T14:00:00+03:00,2026-02,EBM0226,2902.8282158465418,EPIAS_VEP:EBM0226,True,False,False,0.5718786847611277,1660.065582165811
2026-02-22T12:00:00+00:00,2026-02-22T15:00:00+03:00,2026-02,EBM0226,2902.8285009553747,EPIAS_VEP:EBM0226,True,False,False,0.5457303938413091,1584.1617410801534
2026-02-22T13:00:00+00:00,2026-02-22T16:00:00+03:00,2026-02,EBM0226,2902.828821153017,EPIAS_VEP:EBM0226,True,False,False,0.7931650464919684,2302.4223568880584
2026-02-22T14:00:00+00:00,2026-02-22T17:00:00+03:00,2026-02,EBM0226,2902.8291783354634,EPIAS_VEP:EBM0226,True,False,False,1.0560358467354842,3065.491669271961
2026-02-22T15:00:00+00:00,2026-02-22T18:00:00+03:00,2026-02,EBM0226,2902.829574289899,EPIAS_VEP:EBM0226,True,False,False,1.181008534531607,3428.2665015271223
2026-02-22T16:00:00+00:00,2026-02-22T19:00:00+03:00,2026-02,EBM0226,2902.8300106589822,EPIAS_VEP:EBM0226,True,False,False,1.191901789673046,3459.888284821068
2026-02-22T17:00:00+00:00,2026-02-22T20:00:00+03:00,2026-02,EBM0226,2902.8304889012497,EPIAS_VEP:EBM0226,True,False,False,1.1547695149965893,3352.1001557858085
2026-02-22T18:00:00+00:00,2026-02-22T21:00:00+03:00,2026-02,EBM0226,2902.831010247474,EPIAS_VEP:EBM0226,True,False,False,1.124772761088853,3265.0252503703955
2026-02-22T19:00:00+00:00,2026-02-22T22:00:00+03:00,2026-02,EBM0226,2902.8315756528496,EPIAS_VEP:EBM0226,True,False,False,0.925288472127526,2685.956593479364
2026-02-22T20:00:00+00:00,2026-02-22T23:00:00+03:00,2026-02,EBM0226,2902.832185744854,EPIAS_VEP:EBM0226,True,False,False,0.9054797977779184,2628.4559005314836
2026-02-22T21:00:00+00:00,2026-02-23T00:00:00+03:00,2026-02,EBM0226,2902.832840766705,EPIAS_VEP:EBM0226,True,False,False,1.0446144202961567,3032.3410451741574
2026-02-22T22:00:00+00:00,2026-02-23T01:00:00+03:00,2026-02,EBM0226,2902.8335405163534,EPIAS_VEP:EBM0226,True,False,False,0.9792214410613738,2842.5168427057133
2026-02-22T23:00:00+00:00,2026-02-23T02:00:00+03:00,2026-02,EBM0226,2902.834284280976,EPIAS_VEP:EBM0226,True,False,False,0.8932019004131466,2592.817099304204
2026-02-23T00:00:00+00:00,2026-02-23T03:00:00+03:00,2026-02,EBM0226,2902.835070767005,EPIAS_VEP:EBM0226,True,False,False,0.8370606467691059,2429.8490018002726
2026-02-23T01:00:00+00:00,2026-02-23T04:00:00+03:00,2026-02,EBM0226,2902.835898025751,EPIAS_VEP:EBM0226,True,False,False,0.846106882836103,2456.1094330633077
2026-02-23T02:00:00+00:00,2026-02-23T05:00:00+03:00,2026-02,EBM0226,2902.836763374753,EPIAS_VEP:EBM0226,True,False,False,0.9258003083104804,2687.4471705073433
2026-02-23T03:00:00+00:00,2026-02-23T06:00:00+03:00,2026-02,EBM0226,2902.8376633150588,EPIAS_VEP:EBM0226,True,False,False,0.9962040262786349,2891.818567827726
2026-02-23T04:00:00+00:00,2026-02-23T07:00:00+03:00,2026-02,EBM0226,2902.838593444684,EPIAS_VEP:EBM0226,True,False,False,1.020600252667082,2962.637801921402
2026-02-23T05:00:00+00:00,2026-02-23T08:00:00+03:00,2026-02,EBM0226,2902.8395483686218,EPIAS_VEP:EBM0226,True,False,False,1.2169884896123404,3532.7223175560976
2026-02-23T06:00:00+00:00,2026-02-23T09:00:00+03:00,2026-02,EBM0226,2902.8405216058272,EPIAS_VEP:EBM0226,True,False,False,1.1846037538464425,3438.715778711828
2026-02-23T07:00:00+00:00,2026-02-23T10:00:00+03:00,2026-02,EBM0226,2902.841505493727,EPIAS_VEP:EBM0226,True,False,False,1.091374222122528,3168.086390003204
2026-02-23T08:00:00+00:00,2026-02-23T11:00:00+03:00,2026-02,EBM0226,2902.842491090894,EPIAS_VEP:EBM0226,True,False,False,1.026771872769354,2980.557020931854
2026-02-23T09:00:00+00:00,2026-02-23T12:00:00+03:00,2026-02,EBM0226,2902.843468078657,EPIAS_VEP:EBM0226,True,False,False,0.8500467047366522,2467.552524406578
2026-02-23T10:00:00+00:00,2026-02-23T13:00:00+03:00,2026-02,EBM0226,2902.84442466254,EPIAS_VEP:EBM0226,True,False,False,0.8282595494450707,2404.308615280131
2026-02-23T11:00:00+00:00,2026-02-23T14:00:00+03:00,2026-02,EBM0226,2902.8453474745666,EPIAS_VEP:EBM0226,True,False,False,0.9165010721709981,2660.4608733070336
2026-02-23T12:00:00+00:00,2026-02-23T15:00:00+03:00,2026-02,EBM0226,2902.8462214776,EPIAS_VEP:EBM0226,True,False,False,0.9698283043437366,2815.2624287462436
2026-02-23T13:00:00+00:00,2026-02-23T16:00:00+03:00,2026-02,EBM0226,2902.8470298730567,EPIAS_VEP:EBM0226,True,False,False,1.0784530582445815,3130.584256982798
2026-02-23T14:00:00+00:00,2026-02-23T17:00:00+03:00,2026-02,EBM0226,2902.847754013513,EPIAS_VEP:EBM0226,True,False,False,1.1998338081708078,3482.9348752381097
2026-02-23T15:00:00+00:00,2026-02-23T18:00:00+03:00,2026-02,EBM0226,2902.848373321864,EPIAS_VEP:EBM0226,True,False,False,1.235235101373031,3585.7002046907705
2026-02-23T16:00:00+00:00,2026-02-23T19:00:00+03:00,2026-02,EBM0226,2902.848865218905,EPIAS_VEP:EBM0226,True,False,False,1.1870572041533871,3445.8476580265856
2026-02-23T17:00:00+00:00,2026-02-23T20:00:00+03:00,2026-02,EBM0226,2902.849205061404,EPIAS_VEP:EBM0226,True,False,False,1.1591687240488202,3364.8920091371597
2026-02-23T18:00:00+00:00,2026-02-23T21:00:00+03:00,2026-02,EBM0226,2902.849366092913,EPIAS_VEP:EBM0226,True,False,False,1.1497552235775867,3337.566221924213
2026-02-23T19:00:00+00:00,2026-02-23T22:00:00+03:00,2026-02,EBM0226,2902.849319409786,EPIAS_VEP:EBM0226,True,False,False,1.021805099871048,2966.14623873012
2026-02-23T20:00:00+00:00,2026-02-23T23:00:00+03:00,2026-02,EBM0226,2902.849033945071,EPIAS_VEP:EBM0226,True,False,False,0.9870408481602782,2865.230572546387
2026-02-23T21:00:00+00:00,2026-02-24T00:00:00+03:00,2026-02,EBM0226,2902.8484764731784,EPIAS_VEP:EBM0226,True,False,False,1.047916928521999,3041.944059430537
2026-02-23T22:00:00+00:00,2026-02-24T01:00:00+03:00,2026-02,EBM0226,2902.8476116384304,EPIAS_VEP:EBM0226,True,False,False,0.9821197646857113,2850.9440132608142
2026-02-23T23:00:00+00:00,2026-02-24T02:00:00+03:00,2026-02,EBM0226,2902.8464020108063,EPIAS_VEP:EBM0226,True,False,False,0.8956454319916226,2599.921119734296
2026-02-24T00:00:00+00:00,2026-02-24T03:00:00+03:00,2026-02,EBM0226,2902.84480817243,EPIAS_VEP:EBM0226,True,False,False,0.8388908686539721,2435.1700026954427
2026-02-24T01:00:00+00:00,2026-02-24T04:00:00+03:00,2026-02,EBM0226,2902.8427888385327,EPIAS_VEP:EBM0226,True,False,False,0.8487509403422676,2463.7905466924753
2026-02-24T02:00:00+00:00,2026-02-24T05:00:00+03:00,2026-02,EBM0226,2902.840301016839,EPIAS_VEP:EBM0226,True,False,False,0.9289818824333589,2696.6860472420412
2026-02-24T03:00:00+00:00,2026-02-24T06:00:00+03:00,2026-02,EBM0226,2902.837300209497,EPIAS_VEP:EBM0226,True,False,False,0.9978577482023839,2896.618691784936
2026-02-24T04:00:00+00:00,2026-02-24T07:00:00+03:00,2026-02,EBM0226,2902.833740661862,EPIAS_VEP:EBM0226,True,False,False,1.0197673180231115,2960.2149783817435
2026-02-24T05:00:00+00:00,2026-02-24T08:00:00+03:00,2026-02,EBM0226,2902.829575662578,EPIAS_VEP:EBM0226,True,False,False,1.2189176775203434,3538.3102846039938
2026-02-24T06:00:00+00:00,2026-02-24T09:00:00+03:00,2026-02,EBM0226,2902.8247578995274,EPIAS_VEP:EBM0226,True,False,False,1.1840274979583074,3437.0243351072068
2026-02-24T07:00:00+00:00,2026-02-24T10:00:00+03:00,2026-02,EBM0226,2902.819239876336,EPIAS_VEP:EBM0226,True,False,False,1.0874798058983304,3156.7573035386567
2026-02-24T08:00:00+00:00,2026-02-24T11:00:00+03:00,2026-02,EBM0226,2902.812974394145,EPIAS_VEP:EBM0226,True,False,False,1.0240172009807307,2972.530417009642
2026-02-24T09:00:00+00:00,2026-02-24T12:00:00+03:00,2026-02,EBM0226,2902.80591510342,EPIAS_VEP:EBM0226,True,False,False,0.843990036086465,2449.939269040139
2026-02-24T10:00:00+00:00,2026-02-24T13:00:00+03:00,2026-02,EBM0226,2902.7980171304903,EPIAS_VEP:EBM0226,True,False,False,0.8232018114798055,2389.5885860618073
2026-02-24T11:00:00+00:00,2026-02-24T14:00:00+03:00,2026-02,EBM0226,2902.789237783483,EPIAS_VEP:EBM0226,True,False,False,0.9142469154038757,2653.8661067111166
2026-02-24T12:00:00+00:00,2026-02-24T15:00:00+03:00,2026-02,EBM0226,2902.7795373421186,EPIAS_VEP:EBM0226,True,False,False,0.9665674833539045,2805.7323121399827
2026-02-24T13:00:00+00:00,2026-02-24T16:00:00+03:00,2026-02,EBM0226,2902.768879935649,EPIAS_VEP:EBM0226,True,False,False,1.0773260784302021,3127.228614010303
2026-02-24T14:00:00+00:00,2026-02-24T17:00:00+03:00,2026-02,EBM0226,2902.7572345128974,EPIAS_VEP:EBM0226,True,False,False,1.2016728956559142,3488.164691383267
2026-02-24T15:00:00+00:00,2026-02-24T18:00:00+03:00,2026-02,EBM0226,2902.7445759079965,EPIAS_VEP:EBM0226,True,False,False,1.2379405802300174,3593.425304559081
2026-02-24T16:00:00+00:00,2026-02-24T19:00:00+03:00,2026-02,EBM0226,2902.7308860049347,EPIAS_VEP:EBM0226,True,False,False,1.1910735080036317,3457.3658591843873
2026-02-24T17:00:00+00:00,2026-02-24T20:00:00+03:00,2026-02,EBM0226,2902.716155003414,EPIAS_VEP:EBM0226,True,False,False,1.164117254170256,3379.1019599982174
2026-02-24T18:00:00+00:00,2026-02-24T21:00:00+03:00,2026-02,EBM0226,2902.700382787841,EPIAS_VEP:EBM0226,True,False,False,1.1539790264019996,3349.6553616662245
2026-02-24T19:00:00+00:00,2026-02-24T22:00:00+03:00,2026-02,EBM0226,2902.683580400426,EPIAS_VEP:EBM0226,True,False,False,1.0250681192450433,2975.448398524533
2026-02-24T20:00:00+00:00,2026-02-24T23:00:00+03:00,2026-02,EBM0226,2902.665771618407,EPIAS_VEP:EBM0226,True,False,False,0.9899460579368076,2873.4825381217433
2026-02-24T21:00:00+00:00,2026-02-25T00:00:00+03:00,2026-02,EBM0226,2902.646994634292,EPIAS_VEP:EBM0226,True,False,False,1.0512614900552557,3051.4410046836556
2026-02-24T22:00:00+00:00,2026-02-25T01:00:00+03:00,2026-02,EBM0226,2902.6273038367326,EPIAS_VEP:EBM0226,True,False,False,0.9850545897464181,2859.2463479676444
2026-02-24T23:00:00+00:00,2026-02-25T02:00:00+03:00,2026-02,EBM0226,2902.606771688225,EPIAS_VEP:EBM0226,True,False,False,0.8981149291709677,2606.8744751659415
2026-02-25T00:00:00+00:00,2026-02-25T03:00:00+03:00,2026-02,EBM0226,2902.585490694183,EPIAS_VEP:EBM0226,True,False,False,0.8407614659567813,2440.382032220925
2026-02-25T01:00:00+00:00,2026-02-25T04:00:00+03:00,2026-02,EBM0226,2902.5635754561586,EPIAS_VEP:EBM0226,True,False,False,0.8514460621732038,2471.376326529521
2026-02-25T02:00:00+00:00,2026-02-25T05:00:00+03:00,2026-02,EBM0226,2902.541164799934,EPIAS_VEP:EBM0226,True,False,False,0.9321764364391818,2705.6804796212346
2026-02-25T03:00:00+00:00,2026-02-25T06:00:00+03:00,2026-02,EBM0226,2902.5184239670484,EPIAS_VEP:EBM0226,True,False,False,0.9995087133679138,2901.0924554659696
2026-02-25T04:00:00+00:00,2026-02-25T07:00:00+03:00,2026-02,EBM0226,2902.495546855865,EPIAS_VEP:EBM0226,True,False,False,1.0188917044594927,2957.32863492206
2026-02-25T05:00:00+00:00,2026-02-25T08:00:00+03:00,2026-02,EBM0226,2902.472758295653,EPIAS_VEP:EBM0226,True,False,False,1.2208525426875285,3543.4912470465324
2026-02-25T06:00:00+00:00,2026-02-25T09:00:00+03:00,2026-02,EBM0226,2902.450316334293,EPIAS_VEP:EBM0226,True,False,False,1.183456061833677,3434.922421036892
2026-02-25T07:00:00+00:00,2026-02-25T10:00:00+03:00,2026-02,EBM0226,2902.42851451714,EPIAS_VEP:EBM0226,True,False,False,1.083541835952212,3144.902721339953
2026-02-25T08:00:00+00:00,2026-02-25T11:00:00+03:00,2026-02,EBM0226,2902.407684131217,EPIAS_VEP:EBM0226,True,False,False,1.0212344904007402,2964.0388322389363
2026-02-25T09:00:00+00:00,2026-02-25T12:00:00+03:00,2026-02,EBM0226,2902.388196385405,EPIAS_VEP:EBM0226,True,False,False,0.8378263458576385,2431.697296837926
2026-02-25T10:00:00+00:00,2026-02-25T13:00:00+03:00,2026-02,EBM0226,2902.370464493474,EPIAS_VEP:EBM0226,True,False,False,0.8181135306641683,2374.468548002158
2026-02-25T11:00:00+00:00,2026-02-25T14:00:00+03:00,2026-02,EBM0226,2902.3549456228684,EPIAS_VEP:EBM0226,True,False,False,0.9120277625472444,2647.028287174354
2026-02-25T12:00:00+00:00,2026-02-25T15:00:00+03:00,2026-02,EBM0226,2902.342142667886,EPIAS_VEP:EBM0226,True,False,False,0.9633265570650686,2795.903263721109
2026-02-25T13:00:00+00:00,2026-02-25T16:00:00+03:00,2026-02,EBM0226,2902.3326058015728,EPIAS_VEP:EBM0226,True,False,False,1.0762367769547871,3123.5970893186736
2026-02-25T14:00:00+00:00,2026-02-25T17:00:00+03:00,2026-02,EBM0226,2902.3269337560173,EPIAS_VEP:EBM0226,True,False,False,1.2035287732464015,3493.0339741433695
2026-02-25T15:00:00+00:00,2026-02-25T18:00:00+03:00,2026-02,EBM0226,2902.325774776041,EPIAS_VEP:EBM0226,True,False,False,1.2406518495869563,3600.775840579791
2026-02-25T16:00:00+00:00,2026-02-25T19:00:00+03:00,2026-02,EBM0226,2902.329827186397,EPIAS_VEP:EBM0226,True,False,False,1.1951445938779375,3468.7038026125106
2026-02-25T17:00:00+00:00,2026-02-25T20:00:00+03:00,2026-02,EBM0226,2902.3398395076715,EPIAS_VEP:EBM0226,True,False,False,1.1691322969365234,3393.219243053985
2026-02-25T18:00:00+00:00,2026-02-25T21:00:00+03:00,2026-02,EBM0226,2902.3566100510384,EPIAS_VEP:EBM0226,True,False,False,1.1582733126378435,3361.722205180158
2026-02-25T19:00:00+00:00,2026-02-25T22:00:00+03:00,2026-02,EBM0226,2902.3809859170265,EPIAS_VEP:EBM0226,True,False,False,1.0283976945677735,2984.8019146744114
2026-02-25T20:00:00+00:00,2026-02-25T23:00:00+03:00,2026-02,EBM0226,2902.4138613184628,EPIAS_VEP:EBM0226,True,False,False,0.9928973946709349,2881.7991611599095
2026-02-25T21:00:00+00:00,2026-02-26T00:00:00+03:00,2026-02,EBM0226,2902.456175142885,EPIAS_VEP:EBM0226,True,False,False,1.0546457696377631,3061.0631266734463
2026-02-25T22:00:00+00:00,2026-02-26T01:00:00+03:00,2026-02,EBM0226,2902.508907665009,EPIAS_VEP:EBM0226,True,False,False,0.9880242012668847,2867.7490451657386
2026-02-25T23:00:00+00:00,2026-02-26T02:00:00+03:00,2026-02,EBM0226,2902.5730763153388,EPIAS_VEP:EBM0226,True,False,False,0.9006094109805974,2614.084628588498
2026-02-26T00:00:00+00:00,2026-02-26T03:00:00+03:00,2026-02,EBM0226,2902.6497304069208,EPIAS_VEP:EBM0226,True,False,False,0.8426722684281305,2445.9824327743013
2026-02-26T01:00:00+00:00,2026-02-26T04:00:00+03:00,2026-02,EBM0226,2902.7399447184885,EPIAS_VEP:EBM0226,True,False,False,0.8541914519797666,2479.495648098753
2026-02-26T02:00:00+00:00,2026-02-26T05:00:00+03:00,2026-02,EBM0226,2902.844811829036,EPIAS_VEP:EBM0226,True,False,False,0.9353819618181054,2715.2686749421528
2026-02-26T03:00:00+00:00,2026-02-26T06:00:00+03:00,2026-02,EBM0226,2902.9654330963917,EPIAS_VEP:EBM0226,True,False,False,1.0011544206019152,2906.316676199006
2026-02-26T04:00:00+00:00,2026-02-26T07:00:00+03:00,2026-02,EBM0226,2903.1029081705105,EPIAS_VEP:EBM0226,True,False,False,1.0179717809709539,2955.27683777229
2026-02-26T05:00:00+00:00,2026-02-26T08:00:00+03:00,2026-02,EBM0226,2903.258322931349,EPIAS_VEP:EBM0226,True,False,False,1.2227909125666971,3550.077894114083
2026-02-26T06:00:00+00:00,2026-02-26T09:00:00+03:00,2026-02,EBM0226,2903.432735741354,EPIAS_VEP:EBM0226,True,False,False,1.1828900643036955,3434.4417354825446
2026-02-26T07:00:00+00:00,2026-02-26T10:00:00+03:00,2026-02,EBM0226,2903.627161903988,EPIAS_VEP:EBM0226,True,False,False,1.0795641462112027,3134.6517779565365
2026-02-26T08:00:00+00:00,2026-02-26T11:00:00+03:00,2026-02,EBM0226,2903.8425562224525,EPIAS_VEP:EBM0226,True,False,False,1.0184267101319204,2957.3508212746983
2026-02-26T09:00:00+00:00,2026-02-26T12:00:00+03:00,2026-02,EBM0226,2904.079793557071,EPIAS_VEP:EBM0226,True,False,False,0.8315624601567733,2414.923737621892
2026-02-26T10:00:00+00:00,2026-02-26T13:00:00+03:00,2026-02,EBM0226,2904.339647285848,EPIAS_VEP:EBM0226,True,False,False,0.8129999813324396,2361.2280790264585
2026-02-26T11:00:00+00:00,2026-02-26T14:00:00+03:00,2026-02,EBM0226,2904.6227655807456,EPIAS_VEP:EBM0226,True,False,False,0.9098460015120844,2642.7594091646138
2026-02-26T12:00:00+00:00,2026-02-26T15:00:00+03:00,2026-02,EBM0226,2904.9296454223027,EPIAS_VEP:EBM0226,True,False,False,0.9601084457277695,2789.0474868149277
2026-02-26T13:00:00+00:00,2026-02-26T16:00:00+03:00,2026-02,EBM0226,2905.2606042878097,EPIAS_VEP:EBM0226,True,False,False,1.0751856955143182,3123.694643471537
2026-02-26T14:00:00+00:00,2026-02-26T17:00:00+03:00,2026-02,EBM0226,2905.6157494633185,EPIAS_VEP:EBM0226,True,False,False,1.2053993858013474,3502.427439777806
2026-02-26T15:00:00+00:00,2026-02-26T18:00:00+03:00,2026-02,EBM0226,2905.994944947762,EPIAS_VEP:EBM0226,True,False,False,1.2433661249996715,3613.215673968333
2026-02-26T16:00:00+00:00,2026-02-26T19:00:00+03:00,2026-02,EBM0226,2906.397775938437,EPIAS_VEP:EBM0226,True,False,False,1.1992670646802825,3485.5471295429907
2026-02-26T17:00:00+00:00,2026-02-26T20:00:00+03:00,2026-02,EBM0226,2906.823510911455,EPIAS_VEP:EBM0226,True,False,False,1.1742097754162257,3413.2205819219444
2026-02-26T18:00:00+00:00,2026-02-26T21:00:00+03:00,2026-02,EBM0226,2907.2710613386366,EPIAS_VEP:EBM0226,True,False,False,1.1626348467841627,3380.0946449594758
2026-02-26T19:00:00+00:00,2026-02-26T22:00:00+03:00,2026-02,EBM0226,2907.7389391140214,EPIAS_VEP:EBM0226,True,False,False,1.0317916964623488,3000.1808928580863
2026-02-26T20:00:00+00:00,2026-02-26T23:00:00+03:00,2026-02,EBM0226,2908.2252117988246,EPIAS_VEP:EBM0226,True,False,False,0.9958929922557931,2896.281108332069
2026-02-26T21:00:00+00:00,2026-02-27T00:00:00+03:00,2026-02,EBM0226,2908.7274558336608,EPIAS_VEP:EBM0226,True,False,False,1.0580673967531165,3077.629687058237
2026-02-26T22:00:00+00:00,2026-02-27T01:00:00+03:00,2026-02,EBM0226,2909.2427079112754,EPIAS_VEP:EBM0226,True,False,False,0.9910268583866831,2883.137661105678
2026-02-26T23:00:00+00:00,2026-02-27T02:00:00+03:00,2026-02,EBM0226,2909.767414752136,EPIAS_VEP:EBM0226,True,False,False,0.9031278863134821,2627.892094948942
2026-02-27T00:00:00+00:00,2026-02-27T03:00:00+03:00,2026-02,EBM0226,2910.29738157922,EPIAS_VEP:EBM0226,True,False,False,0.8446230800499488,2458.104338290742
2026-02-27T01:00:00+00:00,2026-02-27T04:00:00+03:00,2026-02,EBM0226,2910.827719647336,EPIAS_VEP:EBM0226,True,False,False,0.8569862701427967,2494.539390488833
2026-02-27T02:00:00+00:00,2026-02-27T05:00:00+03:00,2026-02,EBM0226,2911.3527932464417,EPIAS_VEP:EBM0226,True,False,False,0.9385964460618053,2732.58538497322
2026-02-27T03:00:00+00:00,2026-02-27T06:00:00+03:00,2026-02,EBM0226,2911.8661666678345,EPIAS_VEP:EBM0226,True,False,False,1.0027923760496882,2919.997192011535
2026-02-27T04:00:00+00:00,2026-02-27T07:00:00+03:00,2026-02,EBM0226,2912.3605516967914,EPIAS_VEP:EBM0226,True,False,False,1.017005957978365,2961.888032856795
2026-02-27T05:00:00+00:00,2026-02-27T08:00:00+03:00,2026-02,EBM0226,2912.827756275228,EPIAS_VEP:EBM0226,True,False,False,1.2247305987380062,3567.429281963643
2026-02-27T06:00:00+00:00,2026-02-27T09:00:00+03:00,2026-02,EBM0226,2913.2586350631905,EPIAS_VEP:EBM0226,True,False,False,1.1823301018735068,3444.4333787781356
2026-02-27T07:00:00+00:00,2026-02-27T10:00:00+03:00,2026-02,EBM0226,2913.643042718397,EPIAS_VEP:EBM0226,True,False,False,1.0755506004783835,3133.770524175436
2026-02-27T08:00:00+00:00,2026-02-27T11:00:00+03:00,2026-02,EBM0226,2913.9697908083613,EPIAS_VEP:EBM0226,True,False,False,1.0155968497035526,2959.418539676292
2026-02-27T09:00:00+00:00,2026-02-27T12:00:00+03:00,2026-02,EBM0226,2914.226609369638,EPIAS_VEP:EBM0226,True,False,False,0.8252053039860742,2404.8352550691784
2026-02-27T10:00:00+00:00,2026-02-27T13:00:00+03:00,2026-02,EBM0226,2914.400114233009,EPIAS_VEP:EBM0226,True,False,False,0.807866476503939,2354.446151408098
2026-02-27T11:00:00+00:00,2026-02-27T14:00:00+03:00,2026-02,EBM0226,2914.475781341627,EPIAS_VEP:EBM0226,True,False,False,0.9077039891755555,2645.481293079339
2026-02-27T12:00:00+00:00,2026-02-27T15:00:00+03:00,2026-02,EBM0226,2914.437929400531,EPIAS_VEP:EBM0226,True,False,False,0.9569160507668862,2788.8724336071773
2026-02-27T13:00:00+00:00,2026-02-27T16:00:00+03:00,2026-02,EBM0226,2914.269712309932,EPIAS_VEP:EBM0226,True,False,False,1.0741733353559657,3130.4308169988303
2026-02-27T14:00:00+00:00,2026-02-27T17:00:00+03:00,2026-02,EBM0226,2913.9531229504105,EPIAS_VEP:EBM0226,True,False,False,1.2072826552369658,3517.96506351162
2026-02-27T15:00:00+00:00,2026-02-27T18:00:00+03:00,2026-02,EBM0226,2913.469010004624,EPIAS_VEP:EBM0226,True,False,False,1.2460806090838472,3630.4172385334755
2026-02-27T16:00:00+00:00,2026-02-27T19:00:00+03:00,2026-02,EBM0226,2912.797109616244,EPIAS_VEP:EBM0226,True,False,False,1.2034374604613536,3505.3691564357437
2026-02-27T17:00:00+00:00,2026-02-27T20:00:00+03:00,2026-02,EBM0226,2911.916093801249,EPIAS_VEP:EBM0226,True,False,False,1.1793455402227095,3434.1552587272363
2026-02-27T18:00:00+00:00,2026-02-27T21:00:00+03:00,2026-02,EBM0226,2910.803637637958,EPIAS_VEP:EBM0226,True,False,False,1.1670603141074145,3397.0834076467604
2026-02-27T19:00:00+00:00,2026-02-27T22:00:00+03:00,2026-02,EBM0226,2909.436507368615,EPIAS_VEP:EBM0226,True,False,False,1.0352479309059206,3011.988124355507
2026-02-27T20:00:00+00:00,2026-02-27T23:00:00+03:00,2026-02,EBM0226,2907.7906716450043,EPIAS_VEP:EBM0226,True,False,False,0.9989309427161625,2904.6820768476073
2026-02-27T21:00:00+00:00,2026-02-28T00:00:00+03:00,2026-02,EBM0226,2905.84143824148,EPIAS_VEP:EBM0226,True,False,False,1.089071454761625,3164.668962452261
2026-02-27T22:00:00+00:00,2026-02-28T01:00:00+03:00,2026-02,EBM0226,2903.5636186385354,EPIAS_VEP:EBM0226,True,False,False,1.0517174858496083,3053.7286289989115
2026-02-27T23:00:00+00:00,2026-02-28T02:00:00+03:00,2026-02,EBM0226,2900.931722946143,EPIAS_VEP:EBM0226,True,False,False,1.0170492952756724,2950.3905644652173
2026-02-28T00:00:00+00:00,2026-02-28T03:00:00+03:00,2026-02,EBM0226,2897.92018768572,EPIAS_VEP:EBM0226,True,False,False,0.9743641716240732,2823.629603107075
2026-02-28T01:00:00+00:00,2026-02-28T04:00:00+03:00,2026-02,EBM0226,2894.503638979694,EPIAS_VEP:EBM0226,True,False,False,0.9824036681761948,2843.570992482996
2026-02-28T02:00:00+00:00,2026-02-28T05:00:00+03:00,2026-02,EBM0226,2890.6571937050307,EPIAS_VEP:EBM0226,True,False,False,1.0278411915938575,2971.136534467135
2026-02-28T03:00:00+00:00,2026-02-28T06:00:00+03:00,2026-02,EBM0226,2886.3568011480893,EPIAS_VEP:EBM0226,True,False,False,1.0769124535772174,3108.3535846236773
2026-02-28T04:00:00+00:00,2026-02-28T07:00:00+03:00,2026-02,EBM0226,2881.579627649169,EPIAS_VEP:EBM0226,True,False,False,1.0019361460337988,2887.1587866163177
2026-02-28T05:00:00+00:00,2026-02-28T08:00:00+03:00,2026-02,EBM0226,2876.304486641764,EPIAS_VEP:EBM0226,True,False,False,1.0253844966241648,2949.318028172992
2026-02-28T06:00:00+00:00,2026-02-28T09:00:00+03:00,2026-02,EBM0226,2870.512316369907,EPIAS_VEP:EBM0226,True,False,False,0.9877266696666904,2835.281570485265
2026-02-28T07:00:00+00:00,2026-02-28T10:00:00+03:00,2026-02,EBM0226,2864.186707402273,EPIAS_VEP:EBM0226,True,False,False,0.849637312987495,2433.519897971768
2026-02-28T08:00:00+00:00,2026-02-28T11:00:00+03:00,2026-02,EBM0226,2857.314481849208,EPIAS_VEP:EBM0226,True,False,False,0.8093228463144208,2312.489889265615
2026-02-28T09:00:00+00:00,2026-02-28T12:00:00+03:00,2026-02,EBM0226,2849.8863259236177,EPIAS_VEP:EBM0226,True,False,False,0.6956467689682166,1982.5142145554667
2026-02-28T10:00:00+00:00,2026-02-28T13:00:00+03:00,2026-02,EBM0226,2841.897477163532,EPIAS_VEP:EBM0226,True,False,False,0.6892745429030901,1958.8475845493385
2026-02-28T11:00:00+00:00,2026-02-28T14:00:00+03:00,2026-02,EBM0226,2833.3484672476943,EPIAS_VEP:EBM0226,True,False,False,0.6664389552495321,1888.2537923704165
2026-02-28T12:00:00+00:00,2026-02-28T15:00:00+03:00,2026-02,EBM0226,2824.245920880433,EPIAS_VEP:EBM0226,True,False,False,0.7070672874737877,1996.9319024358374
2026-02-28T13:00:00+00:00,2026-02-28T16:00:00+03:00,2026-02,EBM0226,2814.6034106926586,EPIAS_VEP:EBM0226,True,False,False,0.793275099024475,2232.754799331844
2026-02-28T14:00:00+00:00,2026-02-28T17:00:00+03:00,2026-02,EBM0226,2804.4423674965,EPIAS_VEP:EBM0226,True,False,False,1.1211319901751469,3144.150052802852
2026-02-28T15:00:00+00:00,2026-02-28T18:00:00+03:00,2026-02,EBM0226,2793.7930445363177,EPIAS_VEP:EBM0226,True,False,False,1.2514509106164287,3496.294849658819
2026-02-28T16:00:00+00:00,2026-02-28T19:00:00+03:00,2026-02,EBM0226,2782.6955335931398,EPIAS_VEP:EBM0226,True,False,False,1.243481514770973,3460.2304572588187
2026-02-28T17:00:00+00:00,2026-02-28T20:00:00+03:00,2026-02,EBM0226,2771.2008299165977,EPIAS_VEP:EBM0226,True,False,False,1.2281733400252957,3403.514979159539
2026-02-28T18:00:00+00:00,2026-02-28T21:00:00+03:00,2026-02,EBM0226,2759.371941976272,EPIAS_VEP:EBM0226,True,False,False,1.2027138885922213,3318.7349584065514
2026-02-28T19:00:00+00:00,2026-02-28T22:00:00+03:00,2026-02,EBM0226,2747.285040931504,EPIAS_VEP:EBM0226,True,False,False,1.0548967999049268,2898.1021981053195
2026-02-28T20:00:00+00:00,2026-02-28T23:00:00+03:00,2026-02,EBM0226,2735.030643518048,EPIAS_VEP:EBM0226,True,False,False,1.0090414643386998,2759.7593255466672
2026-02-28T21:00:00+00:00,2026-03-01T00:00:00+03:00,2026-03,EBM0326,2722.714820744174,EPIAS_VEP:EBM0326,True,False,False,1.0901466045744066,2968.1583170586755
2026-02-28T22:00:00+00:00,2026-03-01T01:00:00+03:00,2026-03,EBM0326,2710.4604233271143,EPIAS_VEP:EBM0326,True,False,False,1.0374484308993537,2811.9629131955126
2026-02-28T23:00:00+00:00,2026-03-01T02:00:00+03:00,2026-03,EBM0326,2698.3735222751848,EPIAS_VEP:EBM0326,True,False,False,0.9526518413789549,2570.610504723671
2026-03-01T00:00:00+00:00,2026-03-01T03:00:00+03:00,2026-03,EBM0326,2686.5446343275385,EPIAS_VEP:EBM0326,True,False,False,0.9385552513955737,2521.4705746567124
2026-03-01T01:00:00+00:00,2026-03-01T04:00:00+03:00,2026-03,EBM0326,2675.049930644266,EPIAS_VEP:EBM0326,True,False,False,0.9439498234555243,2525.1129097663675
2026-03-01T02:00:00+00:00,2026-03-01T05:00:00+03:00,2026-03,EBM0326,2663.952419695192,EPIAS_VEP:EBM0326,True,False,False,0.9930448375748466,2645.4241979233316
2026-03-01T03:00:00+00:00,2026-03-01T06:00:00+03:00,2026-03,EBM0326,2653.30309673024,EPIAS_VEP:EBM0326,True,False,False,1.1178250641899206,2965.928704417796
2026-03-01T04:00:00+00:00,2026-03-01T07:00:00+03:00,2026-03,EBM0326,2643.1420535305338,EPIAS_VEP:EBM0326,True,False,False,1.0337109720089772,2732.244941312852
2026-03-01T05:00:00+00:00,2026-03-01T08:00:00+03:00,2026-03,EBM0326,2633.499543340688,EPIAS_VEP:EBM0326,True,False,False,0.792874481273199,2088.0345843594546
2026-03-01T06:00:00+00:00,2026-03-01T09:00:00+03:00,2026-03,EBM0326,2624.39699697313,EPIAS_VEP:EBM0326,True,False,False,0.6878898813710903,1805.2961389184923
2026-03-01T07:00:00+00:00,2026-03-01T10:00:00+03:00,2026-03,EBM0326,2615.8479870591186,EPIAS_VEP:EBM0326,True,False,False,0.5552386255751268,1452.4198410481672
2026-03-01T08:00:00+00:00,2026-03-01T11:00:00+03:00,2026-03,EBM0326,2607.8591383033795,EPIAS_VEP:EBM0326,True,False,False,0.4650034205306358,1212.6634195731478
2026-03-01T09:00:00+00:00,2026-03-01T12:00:00+03:00,2026-03,EBM0326,2600.4309823850986,EPIAS_VEP:EBM0326,True,False,False,0.41093891174480834,1068.6182779688154
2026-03-01T10:00:00+00:00,2026-03-01T13:00:00+03:00,2026-03,EBM0326,2593.5587568427977,EPIAS_VEP:EBM0326,True,False,False,0.4844759468484213,1256.5168344284289
2026-03-01T11:00:00+00:00,2026-03-01T14:00:00+03:00,2026-03,EBM0326,2587.2331478888336,EPIAS_VEP:EBM0326,True,False,False,0.5076978304143643,1313.532655959287
2026-03-01T12:00:00+00:00,2026-03-01T15:00:00+03:00,2026-03,EBM0326,2581.440977633046,EPIAS_VEP:EBM0326,True,False,False,0.4814434007148281,1242.8177230162642
2026-03-01T13:00:00+00:00,2026-03-01T16:00:00+03:00,2026-03,EBM0326,2576.165836643648,EPIAS_VEP:EBM0326,True,False,False,0.735287281966926,1894.22197592176
2026-03-01T14:00:00+00:00,2026-03-01T17:00:00+03:00,2026-03,EBM0326,2571.388663164256,EPIAS_VEP:EBM0326,True,False,False,1.0424450287950207,2680.5313290154522
2026-03-01T15:00:00+00:00,2026-03-01T18:00:00+03:00,2026-03,EBM0326,2567.088270627988,EPIAS_VEP:EBM0326,True,False,False,1.203966263042592,3090.687672088449
2026-03-01T16:00:00+00:00,2026-03-01T19:00:00+03:00,2026-03,EBM0326,2563.241825374811,EPIAS_VEP:EBM0326,True,False,False,1.2340704508858287,3163.2209951697077
2026-03-01T17:00:00+00:00,2026-03-01T20:00:00+03:00,2026-03,EBM0326,2559.825276690794,EPIAS_VEP:EBM0326,True,False,False,1.2058984577458067,3086.8893532601614
2026-03-01T18:00:00+00:00,2026-03-01T21:00:00+03:00,2026-03,EBM0326,2556.813741452632,EPIAS_VEP:EBM0326,True,False,False,1.1695454887437156,2990.309976873866
2026-03-01T19:00:00+00:00,2026-03-01T22:00:00+03:00,2026-03,EBM0326,2554.181845782517,EPIAS_VEP:EBM0326,True,False,False,0.9591374232843646,2449.8113941635456
2026-03-01T20:00:00+00:00,2026-03-01T23:00:00+03:00,2026-03,EBM0326,2551.904026201664,EPIAS_VEP:EBM0326,True,False,False,0.9355502827110964,2387.434533164552
2026-03-01T21:00:00+00:00,2026-03-02T00:00:00+03:00,2026-03,EBM0326,2549.9547928198704,EPIAS_VEP:EBM0326,True,False,False,1.0847724342107388,2766.120667734551
2026-03-01T22:00:00+00:00,2026-03-02T01:00:00+03:00,2026-03,EBM0326,2548.308957117485,EPIAS_VEP:EBM0326,True,False,False,1.0154172705133955,2587.5969256610742
2026-03-01T23:00:00+00:00,2026-03-02T02:00:00+03:00,2026-03,EBM0326,2546.9418268687373,EPIAS_VEP:EBM0326,True,False,False,0.9246604229782459,2355.056306933433
2026-03-02T00:00:00+00:00,2026-03-02T03:00:00+03:00,2026-03,EBM0326,2545.829370725309,EPIAS_VEP:EBM0326,True,False,False,0.8636429151750958,2198.6874992715857
2026-03-02T01:00:00+00:00,2026-03-02T04:00:00+03:00,2026-03,EBM0326,2544.9483549293623,EPIAS_VEP:EBM0326,True,False,False,0.8788151001744692,2236.539043476098
2026-03-02T02:00:00+00:00,2026-03-02T05:00:00+03:00,2026-03,EBM0326,2544.2764545591504,EPIAS_VEP:EBM0326,True,False,False,0.9626859912922111,2449.339300778708
2026-03-02T03:00:00+00:00,2026-03-02T06:00:00+03:00,2026-03,EBM0326,2543.7923416306,EPIAS_VEP:EBM0326,True,False,False,1.022949668224653,2602.1715319034356
2026-03-02T04:00:00+00:00,2026-03-02T07:00:00+03:00,2026-03,EBM0326,2543.4757522873456,EPIAS_VEP:EBM0326,True,False,False,1.0292265452803468,2617.812761531036
2026-03-02T05:00:00+00:00,2026-03-02T08:00:00+03:00,2026-03,EBM0326,2543.307535212026,EPIAS_VEP:EBM0326,True,False,False,1.2492379755310752,3177.1963564412
2026-03-02T06:00:00+00:00,2026-03-02T09:00:00+03:00,2026-03,EBM0326,2543.269683285214,EPIAS_VEP:EBM0326,True,False,False,1.19863697662641,3048.4570839185963
2026-03-02T07:00:00+00:00,2026-03-02T10:00:00+03:00,2026-03,EBM0326,2543.3453504071267,EPIAS_VEP:EBM0326,True,False,False,1.079495070450857,2745.528768218601
2026-03-02T08:00:00+00:00,2026-03-02T11:00:00+03:00,2026-03,EBM0326,2543.518855282818,EPIAS_VEP:EBM0326,True,False,False,1.0223100409013284,2600.264864977478
2026-03-02T09:00:00+00:00,2026-03-02T12:00:00+03:00,2026-03,EBM0326,2543.7756738554667,EPIAS_VEP:EBM0326,True,False,False,0.8178894963575564,2080.5274047362514
2026-03-02T10:00:00+00:00,2026-03-02T13:00:00+03:00,2026-03,EBM0326,2544.102421955889,EPIAS_VEP:EBM0326,True,False,False,0.8044432260998177,2046.585959846555
2026-03-02T11:00:00+00:00,2026-03-02T14:00:00+03:00,2026-03,EBM0326,2544.486829620679,EPIAS_VEP:EBM0326,True,False,False,0.915241681771084,2328.820405186404
2026-03-02T12:00:00+00:00,2026-03-02T15:00:00+03:00,2026-03,EBM0326,2544.9177084174007,EPIAS_VEP:EBM0326,True,False,False,0.9619228906515439,2448.014598551169
2026-03-02T13:00:00+00:00,2026-03-02T16:00:00+03:00,2026-03,EBM0326,2545.3849130038207,EPIAS_VEP:EBM0326,True,False,False,1.087656413133294,2768.504224521337
2026-03-02T14:00:00+00:00,2026-03-02T17:00:00+03:00,2026-03,EBM0326,2545.8792980400294,EPIAS_VEP:EBM0326,True,False,False,1.231423111347675,3135.054606308088
2026-03-02T15:00:00+00:00,2026-03-02T18:00:00+03:00,2026-03,EBM0326,2546.392671467984,EPIAS_VEP:EBM0326,True,False,False,1.2732593279099795,3242.218221468223
2026-03-02T16:00:00+00:00,2026-03-02T19:00:00+03:00,2026-03,EBM0326,2546.917745073002,EPIAS_VEP:EBM0326,True,False,False,1.2346853529725055,3144.6420350673975
2026-03-02T17:00:00+00:00,2026-03-02T20:00:00+03:00,2026-03,EBM0326,2547.448083146418,EPIAS_VEP:EBM0326,True,False,False,1.2132233741437182,3090.6235588908444
2026-03-02T18:00:00+00:00,2026-03-02T21:00:00+03:00,2026-03,EBM0326,2547.9780499782228,EPIAS_VEP:EBM0326,True,False,False,1.1986308952307556,3054.0852110737123
2026-03-02T19:00:00+00:00,2026-03-02T22:00:00+03:00,2026-03,EBM0326,2548.5027568232604,EPIAS_VEP:EBM0326,True,False,False,1.0618644612942247,2706.164506980978
2026-03-02T20:00:00+00:00,2026-03-02T23:00:00+03:00,2026-03,EBM0326,2549.018008904541,EPIAS_VEP:EBM0326,True,False,False,1.0236037332449721,2609.184350023354
2026-03-02T21:00:00+00:00,2026-03-03T00:00:00+03:00,2026-03,EBM0326,2549.52025294256,EPIAS_VEP:EBM0326,True,False,False,1.088373028037967,2774.829077739218
2026-03-02T22:00:00+00:00,2026-03-03T01:00:00+03:00,2026-03,EBM0326,2550.0065256300863,EPIAS_VEP:EBM0326,True,False,False,1.018581611719602,2597.389756771796
2026-03-02T23:00:00+00:00,2026-03-03T02:00:00+03:00,2026-03,EBM0326,2550.474403407764,EPIAS_VEP:EBM0326,True,False,False,0.9273043621902098,2365.0660399344924
2026-03-03T00:00:00+00:00,2026-03-03T03:00:00+03:00,2026-03,EBM0326,2550.921953836837,EPIAS_VEP:EBM0326,True,False,False,0.8657833193368968,2208.545676562219
2026-03-03T01:00:00+00:00,2026-03-03T04:00:00+03:00,2026-03,EBM0326,2551.347688811374,EPIAS_VEP:EBM0326,True,False,False,0.8818437228323781,2249.889944141206
2026-03-03T02:00:00+00:00,2026-03-03T05:00:00+03:00,2026-03,EBM0326,2551.750519803227,EPIAS_VEP:EBM0326,True,False,False,0.965965265243014,2464.9023676957227
2026-03-03T03:00:00+00:00,2026-03-03T06:00:00+03:00,2026-03,EBM0326,2552.1297152885304,EPIAS_VEP:EBM0326,True,False,False,1.0245559813260672,2614.799764918857
2026-03-03T04:00:00+00:00,2026-03-03T07:00:00+03:00,2026-03,EBM0326,2552.4848604646068,EPIAS_VEP:EBM0326,True,False,False,1.0280444522824057,2624.0679003354694
2026-03-03T05:00:00+00:00,2026-03-03T08:00:00+03:00,2026-03,EBM0326,2552.8158193304157,EPIAS_VEP:EBM0326,True,False,False,1.2511900397457063,3194.0577264514905
2026-03-03T06:00:00+00:00,2026-03-03T09:00:00+03:00,2026-03,EBM0326,2553.122699172033,EPIAS_VEP:EBM0326,True,False,False,1.1980985895967833,3058.8927049455456
2026-03-03T07:00:00+00:00,2026-03-03T10:00:00+03:00,2026-03,EBM0326,2553.405817466771,EPIAS_VEP:EBM0326,True,False,False,1.0753145981481713,2745.714550518484
2026-03-03T08:00:00+00:00,2026-03-03T11:00:00+03:00,2026-03,EBM0326,2553.6656711951878,EPIAS_VEP:EBM0326,True,False,False,1.0193781492443221,2603.15098569171
2026-03-03T09:00:00+00:00,2026-03-03T12:00:00+03:00,2026-03,EBM0326,2553.9029085292605,EPIAS_VEP:EBM0326,True,False,False,0.8111289900285217,2071.544686826243
2026-03-03T10:00:00+00:00,2026-03-03T13:00:00+03:00,2026-03,EBM0326,2554.1183028470145,EPIAS_VEP:EBM0326,True,False,False,0.7992051703760829,2041.2645533875198
2026-03-03T11:00:00+00:00,2026-03-03T14:00:00+03:00,2026-03,EBM0326,2554.312729008784,EPIAS_VEP:EBM0326,True,False,False,0.9132517259400038,2332.7305083577935
2026-03-03T12:00:00+00:00,2026-03-03T15:00:00+03:00,2026-03,EBM0326,2554.487141817784,EPIAS_VEP:EBM0326,True,False,False,0.9588153655332013,2449.281522631881
2026-03-03T13:00:00+00:00,2026-03-03T16:00:00+03:00,2026-03,EBM0326,2554.6425565774944,EPIAS_VEP:EBM0326,True,False,False,1.086790160746872,2776.360394713655
2026-03-03T14:00:00+00:00,2026-03-03T17:00:00+03:00,2026-03,EBM0326,2554.7800316503785,EPIAS_VEP:EBM0326,True,False,False,1.2333649249323804,3150.9760819552134
2026-03-03T15:00:00+00:00,2026-03-03T18:00:00+03:00,2026-03,EBM0326,2554.9006529164067,EPIAS_VEP:EBM0326,True,False,False,1.2759873676966016,3260.0209588411344
2026-03-03T16:00:00+00:00,2026-03-03T19:00:00+03:00,2026-03,EBM0326,2555.00552002555,EPIAS_VEP:EBM0326,True,False,False,1.2390774772040511,3165.8497939956833
2026-03-03T17:00:00+00:00,2026-03-03T20:00:00+03:00,2026-03,EBM0326,2555.095734335651,EPIAS_VEP:EBM0326,True,False,False,1.2186304454616683,3113.7174529306626
2026-03-03T18:00:00+00:00,2026-03-03T21:00:00+03:00,2026-03,EBM0326,2555.172388425716,EPIAS_VEP:EBM0326,True,False,False,1.2033481052191557,3074.7618521203894
2026-03-03T19:00:00+00:00,2026-03-03T22:00:00+03:00,2026-03,EBM0326,2555.236557074484,EPIAS_VEP:EBM0326,True,False,False,1.0656024277999705,2722.866278821808
2026-03-03T20:00:00+00:00,2026-03-03T23:00:00+03:00,2026-03,EBM0326,2555.289289595016,EPIAS_VEP:EBM0326,True,False,False,1.026839686930285,2623.872454144056
2026-03-03T21:00:00+00:00,2026-03-04T00:00:00+03:00,2026-03,EBM0326,2555.331603417829,EPIAS_VEP:EBM0326,True,False,False,1.0919990511032225,2790.419686186345
2026-03-03T22:00:00+00:00,2026-03-04T01:00:00+03:00,2026-03,EBM0326,2555.364478817649,EPIAS_VEP:EBM0326,True,False,False,1.0217703254122048,2610.9955950682984
2026-03-03T23:00:00+00:00,2026-03-04T02:00:00+03:00,2026-03,EBM0326,2555.3888546820235,EPIAS_VEP:EBM0326,True,False,False,0.9299674956349866,2376.428573562198
2026-03-04T00:00:00+00:00,2026-03-04T03:00:00+03:00,2026-03,EBM0326,2555.405625223784,EPIAS_VEP:EBM0326,True,False,False,0.8679629407579202,2217.9973812985677
2026-03-04T01:00:00+00:00,2026-03-04T04:00:00+03:00,2026-03,EBM0326,2555.415637543459,EPIAS_VEP:EBM0326,True,False,False,0.8849176158886894,2261.332313579633
2026-03-04T02:00:00+00:00,2026-03-04T05:00:00+03:00,2026-03,EBM0326,2555.4196899522203,EPIAS_VEP:EBM0326,True,False,False,0.9692434237158627,2476.8237293202183
2026-03-04T03:00:00+00:00,2026-03-04T06:00:00+03:00,2026-03,EBM0326,2555.418530970651,EPIAS_VEP:EBM0326,True,False,False,1.0261419875711915,2622.222250446478
2026-03-04T04:00:00+00:00,2026-03-04T07:00:00+03:00,2026-03,EBM0326,2555.412858923504,EPIAS_VEP:EBM0326,True,False,False,1.026808417506252,2623.91943374637
2026-03-04T05:00:00+00:00,2026-03-04T08:00:00+03:00,2026-03,EBM0326,2555.403322055606,EPIAS_VEP:EBM0326,True,False,False,1.253132181685322,3202.2581400534614
2026-03-04T06:00:00+00:00,2026-03-04T09:00:00+03:00,2026-03,EBM0326,2555.390519099054,EPIAS_VEP:EBM0326,True,False,False,1.1975689941049268,3060.256453502721
2026-03-04T07:00:00+00:00,2026-03-04T10:00:00+03:00,2026-03,EBM0326,2555.375000226907,EPIAS_VEP:EBM0326,True,False,False,1.0711176380761855,2737.107234641977
2026-03-04T08:00:00+00:00,2026-03-04T11:00:00+03:00,2026-03,EBM0326,2555.357268333479,EPIAS_VEP:EBM0326,True,False,False,1.0164392049806492,2597.3653102664052
2026-03-04T09:00:00+00:00,2026-03-04T12:00:00+03:00,2026-03,EBM0326,2555.337780586228,EPIAS_VEP:EBM0326,True,False,False,0.8043101633891038,2055.284147817659
2026-03-04T10:00:00+00:00,2026-03-04T13:00:00+03:00,2026-03,EBM0326,2555.3169501989414,EPIAS_VEP:EBM0326,True,False,False,0.7939741968260955,2028.8557231703123
2026-03-04T11:00:00+00:00,2026-03-04T14:00:00+03:00,2026-03,EBM0326,2555.295148380517,EPIAS_VEP:EBM0326,True,False,False,0.9113135184437327,2328.675012332849
2026-03-04T12:00:00+00:00,2026-03-04T15:00:00+03:00,2026-03,EBM0326,2555.2727064179967,EPIAS_VEP:EBM0326,True,False,False,0.9557482770181428,2442.197486470487
2026-03-04T13:00:00+00:00,2026-03-04T16:00:00+03:00,2026-03,EBM0326,2555.249917856751,EPIAS_VEP:EBM0326,True,False,False,1.0859651349284711,2774.9123218212712
2026-03-04T14:00:00+00:00,2026-03-04T17:00:00+03:00,2026-03,EBM0326,2555.2270407446726,EPIAS_VEP:EBM0326,True,False,False,1.2353087768764368,3156.494390343899
2026-03-04T15:00:00+00:00,2026-03-04T18:00:00+03:00,2026-03,EBM0326,2555.2042999110354,EPIAS_VEP:EBM0326,True,False,False,1.2787013364780795,3267.3431532707764
2026-03-04T16:00:00+00:00,2026-03-04T19:00:00+03:00,2026-03,EBM0326,2555.181889254203,EPIAS_VEP:EBM0326,True,False,False,1.2434998680078286,3177.3683420235952
2026-03-04T17:00:00+00:00,2026-03-04T20:00:00+03:00,2026-03,EBM0326,2555.159974015712,EPIAS_VEP:EBM0326,True,False,False,1.224074681062063,3127.7066302558324
2026-03-04T18:00:00+00:00,2026-03-04T21:00:00+03:00,2026-03,EBM0326,2555.138693021339,EPIAS_VEP:EBM0326,True,False,False,1.2081123110481067,3086.8945114744483
2026-03-04T19:00:00+00:00,2026-03-04T22:00:00+03:00,2026-03,EBM0326,2555.118160872624,EPIAS_VEP:EBM0326,True,False,False,1.069391526999203,2732.42171171897
2026-03-04T20:00:00+00:00,2026-03-04T23:00:00+03:00,2026-03,EBM0326,2555.098470074972,EPIAS_VEP:EBM0326,True,False,False,1.030108379317274,2632.0283440049757
2026-03-04T21:00:00+00:00,2026-03-05T00:00:00+03:00,2026-03,EBM0326,2555.079693090864,EPIAS_VEP:EBM0326,True,False,False,1.095647932768551,2799.4677837939093
2026-03-04T22:00:00+00:00,2026-03-05T01:00:00+03:00,2026-03,EBM0326,2555.0618843089383,EPIAS_VEP:EBM0326,True,False,False,1.0249815201528065,2618.89121426347
2026-03-04T23:00:00+00:00,2026-03-05T02:00:00+03:00,2026-03,EBM0326,2555.045081921689,EPIAS_VEP:EBM0326,True,False,False,0.9326487682182693,2382.95964839641
2026-03-05T00:00:00+00:00,2026-03-05T03:00:00+03:00,2026-03,EBM0326,2555.029309706345,EPIAS_VEP:EBM0326,True,False,False,0.8701814162915636,2223.3390233867235
2026-03-05T01:00:00+00:00,2026-03-05T04:00:00+03:00,2026-03,EBM0326,2555.014578705109,EPIAS_VEP:EBM0326,True,False,False,0.8880356710182414,2268.9440858617813
2026-03-05T02:00:00+00:00,2026-03-05T05:00:00+03:00,2026-03,EBM0326,2555.000888802378,EPIAS_VEP:EBM0326,True,False,False,0.972518438730934,2484.7854753342376
2026-03-05T03:00:00+00:00,2026-03-05T06:00:00+03:00,2026-03,EBM0326,2554.988230197845,EPIAS_VEP:EBM0326,True,False,False,1.0277052655694587,2625.774857642318
2026-03-05T04:00:00+00:00,2026-03-05T07:00:00+03:00,2026-03,EBM0326,2554.976584775488,EPIAS_VEP:EBM0326,True,False,False,1.025517134690062,2620.172266419159
2026-03-05T05:00:00+00:00,2026-03-05T08:00:00+03:00,2026-03,EBM0326,2554.96592736943,EPIAS_VEP:EBM0326,True,False,False,1.255062138113427,3206.640999611232
2026-03-05T06:00:00+00:00,2026-03-05T09:00:00+03:00,2026-03,EBM0326,2554.9562269284834,EPIAS_VEP:EBM0326,True,False,False,1.1970486463024155,3058.406892806668
2026-03-05T07:00:00+00:00,2026-03-05T10:00:00+03:00,2026-03,EBM0326,2554.9474475818865,EPIAS_VEP:EBM0326,True,False,False,1.0669082018572336,2725.894387139319
2026-03-05T08:00:00+00:00,2026-03-05T11:00:00+03:00,2026-03,EBM0326,2554.9395496093493,EPIAS_VEP:EBM0326,True,False,False,1.0134962936967775,2589.4217641483897
2026-03-05T09:00:00+00:00,2026-03-05T12:00:00+03:00,2026-03,EBM0326,2554.932490318989,EPIAS_VEP:EBM0326,True,False,False,0.7974404741588812,2037.4065765239059
2026-03-05T10:00:00+00:00,2026-03-05T13:00:00+03:00,2026-03,EBM0326,2554.926224837129,EPIAS_VEP:EBM0326,True,False,False,0.7887558042482384,2015.2128892663254
2026-03-05T11:00:00+00:00,2026-03-05T14:00:00+03:00,2026-03,EBM0326,2554.920706814227,EPIAS_VEP:EBM0326,True,False,False,0.9094292062903089,2323.519510532737
2026-03-05T12:00:00+00:00,2026-03-05T15:00:00+03:00,2026-03,EBM0326,2554.9158890514195,EPIAS_VEP:EBM0326,True,False,False,0.9527243894365262,2434.130680458193
2026-03-05T13:00:00+00:00,2026-03-05T16:00:00+03:00,2026-03,EBM0326,2554.911724052327,EPIAS_VEP:EBM0326,True,False,False,1.0851815918745598,2772.54317180608
2026-03-05T14:00:00+00:00,2026-03-05T17:00:00+03:00,2026-03,EBM0326,2554.9081645048286,EPIAS_VEP:EBM0326,True,False,False,1.2372524701594751,3161.06643756421
2026-03-05T15:00:00+00:00,2026-03-05T18:00:00+03:00,2026-03,EBM0326,2554.905163697565,EPIAS_VEP:EBM0326,True,False,False,1.281398383876018,3273.851347718553
2026-03-05T16:00:00+00:00,2026-03-05T19:00:00+03:00,2026-03,EBM0326,2554.902675875891,EPIAS_VEP:EBM0326,True,False,False,1.2479487107067386,3188.3875003405146
2026-03-05T17:00:00+00:00,2026-03-05T20:00:00+03:00,2026-03,EBM0326,2554.9006565419563,EPIAS_VEP:EBM0326,True,False,False,1.229551522791306,3141.3819928316702
2026-03-05T18:00:00+00:00,2026-03-05T21:00:00+03:00,2026-03,EBM0326,2554.8990627034905,EPIAS_VEP:EBM0326,True,False,False,1.2129197400186937,3098.887506908322
2026-03-05T19:00:00+00:00,2026-03-05T22:00:00+03:00,2026-03,EBM0326,2554.897853075733,EPIAS_VEP:EBM0326,True,False,False,1.0732291840427584,2741.990938169064
2026-03-05T20:00:00+00:00,2026-03-05T23:00:00+03:00,2026-03,EBM0326,2554.8969882408187,EPIAS_VEP:EBM0326,True,False,False,1.033407657725141,2640.2501123469615
2026-03-05T21:00:00+00:00,2026-03-06T00:00:00+03:00,2026-03,EBM0326,2554.896430768741,EPIAS_VEP:EBM0326,True,False,False,1.0993170837665678,2808.6412935983053
2026-03-05T22:00:00+00:00,2026-03-06T01:00:00+03:00,2026-03,EBM0326,2554.896145303836,EPIAS_VEP:EBM0326,True,False,False,1.0282132895980964,2626.9781701443535
2026-03-05T23:00:00+00:00,2026-03-06T02:00:00+03:00,2026-03,EBM0326,2554.896098620526,EPIAS_VEP:EBM0326,True,False,False,0.9353471188697076,2389.7147048561656
2026-03-06T00:00:00+00:00,2026-03-06T03:00:00+03:00,2026-03,EBM0326,2554.896259651869,EPIAS_VEP:EBM0326,True,False,False,0.8724383544823376,2228.989488643756
2026-03-06T01:00:00+00:00,2026-03-06T04:00:00+03:00,2026-03,EBM0326,2554.896599494225,EPIAS_VEP:EBM0326,True,False,False,0.8911967389415262,2276.915517802048
2026-03-06T02:00:00+00:00,2026-03-06T05:00:00+03:00,2026-03,EBM0326,2554.8970913911567,EPIAS_VEP:EBM0326,True,False,False,0.975788291358462,2493.038667405281
2026-03-06T03:00:00+00:00,2026-03-06T06:00:00+03:00,2026-03,EBM0326,2554.897710699438,EPIAS_VEP:EBM0326,True,False,False,1.0292434230816518,2629.6116653837653
2026-03-06T04:00:00+00:00,2026-03-06T07:00:00+03:00,2026-03,EBM0326,2554.8984348398712,EPIAS_VEP:EBM0326,True,False,False,1.0241693574652617,2616.6486883989537
2026-03-06T05:00:00+00:00,2026-03-06T08:00:00+03:00,2026-03,EBM0326,2554.8992432353534,EPIAS_VEP:EBM0326,True,False,False,1.2569776481652235,3211.451242061084
2026-03-06T06:00:00+00:00,2026-03-06T09:00:00+03:00,2026-03,EBM0326,2554.900117238463,EPIAS_VEP:EBM0326,True,False,False,1.1965379755190966,3057.035013934013
2026-03-06T07:00:00+00:00,2026-03-06T10:00:00+03:00,2026-03,EBM0326,2554.901040050617,EPIAS_VEP:EBM0326,True,False,False,1.0626903003631656,2715.0685536495544
2026-03-06T08:00:00+00:00,2026-03-06T11:00:00+03:00,2026-03,EBM0326,2554.901996634677,EPIAS_VEP:EBM0326,True,False,False,1.0105524970471076,2581.8625924098137
2026-03-06T09:00:00+00:00,2026-03-06T12:00:00+03:00,2026-03,EBM0326,2554.9029736226626,EPIAS_VEP:EBM0326,True,False,False,0.7905274214140249,2019.7208597009478
2026-03-06T10:00:00+00:00,2026-03-06T13:00:00+03:00,2026-03,EBM0326,2554.903959220097,EPIAS_VEP:EBM0326,True,False,False,0.7835554869571553,2001.909015895467
2026-03-06T11:00:00+00:00,2026-03-06T14:00:00+03:00,2026-03,EBM0326,2554.9049431083067,EPIAS_VEP:EBM0326,True,False,False,0.9076008865112737,2318.8339913171344
2026-03-06T12:00:00+00:00,2026-03-06T15:00:00+03:00,2026-03,EBM0326,2554.9059163458583,EPIAS_VEP:EBM0326,True,False,False,0.9497464261409941,2426.5127631759606
2026-03-06T13:00:00+00:00,2026-03-06T16:00:00+03:00,2026-03,EBM0326,2554.906871270174,EPIAS_VEP:EBM0326,True,False,False,1.0844397450720022,2770.6425561629344
2026-03-06T14:00:00+00:00,2026-03-06T17:00:00+03:00,2026-03,EBM0326,2554.9078014002084,EPIAS_VEP:EBM0326,True,False,False,1.239193802111888,3166.0259124624486
2026-03-06T15:00:00+00:00,2026-03-06T18:00:00+03:00,2026-03,EBM0326,2554.908701340951,EPIAS_VEP:EBM0326,True,False,False,1.2840756692030797,3280.6961004271534
2026-03-06T16:00:00+00:00,2026-03-06T19:00:00+03:00,2026-03,EBM0326,2554.9095666904204,EPIAS_VEP:EBM0326,True,False,False,1.252420154284842,3199.8202336982354
2026-03-06T17:00:00+00:00,2026-03-06T20:00:00+03:00,2026-03,EBM0326,2554.910393949666,EPIAS_VEP:EBM0326,True,False,False,1.2350563714564284,3155.4583605477883
2026-03-06T18:00:00+00:00,2026-03-06T21:00:00+03:00,2026-03,EBM0326,2554.9111804362315,EPIAS_VEP:EBM0326,True,False,False,1.2177665647619214,3111.285411471655
2026-03-06T19:00:00+00:00,2026-03-06T22:00:00+03:00,2026-03,EBM0326,2554.911924201432,EPIAS_VEP:EBM0326,True,False,False,1.0771127744960485,2751.9282712696427
2026-03-06T20:00:00+00:00,2026-03-06T23:00:00+03:00,2026-03,EBM0326,2554.912623951706,EPIAS_VEP:EBM0326,True,False,False,1.0367353404480761,2648.768209007659
2026-03-06T21:00:00+00:00,2026-03-07T00:00:00+03:00,2026-03,EBM0326,2554.9132789742366,EPIAS_VEP:EBM0326,True,False,False,1.1336580793568,2896.3980807651174
2026-03-06T22:00:00+00:00,2026-03-07T01:00:00+03:00,2026-03,EBM0326,2554.9138890669806,EPIAS_VEP:EBM0326,True,False,False,1.0944586704996648,2796.2476582693757
2026-03-06T23:00:00+00:00,2026-03-07T02:00:00+03:00,2026-03,EBM0326,2554.91445447316,EPIAS_VEP:EBM0326,True,False,False,1.0514482990078216,2686.3604572663003
2026-03-07T00:00:00+00:00,2026-03-07T03:00:00+03:00,2026-03,EBM0326,2554.9149758202543,EPIAS_VEP:EBM0326,True,False,False,1.0067325966798863,2572.1161879038536
2026-03-07T01:00:00+00:00,2026-03-07T04:00:00+03:00,2026-03,EBM0326,2554.9154540634654,EPIAS_VEP:EBM0326,True,False,False,1.0197892143417189,2605.4752236088975
2026-03-07T02:00:00+00:00,2026-03-07T05:00:00+03:00,2026-03,EBM0326,2554.9158904335736,EPIAS_VEP:EBM0326,True,False,False,1.0703245413261406,2734.589178555183
2026-03-07T03:00:00+00:00,2026-03-07T06:00:00+03:00,2026-03,EBM0326,2554.91628638912,EPIAS_VEP:EBM0326,True,False,False,1.103204233612529,2818.594463670078
2026-03-07T04:00:00+00:00,2026-03-07T07:00:00+03:00,2026-03,EBM0326,2554.916643572769,EPIAS_VEP:EBM0326,True,False,False,0.9786205162213607,2500.2938446357293
2026-03-07T05:00:00+00:00,2026-03-07T08:00:00+03:00,2026-03,EBM0326,2554.9169637717105,EPIAS_VEP:EBM0326,True,False,False,1.0037935170095091,2564.609084731662
2026-03-07T06:00:00+00:00,2026-03-07T09:00:00+03:00,2026-03,EBM0326,2554.917248881944,EPIAS_VEP:EBM0326,True,False,False,0.962562481185572,2459.2674863076195
2026-03-07T07:00:00+00:00,2026-03-07T10:00:00+03:00,2026-03,EBM0326,2554.917500876254,EPIAS_VEP:EBM0326,True,False,False,0.8145593701968191,2081.1319904185925
2026-03-07T08:00:00+00:00,2026-03-07T11:00:00+03:00,2026-03,EBM0326,2554.917721775704,EPIAS_VEP:EBM0326,True,False,False,0.7673659409406811,1960.5568415964347
2026-03-07T09:00:00+00:00,2026-03-07T12:00:00+03:00,2026-03,EBM0326,2554.9179136244334,EPIAS_VEP:EBM0326,True,False,False,0.6464519066110394,1651.6315564972138
2026-03-07T10:00:00+00:00,2026-03-07T13:00:00+03:00,2026-03,EBM0326,2554.9180784675705,EPIAS_VEP:EBM0326,True,False,False,0.6554559312724658,1674.6362084468203
2026-03-07T11:00:00+00:00,2026-03-07T14:00:00+03:00,2026-03,EBM0326,2554.918218332048,EPIAS_VEP:EBM0326,True,False,False,0.6349209524770257,1622.1711086842895
2026-03-07T12:00:00+00:00,2026-03-07T15:00:00+03:00,2026-03,EBM0326,2554.9183352101163,EPIAS_VEP:EBM0326,True,False,False,0.6728914693538048,1719.182752658512
2026-03-07T13:00:00+00:00,2026-03-07T16:00:00+03:00,2026-03,EBM0326,2554.9184310453606,EPIAS_VEP:EBM0326,True,False,False,0.7739524517508286,1977.3853837309373
2026-03-07T14:00:00+00:00,2026-03-07T17:00:00+03:00,2026-03,EBM0326,2554.918507721009,EPIAS_VEP:EBM0326,True,False,False,1.1290754274620016,2884.695706235678
2026-03-07T15:00:00+00:00,2026-03-07T18:00:00+03:00,2026-03,EBM0326,2554.9185670503507,EPIAS_VEP:EBM0326,True,False,False,1.2828185615009642,3277.496960935636
2026-03-07T16:00:00+00:00,2026-03-07T19:00:00+03:00,2026-03,EBM0326,2554.9186107690684,EPIAS_VEP:EBM0326,True,False,False,1.290555854321329,3297.265170442538
2026-03-07T17:00:00+00:00,2026-03-07T20:00:00+03:00,2026-03,EBM0326,2554.9186405293067,EPIAS_VEP:EBM0326,True,False,False,1.2844865850102467,3281.758719552511
2026-03-07T18:00:00+00:00,2026-03-07T21:00:00+03:00,2026-03,EBM0326,2554.9186578952967,EPIAS_VEP:EBM0326,True,False,False,1.251400979169523,3197.227710188658
2026-03-07T19:00:00+00:00,2026-03-07T22:00:00+03:00,2026-03,EBM0326,2554.9186643403827,EPIAS_VEP:EBM0326,True,False,False,1.1022638931625843,2816.19459366958
2026-03-07T20:00:00+00:00,2026-03-07T23:00:00+03:00,2026-03,EBM0326,2554.9186612452854,EPIAS_VEP:EBM0326,True,False,False,1.0504593642665616,2683.838232644497
2026-03-07T21:00:00+00:00,2026-03-08T00:00:00+03:00,2026-03,EBM0326,2554.9186498974555,EPIAS_VEP:EBM0326,True,False,False,1.1104913825722602,2837.215143884278
2026-03-07T22:00:00+00:00,2026-03-08T01:00:00+03:00,2026-03,EBM0326,2554.9186314913845,EPIAS_VEP:EBM0326,True,False,False,1.0569046166042404,2700.305296671432
2026-03-07T23:00:00+00:00,2026-03-08T02:00:00+03:00,2026-03,EBM0326,2554.91860712974,EPIAS_VEP:EBM0326,True,False,False,0.9671627495126303,2471.0221048525787
2026-03-08T00:00:00+00:00,2026-03-08T03:00:00+03:00,2026-03,EBM0326,2554.918577825204,EPIAS_VEP:EBM0326,True,False,False,0.950156183094537,2427.5716840237187
2026-03-08T01:00:00+00:00,2026-03-08T04:00:00+03:00,2026-03,EBM0326,2554.9185445029125,EPIAS_VEP:EBM0326,True,False,False,0.9609187708249693,2455.0691873416586
2026-03-08T02:00:00+00:00,2026-03-08T05:00:00+03:00,2026-03,EBM0326,2554.918508003385,EPIAS_VEP:EBM0326,True,False,False,1.009632821499059,2579.529581935624
2026-03-08T03:00:00+00:00,2026-03-08T06:00:00+03:00,2026-03,EBM0326,2554.918469085856,EPIAS_VEP:EBM0326,True,False,False,1.11751456214758,2855.1585943032455
2026-03-08T04:00:00+00:00,2026-03-08T07:00:00+03:00,2026-03,EBM0326,2554.918428431926,EPIAS_VEP:EBM0326,True,False,False,0.9768301171290732,2495.721267700386
2026-03-08T05:00:00+00:00,2026-03-08T08:00:00+03:00,2026-03,EBM0326,2554.918386649451,EPIAS_VEP:EBM0326,True,False,False,0.7228602997289525,1846.8490707564338
2026-03-08T06:00:00+00:00,2026-03-08T09:00:00+03:00,2026-03,EBM0326,2554.9183442766084,EPIAS_VEP:EBM0326,True,False,False,0.6171533798280726,1576.776491355052
2026-03-08T07:00:00+00:00,2026-03-08T10:00:00+03:00,2026-03,EBM0326,2554.918301786076,EPIAS_VEP:EBM0326,True,False,False,0.4787650806590366,1223.2056668318596
2026-03-08T08:00:00+00:00,2026-03-08T11:00:00+03:00,2026-03,EBM0326,2554.9182595892657,EPIAS_VEP:EBM0326,True,False,False,0.39042078594404656,997.4931949316367
2026-03-08T09:00:00+00:00,2026-03-08T12:00:00+03:00,2026-03,EBM0326,2554.9182180405783,EPIAS_VEP:EBM0326,True,False,False,0.3374690323046481,862.2057786596698
2026-03-08T10:00:00+00:00,2026-03-08T13:00:00+03:00,2026-03,EBM0326,2554.9181774416206,EPIAS_VEP:EBM0326,True,False,False,0.40111029578514945,1024.8039858604634
2026-03-08T11:00:00+00:00,2026-03-08T14:00:00+03:00,2026-03,EBM0326,2554.918138045359,EPIAS_VEP:EBM0326,True,False,False,0.43244136591654847,1104.8522894212997
2026-03-08T12:00:00+00:00,2026-03-08T15:00:00+03:00,2026-03,EBM0326,2554.918100060182,EPIAS_VEP:EBM0326,True,False,False,0.4090581290540543,1045.1100178969573
2026-03-08T13:00:00+00:00,2026-03-08T16:00:00+03:00,2026-03,EBM0326,2554.9180636538395,EPIAS_VEP:EBM0326,True,False,False,0.6634786324810048,1695.1335429740661
2026-03-08T14:00:00+00:00,2026-03-08T17:00:00+03:00,2026-03,EBM0326,2554.9180289572387,EPIAS_VEP:EBM0326,True,False,False,1.0092722182622407,2578.607786563864
2026-03-08T15:00:00+00:00,2026-03-08T18:00:00+03:00,2026-03,EBM0326,2554.9179960680885,EPIAS_VEP:EBM0326,True,False,False,1.2074343638466585,3084.895785262852
2026-03-08T16:00:00+00:00,2026-03-08T19:00:00+03:00,2026-03,EBM0326,2554.9179650543665,EPIAS_VEP:EBM0326,True,False,False,1.2592829433296864,3217.3646149995557
2026-03-08T17:00:00+00:00,2026-03-08T20:00:00+03:00,2026-03,EBM0326,2554.9179359576083,EPIAS_VEP:EBM0326,True,False,False,1.2411299491272878,3170.9851678794616
2026-03-08T18:00:00+00:00,2026-03-08T21:00:00+03:00,2026-03,EBM0326,2554.917908796008,EPIAS_VEP:EBM0326,True,False,False,1.2002073751009528,3066.431316914472
2026-03-08T19:00:00+00:00,2026-03-08T22:00:00+03:00,2026-03,EBM0326,2554.9178835673297,EPIAS_VEP:EBM0326,True,False,False,0.9809624815482094,2506.278587216107
2026-03-08T20:00:00+00:00,2026-03-08T23:00:00+03:00,2026-03,EBM0326,2554.9178602516245,EPIAS_VEP:EBM0326,True,False,False,0.9518465184111161,2431.8896701068875
2026-03-08T21:00:00+00:00,2026-03-09T00:00:00+03:00,2026-03,EBM0326,2554.917838813751,EPIAS_VEP:EBM0326,True,False,False,1.1104200343645594,2837.031954374191
2026-03-08T22:00:00+00:00,2026-03-09T01:00:00+03:00,2026-03,EBM0326,2554.9178192057084,EPIAS_VEP:EBM0326,True,False,False,1.0380127948501878,2652.037386126264
2026-03-08T23:00:00+00:00,2026-03-09T02:00:00+03:00,2026-03,EBM0326,2554.9178013687806,EPIAS_VEP:EBM0326,True,False,False,0.9435339521476606,2410.651690537897
2026-03-09T00:00:00+00:00,2026-03-09T03:00:00+03:00,2026-03,EBM0326,2554.917785235496,EPIAS_VEP:EBM0326,True,False,False,0.8794356018558992,2246.8856601509196
2026-03-09T01:00:00+00:00,2026-03-09T04:00:00+03:00,2026-03,EBM0326,2554.9177707314107,EPIAS_VEP:EBM0326,True,False,False,0.9009259254493377,2301.791657043155
2026-03-09T02:00:00+00:00,2026-03-09T05:00:00+03:00,2026-03,EBM0326,2554.9177577767214,EPIAS_VEP:EBM0326,True,False,False,0.9855468599058872,2517.9911734946377
2026-03-09T03:00:00+00:00,2026-03-09T06:00:00+03:00,2026-03,EBM0326,2554.9177462877187,EPIAS_VEP:EBM0326,True,False,False,1.0336837501324063,2640.976957262525
2026-03-09T04:00:00+00:00,2026-03-09T07:00:00+03:00,2026-03,EBM0326,2554.9177361780808,EPIAS_VEP:EBM0326,True,False,False,1.019775541765059,2605.4426185761604
2026-03-09T05:00:00+00:00,2026-03-09T08:00:00+03:00,2026-03,EBM0326,2554.9177273600217,EPIAS_VEP:EBM0326,True,False,False,1.2626149830190336,3225.8774029457018
2026-03-09T06:00:00+00:00,2026-03-09T09:00:00+03:00,2026-03,EBM0326,2554.917719745303,EPIAS_VEP:EBM0326,True,False,False,1.1950679070041883,3053.300171903933
2026-03-09T07:00:00+00:00,2026-03-09T10:00:00+03:00,2026-03,EBM0326,2554.9177132461173,EPIAS_VEP:EBM0326,True,False,False,1.0500258081167333,2682.7295365230107
2026-03-09T08:00:00+00:00,2026-03-09T11:00:00+03:00,2026-03,EBM0326,2554.917707775847,EPIAS_VEP:EBM0326,True,False,False,1.0017464784500785,2559.3798164942013
2026-03-09T09:00:00+00:00,2026-03-09T12:00:00+03:00,2026-03,EBM0326,2554.917703249714,EPIAS_VEP:EBM0326,True,False,False,0.7696035105158425,1966.2736335000536
2026-03-09T10:00:00+00:00,2026-03-09T13:00:00+03:00,2026-03,EBM0326,2554.9176995853304,EPIAS_VEP:EBM0326,True,False,False,0.7681177304462614,1962.4775848824672
2026-03-09T11:00:00+00:00,2026-03-09T14:00:00+03:00,2026-03,EBM0326,2554.9176967031467,EPIAS_VEP:EBM0326,True,False,False,0.9024720512026438,2305.741814397623
2026-03-09T12:00:00+00:00,2026-03-09T15:00:00+03:00,2026-03,EBM0326,2554.9176945268214,EPIAS_VEP:EBM0326,True,False,False,0.9411146388085201,2404.4704432701064
2026-03-09T13:00:00+00:00,2026-03-09T16:00:00+03:00,2026-03,EBM0326,2554.9176929835085,EPIAS_VEP:EBM0326,True,False,False,1.082465875867632,2765.611218305103
2026-03-09T14:00:00+00:00,2026-03-09T17:00:00+03:00,2026-03,EBM0326,2554.9176920040763,EPIAS_VEP:EBM0326,True,False,False,1.2449815727248554,3180.8254463737926
2026-03-09T15:00:00+00:00,2026-03-09T18:00:00+03:00,2026-03,EBM0326,2554.91769152326,EPIAS_VEP:EBM0326,True,False,False,1.291960759583494,3300.8534014136985
2026-03-09T16:00:00+00:00,2026-03-09T19:00:00+03:00,2026-03,EBM0326,2554.9176914797567,EPIAS_VEP:EBM0326,True,False,False,1.265931122252766,3234.3498204384146
2026-03-09T17:00:00+00:00,2026-03-09T20:00:00+03:00,2026-03,EBM0326,2554.9176918162807,EPIAS_VEP:EBM0326,True,False,False,1.2516924544584946,3197.971196608952
2026-03-09T18:00:00+00:00,2026-03-09T21:00:00+03:00,2026-03,EBM0326,2554.91769247956,EPIAS_VEP:EBM0326,True,False,False,1.2325044038651878,3148.9473074941416
2026-03-09T19:00:00+00:00,2026-03-09T22:00:00+03:00,2026-03,EBM0326,2554.917693420308,EPIAS_VEP:EBM0326,True,False,False,1.0890122118721968,2782.3365684630608
2026-03-09T20:00:00+00:00,2026-03-09T23:00:00+03:00,2026-03,EBM0326,2554.917694593153,EPIAS_VEP:EBM0326,True,False,False,1.0468666057990808,2674.6580150347468
2026-03-09T21:00:00+00:00,2026-03-10T00:00:00+03:00,2026-03,EBM0326,2554.917695956552,EPIAS_VEP:EBM0326,True,False,False,1.1141440871097266,2846.5464440019987
2026-03-09T22:00:00+00:00,2026-03-10T01:00:00+03:00,2026-03,EBM0326,2554.917697472662,EPIAS_VEP:EBM0326,True,False,False,1.0413075611796079,2660.4551165698767
2026-03-09T23:00:00+00:00,2026-03-10T02:00:00+03:00,2026-03,EBM0326,2554.9176991072127,EPIAS_VEP:EBM0326,True,False,False,0.9462899069604311,2417.6928317797233
2026-03-10T00:00:00+00:00,2026-03-10T03:00:00+03:00,2026-03,EBM0326,2554.917700829349,EPIAS_VEP:EBM0326,True,False,False,0.8818419036236422,2253.0334889010924
2026-03-10T01:00:00+00:00,2026-03-10T04:00:00+03:00,2026-03,EBM0326,2554.917702611471,EPIAS_VEP:EBM0326,True,False,False,0.9042467548888058,2310.276041594386
2026-03-10T02:00:00+00:00,2026-03-10T05:00:00+03:00,2026-03,EBM0326,2554.9177044290604,EPIAS_VEP:EBM0326,True,False,False,0.9887761187707544,2526.241611564052
2026-03-10T03:00:00+00:00,2026-03-10T06:00:00+03:00,2026-03,EBM0326,2554.917706260504,EPIAS_VEP:EBM0326,True,False,False,1.0350981902087781,2644.59069388261
2026-03-10T04:00:00+00:00,2026-03-10T07:00:00+03:00,2026-03,EBM0326,2554.917708086909,EPIAS_VEP:EBM0326,True,False,False,1.0181905999171692,2601.3931939360086
2026-03-10T05:00:00+00:00,2026-03-10T08:00:00+03:00,2026-03,EBM0326,2554.9177098919254,EPIAS_VEP:EBM0326,True,False,False,1.2644502396936719,3230.5663106704524
2026-03-10T06:00:00+00:00,2026-03-10T09:00:00+03:00,2026-03,EBM0326,2554.917711661556,EPIAS_VEP:EBM0326,True,False,False,1.1945996860879557,3052.103896331453
2026-03-10T07:00:00+00:00,2026-03-10T10:00:00+03:00,2026-03,EBM0326,2554.917713383983,EPIAS_VEP:EBM0326,True,False,False,1.0458139834002917,2671.968671094068
2026-03-10T08:00:00+00:00,2026-03-10T11:00:00+03:00,2026-03,EBM0326,2554.9177150493856,EPIAS_VEP:EBM0326,True,False,False,0.9988297550073948,2551.927835386831
2026-03-10T09:00:00+00:00,2026-03-10T12:00:00+03:00,2026-03,EBM0326,2554.9177166497702,EPIAS_VEP:EBM0326,True,False,False,0.7625925168740953,1948.361131946165
2026-03-10T10:00:00+00:00,2026-03-10T13:00:00+03:00,2026-03,EBM0326,2554.917718178804,EPIAS_VEP:EBM0326,True,False,False,0.7630443474887687,1949.5155231552394
2026-03-10T11:00:00+00:00,2026-03-10T14:00:00+03:00,2026-03,EBM0326,2554.917719631652,EPIAS_VEP:EBM0326,True,False,False,0.9008875874526674,2301.6936605790293
2026-03-10T12:00:00+00:00,2026-03-10T15:00:00+03:00,2026-03,EBM0326,2554.9177210048297,EPIAS_VEP:EBM0326,True,False,False,0.9383466837313584,2397.398570711362
2026-03-10T13:00:00+00:00,2026-03-10T16:00:00+03:00,2026-03,EBM0326,2554.917722296054,EPIAS_VEP:EBM0326,True,False,False,1.0818920943182824,2764.1452853857736
2026-03-10T14:00:00+00:00,2026-03-10T17:00:00+03:00,2026-03,EBM0326,2554.917723504106,EPIAS_VEP:EBM0326,True,False,False,1.2468914099980042,3185.7049626889257
2026-03-10T15:00:00+00:00,2026-03-10T18:00:00+03:00,2026-03,EBM0326,2554.917724628704,EPIAS_VEP:EBM0326,True,False,False,1.2945308973269607,3307.419934660153
2026-03-10T16:00:00+00:00,2026-03-10T19:00:00+03:00,2026-03,EBM0326,2554.9177256703774,EPIAS_VEP:EBM0326,True,False,False,1.2704538780905104,3245.9051327801176
2026-03-10T17:00:00+00:00,2026-03-10T20:00:00+03:00,2026-03,EBM0326,2554.917726630363,EPIAS_VEP:EBM0326,True,False,False,1.2572626900468753,3212.2027338317375
2026-03-10T18:00:00+00:00,2026-03-10T21:00:00+03:00,2026-03,EBM0326,2554.917727510493,EPIAS_VEP:EBM0326,True,False,False,1.2374695851187294,3161.632980274897
2026-03-10T19:00:00+00:00,2026-03-10T22:00:00+03:00,2026-03,EBM0326,2554.917728313102,EPIAS_VEP:EBM0326,True,False,False,1.0930523898692301,2792.658928851901
2026-03-10T20:00:00+00:00,2026-03-10T23:00:00+03:00,2026-03,EBM0326,2554.917729040937,EPIAS_VEP:EBM0326,True,False,False,1.0502855813658942,2683.3932523877907
2026-03-10T21:00:00+00:00,2026-03-11T00:00:00+03:00,2026-03,EBM0326,2554.9177296970825,EPIAS_VEP:EBM0326,True,False,False,1.1178752732811335,2856.079355295939
2026-03-10T22:00:00+00:00,2026-03-11T01:00:00+03:00,2026-03,EBM0326,2554.917730284882,EPIAS_VEP:EBM0326,True,False,False,1.0446132066669038,2668.900803003018
2026-03-10T23:00:00+00:00,2026-03-11T02:00:00+03:00,2026-03,EBM0326,2554.917730807877,EPIAS_VEP:EBM0326,True,False,False,0.9490575669811349,2424.7640054374856
2026-03-11T00:00:00+00:00,2026-03-11T03:00:00+03:00,2026-03,EBM0326,2554.917731269745,EPIAS_VEP:EBM0326,True,False,False,0.8842842802260662,2259.2735870326806
2026-03-11T01:00:00+00:00,2026-03-11T04:00:00+03:00,2026-03,EBM0326,2554.91773167425,EPIAS_VEP:EBM0326,True,False,False,0.9076042592493052,2318.8542152991226
2026-03-11T02:00:00+00:00,2026-03-11T05:00:00+03:00,2026-03,EBM0326,2554.9177320251915,EPIAS_VEP:EBM0326,True,False,False,0.99199032020603,2534.4536590917337
2026-03-11T03:00:00+00:00,2026-03-11T06:00:00+03:00,2026-03,EBM0326,2554.9177323263693,EPIAS_VEP:EBM0326,True,False,False,1.0364760891549882,2648.1111393143665
2026-03-11T04:00:00+00:00,2026-03-11T07:00:00+03:00,2026-03,EBM0326,2554.9177325815444,EPIAS_VEP:EBM0326,True,False,False,1.016543907997803,2597.1860564913286
2026-03-11T05:00:00+00:00,2026-03-11T08:00:00+03:00,2026-03,EBM0326,2554.9177327944108,EPIAS_VEP:EBM0326,True,False,False,1.2662598745078684,3235.1898077061783
2026-03-11T06:00:00+00:00,2026-03-11T09:00:00+03:00,2026-03,EBM0326,2554.917732968568,EPIAS_VEP:EBM0326,True,False,False,1.194142871964513,3050.936799280149
2026-03-11T07:00:00+00:00,2026-03-11T10:00:00+03:00,2026-03,EBM0326,2554.917733107503,EPIAS_VEP:EBM0326,True,False,False,1.0416135809018094,2661.2370088916396
2026-03-11T08:00:00+00:00,2026-03-11T11:00:00+03:00,2026-03,EBM0326,2554.917733214569,EPIAS_VEP:EBM0326,True,False,False,0.9959273724739499,2544.512504927486
2026-03-11T09:00:00+00:00,2026-03-11T12:00:00+03:00,2026-03,EBM0326,2554.917733292975,EPIAS_VEP:EBM0326,True,False,False,0.755575970395387,1930.4344456132221
2026-03-11T10:00:00+00:00,2026-03-11T13:00:00+03:00,2026-03,EBM0326,2554.917733345772,EPIAS_VEP:EBM0326,True,False,False,0.7580162240880965,1936.6690930864804
2026-03-11T11:00:00+00:00,2026-03-11T14:00:00+03:00,2026-03,EBM0326,2554.917733375848,EPIAS_VEP:EBM0326,True,False,False,0.8993687681834979,2297.813214676411
2026-03-11T12:00:00+00:00,2026-03-11T15:00:00+03:00,2026-03,EBM0326,2554.917733385922,EPIAS_VEP:EBM0326,True,False,False,0.9356375528707722,2390.476975851344
2026-03-11T13:00:00+00:00,2026-03-11T16:00:00+03:00,2026-03,EBM0326,2554.917733378541,EPIAS_VEP:EBM0326,True,False,False,1.0813604360614721,2762.786954267407
2026-03-11T14:00:00+00:00,2026-03-11T17:00:00+03:00,2026-03,EBM0326,2554.9177333560788,EPIAS_VEP:EBM0326,True,False,False,1.248787878210478,3190.5502952400616
2026-03-11T15:00:00+00:00,2026-03-11T18:00:00+03:00,2026-03,EBM0326,2554.917733320737,EPIAS_VEP:EBM0326,True,False,False,1.2970673284562848,3313.9003187839153
2026-03-11T16:00:00+00:00,2026-03-11T19:00:00+03:00,2026-03,EBM0326,2554.9177332745458,EPIAS_VEP:EBM0326,True,False,False,1.2749795808125675,3257.467940580975
2026-03-11T17:00:00+00:00,2026-03-11T20:00:00+03:00,2026-03,EBM0326,2554.9177332193653,EPIAS_VEP:EBM0326,True,False,False,1.2628374934444404,3226.4459061754947
2026-03-11T18:00:00+00:00,2026-03-11T21:00:00+03:00,2026-03,EBM0326,2554.917733156896,EPIAS_VEP:EBM0326,True,False,False,1.24245434655176,3174.3686426429545
2026-03-11T19:00:00+00:00,2026-03-11T22:00:00+03:00,2026-03,EBM0326,2554.9177330886823,EPIAS_VEP:EBM0326,True,False,False,1.0971247259891697,2803.063417839791
2026-03-11T20:00:00+00:00,2026-03-11T23:00:00+03:00,2026-03,EBM0326,2554.9177330161183,EPIAS_VEP:EBM0326,True,False,False,1.0537216908715772,2692.172233671521
2026-03-11T21:00:00+00:00,2026-03-12T00:00:00+03:00,2026-03,EBM0326,2554.9177329404542,EPIAS_VEP:EBM0326,True,False,False,1.1216109459266266,2865.6236952080553
2026-03-11T22:00:00+00:00,2026-03-12T01:00:00+03:00,2026-03,EBM0326,2554.9177328628034,EPIAS_VEP:EBM0326,True,False,False,1.0479277715163453,2677.369246206511
2026-03-11T23:00:00+00:00,2026-03-12T02:00:00+03:00,2026-03,EBM0326,2554.9177327841508,EPIAS_VEP:EBM0326,True,False,False,0.9518358485768418,2431.8622882286227
2026-03-12T00:00:00+00:00,2026-03-12T03:00:00+03:00,2026-03,EBM0326,2554.91773270536,EPIAS_VEP:EBM0326,True,False,False,0.8867621672175432,2265.6043857163368
2026-03-12T01:00:00+00:00,2026-03-12T04:00:00+03:00,2026-03,EBM0326,2554.917732627181,EPIAS_VEP:EBM0326,True,False,False,0.9109970578408831,2327.5225374488623
2026-03-12T02:00:00+00:00,2026-03-12T05:00:00+03:00,2026-03,EBM0326,2554.91773255026,EPIAS_VEP:EBM0326,True,False,False,0.9951875376511871,2542.6222871580476
2026-03-12T03:00:00+00:00,2026-03-12T06:00:00+03:00,2026-03,EBM0326,2554.9177324751454,EPIAS_VEP:EBM0326,True,False,False,1.037815290987884,2651.5326899787974
2026-03-12T04:00:00+00:00,2026-03-12T07:00:00+03:00,2026-03,EBM0326,2554.9177324022967,EPIAS_VEP:EBM0326,True,False,False,1.0148346245926185,2592.818977827509
2026-03-12T05:00:00+00:00,2026-03-12T08:00:00+03:00,2026-03,EBM0326,2554.9177323320905,EPIAS_VEP:EBM0326,True,False,False,1.268041696681515,3239.7422161880727
2026-03-12T06:00:00+00:00,2026-03-12T09:00:00+03:00,2026-03,EBM0326,2554.9177322648293,EPIAS_VEP:EBM0326,True,False,False,1.1936977248308671,3049.7994841345653
2026-03-12T07:00:00+00:00,2026-03-12T10:00:00+03:00,2026-03,EBM0326,2554.917732200749,EPIAS_VEP:EBM0326,True,False,False,1.0374285138899528,2650.5445060281118
2026-03-12T08:00:00+00:00,2026-03-12T11:00:00+03:00,2026-03,EBM0326,2554.9177321400216,EPIAS_VEP:EBM0326,True,False,False,0.99304231535313,2537.141420261095
2026-03-12T09:00:00+00:00,2026-03-12T12:00:00+03:00,2026-03,EBM0326,2554.9177320827657,EPIAS_VEP:EBM0326,True,False,False,0.7485614350304939,1912.51288391273
2026-03-12T10:00:00+00:00,2026-03-12T13:00:00+03:00,2026-03,EBM0326,2554.9177320290496,EPIAS_VEP:EBM0326,True,False,False,0.7530386959280708,1923.95191713066
2026-03-12T11:00:00+00:00,2026-03-12T14:00:00+03:00,2026-03,EBM0326,2554.917731978907,EPIAS_VEP:EBM0326,True,False,False,0.8979173413983728,2294.1049373900605
2026-03-12T12:00:00+00:00,2026-03-12T15:00:00+03:00,2026-03,EBM0326,2554.917731932332,EPIAS_VEP:EBM0326,True,False,False,0.9329896631721538,2383.7118341481096
2026-03-12T13:00:00+00:00,2026-03-12T16:00:00+03:00,2026-03,EBM0326,2554.91773188929,EPIAS_VEP:EBM0326,True,False,False,1.080870859155497,2761.5361239387903
2026-03-12T14:00:00+00:00,2026-03-12T17:00:00+03:00,2026-03,EBM0326,2554.917731849714,EPIAS_VEP:EBM0326,True,False,False,1.250668795018027,3195.355881062673
2026-03-12T15:00:00+00:00,2026-03-12T18:00:00+03:00,2026-03,EBM0326,2554.9177318135157,EPIAS_VEP:EBM0326,True,False,False,1.2995673382906352,3320.2876362844377
2026-03-12T16:00:00+00:00,2026-03-12T19:00:00+03:00,2026-03,EBM0326,2554.9177317805857,EPIAS_VEP:EBM0326,True,False,False,1.2795042495178324,3269.0280949817206
2026-03-12T17:00:00+00:00,2026-03-12T20:00:00+03:00,2026-03,EBM0326,2554.917731750802,EPIAS_VEP:EBM0326,True,False,False,1.268412123163003,3240.6886246368385
2026-03-12T18:00:00+00:00,2026-03-12T21:00:00+03:00,2026-03,EBM0326,2554.917731724026,EPIAS_VEP:EBM0326,True,False,False,1.2474546183088466,3187.143923838299
2026-03-12T19:00:00+00:00,2026-03-12T22:00:00+03:00,2026-03,EBM0326,2554.9177317001104,EPIAS_VEP:EBM0326,True,False,False,1.1012263533686906,2813.5427368371193
2026-03-12T20:00:00+00:00,2026-03-12T23:00:00+03:00,2026-03,EBM0326,2554.9177316788987,EPIAS_VEP:EBM0326,True,False,False,1.057172622943195,2700.9890798030597
2026-03-12T21:00:00+00:00,2026-03-13T00:00:00+03:00,2026-03,EBM0326,2554.9177316602304,EPIAS_VEP:EBM0326,True,False,False,1.1253484575831758,2875.1727285757465
2026-03-12T22:00:00+00:00,2026-03-13T01:00:00+03:00,2026-03,EBM0326,2554.917731643944,EPIAS_VEP:EBM0326,True,False,False,1.0512492930912267,2685.8554592969367
2026-03-12T23:00:00+00:00,2026-03-13T02:00:00+03:00,2026-03,EBM0326,2554.917731629876,EPIAS_VEP:EBM0326,True,False,False,0.9546236665746655,2438.9849327651395
2026-03-13T00:00:00+00:00,2026-03-13T03:00:00+03:00,2026-03,EBM0326,2554.9177316178657,EPIAS_VEP:EBM0326,True,False,False,0.8892749710741975,2272.0243918814317
2026-03-13T01:00:00+00:00,2026-03-13T04:00:00+03:00,2026-03,EBM0326,2554.917731607753,EPIAS_VEP:EBM0326,True,False,False,0.914423734193393,2336.2774126936743
2026-03-13T02:00:00+00:00,2026-03-13T05:00:00+03:00,2026-03,EBM0326,2554.917731599383,EPIAS_VEP:EBM0326,True,False,False,0.9983658661058661,2550.742653937453
2026-03-13T03:00:00+00:00,2026-03-13T06:00:00+03:00,2026-03,EBM0326,2554.9177315926017,EPIAS_VEP:EBM0326,True,False,False,1.039113688882078,2654.849988865419
2026-03-13T04:00:00+00:00,2026-03-13T07:00:00+03:00,2026-03,EBM0326,2554.917731587263,EPIAS_VEP:EBM0326,True,False,False,1.0130619826401372,2588.290022644235
2026-03-13T05:00:00+00:00,2026-03-13T08:00:00+03:00,2026-03,EBM0326,2554.917731583226,EPIAS_VEP:EBM0326,True,False,False,1.2697935363285915,3244.218021415688
2026-03-13T06:00:00+00:00,2026-03-13T09:00:00+03:00,2026-03,EBM0326,2554.9177315803554,EPIAS_VEP:EBM0326,True,False,False,1.193264475682919,3048.6925673872256
2026-03-13T07:00:00+00:00,2026-03-13T10:00:00+03:00,2026-03,EBM0326,2554.9177315785223,EPIAS_VEP:EBM0326,True,False,False,1.033262664069276,2639.9011018086553
2026-03-13T08:00:00+00:00,2026-03-13T11:00:00+03:00,2026-03,EBM0326,2554.917731577607,EPIAS_VEP:EBM0326,True,False,False,0.9901775398983036,2529.822154096069
2026-03-13T09:00:00+00:00,2026-03-13T12:00:00+03:00,2026-03,EBM0326,2554.9177315774946,EPIAS_VEP:EBM0326,True,False,False,0.7415564549291502,1894.6157356642332
2026-03-13T10:00:00+00:00,2026-03-13T13:00:00+03:00,2026-03,EBM0326,2554.9177315780807,EPIAS_VEP:EBM0326,True,False,False,0.7481170505608381,1911.377517773781
2026-03-13T11:00:00+00:00,2026-03-13T14:00:00+03:00,2026-03,EBM0326,2554.917731579266,EPIAS_VEP:EBM0326,True,False,False,0.8965349893386312,2290.573141242497
2026-03-13T12:00:00+00:00,2026-03-13T15:00:00+03:00,2026-03,EBM0326,2554.917731580959,EPIAS_VEP:EBM0326,True,False,False,0.9304053709565588,2377.109179815072
2026-03-13T13:00:00+00:00,2026-03-13T16:00:00+03:00,2026-03,EBM0326,2554.917731583078,EPIAS_VEP:EBM0326,True,False,False,1.0804232796761946,2760.3925948598526
2026-03-13T14:00:00+00:00,2026-03-13T17:00:00+03:00,2026-03,EBM0326,2554.917731585549,EPIAS_VEP:EBM0326,True,False,False,1.2525319904797039,3200.1161918547377
2026-03-13T15:00:00+00:00,2026-03-13T18:00:00+03:00,2026-03,EBM0326,2554.917731588304,EPIAS_VEP:EBM0326,True,False,False,1.3020282442577256,3326.5750482828503
2026-03-13T16:00:00+00:00,2026-03-13T19:00:00+03:00,2026-03,EBM0326,2554.9177315912807,EPIAS_VEP:EBM0326,True,False,False,1.2840238966061341,3280.575421225941
2026-03-13T17:00:00+00:00,2026-03-13T20:00:00+03:00,2026-03,EBM0326,2554.917731594425,EPIAS_VEP:EBM0326,True,False,False,1.2739818315962297,3254.9187712743496
2026-03-13T18:00:00+00:00,2026-03-13T21:00:00+03:00,2026-03,EBM0326,2554.917731597687,EPIAS_VEP:EBM0326,True,False,False,1.2524663048374587,3199.9483704578574
2026-03-13T19:00:00+00:00,2026-03-13T22:00:00+03:00,2026-03,EBM0326,2554.917731601024,EPIAS_VEP:EBM0326,True,False,False,1.105354374350558,2824.089490730997
2026-03-13T20:00:00+00:00,2026-03-13T23:00:00+03:00,2026-03,EBM0326,2554.917731604394,EPIAS_VEP:EBM0326,True,False,False,1.0606360522344065,2709.837856632569
2026-03-13T21:00:00+00:00,2026-03-14T00:00:00+03:00,2026-03,EBM0326,2554.917731607761,EPIAS_VEP:EBM0326,True,False,False,1.1619886191938364,2968.785327104751
2026-03-13T22:00:00+00:00,2026-03-14T01:00:00+03:00,2026-03,EBM0326,2554.9177316110945,EPIAS_VEP:EBM0326,True,False,False,1.1207416648624493,2863.4027521124103
2026-03-13T23:00:00+00:00,2026-03-14T02:00:00+03:00,2026-03,EBM0326,2554.917731614368,EPIAS_VEP:EBM0326,True,False,False,1.0689333580070484,2731.036790286297
2026-03-14T00:00:00+00:00,2026-03-14T03:00:00+03:00,2026-03,EBM0326,2554.917731617559,EPIAS_VEP:EBM0326,True,False,False,1.0222379326254583,2611.733819996859
2026-03-14T01:00:00+00:00,2026-03-14T04:00:00+03:00,2026-03,EBM0326,2554.917731620648,EPIAS_VEP:EBM0326,True,False,False,1.040587711368372,2658.6159950816023
2026-03-14T02:00:00+00:00,2026-03-14T05:00:00+03:00,2026-03,EBM0326,2554.917731623619,EPIAS_VEP:EBM0326,True,False,False,1.0942809956186847,2795.7979190849255
2026-03-14T03:00:00+00:00,2026-03-14T06:00:00+03:00,2026-03,EBM0326,2554.9177316264604,EPIAS_VEP:EBM0326,True,False,False,1.1085034948995207,2832.135234688687
2026-03-14T04:00:00+00:00,2026-03-14T07:00:00+03:00,2026-03,EBM0326,2554.9177316291634,EPIAS_VEP:EBM0326,True,False,False,0.9342184913830136,2386.8513888503085
2026-03-14T05:00:00+00:00,2026-03-14T08:00:00+03:00,2026-03,EBM0326,2554.917731631722,EPIAS_VEP:EBM0326,True,False,False,0.9681203007783361,2473.467722811207
2026-03-14T06:00:00+00:00,2026-03-14T09:00:00+03:00,2026-03,EBM0326,2554.9177316341315,EPIAS_VEP:EBM0326,True,False,False,0.9230644877439846,2358.353827178883
2026-03-14T07:00:00+00:00,2026-03-14T10:00:00+03:00,2026-03,EBM0326,2554.9177316363894,EPIAS_VEP:EBM0326,True,False,False,0.7674835160006656,1960.857243768741
2026-03-14T08:00:00+00:00,2026-03-14T11:00:00+03:00,2026-03,EBM0326,2554.9177316384958,EPIAS_VEP:EBM0326,True,False,False,0.7140659580587964,1824.3797778038493
2026-03-14T09:00:00+00:00,2026-03-14T12:00:00+03:00,2026-03,EBM0326,2554.9177316404507,EPIAS_VEP:EBM0326,True,False,False,0.5854414219622762,1495.7546698082188
2026-03-14T10:00:00+00:00,2026-03-14T13:00:00+03:00,2026-03,EBM0326,2554.9177316422574,EPIAS_VEP:EBM0326,True,False,False,0.6128407181690471,1565.7576175224738
2026-03-14T11:00:00+00:00,2026-03-14T14:00:00+03:00,2026-03,EBM0326,2554.9177316439186,EPIAS_VEP:EBM0326,True,False,False,0.5982623907384497,1528.5111902733474
2026-03-14T12:00:00+00:00,2026-03-14T15:00:00+03:00,2026-03,EBM0326,2554.917731645437,EPIAS_VEP:EBM0326,True,False,False,0.6302712278181593,1610.291135698556
2026-03-14T13:00:00+00:00,2026-03-14T16:00:00+03:00,2026-03,EBM0326,2554.917731646817,EPIAS_VEP:EBM0326,True,False,False,0.7465090486457463,1907.2692052198136
2026-03-14T14:00:00+00:00,2026-03-14T17:00:00+03:00,2026-03,EBM0326,2554.917731648064,EPIAS_VEP:EBM0326,True,False,False,1.1182986328710784,2857.161006400107
2026-03-14T15:00:00+00:00,2026-03-14T18:00:00+03:00,2026-03,EBM0326,2554.917731649184,EPIAS_VEP:EBM0326,True,False,False,1.2929564105914575,3303.3972596695976
2026-03-14T16:00:00+00:00,2026-03-14T19:00:00+03:00,2026-03,EBM0326,2554.917731650184,EPIAS_VEP:EBM0326,True,False,False,1.318442347291236,3368.511731252869
2026-03-14T17:00:00+00:00,2026-03-14T20:00:00+03:00,2026-03,EBM0326,2554.917731651068,EPIAS_VEP:EBM0326,True,False,False,1.3215660073335511,3376.4924256837953
2026-03-14T18:00:00+00:00,2026-03-14T21:00:00+03:00,2026-03,EBM0326,2554.9177316518417,EPIAS_VEP:EBM0326,True,False,False,1.2829674976267036,3277.876408819457
2026-03-14T19:00:00+00:00,2026-03-14T22:00:00+03:00,2026-03,EBM0326,2554.9177316525115,EPIAS_VEP:EBM0326,True,False,False,1.1350595339880296,2899.9837298672533
2026-03-14T20:00:00+00:00,2026-03-14T23:00:00+03:00,2026-03,EBM0326,2554.917731653083,EPIAS_VEP:EBM0326,True,False,False,1.0764879167332615,2750.3380663720973
2026-03-14T21:00:00+00:00,2026-03-15T00:00:00+03:00,2026-03,EBM0326,2554.917731653563,EPIAS_VEP:EBM0326,True,False,False,1.1298254864748718,2886.6111690687626
2026-03-14T22:00:00+00:00,2026-03-15T01:00:00+03:00,2026-03,EBM0326,2554.917731653958,EPIAS_VEP:EBM0326,True,False,False,1.074422047182989,2745.0599396277644
2026-03-14T23:00:00+00:00,2026-03-15T02:00:00+03:00,2026-03,EBM0326,2554.9177316542764,EPIAS_VEP:EBM0326,True,False,False,0.9797100048005521,2503.078463144027
2026-03-15T00:00:00+00:00,2026-03-15T03:00:00+03:00,2026-03,EBM0326,2554.917731654526,EPIAS_VEP:EBM0326,True,False,False,0.9599387087662463,2452.5644283284328
2026-03-15T01:00:00+00:00,2026-03-15T04:00:00+03:00,2026-03,EBM0326,2554.9177316547143,EPIAS_VEP:EBM0326,True,False,False,0.9761628796257292,2494.015850138902
2026-03-15T02:00:00+00:00,2026-03-15T05:00:00+03:00,2026-03,EBM0326,2554.917731654849,EPIAS_VEP:EBM0326,True,False,False,1.0230322380992323,2613.763205174274
2026-03-15T03:00:00+00:00,2026-03-15T06:00:00+03:00,2026-03,EBM0326,2554.917731654938,EPIAS_VEP:EBM0326,True,False,False,1.112393797388026,2842.074637529638
2026-03-15T04:00:00+00:00,2026-03-15T07:00:00+03:00,2026-03,EBM0326,2554.917731654991,EPIAS_VEP:EBM0326,True,False,False,0.9116989772296499,2329.315882855752
2026-03-15T05:00:00+00:00,2026-03-15T08:00:00+03:00,2026-03,EBM0326,2554.917731655012,EPIAS_VEP:EBM0326,True,False,False,0.6495261656407362,1659.4859177694075
2026-03-15T06:00:00+00:00,2026-03-15T09:00:00+03:00,2026-03,EBM0326,2554.9177316550044,EPIAS_VEP:EBM0326,True,False,False,0.5429326530723837,1387.148262429128
2026-03-15T07:00:00+00:00,2026-03-15T10:00:00+03:00,2026-03,EBM0326,2554.917731654973,EPIAS_VEP:EBM0326,True,False,False,0.40131233206276373,1025.3199931189636
2026-03-15T08:00:00+00:00,2026-03-15T11:00:00+03:00,2026-03,EBM0326,2554.9177316549217,EPIAS_VEP:EBM0326,True,False,False,0.3164709809559338,808.5573207985423
2026-03-15T09:00:00+00:00,2026-03-15T12:00:00+03:00,2026-03,EBM0326,2554.917731654853,EPIAS_VEP:EBM0326,True,False,False,0.26464497124694136,676.1461296320992
2026-03-15T10:00:00+00:00,2026-03-15T13:00:00+03:00,2026-03,EBM0326,2554.9177316547684,EPIAS_VEP:EBM0326,True,False,False,0.31858493534113247,813.9583003411473
2026-03-15T11:00:00+00:00,2026-03-15T14:00:00+03:00,2026-03,EBM0326,2554.917731654672,EPIAS_VEP:EBM0326,True,False,False,0.35797645845287857,914.6004012162015
2026-03-15T12:00:00+00:00,2026-03-15T15:00:00+03:00,2026-03,EBM0326,2554.9177316545656,EPIAS_VEP:EBM0326,True,False,False,0.3395865282968442,867.6156425766222
2026-03-15T13:00:00+00:00,2026-03-15T16:00:00+03:00,2026-03,EBM0326,2554.9177316544533,EPIAS_VEP:EBM0326,True,False,False,0.5918683815700804,1512.1750228790222
2026-03-15T14:00:00+00:00,2026-03-15T17:00:00+03:00,2026-03,EBM0326,2554.917731654338,EPIAS_VEP:EBM0326,True,False,False,0.9731769620226931,2486.3870763092787
2026-03-15T15:00:00+00:00,2026-03-15T18:00:00+03:00,2026-03,EBM0326,2554.917731654221,EPIAS_VEP:EBM0326,True,False,False,1.208812650386178,3088.416874719581
2026-03-15T16:00:00+00:00,2026-03-15T19:00:00+03:00,2026-03,EBM0326,2554.917731654104,EPIAS_VEP:EBM0326,True,False,False,1.28454131769427,3281.897389619418
2026-03-15T17:00:00+00:00,2026-03-15T20:00:00+03:00,2026-03,EBM0326,2554.917731653988,EPIAS_VEP:EBM0326,True,False,False,1.2765860743303696,3261.5723972892174
2026-03-15T18:00:00+00:00,2026-03-15T21:00:00+03:00,2026-03,EBM0326,2554.9177316538726,EPIAS_VEP:EBM0326,True,False,False,1.2326884546714492,3149.4175904450963
2026-03-15T19:00:00+00:00,2026-03-15T22:00:00+03:00,2026-03,EBM0326,2554.917731653758,EPIAS_VEP:EBM0326,True,False,False,1.0042324291050457,2565.7312398222066
2026-03-15T20:00:00+00:00,2026-03-15T23:00:00+03:00,2026-03,EBM0326,2554.917731653644,EPIAS_VEP:EBM0326,True,False,False,0.9677878464014759,2472.6183292500236
2026-03-15T21:00:00+00:00,2026-03-16T00:00:00+03:00,2026-03,EBM0326,2554.9177316535306,EPIAS_VEP:EBM0326,True,False,False,1.1365455990755629,2903.7805039109403
2026-03-15T22:00:00+00:00,2026-03-16T01:00:00+03:00,2026-03,EBM0326,2554.9177316534187,EPIAS_VEP:EBM0326,True,False,False,1.061235965778398,2711.3705864355697
2026-03-15T23:00:00+00:00,2026-03-16T02:00:00+03:00,2026-03,EBM0326,2554.917731653309,EPIAS_VEP:EBM0326,True,False,False,0.9630334774193532,2460.4713076344524
2026-03-16T00:00:00+00:00,2026-03-16T03:00:00+03:00,2026-03,EBM0326,2554.9177316532027,EPIAS_VEP:EBM0326,True,False,False,0.897016512853816,2291.8033942759375
2026-03-16T01:00:00+00:00,2026-03-16T04:00:00+03:00,2026-03,EBM0326,2554.9177316530995,EPIAS_VEP:EBM0326,True,False,False,0.9248923477440366,2363.023859121504
2026-03-16T02:00:00+00:00,2026-03-16T05:00:00+03:00,2026-03,EBM0326,2554.9177316529995,EPIAS_VEP:EBM0326,True,False,False,1.0077688264010665,2574.766443979218
2026-03-16T03:00:00+00:00,2026-03-16T06:00:00+03:00,2026-03,EBM0326,2554.9177316529035,EPIAS_VEP:EBM0326,True,False,False,1.0427437832132949,2664.1245813024784
2026-03-16T04:00:00+00:00,2026-03-16T07:00:00+03:00,2026-03,EBM0326,2554.91773165281,EPIAS_VEP:EBM0326,True,False,False,1.0073573859461216,2573.715247465169
2026-03-16T05:00:00+00:00,2026-03-16T08:00:00+03:00,2026-03,EBM0326,2554.917731652717,EPIAS_VEP:EBM0326,True,False,False,1.274847828800426,3257.1313229611756
2026-03-16T06:00:00+00:00,2026-03-16T09:00:00+03:00,2026-03,EBM0326,2554.917731652625,EPIAS_VEP:EBM0326,True,False,False,1.1920379844681976,3045.558983321255
2026-03-16T07:00:00+00:00,2026-03-16T10:00:00+03:00,2026-03,EBM0326,2554.9177316525315,EPIAS_VEP:EBM0326,True,False,False,1.0209186718463756,2608.3632172754574
2026-03-16T08:00:00+00:00,2026-03-16T11:00:00+03:00,2026-03,EBM0326,2554.917731652435,EPIAS_VEP:EBM0326,True,False,False,0.9817339719655881,2508.249532740456
2026-03-16T09:00:00+00:00,2026-03-16T12:00:00+03:00,2026-03,EBM0326,2554.917731652334,EPIAS_VEP:EBM0326,True,False,False,0.7206738081703977,1841.2622912319619
2026-03-16T10:00:00+00:00,2026-03-16T13:00:00+03:00,2026-03,EBM0326,2554.917731652228,EPIAS_VEP:EBM0326,True,False,False,0.733739437522687,1874.6438993392453
2026-03-16T11:00:00+00:00,2026-03-16T14:00:00+03:00,2026-03,EBM0326,2554.9177316521154,EPIAS_VEP:EBM0326,True,False,False,0.8928181764402363,2281.0769901284666
2026-03-16T12:00:00+00:00,2026-03-16T15:00:00+03:00,2026-03,EBM0326,2554.9177316519977,EPIAS_VEP:EBM0326,True,False,False,0.9230566798206767,2358.3338785936676
2026-03-16T13:00:00+00:00,2026-03-16T16:00:00+03:00,2026-03,EBM0326,2554.917731651873,EPIAS_VEP:EBM0326,True,False,False,1.0793310633564401,2757.60207209204
2026-03-16T14:00:00+00:00,2026-03-16T17:00:00+03:00,2026-03,EBM0326,2554.917731651744,EPIAS_VEP:EBM0326,True,False,False,1.2579937888996118,3214.070637567379
2026-03-16T15:00:00+00:00,2026-03-16T18:00:00+03:00,2026-03,EBM0326,2554.9177316516084,EPIAS_VEP:EBM0326,True,False,False,1.3091500595465684,3344.7707005282864
2026-03-16T16:00:00+00:00,2026-03-16T19:00:00+03:00,2026-03,EBM0326,2554.9177316514697,EPIAS_VEP:EBM0326,True,False,False,1.2975128223266674,3315.0385168075454
2026-03-16T17:00:00+00:00,2026-03-16T20:00:00+03:00,2026-03,EBM0326,2554.9177316513287,EPIAS_VEP:EBM0326,True,False,False,1.2906139678689428,3297.41251122524
2026-03-16T18:00:00+00:00,2026-03-16T21:00:00+03:00,2026-03,EBM0326,2554.9177316511864,EPIAS_VEP:EBM0326,True,False,False,1.2675286027282615,3238.431302485488
2026-03-16T19:00:00+00:00,2026-03-16T22:00:00+03:00,2026-03,EBM0326,2554.9177316510427,EPIAS_VEP:EBM0326,True,False,False,1.1178674205114536,2856.0592942997255
2026-03-16T20:00:00+00:00,2026-03-16T23:00:00+03:00,2026-03,EBM0326,2554.917731650899,EPIAS_VEP:EBM0326,True,False,False,1.0710779073149053,2736.5159373783895
2026-03-16T21:00:00+00:00,2026-03-17T00:00:00+03:00,2026-03,EBM0326,2554.917731650756,EPIAS_VEP:EBM0326,True,False,False,1.140264073127664,2913.2808991981833
2026-03-16T22:00:00+00:00,2026-03-17T01:00:00+03:00,2026-03,EBM0326,2554.9177316506143,EPIAS_VEP:EBM0326,True,False,False,1.0645656920367783,2719.877763091672
2026-03-16T23:00:00+00:00,2026-03-17T02:00:00+03:00,2026-03,EBM0326,2554.917731650476,EPIAS_VEP:EBM0326,True,False,False,0.9658485805872875,2467.663664631905
2026-03-17T00:00:00+00:00,2026-03-17T03:00:00+03:00,2026-03,EBM0326,2554.917731650341,EPIAS_VEP:EBM0326,True,False,False,0.8996624683739624,2298.5635929489504
2026-03-17T01:00:00+00:00,2026-03-17T04:00:00+03:00,2026-03,EBM0326,2554.9177316502123,EPIAS_VEP:EBM0326,True,False,False,0.9284396874207514,2372.0870201590583
2026-03-17T02:00:00+00:00,2026-03-17T05:00:00+03:00,2026-03,EBM0326,2554.917731650092,EPIAS_VEP:EBM0326,True,False,False,1.0108530389497203,2582.6463533050214
2026-03-17T03:00:00+00:00,2026-03-17T06:00:00+03:00,2026-03,EBM0326,2554.917731649981,EPIAS_VEP:EBM0326,True,False,False,1.0438589716027091,2666.9737958896753
2026-03-17T04:00:00+00:00,2026-03-17T07:00:00+03:00,2026-03,EBM0326,2554.9177316498804,EPIAS_VEP:EBM0326,True,False,False,1.0053251850069307,2568.5231412484036
2026-03-17T05:00:00+00:00,2026-03-17T08:00:00+03:00,2026-03,EBM0326,2554.917731649792,EPIAS_VEP:EBM0326,True,False,False,1.2764585473518888,3261.2465763452765
2026-03-17T06:00:00+00:00,2026-03-17T09:00:00+03:00,2026-03,EBM0326,2554.917731649716,EPIAS_VEP:EBM0326,True,False,False,1.191654047521749,3044.57805600547
2026-03-17T07:00:00+00:00,2026-03-17T10:00:00+03:00,2026-03,EBM0326,2554.917731649651,EPIAS_VEP:EBM0326,True,False,False,1.0168677278589595,2598.0133886491476
2026-03-17T08:00:00+00:00,2026-03-17T11:00:00+03:00,2026-03,EBM0326,2554.917731649597,EPIAS_VEP:EBM0326,True,False,False,0.9789792038529812,2501.211326840187
2026-03-17T09:00:00+00:00,2026-03-17T12:00:00+03:00,2026-03,EBM0326,2554.9177316495543,EPIAS_VEP:EBM0326,True,False,False,0.7137817908201987,1823.6537538950986
2026-03-17T10:00:00+00:00,2026-03-17T13:00:00+03:00,2026-03,EBM0326,2554.917731649524,EPIAS_VEP:EBM0326,True,False,False,0.7290930247522538,1862.7726969615185
2026-03-17T11:00:00+00:00,2026-03-17T14:00:00+03:00,2026-03,EBM0326,2554.9177316495075,EPIAS_VEP:EBM0326,True,False,False,0.8917275627516917,2278.290561874896
2026-03-17T12:00:00+00:00,2026-03-17T15:00:00+03:00,2026-03,EBM0326,2554.9177316495065,EPIAS_VEP:EBM0326,True,False,False,0.9207490402195883,2352.438049256291
2026-03-17T13:00:00+00:00,2026-03-17T16:00:00+03:00,2026-03,EBM0326,2554.917731649525,EPIAS_VEP:EBM0326,True,False,False,1.0790498060232288,2756.8834827417277
2026-03-17T14:00:00+00:00,2026-03-17T17:00:00+03:00,2026-03,EBM0326,2554.9177316495648,EPIAS_VEP:EBM0326,True,False,False,1.2597647365865747,3218.595263211883
2026-03-17T15:00:00+00:00,2026-03-17T18:00:00+03:00,2026-03,EBM0326,2554.917731649626,EPIAS_VEP:EBM0326,True,False,False,1.3114284739250022,3350.5918618211977
2026-03-17T16:00:00+00:00,2026-03-17T19:00:00+03:00,2026-03,EBM0326,2554.917731649712,EPIAS_VEP:EBM0326,True,False,False,1.3019725240619604,3326.432687846634
2026-03-17T17:00:00+00:00,2026-03-17T20:00:00+03:00,2026-03,EBM0326,2554.917731649824,EPIAS_VEP:EBM0326,True,False,False,1.2961165702682105,3311.471207663406
2026-03-17T18:00:00+00:00,2026-03-17T21:00:00+03:00,2026-03,EBM0326,2554.9177316499618,EPIAS_VEP:EBM0326,True,False,False,1.2725446302031775,3251.246840022042
2026-03-17T19:00:00+00:00,2026-03-17T22:00:00+03:00,2026-03,EBM0326,2554.917731650125,EPIAS_VEP:EBM0326,True,False,False,1.1220715238714347,2866.800432518805
2026-03-17T20:00:00+00:00,2026-03-17T23:00:00+03:00,2026-03,EBM0326,2554.91773165031,EPIAS_VEP:EBM0326,True,False,False,1.0745678709172017,2745.4325072680804
2026-03-17T21:00:00+00:00,2026-03-18T00:00:00+03:00,2026-03,EBM0326,2554.917731650518,EPIAS_VEP:EBM0326,True,False,False,1.1439712323182758,2922.752385948057
2026-03-17T22:00:00+00:00,2026-03-18T01:00:00+03:00,2026-03,EBM0326,2554.9177316507485,EPIAS_VEP:EBM0326,True,False,False,1.067892580152943,2728.3776885310226
2026-03-17T23:00:00+00:00,2026-03-18T02:00:00+03:00,2026-03,EBM0326,2554.9177316509995,EPIAS_VEP:EBM0326,True,False,False,0.9686677932475315,2474.8665210473623
2026-03-18T00:00:00+00:00,2026-03-18T03:00:00+03:00,2026-03,EBM0326,2554.917731651269,EPIAS_VEP:EBM0326,True,False,False,0.9023399384055493,2305.404308609452
2026-03-18T01:00:00+00:00,2026-03-18T04:00:00+03:00,2026-03,EBM0326,2554.917731651556,EPIAS_VEP:EBM0326,True,False,False,0.9320133189340049,2381.217354679906
2026-03-18T02:00:00+00:00,2026-03-18T05:00:00+03:00,2026-03,EBM0326,2554.9177316518594,EPIAS_VEP:EBM0326,True,False,False,1.0139092193504389,2590.4546428037306
2026-03-18T03:00:00+00:00,2026-03-18T06:00:00+03:00,2026-03,EBM0326,2554.91773165218,EPIAS_VEP:EBM0326,True,False,False,1.044923649725579,2669.693960906593
2026-03-18T04:00:00+00:00,2026-03-18T07:00:00+03:00,2026-03,EBM0326,2554.917731652517,EPIAS_VEP:EBM0326,True,False,False,1.0032269629707289,2563.1623565658183
2026-03-18T05:00:00+00:00,2026-03-18T08:00:00+03:00,2026-03,EBM0326,2554.9177316528726,EPIAS_VEP:EBM0326,True,False,False,1.2780288369654211,3265.2585371266528
2026-03-18T06:00:00+00:00,2026-03-18T09:00:00+03:00,2026-03,EBM0326,2554.917731653246,EPIAS_VEP:EBM0326,True,False,False,1.191282720397831,3043.6293457565343
2026-03-18T07:00:00+00:00,2026-03-18T10:00:00+03:00,2026-03,EBM0326,2554.917731653637,EPIAS_VEP:EBM0326,True,False,False,1.0128547881456187,2587.760657823529
2026-03-18T08:00:00+00:00,2026-03-18T11:00:00+03:00,2026-03,EBM0326,2554.917731654046,EPIAS_VEP:EBM0326,True,False,False,0.9762589586773952,2494.2613242109915
2026-03-18T09:00:00+00:00,2026-03-18T12:00:00+03:00,2026-03,EBM0326,2554.917731654472,EPIAS_VEP:EBM0326,True,False,False,0.7069364493728878,1806.164469655645
2026-03-18T10:00:00+00:00,2026-03-18T13:00:00+03:00,2026-03,EBM0326,2554.917731654916,EPIAS_VEP:EBM0326,True,False,False,0.7245280000453032,1851.109434396219
2026-03-18T11:00:00+00:00,2026-03-18T14:00:00+03:00,2026-03,EBM0326,2554.917731655378,EPIAS_VEP:EBM0326,True,False,False,0.8907133819564139,2275.6994133831713
2026-03-18T12:00:00+00:00,2026-03-18T15:00:00+03:00,2026-03,EBM0326,2554.9177316558566,EPIAS_VEP:EBM0326,True,False,False,0.9185157833369597,2346.7322616533675
2026-03-18T13:00:00+00:00,2026-03-18T16:00:00+03:00,2026-03,EBM0326,2554.9177316563528,EPIAS_VEP:EBM0326,True,False,False,1.0788095087399177,2756.269542959095
2026-03-18T14:00:00+00:00,2026-03-18T17:00:00+03:00,2026-03,EBM0326,2554.917731656865,EPIAS_VEP:EBM0326,True,False,False,1.2615073879599707,3223.047594115065
2026-03-18T15:00:00+00:00,2026-03-18T18:00:00+03:00,2026-03,EBM0326,2554.9177316573914,EPIAS_VEP:EBM0326,True,False,False,1.3136549600478877,3356.2803507060303
2026-03-18T16:00:00+00:00,2026-03-18T19:00:00+03:00,2026-03,EBM0326,2554.9177316579307,EPIAS_VEP:EBM0326,True,False,False,1.306407316795399,3337.7632184482245
2026-03-18T17:00:00+00:00,2026-03-18T20:00:00+03:00,2026-03,EBM0326,2554.917731658481,EPIAS_VEP:EBM0326,True,False,False,1.3015905990759122,3325.456900939033
2026-03-18T18:00:00+00:00,2026-03-18T21:00:00+03:00,2026-03,EBM0326,2554.91773165904,EPIAS_VEP:EBM0326,True,False,False,1.2775513608752394,3264.038625005286
2026-03-18T19:00:00+00:00,2026-03-18T22:00:00+03:00,2026-03,EBM0326,2554.917731659604,EPIAS_VEP:EBM0326,True,False,False,1.1262871714620142,2877.571065309041
2026-03-18T20:00:00+00:00,2026-03-18T23:00:00+03:00,2026-03,EBM0326,2554.9177316601717,EPIAS_VEP:EBM0326,True,False,False,1.0780585739173425,2754.350966269696
2026-03-18T21:00:00+00:00,2026-03-19T00:00:00+03:00,2026-03,EBM0326,2554.917731660738,EPIAS_VEP:EBM0326,True,False,False,1.147664480664679,2932.1883316474004
2026-03-18T22:00:00+00:00,2026-03-19T01:00:00+03:00,2026-03,EBM0326,2554.9177316612986,EPIAS_VEP:EBM0326,True,False,False,1.071214686949022,2736.8653981020634
2026-03-18T23:00:00+00:00,2026-03-19T02:00:00+03:00,2026-03,EBM0326,2554.917731661848,EPIAS_VEP:EBM0326,True,False,False,0.9714900341795792,2482.0771144581818
2026-03-19T00:00:00+00:00,2026-03-19T03:00:00+03:00,2026-03,EBM0326,2554.91773166238,EPIAS_VEP:EBM0326,True,False,False,0.9050481562526268,2312.3235824181806
2026-03-19T01:00:00+00:00,2026-03-19T04:00:00+03:00,2026-03,EBM0326,2554.9177316628884,EPIAS_VEP:EBM0326,True,False,False,0.9356116315454764,2390.410747385583
2026-03-19T02:00:00+00:00,2026-03-19T05:00:00+03:00,2026-03,EBM0326,2554.917731663367,EPIAS_VEP:EBM0326,True,False,False,1.0169356265998186,2598.1868643600733
2026-03-19T03:00:00+00:00,2026-03-19T06:00:00+03:00,2026-03,EBM0326,2554.9177316638084,EPIAS_VEP:EBM0326,True,False,False,1.0459360590214686,2672.2805833805137
2026-03-19T04:00:00+00:00,2026-03-19T07:00:00+03:00,2026-03,EBM0326,2554.917731664206,EPIAS_VEP:EBM0326,True,False,False,1.0010624320595882,2557.632158171936
2026-03-19T05:00:00+00:00,2026-03-19T08:00:00+03:00,2026-03,EBM0326,2554.917731664549,EPIAS_VEP:EBM0326,True,False,False,1.279556706477128,3269.1621180487055
2026-03-19T06:00:00+00:00,2026-03-19T09:00:00+03:00,2026-03,EBM0326,2554.9177316648274,EPIAS_VEP:EBM0326,True,False,False,1.1909240563628731,3042.712988667707
2026-03-19T07:00:00+00:00,2026-03-19T10:00:00+03:00,2026-03,EBM0326,2554.9177316650303,EPIAS_VEP:EBM0326,True,False,False,1.008883456996442,2577.614233463724
2026-03-19T08:00:00+00:00,2026-03-19T11:00:00+03:00,2026-03,EBM0326,2554.9177316651417,EPIAS_VEP:EBM0326,True,False,False,0.9735759540864115,2487.4064682181806
2026-03-19T09:00:00+00:00,2026-03-19T12:00:00+03:00,2026-03,EBM0326,2554.9177316651444,EPIAS_VEP:EBM0326,True,False,False,0.7001450280864628,1788.8129469952944
2026-03-19T10:00:00+00:00,2026-03-19T13:00:00+03:00,2026-03,EBM0326,2554.9177316650216,EPIAS_VEP:EBM0326,True,False,False,0.7200492368608931,1839.6665629277627
2026-03-19T11:00:00+00:00,2026-03-19T14:00:00+03:00,2026-03,EBM0326,2554.9177316647547,EPIAS_VEP:EBM0326,True,False,False,0.8897768828714916,2273.3067352737676
2026-03-19T12:00:00+00:00,2026-03-19T15:00:00+03:00,2026-03,EBM0326,2554.917731664324,EPIAS_VEP:EBM0326,True,False,False,0.9163588506047876,2341.221475977711
2026-03-19T13:00:00+00:00,2026-03-19T16:00:00+03:00,2026-03,EBM0326,2554.917731663708,EPIAS_VEP:EBM0326,True,False,False,1.0786098435223934,2755.7594147623804
2026-03-19T14:00:00+00:00,2026-03-19T17:00:00+03:00,2026-03,EBM0326,2554.9177316628857,EPIAS_VEP:EBM0326,True,False,False,1.2632197004215626,3227.4224115929287
2026-03-19T15:00:00+00:00,2026-03-19T18:00:00+03:00,2026-03,EBM0326,2554.9177316618348,EPIAS_VEP:EBM0326,True,False,False,1.3158270914841792,3361.8299678339486
2026-03-19T16:00:00+00:00,2026-03-19T19:00:00+03:00,2026-03,EBM0326,2554.9177316605333,EPIAS_VEP:EBM0326,True,False,False,1.3108132633557383,3349.0200494433843
2026-03-19T17:00:00+00:00,2026-03-19T20:00:00+03:00,2026-03,EBM0326,2554.9177316589557,EPIAS_VEP:EBM0326,True,False,False,1.3070313763903734,3339.3576393743756
2026-03-19T18:00:00+00:00,2026-03-19T21:00:00+03:00,2026-03,EBM0326,2554.917731657076,EPIAS_VEP:EBM0326,True,False,False,1.2825446362714161,3276.796032851516
2026-03-19T19:00:00+00:00,2026-03-19T22:00:00+03:00,2026-03,EBM0326,2554.917731654868,EPIAS_VEP:EBM0326,True,False,False,1.1305113417325874,2888.3634728295233
2026-03-19T20:00:00+00:00,2026-03-19T23:00:00+03:00,2026-03,EBM0326,2554.917731652308,EPIAS_VEP:EBM0326,True,False,False,1.0815476543608569,2763.2652797535147
2026-03-19T21:00:00+00:00,2026-03-20T00:00:00+03:00,2026-03,EBM0326,2554.9177316493697,EPIAS_VEP:EBM0326,True,False,False,1.1426454506826493,2919.365122937586
2026-03-19T22:00:00+00:00,2026-03-20T01:00:00+03:00,2026-03,EBM0326,2554.9177316460305,EPIAS_VEP:EBM0326,True,False,False,1.0854406380327757,2773.211532759119
2026-03-19T23:00:00+00:00,2026-03-20T02:00:00+03:00,2026-03,EBM0326,2554.9177316422656,EPIAS_VEP:EBM0326,True,False,False,0.9872837179998551,2522.428677279532
2026-03-20T00:00:00+00:00,2026-03-20T03:00:00+03:00,2026-03,EBM0326,2554.917731638052,EPIAS_VEP:EBM0326,True,False,False,0.9656698103511326,2467.2069213736636
2026-03-20T01:00:00+00:00,2026-03-20T04:00:00+03:00,2026-03,EBM0326,2554.9177316333685,EPIAS_VEP:EBM0326,True,False,False,0.9857302220039788,2518.459622804862
2026-03-20T02:00:00+00:00,2026-03-20T05:00:00+03:00,2026-03,EBM0326,2554.917731628194,EPIAS_VEP:EBM0326,True,False,False,1.0303633923343793,2632.4937010956833
2026-03-20T03:00:00+00:00,2026-03-20T06:00:00+03:00,2026-03,EBM0326,2554.917731622509,EPIAS_VEP:EBM0326,True,False,False,1.1057350053484967,2825.061971640584
2026-03-20T04:00:00+00:00,2026-03-20T07:00:00+03:00,2026-03,EBM0326,2554.917731616296,EPIAS_VEP:EBM0326,True,False,False,0.8613100962332341,2200.576437286428
2026-03-20T05:00:00+00:00,2026-03-20T08:00:00+03:00,2026-03,EBM0326,2554.9177316095397,EPIAS_VEP:EBM0326,True,False,False,0.596478933601136,1523.9546039890918
2026-03-20T06:00:00+00:00,2026-03-20T09:00:00+03:00,2026-03,EBM0326,2554.9177316022274,EPIAS_VEP:EBM0326,True,False,False,0.48943023406402153,1250.453983392397
2026-03-20T07:00:00+00:00,2026-03-20T10:00:00+03:00,2026-03,EBM0326,2554.9177315943543,EPIAS_VEP:EBM0326,True,False,False,0.3471968175654147,887.0593055510083
2026-03-20T08:00:00+00:00,2026-03-20T11:00:00+03:00,2026-03,EBM0326,2554.917731585918,EPIAS_VEP:EBM0326,True,False,False,0.2658201672945849,679.14865883407
2026-03-20T09:00:00+00:00,2026-03-20T12:00:00+03:00,2026-03,EBM0326,2554.9177315769216,EPIAS_VEP:EBM0326,True,False,False,0.21484509499954924,548.9115427566766
2026-03-20T10:00:00+00:00,2026-03-20T13:00:00+03:00,2026-03,EBM0326,2554.9177315673764,EPIAS_VEP:EBM0326,True,False,False,0.2621782779795864,669.843931241846
2026-03-20T11:00:00+00:00,2026-03-20T14:00:00+03:00,2026-03,EBM0326,2554.9177315573,EPIAS_VEP:EBM0326,True,False,False,0.30701295101233356,784.3928323591438
2026-03-20T12:00:00+00:00,2026-03-20T15:00:00+03:00,2026-03,EBM0326,2554.91773154672,EPIAS_VEP:EBM0326,True,False,False,0.29317939557762007,749.0492362854116
2026-03-20T13:00:00+00:00,2026-03-20T16:00:00+03:00,2026-03,EBM0326,2554.9177315356733,EPIAS_VEP:EBM0326,True,False,False,0.5420132196463443,1384.7991856011847
2026-03-20T14:00:00+00:00,2026-03-20T17:00:00+03:00,2026-03,EBM0326,2554.9177315242086,EPIAS_VEP:EBM0326,True,False,False,0.9460429616587873,2417.061937525713
2026-03-20T15:00:00+00:00,2026-03-20T18:00:00+03:00,2026-03,EBM0326,2554.917731512386,EPIAS_VEP:EBM0326,True,False,False,1.208269482759357,3087.0291259471805
2026-03-20T16:00:00+00:00,2026-03-20T19:00:00+03:00,2026-03,EBM0326,2554.9177315002776,EPIAS_VEP:EBM0326,True,False,False,1.3019820594566618,3326.457049801074
2026-03-20T17:00:00+00:00,2026-03-20T20:00:00+03:00,2026-03,EBM0326,2554.917731487968,EPIAS_VEP:EBM0326,True,False,False,1.3012431977252543,3324.569318846356
2026-03-20T18:00:00+00:00,2026-03-20T21:00:00+03:00,2026-03,EBM0326,2554.9177314755584,EPIAS_VEP:EBM0326,True,False,False,1.2562979880882847,3209.7380057838286
2026-03-20T19:00:00+00:00,2026-03-20T22:00:00+03:00,2026-03,EBM0326,2554.917731463167,EPIAS_VEP:EBM0326,True,False,False,1.0213875317209797,2609.561115489329
2026-03-20T20:00:00+00:00,2026-03-20T23:00:00+03:00,2026-03,EBM0326,2554.917731450931,EPIAS_VEP:EBM0326,True,False,False,0.9788000006400449,2500.7534771794335
2026-03-20T21:00:00+00:00,2026-03-21T00:00:00+03:00,2026-03,EBM0326,2554.9177314390067,EPIAS_VEP:EBM0326,True,False,False,1.1450877272342155,2925.60493836389
2026-03-20T22:00:00+00:00,2026-03-21T01:00:00+03:00,2026-03,EBM0326,2554.9177314275685,EPIAS_VEP:EBM0326,True,False,False,1.087478011262438,2778.416853511992
2026-03-20T23:00:00+00:00,2026-03-21T02:00:00+03:00,2026-03,EBM0326,2554.917731416813,EPIAS_VEP:EBM0326,True,False,False,0.9886508403640564,2525.9215622262604
2026-03-21T00:00:00+00:00,2026-03-21T03:00:00+03:00,2026-03,EBM0326,2554.91773140696,EPIAS_VEP:EBM0326,True,False,False,0.9666844161157883,2469.7991554090113
2026-03-21T01:00:00+00:00,2026-03-21T04:00:00+03:00,2026-03,EBM0326,2554.9177313982505,EPIAS_VEP:EBM0326,True,False,False,0.9874971287486246,2522.973923944722
2026-03-21T02:00:00+00:00,2026-03-21T05:00:00+03:00,2026-03,EBM0326,2554.917731390952,EPIAS_VEP:EBM0326,True,False,False,1.0315916973643007,2635.631919151741
2026-03-21T03:00:00+00:00,2026-03-21T06:00:00+03:00,2026-03,EBM0326,2554.917731385355,EPIAS_VEP:EBM0326,True,False,False,1.104106905493141,2820.9023101894404
2026-03-21T04:00:00+00:00,2026-03-21T07:00:00+03:00,2026-03,EBM0326,2554.9177313817786,EPIAS_VEP:EBM0326,True,False,False,0.8509372938876958,2174.0747804477014
2026-03-21T05:00:00+00:00,2026-03-21T08:00:00+03:00,2026-03,EBM0326,2554.917731380568,EPIAS_VEP:EBM0326,True,False,False,0.5858983211348129,1496.9220094534396
2026-03-21T06:00:00+00:00,2026-03-21T09:00:00+03:00,2026-03,EBM0326,2554.917731382096,EPIAS_VEP:EBM0326,True,False,False,0.47879474649677217,1223.281187517199
2026-03-21T07:00:00+00:00,2026-03-21T10:00:00+03:00,2026-03,EBM0326,2554.9177313867604,EPIAS_VEP:EBM0326,True,False,False,0.3366150642959574,860.0237964216359
2026-03-21T08:00:00+00:00,2026-03-21T11:00:00+03:00,2026-03,EBM0326,2554.917731394989,EPIAS_VEP:EBM0326,True,False,False,0.25602381784934836,654.119791882741
2026-03-21T09:00:00+00:00,2026-03-21T12:00:00+03:00,2026-03,EBM0326,2554.9177314072344,EPIAS_VEP:EBM0326,True,False,False,0.20522593211636722,524.335372908684
2026-03-21T10:00:00+00:00,2026-03-21T13:00:00+03:00,2026-03,EBM0326,2554.917731423974,EPIAS_VEP:EBM0326,True,False,False,0.2512841409664964,642.0103073809432
2026-03-21T11:00:00+00:00,2026-03-21T14:00:00+03:00,2026-03,EBM0326,2554.9177314457106,EPIAS_VEP:EBM0326,True,False,False,0.29715754242599807,759.2130741770135
2026-03-21T12:00:00+00:00,2026-03-21T15:00:00+03:00,2026-03,EBM0326,2554.917731472969,EPIAS_VEP:EBM0326,True,False,False,0.28431085396926314,726.3908420562924
2026-03-21T13:00:00+00:00,2026-03-21T16:00:00+03:00,2026-03,EBM0326,2554.917731506297,EPIAS_VEP:EBM0326,True,False,False,0.5322513351017227,1359.8583736692915
2026-03-21T14:00:00+00:00,2026-03-21T17:00:00+03:00,2026-03,EBM0326,2554.917731546257,EPIAS_VEP:EBM0326,True,False,False,0.9405156763290679,2402.940178250356
2026-03-21T15:00:00+00:00,2026-03-21T18:00:00+03:00,2026-03,EBM0326,2554.9177315934285,EPIAS_VEP:EBM0326,True,False,False,1.207994748352914,3086.327202238602
2026-03-21T16:00:00+00:00,2026-03-21T19:00:00+03:00,2026-03,EBM0326,2554.9177316484006,EPIAS_VEP:EBM0326,True,False,False,1.3053676941384138,3335.1070680752196
2026-03-21T17:00:00+00:00,2026-03-21T20:00:00+03:00,2026-03,EBM0326,2554.9177317117687,EPIAS_VEP:EBM0326,True,False,False,1.3060533964713716,3336.858981207088
2026-03-21T18:00:00+00:00,2026-03-21T21:00:00+03:00,2026-03,EBM0326,2554.917731784131,EPIAS_VEP:EBM0326,True,False,False,1.2610107283807444,3221.778669909986
2026-03-21T19:00:00+00:00,2026-03-21T22:00:00+03:00,2026-03,EBM0326,2554.917731866079,EPIAS_VEP:EBM0326,True,False,False,1.0248473197302688,2618.4005896342887
2026-03-21T20:00:00+00:00,2026-03-21T23:00:00+03:00,2026-03,EBM0326,2554.917731958192,EPIAS_VEP:EBM0326,True,False,False,0.9809561060207566,2506.262149545091
2026-03-21T21:00:00+00:00,2026-03-22T00:00:00+03:00,2026-03,EBM0326,2554.9177320610283,EPIAS_VEP:EBM0326,True,False,False,1.1474857557379978,2931.7317046224607
2026-03-21T22:00:00+00:00,2026-03-22T01:00:00+03:00,2026-03,EBM0326,2554.9177321751145,EPIAS_VEP:EBM0326,True,False,False,1.0894574422506225,2783.474137656261
2026-03-21T23:00:00+00:00,2026-03-22T02:00:00+03:00,2026-03,EBM0326,2554.917732300936,EPIAS_VEP:EBM0326,True,False,False,0.9899677045557305,2529.28604277469
2026-03-22T00:00:00+00:00,2026-03-22T03:00:00+03:00,2026-03,EBM0326,2554.9177324389243,EPIAS_VEP:EBM0326,True,False,False,0.9676545706303795,2472.2778213791303
2026-03-22T01:00:00+00:00,2026-03-22T04:00:00+03:00,2026-03,EBM0326,2554.917732589445,EPIAS_VEP:EBM0326,True,False,False,0.9892130949655482,2527.358077637166
2026-03-22T02:00:00+00:00,2026-03-22T05:00:00+03:00,2026-03,EBM0326,2554.917732752785,EPIAS_VEP:EBM0326,True,False,False,1.0327389542087306,2638.5630674124523
2026-03-22T03:00:00+00:00,2026-03-22T06:00:00+03:00,2026-03,EBM0326,2554.917732929137,EPIAS_VEP:EBM0326,True,False,False,1.1023816635499966,2816.494460659808
2026-03-22T04:00:00+00:00,2026-03-22T07:00:00+03:00,2026-03,EBM0326,2554.917733118584,EPIAS_VEP:EBM0326,True,False,False,0.8404836983599617,2147.366705336957
2026-03-22T05:00:00+00:00,2026-03-22T08:00:00+03:00,2026-03,EBM0326,2554.9177333210823,EPIAS_VEP:EBM0326,True,False,False,0.575344435894516,1469.9577020345137
2026-03-22T06:00:00+00:00,2026-03-22T09:00:00+03:00,2026-03,EBM0326,2554.9177335364407,EPIAS_VEP:EBM0326,True,False,False,0.46820117334160755,1196.215480633042
2026-03-22T07:00:00+00:00,2026-03-22T10:00:00+03:00,2026-03,EBM0326,2554.917733764301,EPIAS_VEP:EBM0326,True,False,False,0.3261346669902887,833.2472442888034
2026-03-22T08:00:00+00:00,2026-03-22T11:00:00+03:00,2026-03,EBM0326,2554.917734004117,EPIAS_VEP:EBM0326,True,False,False,0.24635870184609232,629.426216272814
2026-03-22T09:00:00+00:00,2026-03-22T12:00:00+03:00,2026-03,EBM0326,2554.9177342551293,EPIAS_VEP:EBM0326,True,False,False,0.1957406965506589,500.10137693273026
2026-03-22T10:00:00+00:00,2026-03-22T13:00:00+03:00,2026-03,EBM0326,2554.917734516345,EPIAS_VEP:EBM0326,True,False,False,0.24054190800044717,614.5647866447415
2026-03-22T11:00:00+00:00,2026-03-22T14:00:00+03:00,2026-03,EBM0326,2554.9177347865093,EPIAS_VEP:EBM0326,True,False,False,0.2874342738159732,734.3709237579116
2026-03-22T12:00:00+00:00,2026-03-22T15:00:00+03:00,2026-03,EBM0326,2554.917735064082,EPIAS_VEP:EBM0326,True,False,False,0.27559525552368747,704.1232060369865
2026-03-22T13:00:00+00:00,2026-03-22T16:00:00+03:00,2026-03,EBM0326,2554.917735347208,EPIAS_VEP:EBM0326,True,False,False,0.5225731896615698,1335.131510283305
2026-03-22T14:00:00+00:00,2026-03-22T17:00:00+03:00,2026-03,EBM0326,2554.917735633692,EPIAS_VEP:EBM0326,True,False,False,0.9349616504222286,2388.7501028010997
2026-03-22T15:00:00+00:00,2026-03-22T18:00:00+03:00,2026-03,EBM0326,2554.9177359209693,EPIAS_VEP:EBM0326,True,False,False,1.2076627674892115,3085.4790236695885
2026-03-22T16:00:00+00:00,2026-03-22T19:00:00+03:00,2026-03,EBM0326,2554.917736206076,EPIAS_VEP:EBM0326,True,False,False,1.3087117461304925,3343.6508517700186
2026-03-22T17:00:00+00:00,2026-03-22T20:00:00+03:00,2026-03,EBM0326,2554.91773648562,EPIAS_VEP:EBM0326,True,False,False,1.3108136844515899,3349.0211316334317
2026-03-22T18:00:00+00:00,2026-03-22T21:00:00+03:00,2026-03,EBM0326,2554.917736755757,EPIAS_VEP:EBM0326,True,False,False,1.2657113418619148,3233.7883569359356
2026-03-22T19:00:00+00:00,2026-03-22T22:00:00+03:00,2026-03,EBM0326,2554.917737012157,EPIAS_VEP:EBM0326,True,False,False,1.0283122611427191,2627.2532351806103
2026-03-22T20:00:00+00:00,2026-03-22T23:00:00+03:00,2026-03,EBM0326,2554.9177372499835,EPIAS_VEP:EBM0326,True,False,False,0.9830954231675919,2511.727934060159
2026-03-22T21:00:00+00:00,2026-03-23T00:00:00+03:00,2026-03,EBM0326,2554.91773746386,EPIAS_VEP:EBM0326,True,False,False,1.1622471136088677,2969.44576587547
2026-03-22T22:00:00+00:00,2026-03-23T01:00:00+03:00,2026-03,EBM0326,2554.9177376478515,EPIAS_VEP:EBM0326,True,False,False,1.0844167975776076,2770.595711134309
2026-03-22T23:00:00+00:00,2026-03-23T02:00:00+03:00,2026-03,EBM0326,2554.9177377954443,EPIAS_VEP:EBM0326,True,False,False,0.982787767832436,2510.9419005234818
2026-03-23T00:00:00+00:00,2026-03-23T03:00:00+03:00,2026-03,EBM0326,2554.9177378995228,EPIAS_VEP:EBM0326,True,False,False,0.9161721844223567,2340.744564950832
2026-03-23T01:00:00+00:00,2026-03-23T04:00:00+03:00,2026-03,EBM0326,2554.917737952358,EPIAS_VEP:EBM0326,True,False,False,0.9502185009518312,2427.730103012333
2026-03-23T02:00:00+00:00,2026-03-23T05:00:00+03:00,2026-03,EBM0326,2554.9177379455955,EPIAS_VEP:EBM0326,True,False,False,1.0287098827171464,2628.2691265539706
2026-03-23T03:00:00+00:00,2026-03-23T06:00:00+03:00,2026-03,EBM0326,2554.917737870252,EPIAS_VEP:EBM0326,True,False,False,1.0494302010217125,2681.2078352471176
2026-03-23T04:00:00+00:00,2026-03-23T07:00:00+03:00,2026-03,EBM0326,2554.917737716713,EPIAS_VEP:EBM0326,True,False,False,0.9917384437069781,2533.810141002526
2026-03-23T05:00:00+00:00,2026-03-23T08:00:00+03:00,2026-03,EBM0326,2554.9177374747437,EPIAS_VEP:EBM0326,True,False,False,1.2852055527779591,3283.5944630934405
2026-03-23T06:00:00+00:00,2026-03-23T09:00:00+03:00,2026-03,EBM0326,2554.917737133501,EPIAS_VEP:EBM0326,True,False,False,1.1896160600631276,3039.371172234157
2026-03-23T07:00:00+00:00,2026-03-23T10:00:00+03:00,2026-03,EBM0326,2554.9177366815607,EPIAS_VEP:EBM0326,True,False,False,0.9934841108167151,2538.2701758369344
2026-03-23T08:00:00+00:00,2026-03-23T11:00:00+03:00,2026-03,EBM0326,2554.917736106951,EPIAS_VEP:EBM0326,True,False,False,0.9632688529602366,2461.072677067507
2026-03-23T09:00:00+00:00,2026-03-23T12:00:00+03:00,2026-03,EBM0326,2554.9177353971963,EPIAS_VEP:EBM0326,True,False,False,0.6736604730651828,1721.1470902703009
2026-03-23T10:00:00+00:00,2026-03-23T13:00:00+03:00,2026-03,EBM0326,2554.9177345393755,EPIAS_VEP:EBM0326,True,False,False,0.703091032612371,1796.3397482169491
2026-03-23T11:00:00+00:00,2026-03-23T14:00:00+03:00,2026-03,EBM0326,2554.9177335201944,EPIAS_VEP:EBM0326,True,False,False,0.8868299227524972,2265.777496256699
2026-03-23T12:00:00+00:00,2026-03-23T15:00:00+03:00,2026-03,EBM0326,2554.9177323260697,EPIAS_VEP:EBM0326,True,False,False,0.9085304553868188,2321.220570826062
2026-03-23T13:00:00+00:00,2026-03-23T16:00:00+03:00,2026-03,EBM0326,2554.917730943231,EPIAS_VEP:EBM0326,True,False,False,1.0782095937255656,2754.736808682545
2026-03-23T14:00:00+00:00,2026-03-23T17:00:00+03:00,2026-03,EBM0326,2554.9177293578405,EPIAS_VEP:EBM0326,True,False,False,1.269725802794973,3244.0449649839934
2026-03-23T15:00:00+00:00,2026-03-23T18:00:00+03:00,2026-03,EBM0326,2554.9177275561315,EPIAS_VEP:EBM0326,True,False,False,1.3239254481658114,3382.5205974815276
2026-03-23T16:00:00+00:00,2026-03-23T19:00:00+03:00,2026-03,EBM0326,2554.9177255245663,EPIAS_VEP:EBM0326,True,False,False,1.3280707538767313,3393.1115098304344
2026-03-23T17:00:00+00:00,2026-03-23T20:00:00+03:00,2026-03,EBM0326,2554.917723250017,EPIAS_VEP:EBM0326,True,False,False,1.3283695404870581,3393.8748820158658
2026-03-23T18:00:00+00:00,2026-03-23T21:00:00+03:00,2026-03,EBM0326,2554.9177207199687,EPIAS_VEP:EBM0326,True,False,False,1.3023002781761284,3327.270058410735
2026-03-23T19:00:00+00:00,2026-03-23T22:00:00+03:00,2026-03,EBM0326,2554.917717922746,EPIAS_VEP:EBM0326,True,False,False,1.1474325219619694,2931.595680481416
2026-03-23T20:00:00+00:00,2026-03-23T23:00:00+03:00,2026-03,EBM0326,2554.917714847767,EPIAS_VEP:EBM0326,True,False,False,1.0954406232746727,2798.7606539683406
2026-03-23T21:00:00+00:00,2026-03-24T00:00:00+03:00,2026-03,EBM0326,2554.9177114858244,EPIAS_VEP:EBM0326,True,False,False,1.1658325705936277,2978.606283236707
2026-03-23T22:00:00+00:00,2026-03-24T01:00:00+03:00,2026-03,EBM0326,2554.917707829391,EPIAS_VEP:EBM0326,True,False,False,1.0876862338697584,2778.948819476106
2026-03-23T23:00:00+00:00,2026-03-24T02:00:00+03:00,2026-03,EBM0326,2554.917703872956,EPIAS_VEP:EBM0326,True,False,False,0.9856090518471575,2518.150015661741
2026-03-24T00:00:00+00:00,2026-03-24T03:00:00+03:00,2026-03,EBM0326,2554.9176996133906,EPIAS_VEP:EBM0326,True,False,False,0.9190216570767719,2348.0246979934723
2026-03-24T01:00:00+00:00,2026-03-24T04:00:00+03:00,2026-03,EBM0326,2554.9176950503456,EPIAS_VEP:EBM0326,True,False,False,0.9539150974851708,2437.1745621405385
2026-03-24T02:00:00+00:00,2026-03-24T05:00:00+03:00,2026-03,EBM0326,2554.917690186673,EPIAS_VEP:EBM0326,True,False,False,1.031562507837634,2635.5572998077
2026-03-24T03:00:00+00:00,2026-03-24T06:00:00+03:00,2026-03,EBM0326,2554.917685028886,EPIAS_VEP:EBM0326,True,False,False,1.0501572809916648,2683.0654092674536
2026-03-24T04:00:00+00:00,2026-03-24T07:00:00+03:00,2026-03,EBM0326,2554.9176795876424,EPIAS_VEP:EBM0326,True,False,False,0.9892410447212082,2527.4294345319645
2026-03-24T05:00:00+00:00,2026-03-24T08:00:00+03:00,2026-03,EBM0326,2554.9176738782653,EPIAS_VEP:EBM0326,True,False,False,1.2864928791856785,3286.883394350026
2026-03-24T06:00:00+00:00,2026-03-24T09:00:00+03:00,2026-03,EBM0326,2554.917667921284,EPIAS_VEP:EBM0326,True,False,False,1.1893204759106257,3038.615896724608
2026-03-24T07:00:00+00:00,2026-03-24T10:00:00+03:00,2026-03,EBM0326,2554.917661743004,EPIAS_VEP:EBM0326,True,False,False,0.9897726410158182,2528.787601641332
2026-03-24T08:00:00+00:00,2026-03-24T11:00:00+03:00,2026-03,EBM0326,2554.9176553761054,EPIAS_VEP:EBM0326,True,False,False,0.9608109333040452,2454.792816976899
2026-03-24T09:00:00+00:00,2026-03-24T12:00:00+03:00,2026-03,EBM0326,2554.917648860257,EPIAS_VEP:EBM0326,True,False,False,0.6672442462837014,1704.7541009306885
2026-03-24T10:00:00+00:00,2026-03-24T13:00:00+03:00,2026-03,EBM0326,2554.9176422427595,EPIAS_VEP:EBM0326,True,False,False,0.6991133674261905,1786.1770763649185
2026-03-24T11:00:00+00:00,2026-03-24T14:00:00+03:00,2026-03,EBM0326,2554.9176355791906,EPIAS_VEP:EBM0326,True,False,False,0.8862977888574032,2264.4178511266214
2026-03-24T12:00:00+00:00,2026-03-24T15:00:00+03:00,2026-03,EBM0326,2554.917628934072,EPIAS_VEP:EBM0326,True,False,False,0.9067815036752632,2316.7520493312763
2026-03-24T13:00:00+00:00,2026-03-24T16:00:00+03:00,2026-03,EBM0326,2554.9176223815307,EPIAS_VEP:EBM0326,True,False,False,1.078206828343648,2754.729626307284
2026-03-24T14:00:00+00:00,2026-03-24T17:00:00+03:00,2026-03,EBM0326,2554.917616005967,EPIAS_VEP:EBM0326,True,False,False,1.2712569081030924,3247.9566689818694
2026-03-24T15:00:00+00:00,2026-03-24T18:00:00+03:00,2026-03,EBM0326,2554.917609902707,EPIAS_VEP:EBM0326,True,False,False,1.3257913537481556,3387.2876767479124
2026-03-24T16:00:00+00:00,2026-03-24T19:00:00+03:00,2026-03,EBM0326,2554.917604178645,EPIAS_VEP:EBM0326,True,False,False,1.3322743804570951,3403.8512682260302
2026-03-24T17:00:00+00:00,2026-03-24T20:00:00+03:00,2026-03,EBM0326,2554.9175989528503,EPIAS_VEP:EBM0326,True,False,False,1.3335750886670028,3407.174463560433
2026-03-24T18:00:00+00:00,2026-03-24T21:00:00+03:00,2026-03,EBM0326,2554.917594357139,EPIAS_VEP:EBM0326,True,False,False,1.3071642240506502,3339.696874741204
2026-03-24T19:00:00+00:00,2026-03-24T22:00:00+03:00,2026-03,EBM0326,2554.9175905365983,EPIAS_VEP:EBM0326,True,False,False,1.1516537279214956,2942.3803676736784
2026-03-24T20:00:00+00:00,2026-03-24T23:00:00+03:00,2026-03,EBM0326,2554.917587650041,EPIAS_VEP:EBM0326,True,False,False,1.0988863051095947,2807.5639477522723
2026-03-24T21:00:00+00:00,2026-03-25T00:00:00+03:00,2026-03,EBM0326,2554.917585870393,EPIAS_VEP:EBM0326,True,False,False,1.1693889971119114,2987.6925134445646
2026-03-24T22:00:00+00:00,2026-03-25T01:00:00+03:00,2026-03,EBM0326,2554.917585384978,EPIAS_VEP:EBM0326,True,False,False,1.090939483459207,2787.260470880732
2026-03-24T23:00:00+00:00,2026-03-25T02:00:00+03:00,2026-03,EBM0326,2554.9175863957003,EPIAS_VEP:EBM0326,True,False,False,0.9884269571899917,2525.3494157922996
2026-03-25T00:00:00+00:00,2026-03-25T03:00:00+03:00,2026-03,EBM0326,2554.91758911909,EPIAS_VEP:EBM0326,True,False,False,0.9218966909563107,2355.370071074964
2026-03-25T01:00:00+00:00,2026-03-25T04:00:00+03:00,2026-03,EBM0326,2554.917593786203,EPIAS_VEP:EBM0326,True,False,False,0.9576261514115143,2446.655902511048
2026-03-25T02:00:00+00:00,2026-03-25T05:00:00+03:00,2026-03,EBM0326,2554.9176006423468,EPIAS_VEP:EBM0326,True,False,False,1.034375652621742,2642.744560559203
2026-03-25T03:00:00+00:00,2026-03-25T06:00:00+03:00,2026-03,EBM0326,2554.9176099466176,EPIAS_VEP:EBM0326,True,False,False,1.0508230049036391,2684.7662001653284
2026-03-25T04:00:00+00:00,2026-03-25T07:00:00+03:00,2026-03,EBM0326,2554.917621971213,EPIAS_VEP:EBM0326,True,False,False,0.9866774184614268,2520.879523628164
2026-03-25T05:00:00+00:00,2026-03-25T08:00:00+03:00,2026-03,EBM0326,2554.917637000502,EPIAS_VEP:EBM0326,True,False,False,1.2877267253346505,3290.0357221943996
2026-03-25T06:00:00+00:00,2026-03-25T09:00:00+03:00,2026-03,EBM0326,2554.917655329819,EPIAS_VEP:EBM0326,True,False,False,1.189037255857709,3037.8922778357796
2026-03-25T07:00:00+00:00,2026-03-25T10:00:00+03:00,2026-03,EBM0326,2554.9176772639644,EPIAS_VEP:EBM0326,True,False,False,0.9861230059396513,2519.4630998318926
2026-03-25T08:00:00+00:00,2026-03-25T11:00:00+03:00,2026-03,EBM0326,2554.9177031153727,EPIAS_VEP:EBM0326,True,False,False,0.9584053899429771,2448.6468975265043
2026-03-25T09:00:00+00:00,2026-03-25T12:00:00+03:00,2026-03,EBM0326,2554.917733201915,EPIAS_VEP:EBM0326,True,False,False,0.6609234505977251,1688.6050442211274
2026-03-25T10:00:00+00:00,2026-03-25T13:00:00+03:00,2026-03,EBM0326,2554.917767844315,EPIAS_VEP:EBM0326,True,False,False,0.6952491430104382,1776.3043885559018
2026-03-25T11:00:00+00:00,2026-03-25T14:00:00+03:00,2026-03,EBM0326,2554.917807363143,EPIAS_VEP:EBM0326,True,False,False,0.8858491465811276,2263.2717592375657
2026-03-25T12:00:00+00:00,2026-03-25T15:00:00+03:00,2026-03,EBM0326,2554.917852075348,EPIAS_VEP:EBM0326,True,False,False,0.9051188419756643,2312.5042876133907
2026-03-25T13:00:00+00:00,2026-03-25T16:00:00+03:00,2026-03,EBM0326,2554.917902290309,EPIAS_VEP:EBM0326,True,False,False,1.0782419322032855,2754.819615586268
2026-03-25T14:00:00+00:00,2026-03-25T17:00:00+03:00,2026-03,EBM0326,2554.917958305364,EPIAS_VEP:EBM0326,True,False,False,1.2727461271719944,3251.7619366753315
2026-03-25T15:00:00+00:00,2026-03-25T18:00:00+03:00,2026-03,EBM0326,2554.9180204007835,EPIAS_VEP:EBM0326,True,False,False,1.327589549548202,3391.88246383646
2026-03-25T16:00:00+00:00,2026-03-25T19:00:00+03:00,2026-03,EBM0326,2554.918088834176,EPIAS_VEP:EBM0326,True,False,False,1.3364261776278712,3414.4594156129638
2026-03-25T17:00:00+00:00,2026-03-25T20:00:00+03:00,2026-03,EBM0326,2554.918163834277,EPIAS_VEP:EBM0326,True,False,False,1.3387201047349206,3420.3203118773745
2026-03-25T18:00:00+00:00,2026-03-25T21:00:00+03:00,2026-03,EBM0326,2554.918245594101,EPIAS_VEP:EBM0326,True,False,False,1.3119900194791392,3352.0272388046124
2026-03-25T19:00:00+00:00,2026-03-25T22:00:00+03:00,2026-03,EBM0326,2554.9183342634446,EPIAS_VEP:EBM0326,True,False,False,1.1558652168125687,2953.1412343718234
2026-03-25T20:00:00+00:00,2026-03-25T23:00:00+03:00,2026-03,EBM0326,2554.918429940712,EPIAS_VEP:EBM0326,True,False,False,1.1023163103856808,2816.3282570286224
2026-03-25T21:00:00+00:00,2026-03-26T00:00:00+03:00,2026-03,EBM0326,2554.9185326640454,EPIAS_VEP:EBM0326,True,False,False,1.1729139721672777,2996.699644710778
2026-03-25T22:00:00+00:00,2026-03-26T01:00:00+03:00,2026-03,EBM0326,2554.918642401757,EPIAS_VEP:EBM0326,True,False,False,1.0941747031999933,2795.5273472500726
2026-03-25T23:00:00+00:00,2026-03-26T02:00:00+03:00,2026-03,EBM0326,2554.9187590420606,EPIAS_VEP:EBM0326,True,False,False,0.9912404349503758,2532.5387819757266
2026-03-26T00:00:00+00:00,2026-03-26T03:00:00+03:00,2026-03,EBM0326,2554.918882382095,EPIAS_VEP:EBM0326,True,False,False,0.924796326742041,2362.7795975508425
2026-03-26T01:00:00+00:00,2026-03-26T04:00:00+03:00,2026-03,EBM0326,2554.91901211626,EPIAS_VEP:EBM0326,True,False,False,0.9613498771680284,2456.1710784722272
2026-03-26T02:00:00+00:00,2026-03-26T05:00:00+03:00,2026-03,EBM0326,2554.919147823881,EPIAS_VEP:EBM0326,True,False,False,1.037147835071672,2649.828862948699
2026-03-26T03:00:00+00:00,2026-03-26T06:00:00+03:00,2026-03,EBM0326,2554.919288956241,EPIAS_VEP:EBM0326,True,False,False,1.051426120310623,2686.308875694036
2026-03-26T04:00:00+00:00,2026-03-26T07:00:00+03:00,2026-03,EBM0326,2554.919434823005,EPIAS_VEP:EBM0326,True,False,False,0.984047887341519,2514.163072165366
2026-03-26T05:00:00+00:00,2026-03-26T08:00:00+03:00,2026-03,EBM0326,2554.919584578108,EPIAS_VEP:EBM0326,True,False,False,1.2889054165209368,3293.049691338145
2026-03-26T06:00:00+00:00,2026-03-26T09:00:00+03:00,2026-03,EBM0326,2554.919737205167,EPIAS_VEP:EBM0326,True,False,False,1.1887662487328041,3037.2023518107885
2026-03-26T07:00:00+00:00,2026-03-26T10:00:00+03:00,2026-03,EBM0326,2554.919891502508,EPIAS_VEP:EBM0326,True,False,False,0.982538309364932,2510.30667075971
2026-03-26T08:00:00+00:00,2026-03-26T11:00:00+03:00,2026-03,EBM0326,2554.9200460679,EPIAS_VEP:EBM0326,True,False,False,0.9560545240385145,2442.642868599906
2026-03-26T09:00:00+00:00,2026-03-26T12:00:00+03:00,2026-03,EBM0326,2554.920199283127,EPIAS_VEP:EBM0326,True,False,False,0.65470460478885,1672.7180193387096
2026-03-26T10:00:00+00:00,2026-03-26T13:00:00+03:00,2026-03,EBM0326,2554.920349298532,EPIAS_VEP:EBM0326,True,False,False,0.6915024969313395,1766.733801000625
2026-03-26T11:00:00+00:00,2026-03-26T14:00:00+03:00,2026-03,EBM0326,2554.9204940176933,EPIAS_VEP:EBM0326,True,False,False,0.885484672772951,2262.342937606163
2026-03-26T12:00:00+00:00,2026-03-26T15:00:00+03:00,2026-03,EBM0326,2554.9206310824247,EPIAS_VEP:EBM0326,True,False,False,0.9035438342607702,2308.4827832401606
2026-03-26T13:00:00+00:00,2026-03-26T16:00:00+03:00,2026-03,EBM0326,2554.920757858304,EPIAS_VEP:EBM0326,True,False,False,1.0783143190367868,2755.0076372029284
2026-03-26T14:00:00+00:00,2026-03-26T17:00:00+03:00,2026-03,EBM0326,2554.9208714209663,EPIAS_VEP:EBM0326,True,False,False,1.2741916747628796,3255.4589040425167
2026-03-26T15:00:00+00:00,2026-03-26T18:00:00+03:00,2026-03,EBM0326,2554.9209685434253,EPIAS_VEP:EBM0326,True,False,False,1.3293180344316629,3396.3025200323864
2026-03-26T16:00:00+00:00,2026-03-26T19:00:00+03:00,2026-03,EBM0326,2554.921045684717,EPIAS_VEP:EBM0326,True,False,False,1.3405224602980301,3424.9290460284924
2026-03-26T17:00:00+00:00,2026-03-26T20:00:00+03:00,2026-03,EBM0326,2554.9210989801904,EPIAS_VEP:EBM0326,True,False,False,1.3438002184291633,3433.303530878858
2026-03-26T18:00:00+00:00,2026-03-26T21:00:00+03:00,2026-03,EBM0326,2554.921124233791,EPIAS_VEP:EBM0326,True,False,False,1.3167736319275516,3364.2527680457524
2026-03-26T19:00:00+00:00,2026-03-26T22:00:00+03:00,2026-03,EBM0326,2554.9211169127307,EPIAS_VEP:EBM0326,True,False,False,1.1600639584376686,2963.871904381772
2026-03-26T20:00:00+00:00,2026-03-26T23:00:00+03:00,2026-03,EBM0326,2554.921072144963,EPIAS_VEP:EBM0326,True,False,False,1.1057283373948603,2825.048629277944
2026-03-26T21:00:00+00:00,2026-03-27T00:00:00+03:00,2026-03,EBM0326,2554.9209847199163,EPIAS_VEP:EBM0326,True,False,False,1.1764051093801953,3005.6221004871895
2026-03-26T22:00:00+00:00,2026-03-27T01:00:00+03:00,2026-03,EBM0326,2554.9208490929705,EPIAS_VEP:EBM0326,True,False,False,1.0973900707510589,2803.7447713494903
2026-03-26T23:00:00+00:00,2026-03-27T02:00:00+03:00,2026-03,EBM0326,2554.920659394199,EPIAS_VEP:EBM0326,True,False,False,0.9940484431541994,2539.714903853304
2026-03-27T00:00:00+00:00,2026-03-27T03:00:00+03:00,2026-03,EBM0326,2554.9204094419297,EPIAS_VEP:EBM0326,True,False,False,0.9277195790024563,2370.2496866322504
2026-03-27T01:00:00+00:00,2026-03-27T04:00:00+03:00,2026-03,EBM0326,2554.9200927617167,EPIAS_VEP:EBM0326,True,False,False,0.9650844693617295,2465.7137019845622
2026-03-27T02:00:00+00:00,2026-03-27T05:00:00+03:00,2026-03,EBM0326,2554.9197026113343,EPIAS_VEP:EBM0326,True,False,False,1.03987761538057,2656.803807840309
2026-03-27T03:00:00+00:00,2026-03-27T06:00:00+03:00,2026-03,EBM0326,2554.919232012445,EPIAS_VEP:EBM0326,True,False,False,1.0519654542752486,2687.6867705405407
2026-03-27T04:00:00+00:00,2026-03-27T07:00:00+03:00,2026-03,EBM0326,2554.9186737896152,EPIAS_VEP:EBM0326,True,False,False,0.9813528634907686,2507.276756509476
2026-03-27T05:00:00+00:00,2026-03-27T08:00:00+03:00,2026-03,EBM0326,2554.9180206173764,EPIAS_VEP:EBM0326,True,False,False,1.2900273318689224,3295.9140772808623
2026-03-27T06:00:00+00:00,2026-03-27T09:00:00+03:00,2026-03,EBM0326,2554.917265076048,EPIAS_VEP:EBM0326,True,False,False,1.1885072751437118,3036.537756933158
2026-03-27T07:00:00+00:00,2026-03-27T10:00:00+03:00,2026-03,EBM0326,2554.9163997170517,EPIAS_VEP:EBM0326,True,False,False,0.9790215695519436,2501.318263724989
2026-03-27T08:00:00+00:00,2026-03-27T11:00:00+03:00,2026-03,EBM0326,2554.915417138466,EPIAS_VEP:EBM0326,True,False,False,0.9537605663817177,2436.777575307366
2026-03-27T09:00:00+00:00,2026-03-27T12:00:00+03:00,2026-03,EBM0326,2554.914310071568,EPIAS_VEP:EBM0326,True,False,False,0.648594093129986,1657.1023299656922
2026-03-27T10:00:00+00:00,2026-03-27T13:00:00+03:00,2026-03,EBM0326,2554.9130714790813,EPIAS_VEP:EBM0326,True,False,False,0.687877441505931,1757.4670668790902
2026-03-27T11:00:00+00:00,2026-03-27T14:00:00+03:00,2026-03,EBM0326,2554.9116946658933,EPIAS_VEP:EBM0326,True,False,False,0.8852049584354115,2261.620500482869
2026-03-27T12:00:00+00:00,2026-03-27T15:00:00+03:00,2026-03,EBM0326,2554.910173402905,EPIAS_VEP:EBM0326,True,False,False,0.9020577554902661,2304.676536499071
2026-03-27T13:00:00+00:00,2026-03-27T16:00:00+03:00,2026-03,EBM0326,2554.908502064715,EPIAS_VEP:EBM0326,True,False,False,1.078423368785389,2755.2730337350617
2026-03-27T14:00:00+00:00,2026-03-27T17:00:00+03:00,2026-03,EBM0326,2554.906675781748,EPIAS_VEP:EBM0326,True,False,False,1.2755918112525775,3259.0180341417417
2026-03-27T15:00:00+00:00,2026-03-27T18:00:00+03:00,2026-03,EBM0326,2554.90469060739,EPIAS_VEP:EBM0326,True,False,False,1.3309748779344681,3400.513958715371
2026-03-27T16:00:00+00:00,2026-03-27T19:00:00+03:00,2026-03,EBM0326,2554.902543700612,EPIAS_VEP:EBM0326,True,False,False,1.344559595759943,3435.2187313641452
2026-03-27T17:00:00+00:00,2026-03-27T20:00:00+03:00,2026-03,EBM0326,2554.9002335244886,EPIAS_VEP:EBM0326,True,False,False,1.3488111225584989,3446.0778520051363
2026-03-27T18:00:00+00:00,2026-03-27T21:00:00+03:00,2026-03,EBM0326,2554.8977600608946,EPIAS_VEP:EBM0326,True,False,False,1.321511064167444,3376.3256577370917
2026-03-27T19:00:00+00:00,2026-03-27T22:00:00+03:00,2026-03,EBM0326,2554.895125041516,EPIAS_VEP:EBM0326,True,False,False,1.164246933427832,2974.5288145593026
2026-03-27T20:00:00+00:00,2026-03-27T23:00:00+03:00,2026-03,EBM0326,2554.892332195197,EPIAS_VEP:EBM0326,True,False,False,1.109120101964507,2833.682443992674
2026-03-27T21:00:00+00:00,2026-03-28T00:00:00+03:00,2026-03,EBM0326,2554.889387511442,EPIAS_VEP:EBM0326,True,False,False,1.215626932838612,3105.792349882454
2026-03-27T22:00:00+00:00,2026-03-28T01:00:00+03:00,2026-03,EBM0326,2554.8862995197032,EPIAS_VEP:EBM0326,True,False,False,1.1687824765765622,2986.106336524167
2026-03-27T23:00:00+00:00,2026-03-28T02:00:00+03:00,2026-03,EBM0326,2554.8830795838467,EPIAS_VEP:EBM0326,True,False,False,1.09800897763766,2805.2845581976158
2026-03-28T00:00:00+00:00,2026-03-28T03:00:00+03:00,2026-03,EBM0326,2554.879742210948,EPIAS_VEP:EBM0326,True,False,False,1.0461537797576748,2672.7970991402967
2026-03-28T01:00:00+00:00,2026-03-28T04:00:00+03:00,2026-03,EBM0326,2554.8763053732923,EPIAS_VEP:EBM0326,True,False,False,1.0753589358907005,2747.409065078588
2026-03-28T02:00:00+00:00,2026-03-28T05:00:00+03:00,2026-03,EBM0326,2554.8727908421097,EPIAS_VEP:EBM0326,True,False,False,1.1304660460530773,2888.1969420318705
2026-03-28T03:00:00+00:00,2026-03-28T06:00:00+03:00,2026-03,EBM0326,2554.869224531258,EPIAS_VEP:EBM0326,True,False,False,1.1035733740313165,2819.485650324734
2026-03-28T04:00:00+00:00,2026-03-28T07:00:00+03:00,2026-03,EBM0326,2554.8656368486754,EPIAS_VEP:EBM0326,True,False,False,0.8333716383877536,2129.1525616411523
2026-03-28T05:00:00+00:00,2026-03-28T08:00:00+03:00,2026-03,EBM0326,2554.862063053013,EPIAS_VEP:EBM0326,True,False,False,0.9064063537715102,2315.74320696104
2026-03-28T06:00:00+00:00,2026-03-28T09:00:00+03:00,2026-03,EBM0326,2554.858543612403,EPIAS_VEP:EBM0326,True,False,False,0.8519874104156253,2176.7073145505674
2026-03-28T07:00:00+00:00,2026-03-28T10:00:00+03:00,2026-03,EBM0326,2554.85512456184,EPIAS_VEP:EBM0326,True,False,False,0.6833401661442687,1745.835125292624
2026-03-28T08:00:00+00:00,2026-03-28T11:00:00+03:00,2026-03,EBM0326,2554.851857855119,EPIAS_VEP:EBM0326,True,False,False,0.6189443923194032,1581.3112306262349
2026-03-28T09:00:00+00:00,2026-03-28T12:00:00+03:00,2026-03,EBM0326,2554.8488017067457,EPIAS_VEP:EBM0326,True,False,False,0.4710506354065965,1203.463151411744
2026-03-28T10:00:00+00:00,2026-03-28T13:00:00+03:00,2026-03,EBM0326,2554.8460209186064,EPIAS_VEP:EBM0326,True,False,False,0.5404501427984701,1380.766896833564
2026-03-28T11:00:00+00:00,2026-03-28T14:00:00+03:00,2026-03,EBM0326,2554.84358718558,EPIAS_VEP:EBM0326,True,False,False,0.5453537128620854,1393.293436053545
2026-03-28T12:00:00+00:00,2026-03-28T15:00:00+03:00,2026-03,EBM0326,2554.84157937362,EPIAS_VEP:EBM0326,True,False,False,0.5576927507514186,1424.8166281349727
2026-03-28T13:00:00+00:00,2026-03-28T16:00:00+03:00,2026-03,EBM0326,2554.8400837631248,EPIAS_VEP:EBM0326,True,False,False,0.7056331593073151,1802.7798798307392
2026-03-28T14:00:00+00:00,2026-03-28T17:00:00+03:00,2026-03,EBM0326,2554.8391942497237,EPIAS_VEP:EBM0326,True,False,False,1.0915609463662186,2788.7626886887356
2026-03-28T15:00:00+00:00,2026-03-28T18:00:00+03:00,2026-03,EBM0326,2554.8390124938314,EPIAS_VEP:EBM0326,True,False,False,1.3040595106059212,3331.6621123096206
2026-03-28T16:00:00+00:00,2026-03-28T19:00:00+03:00,2026-03,EBM0326,2554.839648009606,EPIAS_VEP:EBM0326,True,False,False,1.3686632705155124,3496.7151882875282
2026-03-28T17:00:00+00:00,2026-03-28T20:00:00+03:00,2026-03,EBM0326,2554.8412181831204,EPIAS_VEP:EBM0326,True,False,False,1.388069141664804,3546.2962568133066
2026-03-28T18:00:00+00:00,2026-03-28T21:00:00+03:00,2026-03,EBM0326,2554.8438482088104,EPIAS_VEP:EBM0326,True,False,False,1.3445144014904917,3435.0243474761332
2026-03-28T19:00:00+00:00,2026-03-28T22:00:00+03:00,2026-03,EBM0326,2554.847670932458,EPIAS_VEP:EBM0326,True,False,False,1.200205438385372,3066.3420688993374
2026-03-28T20:00:00+00:00,2026-03-28T23:00:00+03:00,2026-03,EBM0326,2554.852826588193,EPIAS_VEP:EBM0326,True,False,False,1.1254302618652983,2875.3086856544473
2026-03-28T21:00:00+00:00,2026-03-29T00:00:00+03:00,2026-03,EBM0326,2554.859462416212,EPIAS_VEP:EBM0326,True,False,False,1.1629168777430736,2971.089189105409
2026-03-28T22:00:00+00:00,2026-03-29T01:00:00+03:00,2026-03,EBM0326,2554.86773214722,EPIAS_VEP:EBM0326,True,False,False,1.1016221736030671,2814.498944356359
2026-03-28T23:00:00+00:00,2026-03-29T02:00:00+03:00,2026-03,EBM0326,2554.8777953388467,EPIAS_VEP:EBM0326,True,False,False,0.997759662605509,2549.154007075594
2026-03-29T00:00:00+00:00,2026-03-29T03:00:00+03:00,2026-03,EBM0326,2554.889816548671,EPIAS_VEP:EBM0326,True,False,False,0.9731978971690743,2486.4133969638488
2026-03-29T01:00:00+00:00,2026-03-29T04:00:00+03:00,2026-03,EBM0326,2554.903964327905,EPIAS_VEP:EBM0326,True,False,False,0.9997424117017645,2554.245850963579
2026-03-29T02:00:00+00:00,2026-03-29T05:00:00+03:00,2026-03,EBM0326,2554.9204100192696,EPIAS_VEP:EBM0326,True,False,False,1.0384660680381634,2653.198152343163
2026-03-29T03:00:00+00:00,2026-03-29T06:00:00+03:00,2026-03,EBM0326,2554.939326342219,EPIAS_VEP:EBM0326,True,False,False,1.0876780405474444,2778.951400193512
2026-03-29T04:00:00+00:00,2026-03-29T07:00:00+03:00,2026-03,EBM0326,2554.960885748371,EPIAS_VEP:EBM0326,True,False,False,0.7657085064211234,1956.3552837907757
2026-03-29T05:00:00+00:00,2026-03-29T08:00:00+03:00,2026-03,EBM0326,2554.9852585298745,EPIAS_VEP:EBM0326,True,False,False,0.5028226811904719,1284.7045380961226
2026-03-29T06:00:00+00:00,2026-03-29T09:00:00+03:00,2026-03,EBM0326,2555.01261066347,EPIAS_VEP:EBM0326,True,False,False,0.3959314087290198,1011.6097422603981
2026-03-29T07:00:00+00:00,2026-03-29T10:00:00+03:00,2026-03,EBM0326,2555.0431013732104,EPIAS_VEP:EBM0326,True,False,False,0.2563242961608101,654.9196246200215
2026-03-29T08:00:00+00:00,2026-03-29T11:00:00+03:00,2026-03,EBM0326,2555.076880395247,EPIAS_VEP:EBM0326,True,False,False,0.18304884600887647,467.70387442031006
2026-03-29T09:00:00+00:00,2026-03-29T12:00:00+03:00,2026-03,EBM0326,2555.114084928759,EPIAS_VEP:EBM0326,True,False,False,0.13377608975887845,341.81317116960423
2026-03-29T10:00:00+00:00,2026-03-29T13:00:00+03:00,2026-03,EBM0326,2555.1548362580515,EPIAS_VEP:EBM0326,True,False,False,0.17037023986634114,435.3223423489259
2026-03-29T11:00:00+00:00,2026-03-29T14:00:00+03:00,2026-03,EBM0326,2555.199236032102,EPIAS_VEP:EBM0326,True,False,False,0.2237379326744694,571.6949946412061
2026-03-29T12:00:00+00:00,2026-03-29T15:00:00+03:00,2026-03,EBM0326,2555.247362189426,EPIAS_VEP:EBM0326,True,False,False,0.2193727983077491,560.5517642119889
2026-03-29T13:00:00+00:00,2026-03-29T16:00:00+03:00,2026-03,EBM0326,2555.299264518102,EPIAS_VEP:EBM0326,True,False,False,0.45765917112148313,1169.45614336669
2026-03-29T14:00:00+00:00,2026-03-29T17:00:00+03:00,2026-03,EBM0326,2555.3549598431546,EPIAS_VEP:EBM0326,True,False,False,0.8955940842176061,2288.560785111648
2026-03-29T15:00:00+00:00,2026-03-29T18:00:00+03:00,2026-03,EBM0326,2555.4144268363216,EPIAS_VEP:EBM0326,True,False,False,1.2036884358394375,3075.9227943601445
2026-03-29T16:00:00+00:00,2026-03-29T19:00:00+03:00,2026-03,EBM0326,2555.477600446523,EPIAS_VEP:EBM0326,True,False,False,1.3307005826288945,3400.5755318092774
2026-03-29T17:00:00+00:00,2026-03-29T20:00:00+03:00,2026-03,EBM0326,2555.54436595316,EPIAS_VEP:EBM0326,True,False,False,1.3424106274152057,3430.5899156865758
2026-03-29T18:00:00+00:00,2026-03-29T21:00:00+03:00,2026-03,EBM0326,2555.614552648757,EPIAS_VEP:EBM0326,True,False,False,1.297951347690395,3317.0633527876403
2026-03-29T19:00:00+00:00,2026-03-29T22:00:00+03:00,2026-03,EBM0326,2555.6879271624057,EPIAS_VEP:EBM0326,True,False,False,1.052552726666281,2689.9962962428863
2026-03-29T20:00:00+00:00,2026-03-29T23:00:00+03:00,2026-03,EBM0326,2555.764186441097,EPIAS_VEP:EBM0326,True,False,False,0.9975611058864308,2549.5309482111147
2026-03-29T21:00:00+00:00,2026-03-30T00:00:00+03:00,2026-03,EBM0326,2555.8429504122737,EPIAS_VEP:EBM0326,True,False,False,1.186652197337731,3032.8966531568744
2026-03-29T22:00:00+00:00,2026-03-30T01:00:00+03:00,2026-03,EBM0326,2555.9237543578947,EPIAS_VEP:EBM0326,True,False,False,1.1068991815681057,2829.149911849234
2026-03-29T23:00:00+00:00,2026-03-30T02:00:00+03:00,2026-03,EBM0326,2556.0060410380474,EPIAS_VEP:EBM0326,True,False,False,1.0024293463475957,2562.215464978276
2026-03-30T00:00:00+00:00,2026-03-30T03:00:00+03:00,2026-03,EBM0326,2556.0891526105474,EPIAS_VEP:EBM0326,True,False,False,0.9366207981255587,2394.0862621981737
2026-03-30T01:00:00+00:00,2026-03-30T04:00:00+03:00,2026-03,EBM0326,2556.1723224022703,EPIAS_VEP:EBM0326,True,False,False,0.9763351220512995,2495.680816376774
2026-03-30T02:00:00+00:00,2026-03-30T05:00:00+03:00,2026-03,EBM0326,2556.254666597996,EPIAS_VEP:EBM0326,True,False,False,1.0477988022548888,2678.4405779198505
2026-03-30T03:00:00+00:00,2026-03-30T06:00:00+03:00,2026-03,EBM0326,2556.3351759234283,EPIAS_VEP:EBM0326,True,False,False,1.0531902621078344,2692.3073139662724
2026-03-30T04:00:00+00:00,2026-03-30T07:00:00+03:00,2026-03,EBM0326,2556.412707410777,EPIAS_VEP:EBM0326,True,False,False,0.9728803083406612,2487.083583031781
2026-03-30T05:00:00+00:00,2026-03-30T08:00:00+03:00,2026-03,EBM0326,2556.4859763478225,EPIAS_VEP:EBM0326,True,False,False,1.2930370628008565,3305.6311179483682
2026-03-30T06:00:00+00:00,2026-03-30T09:00:00+03:00,2026-03,EBM0326,2556.553548524772,EPIAS_VEP:EBM0326,True,False,False,1.1878003461852482,3036.6751899788487
2026-03-30T07:00:00+00:00,2026-03-30T10:00:00+03:00,2026-03,EBM0326,2556.6138329073638,EPIAS_VEP:EBM0326,True,False,False,0.9689079238856811,2477.1234010196877
2026-03-30T08:00:00+00:00,2026-03-30T11:00:00+03:00,2026-03,EBM0326,2556.665074879645,EPIAS_VEP:EBM0326,True,False,False,0.9472413438507239,2421.7788613052066
2026-03-30T09:00:00+00:00,2026-03-30T12:00:00+03:00,2026-03,EBM0326,2556.705350216021,EPIAS_VEP:EBM0326,True,False,False,0.6309742367478396,1613.2152069416718
2026-03-30T10:00:00+00:00,2026-03-30T13:00:00+03:00,2026-03,EBM0326,2556.73255995657,EPIAS_VEP:EBM0326,True,False,False,0.6777699675331627,1732.8765441527444
2026-03-30T11:00:00+00:00,2026-03-30T14:00:00+03:00,2026-03,EBM0326,2556.7444263795137,EPIAS_VEP:EBM0326,True,False,False,0.8848789795792841,2262.409399059726
2026-03-30T12:00:00+00:00,2026-03-30T15:00:00+03:00,2026-03,EBM0326,2556.7384902802446,EPIAS_VEP:EBM0326,True,False,False,0.8981444799370991,2296.320561687914
2026-03-30T13:00:00+00:00,2026-03-30T16:00:00+03:00,2026-03,EBM0326,2556.7121097846834,EPIAS_VEP:EBM0326,True,False,False,1.078963807050205,2758.5998315046436
2026-03-30T14:00:00+00:00,2026-03-30T17:00:00+03:00,2026-03,EBM0326,2556.6624609428886,EPIAS_VEP:EBM0326,True,False,False,1.2795030851492928,3271.257506461809
2026-03-30T15:00:00+00:00,2026-03-30T18:00:00+03:00,2026-03,EBM0326,2556.586540367104,EPIAS_VEP:EBM0326,True,False,False,1.3354973622545934,3414.314581035864
2026-03-30T16:00:00+00:00,2026-03-30T19:00:00+03:00,2026-03,EBM0326,2556.481170196645,EPIAS_VEP:EBM0326,True,False,False,1.3562806598657722,3467.305968448727
2026-03-30T17:00:00+00:00,2026-03-30T20:00:00+03:00,2026-03,EBM0326,2556.343005689955,EPIAS_VEP:EBM0326,True,False,False,1.3633865476219598,3485.2836650651716
2026-03-30T18:00:00+00:00,2026-03-30T21:00:00+03:00,2026-03,EBM0326,2556.168545761623,EPIAS_VEP:EBM0326,True,False,False,1.3354069256421477,3413.525179118689
2026-03-30T19:00:00+00:00,2026-03-30T22:00:00+03:00,2026-03,EBM0326,2555.954146798836,EPIAS_VEP:EBM0326,True,False,False,1.1766712901474623,3007.5178634715426
2026-03-30T20:00:00+00:00,2026-03-30T23:00:00+03:00,2026-03,EBM0326,2555.696040107368,EPIAS_VEP:EBM0326,True,False,False,1.1191512880568713,2860.210515168006
2026-03-30T21:00:00+00:00,2026-03-31T00:00:00+03:00,2026-03,EBM0326,2555.3903533514804,EPIAS_VEP:EBM0326,True,False,False,1.1899848911698632,3040.8759115294797
2026-03-30T22:00:00+00:00,2026-03-31T01:00:00+03:00,2026-03,EBM0326,2555.0331363645887,EPIAS_VEP:EBM0326,True,False,False,1.1100173871937342,2836.1312062208326
2026-03-30T23:00:00+00:00,2026-03-31T02:00:00+03:00,2026-03,EBM0326,2554.6203917179378,EPIAS_VEP:EBM0326,True,False,False,1.0052052145845145,2567.9177390388063
2026-03-31T00:00:00+00:00,2026-03-31T03:00:00+03:00,2026-03,EBM0326,2554.1481104423037,EPIAS_VEP:EBM0326,True,False,False,0.9396281558226067,2399.9494787126973
2026-03-31T01:00:00+00:00,2026-03-31T04:00:00+03:00,2026-03,EBM0326,2553.612313302454,EPIAS_VEP:EBM0326,True,False,False,0.980094777785138,2502.782092755561
2026-03-31T02:00:00+00:00,2026-03-31T05:00:00+03:00,2026-03,EBM0326,2553.009098025276,EPIAS_VEP:EBM0326,True,False,False,1.0503454592809236,2681.5415136137353
2026-03-31T03:00:00+00:00,2026-03-31T06:00:00+03:00,2026-03,EBM0326,2552.3346928794926,EPIAS_VEP:EBM0326,True,False,False,1.0534643824057979,2688.7936909271866
2026-03-31T04:00:00+00:00,2026-03-31T07:00:00+03:00,2026-03,EBM0326,2551.5855169971896,EPIAS_VEP:EBM0326,True,False,False,0.9699292377415629,2474.857395533496
2026-03-31T05:00:00+00:00,2026-03-31T08:00:00+03:00,2026-03,EBM0326,2550.7582478143318,EPIAS_VEP:EBM0326,True,False,False,1.2939168107571601,3300.468977024442
2026-03-31T06:00:00+00:00,2026-03-31T09:00:00+03:00,2026-03,EBM0326,2549.8498959883464,EPIAS_VEP:EBM0326,True,False,False,1.1875871617897051,3028.169000966575
2026-03-31T07:00:00+00:00,2026-03-31T10:00:00+03:00,2026-03,EBM0326,2548.857888125049,EPIAS_VEP:EBM0326,True,False,False,0.965691373325683,2461.4100743954787
2026-03-31T08:00:00+00:00,2026-03-31T11:00:00+03:00,2026-03,EBM0326,2547.7801576138195,EPIAS_VEP:EBM0326,True,False,False,0.9451958348532558,2408.151193098354
2026-03-31T09:00:00+00:00,2026-03-31T12:00:00+03:00,2026-03,EBM0326,2546.615243828392,EPIAS_VEP:EBM0326,True,False,False,0.6253579635513954,1592.5461228294635
2026-03-31T10:00:00+00:00,2026-03-31T13:00:00+03:00,2026-03,EBM0326,2545.362399899898,EPIAS_VEP:EBM0326,True,False,False,0.6746687342475154,1717.2764285416822
2026-03-31T11:00:00+00:00,2026-03-31T14:00:00+03:00,2026-03,EBM0326,2544.021709208244,EPIAS_VEP:EBM0326,True,False,False,0.8849424721515895,2251.3128605540555
2026-03-31T12:00:00+00:00,2026-03-31T15:00:00+03:00,2026-03,EBM0326,2542.594210666544,EPIAS_VEP:EBM0326,True,False,False,0.8970250417291856,2280.7706779235423
2026-03-31T13:00:00+00:00,2026-03-31T16:00:00+03:00,2026-03,EBM0326,2541.0820327901424,EPIAS_VEP:EBM0326,True,False,False,1.0792126640152973,2742.3679100888567
2026-03-31T14:00:00+00:00,2026-03-31T17:00:00+03:00,2026-03,EBM0326,2539.4885364464994,EPIAS_VEP:EBM0326,True,False,False,1.280705164512507,3252.3360838473395
2026-03-31T15:00:00+00:00,2026-03-31T18:00:00+03:00,2026-03,EBM0326,2537.818466072973,EPIAS_VEP:EBM0326,True,False,False,1.336849826017285,3392.682174833107
2026-03-31T16:00:00+00:00,2026-03-31T19:00:00+03:00,2026-03,EBM0326,2536.0781090264404,EPIAS_VEP:EBM0326,True,False,False,1.3600460636362524,3449.183049255481
2026-03-31T17:00:00+00:00,2026-03-31T20:00:00+03:00,2026-03,EBM0326,2534.2754625902344,EPIAS_VEP:EBM0326,True,False,False,1.368078962120235,3467.0889445872263
2026-03-31T18:00:00+00:00,2026-03-31T21:00:00+03:00,2026-03,EBM0326,2532.420408010069,EPIAS_VEP:EBM0326,True,False,False,1.3399205182990641,3393.242065651979
2026-03-31T19:00:00+00:00,2026-03-31T22:00:00+03:00,2026-03,EBM0326,2530.5248907591504,EPIAS_VEP:EBM0326,True,False,False,1.1807613260222154,2987.945925544996
2026-03-31T20:00:00+00:00,2026-03-31T23:00:00+03:00,2026-03,EBM0326,2528.603106039048,EPIAS_VEP:EBM0326,True,False,False,1.1224395878241866,2838.204228113427
2026-03-31T21:00:00+00:00,2026-04-01T00:00:00+03:00,2026-04,EBM0426,2526.6716883393638,EPIAS_VEP:EBM0426,True,False,False,1.1763090850116724,2972.1468618353747
2026-03-31T22:00:00+00:00,2026-04-01T01:00:00+03:00,2026-04,EBM0426,2524.7499036122604,EPIAS_VEP:EBM0426,True,False,False,1.097283282422071,2770.3658615304685
2026-03-31T23:00:00+00:00,2026-04-01T02:00:00+03:00,2026-04,EBM0426,2522.8543863473187,EPIAS_VEP:EBM0426,True,False,False,0.9936414138081143,2506.8125992821524
2026-04-01T00:00:00+00:00,2026-04-01T03:00:00+03:00,2026-04,EBM0426,2520.999331750007,EPIAS_VEP:EBM0426,True,False,False,0.9292532443693223,2342.6468080815876
2026-04-01T01:00:00+00:00,2026-04-01T04:00:00+03:00,2026-04,EBM0426,2519.196685293408,EPIAS_VEP:EBM0426,True,False,False,0.9698697184740136,2443.292579946186
2026-04-01T02:00:00+00:00,2026-04-01T05:00:00+03:00,2026-04,EBM0426,2517.4563282236777,EPIAS_VEP:EBM0426,True,False,False,1.0378761730491346,2612.807939755117
2026-04-01T03:00:00+00:00,2026-04-01T06:00:00+03:00,2026-04,EBM0426,2515.7862578246923,EPIAS_VEP:EBM0426,True,False,False,1.0386913301176104,2613.125374431535
2026-04-01T04:00:00+00:00,2026-04-01T07:00:00+03:00,2026-04,EBM0426,2514.1927614537544,EPIAS_VEP:EBM0426,True,False,False,0.9531705969528304,2396.45461528936
2026-04-01T05:00:00+00:00,2026-04-01T08:00:00+03:00,2026-04,EBM0426,2512.6805835486343,EPIAS_VEP:EBM0426,True,False,False,1.2763268872520843,3207.0017878593794
2026-04-01T06:00:00+00:00,2026-04-01T09:00:00+03:00,2026-04,EBM0426,2511.2530849772056,EPIAS_VEP:EBM0426,True,False,False,1.1705050747601797,2939.434479972976
2026-04-01T07:00:00+00:00,2026-04-01T10:00:00+03:00,2026-04,EBM0426,2509.912394255234,EPIAS_VEP:EBM0426,True,False,False,0.9488729640489743,2381.5880130402215
2026-04-01T08:00:00+00:00,2026-04-01T11:00:00+03:00,2026-04,EBM0426,2508.65955029624,EPIAS_VEP:EBM0426,True,False,False,0.9298086561557104,2332.5733652131357
2026-04-01T09:00:00+00:00,2026-04-01T12:00:00+03:00,2026-04,EBM0426,2507.4946364805646,EPIAS_VEP:EBM0426,True,False,False,0.6110675912156759,1532.2487075004055
2026-04-01T10:00:00+00:00,2026-04-01T13:00:00+03:00,2026-04,EBM0426,2506.416905939773,EPIAS_VEP:EBM0426,True,False,False,0.6621582603494941,1659.6446581476418
2026-04-01T11:00:00+00:00,2026-04-01T14:00:00+03:00,2026-04,EBM0426,2505.4248980480306,EPIAS_VEP:EBM0426,True,False,False,0.8725100680293653,2186.0084482383527
2026-04-01T12:00:00+00:00,2026-04-01T15:00:00+03:00,2026-04,EBM0426,2504.5165461951565,EPIAS_VEP:EBM0426,True,False,False,0.8832621741050357,2212.144729674369
2026-04-01T13:00:00+00:00,2026-04-01T16:00:00+03:00,2026-04,EBM0426,2503.689276987415,EPIAS_VEP:EBM0426,True,False,False,1.064148723982587,2664.2977493550434
2026-04-01T14:00:00+00:00,2026-04-01T17:00:00+03:00,2026-04,EBM0426,2502.940101082699,EPIAS_VEP:EBM0426,True,False,False,1.2636313039591438,3162.7934636627624
2026-04-01T15:00:00+00:00,2026-04-01T18:00:00+03:00,2026-04,EBM0426,2502.265695917453,EPIAS_VEP:EBM0426,True,False,False,1.319099648240218,3300.737799288276
2026-04-01T16:00:00+00:00,2026-04-01T19:00:00+03:00,2026-04,EBM0426,2501.662480624259,EPIAS_VEP:EBM0426,True,False,False,1.3443484856508745,3363.1061674368325
2026-04-01T17:00:00+00:00,2026-04-01T20:00:00+03:00,2026-04,EBM0426,2501.126683472358,EPIAS_VEP:EBM0426,True,False,False,1.353167958844522,3384.4444890858595
2026-04-01T18:00:00+00:00,2026-04-01T21:00:00+03:00,2026-04,EBM0426,2500.654402189176,EPIAS_VEP:EBM0426,True,False,False,1.3252573383649182,3314.010597215743
2026-04-01T19:00:00+00:00,2026-04-01T22:00:00+03:00,2026-04,EBM0426,2500.2416575400403,EPIAS_VEP:EBM0426,True,False,False,1.1679775838013238,2920.226210093033
2026-04-01T20:00:00+00:00,2026-04-01T23:00:00+03:00,2026-04,EBM0426,2499.884440555144,EPIAS_VEP:EBM0426,True,False,False,1.1096938600518977,2774.1064145233167
2026-04-01T21:00:00+00:00,2026-04-02T00:00:00+03:00,2026-04,EBM0426,2499.578753805175,EPIAS_VEP:EBM0426,True,False,False,1.1795032411371649,2948.2612415907993
2026-04-01T22:00:00+00:00,2026-04-02T01:00:00+03:00,2026-04,EBM0426,2499.3206471230174,EPIAS_VEP:EBM0426,True,False,False,1.1002991352232132,2750.0003466749777
2026-04-01T23:00:00+00:00,2026-04-02T02:00:00+03:00,2026-04,EBM0426,2499.106248172423,EPIAS_VEP:EBM0426,True,False,False,0.9963560335347178,2489.9995888109056
2026-04-02T00:00:00+00:00,2026-04-02T03:00:00+03:00,2026-04,EBM0426,2498.9317882586806,EPIAS_VEP:EBM0426,True,False,False,0.9322528419411042,2329.6362614211207
2026-04-02T01:00:00+00:00,2026-04-02T04:00:00+03:00,2026-04,EBM0426,2498.7936237685126,EPIAS_VEP:EBM0426,True,False,False,0.9735771957963619,2432.7684891023778
2026-04-02T02:00:00+00:00,2026-04-02T05:00:00+03:00,2026-04,EBM0426,2498.688253616064,EPIAS_VEP:EBM0426,True,False,False,1.0402890119342372,2599.3579344859395
2026-04-02T03:00:00+00:00,2026-04-02T06:00:00+03:00,2026-04,EBM0426,2498.6123330593527,EPIAS_VEP:EBM0426,True,False,False,1.038826033360297,2595.6235388571645
2026-04-02T04:00:00+00:00,2026-04-02T07:00:00+03:00,2026-04,EBM0426,2498.5626842372826,EPIAS_VEP:EBM0426,True,False,False,0.9501400240926429,2373.9844089981902
2026-04-02T05:00:00+00:00,2026-04-02T08:00:00+03:00,2026-04,EBM0426,2498.5363037617017,EPIAS_VEP:EBM0426,True,False,False,1.2770666969663076,3190.7975046953634
2026-04-02T06:00:00+00:00,2026-04-02T09:00:00+03:00,2026-04,EBM0426,2498.530367682284,EPIAS_VEP:EBM0426,True,False,False,1.1703157352423856,2924.0694042795203
2026-04-02T07:00:00+00:00,2026-04-02T10:00:00+03:00,2026-04,EBM0426,2498.542234124576,EPIAS_VEP:EBM0426,True,False,False,0.9458655382409372,2363.284995097956
2026-04-02T08:00:00+00:00,2026-04-02T11:00:00+03:00,2026-04,EBM0426,2498.569443883603,EPIAS_VEP:EBM0426,True,False,False,0.927925903851163,2318.48730955059
2026-04-02T09:00:00+00:00,2026-04-02T12:00:00+03:00,2026-04,EBM0426,2498.6097192372304,EPIAS_VEP:EBM0426,True,False,False,0.605808567719784,1513.679175301838
2026-04-02T10:00:00+00:00,2026-04-02T13:00:00+03:00,2026-04,EBM0426,2498.660961225184,EPIAS_VEP:EBM0426,True,False,False,0.6593795021493966,1647.5658206527946
2026-04-02T11:00:00+00:00,2026-04-02T14:00:00+03:00,2026-04,EBM0426,2498.7212456215143,EPIAS_VEP:EBM0426,True,False,False,0.8727430724150774,2180.7416570125497
2026-04-02T12:00:00+00:00,2026-04-02T15:00:00+03:00,2026-04,EBM0426,2498.7888178104004,EPIAS_VEP:EBM0426,True,False,False,0.8823445363650319,2204.792660925044
2026-04-02T13:00:00+00:00,2026-04-02T16:00:00+03:00,2026-04,EBM0426,2498.862086757708,EPIAS_VEP:EBM0426,True,False,False,1.0644584874598677,2659.9349572409183
2026-04-02T14:00:00+00:00,2026-04-02T17:00:00+03:00,2026-04,EBM0426,2498.9396182537703,EPIAS_VEP:EBM0426,True,False,False,1.2647096983300175,3160.433170746655
2026-04-02T15:00:00+00:00,2026-04-02T18:00:00+03:00,2026-04,EBM0426,2499.020127586495,EPIAS_VEP:EBM0426,True,False,False,1.3202734076340856,3299.3898195947895
2026-04-02T16:00:00+00:00,2026-04-02T19:00:00+03:00,2026-04,EBM0426,2499.102471788213,EPIAS_VEP:EBM0426,True,False,False,1.3479065622933653,3368.556621566902
2026-04-02T17:00:00+00:00,2026-04-02T20:00:00+03:00,2026-04,EBM0426,2499.185641584745,EPIAS_VEP:EBM0426,True,False,False,1.3576131519828056,3392.927296262036
2026-04-02T18:00:00+00:00,2026-04-02T21:00:00+03:00,2026-04,EBM0426,2499.2687531609854,EPIAS_VEP:EBM0426,True,False,False,1.329574003181823,3322.962761167495
2026-04-02T19:00:00+00:00,2026-04-02T22:00:00+03:00,2026-04,EBM0426,2499.3510398439166,EPIAS_VEP:EBM0426,True,False,False,1.1719463019129601,2929.1052083273894
2026-04-02T20:00:00+00:00,2026-04-02T23:00:00+03:00,2026-04,EBM0426,2499.431843791456,EPIAS_VEP:EBM0426,True,False,False,1.1128715122792958,2781.5464958392263
2026-04-02T21:00:00+00:00,2026-04-03T00:00:00+03:00,2026-04,EBM0426,2499.510607763786,EPIAS_VEP:EBM0426,True,False,False,1.1826487132677603,2956.0430040709593
2026-04-02T22:00:00+00:00,2026-04-03T01:00:00+03:00,2026-04,EBM0426,2499.5868670429586,EPIAS_VEP:EBM0426,True,False,False,1.1032835432410952,2757.7530553100637
2026-04-02T23:00:00+00:00,2026-04-03T02:00:00+03:00,2026-04,EBM0426,2499.6602415564985,EPIAS_VEP:EBM0426,True,False,False,0.9990583076506104,2497.3063306309514
2026-04-03T00:00:00+00:00,2026-04-03T03:00:00+03:00,2026-04,EBM0426,2499.730428251476,EPIAS_VEP:EBM0426,True,False,False,0.9352682398179055,2337.9184776500174
2026-04-03T01:00:00+00:00,2026-04-03T04:00:00+03:00,2026-04,EBM0426,2499.7971937570537,EPIAS_VEP:EBM0426,True,False,False,0.977282495561491,2443.0080399125054
2026-04-03T02:00:00+00:00,2026-04-03T05:00:00+03:00,2026-04,EBM0426,2499.8603673658176,EPIAS_VEP:EBM0426,True,False,False,1.042651370372866,2606.482837774786
2026-04-03T03:00:00+00:00,2026-04-03T06:00:00+03:00,2026-04,EBM0426,2499.9198343572293,EPIAS_VEP:EBM0426,True,False,False,1.0388920765296508,2597.1469078730424
2026-04-03T04:00:00+00:00,2026-04-03T07:00:00+03:00,2026-04,EBM0426,2499.9755296802628,EPIAS_VEP:EBM0426,True,False,False,0.9470502217763905,2367.6023798192423
2026-04-03T05:00:00+00:00,2026-04-03T08:00:00+03:00,2026-04,EBM0426,2500.02743200671,EPIAS_VEP:EBM0426,True,False,False,1.277740995213379,3194.3875390330018
2026-04-03T06:00:00+00:00,2026-04-03T09:00:00+03:00,2026-04,EBM0426,2500.075558161644,EPIAS_VEP:EBM0426,True,False,False,1.1701362757212517,2925.4291026489955
2026-04-03T07:00:00+00:00,2026-04-03T10:00:00+03:00,2026-04,EBM0426,2500.1199579331847,EPIAS_VEP:EBM0426,True,False,False,0.9429433181604989,2357.471408932804
2026-04-03T08:00:00+00:00,2026-04-03T11:00:00+03:00,2026-04,EBM0426,2500.1607092598883,EPIAS_VEP:EBM0426,True,False,False,0.9261125081174043,2315.4301051492635
2026-04-03T09:00:00+00:00,2026-04-03T12:00:00+03:00,2026-04,EBM0426,2500.197913790766,EPIAS_VEP:EBM0426,True,False,False,0.6006961007925322,1501.8591380237367
2026-04-03T10:00:00+00:00,2026-04-03T13:00:00+03:00,2026-04,EBM0426,2500.2316928101523,EPIAS_VEP:EBM0426,True,False,False,0.6567444722450031,1642.013343584834
2026-04-03T11:00:00+00:00,2026-04-03T14:00:00+03:00,2026-04,EBM0426,2500.2621835172545,EPIAS_VEP:EBM0426,True,False,False,0.8730612904953764,2182.8821285183617
2026-04-03T12:00:00+00:00,2026-04-03T15:00:00+03:00,2026-04,EBM0426,2500.289535648248,EPIAS_VEP:EBM0426,True,False,False,0.8815208066647261,2204.057248360017
2026-04-03T13:00:00+00:00,2026-04-03T16:00:00+03:00,2026-04,EBM0426,2500.3139084272025,EPIAS_VEP:EBM0426,True,False,False,1.0647992594206732,2662.332398012494
2026-04-03T14:00:00+00:00,2026-04-03T17:00:00+03:00,2026-04,EBM0426,2500.3354678308738,EPIAS_VEP:EBM0426,True,False,False,1.2657327461056955,3164.7564778830406
2026-04-03T15:00:00+00:00,2026-04-03T18:00:00+03:00,2026-04,EBM0426,2500.3543841514243,EPIAS_VEP:EBM0426,True,False,False,1.32136534935696,3303.881644330453
2026-04-03T16:00:00+00:00,2026-04-03T19:00:00+03:00,2026-04,EBM0426,2500.3708298404845,EPIAS_VEP:EBM0426,True,False,False,1.351383028895052,3378.9587053906685
2026-04-03T17:00:00+00:00,2026-04-03T20:00:00+03:00,2026-04,EBM0426,2500.384977617517,EPIAS_VEP:EBM0426,True,False,False,1.3619625088485796,3405.430597203253
2026-04-03T18:00:00+00:00,2026-04-03T21:00:00+03:00,2026-04,EBM0426,2500.39699882525,EPIAS_VEP:EBM0426,True,False,False,1.3338188810678067,3335.0767271983973
2026-04-03T19:00:00+00:00,2026-04-03T22:00:00+03:00,2026-04,EBM0426,2500.407062014902,EPIAS_VEP:EBM0426,True,False,False,1.175879187154578,2940.1766236376493
2026-04-03T20:00:00+00:00,2026-04-03T23:00:00+03:00,2026-04,EBM0426,2500.4153317440555,EPIAS_VEP:EBM0426,True,False,False,1.1160140900593274,2790.4987412267333
2026-04-03T21:00:00+00:00,2026-04-04T00:00:00+03:00,2026-04,EBM0426,2500.421967570343,EPIAS_VEP:EBM0426,True,False,False,1.2215139613894475,3054.300342752046
2026-04-03T22:00:00+00:00,2026-04-04T01:00:00+03:00,2026-04,EBM0426,2500.427123224471,EPIAS_VEP:EBM0426,True,False,False,1.172298020298262,2931.2457664561257
2026-04-03T23:00:00+00:00,2026-04-04T02:00:00+03:00,2026-04,EBM0426,2500.430945946638,EPIAS_VEP:EBM0426,True,False,False,1.0933448738916853,2733.8333572708943
2026-04-04T00:00:00+00:00,2026-04-04T03:00:00+03:00,2026-04,EBM0426,2500.4335759709693,EPIAS_VEP:EBM0426,True,False,False,1.0394803999533813,2599.1516936071666
2026-04-04T01:00:00+00:00,2026-04-04T04:00:00+03:00,2026-04,EBM0426,2500.4351461432443,EPIAS_VEP:EBM0426,True,False,False,1.0732359071881976,2683.5567824362984
2026-04-04T02:00:00+00:00,2026-04-04T05:00:00+03:00,2026-04,EBM0426,2500.4357816578968,EPIAS_VEP:EBM0426,True,False,False,1.1255063675972463,2814.2563940239606
2026-04-04T03:00:00+00:00,2026-04-04T06:00:00+03:00,2026-04,EBM0426,2500.435599900995,EPIAS_VEP:EBM0426,True,False,False,1.0777615561857836,2694.8733632916296
2026-04-04T04:00:00+00:00,2026-04-04T07:00:00+03:00,2026-04,EBM0426,2500.4347103866908,EPIAS_VEP:EBM0426,True,False,False,0.7692253771586629,1923.3978331578141
2026-04-04T05:00:00+00:00,2026-04-04T08:00:00+03:00,2026-04,EBM0426,2500.433214775396,EPIAS_VEP:EBM0426,True,False,False,0.8699236464049409,2175.1859797894413
2026-04-04T06:00:00+00:00,2026-04-04T09:00:00+03:00,2026-04,EBM0426,2500.4312069627326,EPIAS_VEP:EBM0426,True,False,False,0.8112458119034744,2028.4643446012665
2026-04-04T07:00:00+00:00,2026-04-04T10:00:00+03:00,2026-04,EBM0426,2500.428773229094,EPIAS_VEP:EBM0426,True,False,False,0.640168475002381,1600.6956746101437
2026-04-04T08:00:00+00:00,2026-04-04T11:00:00+03:00,2026-04,EBM0426,2500.425992440428,EPIAS_VEP:EBM0426,True,False,False,0.5725771442601314,1431.6867741853453
2026-04-04T09:00:00+00:00,2026-04-04T12:00:00+03:00,2026-04,EBM0426,2500.4229362916085,EPIAS_VEP:EBM0426,True,False,False,0.41684863047062637,1042.2978765904993
2026-04-04T10:00:00+00:00,2026-04-04T13:00:00+03:00,2026-04,EBM0426,2500.419669584517,EPIAS_VEP:EBM0426,True,False,False,0.5066726602309757,1266.8942856822446
2026-04-04T11:00:00+00:00,2026-04-04T14:00:00+03:00,2026-04,EBM0426,2500.4162505336526,EPIAS_VEP:EBM0426,True,False,False,0.5233405929077322,1308.5693230704103
2026-04-04T12:00:00+00:00,2026-04-04T15:00:00+03:00,2026-04,EBM0426,2500.412731092804,EPIAS_VEP:EBM0426,True,False,False,0.5225465678601653,1306.582090866407
2026-04-04T13:00:00+00:00,2026-04-04T16:00:00+03:00,2026-04,EBM0426,2500.4091572969555,EPIAS_VEP:EBM0426,True,False,False,0.6829736050047708,1707.7134561460427
2026-04-04T14:00:00+00:00,2026-04-04T17:00:00+03:00,2026-04,EBM0426,2500.4055696142364,EPIAS_VEP:EBM0426,True,False,False,1.0605241731708144,2651.7405493068372
2026-04-04T15:00:00+00:00,2026-04-04T18:00:00+03:00,2026-04,EBM0426,2500.4020033032925,EPIAS_VEP:EBM0426,True,False,False,1.2856023668886776,3214.522733619904
2026-04-04T16:00:00+00:00,2026-04-04T19:00:00+03:00,2026-04,EBM0426,2500.39848877206,EPIAS_VEP:EBM0426,True,False,False,1.3691112950652662,3423.3238131419494
2026-04-04T17:00:00+00:00,2026-04-04T20:00:00+03:00,2026-04,EBM0426,2500.39505193439,EPIAS_VEP:EBM0426,True,False,False,1.3947037761470324,3487.310420792249
2026-04-04T18:00:00+00:00,2026-04-04T21:00:00+03:00,2026-04,EBM0426,2500.391714561508,EPIAS_VEP:EBM0426,True,False,False,1.3524645851909498,3381.6912430493176
2026-04-04T19:00:00+00:00,2026-04-04T22:00:00+03:00,2026-04,EBM0426,2500.388494625694,EPIAS_VEP:EBM0426,True,False,False,1.2126606240957503,3032.1226723746277
2026-04-04T20:00:00+00:00,2026-04-04T23:00:00+03:00,2026-04,EBM0426,2500.3854066340214,EPIAS_VEP:EBM0426,True,False,False,1.1306860119138793,2827.150803674685
2026-04-04T21:00:00+00:00,2026-04-05T00:00:00+03:00,2026-04,EBM0426,2500.3824619503494,EPIAS_VEP:EBM0426,True,False,False,1.1589832445699788,2897.9013784170875
2026-04-04T22:00:00+00:00,2026-04-05T01:00:00+03:00,2026-04,EBM0426,2500.3796691041243,EPIAS_VEP:EBM0426,True,False,False,1.094908293625292,2737.686436914169
2026-04-04T23:00:00+00:00,2026-04-05T02:00:00+03:00,2026-04,EBM0426,2500.377034084849,EPIAS_VEP:EBM0426,True,False,False,0.9888041993659545,2472.3833113012893
2026-04-05T00:00:00+00:00,2026-04-05T03:00:00+03:00,2026-04,EBM0426,2500.374560621364,EPIAS_VEP:EBM0426,True,False,False,0.9627231508952845,2407.168475419812
2026-04-05T01:00:00+00:00,2026-04-05T04:00:00+03:00,2026-04,EBM0426,2500.3722504453517,EPIAS_VEP:EBM0426,True,False,False,0.9932550351516511,2483.507327508311
2026-04-05T02:00:00+00:00,2026-04-05T05:00:00+03:00,2026-04,EBM0426,2500.3701035386825,EPIAS_VEP:EBM0426,True,False,False,1.0253698477303508,2563.8041123349803
2026-04-05T03:00:00+00:00,2026-04-05T06:00:00+03:00,2026-04,EBM0426,2500.368118364433,EPIAS_VEP:EBM0426,True,False,False,1.0535644803545587,2634.29903731973
2026-04-05T04:00:00+00:00,2026-04-05T07:00:00+03:00,2026-04,EBM0426,2500.3662920815723,EPIAS_VEP:EBM0426,True,False,False,0.6803221852265005,1701.0546596956176
2026-04-05T05:00:00+00:00,2026-04-05T08:00:00+03:00,2026-04,EBM0426,2500.364620743484,EPIAS_VEP:EBM0426,True,False,False,0.4282095151027832,1070.6799218287217
2026-04-05T06:00:00+00:00,2026-04-05T09:00:00+03:00,2026-04,EBM0426,2500.363099480593,EPIAS_VEP:EBM0426,True,False,False,0.32426648692829313,810.7839583137102
2026-04-05T07:00:00+00:00,2026-04-05T10:00:00+03:00,2026-04,EBM0426,2500.361722667499,EPIAS_VEP:EBM0426,True,False,False,0.1918838099239382,479.7789335334211
2026-04-05T08:00:00+00:00,2026-04-05T11:00:00+03:00,2026-04,EBM0426,2500.360484075104,EPIAS_VEP:EBM0426,True,False,False,0.12727562835496545,318.23495172458445
2026-04-05T09:00:00+00:00,2026-04-05T12:00:00+03:00,2026-04,EBM0426,2500.359377008289,EPIAS_VEP:EBM0426,True,False,False,0.08019995179310492,200.5287015015026
2026-04-05T10:00:00+00:00,2026-04-05T13:00:00+03:00,2026-04,EBM0426,2500.3583944297798,EPIAS_VEP:EBM0426,True,False,False,0.10944814976053091,273.65960000855114
2026-04-05T11:00:00+00:00,2026-04-05T14:00:00+03:00,2026-04,EBM0426,2500.357529070848,EPIAS_VEP:EBM0426,True,False,False,0.16704154610827657,417.6635874794645
2026-04-05T12:00:00+00:00,2026-04-05T15:00:00+03:00,2026-04,EBM0426,2500.3567735295774,EPIAS_VEP:EBM0426,True,False,False,0.1703609879057467,425.9632500553241
2026-04-05T13:00:00+00:00,2026-04-05T16:00:00+03:00,2026-04,EBM0426,2500.356120357389,EPIAS_VEP:EBM0426,True,False,False,0.3933778145290107,983.5846261704257
2026-04-05T14:00:00+00:00,2026-04-05T17:00:00+03:00,2026-04,EBM0426,2500.355562134601,EPIAS_VEP:EBM0426,True,False,False,0.8439984025352807,2110.296100211807
2026-04-05T15:00:00+00:00,2026-04-05T18:00:00+03:00,2026-04,EBM0426,2500.355091535745,EPIAS_VEP:EBM0426,True,False,False,1.1797449297826699,2949.7812418955787
2026-04-05T16:00:00+00:00,2026-04-05T19:00:00+03:00,2026-04,EBM0426,2500.3547013853904,EPIAS_VEP:EBM0426,True,False,False,1.330328707192809,3326.2936374174883
2026-04-05T17:00:00+00:00,2026-04-05T20:00:00+03:00,2026-04,EBM0426,2500.3543847052006,EPIAS_VEP:EBM0426,True,False,False,1.350621324138396,3377.0319498857825
2026-04-05T18:00:00+00:00,2026-04-05T21:00:00+03:00,2026-04,EBM0426,2500.3541347529526,EPIAS_VEP:EBM0426,True,False,False,1.3092244463696814,3273.524757800078
2026-04-05T19:00:00+00:00,2026-04-05T22:00:00+03:00,2026-04,EBM0426,2500.3539450542016,EPIAS_VEP:EBM0426,True,False,False,1.0610163631470066,2652.9164493616795
2026-04-05T20:00:00+00:00,2026-04-05T23:00:00+03:00,2026-04,EBM0426,2500.353809427276,EPIAS_VEP:EBM0426,True,False,False,0.9966767991430647,2492.044631505146
2026-04-05T21:00:00+00:00,2026-04-06T00:00:00+03:00,2026-04,EBM0426,2500.3537220022454,EPIAS_VEP:EBM0426,True,False,False,1.191773273174141,2979.8547393637623
2026-04-05T22:00:00+00:00,2026-04-06T01:00:00+03:00,2026-04,EBM0426,2500.35367723449,EPIAS_VEP:EBM0426,True,False,False,1.1120324738656873,2780.4744852342383
2026-04-05T23:00:00+00:00,2026-04-06T02:00:00+03:00,2026-04,EBM0426,2500.3536699134384,EPIAS_VEP:EBM0426,True,False,False,1.0070815785080214,2518.0601207247496
2026-04-06T00:00:00+00:00,2026-04-06T03:00:00+03:00,2026-04,EBM0426,2500.3536951670458,EPIAS_VEP:EBM0426,True,False,False,0.9443975395697141,2361.327877769801
2026-04-06T01:00:00+00:00,2026-04-06T04:00:00+03:00,2026-04,EBM0426,2500.3537484625253,EPIAS_VEP:EBM0426,True,False,False,0.988366439093924,2471.265730843051
2026-04-06T02:00:00+00:00,2026-04-06T05:00:00+03:00,2026-04,EBM0426,2500.353825603822,EPIAS_VEP:EBM0426,True,False,False,1.0494253170102676,2623.9346060721264
2026-04-06T03:00:00+00:00,2026-04-06T06:00:00+03:00,2026-04,EBM0426,2500.353922726284,EPIAS_VEP:EBM0426,True,False,False,1.0386738535634628,2597.05224419063
2026-04-06T04:00:00+00:00,2026-04-06T07:00:00+03:00,2026-04,EBM0426,2500.3540362889503,EPIAS_VEP:EBM0426,True,False,False,0.9374370303758339,2343.924462666944
2026-04-06T05:00:00+00:00,2026-04-06T08:00:00+03:00,2026-04,EBM0426,2500.354163064837,EPIAS_VEP:EBM0426,True,False,False,1.2793600804094507,3198.8533031107345
2026-04-06T06:00:00+00:00,2026-04-06T09:00:00+03:00,2026-04,EBM0426,2500.35430012958,EPIAS_VEP:EBM0426,True,False,False,1.1696532248571423,2924.5474704319868
2026-04-06T07:00:00+00:00,2026-04-06T10:00:00+03:00,2026-04,EBM0426,2500.354444848756,EPIAS_VEP:EBM0426,True,False,False,0.9347093103030888,2337.1045786578434
2026-04-06T08:00:00+00:00,2026-04-06T11:00:00+03:00,2026-04,EBM0426,2500.3545948641804,EPIAS_VEP:EBM0426,True,False,False,0.9211036568720091,2303.0857608061274
2026-04-06T09:00:00+00:00,2026-04-06T12:00:00+03:00,2026-04,EBM0426,2500.3547480794327,EPIAS_VEP:EBM0426,True,False,False,0.5862869831609286,1465.9254420835944
2026-04-06T10:00:00+00:00,2026-04-06T13:00:00+03:00,2026-04,EBM0426,2500.354902644856,EPIAS_VEP:EBM0426,True,False,False,0.649729119856264,1624.5533902237369
2026-04-06T11:00:00+00:00,2026-04-06T14:00:00+03:00,2026-04,EBM0426,2500.3550569422346,EPIAS_VEP:EBM0426,True,False,False,0.8745256617489973,2186.6246607798594
2026-04-06T12:00:00+00:00,2026-04-06T15:00:00+03:00,2026-04,EBM0426,2500.3552095693367,EPIAS_VEP:EBM0426,True,False,False,0.8796177475692205,2199.3568175643463
2026-04-06T13:00:00+00:00,2026-04-06T16:00:00+03:00,2026-04,EBM0426,2500.355359324486,EPIAS_VEP:EBM0426,True,False,False,1.0659990737017726,2665.3764969651647
2026-04-06T14:00:00+00:00,2026-04-06T17:00:00+03:00,2026-04,EBM0426,2500.355505191297,EPIAS_VEP:EBM0426,True,False,False,1.2684572512735006,3171.5940713215177
2026-04-06T15:00:00+00:00,2026-04-06T18:00:00+03:00,2026-04,EBM0426,2500.3556463237023,EPIAS_VEP:EBM0426,True,False,False,1.3241379725577878,3310.815856196484
2026-04-06T16:00:00+00:00,2026-04-06T19:00:00+03:00,2026-04,EBM0426,2500.355782031363,EPIAS_VEP:EBM0426,True,False,False,1.361292853004969,3403.716456048945
2026-04-06T17:00:00+00:00,2026-04-06T20:00:00+03:00,2026-04,EBM0426,2500.355911765558,EPIAS_VEP:EBM0426,True,False,False,1.3744001397465662,3436.489514546736
2026-04-06T18:00:00+00:00,2026-04-06T21:00:00+03:00,2026-04,EBM0426,2500.3560351056144,EPIAS_VEP:EBM0426,True,False,False,1.3460879927797726,3365.699236530107
2026-04-06T19:00:00+00:00,2026-04-06T22:00:00+03:00,2026-04,EBM0426,2500.3561517459284,EPIAS_VEP:EBM0426,True,False,False,1.18743516707134,2969.010824786279
2026-04-06T20:00:00+00:00,2026-04-06T23:00:00+03:00,2026-04,EBM0426,2500.3562614836374,EPIAS_VEP:EBM0426,True,False,False,1.1252111768753965,2813.42881159177
2026-04-06T21:00:00+00:00,2026-04-07T00:00:00+03:00,2026-04,EBM0426,2500.356364206953,EPIAS_VEP:EBM0426,True,False,False,1.1947045278305115,2987.1870695078824
2026-04-06T22:00:00+00:00,2026-04-07T01:00:00+03:00,2026-04,EBM0426,2500.3564598841904,EPIAS_VEP:EBM0426,True,False,False,1.114875649581348,2787.5865323983066
2026-04-06T23:00:00+00:00,2026-04-07T02:00:00+03:00,2026-04,EBM0426,2500.3565485534914,EPIAS_VEP:EBM0426,True,False,False,1.0097250512085514,2524.6726440278107
2026-04-07T00:00:00+00:00,2026-04-07T03:00:00+03:00,2026-04,EBM0426,2500.35663031326,EPIAS_VEP:EBM0426,True,False,False,0.9474643417458607,2368.9987488696515
2026-04-07T01:00:00+00:00,2026-04-07T04:00:00+03:00,2026-04,EBM0426,2500.356705313295,EPIAS_VEP:EBM0426,True,False,False,0.9920441106975679,2480.464144149229
2026-04-07T02:00:00+00:00,2026-04-07T05:00:00+03:00,2026-04,EBM0426,2500.3567737466137,EPIAS_VEP:EBM0426,True,False,False,1.0515757604807587,2629.3145758258115
2026-04-07T03:00:00+00:00,2026-04-07T06:00:00+03:00,2026-04,EBM0426,2500.356835841951,EPIAS_VEP:EBM0426,True,False,False,1.0384613081971892,2596.5238307082172
2026-04-07T04:00:00+00:00,2026-04-07T07:00:00+03:00,2026-04,EBM0426,2500.3568918569176,EPIAS_VEP:EBM0426,True,False,False,0.9341223360315223,2335.6392207339004
2026-04-07T05:00:00+00:00,2026-04-07T08:00:00+03:00,2026-04,EBM0426,2500.35694207179,EPIAS_VEP:EBM0426,True,False,False,1.2797619386261216,3199.861647443075
2026-04-07T06:00:00+00:00,2026-04-07T09:00:00+03:00,2026-04,EBM0426,2500.356986783907,EPIAS_VEP:EBM0426,True,False,False,1.169509218931572,2924.1905466637454
2026-04-07T07:00:00+00:00,2026-04-07T10:00:00+03:00,2026-04,EBM0426,2500.357026302651,EPIAS_VEP:EBM0426,True,False,False,0.9321487794612656,2330.7047502854157
2026-04-07T08:00:00+00:00,2026-04-07T11:00:00+03:00,2026-04,EBM0426,2500.3570609449725,EPIAS_VEP:EBM0426,True,False,False,0.9195824377024264,2299.2844412302525
2026-04-07T09:00:00+00:00,2026-04-07T12:00:00+03:00,2026-04,EBM0426,2500.357091031441,EPIAS_VEP:EBM0426,True,False,False,0.5818087134489293,1454.72954229591
2026-04-07T10:00:00+00:00,2026-04-07T13:00:00+03:00,2026-04,EBM0426,2500.3571168827834,EPIAS_VEP:EBM0426,True,False,False,0.6476955647656023,1619.4702149350876
2026-04-07T11:00:00+00:00,2026-04-07T14:00:00+03:00,2026-04,EBM0426,2500.3571388168702,EPIAS_VEP:EBM0426,True,False,False,0.875182731633068,2188.269390807991
2026-04-07T12:00:00+00:00,2026-04-07T15:00:00+03:00,2026-04,EBM0426,2500.357157146138,EPIAS_VEP:EBM0426,True,False,False,0.8791738511923088,2198.248631204423
2026-04-07T13:00:00+00:00,2026-04-07T16:00:00+03:00,2026-04,EBM0426,2500.3571721753897,EPIAS_VEP:EBM0426,True,False,False,1.0664552106094347,2666.5189346511156
2026-04-07T14:00:00+00:00,2026-04-07T17:00:00+03:00,2026-04,EBM0426,2500.357184199961,EPIAS_VEP:EBM0426,True,False,False,1.26924666581536,3173.5700193932826
2026-04-07T15:00:00+00:00,2026-04-07T18:00:00+03:00,2026-04,EBM0426,2500.357193504219,EPIAS_VEP:EBM0426,True,False,False,1.3248907856473562,3312.7002065008237
2026-04-07T16:00:00+00:00,2026-04-07T19:00:00+03:00,2026-04,EBM0426,2500.3572003603613,EPIAS_VEP:EBM0426,True,False,False,1.3644133966532572,3411.5208605901094
2026-04-07T17:00:00+00:00,2026-04-07T20:00:00+03:00,2026-04,EBM0426,2500.357205027483,EPIAS_VEP:EBM0426,True,False,False,1.378331243129411,3446.3204546731104
2026-04-07T18:00:00+00:00,2026-04-07T21:00:00+03:00,2026-04,EBM0426,2500.357207750892,EPIAS_VEP:EBM0426,True,False,False,1.3500112896137806,3375.510458530893
2026-04-07T19:00:00+00:00,2026-04-07T22:00:00+03:00,2026-04,EBM0426,2500.3572087616444,EPIAS_VEP:EBM0426,True,False,False,1.191197235296811,2978.4185943313223
2026-04-07T20:00:00+00:00,2026-04-07T23:00:00+03:00,2026-04,EBM0426,2500.357208276273,EPIAS_VEP:EBM0426,True,False,False,1.1281934429199876,2820.886607335017
2026-04-07T21:00:00+00:00,2026-04-08T00:00:00+03:00,2026-04,EBM0426,2500.357206496682,EPIAS_VEP:EBM0426,True,False,False,1.1975776348449332,2994.3718696237806
2026-04-07T22:00:00+00:00,2026-04-08T01:00:00+03:00,2026-04,EBM0426,2500.3572036101978,EPIAS_VEP:EBM0426,True,False,False,1.1176798297388733,2794.598813617411
2026-04-07T23:00:00+00:00,2026-04-08T02:00:00+03:00,2026-04,EBM0426,2500.357199789744,EPIAS_VEP:EBM0426,True,False,False,1.0123515292035665,2531.2404347622946
2026-04-08T00:00:00+00:00,2026-04-08T03:00:00+03:00,2026-04,EBM0426,2500.357195194132,EPIAS_VEP:EBM0426,True,False,False,0.950540947037806,2376.691896252623
2026-04-08T01:00:00+00:00,2026-04-08T04:00:00+03:00,2026-04,EBM0426,2500.357189968445,EPIAS_VEP:EBM0426,True,False,False,0.995710123560306,2489.63096656838
2026-04-08T02:00:00+00:00,2026-04-08T05:00:00+03:00,2026-04,EBM0426,2500.357184244496,EPIAS_VEP:EBM0426,True,False,False,1.053670981875989,2634.553809363581
2026-04-08T03:00:00+00:00,2026-04-08T06:00:00+03:00,2026-04,EBM0426,2500.357178141352,EPIAS_VEP:EBM0426,True,False,False,1.0381785741024532,2595.8172499496222
2026-04-08T04:00:00+00:00,2026-04-08T07:00:00+03:00,2026-04,EBM0426,2500.357171765901,EPIAS_VEP:EBM0426,True,False,False,0.9307548558927535,2327.219579087384
2026-04-08T05:00:00+00:00,2026-04-08T08:00:00+03:00,2026-04,EBM0426,2500.3571652134706,EPIAS_VEP:EBM0426,True,False,False,1.2800934392370356,3200.690802939076
2026-04-08T06:00:00+00:00,2026-04-08T09:00:00+03:00,2026-04,EBM0426,2500.357158568456,EPIAS_VEP:EBM0426,True,False,False,1.169372948117968,2923.8500218630606
2026-04-08T07:00:00+00:00,2026-04-08T10:00:00+03:00,2026-04,EBM0426,2500.3571519049806,EPIAS_VEP:EBM0426,True,False,False,0.9296833289518501,2324.540360551589
2026-04-08T08:00:00+00:00,2026-04-08T11:00:00+03:00,2026-04,EBM0426,2500.3571452875644,EPIAS_VEP:EBM0426,True,False,False,0.918137498864797,2295.6716556430483
2026-04-08T09:00:00+00:00,2026-04-08T12:00:00+03:00,2026-04,EBM0426,2500.357138771783,EPIAS_VEP:EBM0426,True,False,False,0.577499995032974,1443.9562352213657
2026-04-08T10:00:00+00:00,2026-04-08T13:00:00+03:00,2026-04,EBM0426,2500.357132404933,EPIAS_VEP:EBM0426,True,False,False,0.6458182028137325,1614.7761496422515
2026-04-08T11:00:00+00:00,2026-04-08T14:00:00+03:00,2026-04,EBM0426,2500.357126226684,EPIAS_VEP:EBM0426,True,False,False,0.8759235767969109,2190.1217572741225
2026-04-08T12:00:00+00:00,2026-04-08T15:00:00+03:00,2026-04,EBM0426,2500.357120269716,EPIAS_VEP:EBM0426,True,False,False,0.8788254819346646,2197.377551229803
2026-04-08T13:00:00+00:00,2026-04-08T16:00:00+03:00,2026-04,EBM0426,2500.357114560337,EPIAS_VEP:EBM0426,True,False,False,1.066937909141634,2667.725791916415
2026-04-08T14:00:00+00:00,2026-04-08T17:00:00+03:00,2026-04,EBM0426,2500.357109119077,EPIAS_VEP:EBM0426,True,False,False,1.2699749269761427,3175.390837067779
2026-04-08T15:00:00+00:00,2026-04-08T18:00:00+03:00,2026-04,EBM0426,2500.3571039612607,EPIAS_VEP:EBM0426,True,False,False,1.325556294637579,3314.3640979976367
2026-04-08T16:00:00+00:00,2026-04-08T19:00:00+03:00,2026-04,EBM0426,2500.3570990975504,EPIAS_VEP:EBM0426,True,False,False,1.367438032295336,3419.0833916256283
2026-04-08T17:00:00+00:00,2026-04-08T20:00:00+03:00,2026-04,EBM0426,2500.3570945344604,EPIAS_VEP:EBM0426,True,False,False,1.382149582176951,3455.8675135039794
2026-04-08T18:00:00+00:00,2026-04-08T21:00:00+03:00,2026-04,EBM0426,2500.357090274845,EPIAS_VEP:EBM0426,True,False,False,1.3538459623218786,3385.09835103148
2026-04-08T19:00:00+00:00,2026-04-08T22:00:00+03:00,2026-04,EBM0426,2500.357086318355,EPIAS_VEP:EBM0426,True,False,False,1.19490993024695,2987.7015116051325
2026-04-08T20:00:00+00:00,2026-04-08T23:00:00+03:00,2026-04,EBM0426,2500.3570826618625,EPIAS_VEP:EBM0426,True,False,False,1.1311308198512062,2828.230956832083
2026-04-08T21:00:00+00:00,2026-04-09T00:00:00+03:00,2026-04,EBM0426,2500.3570792998576,EPIAS_VEP:EBM0426,True,False,False,1.200390873646538,3001.405818849062
2026-04-08T22:00:00+00:00,2026-04-09T01:00:00+03:00,2026-04,EBM0426,2500.357076224814,EPIAS_VEP:EBM0426,True,False,False,1.120443613805198,2801.50911828873
2026-04-08T23:00:00+00:00,2026-04-09T02:00:00+03:00,2026-04,EBM0426,2500.357073427524,EPIAS_VEP:EBM0426,True,False,False,1.0149601204107483,2537.7627163158663
2026-04-09T00:00:00+00:00,2026-04-09T03:00:00+03:00,2026-04,EBM0426,2500.357070897406,EPIAS_VEP:EBM0426,True,False,False,0.9536260993216233,2384.405760431133
2026-04-09T01:00:00+00:00,2026-04-09T04:00:00+03:00,2026-04,EBM0426,2500.3570686227868,EPIAS_VEP:EBM0426,True,False,False,0.9993625734329062,2498.763274600026
2026-04-09T02:00:00+00:00,2026-04-09T05:00:00+03:00,2026-04,EBM0426,2500.357066591152,EPIAS_VEP:EBM0426,True,False,False,1.0557101878322155,2639.6524284185525
2026-04-09T03:00:00+00:00,2026-04-09T06:00:00+03:00,2026-04,EBM0426,2500.357064789374,EPIAS_VEP:EBM0426,True,False,False,1.0378256142000426,2594.9346064844476
2026-04-09T04:00:00+00:00,2026-04-09T07:00:00+03:00,2026-04,EBM0426,2500.357063203916,EPIAS_VEP:EBM0426,True,False,False,0.9273361341013627,2318.671452864556
2026-04-09T05:00:00+00:00,2026-04-09T08:00:00+03:00,2026-04,EBM0426,2500.35706182101,EPIAS_VEP:EBM0426,True,False,False,1.2803538277150208,3201.3417347568134
2026-04-09T06:00:00+00:00,2026-04-09T09:00:00+03:00,2026-04,EBM0426,2500.357060626818,EPIAS_VEP:EBM0426,True,False,False,1.1692439189294255,2923.52728829016
2026-04-09T07:00:00+00:00,2026-04-09T10:00:00+03:00,2026-04,EBM0426,2500.3570596075683,EPIAS_VEP:EBM0426,True,False,False,0.9273145920691045,2318.617586757098
2026-04-09T08:00:00+00:00,2026-04-09T11:00:00+03:00,2026-04,EBM0426,2500.3570587496765,EPIAS_VEP:EBM0426,True,False,False,0.9167699494599068,2292.2522143816623
2026-04-09T09:00:00+00:00,2026-04-09T12:00:00+03:00,2026-04,EBM0426,2500.357058039847,EPIAS_VEP:EBM0426,True,False,False,0.573364815143585,1433.6167623759748
2026-04-09T10:00:00+00:00,2026-04-09T13:00:00+03:00,2026-04,EBM0426,2500.357057465156,EPIAS_VEP:EBM0426,True,False,False,0.6440990278674509,1610.477550034827
2026-04-09T11:00:00+00:00,2026-04-09T14:00:00+03:00,2026-04,EBM0426,2500.357057013129,EPIAS_VEP:EBM0426,True,False,False,0.8767476485717337,2192.182170326001
2026-04-09T12:00:00+00:00,2026-04-09T15:00:00+03:00,2026-04,EBM0426,2500.357056671793,EPIAS_VEP:EBM0426,True,False,False,0.8785726741167493,2196.745385526822
2026-04-09T13:00:00+00:00,2026-04-09T16:00:00+03:00,2026-04,EBM0426,2500.3570564297247,EPIAS_VEP:EBM0426,True,False,False,1.067446216689002,2668.996680257559
2026-04-09T14:00:00+00:00,2026-04-09T17:00:00+03:00,2026-04,EBM0426,2500.357056276083,EPIAS_VEP:EBM0426,True,False,False,1.270641068080606,3177.0563605695215
2026-04-09T15:00:00+00:00,2026-04-09T18:00:00+03:00,2026-04,EBM0426,2500.357056200633,EPIAS_VEP:EBM0426,True,False,False,1.3261336720380936,3315.8076843457034
2026-04-09T16:00:00+00:00,2026-04-09T19:00:00+03:00,2026-04,EBM0426,2500.357056193764,EPIAS_VEP:EBM0426,True,False,False,1.370364176878962,3426.399739214472
2026-04-09T17:00:00+00:00,2026-04-09T20:00:00+03:00,2026-04,EBM0426,2500.357056246492,EPIAS_VEP:EBM0426,True,False,False,1.3858520990783605,3465.1250748445914
2026-04-09T18:00:00+00:00,2026-04-09T21:00:00+03:00,2026-04,EBM0426,2500.357056350465,EPIAS_VEP:EBM0426,True,False,False,1.3575888833406538,3394.4569440837518
2026-04-09T19:00:00+00:00,2026-04-09T22:00:00+03:00,2026-04,EBM0426,2500.357056497956,EPIAS_VEP:EBM0426,True,False,False,1.1985706744379816,2996.8546435425214
2026-04-09T20:00:00+00:00,2026-04-09T23:00:00+03:00,2026-04,EBM0426,2500.357056681852,EPIAS_VEP:EBM0426,True,False,False,1.1340214664094952,2835.4585759656834
2026-04-09T21:00:00+00:00,2026-04-10T00:00:00+03:00,2026-04,EBM0426,2500.3570568956397,EPIAS_VEP:EBM0426,True,False,False,1.2031425847980508,3008.286052351467
2026-04-09T22:00:00+00:00,2026-04-10T01:00:00+03:00,2026-04,EBM0426,2500.3570571333835,EPIAS_VEP:EBM0426,True,False,False,1.123165640429066,2808.3151353765516
2026-04-09T23:00:00+00:00,2026-04-10T02:00:00+03:00,2026-04,EBM0426,2500.3570573897086,EPIAS_VEP:EBM0426,True,False,False,1.0175499462909021,2544.2381894549762
2026-04-10T00:00:00+00:00,2026-04-10T03:00:00+03:00,2026-04,EBM0426,2500.3570576597763,EPIAS_VEP:EBM0426,True,False,False,0.9567185253453114,2392.1379170410028
2026-04-10T01:00:00+00:00,2026-04-10T04:00:00+03:00,2026-04,EBM0426,2500.3570579392585,EPIAS_VEP:EBM0426,True,False,False,1.0029995569591348,2507.857021352722
2026-04-10T02:00:00+00:00,2026-04-10T05:00:00+03:00,2026-04,EBM0426,2500.3570582243105,EPIAS_VEP:EBM0426,True,False,False,1.057692637801273,2644.609252358302
2026-04-10T03:00:00+00:00,2026-04-10T06:00:00+03:00,2026-04,EBM0426,2500.3570585115413,EPIAS_VEP:EBM0426,True,False,False,1.0374024815732308,2593.8766173190165
2026-04-10T04:00:00+00:00,2026-04-10T07:00:00+03:00,2026-04,EBM0426,2500.3570587979875,EPIAS_VEP:EBM0426,True,False,False,0.9238677976049001,2309.9993691375626
2026-04-10T05:00:00+00:00,2026-04-10T08:00:00+03:00,2026-04,EBM0426,2500.357059081085,EPIAS_VEP:EBM0426,True,False,False,1.2805424236265335,3201.8132883674043
2026-04-10T06:00:00+00:00,2026-04-10T09:00:00+03:00,2026-04,EBM0426,2500.3570593586373,EPIAS_VEP:EBM0426,True,False,False,1.1691216181248105,2923.221491127163
2026-04-10T07:00:00+00:00,2026-04-10T10:00:00+03:00,2026-04,EBM0426,2500.3570596287896,EPIAS_VEP:EBM0426,True,False,False,0.925044084287228,2312.9405066154195
2026-04-10T08:00:00+00:00,2026-04-10T11:00:00+03:00,2026-04,EBM0426,2500.35705989,EPIAS_VEP:EBM0426,True,False,False,0.915480803797861,2289.028890969754
2026-04-10T09:00:00+00:00,2026-04-10T12:00:00+03:00,2026-04,EBM0426,2500.357060141017,EPIAS_VEP:EBM0426,True,False,False,0.569406946283109,1423.7206782323083
2026-04-10T10:00:00+00:00,2026-04-10T13:00:00+03:00,2026-04,EBM0426,2500.357060380848,EPIAS_VEP:EBM0426,True,False,False,0.6425398616227822,1606.5790795846565
2026-04-10T11:00:00+00:00,2026-04-10T14:00:00+03:00,2026-04,EBM0426,2500.357060608736,EPIAS_VEP:EBM0426,True,False,False,0.8776543123513458,2194.4491566613924
2026-04-10T12:00:00+00:00,2026-04-10T15:00:00+03:00,2026-04,EBM0426,2500.357060824134,EPIAS_VEP:EBM0426,True,False,False,0.8784153654712173,2196.3520613923706
2026-04-10T13:00:00+00:00,2026-04-10T16:00:00+03:00,2026-04,EBM0426,2500.3570610266847,EPIAS_VEP:EBM0426,True,False,False,1.067979162409482,2670.329239759913
2026-04-10T14:00:00+00:00,2026-04-10T17:00:00+03:00,2026-04,EBM0426,2500.3570612162,EPIAS_VEP:EBM0426,True,False,False,1.2712441902673817,3178.564387665118
2026-04-10T15:00:00+00:00,2026-04-10T18:00:00+03:00,2026-04,EBM0426,2500.357061392634,EPIAS_VEP:EBM0426,True,False,False,1.3266221828456917,3317.029142678335
2026-04-10T16:00:00+00:00,2026-04-10T19:00:00+03:00,2026-04,EBM0426,2500.357061556073,EPIAS_VEP:EBM0426,True,False,False,1.373189346226173,3433.4636786901788
2026-04-10T17:00:00+00:00,2026-04-10T20:00:00+03:00,2026-04,EBM0426,2500.357061706708,EPIAS_VEP:EBM0426,True,False,False,1.3894358530209951,3474.0857468895288
2026-04-10T18:00:00+00:00,2026-04-10T21:00:00+03:00,2026-04,EBM0426,2500.357061844825,EPIAS_VEP:EBM0426,True,False,False,1.3612370129422366,3403.5785781546765
2026-04-10T19:00:00+00:00,2026-04-10T22:00:00+03:00,2026-04,EBM0426,2500.357061970792,EPIAS_VEP:EBM0426,True,False,False,1.2021769399001658,3005.8716014178162
2026-04-10T20:00:00+00:00,2026-04-10T23:00:00+03:00,2026-04,EBM0426,2500.357062085036,EPIAS_VEP:EBM0426,True,False,False,1.1368635859577807,2842.5648957768553
2026-04-10T21:00:00+00:00,2026-04-11T00:00:00+03:00,2026-04,EBM0426,2500.3570621880385,EPIAS_VEP:EBM0426,True,False,False,1.24149882627305,3104.190357969981
2026-04-10T22:00:00+00:00,2026-04-11T01:00:00+03:00,2026-04,EBM0426,2500.3570622803195,EPIAS_VEP:EBM0426,True,False,False,1.1893819748807946,2973.8796206421084
2026-04-10T23:00:00+00:00,2026-04-11T02:00:00+03:00,2026-04,EBM0426,2500.3570623624314,EPIAS_VEP:EBM0426,True,False,False,1.1019035222739064,2755.152253959601
2026-04-11T00:00:00+00:00,2026-04-11T03:00:00+03:00,2026-04,EBM0426,2500.3570624349486,EPIAS_VEP:EBM0426,True,False,False,1.0454562213969745,2614.01384663648
2026-04-11T01:00:00+00:00,2026-04-11T04:00:00+03:00,2026-04,EBM0426,2500.3570624984604,EPIAS_VEP:EBM0426,True,False,False,1.0835630133677052,2709.2944331360554
2026-04-11T02:00:00+00:00,2026-04-11T05:00:00+03:00,2026-04,EBM0426,2500.357062553561,EPIAS_VEP:EBM0426,True,False,False,1.131903822194275,2830.1637159548254
2026-04-11T03:00:00+00:00,2026-04-11T06:00:00+03:00,2026-04,EBM0426,2500.357062600845,EPIAS_VEP:EBM0426,True,False,False,1.0630063617457441,2657.8954641806
2026-04-11T04:00:00+00:00,2026-04-11T07:00:00+03:00,2026-04,EBM0426,2500.357062640901,EPIAS_VEP:EBM0426,True,False,False,0.7176792633323592,1794.4544147839833
2026-04-11T05:00:00+00:00,2026-04-11T08:00:00+03:00,2026-04,EBM0426,2500.357062674308,EPIAS_VEP:EBM0426,True,False,False,0.8518545406603896,2129.9405171113835
2026-04-11T06:00:00+00:00,2026-04-11T09:00:00+03:00,2026-04,EBM0426,2500.3570627016275,EPIAS_VEP:EBM0426,True,False,False,0.7881631193171902,1970.689221945682
2026-04-11T07:00:00+00:00,2026-04-11T10:00:00+03:00,2026-04,EBM0426,2500.357062723406,EPIAS_VEP:EBM0426,True,False,False,0.6136263484374797,1534.284974188826
2026-04-11T08:00:00+00:00,2026-04-11T11:00:00+03:00,2026-04,EBM0426,2500.3570627401696,EPIAS_VEP:EBM0426,True,False,False,0.5430840439702367,1357.904025002474
2026-04-11T09:00:00+00:00,2026-04-11T12:00:00+03:00,2026-04,EBM0426,2500.35706275242,EPIAS_VEP:EBM0426,True,False,False,0.3780744505374955,945.3211226476674
2026-04-11T10:00:00+00:00,2026-04-11T13:00:00+03:00,2026-04,EBM0426,2500.357062760636,EPIAS_VEP:EBM0426,True,False,False,0.48857319874247224,1221.6074481512962
2026-04-11T11:00:00+00:00,2026-04-11T14:00:00+03:00,2026-04,EBM0426,2500.357062765275,EPIAS_VEP:EBM0426,True,False,False,0.5174315007143174,1293.7635073082788
2026-04-11T12:00:00+00:00,2026-04-11T15:00:00+03:00,2026-04,EBM0426,2500.357062766766,EPIAS_VEP:EBM0426,True,False,False,0.5021189237767638,1255.4765974140787
2026-04-11T13:00:00+00:00,2026-04-11T16:00:00+03:00,2026-04,EBM0426,2500.357062765512,EPIAS_VEP:EBM0426,True,False,False,0.6754408620890866,1688.843330004874
2026-04-11T14:00:00+00:00,2026-04-11T17:00:00+03:00,2026-04,EBM0426,2500.357062761887,EPIAS_VEP:EBM0426,True,False,False,1.0437839940742328,2609.83268158132
2026-04-11T15:00:00+00:00,2026-04-11T18:00:00+03:00,2026-04,EBM0426,2500.357062756239,EPIAS_VEP:EBM0426,True,False,False,1.2818183259062101,3205.003504349971
2026-04-11T16:00:00+00:00,2026-04-11T19:00:00+03:00,2026-04,EBM0426,2500.3570627488884,EPIAS_VEP:EBM0426,True,False,False,1.3846180981284302,3462.0396408653537
2026-04-11T17:00:00+00:00,2026-04-11T20:00:00+03:00,2026-04,EBM0426,2500.357062740129,EPIAS_VEP:EBM0426,True,False,False,1.4153708997917385,3538.932625691125
2026-04-11T18:00:00+00:00,2026-04-11T21:00:00+03:00,2026-04,EBM0426,2500.357062730231,EPIAS_VEP:EBM0426,True,False,False,1.3758185252678892,3440.0375666886575
2026-04-11T19:00:00+00:00,2026-04-11T22:00:00+03:00,2026-04,EBM0426,2500.357062719436,EPIAS_VEP:EBM0426,True,False,False,1.2389895482410749,3097.916267580135
2026-04-11T20:00:00+00:00,2026-04-11T23:00:00+03:00,2026-04,EBM0426,2500.3570627079616,EPIAS_VEP:EBM0426,True,False,False,1.1492772769378399,2873.603556401302
2026-04-11T21:00:00+00:00,2026-04-12T00:00:00+03:00,2026-04,EBM0426,2500.3570626960063,EPIAS_VEP:EBM0426,True,False,False,1.1687003076234423,2922.168068341269
2026-04-11T22:00:00+00:00,2026-04-12T01:00:00+03:00,2026-04,EBM0426,2500.3570626837454,EPIAS_VEP:EBM0426,True,False,False,1.1007674993070686,2752.3117912651537
2026-04-11T23:00:00+00:00,2026-04-12T02:00:00+03:00,2026-04,EBM0426,2500.3570626713336,EPIAS_VEP:EBM0426,True,False,False,0.9917048352933107,2479.616189010941
2026-04-12T00:00:00+00:00,2026-04-12T03:00:00+03:00,2026-04,EBM0426,2500.357062658907,EPIAS_VEP:EBM0426,True,False,False,0.9641501783852611,2410.7197079894327
2026-04-12T01:00:00+00:00,2026-04-12T04:00:00+03:00,2026-04,EBM0426,2500.3570626465844,EPIAS_VEP:EBM0426,True,False,False,0.9983112649842535,2496.134622123024
2026-04-12T02:00:00+00:00,2026-04-12T05:00:00+03:00,2026-04,EBM0426,2500.3570626344667,EPIAS_VEP:EBM0426,True,False,False,1.023226621200544,2558.4319089943824
2026-04-12T03:00:00+00:00,2026-04-12T06:00:00+03:00,2026-04,EBM0426,2500.35706262264,EPIAS_VEP:EBM0426,True,False,False,1.0314737889957546,2579.0527732256696
2026-04-12T04:00:00+00:00,2026-04-12T07:00:00+03:00,2026-04,EBM0426,2500.3570626111764,EPIAS_VEP:EBM0426,True,False,False,0.6078496304010064,1519.8411163787496
2026-04-12T05:00:00+00:00,2026-04-12T08:00:00+03:00,2026-04,EBM0426,2500.357062600136,EPIAS_VEP:EBM0426,True,False,False,0.3669639366225343,917.5408706537023
2026-04-12T06:00:00+00:00,2026-04-12T09:00:00+03:00,2026-04,EBM0426,2500.3570625895645,EPIAS_VEP:EBM0426,True,False,False,0.2659231426305198,664.9028077822323
2026-04-12T07:00:00+00:00,2026-04-12T10:00:00+03:00,2026-04,EBM0426,2500.3570625795,EPIAS_VEP:EBM0426,True,False,False,0.14138131870634185,353.503778744205
2026-04-12T08:00:00+00:00,2026-04-12T11:00:00+03:00,2026-04,EBM0426,2500.357062569972,EPIAS_VEP:EBM0426,True,False,False,0.08535615105940969,213.42085513518444
2026-04-12T09:00:00+00:00,2026-04-12T12:00:00+03:00,2026-04,EBM0426,2500.357062560998,EPIAS_VEP:EBM0426,True,False,False,0.039960169374169435,99.91469171583825
2026-04-12T10:00:00+00:00,2026-04-12T13:00:00+03:00,2026-04,EBM0426,2500.357062552589,EPIAS_VEP:EBM0426,True,False,False,0.06395756978780776,159.91676132264521
2026-04-12T11:00:00+00:00,2026-04-12T14:00:00+03:00,2026-04,EBM0426,2500.3570625447496,EPIAS_VEP:EBM0426,True,False,False,0.12484244753217087,312.1506953924358
2026-04-12T12:00:00+00:00,2026-04-12T15:00:00+03:00,2026-04,EBM0426,2500.3570625374787,EPIAS_VEP:EBM0426,True,False,False,0.13539610921000064,338.53861790332087
2026-04-12T13:00:00+00:00,2026-04-12T16:00:00+03:00,2026-04,EBM0426,2500.3570625307693,EPIAS_VEP:EBM0426,True,False,False,0.3434920037821662,858.8526575795851
2026-04-12T14:00:00+00:00,2026-04-12T17:00:00+03:00,2026-04,EBM0426,2500.35706252461,EPIAS_VEP:EBM0426,True,False,False,0.8062380028042188,2015.8828843872645
2026-04-12T15:00:00+00:00,2026-04-12T18:00:00+03:00,2026-04,EBM0426,2500.357062518983,EPIAS_VEP:EBM0426,True,False,False,1.1700433286157077,2925.526100157504
2026-04-12T16:00:00+00:00,2026-04-12T19:00:00+03:00,2026-04,EBM0426,2500.357062513872,EPIAS_VEP:EBM0426,True,False,False,1.3449123213766307,3362.761021215985
2026-04-12T17:00:00+00:00,2026-04-12T20:00:00+03:00,2026-04,EBM0426,2500.3570625092543,EPIAS_VEP:EBM0426,True,False,False,1.3729883262555787,3432.9610582958962
2026-04-12T18:00:00+00:00,2026-04-12T21:00:00+03:00,2026-04,EBM0426,2500.3570625051066,EPIAS_VEP:EBM0426,True,False,False,1.3356930764908426,3339.7096171430517
2026-04-12T19:00:00+00:00,2026-04-12T22:00:00+03:00,2026-04,EBM0426,2500.357062501404,EPIAS_VEP:EBM0426,True,False,False,1.083383511920521,2708.845615428049
2026-04-12T20:00:00+00:00,2026-04-12T23:00:00+03:00,2026-04,EBM0426,2500.3570624981235,EPIAS_VEP:EBM0426,True,False,False,1.0089467245555137,2522.7270684267273
2026-04-12T21:00:00+00:00,2026-04-13T00:00:00+03:00,2026-04,EBM0426,2500.35706249524,EPIAS_VEP:EBM0426,True,False,False,1.211012905350312,3027.964670665532
2026-04-12T22:00:00+00:00,2026-04-13T01:00:00+03:00,2026-04,EBM0426,2500.3570624927293,EPIAS_VEP:EBM0426,True,False,False,1.131068171513817,2828.07429080531
2026-04-12T23:00:00+00:00,2026-04-13T02:00:00+03:00,2026-04,EBM0426,2500.3570624905656,EPIAS_VEP:EBM0426,True,False,False,1.0251982577349683,2563.361704180651
2026-04-13T00:00:00+00:00,2026-04-13T03:00:00+03:00,2026-04,EBM0426,2500.3570624887243,EPIAS_VEP:EBM0426,True,False,False,0.9660264734326711,2415.4111153984554
2026-04-13T01:00:00+00:00,2026-04-13T04:00:00+03:00,2026-04,EBM0426,2500.3570624871804,EPIAS_VEP:EBM0426,True,False,False,1.0137987215755393,2534.8587934318743
2026-04-13T02:00:00+00:00,2026-04-13T05:00:00+03:00,2026-04,EBM0426,2500.3570624859112,EPIAS_VEP:EBM0426,True,False,False,1.06329284613537,2658.6117773253172
2026-04-13T03:00:00+00:00,2026-04-13T06:00:00+03:00,2026-04,EBM0426,2500.357062484893,EPIAS_VEP:EBM0426,True,False,False,1.0357139308010503,2589.654641592396
2026-04-13T04:00:00+00:00,2026-04-13T07:00:00+03:00,2026-04,EBM0426,2500.3570624841063,EPIAS_VEP:EBM0426,True,False,False,0.9131825853208313,2283.2825265444358
2026-04-13T05:00:00+00:00,2026-04-13T08:00:00+03:00,2026-04,EBM0426,2500.357062483528,EPIAS_VEP:EBM0426,True,False,False,1.2806717816548399,3202.1367339840413
2026-04-13T06:00:00+00:00,2026-04-13T09:00:00+03:00,2026-04,EBM0426,2500.357062483137,EPIAS_VEP:EBM0426,True,False,False,1.1687896743635149,2922.3915168521803
2026-04-13T07:00:00+00:00,2026-04-13T10:00:00+03:00,2026-04,EBM0426,2500.357062482913,EPIAS_VEP:EBM0426,True,False,False,0.9188352943205775,2297.416317413022
2026-04-13T08:00:00+00:00,2026-04-13T11:00:00+03:00,2026-04,EBM0426,2500.3570624828376,EPIAS_VEP:EBM0426,True,False,False,0.9120924898551338,2280.5568986468397
2026-04-13T09:00:00+00:00,2026-04-13T12:00:00+03:00,2026-04,EBM0426,2500.357062482891,EPIAS_VEP:EBM0426,True,False,False,0.5586316250175535,1396.7785289389337
2026-04-13T10:00:00+00:00,2026-04-13T13:00:00+03:00,2026-04,EBM0426,2500.3570624830536,EPIAS_VEP:EBM0426,True,False,False,0.6388380069574472,1597.3231224786512
2026-04-13T11:00:00+00:00,2026-04-13T14:00:00+03:00,2026-04,EBM0426,2500.3570624833087,EPIAS_VEP:EBM0426,True,False,False,0.8808622349317118,2202.470110186337
2026-04-13T12:00:00+00:00,2026-04-13T15:00:00+03:00,2026-04,EBM0426,2500.357062483641,EPIAS_VEP:EBM0426,True,False,False,0.8785143676363106,2196.599603612799
2026-04-13T13:00:00+00:00,2026-04-13T16:00:00+03:00,2026-04,EBM0426,2500.3570624840363,EPIAS_VEP:EBM0426,True,False,False,1.0697158732373377,2674.6716385002555
2026-04-13T14:00:00+00:00,2026-04-13T17:00:00+03:00,2026-04,EBM0426,2500.35706248448,EPIAS_VEP:EBM0426,True,False,False,1.2726674943831953,3182.1231577754497
2026-04-13T15:00:00+00:00,2026-04-13T18:00:00+03:00,2026-04,EBM0426,2500.3570624849585,EPIAS_VEP:EBM0426,True,False,False,1.3275485708256023,3319.345444855608
2026-04-13T16:00:00+00:00,2026-04-13T19:00:00+03:00,2026-04,EBM0426,2500.357062485463,EPIAS_VEP:EBM0426,True,False,False,1.381035699037,3453.0823636317114
2026-04-13T17:00:00+00:00,2026-04-13T20:00:00+03:00,2026-04,EBM0426,2500.357062485983,EPIAS_VEP:EBM0426,True,False,False,1.399446947124109,3499.117057816214
2026-04-13T18:00:00+00:00,2026-04-13T21:00:00+03:00,2026-04,EBM0426,2500.3570624865115,EPIAS_VEP:EBM0426,True,False,False,1.371583639697549,3429.448840308721
2026-04-13T19:00:00+00:00,2026-04-13T22:00:00+03:00,2026-04,EBM0426,2500.357062487041,EPIAS_VEP:EBM0426,True,False,False,1.2126443781368759,3032.0439351597433
2026-04-13T20:00:00+00:00,2026-04-13T23:00:00+03:00,2026-04,EBM0426,2500.357062487565,EPIAS_VEP:EBM0426,True,False,False,1.145081519706732,2863.1126649227217
2026-04-13T21:00:00+00:00,2026-04-14T00:00:00+03:00,2026-04,EBM0426,2500.3570624880786,EPIAS_VEP:EBM0426,True,False,False,1.2135031841411634,3034.191256819129
2026-04-13T22:00:00+00:00,2026-04-14T01:00:00+03:00,2026-04,EBM0426,2500.357062488576,EPIAS_VEP:EBM0426,True,False,False,1.1336103741559675,2834.4307051311907
2026-04-13T23:00:00+00:00,2026-04-14T02:00:00+03:00,2026-04,EBM0426,2500.357062489053,EPIAS_VEP:EBM0426,True,False,False,1.0277045209966802,2569.628257225979
2026-04-14T00:00:00+00:00,2026-04-14T03:00:00+03:00,2026-04,EBM0426,2500.3570624895083,EPIAS_VEP:EBM0426,True,False,False,0.9691349478955277,2423.183411475984
2026-04-14T01:00:00+00:00,2026-04-14T04:00:00+03:00,2026-04,EBM0426,2500.3570624899385,EPIAS_VEP:EBM0426,True,False,False,1.0173548778278447,2543.75045383544
2026-04-14T02:00:00+00:00,2026-04-14T05:00:00+03:00,2026-04,EBM0426,2500.357062490344,EPIAS_VEP:EBM0426,True,False,False,1.0650419350986198,2662.9851242722166
2026-04-14T03:00:00+00:00,2026-04-14T06:00:00+03:00,2026-04,EBM0426,2500.3570624907243,EPIAS_VEP:EBM0426,True,False,False,1.0350124406509216,2587.9006657472933
2026-04-14T04:00:00+00:00,2026-04-14T07:00:00+03:00,2026-04,EBM0426,2500.3570624910803,EPIAS_VEP:EBM0426,True,False,False,0.9095336710941733,2274.1589380937553
2026-04-14T05:00:00+00:00,2026-04-14T08:00:00+03:00,2026-04,EBM0426,2500.357062491411,EPIAS_VEP:EBM0426,True,False,False,1.280567915070559,3201.8770304465734
2026-04-14T06:00:00+00:00,2026-04-14T09:00:00+03:00,2026-04,EBM0426,2500.357062491717,EPIAS_VEP:EBM0426,True,False,False,1.168688788289057,2922.139265653431
2026-04-14T07:00:00+00:00,2026-04-14T10:00:00+03:00,2026-04,EBM0426,2500.3570624920008,EPIAS_VEP:EBM0426,True,False,False,0.9169704548366874,2292.7535528474136
2026-04-14T08:00:00+00:00,2026-04-14T11:00:00+03:00,2026-04,EBM0426,2500.357062492261,EPIAS_VEP:EBM0426,True,False,False,0.9111251730997801,2278.138261374519
2026-04-14T09:00:00+00:00,2026-04-14T12:00:00+03:00,2026-04,EBM0426,2500.357062492497,EPIAS_VEP:EBM0426,True,False,False,0.5554162916014397,1388.7390473290518
2026-04-14T10:00:00+00:00,2026-04-14T13:00:00+03:00,2026-04,EBM0426,2500.3570624927097,EPIAS_VEP:EBM0426,True,False,False,0.6379335800594875,1595.061732302998
2026-04-14T11:00:00+00:00,2026-04-14T14:00:00+03:00,2026-04,EBM0426,2500.3570624929,EPIAS_VEP:EBM0426,True,False,False,0.8820912267164361,2205.543028483467
2026-04-14T12:00:00+00:00,2026-04-14T15:00:00+03:00,2026-04,EBM0426,2500.357062493067,EPIAS_VEP:EBM0426,True,False,False,0.8787365098642484,2197.1550385095825
2026-04-14T13:00:00+00:00,2026-04-14T16:00:00+03:00,2026-04,EBM0426,2500.3570624932145,EPIAS_VEP:EBM0426,True,False,False,1.0703373429526268,2676.225534701822
2026-04-14T14:00:00+00:00,2026-04-14T17:00:00+03:00,2026-04,EBM0426,2500.3570624933423,EPIAS_VEP:EBM0426,True,False,False,1.2730109452563918,3182.981907603145
2026-04-14T15:00:00+00:00,2026-04-14T18:00:00+03:00,2026-04,EBM0426,2500.357062493453,EPIAS_VEP:EBM0426,True,False,False,1.3276761437011828,3319.6644226073254
2026-04-14T16:00:00+00:00,2026-04-14T19:00:00+03:00,2026-04,EBM0426,2500.3570624935487,EPIAS_VEP:EBM0426,True,False,False,1.3834341934791277,3459.0794561606035
2026-04-14T17:00:00+00:00,2026-04-14T20:00:00+03:00,2026-04,EBM0426,2500.357062493631,EPIAS_VEP:EBM0426,True,False,False,1.4025286850843246,3506.8225031004968
2026-04-14T18:00:00+00:00,2026-04-14T21:00:00+03:00,2026-04,EBM0426,2500.357062493702,EPIAS_VEP:EBM0426,True,False,False,1.374824072428918,3437.551079183998
2026-04-14T19:00:00+00:00,2026-04-14T22:00:00+03:00,2026-04,EBM0426,2500.357062493763,EPIAS_VEP:EBM0426,True,False,False,1.216008524063357,3040.4555011944312
2026-04-14T20:00:00+00:00,2026-04-14T23:00:00+03:00,2026-04,EBM0426,2500.357062493813,EPIAS_VEP:EBM0426,True,False,False,1.1477125138004216,2869.691089593412
2026-04-14T21:00:00+00:00,2026-04-15T00:00:00+03:00,2026-04,EBM0426,2500.357062493854,EPIAS_VEP:EBM0426,True,False,False,1.215924604024421,3040.2456711325035
2026-04-14T22:00:00+00:00,2026-04-15T01:00:00+03:00,2026-04,EBM0426,2500.357062493886,EPIAS_VEP:EBM0426,True,False,False,1.1361046353485875,2840.667248725882
2026-04-14T23:00:00+00:00,2026-04-15T02:00:00+03:00,2026-04,EBM0426,2500.35706249391,EPIAS_VEP:EBM0426,True,False,False,1.030187842401521,2575.8374474440056
2026-04-15T00:00:00+00:00,2026-04-15T03:00:00+03:00,2026-04,EBM0426,2500.3570624939257,EPIAS_VEP:EBM0426,True,False,False,0.9722441017698742,2430.957406328368
2026-04-15T01:00:00+00:00,2026-04-15T04:00:00+03:00,2026-04,EBM0426,2500.3570624939352,EPIAS_VEP:EBM0426,True,False,False,1.0208861181644744,2552.5798155545617
2026-04-15T02:00:00+00:00,2026-04-15T05:00:00+03:00,2026-04,EBM0426,2500.357062493938,EPIAS_VEP:EBM0426,True,False,False,1.0667313688540334,2667.2093118980083
2026-04-15T03:00:00+00:00,2026-04-15T06:00:00+03:00,2026-04,EBM0426,2500.357062493935,EPIAS_VEP:EBM0426,True,False,False,1.0342423933988927,2585.975272665552
2026-04-15T04:00:00+00:00,2026-04-15T07:00:00+03:00,2026-04,EBM0426,2500.357062493925,EPIAS_VEP:EBM0426,True,False,False,0.9058444730589531,2264.934625734041
2026-04-15T05:00:00+00:00,2026-04-15T08:00:00+03:00,2026-04,EBM0426,2500.35706249391,EPIAS_VEP:EBM0426,True,False,False,1.2803899941742491,3201.43216468012
2026-04-15T06:00:00+00:00,2026-04-15T09:00:00+03:00,2026-04,EBM0426,2500.357062493889,EPIAS_VEP:EBM0426,True,False,False,1.1685917971145499,2921.8967530877903
2026-04-15T07:00:00+00:00,2026-04-15T10:00:00+03:00,2026-04,EBM0426,2500.357062493862,EPIAS_VEP:EBM0426,True,False,False,0.9152096100839451,2288.3508122356457
2026-04-15T08:00:00+00:00,2026-04-15T11:00:00+03:00,2026-04,EBM0426,2500.3570624938297,EPIAS_VEP:EBM0426,True,False,False,0.9102398780390365,2275.924707618427
2026-04-15T09:00:00+00:00,2026-04-15T12:00:00+03:00,2026-04,EBM0426,2500.3570624937925,EPIAS_VEP:EBM0426,True,False,False,0.5523937753967915,1381.1816775909772
2026-04-15T10:00:00+00:00,2026-04-15T13:00:00+03:00,2026-04,EBM0426,2500.3570624937506,EPIAS_VEP:EBM0426,True,False,False,0.6371956216317284,1593.2165727369877
2026-04-15T11:00:00+00:00,2026-04-15T14:00:00+03:00,2026-04,EBM0426,2500.3570624937056,EPIAS_VEP:EBM0426,True,False,False,0.8833983745587792,2208.8113648235035
2026-04-15T12:00:00+00:00,2026-04-15T15:00:00+03:00,2026-04,EBM0426,2500.357062493658,EPIAS_VEP:EBM0426,True,False,False,0.8790524012468832,2197.9448797596533
2026-04-15T13:00:00+00:00,2026-04-15T16:00:00+03:00,2026-04,EBM0426,2500.3570624936083,EPIAS_VEP:EBM0426,True,False,False,1.0709783677262446,2677.8283255221922
2026-04-15T14:00:00+00:00,2026-04-15T17:00:00+03:00,2026-04,EBM0426,2500.357062493558,EPIAS_VEP:EBM0426,True,False,False,1.273287935671794,3183.674482544813
2026-04-15T15:00:00+00:00,2026-04-15T18:00:00+03:00,2026-04,EBM0426,2500.3570624935064,EPIAS_VEP:EBM0426,True,False,False,1.327712589493285,3319.755550101077
2026-04-15T16:00:00+00:00,2026-04-15T19:00:00+03:00,2026-04,EBM0426,2500.3570624934564,EPIAS_VEP:EBM0426,True,False,False,1.3857208635960738,3464.796947936975
2026-04-15T17:00:00+00:00,2026-04-15T20:00:00+03:00,2026-04,EBM0426,2500.3570624934077,EPIAS_VEP:EBM0426,True,False,False,1.4054788130608222,3514.198876421479
2026-04-15T18:00:00+00:00,2026-04-15T21:00:00+03:00,2026-04,EBM0426,2500.3570624933595,EPIAS_VEP:EBM0426,True,False,False,1.3779559405340587,3445.3818677190134
2026-04-15T19:00:00+00:00,2026-04-15T22:00:00+03:00,2026-04,EBM0426,2500.357062493314,EPIAS_VEP:EBM0426,True,False,False,1.2193063780726994,3048.7013137572167
2026-04-15T20:00:00+00:00,2026-04-15T23:00:00+03:00,2026-04,EBM0426,2500.357062493271,EPIAS_VEP:EBM0426,True,False,False,1.150286722798013,2876.127531240251
2026-04-15T21:00:00+00:00,2026-04-16T00:00:00+03:00,2026-04,EBM0426,2500.3570624932304,EPIAS_VEP:EBM0426,True,False,False,1.218275900691966,3046.1247523604584
2026-04-15T22:00:00+00:00,2026-04-16T01:00:00+03:00,2026-04,EBM0426,2500.3570624931936,EPIAS_VEP:EBM0426,True,False,False,1.138549849194124,2846.781156433088
2026-04-15T23:00:00+00:00,2026-04-16T02:00:00+03:00,2026-04,EBM0426,2500.3570624931617,EPIAS_VEP:EBM0426,True,False,False,1.0326474322788277,2581.987300363796
2026-04-16T00:00:00+00:00,2026-04-16T03:00:00+03:00,2026-04,EBM0426,2500.3570624931344,EPIAS_VEP:EBM0426,True,False,False,0.9753525766317377,2438.7297034020417
2026-04-16T01:00:00+00:00,2026-04-16T04:00:00+03:00,2026-04,EBM0426,2500.357062493112,EPIAS_VEP:EBM0426,True,False,False,1.0243905768667343,2561.3422136201325
2026-04-16T02:00:00+00:00,2026-04-16T05:00:00+03:00,2026-04,EBM0426,2500.357062493094,EPIAS_VEP:EBM0426,True,False,False,1.06836072969109,2671.283295773392
2026-04-16T03:00:00+00:00,2026-04-16T06:00:00+03:00,2026-04,EBM0426,2500.357062493079,EPIAS_VEP:EBM0426,True,False,False,1.0334043802432409,2583.8799405524705
2026-04-16T04:00:00+00:00,2026-04-16T07:00:00+03:00,2026-04,EBM0426,2500.357062493067,EPIAS_VEP:EBM0426,True,False,False,0.9021170860261829,2255.6148272412324
2026-04-16T05:00:00+00:00,2026-04-16T08:00:00+03:00,2026-04,EBM0426,2500.357062493058,EPIAS_VEP:EBM0426,True,False,False,1.2801377992821232,3200.8015873993777
2026-04-16T06:00:00+00:00,2026-04-16T09:00:00+03:00,2026-04,EBM0426,2500.357062493052,EPIAS_VEP:EBM0426,True,False,False,1.168498086830243,2921.662443915618
2026-04-16T07:00:00+00:00,2026-04-16T10:00:00+03:00,2026-04,EBM0426,2500.357062493048,EPIAS_VEP:EBM0426,True,False,False,0.9135535439685968,2284.210055627434
2026-04-16T08:00:00+00:00,2026-04-16T11:00:00+03:00,2026-04,EBM0426,2500.3570624930435,EPIAS_VEP:EBM0426,True,False,False,0.9094370328164642,2273.917307895364
2026-04-16T09:00:00+00:00,2026-04-16T12:00:00+03:00,2026-04,EBM0426,2500.35706249304,EPIAS_VEP:EBM0426,True,False,False,0.5495664830518914,1374.1124372082581
2026-04-16T10:00:00+00:00,2026-04-16T13:00:00+03:00,2026-04,EBM0426,2500.3570624930367,EPIAS_VEP:EBM0426,True,False,False,0.6366248835262296,1591.789523683615
2026-04-16T11:00:00+00:00,2026-04-16T14:00:00+03:00,2026-04,EBM0426,2500.357062493033,EPIAS_VEP:EBM0426,True,False,False,0.8847825452555615,2212.272285800305
2026-04-16T12:00:00+00:00,2026-04-16T15:00:00+03:00,2026-04,EBM0426,2500.3570624930294,EPIAS_VEP:EBM0426,True,False,False,0.8794614075898232,2198.967541657275
2026-04-16T13:00:00+00:00,2026-04-16T16:00:00+03:00,2026-04,EBM0426,2500.3570624930253,EPIAS_VEP:EBM0426,True,False,False,1.0716378942675187,2679.477377366944
2026-04-16T14:00:00+00:00,2026-04-16T17:00:00+03:00,2026-04,EBM0426,2500.3570624930203,EPIAS_VEP:EBM0426,True,False,False,1.2734979938425506,3184.199702974914
2026-04-16T15:00:00+00:00,2026-04-16T18:00:00+03:00,2026-04,EBM0426,2500.3570624930157,EPIAS_VEP:EBM0426,True,False,False,1.327657742935638,3319.618414122659
2026-04-16T16:00:00+00:00,2026-04-16T19:00:00+03:00,2026-04,EBM0426,2500.3570624930103,EPIAS_VEP:EBM0426,True,False,False,1.3878938699969088,3470.230239837527
2026-04-16T17:00:00+00:00,2026-04-16T20:00:00+03:00,2026-04,EBM0426,2500.357062493007,EPIAS_VEP:EBM0426,True,False,False,1.408295151493264,3521.240728110842
2026-04-16T18:00:00+00:00,2026-04-16T21:00:00+03:00,2026-04,EBM0426,2500.3570624930044,EPIAS_VEP:EBM0426,True,False,False,1.3809767945391114,3452.935081364818
2026-04-16T19:00:00+00:00,2026-04-16T22:00:00+03:00,2026-04,EBM0426,2500.3570624930035,EPIAS_VEP:EBM0426,True,False,False,1.22253575878103,3056.775918618391
2026-04-16T20:00:00+00:00,2026-04-16T23:00:00+03:00,2026-04,EBM0426,2500.3570624930053,EPIAS_VEP:EBM0426,True,False,False,1.1528026504960975,2882.4182488285733
2026-04-16T21:00:00+00:00,2026-04-17T00:00:00+03:00,2026-04,EBM0426,2500.357062493009,EPIAS_VEP:EBM0426,True,False,False,1.220555879715644,3051.825514014378
2026-04-16T22:00:00+00:00,2026-04-17T01:00:00+03:00,2026-04,EBM0426,2500.3570624930144,EPIAS_VEP:EBM0426,True,False,False,1.1409449553232107,2852.769776958167
2026-04-16T23:00:00+00:00,2026-04-17T02:00:00+03:00,2026-04,EBM0426,2500.3570624930217,EPIAS_VEP:EBM0426,True,False,False,1.0350825169013302,2588.0758813972934
2026-04-17T00:00:00+00:00,2026-04-17T03:00:00+03:00,2026-04,EBM0426,2500.3570624930303,EPIAS_VEP:EBM0426,True,False,False,0.9784590029775783,2446.496878454877
2026-04-17T01:00:00+00:00,2026-04-17T04:00:00+03:00,2026-04,EBM0426,2500.357062493039,EPIAS_VEP:EBM0426,True,False,False,1.0278663998481943,2570.0330121597262
2026-04-17T02:00:00+00:00,2026-04-17T05:00:00+03:00,2026-04,EBM0426,2500.3570624930467,EPIAS_VEP:EBM0426,True,False,False,1.0699296541435983,2675.206167108689
2026-04-17T03:00:00+00:00,2026-04-17T06:00:00+03:00,2026-04,EBM0426,2500.357062493053,EPIAS_VEP:EBM0426,True,False,False,1.0324990805798244,2581.6163681453477
2026-04-17T04:00:00+00:00,2026-04-17T07:00:00+03:00,2026-04,EBM0426,2500.3570624930576,EPIAS_VEP:EBM0426,True,False,False,0.8983536770258768,2246.204960968258
2026-04-17T05:00:00+00:00,2026-04-17T08:00:00+03:00,2026-04,EBM0426,2500.3570624930594,EPIAS_VEP:EBM0426,True,False,False,1.2798111893781094,3199.984946019198
2026-04-17T06:00:00+00:00,2026-04-17T09:00:00+03:00,2026-04,EBM0426,2500.3570624930576,EPIAS_VEP:EBM0426,True,False,False,1.1684070298056273,2921.4347688410367
2026-04-17T07:00:00+00:00,2026-04-17T10:00:00+03:00,2026-04,EBM0426,2500.357062493051,EPIAS_VEP:EBM0426,True,False,False,0.9120029157139661,2280.33293131967
2026-04-17T08:00:00+00:00,2026-04-17T11:00:00+03:00,2026-04,EBM0426,2500.3570624930408,EPIAS_VEP:EBM0426,True,False,False,0.9087169660641686,2272.1168839057927
2026-04-17T09:00:00+00:00,2026-04-17T12:00:00+03:00,2026-04,EBM0426,2500.357062493025,EPIAS_VEP:EBM0426,True,False,False,0.5469365831967381,1367.536748531768
2026-04-17T10:00:00+00:00,2026-04-17T13:00:00+03:00,2026-04,EBM0426,2500.357062493002,EPIAS_VEP:EBM0426,True,False,False,0.6362219350795179,1590.7820086890367
2026-04-17T11:00:00+00:00,2026-04-17T14:00:00+03:00,2026-04,EBM0426,2500.357062492972,EPIAS_VEP:EBM0426,True,False,False,0.8862425262266506,2215.9227595324187
2026-04-17T12:00:00+00:00,2026-04-17T15:00:00+03:00,2026-04,EBM0426,2500.357062492932,EPIAS_VEP:EBM0426,True,False,False,0.8799628016509429,2200.2212058390023
2026-04-17T13:00:00+00:00,2026-04-17T16:00:00+03:00,2026-04,EBM0426,2500.3570624928834,EPIAS_VEP:EBM0426,True,False,False,1.072314860153081,2681.1700337998245
2026-04-17T14:00:00+00:00,2026-04-17T17:00:00+03:00,2026-04,EBM0426,2500.3570624928266,EPIAS_VEP:EBM0426,True,False,False,1.273640721754935,3184.556573718413
2026-04-17T15:00:00+00:00,2026-04-17T18:00:00+03:00,2026-04,EBM0426,2500.357062492762,EPIAS_VEP:EBM0426,True,False,False,1.3275115351702256,3319.252842503482
2026-04-17T16:00:00+00:00,2026-04-17T19:00:00+03:00,2026-04,EBM0426,2500.35706249269,EPIAS_VEP:EBM0426,True,False,False,1.3899514882094521,3475.3750200667287
2026-04-17T17:00:00+00:00,2026-04-17T20:00:00+03:00,2026-04,EBM0426,2500.357062492609,EPIAS_VEP:EBM0426,True,False,False,1.4109756562313156,3527.942947063114
2026-04-17T18:00:00+00:00,2026-04-17T21:00:00+03:00,2026-04,EBM0426,2500.3570624925183,EPIAS_VEP:EBM0426,True,False,False,1.3838842928600945,3460.204865325202
2026-04-17T19:00:00+00:00,2026-04-17T22:00:00+03:00,2026-04,EBM0426,2500.3570624924187,EPIAS_VEP:EBM0426,True,False,False,1.225694550218895,3064.6740250982825
2026-04-17T20:00:00+00:00,2026-04-17T23:00:00+03:00,2026-04,EBM0426,2500.357062492309,EPIAS_VEP:EBM0426,True,False,False,1.1552588556941104,2888.559638841552
2026-04-17T21:00:00+00:00,2026-04-18T00:00:00+03:00,2026-04,EBM0426,2500.357062492192,EPIAS_VEP:EBM0426,True,False,False,1.257737742021702,3144.7934460269453
2026-04-17T22:00:00+00:00,2026-04-18T01:00:00+03:00,2026-04,EBM0426,2500.357062492068,EPIAS_VEP:EBM0426,True,False,False,1.20308628052723,3008.145278303573
2026-04-17T23:00:00+00:00,2026-04-18T02:00:00+03:00,2026-04,EBM0426,2500.3570624919384,EPIAS_VEP:EBM0426,True,False,False,1.1081197395927833,2770.6950169775437
2026-04-18T00:00:00+00:00,2026-04-18T03:00:00+03:00,2026-04,EBM0426,2500.3570624918057,EPIAS_VEP:EBM0426,True,False,False,1.049486961693685,2624.0921366638727
2026-04-18T01:00:00+00:00,2026-04-18T04:00:00+03:00,2026-04,EBM0426,2500.357062491673,EPIAS_VEP:EBM0426,True,False,False,1.0910759090894444,2728.079355006315
2026-04-18T02:00:00+00:00,2026-04-18T05:00:00+03:00,2026-04,EBM0426,2500.357062491543,EPIAS_VEP:EBM0426,True,False,False,1.1337194505312556,2834.703435019856
2026-04-18T03:00:00+00:00,2026-04-18T06:00:00+03:00,2026-04,EBM0426,2500.3570624914187,EPIAS_VEP:EBM0426,True,False,False,1.044358689764737,2611.2696257275447
2026-04-18T04:00:00+00:00,2026-04-18T07:00:00+03:00,2026-04,EBM0426,2500.3570624913027,EPIAS_VEP:EBM0426,True,False,False,0.6688014823148648,1672.2425097106243
2026-04-18T05:00:00+00:00,2026-04-18T08:00:00+03:00,2026-04,EBM0426,2500.357062491198,EPIAS_VEP:EBM0426,True,False,False,0.8396983306353814,2099.545651366245
2026-04-18T06:00:00+00:00,2026-04-18T09:00:00+03:00,2026-04,EBM0426,2500.357062491108,EPIAS_VEP:EBM0426,True,False,False,0.771226637967705,1928.341971023824
2026-04-18T07:00:00+00:00,2026-04-18T10:00:00+03:00,2026-04,EBM0426,2500.3570624910344,EPIAS_VEP:EBM0426,True,False,False,0.5947287598801746,1487.0342550329292
2026-04-18T08:00:00+00:00,2026-04-18T11:00:00+03:00,2026-04,EBM0426,2500.3570624909803,EPIAS_VEP:EBM0426,True,False,False,0.5225288846583224,1306.508787110971
2026-04-18T09:00:00+00:00,2026-04-18T12:00:00+03:00,2026-04,EBM0426,2500.357062490948,EPIAS_VEP:EBM0426,True,False,False,0.3495244677974699,873.9359715707938
2026-04-18T10:00:00+00:00,2026-04-18T13:00:00+03:00,2026-04,EBM0426,2500.357062490938,EPIAS_VEP:EBM0426,True,False,False,0.47914841813411235,1198.042131262989
2026-04-18T11:00:00+00:00,2026-04-18T14:00:00+03:00,2026-04,EBM0426,2500.357062490953,EPIAS_VEP:EBM0426,True,False,False,0.51968272770636,1299.3923784751603
2026-04-18T12:00:00+00:00,2026-04-18T15:00:00+03:00,2026-04,EBM0426,2500.357062490994,EPIAS_VEP:EBM0426,True,False,False,0.4889008832209757,1222.4267762196512
2026-04-18T13:00:00+00:00,2026-04-18T16:00:00+03:00,2026-04,EBM0426,2500.3570624910617,EPIAS_VEP:EBM0426,True,False,False,0.6728311875159142,1682.3182115696638
2026-04-18T14:00:00+00:00,2026-04-18T17:00:00+03:00,2026-04,EBM0426,2500.357062491158,EPIAS_VEP:EBM0426,True,False,False,1.0262173092053772,2565.9096967223377
2026-04-18T15:00:00+00:00,2026-04-18T18:00:00+03:00,2026-04,EBM0426,2500.357062491284,EPIAS_VEP:EBM0426,True,False,False,1.2742202279317691,3186.005546078453
2026-04-18T16:00:00+00:00,2026-04-18T19:00:00+03:00,2026-04,EBM0426,2500.35706249144,EPIAS_VEP:EBM0426,True,False,False,1.395104882289573,3488.2603453490233
2026-04-18T17:00:00+00:00,2026-04-18T20:00:00+03:00,2026-04,EBM0426,2500.357062491632,EPIAS_VEP:EBM0426,True,False,False,1.4296016053044072,3574.514470372249
2026-04-18T18:00:00+00:00,2026-04-18T21:00:00+03:00,2026-04,EBM0426,2500.357062491862,EPIAS_VEP:EBM0426,True,False,False,1.3945062829454509,3486.763633251933
2026-04-18T19:00:00+00:00,2026-04-18T22:00:00+03:00,2026-04,EBM0426,2500.357062492133,EPIAS_VEP:EBM0426,True,False,False,1.261209120278469,3153.47313116776
2026-04-18T20:00:00+00:00,2026-04-18T23:00:00+03:00,2026-04,EBM0426,2500.357062492449,EPIAS_VEP:EBM0426,True,False,False,1.164779738173058,2912.365244589111
2026-04-18T21:00:00+00:00,2026-04-19T00:00:00+03:00,2026-04,EBM0426,2500.3570624928125,EPIAS_VEP:EBM0426,True,False,False,1.175426153693035,2938.985084825142
2026-04-18T22:00:00+00:00,2026-04-19T01:00:00+03:00,2026-04,EBM0426,2500.357062493226,EPIAS_VEP:EBM0426,True,False,False,1.1036660313434972,2759.559156103583
2026-04-18T23:00:00+00:00,2026-04-19T02:00:00+03:00,2026-04,EBM0426,2500.3570624936933,EPIAS_VEP:EBM0426,True,False,False,0.9925359092655265,2481.6941705106588
2026-04-19T00:00:00+00:00,2026-04-19T03:00:00+03:00,2026-04,EBM0426,2500.357062494217,EPIAS_VEP:EBM0426,True,False,False,0.9639347460742971,2410.1810501304385
2026-04-19T01:00:00+00:00,2026-04-19T04:00:00+03:00,2026-04,EBM0426,2500.3570624948,EPIAS_VEP:EBM0426,True,False,False,1.0008359521597223,2502.4472413812696
2026-04-19T02:00:00+00:00,2026-04-19T05:00:00+03:00,2026-04,EBM0426,2500.357062495445,EPIAS_VEP:EBM0426,True,False,False,1.0176556716702105,2544.502545849157
2026-04-19T03:00:00+00:00,2026-04-19T06:00:00+03:00,2026-04,EBM0426,2500.357062496156,EPIAS_VEP:EBM0426,True,False,False,1.00687426906598,2517.545189704778
2026-04-19T04:00:00+00:00,2026-04-19T07:00:00+03:00,2026-04,EBM0426,2500.357062496937,EPIAS_VEP:EBM0426,True,False,False,0.5401792880159515,1350.6410978052513
2026-04-19T05:00:00+00:00,2026-04-19T08:00:00+03:00,2026-04,EBM0426,2500.35706249779,EPIAS_VEP:EBM0426,True,False,False,0.31383441199529943,784.6980884872881
2026-04-19T06:00:00+00:00,2026-04-19T09:00:00+03:00,2026-04,EBM0426,2500.3570624987183,EPIAS_VEP:EBM0426,True,False,False,0.21734356063385005,543.4365068194654
2026-04-19T07:00:00+00:00,2026-04-19T10:00:00+03:00,2026-04,EBM0426,2500.357062499724,EPIAS_VEP:EBM0426,True,False,False,0.1028749646806484,257.2241444936689
2026-04-19T08:00:00+00:00,2026-04-19T11:00:00+03:00,2026-04,EBM0426,2500.35706250081,EPIAS_VEP:EBM0426,True,False,False,0.056079704791603756,140.21928593864698
2026-04-19T09:00:00+00:00,2026-04-19T12:00:00+03:00,2026-04,EBM0426,2500.357062501976,EPIAS_VEP:EBM0426,True,False,False,0.012534246942320061,31.340092865373762
2026-04-19T10:00:00+00:00,2026-04-19T13:00:00+03:00,2026-04,EBM0426,2500.35706250322,EPIAS_VEP:EBM0426,True,False,False,0.03311345286388407,82.79545573208
2026-04-19T11:00:00+00:00,2026-04-19T14:00:00+03:00,2026-04,EBM0426,2500.357062504539,EPIAS_VEP:EBM0426,True,False,False,0.0954139941873066,238.5690542279991
2026-04-19T12:00:00+00:00,2026-04-19T15:00:00+03:00,2026-04,EBM0426,2500.357062505931,EPIAS_VEP:EBM0426,True,False,False,0.11222223157886625,280.59564929839433
2026-04-19T13:00:00+00:00,2026-04-19T16:00:00+03:00,2026-04,EBM0426,2500.357062507392,EPIAS_VEP:EBM0426,True,False,False,0.302873639385451,757.2922432847294
2026-04-19T14:00:00+00:00,2026-04-19T17:00:00+03:00,2026-04,EBM0426,2500.3570625089174,EPIAS_VEP:EBM0426,True,False,False,0.7707700417361667,1927.2003174253175
2026-04-19T15:00:00+00:00,2026-04-19T18:00:00+03:00,2026-04,EBM0426,2500.3570625105026,EPIAS_VEP:EBM0426,True,False,False,1.1576942389044693,2894.648966472511
2026-04-19T16:00:00+00:00,2026-04-19T19:00:00+03:00,2026-04,EBM0426,2500.3570625121383,EPIAS_VEP:EBM0426,True,False,False,1.3548987632420275,3387.730691661165
2026-04-19T17:00:00+00:00,2026-04-19T20:00:00+03:00,2026-04,EBM0426,2500.357062513812,EPIAS_VEP:EBM0426,True,False,False,1.3895961919685549,3474.4866526308747
2026-04-19T18:00:00+00:00,2026-04-19T21:00:00+03:00,2026-04,EBM0426,2500.3570625155103,EPIAS_VEP:EBM0426,True,False,False,1.357855479578305,3395.1235382390005
2026-04-19T19:00:00+00:00,2026-04-19T22:00:00+03:00,2026-04,EBM0426,2500.357062517219,EPIAS_VEP:EBM0426,True,False,False,1.104161952075336,2760.799135034366
2026-04-19T20:00:00+00:00,2026-04-19T23:00:00+03:00,2026-04,EBM0426,2500.3570625189195,EPIAS_VEP:EBM0426,True,False,False,1.0201891411057067,2550.8371240687643
2026-04-19T21:00:00+00:00,2026-04-20T00:00:00+03:00,2026-04,EBM0426,2500.3570625205894,EPIAS_VEP:EBM0426,True,False,False,1.2269570340981075,3067.8306856165186
2026-04-19T22:00:00+00:00,2026-04-20T01:00:00+03:00,2026-04,EBM0426,2500.3570625222046,EPIAS_VEP:EBM0426,True,False,False,1.1478197212446082,2869.9591465162243
2026-04-19T23:00:00+00:00,2026-04-20T02:00:00+03:00,2026-04,EBM0426,2500.3570625237394,EPIAS_VEP:EBM0426,True,False,False,1.04223324695897,2605.955259830909
2026-04-20T00:00:00+00:00,2026-04-20T03:00:00+03:00,2026-04,EBM0426,2500.357062525163,EPIAS_VEP:EBM0426,True,False,False,0.9877521494858595,2469.7330629913795
2026-04-20T01:00:00+00:00,2026-04-20T04:00:00+03:00,2026-04,EBM0426,2500.357062526443,EPIAS_VEP:EBM0426,True,False,False,1.038103719849729,2595.6299675612418
2026-04-20T02:00:00+00:00,2026-04-20T05:00:00+03:00,2026-04,EBM0426,2500.35706252754,EPIAS_VEP:EBM0426,True,False,False,1.0742709870924756,2686.061049645103
2026-04-20T03:00:00+00:00,2026-04-20T06:00:00+03:00,2026-04,EBM0426,2500.3570625284137,EPIAS_VEP:EBM0426,True,False,False,1.0293875637803551,2573.836465177129
2026-04-20T04:00:00+00:00,2026-04-20T07:00:00+03:00,2026-04,EBM0426,2500.357062529022,EPIAS_VEP:EBM0426,True,False,False,0.8868700312539702,2217.491746191199
2026-04-20T05:00:00+00:00,2026-04-20T08:00:00+03:00,2026-04,EBM0426,2500.3570625293205,EPIAS_VEP:EBM0426,True,False,False,1.2783846450503171,3196.418075880599
2026-04-20T06:00:00+00:00,2026-04-20T09:00:00+03:00,2026-04,EBM0426,2500.3570625292577,EPIAS_VEP:EBM0426,True,False,False,1.1681433179860785,2920.775395172852
2026-04-20T07:00:00+00:00,2026-04-20T10:00:00+03:00,2026-04,EBM0426,2500.3570625287803,EPIAS_VEP:EBM0426,True,False,False,0.9079883728396053,2270.2951407235223
2026-04-20T08:00:00+00:00,2026-04-20T11:00:00+03:00,2026-04,EBM0426,2500.35706252783,EPIAS_VEP:EBM0426,True,False,False,0.9070552268025364,2267.961942438504
2026-04-20T09:00:00+00:00,2026-04-20T12:00:00+03:00,2026-04,EBM0426,2500.357062526348,EPIAS_VEP:EBM0426,True,False,False,0.5402493100186133,1350.8161778300262
2026-04-20T10:00:00+00:00,2026-04-20T13:00:00+03:00,2026-04,EBM0426,2500.357062524269,EPIAS_VEP:EBM0426,True,False,False,0.6360227713192571,1590.2840281943627
2026-04-20T11:00:00+00:00,2026-04-20T14:00:00+03:00,2026-04,EBM0426,2500.3570625215275,EPIAS_VEP:EBM0426,True,False,False,0.891064042444627,2227.978271685405
2026-04-20T12:00:00+00:00,2026-04-20T15:00:00+03:00,2026-04,EBM0426,2500.357062518053,EPIAS_VEP:EBM0426,True,False,False,0.8820126623190359,2205.346589459752
2026-04-20T13:00:00+00:00,2026-04-20T16:00:00+03:00,2026-04,EBM0426,2500.357062513774,EPIAS_VEP:EBM0426,True,False,False,1.0744396608456743,2686.482794240386
2026-04-20T14:00:00+00:00,2026-04-20T17:00:00+03:00,2026-04,EBM0426,2500.357062508613,EPIAS_VEP:EBM0426,True,False,False,1.273662060617741,3184.6099285148416
2026-04-20T15:00:00+00:00,2026-04-20T18:00:00+03:00,2026-04,EBM0426,2500.357062502492,EPIAS_VEP:EBM0426,True,False,False,1.3265255039381265,3316.7874123613724
2026-04-20T16:00:00+00:00,2026-04-20T19:00:00+03:00,2026-04,EBM0426,2500.3570624953327,EPIAS_VEP:EBM0426,True,False,False,1.3954165294448024,3489.039574520038
2026-04-20T17:00:00+00:00,2026-04-20T20:00:00+03:00,2026-04,EBM0426,2500.3570624870545,EPIAS_VEP:EBM0426,True,False,False,1.418183799629456,3545.965879308236
2026-04-20T18:00:00+00:00,2026-04-20T21:00:00+03:00,2026-04,EBM0426,2500.357062477577,EPIAS_VEP:EBM0426,True,False,False,1.3919049058930306,3480.2592617468263
2026-04-20T19:00:00+00:00,2026-04-20T22:00:00+03:00,2026-04,EBM0426,2500.357062466824,EPIAS_VEP:EBM0426,True,False,False,1.2347272518938284,3087.259004492987
2026-04-20T20:00:00+00:00,2026-04-20T23:00:00+03:00,2026-04,EBM0426,2500.3570624547165,EPIAS_VEP:EBM0426,True,False,False,1.162255575159734,2906.0539357280095
2026-04-20T21:00:00+00:00,2026-04-21T00:00:00+03:00,2026-04,EBM0426,2500.3570624411823,EPIAS_VEP:EBM0426,True,False,False,1.2289412272091216,3072.791876777461
2026-04-20T22:00:00+00:00,2026-04-21T01:00:00+03:00,2026-04,EBM0426,2500.3570624261515,EPIAS_VEP:EBM0426,True,False,False,1.150004727239482,2875.422441576699
2026-04-20T23:00:00+00:00,2026-04-21T02:00:00+03:00,2026-04,EBM0426,2500.35706240956,EPIAS_VEP:EBM0426,True,False,False,1.044562901747371,2611.7802285150624
2026-04-21T00:00:00+00:00,2026-04-21T03:00:00+03:00,2026-04,EBM0426,2500.357062391349,EPIAS_VEP:EBM0426,True,False,False,0.9908364982756515,2477.4450361386384
2026-04-21T01:00:00+00:00,2026-04-21T04:00:00+03:00,2026-04,EBM0426,2500.357062371469,EPIAS_VEP:EBM0426,True,False,False,1.0414467445697553,2603.988722868763
2026-04-21T02:00:00+00:00,2026-04-21T05:00:00+03:00,2026-04,EBM0426,2500.3570623498817,EPIAS_VEP:EBM0426,True,False,False,1.0755956138411833,2689.373089300359
2026-04-21T03:00:00+00:00,2026-04-21T06:00:00+03:00,2026-04,EBM0426,2500.357062326563,EPIAS_VEP:EBM0426,True,False,False,1.0282216488715772,2570.9212613931118
2026-04-21T04:00:00+00:00,2026-04-21T07:00:00+03:00,2026-04,EBM0426,2500.3570623015053,EPIAS_VEP:EBM0426,True,False,False,0.8829855806371935,2207.779232456602
2026-04-21T05:00:00+00:00,2026-04-21T08:00:00+03:00,2026-04,EBM0426,2500.357062274715,EPIAS_VEP:EBM0426,True,False,False,1.2777605467780604,3194.857607032525
2026-04-21T06:00:00+00:00,2026-04-21T09:00:00+03:00,2026-04,EBM0426,2500.3570622462184,EPIAS_VEP:EBM0426,True,False,False,1.1680563592939481,2920.5579670622296
2026-04-21T07:00:00+00:00,2026-04-21T10:00:00+03:00,2026-04,EBM0426,2500.357062216064,EPIAS_VEP:EBM0426,True,False,False,0.90686358387894,2267.4827664182776
2026-04-21T08:00:00+00:00,2026-04-21T11:00:00+03:00,2026-04,EBM0426,2500.3570621843246,EPIAS_VEP:EBM0426,True,False,False,0.9066675653370443,2266.992650043946
2026-04-21T09:00:00+00:00,2026-04-21T12:00:00+03:00,2026-04,EBM0426,2500.3570621511044,EPIAS_VEP:EBM0426,True,False,False,0.5384258344453402,1346.2568376000077
2026-04-21T10:00:00+00:00,2026-04-21T13:00:00+03:00,2026-04,EBM0426,2500.357062116536,EPIAS_VEP:EBM0426,True,False,False,0.6362930065368572,1590.9597124697939
2026-04-21T11:00:00+00:00,2026-04-21T14:00:00+03:00,2026-04,EBM0426,2500.3570620807845,EPIAS_VEP:EBM0426,True,False,False,0.8928135988515061,2232.352787010124
2026-04-21T12:00:00+00:00,2026-04-21T15:00:00+03:00,2026-04,EBM0426,2500.357062044055,EPIAS_VEP:EBM0426,True,False,False,0.8828745086950116,2207.501512714248
2026-04-21T13:00:00+00:00,2026-04-21T16:00:00+03:00,2026-04,EBM0426,2500.357062006596,EPIAS_VEP:EBM0426,True,False,False,1.0751756242532429,2688.322964998946
2026-04-21T14:00:00+00:00,2026-04-21T17:00:00+03:00,2026-04,EBM0426,2500.357061968699,EPIAS_VEP:EBM0426,True,False,False,1.2735329790405736,3184.287177794133
2026-04-21T15:00:00+00:00,2026-04-21T18:00:00+03:00,2026-04,EBM0426,2500.3570619307043,EPIAS_VEP:EBM0426,True,False,False,1.326015092837402,3315.5112016026965
2026-04-21T16:00:00+00:00,2026-04-21T19:00:00+03:00,2026-04,EBM0426,2500.357061893006,EPIAS_VEP:EBM0426,True,False,False,1.3969977084264298,3492.9930857123704
2026-04-21T17:00:00+00:00,2026-04-21T20:00:00+03:00,2026-04,EBM0426,2500.357061856053,EPIAS_VEP:EBM0426,True,False,False,1.4203033043276563,3551.265396953142
2026-04-21T18:00:00+00:00,2026-04-21T21:00:00+03:00,2026-04,EBM0426,2500.357061820353,EPIAS_VEP:EBM0426,True,False,False,1.3943378050460513,3486.342377409985
2026-04-21T19:00:00+00:00,2026-04-21T22:00:00+03:00,2026-04,EBM0426,2500.357061786476,EPIAS_VEP:EBM0426,True,False,False,1.2375839032362328,3094.401652009986
2026-04-21T20:00:00+00:00,2026-04-21T23:00:00+03:00,2026-04,EBM0426,2500.3570617550645,EPIAS_VEP:EBM0426,True,False,False,1.1644596208787477,2911.564836192802
2026-04-21T21:00:00+00:00,2026-04-22T00:00:00+03:00,2026-04,EBM0426,2500.3570617268265,EPIAS_VEP:EBM0426,True,False,False,1.2308492089509495,3077.5625115213847
2026-04-21T22:00:00+00:00,2026-04-22T01:00:00+03:00,2026-04,EBM0426,2500.3570617025457,EPIAS_VEP:EBM0426,True,False,False,1.1521350297349418,2880.7489576326343
2026-04-21T23:00:00+00:00,2026-04-22T02:00:00+03:00,2026-04,EBM0426,2500.3570616830807,EPIAS_VEP:EBM0426,True,False,False,1.0468644311677906,2617.5348730952264
2026-04-22T00:00:00+00:00,2026-04-22T03:00:00+03:00,2026-04,EBM0426,2500.3570616693696,EPIAS_VEP:EBM0426,True,False,False,0.9939118181800248,2485.1344332630674
2026-04-22T01:00:00+00:00,2026-04-22T04:00:00+03:00,2026-04,EBM0426,2500.3570616624334,EPIAS_VEP:EBM0426,True,False,False,1.0447520903075638,2612.253266687105
2026-04-22T02:00:00+00:00,2026-04-22T05:00:00+03:00,2026-04,EBM0426,2500.3570616633738,EPIAS_VEP:EBM0426,True,False,False,1.0768587973263493,2692.5314983092653
2026-04-22T03:00:00+00:00,2026-04-22T06:00:00+03:00,2026-04,EBM0426,2500.3570616733778,EPIAS_VEP:EBM0426,True,False,False,1.0269931388053029,2567.8495469019463
2026-04-22T04:00:00+00:00,2026-04-22T07:00:00+03:00,2026-04,EBM0426,2500.3570616937163,EPIAS_VEP:EBM0426,True,False,False,0.8790769568125371,2198.0062767384493
2026-04-22T05:00:00+00:00,2026-04-22T08:00:00+03:00,2026-04,EBM0426,2500.357061725741,EPIAS_VEP:EBM0426,True,False,False,1.2770625156409705,3193.11227924814
2026-04-22T06:00:00+00:00,2026-04-22T09:00:00+03:00,2026-04,EBM0426,2500.357061770882,EPIAS_VEP:EBM0426,True,False,False,1.167968745643532,2920.3389010974843
2026-04-22T07:00:00+00:00,2026-04-22T10:00:00+03:00,2026-04,EBM0426,2500.357061830646,EPIAS_VEP:EBM0426,True,False,False,0.905845650003259,2264.9375679142204
2026-04-22T08:00:00+00:00,2026-04-22T11:00:00+03:00,2026-04,EBM0426,2500.357061906614,EPIAS_VEP:EBM0426,True,False,False,0.9063628298036275,2266.2307021491624
2026-04-22T09:00:00+00:00,2026-04-22T12:00:00+03:00,2026-04,EBM0426,2500.3570620004307,EPIAS_VEP:EBM0426,True,False,False,0.5368069566627504,1342.209065022667
2026-04-22T10:00:00+00:00,2026-04-22T13:00:00+03:00,2026-04,EBM0426,2500.357062113801,EPIAS_VEP:EBM0426,True,False,False,0.6367311253139553,1592.0551658464155
2026-04-22T11:00:00+00:00,2026-04-22T14:00:00+03:00,2026-04,EBM0426,2500.357062248482,EPIAS_VEP:EBM0426,True,False,False,0.894631760878724,2236.898841424913
2026-04-22T12:00:00+00:00,2026-04-22T15:00:00+03:00,2026-04,EBM0426,2500.357062406271,EPIAS_VEP:EBM0426,True,False,False,0.8838237471173896,2209.874948027339
2026-04-22T13:00:00+00:00,2026-04-22T16:00:00+03:00,2026-04,EBM0426,2500.357062588985,EPIAS_VEP:EBM0426,True,False,False,1.0759236249834954,2690.1932345338255
2026-04-22T14:00:00+00:00,2026-04-22T17:00:00+03:00,2026-04,EBM0426,2500.3570627984536,EPIAS_VEP:EBM0426,True,False,False,1.2733356987366933,3183.793907649695
2026-04-22T15:00:00+00:00,2026-04-22T18:00:00+03:00,2026-04,EBM0426,2500.357063036494,EPIAS_VEP:EBM0426,True,False,False,1.3254144227224602,3314.0093133045407
2026-04-22T16:00:00+00:00,2026-04-22T19:00:00+03:00,2026-04,EBM0426,2500.357063304896,EPIAS_VEP:EBM0426,True,False,False,1.3984566586320595,3496.640984136434
2026-04-22T17:00:00+00:00,2026-04-22T20:00:00+03:00,2026-04,EBM0426,2500.357063605396,EPIAS_VEP:EBM0426,True,False,False,1.422278851561398,3556.204972918112
2026-04-22T18:00:00+00:00,2026-04-22T21:00:00+03:00,2026-04,EBM0426,2500.357063939648,EPIAS_VEP:EBM0426,True,False,False,1.3966473387896527,3492.117039375219
2026-04-22T19:00:00+00:00,2026-04-22T22:00:00+03:00,2026-04,EBM0426,2500.357064309195,EPIAS_VEP:EBM0426,True,False,False,1.2403604339902545,3101.3439734171516
2026-04-22T20:00:00+00:00,2026-04-22T23:00:00+03:00,2026-04,EBM0426,2500.357064715435,EPIAS_VEP:EBM0426,True,False,False,1.1665976047178523,2916.9105626363867
2026-04-22T21:00:00+00:00,2026-04-23T00:00:00+03:00,2026-04,EBM0426,2500.357065159586,EPIAS_VEP:EBM0426,True,False,False,1.1779383536034087,2945.2664847547335
2026-04-22T22:00:00+00:00,2026-04-23T01:00:00+03:00,2026-04,EBM0426,2500.3570656426427,EPIAS_VEP:EBM0426,True,False,False,1.1040956018515693,2760.6332392345375
2026-04-22T23:00:00+00:00,2026-04-23T02:00:00+03:00,2026-04,EBM0426,2500.357066165334,EPIAS_VEP:EBM0426,True,False,False,0.9922204072113399,2480.9053063643187
2026-04-23T00:00:00+00:00,2026-04-23T03:00:00+03:00,2026-04,EBM0426,2500.3570667280724,EPIAS_VEP:EBM0426,True,False,False,0.9632201202824469,2408.39423456288
2026-04-23T01:00:00+00:00,2026-04-23T04:00:00+03:00,2026-04,EBM0426,2500.3570673309077,EPIAS_VEP:EBM0426,True,False,False,1.0012422538238304,2503.4631454587407
2026-04-23T02:00:00+00:00,2026-04-23T05:00:00+03:00,2026-04,EBM0426,2500.3570679734635,EPIAS_VEP:EBM0426,True,False,False,1.0131453526981682,2533.225143503332
2026-04-23T03:00:00+00:00,2026-04-23T06:00:00+03:00,2026-04,EBM0426,2500.357068654882,EPIAS_VEP:EBM0426,True,False,False,0.9921072506198113,2480.6223769510057
2026-04-23T04:00:00+00:00,2026-04-23T07:00:00+03:00,2026-04,EBM0426,2500.3570693737547,EPIAS_VEP:EBM0426,True,False,False,0.5046748549019975,1261.8673411893833
2026-04-23T05:00:00+00:00,2026-04-23T08:00:00+03:00,2026-04,EBM0426,2500.3570701280573,EPIAS_VEP:EBM0426,True,False,False,0.28771889900095615,719.3999833265011
2026-04-23T06:00:00+00:00,2026-04-23T09:00:00+03:00,2026-04,EBM0426,2500.357070915078,EPIAS_VEP:EBM0426,True,False,False,0.19458902070376483,486.5420338390989
2026-04-23T07:00:00+00:00,2026-04-23T10:00:00+03:00,2026-04,EBM0426,2500.3570717313414,EPIAS_VEP:EBM0426,True,False,False,0.08669005609247749,216.75609479961273
2026-04-23T08:00:00+00:00,2026-04-23T11:00:00+03:00,2026-04,EBM0426,2500.357072572529,EPIAS_VEP:EBM0426,True,False,False,0.045327378762783116,113.33463207069862
2026-04-23T09:00:00+00:00,2026-04-23T12:00:00+03:00,2026-04,EBM0426,2500.3570734334025,EPIAS_VEP:EBM0426,True,False,False,0.002902628270866371,7.257607128608497
2026-04-23T10:00:00+00:00,2026-04-23T13:00:00+03:00,2026-04,EBM0426,2500.357074307712,EPIAS_VEP:EBM0426,True,False,False,0.02242792347941498,56.07781713378728
2026-04-23T11:00:00+00:00,2026-04-23T14:00:00+03:00,2026-04,EBM0426,2500.357075188115,EPIAS_VEP:EBM0426,True,False,False,0.0846664149732549,211.69626970919083
2026-04-23T12:00:00+00:00,2026-04-23T15:00:00+03:00,2026-04,EBM0426,2500.357076066088,EPIAS_VEP:EBM0426,True,False,False,0.10441072811291116,261.06410285432986
2026-04-23T13:00:00+00:00,2026-04-23T16:00:00+03:00,2026-04,EBM0426,2500.357076931839,EPIAS_VEP:EBM0426,True,False,False,0.28423412433115025,710.6868042769157
2026-04-23T14:00:00+00:00,2026-04-23T17:00:00+03:00,2026-04,EBM0426,2500.357077774216,EPIAS_VEP:EBM0426,True,False,False,0.7519822656339645,1880.2241802385738
2026-04-23T15:00:00+00:00,2026-04-23T18:00:00+03:00,2026-04,EBM0426,2500.3570785806232,EPIAS_VEP:EBM0426,True,False,False,1.1495930228812552,2874.3930522480427
2026-04-23T16:00:00+00:00,2026-04-23T19:00:00+03:00,2026-04,EBM0426,2500.357079336938,EPIAS_VEP:EBM0426,True,False,False,1.3583743849127936,3396.4210097066625
2026-04-23T17:00:00+00:00,2026-04-23T20:00:00+03:00,2026-04,EBM0426,2500.3570800274274,EPIAS_VEP:EBM0426,True,False,False,1.3962768132298997,3491.1906156375135
2026-04-23T18:00:00+00:00,2026-04-23T21:00:00+03:00,2026-04,EBM0426,2500.357080634673,EPIAS_VEP:EBM0426,True,False,False,1.3682501882830571,3421.114046353266
2026-04-23T19:00:00+00:00,2026-04-23T22:00:00+03:00,2026-04,EBM0426,2500.357081139503,EPIAS_VEP:EBM0426,True,False,False,1.1151454218902763,2788.2617521236507
2026-04-23T20:00:00+00:00,2026-04-23T23:00:00+03:00,2026-04,EBM0426,2500.357081520933,EPIAS_VEP:EBM0426,True,False,False,1.0261703524125325,2565.7923075015074
2026-04-23T21:00:00+00:00,2026-04-24T00:00:00+03:00,2026-04,EBM0426,2500.357081756115,EPIAS_VEP:EBM0426,True,False,False,1.2344335804918474,3086.524744940348
2026-04-23T22:00:00+00:00,2026-04-24T01:00:00+03:00,2026-04,EBM0426,2500.357081820296,EPIAS_VEP:EBM0426,True,False,False,1.1562284774921767,2890.984061899863
2026-04-23T23:00:00+00:00,2026-04-24T02:00:00+03:00,2026-04,EBM0426,2500.357081686797,EPIAS_VEP:EBM0426,True,False,False,1.0513804408545901,2628.826530837761
2026-04-24T00:00:00+00:00,2026-04-24T03:00:00+03:00,2026-04,EBM0426,2500.357081327008,EPIAS_VEP:EBM0426,True,False,False,1.0000297040050201,2500.431351946304
2026-04-24T01:00:00+00:00,2026-04-24T04:00:00+03:00,2026-04,EBM0426,2500.3570807104,EPIAS_VEP:EBM0426,True,False,False,1.051242755433958,2628.482267094809
2026-04-24T02:00:00+00:00,2026-04-24T05:00:00+03:00,2026-04,EBM0426,2500.3570798045607,EPIAS_VEP:EBM0426,True,False,False,1.0792007242993955,2698.3871715322034
2026-04-24T03:00:00+00:00,2026-04-24T06:00:00+03:00,2026-04,EBM0426,2500.3570785752545,EPIAS_VEP:EBM0426,True,False,False,1.0243531740971474,2561.2487098148326
2026-04-24T04:00:00+00:00,2026-04-24T07:00:00+03:00,2026-04,EBM0426,2500.3570769865173,EPIAS_VEP:EBM0426,True,False,False,0.8711974758504624,2178.3047741954942
2026-04-24T05:00:00+00:00,2026-04-24T08:00:00+03:00,2026-04,EBM0426,2500.357075000776,EPIAS_VEP:EBM0426,True,False,False,1.275446069774399,3189.070604342352
2026-04-24T06:00:00+00:00,2026-04-24T09:00:00+03:00,2026-04,EBM0426,2500.357072579008,EPIAS_VEP:EBM0426,True,False,False,1.1677887925629675,2919.888966763316
2026-04-24T07:00:00+00:00,2026-04-24T10:00:00+03:00,2026-04,EBM0426,2500.357069680941,EPIAS_VEP:EBM0426,True,False,False,0.9041298552134212,2260.647475392483
2026-04-24T08:00:00+00:00,2026-04-24T11:00:00+03:00,2026-04,EBM0426,2500.3570662652955,EPIAS_VEP:EBM0426,True,False,False,0.9060009636943506,2265.3259116163367
2026-04-24T09:00:00+00:00,2026-04-24T12:00:00+03:00,2026-04,EBM0426,2500.35706229007,EPIAS_VEP:EBM0426,True,False,False,0.534185563106848,1335.6546452876053
2026-04-24T10:00:00+00:00,2026-04-24T13:00:00+03:00,2026-04,EBM0426,2500.3570577128894,EPIAS_VEP:EBM0426,True,False,False,0.6381087037673191,1595.4996010526397
2026-04-24T11:00:00+00:00,2026-04-24T14:00:00+03:00,2026-04,EBM0426,2500.3570524913957,EPIAS_VEP:EBM0426,True,False,False,0.8984672002139656,2246.4888004871877
2026-04-24T12:00:00+00:00,2026-04-24T15:00:00+03:00,2026-04,EBM0426,2500.3570465837106,EPIAS_VEP:EBM0426,True,False,False,0.8859792663148125,2215.2645016573074
2026-04-24T13:00:00+00:00,2026-04-24T16:00:00+03:00,2026-04,EBM0426,2500.3570399489595,EPIAS_VEP:EBM0426,True,False,False,1.0774513830084007,2694.013150707797
2026-04-24T14:00:00+00:00,2026-04-24T17:00:00+03:00,2026-04,EBM0426,2500.3570325478568,EPIAS_VEP:EBM0426,True,False,False,1.2727368271355084,3182.2964763109144
2026-04-24T15:00:00+00:00,2026-04-24T18:00:00+03:00,2026-04,EBM0426,2500.35702434337,EPIAS_VEP:EBM0426,True,False,False,1.3239444334126838,3310.333763923707
2026-04-24T16:00:00+00:00,2026-04-24T19:00:00+03:00,2026-04,EBM0426,2500.3570153014625,EPIAS_VEP:EBM0426,True,False,False,1.4010039891048158,3503.01015262356
2026-04-24T17:00:00+00:00,2026-04-24T20:00:00+03:00,2026-04,EBM0426,2500.357005391912,EPIAS_VEP:EBM0426,True,False,False,1.4257934423056207,3564.9926217107077
2026-04-24T18:00:00+00:00,2026-04-24T21:00:00+03:00,2026-04,EBM0426,2500.356994589216,EPIAS_VEP:EBM0426,True,False,False,1.4008898396189895,3502.724709140305
2026-04-24T19:00:00+00:00,2026-04-24T22:00:00+03:00,2026-04,EBM0426,2500.356982873584,EPIAS_VEP:EBM0426,True,False,False,1.2456664747314437,3114.610868426286
2026-04-24T20:00:00+00:00,2026-04-24T23:00:00+03:00,2026-04,EBM0426,2500.356970232016,EPIAS_VEP:EBM0426,True,False,False,1.1706711006264878,2927.0956463006246
2026-04-24T21:00:00+00:00,2026-04-25T00:00:00+03:00,2026-04,EBM0426,2500.3569566594724,EPIAS_VEP:EBM0426,True,False,False,1.2698504290090762,3175.079354089859
2026-04-24T22:00:00+00:00,2026-04-25T01:00:00+03:00,2026-04,EBM0426,2500.3569421601424,EPIAS_VEP:EBM0426,True,False,False,1.2132338450896116,3033.517667033453
2026-04-24T23:00:00+00:00,2026-04-25T02:00:00+03:00,2026-04,EBM0426,2500.356926748797,EPIAS_VEP:EBM0426,True,False,False,1.1121386986596782,2780.7436986991192
2026-04-25T00:00:00+00:00,2026-04-25T03:00:00+03:00,2026-04,EBM0426,2500.356910452242,EPIAS_VEP:EBM0426,True,False,False,1.0519414959527866,2630.2291887970196
2026-04-25T01:00:00+00:00,2026-04-25T04:00:00+03:00,2026-04,EBM0426,2500.3568933108577,EPIAS_VEP:EBM0426,True,False,False,1.095917028577223,2740.183696899812
2026-04-25T02:00:00+00:00,2026-04-25T05:00:00+03:00,2026-04,EBM0426,2500.3568753802274,EPIAS_VEP:EBM0426,True,False,False,1.13131311312365,2828.686520606527
2026-04-25T03:00:00+00:00,2026-04-25T06:00:00+03:00,2026-04,EBM0426,2500.356856732852,EPIAS_VEP:EBM0426,True,False,False,1.0228045279667766,2557.376314599138
2026-04-25T04:00:00+00:00,2026-04-25T07:00:00+03:00,2026-04,EBM0426,2500.356837459944,EPIAS_VEP:EBM0426,True,False,False,0.6244368055666812,1561.314836360297
2026-04-25T05:00:00+00:00,2026-04-25T08:00:00+03:00,2026-04,EBM0426,2500.3568176732906,EPIAS_VEP:EBM0426,True,False,False,0.8335402455396475,2084.148035740126
2026-04-25T06:00:00+00:00,2026-04-25T09:00:00+03:00,2026-04,EBM0426,2500.356797507184,EPIAS_VEP:EBM0426,True,False,False,0.760715500656578,1902.0601730357557
2026-04-25T07:00:00+00:00,2026-04-25T10:00:00+03:00,2026-04,EBM0426,2500.356777120396,EPIAS_VEP:EBM0426,True,False,False,0.5838047914745023,1459.7202668786315
2026-04-25T08:00:00+00:00,2026-04-25T11:00:00+03:00,2026-04,EBM0426,2500.3567566981988,EPIAS_VEP:EBM0426,True,False,False,0.5112954201248957,1278.4209583781271
2026-04-25T09:00:00+00:00,2026-04-25T12:00:00+03:00,2026-04,EBM0426,2500.3567364543987,EPIAS_VEP:EBM0426,True,False,False,0.3321009812052967,830.3709255397793
2026-04-25T10:00:00+00:00,2026-04-25T13:00:00+03:00,2026-04,EBM0426,2500.3567166333837,EPIAS_VEP:EBM0426,True,False,False,0.47861340490908194,1196.7042416351962
2026-04-25T11:00:00+00:00,2026-04-25T14:00:00+03:00,2026-04,EBM0426,2500.3566975121435,EPIAS_VEP:EBM0426,True,False,False,0.5294841971822537,1323.8993586514885
2026-04-25T12:00:00+00:00,2026-04-25T15:00:00+03:00,2026-04,EBM0426,2500.3566794022577,EPIAS_VEP:EBM0426,True,False,False,0.482975301444089,1207.6105209520467
2026-04-25T13:00:00+00:00,2026-04-25T16:00:00+03:00,2026-04,EBM0426,2500.3566626518013,EPIAS_VEP:EBM0426,True,False,False,0.6748047763016832,1687.252618415172
2026-04-25T14:00:00+00:00,2026-04-25T17:00:00+03:00,2026-04,EBM0426,2500.356647647161,EPIAS_VEP:EBM0426,True,False,False,1.0083141758269631,2521.1450524458155
2026-04-25T15:00:00+00:00,2026-04-25T18:00:00+03:00,2026-04,EBM0426,2500.356634814708,EPIAS_VEP:EBM0426,True,False,False,1.2630642226139188,3158.111009209793
2026-04-25T16:00:00+00:00,2026-04-25T19:00:00+03:00,2026-04,EBM0426,2500.356624622297,EPIAS_VEP:EBM0426,True,False,False,1.4001916278576962,3500.978412454669
2026-04-25T17:00:00+00:00,2026-04-25T20:00:00+03:00,2026-04,EBM0426,2500.3566175805504,EPIAS_VEP:EBM0426,True,False,False,1.436971840768332,3592.942051342004
2026-04-25T18:00:00+00:00,2026-04-25T21:00:00+03:00,2026-04,EBM0426,2500.356614243879,EPIAS_VEP:EBM0426,True,False,False,1.4077839802901964,3519.961986545167
2026-04-25T19:00:00+00:00,2026-04-25T22:00:00+03:00,2026-04,EBM0426,2500.356615211184,EPIAS_VEP:EBM0426,True,False,False,1.278591959789925,3196.9358648165708
2026-04-25T20:00:00+00:00,2026-04-25T23:00:00+03:00,2026-04,EBM0426,2500.3566211261905,EPIAS_VEP:EBM0426,True,False,False,1.1768976262737965,2942.663772241384
2026-04-25T21:00:00+00:00,2026-04-26T00:00:00+03:00,2026-04,EBM0426,2500.3566326773525,EPIAS_VEP:EBM0426,True,False,False,1.1792078980380896,2948.4402891650566
2026-04-25T22:00:00+00:00,2026-04-26T01:00:00+03:00,2026-04,EBM0426,2500.356650597261,EPIAS_VEP:EBM0426,True,False,False,1.103885345628271,2760.107065438503
2026-04-25T23:00:00+00:00,2026-04-26T02:00:00+03:00,2026-04,EBM0426,2500.356675661488,EPIAS_VEP:EBM0426,True,False,False,0.9916681012038973,2479.523956885717
2026-04-26T00:00:00+00:00,2026-04-26T03:00:00+03:00,2026-04,EBM0426,2500.3567086867965,EPIAS_VEP:EBM0426,True,False,False,0.9624643380833063,2406.504164598392
2026-04-26T01:00:00+00:00,2026-04-26T04:00:00+03:00,2026-04,EBM0426,2500.3567505286314,EPIAS_VEP:EBM0426,True,False,False,1.0011026372646996,2503.1137370568076
2026-04-26T02:00:00+00:00,2026-04-26T05:00:00+03:00,2026-04,EBM0426,2500.35680207782,EPIAS_VEP:EBM0426,True,False,False,1.009225394921224,2523.423581020956
2026-04-26T03:00:00+00:00,2026-04-26T06:00:00+03:00,2026-04,EBM0426,2500.356864256385,EPIAS_VEP:EBM0426,True,False,False,0.9808608525939563,2452.5021656636686
2026-04-26T04:00:00+00:00,2026-04-26T07:00:00+03:00,2026-04,EBM0426,2500.356938012394,EPIAS_VEP:EBM0426,True,False,False,0.4799011359941589,1199.9241349430247
2026-04-26T05:00:00+00:00,2026-04-26T08:00:00+03:00,2026-04,EBM0426,2500.357024313736,EPIAS_VEP:EBM0426,True,False,False,0.27033430142738446,675.9322694869076
2026-04-26T06:00:00+00:00,2026-04-26T09:00:00+03:00,2026-04,EBM0426,2500.357124140748,EPIAS_VEP:EBM0426,True,False,False,0.1800812005867913,450.2673128110027
2026-04-26T07:00:00+00:00,2026-04-26T10:00:00+03:00,2026-04,EBM0426,2500.357238477585,EPIAS_VEP:EBM0426,True,False,False,0.07741526342576399,193.56581427525802
2026-04-26T08:00:00+00:00,2026-04-26T11:00:00+03:00,2026-04,EBM0426,2500.3573683022373,EPIAS_VEP:EBM0426,True,False,False,0.04015108807034713,100.39206890204451
2026-04-26T09:00:00+00:00,2026-04-26T12:00:00+03:00,2026-04,EBM0426,2500.3575145750965,EPIAS_VEP:EBM0426,True,False,False,-0.0014105783470022939,-3.5269501698241035
2026-04-26T10:00:00+00:00,2026-04-26T13:00:00+03:00,2026-04,EBM0426,2500.3576782259724,EPIAS_VEP:EBM0426,True,False,False,0.017773864104206383,44.44101758469743
2026-04-26T11:00:00+00:00,2026-04-26T14:00:00+03:00,2026-04,EBM0426,2500.357860139468,EPIAS_VEP:EBM0426,True,False,False,0.07955282622434985,198.91053434636234
2026-04-26T12:00:00+00:00,2026-04-26T15:00:00+03:00,2026-04,EBM0426,2500.3580611386124,EPIAS_VEP:EBM0426,True,False,False,0.10113314926749327,252.86908501931134
2026-04-26T13:00:00+00:00,2026-04-26T16:00:00+03:00,2026-04,EBM0426,2500.358281966669,EPIAS_VEP:EBM0426,True,False,False,0.27254702132153463,681.4652019866454
2026-04-26T14:00:00+00:00,2026-04-26T17:00:00+03:00,2026-04,EBM0426,2500.358523267042,EPIAS_VEP:EBM0426,True,False,False,0.7387578921934838,1847.1595923767718
2026-04-26T15:00:00+00:00,2026-04-26T18:00:00+03:00,2026-04,EBM0426,2500.358785561188,EPIAS_VEP:EBM0426,True,False,False,1.143088978395993,2858.1325698105843
2026-04-26T16:00:00+00:00,2026-04-26T19:00:00+03:00,2026-04,EBM0426,2500.359069224484,EPIAS_VEP:EBM0426,True,False,False,1.3598807254112137,3400.1901048454984
2026-04-26T17:00:00+00:00,2026-04-26T20:00:00+03:00,2026-04,EBM0426,2500.3593744600034,EPIAS_VEP:EBM0426,True,False,False,1.3998958298391295,3500.242661405733
2026-04-26T18:00:00+00:00,2026-04-26T21:00:00+03:00,2026-04,EBM0426,2500.3597012701466,EPIAS_VEP:EBM0426,True,False,False,1.374863423965249,3437.653100033001
2026-04-26T19:00:00+00:00,2026-04-26T22:00:00+03:00,2026-04,EBM0426,2500.360049426117,EPIAS_VEP:EBM0426,True,False,False,1.1229025588774113,2807.660697615437
2026-04-26T20:00:00+00:00,2026-04-26T23:00:00+03:00,2026-04,EBM0426,2500.36041843524,EPIAS_VEP:EBM0426,True,False,False,1.0304563109784943,2576.512172897422
2026-04-26T21:00:00+00:00,2026-04-27T00:00:00+03:00,2026-04,EBM0426,2500.360807506147,EPIAS_VEP:EBM0426,True,False,False,1.2392220362643007,3098.5022112732186
2026-04-26T22:00:00+00:00,2026-04-27T01:00:00+03:00,2026-04,EBM0426,2500.361215511875,EPIAS_VEP:EBM0426,True,False,False,1.1619406351231996,2905.2712987892833
2026-04-26T23:00:00+00:00,2026-04-27T02:00:00+03:00,2026-04,EBM0426,2500.361640950958,EPIAS_VEP:EBM0426,True,False,False,1.0579272740456969,2645.2007749396726
2026-04-27T00:00:00+00:00,2026-04-27T03:00:00+03:00,2026-04,EBM0426,2500.362081906629,EPIAS_VEP:EBM0426,True,False,False,1.0091033061608365,2523.123643451172
2026-04-27T01:00:00+00:00,2026-04-27T04:00:00+03:00,2026-04,EBM0426,2500.362536004275,EPIAS_VEP:EBM0426,True,False,False,1.0606530838236568,2652.0172344900734
2026-04-27T02:00:00+00:00,2026-04-27T05:00:00+03:00,2026-04,EBM0426,2500.363000367342,EPIAS_VEP:EBM0426,True,False,False,1.0822534774939485,2706.0265521447586
2026-04-27T03:00:00+00:00,2026-04-27T06:00:00+03:00,2026-04,EBM0426,2500.3634715719227,EPIAS_VEP:EBM0426,True,False,False,1.019956115320555,2550.261013353915
2026-04-27T04:00:00+00:00,2026-04-27T07:00:00+03:00,2026-04,EBM0426,2500.363945600323,EPIAS_VEP:EBM0426,True,False,False,0.8592626901545356,2148.4694502619423
2026-04-27T05:00:00+00:00,2026-04-27T08:00:00+03:00,2026-04,EBM0426,2500.3644177939395,EPIAS_VEP:EBM0426,True,False,False,1.2724778098642116,3181.6582382168367
2026-04-27T06:00:00+00:00,2026-04-27T09:00:00+03:00,2026-04,EBM0426,2500.3648828058585,EPIAS_VEP:EBM0426,True,False,False,1.167496545193094,2919.1673623979755
2026-04-27T07:00:00+00:00,2026-04-27T10:00:00+03:00,2026-04,EBM0426,2500.365334553637,EPIAS_VEP:EBM0426,True,False,False,0.9023512498675149,2256.207784759881
2026-04-27T08:00:00+00:00,2026-04-27T11:00:00+03:00,2026-04,EBM0426,2500.3657661728025,EPIAS_VEP:EBM0426,True,False,False,0.906070208037917,2265.506929927077
2026-04-27T09:00:00+00:00,2026-04-27T12:00:00+03:00,2026-04,EBM0426,2500.366169971675,EPIAS_VEP:EBM0426,True,False,False,0.531797512385233,1329.6885092431294
2026-04-27T10:00:00+00:00,2026-04-27T13:00:00+03:00,2026-04,EBM0426,2500.366537388208,EPIAS_VEP:EBM0426,True,False,False,0.6414149893695804,1603.772575998912
2026-04-27T11:00:00+00:00,2026-04-27T14:00:00+03:00,2026-04,EBM0426,2500.3668589496046,EPIAS_VEP:EBM0426,True,False,False,0.9046912611798351,2262.0600470353806
2026-04-27T12:00:00+00:00,2026-04-27T15:00:00+03:00,2026-04,EBM0426,2500.367124235582,EPIAS_VEP:EBM0426,True,False,False,0.8898337190820303,2224.910977228989
2026-04-27T13:00:00+00:00,2026-04-27T16:00:00+03:00,2026-04,EBM0426,2500.3673218462104,EPIAS_VEP:EBM0426,True,False,False,1.0798061150398306,2699.911923975302
2026-04-27T14:00:00+00:00,2026-04-27T17:00:00+03:00,2026-04,EBM0426,2500.3674393753854,EPIAS_VEP:EBM0426,True,False,False,1.271330792318458,3178.7941177883827
2026-04-27T15:00:00+00:00,2026-04-27T18:00:00+03:00,2026-04,EBM0426,2500.367463391068,EPIAS_VEP:EBM0426,True,False,False,1.3210782841641997,3303.181158316665
2026-04-27T16:00:00+00:00,2026-04-27T19:00:00+03:00,2026-04,EBM0426,2500.36737942353,EPIAS_VEP:EBM0426,True,False,False,1.4038872839521113,3510.2339691813577
2026-04-27T17:00:00+00:00,2026-04-27T20:00:00+03:00,2026-04,EBM0426,2500.367171962956,EPIAS_VEP:EBM0426,True,False,False,1.4299605608922108,3575.4264436566195
2026-04-27T18:00:00+00:00,2026-04-27T21:00:00+03:00,2026-04,EBM0426,2500.366824467834,EPIAS_VEP:EBM0426,True,False,False,1.4062911444392736,3516.243723098862
2026-04-27T19:00:00+00:00,2026-04-27T22:00:00+03:00,2026-04,EBM0426,2500.366319385707,EPIAS_VEP:EBM0426,True,False,False,1.2529850834559477,3132.921701365941
2026-04-27T20:00:00+00:00,2026-04-27T23:00:00+03:00,2026-04,EBM0426,2500.3656381879214,EPIAS_VEP:EBM0426,True,False,False,1.176260746455545,2941.0819519867196
2026-04-27T21:00:00+00:00,2026-04-28T00:00:00+03:00,2026-04,EBM0426,2500.3647614201323,EPIAS_VEP:EBM0426,True,False,False,1.2406594570921785,3102.1011874359156
2026-04-27T22:00:00+00:00,2026-04-28T01:00:00+03:00,2026-04,EBM0426,2500.3636687704256,EPIAS_VEP:EBM0426,True,False,False,1.1637282026721572,2909.7437182849685
2026-04-27T23:00:00+00:00,2026-04-28T02:00:00+03:00,2026-04,EBM0426,2500.362339156998,EPIAS_VEP:EBM0426,True,False,False,1.0600465470242084,2650.5004639327485
2026-04-28T00:00:00+00:00,2026-04-28T03:00:00+03:00,2026-04,EBM0426,2500.360750837422,EPIAS_VEP:EBM0426,True,False,False,1.0120946098704813,2530.601638654264
2026-04-28T01:00:00+00:00,2026-04-28T04:00:00+03:00,2026-04,EBM0426,2500.358881541601,EPIAS_VEP:EBM0426,True,False,False,1.0636963646455464,2659.6226526050054
2026-04-28T02:00:00+00:00,2026-04-28T05:00:00+03:00,2026-04,EBM0426,2500.356708630606,EPIAS_VEP:EBM0426,True,False,False,1.083148976643407,2708.2588101967185
2026-04-28T03:00:00+00:00,2026-04-28T06:00:00+03:00,2026-04,EBM0426,2500.354209283601,EPIAS_VEP:EBM0426,True,False,False,1.0183798076401578,2546.3102386824926
2026-04-28T04:00:00+00:00,2026-04-28T07:00:00+03:00,2026-04,EBM0426,2500.3513607151385,EPIAS_VEP:EBM0426,True,False,False,0.8552646394376583,2138.4621049894913
2026-04-28T05:00:00+00:00,2026-04-28T08:00:00+03:00,2026-04,EBM0426,2500.3481404250906,EPIAS_VEP:EBM0426,True,False,False,1.2713459417993251,3178.807461414928
2026-04-28T06:00:00+00:00,2026-04-28T09:00:00+03:00,2026-04,EBM0426,2500.344526483508,EPIAS_VEP:EBM0426,True,False,False,1.1673903491240245,2918.8780697019265
2026-04-28T07:00:00+00:00,2026-04-28T10:00:00+03:00,2026-04,EBM0426,2500.340497852646,EPIAS_VEP:EBM0426,True,False,False,0.9019681882910279,2255.2275889588377
2026-04-28T08:00:00+00:00,2026-04-28T11:00:00+03:00,2026-04,EBM0426,2500.336034748359,EPIAS_VEP:EBM0426,True,False,False,0.9062539656496474,2265.939446947415
2026-04-28T09:00:00+00:00,2026-04-28T12:00:00+03:00,2026-04,EBM0426,2500.3311190429654,EPIAS_VEP:EBM0426,True,False,False,0.5314123443420937,1328.7068216021128
2026-04-28T10:00:00+00:00,2026-04-28T13:00:00+03:00,2026-04,EBM0426,2500.3257347115573,EPIAS_VEP:EBM0426,True,False,False,0.6428428863597417,1607.3166121415195
2026-04-28T11:00:00+00:00,2026-04-28T14:00:00+03:00,2026-04,EBM0426,2500.319868323573,EPIAS_VEP:EBM0426,True,False,False,0.9068839064690637,2267.499849607497
2026-04-28T12:00:00+00:00,2026-04-28T15:00:00+03:00,2026-04,EBM0426,2500.313509581229,EPIAS_VEP:EBM0426,True,False,False,0.891277905951712,2228.4741890423334
2026-04-28T13:00:00+00:00,2026-04-28T16:00:00+03:00,2026-04,EBM0426,2500.306651906159,EPIAS_VEP:EBM0426,True,False,False,1.080603530005154,2701.840194145163
2026-04-28T14:00:00+00:00,2026-04-28T17:00:00+03:00,2026-04,EBM0426,2500.2992930752853,EPIAS_VEP:EBM0426,True,False,False,1.270728059359743,3177.2004685080947
2026-04-28T15:00:00+00:00,2026-04-28T18:00:00+03:00,2026-04,EBM0426,2500.291435906593,EPIAS_VEP:EBM0426,True,False,False,1.3199500309686016,3300.2597582554367
2026-04-28T16:00:00+00:00,2026-04-28T19:00:00+03:00,2026-04,EBM0426,2500.283088995008,EPIAS_VEP:EBM0426,True,False,False,1.4045962058454786,3511.888140342001
2026-04-28T17:00:00+00:00,2026-04-28T20:00:00+03:00,2026-04,EBM0426,2500.274267498115,EPIAS_VEP:EBM0426,True,False,False,1.4310524306965875,3578.0235679113075
2026-04-28T18:00:00+00:00,2026-04-28T21:00:00+03:00,2026-04,EBM0426,2500.2649939708504,EPIAS_VEP:EBM0426,True,False,False,1.4078301964473323,3519.9485576323705
2026-04-28T19:00:00+00:00,2026-04-28T22:00:00+03:00,2026-04,EBM0426,2500.255299247648,EPIAS_VEP:EBM0426,True,False,False,1.2552482927025173,3138.4411957010316
2026-04-28T20:00:00+00:00,2026-04-28T23:00:00+03:00,2026-04,EBM0426,2500.245223369794,EPIAS_VEP:EBM0426,True,False,False,1.1779817397368557,2945.2432179939133
2026-04-28T21:00:00+00:00,2026-04-29T00:00:00+03:00,2026-04,EBM0426,2500.2348165549,EPIAS_VEP:EBM0426,True,False,False,1.2420169398877028,3105.333995858209
2026-04-28T22:00:00+00:00,2026-04-29T01:00:00+03:00,2026-04,EBM0426,2500.2241402044906,EPIAS_VEP:EBM0426,True,False,False,1.1654566966031117,2913.902967210081
2026-04-28T23:00:00+00:00,2026-04-29T02:00:00+03:00,2026-04,EBM0426,2500.2132679446813,EPIAS_VEP:EBM0426,True,False,False,1.0621333610686174,2655.5599216704363
2026-04-29T00:00:00+00:00,2026-04-29T03:00:00+03:00,2026-04,EBM0426,2500.202286693817,EPIAS_VEP:EBM0426,True,False,False,1.0150669218810642,2537.8726392342905
2026-04-29T01:00:00+00:00,2026-04-29T04:00:00+03:00,2026-04,EBM0426,2500.1912977496986,EPIAS_VEP:EBM0426,True,False,False,1.066690207180211,2666.929573386786
2026-04-29T02:00:00+00:00,2026-04-29T05:00:00+03:00,2026-04,EBM0426,2500.180417887708,EPIAS_VEP:EBM0426,True,False,False,1.0839838384831049,2710.1551662822108
2026-04-29T03:00:00+00:00,2026-04-29T06:00:00+03:00,2026-04,EBM0426,2500.169780459701,EPIAS_VEP:EBM0426,True,False,False,1.0167508828504832,2542.0498315585
2026-04-29T04:00:00+00:00,2026-04-29T07:00:00+03:00,2026-04,EBM0426,2500.159536481993,EPIAS_VEP:EBM0426,True,False,False,0.85126142550334,2128.2893710114313
2026-04-29T05:00:00+00:00,2026-04-29T08:00:00+03:00,2026-04,EBM0426,2500.1498556991046,EPIAS_VEP:EBM0426,True,False,False,1.270144119604329,3175.5506373458297
2026-04-29T06:00:00+00:00,2026-04-29T09:00:00+03:00,2026-04,EBM0426,2500.140927608156,EPIAS_VEP:EBM0426,True,False,False,1.1672785775876178,2918.360945747035
2026-04-29T07:00:00+00:00,2026-04-29T10:00:00+03:00,2026-04,EBM0426,2500.132962426946,EPIAS_VEP:EBM0426,True,False,False,0.9016887542024662,2254.3417762312743
2026-04-29T08:00:00+00:00,2026-04-29T11:00:00+03:00,2026-04,EBM0426,2500.126191986761,EPIAS_VEP:EBM0426,True,False,False,0.9065167271265603,2266.406212963229
2026-04-29T09:00:00+00:00,2026-04-29T12:00:00+03:00,2026-04,EBM0426,2500.120870529863,EPIAS_VEP:EBM0426,True,False,False,0.531231509398894,1328.142983731256
2026-04-29T10:00:00+00:00,2026-04-29T13:00:00+03:00,2026-04,EBM0426,2500.117275385566,EPIAS_VEP:EBM0426,True,False,False,0.6444311476672961,1611.1534450795536
2026-04-29T11:00:00+00:00,2026-04-29T14:00:00+03:00,2026-04,EBM0426,2500.115707502379,EPIAS_VEP:EBM0426,True,False,False,0.9091321817235286,2272.935647722901
2026-04-29T12:00:00+00:00,2026-04-29T15:00:00+03:00,2026-04,EBM0426,2500.116491807523,EPIAS_VEP:EBM0426,True,False,False,0.8927989365927165,2232.101345243669
2026-04-29T13:00:00+00:00,2026-04-29T16:00:00+03:00,2026-04,EBM0426,2500.119977363718,EPIAS_VEP:EBM0426,True,False,False,1.0814054131402915,2703.6432770213078
2026-04-29T14:00:00+00:00,2026-04-29T17:00:00+03:00,2026-04,EBM0426,2500.126537290756,EPIAS_VEP:EBM0426,True,False,False,1.2700590746978702,3175.308396579088
2026-04-29T15:00:00+00:00,2026-04-29T18:00:00+03:00,2026-04,EBM0426,2500.1365684169377,EPIAS_VEP:EBM0426,True,False,False,1.3187370436010208,3297.0227068329536
2026-04-29T16:00:00+00:00,2026-04-29T19:00:00+03:00,2026-04,EBM0426,2500.1504906230875,EPIAS_VEP:EBM0426,True,False,False,1.4051785255112026,3513.15777996986
2026-04-29T17:00:00+00:00,2026-04-29T20:00:00+03:00,2026-04,EBM0426,2500.168745839435,EPIAS_VEP:EBM0426,True,False,False,1.4319950811727873,3580.229346144007
2026-04-29T18:00:00+00:00,2026-04-29T21:00:00+03:00,2026-04,EBM0426,2500.191796653398,EPIAS_VEP:EBM0426,True,False,False,1.4092369567293672,3523.362678755563
2026-04-29T19:00:00+00:00,2026-04-29T22:00:00+03:00,2026-04,EBM0426,2500.2201244840594,EPIAS_VEP:EBM0426,True,False,False,1.2574212721133493,3143.8299694921425
2026-04-29T20:00:00+00:00,2026-04-29T23:00:00+03:00,2026-04,EBM0426,2500.254227277086,EPIAS_VEP:EBM0426,True,False,False,1.1796303970264246,2949.3758867898655
2026-04-29T21:00:00+00:00,2026-04-30T00:00:00+03:00,2026-04,EBM0426,2500.294616671948,EPIAS_VEP:EBM0426,True,False,False,1.2432942547893961,3108.6019321890885
2026-04-29T22:00:00+00:00,2026-04-30T01:00:00+03:00,2026-04,EBM0426,2500.341814591633,EPIAS_VEP:EBM0426,True,False,False,1.167125694224351,2918.2131761534333
2026-04-29T23:00:00+00:00,2026-04-30T02:00:00+03:00,2026-04,EBM0426,2500.3963492037137,EPIAS_VEP:EBM0426,True,False,False,1.0641871697831662,2660.8897141952616
2026-04-30T00:00:00+00:00,2026-04-30T03:00:00+03:00,2026-04,EBM0426,2500.45875020055,EPIAS_VEP:EBM0426,True,False,False,1.0180188187245314,2545.514063148582
2026-04-30T01:00:00+00:00,2026-04-30T04:00:00+03:00,2026-04,EBM0426,2500.529543345833,EPIAS_VEP:EBM0426,True,False,False,1.0696330415024369,2674.649020815703
2026-04-30T02:00:00+00:00,2026-04-30T05:00:00+03:00,2026-04,EBM0426,2500.60924423448,EPIAS_VEP:EBM0426,True,False,False,1.0847583806167345,2712.5568343310306
2026-04-30T03:00:00+00:00,2026-04-30T06:00:00+03:00,2026-04,EBM0426,2500.698351213324,EPIAS_VEP:EBM0426,True,False,False,1.0150710648067516,2538.3865381265964
2026-04-30T04:00:00+00:00,2026-04-30T07:00:00+03:00,2026-04,EBM0426,2500.797337411024,EPIAS_VEP:EBM0426,True,False,False,0.8472559503688262,2118.815424788007
2026-04-30T05:00:00+00:00,2026-04-30T08:00:00+03:00,2026-04,EBM0426,2500.906641827365,EPIAS_VEP:EBM0426,True,False,False,1.2688732188593606,3173.3334606822427
2026-04-30T06:00:00+00:00,2026-04-30T09:00:00+03:00,2026-04,EBM0426,2501.0266594346444,EPIAS_VEP:EBM0426,True,False,False,1.1671605185877114,2919.099572827431
2026-04-30T07:00:00+00:00,2026-04-30T10:00:00+03:00,2026-04,EBM0426,2501.157730247221,EPIAS_VEP:EBM0426,True,False,False,0.9015120037204608,2254.823717016092
2026-04-30T08:00:00+00:00,2026-04-30T11:00:00+03:00,2026-04,EBM0426,2501.300127319761,EPIAS_VEP:EBM0426,True,False,False,0.9068575517101138,2268.3229095533943
2026-04-30T09:00:00+00:00,2026-04-30T12:00:00+03:00,2026-04,EBM0426,2501.4540436401585,EPIAS_VEP:EBM0426,True,False,False,0.5312539857940556,1328.9074309644916
2026-04-30T10:00:00+00:00,2026-04-30T13:00:00+03:00,2026-04,EBM0426,2501.6195778898154,EPIAS_VEP:EBM0426,True,False,False,0.6461779887119005,1616.4915073631544
2026-04-30T11:00:00+00:00,2026-04-30T14:00:00+03:00,2026-04,EBM0426,2501.796719052032,EPIAS_VEP:EBM0426,True,False,False,0.9114339921618645,2280.2225712230484
2026-04-30T12:00:00+00:00,2026-04-30T15:00:00+03:00,2026-04,EBM0426,2501.9853298585604,EPIAS_VEP:EBM0426,True,False,False,0.8943949953641082,2237.7631574999136
2026-04-30T13:00:00+00:00,2026-04-30T16:00:00+03:00,2026-04,EBM0426,2502.1851290755,EPIAS_VEP:EBM0426,True,False,False,1.0822107056680255,2707.8915342488363
2026-04-30T14:00:00+00:00,2026-04-30T17:00:00+03:00,2026-04,EBM0426,2502.395672642221,EPIAS_VEP:EBM0426,True,False,False,1.269324414521905,3176.3519220787357
2026-04-30T15:00:00+00:00,2026-04-30T18:00:00+03:00,2026-04,EBM0426,2502.616333691437,EPIAS_VEP:EBM0426,True,False,False,1.317440477427186,3297.04805747552
2026-04-30T16:00:00+00:00,2026-04-30T19:00:00+03:00,2026-04,EBM0426,2502.8462814948243,EPIAS_VEP:EBM0426,True,False,False,1.4056341256221356,3518.086144455591
2026-04-30T17:00:00+00:00,2026-04-30T20:00:00+03:00,2026-04,EBM0426,2503.084459396979,EPIAS_VEP:EBM0426,True,False,False,1.4327883555041752,3586.390266267455
2026-04-30T18:00:00+00:00,2026-04-30T21:00:00+03:00,2026-04,EBM0426,2503.329561820677,EPIAS_VEP:EBM0426,True,False,False,1.4105106580031466,3530.973027442412
2026-04-30T19:00:00+00:00,2026-04-30T22:00:00+03:00,2026-04,EBM0426,2503.580010447652,EPIAS_VEP:EBM0426,True,False,False,1.2595029088105734,3153.2663055988232
2026-04-30T20:00:00+00:00,2026-04-30T23:00:00+03:00,2026-04,EBM0426,2503.833929717747,EPIAS_VEP:EBM0426,True,False,False,1.1812060822039754,2957.543866611284
2026-04-30T21:00:00+00:00,2026-05-01T00:00:00+03:00,2026-05,EBM0526,2504.089121766547,EPIAS_VEP:EBM0526,True,False,False,1.2632258264329725,3163.230050305363
2026-04-30T22:00:00+00:00,2026-05-01T01:00:00+03:00,2026-05,EBM0526,2504.3430410429114,EPIAS_VEP:EBM0526,True,False,False,1.1801855002404444,2955.5893446669043
2026-04-30T23:00:00+00:00,2026-05-01T02:00:00+03:00,2026-05,EBM0526,2504.5934896824383,EPIAS_VEP:EBM0526,True,False,False,1.0599131935600479,2654.651684219018
2026-05-01T00:00:00+00:00,2026-05-01T03:00:00+03:00,2026-05,EBM0526,2504.838592118091,EPIAS_VEP:EBM0526,True,False,False,1.0284866754209574,2576.193116073647
2026-05-01T01:00:00+00:00,2026-05-01T04:00:00+03:00,2026-05,EBM0526,2505.076770032779,EPIAS_VEP:EBM0526,True,False,False,1.070470969112629,2681.6119577185236
2026-05-01T02:00:00+00:00,2026-05-01T05:00:00+03:00,2026-05,EBM0526,2505.306717849116,EPIAS_VEP:EBM0526,True,False,False,1.072316779742788,2686.4824319519375
2026-05-01T03:00:00+00:00,2026-05-01T06:00:00+03:00,2026-05,EBM0526,2505.527378911628,EPIAS_VEP:EBM0526,True,False,False,1.0297499628417495,2580.066725333235
2026-05-01T04:00:00+00:00,2026-05-01T07:00:00+03:00,2026-05,EBM0526,2505.737922491972,EPIAS_VEP:EBM0526,True,False,False,0.47378378064911875,1187.177986234115
2026-05-01T05:00:00+00:00,2026-05-01T08:00:00+03:00,2026-05,EBM0526,2505.937721722832,EPIAS_VEP:EBM0526,True,False,False,0.26305497061294486,659.1993737456696
2026-05-01T06:00:00+00:00,2026-05-01T09:00:00+03:00,2026-05,EBM0526,2506.1263325435552,EPIAS_VEP:EBM0526,True,False,False,0.17227467634885155,431.7421028282753
2026-05-01T07:00:00+00:00,2026-05-01T10:00:00+03:00,2026-05,EBM0526,2506.3034737202333,EPIAS_VEP:EBM0526,True,False,False,0.07218616008960521,180.9204237871024
2026-05-01T08:00:00+00:00,2026-05-01T11:00:00+03:00,2026-05,EBM0526,2506.4690079846173,EPIAS_VEP:EBM0526,True,False,False,0.03956953035537844,99.1798014962626
2026-05-01T09:00:00+00:00,2026-05-01T12:00:00+03:00,2026-05,EBM0526,2506.622924320004,EPIAS_VEP:EBM0526,True,False,False,-0.003347250840130304,-8.390295689320013
2026-05-01T10:00:00+00:00,2026-05-01T13:00:00+03:00,2026-05,EBM0526,2506.765321407806,EPIAS_VEP:EBM0526,True,False,False,0.017516853168815315,43.910640063778665
2026-05-01T11:00:00+00:00,2026-05-01T14:00:00+03:00,2026-05,EBM0526,2506.8963922359208,EPIAS_VEP:EBM0526,True,False,False,0.08200546181226268,205.57919636080186
2026-05-01T12:00:00+00:00,2026-05-01T15:00:00+03:00,2026-05,EBM0526,2507.0164098590185,EPIAS_VEP:EBM0526,True,False,False,0.10754755205618459,269.6234778450218
2026-05-01T13:00:00+00:00,2026-05-01T16:00:00+03:00,2026-05,EBM0526,2507.125714291464,EPIAS_VEP:EBM0526,True,False,False,0.27566818905237506,691.1348053853702
2026-05-01T14:00:00+00:00,2026-05-01T17:00:00+03:00,2026-05,EBM0526,2507.2247005055533,EPIAS_VEP:EBM0526,True,False,False,0.7691603586207505,1928.457849783655
2026-05-01T15:00:00+00:00,2026-05-01T18:00:00+03:00,2026-05,EBM0526,2507.313807501067,EPIAS_VEP:EBM0526,True,False,False,1.2111658277185744,3036.7728030122403
2026-05-01T16:00:00+00:00,2026-05-01T19:00:00+03:00,2026-05,EBM0526,2507.393508406652,EPIAS_VEP:EBM0526,True,False,False,1.4559601568080935,3650.665045679345
2026-05-01T17:00:00+00:00,2026-05-01T20:00:00+03:00,2026-05,EBM0526,2507.4643015691186,EPIAS_VEP:EBM0526,True,False,False,1.5019495723038156,3766.0849353088233
2026-05-01T18:00:00+00:00,2026-05-01T21:00:00+03:00,2026-05,EBM0526,2507.526702583357,EPIAS_VEP:EBM0526,True,False,False,1.4808280099938282,3713.215776992898
2026-05-01T19:00:00+00:00,2026-05-01T22:00:00+03:00,2026-05,EBM0526,2507.5812372130126,EPIAS_VEP:EBM0526,True,False,False,1.2146661128204352,3045.873953986988
2026-05-01T20:00:00+00:00,2026-05-01T23:00:00+03:00,2026-05,EBM0526,2507.628435150389,EPIAS_VEP:EBM0526,True,False,False,1.1102027901115177,2783.976085266941
2026-05-01T21:00:00+00:00,2026-05-02T00:00:00+03:00,2026-05,EBM0526,2507.6688245629844,EPIAS_VEP:EBM0526,True,False,False,1.3675234957247702,3429.296037086398
2026-05-01T22:00:00+00:00,2026-05-02T01:00:00+03:00,2026-05,EBM0526,2507.702927373698,EPIAS_VEP:EBM0526,True,False,False,1.3056062410675018,3274.0725927223443
2026-05-01T23:00:00+00:00,2026-05-02T02:00:00+03:00,2026-05,EBM0526,2507.7312552218887,EPIAS_VEP:EBM0526,True,False,False,1.1925638210327987,2990.6295678507922
2026-05-02T00:00:00+00:00,2026-05-02T03:00:00+03:00,2026-05,EBM0526,2507.7543060530925,EPIAS_VEP:EBM0526,True,False,False,1.127335956951772,2827.08160041429
2026-05-02T01:00:00+00:00,2026-05-02T04:00:00+03:00,2026-05,EBM0526,2507.7725612862405,EPIAS_VEP:EBM0526,True,False,False,1.175589035392675,2948.1099263067094
2026-05-02T02:00:00+00:00,2026-05-02T05:00:00+03:00,2026-05,EBM0526,2507.7864835085743,EPIAS_VEP:EBM0526,True,False,False,1.204395723548535,3020.3673163105454
2026-05-02T03:00:00+00:00,2026-05-02T06:00:00+03:00,2026-05,EBM0526,2507.796514650123,EPIAS_VEP:EBM0526,True,False,False,1.0698278842721676,2682.910639453257
2026-05-02T04:00:00+00:00,2026-05-02T07:00:00+03:00,2026-05,EBM0526,2507.8030745914803,EPIAS_VEP:EBM0526,True,False,False,0.6275054716765779,1573.6601511934991
2026-05-02T05:00:00+00:00,2026-05-02T08:00:00+03:00,2026-05,EBM0526,2507.806560160692,EPIAS_VEP:EBM0526,True,False,False,0.891775684652383,2236.4009121630384
2026-05-02T06:00:00+00:00,2026-05-02T09:00:00+03:00,2026-05,EBM0526,2507.8073444772594,EPIAS_VEP:EBM0526,True,False,False,0.8098013345132553,2030.8257342598276
2026-05-02T07:00:00+00:00,2026-05-02T10:00:00+03:00,2026-05,EBM0526,2507.805776603589,EPIAS_VEP:EBM0526,True,False,False,0.6216274170687305,1558.9208274201308
2026-05-02T08:00:00+00:00,2026-05-02T11:00:00+03:00,2026-05,EBM0526,2507.802181466552,EPIAS_VEP:EBM0526,True,False,False,0.5451008683966525,1367.0051468844372
2026-05-02T09:00:00+00:00,2026-05-02T12:00:00+03:00,2026-05,EBM0526,2507.796860014277,EPIAS_VEP:EBM0526,True,False,False,0.34901078535702923,875.2481516294748
2026-05-02T10:00:00+00:00,2026-05-02T13:00:00+03:00,2026-05,EBM0526,2507.79008957566,EPIAS_VEP:EBM0526,True,False,False,0.5209465397764885,1306.4245696502103
2026-05-02T11:00:00+00:00,2026-05-02T14:00:00+03:00,2026-05,EBM0526,2507.782124392512,EPIAS_VEP:EBM0526,True,False,False,0.5842442267578902,1465.1572281429624
2026-05-02T12:00:00+00:00,2026-05-02T15:00:00+03:00,2026-05,EBM0526,2507.7731962966013,EPIAS_VEP:EBM0526,True,False,False,0.5181451946038279,1299.390630817366
2026-05-02T13:00:00+00:00,2026-05-02T16:00:00+03:00,2026-05,EBM0526,2507.763515506176,EPIAS_VEP:EBM0526,True,False,False,0.7287748006306736,1827.5948560418906
2026-05-02T14:00:00+00:00,2026-05-02T17:00:00+03:00,2026-05,EBM0526,2507.753271518768,EPIAS_VEP:EBM0526,True,False,False,1.0603216842400192,2659.0251725151984
2026-05-02T15:00:00+00:00,2026-05-02T18:00:00+03:00,2026-05,EBM0526,2507.7426340792754,EPIAS_VEP:EBM0526,True,False,False,1.336640417556883,3351.95016154092
2026-05-02T16:00:00+00:00,2026-05-02T19:00:00+03:00,2026-05,EBM0526,2507.7317542043584,EPIAS_VEP:EBM0526,True,False,False,1.4982187315968034,3757.1306879690806
2026-05-02T17:00:00+00:00,2026-05-02T20:00:00+03:00,2026-05,EBM0526,2507.7207652461857,EPIAS_VEP:EBM0526,True,False,False,1.538495101658693,3858.116113659046
2026-05-02T18:00:00+00:00,2026-05-02T21:00:00+03:00,2026-05,EBM0526,2507.70978398042,EPIAS_VEP:EBM0526,True,False,False,1.5147013521834551,3798.4314006788227
2026-05-02T19:00:00+00:00,2026-05-02T22:00:00+03:00,2026-05,EBM0526,2507.6989117051144,EPIAS_VEP:EBM0526,True,False,False,1.3814224806724054,3464.19165138717
2026-05-02T20:00:00+00:00,2026-05-02T23:00:00+03:00,2026-05,EBM0526,2507.68823533884,EPIAS_VEP:EBM0526,True,False,False,1.2688598813478469,3181.904996749432
2026-05-02T21:00:00+00:00,2026-05-03T00:00:00+03:00,2026-05,EBM0526,2507.677828507913,EPIAS_VEP:EBM0526,True,False,False,1.2632594749785184,3167.8477770561776
2026-05-02T22:00:00+00:00,2026-05-03T01:00:00+03:00,2026-05,EBM0526,2507.66775261403,EPIAS_VEP:EBM0526,True,False,False,1.1793427128389469,2957.3996902665754
2026-05-02T23:00:00+00:00,2026-05-03T02:00:00+03:00,2026-05,EBM0526,2507.658057874955,EPIAS_VEP:EBM0526,True,False,False,1.0591628526313432,2656.0182620028113
2026-05-03T00:00:00+00:00,2026-05-03T03:00:00+03:00,2026-05,EBM0526,2507.648784332101,EPIAS_VEP:EBM0526,True,False,False,1.0277361074700522,2577.201200511482
2026-05-03T01:00:00+00:00,2026-05-03T04:00:00+03:00,2026-05,EBM0526,2507.6399628200106,EPIAS_VEP:EBM0526,True,False,False,1.0698047442936307,2682.685129205151
2026-05-03T02:00:00+00:00,2026-05-03T05:00:00+03:00,2026-05,EBM0526,2507.631615893708,EPIAS_VEP:EBM0526,True,False,False,1.0689000270358078,2680.407502024631
2026-05-03T03:00:00+00:00,2026-05-03T06:00:00+03:00,2026-05,EBM0526,2507.6237587108512,EPIAS_VEP:EBM0526,True,False,False,1.0217837529293716,2562.2492151104307
2026-05-03T04:00:00+00:00,2026-05-03T07:00:00+03:00,2026-05,EBM0526,2507.616399866426,EPIAS_VEP:EBM0526,True,False,False,0.45948759110493786,1152.2186189898607
2026-05-03T05:00:00+00:00,2026-05-03T08:00:00+03:00,2026-05,EBM0526,2507.609542178462,EPIAS_VEP:EBM0526,True,False,False,0.25423685654922956,637.5267674563049
2026-05-03T06:00:00+00:00,2026-05-03T09:00:00+03:00,2026-05,EBM0526,2507.603183423917,EPIAS_VEP:EBM0526,True,False,False,0.16601060735874013,416.28872749491467
2026-05-03T07:00:00+00:00,2026-05-03T10:00:00+03:00,2026-05,EBM0526,2507.5973170244465,EPIAS_VEP:EBM0526,True,False,False,0.06995486487858882,175.418631482357
2026-05-03T08:00:00+00:00,2026-05-03T11:00:00+03:00,2026-05,EBM0526,2507.591932682283,EPIAS_VEP:EBM0526,True,False,False,0.040204131743560134,100.81555642064708
2026-05-03T09:00:00+00:00,2026-05-03T12:00:00+03:00,2026-05,EBM0526,2507.587016966871,EPIAS_VEP:EBM0526,True,False,False,-0.0020810859808140995,-5.218504186681203
2026-05-03T10:00:00+00:00,2026-05-03T13:00:00+03:00,2026-05,EBM0526,2507.5825538533,EPIAS_VEP:EBM0526,True,False,False,0.019246710663361907,48.262715878508594
2026-05-03T11:00:00+00:00,2026-05-03T14:00:00+03:00,2026-05,EBM0526,2507.57852521388,EPIAS_VEP:EBM0526,True,False,False,0.08280724076768953,207.64565868127357
2026-05-03T12:00:00+00:00,2026-05-03T15:00:00+03:00,2026-05,EBM0526,2507.574911264452,EPIAS_VEP:EBM0526,True,False,False,0.10901628885197796,273.3665108443785
2026-05-03T13:00:00+00:00,2026-05-03T16:00:00+03:00,2026-05,EBM0526,2507.571690967253,EPIAS_VEP:EBM0526,True,False,False,0.270949021903594,679.4240970207184
2026-05-03T14:00:00+00:00,2026-05-03T17:00:00+03:00,2026-05,EBM0526,2507.568842392306,EPIAS_VEP:EBM0526,True,False,False,0.7613172878623689,1909.0555102182905
2026-05-03T15:00:00+00:00,2026-05-03T18:00:00+03:00,2026-05,EBM0526,2507.566343039456,EPIAS_VEP:EBM0526,True,False,False,1.2060277146645635,3024.194506065652
2026-05-03T16:00:00+00:00,2026-05-03T19:00:00+03:00,2026-05,EBM0526,2507.5641701232207,EPIAS_VEP:EBM0526,True,False,False,1.4553422019518234,3649.3639608826247
2026-05-03T17:00:00+00:00,2026-05-03T20:00:00+03:00,2026-05,EBM0526,2507.562300822732,EPIAS_VEP:EBM0526,True,False,False,1.5023798929514767,3767.3111810792147
2026-05-03T18:00:00+00:00,2026-05-03T21:00:00+03:00,2026-05,EBM0526,2507.560712499026,EPIAS_VEP:EBM0526,True,False,False,1.4836132788248353,3720.25037052302
2026-05-03T19:00:00+00:00,2026-05-03T22:00:00+03:00,2026-05,EBM0526,2507.5593828819733,EPIAS_VEP:EBM0526,True,False,False,1.2193868831316834,3057.685020160057
2026-05-03T20:00:00+00:00,2026-05-03T23:00:00+03:00,2026-05,EBM0526,2507.5582902291103,EPIAS_VEP:EBM0526,True,False,False,1.1129829691637958,2790.8696712104866
2026-05-03T21:00:00+00:00,2026-05-04T00:00:00+03:00,2026-05,EBM0526,2507.557413458599,EPIAS_VEP:EBM0526,True,False,False,1.3353565544919683,3348.483227826867
2026-05-03T22:00:00+00:00,2026-05-04T01:00:00+03:00,2026-05,EBM0526,2507.5567322584943,EPIAS_VEP:EBM0526,True,False,False,1.2557234024016481,3148.7976715467953
2026-05-03T23:00:00+00:00,2026-05-04T02:00:00+03:00,2026-05,EBM0526,2507.556227174422,EPIAS_VEP:EBM0526,True,False,False,1.1474713468776612,2877.3489213673006
2026-05-04T00:00:00+00:00,2026-05-04T03:00:00+03:00,2026-05,EBM0526,2507.5558796776977,EPIAS_VEP:EBM0526,True,False,False,1.1020159653761719,2763.366613477714
2026-05-04T01:00:00+00:00,2026-05-04T04:00:00+03:00,2026-05,EBM0526,2507.555672215835,EPIAS_VEP:EBM0526,True,False,False,1.1568924327868726,2900.972181978299
2026-05-04T02:00:00+00:00,2026-05-04T05:00:00+03:00,2026-05,EBM0526,2507.5555882472954,EPIAS_VEP:EBM0526,True,False,False,1.1637397881449956,2918.1422090287074
2026-05-04T03:00:00+00:00,2026-05-04T06:00:00+03:00,2026-05,EBM0526,2507.5556122622347,EPIAS_VEP:EBM0526,True,False,False,1.078774373206792,2705.0867338993658
2026-05-04T04:00:00+00:00,2026-05-04T07:00:00+03:00,2026-05,EBM0526,2507.5557297909,EPIAS_VEP:EBM0526,True,False,False,0.8897426700364071,2231.0793302892466
2026-05-04T05:00:00+00:00,2026-05-04T08:00:00+03:00,2026-05,EBM0526,2507.555927401228,EPIAS_VEP:EBM0526,True,False,False,1.3519672228525328,3390.1334233160455
2026-05-04T06:00:00+00:00,2026-05-04T09:00:00+03:00,2026-05,EBM0526,2507.5561926870896,EPIAS_VEP:EBM0526,True,False,False,1.2486711268663007,3131.1130168031586
2026-05-04T07:00:00+00:00,2026-05-04T10:00:00+03:00,2026-05,EBM0526,2507.556514248534,EPIAS_VEP:EBM0526,True,False,False,0.9652425055071685,2420.4001325140766
2026-05-04T08:00:00+00:00,2026-05-04T11:00:00+03:00,2026-05,EBM0526,2507.5568816652544,EPIAS_VEP:EBM0526,True,False,False,0.9729174673991996,2439.6458906691937
2026-05-04T09:00:00+00:00,2026-05-04T12:00:00+03:00,2026-05,EBM0526,2507.557285464436,EPIAS_VEP:EBM0526,True,False,False,0.5708640411228835,1431.4742853273558
2026-05-04T10:00:00+00:00,2026-05-04T13:00:00+03:00,2026-05,EBM0526,2507.557717084012,EPIAS_VEP:EBM0526,True,False,False,0.7007620057135497,1757.2011752662822
2026-05-04T11:00:00+00:00,2026-05-04T14:00:00+03:00,2026-05,EBM0526,2507.5581688322845,EPIAS_VEP:EBM0526,True,False,False,0.9859257175878999,2472.2660869993706
2026-05-04T12:00:00+00:00,2026-05-04T15:00:00+03:00,2026-05,EBM0526,2507.558633844764,EPIAS_VEP:EBM0526,True,False,False,0.9649019788355654,2419.5482878430194
2026-05-04T13:00:00+00:00,2026-05-04T16:00:00+03:00,2026-05,EBM0526,2507.5591060389925,EPIAS_VEP:EBM0526,True,False,False,1.1617958018548658,2913.2716422990416
2026-05-04T14:00:00+00:00,2026-05-04T17:00:00+03:00,2026-05,EBM0526,2507.559580068045,EPIAS_VEP:EBM0526,True,False,False,1.3547759593058495,3397.1814356032587
2026-05-04T15:00:00+00:00,2026-05-04T18:00:00+03:00,2026-05,EBM0526,2507.5600512733085,EPIAS_VEP:EBM0526,True,False,False,1.4036921247818126,3519.8422963898215
2026-05-04T16:00:00+00:00,2026-05-04T19:00:00+03:00,2026-05,EBM0526,2507.56051563708,EPIAS_VEP:EBM0526,True,False,False,1.5051035082283741,3774.1381291803195
2026-05-04T17:00:00+00:00,2026-05-04T20:00:00+03:00,2026-05,EBM0526,2507.5609697354444,EPIAS_VEP:EBM0526,True,False,False,1.5353709480266926,3850.036263337442
2026-05-04T18:00:00+00:00,2026-05-04T21:00:00+03:00,2026-05,EBM0526,2507.561410691838,EPIAS_VEP:EBM0526,True,False,False,1.5137439724215462,3795.805970911639
2026-05-04T19:00:00+00:00,2026-05-04T22:00:00+03:00,2026-05,EBM0526,2507.5618361316406,EPIAS_VEP:EBM0526,True,False,False,1.3560108213795492,3400.2809850728763
2026-05-04T20:00:00+00:00,2026-05-04T23:00:00+03:00,2026-05,EBM0526,2507.5622441380788,EPIAS_VEP:EBM0526,True,False,False,1.2702464977364218,3185.222158472477
2026-05-04T21:00:00+00:00,2026-05-05T00:00:00+03:00,2026-05,EBM0526,2507.562633209682,EPIAS_VEP:EBM0526,True,False,False,1.3362938132385775,3350.8404330663348
2026-05-04T22:00:00+00:00,2026-05-05T01:00:00+03:00,2026-05,EBM0526,2507.563002219485,EPIAS_VEP:EBM0526,True,False,False,1.2571865021961457,3152.4743597967804
2026-05-04T23:00:00+00:00,2026-05-05T02:00:00+03:00,2026-05,EBM0526,2507.563350376114,EPIAS_VEP:EBM0526,True,False,False,1.1494849082707868,2882.4062277902744
2026-05-05T00:00:00+00:00,2026-05-05T03:00:00+03:00,2026-05,EBM0526,2507.563677186893,EPIAS_VEP:EBM0526,True,False,False,1.1050435469655517,2770.967060080586
2026-05-05T01:00:00+00:00,2026-05-05T04:00:00+03:00,2026-05,EBM0526,2507.5639824230234,EPIAS_VEP:EBM0526,True,False,False,1.1597453046991153,2908.1355548477163
2026-05-05T02:00:00+00:00,2026-05-05T05:00:00+03:00,2026-05,EBM0526,2507.5642660869007,EPIAS_VEP:EBM0526,True,False,False,1.164252885797938,2919.4389331154625
2026-05-05T03:00:00+00:00,2026-05-05T06:00:00+03:00,2026-05,EBM0526,2507.564528381593,EPIAS_VEP:EBM0526,True,False,False,1.0767342153878463,2699.980525001349
2026-05-05T04:00:00+00:00,2026-05-05T07:00:00+03:00,2026-05,EBM0526,2507.564769682476,EPIAS_VEP:EBM0526,True,False,False,0.885491257885867,2220.42668213642
2026-05-05T05:00:00+00:00,2026-05-05T08:00:00+03:00,2026-05,EBM0526,2507.5649905110017,EPIAS_VEP:EBM0526,True,False,False,1.3502540517883812,3385.8497885601737
2026-05-05T06:00:00+00:00,2026-05-05T09:00:00+03:00,2026-05,EBM0526,2507.565191510574,EPIAS_VEP:EBM0526,True,False,False,1.2484997619684746,3130.6945447213843
2026-05-05T07:00:00+00:00,2026-05-05T10:00:00+03:00,2026-05,EBM0526,2507.5653734244584,EPIAS_VEP:EBM0526,True,False,False,0.9655833870550361,2421.2634665331148
2026-05-05T08:00:00+00:00,2026-05-05T11:00:00+03:00,2026-05,EBM0526,2507.5655370756854,EPIAS_VEP:EBM0526,True,False,False,0.9736815514556865,2441.570302516665
2026-05-05T09:00:00+00:00,2026-05-05T12:00:00+03:00,2026-05,EBM0526,2507.5656833488592,EPIAS_VEP:EBM0526,True,False,False,0.5719507446936843,1434.2040599597076
2026-05-05T10:00:00+00:00,2026-05-05T13:00:00+03:00,2026-05,EBM0526,2507.565813173791,EPIAS_VEP:EBM0526,True,False,False,0.7034453766477501,1763.9355779170592
2026-05-05T11:00:00+00:00,2026-05-05T14:00:00+03:00,2026-05,EBM0526,2507.5659275108733,EPIAS_VEP:EBM0526,True,False,False,0.9886403914009606,2479.0809600380626
2026-05-05T12:00:00+00:00,2026-05-05T15:00:00+03:00,2026-05,EBM0526,2507.5660273380986,EPIAS_VEP:EBM0526,True,False,False,0.9669801045795274,2424.7664593554646
2026-05-05T13:00:00+00:00,2026-05-05T16:00:00+03:00,2026-05,EBM0526,2507.566113639622,EPIAS_VEP:EBM0526,True,False,False,1.1626593910040104,2915.445290586536
2026-05-05T14:00:00+00:00,2026-05-05T17:00:00+03:00,2026-05,EBM0526,2507.5661873957824,EPIAS_VEP:EBM0526,True,False,False,1.3536501059971948,3394.3672353632824
2026-05-05T15:00:00+00:00,2026-05-05T18:00:00+03:00,2026-05,EBM0526,2507.5662495744687,EPIAS_VEP:EBM0526,True,False,False,1.4018788660278134,3515.304130443073
2026-05-05T16:00:00+00:00,2026-05-05T19:00:00+03:00,2026-05,EBM0526,2507.566301123748,EPIAS_VEP:EBM0526,True,False,False,1.504915870065291,3773.6763218020483
2026-05-05T17:00:00+00:00,2026-05-05T20:00:00+03:00,2026-05,EBM0526,2507.566342965646,EPIAS_VEP:EBM0526,True,False,False,1.5354236622037192,3850.1766975350997
2026-05-05T18:00:00+00:00,2026-05-05T21:00:00+03:00,2026-05,EBM0526,2507.566375990992,EPIAS_VEP:EBM0526,True,False,False,1.5143877239198136,3797.427736714854
2026-05-05T19:00:00+00:00,2026-05-05T22:00:00+03:00,2026-05,EBM0526,2507.5664010552314,EPIAS_VEP:EBM0526,True,False,False,1.3577354203136116,3404.611721501015
2026-05-05T20:00:00+00:00,2026-05-05T23:00:00+03:00,2026-05,EBM0526,2507.5664189751287,EPIAS_VEP:EBM0526,True,False,False,1.271534778258436,3188.457910519841
2026-05-05T21:00:00+00:00,2026-05-06T00:00:00+03:00,2026-05,EBM0526,2507.566430526258,EPIAS_VEP:EBM0526,True,False,False,1.337145476874181,3352.981110539721
2026-05-05T22:00:00+00:00,2026-05-06T01:00:00+03:00,2026-05,EBM0526,2507.5664364412114,EPIAS_VEP:EBM0526,True,False,False,1.2585843425953565,3155.983854922543
2026-05-05T23:00:00+00:00,2026-05-06T02:00:00+03:00,2026-05,EBM0526,2507.5664374084445,EPIAS_VEP:EBM0526,True,False,False,1.1514600507498163,2887.3625772768632
2026-05-06T00:00:00+00:00,2026-05-06T03:00:00+03:00,2026-05,EBM0526,2507.566434071685,EPIAS_VEP:EBM0526,True,False,False,1.1080402459926564,2778.484528451718
2026-05-06T01:00:00+00:00,2026-05-06T04:00:00+03:00,2026-05,EBM0526,2507.5664270298357,EPIAS_VEP:EBM0526,True,False,False,1.1625342503652756,2915.1318564882627
2026-05-06T02:00:00+00:00,2026-05-06T05:00:00+03:00,2026-05,EBM0526,2507.5664168373064,EPIAS_VEP:EBM0526,True,False,False,1.164704519851897,2920.573939519237
2026-05-06T03:00:00+00:00,2026-05-06T06:00:00+03:00,2026-05,EBM0526,2507.566404004722,EPIAS_VEP:EBM0526,True,False,False,1.0746521271735647,2694.761570092641
2026-05-06T04:00:00+00:00,2026-05-06T07:00:00+03:00,2026-05,EBM0526,2507.5663889999378,EPIAS_VEP:EBM0526,True,False,False,0.8812568082740809,2209.8099525054477
2026-05-06T05:00:00+00:00,2026-05-06T08:00:00+03:00,2026-05,EBM0526,2507.566372249325,EPIAS_VEP:EBM0526,True,False,False,1.348474203141029,3381.3885656421494
2026-05-06T06:00:00+00:00,2026-05-06T09:00:00+03:00,2026-05,EBM0526,2507.56635413927,EPIAS_VEP:EBM0526,True,False,False,1.2483171581519594,3130.2381050766035
2026-05-06T07:00:00+00:00,2026-05-06T10:00:00+03:00,2026-05,EBM0526,2507.5663350178543,EPIAS_VEP:EBM0526,True,False,False,0.9660255530753621,2422.3731556587813
2026-05-06T08:00:00+00:00,2026-05-06T11:00:00+03:00,2026-05,EBM0526,2507.5663151966583,EPIAS_VEP:EBM0526,True,False,False,0.974521143178835,2443.6763920821863
2026-05-06T09:00:00+00:00,2026-05-06T12:00:00+03:00,2026-05,EBM0526,2507.5662949526773,EPIAS_VEP:EBM0526,True,False,False,0.5732431268939643,1437.4451438125855
2026-05-06T10:00:00+00:00,2026-05-06T13:00:00+03:00,2026-05,EBM0526,2507.566274530303,EPIAS_VEP:EBM0526,True,False,False,0.7062832420184437,1771.0520379513732
2026-05-06T11:00:00+00:00,2026-05-06T14:00:00+03:00,2026-05,EBM0526,2507.566254143347,EPIAS_VEP:EBM0526,True,False,False,0.9913977986103532,2485.9956642273237
2026-05-06T12:00:00+00:00,2026-05-06T15:00:00+03:00,2026-05,EBM0526,2507.566233977084,EPIAS_VEP:EBM0526,True,False,False,0.9691253640736217,2430.146039441762
2026-05-06T13:00:00+00:00,2026-05-06T16:00:00+03:00,2026-05,EBM0526,2507.5662141902853,EPIAS_VEP:EBM0526,True,False,False,1.1635200913062664,2917.60367049119
2026-05-06T14:00:00+00:00,2026-05-06T17:00:00+03:00,2026-05,EBM0526,2507.566194917244,EPIAS_VEP:EBM0526,True,False,False,1.3524592701997349,3391.381145955302
2026-05-06T15:00:00+00:00,2026-05-06T18:00:00+03:00,2026-05,EBM0526,2507.566176269746,EPIAS_VEP:EBM0526,True,False,False,1.3999854948406643,3510.5562741307126
2026-05-06T16:00:00+00:00,2026-05-06T19:00:00+03:00,2026-05,EBM0526,2507.566158339005,EPIAS_VEP:EBM0526,True,False,False,1.5045946974835198,3772.8707454259875
2026-05-06T17:00:00+00:00,2026-05-06T20:00:00+03:00,2026-05,EBM0526,2507.5661411975225,EPIAS_VEP:EBM0526,True,False,False,1.53531882292447,3849.913496308636
2026-05-06T18:00:00+00:00,2026-05-06T21:00:00+03:00,2026-05,EBM0526,2507.566124900881,EPIAS_VEP:EBM0526,True,False,False,1.5148870545403792,3798.679461016328
2026-05-06T19:00:00+00:00,2026-05-06T22:00:00+03:00,2026-05,EBM0526,2507.566109489458,EPIAS_VEP:EBM0526,True,False,False,1.3593570612937627,3408.677697595423
2026-05-06T20:00:00+00:00,2026-05-06T23:00:00+03:00,2026-05,EBM0526,2507.5660949900584,EPIAS_VEP:EBM0526,True,False,False,1.2727423705934078,3191.485616157301
2026-05-06T21:00:00+00:00,2026-05-07T00:00:00+03:00,2026-05,EBM0526,2507.566081417452,EPIAS_VEP:EBM0526,True,False,False,1.3379118577811757,3354.9023944982864
2026-05-06T22:00:00+00:00,2026-05-07T01:00:00+03:00,2026-05,EBM0526,2507.566068775825,EPIAS_VEP:EBM0526,True,False,False,1.259916848311044,3159.324738303752
2026-05-06T23:00:00+00:00,2026-05-07T02:00:00+03:00,2026-05,EBM0526,2507.56605706014,EPIAS_VEP:EBM0526,True,False,False,1.1533963287141833,2892.2174842214654
2026-05-07T00:00:00+00:00,2026-05-07T03:00:00+03:00,2026-05,EBM0526,2507.566046257397,EPIAS_VEP:EBM0526,True,False,False,1.1110045862594877,2785.9173777405385
2026-05-07T01:00:00+00:00,2026-05-07T04:00:00+03:00,2026-05,EBM0526,2507.566036347804,EPIAS_VEP:EBM0526,True,False,False,1.1652578517649312,2921.9610126733455
2026-05-07T02:00:00+00:00,2026-05-07T05:00:00+03:00,2026-05,EBM0526,2507.5660273058584,EPIAS_VEP:EBM0526,True,False,False,1.16509537404223,2921.553578519508
2026-05-07T03:00:00+00:00,2026-05-07T06:00:00+03:00,2026-05,EBM0526,2507.5660191013394,EPIAS_VEP:EBM0526,True,False,False,1.072530421765155,2689.4408400707302
2026-05-07T04:00:00+00:00,2026-05-07T07:00:00+03:00,2026-05,EBM0526,2507.5660117002103,EPIAS_VEP:EBM0526,True,False,False,0.877042645339425,2199.242328264784
2026-05-07T05:00:00+00:00,2026-05-07T08:00:00+03:00,2026-05,EBM0526,2507.56600506544,EPIAS_VEP:EBM0526,True,False,False,1.3466291480521246,3376.761473085743
2026-05-07T06:00:00+00:00,2026-05-07T09:00:00+03:00,2026-05,EBM0526,2507.565999157742,EPIAS_VEP:EBM0526,True,False,False,1.2481225852955211,3129.749757667908
2026-05-07T07:00:00+00:00,2026-05-07T10:00:00+03:00,2026-05,EBM0526,2507.5659939362395,EPIAS_VEP:EBM0526,True,False,False,0.9665671594576086,2423.730939911446
2026-05-07T08:00:00+00:00,2026-05-07T11:00:00+03:00,2026-05,EBM0526,2507.5659893590555,EPIAS_VEP:EBM0526,True,False,False,0.9754345840297989,2445.9665877577213
2026-05-07T09:00:00+00:00,2026-05-07T12:00:00+03:00,2026-05,EBM0526,2507.5659853838342,EPIAS_VEP:EBM0526,True,False,False,0.5747383291019181,1441.1942845523097
2026-05-07T10:00:00+00:00,2026-05-07T13:00:00+03:00,2026-05,EBM0526,2507.5659819681982,EPIAS_VEP:EBM0526,True,False,False,0.7092724596085519,1778.5474916613177
2026-05-07T11:00:00+00:00,2026-05-07T14:00:00+03:00,2026-05,EBM0526,2507.5659790701475,EPIAS_VEP:EBM0526,True,False,False,0.9941953505793147,2493.010437662408
2026-05-07T12:00:00+00:00,2026-05-07T15:00:00+03:00,2026-05,EBM0526,2507.5659766484005,EPIAS_VEP:EBM0526,True,False,False,0.9713353341650195,2435.6874358686077
2026-05-07T13:00:00+00:00,2026-05-07T16:00:00+03:00,2026-05,EBM0526,2507.5659746626843,EPIAS_VEP:EBM0526,True,False,False,1.1643768688866758,2919.7518181045016
2026-05-07T14:00:00+00:00,2026-05-07T17:00:00+03:00,2026-05,EBM0526,2507.565973073978,EPIAS_VEP:EBM0526,True,False,False,1.3512045969840554,3388.2346700583553
2026-05-07T15:00:00+00:00,2026-05-07T18:00:00+03:00,2026-05,EBM0526,2507.565971844708,EPIAS_VEP:EBM0526,True,False,False,1.398013873425429,3505.612017168421
2026-05-07T16:00:00+00:00,2026-05-07T19:00:00+03:00,2026-05,EBM0526,2507.565970938908,EPIAS_VEP:EBM0526,True,False,False,1.5041408102892662,3771.7323113818393
2026-05-07T17:00:00+00:00,2026-05-07T20:00:00+03:00,2026-05,EBM0526,2507.5659703223446,EPIAS_VEP:EBM0526,True,False,False,1.5350573678214738,3849.257618041718
2026-05-07T18:00:00+00:00,2026-05-07T21:00:00+03:00,2026-05,EBM0526,2507.5659699626053,EPIAS_VEP:EBM0526,True,False,False,1.5152421193811334,3799.5695748141457
2026-05-07T19:00:00+00:00,2026-05-07T22:00:00+03:00,2026-05,EBM0526,2507.56596982916,EPIAS_VEP:EBM0526,True,False,False,1.3608752109071578,3412.48436805487
2026-05-07T20:00:00+00:00,2026-05-07T23:00:00+03:00,2026-05,EBM0526,2507.5659698933982,EPIAS_VEP:EBM0526,True,False,False,1.273869095624681,3194.3107942873294
2026-05-07T21:00:00+00:00,2026-05-08T00:00:00+03:00,2026-05,EBM0526,2507.565970128643,EPIAS_VEP:EBM0526,True,False,False,1.338593345767272,3356.6111216866557
2026-05-07T22:00:00+00:00,2026-05-08T01:00:00+03:00,2026-05,EBM0526,2507.5659705101443,EPIAS_VEP:EBM0526,True,False,False,1.261183996870193,3162.5020731036684
2026-05-07T23:00:00+00:00,2026-05-08T02:00:00+03:00,2026-05,EBM0526,2507.565971015053,EPIAS_VEP:EBM0526,True,False,False,1.15529331645301,2896.9742068786927
2026-05-08T00:00:00+00:00,2026-05-08T03:00:00+03:00,2026-05,EBM0526,2507.5659716223886,EPIAS_VEP:EBM0526,True,False,False,1.1139351028994624,2793.265758626376
2026-05-08T01:00:00+00:00,2026-05-08T04:00:00+03:00,2026-05,EBM0526,2507.565972312979,EPIAS_VEP:EBM0526,True,False,False,1.167914733133938,2928.6232433696564
2026-05-08T02:00:00+00:00,2026-05-08T05:00:00+03:00,2026-05,EBM0526,2507.5659730694097,EPIAS_VEP:EBM0526,True,False,False,1.16542617692435,2922.3830253798697
2026-05-08T03:00:00+00:00,2026-05-08T06:00:00+03:00,2026-05,EBM0526,2507.565973875949,EPIAS_VEP:EBM0526,True,False,False,1.070371469076955,2684.027075264985
2026-05-08T04:00:00+00:00,2026-05-08T07:00:00+03:00,2026-05,EBM0526,2507.5659747184727,EPIAS_VEP:EBM0526,True,False,False,0.8728521109585271,2188.7342544007956
2026-05-08T05:00:00+00:00,2026-05-08T08:00:00+03:00,2026-05,EBM0526,2507.565975584385,EPIAS_VEP:EBM0526,True,False,False,1.344720428417502,3371.9751929729855
2026-05-08T06:00:00+00:00,2026-05-08T09:00:00+03:00,2026-05,EBM0526,2507.5659764625334,EPIAS_VEP:EBM0526,True,False,False,1.247915322469114,3129.230004129821
2026-05-08T07:00:00+00:00,2026-05-08T10:00:00+03:00,2026-05,EBM0526,2507.5659773431234,EPIAS_VEP:EBM0526,True,False,False,0.9672062521894663,2425.3334910638587
2026-05-08T08:00:00+00:00,2026-05-08T11:00:00+03:00,2026-05,EBM0526,2507.565978217631,EPIAS_VEP:EBM0526,True,False,False,0.9764201301745083,2448.4378988724275
2026-05-08T09:00:00+00:00,2026-05-08T12:00:00+03:00,2026-05,EBM0526,2507.565979078712,EPIAS_VEP:EBM0526,True,False,False,0.576433253319787,1445.444415234359
2026-05-08T10:00:00+00:00,2026-05-08T13:00:00+03:00,2026-05,EBM0526,2507.565979920116,EPIAS_VEP:EBM0526,True,False,False,0.7124097242270273,1786.4143882359656
2026-05-08T11:00:00+00:00,2026-05-08T14:00:00+03:00,2026-05,EBM0526,2507.565980736602,EPIAS_VEP:EBM0526,True,False,False,0.9970304202249552,2500.1195635156164
2026-05-08T12:00:00+00:00,2026-05-08T15:00:00+03:00,2026-05,EBM0526,2507.565981523849,EPIAS_VEP:EBM0526,True,False,False,0.9736075339317107,2441.3851314424846
2026-05-08T13:00:00+00:00,2026-05-08T16:00:00+03:00,2026-05,EBM0526,2507.565982278381,EPIAS_VEP:EBM0526,True,False,False,1.1652287091703453,2921.887872689707
2026-05-08T14:00:00+00:00,2026-05-08T17:00:00+03:00,2026-05,EBM0526,2507.565982997483,EPIAS_VEP:EBM0526,True,False,False,1.3498873024785876,3384.93148057554
2026-05-08T15:00:00+00:00,2026-05-08T18:00:00+03:00,2026-05,EBM0526,2507.5659836791297,EPIAS_VEP:EBM0526,True,False,False,1.395965945777154,3500.476720005256
2026-05-08T16:00:00+00:00,2026-05-08T19:00:00+03:00,2026-05,EBM0526,2507.5659843219123,EPIAS_VEP:EBM0526,True,False,False,1.5035551601521027,3770.263775149098
2026-05-08T17:00:00+00:00,2026-05-08T20:00:00+03:00,2026-05,EBM0526,2507.565984924969,EPIAS_VEP:EBM0526,True,False,False,1.534640388460407,3848.2120371953574
2026-05-08T18:00:00+00:00,2026-05-08T21:00:00+03:00,2026-05,EBM0526,2507.565985487922,EPIAS_VEP:EBM0526,True,False,False,1.5154532126500773,3800.098928639728
2026-05-08T19:00:00+00:00,2026-05-08T22:00:00+03:00,2026-05,EBM0526,2507.565986010816,EPIAS_VEP:EBM0526,True,False,False,1.3622894314272789,3416.030641349058
2026-05-08T20:00:00+00:00,2026-05-08T23:00:00+03:00,2026-05,EBM0526,2507.5659864940617,EPIAS_VEP:EBM0526,True,False,False,1.2749148459076185,3196.933103274262
2026-05-08T21:00:00+00:00,2026-05-09T00:00:00+03:00,2026-05,EBM0526,2507.565986938387,EPIAS_VEP:EBM0526,True,False,False,1.3712778659626692,3438.569735329446
2026-05-08T22:00:00+00:00,2026-05-09T01:00:00+03:00,2026-05,EBM0526,2507.565987344785,EPIAS_VEP:EBM0526,True,False,False,1.308950221522415,3282.279054617029
2026-05-08T23:00:00+00:00,2026-05-09T02:00:00+03:00,2026-05,EBM0526,2507.5659877144685,EPIAS_VEP:EBM0526,True,False,False,1.1929730349263679,2991.4586066418647
2026-05-09T00:00:00+00:00,2026-05-09T03:00:00+03:00,2026-05,EBM0526,2507.565988048834,EPIAS_VEP:EBM0526,True,False,False,1.128000189932826,2828.534910788179
2026-05-09T01:00:00+00:00,2026-05-09T04:00:00+03:00,2026-05,EBM0526,2507.565988349422,EPIAS_VEP:EBM0526,True,False,False,1.1759268119162476,2948.71407834935
2026-05-09T02:00:00+00:00,2026-05-09T05:00:00+03:00,2026-05,EBM0526,2507.565988617885,EPIAS_VEP:EBM0526,True,False,False,1.194756423959063,2995.9305734024765
2026-05-09T03:00:00+00:00,2026-05-09T06:00:00+03:00,2026-05,EBM0526,2507.5659888559576,EPIAS_VEP:EBM0526,True,False,False,1.0444490850094603,2619.0250026614476
2026-05-09T04:00:00+00:00,2026-05-09T07:00:00+03:00,2026-05,EBM0526,2507.565989065425,EPIAS_VEP:EBM0526,True,False,False,0.5948175729600272,1491.5443156530064
2026-05-09T05:00:00+00:00,2026-05-09T08:00:00+03:00,2026-05,EBM0526,2507.565989248106,EPIAS_VEP:EBM0526,True,False,False,0.8970554173697558,2249.425655067164
2026-05-09T06:00:00+00:00,2026-05-09T09:00:00+03:00,2026-05,EBM0526,2507.565989405829,EPIAS_VEP:EBM0526,True,False,False,0.8118196603999549,2035.691369949917
2026-05-09T07:00:00+00:00,2026-05-09T10:00:00+03:00,2026-05,EBM0526,2507.5659895404165,EPIAS_VEP:EBM0526,True,False,False,0.6263294363009648,1570.5623927163201
2026-05-09T08:00:00+00:00,2026-05-09T11:00:00+03:00,2026-05,EBM0526,2507.565989653663,EPIAS_VEP:EBM0526,True,False,False,0.5521873478296344,1384.6462133346488
2026-05-09T09:00:00+00:00,2026-05-09T12:00:00+03:00,2026-05,EBM0526,2507.565989747328,EPIAS_VEP:EBM0526,True,False,False,0.35436735760140536,888.5995337979133
2026-05-09T10:00:00+00:00,2026-05-09T13:00:00+03:00,2026-05,EBM0526,2507.56598982312,EPIAS_VEP:EBM0526,True,False,False,0.5380935592178947,1349.305108437666
2026-05-09T11:00:00+00:00,2026-05-09T14:00:00+03:00,2026-05,EBM0526,2507.5659898826893,EPIAS_VEP:EBM0526,True,False,False,0.6073929289274613,1523.0778510737355
2026-05-09T12:00:00+00:00,2026-05-09T15:00:00+03:00,2026-05,EBM0526,2507.5659899276206,EPIAS_VEP:EBM0526,True,False,False,0.52628621555681,1319.6974150979734
2026-05-09T13:00:00+00:00,2026-05-09T16:00:00+03:00,2026-05,EBM0526,2507.565989959425,EPIAS_VEP:EBM0526,True,False,False,0.7390412648326388,1853.1947408709216
2026-05-09T14:00:00+00:00,2026-05-09T17:00:00+03:00,2026-05,EBM0526,2507.565989979539,EPIAS_VEP:EBM0526,True,False,False,1.0423062137962857,2613.6516128599083
2026-05-09T15:00:00+00:00,2026-05-09T18:00:00+03:00,2026-05,EBM0526,2507.5659899893176,EPIAS_VEP:EBM0526,True,False,False,1.318707047040096,3306.7449419169875
2026-05-09T16:00:00+00:00,2026-05-09T19:00:00+03:00,2026-05,EBM0526,2507.565989990033,EPIAS_VEP:EBM0526,True,False,False,1.492004509864697,3741.299765848463
2026-05-09T17:00:00+00:00,2026-05-09T20:00:00+03:00,2026-05,EBM0526,2507.565989982875,EPIAS_VEP:EBM0526,True,False,False,1.531754011549246,3840.974264380726
2026-05-09T18:00:00+00:00,2026-05-09T21:00:00+03:00,2026-05,EBM0526,2507.565989968949,EPIAS_VEP:EBM0526,True,False,False,1.5160431565519863,3801.5782586949317
2026-05-09T19:00:00+00:00,2026-05-09T22:00:00+03:00,2026-05,EBM0526,2507.565989949276,EPIAS_VEP:EBM0526,True,False,False,1.3883367180456276,3481.3459367690134
2026-05-09T20:00:00+00:00,2026-05-09T23:00:00+03:00,2026-05,EBM0526,2507.5659899247958,EPIAS_VEP:EBM0526,True,False,False,1.2742275148564226,3195.209579680358
2026-05-09T21:00:00+00:00,2026-05-10T00:00:00+03:00,2026-05,EBM0526,2507.56598989637,EPIAS_VEP:EBM0526,True,False,False,1.2617721715111456,3163.9769842790383
2026-05-09T22:00:00+00:00,2026-05-10T01:00:00+03:00,2026-05,EBM0526,2507.565989864784,EPIAS_VEP:EBM0526,True,False,False,1.1752789541949829,2947.0895341431906
2026-05-09T23:00:00+00:00,2026-05-10T02:00:00+03:00,2026-05,EBM0526,2507.565989830748,EPIAS_VEP:EBM0526,True,False,False,1.05611665873449,2648.2822147362936
2026-05-10T00:00:00+00:00,2026-05-10T03:00:00+03:00,2026-05,EBM0526,2507.565989794902,EPIAS_VEP:EBM0526,True,False,False,1.0249819774434348,2570.2099467898825
2026-05-10T01:00:00+00:00,2026-05-10T04:00:00+03:00,2026-05,EBM0526,2507.565989757819,EPIAS_VEP:EBM0526,True,False,False,1.0665956368274916,2674.5589437327003
2026-05-10T02:00:00+00:00,2026-05-10T05:00:00+03:00,2026-05,EBM0526,2507.565989720005,EPIAS_VEP:EBM0526,True,False,False,1.0561756241585711,2648.4300743113313
2026-05-10T03:00:00+00:00,2026-05-10T06:00:00+03:00,2026-05,EBM0526,2507.565989681908,EPIAS_VEP:EBM0526,True,False,False,0.9948136267979333,2494.560816630608
2026-05-10T04:00:00+00:00,2026-05-10T07:00:00+03:00,2026-05,EBM0526,2507.565989643921,EPIAS_VEP:EBM0526,True,False,False,0.41764365097208994,1047.269014968329
2026-05-10T05:00:00+00:00,2026-05-10T08:00:00+03:00,2026-05,EBM0526,2507.5659896063844,EPIAS_VEP:EBM0526,True,False,False,0.23118843731737934,579.7202626073079
2026-05-10T06:00:00+00:00,2026-05-10T09:00:00+03:00,2026-05,EBM0526,2507.565989569589,EPIAS_VEP:EBM0526,True,False,False,0.15278002363730395,383.10599115854126
2026-05-10T07:00:00+00:00,2026-05-10T10:00:00+03:00,2026-05,EBM0526,2507.5659895337826,EPIAS_VEP:EBM0526,True,False,False,0.07102541656926856,178.10091898156702
2026-05-10T08:00:00+00:00,2026-05-10T11:00:00+03:00,2026-05,EBM0526,2507.5659894991704,EPIAS_VEP:EBM0526,True,False,False,0.05095353461645314,127.76935044898656
2026-05-10T09:00:00+00:00,2026-05-10T12:00:00+03:00,2026-05,EBM0526,2507.5659894659198,EPIAS_VEP:EBM0526,True,False,False,0.010855887278311552,27.221853724569797
2026-05-10T10:00:00+00:00,2026-05-10T13:00:00+03:00,2026-05,EBM0526,2507.565989434162,EPIAS_VEP:EBM0526,True,False,False,0.035294689014950406,88.50376178154517
2026-05-10T11:00:00+00:00,2026-05-10T14:00:00+03:00,2026-05,EBM0526,2507.5659894040004,EPIAS_VEP:EBM0526,True,False,False,0.09448240136044199,236.9208562486626
2026-05-10T12:00:00+00:00,2026-05-10T15:00:00+03:00,2026-05,EBM0526,2507.565989375507,EPIAS_VEP:EBM0526,True,False,False,0.12154831179128373,304.79041271383295
2026-05-10T13:00:00+00:00,2026-05-10T16:00:00+03:00,2026-05,EBM0526,2507.565989348729,EPIAS_VEP:EBM0526,True,False,False,0.26210287032915275,657.2402433480636
2026-05-10T14:00:00+00:00,2026-05-10T17:00:00+03:00,2026-05,EBM0526,2507.565989323693,EPIAS_VEP:EBM0526,True,False,False,0.7377903585399578,1850.0580103257314
2026-05-10T15:00:00+00:00,2026-05-10T18:00:00+03:00,2026-05,EBM0526,2507.5659893004013,EPIAS_VEP:EBM0526,True,False,False,1.1874411393755484,2977.587015394243
2026-05-10T16:00:00+00:00,2026-05-10T19:00:00+03:00,2026-05,EBM0526,2507.565989278843,EPIAS_VEP:EBM0526,True,False,False,1.4497293959348134,3635.2921269038998
2026-05-10T17:00:00+00:00,2026-05-10T20:00:00+03:00,2026-05,EBM0526,2507.5659892589924,EPIAS_VEP:EBM0526,True,False,False,1.4994678376567137,3760.0145516956995
2026-05-10T18:00:00+00:00,2026-05-10T21:00:00+03:00,2026-05,EBM0526,2507.56598924081,EPIAS_VEP:EBM0526,True,False,False,1.489139414358443,3734.1153486832095
2026-05-10T19:00:00+00:00,2026-05-10T22:00:00+03:00,2026-05,EBM0526,2507.565989224244,EPIAS_VEP:EBM0526,True,False,False,1.234059676342034,3094.4860730683627
2026-05-10T20:00:00+00:00,2026-05-10T23:00:00+03:00,2026-05,EBM0526,2507.5659892092367,EPIAS_VEP:EBM0526,True,False,False,1.1222061226187754,2814.0059059612113
2026-05-10T21:00:00+00:00,2026-05-11T00:00:00+03:00,2026-05,EBM0526,2507.565989195724,EPIAS_VEP:EBM0526,True,False,False,1.3401334933254399,3360.473168844928
2026-05-10T22:00:00+00:00,2026-05-11T01:00:00+03:00,2026-05,EBM0526,2507.565989183634,EPIAS_VEP:EBM0526,True,False,False,1.264593857622639,3171.0525475050604
2026-05-10T23:00:00+00:00,2026-05-11T02:00:00+03:00,2026-05,EBM0526,2507.565989172891,EPIAS_VEP:EBM0526,True,False,False,1.1607445784290982,2910.6436269856317
2026-05-11T00:00:00+00:00,2026-05-11T03:00:00+03:00,2026-05,EBM0526,2507.565989163417,EPIAS_VEP:EBM0526,True,False,False,1.1225092560260037,2814.766032931937
2026-05-11T01:00:00+00:00,2026-05-11T04:00:00+03:00,2026-05,EBM0526,2507.5659891551304,EPIAS_VEP:EBM0526,True,False,False,1.175471955685394,2947.5734972823607
2026-05-11T02:00:00+00:00,2026-05-11T05:00:00+03:00,2026-05,EBM0526,2507.565989147952,EPIAS_VEP:EBM0526,True,False,False,1.166066209763116,2923.9879686966515
2026-05-11T03:00:00+00:00,2026-05-11T06:00:00+03:00,2026-05,EBM0526,2507.565989141799,EPIAS_VEP:EBM0526,True,False,False,1.063695618683368,2667.2869562095575
2026-05-11T04:00:00+00:00,2026-05-11T07:00:00+03:00,2026-05,EBM0526,2507.565989136594,EPIAS_VEP:EBM0526,True,False,False,0.8604558909420497,2157.64992727851
2026-05-11T05:00:00+00:00,2026-05-11T08:00:00+03:00,2026-05,EBM0526,2507.56598913226,EPIAS_VEP:EBM0526,True,False,False,1.3386287276174393,3356.6998694488825
2026-05-11T06:00:00+00:00,2026-05-11T09:00:00+03:00,2026-05,EBM0526,2507.5659891287182,EPIAS_VEP:EBM0526,True,False,False,1.2472103464901225,3127.4622461480753
2026-05-11T07:00:00+00:00,2026-05-11T10:00:00+03:00,2026-05,EBM0526,2507.565989125897,EPIAS_VEP:EBM0526,True,False,False,0.9696873174271434,2431.5549372670325
2026-05-11T08:00:00+00:00,2026-05-11T11:00:00+03:00,2026-05,EBM0526,2507.5659891237274,EPIAS_VEP:EBM0526,True,False,False,0.9797907307438162,2456.889912871877
2026-05-11T09:00:00+00:00,2026-05-11T12:00:00+03:00,2026-05,EBM0526,2507.56598912214,EPIAS_VEP:EBM0526,True,False,False,0.5826818746136495,1461.1132512591187
2026-05-11T10:00:00+00:00,2026-05-11T13:00:00+03:00,2026-05,EBM0526,2507.565989121071,EPIAS_VEP:EBM0526,True,False,False,0.7226743857173664,1812.1537108338305
2026-05-11T11:00:00+00:00,2026-05-11T14:00:00+03:00,2026-05,EBM0526,2507.565989120464,EPIAS_VEP:EBM0526,True,False,False,1.0057339490194854,2521.9442446650764
2026-05-11T12:00:00+00:00,2026-05-11T15:00:00+03:00,2026-05,EBM0526,2507.5659891202613,EPIAS_VEP:EBM0526,True,False,False,0.9807718967642183,2459.350251410922
2026-05-11T13:00:00+00:00,2026-05-11T16:00:00+03:00,2026-05,EBM0526,2507.565989120413,EPIAS_VEP:EBM0526,True,False,False,1.1677447750119678,2928.1970817930796
2026-05-11T14:00:00+00:00,2026-05-11T17:00:00+03:00,2026-05,EBM0526,2507.5659891208707,EPIAS_VEP:EBM0526,True,False,False,1.345572889252698,3374.112812973169
2026-05-11T15:00:00+00:00,2026-05-11T18:00:00+03:00,2026-05,EBM0526,2507.565989121588,EPIAS_VEP:EBM0526,True,False,False,1.3893849457023077,3483.974435640651
2026-05-11T16:00:00+00:00,2026-05-11T19:00:00+03:00,2026-05,EBM0526,2507.565989122524,EPIAS_VEP:EBM0526,True,False,False,1.5010190994720236,3763.904442859365
2026-05-11T17:00:00+00:00,2026-05-11T20:00:00+03:00,2026-05,EBM0526,2507.5659891236382,EPIAS_VEP:EBM0526,True,False,False,1.5324694962965157,3842.7683882825763
2026-05-11T18:00:00+00:00,2026-05-11T21:00:00+03:00,2026-05,EBM0526,2507.565989124897,EPIAS_VEP:EBM0526,True,False,False,1.5152276789243566,3799.533393451376
2026-05-11T19:00:00+00:00,2026-05-11T22:00:00+03:00,2026-05,EBM0526,2507.565989126272,EPIAS_VEP:EBM0526,True,False,False,1.3659055781542904,3425.0983721375555
2026-05-11T20:00:00+00:00,2026-05-11T23:00:00+03:00,2026-05,EBM0526,2507.565989127735,EPIAS_VEP:EBM0526,True,False,False,1.2775662434106563,3203.581660834247
2026-05-11T21:00:00+00:00,2026-05-12T00:00:00+03:00,2026-05,EBM0526,2507.565989129264,EPIAS_VEP:EBM0526,True,False,False,1.3404808248853217,3361.3441255623734
2026-05-11T22:00:00+00:00,2026-05-12T01:00:00+03:00,2026-05,EBM0526,2507.565989130838,EPIAS_VEP:EBM0526,True,False,False,1.2656003928175261,3173.576500859857
2026-05-11T23:00:00+00:00,2026-05-12T02:00:00+03:00,2026-05,EBM0526,2507.565989132439,EPIAS_VEP:EBM0526,True,False,False,1.1624805439336368,2914.9966749961654
2026-05-12T00:00:00+00:00,2026-05-12T03:00:00+03:00,2026-05,EBM0526,2507.565989134049,EPIAS_VEP:EBM0526,True,False,False,1.1252900954906662,2821.7391713618003
2026-05-12T01:00:00+00:00,2026-05-12T04:00:00+03:00,2026-05,EBM0526,2507.565989135652,EPIAS_VEP:EBM0526,True,False,False,1.1778490814059193,2953.5342968681534
2026-05-12T02:00:00+00:00,2026-05-12T05:00:00+03:00,2026-05,EBM0526,2507.5659891372334,EPIAS_VEP:EBM0526,True,False,False,1.1661649459482077,2924.235556183786
2026-05-12T03:00:00+00:00,2026-05-12T06:00:00+03:00,2026-05,EBM0526,2507.5659891387822,EPIAS_VEP:EBM0526,True,False,False,1.0614124121923603,2661.5616652633166
2026-05-12T04:00:00+00:00,2026-05-12T07:00:00+03:00,2026-05,EBM0526,2507.5659891402893,EPIAS_VEP:EBM0526,True,False,False,0.8563935223272707,2147.463269907919
2026-05-12T05:00:00+00:00,2026-05-12T08:00:00+03:00,2026-05,EBM0526,2507.5659891417463,EPIAS_VEP:EBM0526,True,False,False,1.3364821249512557,3351.3171216236587
2026-05-12T06:00:00+00:00,2026-05-12T09:00:00+03:00,2026-05,EBM0526,2507.565989143145,EPIAS_VEP:EBM0526,True,False,False,1.24694533778631,3126.7977193535617
2026-05-12T07:00:00+00:00,2026-05-12T10:00:00+03:00,2026-05,EBM0526,2507.565989144482,EPIAS_VEP:EBM0526,True,False,False,0.9706947145321295,2434.08105200308
2026-05-12T08:00:00+00:00,2026-05-12T11:00:00+03:00,2026-05,EBM0526,2507.565989145751,EPIAS_VEP:EBM0526,True,False,False,0.9810456349501806,2460.0366680009706
2026-05-12T09:00:00+00:00,2026-05-12T12:00:00+03:00,2026-05,EBM0526,2507.565989146949,EPIAS_VEP:EBM0526,True,False,False,0.5851400672721366,1467.2773315787676
2026-05-12T10:00:00+00:00,2026-05-12T13:00:00+03:00,2026-05,EBM0526,2507.565989148078,EPIAS_VEP:EBM0526,True,False,False,0.7263676653885504,1821.4148533452205
2026-05-12T11:00:00+00:00,2026-05-12T14:00:00+03:00,2026-05,EBM0526,2507.565989149136,EPIAS_VEP:EBM0526,True,False,False,1.0086921521674233,2529.3621342966753
2026-05-12T12:00:00+00:00,2026-05-12T15:00:00+03:00,2026-05,EBM0526,2507.565989150123,EPIAS_VEP:EBM0526,True,False,False,0.9832671532281443,2465.6072716833573
2026-05-12T13:00:00+00:00,2026-05-12T16:00:00+03:00,2026-05,EBM0526,2507.56598915104,EPIAS_VEP:EBM0526,True,False,False,1.1685671477850634,2930.259235825062
2026-05-12T14:00:00+00:00,2026-05-12T17:00:00+03:00,2026-05,EBM0526,2507.565989151887,EPIAS_VEP:EBM0526,True,False,False,1.344018642742699,3370.215437327673
2026-05-12T15:00:00+00:00,2026-05-12T18:00:00+03:00,2026-05,EBM0526,2507.5659891526643,EPIAS_VEP:EBM0526,True,False,False,1.3870527904831704,3478.1264025748947
2026-05-12T16:00:00+00:00,2026-05-12T19:00:00+03:00,2026-05,EBM0526,2507.5659891533724,EPIAS_VEP:EBM0526,True,False,False,1.4999185047336276,3761.144628971826
2026-05-12T17:00:00+00:00,2026-05-12T20:00:00+03:00,2026-05,EBM0526,2507.5659891540136,EPIAS_VEP:EBM0526,True,False,False,1.5314443573275283,3840.197784716336
2026-05-12T18:00:00+00:00,2026-05-12T21:00:00+03:00,2026-05,EBM0526,2507.5659891545906,EPIAS_VEP:EBM0526,True,False,False,1.5148685873617898,3798.6329477070835
2026-05-12T19:00:00+00:00,2026-05-12T22:00:00+03:00,2026-05,EBM0526,2507.565989155107,EPIAS_VEP:EBM0526,True,False,False,1.3669016206078086,3427.5960143571388
2026-05-12T20:00:00+00:00,2026-05-12T23:00:00+03:00,2026-05,EBM0526,2507.5659891555674,EPIAS_VEP:EBM0526,True,False,False,1.278288443825688,3205.3926260678927
2026-05-12T21:00:00+00:00,2026-05-13T00:00:00+03:00,2026-05,EBM0526,2507.565989155976,EPIAS_VEP:EBM0526,True,False,False,1.340746341464128,3362.009925940752
2026-05-12T22:00:00+00:00,2026-05-13T01:00:00+03:00,2026-05,EBM0526,2507.5659891563346,EPIAS_VEP:EBM0526,True,False,False,1.2665422336525582,3175.9382289372506
2026-05-12T23:00:00+00:00,2026-05-13T02:00:00+03:00,2026-05,EBM0526,2507.5659891566465,EPIAS_VEP:EBM0526,True,False,False,1.164175386771528,2919.2466052815685
2026-05-13T00:00:00+00:00,2026-05-13T03:00:00+03:00,2026-05,EBM0526,2507.565989156916,EPIAS_VEP:EBM0526,True,False,False,1.128029996228103,2828.6096532903957
2026-05-13T01:00:00+00:00,2026-05-13T04:00:00+03:00,2026-05,EBM0526,2507.5659891571486,EPIAS_VEP:EBM0526,True,False,False,1.1801532785239996,2959.312223219085
2026-05-13T02:00:00+00:00,2026-05-13T05:00:00+03:00,2026-05,EBM0526,2507.565989157347,EPIAS_VEP:EBM0526,True,False,False,1.166207901897392,2924.343271084448
2026-05-13T03:00:00+00:00,2026-05-13T06:00:00+03:00,2026-05,EBM0526,2507.5659891575137,EPIAS_VEP:EBM0526,True,False,False,1.0591045597129363,2655.774572897802
2026-05-13T04:00:00+00:00,2026-05-13T07:00:00+03:00,2026-05,EBM0526,2507.56598915765,EPIAS_VEP:EBM0526,True,False,False,0.8523716353877051,2137.3781230208947
2026-05-13T05:00:00+00:00,2026-05-13T08:00:00+03:00,2026-05,EBM0526,2507.565989157759,EPIAS_VEP:EBM0526,True,False,False,1.3342805685492378,3345.7965736881465
2026-05-13T06:00:00+00:00,2026-05-13T09:00:00+03:00,2026-05,EBM0526,2507.5659891578407,EPIAS_VEP:EBM0526,True,False,False,1.2466642116379194,3126.092777003519
2026-05-13T07:00:00+00:00,2026-05-13T10:00:00+03:00,2026-05,EBM0526,2507.565989157898,EPIAS_VEP:EBM0526,True,False,False,0.9717882782249712,2436.8232351392503
2026-05-13T08:00:00+00:00,2026-05-13T11:00:00+03:00,2026-05,EBM0526,2507.565989157934,EPIAS_VEP:EBM0526,True,False,False,0.9823627283092169,2463.339366524588
2026-05-13T09:00:00+00:00,2026-05-13T12:00:00+03:00,2026-05,EBM0526,2507.565989157952,EPIAS_VEP:EBM0526,True,False,False,0.5877790530293936,1473.8947625159758
2026-05-13T10:00:00+00:00,2026-05-13T13:00:00+03:00,2026-05,EBM0526,2507.5659891579558,EPIAS_VEP:EBM0526,True,False,False,0.7301901623548731,1831.0000167388057
2026-05-13T11:00:00+00:00,2026-05-13T14:00:00+03:00,2026-05,EBM0526,2507.5659891579485,EPIAS_VEP:EBM0526,True,False,False,1.0116742639366436,2536.839976353929
2026-05-13T12:00:00+00:00,2026-05-13T15:00:00+03:00,2026-05,EBM0526,2507.5659891579344,EPIAS_VEP:EBM0526,True,False,False,0.9858114716016398,2471.987317910005
2026-05-13T13:00:00+00:00,2026-05-13T16:00:00+03:00,2026-05,EBM0526,2507.565989157914,EPIAS_VEP:EBM0526,True,False,False,1.169379840892312,2932.2971174284544
2026-05-13T14:00:00+00:00,2026-05-13T17:00:00+03:00,2026-05,EBM0526,2507.565989157889,EPIAS_VEP:EBM0526,True,False,False,1.3424088710536473,3366.1788285979637
2026-05-13T15:00:00+00:00,2026-05-13T18:00:00+03:00,2026-05,EBM0526,2507.56598915786,EPIAS_VEP:EBM0526,True,False,False,1.384655196230305,3472.1142767778156
2026-05-13T16:00:00+00:00,2026-05-13T19:00:00+03:00,2026-05,EBM0526,2507.5659891578266,EPIAS_VEP:EBM0526,True,False,False,1.4986928345233301,3758.0711800452414
2026-05-13T17:00:00+00:00,2026-05-13T20:00:00+03:00,2026-05,EBM0526,2507.565989157793,EPIAS_VEP:EBM0526,True,False,False,1.5302714016666163,3837.256521000031
2026-05-13T18:00:00+00:00,2026-05-13T21:00:00+03:00,2026-05,EBM0526,2507.56598915776,EPIAS_VEP:EBM0526,True,False,False,1.5143690569424832,3797.3803422218825
2026-05-13T19:00:00+00:00,2026-05-13T22:00:00+03:00,2026-05,EBM0526,2507.5659891577275,EPIAS_VEP:EBM0526,True,False,False,1.367792981002955,3429.8311593716717
2026-05-13T20:00:00+00:00,2026-05-13T23:00:00+03:00,2026-05,EBM0526,2507.565989157695,EPIAS_VEP:EBM0526,True,False,False,1.2789301964054927,3207.0018630131844
2026-05-13T21:00:00+00:00,2026-05-14T00:00:00+03:00,2026-05,EBM0526,2507.565989157664,EPIAS_VEP:EBM0526,True,False,False,1.3409308767931565,3362.472660457885
2026-05-13T22:00:00+00:00,2026-05-14T01:00:00+03:00,2026-05,EBM0526,2507.565989157632,EPIAS_VEP:EBM0526,True,False,False,1.2674196635585704,3178.1384423290797
2026-05-13T23:00:00+00:00,2026-05-14T02:00:00+03:00,2026-05,EBM0526,2507.5659891575992,EPIAS_VEP:EBM0526,True,False,False,1.1658287990180394,2923.392645598086
2026-05-14T00:00:00+00:00,2026-05-14T03:00:00+03:00,2026-05,EBM0526,2507.565989157566,EPIAS_VEP:EBM0526,True,False,False,1.1307275847990912,2835.374034644479
2026-05-14T01:00:00+00:00,2026-05-14T04:00:00+03:00,2026-05,EBM0526,2507.565989157533,EPIAS_VEP:EBM0526,True,False,False,1.1823834460622618,2964.9045154886076
2026-05-14T02:00:00+00:00,2026-05-14T05:00:00+03:00,2026-05,EBM0526,2507.565989157501,EPIAS_VEP:EBM0526,True,False,False,1.166196048110745,2924.313546932389
2026-05-14T03:00:00+00:00,2026-05-14T06:00:00+03:00,2026-05,EBM0526,2507.5659891574705,EPIAS_VEP:EBM0526,True,False,False,1.0567747111930519,2649.9323239894056
2026-05-14T04:00:00+00:00,2026-05-14T07:00:00+03:00,2026-05,EBM0526,2507.565989157444,EPIAS_VEP:EBM0526,True,False,False,0.8483936047069104,2127.402948581733
2026-05-14T05:00:00+00:00,2026-05-14T08:00:00+03:00,2026-05,EBM0526,2507.565989157421,EPIAS_VEP:EBM0526,True,False,False,1.3320259877693188,3340.1430636041628
2026-05-14T06:00:00+00:00,2026-05-14T09:00:00+03:00,2026-05,EBM0526,2507.565989157404,EPIAS_VEP:EBM0526,True,False,False,1.2463663256636297,3125.345808265199
2026-05-14T07:00:00+00:00,2026-05-14T10:00:00+03:00,2026-05,EBM0526,2507.565989157392,EPIAS_VEP:EBM0526,True,False,False,0.9729654560411342,2439.7750861937593
2026-05-14T08:00:00+00:00,2026-05-14T11:00:00+03:00,2026-05,EBM0526,2507.565989157387,EPIAS_VEP:EBM0526,True,False,False,0.983739805990768,2466.792479682736
2026-05-14T09:00:00+00:00,2026-05-14T12:00:00+03:00,2026-05,EBM0526,2507.565989157389,EPIAS_VEP:EBM0526,True,False,False,0.5905943924338906,1480.954411854296
2026-05-14T10:00:00+00:00,2026-05-14T13:00:00+03:00,2026-05,EBM0526,2507.5659891574,EPIAS_VEP:EBM0526,True,False,False,0.7341376805407678,1840.8986790829297
2026-05-14T11:00:00+00:00,2026-05-14T14:00:00+03:00,2026-05,EBM0526,2507.56598915742,EPIAS_VEP:EBM0526,True,False,False,1.0146774888727943,2544.3707610610754
2026-05-14T12:00:00+00:00,2026-05-14T15:00:00+03:00,2026-05,EBM0526,2507.5659891574487,EPIAS_VEP:EBM0526,True,False,False,0.9884020871291483,2478.4834572972895
2026-05-14T13:00:00+00:00,2026-05-14T16:00:00+03:00,2026-05,EBM0526,2507.5659891574846,EPIAS_VEP:EBM0526,True,False,False,1.1701819797309783,2934.3085334983743
2026-05-14T14:00:00+00:00,2026-05-14T17:00:00+03:00,2026-05,EBM0526,2507.5659891575265,EPIAS_VEP:EBM0526,True,False,False,1.3407451853242143,3362.0070268457043
2026-05-14T15:00:00+00:00,2026-05-14T18:00:00+03:00,2026-05,EBM0526,2507.565989157573,EPIAS_VEP:EBM0526,True,False,False,1.3821945486898655,3465.9440406937074
2026-05-14T16:00:00+00:00,2026-05-14T19:00:00+03:00,2026-05,EBM0526,2507.565989157621,EPIAS_VEP:EBM0526,True,False,False,1.4973438003757813,3754.6883878983276
2026-05-14T17:00:00+00:00,2026-05-14T20:00:00+03:00,2026-05,EBM0526,2507.565989157671,EPIAS_VEP:EBM0526,True,False,False,1.5289526065780954,3833.9495552892013
2026-05-14T18:00:00+00:00,2026-05-14T21:00:00+03:00,2026-05,EBM0526,2507.5659891577216,EPIAS_VEP:EBM0526,True,False,False,1.5137301994085777,3795.7783647978854
2026-05-14T19:00:00+00:00,2026-05-14T22:00:00+03:00,2026-05,EBM0526,2507.565989157773,EPIAS_VEP:EBM0526,True,False,False,1.3685797944843694,3431.804146097539
2026-05-14T20:00:00+00:00,2026-05-14T23:00:00+03:00,2026-05,EBM0526,2507.5659891578266,EPIAS_VEP:EBM0526,True,False,False,1.2794918161006865,3208.410161459862
2026-05-14T21:00:00+00:00,2026-05-15T00:00:00+03:00,2026-05,EBM0526,2507.565989157882,EPIAS_VEP:EBM0526,True,False,False,1.3410353344038477,3362.7345948100556
2026-05-14T22:00:00+00:00,2026-05-15T01:00:00+03:00,2026-05,EBM0526,2507.565989157939,EPIAS_VEP:EBM0526,True,False,False,1.2682330146277636,3180.177973807823
2026-05-14T23:00:00+00:00,2026-05-15T02:00:00+03:00,2026-05,EBM0526,2507.565989157996,EPIAS_VEP:EBM0526,True,False,False,1.167440491981206,2927.4340720579503
2026-05-15T00:00:00+00:00,2026-05-15T03:00:00+03:00,2026-05,EBM0526,2507.5659891580517,EPIAS_VEP:EBM0526,True,False,False,1.1333815068206163,2842.028919244082
2026-05-15T01:00:00+00:00,2026-05-15T04:00:00+03:00,2026-05,EBM0526,2507.565989158104,EPIAS_VEP:EBM0526,True,False,False,1.1845385319785908,2970.3085356367833
2026-05-15T02:00:00+00:00,2026-05-15T05:00:00+03:00,2026-05,EBM0526,2507.5659891581527,EPIAS_VEP:EBM0526,True,False,False,1.1661303905490905,2924.148906264613
2026-05-15T03:00:00+00:00,2026-05-15T06:00:00+03:00,2026-05,EBM0526,2507.565989158195,EPIAS_VEP:EBM0526,True,False,False,1.054425552668792,2644.0416539715957
2026-05-15T04:00:00+00:00,2026-05-15T07:00:00+03:00,2026-05,EBM0526,2507.565989158229,EPIAS_VEP:EBM0526,True,False,False,0.8444627978523938,2117.5461910040635
2026-05-15T05:00:00+00:00,2026-05-15T08:00:00+03:00,2026-05,EBM0526,2507.5659891582545,EPIAS_VEP:EBM0526,True,False,False,1.3297203696715127,3334.3615740792266
2026-05-15T06:00:00+00:00,2026-05-15T09:00:00+03:00,2026-05,EBM0526,2507.5659891582704,EPIAS_VEP:EBM0526,True,False,False,1.2460510543401688,3124.5552446182114
2026-05-15T07:00:00+00:00,2026-05-15T10:00:00+03:00,2026-05,EBM0526,2507.5659891582754,EPIAS_VEP:EBM0526,True,False,False,0.9742236070107859,2442.9299827753443
2026-05-15T08:00:00+00:00,2026-05-15T11:00:00+03:00,2026-05,EBM0526,2507.565989158269,EPIAS_VEP:EBM0526,True,False,False,0.985174595635903,2470.390309399341
2026-05-15T09:00:00+00:00,2026-05-15T12:00:00+03:00,2026-05,EBM0526,2507.5659891582523,EPIAS_VEP:EBM0526,True,False,False,0.5935814407238814,1488.4446325547601
2026-05-15T10:00:00+00:00,2026-05-15T13:00:00+03:00,2026-05,EBM0526,2507.5659891582254,EPIAS_VEP:EBM0526,True,False,False,0.7382058914800805,1851.0999864716778
2026-05-15T11:00:00+00:00,2026-05-15T14:00:00+03:00,2026-05,EBM0526,2507.5659891581904,EPIAS_VEP:EBM0526,True,False,False,1.017699014130885,2551.947435034428
2026-05-15T12:00:00+00:00,2026-05-15T15:00:00+03:00,2026-05,EBM0526,2507.565989158147,EPIAS_VEP:EBM0526,True,False,False,0.991036198684358,2485.0886658454724
2026-05-15T13:00:00+00:00,2026-05-15T16:00:00+03:00,2026-05,EBM0526,2507.5659891580976,EPIAS_VEP:EBM0526,True,False,False,1.1709727167574047,2936.2913587729263
2026-05-15T14:00:00+00:00,2026-05-15T17:00:00+03:00,2026-05,EBM0526,2507.5659891580435,EPIAS_VEP:EBM0526,True,False,False,1.3390292565893989,3357.7042223111557
2026-05-15T15:00:00+00:00,2026-05-15T18:00:00+03:00,2026-05,EBM0526,2507.565989157986,EPIAS_VEP:EBM0526,True,False,False,1.3796732982834983,3459.6218389251217
2026-05-15T16:00:00+00:00,2026-05-15T19:00:00+03:00,2026-05,EBM0526,2507.565989157926,EPIAS_VEP:EBM0526,True,False,False,1.4958732339218068,3751.0008454740014
2026-05-15T17:00:00+00:00,2026-05-15T20:00:00+03:00,2026-05,EBM0526,2507.5659891578644,EPIAS_VEP:EBM0526,True,False,False,1.5274900890836351,3830.2821961618397
2026-05-15T18:00:00+00:00,2026-05-15T21:00:00+03:00,2026-05,EBM0526,2507.5659891578016,EPIAS_VEP:EBM0526,True,False,False,1.5129532584870262,3793.830134167539
2026-05-15T19:00:00+00:00,2026-05-15T22:00:00+03:00,2026-05,EBM0526,2507.565989157739,EPIAS_VEP:EBM0526,True,False,False,1.3692622904901015,3433.5155498692025
2026-05-15T20:00:00+00:00,2026-05-15T23:00:00+03:00,2026-05,EBM0526,2507.565989157675,EPIAS_VEP:EBM0526,True,False,False,1.2799736862801157,3209.618482732794
2026-05-15T21:00:00+00:00,2026-05-16T00:00:00+03:00,2026-05,EBM0526,2507.56598915761,EPIAS_VEP:EBM0526,True,False,False,1.3706571262539518,3437.0131925909177
2026-05-15T22:00:00+00:00,2026-05-16T01:00:00+03:00,2026-05,EBM0526,2507.5659891575447,EPIAS_VEP:EBM0526,True,False,False,1.3088890838438023,3282.1257502262965
2026-05-15T23:00:00+00:00,2026-05-16T02:00:00+03:00,2026-05,EBM0526,2507.5659891574783,EPIAS_VEP:EBM0526,True,False,False,1.191957256096807,2988.9114759178237
2026-05-16T00:00:00+00:00,2026-05-16T03:00:00+03:00,2026-05,EBM0526,2507.565989157411,EPIAS_VEP:EBM0526,True,False,False,1.1284121735483341,2829.5679881409924
2026-05-16T01:00:00+00:00,2026-05-16T04:00:00+03:00,2026-05,EBM0526,2507.565989157344,EPIAS_VEP:EBM0526,True,False,False,1.1744271371771449,2944.953545928835
2026-05-16T02:00:00+00:00,2026-05-16T05:00:00+03:00,2026-05,EBM0526,2507.5659891572764,EPIAS_VEP:EBM0526,True,False,False,1.1828694774141368,2966.1232711759308
2026-05-16T03:00:00+00:00,2026-05-16T06:00:00+03:00,2026-05,EBM0526,2507.565989157209,EPIAS_VEP:EBM0526,True,False,False,1.0200590694774472,2557.8654295529973
2026-05-16T04:00:00+00:00,2026-05-16T07:00:00+03:00,2026-05,EBM0526,2507.565989157141,EPIAS_VEP:EBM0526,True,False,False,0.5714906989188053,1433.0506397284398
2026-05-16T05:00:00+00:00,2026-05-16T08:00:00+03:00,2026-05,EBM0526,2507.565989157072,EPIAS_VEP:EBM0526,True,False,False,0.9072351616424814,2274.952035502105
2026-05-16T06:00:00+00:00,2026-05-16T09:00:00+03:00,2026-05,EBM0526,2507.5659891570017,EPIAS_VEP:EBM0526,True,False,False,0.8195895317554459,2055.1748348990686
2026-05-16T07:00:00+00:00,2026-05-16T10:00:00+03:00,2026-05,EBM0526,2507.5659891569303,EPIAS_VEP:EBM0526,True,False,False,0.6380887384566077,1600.0496186178414
2026-05-16T08:00:00+00:00,2026-05-16T11:00:00+03:00,2026-05,EBM0526,2507.565989156859,EPIAS_VEP:EBM0526,True,False,False,0.5674418882286631,1422.8979797451434
2026-05-16T09:00:00+00:00,2026-05-16T12:00:00+03:00,2026-05,EBM0526,2507.5659891567884,EPIAS_VEP:EBM0526,True,False,False,0.37049115805378674,929.0310272189878
2026-05-16T10:00:00+00:00,2026-05-16T13:00:00+03:00,2026-05,EBM0526,2507.565989156718,EPIAS_VEP:EBM0526,True,False,False,0.5625227605513701,1410.5629424851638
2026-05-16T11:00:00+00:00,2026-05-16T14:00:00+03:00,2026-05,EBM0526,2507.5659891566484,EPIAS_VEP:EBM0526,True,False,False,0.634532278217254,1591.13155987967
2026-05-16T12:00:00+00:00,2026-05-16T15:00:00+03:00,2026-05,EBM0526,2507.565989156579,EPIAS_VEP:EBM0526,True,False,False,0.540487260670949,1355.3074724308779
2026-05-16T13:00:00+00:00,2026-05-16T16:00:00+03:00,2026-05,EBM0526,2507.5659891565087,EPIAS_VEP:EBM0526,True,False,False,0.7523660791618134,1886.6075915011968
2026-05-16T14:00:00+00:00,2026-05-16T17:00:00+03:00,2026-05,EBM0526,2507.565989156439,EPIAS_VEP:EBM0526,True,False,False,1.0258715044960731,2572.4404939191
2026-05-16T15:00:00+00:00,2026-05-16T18:00:00+03:00,2026-05,EBM0526,2507.5659891563696,EPIAS_VEP:EBM0526,True,False,False,1.2989176501592499,3257.121722254247
2026-05-16T16:00:00+00:00,2026-05-16T19:00:00+03:00,2026-05,EBM0526,2507.565989156301,EPIAS_VEP:EBM0526,True,False,False,1.4804681182664008,3712.371501395055
2026-05-16T17:00:00+00:00,2026-05-16T20:00:00+03:00,2026-05,EBM0526,2507.5659891562327,EPIAS_VEP:EBM0526,True,False,False,1.5184172662534918,3807.53149420484
2026-05-16T18:00:00+00:00,2026-05-16T21:00:00+03:00,2026-05,EBM0526,2507.565989156164,EPIAS_VEP:EBM0526,True,False,False,1.5109052721536027,3788.694673289112
2026-05-16T19:00:00+00:00,2026-05-16T22:00:00+03:00,2026-05,EBM0526,2507.5659891560945,EPIAS_VEP:EBM0526,True,False,False,1.389278847868666,3483.708388369431
2026-05-16T20:00:00+00:00,2026-05-16T23:00:00+03:00,2026-05,EBM0526,2507.565989156024,EPIAS_VEP:EBM0526,True,False,False,1.275907122161736,3199.4213048547094
2026-05-16T21:00:00+00:00,2026-05-17T00:00:00+03:00,2026-05,EBM0526,2507.5659891559512,EPIAS_VEP:EBM0526,True,False,False,1.2581551638525672,3154.9070979576304
2026-05-16T22:00:00+00:00,2026-05-17T01:00:00+03:00,2026-05,EBM0526,2507.5659891558776,EPIAS_VEP:EBM0526,True,False,False,1.1699646836629767,2933.7636492667957
2026-05-16T23:00:00+00:00,2026-05-17T02:00:00+03:00,2026-05,EBM0526,2507.5659891558016,EPIAS_VEP:EBM0526,True,False,False,1.0528470333851392,2640.0834127001576
2026-05-17T00:00:00+00:00,2026-05-17T03:00:00+03:00,2026-05,EBM0526,2507.565989155724,EPIAS_VEP:EBM0526,True,False,False,1.022434693895535,2563.8224645452874
2026-05-17T01:00:00+00:00,2026-05-17T04:00:00+03:00,2026-05,EBM0526,2507.565989155644,EPIAS_VEP:EBM0526,True,False,False,1.0624585807831022,2664.185002058281
2026-05-17T02:00:00+00:00,2026-05-17T05:00:00+03:00,2026-05,EBM0526,2507.565989155563,EPIAS_VEP:EBM0526,True,False,False,1.042981677087562,2615.3453807772003
2026-05-17T03:00:00+00:00,2026-05-17T06:00:00+03:00,2026-05,EBM0526,2507.5659891554824,EPIAS_VEP:EBM0526,True,False,False,0.9702451064097485,2432.9536299776273
2026-05-17T04:00:00+00:00,2026-05-17T07:00:00+03:00,2026-05,EBM0526,2507.565989155404,EPIAS_VEP:EBM0526,True,False,False,0.389547997667506,976.8173100946267
2026-05-17T05:00:00+00:00,2026-05-17T08:00:00+03:00,2026-05,EBM0526,2507.5659891553296,EPIAS_VEP:EBM0526,True,False,False,0.220283716619042,552.3759557586404
2026-05-17T06:00:00+00:00,2026-05-17T09:00:00+03:00,2026-05,EBM0526,2507.565989155261,EPIAS_VEP:EBM0526,True,False,False,0.15274247697712132,383.0118403671599
2026-05-17T07:00:00+00:00,2026-05-17T10:00:00+03:00,2026-05,EBM0526,2507.565989155198,EPIAS_VEP:EBM0526,True,False,False,0.08499264307894314,213.12466111316476
2026-05-17T08:00:00+00:00,2026-05-17T11:00:00+03:00,2026-05,EBM0526,2507.565989155144,EPIAS_VEP:EBM0526,True,False,False,0.07377493326562172,184.99551350906347
2026-05-17T09:00:00+00:00,2026-05-17T12:00:00+03:00,2026-05,EBM0526,2507.5659891551018,EPIAS_VEP:EBM0526,True,False,False,0.03574530932577124,89.63372193713263
2026-05-17T10:00:00+00:00,2026-05-17T13:00:00+03:00,2026-05,EBM0526,2507.565989155075,EPIAS_VEP:EBM0526,True,False,False,0.06554894736279943,164.36831103187208
2026-05-17T11:00:00+00:00,2026-05-17T14:00:00+03:00,2026-05,EBM0526,2507.5659891550667,EPIAS_VEP:EBM0526,True,False,False,0.1188689383168457,298.0717068902938
2026-05-17T12:00:00+00:00,2026-05-17T15:00:00+03:00,2026-05,EBM0526,2507.56598915508,EPIAS_VEP:EBM0526,True,False,False,0.14445020682184995,362.21842575288804
2026-05-17T13:00:00+00:00,2026-05-17T16:00:00+03:00,2026-05,EBM0526,2507.565989155117,EPIAS_VEP:EBM0526,True,False,False,0.2649695170143145,664.4285490279532
2026-05-17T14:00:00+00:00,2026-05-17T17:00:00+03:00,2026-05,EBM0526,2507.5659891551795,EPIAS_VEP:EBM0526,True,False,False,0.7209716021573233,1807.8838687164227
2026-05-17T15:00:00+00:00,2026-05-17T18:00:00+03:00,2026-05,EBM0526,2507.565989155268,EPIAS_VEP:EBM0526,True,False,False,1.1685448150655406,2930.2032350620825
2026-05-17T16:00:00+00:00,2026-05-17T19:00:00+03:00,2026-05,EBM0526,2507.5659891553846,EPIAS_VEP:EBM0526,True,False,False,1.4390698585406805,3608.5626332952606
2026-05-17T17:00:00+00:00,2026-05-17T20:00:00+03:00,2026-05,EBM0526,2507.5659891555333,EPIAS_VEP:EBM0526,True,False,False,1.490041737460817,3736.3779832789633
2026-05-17T18:00:00+00:00,2026-05-17T21:00:00+03:00,2026-05,EBM0526,2507.565989155717,EPIAS_VEP:EBM0526,True,False,False,1.488106714784328,3731.5257862274284
2026-05-17T19:00:00+00:00,2026-05-17T22:00:00+03:00,2026-05,EBM0526,2507.5659891559403,EPIAS_VEP:EBM0526,True,False,False,1.245757301365463,3123.818639646722
2026-05-17T20:00:00+00:00,2026-05-17T23:00:00+03:00,2026-05,EBM0526,2507.565989156209,EPIAS_VEP:EBM0526,True,False,False,1.130741905589703,2835.4099449704204
2026-05-17T21:00:00+00:00,2026-05-18T00:00:00+03:00,2026-05,EBM0526,2507.565989156528,EPIAS_VEP:EBM0526,True,False,False,1.3408782933028465,3362.340803884469
2026-05-17T22:00:00+00:00,2026-05-18T01:00:00+03:00,2026-05,EBM0526,2507.565989156903,EPIAS_VEP:EBM0526,True,False,False,1.2702926285480511,3185.342591623816
2026-05-17T23:00:00+00:00,2026-05-18T02:00:00+03:00,2026-05,EBM0526,2507.565989157339,EPIAS_VEP:EBM0526,True,False,False,1.1720226534561613,2938.9241443286082
2026-05-18T00:00:00+00:00,2026-05-18T03:00:00+03:00,2026-05,EBM0526,2507.5659891578416,EPIAS_VEP:EBM0526,True,False,False,1.1410680377380393,2861.303402746984
2026-05-18T01:00:00+00:00,2026-05-18T04:00:00+03:00,2026-05,EBM0526,2507.5659891584164,EPIAS_VEP:EBM0526,True,False,False,1.1905435295555518,2985.3664633261196
2026-05-18T02:00:00+00:00,2026-05-18T05:00:00+03:00,2026-05,EBM0526,2507.565989159069,EPIAS_VEP:EBM0526,True,False,False,1.1656211553481368,2922.8719653952876
2026-05-18T03:00:00+00:00,2026-05-18T06:00:00+03:00,2026-05,EBM0526,2507.5659891598075,EPIAS_VEP:EBM0526,True,False,False,1.0472895521453425,2626.1476617620674
2026-05-18T04:00:00+00:00,2026-05-18T07:00:00+03:00,2026-05,EBM0526,2507.5659891606365,EPIAS_VEP:EBM0526,True,False,False,0.8329872153093908,2088.7704105154567
2026-05-18T05:00:00+00:00,2026-05-18T08:00:00+03:00,2026-05,EBM0526,2507.565989161563,EPIAS_VEP:EBM0526,True,False,False,1.322517982000339,3316.301111718634
2026-05-18T06:00:00+00:00,2026-05-18T09:00:00+03:00,2026-05,EBM0526,2507.5659891625924,EPIAS_VEP:EBM0526,True,False,False,1.2449949473944266,3121.906986765535
2026-05-18T07:00:00+00:00,2026-05-18T10:00:00+03:00,2026-05,EBM0526,2507.565989163731,EPIAS_VEP:EBM0526,True,False,False,0.9784562356354393,2453.5435783646008
2026-05-18T08:00:00+00:00,2026-05-18T11:00:00+03:00,2026-05,EBM0526,2507.565989164982,EPIAS_VEP:EBM0526,True,False,False,0.9898015608286554,2481.9927299563506
2026-05-18T09:00:00+00:00,2026-05-18T12:00:00+03:00,2026-05,EBM0526,2507.56598916635,EPIAS_VEP:EBM0526,True,False,False,0.6035234368759317,1513.3748439748708
2026-05-18T10:00:00+00:00,2026-05-18T13:00:00+03:00,2026-05,EBM0526,2507.5659891678374,EPIAS_VEP:EBM0526,True,False,False,0.751089516763828,1883.4065270574813
2026-05-18T11:00:00+00:00,2026-05-18T14:00:00+03:00,2026-05,EBM0526,2507.5659891694463,EPIAS_VEP:EBM0526,True,False,False,1.026845067931175,2574.881768490604
2026-05-18T12:00:00+00:00,2026-05-18T15:00:00+03:00,2026-05,EBM0526,2507.565989171177,EPIAS_VEP:EBM0526,True,False,False,0.999171020899537,2505.487269373122
2026-05-18T13:00:00+00:00,2026-05-18T16:00:00+03:00,2026-05,EBM0526,2507.565989173028,EPIAS_VEP:EBM0526,True,False,False,1.1732684675822553,2942.048105478421
2026-05-18T14:00:00+00:00,2026-05-18T17:00:00+03:00,2026-05,EBM0526,2507.5659891749965,EPIAS_VEP:EBM0526,True,False,False,1.3335855809956252,3344.0538465588074
2026-05-18T15:00:00+00:00,2026-05-18T18:00:00+03:00,2026-05,EBM0526,2507.56598917708,EPIAS_VEP:EBM0526,True,False,False,1.3717713456935405,3439.8071713887975
2026-05-18T16:00:00+00:00,2026-05-18T19:00:00+03:00,2026-05,EBM0526,2507.565989179273,EPIAS_VEP:EBM0526,True,False,False,1.4907524105670036,3738.160043024834
2026-05-18T17:00:00+00:00,2026-05-18T20:00:00+03:00,2026-05,EBM0526,2507.565989181568,EPIAS_VEP:EBM0526,True,False,False,1.5222634116029226,3817.175957510991
2026-05-18T18:00:00+00:00,2026-05-18T21:00:00+03:00,2026-05,EBM0526,2507.5659891839514,EPIAS_VEP:EBM0526,True,False,False,1.5098083174857988,3785.9439871144345
2026-05-18T19:00:00+00:00,2026-05-18T22:00:00+03:00,2026-05,EBM0526,2507.565989186409,EPIAS_VEP:EBM0526,True,False,False,1.3706875688058249,3437.0895293380922
2026-05-18T20:00:00+00:00,2026-05-18T23:00:00+03:00,2026-05,EBM0526,2507.565989188921,EPIAS_VEP:EBM0526,True,False,False,1.2809456431399524,3212.055728737473
2026-05-18T21:00:00+00:00,2026-05-19T00:00:00+03:00,2026-05,EBM0526,2507.565989191467,EPIAS_VEP:EBM0526,True,False,False,1.2568053741515937,3151.522411255593
2026-05-18T22:00:00+00:00,2026-05-19T01:00:00+03:00,2026-05,EBM0526,2507.565989194024,EPIAS_VEP:EBM0526,True,False,False,1.1683079039469593,2929.6091648439537
2026-05-18T23:00:00+00:00,2026-05-19T02:00:00+03:00,2026-05,EBM0526,2507.565989196564,EPIAS_VEP:EBM0526,True,False,False,1.0519490530309856,2637.831667748032
2026-05-19T00:00:00+00:00,2026-05-19T03:00:00+03:00,2026-05,EBM0526,2507.5659891990545,EPIAS_VEP:EBM0526,True,False,False,1.021816289652426,2562.271775141993
2026-05-19T01:00:00+00:00,2026-05-19T04:00:00+03:00,2026-05,EBM0526,2507.5659892014623,EPIAS_VEP:EBM0526,True,False,False,1.061188073746574,2660.999121873122
2026-05-19T02:00:00+00:00,2026-05-19T05:00:00+03:00,2026-05,EBM0526,2507.565989203749,EPIAS_VEP:EBM0526,True,False,False,1.03925839093464,2606.008995102317
2026-05-19T03:00:00+00:00,2026-05-19T06:00:00+03:00,2026-05,EBM0526,2507.565989205872,EPIAS_VEP:EBM0526,True,False,False,0.9638382569957482,2416.8880323380067
2026-05-19T04:00:00+00:00,2026-05-19T07:00:00+03:00,2026-05,EBM0526,2507.565989207784,EPIAS_VEP:EBM0526,True,False,False,0.3841739651532482,963.3415689573815
2026-05-19T05:00:00+00:00,2026-05-19T08:00:00+03:00,2026-05,EBM0526,2507.5659892094304,EPIAS_VEP:EBM0526,True,False,False,0.21934879065276353,550.0315672150892
2026-05-19T06:00:00+00:00,2026-05-19T09:00:00+03:00,2026-05,EBM0526,2507.565989210753,EPIAS_VEP:EBM0526,True,False,False,0.1550363178552525,388.7637977462989
2026-05-19T07:00:00+00:00,2026-05-19T10:00:00+03:00,2026-05,EBM0526,2507.565989211686,EPIAS_VEP:EBM0526,True,False,False,0.09112635675507416,228.50535291979455
2026-05-19T08:00:00+00:00,2026-05-19T11:00:00+03:00,2026-05,EBM0526,2507.565989212159,EPIAS_VEP:EBM0526,True,False,False,0.08223945756884557,206.22086677089362
2026-05-19T09:00:00+00:00,2026-05-19T12:00:00+03:00,2026-05,EBM0526,2507.565989212096,EPIAS_VEP:EBM0526,True,False,False,0.044762205792994524,112.24418484862574
2026-05-19T10:00:00+00:00,2026-05-19T13:00:00+03:00,2026-05,EBM0526,2507.5659892114168,EPIAS_VEP:EBM0526,True,False,False,0.07649315197063104,191.81162628913467
2026-05-19T11:00:00+00:00,2026-05-19T14:00:00+03:00,2026-05,EBM0526,2507.565989210035,EPIAS_VEP:EBM0526,True,False,False,0.12791766035063148,320.7619745145645
2026-05-19T12:00:00+00:00,2026-05-19T15:00:00+03:00,2026-05,EBM0526,2507.5659892078565,EPIAS_VEP:EBM0526,True,False,False,0.15265255062197483,382.7863441054947
2026-05-19T13:00:00+00:00,2026-05-19T16:00:00+03:00,2026-05,EBM0526,2507.5659892047847,EPIAS_VEP:EBM0526,True,False,False,0.2678616191915572,671.6806860980726
2026-05-19T14:00:00+00:00,2026-05-19T17:00:00+03:00,2026-05,EBM0526,2507.565989200717,EPIAS_VEP:EBM0526,True,False,False,0.717488634793407,1799.1500982460016
2026-05-19T15:00:00+00:00,2026-05-19T18:00:00+03:00,2026-05,EBM0526,2507.565989195543,EPIAS_VEP:EBM0526,True,False,False,1.1632092316757539,2916.823907668399
2026-05-19T16:00:00+00:00,2026-05-19T19:00:00+03:00,2026-05,EBM0526,2507.565989189148,EPIAS_VEP:EBM0526,True,False,False,1.4351782163530322,3598.804083752008
2026-05-19T17:00:00+00:00,2026-05-19T20:00:00+03:00,2026-05,EBM0526,2507.5659891814107,EPIAS_VEP:EBM0526,True,False,False,1.4862453686967396,3726.85833812233
2026-05-19T18:00:00+00:00,2026-05-19T21:00:00+03:00,2026-05,EBM0526,2507.5659891722075,EPIAS_VEP:EBM0526,True,False,False,1.4866364322436756,3727.8389557585538
2026-05-19T19:00:00+00:00,2026-05-19T22:00:00+03:00,2026-05,EBM0526,2507.5659891614137,EPIAS_VEP:EBM0526,True,False,False,1.2485455493652502,3130.8103555071543
2026-05-19T20:00:00+00:00,2026-05-19T23:00:00+03:00,2026-05,EBM0526,2507.5659891489013,EPIAS_VEP:EBM0526,True,False,False,1.1330724126368321,2841.2538451710097
2026-05-19T21:00:00+00:00,2026-05-20T00:00:00+03:00,2026-05,EBM0526,2507.565989134544,EPIAS_VEP:EBM0526,True,False,False,1.3403927836387848,3361.1233563339943
2026-05-19T22:00:00+00:00,2026-05-20T01:00:00+03:00,2026-05,EBM0526,2507.5659891182154,EPIAS_VEP:EBM0526,True,False,False,1.2713535122933823,3188.0028275728723
2026-05-19T23:00:00+00:00,2026-05-20T02:00:00+03:00,2026-05,EBM0526,2507.565989099791,EPIAS_VEP:EBM0526,True,False,False,1.1748643893419972,2946.0499845184872
2026-05-20T00:00:00+00:00,2026-05-20T03:00:00+03:00,2026-05,EBM0526,2507.5659890791494,EPIAS_VEP:EBM0526,True,False,False,1.145950181395404,2873.545700046197
2026-05-20T01:00:00+00:00,2026-05-20T04:00:00+03:00,2026-05,EBM0526,2507.565989056175,EPIAS_VEP:EBM0526,True,False,False,1.194154434930573,2994.4210467125004
2026-05-20T02:00:00+00:00,2026-05-20T05:00:00+03:00,2026-05,EBM0526,2507.5659890307597,EPIAS_VEP:EBM0526,True,False,False,1.1650325474212047,2921.3959920272787
2026-05-20T03:00:00+00:00,2026-05-20T06:00:00+03:00,2026-05,EBM0526,2507.565989002803,EPIAS_VEP:EBM0526,True,False,False,1.0424862461223199,2614.1030547795344
2026-05-20T04:00:00+00:00,2026-05-20T07:00:00+03:00,2026-05,EBM0526,2507.5659889722187,EPIAS_VEP:EBM0526,True,False,False,0.8256340425729869,2070.3318444936626
2026-05-20T05:00:00+00:00,2026-05-20T08:00:00+03:00,2026-05,EBM0526,2507.565988938935,EPIAS_VEP:EBM0526,True,False,False,1.3175000294259216,3303.7182642144867
2026-05-20T06:00:00+00:00,2026-05-20T09:00:00+03:00,2026-05,EBM0526,2507.565988902897,EPIAS_VEP:EBM0526,True,False,False,1.2441933322301413,3119.896883520065
2026-05-20T07:00:00+00:00,2026-05-20T10:00:00+03:00,2026-05,EBM0526,2507.565988864073,EPIAS_VEP:EBM0526,True,False,False,0.9816307782412845,2461.503953140016
2026-05-20T08:00:00+00:00,2026-05-20T11:00:00+03:00,2026-05,EBM0526,2507.565988822459,EPIAS_VEP:EBM0526,True,False,False,0.99313033278006,2490.3398449472093
2026-05-20T09:00:00+00:00,2026-05-20T12:00:00+03:00,2026-05,EBM0526,2507.565988778076,EPIAS_VEP:EBM0526,True,False,False,0.6109161381618646,1531.91253005034
2026-05-20T10:00:00+00:00,2026-05-20T13:00:00+03:00,2026-05,EBM0526,2507.5659887309803,EPIAS_VEP:EBM0526,True,False,False,0.7601972185704376,1906.2446900151206
2026-05-20T11:00:00+00:00,2026-05-20T14:00:00+03:00,2026-05,EBM0526,2507.565988681264,EPIAS_VEP:EBM0526,True,False,False,1.0329818712633683,2590.27020730435
2026-05-20T12:00:00+00:00,2026-05-20T15:00:00+03:00,2026-05,EBM0526,2507.5659886290605,EPIAS_VEP:EBM0526,True,False,False,1.0047590220522615,2519.499550466447
2026-05-20T13:00:00+00:00,2026-05-20T16:00:00+03:00,2026-05,EBM0526,2507.5659885745526,EPIAS_VEP:EBM0526,True,False,False,1.1747277242232539,2945.707287097818
2026-05-20T14:00:00+00:00,2026-05-20T17:00:00+03:00,2026-05,EBM0526,2507.5659885179757,EPIAS_VEP:EBM0526,True,False,False,1.3297284031243815,3334.381717641019
2026-05-20T15:00:00+00:00,2026-05-20T18:00:00+03:00,2026-05,EBM0526,2507.5659884596216,EPIAS_VEP:EBM0526,True,False,False,1.3662479413043682,3425.956869417811
2026-05-20T16:00:00+00:00,2026-05-20T19:00:00+03:00,2026-05,EBM0526,2507.56598839985,EPIAS_VEP:EBM0526,True,False,False,1.4867696379856172,3728.1729767982915
2026-05-20T17:00:00+00:00,2026-05-20T20:00:00+03:00,2026-05,EBM0526,2507.565988339088,EPIAS_VEP:EBM0526,True,False,False,1.51810519516216,3806.748954109506
2026-05-20T18:00:00+00:00,2026-05-20T21:00:00+03:00,2026-05,EBM0526,2507.565988277838,EPIAS_VEP:EBM0526,True,False,False,1.5070498567257133,3779.026963364388
2026-05-20T19:00:00+00:00,2026-05-20T22:00:00+03:00,2026-05,EBM0526,2507.565988216684,EPIAS_VEP:EBM0526,True,False,False,1.371124553222804,3438.1852952703002
2026-05-20T20:00:00+00:00,2026-05-20T23:00:00+03:00,2026-05,EBM0526,2507.5659881562974,EPIAS_VEP:EBM0526,True,False,False,1.2812048993540723,3212.705829479484
2026-05-20T21:00:00+00:00,2026-05-21T00:00:00+03:00,2026-05,EBM0526,2507.565988097444,EPIAS_VEP:EBM0526,True,False,False,1.3400394722721387,3360.2374033776628
2026-05-20T22:00:00+00:00,2026-05-21T01:00:00+03:00,2026-05,EBM0526,2507.5659880409894,EPIAS_VEP:EBM0526,True,False,False,1.2717919826873307,3189.1023196499655
2026-05-20T23:00:00+00:00,2026-05-21T02:00:00+03:00,2026-05,EBM0526,2507.5659879879054,EPIAS_VEP:EBM0526,True,False,False,1.1762207602735908,2949.451172827332
2026-05-21T00:00:00+00:00,2026-05-21T03:00:00+03:00,2026-05,EBM0526,2507.565987939276,EPIAS_VEP:EBM0526,True,False,False,1.148314860745603,2879.4752882509006
2026-05-21T01:00:00+00:00,2026-05-21T04:00:00+03:00,2026-05,EBM0526,2507.5659878963006,EPIAS_VEP:EBM0526,True,False,False,1.1958397702927133,2998.6471349597327
2026-05-21T02:00:00+00:00,2026-05-21T05:00:00+03:00,2026-05,EBM0526,2507.565987860304,EPIAS_VEP:EBM0526,True,False,False,1.1646669873841382,2920.4793247481907
2026-05-21T03:00:00+00:00,2026-05-21T06:00:00+03:00,2026-05,EBM0526,2507.565987832733,EPIAS_VEP:EBM0526,True,False,False,1.0400792523938165,2608.067357953231
2026-05-21T04:00:00+00:00,2026-05-21T07:00:00+03:00,2026-05,EBM0526,2507.565987815165,EPIAS_VEP:EBM0526,True,False,False,0.8220564527175529,2061.360800898521
2026-05-21T05:00:00+00:00,2026-05-21T08:00:00+03:00,2026-05,EBM0526,2507.565987809312,EPIAS_VEP:EBM0526,True,False,False,1.3149328681869075,3297.2809365180347
2026-05-21T06:00:00+00:00,2026-05-21T09:00:00+03:00,2026-05,EBM0526,2507.5659878170186,EPIAS_VEP:EBM0526,True,False,False,1.2437616839530585,3118.8144956307096
2026-05-21T07:00:00+00:00,2026-05-21T10:00:00+03:00,2026-05,EBM0526,2507.5659878402635,EPIAS_VEP:EBM0526,True,False,False,0.9833148037427277,2465.726757205088
2026-05-21T08:00:00+00:00,2026-05-21T11:00:00+03:00,2026-05,EBM0526,2507.56598788116,EPIAS_VEP:EBM0526,True,False,False,0.9948602650947379,2494.677763445999
2026-05-21T09:00:00+00:00,2026-05-21T12:00:00+03:00,2026-05,EBM0526,2507.565987941952,EPIAS_VEP:EBM0526,True,False,False,0.6148251729836239,1541.7146923042624
2026-05-21T10:00:00+00:00,2026-05-21T13:00:00+03:00,2026-05,EBM0526,2507.565988025011,EPIAS_VEP:EBM0526,True,False,False,0.7648919249598574,1918.0169755443173
2026-05-21T11:00:00+00:00,2026-05-21T14:00:00+03:00,2026-05,EBM0526,2507.56598813283,EPIAS_VEP:EBM0526,True,False,False,1.0360535482083792,2597.972639371669
2026-05-21T12:00:00+00:00,2026-05-21T15:00:00+03:00,2026-05,EBM0526,2507.565988268013,EPIAS_VEP:EBM0526,True,False,False,1.0075936611425214,2526.6075946754318
2026-05-21T13:00:00+00:00,2026-05-21T16:00:00+03:00,2026-05,EBM0526,2507.565988433266,EPIAS_VEP:EBM0526,True,False,False,1.175433885052139,2947.478031808721
2026-05-21T14:00:00+00:00,2026-05-21T17:00:00+03:00,2026-05,EBM0526,2507.565988631383,EPIAS_VEP:EBM0526,True,False,False,1.327737215884556,3329.3886843922364
2026-05-21T15:00:00+00:00,2026-05-21T18:00:00+03:00,2026-05,EBM0526,2507.565988865229,EPIAS_VEP:EBM0526,True,False,False,1.363417797589526,3418.8600978490326
2026-05-21T16:00:00+00:00,2026-05-21T19:00:00+03:00,2026-05,EBM0526,2507.565989137721,EPIAS_VEP:EBM0526,True,False,False,1.4846147690488034,3722.7695018383315
2026-05-21T17:00:00+00:00,2026-05-21T20:00:00+03:00,2026-05,EBM0526,2507.565989451805,EPIAS_VEP:EBM0526,True,False,False,1.5158322717286115,3801.049450300133
2026-05-21T18:00:00+00:00,2026-05-21T21:00:00+03:00,2026-05,EBM0526,2507.5659898104304,EPIAS_VEP:EBM0526,True,False,False,1.5054777032113265,3775.084686990643
2026-05-21T19:00:00+00:00,2026-05-21T22:00:00+03:00,2026-05,EBM0526,2507.565990216516,EPIAS_VEP:EBM0526,True,False,False,1.3711911527354148,3438.352300685107
2026-05-21T20:00:00+00:00,2026-05-21T23:00:00+03:00,2026-05,EBM0526,2507.565990672912,EPIAS_VEP:EBM0526,True,False,False,1.2812200493562431,3212.743822333985
2026-05-21T21:00:00+00:00,2026-05-22T00:00:00+03:00,2026-05,EBM0526,2507.5659911823645,EPIAS_VEP:EBM0526,True,False,False,1.3396142356156702,3359.1710985336135
2026-05-21T22:00:00+00:00,2026-05-22T01:00:00+03:00,2026-05,EBM0526,2507.565991747467,EPIAS_VEP:EBM0526,True,False,False,1.2721699883734603,3190.0501985670594
2026-05-21T23:00:00+00:00,2026-05-22T02:00:00+03:00,2026-05,EBM0526,2507.565992370609,EPIAS_VEP:EBM0526,True,False,False,1.177533915157948,2952.7440005130884
2026-05-22T00:00:00+00:00,2026-05-22T03:00:00+03:00,2026-05,EBM0526,2507.565993053924,EPIAS_VEP:EBM0526,True,False,False,1.150627013437691,2885.2731695855546
2026-05-22T01:00:00+00:00,2026-05-22T04:00:00+03:00,2026-05,EBM0526,2507.565993799223,EPIAS_VEP:EBM0526,True,False,False,1.1974440890181366,3002.670077097769
2026-05-22T02:00:00+00:00,2026-05-22T05:00:00+03:00,2026-05,EBM0526,2507.565994607928,EPIAS_VEP:EBM0526,True,False,False,1.1642555298092392,2919.4475755838853
2026-05-22T03:00:00+00:00,2026-05-22T06:00:00+03:00,2026-05,EBM0526,2507.565995480996,EPIAS_VEP:EBM0526,True,False,False,1.0376724913056519,2602.032253644102
2026-05-22T04:00:00+00:00,2026-05-22T07:00:00+03:00,2026-05,EBM0526,2507.565996418841,EPIAS_VEP:EBM0526,True,False,False,0.8185491621469342,2052.566045396785
2026-05-22T05:00:00+00:00,2026-05-22T08:00:00+03:00,2026-05,EBM0526,2507.565997421244,EPIAS_VEP:EBM0526,True,False,False,1.3123300063169325,3290.7541012359466
2026-05-22T06:00:00+00:00,2026-05-22T09:00:00+03:00,2026-05,EBM0526,2507.5659984872595,EPIAS_VEP:EBM0526,True,False,False,1.243308827464993,3117.678941370279
2026-05-22T07:00:00+00:00,2026-05-22T10:00:00+03:00,2026-05,EBM0526,2507.5659996151176,EPIAS_VEP:EBM0526,True,False,False,0.9850591427562176,2470.1008139855057
2026-05-22T08:00:00+00:00,2026-05-22T11:00:00+03:00,2026-05,EBM0526,2507.5660008021146,EPIAS_VEP:EBM0526,True,False,False,0.996630362994002,2499.116413610829
2026-05-22T09:00:00+00:00,2026-05-22T12:00:00+03:00,2026-05,EBM0526,2507.566002044501,EPIAS_VEP:EBM0526,True,False,False,0.6188681777327908,1551.85280222998
2026-05-22T10:00:00+00:00,2026-05-22T13:00:00+03:00,2026-05,EBM0526,2507.5660033373624,EPIAS_VEP:EBM0526,True,False,False,0.769673757334564,1930.0077475530836
2026-05-22T11:00:00+00:00,2026-05-22T14:00:00+03:00,2026-05,EBM0526,2507.5660046744924,EPIAS_VEP:EBM0526,True,False,False,1.0391236112363857,2605.6710421909543
2026-05-22T12:00:00+00:00,2026-05-22T15:00:00+03:00,2026-05,EBM0526,2507.566006048268,EPIAS_VEP:EBM0526,True,False,False,1.010451445665542,2533.7736959132417
2026-05-22T13:00:00+00:00,2026-05-22T16:00:00+03:00,2026-05,EBM0526,2507.5660074495127,EPIAS_VEP:EBM0526,True,False,False,1.1761235457921633,2949.207423989419
2026-05-22T14:00:00+00:00,2026-05-22T17:00:00+03:00,2026-05,EBM0526,2507.566008867361,EPIAS_VEP:EBM0526,True,False,False,1.3257069930423784,3324.297793470827
2026-05-22T15:00:00+00:00,2026-05-22T18:00:00+03:00,2026-05,EBM0526,2507.566010289119,EPIAS_VEP:EBM0526,True,False,False,1.3605457742915117,3411.658339055886
2026-05-22T16:00:00+00:00,2026-05-22T19:00:00+03:00,2026-05,EBM0526,2507.5660117001207,EPIAS_VEP:EBM0526,True,False,False,1.4823543477332657,3717.101379671839
2026-05-22T17:00:00+00:00,2026-05-22T20:00:00+03:00,2026-05,EBM0526,2507.5660130835886,EPIAS_VEP:EBM0526,True,False,False,1.5134341151762658,3795.0359502572373
2026-05-22T18:00:00+00:00,2026-05-22T21:00:00+03:00,2026-05,EBM0526,2507.56601442049,EPIAS_VEP:EBM0526,True,False,False,1.5037797142731795,3770.8269046863797
2026-05-22T19:00:00+00:00,2026-05-22T22:00:00+03:00,2026-05,EBM0526,2507.5660156894,EPIAS_VEP:EBM0526,True,False,False,1.3711576166616213,3438.2682416943553
2026-05-22T20:00:00+00:00,2026-05-22T23:00:00+03:00,2026-05,EBM0526,2507.5660168663685,EPIAS_VEP:EBM0526,True,False,False,1.2811599760183352,3212.593218032909
2026-05-22T21:00:00+00:00,2026-05-23T00:00:00+03:00,2026-05,EBM0526,2507.5660179247907,EPIAS_VEP:EBM0526,True,False,False,1.366069209550715,3425.508728002753
2026-05-22T22:00:00+00:00,2026-05-23T01:00:00+03:00,2026-05,EBM0526,2507.566018835292,EPIAS_VEP:EBM0526,True,False,False,1.3058281697450091,3274.450344890469
2026-05-22T23:00:00+00:00,2026-05-23T02:00:00+03:00,2026-05,EBM0526,2507.566019565623,EPIAS_VEP:EBM0526,True,False,False,1.1898980403407449,2983.7478927061766
2026-05-23T00:00:00+00:00,2026-05-23T03:00:00+03:00,2026-05,EBM0526,2507.5660200805646,EPIAS_VEP:EBM0526,True,False,False,1.1290139203283591,2831.076942813339
2026-05-23T01:00:00+00:00,2026-05-23T04:00:00+03:00,2026-05,EBM0526,2507.566020341857,EPIAS_VEP:EBM0526,True,False,False,1.1715293365574364,2937.6871561850667
2026-05-23T02:00:00+00:00,2026-05-23T05:00:00+03:00,2026-05,EBM0526,2507.5660203081466,EPIAS_VEP:EBM0526,True,False,False,1.1696987334519564,2933.0967980016017
2026-05-23T03:00:00+00:00,2026-05-23T06:00:00+03:00,2026-05,EBM0526,2507.566019934961,EPIAS_VEP:EBM0526,True,False,False,0.9980743728066798,2502.7373826179282
2026-05-23T04:00:00+00:00,2026-05-23T07:00:00+03:00,2026-05,EBM0526,2507.566019174712,EPIAS_VEP:EBM0526,True,False,False,0.5583191065178364,1400.022019360113
2026-05-23T05:00:00+00:00,2026-05-23T08:00:00+03:00,2026-05,EBM0526,2507.566017976734,EPIAS_VEP:EBM0526,True,False,False,0.92133413160465,2310.3061596139246
2026-05-23T06:00:00+00:00,2026-05-23T09:00:00+03:00,2026-05,EBM0526,2507.5660162873605,EPIAS_VEP:EBM0526,True,False,False,0.8321648917732448,2086.708402558038
2026-05-23T07:00:00+00:00,2026-05-23T10:00:00+03:00,2026-05,EBM0526,2507.5660140500418,EPIAS_VEP:EBM0526,True,False,False,0.6556965737287793,1644.2024438113444
2026-05-23T08:00:00+00:00,2026-05-23T11:00:00+03:00,2026-05,EBM0526,2507.566011205517,EPIAS_VEP:EBM0526,True,False,False,0.5893995881849372,1477.9583743510773
2026-05-23T09:00:00+00:00,2026-05-23T12:00:00+03:00,2026-05,EBM0526,2507.566007692037,EPIAS_VEP:EBM0526,True,False,False,0.3957653296592063,992.407687676459
2026-05-23T10:00:00+00:00,2026-05-23T13:00:00+03:00,2026-05,EBM0526,2507.566003445648,EPIAS_VEP:EBM0526,True,False,False,0.5926713347091803,1486.1624901334974
2026-05-23T11:00:00+00:00,2026-05-23T14:00:00+03:00,2026-05,EBM0526,2507.565998400543,EPIAS_VEP:EBM0526,True,False,False,0.663869368295413,1664.696255317225
2026-05-23T12:00:00+00:00,2026-05-23T15:00:00+03:00,2026-05,EBM0526,2507.565992489484,EPIAS_VEP:EBM0526,True,False,False,0.5596335795611008,1403.3181323625745
2026-05-23T13:00:00+00:00,2026-05-23T16:00:00+03:00,2026-05,EBM0526,2507.5659856443112,EPIAS_VEP:EBM0526,True,False,False,0.7680123418816887,1925.8416250575524
2026-05-23T14:00:00+00:00,2026-05-23T17:00:00+03:00,2026-05,EBM0526,2507.56597779653,EPIAS_VEP:EBM0526,True,False,False,1.0116831467250542,2536.862239037881
2026-05-23T15:00:00+00:00,2026-05-23T18:00:00+03:00,2026-05,EBM0526,2507.565968878,EPIAS_VEP:EBM0526,True,False,False,1.27818458650494,3205.1321710641855
2026-05-23T16:00:00+00:00,2026-05-23T19:00:00+03:00,2026-05,EBM0526,2507.5659588217145,EPIAS_VEP:EBM0526,True,False,False,1.4642857985282507,3671.793222375513
2026-05-23T17:00:00+00:00,2026-05-23T20:00:00+03:00,2026-05,EBM0526,2507.565947562694,EPIAS_VEP:EBM0526,True,False,False,1.4993754335972111,3759.782779900416
2026-05-23T18:00:00+00:00,2026-05-23T21:00:00+03:00,2026-05,EBM0526,2507.565935038992,EPIAS_VEP:EBM0526,True,False,False,1.4996580779673525,3760.4915105169816
2026-05-23T19:00:00+00:00,2026-05-23T22:00:00+03:00,2026-05,EBM0526,2507.565921192822,EPIAS_VEP:EBM0526,True,False,False,1.3845254661682094,3471.788875987007
2026-05-23T20:00:00+00:00,2026-05-23T23:00:00+03:00,2026-05,EBM0526,2507.565905971808,EPIAS_VEP:EBM0526,True,False,False,1.274151324475489,3195.0184203035587
2026-05-23T21:00:00+00:00,2026-05-24T00:00:00+03:00,2026-05,EBM0526,2507.565889330373,EPIAS_VEP:EBM0526,True,False,False,1.2529534809932883,3141.8634098565217
2026-05-23T22:00:00+00:00,2026-05-24T01:00:00+03:00,2026-05,EBM0526,2507.5658712312547,EPIAS_VEP:EBM0526,True,False,False,1.1640523543374197,2918.937956062905
2026-05-23T23:00:00+00:00,2026-05-24T02:00:00+03:00,2026-05,EBM0526,2507.565851647176,EPIAS_VEP:EBM0526,True,False,False,1.0498981073867144,2632.6886417919245
2026-05-24T00:00:00+00:00,2026-05-24T03:00:00+03:00,2026-05,EBM0526,2507.565830562652,EPIAS_VEP:EBM0526,True,False,False,1.0205945910198726,2559.208123298497
2026-05-24T01:00:00+00:00,2026-05-24T04:00:00+03:00,2026-05,EBM0526,2507.565807975949,EPIAS_VEP:EBM0526,True,False,False,1.0579780086698736,2652.949480131057
2026-05-24T02:00:00+00:00,2026-05-24T05:00:00+03:00,2026-05,EBM0526,2507.5657839011924,EPIAS_VEP:EBM0526,True,False,False,1.0302595787565312,2583.4436682263336
2026-05-24T03:00:00+00:00,2026-05-24T06:00:00+03:00,2026-05,EBM0526,2507.5657583706247,EPIAS_VEP:EBM0526,True,False,False,0.9492786578527951,2380.378657583693
2026-05-24T04:00:00+00:00,2026-05-24T07:00:00+03:00,2026-05,EBM0526,2507.5657314370155,EPIAS_VEP:EBM0526,True,False,False,0.37599952264203584,942.8435180138453
2026-05-24T05:00:00+00:00,2026-05-24T08:00:00+03:00,2026-05,EBM0526,2507.565703176214,EPIAS_VEP:EBM0526,True,False,False,0.22107734859838626,554.3659770944454
2026-05-24T06:00:00+00:00,2026-05-24T09:00:00+03:00,2026-05,EBM0526,2507.5656736898404,EPIAS_VEP:EBM0526,True,False,False,0.16494262304634194,413.6044596793698
2026-05-24T07:00:00+00:00,2026-05-24T10:00:00+03:00,2026-05,EBM0526,2507.565643108112,EPIAS_VEP:EBM0526,True,False,False,0.11014257238407629,276.18973035385807
2026-05-24T08:00:00+00:00,2026-05-24T11:00:00+03:00,2026-05,EBM0526,2507.5656115927923,EPIAS_VEP:EBM0526,True,False,False,0.10662396185804582,267.36658012701724
2026-05-24T09:00:00+00:00,2026-05-24T12:00:00+03:00,2026-05,EBM0526,2507.565579340248,EPIAS_VEP:EBM0526,True,False,False,0.07042324077770887,176.59089455977332
2026-05-24T10:00:00+00:00,2026-05-24T13:00:00+03:00,2026-05,EBM0526,2507.565546584603,EPIAS_VEP:EBM0526,True,False,False,0.10769068347002546,270.04144755758387
2026-05-24T11:00:00+00:00,2026-05-24T14:00:00+03:00,2026-05,EBM0526,2507.565513600964,EPIAS_VEP:EBM0526,True,False,False,0.15405999572634113,386.31553230888494
2026-05-24T12:00:00+00:00,2026-05-24T15:00:00+03:00,2026-05,EBM0526,2507.565480708694,EPIAS_VEP:EBM0526,True,False,False,0.175902401760432,441.0867906282115
2026-05-24T13:00:00+00:00,2026-05-24T16:00:00+03:00,2026-05,EBM0526,2507.5654482747127,EPIAS_VEP:EBM0526,True,False,False,0.278919119592801,699.4079471541103
2026-05-24T14:00:00+00:00,2026-05-24T17:00:00+03:00,2026-05,EBM0526,2507.565416716783,EPIAS_VEP:EBM0526,True,False,False,0.7114612680567087,1784.0356711124718
2026-05-24T15:00:00+00:00,2026-05-24T18:00:00+03:00,2026-05,EBM0526,2507.565386506757,EPIAS_VEP:EBM0526,True,False,False,1.1502022042537356,2884.2072348704423
2026-05-24T16:00:00+00:00,2026-05-24T19:00:00+03:00,2026-05,EBM0526,2507.5653581737324,EPIAS_VEP:EBM0526,True,False,False,1.4239815958366708,3570.7269203969845
2026-05-24T17:00:00+00:00,2026-05-24T20:00:00+03:00,2026-05,EBM0526,2507.5653323070687,EPIAS_VEP:EBM0526,True,False,False,1.4748174938477914,3698.2012190527153
2026-05-24T18:00:00+00:00,2026-05-24T21:00:00+03:00,2026-05,EBM0526,2507.5653095592265,EPIAS_VEP:EBM0526,True,False,False,1.480778981888089,3713.1500061070024
2026-05-24T19:00:00+00:00,2026-05-24T22:00:00+03:00,2026-05,EBM0526,2507.5652906483497,EPIAS_VEP:EBM0526,True,False,False,1.254446343374851,3145.6061096275175
2026-05-24T20:00:00+00:00,2026-05-24T23:00:00+03:00,2026-05,EBM0526,2507.565276360542,EPIAS_VEP:EBM0526,True,False,False,1.1387151996925027,2855.4026944128805
2026-05-24T21:00:00+00:00,2026-05-25T00:00:00+03:00,2026-05,EBM0526,2507.565267551759,EPIAS_VEP:EBM0526,True,False,False,1.3379213013128333,3354.9249858897124
2026-05-24T22:00:00+00:00,2026-05-25T01:00:00+03:00,2026-05,EBM0526,2507.5652651492346,EPIAS_VEP:EBM0526,True,False,False,1.2729483023286225,3192.0009472499405
2026-05-24T23:00:00+00:00,2026-05-25T02:00:00+03:00,2026-05,EBM0526,2507.565270152364,EPIAS_VEP:EBM0526,True,False,False,1.1812127562869783,2961.9680843261754
2026-05-25T00:00:00+00:00,2026-05-25T03:00:00+03:00,2026-05,EBM0526,2507.565283632944,EPIAS_VEP:EBM0526,True,False,False,1.1572368007628733,2901.846826535435
2026-05-25T01:00:00+00:00,2026-05-25T04:00:00+03:00,2026-05,EBM0526,2507.565306734671,EPIAS_VEP:EBM0526,True,False,False,1.2017648495007178,3013.5038434612134
2026-05-25T02:00:00+00:00,2026-05-25T05:00:00+03:00,2026-05,EBM0526,2507.565340671797,EPIAS_VEP:EBM0526,True,False,False,1.162758214008216,2915.6921970284425
2026-05-25T03:00:00+00:00,2026-05-25T06:00:00+03:00,2026-05,EBM0526,2507.5653867268143,EPIAS_VEP:EBM0526,True,False,False,1.0304822130006286,2584.0015289580247
2026-05-25T04:00:00+00:00,2026-05-25T07:00:00+03:00,2026-05,EBM0526,2507.565446247064,EPIAS_VEP:EBM0526,True,False,False,0.8084807145236678,2027.318303696686
2026-05-25T05:00:00+00:00,2026-05-25T08:00:00+03:00,2026-05,EBM0526,2507.5655206401284,EPIAS_VEP:EBM0526,True,False,False,1.3043310575724896,3270.695587468849
2026-05-25T06:00:00+00:00,2026-05-25T09:00:00+03:00,2026-05,EBM0526,2507.565611367882,EPIAS_VEP:EBM0526,True,False,False,1.2418185814188063,3113.941570323445
2026-05-25T07:00:00+00:00,2026-05-25T10:00:00+03:00,2026-05,EBM0526,2507.5657199390494,EPIAS_VEP:EBM0526,True,False,False,0.9906216197392208,2484.0488150885662
2026-05-25T08:00:00+00:00,2026-05-25T11:00:00+03:00,2026-05,EBM0526,2507.565847900134,EPIAS_VEP:EBM0526,True,False,False,1.0021544271592804,2512.968215866534
2026-05-25T09:00:00+00:00,2026-05-25T12:00:00+03:00,2026-05,EBM0526,2507.565996824563,EPIAS_VEP:EBM0526,True,False,False,0.6317397307894324,1584.129067770684
2026-05-25T10:00:00+00:00,2026-05-25T13:00:00+03:00,2026-05,EBM0526,2507.5661682998893,EPIAS_VEP:EBM0526,True,False,False,0.784489650835922,1967.1597078175512
2026-05-25T11:00:00+00:00,2026-05-25T14:00:00+03:00,2026-05,EBM0526,2507.566363912897,EPIAS_VEP:EBM0526,True,False,False,1.048295781611955,2628.671241401918
2026-05-25T12:00:00+00:00,2026-05-25T15:00:00+03:00,2026-05,EBM0526,2507.566585232459,EPIAS_VEP:EBM0526,True,False,False,1.0191339113470084,2555.5461419710177
2026-05-25T13:00:00+00:00,2026-05-25T16:00:00+03:00,2026-05,EBM0526,2507.5668337899697,EPIAS_VEP:EBM0526,True,False,False,1.1780877067449518,2954.133660729325
2026-05-25T14:00:00+00:00,2026-05-25T17:00:00+03:00,2026-05,EBM0526,2507.567111057215,EPIAS_VEP:EBM0526,True,False,False,1.3194030798590468,3308.491769282142
2026-05-25T15:00:00+00:00,2026-05-25T18:00:00+03:00,2026-05,EBM0526,2507.567418421517,EPIAS_VEP:EBM0526,True,False,False,1.3517072399441257,3389.497034128365
2026-05-25T16:00:00+00:00,2026-05-25T19:00:00+03:00,2026-05,EBM0526,2507.567757158008,EPIAS_VEP:EBM0526,True,False,False,1.4749672551193251,3698.58033180107
2026-05-25T17:00:00+00:00,2026-05-25T20:00:00+03:00,2026-05,EBM0526,2507.56812839889,EPIAS_VEP:EBM0526,True,False,False,1.5055200615302047,3775.194122958277
2026-05-25T18:00:00+00:00,2026-05-25T21:00:00+03:00,2026-05,EBM0526,2507.5685330995693,EPIAS_VEP:EBM0526,True,False,False,1.4979535899232126,3756.221286134984
2026-05-25T19:00:00+00:00,2026-05-25T22:00:00+03:00,2026-05,EBM0526,2507.5689720015275,EPIAS_VEP:EBM0526,True,False,False,1.3704661513769238,3436.5383983711226
2026-05-25T20:00:00+00:00,2026-05-25T23:00:00+03:00,2026-05,EBM0526,2507.5694455918533,EPIAS_VEP:EBM0526,True,False,False,1.2805376828170005,3211.0371673609025
2026-05-25T21:00:00+00:00,2026-05-26T00:00:00+03:00,2026-05,EBM0526,2507.5699540593496,EPIAS_VEP:EBM0526,True,False,False,1.3372229564956657,3353.180107586944
2026-05-25T22:00:00+00:00,2026-05-26T01:00:00+03:00,2026-05,EBM0526,2507.570497247176,EPIAS_VEP:EBM0526,True,False,False,1.2730917286980392,3192.367259172609
2026-05-25T23:00:00+00:00,2026-05-26T02:00:00+03:00,2026-05,EBM0526,2507.5710746020027,EPIAS_VEP:EBM0526,True,False,False,1.1823518057107905,2964.831188003825
2026-05-26T00:00:00+00:00,2026-05-26T03:00:00+03:00,2026-05,EBM0526,2507.5716851196908,EPIAS_VEP:EBM0526,True,False,False,1.15932747945216,2907.0967612554164
2026-05-26T01:00:00+00:00,2026-05-26T04:00:00+03:00,2026-05,EBM0526,2507.5723272875566,EPIAS_VEP:EBM0526,True,False,False,1.2030392778614887,3016.708001805475
2026-05-26T02:00:00+00:00,2026-05-26T05:00:00+03:00,2026-05,EBM0526,2507.57299902332,EPIAS_VEP:EBM0526,True,False,False,1.1621757072992878,2914.240423744523
2026-05-26T03:00:00+00:00,2026-05-26T06:00:00+03:00,2026-05,EBM0526,2507.573697610887,EPIAS_VEP:EBM0526,True,False,False,1.028105010394583,2578.049082447424
2026-05-26T04:00:00+00:00,2026-05-26T07:00:00+03:00,2026-05,EBM0526,2507.57441963318,EPIAS_VEP:EBM0526,True,False,False,0.8052860407088005,2019.3146761690716
2026-05-26T05:00:00+00:00,2026-05-26T08:00:00+03:00,2026-05,EBM0526,2507.575160902273,EPIAS_VEP:EBM0526,True,False,False,1.3016094045610158,3263.883412074001
2026-05-26T06:00:00+00:00,2026-05-26T09:00:00+03:00,2026-05,EBM0526,2507.575916387193,EPIAS_VEP:EBM0526,True,False,False,1.2412765943925281,3112.5952936738177
2026-05-26T07:00:00+00:00,2026-05-26T10:00:00+03:00,2026-05,EBM0526,2507.5766801397926,EPIAS_VEP:EBM0526,True,False,False,0.9925745389370269,2488.956767138995
2026-05-26T08:00:00+00:00,2026-05-26T11:00:00+03:00,2026-05,EBM0526,2507.5774452192018,EPIAS_VEP:EBM0526,True,False,False,1.00405778206864,2517.7526480121383
2026-05-26T09:00:00+00:00,2026-05-26T12:00:00+03:00,2026-05,EBM0526,2507.5782036154524,EPIAS_VEP:EBM0526,True,False,False,0.6362566428485811,1595.4632895126433
2026-05-26T10:00:00+00:00,2026-05-26T13:00:00+03:00,2026-05,EBM0526,2507.578946172971,EPIAS_VEP:EBM0526,True,False,False,0.7895672397877805,1979.9021870797442
2026-05-26T11:00:00+00:00,2026-05-26T14:00:00+03:00,2026-05,EBM0526,2507.5796625147364,EPIAS_VEP:EBM0526,True,False,False,1.051331120294764,2636.296535819984
2026-05-26T12:00:00+00:00,2026-05-26T15:00:00+03:00,2026-05,EBM0526,2507.5803409680248,EPIAS_VEP:EBM0526,True,False,False,1.0220544989713793,2562.883769018555
2026-05-26T13:00:00+00:00,2026-05-26T16:00:00+03:00,2026-05,EBM0526,2507.5809684927763,EPIAS_VEP:EBM0526,True,False,False,1.1787057206542375,2955.700032566129
2026-05-26T14:00:00+00:00,2026-05-26T17:00:00+03:00,2026-05,EBM0526,2507.58153061375,EPIAS_VEP:EBM0526,True,False,False,1.317237877189403,3303.0813722650105
2026-05-26T15:00:00+00:00,2026-05-26T18:00:00+03:00,2026-05,EBM0526,2507.582011357773,EPIAS_VEP:EBM0526,True,False,False,1.3486966860229743,3381.967548649053
2026-05-26T16:00:00+00:00,2026-05-26T19:00:00+03:00,2026-05,EBM0526,2507.5823931975256,EPIAS_VEP:EBM0526,True,False,False,1.4723125739037972,3691.9450876044925
2026-05-26T17:00:00+00:00,2026-05-26T20:00:00+03:00,2026-05,EBM0526,2507.582657003469,EPIAS_VEP:EBM0526,True,False,False,1.5026533241926994,3768.0274152342245
2026-05-26T18:00:00+00:00,2026-05-26T21:00:00+03:00,2026-05,EBM0526,2507.58278200566,EPIAS_VEP:EBM0526,True,False,False,1.495775665040115,3750.781303397658
2026-05-26T19:00:00+00:00,2026-05-26T22:00:00+03:00,2026-05,EBM0526,2507.582745767371,EPIAS_VEP:EBM0526,True,False,False,1.3700424492549548,3435.4948067205933
2026-05-26T20:00:00+00:00,2026-05-26T23:00:00+03:00,2026-05,EBM0526,2507.5825241725875,EPIAS_VEP:EBM0526,True,False,False,1.2801862726711226,3210.17272503575
2026-05-26T21:00:00+00:00,2026-05-27T00:00:00+03:00,2026-05,EBM0526,2507.5820914296355,EPIAS_VEP:EBM0526,True,False,False,1.2503847356181594,3135.442370433076
2026-05-26T22:00:00+00:00,2026-05-27T01:00:00+03:00,2026-05,EBM0526,2507.5814200933373,EPIAS_VEP:EBM0526,True,False,False,1.1614953456724206,2912.54414833305
2026-05-26T23:00:00+00:00,2026-05-27T02:00:00+03:00,2026-05,EBM0526,2507.5804811082885,EPIAS_VEP:EBM0526,True,False,False,1.048856315188228,2630.0916234531633
2026-05-27T00:00:00+00:00,2026-05-27T03:00:00+03:00,2026-05,EBM0526,2507.5792438759927,EPIAS_VEP:EBM0526,True,False,False,1.0201331277507049,2558.064657137964
2026-05-27T01:00:00+00:00,2026-05-27T04:00:00+03:00,2026-05,EBM0526,2507.5776763487584,EPIAS_VEP:EBM0526,True,False,False,1.056094188762732,2648.2382118630785
2026-05-27T02:00:00+00:00,2026-05-27T05:00:00+03:00,2026-05,EBM0526,2507.5757451534223,EPIAS_VEP:EBM0526,True,False,False,1.0251744784468693,2570.702656703679
2026-05-27T03:00:00+00:00,2026-05-27T06:00:00+03:00,2026-05,EBM0526,2507.5734157481065,EPIAS_VEP:EBM0526,True,False,False,0.9416593677387172,2361.2799972317775
2026-05-27T04:00:00+00:00,2026-05-27T07:00:00+03:00,2026-05,EBM0526,2507.5706526153326,EPIAS_VEP:EBM0526,True,False,False,0.3747047554516974,939.5986481660815
2026-05-27T05:00:00+00:00,2026-05-27T08:00:00+03:00,2026-05,EBM0526,2507.5674194949643,EPIAS_VEP:EBM0526,True,False,False,0.2247841122442757,563.6613162838448
2026-05-27T06:00:00+00:00,2026-05-27T09:00:00+03:00,2026-05,EBM0526,2507.5636796605186,EPIAS_VEP:EBM0526,True,False,False,0.17355690855264913,435.20500024078495
2026-05-27T07:00:00+00:00,2026-05-27T10:00:00+03:00,2026-05,EBM0526,2507.5593962424778,EPIAS_VEP:EBM0526,True,False,False,0.12380546367092705,310.44955373418986
2026-05-27T08:00:00+00:00,2026-05-27T11:00:00+03:00,2026-05,EBM0526,2507.554532602273,EPIAS_VEP:EBM0526,True,False,False,0.12316232503270878,308.8362463816033
2026-05-27T09:00:00+00:00,2026-05-27T12:00:00+03:00,2026-05,EBM0526,2507.5490527606275,EPIAS_VEP:EBM0526,True,False,False,0.08764124670209088,219.76472515058845
2026-05-27T10:00:00+00:00,2026-05-27T13:00:00+03:00,2026-05,EBM0526,2507.5429218839204,EPIAS_VEP:EBM0526,True,False,False,0.12869334919510286,322.7040968677159
2026-05-27T11:00:00+00:00,2026-05-27T14:00:00+03:00,2026-05,EBM0526,2507.5361068321704,EPIAS_VEP:EBM0526,True,False,False,0.17187060021225425,430.9717357351444
2026-05-27T12:00:00+00:00,2026-05-27T15:00:00+03:00,2026-05,EBM0526,2507.528576772122,EPIAS_VEP:EBM0526,True,False,False,0.19147858528843578,480.1380244506508
2026-05-27T13:00:00+00:00,2026-05-27T16:00:00+03:00,2026-05,EBM0526,2507.520303858753,EPIAS_VEP:EBM0526,True,False,False,0.28805279479973006,722.2982315435821
2026-05-27T14:00:00+00:00,2026-05-27T17:00:00+03:00,2026-05,EBM0526,2507.51126398828,EPIAS_VEP:EBM0526,True,False,False,0.7097169071751586,1779.6231389846346
2026-05-27T15:00:00+00:00,2026-05-27T18:00:00+03:00,2026-05,EBM0526,2507.5014376254508,EPIAS_VEP:EBM0526,True,False,False,1.1427271455044967,2865.3899601661533
2026-05-27T16:00:00+00:00,2026-05-27T19:00:00+03:00,2026-05,EBM0526,2507.4908107075285,EPIAS_VEP:EBM0526,True,False,False,1.4163581544229633,3551.5050568862553
2026-05-27T17:00:00+00:00,2026-05-27T20:00:00+03:00,2026-05,EBM0526,2507.4793756269287,EPIAS_VEP:EBM0526,True,False,False,1.4667516786152808,3677.849583293994
2026-05-27T18:00:00+00:00,2026-05-27T21:00:00+03:00,2026-05,EBM0526,2507.4671322939143,EPIAS_VEP:EBM0526,True,False,False,1.4758390002963406,3700.6177858005826
2026-05-27T19:00:00+00:00,2026-05-27T22:00:00+03:00,2026-05,EBM0526,2507.4540892801,EPIAS_VEP:EBM0526,True,False,False,1.2572642182382665,3152.5323053270895
2026-05-27T20:00:00+00:00,2026-05-27T23:00:00+03:00,2026-05,EBM0526,2507.440265042788,EPIAS_VEP:EBM0526,True,False,False,1.1419861926923516,2863.462161679714
2026-05-27T21:00:00+00:00,2026-05-28T00:00:00+03:00,2026-05,EBM0526,2507.4256892292665,EPIAS_VEP:EBM0526,True,False,False,1.2494961040128738,3133.0186297937635
2026-05-27T22:00:00+00:00,2026-05-28T01:00:00+03:00,2026-05,EBM0526,2507.410404059236,EPIAS_VEP:EBM0526,True,False,False,1.1606531917142888,2910.233888408967
2026-05-27T23:00:00+00:00,2026-05-28T02:00:00+03:00,2026-05,EBM0526,2507.3944657823904,EPIAS_VEP:EBM0526,True,False,False,1.0485482925139589,2629.1241857550754
2026-05-28T00:00:00+00:00,2026-05-28T03:00:00+03:00,2026-05,EBM0526,2507.3779462069333,EPIAS_VEP:EBM0526,True,False,False,1.0200313028937718,2557.6039933165675
2026-05-28T01:00:00+00:00,2026-05-28T04:00:00+03:00,2026-05,EBM0526,2507.3609342934064,EPIAS_VEP:EBM0526,True,False,False,1.055482736881886,2646.4761812787274
2026-05-28T02:00:00+00:00,2026-05-28T05:00:00+03:00,2026-05,EBM0526,2507.3435378066465,EPIAS_VEP:EBM0526,True,False,False,1.023546407992781,2566.3824717259045
2026-05-28T03:00:00+00:00,2026-05-28T06:00:00+03:00,2026-05,EBM0526,2507.325885016976,EPIAS_VEP:EBM0526,True,False,False,0.9393217419399241,2355.185717925208
2026-05-28T04:00:00+00:00,2026-05-28T07:00:00+03:00,2026-05,EBM0526,2507.3081264398515,EPIAS_VEP:EBM0526,True,False,False,0.37487064651639607,939.9162183743209
2026-05-28T05:00:00+00:00,2026-05-28T08:00:00+03:00,2026-05,EBM0526,2507.290436601146,EPIAS_VEP:EBM0526,True,False,False,0.2264439182119491,567.7606705593121
2026-05-28T06:00:00+00:00,2026-05-28T09:00:00+03:00,2026-05,EBM0526,2507.273015813005,EPIAS_VEP:EBM0526,True,False,False,0.17684152691400715,443.38998850665934
2026-05-28T07:00:00+00:00,2026-05-28T10:00:00+03:00,2026-05,EBM0526,2507.2560919428265,EPIAS_VEP:EBM0526,True,False,False,0.1286917579140753,322.6631940128968
2026-05-28T08:00:00+00:00,2026-05-28T11:00:00+03:00,2026-05,EBM0526,2507.239922155344,EPIAS_VEP:EBM0526,True,False,False,0.12894534750969167,323.2969230524931
2026-05-28T09:00:00+00:00,2026-05-28T12:00:00+03:00,2026-05,EBM0526,2507.224794605012,EPIAS_VEP:EBM0526,True,False,False,0.09363424066944356,234.7620898304419
2026-05-28T10:00:00+00:00,2026-05-28T13:00:00+03:00,2026-05,EBM0526,2507.211030052985,EPIAS_VEP:EBM0526,True,False,False,0.13602003942843516,341.03094316321454
2026-05-28T11:00:00+00:00,2026-05-28T14:00:00+03:00,2026-05,EBM0526,2507.1989833798734,EPIAS_VEP:EBM0526,True,False,False,0.17811582608907883,446.57181809440476
2026-05-28T12:00:00+00:00,2026-05-28T15:00:00+03:00,2026-05,EBM0526,2507.189044962199,EPIAS_VEP:EBM0526,True,False,False,0.1969019714477072,493.67046574515126
2026-05-28T13:00:00+00:00,2026-05-28T16:00:00+03:00,2026-05,EBM0526,2507.1816418770604,EPIAS_VEP:EBM0526,True,False,False,0.29149284953890414,730.8255211023726
2026-05-28T14:00:00+00:00,2026-05-28T17:00:00+03:00,2026-05,EBM0526,2507.177238895974,EPIAS_VEP:EBM0526,True,False,False,0.7094507134840808,1778.7186809657965
2026-05-28T15:00:00+00:00,2026-05-28T18:00:00+03:00,2026-05,EBM0526,2507.176339225185,EPIAS_VEP:EBM0526,True,False,False,1.140305315649844,2858.946506889995
2026-05-28T16:00:00+00:00,2026-05-28T19:00:00+03:00,2026-05,EBM0526,2507.1794849459666,EPIAS_VEP:EBM0526,True,False,False,1.4136823932185085,3544.3554945067617
2026-05-28T17:00:00+00:00,2026-05-28T20:00:00+03:00,2026-05,EBM0526,2507.1872571045824,EPIAS_VEP:EBM0526,True,False,False,1.463880881527924,3670.223492085834
2026-05-28T18:00:00+00:00,2026-05-28T21:00:00+03:00,2026-05,EBM0526,2507.2002753977185,EPIAS_VEP:EBM0526,True,False,False,1.4739671431083075,3695.530827128337
2026-05-28T19:00:00+00:00,2026-05-28T22:00:00+03:00,2026-05,EBM0526,2507.2191973952645,EPIAS_VEP:EBM0526,True,False,False,1.2580854010303197,3154.295869425938
2026-05-28T20:00:00+00:00,2026-05-28T23:00:00+03:00,2026-05,EBM0526,2507.244717238485,EPIAS_VEP:EBM0526,True,False,False,1.1430588252489808,2865.9282010983356
2026-05-28T21:00:00+00:00,2026-05-29T00:00:00+03:00,2026-05,EBM0526,2507.277563747822,EPIAS_VEP:EBM0526,True,False,False,1.248594210809806,3130.572250988845
2026-05-28T22:00:00+00:00,2026-05-29T01:00:00+03:00,2026-05,EBM0526,2507.318497870908,EPIAS_VEP:EBM0526,True,False,False,1.159819018627082,2908.0356795861658
2026-05-28T23:00:00+00:00,2026-05-29T02:00:00+03:00,2026-05,EBM0526,2507.368309397916,EPIAS_VEP:EBM0526,True,False,False,1.048261886060261,2628.378633057188
2026-05-29T00:00:00+00:00,2026-05-29T03:00:00+03:00,2026-05,EBM0526,2507.42781286815,EPIAS_VEP:EBM0526,True,False,False,1.0199571699911378,2557.4689759700664
2026-05-29T01:00:00+00:00,2026-05-29T04:00:00+03:00,2026-05,EBM0526,2507.497842588888,EPIAS_VEP:EBM0526,True,False,False,1.054882042915839,2645.114446797225
2026-05-29T02:00:00+00:00,2026-05-29T05:00:00+03:00,2026-05,EBM0526,2507.579246685038,EPIAS_VEP:EBM0526,True,False,False,1.021955665824258,2562.634818653099
2026-05-29T03:00:00+00:00,2026-05-29T06:00:00+03:00,2026-05,EBM0526,2507.6728800961646,EPIAS_VEP:EBM0526,True,False,False,0.9370892376208211,2349.9132674117236
2026-05-29T04:00:00+00:00,2026-05-29T07:00:00+03:00,2026-05,EBM0526,2507.7795964360803,EPIAS_VEP:EBM0526,True,False,False,0.37533297922721337,941.2523871755728
2026-05-29T05:00:00+00:00,2026-05-29T08:00:00+03:00,2026-05,EBM0526,2507.9002386295024,EPIAS_VEP:EBM0526,True,False,False,0.22830937671570145,572.5771403466606
2026-05-29T06:00:00+00:00,2026-05-29T09:00:00+03:00,2026-05,EBM0526,2508.03562824042,EPIAS_VEP:EBM0526,True,False,False,0.18032309558126877,452.25674831242475
2026-05-29T07:00:00+00:00,2026-05-29T10:00:00+03:00,2026-05,EBM0526,2508.186553407873,EPIAS_VEP:EBM0526,True,False,False,0.13373134541917056,335.42316234950715
2026-05-29T08:00:00+00:00,2026-05-29T11:00:00+03:00,2026-05,EBM0526,2508.353755306995,EPIAS_VEP:EBM0526,True,False,False,0.13484974490265722,338.25086402877054
2026-05-29T09:00:00+00:00,2026-05-29T12:00:00+03:00,2026-05,EBM0526,2508.537913056495,EPIAS_VEP:EBM0526,True,False,False,0.09973971745564265,250.2008626750223
2026-05-29T10:00:00+00:00,2026-05-29T13:00:00+03:00,2026-05,EBM0526,2508.7396269984665,EPIAS_VEP:EBM0526,True,False,False,0.14349377516520725,359.9885199845639
2026-05-29T11:00:00+00:00,2026-05-29T14:00:00+03:00,2026-05,EBM0526,2508.959400282612,EPIAS_VEP:EBM0526,True,False,False,0.18450195453569487,462.90791320284677
2026-05-29T12:00:00+00:00,2026-05-29T15:00:00+03:00,2026-05,EBM0526,2509.1976186948496,EPIAS_VEP:EBM0526,True,False,False,0.20242970732757956,507.936139579458
2026-05-29T13:00:00+00:00,2026-05-29T16:00:00+03:00,2026-05,EBM0526,2509.454528679985,EPIAS_VEP:EBM0526,True,False,False,0.2951242832164024,740.6009690408354
2026-05-29T14:00:00+00:00,2026-05-29T17:00:00+03:00,2026-05,EBM0526,2509.7302135198697,EPIAS_VEP:EBM0526,True,False,False,0.7093425676759911,1780.2584738321978
2026-05-29T15:00:00+00:00,2026-05-29T18:00:00+03:00,2026-05,EBM0526,2510.024567642403,EPIAS_VEP:EBM0526,True,False,False,1.1379224920977553,2856.2134112382337
2026-05-29T16:00:00+00:00,2026-05-29T19:00:00+03:00,2026-05,EBM0526,2510.337269053045,EPIAS_VEP:EBM0526,True,False,False,1.4109441171999952,3541.9456019582954
2026-05-29T17:00:00+00:00,2026-05-29T20:00:00+03:00,2026-05,EBM0526,2510.667749899412,EPIAS_VEP:EBM0526,True,False,False,1.4609246857954732,3667.896493658626
2026-05-29T18:00:00+00:00,2026-05-29T21:00:00+03:00,2026-05,EBM0526,2511.015165201126,EPIAS_VEP:EBM0526,True,False,False,1.4719865606542606,3696.1805767750952
2026-05-29T19:00:00+00:00,2026-05-29T22:00:00+03:00,2026-05,EBM0526,2511.378359801738,EPIAS_VEP:EBM0526,True,False,False,1.2588483367782133,3161.4444712572154
2026-05-29T20:00:00+00:00,2026-05-29T23:00:00+03:00,2026-05,EBM0526,2511.755833627193,EPIAS_VEP:EBM0526,True,False,False,1.1441229295418442,2873.7574426633614
2026-05-29T21:00:00+00:00,2026-05-30T00:00:00+03:00,2026-05,EBM0526,2512.145705366373,EPIAS_VEP:EBM0526,True,False,False,1.247680806021864,3134.3559785158805
2026-05-29T22:00:00+00:00,2026-05-30T01:00:00+03:00,2026-05,EBM0526,2512.5456747237104,EPIAS_VEP:EBM0526,True,False,False,1.1589945134234372,2912.0266517305686
2026-05-29T23:00:00+00:00,2026-05-30T02:00:00+03:00,2026-05,EBM0526,2512.952983431919,EPIAS_VEP:EBM0526,True,False,False,1.0479982280199949,2633.570273734211
2026-05-30T00:00:00+00:00,2026-05-30T03:00:00+03:00,2026-05,EBM0526,2513.364375255159,EPIAS_VEP:EBM0526,True,False,False,1.0199116764547542,2563.4096735081453
2026-05-30T01:00:00+00:00,2026-05-30T04:00:00+03:00,2026-05,EBM0526,2513.77605525816,EPIAS_VEP:EBM0526,True,False,False,1.0542935682656769,2650.257927118943
2026-05-30T02:00:00+00:00,2026-05-30T05:00:00+03:00,2026-05,EBM0526,2514.183648667044,EPIAS_VEP:EBM0526,True,False,False,1.0204044754700514,2565.484247253475
2026-05-30T03:00:00+00:00,2026-05-30T06:00:00+03:00,2026-05,EBM0526,2514.582159701323,EPIAS_VEP:EBM0526,True,False,False,0.9349641300129962,2351.0441212913483
2026-05-30T04:00:00+00:00,2026-05-30T07:00:00+03:00,2026-05,EBM0526,2514.965930814556,EPIAS_VEP:EBM0526,True,False,False,0.3760899699533752,945.8534613538086
2026-05-30T05:00:00+00:00,2026-05-30T08:00:00+03:00,2026-05,EBM0526,2515.3286028432503,EPIAS_VEP:EBM0526,True,False,False,0.23037637816347634,579.4722934140252
2026-05-30T06:00:00+00:00,2026-05-30T09:00:00+03:00,2026-05,EBM0526,2515.663076629746,EPIAS_VEP:EBM0526,True,False,False,0.18399556912671405,462.87085951555053
2026-05-30T07:00:00+00:00,2026-05-30T10:00:00+03:00,2026-05,EBM0526,2515.9614767550147,EPIAS_VEP:EBM0526,True,False,False,0.13891641331908944,349.5083443998063
2026-05-30T08:00:00+00:00,2026-05-30T11:00:00+03:00,2026-05,EBM0526,2516.215118091282,EPIAS_VEP:EBM0526,True,False,False,0.14086712864300943,354.45199873364976
2026-05-30T09:00:00+00:00,2026-05-30T12:00:00+03:00,2026-05,EBM0526,2516.4144759620103,EPIAS_VEP:EBM0526,True,False,False,0.10594892980601232,266.6114206765323
2026-05-30T10:00:00+00:00,2026-05-30T13:00:00+03:00,2026-05,EBM0526,2516.5491607777703,EPIAS_VEP:EBM0526,True,False,False,0.15110486190109734,380.2628134066474
2026-05-30T11:00:00+00:00,2026-05-30T14:00:00+03:00,2026-05,EBM0526,2516.607898100453,EPIAS_VEP:EBM0526,True,False,False,0.19102085600111526,480.72459491431596
2026-05-30T12:00:00+00:00,2026-05-30T15:00:00+03:00,2026-05,EBM0526,2516.578515174784,EPIAS_VEP:EBM0526,True,False,False,0.20805493151163756,523.5865706183482
2026-05-30T13:00:00+00:00,2026-05-30T16:00:00+03:00,2026-05,EBM0526,2516.447935054593,EPIAS_VEP:EBM0526,True,False,False,0.29894309913554457,752.2747445184616
2026-05-30T14:00:00+00:00,2026-05-30T17:00:00+03:00,2026-05,EBM0526,2516.2021795411106,EPIAS_VEP:EBM0526,True,False,False,0.7093925447933829,1784.9750673593248
2026-05-30T15:00:00+00:00,2026-05-30T18:00:00+03:00,2026-05,EBM0526,2515.826382240976,EPIAS_VEP:EBM0526,True,False,False,1.1355810809659728,2856.92484266792
2026-05-30T16:00:00+00:00,2026-05-30T19:00:00+03:00,2026-05,EBM0526,2515.304813141792,EPIAS_VEP:EBM0526,True,False,False,1.4081462863551997,3541.9171316769734
2026-05-30T17:00:00+00:00,2026-05-30T20:00:00+03:00,2026-05,EBM0526,2514.620916191853,EPIAS_VEP:EBM0526,True,False,False,1.4578866153802252,3666.032176471262
2026-05-30T18:00:00+00:00,2026-05-30T21:00:00+03:00,2026-05,EBM0526,2513.7573614570574,EPIAS_VEP:EBM0526,True,False,False,1.4698997232773217,3694.971249992059
2026-05-30T19:00:00+00:00,2026-05-30T22:00:00+03:00,2026-05,EBM0526,2512.696113510598,EPIAS_VEP:EBM0526,True,False,False,1.259553564831918,3164.8753471115797
2026-05-30T20:00:00+00:00,2026-05-30T23:00:00+03:00,2026-05,EBM0526,2511.4185177884374,EPIAS_VEP:EBM0526,True,False,False,1.1451786699488116,2876.0229178857785
2026-05-30T21:00:00+00:00,2026-05-31T00:00:00+03:00,2026-05,EBM0526,2509.905406714103,EPIAS_VEP:EBM0526,True,False,False,1.2467576311581194,3129.2437193058313
2026-05-30T22:00:00+00:00,2026-05-31T01:00:00+03:00,2026-05,EBM0526,2508.137227458257,EPIAS_VEP:EBM0526,True,False,False,1.1581813287894585,2904.877706883912
2026-05-30T23:00:00+00:00,2026-05-31T02:00:00+03:00,2026-05,EBM0526,2506.094193249806,EPIAS_VEP:EBM0526,True,False,False,1.0477584049399833,2625.781254548771
2026-05-31T00:00:00+00:00,2026-05-31T03:00:00+03:00,2026-05,EBM0526,2503.7564601938284,EPIAS_VEP:EBM0526,True,False,False,1.0198957218158993,2553.5705022206052
2026-05-31T01:00:00+00:00,2026-05-31T04:00:00+03:00,2026-05,EBM0526,2501.1043315749907,EPIAS_VEP:EBM0526,True,False,False,1.0537187402989208,2635.4605056233736
2026-05-31T02:00:00+00:00,2026-05-31T05:00:00+03:00,2026-05,EBM0526,2498.118491630856,EPIAS_VEP:EBM0526,True,False,False,1.0188950002347361,2545.32044111662
2026-05-31T03:00:00+00:00,2026-05-31T06:00:00+03:00,2026-05,EBM0526,2494.7802707647443,EPIAS_VEP:EBM0526,True,False,False,0.9329485864184046,2327.501727034493
2026-05-31T04:00:00+00:00,2026-05-31T07:00:00+03:00,2026-05,EBM0526,2491.0719441297324,EPIAS_VEP:EBM0526,True,False,False,0.3771395686744633,939.481798546144
2026-05-31T05:00:00+00:00,2026-05-31T08:00:00+03:00,2026-05,EBM0526,2486.977065450737,EPIAS_VEP:EBM0526,True,False,False,0.23264066336149633,578.5719942712869
2026-05-31T06:00:00+00:00,2026-05-31T09:00:00+03:00,2026-05,EBM0526,2482.480837857177,EPIAS_VEP:EBM0526,True,False,False,0.18785274041626787,466.34082842234346
2026-05-31T07:00:00+00:00,2026-05-31T10:00:00+03:00,2026-05,EBM0526,2477.570523370842,EPIAS_VEP:EBM0526,True,False,False,0.14423903594461737,357.36238377581134
2026-05-31T08:00:00+00:00,2026-05-31T11:00:00+03:00,2026-05,EBM0526,2472.235892528649,EPIAS_VEP:EBM0526,True,False,False,0.1469890292031219,363.39155380389974
2026-05-31T09:00:00+00:00,2026-05-31T12:00:00+03:00,2026-05,EBM0526,2466.4697154140977,EPIAS_VEP:EBM0526,True,False,False,0.1122530526477809,276.8687548185359
2026-05-31T10:00:00+00:00,2026-05-31T13:00:00+03:00,2026-05,EBM0526,2460.268295120347,EPIAS_VEP:EBM0526,True,False,False,0.15884350061754,390.7976284552629
2026-05-31T11:00:00+00:00,2026-05-31T14:00:00+03:00,2026-05,EBM0526,2453.632044367935,EPIAS_VEP:EBM0526,True,False,False,0.19766430540560992,484.99547377093455
2026-05-31T12:00:00+00:00,2026-05-31T15:00:00+03:00,2026-05,EBM0526,2446.566105646803,EPIAS_VEP:EBM0526,True,False,False,0.21377074490052775,523.0042588525004
2026-05-31T13:00:00+00:00,2026-05-31T16:00:00+03:00,2026-05,EBM0526,2439.0810148413616,EPIAS_VEP:EBM0526,True,False,False,0.3029451902764861,738.9078621408811
2026-05-31T14:00:00+00:00,2026-05-31T17:00:00+03:00,2026-05,EBM0526,2431.193407824386,EPIAS_VEP:EBM0526,True,False,False,0.7096006025836087,1725.1763071894816
2026-05-31T15:00:00+00:00,2026-05-31T18:00:00+03:00,2026-05,EBM0526,2422.926768966071,EPIAS_VEP:EBM0526,True,False,False,1.1332834573804145,2745.8628257134255
2026-05-31T16:00:00+00:00,2026-05-31T19:00:00+03:00,2026-05,EBM0526,2414.3122198947503,EPIAS_VEP:EBM0526,True,False,False,1.4052919123491627,3392.813436503846
2026-05-31T17:00:00+00:00,2026-05-31T20:00:00+03:00,2026-05,EBM0526,2405.389346160877,EPIAS_VEP:EBM0526,True,False,False,1.4547702587929392,3499.2888816122377
2026-05-31T18:00:00+00:00,2026-05-31T21:00:00+03:00,2026-05,EBM0526,2396.2070586917057,EPIAS_VEP:EBM0526,True,False,False,1.4677091948944023,3516.935132912687
2026-05-31T19:00:00+00:00,2026-05-31T22:00:00+03:00,2026-05,EBM0526,2386.8244860789528,EPIAS_VEP:EBM0526,True,False,False,1.2602016596842218,3007.880178731636
2026-05-31T20:00:00+00:00,2026-05-31T23:00:00+03:00,2026-05,EBM0526,2377.311892804696,EPIAS_VEP:EBM0526,True,False,False,1.1462261911731044,2724.93715612005
2026-05-31T21:00:00+00:00,2026-06-01T00:00:00+03:00,2026-06,EBM0626,2367.751617504798,EPIAS_VEP:EBM0626,True,False,False,1.2121398774788428,2870.0461555425977
2026-05-31T22:00:00+00:00,2026-06-01T01:00:00+03:00,2026-06,EBM0626,2358.239024224758,EPIAS_VEP:EBM0626,True,False,False,1.1584877619906673,2731.991049413195
2026-05-31T23:00:00+00:00,2026-06-01T02:00:00+03:00,2026-06,EBM0626,2348.856451600414,EPIAS_VEP:EBM0626,True,False,False,1.0815502460073003,2540.406273064262
2026-06-01T00:00:00+00:00,2026-06-01T03:00:00+03:00,2026-06,EBM0626,2339.674164117276,EPIAS_VEP:EBM0626,True,False,False,1.0654870835812478,2492.89260165571
2026-06-01T01:00:00+00:00,2026-06-01T04:00:00+03:00,2026-06,EBM0626,2330.751290367786,EPIAS_VEP:EBM0626,True,False,False,1.1003479300919818,2564.637357915409
2026-06-01T02:00:00+00:00,2026-06-01T05:00:00+03:00,2026-06,EBM0626,2322.1367412800664,EPIAS_VEP:EBM0626,True,False,False,1.0539088605263613,2447.3204869888727
2026-06-01T03:00:00+00:00,2026-06-01T06:00:00+03:00,2026-06,EBM0626,2313.870102405292,EPIAS_VEP:EBM0626,True,False,False,0.9231595943801791,2136.071385184893
2026-06-01T04:00:00+00:00,2026-06-01T07:00:00+03:00,2026-06,EBM0626,2305.9824953726024,EPIAS_VEP:EBM0626,True,False,False,0.7172504280971954,1653.966931990638
2026-06-01T05:00:00+00:00,2026-06-01T08:00:00+03:00,2026-06,EBM0626,2298.4974045522404,EPIAS_VEP:EBM0626,True,False,False,1.1694824283619567,2688.052326259409
2026-06-01T06:00:00+00:00,2026-06-01T09:00:00+03:00,2026-06,EBM0626,2291.431465817002,EPIAS_VEP:EBM0626,True,False,False,1.1263870949499066,2581.0388320584193
2026-06-01T07:00:00+00:00,2026-06-01T10:00:00+03:00,2026-06,EBM0626,2284.7952150513206,EPIAS_VEP:EBM0626,True,False,False,0.9148241309129107,2090.1857969233015
2026-06-01T08:00:00+00:00,2026-06-01T11:00:00+03:00,2026-06,EBM0626,2278.5937947451407,EPIAS_VEP:EBM0626,True,False,False,0.9246906891610659,2106.9944663810124
2026-06-01T09:00:00+00:00,2026-06-01T12:00:00+03:00,2026-06,EBM0626,2272.827617618994,EPIAS_VEP:EBM0626,True,False,False,0.6055224531007903,1376.2481544958782
2026-06-01T10:00:00+00:00,2026-06-01T13:00:00+03:00,2026-06,EBM0626,2267.4929867660285,EPIAS_VEP:EBM0626,True,False,False,0.7473634231117251,1694.6413204712887
2026-06-01T11:00:00+00:00,2026-06-01T14:00:00+03:00,2026-06,EBM0626,2262.5826722697225,EPIAS_VEP:EBM0626,True,False,False,0.9731033755023664,2201.726835738831
2026-06-01T12:00:00+00:00,2026-06-01T15:00:00+03:00,2026-06,EBM0626,2258.0864446669693,EPIAS_VEP:EBM0626,True,False,False,0.9462791804119015,2136.7801901586845
2026-06-01T13:00:00+00:00,2026-06-01T16:00:00+03:00,2026-06,EBM0626,2253.9915659795274,EPIAS_VEP:EBM0626,True,False,False,1.0758455035662384,2424.946691335299
2026-06-01T14:00:00+00:00,2026-06-01T17:00:00+03:00,2026-06,EBM0626,2250.2832393367817,EPIAS_VEP:EBM0626,True,False,False,1.1866474113731285,2670.29278081533
2026-06-01T15:00:00+00:00,2026-06-01T18:00:00+03:00,2026-06,EBM0626,2246.945018463609,EPIAS_VEP:EBM0626,True,False,False,1.2107084088046411,2720.395227975591
2026-06-01T16:00:00+00:00,2026-06-01T19:00:00+03:00,2026-06,EBM0626,2243.959178513045,EPIAS_VEP:EBM0626,True,False,False,1.32395050368199,2970.8908846341706
2026-06-01T17:00:00+00:00,2026-06-01T20:00:00+03:00,2026-06,EBM0626,2241.3070498883712,EPIAS_VEP:EBM0626,True,False,False,1.350091717688982,3025.9700848522157
2026-06-01T18:00:00+00:00,2026-06-01T21:00:00+03:00,2026-06,EBM0626,2238.96931682711,EPIAS_VEP:EBM0626,True,False,False,1.3474690812387764,3016.941928266837
2026-06-01T19:00:00+00:00,2026-06-01T22:00:00+03:00,2026-06,EBM0626,2236.926282613887,EPIAS_VEP:EBM0626,True,False,False,1.2429268859150988,2780.335818470917
2026-06-01T20:00:00+00:00,2026-06-01T23:00:00+03:00,2026-06,EBM0626,2235.1581033537377,EPIAS_VEP:EBM0626,True,False,False,1.161994467082187,2597.2413491509583
2026-06-01T21:00:00+00:00,2026-06-02T00:00:00+03:00,2026-06,EBM0626,2233.644992275528,EPIAS_VEP:EBM0626,True,False,False,1.211127168395144,2705.228134694653
2026-06-01T22:00:00+00:00,2026-06-02T01:00:00+03:00,2026-06,EBM0626,2232.36739654988,EPIAS_VEP:EBM0626,True,False,False,1.1582752287520703,2585.695856897476
2026-06-01T23:00:00+00:00,2026-06-02T02:00:00+03:00,2026-06,EBM0626,2231.3061486002825,EPIAS_VEP:EBM0626,True,False,False,1.0823076515205676,2414.9597175149743
2026-06-02T00:00:00+00:00,2026-06-02T03:00:00+03:00,2026-06,EBM0626,2230.442593862661,EPIAS_VEP:EBM0626,True,False,False,1.067001676045412,2379.8859859745353
2026-06-02T01:00:00+00:00,2026-06-02T04:00:00+03:00,2026-06,EBM0626,2229.7586969101726,EPIAS_VEP:EBM0626,True,False,False,1.1009697277520838,2454.8968254900337
2026-06-02T02:00:00+00:00,2026-06-02T05:00:00+03:00,2026-06,EBM0626,2229.2371278086807,EPIAS_VEP:EBM0626,True,False,False,1.0531524017567178,2347.7264352369593
2026-06-02T03:00:00+00:00,2026-06-02T06:00:00+03:00,2026-06,EBM0626,2228.86133050645,EPIAS_VEP:EBM0626,True,False,False,0.9211427628734938,2053.099484044603
2026-06-02T04:00:00+00:00,2026-06-02T07:00:00+03:00,2026-06,EBM0626,2228.6155749910563,EPIAS_VEP:EBM0626,True,False,False,0.7149438224516964,1593.334937959491
2026-06-02T05:00:00+00:00,2026-06-02T08:00:00+03:00,2026-06,EBM0626,2228.4849948691167,EPIAS_VEP:EBM0626,True,False,False,1.1669040788135137,2600.4282300874843
2026-06-02T06:00:00+00:00,2026-06-02T09:00:00+03:00,2026-06,EBM0626,2228.455611941841,EPIAS_VEP:EBM0626,True,False,False,1.1257406114266217,2508.662983124495
2026-06-02T07:00:00+00:00,2026-06-02T10:00:00+03:00,2026-06,EBM0626,2228.514349263045,EPIAS_VEP:EBM0626,True,False,False,0.9168136447992268,2043.1323630352294
2026-06-02T08:00:00+00:00,2026-06-02T11:00:00+03:00,2026-06,EBM0626,2228.6490340774394,EPIAS_VEP:EBM0626,True,False,False,0.9265352996948676,2064.9220007036174
2026-06-02T09:00:00+00:00,2026-06-02T12:00:00+03:00,2026-06,EBM0626,2228.848391946906,EPIAS_VEP:EBM0626,True,False,False,0.6101544923883792,1359.9418591990195
2026-06-02T10:00:00+00:00,2026-06-02T13:00:00+03:00,2026-06,EBM0626,2229.1020332820085,EPIAS_VEP:EBM0626,True,False,False,0.7522623201997609,1676.8694675187285
2026-06-02T11:00:00+00:00,2026-06-02T14:00:00+03:00,2026-06,EBM0626,2229.400433406209,EPIAS_VEP:EBM0626,True,False,False,0.9757145554672456,2175.2584528394236
2026-06-02T12:00:00+00:00,2026-06-02T15:00:00+03:00,2026-06,EBM0626,2229.7349071917347,EPIAS_VEP:EBM0626,True,False,False,0.9489336952609816,2115.870584933855
2026-06-02T13:00:00+00:00,2026-06-02T16:00:00+03:00,2026-06,EBM0626,2230.097579219564,EPIAS_VEP:EBM0626,True,False,False,1.0762791451669664,2400.2075162013534
2026-06-02T14:00:00+00:00,2026-06-02T17:00:00+03:00,2026-06,EBM0626,2230.48135033205,EPIAS_VEP:EBM0626,True,False,False,1.1845404761629421,2642.095440794889
2026-06-02T15:00:00+00:00,2026-06-02T18:00:00+03:00,2026-06,EBM0626,2230.8798613657164,EPIAS_VEP:EBM0626,True,False,False,1.2078530143799073,2694.57496527001
2026-06-02T16:00:00+00:00,2026-06-02T19:00:00+03:00,2026-06,EBM0626,2231.287454774145,EPIAS_VEP:EBM0626,True,False,False,1.3210161056590106,2947.5666641115467
2026-06-02T17:00:00+00:00,2026-06-02T20:00:00+03:00,2026-06,EBM0626,2231.699134776873,EPIAS_VEP:EBM0626,True,False,False,1.3468632044694575,3005.793448077295
2026-06-02T18:00:00+00:00,2026-06-02T21:00:00+03:00,2026-06,EBM0626,2232.110526600053,EPIAS_VEP:EBM0626,True,False,False,1.3448187997011833,3001.78419918266
2026-06-02T19:00:00+00:00,2026-06-02T22:00:00+03:00,2026-06,EBM0626,2232.517835308451,EPIAS_VEP:EBM0626,True,False,False,1.2419673766809822,2772.714319311542
2026-06-02T20:00:00+00:00,2026-06-02T23:00:00+03:00,2026-06,EBM0626,2232.9178046662646,EPIAS_VEP:EBM0626,True,False,False,1.1612517131321736,2592.9796259520317
2026-06-02T21:00:00+00:00,2026-06-03T00:00:00+03:00,2026-06,EBM0626,2233.3076764062525,EPIAS_VEP:EBM0626,True,False,False,1.21006721249408,2702.4523946305444
2026-06-02T22:00:00+00:00,2026-06-03T01:00:00+03:00,2026-06,EBM0626,2233.6851502327995,EPIAS_VEP:EBM0626,True,False,False,1.158017322806862,2586.6460976660296
2026-06-02T23:00:00+00:00,2026-06-03T02:00:00+03:00,2026-06,EBM0626,2234.048344834741,EPIAS_VEP:EBM0626,True,False,False,1.083025166703312,2419.5305810879036
2026-06-03T00:00:00+00:00,2026-06-03T03:00:00+03:00,2026-06,EBM0626,2234.39576013798,EPIAS_VEP:EBM0626,True,False,False,1.068457580944108,2387.357088748797
2026-06-03T01:00:00+00:00,2026-06-03T04:00:00+03:00,2026-06,EBM0626,2234.7262409860296,EPIAS_VEP:EBM0626,True,False,False,1.1015141262711463,2461.5825227949294
2026-06-03T02:00:00+00:00,2026-06-03T05:00:00+03:00,2026-06,EBM0626,2235.038942398477,EPIAS_VEP:EBM0626,True,False,False,1.0523685687019448,2352.084732804994
2026-06-03T03:00:00+00:00,2026-06-03T06:00:00+03:00,2026-06,EBM0626,2235.333296522905,EPIAS_VEP:EBM0626,True,False,False,0.9191570682594753,2054.6223994147817
2026-06-03T04:00:00+00:00,2026-06-03T07:00:00+03:00,2026-06,EBM0626,2235.6089813647486,EPIAS_VEP:EBM0626,True,False,False,0.712732950506719,1593.392185467418
2026-06-03T05:00:00+00:00,2026-06-03T08:00:00+03:00,2026-06,EBM0626,2235.8658913518816,EPIAS_VEP:EBM0626,True,False,False,1.1643207152167232,2603.264973747499
2026-06-03T06:00:00+00:00,2026-06-03T09:00:00+03:00,2026-06,EBM0626,2236.104109766133,EPIAS_VEP:EBM0626,True,False,False,1.1250715149957928,2515.777038462902
2026-06-03T07:00:00+00:00,2026-06-03T10:00:00+03:00,2026-06,EBM0626,2236.3238830522887,EPIAS_VEP:EBM0626,True,False,False,0.91882055798854,2054.7803580692025
2026-06-03T08:00:00+00:00,2026-06-03T11:00:00+03:00,2026-06,EBM0626,2236.52559699625,EPIAS_VEP:EBM0626,True,False,False,0.9283852909911225,2076.3574671764577
2026-06-03T09:00:00+00:00,2026-06-03T12:00:00+03:00,2026-06,EBM0626,2236.7097547477047,EPIAS_VEP:EBM0626,True,False,False,0.6148352454713498,1375.2079911084677
2026-06-03T10:00:00+00:00,2026-06-03T13:00:00+03:00,2026-06,EBM0626,2236.8769566487326,EPIAS_VEP:EBM0626,True,False,False,0.7571800756261601,1693.7186632017022
2026-06-03T11:00:00+00:00,2026-06-03T14:00:00+03:00,2026-06,EBM0626,2237.027881818031,EPIAS_VEP:EBM0626,True,False,False,0.9782945176566982,2188.472112627756
2026-06-03T12:00:00+00:00,2026-06-03T15:00:00+03:00,2026-06,EBM0626,2237.1632714307234,EPIAS_VEP:EBM0626,True,False,False,0.951577098417325,2128.833334513858
2026-06-03T13:00:00+00:00,2026-06-03T16:00:00+03:00,2026-06,EBM0626,2237.2839136258444,EPIAS_VEP:EBM0626,True,False,False,1.076693387117124,2408.8687949044656
2026-06-03T14:00:00+00:00,2026-06-03T17:00:00+03:00,2026-06,EBM0626,2237.3906299673777,EPIAS_VEP:EBM0626,True,False,False,1.182422636944241,2645.541328560363
2026-06-03T15:00:00+00:00,2026-06-03T18:00:00+03:00,2026-06,EBM0626,2237.4842633800367,EPIAS_VEP:EBM0626,True,False,False,1.2049923571869259,2696.151436698963
2026-06-03T16:00:00+00:00,2026-06-03T19:00:00+03:00,2026-06,EBM0626,2237.5656674776287,EPIAS_VEP:EBM0626,True,False,False,1.3180201672737508,2949.156675334866
2026-06-03T17:00:00+00:00,2026-06-03T20:00:00+03:00,2026-06,EBM0626,2237.635697199715,EPIAS_VEP:EBM0626,True,False,False,1.3435606641427702,3006.39930343922
2026-06-03T18:00:00+00:00,2026-06-03T21:00:00+03:00,2026-06,EBM0626,2237.6952006712027,EPIAS_VEP:EBM0626,True,False,False,1.3420844726022743,3003.1759832374514
2026-06-03T19:00:00+00:00,2026-06-03T22:00:00+03:00,2026-06,EBM0626,2237.7450121993725,EPIAS_VEP:EBM0626,True,False,False,1.2409319157726222,2776.889204999197
2026-06-03T20:00:00+00:00,2026-06-03T23:00:00+03:00,2026-06,EBM0626,2237.785946323529,EPIAS_VEP:EBM0626,True,False,False,1.1604535396737938,2596.8466224434096
2026-06-03T21:00:00+00:00,2026-06-04T00:00:00+03:00,2026-06,EBM0626,2237.81879283385,EPIAS_VEP:EBM0626,True,False,False,1.2089617578051204,2705.4373414337438
2026-06-03T22:00:00+00:00,2026-06-04T01:00:00+03:00,2026-06,EBM0626,2237.8443126779703,EPIAS_VEP:EBM0626,True,False,False,1.1577150280553716,2590.78599123553
2026-06-03T23:00:00+00:00,2026-06-04T02:00:00+03:00,2026-06,EBM0626,2237.863234676339,EPIAS_VEP:EBM0626,True,False,False,1.0837028354332128,2425.1787327304896
2026-06-04T00:00:00+00:00,2026-06-04T03:00:00+03:00,2026-06,EBM0626,2237.8762529702267,EPIAS_VEP:EBM0626,True,False,False,1.0698540918030406,2394.2010661890536
2026-06-04T01:00:00+00:00,2026-06-04T04:00:00+03:00,2026-06,EBM0626,2237.8840251295296,EPIAS_VEP:EBM0626,True,False,False,1.1019811469711367,2466.106004800623
2026-06-04T02:00:00+00:00,2026-06-04T05:00:00+03:00,2026-06,EBM0626,2237.887170850937,EPIAS_VEP:EBM0626,True,False,False,1.0515586114920796,2353.2695260559494
2026-06-04T03:00:00+00:00,2026-06-04T06:00:00+03:00,2026-06,EBM0626,2237.886271180717,EPIAS_VEP:EBM0626,True,False,False,0.9172049791113961,2052.6004306119894
2026-06-04T04:00:00+00:00,2026-06-04T07:00:00+03:00,2026-06,EBM0626,2237.8818682001443,EPIAS_VEP:EBM0626,True,False,False,0.7106200849313112,1590.283803246628
2026-06-04T05:00:00+00:00,2026-06-04T08:00:00+03:00,2026-06,EBM0626,2237.8744651154675,EPIAS_VEP:EBM0626,True,False,False,1.1617347228689963,2599.816471546521
2026-06-04T06:00:00+00:00,2026-06-04T09:00:00+03:00,2026-06,EBM0626,2237.864526698207,EPIAS_VEP:EBM0626,True,False,False,1.124379708926071,2516.2094651449097
2026-06-04T07:00:00+00:00,2026-06-04T10:00:00+03:00,2026-06,EBM0626,2237.852480025465,EPIAS_VEP:EBM0626,True,False,False,0.9208416160137416,2060.7076941070086
2026-06-04T08:00:00+00:00,2026-06-04T11:00:00+03:00,2026-06,EBM0626,2237.838715473765,EPIAS_VEP:EBM0626,True,False,False,0.9302379865109011,2081.7225808184567
2026-06-04T09:00:00+00:00,2026-06-04T12:00:00+03:00,2026-06,EBM0626,2237.8235879237222,EPIAS_VEP:EBM0626,True,False,False,0.6195581120897596,1386.4617573239536
2026-06-04T10:00:00+00:00,2026-06-04T13:00:00+03:00,2026-06,EBM0626,2237.807418136494,EPIAS_VEP:EBM0626,True,False,False,0.7621114405597031,1705.4586351311934
2026-06-04T11:00:00+00:00,2026-06-04T14:00:00+03:00,2026-06,EBM0626,2237.790494266539,EPIAS_VEP:EBM0626,True,False,False,0.9808409776721998,2194.9166162219476
2026-06-04T12:00:00+00:00,2026-06-04T15:00:00+03:00,2026-06,EBM0626,2237.773073478593,EPIAS_VEP:EBM0626,True,False,False,0.9542068164854647,2135.298320460902
2026-06-04T13:00:00+00:00,2026-06-04T16:00:00+03:00,2026-06,EBM0626,2237.7553836400566,EPIAS_VEP:EBM0626,True,False,False,1.0770880861231544,2410.259663376654
2026-06-04T14:00:00+00:00,2026-06-04T17:00:00+03:00,2026-06,EBM0626,2237.7376250630746,EPIAS_VEP:EBM0626,True,False,False,1.1802960758567982,2641.1929376590583
2026-06-04T15:00:00+00:00,2026-06-04T18:00:00+03:00,2026-06,EBM0626,2237.719972273521,EPIAS_VEP:EBM0626,True,False,False,1.2021292507989185,2690.0286337669445
2026-06-04T16:00:00+00:00,2026-06-04T19:00:00+03:00,2026-06,EBM0626,2237.702575786855,EPIAS_VEP:EBM0626,True,False,False,1.314965972627422,2942.5027440204494
2026-06-04T17:00:00+00:00,2026-06-04T20:00:00+03:00,2026-06,EBM0626,2237.685563873401,EPIAS_VEP:EBM0626,True,False,False,1.3401878941852814,2998.919103696297
2026-06-04T18:00:00+00:00,2026-06-04T21:00:00+03:00,2026-06,EBM0626,2237.669044297996,EPIAS_VEP:EBM0626,True,False,False,1.339269165194803,2996.84115293923
2026-06-04T19:00:00+00:00,2026-06-04T22:00:00+03:00,2026-06,EBM0626,2237.6531060211832,EPIAS_VEP:EBM0626,True,False,False,1.2398221946720789,2774.2919848219776
2026-06-04T20:00:00+00:00,2026-06-04T23:00:00+03:00,2026-06,EBM0626,2237.637820851167,EPIAS_VEP:EBM0626,True,False,False,1.1596013150667481,2594.7677597021056
2026-06-04T21:00:00+00:00,2026-06-05T00:00:00+03:00,2026-06,EBM0626,2237.6232450376424,EPIAS_VEP:EBM0626,True,False,False,1.2078125777500166,2702.629499622272
2026-06-04T22:00:00+00:00,2026-06-05T01:00:00+03:00,2026-06,EBM0626,2237.609420800312,EPIAS_VEP:EBM0626,True,False,False,1.1573693497963768,2589.7405604499045
2026-06-04T23:00:00+00:00,2026-06-05T02:00:00+03:00,2026-06,EBM0626,2237.5963777864663,EPIAS_VEP:EBM0626,True,False,False,1.0843407140583663,2426.316854063391
2026-06-05T00:00:00+00:00,2026-06-05T03:00:00+03:00,2026-06,EBM0626,2237.5841344534074,EPIAS_VEP:EBM0626,True,False,False,1.0711905357705214,2396.8789478167637
2026-06-05T01:00:00+00:00,2026-06-05T04:00:00+03:00,2026-06,EBM0626,2237.5726993727503,EPIAS_VEP:EBM0626,True,False,False,1.102370860926213,2466.6349429925294
2026-06-05T02:00:00+00:00,2026-06-05T05:00:00+03:00,2026-06,EBM0626,2237.562072454758,EPIAS_VEP:EBM0626,True,False,False,1.0507237805645386,2351.0596800174876
2026-06-05T03:00:00+00:00,2026-06-05T06:00:00+03:00,2026-06,EBM0626,2237.552246091849,EPIAS_VEP:EBM0626,True,False,False,0.9152889332120253,2048.0068083315796
2026-06-05T04:00:00+00:00,2026-06-05T07:00:00+03:00,2026-06,EBM0626,2237.543206221288,EPIAS_VEP:EBM0626,True,False,False,0.7086074281629325,1585.539736763909
2026-06-05T05:00:00+00:00,2026-06-05T08:00:00+03:00,2026-06,EBM0626,2237.5349333078198,EPIAS_VEP:EBM0626,True,False,False,1.1591484896309419,2593.6352384402294
2026-06-05T06:00:00+00:00,2026-06-05T09:00:00+03:00,2026-06,EBM0626,2237.5274032476623,EPIAS_VEP:EBM0626,True,False,False,1.1236651262334159,2514.2315120210114
2026-06-05T07:00:00+00:00,2026-06-05T10:00:00+03:00,2026-06,EBM0626,2237.5205881957954,EPIAS_VEP:EBM0626,True,False,False,0.9228735635049024,2064.948598643839
2026-06-05T08:00:00+00:00,2026-06-05T11:00:00+03:00,2026-06,EBM0626,2237.514457318965,EPIAS_VEP:EBM0626,True,False,False,0.9320907130320272,2085.5664459419036
2026-06-05T09:00:00+00:00,2026-06-05T12:00:00+03:00,2026-06,EBM0626,2237.508977477192,EPIAS_VEP:EBM0626,True,False,False,0.624316452322787,1396.9136668589472
2026-06-05T10:00:00+00:00,2026-06-05T13:00:00+03:00,2026-06,EBM0626,2237.504113836853,EPIAS_VEP:EBM0626,True,False,False,0.7670511614690337,1716.2801293102991
2026-06-05T11:00:00+00:00,2026-06-05T14:00:00+03:00,2026-06,EBM0626,2237.4998304186734,EPIAS_VEP:EBM0626,True,False,False,0.9833516931535449,2200.249246672972
2026-06-05T12:00:00+00:00,2026-06-05T15:00:00+03:00,2026-06,EBM0626,2237.4960905840853,EPIAS_VEP:EBM0626,True,False,False,0.956820306539612,2140.881695273848
2026-06-05T13:00:00+00:00,2026-06-05T16:00:00+03:00,2026-06,EBM0626,2237.4928574635705,EPIAS_VEP:EBM0626,True,False,False,1.0774631339019647,2410.816066285961
2026-06-05T14:00:00+00:00,2026-06-05T17:00:00+03:00,2026-06,EBM0626,2237.4900943306448,EPIAS_VEP:EBM0626,True,False,False,1.178162983668634,2636.128005465606
2026-06-05T15:00:00+00:00,2026-06-05T18:00:00+03:00,2026-06,EBM0626,2237.487764925169,EPIAS_VEP:EBM0626,True,False,False,1.1992665057425138,2683.3441334834347
2026-06-05T16:00:00+00:00,2026-06-05T19:00:00+03:00,2026-06,EBM0626,2237.4858337296628,EPIAS_VEP:EBM0626,True,False,False,1.311856851335285,2935.2611207439004
2026-06-05T17:00:00+00:00,2026-06-05T20:00:00+03:00,2026-06,EBM0626,2237.484266202245,EPIAS_VEP:EBM0626,True,False,False,1.3367487440528496,2990.954282683863
2026-06-05T18:00:00+00:00,2026-06-05T21:00:00+03:00,2026-06,EBM0626,2237.483028969755,EPIAS_VEP:EBM0626,True,False,False,1.336376007759289,2990.118637683763
2026-06-05T19:00:00+00:00,2026-06-05T22:00:00+03:00,2026-06,EBM0626,2237.4820899845035,EPIAS_VEP:EBM0626,True,False,False,1.2386399611775376,2771.434729073841
2026-06-05T20:00:00+00:00,2026-06-05T23:00:00+03:00,2026-06,EBM0626,2237.481418647996,EPIAS_VEP:EBM0626,True,False,False,1.1586964432713946,2592.5617616732675
2026-06-05T21:00:00+00:00,2026-06-06T00:00:00+03:00,2026-06,EBM0626,2237.4809859048323,EPIAS_VEP:EBM0626,True,False,False,1.2263679390185664,2743.9749452773394
2026-06-05T22:00:00+00:00,2026-06-06T01:00:00+03:00,2026-06,EBM0626,2237.480764309838,EPIAS_VEP:EBM0626,True,False,False,1.176656273218014,2632.745777529807
2026-06-05T23:00:00+00:00,2026-06-06T02:00:00+03:00,2026-06,EBM0626,2237.4807280713403,EPIAS_VEP:EBM0626,True,False,False,1.0777688408343606,2411.4870106826697
2026-06-06T00:00:00+00:00,2026-06-06T03:00:00+03:00,2026-06,EBM0626,2237.480853073328,EPIAS_VEP:EBM0626,True,False,False,1.0304799360081447,2305.679126294452
2026-06-06T01:00:00+00:00,2026-06-06T04:00:00+03:00,2026-06,EBM0626,2237.4811168790734,EPIAS_VEP:EBM0626,True,False,False,1.0587937555100355,2369.0310346231827
2026-06-06T02:00:00+00:00,2026-06-06T05:00:00+03:00,2026-06,EBM0626,2237.481498718636,EPIAS_VEP:EBM0626,True,False,False,1.040656251747401,2328.449109810693
2026-06-06T03:00:00+00:00,2026-06-06T06:00:00+03:00,2026-06,EBM0626,2237.481979462477,EPIAS_VEP:EBM0626,True,False,False,0.8795661475397915,1968.0134048655175
2026-06-06T04:00:00+00:00,2026-06-06T07:00:00+03:00,2026-06,EBM0626,2237.482541583277,EPIAS_VEP:EBM0626,True,False,False,0.5128148593815879,1147.4142949307861
2026-06-06T05:00:00+00:00,2026-06-06T08:00:00+03:00,2026-06,EBM0626,2237.483169107863,EPIAS_VEP:EBM0626,True,False,False,0.8708014937763245,1948.4036859585117
2026-06-06T06:00:00+00:00,2026-06-06T09:00:00+03:00,2026-06,EBM0626,2237.4838475609954,EPIAS_VEP:EBM0626,True,False,False,0.7891805905634531,1765.7788241943738
2026-06-06T07:00:00+00:00,2026-06-06T10:00:00+03:00,2026-06,EBM0626,2237.484563902616,EPIAS_VEP:EBM0626,True,False,False,0.6394030345176168,1430.6544198456593
2026-06-06T08:00:00+00:00,2026-06-06T11:00:00+03:00,2026-06,EBM0626,2237.485306460004,EPIAS_VEP:EBM0626,True,False,False,0.5881685056044242,1316.0183890124376
2026-06-06T09:00:00+00:00,2026-06-06T12:00:00+03:00,2026-06,EBM0626,2237.4860648561385,EPIAS_VEP:EBM0626,True,False,False,0.42329168631284125,947.1092494944381
2026-06-06T10:00:00+00:00,2026-06-06T13:00:00+03:00,2026-06,EBM0626,2237.486829935446,EPIAS_VEP:EBM0626,True,False,False,0.6031101979755531,1349.4511249700597
2026-06-06T11:00:00+00:00,2026-06-06T14:00:00+03:00,2026-06,EBM0626,2237.48759368796,EPIAS_VEP:EBM0626,True,False,False,0.6570252266711922,1470.0857934168123
2026-06-06T12:00:00+00:00,2026-06-06T15:00:00+03:00,2026-06,EBM0626,2237.4883491728096,EPIAS_VEP:EBM0626,True,False,False,0.5530031387421684,1237.3380799915967
2026-06-06T13:00:00+00:00,2026-06-06T16:00:00+03:00,2026-06,EBM0626,2237.48909044185,EPIAS_VEP:EBM0626,True,False,False,0.7312552153104765,1636.1755665858973
2026-06-06T14:00:00+00:00,2026-06-06T17:00:00+03:00,2026-06,EBM0626,2237.4898124641063,EPIAS_VEP:EBM0626,True,False,False,0.9033100141880891,2021.1469542426566
2026-06-06T15:00:00+00:00,2026-06-06T18:00:00+03:00,2026-06,EBM0626,2237.490511051654,EPIAS_VEP:EBM0626,True,False,False,1.12659405484663,2520.743507526541
2026-06-06T16:00:00+00:00,2026-06-06T19:00:00+03:00,2026-06,EBM0626,2237.491182787412,EPIAS_VEP:EBM0626,True,False,False,1.2939998926566223,2895.31335034705
2026-06-06T17:00:00+00:00,2026-06-06T20:00:00+03:00,2026-06,EBM0626,2237.4918249552875,EPIAS_VEP:EBM0626,True,False,False,1.3187792947583266,2950.757890942055
2026-06-06T18:00:00+00:00,2026-06-06T21:00:00+03:00,2026-06,EBM0626,2237.4924354729987,EPIAS_VEP:EBM0626,True,False,False,1.330392071205182,2976.74219553485
2026-06-06T19:00:00+00:00,2026-06-06T22:00:00+03:00,2026-06,EBM0626,2237.493012827861,EPIAS_VEP:EBM0626,True,False,False,1.2380854624942552,2770.207571614647
2026-06-06T20:00:00+00:00,2026-06-06T23:00:00+03:00,2026-06,EBM0626,2237.4935560157323,EPIAS_VEP:EBM0626,True,False,False,1.1485427386327367,2569.85697649941
2026-06-06T21:00:00+00:00,2026-06-07T00:00:00+03:00,2026-06,EBM0626,2237.4940644832795,EPIAS_VEP:EBM0626,True,False,False,1.1287887082421137,2525.658034747478
2026-06-06T22:00:00+00:00,2026-06-07T01:00:00+03:00,2026-06,EBM0626,2237.49453807366,EPIAS_VEP:EBM0626,True,False,False,1.0493938718924019,2348.013056647219
2026-06-06T23:00:00+00:00,2026-06-07T02:00:00+03:00,2026-06,EBM0626,2237.4949769756745,EPIAS_VEP:EBM0626,True,False,False,0.9528146395723108,2131.9179700319332
2026-06-07T00:00:00+00:00,2026-06-07T03:00:00+03:00,2026-06,EBM0626,2237.495381676409,EPIAS_VEP:EBM0626,True,False,False,0.9290113136852243,2078.6585238958232
2026-06-07T01:00:00+00:00,2026-06-07T04:00:00+03:00,2026-06,EBM0626,2237.4957529173444,EPIAS_VEP:EBM0626,True,False,False,0.9558737140361884,2138.7633754812996
2026-06-07T02:00:00+00:00,2026-06-07T05:00:00+03:00,2026-06,EBM0626,2237.4960916538867,EPIAS_VEP:EBM0626,True,False,False,0.9189887521238473,2056.2337411509907
2026-06-07T03:00:00+00:00,2026-06-07T06:00:00+03:00,2026-06,EBM0626,2237.4963990182428,EPIAS_VEP:EBM0626,True,False,False,0.839257110093588,1877.8347616848603
2026-06-07T04:00:00+00:00,2026-06-07T07:00:00+03:00,2026-06,EBM0626,2237.4966762855447,EPIAS_VEP:EBM0626,True,False,False,0.3572076779157655,799.2509920802028
2026-06-07T05:00:00+00:00,2026-06-07T08:00:00+03:00,2026-06,EBM0626,2237.4969248431157,EPIAS_VEP:EBM0626,True,False,False,0.23085026160486766,516.5267504401202
2026-06-07T06:00:00+00:00,2026-06-07T09:00:00+03:00,2026-06,EBM0626,2237.49714616274,EPIAS_VEP:EBM0626,True,False,False,0.19976245102676074,446.9679140828513
2026-06-07T07:00:00+00:00,2026-06-07T10:00:00+03:00,2026-06,EBM0626,2237.497341775813,EPIAS_VEP:EBM0626,True,False,False,0.1680798146318221,376.0781384448733
2026-06-07T08:00:00+00:00,2026-06-07T11:00:00+03:00,2026-06,EBM0626,2237.497513251203,EPIAS_VEP:EBM0626,True,False,False,0.17479803421899698,391.11016688620447
2026-06-07T09:00:00+00:00,2026-06-07T12:00:00+03:00,2026-06,EBM0626,2237.4976621756955,EPIAS_VEP:EBM0626,True,False,False,0.14407141051105296,322.35944420483594
2026-06-07T10:00:00+00:00,2026-06-07T13:00:00+03:00,2026-06,EBM0626,2237.4977901368406,EPIAS_VEP:EBM0626,True,False,False,0.1963701892535399,439.3778645035487
2026-06-07T11:00:00+00:00,2026-06-07T14:00:00+03:00,2026-06,EBM0626,2237.4978987080635,EPIAS_VEP:EBM0626,True,False,False,0.2247714254633628,502.92559216389037
2026-06-07T12:00:00+00:00,2026-06-07T15:00:00+03:00,2026-06,EBM0626,2237.4979894358685,EPIAS_VEP:EBM0626,True,False,False,0.23276735304727592,520.8164844495889
2026-06-07T13:00:00+00:00,2026-06-07T16:00:00+03:00,2026-06,EBM0626,2237.4980638289803,EPIAS_VEP:EBM0626,True,False,False,0.30557480531030856,683.723035236733
2026-06-07T14:00:00+00:00,2026-06-07T17:00:00+03:00,2026-06,EBM0626,2237.498123349272,EPIAS_VEP:EBM0626,True,False,False,0.6512016561793437,1457.0624836232194
2026-06-07T15:00:00+00:00,2026-06-07T18:00:00+03:00,2026-06,EBM0626,2237.4981694043263,EPIAS_VEP:EBM0626,True,False,False,1.0181572258961058,2278.124929108324
2026-06-07T16:00:00+00:00,2026-06-07T19:00:00+03:00,2026-06,EBM0626,2237.498203341482,EPIAS_VEP:EBM0626,True,False,False,1.2596970699146672,2818.569930688597
2026-06-07T17:00:00+00:00,2026-06-07T20:00:00+03:00,2026-06,EBM0626,2237.498226443231,EPIAS_VEP:EBM0626,True,False,False,1.3025547972571596,2914.464048708017
2026-06-07T18:00:00+00:00,2026-06-07T21:00:00+03:00,2026-06,EBM0626,2237.498239923823,EPIAS_VEP:EBM0626,True,False,False,1.3195107273662448,2952.402930042576
2026-06-07T19:00:00+00:00,2026-06-07T22:00:00+03:00,2026-06,EBM0626,2237.498244926955,EPIAS_VEP:EBM0626,True,False,False,1.1497489747460612,2572.561313100878
2026-06-07T20:00:00+00:00,2026-06-07T23:00:00+03:00,2026-06,EBM0626,2237.4982425244243,EPIAS_VEP:EBM0626,True,False,False,1.0497577800403308,2348.8311879165813
2026-06-07T21:00:00+00:00,2026-06-08T00:00:00+03:00,2026-06,EBM0626,2237.4982337156266,EPIAS_VEP:EBM0626,True,False,False,1.20412075339126,2694.218058893274
2026-06-07T22:00:00+00:00,2026-06-08T01:00:00+03:00,2026-06,EBM0626,2237.498219427799,EPIAS_VEP:EBM0626,True,False,False,1.1560823588290454,2586.732219391879
2026-06-07T23:00:00+00:00,2026-06-08T02:00:00+03:00,2026-06,EBM0626,2237.4982005168977,EPIAS_VEP:EBM0626,True,False,False,1.0860163530797713,2429.959635747912
2026-06-08T00:00:00+00:00,2026-06-08T03:00:00+03:00,2026-06,EBM0626,2237.498177769027,EPIAS_VEP:EBM0626,True,False,False,1.074833252573503,2404.937444038769
2026-06-08T01:00:00+00:00,2026-06-08T04:00:00+03:00,2026-06,EBM0626,2237.498151902333,EPIAS_VEP:EBM0626,True,False,False,1.1030776133806663,2468.1341213440774
2026-06-08T02:00:00+00:00,2026-06-08T05:00:00+03:00,2026-06,EBM0626,2237.498123569277,EPIAS_VEP:EBM0626,True,False,False,1.0480825216435579,2345.082675523217
2026-06-08T03:00:00+00:00,2026-06-08T06:00:00+03:00,2026-06,EBM0626,2237.4980933592205,EPIAS_VEP:EBM0626,True,False,False,0.9097809098578654,2035.6330511815909
2026-06-08T04:00:00+00:00,2026-06-08T07:00:00+03:00,2026-06,EBM0626,2237.498061801261,EPIAS_VEP:EBM0626,True,False,False,0.7031916292232648,1573.389907461926
2026-06-08T05:00:00+00:00,2026-06-08T08:00:00+03:00,2026-06,EBM0626,2237.49802936725,EPIAS_VEP:EBM0626,True,False,False,1.1514122064640069,2576.282542952613
2026-06-08T06:00:00+00:00,2026-06-08T09:00:00+03:00,2026-06,EBM0626,2237.4979964749523,EPIAS_VEP:EBM0626,True,False,False,1.1213845017002892,2509.09557583246
2026-06-08T07:00:00+00:00,2026-06-08T10:00:00+03:00,2026-06,EBM0626,2237.4979634912856,EPIAS_VEP:EBM0626,True,False,False,0.9290022617450036,2078.6406687332437
2026-06-08T08:00:00+00:00,2026-06-08T11:00:00+03:00,2026-06,EBM0626,2237.497930735615,EPIAS_VEP:EBM0626,True,False,False,0.9376224654890959,2097.9283263430775
2026-06-08T09:00:00+00:00,2026-06-08T12:00:00+03:00,2026-06,EBM0626,2237.497898483047,EPIAS_VEP:EBM0626,True,False,False,0.6387374923787428,1429.1737968797681
2026-06-08T10:00:00+00:00,2026-06-08T13:00:00+03:00,2026-06,EBM0626,2237.4978669677066,EPIAS_VEP:EBM0626,True,False,False,0.7818679811480949,1749.4279400692094
2026-06-08T11:00:00+00:00,2026-06-08T14:00:00+03:00,2026-06,EBM0626,2237.497836385962,EPIAS_VEP:EBM0626,True,False,False,0.9906476299291629,2216.571928587383
2026-06-08T12:00:00+00:00,2026-06-08T15:00:00+03:00,2026-06,EBM0626,2237.4978068995765,EPIAS_VEP:EBM0626,True,False,False,0.9645384957623249,2158.1527689384184
2026-06-08T13:00:00+00:00,2026-06-08T16:00:00+03:00,2026-06,EBM0626,2237.497778638768,EPIAS_VEP:EBM0626,True,False,False,1.0784698123478142,2413.0738094572034
2026-06-08T14:00:00+00:00,2026-06-08T17:00:00+03:00,2026-06,EBM0626,2237.4977517051534,EPIAS_VEP:EBM0626,True,False,False,1.1717465051343054,2621.7801708063794
2026-06-08T15:00:00+00:00,2026-06-08T18:00:00+03:00,2026-06,EBM0626,2237.4977261745817,EPIAS_VEP:EBM0626,True,False,False,1.1907084319343366,2664.2074089899797
2026-06-08T16:00:00+00:00,2026-06-08T19:00:00+03:00,2026-06,EBM0626,2237.497702099821,EPIAS_VEP:EBM0626,True,False,False,1.3022338251699461,2913.7451914144144
2026-06-08T17:00:00+00:00,2026-06-08T20:00:00+03:00,2026-06,EBM0626,2237.4976795131133,EPIAS_VEP:EBM0626,True,False,False,1.3260721917402598,2967.0834518856996
2026-06-08T18:00:00+00:00,2026-06-08T21:00:00+03:00,2026-06,EBM0626,2237.497658428584,EPIAS_VEP:EBM0626,True,False,False,1.3272616365165557,2969.744803827884
2026-06-08T19:00:00+00:00,2026-06-08T22:00:00+03:00,2026-06,EBM0626,2237.497638844497,EPIAS_VEP:EBM0626,True,False,False,1.234676462532707,2762.5856696538076
2026-06-08T20:00:00+00:00,2026-06-08T23:00:00+03:00,2026-06,EBM0626,2237.4976207453687,EPIAS_VEP:EBM0626,True,False,False,1.1556804807978607,2585.832326127077
2026-06-08T21:00:00+00:00,2026-06-09T00:00:00+03:00,2026-06,EBM0626,2237.4976041039217,EPIAS_VEP:EBM0626,True,False,False,1.2028148352751773,2691.2953121088626
2026-06-08T22:00:00+00:00,2026-06-09T01:00:00+03:00,2026-06,EBM0626,2237.4975888828967,EPIAS_VEP:EBM0626,True,False,False,1.1555735788549248,2585.593096464674
2026-06-08T23:00:00+00:00,2026-06-09T02:00:00+03:00,2026-06,EBM0626,2237.4975750367157,EPIAS_VEP:EBM0626,True,False,False,1.0864958728686587,2431.0318808310235
2026-06-09T00:00:00+00:00,2026-06-09T03:00:00+03:00,2026-06,EBM0626,2237.497562513004,EPIAS_VEP:EBM0626,True,False,False,1.0759233900113527,2407.37596260113
2026-06-09T01:00:00+00:00,2026-06-09T04:00:00+03:00,2026-06,EBM0626,2237.497551253977,EPIAS_VEP:EBM0626,True,False,False,1.1031597957703287,2468.3173416779478
2026-06-09T02:00:00+00:00,2026-06-09T05:00:00+03:00,2026-06,EBM0626,2237.4975411976898,EPIAS_VEP:EBM0626,True,False,False,1.0471606517804306,2343.019383597684
2026-06-09T03:00:00+00:00,2026-06-09T06:00:00+03:00,2026-06,EBM0626,2237.497532279162,EPIAS_VEP:EBM0626,True,False,False,0.9080326974728307,2031.7209198242494
2026-06-09T04:00:00+00:00,2026-06-09T07:00:00+03:00,2026-06,EBM0626,2237.497524431386,EPIAS_VEP:EBM0626,True,False,False,0.7016003408222699,1569.8290257300455
2026-06-09T05:00:00+00:00,2026-06-09T08:00:00+03:00,2026-06,EBM0626,2237.4975175862182,EPIAS_VEP:EBM0626,True,False,False,1.1488488476111531,2570.5464446117426
2026-06-09T06:00:00+00:00,2026-06-09T09:00:00+03:00,2026-06,EBM0626,2237.497511675166,EPIAS_VEP:EBM0626,True,False,False,1.1205787488003611,2507.292162076879
2026-06-09T07:00:00+00:00,2026-06-09T10:00:00+03:00,2026-06,EBM0626,2237.4975066300703,EPIAS_VEP:EBM0626,True,False,False,0.9310453389256192,2083.211624405622
2026-06-09T08:00:00+00:00,2026-06-09T11:00:00+03:00,2026-06,EBM0626,2237.497502383695,EPIAS_VEP:EBM0626,True,False,False,0.9394487656097824,2102.0142666693337
2026-06-09T09:00:00+00:00,2026-06-09T12:00:00+03:00,2026-06,EBM0626,2237.497498870233,EPIAS_VEP:EBM0626,True,False,False,0.6435708212286593,1439.988102844987
2026-06-09T10:00:00+00:00,2026-06-09T13:00:00+03:00,2026-06,EBM0626,2237.4974960257296,EPIAS_VEP:EBM0626,True,False,False,0.7867887080804844,1760.4377642314025
2026-06-09T11:00:00+00:00,2026-06-09T14:00:00+03:00,2026-06,EBM0626,2237.4974937884326,EPIAS_VEP:EBM0626,True,False,False,0.9929938681995056,2221.821291443675
2026-06-09T12:00:00+00:00,2026-06-09T15:00:00+03:00,2026-06,EBM0626,2237.49749209908,EPIAS_VEP:EBM0626,True,False,False,0.9670623524001566,2163.7995881987868
2026-06-09T13:00:00+00:00,2026-06-09T16:00:00+03:00,2026-06,EBM0626,2237.497490901122,EPIAS_VEP:EBM0626,True,False,False,1.0787658724214608,2413.7359328127786
2026-06-09T14:00:00+00:00,2026-06-09T17:00:00+03:00,2026-06,EBM0626,2237.497490140892,EPIAS_VEP:EBM0626,True,False,False,1.169609281291718,2616.9978313357115
2026-06-09T15:00:00+00:00,2026-06-09T18:00:00+03:00,2026-06,EBM0626,2237.4974897677243,EPIAS_VEP:EBM0626,True,False,False,1.1878750663161748,2657.86747904011
2026-06-09T16:00:00+00:00,2026-06-09T19:00:00+03:00,2026-06,EBM0626,2237.497489734033,EPIAS_VEP:EBM0626,True,False,False,1.2989390678945958,2906.372903731623
2026-06-09T17:00:00+00:00,2026-06-09T20:00:00+03:00,2026-06,EBM0626,2237.497489995344,EPIAS_VEP:EBM0626,True,False,False,1.3224068961190782,2958.8821108189713
2026-06-09T18:00:00+00:00,2026-06-09T21:00:00+03:00,2026-06,EBM0626,2237.4974905103054,EPIAS_VEP:EBM0626,True,False,False,1.32408955344361,2962.647053040988
2026-06-09T19:00:00+00:00,2026-06-09T22:00:00+03:00,2026-06,EBM0626,2237.497491240656,EPIAS_VEP:EBM0626,True,False,False,1.2332227057358152,2759.3327102249
2026-06-09T20:00:00+00:00,2026-06-09T23:00:00+03:00,2026-06,EBM0626,2237.497492151176,EPIAS_VEP:EBM0626,True,False,False,1.154579708964271,2583.3692032961912
2026-06-09T21:00:00+00:00,2026-06-10T00:00:00+03:00,2026-06,EBM0626,2237.497493209614,EPIAS_VEP:EBM0626,True,False,False,1.2014743608991707,2688.295870667517
2026-06-09T22:00:00+00:00,2026-06-10T01:00:00+03:00,2026-06,EBM0626,2237.497494386593,EPIAS_VEP:EBM0626,True,False,False,1.1550267140241304,2584.3693785785717
2026-06-09T23:00:00+00:00,2026-06-10T02:00:00+03:00,2026-06,EBM0626,2237.49749565551,EPIAS_VEP:EBM0626,True,False,False,1.0869360599928013,2432.0167121715604
2026-06-10T00:00:00+00:00,2026-06-10T03:00:00+03:00,2026-06,EBM0626,2237.4974969924137,EPIAS_VEP:EBM0626,True,False,False,1.0769506173203953,2409.6743106388194
2026-06-10T01:00:00+00:00,2026-06-10T04:00:00+03:00,2026-06,EBM0626,2237.497498375879,EPIAS_VEP:EBM0626,True,False,False,1.1031657620579378,2468.330632898556
2026-06-10T02:00:00+00:00,2026-06-10T05:00:00+03:00,2026-06,EBM0626,2237.497499786872,EPIAS_VEP:EBM0626,True,False,False,1.0462201105848072,2340.914881660251
2026-06-10T03:00:00+00:00,2026-06-10T06:00:00+03:00,2026-06,EBM0626,2237.4975012086165,EPIAS_VEP:EBM0626,True,False,False,0.9063321544639422,2027.9159308780927
2026-06-10T04:00:00+00:00,2026-06-10T07:00:00+03:00,2026-06,EBM0626,2237.497502626447,EPIAS_VEP:EBM0626,True,False,False,0.7001191343934215,1566.5148147462705
2026-06-10T05:00:00+00:00,2026-06-10T08:00:00+03:00,2026-06,EBM0626,2237.49750402767,EPIAS_VEP:EBM0626,True,False,False,1.1462971337406045,2564.836975618675
2026-06-10T06:00:00+00:00,2026-06-10T09:00:00+03:00,2026-06,EBM0626,2237.4975054014226,EPIAS_VEP:EBM0626,True,False,False,1.119750341228198,2505.4385951704844
2026-06-10T07:00:00+00:00,2026-06-10T10:00:00+03:00,2026-06,EBM0626,2237.49750673853,EPIAS_VEP:EBM0626,True,False,False,0.9330831585729058,2087.771240886589
2026-06-10T08:00:00+00:00,2026-06-10T11:00:00+03:00,2026-06,EBM0626,2237.497508031369,EPIAS_VEP:EBM0626,True,False,False,0.9412618956606643,2106.071145945619
2026-06-10T09:00:00+00:00,2026-06-10T12:00:00+03:00,2026-06,EBM0626,2237.497509273734,EPIAS_VEP:EBM0626,True,False,False,0.6484061161010894,1450.8070697740434
2026-06-10T10:00:00+00:00,2026-06-10T13:00:00+03:00,2026-06,EBM0626,2237.497510460709,EPIAS_VEP:EBM0626,True,False,False,0.7916916640979382,1771.4081274716325
2026-06-10T11:00:00+00:00,2026-06-10T14:00:00+03:00,2026-06,EBM0626,2237.4975115885413,EPIAS_VEP:EBM0626,True,False,False,0.9952938636870776,2226.967543299181
2026-06-10T12:00:00+00:00,2026-06-10T15:00:00+03:00,2026-06,EBM0626,2237.4975126545264,EPIAS_VEP:EBM0626,True,False,False,0.9695578212885151,2169.383213507794
2026-06-10T13:00:00+00:00,2026-06-10T16:00:00+03:00,2026-06,EBM0626,2237.4975136568914,EPIAS_VEP:EBM0626,True,False,False,1.0790422642066348,2414.354383293048
2026-06-10T14:00:00+00:00,2026-06-10T17:00:00+03:00,2026-06,EBM0626,2237.4975145946914,EPIAS_VEP:EBM0626,True,False,False,1.1674765220616647,2612.225816460629
2026-06-10T15:00:00+00:00,2026-06-10T18:00:00+03:00,2026-06,EBM0626,2237.4975154677063,EPIAS_VEP:EBM0626,True,False,False,1.1850559589192713,2651.55976377207
2026-06-10T16:00:00+00:00,2026-06-10T19:00:00+03:00,2026-06,EBM0626,2237.4975162763494,EPIAS_VEP:EBM0626,True,False,False,1.2956065783978397,2898.9165012364656
2026-06-10T17:00:00+00:00,2026-06-10T20:00:00+03:00,2026-06,EBM0626,2237.497517021581,EPIAS_VEP:EBM0626,True,False,False,1.3186950877751522,2950.576984605459
2026-06-10T18:00:00+00:00,2026-06-10T21:00:00+03:00,2026-06,EBM0626,2237.497517704825,EPIAS_VEP:EBM0626,True,False,False,1.3208561174478266,2955.412284034745
2026-06-10T19:00:00+00:00,2026-06-10T22:00:00+03:00,2026-06,EBM0626,2237.497518327896,EPIAS_VEP:EBM0626,True,False,False,1.2317059415197738,2755.9389874602184
2026-06-10T20:00:00+00:00,2026-06-10T23:00:00+03:00,2026-06,EBM0626,2237.497518892929,EPIAS_VEP:EBM0626,True,False,False,1.1534337804405403,2580.805221943
2026-06-10T21:00:00+00:00,2026-06-11T00:00:00+03:00,2026-06,EBM0626,2237.4975194023177,EPIAS_VEP:EBM0626,True,False,False,1.2001012085023204,2685.2234770556656
2026-06-10T22:00:00+00:00,2026-06-11T01:00:00+03:00,2026-06,EBM0626,2237.497519858658,EPIAS_VEP:EBM0626,True,False,False,1.154442868570783,2583.063055245642
2026-06-10T23:00:00+00:00,2026-06-11T02:00:00+03:00,2026-06,EBM0626,2237.497520264696,EPIAS_VEP:EBM0626,True,False,False,1.087337038762448,2432.913927922935
2026-06-11T00:00:00+00:00,2026-06-11T03:00:00+03:00,2026-06,EBM0626,2237.497520623285,EPIAS_VEP:EBM0626,True,False,False,1.0779144729711398,2411.8309607168803
2026-06-11T01:00:00+00:00,2026-06-11T04:00:00+03:00,2026-06,EBM0626,2237.497520937344,EPIAS_VEP:EBM0626,True,False,False,1.103095874588777,2468.1742847485993
2026-06-11T02:00:00+00:00,2026-06-11T05:00:00+03:00,2026-06,EBM0626,2237.4975212098198,EPIAS_VEP:EBM0626,True,False,False,1.0452621178803225,2338.771397771748
2026-06-11T03:00:00+00:00,2026-06-11T06:00:00+03:00,2026-06,EBM0626,2237.49752144366,EPIAS_VEP:EBM0626,True,False,False,0.9046814739111582,2024.2225555722134
2026-06-11T04:00:00+00:00,2026-06-11T07:00:00+03:00,2026-06,EBM0626,2237.497521641783,EPIAS_VEP:EBM0626,True,False,False,0.6987497407340381,1563.4508131402486
2026-06-11T05:00:00+00:00,2026-06-11T08:00:00+03:00,2026-06,EBM0626,2237.497521807053,EPIAS_VEP:EBM0626,True,False,False,1.1437594130358584,2559.158852211223
2026-06-11T06:00:00+00:00,2026-06-11T09:00:00+03:00,2026-06,EBM0626,2237.4975219422654,EPIAS_VEP:EBM0626,True,False,False,1.1188993963597593,2503.534626657658
2026-06-11T07:00:00+00:00,2026-06-11T10:00:00+03:00,2026-06,EBM0626,2237.497522050123,EPIAS_VEP:EBM0626,True,False,False,0.9351125457057897,2092.3120038546867
2026-06-11T08:00:00+00:00,2026-06-11T11:00:00+03:00,2026-06,EBM0626,2237.4975221332293,EPIAS_VEP:EBM0626,True,False,False,0.9430592712677991,2110.0927826864695
2026-06-11T09:00:00+00:00,2026-06-11T12:00:00+03:00,2026-06,EBM0626,2237.4975221940754,EPIAS_VEP:EBM0626,True,False,False,0.6532366715234575,1461.6154339400414
2026-06-11T10:00:00+00:00,2026-06-11T13:00:00+03:00,2026-06,EBM0626,2237.49752223503,EPIAS_VEP:EBM0626,True,False,False,0.7965716940016385,1782.3271916112267
2026-06-11T11:00:00+00:00,2026-06-11T14:00:00+03:00,2026-06,EBM0626,2237.497522258336,EPIAS_VEP:EBM0626,True,False,False,0.9975456752422115,2232.005976693967
2026-06-11T12:00:00+00:00,2026-06-11T15:00:00+03:00,2026-06,EBM0626,2237.4975222661037,EPIAS_VEP:EBM0626,True,False,False,0.9720226003462128,2174.8981598613063
2026-06-11T13:00:00+00:00,2026-06-11T16:00:00+03:00,2026-06,EBM0626,2237.4975222603093,EPIAS_VEP:EBM0626,True,False,False,1.0792990883743534,2414.9290360154264
2026-06-11T14:00:00+00:00,2026-06-11T17:00:00+03:00,2026-06,EBM0626,2237.497522242796,EPIAS_VEP:EBM0626,True,False,False,1.1653504174221139,2607.468671526588
2026-06-11T15:00:00+00:00,2026-06-11T18:00:00+03:00,2026-06,EBM0626,2237.4975222152707,EPIAS_VEP:EBM0626,True,False,False,1.1822538361726078,2645.2900290657085
2026-06-11T16:00:00+00:00,2026-06-11T19:00:00+03:00,2026-06,EBM0626,2237.497522179311,EPIAS_VEP:EBM0626,True,False,False,1.2922398770715589,2891.3835230089103
2026-06-11T17:00:00+00:00,2026-06-11T20:00:00+03:00,2026-06,EBM0626,2237.4975221363648,EPIAS_VEP:EBM0626,True,False,False,1.3149408317932383,2942.176852893301
2026-06-11T18:00:00+00:00,2026-06-11T21:00:00+03:00,2026-06,EBM0626,2237.4975220877536,EPIAS_VEP:EBM0626,True,False,False,1.3175647703572806,2948.0479088645357
2026-06-11T19:00:00+00:00,2026-06-11T22:00:00+03:00,2026-06,EBM0626,2237.4975220346782,EPIAS_VEP:EBM0626,True,False,False,1.2301282076207982,2752.4088163364963
2026-06-11T20:00:00+00:00,2026-06-11T23:00:00+03:00,2026-06,EBM0626,2237.497521978221,EPIAS_VEP:EBM0626,True,False,False,1.152244274409723,2578.143708705348
2026-06-11T21:00:00+00:00,2026-06-12T00:00:00+03:00,2026-06,EBM0626,2237.4975219193534,EPIAS_VEP:EBM0626,True,False,False,1.1986972657573094,2682.0821616634844
2026-06-11T22:00:00+00:00,2026-06-12T01:00:00+03:00,2026-06,EBM0626,2237.497521858941,EPIAS_VEP:EBM0626,True,False,False,1.1538231582145264,2581.67645716846
2026-06-11T23:00:00+00:00,2026-06-12T02:00:00+03:00,2026-06,EBM0626,2237.497521797749,EPIAS_VEP:EBM0626,True,False,False,1.0876989436444526,2433.7236908664922
2026-06-12T00:00:00+00:00,2026-06-12T03:00:00+03:00,2026-06,EBM0626,2237.497521736448,EPIAS_VEP:EBM0626,True,False,False,1.0788145319669649,2413.8448416893502
2026-06-12T01:00:00+00:00,2026-06-12T04:00:00+03:00,2026-06,EBM0626,2237.497521675622,EPIAS_VEP:EBM0626,True,False,False,1.1029505426270112,2467.84910565872
2026-06-12T02:00:00+00:00,2026-06-12T05:00:00+03:00,2026-06,EBM0626,2237.4975216157723,EPIAS_VEP:EBM0626,True,False,False,1.0442878831203037,2336.5915503350607
2026-06-12T03:00:00+00:00,2026-06-12T06:00:00+03:00,2026-06,EBM0626,2237.4975215573245,EPIAS_VEP:EBM0626,True,False,False,0.9030827985436224,2020.6455235024077
2026-06-12T04:00:00+00:00,2026-06-12T07:00:00+03:00,2026-06,EBM0626,2237.497521500636,EPIAS_VEP:EBM0626,True,False,False,0.6974938044012359,1560.6406586098149
2026-06-12T05:00:00+00:00,2026-06-12T08:00:00+03:00,2026-06,EBM0626,2237.497521446002,EPIAS_VEP:EBM0626,True,False,False,1.1412380179641755,2553.5172365747903
2026-06-12T06:00:00+00:00,2026-06-12T09:00:00+03:00,2026-06,EBM0626,2237.4975213936614,EPIAS_VEP:EBM0626,True,False,False,1.118026062927016,2501.580544652712
2026-06-12T07:00:00+00:00,2026-06-12T10:00:00+03:00,2026-06,EBM0626,2237.4975213438,EPIAS_VEP:EBM0626,True,False,False,0.9371303528480809,2096.826841673622
2026-06-12T08:00:00+00:00,2026-06-12T11:00:00+03:00,2026-06,EBM0626,2237.497521296557,EPIAS_VEP:EBM0626,True,False,False,0.94483833417357,2114.073430739331
2026-06-12T09:00:00+00:00,2026-06-12T12:00:00+03:00,2026-06,EBM0626,2237.4975212520267,EPIAS_VEP:EBM0626,True,False,False,0.658055799923125,1472.3982211735117
2026-06-12T10:00:00+00:00,2026-06-12T13:00:00+03:00,2026-06,EBM0626,2237.497521210269,EPIAS_VEP:EBM0626,True,False,False,0.8014236798595022,1793.1834971248486
2026-06-12T11:00:00+00:00,2026-06-12T14:00:00+03:00,2026-06,EBM0626,2237.497521171309,EPIAS_VEP:EBM0626,True,False,False,0.9997474195212739,2236.932372976263
2026-06-12T12:00:00+00:00,2026-06-12T15:00:00+03:00,2026-06,EBM0626,2237.4975211351443,EPIAS_VEP:EBM0626,True,False,False,0.9744544368225776,2180.3393868496605
2026-06-12T13:00:00+00:00,2026-06-12T16:00:00+03:00,2026-06,EBM0626,2237.497521101744,EPIAS_VEP:EBM0626,True,False,False,1.0795364798199336,2415.460197536004
2026-06-12T14:00:00+00:00,2026-06-12T17:00:00+03:00,2026-06,EBM0626,2237.4975210710563,EPIAS_VEP:EBM0626,True,False,False,1.1632331484646383,2602.731286117308
2026-06-12T15:00:00+00:00,2026-06-12T18:00:00+03:00,2026-06,EBM0626,2237.497521043012,EPIAS_VEP:EBM0626,True,False,False,1.1794713996888508,2639.0643329449354
2026-06-12T16:00:00+00:00,2026-06-12T19:00:00+03:00,2026-06,EBM0626,2237.497521017523,EPIAS_VEP:EBM0626,True,False,False,1.2888425020982435,2883.7819034268414
2026-06-12T17:00:00+00:00,2026-06-12T20:00:00+03:00,2026-06,EBM0626,2237.497520994492,EPIAS_VEP:EBM0626,True,False,False,1.3111482128432388,2933.6908758931054
2026-06-12T18:00:00+00:00,2026-06-12T21:00:00+03:00,2026-06,EBM0626,2237.497520973809,EPIAS_VEP:EBM0626,True,False,False,1.3142189923320802,2940.561737359727
2026-06-12T19:00:00+00:00,2026-06-12T22:00:00+03:00,2026-06,EBM0626,2237.497520955359,EPIAS_VEP:EBM0626,True,False,False,1.2284915816593174,2748.7468684772507
2026-06-12T20:00:00+00:00,2026-06-12T23:00:00+03:00,2026-06,EBM0626,2237.4975209390195,EPIAS_VEP:EBM0626,True,False,False,1.1510127926184492,2575.388270052878
2026-06-12T21:00:00+00:00,2026-06-13T00:00:00+03:00,2026-06,EBM0626,2237.4975209246645,EPIAS_VEP:EBM0626,True,False,False,1.2148444108043037,2718.2113574838145
2026-06-12T22:00:00+00:00,2026-06-13T01:00:00+03:00,2026-06,EBM0626,2237.4975209121662,EPIAS_VEP:EBM0626,True,False,False,1.1685780076867986,2614.69039519169
2026-06-12T23:00:00+00:00,2026-06-13T02:00:00+03:00,2026-06,EBM0626,2237.4975209013965,EPIAS_VEP:EBM0626,True,False,False,1.0749459988973071,2405.1890076356
2026-06-13T00:00:00+00:00,2026-06-13T03:00:00+03:00,2026-06,EBM0626,2237.4975208922274,EPIAS_VEP:EBM0626,True,False,False,1.0331670764556857,2311.708772237067
2026-06-13T01:00:00+00:00,2026-06-13T04:00:00+03:00,2026-06,EBM0626,2237.497520884534,EPIAS_VEP:EBM0626,True,False,False,1.0546011447025665,2359.6674467939843
2026-06-13T02:00:00+00:00,2026-06-13T05:00:00+03:00,2026-06,EBM0626,2237.4975208781934,EPIAS_VEP:EBM0626,True,False,False,1.0302245724994228,2305.124926915255
2026-06-13T03:00:00+00:00,2026-06-13T06:00:00+03:00,2026-06,EBM0626,2237.4975208730866,EPIAS_VEP:EBM0626,True,False,False,0.872506367835898,1952.2308349788032
2026-06-13T04:00:00+00:00,2026-06-13T07:00:00+03:00,2026-06,EBM0626,2237.497520869099,EPIAS_VEP:EBM0626,True,False,False,0.528861271300658,1183.3257834189021
2026-06-13T05:00:00+00:00,2026-06-13T08:00:00+03:00,2026-06,EBM0626,2237.4975208661194,EPIAS_VEP:EBM0626,True,False,False,0.8879996779598032,1986.897077964972
2026-06-13T06:00:00+00:00,2026-06-13T09:00:00+03:00,2026-06,EBM0626,2237.4975208640426,EPIAS_VEP:EBM0626,True,False,False,0.8071457288421302,1805.986567260267
2026-06-13T07:00:00+00:00,2026-06-13T10:00:00+03:00,2026-06,EBM0626,2237.497520862767,EPIAS_VEP:EBM0626,True,False,False,0.6629933918845394,1483.4460706900538
2026-06-13T08:00:00+00:00,2026-06-13T11:00:00+03:00,2026-06,EBM0626,2237.4975208621986,EPIAS_VEP:EBM0626,True,False,False,0.6162829286429998,1378.9315249884073
2026-06-13T09:00:00+00:00,2026-06-13T12:00:00+03:00,2026-06,EBM0626,2237.4975208622486,EPIAS_VEP:EBM0626,True,False,False,0.4587463071761133,1026.443725011265
2026-06-13T10:00:00+00:00,2026-06-13T13:00:00+03:00,2026-06,EBM0626,2237.4975208628352,EPIAS_VEP:EBM0626,True,False,False,0.6356467818200393,1422.2580984667775
2026-06-13T11:00:00+00:00,2026-06-13T14:00:00+03:00,2026-06,EBM0626,2237.4975208638834,EPIAS_VEP:EBM0626,True,False,False,0.6800245476426655,1521.5532394770478
2026-06-13T12:00:00+00:00,2026-06-13T15:00:00+03:00,2026-06,EBM0626,2237.497520865324,EPIAS_VEP:EBM0626,True,False,False,0.5767175537964194,1290.4040968590027
2026-06-13T13:00:00+00:00,2026-06-13T16:00:00+03:00,2026-06,EBM0626,2237.497520867094,EPIAS_VEP:EBM0626,True,False,False,0.748070625713964,1673.80617046849
2026-06-13T14:00:00+00:00,2026-06-13T17:00:00+03:00,2026-06,EBM0626,2237.497520869134,EPIAS_VEP:EBM0626,True,False,False,0.8995884510832639,2012.826929101307
2026-06-13T15:00:00+00:00,2026-06-13T18:00:00+03:00,2026-06,EBM0626,2237.49752087139,EPIAS_VEP:EBM0626,True,False,False,1.1103808834406907,2484.4744739215294
2026-06-13T16:00:00+00:00,2026-06-13T19:00:00+03:00,2026-06,EBM0626,2237.497520873813,EPIAS_VEP:EBM0626,True,False,False,1.2719340769279335,2845.949343841173
2026-06-13T17:00:00+00:00,2026-06-13T20:00:00+03:00,2026-06,EBM0626,2237.4975208763585,EPIAS_VEP:EBM0626,True,False,False,1.2926616902939105,2892.327327364468
2026-06-13T18:00:00+00:00,2026-06-13T21:00:00+03:00,2026-06,EBM0626,2237.4975208789865,EPIAS_VEP:EBM0626,True,False,False,1.3078279455370774,2926.261785875469
2026-06-13T19:00:00+00:00,2026-06-13T22:00:00+03:00,2026-06,EBM0626,2237.497520881661,EPIAS_VEP:EBM0626,True,False,False,1.2218132109490047,2733.8040304788597
2026-06-13T20:00:00+00:00,2026-06-13T23:00:00+03:00,2026-06,EBM0626,2237.4975208843484,EPIAS_VEP:EBM0626,True,False,False,1.1398275979189558,2550.3614245792255
2026-06-13T21:00:00+00:00,2026-06-14T00:00:00+03:00,2026-06,EBM0626,2237.497520887021,EPIAS_VEP:EBM0626,True,False,False,1.1229435696983268,2512.583453296028
2026-06-13T22:00:00+00:00,2026-06-14T01:00:00+03:00,2026-06,EBM0626,2237.4975208896567,EPIAS_VEP:EBM0626,True,False,False,1.0456394063938765,2339.615579550831
2026-06-13T23:00:00+00:00,2026-06-14T02:00:00+03:00,2026-06,EBM0626,2237.4975208922333,EPIAS_VEP:EBM0626,True,False,False,0.9533275850740497,2133.0681082013657
2026-06-14T00:00:00+00:00,2026-06-14T03:00:00+03:00,2026-06,EBM0626,2237.497520894733,EPIAS_VEP:EBM0626,True,False,False,0.9312664107675276,2083.7062853848793
2026-06-14T01:00:00+00:00,2026-06-14T04:00:00+03:00,2026-06,EBM0626,2237.4975208971414,EPIAS_VEP:EBM0626,True,False,False,0.9537057000520339,2133.9141395318984
2026-06-14T02:00:00+00:00,2026-06-14T05:00:00+03:00,2026-06,EBM0626,2237.4975208994447,EPIAS_VEP:EBM0626,True,False,False,0.9130950360613265,2043.047879532807
2026-06-14T03:00:00+00:00,2026-06-14T06:00:00+03:00,2026-06,EBM0626,2237.497520901633,EPIAS_VEP:EBM0626,True,False,False,0.834803935942372,1867.8717371099829
2026-06-14T04:00:00+00:00,2026-06-14T07:00:00+03:00,2026-06,EBM0626,2237.497520903698,EPIAS_VEP:EBM0626,True,False,False,0.3830131192480906,856.9909047911951
2026-06-14T05:00:00+00:00,2026-06-14T08:00:00+03:00,2026-06,EBM0626,2237.4975209056342,EPIAS_VEP:EBM0626,True,False,False,0.25700593086713214,575.050133173253
2026-06-14T06:00:00+00:00,2026-06-14T09:00:00+03:00,2026-06,EBM0626,2237.497520907439,EPIAS_VEP:EBM0626,True,False,False,0.23433434875799797,524.3225244094797
2026-06-14T07:00:00+00:00,2026-06-14T10:00:00+03:00,2026-06,EBM0626,2237.497520909111,EPIAS_VEP:EBM0626,True,False,False,0.2080504514314438,465.51236930187684
2026-06-14T08:00:00+00:00,2026-06-14T11:00:00+03:00,2026-06,EBM0626,2237.4975209106497,EPIAS_VEP:EBM0626,True,False,False,0.2173761323168397,486.37855716407415
2026-06-14T09:00:00+00:00,2026-06-14T12:00:00+03:00,2026-06,EBM0626,2237.4975209120585,EPIAS_VEP:EBM0626,True,False,False,0.1869927526282407,418.39582043421035
2026-06-14T10:00:00+00:00,2026-06-14T13:00:00+03:00,2026-06,EBM0626,2237.4975209133404,EPIAS_VEP:EBM0626,True,False,False,0.25025172292911363,559.9376096581839
2026-06-14T11:00:00+00:00,2026-06-14T14:00:00+03:00,2026-06,EBM0626,2237.497520914499,EPIAS_VEP:EBM0626,True,False,False,0.2721498059839421,608.9345162064324
2026-06-14T12:00:00+00:00,2026-06-14T15:00:00+03:00,2026-06,EBM0626,2237.497520915541,EPIAS_VEP:EBM0626,True,False,False,0.27253091244239097,609.7872409627001
2026-06-14T13:00:00+00:00,2026-06-14T16:00:00+03:00,2026-06,EBM0626,2237.497520916472,EPIAS_VEP:EBM0626,True,False,False,0.3419573542564471,765.128732407956
2026-06-14T14:00:00+00:00,2026-06-14T17:00:00+03:00,2026-06,EBM0626,2237.4975209172994,EPIAS_VEP:EBM0626,True,False,False,0.6633586052936032,1484.2632348235945
2026-06-14T15:00:00+00:00,2026-06-14T18:00:00+03:00,2026-06,EBM0626,2237.4975209180297,EPIAS_VEP:EBM0626,True,False,False,1.0075357090322963,2254.358651196152
2026-06-14T16:00:00+00:00,2026-06-14T19:00:00+03:00,2026-06,EBM0626,2237.49752091867,EPIAS_VEP:EBM0626,True,False,False,1.2389285571158106,2772.099575141971
2026-06-14T17:00:00+00:00,2026-06-14T20:00:00+03:00,2026-06,EBM0626,2237.497520919227,EPIAS_VEP:EBM0626,True,False,False,1.2788627720703978,2861.4522821034057
2026-06-14T18:00:00+00:00,2026-06-14T21:00:00+03:00,2026-06,EBM0626,2237.4975209197087,EPIAS_VEP:EBM0626,True,False,False,1.2995585015997548,2907.758925619583
2026-06-14T19:00:00+00:00,2026-06-14T22:00:00+03:00,2026-06,EBM0626,2237.4975209201225,EPIAS_VEP:EBM0626,True,False,False,1.1501838022132767,2573.533406054687
2026-06-14T20:00:00+00:00,2026-06-14T23:00:00+03:00,2026-06,EBM0626,2237.497520920477,EPIAS_VEP:EBM0626,True,False,False,1.0558759465007685,2362.519812695032
2026-06-14T21:00:00+00:00,2026-06-15T00:00:00+03:00,2026-06,EBM0626,2237.49752092078,EPIAS_VEP:EBM0626,True,False,False,1.1943196651194956,2672.2872898918076
2026-06-14T22:00:00+00:00,2026-06-15T01:00:00+03:00,2026-06,EBM0626,2237.497520921039,EPIAS_VEP:EBM0626,True,False,False,1.1517601368228019,2577.0604508366955
2026-06-14T23:00:00+00:00,2026-06-15T02:00:00+03:00,2026-06,EBM0626,2237.49752092126,EPIAS_VEP:EBM0626,True,False,False,1.0885517048498228,2435.6317409960893
2026-06-15T00:00:00+00:00,2026-06-15T03:00:00+03:00,2026-06,EBM0626,2237.4975209214485,EPIAS_VEP:EBM0626,True,False,False,1.0811282329417393,2419.021741005328
2026-06-15T01:00:00+00:00,2026-06-15T04:00:00+03:00,2026-06,EBM0626,2237.497520921613,EPIAS_VEP:EBM0626,True,False,False,1.1020666637152423,2465.871427953208
2026-06-15T02:00:00+00:00,2026-06-15T05:00:00+03:00,2026-06,EBM0626,2237.497520921758,EPIAS_VEP:EBM0626,True,False,False,1.0412796351187996,2329.860602164627
2026-06-15T03:00:00+00:00,2026-06-15T06:00:00+03:00,2026-06,EBM0626,2237.4975209218896,EPIAS_VEP:EBM0626,True,False,False,0.8986194215731432,2010.6587280221704
2026-06-15T04:00:00+00:00,2026-06-15T07:00:00+03:00,2026-06,EBM0626,2237.497520922012,EPIAS_VEP:EBM0626,True,False,False,0.6944218509444713,1553.7671699623295
2026-06-15T05:00:00+00:00,2026-06-15T08:00:00+03:00,2026-06,EBM0626,2237.49752092213,EPIAS_VEP:EBM0626,True,False,False,1.13379482182552,2536.8631030689494
2026-06-15T06:00:00+00:00,2026-06-15T09:00:00+03:00,2026-06,EBM0626,2237.4975209222484,EPIAS_VEP:EBM0626,True,False,False,1.1152736902698406,2495.422117128576
2026-06-15T07:00:00+00:00,2026-06-15T10:00:00+03:00,2026-06,EBM0626,2237.4975209223708,EPIAS_VEP:EBM0626,True,False,False,0.9430833147045731,2110.1465786747344
2026-06-15T08:00:00+00:00,2026-06-15T11:00:00+03:00,2026-06,EBM0626,2237.497520922502,EPIAS_VEP:EBM0626,True,False,False,0.9500405218531076,2125.7133124222487
2026-06-15T09:00:00+00:00,2026-06-15T12:00:00+03:00,2026-06,EBM0626,2237.4975209226463,EPIAS_VEP:EBM0626,True,False,False,0.6723781877561985,1504.4445282269558
2026-06-15T10:00:00+00:00,2026-06-15T13:00:00+03:00,2026-06,EBM0626,2237.497520922806,EPIAS_VEP:EBM0626,True,False,False,0.8157608755716197,1825.2629367573165
2026-06-15T11:00:00+00:00,2026-06-15T14:00:00+03:00,2026-06,EBM0626,2237.497520922984,EPIAS_VEP:EBM0626,True,False,False,1.0060343238095355,2250.9993054872666
2026-06-15T12:00:00+00:00,2026-06-15T15:00:00+03:00,2026-06,EBM0626,2237.497520923182,EPIAS_VEP:EBM0626,True,False,False,0.9815305546191845,2196.1721826707812
2026-06-15T13:00:00+00:00,2026-06-15T16:00:00+03:00,2026-06,EBM0626,2237.497520923403,EPIAS_VEP:EBM0626,True,False,False,1.0801339137580803,2416.7969542989977
2026-06-15T14:00:00+00:00,2026-06-15T17:00:00+03:00,2026-06,EBM0626,2237.497520923649,EPIAS_VEP:EBM0626,True,False,False,1.1569559812758257,2588.6861399224476
2026-06-15T15:00:00+00:00,2026-06-15T18:00:00+03:00,2026-06,EBM0626,2237.497520923922,EPIAS_VEP:EBM0626,True,False,False,1.171268788612749,2620.711010856591
2026-06-15T16:00:00+00:00,2026-06-15T19:00:00+03:00,2026-06,EBM0626,2237.497520924222,EPIAS_VEP:EBM0626,True,False,False,1.2785018987509864,2860.6448289522427
2026-06-15T17:00:00+00:00,2026-06-15T20:00:00+03:00,2026-06,EBM0626,2237.4975209245504,EPIAS_VEP:EBM0626,True,False,False,1.2995812193112752,2907.8097564490827
2026-06-15T18:00:00+00:00,2026-06-15T21:00:00+03:00,2026-06,EBM0626,2237.497520924906,EPIAS_VEP:EBM0626,True,False,False,1.3038903650943545,2917.451459456489
2026-06-15T19:00:00+00:00,2026-06-15T22:00:00+03:00,2026-06,EBM0626,2237.4975209252875,EPIAS_VEP:EBM0626,True,False,False,1.2232496726817041,2737.0181100979826
2026-06-15T20:00:00+00:00,2026-06-15T23:00:00+03:00,2026-06,EBM0626,2237.497520925692,EPIAS_VEP:EBM0626,True,False,False,1.147082807477211,2566.594938026742
2026-06-15T21:00:00+00:00,2026-06-16T00:00:00+03:00,2026-06,EBM0626,2237.497520926116,EPIAS_VEP:EBM0626,True,False,False,1.1928115454899129,2668.912875965729
2026-06-15T22:00:00+00:00,2026-06-16T01:00:00+03:00,2026-06,EBM0626,2237.497520926556,EPIAS_VEP:EBM0626,True,False,False,1.15100830310844,2575.378224771016
2026-06-15T23:00:00+00:00,2026-06-16T02:00:00+03:00,2026-06,EBM0626,2237.497520927008,EPIAS_VEP:EBM0626,True,False,False,1.0887588500891239,2436.0952279617545
2026-06-16T00:00:00+00:00,2026-06-16T03:00:00+03:00,2026-06,EBM0626,2237.4975209274694,EPIAS_VEP:EBM0626,True,False,False,1.0817695955244773,2420.456788200729
2026-06-16T01:00:00+00:00,2026-06-16T04:00:00+03:00,2026-06,EBM0626,2237.4975209279355,EPIAS_VEP:EBM0626,True,False,False,1.1016245635870174,2464.8822300192705
2026-06-16T02:00:00+00:00,2026-06-16T05:00:00+03:00,2026-06,EBM0626,2237.497520928402,EPIAS_VEP:EBM0626,True,False,False,1.0402522688776579,2327.561872753905
2026-06-16T03:00:00+00:00,2026-06-16T06:00:00+03:00,2026-06,EBM0626,2237.497520928863,EPIAS_VEP:EBM0626,True,False,False,0.8972490977845116,2007.5926319485038
2026-06-16T04:00:00+00:00,2026-06-16T07:00:00+03:00,2026-06,EBM0626,2237.4975209293134,EPIAS_VEP:EBM0626,True,False,False,0.6936343982337926,1552.005246479407
2026-06-16T05:00:00+00:00,2026-06-16T08:00:00+03:00,2026-06,EBM0626,2237.4975209297454,EPIAS_VEP:EBM0626,True,False,False,1.1313616504303,2531.418888112781
2026-06-16T06:00:00+00:00,2026-06-16T09:00:00+03:00,2026-06,EBM0626,2237.497520930151,EPIAS_VEP:EBM0626,True,False,False,1.1143129189366519,2493.2723936611987
2026-06-16T07:00:00+00:00,2026-06-16T10:00:00+03:00,2026-06,EBM0626,2237.4975209305203,EPIAS_VEP:EBM0626,True,False,False,0.9450240144019451,2114.4888894441606
2026-06-16T08:00:00+00:00,2026-06-16T11:00:00+03:00,2026-06,EBM0626,2237.497520930842,EPIAS_VEP:EBM0626,True,False,False,0.9517213833424055,2129.4742358455037
2026-06-16T09:00:00+00:00,2026-06-16T12:00:00+03:00,2026-06,EBM0626,2237.4975209311037,EPIAS_VEP:EBM0626,True,False,False,0.67708537662506,1514.9768516572744
2026-06-16T10:00:00+00:00,2026-06-16T13:00:00+03:00,2026-06,EBM0626,2237.497520931291,EPIAS_VEP:EBM0626,True,False,False,0.820450455275418,1835.755859725697
2026-06-16T11:00:00+00:00,2026-06-16T14:00:00+03:00,2026-06,EBM0626,2237.4975209313907,EPIAS_VEP:EBM0626,True,False,False,1.0080181900836758,2255.438201365972
2026-06-16T12:00:00+00:00,2026-06-16T15:00:00+03:00,2026-06,EBM0626,2237.497520931387,EPIAS_VEP:EBM0626,True,False,False,0.9838091649255836,2201.2705675905713
2026-06-16T13:00:00+00:00,2026-06-16T16:00:00+03:00,2026-06,EBM0626,2237.4975209312643,EPIAS_VEP:EBM0626,True,False,False,1.080295596712517,2417.1587195172174
2026-06-16T14:00:00+00:00,2026-06-16T17:00:00+03:00,2026-06,EBM0626,2237.497520931005,EPIAS_VEP:EBM0626,True,False,False,1.1548956016636218,2584.0760456564753
2026-06-16T15:00:00+00:00,2026-06-16T18:00:00+03:00,2026-06,EBM0626,2237.497520930592,EPIAS_VEP:EBM0626,True,False,False,1.168591512179084,2614.7206114812325
2026-06-16T16:00:00+00:00,2026-06-16T19:00:00+03:00,2026-06,EBM0626,2237.497520930004,EPIAS_VEP:EBM0626,True,False,False,1.2750174247141068,2852.8483269403723
2026-06-16T17:00:00+00:00,2026-06-16T20:00:00+03:00,2026-06,EBM0626,2237.4975209292197,EPIAS_VEP:EBM0626,True,False,False,1.2956762212580943,2899.072332991925
2026-06-16T18:00:00+00:00,2026-06-16T21:00:00+03:00,2026-06,EBM0626,2237.4975209282147,EPIAS_VEP:EBM0626,True,False,False,1.300362291075026,2909.5574025889046
2026-06-16T19:00:00+00:00,2026-06-16T22:00:00+03:00,2026-06,EBM0626,2237.497520926967,EPIAS_VEP:EBM0626,True,False,False,1.221398963408907,2732.877152690197
2026-06-16T20:00:00+00:00,2026-06-16T23:00:00+03:00,2026-06,EBM0626,2237.497520925452,EPIAS_VEP:EBM0626,True,False,False,1.1456998227060542,2563.5005130295262
2026-06-16T21:00:00+00:00,2026-06-17T00:00:00+03:00,2026-06,EBM0626,2237.497520923644,EPIAS_VEP:EBM0626,True,False,False,1.19128213453082,2665.4908227333367
2026-06-16T22:00:00+00:00,2026-06-17T01:00:00+03:00,2026-06,EBM0626,2237.4975209215168,EPIAS_VEP:EBM0626,True,False,False,1.1502263047112498,2573.6285052901385
2026-06-16T23:00:00+00:00,2026-06-17T02:00:00+03:00,2026-06,EBM0626,2237.4975209190457,EPIAS_VEP:EBM0626,True,False,False,1.0889277342259154,2436.473105790479
2026-06-17T00:00:00+00:00,2026-06-17T03:00:00+03:00,2026-06,EBM0626,2237.497520916204,EPIAS_VEP:EBM0626,True,False,False,1.0823455935244746,2421.745582285589
2026-06-17T01:00:00+00:00,2026-06-17T04:00:00+03:00,2026-06,EBM0626,2237.497520912965,EPIAS_VEP:EBM0626,True,False,False,1.1011097472759985,2463.7303297831477
2026-06-17T02:00:00+00:00,2026-06-17T05:00:00+03:00,2026-06,EBM0626,2237.4975209093027,EPIAS_VEP:EBM0626,True,False,False,1.0392145022550192,2325.2398724886007
2026-06-17T03:00:00+00:00,2026-06-17T06:00:00+03:00,2026-06,EBM0626,2237.4975209051904,EPIAS_VEP:EBM0626,True,False,False,0.8959406490107396,2004.664981039717
2026-06-17T04:00:00+00:00,2026-06-17T07:00:00+03:00,2026-06,EBM0626,2237.497520900604,EPIAS_VEP:EBM0626,True,False,False,0.6929672668816642,1550.5125417129907
2026-06-17T05:00:00+00:00,2026-06-17T08:00:00+03:00,2026-06,EBM0626,2237.4975208955198,EPIAS_VEP:EBM0626,True,False,False,1.128956142396894,2526.0365698128194
2026-06-17T06:00:00+00:00,2026-06-17T09:00:00+03:00,2026-06,EBM0626,2237.497520889914,EPIAS_VEP:EBM0626,True,False,False,1.1133309744132676,2491.0752951796385
2026-06-17T07:00:00+00:00,2026-06-17T10:00:00+03:00,2026-06,EBM0626,2237.497520883768,EPIAS_VEP:EBM0626,True,False,False,0.9469379458228334,2118.7713062093576
2026-06-17T08:00:00+00:00,2026-06-17T11:00:00+03:00,2026-06,EBM0626,2237.4975208770657,EPIAS_VEP:EBM0626,True,False,False,0.9533716416573654,2133.1666846828534
2026-06-17T09:00:00+00:00,2026-06-17T12:00:00+03:00,2026-06,EBM0626,2237.497520869793,EPIAS_VEP:EBM0626,True,False,False,0.6817482547739219,1525.4100299139582
2026-06-17T10:00:00+00:00,2026-06-17T13:00:00+03:00,2026-06,EBM0626,2237.49752086194,EPIAS_VEP:EBM0626,True,False,False,0.825087163438581,1846.1304826888352
2026-06-17T11:00:00+00:00,2026-06-17T14:00:00+03:00,2026-06,EBM0626,2237.4975208535016,EPIAS_VEP:EBM0626,True,False,False,1.0099435068454412,2259.746092768766
2026-06-17T12:00:00+00:00,2026-06-17T15:00:00+03:00,2026-06,EBM0626,2237.4975208444785,EPIAS_VEP:EBM0626,True,False,False,0.9860443929568723,2206.2718846836005
2026-06-17T13:00:00+00:00,2026-06-17T16:00:00+03:00,2026-06,EBM0626,2237.4975208348774,EPIAS_VEP:EBM0626,True,False,False,1.080439023142919,2417.479635695538
2026-06-17T14:00:00+00:00,2026-06-17T17:00:00+03:00,2026-06,EBM0626,2237.4975208247133,EPIAS_VEP:EBM0626,True,False,False,1.1528547435571252,2579.5096305800785
2026-06-17T15:00:00+00:00,2026-06-17T18:00:00+03:00,2026-06,EBM0626,2237.497520814008,EPIAS_VEP:EBM0626,True,False,False,1.1659469535533515,2608.8034179762694
2026-06-17T16:00:00+00:00,2026-06-17T19:00:00+03:00,2026-06,EBM0626,2237.497520802791,EPIAS_VEP:EBM0626,True,False,False,1.2715200926219896,2845.023054892637
2026-06-17T17:00:00+00:00,2026-06-17T20:00:00+03:00,2026-06,EBM0626,2237.4975207911057,EPIAS_VEP:EBM0626,True,False,False,1.2917534116891536,2890.2950561279335
2026-06-17T18:00:00+00:00,2026-06-17T21:00:00+03:00,2026-06,EBM0626,2237.4975207790067,EPIAS_VEP:EBM0626,True,False,False,1.296797621026885,2901.581461999769
2026-06-17T19:00:00+00:00,2026-06-17T22:00:00+03:00,2026-06,EBM0626,2237.4975207665607,EPIAS_VEP:EBM0626,True,False,False,1.2195002590467694,2728.628806191325
2026-06-17T20:00:00+00:00,2026-06-17T23:00:00+03:00,2026-06,EBM0626,2237.4975207538496,EPIAS_VEP:EBM0626,True,False,False,1.1442831404971971,2560.3306899029076
2026-06-17T21:00:00+00:00,2026-06-18T00:00:00+03:00,2026-06,EBM0626,2237.4975207409702,EPIAS_VEP:EBM0626,True,False,False,1.1897333280723144,2662.025371904707
2026-06-17T22:00:00+00:00,2026-06-18T01:00:00+03:00,2026-06,EBM0626,2237.4975207280363,EPIAS_VEP:EBM0626,True,False,False,1.1494152958744617,2571.8138748059905
2026-06-17T23:00:00+00:00,2026-06-18T02:00:00+03:00,2026-06,EBM0626,2237.4975207151792,EPIAS_VEP:EBM0626,True,False,False,1.089058545526093,2436.7657955283125
2026-06-18T00:00:00+00:00,2026-06-18T03:00:00+03:00,2026-06,EBM0626,2237.4975207025504,EPIAS_VEP:EBM0626,True,False,False,1.0828560261248024,2422.8876737320616
2026-06-18T01:00:00+00:00,2026-06-18T04:00:00+03:00,2026-06,EBM0626,2237.4975206903223,EPIAS_VEP:EBM0626,True,False,False,1.100522891911068,2462.417242113958
2026-06-18T02:00:00+00:00,2026-06-18T05:00:00+03:00,2026-06,EBM0626,2237.4975206786894,EPIAS_VEP:EBM0626,True,False,False,1.0381674528215943,2322.8971017376275
2026-06-18T03:00:00+00:00,2026-06-18T06:00:00+03:00,2026-06,EBM0626,2237.4975206678687,EPIAS_VEP:EBM0626,True,False,False,0.8946958636515981,2001.8797766722485
2026-06-18T04:00:00+00:00,2026-06-18T07:00:00+03:00,2026-06,EBM0626,2237.497520658102,EPIAS_VEP:EBM0626,True,False,False,0.6924215462317955,1549.2914929438919
2026-06-18T05:00:00+00:00,2026-06-18T08:00:00+03:00,2026-06,EBM0626,2237.497520649657,EPIAS_VEP:EBM0626,True,False,False,1.1265804829408352,2520.721037392412
2026-06-18T06:00:00+00:00,2026-06-18T09:00:00+03:00,2026-06,EBM0626,2237.4975206428257,EPIAS_VEP:EBM0626,True,False,False,1.1123281938489173,2488.831575878065
2026-06-18T07:00:00+00:00,2026-06-18T10:00:00+03:00,2026-06,EBM0626,2237.4975206379286,EPIAS_VEP:EBM0626,True,False,False,0.9488222077348617,2122.9873373329588
2026-06-18T08:00:00+00:00,2026-06-18T11:00:00+03:00,2026-06,EBM0626,2237.497520635313,EPIAS_VEP:EBM0626,True,False,False,0.9549889600812848,2136.7854304159705
2026-06-18T09:00:00+00:00,2026-06-18T12:00:00+03:00,2026-06,EBM0626,2237.4975206353533,EPIAS_VEP:EBM0626,True,False,False,0.6863604127277982,1535.7297217407063
2026-06-18T10:00:00+00:00,2026-06-18T13:00:00+03:00,2026-06,EBM0626,2237.497520638453,EPIAS_VEP:EBM0626,True,False,False,0.8296662267209425,1856.3761252455693
2026-06-18T11:00:00+00:00,2026-06-18T14:00:00+03:00,2026-06,EBM0626,2237.497520645042,EPIAS_VEP:EBM0626,True,False,False,1.011808776980922,2263.9196298617057
2026-06-18T12:00:00+00:00,2026-06-18T15:00:00+03:00,2026-06,EBM0626,2237.497520655582,EPIAS_VEP:EBM0626,True,False,False,0.9882343314341449,2211.1718664106256
2026-06-18T13:00:00+00:00,2026-06-18T16:00:00+03:00,2026-06,EBM0626,2237.4975206705567,EPIAS_VEP:EBM0626,True,False,False,1.0805645257075898,2417.760447195288
2026-06-18T14:00:00+00:00,2026-06-18T17:00:00+03:00,2026-06,EBM0626,2237.497520690478,EPIAS_VEP:EBM0626,True,False,False,1.1508354831831538,2574.9915403449345
2026-06-18T15:00:00+00:00,2026-06-18T18:00:00+03:00,2026-06,EBM0626,2237.4975207158827,EPIAS_VEP:EBM0626,True,False,False,1.1633376034431733,2602.965003459657
2026-06-18T16:00:00+00:00,2026-06-18T19:00:00+03:00,2026-06,EBM0626,2237.4975207473312,EPIAS_VEP:EBM0626,True,False,False,1.2680134620657013,2837.176977646247
2026-06-18T17:00:00+00:00,2026-06-18T20:00:00+03:00,2026-06,EBM0626,2237.497520785405,EPIAS_VEP:EBM0626,True,False,False,1.2878168933857892,2881.4871061762656
2026-06-18T18:00:00+00:00,2026-06-18T21:00:00+03:00,2026-06,EBM0626,2237.4975208307037,EPIAS_VEP:EBM0626,True,False,False,1.2931999802391867,2893.531749723495
2026-06-18T19:00:00+00:00,2026-06-18T22:00:00+03:00,2026-06,EBM0626,2237.4975208838387,EPIAS_VEP:EBM0626,True,False,False,1.217555822469246,2724.278134312621
2026-06-18T20:00:00+00:00,2026-06-18T23:00:00+03:00,2026-06,EBM0626,2237.4975209454324,EPIAS_VEP:EBM0626,True,False,False,1.1428344564919657,2557.089263251794
2026-06-18T21:00:00+00:00,2026-06-19T00:00:00+03:00,2026-06,EBM0626,2237.4975210161087,EPIAS_VEP:EBM0626,True,False,False,1.1881670152964192,2658.520751278847
2026-06-18T22:00:00+00:00,2026-06-19T01:00:00+03:00,2026-06,EBM0626,2237.4975210964903,EPIAS_VEP:EBM0626,True,False,False,1.1485764322162924,2569.9369198738054
2026-06-18T23:00:00+00:00,2026-06-19T02:00:00+03:00,2026-06,EBM0626,2237.497521187192,EPIAS_VEP:EBM0626,True,False,False,1.0891514800346056,2436.9737367747916
2026-06-19T00:00:00+00:00,2026-06-19T03:00:00+03:00,2026-06,EBM0626,2237.4975212888103,EPIAS_VEP:EBM0626,True,False,False,1.0833007303974949,2423.8826990747525
2026-06-19T01:00:00+00:00,2026-06-19T04:00:00+03:00,2026-06,EBM0626,2237.4975214019146,EPIAS_VEP:EBM0626,True,False,False,1.0998647166162605,2460.944577306302
2026-06-19T02:00:00+00:00,2026-06-19T05:00:00+03:00,2026-06,EBM0626,2237.497521527036,EPIAS_VEP:EBM0626,True,False,False,1.0371122181458947,2320.536017646846
2026-06-19T03:00:00+00:00,2026-06-19T06:00:00+03:00,2026-06,EBM0626,2237.497521664658,EPIAS_VEP:EBM0626,True,False,False,0.8935164629771384,1999.2408714779183
2026-06-19T04:00:00+00:00,2026-06-19T07:00:00+03:00,2026-06,EBM0626,2237.497521815202,EPIAS_VEP:EBM0626,True,False,False,0.6919982276924853,1548.344319562448
2026-06-19T05:00:00+00:00,2026-06-19T08:00:00+03:00,2026-06,EBM0626,2237.497521979017,EPIAS_VEP:EBM0626,True,False,False,1.1242368241769503,2515.477108213486
2026-06-19T06:00:00+00:00,2026-06-19T09:00:00+03:00,2026-06,EBM0626,2237.4975221563627,EPIAS_VEP:EBM0626,True,False,False,1.1113049454801653,2486.542061871982
2026-06-19T07:00:00+00:00,2026-06-19T10:00:00+03:00,2026-06,EBM0626,2237.497522347392,EPIAS_VEP:EBM0626,True,False,False,0.9506739529780268,2127.1306143485363
2026-06-19T08:00:00+00:00,2026-06-19T11:00:00+03:00,2026-06,EBM0626,2237.497522552133,EPIAS_VEP:EBM0626,True,False,False,0.9565710491982241,2140.325352726121
2026-06-19T09:00:00+00:00,2026-06-19T12:00:00+03:00,2026-06,EBM0626,2237.497522770474,EPIAS_VEP:EBM0626,True,False,False,0.6909155152620943,1545.9217538426215
2026-06-19T10:00:00+00:00,2026-06-19T13:00:00+03:00,2026-06,EBM0626,2237.4975230021378,EPIAS_VEP:EBM0626,True,False,False,0.8341829487188204,1866.4822814889799
2026-06-19T11:00:00+00:00,2026-06-19T14:00:00+03:00,2026-06,EBM0626,2237.497523246664,EPIAS_VEP:EBM0626,True,False,False,1.013612573602132,2267.955622966447
2026-06-19T12:00:00+00:00,2026-06-19T15:00:00+03:00,2026-06,EBM0626,2237.4975235033826,EPIAS_VEP:EBM0626,True,False,False,0.990377138234951,2215.96639413507
2026-06-19T13:00:00+00:00,2026-06-19T16:00:00+03:00,2026-06,EBM0626,2237.497523771393,EPIAS_VEP:EBM0626,True,False,False,1.0806724683680125,2418.0019719813467
2026-06-19T14:00:00+00:00,2026-06-19T17:00:00+03:00,2026-06,EBM0626,2237.4975240495355,EPIAS_VEP:EBM0626,True,False,False,1.148839870894979,2570.5263666569035
2026-06-19T15:00:00+00:00,2026-06-19T18:00:00+03:00,2026-06,EBM0626,2237.497524336366,EPIAS_VEP:EBM0626,True,False,False,1.1607659074705048,2597.21084429931
2026-06-19T16:00:00+00:00,2026-06-19T19:00:00+03:00,2026-06,EBM0626,2237.4975246301287,EPIAS_VEP:EBM0626,True,False,False,1.264501082003807,2829.3180408756375
2026-06-19T17:00:00+00:00,2026-06-19T20:00:00+03:00,2026-06,EBM0626,2237.497524928724,EPIAS_VEP:EBM0626,True,False,False,1.2838707556315136,2872.6576380538827
2026-06-19T18:00:00+00:00,2026-06-19T21:00:00+03:00,2026-06,EBM0626,2237.4975252296827,EPIAS_VEP:EBM0626,True,False,False,1.289573003860375,2885.416404740597
2026-06-19T19:00:00+00:00,2026-06-19T22:00:00+03:00,2026-06,EBM0626,2237.4975255301347,EPIAS_VEP:EBM0626,True,False,False,1.215567938165689,2719.830253759497
2026-06-19T20:00:00+00:00,2026-06-19T23:00:00+03:00,2026-06,EBM0626,2237.497525826779,EPIAS_VEP:EBM0626,True,False,False,1.1413554749739923,2553.780051343156
2026-06-19T21:00:00+00:00,2026-06-20T00:00:00+03:00,2026-06,EBM0626,2237.497526115853,EPIAS_VEP:EBM0626,True,False,False,1.202265225849027,2690.065468572315
2026-06-19T22:00:00+00:00,2026-06-20T01:00:00+03:00,2026-06,EBM0626,2237.4975263931024,EPIAS_VEP:EBM0626,True,False,False,1.1597725891069177,2594.9882993052524
2026-06-19T23:00:00+00:00,2026-06-20T02:00:00+03:00,2026-06,EBM0626,2237.4975266537544,EPIAS_VEP:EBM0626,True,False,False,1.0722764198850003,2399.215837381831
2026-06-20T00:00:00+00:00,2026-06-20T03:00:00+03:00,2026-06,EBM0626,2237.497526892487,EPIAS_VEP:EBM0626,True,False,False,1.0367464963292126,2319.7177215510637
2026-06-20T01:00:00+00:00,2026-06-20T04:00:00+03:00,2026-06,EBM0626,2237.4975271034045,EPIAS_VEP:EBM0626,True,False,False,1.050477954040019,2350.441824441187
2026-06-20T02:00:00+00:00,2026-06-20T05:00:00+03:00,2026-06,EBM0626,2237.497527280016,EPIAS_VEP:EBM0626,True,False,False,1.0216802334410489,2286.0069959952166
2026-06-20T03:00:00+00:00,2026-06-20T06:00:00+03:00,2026-06,EBM0626,2237.4975274152093,EPIAS_VEP:EBM0626,True,False,False,0.8711362569433723,1949.165220952536
2026-06-20T04:00:00+00:00,2026-06-20T07:00:00+03:00,2026-06,EBM0626,2237.49752750124,EPIAS_VEP:EBM0626,True,False,False,0.5530299635419264,1237.403176059161
2026-06-20T05:00:00+00:00,2026-06-20T08:00:00+03:00,2026-06,EBM0626,2237.49752752971,EPIAS_VEP:EBM0626,True,False,False,0.9045366251827949,2023.8984624065718
2026-06-20T06:00:00+00:00,2026-06-20T09:00:00+03:00,2026-06,EBM0626,2237.497527491568,EPIAS_VEP:EBM0626,True,False,False,0.8249481194560313,1845.8193775916886
2026-06-20T07:00:00+00:00,2026-06-20T10:00:00+03:00,2026-06,EBM0626,2237.497527377096,EPIAS_VEP:EBM0626,True,False,False,0.6861337268985792,1535.2225173856027
2026-06-20T08:00:00+00:00,2026-06-20T11:00:00+03:00,2026-06,EBM0626,2237.497527175926,EPIAS_VEP:EBM0626,True,False,False,0.6435123556213799,1439.8573044099924
2026-06-20T09:00:00+00:00,2026-06-20T12:00:00+03:00,2026-06,EBM0626,2237.497526877043,EPIAS_VEP:EBM0626,True,False,False,0.493589227004716,1104.4046747162035
2026-06-20T10:00:00+00:00,2026-06-20T13:00:00+03:00,2026-06,EBM0626,2237.497526468808,EPIAS_VEP:EBM0626,True,False,False,0.6662264790447476,1490.6800989306457
2026-06-20T11:00:00+00:00,2026-06-20T14:00:00+03:00,2026-06,EBM0626,2237.4975259389844,EPIAS_VEP:EBM0626,True,False,False,0.6990524462050219,1564.1281188853316
2026-06-20T12:00:00+00:00,2026-06-20T15:00:00+03:00,2026-06,EBM0626,2237.497525274782,EPIAS_VEP:EBM0626,True,False,False,0.6001006459559883,1342.723710242322
2026-06-20T13:00:00+00:00,2026-06-20T16:00:00+03:00,2026-06,EBM0626,2237.497524462908,EPIAS_VEP:EBM0626,True,False,False,0.7647359981280608,1711.0949026792073
2026-06-20T14:00:00+00:00,2026-06-20T17:00:00+03:00,2026-06,EBM0626,2237.4975234896306,EPIAS_VEP:EBM0626,True,False,False,0.8996232380137374,2012.90476712946
2026-06-20T15:00:00+00:00,2026-06-20T18:00:00+03:00,2026-06,EBM0626,2237.4975223408683,EPIAS_VEP:EBM0626,True,False,False,1.0966462167827327,2453.743192935851
2026-06-20T16:00:00+00:00,2026-06-20T19:00:00+03:00,2026-06,EBM0626,2237.49752100228,EPIAS_VEP:EBM0626,True,False,False,1.2495019110776697,2795.757428523897
2026-06-20T17:00:00+00:00,2026-06-20T20:00:00+03:00,2026-06,EBM0626,2237.497519459382,EPIAS_VEP:EBM0626,True,False,False,1.2661920867127947,2833.101653178977
2026-06-20T18:00:00+00:00,2026-06-20T21:00:00+03:00,2026-06,EBM0626,2237.497517697684,EPIAS_VEP:EBM0626,True,False,False,1.2831706495424073,2871.0911431336613
2026-06-20T19:00:00+00:00,2026-06-20T22:00:00+03:00,2026-06,EBM0626,2237.49751570284,EPIAS_VEP:EBM0626,True,False,False,1.2032670764248925,2692.307094227716
2026-06-20T20:00:00+00:00,2026-06-20T23:00:00+03:00,2026-06,EBM0626,2237.4975134608267,EPIAS_VEP:EBM0626,True,False,False,1.129665389956489,2527.6235010703995
2026-06-20T21:00:00+00:00,2026-06-21T00:00:00+03:00,2026-06,EBM0626,2237.497510958144,EPIAS_VEP:EBM0626,True,False,False,1.1177093056351108,2500.871789333316
2026-06-20T22:00:00+00:00,2026-06-21T01:00:00+03:00,2026-06,EBM0626,2237.4975081820357,EPIAS_VEP:EBM0626,True,False,False,1.0432413730803618,2334.249972699715
2026-06-20T23:00:00+00:00,2026-06-21T02:00:00+03:00,2026-06,EBM0626,2237.497505120741,EPIAS_VEP:EBM0626,True,False,False,0.9553361893855838,2137.5623403018
2026-06-21T00:00:00+00:00,2026-06-21T03:00:00+03:00,2026-06,EBM0626,2237.4975017637757,EPIAS_VEP:EBM0626,True,False,False,0.9351407759188984,2092.375149915974
2026-06-21T01:00:00+00:00,2026-06-21T04:00:00+03:00,2026-06,EBM0626,2237.4974981022315,EPIAS_VEP:EBM0626,True,False,False,0.952856749871633,2132.0145938876026
2026-06-21T02:00:00+00:00,2026-06-21T05:00:00+03:00,2026-06,EBM0626,2237.49749412912,EPIAS_VEP:EBM0626,True,False,False,0.9100988874266094,2036.3439800267383
2026-06-21T03:00:00+00:00,2026-06-21T06:00:00+03:00,2026-06,EBM0626,2237.49748983973,EPIAS_VEP:EBM0626,True,False,False,0.8360254426453554,1870.6048293611318
2026-06-21T04:00:00+00:00,2026-06-21T07:00:00+03:00,2026-06,EBM0626,2237.497485232032,EPIAS_VEP:EBM0626,True,False,False,0.4191509384043134,937.8491706122976
2026-06-21T05:00:00+00:00,2026-06-21T08:00:00+03:00,2026-06,EBM0626,2237.4974803071027,EPIAS_VEP:EBM0626,True,False,False,0.2884843529591206,645.4830128540573
2026-06-21T06:00:00+00:00,2026-06-21T09:00:00+03:00,2026-06,EBM0626,2237.497475069588,EPIAS_VEP:EBM0626,True,False,False,0.2723758909887389,609.4403683571326
2026-06-21T07:00:00+00:00,2026-06-21T10:00:00+03:00,2026-06,EBM0626,2237.497469528195,EPIAS_VEP:EBM0626,True,False,False,0.24856741637545904,556.1689651472508
2026-06-21T08:00:00+00:00,2026-06-21T11:00:00+03:00,2026-06,EBM0626,2237.497463696216,EPIAS_VEP:EBM0626,True,False,False,0.2588515797623582,579.1797531920352
2026-06-21T09:00:00+00:00,2026-06-21T12:00:00+03:00,2026-06,EBM0626,2237.4974575920837,EPIAS_VEP:EBM0626,True,False,False,0.22817728908568197,510.54610420946733
2026-06-21T10:00:00+00:00,2026-06-21T13:00:00+03:00,2026-06,EBM0626,2237.497451239949,EPIAS_VEP:EBM0626,True,False,False,0.3030875317128182,678.157579710038
2026-06-21T11:00:00+00:00,2026-06-21T14:00:00+03:00,2026-06,EBM0626,2237.4974446703013,EPIAS_VEP:EBM0626,True,False,False,0.3193862463785778,714.6259101349071
2026-06-21T12:00:00+00:00,2026-06-21T15:00:00+03:00,2026-06,EBM0626,2237.4974379205937,EPIAS_VEP:EBM0626,True,False,False,0.3117820040397768,697.6114352287487
2026-06-21T13:00:00+00:00,2026-06-21T16:00:00+03:00,2026-06,EBM0626,2237.497431035906,EPIAS_VEP:EBM0626,True,False,False,0.38332296652506637,857.6841528568987
2026-06-21T14:00:00+00:00,2026-06-21T17:00:00+03:00,2026-06,EBM0626,2237.4974240696183,EPIAS_VEP:EBM0626,True,False,False,0.6819053123900857,1525.761379932205
2026-06-21T15:00:00+00:00,2026-06-21T18:00:00+03:00,2026-06,EBM0626,2237.4974170840983,EPIAS_VEP:EBM0626,True,False,False,1.0002007929190828,2237.946690721915
2026-06-21T16:00:00+00:00,2026-06-21T19:00:00+03:00,2026-06,EBM0626,2237.4974101513994,EPIAS_VEP:EBM0626,True,False,False,1.2178185189753805,2724.8657822418268
2026-06-21T17:00:00+00:00,2026-06-21T20:00:00+03:00,2026-06,EBM0626,2237.4974033539597,EPIAS_VEP:EBM0626,True,False,False,1.2542901073081754,2806.470858154602
2026-06-21T18:00:00+00:00,2026-06-21T21:00:00+03:00,2026-06,EBM0626,2237.4973967852925,EPIAS_VEP:EBM0626,True,False,False,1.2771018704605697,2857.5121105851526
2026-06-21T19:00:00+00:00,2026-06-21T22:00:00+03:00,2026-06,EBM0626,2237.497390550669,EPIAS_VEP:EBM0626,True,False,False,1.148609502034062,2570.0107635629174
2026-06-21T20:00:00+00:00,2026-06-21T23:00:00+03:00,2026-06,EBM0626,2237.497384767772,EPIAS_VEP:EBM0626,True,False,False,1.0616006192635654,2375.328609270075
2026-06-21T21:00:00+00:00,2026-06-22T00:00:00+03:00,2026-06,EBM0626,2237.49737956732,EPIAS_VEP:EBM0626,True,False,False,1.183381783997145,2647.8136407213124
2026-06-21T22:00:00+00:00,2026-06-22T01:00:00+03:00,2026-06,EBM0626,2237.4973750936497,EPIAS_VEP:EBM0626,True,False,False,1.145904259251647,2563.9577721841933
2026-06-21T23:00:00+00:00,2026-06-22T02:00:00+03:00,2026-06,EBM0626,2237.497371505232,EPIAS_VEP:EBM0626,True,False,False,1.0892050929085126,2437.093532412909
2026-06-22T00:00:00+00:00,2026-06-22T03:00:00+03:00,2026-06,EBM0626,2237.497368975121,EPIAS_VEP:EBM0626,True,False,False,1.0842394133804378,2425.982834777858
2026-06-22T01:00:00+00:00,2026-06-22T04:00:00+03:00,2026-06,EBM0626,2237.497367691313,EPIAS_VEP:EBM0626,True,False,False,1.097470074043732,2455.58640179284
2026-06-22T02:00:00+00:00,2026-06-22T05:00:00+03:00,2026-06,EBM0626,2237.497367856997,EPIAS_VEP:EBM0626,True,False,False,1.0339080521593005,2313.3665453125896
2026-06-22T03:00:00+00:00,2026-06-22T06:00:00+03:00,2026-06,EBM0626,2237.497369690687,EPIAS_VEP:EBM0626,True,False,False,0.8903867310524717,1992.2379687373943
2026-06-22T04:00:00+00:00,2026-06-22T07:00:00+03:00,2026-06,EBM0626,2237.4973734262007,EPIAS_VEP:EBM0626,True,False,False,0.6914711037299348,1547.1647783958451
2026-06-22T05:00:00+00:00,2026-06-22T08:00:00+03:00,2026-06,EBM0626,2237.497379312482,EPIAS_VEP:EBM0626,True,False,False,1.1174188275756003,2500.2216982948316
2026-06-22T06:00:00+00:00,2026-06-22T09:00:00+03:00,2026-06,EBM0626,2237.4973876132217,EPIAS_VEP:EBM0626,True,False,False,1.1081165378882094,2479.4078586958763
2026-06-22T07:00:00+00:00,2026-06-22T10:00:00+03:00,2026-06,EBM0626,2237.497398606271,EPIAS_VEP:EBM0626,True,False,False,0.9560065022592735,2139.0620618558046
2026-06-22T08:00:00+00:00,2026-06-22T11:00:00+03:00,2026-06,EBM0626,2237.4974125828107,EPIAS_VEP:EBM0626,True,False,False,0.9610838148584527,2150.422549021005
2026-06-22T09:00:00+00:00,2026-06-22T12:00:00+03:00,2026-06,EBM0626,2237.497429846254,EPIAS_VEP:EBM0626,True,False,False,0.7041764140476082,1575.592916589875
2026-06-22T10:00:00+00:00,2026-06-22T13:00:00+03:00,2026-06,EBM0626,2237.497450710846,EPIAS_VEP:EBM0626,True,False,False,0.847313368545619,1895.861502074042
2026-06-22T11:00:00+00:00,2026-06-22T14:00:00+03:00,2026-06,EBM0626,2237.49747549994,EPIAS_VEP:EBM0626,True,False,False,1.01864193690926,2279.2087622728386
2026-06-22T12:00:00+00:00,2026-06-22T15:00:00+03:00,2026-06,EBM0626,2237.497504543908,EPIAS_VEP:EBM0626,True,False,False,0.9965053652457097,2229.6782680018905
2026-06-22T13:00:00+00:00,2026-06-22T16:00:00+03:00,2026-06,EBM0626,2237.4975381776653,EPIAS_VEP:EBM0626,True,False,False,1.0808950335808916,2418.4999766657097
2026-06-22T14:00:00+00:00,2026-06-22T17:00:00+03:00,2026-06,EBM0626,2237.4975767377646,EPIAS_VEP:EBM0626,True,False,False,1.1430149893600698,2557.493268868098
2026-06-22T15:00:00+00:00,2026-06-22T18:00:00+03:00,2026-06,EBM0626,2237.497620559033,EPIAS_VEP:EBM0626,True,False,False,1.1533004679257473,2580.507052773479
2026-06-22T16:00:00+00:00,2026-06-22T19:00:00+03:00,2026-06,EBM0626,2237.497669970715,EPIAS_VEP:EBM0626,True,False,False,1.253964690580689,2805.74307339984
2026-06-22T17:00:00+00:00,2026-06-22T20:00:00+03:00,2026-06,EBM0626,2237.4977252920908,EPIAS_VEP:EBM0626,True,False,False,1.2720152181500224,2846.1311571475976
2026-06-22T18:00:00+00:00,2026-06-22T21:00:00+03:00,2026-06,EBM0626,2237.497786827535,EPIAS_VEP:EBM0626,True,False,False,1.2785524740858687,2860.7583311100007
2026-06-22T19:00:00+00:00,2026-06-22T22:00:00+03:00,2026-06,EBM0626,2237.497854860985,EPIAS_VEP:EBM0626,True,False,False,1.2093667112608821,2705.9554221865083
2026-06-22T20:00:00+00:00,2026-06-22T23:00:00+03:00,2026-06,EBM0626,2237.4979296497886,EPIAS_VEP:EBM0626,True,False,False,1.1367538755266964,2543.4844430123567
2026-06-22T21:00:00+00:00,2026-06-23T00:00:00+03:00,2026-06,EBM0626,2237.4980114178984,EPIAS_VEP:EBM0626,True,False,False,1.1817641263940217,2644.1948827716337
2026-06-22T22:00:00+00:00,2026-06-23T01:00:00+03:00,2026-06,EBM0626,2237.4981003483954,EPIAS_VEP:EBM0626,True,False,False,1.1449655103092498,2561.8581542813777
2026-06-22T23:00:00+00:00,2026-06-23T02:00:00+03:00,2026-06,EBM0626,2237.49819657531,EPIAS_VEP:EBM0626,True,False,False,1.089148624575997,2436.9680832912723
2026-06-23T00:00:00+00:00,2026-06-23T03:00:00+03:00,2026-06,EBM0626,2237.4983001747305,EPIAS_VEP:EBM0626,True,False,False,1.084420334326204,2426.3886547297943
2026-06-23T01:00:00+00:00,2026-06-23T04:00:00+03:00,2026-06,EBM0626,2237.4984111551785,EPIAS_VEP:EBM0626,True,False,False,1.0965346193827752,2453.494468645608
2026-06-23T02:00:00+00:00,2026-06-23T05:00:00+03:00,2026-06,EBM0626,2237.4985294472485,EPIAS_VEP:EBM0626,True,False,False,1.0328306088869141,2310.9569685525767
2026-06-23T03:00:00+00:00,2026-06-23T06:00:00+03:00,2026-06,EBM0626,2237.498654892512,EPIAS_VEP:EBM0626,True,False,False,0.8894846670379184,1990.2207460448565
2026-06-23T04:00:00+00:00,2026-06-23T07:00:00+03:00,2026-06,EBM0626,2237.4987872316856,EPIAS_VEP:EBM0626,True,False,False,0.6915453065519307,1547.3317847257092
2026-06-23T05:00:00+00:00,2026-06-23T08:00:00+03:00,2026-06,EBM0626,2237.498926092088,EPIAS_VEP:EBM0626,True,False,False,1.1152239492797194,2495.312388865549
2026-06-23T06:00:00+00:00,2026-06-23T09:00:00+03:00,2026-06,EBM0626,2237.4990709744056,EPIAS_VEP:EBM0626,True,False,False,1.1070157148307007,2476.94663348776
2026-06-23T07:00:00+00:00,2026-06-23T10:00:00+03:00,2026-06,EBM0626,2237.499221238809,EPIAS_VEP:EBM0626,True,False,False,0.9577009134284642,2142.8550479758846
2026-06-23T08:00:00+00:00,2026-06-23T11:00:00+03:00,2026-06,EBM0626,2237.4993760904645,EPIAS_VEP:EBM0626,True,False,False,0.9625031360076137,2153.600166302151
2026-06-23T09:00:00+00:00,2026-06-23T12:00:00+03:00,2026-06,EBM0626,2237.4995345645057,EPIAS_VEP:EBM0626,True,False,False,0.7084416969879344,1585.1379672765918
2026-06-23T10:00:00+00:00,2026-06-23T13:00:00+03:00,2026-06,EBM0626,2237.4996955105503,EPIAS_VEP:EBM0626,True,False,False,0.8515354850161001,1905.3103884399527
2026-06-23T11:00:00+00:00,2026-06-23T14:00:00+03:00,2026-06,EBM0626,2237.4998575768523,EPIAS_VEP:EBM0626,True,False,False,1.0201870243484483,2282.668321681406
2026-06-23T12:00:00+00:00,2026-06-23T15:00:00+03:00,2026-06,EBM0626,2237.5000191942054,EPIAS_VEP:EBM0626,True,False,False,0.9984425940358648,2234.0153233195597
2026-06-23T13:00:00+00:00,2026-06-23T16:00:00+03:00,2026-06,EBM0626,2237.500178559739,EPIAS_VEP:EBM0626,True,False,False,1.0809369810977634,2418.596688218071
2026-06-23T14:00:00+00:00,2026-06-23T17:00:00+03:00,2026-06,EBM0626,2237.5003336207537,EPIAS_VEP:EBM0626,True,False,False,1.1411338747787685,2553.287425523438
2026-06-23T15:00:00+00:00,2026-06-23T18:00:00+03:00,2026-06,EBM0626,2237.500482058786,EPIAS_VEP:EBM0626,True,False,False,1.1509028495852347,2575.145680749793
2026-06-23T16:00:00+00:00,2026-06-23T19:00:00+03:00,2026-06,EBM0626,2237.5006212741027,EPIAS_VEP:EBM0626,True,False,False,1.2504644491748556,2797.914981909918
2026-06-23T17:00:00+00:00,2026-06-23T20:00:00+03:00,2026-06,EBM0626,2237.5007483708564,EPIAS_VEP:EBM0626,True,False,False,1.2680710626471063,2837.3099516603274
2026-06-23T18:00:00+00:00,2026-06-23T21:00:00+03:00,2026-06,EBM0626,2237.5008601431646,EPIAS_VEP:EBM0626,True,False,False,1.2748445599469986,2852.4657994302434
2026-06-23T19:00:00+00:00,2026-06-23T22:00:00+03:00,2026-06,EBM0626,2237.5009530623984,EPIAS_VEP:EBM0626,True,False,False,1.20722821854856,2701.1742895662246
2026-06-23T20:00:00+00:00,2026-06-23T23:00:00+03:00,2026-06,EBM0626,2237.501023266008,EPIAS_VEP:EBM0626,True,False,False,1.1351708491806558,2539.9459366234605
2026-06-23T21:00:00+00:00,2026-06-24T00:00:00+03:00,2026-06,EBM0626,2237.501066548228,EPIAS_VEP:EBM0626,True,False,False,1.1801382305531443,2640.560549536999
2026-06-23T22:00:00+00:00,2026-06-24T01:00:00+03:00,2026-06,EBM0626,2237.50107835306,EPIAS_VEP:EBM0626,True,False,False,1.1440046557419465,2559.7116508635268
2026-06-23T23:00:00+00:00,2026-06-24T02:00:00+03:00,2026-06,EBM0626,2237.5010537699386,EPIAS_VEP:EBM0626,True,False,False,1.0890553646948706,2436.7625261185776
2026-06-24T00:00:00+00:00,2026-06-24T03:00:00+03:00,2026-06,EBM0626,2237.5009875325586,EPIAS_VEP:EBM0626,True,False,False,1.084535281659409,2426.648763726829
2026-06-24T01:00:00+00:00,2026-06-24T04:00:00+03:00,2026-06,EBM0626,2237.500874021329,EPIAS_VEP:EBM0626,True,False,False,1.0955320390620198,2451.253894919638
2026-06-24T02:00:00+00:00,2026-06-24T05:00:00+03:00,2026-06,EBM0626,2237.5007072699973,EPIAS_VEP:EBM0626,True,False,False,1.0317501254133525,2308.541635338285
2026-06-24T03:00:00+00:00,2026-06-24T06:00:00+03:00,2026-06,EBM0626,2237.500480977002,EPIAS_VEP:EBM0626,True,False,False,0.8886555160745189,1988.367144639602
2026-06-24T04:00:00+00:00,2026-06-24T07:00:00+03:00,2026-06,EBM0626,2237.500188522146,EPIAS_VEP:EBM0626,True,False,False,0.6917453585130479,1547.780370082264
2026-06-24T05:00:00+00:00,2026-06-24T08:00:00+03:00,2026-06,EBM0626,2237.499822989225,EPIAS_VEP:EBM0626,True,False,False,1.1130712549193176,2490.4967358563676
2026-06-24T06:00:00+00:00,2026-06-24T09:00:00+03:00,2026-06,EBM0626,2237.4993771952754,EPIAS_VEP:EBM0626,True,False,False,1.1058967233417318,2474.4432297194207
2026-06-24T07:00:00+00:00,2026-06-24T10:00:00+03:00,2026-06,EBM0626,2237.4988437271268,EPIAS_VEP:EBM0626,True,False,False,0.9593495048764848,2146.5434078913263
2026-06-24T08:00:00+00:00,2026-06-24T11:00:00+03:00,2026-06,EBM0626,2237.49821498598,EPIAS_VEP:EBM0626,True,False,False,0.9638765867747036,2156.6721423751783
2026-06-24T09:00:00+00:00,2026-06-24T12:00:00+03:00,2026-06,EBM0626,2237.4974832407565,EPIAS_VEP:EBM0626,True,False,False,0.7126196299180751,1594.4846284496525
2026-06-24T10:00:00+00:00,2026-06-24T13:00:00+03:00,2026-06,EBM0626,2237.4966406909693,EPIAS_VEP:EBM0626,True,False,False,0.8556731156647889,1914.5657218295403
2026-06-24T11:00:00+00:00,2026-06-24T14:00:00+03:00,2026-06,EBM0626,2237.4956795399007,EPIAS_VEP:EBM0626,True,False,False,1.0216646052542049,2285.9701401951215
2026-06-24T12:00:00+00:00,2026-06-24T15:00:00+03:00,2026-06,EBM0626,2237.494592078855,EPIAS_VEP:EBM0626,True,False,False,1.0003245234861704,2238.220711624164
2026-06-24T13:00:00+00:00,2026-06-24T16:00:00+03:00,2026-06,EBM0626,2237.493370783275,EPIAS_VEP:EBM0626,True,False,False,1.080963636321514,2418.648970327171
2026-06-24T14:00:00+00:00,2026-06-24T17:00:00+03:00,2026-06,EBM0626,2237.4920084214878,EPIAS_VEP:EBM0626,True,False,False,1.1392861917537904,2549.1437493540566
2026-06-24T15:00:00+00:00,2026-06-24T18:00:00+03:00,2026-06,EBM0626,2237.490498176831,EPIAS_VEP:EBM0626,True,False,False,1.148554344630783,2569.8794327510946
2026-06-24T16:00:00+00:00,2026-06-24T19:00:00+03:00,2026-06,EBM0626,2237.488833783896,EPIAS_VEP:EBM0626,True,False,False,1.2469759037086015,2790.094660545579
2026-06-24T17:00:00+00:00,2026-06-24T20:00:00+03:00,2026-06,EBM0626,2237.4870096795453,EPIAS_VEP:EBM0626,True,False,False,1.2641373693192282,2828.490942302247
2026-06-24T18:00:00+00:00,2026-06-24T21:00:00+03:00,2026-06,EBM0626,2237.485021169357,EPIAS_VEP:EBM0626,True,False,False,1.271125489875513,2844.124243623022
2026-06-24T19:00:00+00:00,2026-06-24T22:00:00+03:00,2026-06,EBM0626,2237.4828646100327,EPIAS_VEP:EBM0626,True,False,False,1.2050579299479744,2696.29646912103
2026-06-24T20:00:00+00:00,2026-06-24T23:00:00+03:00,2026-06,EBM0626,2237.480537608248,EPIAS_VEP:EBM0626,True,False,False,1.1335661059596143,2536.332100177006
2026-06-24T21:00:00+00:00,2026-06-25T00:00:00+03:00,2026-06,EBM0626,2237.478039236308,EPIAS_VEP:EBM0626,True,False,False,1.1785058992314237,2636.8810686407483
2026-06-24T22:00:00+00:00,2026-06-25T01:00:00+03:00,2026-06,EBM0626,2237.475370264852,EPIAS_VEP:EBM0626,True,False,False,1.1430228298814278,2557.4854295101263
2026-06-24T23:00:00+00:00,2026-06-25T02:00:00+03:00,2026-06,EBM0626,2237.4725334126874,EPIAS_VEP:EBM0626,True,False,False,1.0889255490248135,2436.441006874351
2026-06-25T00:00:00+00:00,2026-06-25T03:00:00+03:00,2026-06,EBM0626,2237.469533613686,EPIAS_VEP:EBM0626,True,False,False,1.0845843199349698,2426.724372489614
2026-06-25T01:00:00+00:00,2026-06-25T04:00:00+03:00,2026-06,EBM0626,2237.4663783004708,EPIAS_VEP:EBM0626,True,False,False,1.0944632849319205,2448.82480231946
2026-06-25T02:00:00+00:00,2026-06-25T05:00:00+03:00,2026-06,EBM0626,2237.4630777043963,EPIAS_VEP:EBM0626,True,False,False,1.0306675541446377,2306.0805977865234
2026-06-25T03:00:00+00:00,2026-06-25T06:00:00+03:00,2026-06,EBM0626,2237.4596451710804,EPIAS_VEP:EBM0626,True,False,False,0.8879005551974909,1986.6416611793832
2026-06-25T04:00:00+00:00,2026-06-25T07:00:00+03:00,2026-06,EBM0626,2237.456097490461,EPIAS_VEP:EBM0626,True,False,False,0.692071640304619,1548.479911499795
2026-06-25T05:00:00+00:00,2026-06-25T08:00:00+03:00,2026-06,EBM0626,2237.452455240051,EPIAS_VEP:EBM0626,True,False,False,1.1109626501493501,2485.7261092566573
2026-06-25T06:00:00+00:00,2026-06-25T09:00:00+03:00,2026-06,EBM0626,2237.4487431397065,EPIAS_VEP:EBM0626,True,False,False,1.1047601127757287,2471.8441258009348
2026-06-25T07:00:00+00:00,2026-06-25T10:00:00+03:00,2026-06,EBM0626,2237.44499041585,EPIAS_VEP:EBM0626,True,False,False,0.9609498257489196,2150.0723736629043
2026-06-25T08:00:00+00:00,2026-06-25T11:00:00+03:00,2026-06,EBM0626,2237.441231172684,EPIAS_VEP:EBM0626,True,False,False,0.9652022185063049,2159.583240105353
2026-06-25T09:00:00+00:00,2026-06-25T12:00:00+03:00,2026-06,EBM0626,2237.4375047674603,EPIAS_VEP:EBM0626,True,False,False,0.7167044821604391,1603.5814882207078
2026-06-25T10:00:00+00:00,2026-06-25T13:00:00+03:00,2026-06,EBM0626,2237.4338561864074,EPIAS_VEP:EBM0626,True,False,False,0.8597221342331705,1923.5714100461307
2026-06-25T11:00:00+00:00,2026-06-25T14:00:00+03:00,2026-06,EBM0626,2237.430336417368,EPIAS_VEP:EBM0626,True,False,False,1.0230737016967264,2289.0561365670683
2026-06-25T12:00:00+00:00,2026-06-25T15:00:00+03:00,2026-06,EBM0626,2237.427002814659,EPIAS_VEP:EBM0626,True,False,False,1.0021497405685782,2242.236890411842
2026-06-25T13:00:00+00:00,2026-06-25T16:00:00+03:00,2026-06,EBM0626,2237.4239194510496,EPIAS_VEP:EBM0626,True,False,False,1.08097553745438,2418.6005238418834
2026-06-25T14:00:00+00:00,2026-06-25T17:00:00+03:00,2026-06,EBM0626,2237.42115745112,EPIAS_VEP:EBM0626,True,False,False,1.1374737878090784,2545.0079188900977
2026-06-25T15:00:00+00:00,2026-06-25T18:00:00+03:00,2026-06,EBM0626,2237.418795299597,EPIAS_VEP:EBM0626,True,False,False,1.1462570734975295,2564.657120488484
2026-06-25T16:00:00+00:00,2026-06-25T19:00:00+03:00,2026-06,EBM0626,2237.4169191175533,EPIAS_VEP:EBM0626,True,False,False,1.2435024558653185,2782.2334337172924
2026-06-25T17:00:00+00:00,2026-06-25T20:00:00+03:00,2026-06,EBM0626,2237.4156228986235,EPIAS_VEP:EBM0626,True,False,False,1.2602180496129785,2819.631552462911
2026-06-25T18:00:00+00:00,2026-06-25T21:00:00+03:00,2026-06,EBM0626,2237.4150086966224,EPIAS_VEP:EBM0626,True,False,False,1.2673988719246292,2835.697258049334
2026-06-25T19:00:00+00:00,2026-06-25T22:00:00+03:00,2026-06,EBM0626,2237.4151867551677,EPIAS_VEP:EBM0626,True,False,False,1.2028582026300298,2691.2932100774538
2026-06-25T20:00:00+00:00,2026-06-25T23:00:00+03:00,2026-06,EBM0626,2237.416275569097,EPIAS_VEP:EBM0626,True,False,False,1.1319413598164731,2532.6240214431923
2026-06-25T21:00:00+00:00,2026-06-26T00:00:00+03:00,2026-06,EBM0626,2237.418401866665,EPIAS_VEP:EBM0626,True,False,False,1.176868913266477,2633.1481631272395
2026-06-25T22:00:00+00:00,2026-06-26T01:00:00+03:00,2026-06,EBM0626,2237.4217005006603,EPIAS_VEP:EBM0626,True,False,False,1.142021158719577,2555.1829229500904
2026-06-25T23:00:00+00:00,2026-06-26T02:00:00+03:00,2026-06,EBM0626,2237.4263142357768,EPIAS_VEP:EBM0626,True,False,False,1.0887594188153946,2436.018973529615
2026-06-26T00:00:00+00:00,2026-06-26T03:00:00+03:00,2026-06,EBM0626,2237.432393418752,EPIAS_VEP:EBM0626,True,False,False,1.0845675513382886,2426.646572215142
2026-06-26T01:00:00+00:00,2026-06-26T04:00:00+03:00,2026-06,EBM0626,2237.4400955169917,EPIAS_VEP:EBM0626,True,False,False,1.09332934411403,2446.2589121260253
2026-06-26T02:00:00+00:00,2026-06-26T05:00:00+03:00,2026-06,EBM0626,2237.4495845106508,EPIAS_VEP:EBM0626,True,False,False,1.0295838194539386,2303.641889056104
2026-06-26T03:00:00+00:00,2026-06-26T06:00:00+03:00,2026-06,EBM0626,2237.4610301224243,EPIAS_VEP:EBM0626,True,False,False,0.887220981289738,1985.1223707427653
2026-06-26T04:00:00+00:00,2026-06-26T07:00:00+03:00,2026-06,EBM0626,2237.474606868648,EPIAS_VEP:EBM0626,True,False,False,0.6925244279806607,1549.5058222429643
2026-06-26T05:00:00+00:00,2026-06-26T08:00:00+03:00,2026-06,EBM0626,2237.4904929147383,EPIAS_VEP:EBM0626,True,False,False,1.1088999920181022,2481.1531897337327
2026-06-26T06:00:00+00:00,2026-06-26T09:00:00+03:00,2026-06,EBM0626,2237.5088687175185,EPIAS_VEP:EBM0626,True,False,False,1.1036064614187433,2469.329244998396
2026-06-26T07:00:00+00:00,2026-06-26T10:00:00+03:00,2026-06,EBM0626,2237.5299154366103,EPIAS_VEP:EBM0626,True,False,False,0.9624995024368531,2153.6214302953113
2026-06-26T08:00:00+00:00,2026-06-26T11:00:00+03:00,2026-06,EBM0626,2237.553813096856,EPIAS_VEP:EBM0626,True,False,False,0.9664781481841054,2162.5468657441334
2026-06-26T09:00:00+00:00,2026-06-26T12:00:00+03:00,2026-06,EBM0626,2237.5807384836457,EPIAS_VEP:EBM0626,True,False,False,0.7206906491475005,1612.6035149377221
2026-06-26T10:00:00+00:00,2026-06-26T13:00:00+03:00,2026-06,EBM0626,2237.610862753154,EPIAS_VEP:EBM0626,True,False,False,0.8636785265025598,1932.5764528287657
2026-06-26T11:00:00+00:00,2026-06-26T14:00:00+03:00,2026-06,EBM0626,2237.644348739799,EPIAS_VEP:EBM0626,True,False,False,1.0244134143506622,2292.272887395002
2026-06-26T12:00:00+00:00,2026-06-26T15:00:00+03:00,2026-06,EBM0626,2237.681347943816,EPIAS_VEP:EBM0626,True,False,False,1.003916909310004,2246.4461428483996
2026-06-26T13:00:00+00:00,2026-06-26T16:00:00+03:00,2026-06,EBM0626,2237.7219971826567,EPIAS_VEP:EBM0626,True,False,False,1.0809732491283779,2418.917617940579
2026-06-26T14:00:00+00:00,2026-06-26T17:00:00+03:00,2026-06,EBM0626,2237.76641489107,EPIAS_VEP:EBM0626,True,False,False,1.135698469105812,2541.4278916081894
2026-06-26T15:00:00+00:00,2026-06-26T18:00:00+03:00,2026-06,EBM0626,2237.814697056179,EPIAS_VEP:EBM0626,True,False,False,1.144013093917195,2560.08931519261
2026-06-26T16:00:00+00:00,2026-06-26T19:00:00+03:00,2026-06,EBM0626,2237.8669127757094,EPIAS_VEP:EBM0626,True,False,False,1.2400474691983991,2775.061201590353
2026-06-26T17:00:00+00:00,2026-06-26T20:00:00+03:00,2026-06,EBM0626,2237.923099429775,EPIAS_VEP:EBM0626,True,False,False,1.2563169696017067,2811.540766477274
2026-06-26T18:00:00+00:00,2026-06-26T21:00:00+03:00,2026-06,EBM0626,2237.9832574593024,EPIAS_VEP:EBM0626,True,False,False,1.2636682953852025,2828.0684880542194
2026-06-26T19:00:00+00:00,2026-06-26T22:00:00+03:00,2026-06,EBM0626,2238.047344747368,EPIAS_VEP:EBM0626,True,False,False,1.2006313963331863,2687.0699085838123
2026-06-26T20:00:00+00:00,2026-06-26T23:00:00+03:00,2026-06,EBM0626,2238.115270603394,EPIAS_VEP:EBM0626,True,False,False,1.13029831934772,2529.737928869484
2026-06-26T21:00:00+00:00,2026-06-27T00:00:00+03:00,2026-06,EBM0626,2238.18688935442,EPIAS_VEP:EBM0626,True,False,False,1.1893390843447158,2661.9631455771337
2026-06-26T22:00:00+00:00,2026-06-27T01:00:00+03:00,2026-06,EBM0626,2238.2619935525163,EPIAS_VEP:EBM0626,True,False,False,1.150714721904581,2575.601027460377
2026-06-26T23:00:00+00:00,2026-06-27T02:00:00+03:00,2026-06,EBM0626,2238.340306812912,EPIAS_VEP:EBM0626,True,False,False,1.0698746277254616,2394.7435024743595
2026-06-27T00:00:00+00:00,2026-06-27T03:00:00+03:00,2026-06,EBM0626,2238.4214763035725,EPIAS_VEP:EBM0626,True,False,False,1.0411038926968361,2330.429312475848
2026-06-27T01:00:00+00:00,2026-06-27T04:00:00+03:00,2026-06,EBM0626,2238.5050649138743,EPIAS_VEP:EBM0626,True,False,False,1.0465885377733692,2342.793742686493
2026-06-27T02:00:00+00:00,2026-06-27T05:00:00+03:00,2026-06,EBM0626,2238.5905431376536,EPIAS_VEP:EBM0626,True,False,False,1.015445201798843,2273.166025821396
2026-06-27T03:00:00+00:00,2026-06-27T06:00:00+03:00,2026-06,EBM0626,2238.6772807143475,EPIAS_VEP:EBM0626,True,False,False,0.8756576741663176,1960.314940839302
2026-06-27T04:00:00+00:00,2026-06-27T07:00:00+03:00,2026-06,EBM0626,2238.764538081173,EPIAS_VEP:EBM0626,True,False,False,0.5841301731809012,1307.729917340616
2026-06-27T05:00:00+00:00,2026-06-27T08:00:00+03:00,2026-06,EBM0626,2238.8514576993693,EPIAS_VEP:EBM0626,True,False,False,0.919509297755238,2058.644731647438
2026-06-27T06:00:00+00:00,2026-06-27T09:00:00+03:00,2026-06,EBM0626,2238.937055328458,EPIAS_VEP:EBM0626,True,False,False,0.8415281494506784,1884.1285569071085
2026-06-27T07:00:00+00:00,2026-06-27T10:00:00+03:00,2026-06,EBM0626,2239.0202113342843,EPIAS_VEP:EBM0626,True,False,False,0.7074753571146459,1584.0516236006329
2026-06-27T08:00:00+00:00,2026-06-27T11:00:00+03:00,2026-06,EBM0626,2239.099662129254,EPIAS_VEP:EBM0626,True,False,False,0.6682264569793339,1496.225634048255
2026-06-27T09:00:00+00:00,2026-06-27T12:00:00+03:00,2026-06,EBM0626,2239.173991856729,EPIAS_VEP:EBM0626,True,False,False,0.5255059560965849,1176.699269457277
2026-06-27T10:00:00+00:00,2026-06-27T13:00:00+03:00,2026-06,EBM0626,2239.2416244459528,EPIAS_VEP:EBM0626,True,False,False,0.693210774123578,1552.2664199319172
2026-06-27T11:00:00+00:00,2026-06-27T14:00:00+03:00,2026-06,EBM0626,2239.3008161790744,EPIAS_VEP:EBM0626,True,False,False,0.7131893842414594,1597.0455702221516
2026-06-27T12:00:00+00:00,2026-06-27T15:00:00+03:00,2026-06,EBM0626,2239.349648927892,EPIAS_VEP:EBM0626,True,False,False,0.6221004538606736,1393.1004329507816
2026-06-27T13:00:00+00:00,2026-06-27T16:00:00+03:00,2026-06,EBM0626,2239.386024234676,EPIAS_VEP:EBM0626,True,False,False,0.7809294668219592,1748.8025339141325
2026-06-27T14:00:00+00:00,2026-06-27T17:00:00+03:00,2026-06,EBM0626,2239.407658428896,EPIAS_VEP:EBM0626,True,False,False,0.9035449241181376,2023.405422804713
2026-06-27T15:00:00+00:00,2026-06-27T18:00:00+03:00,2026-06,EBM0626,2239.4120789896906,EPIAS_VEP:EBM0626,True,False,False,1.086000918169254,2432.003573942122
2026-06-27T16:00:00+00:00,2026-06-27T19:00:00+03:00,2026-06,EBM0626,2239.396622382446,EPIAS_VEP:EBM0626,True,False,False,1.227747843553079,2749.414373990097
2026-06-27T17:00:00+00:00,2026-06-27T20:00:00+03:00,2026-06,EBM0626,2239.358433616742,EPIAS_VEP:EBM0626,True,False,False,1.2406347351389608,2778.2258571713046
2026-06-27T18:00:00+00:00,2026-06-27T21:00:00+03:00,2026-06,EBM0626,2239.2944677920127,EPIAS_VEP:EBM0626,True,False,False,1.25757283333586,2816.075888534518
2026-06-27T19:00:00+00:00,2026-06-27T22:00:00+03:00,2026-06,EBM0626,2239.201493916424,EPIAS_VEP:EBM0626,True,False,False,1.1834310222921858,2649.9405130637033
2026-06-27T20:00:00+00:00,2026-06-27T23:00:00+03:00,2026-06,EBM0626,2239.076101303453,EPIAS_VEP:EBM0626,True,False,False,1.1185361549496418,2504.487572991599
2026-06-27T21:00:00+00:00,2026-06-28T00:00:00+03:00,2026-06,EBM0626,2238.91470886928,EPIAS_VEP:EBM0626,True,False,False,1.1134533710112313,2492.927129997129
2026-06-27T22:00:00+00:00,2026-06-28T01:00:00+03:00,2026-06,EBM0626,2238.7135776720424,EPIAS_VEP:EBM0626,True,False,False,1.042403946957926,2333.6438694736366
2026-06-27T23:00:00+00:00,2026-06-28T02:00:00+03:00,2026-06,EBM0626,2238.468827051088,EPIAS_VEP:EBM0626,True,False,False,0.9588429728711497,2146.3401048090604
2026-06-28T00:00:00+00:00,2026-06-28T03:00:00+03:00,2026-06,EBM0626,2238.1764547400867,EPIAS_VEP:EBM0626,True,False,False,0.9405775165217112,2105.178451336799
2026-06-28T01:00:00+00:00,2026-06-28T04:00:00+03:00,2026-06,EBM0626,2237.832361342097,EPIAS_VEP:EBM0626,True,False,False,0.9534766300123668,2133.7208584250798
2026-06-28T02:00:00+00:00,2026-06-28T05:00:00+03:00,2026-06,EBM0626,2237.432379566795,EPIAS_VEP:EBM0626,True,False,False,0.910191484805231,2036.4918997092025
2026-06-28T03:00:00+00:00,2026-06-28T06:00:00+03:00,2026-06,EBM0626,2236.972308639814,EPIAS_VEP:EBM0626,True,False,False,0.8428602692590539,1885.455082385201
2026-06-28T04:00:00+00:00,2026-06-28T07:00:00+03:00,2026-06,EBM0626,2236.447954300921,EPIAS_VEP:EBM0626,True,False,False,0.46367399823688776,1036.9827648194166
2026-06-28T05:00:00+00:00,2026-06-28T08:00:00+03:00,2026-06,EBM0626,2235.8551748111154,EPIAS_VEP:EBM0626,True,False,False,0.32345250359458144,723.1929539675558
2026-06-28T06:00:00+00:00,2026-06-28T09:00:00+03:00,2026-06,EBM0626,2235.1899333880547,EPIAS_VEP:EBM0626,True,False,False,0.3115182739106486,696.3025099115044
2026-06-28T07:00:00+00:00,2026-06-28T10:00:00+03:00,2026-06,EBM0626,2234.4483574840087,EPIAS_VEP:EBM0626,True,False,False,0.2871119024206337,641.5367187778941
2026-06-28T08:00:00+00:00,2026-06-28T11:00:00+03:00,2026-06,EBM0626,2233.626805310001,EPIAS_VEP:EBM0626,True,False,False,0.2967411818046504,662.8090579182356
2026-06-28T09:00:00+00:00,2026-06-28T12:00:00+03:00,2026-06,EBM0626,2232.721939993396,EPIAS_VEP:EBM0626,True,False,False,0.2650757781362647,591.8405056056599
2026-06-28T10:00:00+00:00,2026-06-28T13:00:00+03:00,2026-06,EBM0626,2231.7308117331204,EPIAS_VEP:EBM0626,True,False,False,0.35193234238086935,785.418252136796
2026-06-28T11:00:00+00:00,2026-06-28T14:00:00+03:00,2026-06,EBM0626,2230.650948286193,EPIAS_VEP:EBM0626,True,False,False,0.363961702707625,811.8715172846212
2026-06-28T12:00:00+00:00,2026-06-28T15:00:00+03:00,2026-06,EBM0626,2229.4804540805508,EPIAS_VEP:EBM0626,True,False,False,0.34863418414683117,777.2730991796795
2026-06-28T13:00:00+00:00,2026-06-28T16:00:00+03:00,2026-06,EBM0626,2228.218118201395,EPIAS_VEP:EBM0626,True,False,False,0.4280501313552896,953.7890581843433
2026-06-28T14:00:00+00:00,2026-06-28T17:00:00+03:00,2026-06,EBM0626,2226.8635314406115,EPIAS_VEP:EBM0626,True,False,False,0.7061805904487647,1572.5678034815523
2026-06-28T15:00:00+00:00,2026-06-28T18:00:00+03:00,2026-06,EBM0626,2225.4172125303567,EPIAS_VEP:EBM0626,True,False,False,0.9965641762229525,2217.771071157694
2026-06-28T16:00:00+00:00,2026-06-28T19:00:00+03:00,2026-06,EBM0626,2223.880743601736,EPIAS_VEP:EBM0626,True,False,False,1.1973887523938491,2662.849789053988
2026-06-28T17:00:00+00:00,2026-06-28T20:00:00+03:00,2026-06,EBM0626,2222.2569148166945,EPIAS_VEP:EBM0626,True,False,False,1.2300657188331414,2733.5220493559164
2026-06-28T18:00:00+00:00,2026-06-28T21:00:00+03:00,2026-06,EBM0626,2220.549878014907,EPIAS_VEP:EBM0626,True,False,False,1.2532782499455024,2782.9668650352214
2026-06-28T19:00:00+00:00,2026-06-28T22:00:00+03:00,2026-06,EBM0626,2218.765309096817,EPIAS_VEP:EBM0626,True,False,False,1.1453377230731314,2541.235607154601
2026-06-28T20:00:00+00:00,2026-06-28T23:00:00+03:00,2026-06,EBM0626,2216.910578727159,EPIAS_VEP:EBM0626,True,False,False,1.066838520958302,2365.085602906096
2026-06-28T21:00:00+00:00,2026-06-29T00:00:00+03:00,2026-06,EBM0626,2214.99493079185,EPIAS_VEP:EBM0626,True,False,False,1.171947464037589,2595.857691997624
2026-06-28T22:00:00+00:00,2026-06-29T01:00:00+03:00,2026-06,EBM0626,2213.0296678710265,EPIAS_VEP:EBM0626,True,False,False,1.138908180635549,2520.437592727484
2026-06-28T23:00:00+00:00,2026-06-29T02:00:00+03:00,2026-06,EBM0626,2211.0283428038383,EPIAS_VEP:EBM0626,True,False,False,1.0880456292901208,2405.6997246242954
2026-06-29T00:00:00+00:00,2026-06-29T03:00:00+03:00,2026-06,EBM0626,2209.0069552147406,EPIAS_VEP:EBM0626,True,False,False,1.0841239868642067,2394.837427298167
2026-06-29T01:00:00+00:00,2026-06-29T04:00:00+03:00,2026-06,EBM0626,2206.984151646001,EPIAS_VEP:EBM0626,True,False,False,1.0895467788141964,2404.612473319882
2026-06-29T02:00:00+00:00,2026-06-29T05:00:00+03:00,2026-06,EBM0626,2204.981427696454,EPIAS_VEP:EBM0626,True,False,False,1.0263344376359784,2263.048373592617
2026-06-29T03:00:00+00:00,2026-06-29T06:00:00+03:00,2026-06,EBM0626,2203.023330301864,EPIAS_VEP:EBM0626,True,False,False,0.885645316955404,1951.097295625344
2026-06-29T04:00:00+00:00,2026-06-29T07:00:00+03:00,2026-06,EBM0626,2201.137658007318,EPIAS_VEP:EBM0626,True,False,False,0.6946430070989039,1529.004881796842
2026-06-29T05:00:00+00:00,2026-06-29T08:00:00+03:00,2026-06,EBM0626,2199.355656776964,EPIAS_VEP:EBM0626,True,False,False,1.1030054970648147,2425.9013794255875
2026-06-29T06:00:00+00:00,2026-06-29T09:00:00+03:00,2026-06,EBM0626,2197.712208561243,EPIAS_VEP:EBM0626,True,False,False,1.1000494695770664,2417.5921493108385
2026-06-29T07:00:00+00:00,2026-06-29T10:00:00+03:00,2026-06,EBM0626,2196.2460094970097,EPIAS_VEP:EBM0626,True,False,False,0.9668221512532955,2123.3792915833646
2026-06-29T08:00:00+00:00,2026-06-29T11:00:00+03:00,2026-06,EBM0626,2194.9997342523543,EPIAS_VEP:EBM0626,True,False,False,0.9699899274076508,2129.127632887254
2026-06-29T09:00:00+00:00,2026-06-29T12:00:00+03:00,2026-06,EBM0626,2194.020182646512,EPIAS_VEP:EBM0626,True,False,False,0.7320030274955043,1606.0294160834858
2026-06-29T10:00:00+00:00,2026-06-29T13:00:00+03:00,2026-06,EBM0626,2193.358404277383,EPIAS_VEP:EBM0626,True,False,False,0.8749535778806954,1919.0867833971893
2026-06-29T11:00:00+00:00,2026-06-29T14:00:00+03:00,2026-06,EBM0626,2193.0697964766982,EPIAS_VEP:EBM0626,True,False,False,1.028008452318308,2254.4942873020373
2026-06-29T12:00:00+00:00,2026-06-29T15:00:00+03:00,2026-06,EBM0626,2193.214170487852,EPIAS_VEP:EBM0626,True,False,False,1.0088579489943126,2212.641549743637
2026-06-29T13:00:00+00:00,2026-06-29T16:00:00+03:00,2026-06,EBM0626,2193.8557803266813,EPIAS_VEP:EBM0626,True,False,False,1.0808872723046126,2371.310790227014
2026-06-29T14:00:00+00:00,2026-06-29T17:00:00+03:00,2026-06,EBM0626,2195.063308344068,EPIAS_VEP:EBM0626,True,False,False,1.1306124231899628,2481.7658461022634
2026-06-29T15:00:00+00:00,2026-06-29T18:00:00+03:00,2026-06,EBM0626,2196.9098010649523,EPIAS_VEP:EBM0626,True,False,False,1.1376204947682234,2499.2496148486703
2026-06-29T16:00:00+00:00,2026-06-29T19:00:00+03:00,2026-06,EBM0626,2199.472548435531,EPIAS_VEP:EBM0626,True,False,False,1.2298262612765913,2704.9691010229653
2026-06-29T17:00:00+00:00,2026-06-29T20:00:00+03:00,2026-06,EBM0626,2202.8328991739845,EPIAS_VEP:EBM0626,True,False,False,1.2447610570581447,2742.000608098266
2026-06-29T18:00:00+00:00,2026-06-29T21:00:00+03:00,2026-06,EBM0626,2207.0760044957437,EPIAS_VEP:EBM0626,True,False,False,1.2524883418514239,2764.33696521094
2026-06-29T19:00:00+00:00,2026-06-29T22:00:00+03:00,2026-06,EBM0626,2212.290482078411,EPIAS_VEP:EBM0626,True,False,False,1.193812082401863,2641.059107287849
2026-06-29T20:00:00+00:00,2026-06-29T23:00:00+03:00,2026-06,EBM0626,2218.5679917512343,EPIAS_VEP:EBM0626,True,False,False,1.1252763965944166,2496.50219535754
2026-06-29T21:00:00+00:00,2026-06-30T00:00:00+03:00,2026-06,EBM0626,2226.0027140473435,EPIAS_VEP:EBM0626,True,False,False,1.1703091580799703,2605.1113621604754
2026-06-29T22:00:00+00:00,2026-06-30T01:00:00+03:00,2026-06,EBM0626,2234.6907224527854,EPIAS_VEP:EBM0626,True,False,False,1.1378381755771374,2542.7164146148325
2026-06-29T23:00:00+00:00,2026-06-30T02:00:00+03:00,2026-06,EBM0626,2244.729239934296,EPIAS_VEP:EBM0626,True,False,False,1.0877367524244075,2441.6744935182396
2026-06-30T00:00:00+00:00,2026-06-30T03:00:00+03:00,2026-06,EBM0626,2256.2157701384567,EPIAS_VEP:EBM0626,True,False,False,1.0838457586716403,2445.389893112635
2026-06-30T01:00:00+00:00,2026-06-30T04:00:00+03:00,2026-06,EBM0626,2269.247093539951,EPIAS_VEP:EBM0626,True,False,False,1.08816262929488,2469.3098838261976
2026-06-30T02:00:00+00:00,2026-06-30T05:00:00+03:00,2026-06,EBM0626,2283.9181187885374,EPIAS_VEP:EBM0626,True,False,False,1.025254698654168,2341.597782629336
2026-06-30T03:00:00+00:00,2026-06-30T06:00:00+03:00,2026-06,EBM0626,2300.320579576711,EPIAS_VEP:EBM0626,True,False,False,0.8852776059791928,2036.4222956723402
2026-06-30T04:00:00+00:00,2026-06-30T07:00:00+03:00,2026-06,EBM0626,2318.541567537181,EPIAS_VEP:EBM0626,True,False,False,0.6956024701528232,1612.7832415308617
2026-06-30T05:00:00+00:00,2026-06-30T08:00:00+03:00,2026-06,EBM0626,2338.661891996791,EPIAS_VEP:EBM0626,True,False,False,1.1011441547741514,2575.203872365324
2026-06-30T06:00:00+00:00,2026-06-30T09:00:00+03:00,2026-06,EBM0626,2360.754257877721,EPIAS_VEP:EBM0626,True,False,False,1.0988339997816046,2594.07704368523
2026-06-30T07:00:00+00:00,2026-06-30T10:00:00+03:00,2026-06,EBM0626,2384.8812536650457,EPIAS_VEP:EBM0626,True,False,False,0.9681471611746291,2308.9160154744045
2026-06-30T08:00:00+00:00,2026-06-30T11:00:00+03:00,2026-06,EBM0626,2411.093142170145,EPIAS_VEP:EBM0626,True,False,False,0.9710496108816276,2341.29105750368
2026-06-30T09:00:00+00:00,2026-06-30T12:00:00+03:00,2026-06,EBM0626,2439.425447831124,EPIAS_VEP:EBM0626,True,False,False,0.7355411666695997,1794.2978399012156
2026-06-30T10:00:00+00:00,2026-06-30T13:00:00+03:00,2026-06,EBM0626,2469.8963355239634,EPIAS_VEP:EBM0626,True,False,False,0.8785017188188734,2169.8081760622385
2026-06-30T11:00:00+00:00,2026-06-30T14:00:00+03:00,2026-06,EBM0626,2502.5037773319486,EPIAS_VEP:EBM0626,True,False,False,1.029063235985837,2575.2346351679953
2026-06-30T12:00:00+00:00,2026-06-30T15:00:00+03:00,2026-06,EBM0626,2537.2225054569026,EPIAS_VEP:EBM0626,True,False,False,1.010381150527379,2563.561794207504
2026-06-30T13:00:00+00:00,2026-06-30T16:00:00+03:00,2026-06,EBM0626,2574.000751475008,EPIAS_VEP:EBM0626,True,False,False,1.0808343709920407,2782.0684831535305
2026-06-30T14:00:00+00:00,2026-06-30T17:00:00+03:00,2026-06,EBM0626,2612.756774464009,EPIAS_VEP:EBM0626,True,False,False,1.1290026095909276,2949.8092165962407
2026-06-30T15:00:00+00:00,2026-06-30T18:00:00+03:00,2026-06,EBM0626,2653.375183178573,EPIAS_VEP:EBM0626,True,False,False,1.1356089278985086,3013.196547081928
2026-06-30T16:00:00+00:00,2026-06-30T19:00:00+03:00,2026-06,EBM0626,2695.7030604480883,EPIAS_VEP:EBM0626,True,False,False,1.226477861851469,3306.2201257648326
2026-06-30T17:00:00+00:00,2026-06-30T20:00:00+03:00,2026-06,EBM0626,2739.5459013355435,EPIAS_VEP:EBM0626,True,False,False,1.2409705383914758,3399.69575212853
2026-06-30T18:00:00+00:00,2026-06-30T21:00:00+03:00,2026-06,EBM0626,2784.663380350199,EPIAS_VEP:EBM0626,True,False,False,1.2487773092087708,3477.4244431659217
2026-06-30T19:00:00+00:00,2026-06-30T22:00:00+03:00,2026-06,EBM0626,2830.7649671633008,EPIAS_VEP:EBM0626,True,False,False,1.1915005139238515,3372.8579131727074
2026-06-30T20:00:00+00:00,2026-06-30T23:00:00+03:00,2026-06,EBM0626,2877.5054148604004,EPIAS_VEP:EBM0626,True,False,False,1.1235770894793415,3233.099158989894
2026-06-30T21:00:00+00:00,2026-07-01T00:00:00+03:00,2026-07,EBM0726,2924.480149782104,EPIAS_VEP:EBM0726,True,False,False,1.182221779847994,3457.384127805527
2026-06-30T22:00:00+00:00,2026-07-01T01:00:00+03:00,2026-07,EBM0726,2971.220597479622,EPIAS_VEP:EBM0726,True,False,False,1.1499308405813455,3416.6981992123497
2026-06-30T23:00:00+00:00,2026-07-01T02:00:00+03:00,2026-07,EBM0726,3017.322184293557,EPIAS_VEP:EBM0726,True,False,False,1.0999977112320727,3319.047496772671
2026-07-01T00:00:00+00:00,2026-07-01T03:00:00+03:00,2026-07,EBM0726,3062.439663309128,EPIAS_VEP:EBM0726,True,False,False,1.096062571543343,3356.625492562932
2026-07-01T01:00:00+00:00,2026-07-01T04:00:00+03:00,2026-07,EBM0726,3106.282504197493,EPIAS_VEP:EBM0726,True,False,False,1.099315776851876,3414.7853642232576
2026-07-01T02:00:00+00:00,2026-07-01T05:00:00+03:00,2026-07,EBM0726,3148.6103814678454,EPIAS_VEP:EBM0726,True,False,False,1.0360500608583874,3262.1179773391113
2026-07-01T03:00:00+00:00,2026-07-01T06:00:00+03:00,2026-07,EBM0726,3189.228790183329,EPIAS_VEP:EBM0726,True,False,False,0.8952486680336194,2855.1528264660965
2026-07-01T04:00:00+00:00,2026-07-01T07:00:00+03:00,2026-07,EBM0726,3227.9848131733047,EPIAS_VEP:EBM0726,True,False,False,0.7047641266167758,2274.9678975883003
2026-07-01T05:00:00+00:00,2026-07-01T08:00:00+03:00,2026-07,EBM0726,3264.7630591924835,EPIAS_VEP:EBM0726,True,False,False,1.1120805769292705,3630.6795864041474
2026-07-01T06:00:00+00:00,2026-07-01T09:00:00+03:00,2026-07,EBM0726,3299.4817873186253,EPIAS_VEP:EBM0726,True,False,False,1.1103280449470172,3663.5071622517794
2026-07-01T07:00:00+00:00,2026-07-01T10:00:00+03:00,2026-07,EBM0726,3332.08922912794,EPIAS_VEP:EBM0726,True,False,False,0.9806481632591407,3267.6071823598804
2026-07-01T08:00:00+00:00,2026-07-01T11:00:00+03:00,2026-07,EBM0726,3362.5601168222693,EPIAS_VEP:EBM0726,True,False,False,0.983319092218971,3306.469561605391
2026-07-01T09:00:00+00:00,2026-07-01T12:00:00+03:00,2026-07,EBM0726,3390.8924224849115,EPIAS_VEP:EBM0726,True,False,False,0.7475205608308892,2534.761805373134
2026-07-01T10:00:00+00:00,2026-07-01T13:00:00+03:00,2026-07,EBM0726,3417.1043109918496,EPIAS_VEP:EBM0726,True,False,False,0.8921622826149394,3048.6115820278383
2026-07-01T11:00:00+00:00,2026-07-01T14:00:00+03:00,2026-07,EBM0726,3441.2313067811847,EPIAS_VEP:EBM0726,True,False,False,1.0419854542777498,3585.7129664712074
2026-07-01T12:00:00+00:00,2026-07-01T15:00:00+03:00,2026-07,EBM0726,3463.323672664286,EPIAS_VEP:EBM0726,True,False,False,1.0235699093590904,3544.953897710175
2026-07-01T13:00:00+00:00,2026-07-01T16:00:00+03:00,2026-07,EBM0726,3483.4439971262104,EPIAS_VEP:EBM0726,True,False,False,1.093298576269689,3808.44436257328
2026-07-01T14:00:00+00:00,2026-07-01T17:00:00+03:00,2026-07,EBM0726,3501.664985089118,EPIAS_VEP:EBM0726,True,False,False,1.1405072937145533,3993.6744556390017
2026-07-01T15:00:00+00:00,2026-07-01T18:00:00+03:00,2026-07,EBM0726,3518.0674458798217,EPIAS_VEP:EBM0726,True,False,False,1.1468011175623027,4034.5236785945353
2026-07-01T16:00:00+00:00,2026-07-01T19:00:00+03:00,2026-07,EBM0726,3532.7384711309955,EPIAS_VEP:EBM0726,True,False,False,1.2373427487978774,4371.208330653237
2026-07-01T17:00:00+00:00,2026-07-01T20:00:00+03:00,2026-07,EBM0726,3545.769794535093,EPIAS_VEP:EBM0726,True,False,False,1.2515583651617417,4437.737847288226
2026-07-01T18:00:00+00:00,2026-07-01T21:00:00+03:00,2026-07,EBM0726,3557.256324741818,EPIAS_VEP:EBM0726,True,False,False,1.2595125973456203,4480.409152999702
2026-07-01T19:00:00+00:00,2026-07-01T22:00:00+03:00,2026-07,EBM0726,3567.294842225789,EPIAS_VEP:EBM0726,True,False,False,1.2029583065112444,4291.306962230232
2026-07-01T20:00:00+00:00,2026-07-01T23:00:00+03:00,2026-07,EBM0726,3575.982850633514,EPIAS_VEP:EBM0726,True,False,False,1.13487238392914,4058.2841825881774
2026-07-01T21:00:00+00:00,2026-07-02T00:00:00+03:00,2026-07,EBM0726,3583.417572931646,EPIAS_VEP:EBM0726,True,False,False,1.1805738979897888,4230.489252201022
2026-07-01T22:00:00+00:00,2026-07-02T01:00:00+03:00,2026-07,EBM0726,3589.695082606143,EPIAS_VEP:EBM0726,True,False,False,1.1488203879665881,4123.914897481342
2026-07-01T23:00:00+00:00,2026-07-02T02:00:00+03:00,2026-07,EBM0726,3594.9095601900326,EPIAS_VEP:EBM0726,True,False,False,1.099614639263805,3953.015179214367
2026-07-02T00:00:00+00:00,2026-07-02T03:00:00+03:00,2026-07,EBM0726,3599.152665512448,EPIAS_VEP:EBM0726,True,False,False,1.0956504673418996,3943.4133000035577
2026-07-02T01:00:00+00:00,2026-07-02T04:00:00+03:00,2026-07,EBM0726,3602.513016250872,EPIAS_VEP:EBM0726,True,False,False,1.0977958637212069,3954.8238882420164
2026-07-02T02:00:00+00:00,2026-07-02T05:00:00+03:00,2026-07,EBM0726,3605.075763620605,EPIAS_VEP:EBM0726,True,False,False,1.0349646306962108,3731.1259063274597
2026-07-02T03:00:00+00:00,2026-07-02T06:00:00+03:00,2026-07,EBM0726,3606.922256339929,EPIAS_VEP:EBM0726,True,False,False,0.8950394871823232,3228.337846620998
2026-07-02T04:00:00+00:00,2026-07-02T07:00:00+03:00,2026-07,EBM0726,3608.129784355124,EPIAS_VEP:EBM0726,True,False,False,0.7059898811666139,2547.303117690594
2026-07-02T05:00:00+00:00,2026-07-02T08:00:00+03:00,2026-07,EBM0726,3608.771394191208,EPIAS_VEP:EBM0726,True,False,False,1.1103093324464266,4006.8525576362003
2026-07-02T06:00:00+00:00,2026-07-02T09:00:00+03:00,2026-07,EBM0726,3608.915768199128,EPIAS_VEP:EBM0726,True,False,False,1.1090714515664586,4002.5454496176876
2026-07-02T07:00:00+00:00,2026-07-02T10:00:00+03:00,2026-07,EBM0726,3608.6271603947785,EPIAS_VEP:EBM0726,True,False,False,0.9818627313948548,3543.176520290876
2026-07-02T08:00:00+00:00,2026-07-02T11:00:00+03:00,2026-07,EBM0726,3607.965382021601,EPIAS_VEP:EBM0726,True,False,False,0.984272144610064,3551.2198242412696
2026-07-02T09:00:00+00:00,2026-07-02T12:00:00+03:00,2026-07,EBM0726,3606.985830411364,EPIAS_VEP:EBM0726,True,False,False,0.7508428965921493,2708.2796888729076
2026-07-02T10:00:00+00:00,2026-07-02T13:00:00+03:00,2026-07,EBM0726,3605.7395551620025,EPIAS_VEP:EBM0726,True,False,False,0.8955239658182704,3229.026186146483
2026-07-02T11:00:00+00:00,2026-07-02T14:00:00+03:00,2026-07,EBM0726,3604.273356092776,EPIAS_VEP:EBM0726,True,False,False,1.0429050110707327,3758.9147443378833
2026-07-02T12:00:00+00:00,2026-07-02T15:00:00+03:00,2026-07,EBM0726,3602.6299078717966,EPIAS_VEP:EBM0726,True,False,False,1.0249813780503323,3692.628567575776
2026-07-02T13:00:00+00:00,2026-07-02T16:00:00+03:00,2026-07,EBM0726,3600.8479066359328,EPIAS_VEP:EBM0726,True,False,False,1.0932235186114405,3936.531618477174
2026-07-02T14:00:00+00:00,2026-07-02T17:00:00+03:00,2026-07,EBM0726,3598.9622343356336,EPIAS_VEP:EBM0726,True,False,False,1.1389722595058474,4099.118147917469
2026-07-02T15:00:00+00:00,2026-07-02T18:00:00+03:00,2026-07,EBM0726,3597.0041369350515,EPIAS_VEP:EBM0726,True,False,False,1.144894467722342,4118.190136751318
2026-07-02T16:00:00+00:00,2026-07-02T19:00:00+03:00,2026-07,EBM0726,3595.0014129792708,EPIAS_VEP:EBM0726,True,False,False,1.234028585151261,4436.334507275593
2026-07-02T17:00:00+00:00,2026-07-02T20:00:00+03:00,2026-07,EBM0726,3592.9786094040496,EPIAS_VEP:EBM0726,True,False,False,1.2478017844477145,4483.325120296841
2026-07-02T18:00:00+00:00,2026-07-02T21:00:00+03:00,2026-07,EBM0726,3590.957221808216,EPIAS_VEP:EBM0726,True,False,False,1.2557894300822574,4509.486123024306
2026-07-02T19:00:00+00:00,2026-07-02T22:00:00+03:00,2026-07,EBM0726,3588.955896734022,EPIAS_VEP:EBM0726,True,False,False,1.2005912593124766,4308.869079676839
2026-07-02T20:00:00+00:00,2026-07-02T23:00:00+03:00,2026-07,EBM0726,3586.990633805906,EPIAS_VEP:EBM0726,True,False,False,1.1331350050026474,4064.5446497821044
2026-07-02T21:00:00+00:00,2026-07-03T00:00:00+03:00,2026-07,EBM0726,3585.074985863,EPIAS_VEP:EBM0726,True,False,False,1.17893312676974,4226.563662787448
2026-07-02T22:00:00+00:00,2026-07-03T01:00:00+03:00,2026-07,EBM0726,3583.2202554854216,EPIAS_VEP:EBM0726,True,False,False,1.1476974876586319,4112.452884948139
2026-07-02T23:00:00+00:00,2026-07-03T02:00:00+03:00,2026-07,EBM0726,3581.435686559072,EPIAS_VEP:EBM0726,True,False,False,1.0991966698502693,3936.702179948645
2026-07-03T00:00:00+00:00,2026-07-03T03:00:00+03:00,2026-07,EBM0726,3579.7286497486703,EPIAS_VEP:EBM0726,True,False,False,1.0951735645047747,3920.4241853051153
2026-07-03T01:00:00+00:00,2026-07-03T04:00:00+03:00,2026-07,EBM0726,3578.104820954644,EPIAS_VEP:EBM0726,True,False,False,1.096217901595903,3922.382558517084
2026-07-03T02:00:00+00:00,2026-07-03T05:00:00+03:00,2026-07,EBM0726,3576.568352016814,EPIAS_VEP:EBM0726,True,False,False,1.0338836968921277,3697.755709970528
2026-07-03T03:00:00+00:00,2026-07-03T06:00:00+03:00,2026-07,EBM0726,3575.1220330972733,EPIAS_VEP:EBM0726,True,False,False,0.8949126564311337,3199.4219557045562
2026-07-03T04:00:00+00:00,2026-07-03T07:00:00+03:00,2026-07,EBM0726,3573.7674463272783,EPIAS_VEP:EBM0726,True,False,False,0.7073425688332523,2527.877845897789
2026-07-03T05:00:00+00:00,2026-07-03T08:00:00+03:00,2026-07,EBM0726,3572.5051104391428,EPIAS_VEP:EBM0726,True,False,False,1.1085961775336868,3960.465509652395
2026-07-03T06:00:00+00:00,2026-07-03T09:00:00+03:00,2026-07,EBM0726,3571.3346162249136,EPIAS_VEP:EBM0726,True,False,False,1.107802490849681,3956.333383511649
2026-07-03T07:00:00+00:00,2026-07-03T10:00:00+03:00,2026-07,EBM0726,3570.25475276996,EPIAS_VEP:EBM0726,True,False,False,0.9830116858605643,3509.6021434720906
2026-07-03T08:00:00+00:00,2026-07-03T11:00:00+03:00,2026-07,EBM0726,3569.2636245023946,EPIAS_VEP:EBM0726,True,False,False,0.9851636303226771,3516.3087098934557
2026-07-03T09:00:00+00:00,2026-07-03T12:00:00+03:00,2026-07,EBM0726,3568.3587591794194,EPIAS_VEP:EBM0726,True,False,False,0.7540298497798313,2690.649019144603
2026-07-03T10:00:00+00:00,2026-07-03T13:00:00+03:00,2026-07,EBM0726,3567.537207000153,EPIAS_VEP:EBM0726,True,False,False,0.8987670629118834,3206.384937364391
2026-07-03T11:00:00+00:00,2026-07-03T14:00:00+03:00,2026-07,EBM0726,3566.795631092164,EPIAS_VEP:EBM0726,True,False,False,1.0437502971237058,3722.843999731982
2026-07-03T12:00:00+00:00,2026-07-03T15:00:00+03:00,2026-07,EBM0726,3566.130389666688,EPIAS_VEP:EBM0726,True,False,False,1.0263269491222864,3660.015722998882
2026-07-03T13:00:00+00:00,2026-07-03T16:00:00+03:00,2026-07,EBM0726,3565.537610175817,EPIAS_VEP:EBM0726,True,False,False,1.0931387784751878,3897.627427794933
2026-07-03T14:00:00+00:00,2026-07-03T17:00:00+03:00,2026-07,EBM0726,3565.013255837046,EPIAS_VEP:EBM0726,True,False,False,1.1374861922184822,4055.1533535904955
2026-07-03T15:00:00+00:00,2026-07-03T18:00:00+03:00,2026-07,EBM0726,3564.553184911213,EPIAS_VEP:EBM0726,True,False,False,1.1430543420806354,4074.47799559012
2026-07-03T16:00:00+00:00,2026-07-03T19:00:00+03:00,2026-07,EBM0726,3564.153203137944,EPIAS_VEP:EBM0726,True,False,False,1.230755522599727,4386.601238153531
2026-07-03T17:00:00+00:00,2026-07-03T20:00:00+03:00,2026-07,EBM0726,3563.809109742737,EPIAS_VEP:EBM0726,True,False,False,1.2440893856993012,4433.697086089415
2026-07-03T18:00:00+00:00,2026-07-03T21:00:00+03:00,2026-07,EBM0726,3563.5167374351445,EPIAS_VEP:EBM0726,True,False,False,1.2520868079135563,4461.832296721701
2026-07-03T19:00:00+00:00,2026-07-03T22:00:00+03:00,2026-07,EBM0726,3563.271986818112,EPIAS_VEP:EBM0726,True,False,False,1.1982133720566026,4269.56014288016
2026-07-03T20:00:00+00:00,2026-07-03T23:00:00+03:00,2026-07,EBM0726,3563.070855625205,EPIAS_VEP:EBM0726,True,False,False,1.1313909028204865,4031.2259521591636
2026-07-03T21:00:00+00:00,2026-07-04T00:00:00+03:00,2026-07,EBM0726,3562.9094631956755,EPIAS_VEP:EBM0726,True,False,False,1.1903603015966384,4241.145983171122
2026-07-03T22:00:00+00:00,2026-07-04T01:00:00+03:00,2026-07,EBM0726,3562.7840705875788,EPIAS_VEP:EBM0726,True,False,False,1.1550461608608553,4115.180062708393
2026-07-03T23:00:00+00:00,2026-07-04T02:00:00+03:00,2026-07,EBM0726,3562.691096717018,EPIAS_VEP:EBM0726,True,False,False,1.080148133961395,3848.2341399997626
2026-07-04T00:00:00+00:00,2026-07-04T03:00:00+03:00,2026-07,EBM0726,3562.627130897403,EPIAS_VEP:EBM0726,True,False,False,1.0581307197503202,3769.725210218487
2026-07-04T01:00:00+00:00,2026-07-04T04:00:00+03:00,2026-07,EBM0726,3562.58894213684,EPIAS_VEP:EBM0726,True,False,False,1.0550936315436126,3758.864904656276
2026-07-04T02:00:00+00:00,2026-07-04T05:00:00+03:00,2026-07,EBM0726,3562.5734855347123,EPIAS_VEP:EBM0726,True,False,False,1.023470547416803,3646.1890354528005
2026-07-04T03:00:00+00:00,2026-07-04T06:00:00+03:00,2026-07,EBM0726,3562.577906100554,EPIAS_VEP:EBM0726,True,False,False,0.8962210994455461,3192.85748786585
2026-07-04T04:00:00+00:00,2026-07-04T07:00:00+03:00,2026-07,EBM0726,3562.599540299714,EPIAS_VEP:EBM0726,True,False,False,0.6279070618569822,2236.981409922629
2026-07-04T05:00:00+00:00,2026-07-04T08:00:00+03:00,2026-07,EBM0726,3562.6359156112976,EPIAS_VEP:EBM0726,True,False,False,0.942995268158185,3359.5488105918566
2026-07-04T06:00:00+00:00,2026-07-04T09:00:00+03:00,2026-07,EBM0726,3562.684748364746,EPIAS_VEP:EBM0726,True,False,False,0.8659099116555246,3084.964035713002
2026-07-04T07:00:00+00:00,2026-07-04T10:00:00+03:00,2026-07,EBM0726,3562.7439401023103,EPIAS_VEP:EBM0726,True,False,False,0.7342877644907858,2616.0792832308193
2026-07-04T08:00:00+00:00,2026-07-04T11:00:00+03:00,2026-07,EBM0726,3562.811572695769,EPIAS_VEP:EBM0726,True,False,False,0.6970303574902964,2483.387824186697
2026-07-04T09:00:00+00:00,2026-07-04T12:00:00+03:00,2026-07,EBM0726,3562.8859024272583,EPIAS_VEP:EBM0726,True,False,False,0.5588362549561543,1991.0698145485271
2026-07-04T10:00:00+00:00,2026-07-04T13:00:00+03:00,2026-07,EBM0726,3562.9653532260104,EPIAS_VEP:EBM0726,True,False,False,0.7235100780840549,2577.841340923333
2026-07-04T11:00:00+00:00,2026-07-04T14:00:00+03:00,2026-07,EBM0726,3563.0485092353824,EPIAS_VEP:EBM0726,True,False,False,0.730239611984825,2601.879160867155
2026-07-04T12:00:00+00:00,2026-07-04T15:00:00+03:00,2026-07,EBM0726,3563.1341068677766,EPIAS_VEP:EBM0726,True,False,False,0.6492919467362002,2313.5142807303305
2026-07-04T13:00:00+00:00,2026-07-04T16:00:00+03:00,2026-07,EBM0726,3563.2210264890373,EPIAS_VEP:EBM0726,True,False,False,0.8056898369500805,2870.850967849051
2026-07-04T14:00:00+00:00,2026-07-04T17:00:00+03:00,2026-07,EBM0726,3563.308283858689,EPIAS_VEP:EBM0726,True,False,False,0.9219006135822961,3285.0160932722038
2026-07-04T15:00:00+00:00,2026-07-04T18:00:00+03:00,2026-07,EBM0726,3563.3950214379715,EPIAS_VEP:EBM0726,True,False,False,1.0913977559898582,3889.0813301028347
2026-07-04T16:00:00+00:00,2026-07-04T19:00:00+03:00,2026-07,EBM0726,3563.4804996641087,EPIAS_VEP:EBM0726,True,False,False,1.2216319113812975,4353.261493974646
2026-07-04T17:00:00+00:00,2026-07-04T20:00:00+03:00,2026-07,EBM0726,3563.5640882765465,EPIAS_VEP:EBM0726,True,False,False,1.2312425544387076,4387.611750955659
2026-07-04T18:00:00+00:00,2026-07-04T21:00:00+03:00,2026-07,EBM0726,3563.645257769132,EPIAS_VEP:EBM0726,True,False,False,1.246465084328523,4441.959386742143
2026-07-04T19:00:00+00:00,2026-07-04T22:00:00+03:00,2026-07,EBM0726,3563.7235710312493,EPIAS_VEP:EBM0726,True,False,False,1.1767696724725856,4193.681819465276
2026-07-04T20:00:00+00:00,2026-07-04T23:00:00+03:00,2026-07,EBM0726,3563.798675230873,EPIAS_VEP:EBM0726,True,False,False,1.1197212990954206,3990.461282344052
2026-07-04T21:00:00+00:00,2026-07-05T00:00:00+03:00,2026-07,EBM0726,3563.870293983241,EPIAS_VEP:EBM0726,True,False,False,1.1233047300257446,4003.3123584296154
2026-07-04T22:00:00+00:00,2026-07-05T01:00:00+03:00,2026-07,EBM0726,3563.9382198404355,EPIAS_VEP:EBM0726,True,False,False,1.055277930135422,3760.9453477637353
2026-07-04T23:00:00+00:00,2026-07-05T02:00:00+03:00,2026-07,EBM0726,3564.002307129509,EPIAS_VEP:EBM0726,True,False,False,0.9748864392594517,3474.497518709958
2026-07-05T00:00:00+00:00,2026-07-05T03:00:00+03:00,2026-07,EBM0726,3564.0624651599,EPIAS_VEP:EBM0726,True,False,False,0.9583712664470614,3415.695058431729
2026-07-05T01:00:00+00:00,2026-07-05T04:00:00+03:00,2026-07,EBM0726,3564.118651814696,EPIAS_VEP:EBM0726,True,False,False,0.9666574085038272,3445.2816995633484
2026-07-05T02:00:00+00:00,2026-07-05T05:00:00+03:00,2026-07,EBM0726,3564.170867534834,EPIAS_VEP:EBM0726,True,False,False,0.9239415058084335,3293.0853983086854
2026-07-05T03:00:00+00:00,2026-07-05T06:00:00+03:00,2026-07,EBM0726,3564.21914970044,EPIAS_VEP:EBM0726,True,False,False,0.8648772264254624,3082.6119725654366
2026-07-05T04:00:00+00:00,2026-07-05T07:00:00+03:00,2026-07,EBM0726,3564.2635674092508,EPIAS_VEP:EBM0726,True,False,False,0.5202953219945535,1854.4696604786523
2026-07-05T05:00:00+00:00,2026-07-05T08:00:00+03:00,2026-07,EBM0726,3564.3042166484006,EPIAS_VEP:EBM0726,True,False,False,0.364254721175139,1298.3146386186354
2026-07-05T06:00:00+00:00,2026-07-05T09:00:00+03:00,2026-07,EBM0726,3564.341215852648,EPIAS_VEP:EBM0726,True,False,False,0.3535361844367905,1260.123593483336
2026-07-05T07:00:00+00:00,2026-07-05T10:00:00+03:00,2026-07,EBM0726,3564.374701839454,EPIAS_VEP:EBM0726,True,False,False,0.3251499144841275,1158.9561294924858
2026-07-05T08:00:00+00:00,2026-07-05T11:00:00+03:00,2026-07,EBM0726,3564.4048261090597,EPIAS_VEP:EBM0726,True,False,False,0.3327066304735557,1185.9011193384256
2026-07-05T09:00:00+00:00,2026-07-05T12:00:00+03:00,2026-07,EBM0726,3564.431751495889,EPIAS_VEP:EBM0726,True,False,False,0.2989233171548089,1065.4917629290767
2026-07-05T10:00:00+00:00,2026-07-05T13:00:00+03:00,2026-07,EBM0726,3564.4556491561234,EPIAS_VEP:EBM0726,True,False,False,0.3987687643569165,1421.3935748190179
2026-07-05T11:00:00+00:00,2026-07-05T14:00:00+03:00,2026-07,EBM0726,3564.47669587516,EPIAS_VEP:EBM0726,True,False,False,0.40832082228583033,1455.450055478425
2026-07-05T12:00:00+00:00,2026-07-05T15:00:00+03:00,2026-07,EBM0726,3564.4950716778453,EPIAS_VEP:EBM0726,True,False,False,0.38592135779591924,1375.6147779187766
2026-07-05T13:00:00+00:00,2026-07-05T16:00:00+03:00,2026-07,EBM0726,3564.510957723807,EPIAS_VEP:EBM0726,True,False,False,0.48004213724610567,1711.1154583828995
2026-07-05T14:00:00+00:00,2026-07-05T17:00:00+03:00,2026-07,EBM0726,3564.5245344698724,EPIAS_VEP:EBM0726,True,False,False,0.7438565719112465,2651.495000704291
2026-07-05T15:00:00+00:00,2026-07-05T18:00:00+03:00,2026-07,EBM0726,3564.5359800814617,EPIAS_VEP:EBM0726,True,False,False,1.008421503105479,3594.5547309073095
2026-07-05T16:00:00+00:00,2026-07-05T19:00:00+03:00,2026-07,EBM0726,3564.545469074916,EPIAS_VEP:EBM0726,True,False,False,1.1922502970898268,4249.830394494765
2026-07-05T17:00:00+00:00,2026-07-05T20:00:00+03:00,2026-07,EBM0726,3564.5531711729363,EPIAS_VEP:EBM0726,True,False,False,1.2213287096514092,4353.491125032481
2026-07-05T18:00:00+00:00,2026-07-05T21:00:00+03:00,2026-07,EBM0726,3564.559250355685,EPIAS_VEP:EBM0726,True,False,False,1.243487046329402,4432.483253690939
2026-07-05T19:00:00+00:00,2026-07-05T22:00:00+03:00,2026-07,EBM0726,3564.563864090572,EPIAS_VEP:EBM0726,True,False,False,1.153913888073705,4113.199747699782
2026-07-05T20:00:00+00:00,2026-07-05T23:00:00+03:00,2026-07,EBM0726,3564.567162724336,EPIAS_VEP:EBM0726,True,False,False,1.0838649925361155,3863.5095612206946
2026-07-05T21:00:00+00:00,2026-07-06T00:00:00+03:00,2026-07,EBM0726,3564.5692890216765,EPIAS_VEP:EBM0726,True,False,False,1.174068802372763,4185.049596136411
2026-07-05T22:00:00+00:00,2026-07-06T01:00:00+03:00,2026-07,EBM0726,3564.570377835385,EPIAS_VEP:EBM0726,True,False,False,1.144264255667845,4078.810470169456
2026-07-05T23:00:00+00:00,2026-07-06T02:00:00+03:00,2026-07,EBM0726,3564.570555893718,EPIAS_VEP:EBM0726,True,False,False,1.097736167411428,3912.9580204943936
2026-07-06T00:00:00+00:00,2026-07-06T03:00:00+03:00,2026-07,EBM0726,3564.569941691514,EPIAS_VEP:EBM0726,True,False,False,1.0933582311987535,3897.3518864320777
2026-07-06T01:00:00+00:00,2026-07-06T04:00:00+03:00,2026-07,EBM0726,3564.5686454723937,EPIAS_VEP:EBM0726,True,False,False,1.09114826702448,3889.472900197001
2026-07-06T02:00:00+00:00,2026-07-06T05:00:00+03:00,2026-07,EBM0726,3564.566769290172,EPIAS_VEP:EBM0726,True,False,False,1.0306744550270552,3673.907912345699
2026-07-06T03:00:00+00:00,2026-07-06T06:00:00+03:00,2026-07,EBM0726,3564.564407138484,EPIAS_VEP:EBM0726,True,False,False,0.8950309627474166,3190.3955130963313
2026-07-06T04:00:00+00:00,2026-07-06T07:00:00+03:00,2026-07,EBM0726,3564.561645138402,EPIAS_VEP:EBM0726,True,False,False,0.7121559276534625,2538.523705071491
2026-07-06T05:00:00+00:00,2026-07-06T08:00:00+03:00,2026-07,EBM0726,3564.5585617746524,EPIAS_VEP:EBM0726,True,False,False,1.103819096369464,3934.627810614133
2026-07-06T06:00:00+00:00,2026-07-06T09:00:00+03:00,2026-07,EBM0726,3564.555228171813,EPIAS_VEP:EBM0726,True,False,False,1.103929517724321,3935.017733937416
2026-07-06T07:00:00+00:00,2026-07-06T10:00:00+03:00,2026-07,EBM0726,3564.551708402651,EPIAS_VEP:EBM0726,True,False,False,0.9860485993627205,3514.8212194264265
2026-07-06T08:00:00+00:00,2026-07-06T11:00:00+03:00,2026-07,EBM0726,3564.5480598214863,EPIAS_VEP:EBM0726,True,False,False,0.987456145117682,3519.834886238037
2026-07-06T09:00:00+00:00,2026-07-06T12:00:00+03:00,2026-07,EBM0726,3564.54433341616,EPIAS_VEP:EBM0726,True,False,False,0.7627351978594499,2718.8034274269557
2026-07-06T10:00:00+00:00,2026-07-06T13:00:00+03:00,2026-07,EBM0726,3564.5405741728987,EPIAS_VEP:EBM0726,True,False,False,0.9077555662920449,3235.7315474792904
2026-07-06T11:00:00+00:00,2026-07-06T14:00:00+03:00,2026-07,EBM0726,3564.5368214489567,EPIAS_VEP:EBM0726,True,False,False,1.0458384377030256,3727.9296204790858
2026-07-06T12:00:00+00:00,2026-07-06T15:00:00+03:00,2026-07,EBM0726,3564.5331093485333,EPIAS_VEP:EBM0726,True,False,False,1.029961835103993,3671.3330625935573
2026-07-06T13:00:00+00:00,2026-07-06T16:00:00+03:00,2026-07,EBM0726,3564.529467098051,EPIAS_VEP:EBM0726,True,False,False,1.0928340704585062,3895.4392467980533
2026-07-06T14:00:00+00:00,2026-07-06T17:00:00+03:00,2026-07,EBM0726,3564.5259194173645,EPIAS_VEP:EBM0726,True,False,False,1.1333357267060593,4039.804573245463
2026-07-06T15:00:00+00:00,2026-07-06T18:00:00+03:00,2026-07,EBM0726,3564.522486883984,EPIAS_VEP:EBM0726,True,False,False,1.1379476994519802,4056.2401635944807
2026-07-06T16:00:00+00:00,2026-07-06T19:00:00+03:00,2026-07,EBM0726,3564.5191862878423,EPIAS_VEP:EBM0726,True,False,False,1.2212122092708513,4353.034350474913
2026-07-06T17:00:00+00:00,2026-07-06T20:00:00+03:00,2026-07,EBM0726,3564.5160309745547,EPIAS_VEP:EBM0726,True,False,False,1.233250781714051,4395.942181631636
2026-07-06T18:00:00+00:00,2026-07-06T21:00:00+03:00,2026-07,EBM0726,3564.513031175472,EPIAS_VEP:EBM0726,True,False,False,1.2411353071592386,4424.042975821078
2026-07-06T19:00:00+00:00,2026-07-06T22:00:00+03:00,2026-07,EBM0726,3564.510194323216,EPIAS_VEP:EBM0726,True,False,False,1.1910376597905954,4245.465880146444
2026-07-06T20:00:00+00:00,2026-07-06T23:00:00+03:00,2026-07,EBM0726,3564.5075253516584,EPIAS_VEP:EBM0726,True,False,False,1.1261342975276296,4014.114178093839
2026-07-06T21:00:00+00:00,2026-07-07T00:00:00+03:00,2026-07,EBM0726,3564.505026979604,EPIAS_VEP:EBM0726,True,False,False,1.1724715954864515,4179.280896102253
2026-07-06T22:00:00+00:00,2026-07-07T01:00:00+03:00,2026-07,EBM0726,3564.5026999776896,EPIAS_VEP:EBM0726,True,False,False,1.1431016174870614,4074.5888018814944
2026-07-06T23:00:00+00:00,2026-07-07T02:00:00+03:00,2026-07,EBM0726,3564.500543418224,EPIAS_VEP:EBM0726,True,False,False,1.09718141233189,3910.903740485396
2026-07-07T00:00:00+00:00,2026-07-07T03:00:00+03:00,2026-07,EBM0726,3564.4985549078838,EPIAS_VEP:EBM0726,True,False,False,1.092626475897738,3894.6654943915805
2026-07-07T01:00:00+00:00,2026-07-07T04:00:00+03:00,2026-07,EBM0726,3564.49673080337,EPIAS_VEP:EBM0726,True,False,False,1.0893507739392565,3882.987272404601
2026-07-07T02:00:00+00:00,2026-07-07T05:00:00+03:00,2026-07,EBM0726,3564.495066410263,EPIAS_VEP:EBM0726,True,False,False,1.0296179073557847,3670.067951057354
2026-07-07T03:00:00+00:00,2026-07-07T06:00:00+03:00,2026-07,EBM0726,3564.4935561654265,EPIAS_VEP:EBM0726,True,False,False,0.8952377718834267,3191.0692691143686
2026-07-07T04:00:00+00:00,2026-07-07T07:00:00+03:00,2026-07,EBM0726,3564.49219380345,EPIAS_VEP:EBM0726,True,False,False,0.7140095143607668,2545.0813402403455
2026-07-07T05:00:00+00:00,2026-07-07T08:00:00+03:00,2026-07,EBM0726,3564.490972507673,EPIAS_VEP:EBM0726,True,False,False,1.1023518145949252,3929.323091651063
2026-07-07T06:00:00+00:00,2026-07-07T09:00:00+03:00,2026-07,EBM0726,3564.4898850464238,EPIAS_VEP:EBM0726,True,False,False,1.102619316768741,3930.275401678976
2026-07-07T07:00:00+00:00,2026-07-07T10:00:00+03:00,2026-07,EBM0726,3564.488923895145,EPIAS_VEP:EBM0726,True,False,False,0.9869193442661086,3517.8630714144037
2026-07-07T08:00:00+00:00,2026-07-07T11:00:00+03:00,2026-07,EBM0726,3564.488081345148,EPIAS_VEP:EBM0726,True,False,False,0.9880892492093731,3522.0323521120863
2026-07-07T09:00:00+00:00,2026-07-07T12:00:00+03:00,2026-07,EBM0726,3564.487349599716,EPIAS_VEP:EBM0726,True,False,False,0.7653383426529052,2728.0388405498934
2026-07-07T10:00:00+00:00,2026-07-07T13:00:00+03:00,2026-07,EBM0726,3564.486720858363,EPIAS_VEP:EBM0726,True,False,False,0.9104958049701605,3245.450206213383
2026-07-07T11:00:00+00:00,2026-07-07T14:00:00+03:00,2026-07,EBM0726,3564.486187390013,EPIAS_VEP:EBM0726,True,False,False,1.0463849659002686,3729.8247576440776
2026-07-07T12:00:00+00:00,2026-07-07T15:00:00+03:00,2026-07,EBM0726,3564.485741595869,EPIAS_VEP:EBM0726,True,False,False,1.0310378085212983,3675.11956752042
2026-07-07T13:00:00+00:00,2026-07-07T16:00:00+03:00,2026-07,EBM0726,3564.485376062763,EPIAS_VEP:EBM0726,True,False,False,1.0927182931824226,3894.9783762050083
2026-07-07T14:00:00+00:00,2026-07-07T17:00:00+03:00,2026-07,EBM0726,3564.4850836077308,EPIAS_VEP:EBM0726,True,False,False,1.1320591642453306,4035.208004713915
2026-07-07T15:00:00+00:00,2026-07-07T18:00:00+03:00,2026-07,EBM0726,3564.4848573145723,EPIAS_VEP:EBM0726,True,False,False,1.1363878498812416,4050.637282937951
2026-07-07T16:00:00+00:00,2026-07-07T19:00:00+03:00,2026-07,EBM0726,3564.484690563094,EPIAS_VEP:EBM0726,True,False,False,1.218132454236463,4342.014484203922
2026-07-07T17:00:00+00:00,2026-07-07T20:00:00+03:00,2026-07,EBM0726,3564.484577051736,EPIAS_VEP:EBM0726,True,False,False,1.2297481838649647,4383.418435044049
2026-07-07T18:00:00+00:00,2026-07-07T21:00:00+03:00,2026-07,EBM0726,3564.484510814248,EPIAS_VEP:EBM0726,True,False,False,1.237547677450422,4411.219527666176
2026-07-07T19:00:00+00:00,2026-07-07T22:00:00+03:00,2026-07,EBM0726,3564.4844862310383,EPIAS_VEP:EBM0726,True,False,False,1.1886392842279692,4236.886288355362
2026-07-07T20:00:00+00:00,2026-07-07T23:00:00+03:00,2026-07,EBM0726,3564.484498035802,EPIAS_VEP:EBM0726,True,False,False,1.1243792239965646,4007.832313849279
2026-07-07T21:00:00+00:00,2026-07-08T00:00:00+03:00,2026-07,EBM0726,3564.484541317977,EPIAS_VEP:EBM0726,True,False,False,1.1708888508438382,4173.615208434431
2026-07-07T22:00:00+00:00,2026-07-08T01:00:00+03:00,2026-07,EBM0726,3564.484611521561,EPIAS_VEP:EBM0726,True,False,False,1.1419314521738146,4070.3970886860316
2026-07-07T23:00:00+00:00,2026-07-08T02:00:00+03:00,2026-07,EBM0726,3564.484704440789,EPIAS_VEP:EBM0726,True,False,False,1.0965931746369306,3908.789597987506
2026-07-08T00:00:00+00:00,2026-07-08T03:00:00+03:00,2026-07,EBM0726,3564.484816213109,EPIAS_VEP:EBM0726,True,False,False,1.0918322663718854,3891.819535334132
2026-07-08T01:00:00+00:00,2026-07-08T04:00:00+03:00,2026-07,EBM0726,3564.4849433098907,EPIAS_VEP:EBM0726,True,False,False,1.0875016790047969,3876.3833606368244
2026-07-08T02:00:00+00:00,2026-07-08T05:00:00+03:00,2026-07,EBM0726,3564.485082525249,EPIAS_VEP:EBM0726,True,False,False,1.0285688738786944,3666.3184072904005
2026-07-08T03:00:00+00:00,2026-07-08T06:00:00+03:00,2026-07,EBM0726,3564.4852309633347,EPIAS_VEP:EBM0726,True,False,False,0.8955285906116557,3192.0984351406573
2026-07-08T04:00:00+00:00,2026-07-08T07:00:00+03:00,2026-07,EBM0726,3564.485386024413,EPIAS_VEP:EBM0726,True,False,False,0.7159860890467339,2552.121951003857
2026-07-08T05:00:00+00:00,2026-07-08T08:00:00+03:00,2026-07,EBM0726,3564.485545390019,EPIAS_VEP:EBM0726,True,False,False,1.1009490438205531,3924.3169529093243
2026-07-08T06:00:00+00:00,2026-07-08T09:00:00+03:00,2026-07,EBM0726,3564.485707007452,EPIAS_VEP:EBM0726,True,False,False,1.1013009762948855,3925.5715891164723
2026-07-08T07:00:00+00:00,2026-07-08T10:00:00+03:00,2026-07,EBM0726,3564.4858690738374,EPIAS_VEP:EBM0726,True,False,False,0.987717117437065,3520.703707746762
2026-07-08T08:00:00+00:00,2026-07-08T11:00:00+03:00,2026-07,EBM0726,3564.4860300199693,EPIAS_VEP:EBM0726,True,False,False,0.988655161428097,3524.0475114175892
2026-07-08T09:00:00+00:00,2026-07-08T12:00:00+03:00,2026-07,EBM0726,3564.4861884941,EPIAS_VEP:EBM0726,True,False,False,0.767785921129063,2736.7623115847655
2026-07-08T10:00:00+00:00,2026-07-08T13:00:00+03:00,2026-07,EBM0726,3564.4863433458463,EPIAS_VEP:EBM0726,True,False,False,0.9131039681241545,3254.7466244334496
2026-07-08T11:00:00+00:00,2026-07-08T14:00:00+03:00,2026-07,EBM0726,3564.486493610344,EPIAS_VEP:EBM0726,True,False,False,1.0468568037343977,3731.5069376553556
2026-07-08T12:00:00+00:00,2026-07-08T15:00:00+03:00,2026-07,EBM0726,3564.4866384927577,EPIAS_VEP:EBM0726,True,False,False,1.0320453162470604,3678.7117400816796
2026-07-08T13:00:00+00:00,2026-07-08T16:00:00+03:00,2026-07,EBM0726,3564.486777353261,EPIAS_VEP:EBM0726,True,False,False,1.0925967613789325,3894.5467089142007
2026-07-08T14:00:00+00:00,2026-07-08T17:00:00+03:00,2026-07,EBM0726,3564.486909692545,EPIAS_VEP:EBM0726,True,False,False,1.1308380845388009,4030.857549320347
2026-07-08T15:00:00+00:00,2026-07-08T18:00:00+03:00,2026-07,EBM0726,3564.4870351379323,EPIAS_VEP:EBM0726,True,False,False,1.1349011994874443,4045.3406117354834
2026-07-08T16:00:00+00:00,2026-07-08T19:00:00+03:00,2026-07,EBM0726,3564.4871534301437,EPIAS_VEP:EBM0726,True,False,False,1.215107876557526,4331.236416021083
2026-07-08T17:00:00+00:00,2026-07-08T20:00:00+03:00,2026-07,EBM0726,3564.487264410749,EPIAS_VEP:EBM0726,True,False,False,1.2263058648159129,4371.151637408531
2026-07-08T18:00:00+00:00,2026-07-08T21:00:00+03:00,2026-07,EBM0726,3564.4873680103447,EPIAS_VEP:EBM0726,True,False,False,1.2339967035515182,4398.565661975793
2026-07-08T19:00:00+00:00,2026-07-08T22:00:00+03:00,2026-07,EBM0726,3564.4874642374493,EPIAS_VEP:EBM0726,True,False,False,1.1862413778570573,4228.34252093124
2026-07-08T20:00:00+00:00,2026-07-08T23:00:00+03:00,2026-07,EBM0726,3564.4875531681487,EPIAS_VEP:EBM0726,True,False,False,1.1226252629594875,4001.583776691213
2026-07-08T21:00:00+00:00,2026-07-09T00:00:00+03:00,2026-07,EBM0726,3564.4876349364717,EPIAS_VEP:EBM0726,True,False,False,1.169321907729204,4168.033481361074
2026-07-08T22:00:00+00:00,2026-07-09T01:00:00+03:00,2026-07,EBM0726,3564.487709725497,EPIAS_VEP:EBM0726,True,False,False,1.1407546767094303,4066.206024942647
2026-07-08T23:00:00+00:00,2026-07-09T02:00:00+03:00,2026-07,EBM0726,3564.4877777591782,EPIAS_VEP:EBM0726,True,False,False,1.0959717441099608,3906.5778866493647
2026-07-09T00:00:00+00:00,2026-07-09T03:00:00+03:00,2026-07,EBM0726,3564.4878392948617,EPIAS_VEP:EBM0726,True,False,False,1.0909761737580836,3888.771304321127
2026-07-09T01:00:00+00:00,2026-07-09T04:00:00+03:00,2026-07,EBM0726,3564.4878946164827,EPIAS_VEP:EBM0726,True,False,False,1.0856023357831395,3869.6163842663786
2026-07-09T02:00:00+00:00,2026-07-09T05:00:00+03:00,2026-07,EBM0726,3564.487944028413,EPIAS_VEP:EBM0726,True,False,False,1.0275278469848115,3662.6106227308323
2026-07-09T03:00:00+00:00,2026-07-09T06:00:00+03:00,2026-07,EBM0726,3564.4879878499323,EPIAS_VEP:EBM0726,True,False,False,0.8959034732115959,3193.4371685357673
2026-07-09T04:00:00+00:00,2026-07-09T07:00:00+03:00,2026-07,EBM0726,3564.488026410283,EPIAS_VEP:EBM0726,True,False,False,0.7180845480638668,2559.6037735238924
2026-07-09T05:00:00+00:00,2026-07-09T08:00:00+03:00,2026-07,EBM0726,3564.488060044293,EPIAS_VEP:EBM0726,True,False,False,1.0996118622506956,3919.5533536756743
2026-07-09T06:00:00+00:00,2026-07-09T09:00:00+03:00,2026-07,EBM0726,3564.4880890885142,EPIAS_VEP:EBM0726,True,False,False,1.0999754069442693,3920.849236343139
2026-07-09T07:00:00+00:00,2026-07-09T10:00:00+03:00,2026-07,EBM0726,3564.488113877861,EPIAS_VEP:EBM0726,True,False,False,0.9884407649103771,3523.2853577953806
2026-07-09T08:00:00+00:00,2026-07-09T11:00:00+03:00,2026-07,EBM0726,3564.4881347427063,EPIAS_VEP:EBM0726,True,False,False,0.9891530206866174,3525.824205682354
2026-07-09T09:00:00+00:00,2026-07-09T12:00:00+03:00,2026-07,EBM0726,3564.488152006401,EPIAS_VEP:EBM0726,True,False,False,0.7700744864280785,2744.9213830353
2026-07-09T10:00:00+00:00,2026-07-09T13:00:00+03:00,2026-07,EBM0726,3564.488165983191,EPIAS_VEP:EBM0726,True,False,False,0.9155778282048401,3263.5663336727434
2026-07-09T11:00:00+00:00,2026-07-09T14:00:00+03:00,2026-07,EBM0726,3564.4881769764884,EPIAS_VEP:EBM0726,True,False,False,1.0472541172839656,3732.924919348644
2026-07-09T12:00:00+00:00,2026-07-09T15:00:00+03:00,2026-07,EBM0726,3564.4881852774743,EPIAS_VEP:EBM0726,True,False,False,1.0329841068569738,3682.0596444710873
2026-07-09T13:00:00+00:00,2026-07-09T16:00:00+03:00,2026-07,EBM0726,3564.488191163998,EPIAS_VEP:EBM0726,True,False,False,1.0924703055718161,3894.0975034080634
2026-07-09T14:00:00+00:00,2026-07-09T17:00:00+03:00,2026-07,EBM0726,3564.4881948997504,EPIAS_VEP:EBM0726,True,False,False,1.1296736042554363,4026.708226458355
2026-07-09T15:00:00+00:00,2026-07-09T18:00:00+03:00,2026-07,EBM0726,3564.488196733671,EPIAS_VEP:EBM0726,True,False,False,1.1334888299165347,4040.3075553669473
2026-07-09T16:00:00+00:00,2026-07-09T19:00:00+03:00,2026-07,EBM0726,3564.488196899578,EPIAS_VEP:EBM0726,True,False,False,1.2121410558815882,4320.662486667313
2026-07-09T17:00:00+00:00,2026-07-09T20:00:00+03:00,2026-07,EBM0726,3564.4881956159825,EPIAS_VEP:EBM0726,True,False,False,1.2229267681889426,4359.108029312289
2026-07-09T18:00:00+00:00,2026-07-09T21:00:00+03:00,2026-07,EBM0726,3564.4881930860724,EPIAS_VEP:EBM0726,True,False,False,1.23048541841133,4386.050745691762
2026-07-09T19:00:00+00:00,2026-07-09T22:00:00+03:00,2026-07,EBM0726,3564.4881894978407,EPIAS_VEP:EBM0726,True,False,False,1.1838461178262492,4219.805505174534
2026-07-09T20:00:00+00:00,2026-07-09T23:00:00+03:00,2026-07,EBM0726,3564.4881850243387,EPIAS_VEP:EBM0726,True,False,False,1.1208739006505188,3995.341775770919
2026-07-09T21:00:00+00:00,2026-07-10T00:00:00+03:00,2026-07,EBM0726,3564.4881798240363,EPIAS_VEP:EBM0726,True,False,False,1.1677720582743474,4162.509698447697
2026-07-09T22:00:00+00:00,2026-07-10T01:00:00+03:00,2026-07,EBM0726,3564.4881740412684,EPIAS_VEP:EBM0726,True,False,False,1.1395721834025685,4061.991571204843
2026-07-09T23:00:00+00:00,2026-07-10T02:00:00+03:00,2026-07,EBM0726,3564.4881678067545,EPIAS_VEP:EBM0726,True,False,False,1.095317412266951,3904.245956018259
2026-07-10T00:00:00+00:00,2026-07-10T03:00:00+03:00,2026-07,EBM0726,3564.4881612381782,EPIAS_VEP:EBM0726,True,False,False,1.0900588020206072,3885.5016948559255
2026-07-10T01:00:00+00:00,2026-07-10T04:00:00+03:00,2026-07,EBM0726,3564.4881544408117,EPIAS_VEP:EBM0726,True,False,False,1.0836541160800153,3862.672260278243
2026-07-10T02:00:00+00:00,2026-07-10T05:00:00+03:00,2026-07,EBM0726,3564.488147508169,EPIAS_VEP:EBM0726,True,False,False,1.0264952810380075,3658.9302627330444
2026-07-10T03:00:00+00:00,2026-07-10T06:00:00+03:00,2026-07,EBM0726,3564.48814052269,EPIAS_VEP:EBM0726,True,False,False,0.8963623807461251,3195.073075780247
2026-07-10T04:00:00+00:00,2026-07-10T07:00:00+03:00,2026-07,EBM0726,3564.488133556431,EPIAS_VEP:EBM0726,True,False,False,0.7203036848267639,2567.513937121971
2026-07-10T05:00:00+00:00,2026-07-10T08:00:00+03:00,2026-07,EBM0726,3564.4881266717607,EPIAS_VEP:EBM0726,True,False,False,1.0983412766318514,3915.024439587738
2026-07-10T06:00:00+00:00,2026-07-10T09:00:00+03:00,2026-07,EBM0726,3564.488119922061,EPIAS_VEP:EBM0726,True,False,False,1.0986435390504687,3916.1018429745245
2026-07-10T07:00:00+00:00,2026-07-10T10:00:00+03:00,2026-07,EBM0726,3564.4881133524104,EPIAS_VEP:EBM0726,True,False,False,0.9890892422457992,3525.596847029894
2026-07-10T08:00:00+00:00,2026-07-10T11:00:00+03:00,2026-07,EBM0726,3564.4881070002616,EPIAS_VEP:EBM0726,True,False,False,0.9895820566443086,3527.3534718094975
2026-07-10T09:00:00+00:00,2026-07-10T12:00:00+03:00,2026-07,EBM0726,3564.488100896101,EPIAS_VEP:EBM0726,True,False,False,0.7722007987840982,2752.5005587683822
2026-07-10T10:00:00+00:00,2026-07-10T13:00:00+03:00,2026-07,EBM0726,3564.4880950640827,EPIAS_VEP:EBM0726,True,False,False,0.9179153204408189,3271.8982319882316
2026-07-10T11:00:00+00:00,2026-07-10T14:00:00+03:00,2026-07,EBM0726,3564.488089522635,EPIAS_VEP:EBM0726,True,False,False,1.0475771552290807,3734.0762926700627
2026-07-10T12:00:00+00:00,2026-07-10T15:00:00+03:00,2026-07,EBM0726,3564.4880842850484,EPIAS_VEP:EBM0726,True,False,False,1.0338540166145849,3685.1603231129243
2026-07-10T13:00:00+00:00,2026-07-10T16:00:00+03:00,2026-07,EBM0726,3564.4880793600278,EPIAS_VEP:EBM0726,True,False,False,1.0923397685386689,3893.632083566977
2026-07-10T14:00:00+00:00,2026-07-10T17:00:00+03:00,2026-07,EBM0726,3564.4880747522184,EPIAS_VEP:EBM0726,True,False,False,1.12856677486798,4022.762810578486
2026-07-10T15:00:00+00:00,2026-07-10T18:00:00+03:00,2026-07,EBM0726,3564.488070462704,EPIAS_VEP:EBM0726,True,False,False,1.1321517356098842,4035.541355535078
2026-07-10T16:00:00+00:00,2026-07-10T19:00:00+03:00,2026-07,EBM0726,3564.488066489455,EPIAS_VEP:EBM0726,True,False,False,1.2092344866529359,4310.301897261892
2026-07-10T17:00:00+00:00,2026-07-10T20:00:00+03:00,2026-07,EBM0726,3564.488062827764,EPIAS_VEP:EBM0726,True,False,False,1.2196137380643302,4347.298610591052
2026-07-10T18:00:00+00:00,2026-07-10T21:00:00+03:00,2026-07,EBM0726,3564.48805947064,EPIAS_VEP:EBM0726,True,False,False,1.2270167841477215,4373.686675864617
2026-07-10T19:00:00+00:00,2026-07-10T22:00:00+03:00,2026-07,EBM0726,3564.488056409181,EPIAS_VEP:EBM0726,True,False,False,1.1814556473894922,4211.284544297021
2026-07-10T20:00:00+00:00,2026-07-10T23:00:00+03:00,2026-07,EBM0726,3564.4880536329,EPIAS_VEP:EBM0726,True,False,False,1.1191265925373388,3989.1133696022384
2026-07-10T21:00:00+00:00,2026-07-11T00:00:00+03:00,2026-07,EBM0726,3564.488051130038,EPIAS_VEP:EBM0726,True,False,False,1.1784748500580713,4200.6595215892585
2026-07-10T22:00:00+00:00,2026-07-11T01:00:00+03:00,2026-07,EBM0726,3564.488048887842,EPIAS_VEP:EBM0726,True,False,False,1.146513496829098,4086.7336573359285
2026-07-10T23:00:00+00:00,2026-07-11T02:00:00+03:00,2026-07,EBM0726,3564.488046892813,EPIAS_VEP:EBM0726,True,False,False,1.0782660414332927,3843.466416059403
2026-07-11T00:00:00+00:00,2026-07-11T03:00:00+03:00,2026-07,EBM0726,3564.488045130932,EPIAS_VEP:EBM0726,True,False,False,1.0632961340198628,3790.106358147738
2026-07-11T01:00:00+00:00,2026-07-11T04:00:00+03:00,2026-07,EBM0726,3564.488043587856,EPIAS_VEP:EBM0726,True,False,False,1.0517489260995312,3748.9464719381463
2026-07-11T02:00:00+00:00,2026-07-11T05:00:00+03:00,2026-07,EBM0726,3564.4880422490937,EPIAS_VEP:EBM0726,True,False,False,1.0223003446977514,3643.9773542622615
2026-07-11T03:00:00+00:00,2026-07-11T06:00:00+03:00,2026-07,EBM0726,3564.488041100164,EPIAS_VEP:EBM0726,True,False,False,0.9120324655506713,3250.9288165504654
2026-07-11T04:00:00+00:00,2026-07-11T07:00:00+03:00,2026-07,EBM0726,3564.488040126725,EPIAS_VEP:EBM0726,True,False,False,0.6688083577751134,2383.9593924261876
2026-07-11T05:00:00+00:00,2026-07-11T08:00:00+03:00,2026-07,EBM0726,3564.4880393146927,EPIAS_VEP:EBM0726,True,False,False,0.9529841180714701,3396.900490522616
2026-07-11T06:00:00+00:00,2026-07-11T09:00:00+03:00,2026-07,EBM0726,3564.488038650336,EPIAS_VEP:EBM0726,True,False,False,0.8776974412099242,3128.542030746781
2026-07-11T07:00:00+00:00,2026-07-11T10:00:00+03:00,2026-07,EBM0726,3564.4880381203584,EPIAS_VEP:EBM0726,True,False,False,0.7490355931574408,2669.928411936085
2026-07-11T08:00:00+00:00,2026-07-11T11:00:00+03:00,2026-07,EBM0726,3564.488037711966,EPIAS_VEP:EBM0726,True,False,False,0.713078589395417,2541.760101848487
2026-07-11T09:00:00+00:00,2026-07-11T12:00:00+03:00,2026-07,EBM0726,3564.4880374129207,EPIAS_VEP:EBM0726,True,False,False,0.5793163436187618,2064.9661767068696
2026-07-11T10:00:00+00:00,2026-07-11T13:00:00+03:00,2026-07,EBM0726,3564.4880372115795,EPIAS_VEP:EBM0726,True,False,False,0.7396833584947843,2636.592482679143
2026-07-11T11:00:00+00:00,2026-07-11T14:00:00+03:00,2026-07,EBM0726,3564.4880370969263,EPIAS_VEP:EBM0726,True,False,False,0.7333241280964019,2613.9250819141585
2026-07-11T12:00:00+00:00,2026-07-11T15:00:00+03:00,2026-07,EBM0726,3564.4880370585915,EPIAS_VEP:EBM0726,True,False,False,0.6663557003011845,2375.2169221493723
2026-07-11T13:00:00+00:00,2026-07-11T16:00:00+03:00,2026-07,EBM0726,3564.488037086861,EPIAS_VEP:EBM0726,True,False,False,0.8206589617040377,2925.2290515221666
2026-07-11T14:00:00+00:00,2026-07-11T17:00:00+03:00,2026-07,EBM0726,3564.488037172684,EPIAS_VEP:EBM0726,True,False,False,0.9335289285401234,3327.552698135903
2026-07-11T15:00:00+00:00,2026-07-11T18:00:00+03:00,2026-07,EBM0726,3564.4880373076694,EPIAS_VEP:EBM0726,True,False,False,1.0880443392214922,3878.321031215337
2026-07-11T16:00:00+00:00,2026-07-11T19:00:00+03:00,2026-07,EBM0726,3564.4880374840764,EPIAS_VEP:EBM0726,True,False,False,1.2037792240443506,4290.856643877952
2026-07-11T17:00:00+00:00,2026-07-11T20:00:00+03:00,2026-07,EBM0726,3564.4880376947976,EPIAS_VEP:EBM0726,True,False,False,1.2105232368762022,4314.895597196809
2026-07-11T18:00:00+00:00,2026-07-11T21:00:00+03:00,2026-07,EBM0726,3564.488037933345,EPIAS_VEP:EBM0726,True,False,False,1.2220821116121403,4356.097068213797
2026-07-11T19:00:00+00:00,2026-07-11T22:00:00+03:00,2026-07,EBM0726,3564.4880381938287,EPIAS_VEP:EBM0726,True,False,False,1.157009289437671,4124.1457722797195
2026-07-11T20:00:00+00:00,2026-07-11T23:00:00+03:00,2026-07,EBM0726,3564.488038470932,EPIAS_VEP:EBM0726,True,False,False,1.1078204574516848,3948.8127693599267
2026-07-11T21:00:00+00:00,2026-07-12T00:00:00+03:00,2026-07,EBM0726,3564.488038759883,EPIAS_VEP:EBM0726,True,False,False,1.1216318975860144,3998.0434828368984
2026-07-11T22:00:00+00:00,2026-07-12T01:00:00+03:00,2026-07,EBM0726,3564.488039056428,EPIAS_VEP:EBM0726,True,False,False,1.0576142958019976,3769.8535073213075
2026-07-11T23:00:00+00:00,2026-07-12T02:00:00+03:00,2026-07,EBM0726,3564.4880393568064,EPIAS_VEP:EBM0726,True,False,False,0.9809321145818238,3496.5207898478916
2026-07-12T00:00:00+00:00,2026-07-12T03:00:00+03:00,2026-07,EBM0726,3564.4880396577164,EPIAS_VEP:EBM0726,True,False,False,0.9663405880188407,3444.5094682289623
2026-07-12T01:00:00+00:00,2026-07-12T04:00:00+03:00,2026-07,EBM0726,3564.4880399562867,EPIAS_VEP:EBM0726,True,False,False,0.9701643252167832,3458.139134027485
2026-07-12T02:00:00+00:00,2026-07-12T05:00:00+03:00,2026-07,EBM0726,3564.488040250046,EPIAS_VEP:EBM0726,True,False,False,0.9300162370235728,3315.0317541088775
2026-07-12T03:00:00+00:00,2026-07-12T06:00:00+03:00,2026-07,EBM0726,3564.488040536893,EPIAS_VEP:EBM0726,True,False,False,0.8818462026617803,3143.330242980789
2026-07-12T04:00:00+00:00,2026-07-12T07:00:00+03:00,2026-07,EBM0726,3564.4880408150702,EPIAS_VEP:EBM0726,True,False,False,0.5752952538018379,2050.633052114322
2026-07-12T05:00:00+00:00,2026-07-12T08:00:00+03:00,2026-07,EBM0726,3564.488041083129,EPIAS_VEP:EBM0726,True,False,False,0.4012434595353643,1430.2275130766282
2026-07-12T06:00:00+00:00,2026-07-12T09:00:00+03:00,2026-07,EBM0726,3564.488041339908,EPIAS_VEP:EBM0726,True,False,False,0.38867745078381544,1385.4361252573906
2026-07-12T07:00:00+00:00,2026-07-12T10:00:00+03:00,2026-07,EBM0726,3564.488041584499,EPIAS_VEP:EBM0726,True,False,False,0.3536866531779178,1260.7118457207323
2026-07-12T08:00:00+00:00,2026-07-12T11:00:00+03:00,2026-07,EBM0726,3564.4880418162325,EPIAS_VEP:EBM0726,True,False,False,0.35771475472291325,1275.069965591051
2026-07-12T09:00:00+00:00,2026-07-12T12:00:00+03:00,2026-07,EBM0726,3564.488042034645,EPIAS_VEP:EBM0726,True,False,False,0.3214230190890982,1145.708507977764
2026-07-12T10:00:00+00:00,2026-07-12T13:00:00+03:00,2026-07,EBM0726,3564.4880422394594,EPIAS_VEP:EBM0726,True,False,False,0.43276483831307294,1542.5850912686417
2026-07-12T11:00:00+00:00,2026-07-12T14:00:00+03:00,2026-07,EBM0726,3564.488042430564,EPIAS_VEP:EBM0726,True,False,False,0.44166227418494153,1574.299895124913
2026-07-12T12:00:00+00:00,2026-07-12T15:00:00+03:00,2026-07,EBM0726,3564.488042607986,EPIAS_VEP:EBM0726,True,False,False,0.4139133287398718,1475.3891109693413
2026-07-12T13:00:00+00:00,2026-07-12T16:00:00+03:00,2026-07,EBM0726,3564.4880427718795,EPIAS_VEP:EBM0726,True,False,False,0.5273438499347711,1879.7108475217801
2026-07-12T14:00:00+00:00,2026-07-12T17:00:00+03:00,2026-07,EBM0726,3564.488042922503,EPIAS_VEP:EBM0726,True,False,False,0.777267361213317,2770.5602151987946
2026-07-12T15:00:00+00:00,2026-07-12T18:00:00+03:00,2026-07,EBM0726,3564.488043060205,EPIAS_VEP:EBM0726,True,False,False,1.0127658430416016,3609.9917379415774
2026-07-12T16:00:00+00:00,2026-07-12T19:00:00+03:00,2026-07,EBM0726,3564.488043185407,EPIAS_VEP:EBM0726,True,False,False,1.1757145275679268,4190.820375715255
2026-07-12T17:00:00+00:00,2026-07-12T20:00:00+03:00,2026-07,EBM0726,3564.4880432985933,EPIAS_VEP:EBM0726,True,False,False,1.200850551029912,4280.417430934648
2026-07-12T18:00:00+00:00,2026-07-12T21:00:00+03:00,2026-07,EBM0726,3564.488043400295,EPIAS_VEP:EBM0726,True,False,False,1.2200616186508513,4348.895051892569
2026-07-12T19:00:00+00:00,2026-07-12T22:00:00+03:00,2026-07,EBM0726,3564.48804349108,EPIAS_VEP:EBM0726,True,False,False,1.1481396690261763,4092.5301225016115
2026-07-12T20:00:00+00:00,2026-07-12T23:00:00+03:00,2026-07,EBM0726,3564.4880435715427,EPIAS_VEP:EBM0726,True,False,False,1.0876939054703223,3877.0719211145997
2026-07-12T21:00:00+00:00,2026-07-13T00:00:00+03:00,2026-07,EBM0726,3564.4880436422973,EPIAS_VEP:EBM0726,True,False,False,1.1632372577403842,4146.345297134852
2026-07-12T22:00:00+00:00,2026-07-13T01:00:00+03:00,2026-07,EBM0726,3564.488043703966,EPIAS_VEP:EBM0726,True,False,False,1.135998930635411,4049.254605910414
2026-07-12T23:00:00+00:00,2026-07-13T02:00:00+03:00,2026-07,EBM0726,3564.488043757174,EPIAS_VEP:EBM0726,True,False,False,1.0931599455683287,3896.555555892551
2026-07-13T00:00:00+00:00,2026-07-13T03:00:00+03:00,2026-07,EBM0726,3564.4880438025443,EPIAS_VEP:EBM0726,True,False,False,1.0869455314685819,3874.4043511843624
2026-07-13T01:00:00+00:00,2026-07-13T04:00:00+03:00,2026-07,EBM0726,3564.488043840688,EPIAS_VEP:EBM0726,True,False,False,1.0775301610897052,3840.843376081985
2026-07-13T02:00:00+00:00,2026-07-13T05:00:00+03:00,2026-07,EBM0726,3564.4880438722043,EPIAS_VEP:EBM0726,True,False,False,1.0234523160579467,3648.0835440618675
2026-07-13T03:00:00+00:00,2026-07-13T06:00:00+03:00,2026-07,EBM0726,3564.4880438976747,EPIAS_VEP:EBM0726,True,False,False,0.8982414645494364,3201.770960919603
2026-07-13T04:00:00+00:00,2026-07-13T07:00:00+03:00,2026-07,EBM0726,3564.488043917659,EPIAS_VEP:EBM0726,True,False,False,0.7276715744791412,2593.7766271296373
2026-07-13T05:00:00+00:00,2026-07-13T08:00:00+03:00,2026-07,EBM0726,3564.488043932693,EPIAS_VEP:EBM0726,True,False,False,1.0949380702231195,3902.893660157045
2026-07-13T06:00:00+00:00,2026-07-13T09:00:00+03:00,2026-07,EBM0726,3564.488043943288,EPIAS_VEP:EBM0726,True,False,False,1.0946197234933959,3901.7589170567176
2026-07-13T07:00:00+00:00,2026-07-13T10:00:00+03:00,2026-07,EBM0726,3564.488043949927,EPIAS_VEP:EBM0726,True,False,False,0.9905748780596508,3530.8923094807824
2026-07-13T08:00:00+00:00,2026-07-13T11:00:00+03:00,2026-07,EBM0726,3564.4880439530643,EPIAS_VEP:EBM0726,True,False,False,0.9904499019954107,3530.4468337971257
2026-07-13T09:00:00+00:00,2026-07-13T12:00:00+03:00,2026-07,EBM0726,3564.488043953128,EPIAS_VEP:EBM0726,True,False,False,0.7775770089776695,2771.663951753737
2026-07-13T10:00:00+00:00,2026-07-13T13:00:00+03:00,2026-07,EBM0726,3564.4880439505155,EPIAS_VEP:EBM0726,True,False,False,0.9240914286127058,3293.912848807141
2026-07-13T11:00:00+00:00,2026-07-13T14:00:00+03:00,2026-07,EBM0726,3564.4880439456047,EPIAS_VEP:EBM0726,True,False,False,1.0481043299462052,3735.9553529008676
2026-07-13T12:00:00+00:00,2026-07-13T15:00:00+03:00,2026-07,EBM0726,3564.4880439387434,EPIAS_VEP:EBM0726,True,False,False,1.0360501361711512,3692.9883233031755
2026-07-13T13:00:00+00:00,2026-07-13T16:00:00+03:00,2026-07,EBM0726,3564.4880439302547,EPIAS_VEP:EBM0726,True,False,False,1.0919322563088198,3892.1794723945745
2026-07-13T14:00:00+00:00,2026-07-13T17:00:00+03:00,2026-07,EBM0726,3564.4880439204358,EPIAS_VEP:EBM0726,True,False,False,1.1256017053083263,4012.1938207879825
2026-07-13T15:00:00+00:00,2026-07-13T18:00:00+03:00,2026-07,EBM0726,3564.488043909555,EPIAS_VEP:EBM0726,True,False,False,1.1286007208416533,4022.8837757877786
2026-07-13T16:00:00+00:00,2026-07-13T19:00:00+03:00,2026-07,EBM0726,3564.4880438978557,EPIAS_VEP:EBM0726,True,False,False,1.2008998991299877,4280.593332366982
2026-07-13T17:00:00+00:00,2026-07-13T20:00:00+03:00,2026-07,EBM0726,3564.488043885553,EPIAS_VEP:EBM0726,True,False,False,1.21009793177405,4313.379609739237
2026-07-13T18:00:00+00:00,2026-07-13T21:00:00+03:00,2026-07,EBM0726,3564.488043872844,EPIAS_VEP:EBM0726,True,False,False,1.2168952797906132,4337.6086754589405
2026-07-13T19:00:00+00:00,2026-07-13T22:00:00+03:00,2026-07,EBM0726,3564.4880438599,EPIAS_VEP:EBM0726,True,False,False,1.174333849160202,4185.8989648315155
2026-07-13T20:00:00+00:00,2026-07-13T23:00:00+03:00,2026-07,EBM0726,3564.4880438468726,EPIAS_VEP:EBM0726,True,False,False,1.1139230545399956,3970.5654096732023
2026-07-13T21:00:00+00:00,2026-07-14T00:00:00+03:00,2026-07,EBM0726,3564.488043833897,EPIAS_VEP:EBM0726,True,False,False,1.161767714883533,4141.107129414581
2026-07-13T22:00:00+00:00,2026-07-14T01:00:00+03:00,2026-07,EBM0726,3564.488043821088,EPIAS_VEP:EBM0726,True,False,False,1.1348019646551684,4044.9880351180286
2026-07-13T23:00:00+00:00,2026-07-14T02:00:00+03:00,2026-07,EBM0726,3564.488043808544,EPIAS_VEP:EBM0726,True,False,False,1.0923769509906034,3893.7645811380376
2026-07-14T00:00:00+00:00,2026-07-14T03:00:00+03:00,2026-07,EBM0726,3564.488043796346,EPIAS_VEP:EBM0726,True,False,False,1.0857897181006748,3870.2844682468603
2026-07-14T01:00:00+00:00,2026-07-14T04:00:00+03:00,2026-07,EBM0726,3564.4880437845627,EPIAS_VEP:EBM0726,True,False,False,1.0754004704854188,3833.252119325569
2026-07-14T02:00:00+00:00,2026-07-14T05:00:00+03:00,2026-07,EBM0726,3564.488043773249,EPIAS_VEP:EBM0726,True,False,False,1.0224573673987014,3644.5370613605432
2026-07-14T03:00:00+00:00,2026-07-14T06:00:00+03:00,2026-07,EBM0726,3564.4880437624474,EPIAS_VEP:EBM0726,True,False,False,0.899034217819908,3204.596720352386
2026-07-14T04:00:00+00:00,2026-07-14T07:00:00+03:00,2026-07,EBM0726,3564.4880437521915,EPIAS_VEP:EBM0726,True,False,False,0.7303593366380815,2603.3571230892235
2026-07-14T05:00:00+00:00,2026-07-14T08:00:00+03:00,2026-07,EBM0726,3564.4880437425045,EPIAS_VEP:EBM0726,True,False,False,1.093942472745804,3899.344864644529
2026-07-14T06:00:00+00:00,2026-07-14T09:00:00+03:00,2026-07,EBM0726,3564.4880437334014,EPIAS_VEP:EBM0726,True,False,False,1.093272326148684,3896.956135101588
2026-07-14T07:00:00+00:00,2026-07-14T10:00:00+03:00,2026-07,EBM0726,3564.4880437248894,EPIAS_VEP:EBM0726,True,False,False,0.9909144632534935,3532.1027566211437
2026-07-14T08:00:00+00:00,2026-07-14T11:00:00+03:00,2026-07,EBM0726,3564.488043716971,EPIAS_VEP:EBM0726,True,False,False,0.9905977877124756,3530.9739704336016
2026-07-14T09:00:00+00:00,2026-07-14T12:00:00+03:00,2026-07,EBM0726,3564.488043709643,EPIAS_VEP:EBM0726,True,False,False,0.7790261880953441,2776.8295332025536
2026-07-14T10:00:00+00:00,2026-07-14T13:00:00+03:00,2026-07,EBM0726,3564.488043702899,EPIAS_VEP:EBM0726,True,False,False,0.9258661297664575,3300.238749622015
2026-07-14T11:00:00+00:00,2026-07-14T14:00:00+03:00,2026-07,EBM0726,3564.488043696727,EPIAS_VEP:EBM0726,True,False,False,1.0481343845592754,3736.0624819489644
2026-07-14T12:00:00+00:00,2026-07-14T15:00:00+03:00,2026-07,EBM0726,3564.488043691112,EPIAS_VEP:EBM0726,True,False,False,1.0366446336698532,3695.1074022727444
2026-07-14T13:00:00+00:00,2026-07-14T16:00:00+03:00,2026-07,EBM0726,3564.4880436860344,EPIAS_VEP:EBM0726,True,False,False,1.0917940248302318,3891.6867476752145
2026-07-14T14:00:00+00:00,2026-07-14T17:00:00+03:00,2026-07,EBM0726,3564.4880436814738,EPIAS_VEP:EBM0726,True,False,False,1.1247346517802788,4009.1032185850495
2026-07-14T15:00:00+00:00,2026-07-14T18:00:00+03:00,2026-07,EBM0726,3564.488043677407,EPIAS_VEP:EBM0726,True,False,False,1.1275728959260223,4019.2201059030153
2026-07-14T16:00:00+00:00,2026-07-14T19:00:00+03:00,2026-07,EBM0726,3564.488043673809,EPIAS_VEP:EBM0726,True,False,False,1.198257485575328,4271.174480575899
2026-07-14T17:00:00+00:00,2026-07-14T20:00:00+03:00,2026-07,EBM0726,3564.488043670652,EPIAS_VEP:EBM0726,True,False,False,1.207075514499456,4302.606239240912
2026-07-14T18:00:00+00:00,2026-07-14T21:00:00+03:00,2026-07,EBM0726,3564.4880436679064,EPIAS_VEP:EBM0726,True,False,False,1.2136253452601273,4325.953032672059
2026-07-14T19:00:00+00:00,2026-07-14T22:00:00+03:00,2026-07,EBM0726,3564.488043665546,EPIAS_VEP:EBM0726,True,False,False,1.1719832112385375,4177.520143836518
2026-07-14T20:00:00+00:00,2026-07-14T23:00:00+03:00,2026-07,EBM0726,3564.4880436635435,EPIAS_VEP:EBM0726,True,False,False,1.1122058496453169,3964.444453153385
2026-07-14T21:00:00+00:00,2026-07-15T00:00:00+03:00,2026-07,EBM0726,3564.4880436618696,EPIAS_VEP:EBM0726,True,False,False,1.1213428181081764,3997.0130679927015
2026-07-14T22:00:00+00:00,2026-07-15T01:00:00+03:00,2026-07,EBM0726,3564.488043660496,EPIAS_VEP:EBM0726,True,False,False,1.0590348603399697,3774.917097501485
2026-07-14T23:00:00+00:00,2026-07-15T02:00:00+03:00,2026-07,EBM0726,3564.4880436593926,EPIAS_VEP:EBM0726,True,False,False,0.9837745854171848,3506.652747375531
2026-07-15T00:00:00+00:00,2026-07-15T03:00:00+03:00,2026-07,EBM0726,3564.4880436585327,EPIAS_VEP:EBM0726,True,False,False,0.9699857107615352,3457.502468529116
2026-07-15T01:00:00+00:00,2026-07-15T04:00:00+03:00,2026-07,EBM0726,3564.4880436578896,EPIAS_VEP:EBM0726,True,False,False,0.97203088111936,3464.792453816202
2026-07-15T02:00:00+00:00,2026-07-15T05:00:00+03:00,2026-07,EBM0726,3564.488043657439,EPIAS_VEP:EBM0726,True,False,False,0.9334004997432086,3327.0949212785454
2026-07-15T03:00:00+00:00,2026-07-15T06:00:00+03:00,2026-07,EBM0726,3564.4880436571566,EPIAS_VEP:EBM0726,True,False,False,0.8903629262031341,3173.6880049666706
2026-07-15T04:00:00+00:00,2026-07-15T07:00:00+03:00,2026-07,EBM0726,3564.4880436570197,EPIAS_VEP:EBM0726,True,False,False,0.5993948240392152,2136.5356837176855
2026-07-15T05:00:00+00:00,2026-07-15T08:00:00+03:00,2026-07,EBM0726,3564.488043657008,EPIAS_VEP:EBM0726,True,False,False,0.4166850522143461,1485.2688865886328
2026-07-15T06:00:00+00:00,2026-07-15T09:00:00+03:00,2026-07,EBM0726,3564.488043657106,EPIAS_VEP:EBM0726,True,False,False,0.4022944526453744,1433.9737664840168
2026-07-15T07:00:00+00:00,2026-07-15T10:00:00+03:00,2026-07,EBM0726,3564.488043657299,EPIAS_VEP:EBM0726,True,False,False,0.363662713809,1296.2713952961467
2026-07-15T08:00:00+00:00,2026-07-15T11:00:00+03:00,2026-07,EBM0726,3564.48804365757,EPIAS_VEP:EBM0726,True,False,False,0.36582312904270786,1303.9721695661326
2026-07-15T09:00:00+00:00,2026-07-15T12:00:00+03:00,2026-07,EBM0726,3564.488043657904,EPIAS_VEP:EBM0726,True,False,False,0.32822906796155604,1169.9685883299442
2026-07-15T10:00:00+00:00,2026-07-15T13:00:00+03:00,2026-07,EBM0726,3564.4880436582857,EPIAS_VEP:EBM0726,True,False,False,0.44426156214162665,1583.5650265107806
2026-07-15T11:00:00+00:00,2026-07-15T14:00:00+03:00,2026-07,EBM0726,3564.488043658706,EPIAS_VEP:EBM0726,True,False,False,0.45351976954340517,1616.5657961003194
2026-07-15T12:00:00+00:00,2026-07-15T15:00:00+03:00,2026-07,EBM0726,3564.4880436591534,EPIAS_VEP:EBM0726,True,False,False,0.424093033856464,1511.6745485805025
2026-07-15T13:00:00+00:00,2026-07-15T16:00:00+03:00,2026-07,EBM0726,3564.4880436596177,EPIAS_VEP:EBM0726,True,False,False,0.5473595132319053,1951.056440498475
2026-07-15T14:00:00+00:00,2026-07-15T17:00:00+03:00,2026-07,EBM0726,3564.4880436600915,EPIAS_VEP:EBM0726,True,False,False,0.7925124927912688,2824.901305005732
2026-07-15T15:00:00+00:00,2026-07-15T18:00:00+03:00,2026-07,EBM0726,3564.488043660567,EPIAS_VEP:EBM0726,True,False,False,1.0158368276293168,3620.9382263947805
2026-07-15T16:00:00+00:00,2026-07-15T19:00:00+03:00,2026-07,EBM0726,3564.4880436610392,EPIAS_VEP:EBM0726,True,False,False,1.1695593253735876,4168.880231646424
2026-07-15T17:00:00+00:00,2026-07-15T20:00:00+03:00,2026-07,EBM0726,3564.488043661504,EPIAS_VEP:EBM0726,True,False,False,1.1930527426254487,4252.622236545977
2026-07-15T18:00:00+00:00,2026-07-15T21:00:00+03:00,2026-07,EBM0726,3564.4880436619583,EPIAS_VEP:EBM0726,True,False,False,1.2105492405617329,4314.98829424636
2026-07-15T19:00:00+00:00,2026-07-15T22:00:00+03:00,2026-07,EBM0726,3564.4880436623994,EPIAS_VEP:EBM0726,True,False,False,1.1454091519064495,4082.7972270720284
2026-07-15T20:00:00+00:00,2026-07-15T23:00:00+03:00,2026-07,EBM0726,3564.488043662827,EPIAS_VEP:EBM0726,True,False,False,1.0890249461891848,3881.8163999419025
2026-07-15T21:00:00+00:00,2026-07-16T00:00:00+03:00,2026-07,EBM0726,3564.48804366324,EPIAS_VEP:EBM0726,True,False,False,1.158898017109204,4130.878125810795
2026-07-15T22:00:00+00:00,2026-07-16T01:00:00+03:00,2026-07,EBM0726,3564.4880436636395,EPIAS_VEP:EBM0726,True,False,False,1.1324037890632672,4036.439766715418
2026-07-15T23:00:00+00:00,2026-07-16T02:00:00+03:00,2026-07,EBM0726,3564.488043664027,EPIAS_VEP:EBM0726,True,False,False,1.0907169849012532,3887.8476517017943
2026-07-16T00:00:00+00:00,2026-07-16T03:00:00+03:00,2026-07,EBM0726,3564.488043664401,EPIAS_VEP:EBM0726,True,False,False,1.083305513207142,3861.429549462586
2026-07-16T01:00:00+00:00,2026-07-16T04:00:00+03:00,2026-07,EBM0726,3564.4880436647613,EPIAS_VEP:EBM0726,True,False,False,1.071017166295927,3817.627883821545
2026-07-16T02:00:00+00:00,2026-07-16T05:00:00+03:00,2026-07,EBM0726,3564.488043665109,EPIAS_VEP:EBM0726,True,False,False,1.0204981522451835,3637.5534622602927
2026-07-16T03:00:00+00:00,2026-07-16T06:00:00+03:00,2026-07,EBM0726,3564.488043665443,EPIAS_VEP:EBM0726,True,False,False,0.9008664280353971,3211.127611671768
2026-07-16T04:00:00+00:00,2026-07-16T07:00:00+03:00,2026-07,EBM0726,3564.4880436657613,EPIAS_VEP:EBM0726,True,False,False,0.7360724863737286,2623.7215769504846
2026-07-16T05:00:00+00:00,2026-07-16T08:00:00+03:00,2026-07,EBM0726,3564.4880436660637,EPIAS_VEP:EBM0726,True,False,False,1.0921634124208939,3893.0034253038043
2026-07-16T06:00:00+00:00,2026-07-16T09:00:00+03:00,2026-07,EBM0726,3564.488043666347,EPIAS_VEP:EBM0726,True,False,False,1.0905744070541257,3887.339434672947
2026-07-16T07:00:00+00:00,2026-07-16T10:00:00+03:00,2026-07,EBM0726,3564.4880436666126,EPIAS_VEP:EBM0726,True,False,False,0.9913571413268892,3533.680677263209
2026-07-16T08:00:00+00:00,2026-07-16T11:00:00+03:00,2026-07,EBM0726,3564.4880436668614,EPIAS_VEP:EBM0726,True,False,False,0.9906794977881026,3531.2652249715825
2026-07-16T09:00:00+00:00,2026-07-16T12:00:00+03:00,2026-07,EBM0726,3564.488043667095,EPIAS_VEP:EBM0726,True,False,False,0.7813969798004262,2785.2801918561977
2026-07-16T10:00:00+00:00,2026-07-16T13:00:00+03:00,2026-07,EBM0726,3564.488043667315,EPIAS_VEP:EBM0726,True,False,False,0.9289819419029699,3311.3450246959806
2026-07-16T11:00:00+00:00,2026-07-16T14:00:00+03:00,2026-07,EBM0726,3564.4880436675226,EPIAS_VEP:EBM0726,True,False,False,1.047979781360136,3735.511400663509
2026-07-16T12:00:00+00:00,2026-07-16T15:00:00+03:00,2026-07,EBM0726,3564.488043667716,EPIAS_VEP:EBM0726,True,False,False,1.0376288127700648,3698.615496884023
2026-07-16T13:00:00+00:00,2026-07-16T16:00:00+03:00,2026-07,EBM0726,3564.488043667893,EPIAS_VEP:EBM0726,True,False,False,1.091519274113262,3890.7074020097803
2026-07-16T14:00:00+00:00,2026-07-16T17:00:00+03:00,2026-07,EBM0726,3564.4880436680514,EPIAS_VEP:EBM0726,True,False,False,1.1231868623779226,4003.5861417511383
2026-07-16T15:00:00+00:00,2026-07-16T18:00:00+03:00,2026-07,EBM0726,3564.488043668189,EPIAS_VEP:EBM0726,True,False,False,1.125754427128529,4012.738195606173
2026-07-16T16:00:00+00:00,2026-07-16T19:00:00+03:00,2026-07,EBM0726,3564.4880436683065,EPIAS_VEP:EBM0726,True,False,False,1.1931886599951407,4253.106712393287
2026-07-16T17:00:00+00:00,2026-07-16T20:00:00+03:00,2026-07,EBM0726,3564.4880436684034,EPIAS_VEP:EBM0726,True,False,False,1.2012689453732355,4281.90879301305
2026-07-16T18:00:00+00:00,2026-07-16T21:00:00+03:00,2026-07,EBM0726,3564.48804366848,EPIAS_VEP:EBM0726,True,False,False,1.20725682667608,4303.252524324037
2026-07-16T19:00:00+00:00,2026-07-16T22:00:00+03:00,2026-07,EBM0726,3564.488043668533,EPIAS_VEP:EBM0726,True,False,False,1.167328581314438,4160.928771127866
2026-07-16T20:00:00+00:00,2026-07-16T23:00:00+03:00,2026-07,EBM0726,3564.488043668565,EPIAS_VEP:EBM0726,True,False,False,1.1088051334611373,3952.322640980551
2026-07-16T21:00:00+00:00,2026-07-17T00:00:00+03:00,2026-07,EBM0726,3564.488043668574,EPIAS_VEP:EBM0726,True,False,False,1.1574997728275889,4125.894100793031
2026-07-16T22:00:00+00:00,2026-07-17T01:00:00+03:00,2026-07,EBM0726,3564.4880436685617,EPIAS_VEP:EBM0726,True,False,False,1.1312040025570034,4032.1631420644594
2026-07-16T23:00:00+00:00,2026-07-17T02:00:00+03:00,2026-07,EBM0726,3564.4880436685294,EPIAS_VEP:EBM0726,True,False,False,1.089840609340144,3884.723821497368
2026-07-17T00:00:00+00:00,2026-07-17T03:00:00+03:00,2026-07,EBM0726,3564.4880436684784,EPIAS_VEP:EBM0726,True,False,False,1.0819787249619082,3856.700228630387
2026-07-17T01:00:00+00:00,2026-07-17T04:00:00+03:00,2026-07,EBM0726,3564.48804366841,EPIAS_VEP:EBM0726,True,False,False,1.068766466084526,3809.6052898320318
2026-07-17T02:00:00+00:00,2026-07-17T05:00:00+03:00,2026-07,EBM0726,3564.488043668326,EPIAS_VEP:EBM0726,True,False,False,1.0195342899885445,3634.1177867740425
2026-07-17T03:00:00+00:00,2026-07-17T06:00:00+03:00,2026-07,EBM0726,3564.488043668229,EPIAS_VEP:EBM0726,True,False,False,0.9019046015509008,3214.8281687575436
2026-07-17T04:00:00+00:00,2026-07-17T07:00:00+03:00,2026-07,EBM0726,3564.48804366812,EPIAS_VEP:EBM0726,True,False,False,0.7390941837752882,2634.492381211663
2026-07-17T05:00:00+00:00,2026-07-17T08:00:00+03:00,2026-07,EBM0726,3564.4880436680005,EPIAS_VEP:EBM0726,True,False,False,1.0913809918174733,3890.2144964199074
2026-07-17T06:00:00+00:00,2026-07-17T09:00:00+03:00,2026-07,EBM0726,3564.4880436678736,EPIAS_VEP:EBM0726,True,False,False,1.0892259550579984,3882.532893656956
2026-07-17T07:00:00+00:00,2026-07-17T10:00:00+03:00,2026-07,EBM0726,3564.488043667742,EPIAS_VEP:EBM0726,True,False,False,0.9914596197923539,3534.045960529211
2026-07-17T08:00:00+00:00,2026-07-17T11:00:00+03:00,2026-07,EBM0726,3564.488043667608,EPIAS_VEP:EBM0726,True,False,False,0.9906129982218616,3531.028188063547
2026-07-17T09:00:00+00:00,2026-07-17T12:00:00+03:00,2026-07,EBM0726,3564.4880436674744,EPIAS_VEP:EBM0726,True,False,False,0.7823149769765437,2788.5523818148854
2026-07-17T10:00:00+00:00,2026-07-17T13:00:00+03:00,2026-07,EBM0726,3564.4880436673443,EPIAS_VEP:EBM0726,True,False,False,0.9303211285992182,3316.118539663023
2026-07-17T11:00:00+00:00,2026-07-17T14:00:00+03:00,2026-07,EBM0726,3564.4880436672206,EPIAS_VEP:EBM0726,True,False,False,1.0477966612862524,3734.858671349279
2026-07-17T12:00:00+00:00,2026-07-17T15:00:00+03:00,2026-07,EBM0726,3564.4880436671037,EPIAS_VEP:EBM0726,True,False,False,1.0380192930430587,3700.0073591477626
2026-07-17T13:00:00+00:00,2026-07-17T16:00:00+03:00,2026-07,EBM0726,3564.488043666995,EPIAS_VEP:EBM0726,True,False,False,1.0913845396037283,3890.2271424604974
2026-07-17T14:00:00+00:00,2026-07-17T17:00:00+03:00,2026-07,EBM0726,3564.4880436668973,EPIAS_VEP:EBM0726,True,False,False,1.122507332873437,4001.163966955784
2026-07-17T15:00:00+00:00,2026-07-17T18:00:00+03:00,2026-07,EBM0726,3564.488043666812,EPIAS_VEP:EBM0726,True,False,False,1.1249646001821163,4009.922866897569
2026-07-17T16:00:00+00:00,2026-07-17T19:00:00+03:00,2026-07,EBM0726,3564.488043666742,EPIAS_VEP:EBM0726,True,False,False,1.1907660095004085,4244.471203668964
2026-07-17T17:00:00+00:00,2026-07-17T20:00:00+03:00,2026-07,EBM0726,3564.4880436666926,EPIAS_VEP:EBM0726,True,False,False,1.1984890514881832,4271.999894495064
2026-07-17T18:00:00+00:00,2026-07-17T21:00:00+03:00,2026-07,EBM0726,3564.488043666666,EPIAS_VEP:EBM0726,True,False,False,1.2041631005375615,4292.224974490719
2026-07-17T19:00:00+00:00,2026-07-17T22:00:00+03:00,2026-07,EBM0726,3564.4880436666613,EPIAS_VEP:EBM0726,True,False,False,1.1650283259195728,4152.729538273304
2026-07-17T20:00:00+00:00,2026-07-17T23:00:00+03:00,2026-07,EBM0726,3564.488043666678,EPIAS_VEP:EBM0726,True,False,False,1.1071240620807261,3946.330482142433
2026-07-17T21:00:00+00:00,2026-07-18T00:00:00+03:00,2026-07,EBM0726,3564.488043666716,EPIAS_VEP:EBM0726,True,False,False,1.167916080405311,4163.022904610826
2026-07-17T22:00:00+00:00,2026-07-18T01:00:00+03:00,2026-07,EBM0726,3564.488043666773,EPIAS_VEP:EBM0726,True,False,False,1.1386680414662163,4058.7686195117894
2026-07-17T23:00:00+00:00,2026-07-18T02:00:00+03:00,2026-07,EBM0726,3564.488043666848,EPIAS_VEP:EBM0726,True,False,False,1.0764952099915992,3837.154305079688
2026-07-18T00:00:00+00:00,2026-07-18T03:00:00+03:00,2026-07,EBM0726,3564.48804366694,EPIAS_VEP:EBM0726,True,False,False,1.0682380096441269,3807.7216131670593
2026-07-18T01:00:00+00:00,2026-07-18T04:00:00+03:00,2026-07,EBM0726,3564.488043667045,EPIAS_VEP:EBM0726,True,False,False,1.0485686591957921,3737.6104486673858
2026-07-18T02:00:00+00:00,2026-07-18T05:00:00+03:00,2026-07,EBM0726,3564.488043667163,EPIAS_VEP:EBM0726,True,False,False,1.02350897488592,3648.2855035668968
2026-07-18T03:00:00+00:00,2026-07-18T06:00:00+03:00,2026-07,EBM0726,3564.48804366729,EPIAS_VEP:EBM0726,True,False,False,0.932504648599672,3323.9016705976987
2026-07-18T04:00:00+00:00,2026-07-18T07:00:00+03:00,2026-07,EBM0726,3564.4880436674275,EPIAS_VEP:EBM0726,True,False,False,0.7118612179166446,2537.4208000144126
2026-07-18T05:00:00+00:00,2026-07-18T08:00:00+03:00,2026-07,EBM0726,3564.488043667572,EPIAS_VEP:EBM0726,True,False,False,0.9598595274618501,3421.40780923817
2026-07-18T06:00:00+00:00,2026-07-18T09:00:00+03:00,2026-07,EBM0726,3564.488043667722,EPIAS_VEP:EBM0726,True,False,False,0.8862041166002792,3158.863977870811
2026-07-18T07:00:00+00:00,2026-07-18T10:00:00+03:00,2026-07,EBM0726,3564.4880436678777,EPIAS_VEP:EBM0726,True,False,False,0.7593539882580942,2706.7082120574946
2026-07-18T08:00:00+00:00,2026-07-18T11:00:00+03:00,2026-07,EBM0726,3564.4880436680382,EPIAS_VEP:EBM0726,True,False,False,0.7234406245815501,2578.695456624673
2026-07-18T09:00:00+00:00,2026-07-18T12:00:00+03:00,2026-07,EBM0726,3564.488043668202,EPIAS_VEP:EBM0726,True,False,False,0.5918050996474571,2109.4822018752297
2026-07-18T10:00:00+00:00,2026-07-18T13:00:00+03:00,2026-07,EBM0726,3564.488043668365,EPIAS_VEP:EBM0726,True,False,False,0.7491060538264283,2670.1795723038945
2026-07-18T11:00:00+00:00,2026-07-18T14:00:00+03:00,2026-07,EBM0726,3564.488043668526,EPIAS_VEP:EBM0726,True,False,False,0.7309243330337516,2605.3710459251997
2026-07-18T12:00:00+00:00,2026-07-18T15:00:00+03:00,2026-07,EBM0726,3564.488043668685,EPIAS_VEP:EBM0726,True,False,False,0.6801242510104577,2424.2947609358957
2026-07-18T13:00:00+00:00,2026-07-18T16:00:00+03:00,2026-07,EBM0726,3564.488043668839,EPIAS_VEP:EBM0726,True,False,False,0.8349454226977806,2976.152976322264
2026-07-18T14:00:00+00:00,2026-07-18T17:00:00+03:00,2026-07,EBM0726,3564.4880436689864,EPIAS_VEP:EBM0726,True,False,False,0.9485894489592931,3381.2357491659523
2026-07-18T15:00:00+00:00,2026-07-18T18:00:00+03:00,2026-07,EBM0726,3564.488043669125,EPIAS_VEP:EBM0726,True,False,False,1.0885882753873808,3880.2598920967116
2026-07-18T16:00:00+00:00,2026-07-18T19:00:00+03:00,2026-07,EBM0726,3564.488043669256,EPIAS_VEP:EBM0726,True,False,False,1.1890789793859482,4238.457804999654
2026-07-18T17:00:00+00:00,2026-07-18T20:00:00+03:00,2026-07,EBM0726,3564.488043669377,EPIAS_VEP:EBM0726,True,False,False,1.1935979660322988,4254.565678870216
2026-07-18T18:00:00+00:00,2026-07-18T21:00:00+03:00,2026-07,EBM0726,3564.4880436694866,EPIAS_VEP:EBM0726,True,False,False,1.1999696300130138,4277.277398947886
2026-07-18T19:00:00+00:00,2026-07-18T22:00:00+03:00,2026-07,EBM0726,3564.4880436695867,EPIAS_VEP:EBM0726,True,False,False,1.1386914966382562,4058.8522251952913
2026-07-18T20:00:00+00:00,2026-07-18T23:00:00+03:00,2026-07,EBM0726,3564.488043669677,EPIAS_VEP:EBM0726,True,False,False,1.0961293360626876,3907.1399127110312
2026-07-18T21:00:00+00:00,2026-07-19T00:00:00+03:00,2026-07,EBM0726,3564.4880436697567,EPIAS_VEP:EBM0726,True,False,False,1.121340990924044,3997.0065550255517
2026-07-18T22:00:00+00:00,2026-07-19T01:00:00+03:00,2026-07,EBM0726,3564.488043669823,EPIAS_VEP:EBM0726,True,False,False,1.061259350830378,3782.8462672676806
2026-07-18T23:00:00+00:00,2026-07-19T02:00:00+03:00,2026-07,EBM0726,3564.488043669873,EPIAS_VEP:EBM0726,True,False,False,0.9877152950215556,3520.6993596541965
2026-07-19T00:00:00+00:00,2026-07-19T03:00:00+03:00,2026-07,EBM0726,3564.4880436699077,EPIAS_VEP:EBM0726,True,False,False,0.9749700282704494,3475.269008706529
2026-07-19T01:00:00+00:00,2026-07-19T04:00:00+03:00,2026-07,EBM0726,3564.488043669925,EPIAS_VEP:EBM0726,True,False,False,0.9747966714865648,3474.6510805231
2026-07-19T02:00:00+00:00,2026-07-19T05:00:00+03:00,2026-07,EBM0726,3564.488043669928,EPIAS_VEP:EBM0726,True,False,False,0.9385392426996825,3345.411909118047
2026-07-19T03:00:00+00:00,2026-07-19T06:00:00+03:00,2026-07,EBM0726,3564.4880436699136,EPIAS_VEP:EBM0726,True,False,False,0.9026965005894878,3217.6508834139004
2026-07-19T04:00:00+00:00,2026-07-19T07:00:00+03:00,2026-07,EBM0726,3564.488043669882,EPIAS_VEP:EBM0726,True,False,False,0.6315502901250966,2251.1534581271517
2026-07-19T05:00:00+00:00,2026-07-19T08:00:00+03:00,2026-07,EBM0726,3564.488043669831,EPIAS_VEP:EBM0726,True,False,False,0.43662711714830715,1556.3521386171674
2026-07-19T06:00:00+00:00,2026-07-19T09:00:00+03:00,2026-07,EBM0726,3564.4880436697604,EPIAS_VEP:EBM0726,True,False,False,0.4188212097791197,1492.8831946929765
2026-07-19T07:00:00+00:00,2026-07-19T10:00:00+03:00,2026-07,EBM0726,3564.4880436696712,EPIAS_VEP:EBM0726,True,False,False,0.37466053836259877,1335.4730094283254
2026-07-19T08:00:00+00:00,2026-07-19T11:00:00+03:00,2026-07,EBM0726,3564.4880436695635,EPIAS_VEP:EBM0726,True,False,False,0.3740488196463197,1333.2925453780194
2026-07-19T09:00:00+00:00,2026-07-19T12:00:00+03:00,2026-07,EBM0726,3564.488043669437,EPIAS_VEP:EBM0726,True,False,False,0.3345145057861167,1192.3729563086038
2026-07-19T10:00:00+00:00,2026-07-19T13:00:00+03:00,2026-07,EBM0726,3564.4880436692947,EPIAS_VEP:EBM0726,True,False,False,0.4565199809135854,1627.26001366261
2026-07-19T11:00:00+00:00,2026-07-19T14:00:00+03:00,2026-07,EBM0726,3564.488043669134,EPIAS_VEP:EBM0726,True,False,False,0.46687170894166224,1664.158624449931
2026-07-19T12:00:00+00:00,2026-07-19T15:00:00+03:00,2026-07,EBM0726,3564.48804366896,EPIAS_VEP:EBM0726,True,False,False,0.4358777174000312,1553.680912174129
2026-07-19T13:00:00+00:00,2026-07-19T16:00:00+03:00,2026-07,EBM0726,3564.4880436687727,EPIAS_VEP:EBM0726,True,False,False,0.5735773143687729,2044.5094791871359
2026-07-19T14:00:00+00:00,2026-07-19T17:00:00+03:00,2026-07,EBM0726,3564.488043668573,EPIAS_VEP:EBM0726,True,False,False,0.8134836386690489,2899.6527037558308
2026-07-19T15:00:00+00:00,2026-07-19T18:00:00+03:00,2026-07,EBM0726,3564.488043668364,EPIAS_VEP:EBM0726,True,False,False,1.0210118869904188,3639.3846636206226
2026-07-19T16:00:00+00:00,2026-07-19T19:00:00+03:00,2026-07,EBM0726,3564.488043668147,EPIAS_VEP:EBM0726,True,False,False,1.1623257918668457,4143.096387956482
2026-07-19T17:00:00+00:00,2026-07-19T20:00:00+03:00,2026-07,EBM0726,3564.488043667926,EPIAS_VEP:EBM0726,True,False,False,1.1836954123068661,4219.2681445124
2026-07-19T18:00:00+00:00,2026-07-19T21:00:00+03:00,2026-07,EBM0726,3564.488043667705,EPIAS_VEP:EBM0726,True,False,False,1.1985316641160328,4272.151786698757
2026-07-19T19:00:00+00:00,2026-07-19T22:00:00+03:00,2026-07,EBM0726,3564.488043667488,EPIAS_VEP:EBM0726,True,False,False,1.1415799402966285,4069.148048077977
2026-07-19T20:00:00+00:00,2026-07-19T23:00:00+03:00,2026-07,EBM0726,3564.48804366728,EPIAS_VEP:EBM0726,True,False,False,1.0904638123924628,3886.9452213247737
2026-07-19T21:00:00+00:00,2026-07-20T00:00:00+03:00,2026-07,EBM0726,3564.488043667085,EPIAS_VEP:EBM0726,True,False,False,1.1534617438806418,4111.500594889933
2026-07-19T22:00:00+00:00,2026-07-20T01:00:00+03:00,2026-07,EBM0726,3564.488043666905,EPIAS_VEP:EBM0726,True,False,False,1.1276097409856334,4019.351439665626
2026-07-19T23:00:00+00:00,2026-07-20T02:00:00+03:00,2026-07,EBM0726,3564.4880436667404,EPIAS_VEP:EBM0726,True,False,False,1.0870294945256986,3874.7036363499533
2026-07-20T00:00:00+00:00,2026-07-20T03:00:00+03:00,2026-07,EBM0726,3564.4880436665944,EPIAS_VEP:EBM0726,True,False,False,1.0776698116325798,3841.3411585847616
2026-07-20T01:00:00+00:00,2026-07-20T04:00:00+03:00,2026-07,EBM0726,3564.488043666468,EPIAS_VEP:EBM0726,True,False,False,1.0617958043560052,3784.758449442201
2026-07-20T02:00:00+00:00,2026-07-20T05:00:00+03:00,2026-07,EBM0726,3564.488043666361,EPIAS_VEP:EBM0726,True,False,False,1.0167072918715891,3624.040985784685
2026-07-20T03:00:00+00:00,2026-07-20T06:00:00+03:00,2026-07,EBM0726,3564.488043666274,EPIAS_VEP:EBM0726,True,False,False,0.905497789621384,3227.6360446716626
2026-07-20T04:00:00+00:00,2026-07-20T07:00:00+03:00,2026-07,EBM0726,3564.4880436662056,EPIAS_VEP:EBM0726,True,False,False,0.7487957026024429,2669.0733290750436
2026-07-20T05:00:00+00:00,2026-07-20T08:00:00+03:00,2026-07,EBM0726,3564.488043666156,EPIAS_VEP:EBM0726,True,False,False,1.0894668006019386,3883.39138471683
2026-07-20T06:00:00+00:00,2026-07-20T09:00:00+03:00,2026-07,EBM0726,3564.488043666124,EPIAS_VEP:EBM0726,True,False,False,1.085195294208694,3868.1656512496315
2026-07-20T07:00:00+00:00,2026-07-20T10:00:00+03:00,2026-07,EBM0726,3564.48804366611,EPIAS_VEP:EBM0726,True,False,False,0.9912903601573432,3533.442636582322
2026-07-20T08:00:00+00:00,2026-07-20T11:00:00+03:00,2026-07,EBM0726,3564.4880436661138,EPIAS_VEP:EBM0726,True,False,False,0.9899841379851109,3528.7866232670317
2026-07-20T09:00:00+00:00,2026-07-20T12:00:00+03:00,2026-07,EBM0726,3564.4880436661333,EPIAS_VEP:EBM0726,True,False,False,0.7839825439316024,2794.4964042871557
2026-07-20T10:00:00+00:00,2026-07-20T13:00:00+03:00,2026-07,EBM0726,3564.4880436661665,EPIAS_VEP:EBM0726,True,False,False,0.9334559322471976,3327.292509784391
2026-07-20T11:00:00+00:00,2026-07-20T14:00:00+03:00,2026-07,EBM0726,3564.488043666211,EPIAS_VEP:EBM0726,True,False,False,1.0468348473824618,3731.430297187928
2026-07-20T12:00:00+00:00,2026-07-20T15:00:00+03:00,2026-07,EBM0726,3564.488043666266,EPIAS_VEP:EBM0726,True,False,False,1.038790853508284,3702.7575772001537
2026-07-20T13:00:00+00:00,2026-07-20T16:00:00+03:00,2026-07,EBM0726,3564.488043666332,EPIAS_VEP:EBM0726,True,False,False,1.0910016561263187,3888.8623588824303
2026-07-20T14:00:00+00:00,2026-07-20T17:00:00+03:00,2026-07,EBM0726,3564.488043666407,EPIAS_VEP:EBM0726,True,False,False,1.1208519291669,3995.263300235841
2026-07-20T15:00:00+00:00,2026-07-20T18:00:00+03:00,2026-07,EBM0726,3564.488043666488,EPIAS_VEP:EBM0726,True,False,False,1.1230757183291369,4003.1899701163607
2026-07-20T16:00:00+00:00,2026-07-20T19:00:00+03:00,2026-07,EBM0726,3564.488043666576,EPIAS_VEP:EBM0726,True,False,False,1.1839655098152588,4220.230903850092
2026-07-20T17:00:00+00:00,2026-07-20T20:00:00+03:00,2026-07,EBM0726,3564.4880436666685,EPIAS_VEP:EBM0726,True,False,False,1.1906659622184954,4244.1145863286965
2026-07-20T18:00:00+00:00,2026-07-20T21:00:00+03:00,2026-07,EBM0726,3564.4880436667668,EPIAS_VEP:EBM0726,True,False,False,1.1952712454817542,4260.530063458398
2026-07-20T19:00:00+00:00,2026-07-20T22:00:00+03:00,2026-07,EBM0726,3564.4880436668686,EPIAS_VEP:EBM0726,True,False,False,1.1582571480970125,4128.593755883487
2026-07-20T20:00:00+00:00,2026-07-20T23:00:00+03:00,2026-07,EBM0726,3564.4880436669714,EPIAS_VEP:EBM0726,True,False,False,1.1021717590259958,3928.6780571155564
2026-07-20T21:00:00+00:00,2026-07-21T00:00:00+03:00,2026-07,EBM0726,3564.488043667073,EPIAS_VEP:EBM0726,True,False,False,1.1521704913966262,4106.89794084929
2026-07-20T22:00:00+00:00,2026-07-21T01:00:00+03:00,2026-07,EBM0726,3564.4880436671706,EPIAS_VEP:EBM0726,True,False,False,1.126415361026116,4015.09408658063
2026-07-20T23:00:00+00:00,2026-07-21T02:00:00+03:00,2026-07,EBM0726,3564.488043667261,EPIAS_VEP:EBM0726,True,False,False,1.0860327890325223,3871.1508915370346
2026-07-21T00:00:00+00:00,2026-07-21T03:00:00+03:00,2026-07,EBM0726,3564.4880436673425,EPIAS_VEP:EBM0726,True,False,False,1.076126975159741,3835.8417364248003
2026-07-21T01:00:00+00:00,2026-07-21T04:00:00+03:00,2026-07,EBM0726,3564.488043667411,EPIAS_VEP:EBM0726,True,False,False,1.0594043234342072,3776.2340442907944
2026-07-21T02:00:00+00:00,2026-07-21T05:00:00+03:00,2026-07,EBM0726,3564.488043667467,EPIAS_VEP:EBM0726,True,False,False,1.015786709306231,3620.759580238381
2026-07-21T03:00:00+00:00,2026-07-21T06:00:00+03:00,2026-07,EBM0726,3564.488043667508,EPIAS_VEP:EBM0726,True,False,False,0.9068518848191073,3232.462700815052
2026-07-21T04:00:00+00:00,2026-07-21T07:00:00+03:00,2026-07,EBM0726,3564.488043667533,EPIAS_VEP:EBM0726,True,False,False,0.7522344838925615,2681.330823869453
2026-07-21T05:00:00+00:00,2026-07-21T08:00:00+03:00,2026-07,EBM0726,3564.4880436675417,EPIAS_VEP:EBM0726,True,False,False,1.0889739274249777,3881.634544172018
2026-07-21T06:00:00+00:00,2026-07-21T09:00:00+03:00,2026-07,EBM0726,3564.488043667533,EPIAS_VEP:EBM0726,True,False,False,1.0838602152767278,3863.4067783608148
2026-07-21T07:00:00+00:00,2026-07-21T10:00:00+03:00,2026-07,EBM0726,3564.488043667508,EPIAS_VEP:EBM0726,True,False,False,0.991075371048018,3532.6763104739994
2026-07-21T08:00:00+00:00,2026-07-21T11:00:00+03:00,2026-07,EBM0726,3564.4880436674684,EPIAS_VEP:EBM0726,True,False,False,0.9896319689874387,3527.53132108682
2026-07-21T09:00:00+00:00,2026-07-21T12:00:00+03:00,2026-07,EBM0726,3564.48804366742,EPIAS_VEP:EBM0726,True,False,False,0.7841729501117077,2795.1751048405904
2026-07-21T10:00:00+00:00,2026-07-21T13:00:00+03:00,2026-07,EBM0726,3564.488043667361,EPIAS_VEP:EBM0726,True,False,False,0.934205449245287,3329.9641541637216
2026-07-21T11:00:00+00:00,2026-07-21T14:00:00+03:00,2026-07,EBM0726,3564.4880436672943,EPIAS_VEP:EBM0726,True,False,False,1.046380194657627,3729.8096929873673
2026-07-21T12:00:00+00:00,2026-07-21T15:00:00+03:00,2026-07,EBM0726,3564.488043667222,EPIAS_VEP:EBM0726,True,False,False,1.038917049557075,3703.2074015082203
2026-07-21T13:00:00+00:00,2026-07-21T16:00:00+03:00,2026-07,EBM0726,3564.488043667148,EPIAS_VEP:EBM0726,True,False,False,1.0908841244137977,3888.443418499287
2026-07-21T14:00:00+00:00,2026-07-21T17:00:00+03:00,2026-07,EBM0726,3564.4880436670755,EPIAS_VEP:EBM0726,True,False,False,1.1204290212438297,3993.7558500012346
2026-07-21T15:00:00+00:00,2026-07-21T18:00:00+03:00,2026-07,EBM0726,3564.488043667009,EPIAS_VEP:EBM0726,True,False,False,1.1226065778744427,4001.5177245753885
2026-07-21T16:00:00+00:00,2026-07-21T19:00:00+03:00,2026-07,EBM0726,3564.4880436669537,EPIAS_VEP:EBM0726,True,False,False,1.1818595439007815,4212.724213528015
2026-07-21T17:00:00+00:00,2026-07-21T20:00:00+03:00,2026-07,EBM0726,3564.4880436669127,EPIAS_VEP:EBM0726,True,False,False,1.1882361435424538,4235.453526709958
2026-07-21T18:00:00+00:00,2026-07-21T21:00:00+03:00,2026-07,EBM0726,3564.4880436668877,EPIAS_VEP:EBM0726,True,False,False,1.1924440565585364,4250.452582344545
2026-07-21T19:00:00+00:00,2026-07-21T22:00:00+03:00,2026-07,EBM0726,3564.488043666877,EPIAS_VEP:EBM0726,True,False,False,1.1560489014162743,4120.722486992538
2026-07-21T20:00:00+00:00,2026-07-21T23:00:00+03:00,2026-07,EBM0726,3564.488043666884,EPIAS_VEP:EBM0726,True,False,False,1.1005548650108703,3922.9146577306688
2026-07-21T21:00:00+00:00,2026-07-22T00:00:00+03:00,2026-07,EBM0726,3564.488043666908,EPIAS_VEP:EBM0726,True,False,False,1.15090773274175,4102.396852721758
2026-07-21T22:00:00+00:00,2026-07-22T01:00:00+03:00,2026-07,EBM0726,3564.4880436669505,EPIAS_VEP:EBM0726,True,False,False,1.1252237576395185,4010.8466305560623
2026-07-21T23:00:00+00:00,2026-07-22T02:00:00+03:00,2026-07,EBM0726,3564.48804366701,EPIAS_VEP:EBM0726,True,False,False,1.085006747428419,3867.4935785066314
2026-07-22T00:00:00+00:00,2026-07-22T03:00:00+03:00,2026-07,EBM0726,3564.4880436670865,EPIAS_VEP:EBM0726,True,False,False,1.0745324267693641,3830.1579877519775
2026-07-22T01:00:00+00:00,2026-07-22T04:00:00+03:00,2026-07,EBM0726,3564.488043667178,EPIAS_VEP:EBM0726,True,False,False,1.0569813493175706,3767.5973820216814
2026-07-22T02:00:00+00:00,2026-07-22T05:00:00+03:00,2026-07,EBM0726,3564.488043667283,EPIAS_VEP:EBM0726,True,False,False,1.014877016183003,3617.5169899770417
2026-07-22T03:00:00+00:00,2026-07-22T06:00:00+03:00,2026-07,EBM0726,3564.488043667401,EPIAS_VEP:EBM0726,True,False,False,0.9082823482943574,3237.561570769387
2026-07-22T04:00:00+00:00,2026-07-22T07:00:00+03:00,2026-07,EBM0726,3564.4880436675307,EPIAS_VEP:EBM0726,True,False,False,0.7557719227151665,2693.939982257832
2026-07-22T05:00:00+00:00,2026-07-22T08:00:00+03:00,2026-07,EBM0726,3564.4880436676704,EPIAS_VEP:EBM0726,True,False,False,1.0885538715583751,3880.137260057981
2026-07-22T06:00:00+00:00,2026-07-22T09:00:00+03:00,2026-07,EBM0726,3564.4880436678186,EPIAS_VEP:EBM0726,True,False,False,1.0825311823542283,3858.6694563992337
2026-07-22T07:00:00+00:00,2026-07-22T10:00:00+03:00,2026-07,EBM0726,3564.4880436679737,EPIAS_VEP:EBM0726,True,False,False,0.9907815516551214,3531.628994761483
2026-07-22T08:00:00+00:00,2026-07-22T11:00:00+03:00,2026-07,EBM0726,3564.488043668132,EPIAS_VEP:EBM0726,True,False,False,0.9892090488810835,3526.023827424947
2026-07-22T09:00:00+00:00,2026-07-22T12:00:00+03:00,2026-07,EBM0726,3564.4880436682915,EPIAS_VEP:EBM0726,True,False,False,0.7841795687299118,2795.198696826728
2026-07-22T10:00:00+00:00,2026-07-22T13:00:00+03:00,2026-07,EBM0726,3564.48804366845,EPIAS_VEP:EBM0726,True,False,False,0.9348071140210359,3332.1087810641916
2026-07-22T11:00:00+00:00,2026-07-22T14:00:00+03:00,2026-07,EBM0726,3564.4880436686017,EPIAS_VEP:EBM0726,True,False,False,1.0458604151796584,3727.9569452541723
2026-07-22T12:00:00+00:00,2026-07-22T15:00:00+03:00,2026-07,EBM0726,3564.4880436687445,EPIAS_VEP:EBM0726,True,False,False,1.038979103471729,3703.4285919466497
2026-07-22T13:00:00+00:00,2026-07-22T16:00:00+03:00,2026-07,EBM0726,3564.4880436688745,EPIAS_VEP:EBM0726,True,False,False,1.0907731309747115,3888.0477837146227
2026-07-22T14:00:00+00:00,2026-07-22T17:00:00+03:00,2026-07,EBM0726,3564.488043668992,EPIAS_VEP:EBM0726,True,False,False,1.1200709590196944,3992.479541486562
2026-07-22T15:00:00+00:00,2026-07-22T18:00:00+03:00,2026-07,EBM0726,3564.4880436690955,EPIAS_VEP:EBM0726,True,False,False,1.1222175943167594,4000.1311973371844
2026-07-22T16:00:00+00:00,2026-07-22T19:00:00+03:00,2026-07,EBM0726,3564.4880436691874,EPIAS_VEP:EBM0726,True,False,False,1.1798362662134592,4205.512264405172
2026-07-22T17:00:00+00:00,2026-07-22T20:00:00+03:00,2026-07,EBM0726,3564.488043669269,EPIAS_VEP:EBM0726,True,False,False,1.185897790129977,4227.118493932111
2026-07-22T18:00:00+00:00,2026-07-22T21:00:00+03:00,2026-07,EBM0726,3564.48804366934,EPIAS_VEP:EBM0726,True,False,False,1.189688492831253,4240.630408387999
2026-07-22T19:00:00+00:00,2026-07-22T22:00:00+03:00,2026-07,EBM0726,3564.4880436694007,EPIAS_VEP:EBM0726,True,False,False,1.15386772779276,4112.947719693272
2026-07-22T20:00:00+00:00,2026-07-22T23:00:00+03:00,2026-07,EBM0726,3564.4880436694525,EPIAS_VEP:EBM0726,True,False,False,1.0989565801417864,3917.217590427268
2026-07-22T21:00:00+00:00,2026-07-23T00:00:00+03:00,2026-07,EBM0726,3564.4880436694966,EPIAS_VEP:EBM0726,True,False,False,1.1496740483061911,4097.9993993045255
2026-07-22T22:00:00+00:00,2026-07-23T01:00:00+03:00,2026-07,EBM0726,3564.488043669536,EPIAS_VEP:EBM0726,True,False,False,1.1240354351423043,4006.610869225628
2026-07-22T23:00:00+00:00,2026-07-23T02:00:00+03:00,2026-07,EBM0726,3564.488043669572,EPIAS_VEP:EBM0726,True,False,False,1.083951667857707,3863.732759994488
2026-07-23T00:00:00+00:00,2026-07-23T03:00:00+03:00,2026-07,EBM0726,3564.4880436696058,EPIAS_VEP:EBM0726,True,False,False,1.072887134352164,3824.2933626052345
2026-07-23T01:00:00+00:00,2026-07-23T04:00:00+03:00,2026-07,EBM0726,3564.4880436696385,EPIAS_VEP:EBM0726,True,False,False,1.054528365512535,3758.8537505799177
2026-07-23T02:00:00+00:00,2026-07-23T05:00:00+03:00,2026-07,EBM0726,3564.4880436696712,EPIAS_VEP:EBM0726,True,False,False,1.013978164207341,3614.31304285919
2026-07-23T03:00:00+00:00,2026-07-23T06:00:00+03:00,2026-07,EBM0726,3564.488043669704,EPIAS_VEP:EBM0726,True,False,False,0.9097879618555191,3242.9283123086266
2026-07-23T04:00:00+00:00,2026-07-23T07:00:00+03:00,2026-07,EBM0726,3564.4880436697367,EPIAS_VEP:EBM0726,True,False,False,0.7594056078441365,2706.892209456173
2026-07-23T05:00:00+00:00,2026-07-23T08:00:00+03:00,2026-07,EBM0726,3564.488043669769,EPIAS_VEP:EBM0726,True,False,False,1.0882066492725113,3878.899590373808
2026-07-23T06:00:00+00:00,2026-07-23T09:00:00+03:00,2026-07,EBM0726,3564.488043669797,EPIAS_VEP:EBM0726,True,False,False,1.081209290566998,3853.9575889307685
2026-07-23T07:00:00+00:00,2026-07-23T10:00:00+03:00,2026-07,EBM0726,3564.488043669821,EPIAS_VEP:EBM0726,True,False,False,0.9904093477754151,3530.302278484293
2026-07-23T08:00:00+00:00,2026-07-23T11:00:00+03:00,2026-07,EBM0726,3564.488043669836,EPIAS_VEP:EBM0726,True,False,False,0.9887158335063494,3524.2657671204383
2026-07-23T09:00:00+00:00,2026-07-23T12:00:00+03:00,2026-07,EBM0726,3564.488043669843,EPIAS_VEP:EBM0726,True,False,False,0.7840021186532289,2794.56617815126
2026-07-23T10:00:00+00:00,2026-07-23T13:00:00+03:00,2026-07,EBM0726,3564.48804366984,EPIAS_VEP:EBM0726,True,False,False,0.9352611037943157,3333.7270221842955
2026-07-23T11:00:00+00:00,2026-07-23T14:00:00+03:00,2026-07,EBM0726,3564.4880436698263,EPIAS_VEP:EBM0726,True,False,False,1.0452767515593873,3725.8764832594716
2026-07-23T12:00:00+00:00,2026-07-23T15:00:00+03:00,2026-07,EBM0726,3564.488043669802,EPIAS_VEP:EBM0726,True,False,False,1.038977945745607,3703.4244652468287
2026-07-23T13:00:00+00:00,2026-07-23T16:00:00+03:00,2026-07,EBM0726,3564.488043669768,EPIAS_VEP:EBM0726,True,False,False,1.0906695645501703,3887.6786224335942
2026-07-23T14:00:00+00:00,2026-07-23T17:00:00+03:00,2026-07,EBM0726,3564.4880436697244,EPIAS_VEP:EBM0726,True,False,False,1.1197778713934667,3991.4348341479467
2026-07-23T15:00:00+00:00,2026-07-23T18:00:00+03:00,2026-07,EBM0726,3564.4880436696712,EPIAS_VEP:EBM0726,True,False,False,1.1219085781825318,3999.029713022075
2026-07-23T16:00:00+00:00,2026-07-23T19:00:00+03:00,2026-07,EBM0726,3564.4880436696103,EPIAS_VEP:EBM0726,True,False,False,1.1778968645526886,4198.599290373981
2026-07-23T17:00:00+00:00,2026-07-23T20:00:00+03:00,2026-07,EBM0726,3564.4880436695425,EPIAS_VEP:EBM0726,True,False,False,1.1836522266195195,4219.114209648109
2026-07-23T18:00:00+00:00,2026-07-23T21:00:00+03:00,2026-07,EBM0726,3564.488043669469,EPIAS_VEP:EBM0726,True,False,False,1.1870063463991387,4231.06992949951
2026-07-23T19:00:00+00:00,2026-07-23T22:00:00+03:00,2026-07,EBM0726,3564.4880436693893,EPIAS_VEP:EBM0726,True,False,False,1.1517151390327036,4105.2748427951
2026-07-23T20:00:00+00:00,2026-07-23T23:00:00+03:00,2026-07,EBM0726,3564.488043669302,EPIAS_VEP:EBM0726,True,False,False,1.0973778382565362,3911.5901838530885
2026-07-23T21:00:00+00:00,2026-07-24T00:00:00+03:00,2026-07,EBM0726,3564.4880436692088,EPIAS_VEP:EBM0726,True,False,False,1.1484699586889657,4093.7074362600883
2026-07-23T22:00:00+00:00,2026-07-24T01:00:00+03:00,2026-07,EBM0726,3564.488043669111,EPIAS_VEP:EBM0726,True,False,False,1.1228508643962412,4002.388480963928
2026-07-23T23:00:00+00:00,2026-07-24T02:00:00+03:00,2026-07,EBM0726,3564.488043669011,EPIAS_VEP:EBM0726,True,False,False,1.0828678481081928,3859.869497455244
2026-07-24T00:00:00+00:00,2026-07-24T03:00:00+03:00,2026-07,EBM0726,3564.488043668912,EPIAS_VEP:EBM0726,True,False,False,1.071192088205166,3818.2513908800483
2026-07-24T01:00:00+00:00,2026-07-24T04:00:00+03:00,2026-07,EBM0726,3564.4880436688136,EPIAS_VEP:EBM0726,True,False,False,1.0520468545157928,3750.0084343009275
2026-07-24T02:00:00+00:00,2026-07-24T05:00:00+03:00,2026-07,EBM0726,3564.4880436687185,EPIAS_VEP:EBM0726,True,False,False,1.013090067661237,3611.147433338013
2026-07-24T03:00:00+00:00,2026-07-24T06:00:00+03:00,2026-07,EBM0726,3564.4880436686262,EPIAS_VEP:EBM0726,True,False,False,0.9113674228153767,3248.5582820145
2026-07-24T04:00:00+00:00,2026-07-24T07:00:00+03:00,2026-07,EBM0726,3564.488043668538,EPIAS_VEP:EBM0726,True,False,False,0.7631330491121551,2720.1786292885918
2026-07-24T05:00:00+00:00,2026-07-24T08:00:00+03:00,2026-07,EBM0726,3564.488043668456,EPIAS_VEP:EBM0726,True,False,False,1.0879321990031936,3877.921315668815
2026-07-24T06:00:00+00:00,2026-07-24T09:00:00+03:00,2026-07,EBM0726,3564.4880436683825,EPIAS_VEP:EBM0726,True,False,False,1.079895640046493,3849.2750973553393
2026-07-24T07:00:00+00:00,2026-07-24T10:00:00+03:00,2026-07,EBM0726,3564.488043668318,EPIAS_VEP:EBM0726,True,False,False,0.9899593199581913,3528.6981597089916
2026-07-24T08:00:00+00:00,2026-07-24T11:00:00+03:00,2026-07,EBM0726,3564.488043668264,EPIAS_VEP:EBM0726,True,False,False,0.9881528725736366,3522.259099605177
2026-07-24T09:00:00+00:00,2026-07-24T12:00:00+03:00,2026-07,EBM0726,3564.4880436682174,EPIAS_VEP:EBM0726,True,False,False,0.7836405571704218,2793.2773965674687
2026-07-24T10:00:00+00:00,2026-07-24T13:00:00+03:00,2026-07,EBM0726,3564.4880436681783,EPIAS_VEP:EBM0726,True,False,False,0.9355677707451626,3334.8201328624236
2026-07-24T11:00:00+00:00,2026-07-24T14:00:00+03:00,2026-07,EBM0726,3564.4880436681456,EPIAS_VEP:EBM0726,True,False,False,1.044630513616158,3723.5729758357093
2026-07-24T12:00:00+00:00,2026-07-24T15:00:00+03:00,2026-07,EBM0726,3564.488043668117,EPIAS_VEP:EBM0726,True,False,False,1.038914583986124,3703.198613010975
2026-07-24T13:00:00+00:00,2026-07-24T16:00:00+03:00,2026-07,EBM0726,3564.488043668089,EPIAS_VEP:EBM0726,True,False,False,1.0905743085005637,3887.3390833818535
2026-07-24T14:00:00+00:00,2026-07-24T17:00:00+03:00,2026-07,EBM0726,3564.4880436680583,EPIAS_VEP:EBM0726,True,False,False,1.1195498134479558,3990.6219243260434
2026-07-24T15:00:00+00:00,2026-07-24T18:00:00+03:00,2026-07,EBM0726,3564.488043668022,EPIAS_VEP:EBM0726,True,False,False,1.1216792488226448,3998.2122712588457
2026-07-24T16:00:00+00:00,2026-07-24T19:00:00+03:00,2026-07,EBM0726,3564.488043667979,EPIAS_VEP:EBM0726,True,False,False,1.1760424152252031,4191.9891279166495
2026-07-24T17:00:00+00:00,2026-07-24T20:00:00+03:00,2026-07,EBM0726,3564.4880436679314,EPIAS_VEP:EBM0726,True,False,False,1.18150064851539,4211.444935219015
2026-07-24T18:00:00+00:00,2026-07-24T21:00:00+03:00,2026-07,EBM0726,3564.488043667878,EPIAS_VEP:EBM0726,True,False,False,1.1843993041478387,4221.7771585635255
2026-07-24T19:00:00+00:00,2026-07-24T22:00:00+03:00,2026-07,EBM0726,3564.48804366782,EPIAS_VEP:EBM0726,True,False,False,1.1495925860105665,4097.709027923834
2026-07-24T20:00:00+00:00,2026-07-24T23:00:00+03:00,2026-07,EBM0726,3564.4880436677554,EPIAS_VEP:EBM0726,True,False,False,1.095819525647273,3906.0355971873755
2026-07-24T21:00:00+00:00,2026-07-25T00:00:00+03:00,2026-07,EBM0726,3564.4880436676867,EPIAS_VEP:EBM0726,True,False,False,1.1589857756347373,4131.190940030941
2026-07-24T22:00:00+00:00,2026-07-25T01:00:00+03:00,2026-07,EBM0726,3564.488043667612,EPIAS_VEP:EBM0726,True,False,False,1.1316070644875247,4033.5998514955863
2026-07-24T23:00:00+00:00,2026-07-25T02:00:00+03:00,2026-07,EBM0726,3564.4880436675303,EPIAS_VEP:EBM0726,True,False,False,1.074632197661035,3830.513619902921
2026-07-25T00:00:00+00:00,2026-07-25T03:00:00+03:00,2026-07,EBM0726,3564.48804366744,EPIAS_VEP:EBM0726,True,False,False,1.072465993382711,3822.792210652597
2026-07-25T01:00:00+00:00,2026-07-25T04:00:00+03:00,2026-07,EBM0726,3564.48804366734,EPIAS_VEP:EBM0726,True,False,False,1.0453544876801408,3726.1535727298597
2026-07-25T02:00:00+00:00,2026-07-25T05:00:00+03:00,2026-07,EBM0726,3564.488043667234,EPIAS_VEP:EBM0726,True,False,False,1.0267050964395175,3659.6780406308744
2026-07-25T03:00:00+00:00,2026-07-25T06:00:00+03:00,2026-07,EBM0726,3564.4880436671237,EPIAS_VEP:EBM0726,True,False,False,0.9566431987095037,3409.943243855498
2026-07-25T04:00:00+00:00,2026-07-25T07:00:00+03:00,2026-07,EBM0726,3564.4880436670087,EPIAS_VEP:EBM0726,True,False,False,0.7553189006820407,2692.3251906368428
2026-07-25T05:00:00+00:00,2026-07-25T08:00:00+03:00,2026-07,EBM0726,3564.488043666892,EPIAS_VEP:EBM0726,True,False,False,0.963602048185061,3434.747979608578
2026-07-25T06:00:00+00:00,2026-07-25T09:00:00+03:00,2026-07,EBM0726,3564.4880436667727,EPIAS_VEP:EBM0726,True,False,False,0.8912630857586067,3176.896612948107
2026-07-25T07:00:00+00:00,2026-07-25T10:00:00+03:00,2026-07,EBM0726,3564.488043666653,EPIAS_VEP:EBM0726,True,False,False,0.7650259962400586,2726.926016691859
2026-07-25T08:00:00+00:00,2026-07-25T11:00:00+03:00,2026-07,EBM0726,3564.4880436665367,EPIAS_VEP:EBM0726,True,False,False,0.7278659543590154,2594.469491704643
2026-07-25T09:00:00+00:00,2026-07-25T12:00:00+03:00,2026-07,EBM0726,3564.488043666422,EPIAS_VEP:EBM0726,True,False,False,0.5956196682488001,2123.0791860454087
2026-07-25T10:00:00+00:00,2026-07-25T13:00:00+03:00,2026-07,EBM0726,3564.4880436663097,EPIAS_VEP:EBM0726,True,False,False,0.7515490964977727,2678.8877686945284
2026-07-25T11:00:00+00:00,2026-07-25T14:00:00+03:00,2026-07,EBM0726,3564.4880436662,EPIAS_VEP:EBM0726,True,False,False,0.7236314304146247,2579.3755817339998
2026-07-25T12:00:00+00:00,2026-07-25T15:00:00+03:00,2026-07,EBM0726,3564.488043666094,EPIAS_VEP:EBM0726,True,False,False,0.6904950309016609,2461.2612818598204
2026-07-25T13:00:00+00:00,2026-07-25T16:00:00+03:00,2026-07,EBM0726,3564.4880436659914,EPIAS_VEP:EBM0726,True,False,False,0.8487106432316815,3025.218940331402
2026-07-25T14:00:00+00:00,2026-07-25T17:00:00+03:00,2026-07,EBM0726,3564.4880436658914,EPIAS_VEP:EBM0726,True,False,False,0.9666352611597845,3445.5598309899083
2026-07-25T15:00:00+00:00,2026-07-25T18:00:00+03:00,2026-07,EBM0726,3564.4880436657936,EPIAS_VEP:EBM0726,True,False,False,1.0928841720140807,3895.5725642557813
2026-07-25T16:00:00+00:00,2026-07-25T19:00:00+03:00,2026-07,EBM0726,3564.4880436656986,EPIAS_VEP:EBM0726,True,False,False,1.1779767192062267,4198.883931327141
2026-07-25T17:00:00+00:00,2026-07-25T20:00:00+03:00,2026-07,EBM0726,3564.488043665606,EPIAS_VEP:EBM0726,True,False,False,1.1809366609449437,4209.434608264635
2026-07-25T18:00:00+00:00,2026-07-25T21:00:00+03:00,2026-07,EBM0726,3564.488043665516,EPIAS_VEP:EBM0726,True,False,False,1.1809212857350906,4209.379803512839
2026-07-25T19:00:00+00:00,2026-07-25T22:00:00+03:00,2026-07,EBM0726,3564.488043665429,EPIAS_VEP:EBM0726,True,False,False,1.1224877518480467,4001.0941706232493
2026-07-25T20:00:00+00:00,2026-07-25T23:00:00+03:00,2026-07,EBM0726,3564.488043665345,EPIAS_VEP:EBM0726,True,False,False,1.0848913327146124,3867.0821841373972
2026-07-25T21:00:00+00:00,2026-07-26T00:00:00+03:00,2026-07,EBM0726,3564.4880436652634,EPIAS_VEP:EBM0726,True,False,False,1.1222986767451104,4000.4202146792923
2026-07-25T22:00:00+00:00,2026-07-26T01:00:00+03:00,2026-07,EBM0726,3564.4880436651865,EPIAS_VEP:EBM0726,True,False,False,1.065846131683444,3799.195792772426
2026-07-25T23:00:00+00:00,2026-07-26T02:00:00+03:00,2026-07,EBM0726,3564.4880436651138,EPIAS_VEP:EBM0726,True,False,False,0.9947637637243232,3545.8235420666583
2026-07-26T00:00:00+00:00,2026-07-26T03:00:00+03:00,2026-07,EBM0726,3564.4880436650446,EPIAS_VEP:EBM0726,True,False,False,0.9837585934799609,3506.5957443120615
2026-07-26T01:00:00+00:00,2026-07-26T04:00:00+03:00,2026-07,EBM0726,3564.4880436649805,EPIAS_VEP:EBM0726,True,False,False,0.9801858044434102,3493.8605805086763
2026-07-26T02:00:00+00:00,2026-07-26T05:00:00+03:00,2026-07,EBM0726,3564.488043664924,EPIAS_VEP:EBM0726,True,False,False,0.9489119222784488,3382.3852014526306
2026-07-26T03:00:00+00:00,2026-07-26T06:00:00+03:00,2026-07,EBM0726,3564.4880436648778,EPIAS_VEP:EBM0726,True,False,False,0.9264029761941447,3302.152332259587
2026-07-26T04:00:00+00:00,2026-07-26T07:00:00+03:00,2026-07,EBM0726,3564.488043664845,EPIAS_VEP:EBM0726,True,False,False,0.6866520681128445,2447.563086945973
2026-07-26T05:00:00+00:00,2026-07-26T08:00:00+03:00,2026-07,EBM0726,3564.488043664824,EPIAS_VEP:EBM0726,True,False,False,0.46914741293287354,1672.2703441155118
2026-07-26T06:00:00+00:00,2026-07-26T09:00:00+03:00,2026-07,EBM0726,3564.4880436648104,EPIAS_VEP:EBM0726,True,False,False,0.4426755836359033,1577.9118250925192
2026-07-26T07:00:00+00:00,2026-07-26T10:00:00+03:00,2026-07,EBM0726,3564.488043664804,EPIAS_VEP:EBM0726,True,False,False,0.3872602877468895,1380.3846654599793
2026-07-26T08:00:00+00:00,2026-07-26T11:00:00+03:00,2026-07,EBM0726,3564.4880436648014,EPIAS_VEP:EBM0726,True,False,False,0.3811728225998157,1358.6859687270075
2026-07-26T09:00:00+00:00,2026-07-26T12:00:00+03:00,2026-07,EBM0726,3564.4880436648027,EPIAS_VEP:EBM0726,True,False,False,0.3377183389261742,1203.7929812286854
2026-07-26T10:00:00+00:00,2026-07-26T13:00:00+03:00,2026-07,EBM0726,3564.488043664808,EPIAS_VEP:EBM0726,True,False,False,0.4692590766412463,1672.6683680689102
2026-07-26T11:00:00+00:00,2026-07-26T14:00:00+03:00,2026-07,EBM0726,3564.488043664815,EPIAS_VEP:EBM0726,True,False,False,0.48319751914967646,1722.3517797375223
2026-07-26T12:00:00+00:00,2026-07-26T15:00:00+03:00,2026-07,EBM0726,3564.4880436648223,EPIAS_VEP:EBM0726,True,False,False,0.45152000775957407,1609.4376691344496
2026-07-26T13:00:00+00:00,2026-07-26T16:00:00+03:00,2026-07,EBM0726,3564.488043664828,EPIAS_VEP:EBM0726,True,False,False,0.617632947837521,2201.545257940306
2026-07-26T14:00:00+00:00,2026-07-26T17:00:00+03:00,2026-07,EBM0726,3564.488043664831,EPIAS_VEP:EBM0726,True,False,False,0.8513401606590331,3034.59182376082
2026-07-26T15:00:00+00:00,2026-07-26T18:00:00+03:00,2026-07,EBM0726,3564.488043664829,EPIAS_VEP:EBM0726,True,False,False,1.0328363772669695,3681.5329178302095
2026-07-26T16:00:00+00:00,2026-07-26T19:00:00+03:00,2026-07,EBM0726,3564.48804366482,EPIAS_VEP:EBM0726,True,False,False,1.1525443745114914,4108.23064273936
2026-07-26T17:00:00+00:00,2026-07-26T20:00:00+03:00,2026-07,EBM0726,3564.488043664803,EPIAS_VEP:EBM0726,True,False,False,1.1704250795339333,4171.966202004131
2026-07-26T18:00:00+00:00,2026-07-26T21:00:00+03:00,2026-07,EBM0726,3564.4880436647777,EPIAS_VEP:EBM0726,True,False,False,1.1797354674849507,4205.152968537384
2026-07-26T19:00:00+00:00,2026-07-26T22:00:00+03:00,2026-07,EBM0726,3564.488043664744,EPIAS_VEP:EBM0726,True,False,False,1.134478475899444,4043.8349631385695
2026-07-26T20:00:00+00:00,2026-07-26T23:00:00+03:00,2026-07,EBM0726,3564.488043664704,EPIAS_VEP:EBM0726,True,False,False,1.091924055317622,3892.1502397695403
2026-07-26T21:00:00+00:00,2026-07-27T00:00:00+03:00,2026-07,EBM0726,3564.488043664656,EPIAS_VEP:EBM0726,True,False,False,1.1450395613195354,4081.4798258465066
2026-07-26T22:00:00+00:00,2026-07-27T01:00:00+03:00,2026-07,EBM0726,3564.488043664602,EPIAS_VEP:EBM0726,True,False,False,1.1193238639133254,3989.8165299075126
2026-07-26T23:00:00+00:00,2026-07-27T02:00:00+03:00,2026-07,EBM0726,3564.488043664548,EPIAS_VEP:EBM0726,True,False,False,1.079446918900178,3847.67563619022
2026-07-27T00:00:00+00:00,2026-07-27T03:00:00+03:00,2026-07,EBM0726,3564.488043664493,EPIAS_VEP:EBM0726,True,False,False,1.0658186476837002,3799.097826383208
2026-07-27T01:00:00+00:00,2026-07-27T04:00:00+03:00,2026-07,EBM0726,3564.4880436644394,EPIAS_VEP:EBM0726,True,False,False,1.0444459402732322,3722.9150663577993
2026-07-27T02:00:00+00:00,2026-07-27T05:00:00+03:00,2026-07,EBM0726,3564.4880436643884,EPIAS_VEP:EBM0726,True,False,False,1.0104889016987673,3601.8756083608155
2026-07-27T03:00:00+00:00,2026-07-27T06:00:00+03:00,2026-07,EBM0726,3564.4880436643434,EPIAS_VEP:EBM0726,True,False,False,0.9165346258585731,3266.976715477256
2026-07-27T04:00:00+00:00,2026-07-27T07:00:00+03:00,2026-07,EBM0726,3564.4880436643057,EPIAS_VEP:EBM0726,True,False,False,0.7748518751613476,2761.9502446234906
2026-07-27T05:00:00+00:00,2026-07-27T08:00:00+03:00,2026-07,EBM0726,3564.4880436642766,EPIAS_VEP:EBM0726,True,False,False,1.0875437022256533,3876.5365235457234
2026-07-27T06:00:00+00:00,2026-07-27T09:00:00+03:00,2026-07,EBM0726,3564.488043664256,EPIAS_VEP:EBM0726,True,False,False,1.0760151879682205,3835.443272313869
2026-07-27T07:00:00+00:00,2026-07-27T10:00:00+03:00,2026-07,EBM0726,3564.4880436642457,EPIAS_VEP:EBM0726,True,False,False,0.9881496039945553,3522.2474487901513
2026-07-27T08:00:00+00:00,2026-07-27T11:00:00+03:00,2026-07,EBM0726,3564.4880436642475,EPIAS_VEP:EBM0726,True,False,False,0.9860524073378935,3514.7720163822696
2026-07-27T09:00:00+00:00,2026-07-27T12:00:00+03:00,2026-07,EBM0726,3564.488043664261,EPIAS_VEP:EBM0726,True,False,False,0.7814543541123179,2785.4847019027347
2026-07-27T10:00:00+00:00,2026-07-27T13:00:00+03:00,2026-07,EBM0726,3564.488043664288,EPIAS_VEP:EBM0726,True,False,False,0.9356099651421952,3334.970534282516
2026-07-27T11:00:00+00:00,2026-07-27T14:00:00+03:00,2026-07,EBM0726,3564.4880436643302,EPIAS_VEP:EBM0726,True,False,False,1.042330423245048,3715.374331204555
2026-07-27T12:00:00+00:00,2026-07-27T15:00:00+03:00,2026-07,EBM0726,3564.4880436643894,EPIAS_VEP:EBM0726,True,False,False,1.0383624753665681,3701.230628433891
2026-07-27T13:00:00+00:00,2026-07-27T16:00:00+03:00,2026-07,EBM0726,3564.4880436644657,EPIAS_VEP:EBM0726,True,False,False,1.0903471288608078,3886.529304268228
2026-07-27T14:00:00+00:00,2026-07-27T17:00:00+03:00,2026-07,EBM0726,3564.4880436645603,EPIAS_VEP:EBM0726,True,False,False,1.119255262330308,3989.572000385024
2026-07-27T15:00:00+00:00,2026-07-27T18:00:00+03:00,2026-07,EBM0726,3564.4880436646704,EPIAS_VEP:EBM0726,True,False,False,1.12146521899956,3997.4493645097127
2026-07-27T16:00:00+00:00,2026-07-27T19:00:00+03:00,2026-07,EBM0726,3564.488043664794,EPIAS_VEP:EBM0726,True,False,False,1.1709978537007248,4174.007848673369
2026-07-27T17:00:00+00:00,2026-07-27T20:00:00+03:00,2026-07,EBM0726,3564.4880436649287,EPIAS_VEP:EBM0726,True,False,False,1.1756198251624843,4190.482810687129
2026-07-27T18:00:00+00:00,2026-07-27T21:00:00+03:00,2026-07,EBM0726,3564.488043665073,EPIAS_VEP:EBM0726,True,False,False,1.1770440613715074,4195.559483625716
2026-07-27T19:00:00+00:00,2026-07-27T22:00:00+03:00,2026-07,EBM0726,3564.4880436652265,EPIAS_VEP:EBM0726,True,False,False,1.1434187074676174,4075.7023116714695
2026-07-27T20:00:00+00:00,2026-07-27T23:00:00+03:00,2026-07,EBM0726,3564.48804366539,EPIAS_VEP:EBM0726,True,False,False,1.0912752977384264,3889.837751136009
2026-07-27T21:00:00+00:00,2026-07-28T00:00:00+03:00,2026-07,EBM0726,3564.488043665563,EPIAS_VEP:EBM0726,True,False,False,1.1439578509597335,4077.624082203322
2026-07-27T22:00:00+00:00,2026-07-28T01:00:00+03:00,2026-07,EBM0726,3564.488043665745,EPIAS_VEP:EBM0726,True,False,False,1.1181583309020358,3985.6620014255523
2026-07-27T23:00:00+00:00,2026-07-28T02:00:00+03:00,2026-07,EBM0726,3564.488043665935,EPIAS_VEP:EBM0726,True,False,False,1.0782511069212923,3843.4131786905064
2026-07-28T00:00:00+00:00,2026-07-28T03:00:00+03:00,2026-07,EBM0726,3564.4880436661306,EPIAS_VEP:EBM0726,True,False,False,1.0639349063070793,3792.383252770629
2026-07-28T01:00:00+00:00,2026-07-28T04:00:00+03:00,2026-07,EBM0726,3564.4880436663284,EPIAS_VEP:EBM0726,True,False,False,1.041865078876888,3713.7156167701432
2026-07-28T02:00:00+00:00,2026-07-28T05:00:00+03:00,2026-07,EBM0726,3564.488043666526,EPIAS_VEP:EBM0726,True,False,False,1.0096422377441125,3598.8576848196053
2026-07-28T03:00:00+00:00,2026-07-28T06:00:00+03:00,2026-07,EBM0726,3564.4880436667227,EPIAS_VEP:EBM0726,True,False,False,0.9183948106550994,3273.6073219456657
2026-07-28T04:00:00+00:00,2026-07-28T07:00:00+03:00,2026-07,EBM0726,3564.4880436669164,EPIAS_VEP:EBM0726,True,False,False,0.7789279465603917,2776.4793523925387
2026-07-28T05:00:00+00:00,2026-07-28T08:00:00+03:00,2026-07,EBM0726,3564.4880436671074,EPIAS_VEP:EBM0726,True,False,False,1.087558177006968,3876.588118733733
2026-07-28T06:00:00+00:00,2026-07-28T09:00:00+03:00,2026-07,EBM0726,3564.488043667296,EPIAS_VEP:EBM0726,True,False,False,1.074745563008697,3830.9177093289773
2026-07-28T07:00:00+00:00,2026-07-28T10:00:00+03:00,2026-07,EBM0726,3564.488043667481,EPIAS_VEP:EBM0726,True,False,False,0.9873961535429263,3519.5617836670212
2026-07-28T08:00:00+00:00,2026-07-28T11:00:00+03:00,2026-07,EBM0726,3564.488043667662,EPIAS_VEP:EBM0726,True,False,False,0.9852178138827336,3511.7971179933957
2026-07-28T09:00:00+00:00,2026-07-28T12:00:00+03:00,2026-07,EBM0726,3564.4880436678386,EPIAS_VEP:EBM0726,True,False,False,0.780360686658732,2781.586337343475
2026-07-28T10:00:00+00:00,2026-07-28T13:00:00+03:00,2026-07,EBM0726,3564.4880436680096,EPIAS_VEP:EBM0726,True,False,False,0.9353343336820112,3333.9880492417137
2026-07-28T11:00:00+00:00,2026-07-28T14:00:00+03:00,2026-07,EBM0726,3564.4880436681738,EPIAS_VEP:EBM0726,True,False,False,1.0414482681445307,3712.229899900106
2026-07-28T12:00:00+00:00,2026-07-28T15:00:00+03:00,2026-07,EBM0726,3564.488043668332,EPIAS_VEP:EBM0726,True,False,False,1.0380618617886594,3700.159094933765
2026-07-28T13:00:00+00:00,2026-07-28T16:00:00+03:00,2026-07,EBM0726,3564.4880436684816,EPIAS_VEP:EBM0726,True,False,False,1.090293795984046,3886.3391998710545
2026-07-28T14:00:00+00:00,2026-07-28T17:00:00+03:00,2026-07,EBM0726,3564.488043668621,EPIAS_VEP:EBM0726,True,False,False,1.1192864001662433,3989.6829908334653
2026-07-28T15:00:00+00:00,2026-07-28T18:00:00+03:00,2026-07,EBM0726,3564.488043668748,EPIAS_VEP:EBM0726,True,False,False,1.1215500272800436,3997.7516626160736
2026-07-28T16:00:00+00:00,2026-07-28T19:00:00+03:00,2026-07,EBM0726,3564.488043668859,EPIAS_VEP:EBM0726,True,False,False,1.1694917178338735,4168.639245388597
2026-07-28T17:00:00+00:00,2026-07-28T20:00:00+03:00,2026-07,EBM0726,3564.488043668956,EPIAS_VEP:EBM0726,True,False,False,1.1738535300219965,4184.186872782005
2026-07-28T18:00:00+00:00,2026-07-28T21:00:00+03:00,2026-07,EBM0726,3564.488043669038,EPIAS_VEP:EBM0726,True,False,False,1.1747521487318482,4187.389988429184
2026-07-28T19:00:00+00:00,2026-07-28T22:00:00+03:00,2026-07,EBM0726,3564.488043669102,EPIAS_VEP:EBM0726,True,False,False,1.1414295404895882,4068.611949765854
2026-07-28T20:00:00+00:00,2026-07-28T23:00:00+03:00,2026-07,EBM0726,3564.488043669144,EPIAS_VEP:EBM0726,True,False,False,1.0898065890560484,3884.602556602137
2026-07-28T21:00:00+00:00,2026-07-29T00:00:00+03:00,2026-07,EBM0726,3564.488043669161,EPIAS_VEP:EBM0726,True,False,False,1.1429074324659627,4073.879878045543
2026-07-28T22:00:00+00:00,2026-07-29T01:00:00+03:00,2026-07,EBM0726,3564.4880436691524,EPIAS_VEP:EBM0726,True,False,False,1.1169983940193655,3981.527420279673
2026-07-28T23:00:00+00:00,2026-07-29T02:00:00+03:00,2026-07,EBM0726,3564.488043669114,EPIAS_VEP:EBM0726,True,False,False,1.0770280362424407,3839.053557882605
2026-07-29T00:00:00+00:00,2026-07-29T03:00:00+03:00,2026-07,EBM0726,3564.488043669044,EPIAS_VEP:EBM0726,True,False,False,1.0620066671856445,3785.5100674800397
2026-07-29T01:00:00+00:00,2026-07-29T04:00:00+03:00,2026-07,EBM0726,3564.488043668944,EPIAS_VEP:EBM0726,True,False,False,1.0392630414297432,3704.4406854033423
2026-07-29T02:00:00+00:00,2026-07-29T05:00:00+03:00,2026-07,EBM0726,3564.488043668816,EPIAS_VEP:EBM0726,True,False,False,1.0088053565027846,3595.874631643233
2026-07-29T03:00:00+00:00,2026-07-29T06:00:00+03:00,2026-07,EBM0726,3564.4880436686626,EPIAS_VEP:EBM0726,True,False,False,0.920321114340452,3280.4736084023616
2026-07-29T04:00:00+00:00,2026-07-29T07:00:00+03:00,2026-07,EBM0726,3564.4880436684866,EPIAS_VEP:EBM0726,True,False,False,0.7830842263017534,2791.2943618379877
2026-07-29T05:00:00+00:00,2026-07-29T08:00:00+03:00,2026-07,EBM0726,3564.4880436682924,EPIAS_VEP:EBM0726,True,False,False,1.0876439590278542,3876.8938877228325
2026-07-29T06:00:00+00:00,2026-07-29T09:00:00+03:00,2026-07,EBM0726,3564.4880436680846,EPIAS_VEP:EBM0726,True,False,False,1.0734897140234165,3826.4412506371395
2026-07-29T07:00:00+00:00,2026-07-29T10:00:00+03:00,2026-07,EBM0726,3564.488043667869,EPIAS_VEP:EBM0726,True,False,False,0.9865693737946652,3516.614737139981
2026-07-29T08:00:00+00:00,2026-07-29T11:00:00+03:00,2026-07,EBM0726,3564.488043667652,EPIAS_VEP:EBM0726,True,False,False,0.9843176051007843,3508.588334553323
2026-07-29T09:00:00+00:00,2026-07-29T12:00:00+03:00,2026-07,EBM0726,3564.48804366744,EPIAS_VEP:EBM0726,True,False,False,0.7790862648664229,2777.043676101888
2026-07-29T10:00:00+00:00,2026-07-29T13:00:00+03:00,2026-07,EBM0726,3564.488043667238,EPIAS_VEP:EBM0726,True,False,False,0.9349157337068594,3332.4959546344835
2026-07-29T11:00:00+00:00,2026-07-29T14:00:00+03:00,2026-07,EBM0726,3564.488043667053,EPIAS_VEP:EBM0726,True,False,False,1.0405110326981635,3708.8891353562617
2026-07-29T12:00:00+00:00,2026-07-29T15:00:00+03:00,2026-07,EBM0726,3564.4880436668896,EPIAS_VEP:EBM0726,True,False,False,1.0377051836517244,3698.8877199777253
2026-07-29T13:00:00+00:00,2026-07-29T16:00:00+03:00,2026-07,EBM0726,3564.488043666752,EPIAS_VEP:EBM0726,True,False,False,1.0902530653758187,3886.1940161031316
2026-07-29T14:00:00+00:00,2026-07-29T17:00:00+03:00,2026-07,EBM0726,3564.4880436666454,EPIAS_VEP:EBM0726,True,False,False,1.1193817396151464,3990.0228271569595
2026-07-29T15:00:00+00:00,2026-07-29T18:00:00+03:00,2026-07,EBM0726,3564.4880436665726,EPIAS_VEP:EBM0726,True,False,False,1.1217117734762174,3998.328204996004
2026-07-29T16:00:00+00:00,2026-07-29T19:00:00+03:00,2026-07,EBM0726,3564.488043666536,EPIAS_VEP:EBM0726,True,False,False,1.1680742162795188,4163.586578043504
2026-07-29T17:00:00+00:00,2026-07-29T20:00:00+03:00,2026-07,EBM0726,3564.48804366654,EPIAS_VEP:EBM0726,True,False,False,1.1721852320202588,4178.240244498701
2026-07-29T18:00:00+00:00,2026-07-29T21:00:00+03:00,2026-07,EBM0726,3564.4880436665867,EPIAS_VEP:EBM0726,True,False,False,1.1725421466651378,4179.512462483037
2026-07-29T19:00:00+00:00,2026-07-29T22:00:00+03:00,2026-07,EBM0726,3564.488043666679,EPIAS_VEP:EBM0726,True,False,False,1.1394767037918394,4061.6510867027296
2026-07-29T20:00:00+00:00,2026-07-29T23:00:00+03:00,2026-07,EBM0726,3564.4880436668186,EPIAS_VEP:EBM0726,True,False,False,1.088362003650158,3879.4533491922507
2026-07-29T21:00:00+00:00,2026-07-30T00:00:00+03:00,2026-07,EBM0726,3564.488043667008,EPIAS_VEP:EBM0726,True,False,False,1.141888463346016,4070.2477747981666
2026-07-29T22:00:00+00:00,2026-07-30T01:00:00+03:00,2026-07,EBM0726,3564.4880436672497,EPIAS_VEP:EBM0726,True,False,False,1.1158443192159482,3977.4137344392693
2026-07-29T23:00:00+00:00,2026-07-30T02:00:00+03:00,2026-07,EBM0726,3564.4880436675444,EPIAS_VEP:EBM0726,True,False,False,1.0757780013940286,3834.5978236095816
2026-07-30T00:00:00+00:00,2026-07-30T03:00:00+03:00,2026-07,EBM0726,3564.4880436678936,EPIAS_VEP:EBM0726,True,False,False,1.060035035917879,3778.4822113983455
2026-07-30T01:00:00+00:00,2026-07-30T04:00:00+03:00,2026-07,EBM0726,3564.4880436682997,EPIAS_VEP:EBM0726,True,False,False,1.0366412768724291,3695.095436984813
2026-07-30T02:00:00+00:00,2026-07-30T05:00:00+03:00,2026-07,EBM0726,3564.488043668763,EPIAS_VEP:EBM0726,True,False,False,1.0079779587482645,3592.9253822398346
2026-07-30T03:00:00+00:00,2026-07-30T06:00:00+03:00,2026-07,EBM0726,3564.4880436692847,EPIAS_VEP:EBM0726,True,False,False,0.9223117599883771,3287.569241014145
2026-07-30T04:00:00+00:00,2026-07-30T07:00:00+03:00,2026-07,EBM0726,3564.4880436698654,EPIAS_VEP:EBM0726,True,False,False,0.7873178039271294,2806.384898666668
2026-07-30T05:00:00+00:00,2026-07-30T08:00:00+03:00,2026-07,EBM0726,3564.4880436705075,EPIAS_VEP:EBM0726,True,False,False,1.087800527294512,3877.4519734397613
2026-07-30T06:00:00+00:00,2026-07-30T09:00:00+03:00,2026-07,EBM0726,3564.48804367121,EPIAS_VEP:EBM0726,True,False,False,1.0722487464674255,3822.017836624581
2026-07-30T07:00:00+00:00,2026-07-30T10:00:00+03:00,2026-07,EBM0726,3564.488043671972,EPIAS_VEP:EBM0726,True,False,False,0.9856704942227275,3513.4106916571554
2026-07-30T08:00:00+00:00,2026-07-30T11:00:00+03:00,2026-07,EBM0726,3564.488043672788,EPIAS_VEP:EBM0726,True,False,False,0.9833528765327962,3505.1495711123957
2026-07-30T09:00:00+00:00,2026-07-30T12:00:00+03:00,2026-07,EBM0726,3564.4880436736603,EPIAS_VEP:EBM0726,True,False,False,0.777632469104449,2771.8616384952356
2026-07-30T10:00:00+00:00,2026-07-30T13:00:00+03:00,2026-07,EBM0726,3564.4880436745857,EPIAS_VEP:EBM0726,True,False,False,0.9343555457024952,3330.499171197587
2026-07-30T11:00:00+00:00,2026-07-30T14:00:00+03:00,2026-07,EBM0726,3564.4880436755643,EPIAS_VEP:EBM0726,True,False,False,1.0395203910291777,3705.3580049804514
2026-07-30T12:00:00+00:00,2026-07-30T15:00:00+03:00,2026-07,EBM0726,3564.4880436765943,EPIAS_VEP:EBM0726,True,False,False,1.0372938768676077,3697.421621873529
2026-07-30T13:00:00+00:00,2026-07-30T16:00:00+03:00,2026-07,EBM0726,3564.4880436776757,EPIAS_VEP:EBM0726,True,False,False,1.0902257617255153,3886.0966925799858
2026-07-30T14:00:00+00:00,2026-07-30T17:00:00+03:00,2026-07,EBM0726,3564.488043678805,EPIAS_VEP:EBM0726,True,False,False,1.1195408963237605,3990.590139355497
2026-07-30T15:00:00+00:00,2026-07-30T18:00:00+03:00,2026-07,EBM0726,3564.488043679981,EPIAS_VEP:EBM0726,True,False,False,1.1219496445646975,3999.1760936618684
2026-07-30T16:00:00+00:00,2026-07-30T19:00:00+03:00,2026-07,EBM0726,3564.4880436812005,EPIAS_VEP:EBM0726,True,False,False,1.1667457420168263,4158.851247434928
2026-07-30T17:00:00+00:00,2026-07-30T20:00:00+03:00,2026-07,EBM0726,3564.48804368246,EPIAS_VEP:EBM0726,True,False,False,1.170615336840471,4172.644371919175
2026-07-30T18:00:00+00:00,2026-07-30T21:00:00+03:00,2026-07,EBM0726,3564.488043683756,EPIAS_VEP:EBM0726,True,False,False,1.1704150827515072,4171.930568614881
2026-07-30T19:00:00+00:00,2026-07-30T22:00:00+03:00,2026-07,EBM0726,3564.4880436850794,EPIAS_VEP:EBM0726,True,False,False,1.1375612563206703,4054.8234971144075
2026-07-30T20:00:00+00:00,2026-07-30T23:00:00+03:00,2026-07,EBM0726,3564.488043686422,EPIAS_VEP:EBM0726,True,False,False,1.086942128889102,3874.3922226042696
2026-07-30T21:00:00+00:00,2026-07-31T00:00:00+03:00,2026-07,EBM0726,3564.488043687771,EPIAS_VEP:EBM0726,True,False,False,1.140901040604521,4066.7281182657516
2026-07-30T22:00:00+00:00,2026-07-31T01:00:00+03:00,2026-07,EBM0726,3564.4880436891126,EPIAS_VEP:EBM0726,True,False,False,1.1146963380497152,3973.3217693222473
2026-07-30T23:00:00+00:00,2026-07-31T02:00:00+03:00,2026-07,EBM0726,3564.488043690431,EPIAS_VEP:EBM0726,True,False,False,1.0745012962762415,3830.0470235065322
2026-07-31T00:00:00+00:00,2026-07-31T03:00:00+03:00,2026-07,EBM0726,3564.488043691708,EPIAS_VEP:EBM0726,True,False,False,1.058021134018536,3771.3036821822134
2026-07-31T01:00:00+00:00,2026-07-31T04:00:00+03:00,2026-07,EBM0726,3564.4880436929216,EPIAS_VEP:EBM0726,True,False,False,1.0340012241284782,3685.685000569805
2026-07-31T02:00:00+00:00,2026-07-31T05:00:00+03:00,2026-07,EBM0726,3564.4880436940507,EPIAS_VEP:EBM0726,True,False,False,1.0071597119657731,3590.008751392342
2026-07-31T03:00:00+00:00,2026-07-31T06:00:00+03:00,2026-07,EBM0726,3564.4880436950693,EPIAS_VEP:EBM0726,True,False,False,0.9243648979511098,3294.8876267581436
2026-07-31T04:00:00+00:00,2026-07-31T07:00:00+03:00,2026-07,EBM0726,3564.4880436959465,EPIAS_VEP:EBM0726,True,False,False,0.7916257085052306,2821.740373049227
2026-07-31T05:00:00+00:00,2026-07-31T08:00:00+03:00,2026-07,EBM0726,3564.488043696648,EPIAS_VEP:EBM0726,True,False,False,1.0880272863262694,3878.2602533256972
2026-07-31T06:00:00+00:00,2026-07-31T09:00:00+03:00,2026-07,EBM0726,3564.488043697137,EPIAS_VEP:EBM0726,True,False,False,1.0710237625163916,3817.6513960052
2026-07-31T07:00:00+00:00,2026-07-31T10:00:00+03:00,2026-07,EBM0726,3564.4880436973767,EPIAS_VEP:EBM0726,True,False,False,0.9847008512297538,3509.9544108270866
2026-07-31T08:00:00+00:00,2026-07-31T11:00:00+03:00,2026-07,EBM0726,3564.488043697324,EPIAS_VEP:EBM0726,True,False,False,0.9823248107580071,3501.4850429741527
2026-07-31T09:00:00+00:00,2026-07-31T12:00:00+03:00,2026-07,EBM0726,3564.488043696933,EPIAS_VEP:EBM0726,True,False,False,0.776000913001681,2766.0459762923956
2026-07-31T10:00:00+00:00,2026-07-31T13:00:00+03:00,2026-07,EBM0726,3564.488043696159,EPIAS_VEP:EBM0726,True,False,False,0.9336553160711614,3328.003211069013
2026-07-31T11:00:00+00:00,2026-07-31T14:00:00+03:00,2026-07,EBM0726,3564.4880436949497,EPIAS_VEP:EBM0726,True,False,False,1.0384780708408787,3701.6426671517092
2026-07-31T12:00:00+00:00,2026-07-31T15:00:00+03:00,2026-07,EBM0726,3564.488043693251,EPIAS_VEP:EBM0726,True,False,False,1.0368294422099074,3695.766150106357
2026-07-31T13:00:00+00:00,2026-07-31T16:00:00+03:00,2026-07,EBM0726,3564.488043691014,EPIAS_VEP:EBM0726,True,False,False,1.0902126956470786,3886.0501187141617
2026-07-31T14:00:00+00:00,2026-07-31T17:00:00+03:00,2026-07,EBM0726,3564.4880436881867,EPIAS_VEP:EBM0726,True,False,False,1.1197634140763302,3991.383301234543
2026-07-31T15:00:00+00:00,2026-07-31T18:00:00+03:00,2026-07,EBM0726,3564.4880436847416,EPIAS_VEP:EBM0726,True,False,False,1.1222627422086973,4000.292126475753
2026-07-31T16:00:00+00:00,2026-07-31T19:00:00+03:00,2026-07,EBM0726,3564.488043680544,EPIAS_VEP:EBM0726,True,False,False,1.1655065730305743,4154.434244398566
2026-07-31T17:00:00+00:00,2026-07-31T20:00:00+03:00,2026-07,EBM0726,3564.488043675617,EPIAS_VEP:EBM0726,True,False,False,1.169144117530091,4167.400228269689
2026-07-31T18:00:00+00:00,2026-07-31T21:00:00+03:00,2026-07,EBM0726,3564.4880436700723,EPIAS_VEP:EBM0726,True,False,False,1.168371871276786,4164.647565726533
2026-07-31T19:00:00+00:00,2026-07-31T22:00:00+03:00,2026-07,EBM0726,3564.4880436630588,EPIAS_VEP:EBM0726,True,False,False,1.1356841881049216,4048.1327098771812
2026-07-31T20:00:00+00:00,2026-07-31T23:00:00+03:00,2026-07,EBM0726,3564.4880436590715,EPIAS_VEP:EBM0726,True,False,False,1.0855475006607083,3869.421086929083
