time_utc,time_turkey,delivery_month,contract_name,hourly_forward_TRY_MWh,source,interpolation_flag,extrapolation_flag,near_term_anchor_flag
2025-12-31T20:00:00+00:00,2025-12-31T23:00:00+03:00,2025-12,,2917.78,near_term_anchor:spot_flat,True,True,True
2025-12-31T21:00:00+00:00,2026-01-01T00:00:00+03:00,2026-01,,2917.779999999759,near_term_anchor:spot_flat,True,True,True
2025-12-31T22:00:00+00:00,2026-01-01T01:00:00+03:00,2026-01,,2917.779999999516,near_term_anchor:spot_flat,True,True,True
2025-12-31T23:00:00+00:00,2026-01-01T02:00:00+03:00,2026-01,,2917.7799999992685,near_term_anchor:spot_flat,True,True,True
2026-01-01T00:00:00+00:00,2026-01-01T03:00:00+03:00,2026-01,,2917.779999999023,near_term_anchor:spot_flat,True,True,True
2026-01-01T01:00:00+00:00,2026-01-01T04:00:00+03:00,2026-01,,2917.7799999987847,near_term_anchor:spot_flat,True,True,True
2026-01-01T02:00:00+00:00,2026-01-01T05:00:00+03:00,2026-01,,2917.779999998556,near_term_anchor:spot_flat,True,True,True
2026-01-01T03:00:00+00:00,2026-01-01T06:00:00+03:00,2026-01,,2917.7799999983386,near_term_anchor:spot_flat,True,True,True
2026-01-01T04:00:00+00:00,2026-01-01T07:00:00+03:00,2026-01,,2917.7799999981353,near_term_anchor:spot_flat,True,True,True
2026-01-01T05:00:00+00:00,2026-01-01T08:00:00+03:00,2026-01,,2917.7799999979475,near_term_anchor:spot_flat,True,True,True
2026-01-01T06:00:00+00:00,2026-01-01T09:00:00+03:00,2026-01,,2917.779999997774,near_term_anchor:spot_flat,True,True,True
2026-01-01T07:00:00+00:00,2026-01-01T10:00:00+03:00,2026-01,,2917.779999997615,near_term_anchor:spot_flat,True,True,True
2026-01-01T08:00:00+00:00,2026-01-01T11:00:00+03:00,2026-01,,2917.7799999974686,near_term_anchor:spot_flat,True,True,True
2026-01-01T09:00:00+00:00,2026-01-01T12:00:00+03:00,2026-01,,2917.779999997334,near_term_anchor:spot_flat,True,True,True
2026-01-01T10:00:00+00:00,2026-01-01T13:00:00+03:00,2026-01,,2917.77999999721,near_term_anchor:spot_flat,True,True,True
2026-01-01T11:00:00+00:00,2026-01-01T14:00:00+03:00,2026-01,,2917.779999997096,near_term_anchor:spot_flat,True,True,True
2026-01-01T12:00:00+00:00,2026-01-01T15:00:00+03:00,2026-01,,2917.779999996992,near_term_anchor:spot_flat,True,True,True
2026-01-01T13:00:00+00:00,2026-01-01T16:00:00+03:00,2026-01,,2917.7799999968965,near_term_anchor:spot_flat,True,True,True
2026-01-01T14:00:00+00:00,2026-01-01T17:00:00+03:00,2026-01,,2917.7799999968115,near_term_anchor:spot_flat,True,True,True
2026-01-01T15:00:00+00:00,2026-01-01T18:00:00+03:00,2026-01,,2917.7799999967397,near_term_anchor:spot_flat,True,True,True
2026-01-01T16:00:00+00:00,2026-01-01T19:00:00+03:00,2026-01,,2917.779999996681,near_term_anchor:spot_flat,True,True,True
2026-01-01T17:00:00+00:00,2026-01-01T20:00:00+03:00,2026-01,,2917.7799999966333,near_term_anchor:spot_flat,True,True,True
2026-01-01T18:00:00+00:00,2026-01-01T21:00:00+03:00,2026-01,,2917.7799999965955,near_term_anchor:spot_flat,True,True,True
2026-01-01T19:00:00+00:00,2026-01-01T22:00:00+03:00,2026-01,,2917.779999996569,near_term_anchor:spot_flat,True,True,True
2026-01-01T20:00:00+00:00,2026-01-01T23:00:00+03:00,2026-01,,2917.779999996554,near_term_anchor:spot_flat,True,True,True
2026-01-01T21:00:00+00:00,2026-01-02T00:00:00+03:00,2026-01,,2917.779999996549,near_term_anchor:spot_flat,True,True,True
2026-01-01T22:00:00+00:00,2026-01-02T01:00:00+03:00,2026-01,,2917.7799999965514,near_term_anchor:spot_flat,True,True,True
2026-01-01T23:00:00+00:00,2026-01-02T02:00:00+03:00,2026-01,,2917.77999999656,near_term_anchor:spot_flat,True,True,True
2026-01-02T00:00:00+00:00,2026-01-02T03:00:00+03:00,2026-01,,2917.779999996573,near_term_anchor:spot_flat,True,True,True
2026-01-02T01:00:00+00:00,2026-01-02T04:00:00+03:00,2026-01,,2917.779999996589,near_term_anchor:spot_flat,True,True,True
2026-01-02T02:00:00+00:00,2026-01-02T05:00:00+03:00,2026-01,,2917.7799999966064,near_term_anchor:spot_flat,True,True,True
2026-01-02T03:00:00+00:00,2026-01-02T06:00:00+03:00,2026-01,,2917.7799999966246,near_term_anchor:spot_flat,True,True,True
2026-01-02T04:00:00+00:00,2026-01-02T07:00:00+03:00,2026-01,,2917.7799999966446,near_term_anchor:spot_flat,True,True,True
2026-01-02T05:00:00+00:00,2026-01-02T08:00:00+03:00,2026-01,,2917.7799999966664,near_term_anchor:spot_flat,True,True,True
2026-01-02T06:00:00+00:00,2026-01-02T09:00:00+03:00,2026-01,,2917.7799999966905,near_term_anchor:spot_flat,True,True,True
2026-01-02T07:00:00+00:00,2026-01-02T10:00:00+03:00,2026-01,,2917.779999996717,near_term_anchor:spot_flat,True,True,True
2026-01-02T08:00:00+00:00,2026-01-02T11:00:00+03:00,2026-01,,2917.779999996746,near_term_anchor:spot_flat,True,True,True
2026-01-02T09:00:00+00:00,2026-01-02T12:00:00+03:00,2026-01,,2917.7799999967783,near_term_anchor:spot_flat,True,True,True
2026-01-02T10:00:00+00:00,2026-01-02T13:00:00+03:00,2026-01,,2917.7799999968147,near_term_anchor:spot_flat,True,True,True
2026-01-02T11:00:00+00:00,2026-01-02T14:00:00+03:00,2026-01,,2917.7799999968556,near_term_anchor:spot_flat,True,True,True
2026-01-02T12:00:00+00:00,2026-01-02T15:00:00+03:00,2026-01,,2917.779999996902,near_term_anchor:spot_flat,True,True,True
2026-01-02T13:00:00+00:00,2026-01-02T16:00:00+03:00,2026-01,,2917.7799999969548,near_term_anchor:spot_flat,True,True,True
2026-01-02T14:00:00+00:00,2026-01-02T17:00:00+03:00,2026-01,,2917.7799999970143,near_term_anchor:spot_flat,True,True,True
2026-01-02T15:00:00+00:00,2026-01-02T18:00:00+03:00,2026-01,,2917.7799999970816,near_term_anchor:spot_flat,True,True,True
2026-01-02T16:00:00+00:00,2026-01-02T19:00:00+03:00,2026-01,,2917.779999997155,near_term_anchor:spot_flat,True,True,True
2026-01-02T17:00:00+00:00,2026-01-02T20:00:00+03:00,2026-01,,2917.7799999972326,near_term_anchor:spot_flat,True,True,True
2026-01-02T18:00:00+00:00,2026-01-02T21:00:00+03:00,2026-01,,2917.7799999973126,near_term_anchor:spot_flat,True,True,True
2026-01-02T19:00:00+00:00,2026-01-02T22:00:00+03:00,2026-01,,2917.7799999973945,near_term_anchor:spot_flat,True,True,True
2026-01-02T20:00:00+00:00,2026-01-02T23:00:00+03:00,2026-01,,2917.7799999974745,near_term_anchor:spot_flat,True,True,True
2026-01-02T21:00:00+00:00,2026-01-03T00:00:00+03:00,2026-01,,2917.7799999975505,near_term_anchor:spot_flat,True,True,True
2026-01-02T22:00:00+00:00,2026-01-03T01:00:00+03:00,2026-01,,2917.77999999762,near_term_anchor:spot_flat,True,True,True
2026-01-02T23:00:00+00:00,2026-01-03T02:00:00+03:00,2026-01,,2917.779999997683,near_term_anchor:spot_flat,True,True,True
2026-01-03T00:00:00+00:00,2026-01-03T03:00:00+03:00,2026-01,,2917.7799999977374,near_term_anchor:spot_flat,True,True,True
2026-01-03T01:00:00+00:00,2026-01-03T04:00:00+03:00,2026-01,,2917.7799999977833,near_term_anchor:spot_flat,True,True,True
2026-01-03T02:00:00+00:00,2026-01-03T05:00:00+03:00,2026-01,,2917.77999999782,near_term_anchor:spot_flat,True,True,True
2026-01-03T03:00:00+00:00,2026-01-03T06:00:00+03:00,2026-01,,2917.779999997848,near_term_anchor:spot_flat,True,True,True
2026-01-03T04:00:00+00:00,2026-01-03T07:00:00+03:00,2026-01,,2917.7799999978674,near_term_anchor:spot_flat,True,True,True
2026-01-03T05:00:00+00:00,2026-01-03T08:00:00+03:00,2026-01,,2917.7799999978793,near_term_anchor:spot_flat,True,True,True
2026-01-03T06:00:00+00:00,2026-01-03T09:00:00+03:00,2026-01,,2917.779999997884,near_term_anchor:spot_flat,True,True,True
2026-01-03T07:00:00+00:00,2026-01-03T10:00:00+03:00,2026-01,,2917.7799999978815,near_term_anchor:spot_flat,True,True,True
2026-01-03T08:00:00+00:00,2026-01-03T11:00:00+03:00,2026-01,,2917.779999997873,near_term_anchor:spot_flat,True,True,True
2026-01-03T09:00:00+00:00,2026-01-03T12:00:00+03:00,2026-01,,2917.779999997859,near_term_anchor:spot_flat,True,True,True
2026-01-03T10:00:00+00:00,2026-01-03T13:00:00+03:00,2026-01,,2917.77999999784,near_term_anchor:spot_flat,True,True,True
2026-01-03T11:00:00+00:00,2026-01-03T14:00:00+03:00,2026-01,,2917.779999997818,near_term_anchor:spot_flat,True,True,True
2026-01-03T12:00:00+00:00,2026-01-03T15:00:00+03:00,2026-01,,2917.7799999977924,near_term_anchor:spot_flat,True,True,True
2026-01-03T13:00:00+00:00,2026-01-03T16:00:00+03:00,2026-01,,2917.779999997765,near_term_anchor:spot_flat,True,True,True
2026-01-03T14:00:00+00:00,2026-01-03T17:00:00+03:00,2026-01,,2917.7799999977383,near_term_anchor:spot_flat,True,True,True
2026-01-03T15:00:00+00:00,2026-01-03T18:00:00+03:00,2026-01,,2917.7799999977124,near_term_anchor:spot_flat,True,True,True
2026-01-03T16:00:00+00:00,2026-01-03T19:00:00+03:00,2026-01,,2917.779999997688,near_term_anchor:spot_flat,True,True,True
2026-01-03T17:00:00+00:00,2026-01-03T20:00:00+03:00,2026-01,,2917.779999997665,near_term_anchor:spot_flat,True,True,True
2026-01-03T18:00:00+00:00,2026-01-03T21:00:00+03:00,2026-01,,2917.779999997644,near_term_anchor:spot_flat,True,True,True
2026-01-03T19:00:00+00:00,2026-01-03T22:00:00+03:00,2026-01,,2917.7799999976246,near_term_anchor:spot_flat,True,True,True
2026-01-03T20:00:00+00:00,2026-01-03T23:00:00+03:00,2026-01,,2917.7799999976055,near_term_anchor:spot_flat,True,True,True
2026-01-03T21:00:00+00:00,2026-01-04T00:00:00+03:00,2026-01,,2917.7799999975873,near_term_anchor:spot_flat,True,True,True
2026-01-03T22:00:00+00:00,2026-01-04T01:00:00+03:00,2026-01,,2917.779999997568,near_term_anchor:spot_flat,True,True,True
2026-01-03T23:00:00+00:00,2026-01-04T02:00:00+03:00,2026-01,,2917.779999997548,near_term_anchor:spot_flat,True,True,True
2026-01-04T00:00:00+00:00,2026-01-04T03:00:00+03:00,2026-01,,2917.7799999975273,near_term_anchor:spot_flat,True,True,True
2026-01-04T01:00:00+00:00,2026-01-04T04:00:00+03:00,2026-01,,2917.779999997505,near_term_anchor:spot_flat,True,True,True
2026-01-04T02:00:00+00:00,2026-01-04T05:00:00+03:00,2026-01,,2917.7799999974827,near_term_anchor:spot_flat,True,True,True
2026-01-04T03:00:00+00:00,2026-01-04T06:00:00+03:00,2026-01,,2917.7799999974604,near_term_anchor:spot_flat,True,True,True
2026-01-04T04:00:00+00:00,2026-01-04T07:00:00+03:00,2026-01,,2917.7799999974386,near_term_anchor:spot_flat,True,True,True
2026-01-04T05:00:00+00:00,2026-01-04T08:00:00+03:00,2026-01,,2917.7799999974177,near_term_anchor:spot_flat,True,True,True
2026-01-04T06:00:00+00:00,2026-01-04T09:00:00+03:00,2026-01,,2917.7799999973986,near_term_anchor:spot_flat,True,True,True
2026-01-04T07:00:00+00:00,2026-01-04T10:00:00+03:00,2026-01,,2917.7799999973818,near_term_anchor:spot_flat,True,True,True
2026-01-04T08:00:00+00:00,2026-01-04T11:00:00+03:00,2026-01,,2917.7799999973677,near_term_anchor:spot_flat,True,True,True
2026-01-04T09:00:00+00:00,2026-01-04T12:00:00+03:00,2026-01,,2917.7799999973563,near_term_anchor:spot_flat,True,True,True
2026-01-04T10:00:00+00:00,2026-01-04T13:00:00+03:00,2026-01,,2917.779999997347,near_term_anchor:spot_flat,True,True,True
2026-01-04T11:00:00+00:00,2026-01-04T14:00:00+03:00,2026-01,,2917.77999999734,near_term_anchor:spot_flat,True,True,True
2026-01-04T12:00:00+00:00,2026-01-04T15:00:00+03:00,2026-01,,2917.7799999973367,near_term_anchor:spot_flat,True,True,True
2026-01-04T13:00:00+00:00,2026-01-04T16:00:00+03:00,2026-01,,2917.779999997339,near_term_anchor:spot_flat,True,True,True
2026-01-04T14:00:00+00:00,2026-01-04T17:00:00+03:00,2026-01,,2917.7799999973463,near_term_anchor:spot_flat,True,True,True
2026-01-04T15:00:00+00:00,2026-01-04T18:00:00+03:00,2026-01,,2917.7799999973577,near_term_anchor:spot_flat,True,True,True
2026-01-04T16:00:00+00:00,2026-01-04T19:00:00+03:00,2026-01,,2917.779999997374,near_term_anchor:spot_flat,True,True,True
2026-01-04T17:00:00+00:00,2026-01-04T20:00:00+03:00,2026-01,,2917.7799999973968,near_term_anchor:spot_flat,True,True,True
2026-01-04T18:00:00+00:00,2026-01-04T21:00:00+03:00,2026-01,,2917.7799999974263,near_term_anchor:spot_flat,True,True,True
2026-01-04T19:00:00+00:00,2026-01-04T22:00:00+03:00,2026-01,,2917.7799999974613,near_term_anchor:spot_flat,True,True,True
2026-01-04T20:00:00+00:00,2026-01-04T23:00:00+03:00,2026-01,,2917.7799999975005,near_term_anchor:spot_flat,True,True,True
2026-01-04T21:00:00+00:00,2026-01-05T00:00:00+03:00,2026-01,,2917.7799999975427,near_term_anchor:spot_flat,True,True,True
2026-01-04T22:00:00+00:00,2026-01-05T01:00:00+03:00,2026-01,,2917.7799999975873,near_term_anchor:spot_flat,True,True,True
2026-01-04T23:00:00+00:00,2026-01-05T02:00:00+03:00,2026-01,,2917.7799999976323,near_term_anchor:spot_flat,True,True,True
2026-01-05T00:00:00+00:00,2026-01-05T03:00:00+03:00,2026-01,,2917.7799999976764,near_term_anchor:spot_flat,True,True,True
2026-01-05T01:00:00+00:00,2026-01-05T04:00:00+03:00,2026-01,,2917.779999997719,near_term_anchor:spot_flat,True,True,True
2026-01-05T02:00:00+00:00,2026-01-05T05:00:00+03:00,2026-01,,2917.7799999977597,near_term_anchor:spot_flat,True,True,True
2026-01-05T03:00:00+00:00,2026-01-05T06:00:00+03:00,2026-01,,2917.7799999977965,near_term_anchor:spot_flat,True,True,True
2026-01-05T04:00:00+00:00,2026-01-05T07:00:00+03:00,2026-01,,2917.7799999978292,near_term_anchor:spot_flat,True,True,True
2026-01-05T05:00:00+00:00,2026-01-05T08:00:00+03:00,2026-01,,2917.7799999978583,near_term_anchor:spot_flat,True,True,True
2026-01-05T06:00:00+00:00,2026-01-05T09:00:00+03:00,2026-01,,2917.7799999978834,near_term_anchor:spot_flat,True,True,True
2026-01-05T07:00:00+00:00,2026-01-05T10:00:00+03:00,2026-01,,2917.779999997905,near_term_anchor:spot_flat,True,True,True
2026-01-05T08:00:00+00:00,2026-01-05T11:00:00+03:00,2026-01,,2917.779999997926,near_term_anchor:spot_flat,True,True,True
2026-01-05T09:00:00+00:00,2026-01-05T12:00:00+03:00,2026-01,,2917.779999997946,near_term_anchor:spot_flat,True,True,True
2026-01-05T10:00:00+00:00,2026-01-05T13:00:00+03:00,2026-01,,2917.779999997965,near_term_anchor:spot_flat,True,True,True
2026-01-05T11:00:00+00:00,2026-01-05T14:00:00+03:00,2026-01,,2917.7799999979825,near_term_anchor:spot_flat,True,True,True
2026-01-05T12:00:00+00:00,2026-01-05T15:00:00+03:00,2026-01,,2917.779999997995,near_term_anchor:spot_flat,True,True,True
2026-01-05T13:00:00+00:00,2026-01-05T16:00:00+03:00,2026-01,,2917.779999998003,near_term_anchor:spot_flat,True,True,True
2026-01-05T14:00:00+00:00,2026-01-05T17:00:00+03:00,2026-01,,2917.7799999980066,near_term_anchor:spot_flat,True,True,True
2026-01-05T15:00:00+00:00,2026-01-05T18:00:00+03:00,2026-01,,2917.7799999980048,near_term_anchor:spot_flat,True,True,True
2026-01-05T16:00:00+00:00,2026-01-05T19:00:00+03:00,2026-01,,2917.7799999979975,near_term_anchor:spot_flat,True,True,True
2026-01-05T17:00:00+00:00,2026-01-05T20:00:00+03:00,2026-01,,2917.7799999979848,near_term_anchor:spot_flat,True,True,True
2026-01-05T18:00:00+00:00,2026-01-05T21:00:00+03:00,2026-01,,2917.779999997967,near_term_anchor:spot_flat,True,True,True
2026-01-05T19:00:00+00:00,2026-01-05T22:00:00+03:00,2026-01,,2917.7799999979457,near_term_anchor:spot_flat,True,True,True
2026-01-05T20:00:00+00:00,2026-01-05T23:00:00+03:00,2026-01,,2917.779999997921,near_term_anchor:spot_flat,True,True,True
2026-01-05T21:00:00+00:00,2026-01-06T00:00:00+03:00,2026-01,,2917.779999997894,near_term_anchor:spot_flat,True,True,True
2026-01-05T22:00:00+00:00,2026-01-06T01:00:00+03:00,2026-01,,2917.7799999978647,near_term_anchor:spot_flat,True,True,True
2026-01-05T23:00:00+00:00,2026-01-06T02:00:00+03:00,2026-01,,2917.779999997835,near_term_anchor:spot_flat,True,True,True
2026-01-06T00:00:00+00:00,2026-01-06T03:00:00+03:00,2026-01,,2917.7799999978056,near_term_anchor:spot_flat,True,True,True
2026-01-06T01:00:00+00:00,2026-01-06T04:00:00+03:00,2026-01,,2917.7799999977756,near_term_anchor:spot_flat,True,True,True
2026-01-06T02:00:00+00:00,2026-01-06T05:00:00+03:00,2026-01,,2917.779999997744,near_term_anchor:spot_flat,True,True,True
2026-01-06T03:00:00+00:00,2026-01-06T06:00:00+03:00,2026-01,,2917.77999999771,near_term_anchor:spot_flat,True,True,True
2026-01-06T04:00:00+00:00,2026-01-06T07:00:00+03:00,2026-01,,2917.779999997673,near_term_anchor:spot_flat,True,True,True
2026-01-06T05:00:00+00:00,2026-01-06T08:00:00+03:00,2026-01,,2917.7799999976332,near_term_anchor:spot_flat,True,True,True
2026-01-06T06:00:00+00:00,2026-01-06T09:00:00+03:00,2026-01,,2917.779999997592,near_term_anchor:spot_flat,True,True,True
2026-01-06T07:00:00+00:00,2026-01-06T10:00:00+03:00,2026-01,,2917.7799999975477,near_term_anchor:spot_flat,True,True,True
2026-01-06T08:00:00+00:00,2026-01-06T11:00:00+03:00,2026-01,,2917.7799999974995,near_term_anchor:spot_flat,True,True,True
2026-01-06T09:00:00+00:00,2026-01-06T12:00:00+03:00,2026-01,,2917.779999997448,near_term_anchor:spot_flat,True,True,True
2026-01-06T10:00:00+00:00,2026-01-06T13:00:00+03:00,2026-01,,2917.779999997394,near_term_anchor:spot_flat,True,True,True
2026-01-06T11:00:00+00:00,2026-01-06T14:00:00+03:00,2026-01,,2917.7799999973377,near_term_anchor:spot_flat,True,True,True
2026-01-06T12:00:00+00:00,2026-01-06T15:00:00+03:00,2026-01,,2917.7799999972794,near_term_anchor:spot_flat,True,True,True
2026-01-06T13:00:00+00:00,2026-01-06T16:00:00+03:00,2026-01,,2917.7799999972217,near_term_anchor:spot_flat,True,True,True
2026-01-06T14:00:00+00:00,2026-01-06T17:00:00+03:00,2026-01,,2917.779999997165,near_term_anchor:spot_flat,True,True,True
2026-01-06T15:00:00+00:00,2026-01-06T18:00:00+03:00,2026-01,,2917.7799999971107,near_term_anchor:spot_flat,True,True,True
2026-01-06T16:00:00+00:00,2026-01-06T19:00:00+03:00,2026-01,,2917.779999997061,near_term_anchor:spot_flat,True,True,True
2026-01-06T17:00:00+00:00,2026-01-06T20:00:00+03:00,2026-01,,2917.779999997018,near_term_anchor:spot_flat,True,True,True
2026-01-06T18:00:00+00:00,2026-01-06T21:00:00+03:00,2026-01,,2917.7799999969825,near_term_anchor:spot_flat,True,True,True
2026-01-06T19:00:00+00:00,2026-01-06T22:00:00+03:00,2026-01,,2917.7799999969584,near_term_anchor:spot_flat,True,True,True
2026-01-06T20:00:00+00:00,2026-01-06T23:00:00+03:00,2026-01,,2917.7799999969457,near_term_anchor:spot_flat,True,True,True
2026-01-06T21:00:00+00:00,2026-01-07T00:00:00+03:00,2026-01,,2917.7799999969457,near_term_anchor:spot_flat,True,True,True
2026-01-06T22:00:00+00:00,2026-01-07T01:00:00+03:00,2026-01,,2917.7799999969593,near_term_anchor:spot_flat,True,True,True
2026-01-06T23:00:00+00:00,2026-01-07T02:00:00+03:00,2026-01,,2917.7799999969875,near_term_anchor:spot_flat,True,True,True
2026-01-07T00:00:00+00:00,2026-01-07T03:00:00+03:00,2026-01,,2917.779999997031,near_term_anchor:spot_flat,True,True,True
2026-01-07T01:00:00+00:00,2026-01-07T04:00:00+03:00,2026-01,,2917.7799999970875,near_term_anchor:spot_flat,True,True,True
2026-01-07T02:00:00+00:00,2026-01-07T05:00:00+03:00,2026-01,,2917.779999997155,near_term_anchor:spot_flat,True,True,True
2026-01-07T03:00:00+00:00,2026-01-07T06:00:00+03:00,2026-01,,2917.7799999972326,near_term_anchor:spot_flat,True,True,True
2026-01-07T04:00:00+00:00,2026-01-07T07:00:00+03:00,2026-01,,2917.779999997318,near_term_anchor:spot_flat,True,True,True
2026-01-07T05:00:00+00:00,2026-01-07T08:00:00+03:00,2026-01,,2917.779999997409,near_term_anchor:spot_flat,True,True,True
2026-01-07T06:00:00+00:00,2026-01-07T09:00:00+03:00,2026-01,,2917.7799999975027,near_term_anchor:spot_flat,True,True,True
2026-01-07T07:00:00+00:00,2026-01-07T10:00:00+03:00,2026-01,,2917.779999997597,near_term_anchor:spot_flat,True,True,True
2026-01-07T08:00:00+00:00,2026-01-07T11:00:00+03:00,2026-01,,2917.77999999769,near_term_anchor:spot_flat,True,True,True
2026-01-07T09:00:00+00:00,2026-01-07T12:00:00+03:00,2026-01,,2917.7799999977815,near_term_anchor:spot_flat,True,True,True
2026-01-07T10:00:00+00:00,2026-01-07T13:00:00+03:00,2026-01,,2917.7799999978693,near_term_anchor:spot_flat,True,True,True
2026-01-07T11:00:00+00:00,2026-01-07T14:00:00+03:00,2026-01,,2917.779999997954,near_term_anchor:spot_flat,True,True,True
2026-01-07T12:00:00+00:00,2026-01-07T15:00:00+03:00,2026-01,,2917.779999998036,near_term_anchor:spot_flat,True,True,True
2026-01-07T13:00:00+00:00,2026-01-07T16:00:00+03:00,2026-01,,2917.779999998115,near_term_anchor:spot_flat,True,True,True
2026-01-07T14:00:00+00:00,2026-01-07T17:00:00+03:00,2026-01,,2917.7799999981894,near_term_anchor:spot_flat,True,True,True
2026-01-07T15:00:00+00:00,2026-01-07T18:00:00+03:00,2026-01,,2917.7799999982603,near_term_anchor:spot_flat,True,True,True
2026-01-07T16:00:00+00:00,2026-01-07T19:00:00+03:00,2026-01,,2917.7799999983276,near_term_anchor:spot_flat,True,True,True
2026-01-07T17:00:00+00:00,2026-01-07T20:00:00+03:00,2026-01,,2917.779999998392,near_term_anchor:spot_flat,True,True,True
2026-01-07T18:00:00+00:00,2026-01-07T21:00:00+03:00,2026-01,,2917.779999998454,near_term_anchor:spot_flat,True,True,True
2026-01-07T19:00:00+00:00,2026-01-07T22:00:00+03:00,2026-01,,2917.779999998513,near_term_anchor:spot_flat,True,True,True
2026-01-07T20:00:00+00:00,2026-01-07T23:00:00+03:00,2026-01,,2917.779999998569,near_term_anchor:spot_flat,True,True,True
2026-01-07T21:00:00+00:00,2026-01-08T00:00:00+03:00,2026-01,,2917.779999998621,near_term_anchor:spot_flat,True,True,True
2026-01-07T22:00:00+00:00,2026-01-08T01:00:00+03:00,2026-01,,2917.779999998668,near_term_anchor:spot_flat,True,True,True
2026-01-07T23:00:00+00:00,2026-01-08T02:00:00+03:00,2026-01,,2917.779999998709,near_term_anchor:spot_flat,True,True,True
2026-01-08T00:00:00+00:00,2026-01-08T03:00:00+03:00,2026-01,,2917.7799999987437,near_term_anchor:spot_flat,True,True,True
2026-01-08T01:00:00+00:00,2026-01-08T04:00:00+03:00,2026-01,,2917.7799999987715,near_term_anchor:spot_flat,True,True,True
2026-01-08T02:00:00+00:00,2026-01-08T05:00:00+03:00,2026-01,,2917.779999998794,near_term_anchor:spot_flat,True,True,True
2026-01-08T03:00:00+00:00,2026-01-08T06:00:00+03:00,2026-01,,2917.7799999988133,near_term_anchor:spot_flat,True,True,True
2026-01-08T04:00:00+00:00,2026-01-08T07:00:00+03:00,2026-01,,2917.7799999988283,near_term_anchor:spot_flat,True,True,True
2026-01-08T05:00:00+00:00,2026-01-08T08:00:00+03:00,2026-01,,2917.779999998838,near_term_anchor:spot_flat,True,True,True
2026-01-08T06:00:00+00:00,2026-01-08T09:00:00+03:00,2026-01,,2917.7799999988415,near_term_anchor:spot_flat,True,True,True
2026-01-08T07:00:00+00:00,2026-01-08T10:00:00+03:00,2026-01,,2917.779999998839,near_term_anchor:spot_flat,True,True,True
2026-01-08T08:00:00+00:00,2026-01-08T11:00:00+03:00,2026-01,,2917.77999999883,near_term_anchor:spot_flat,True,True,True
2026-01-08T09:00:00+00:00,2026-01-08T12:00:00+03:00,2026-01,,2917.779999998816,near_term_anchor:spot_flat,True,True,True
2026-01-08T10:00:00+00:00,2026-01-08T13:00:00+03:00,2026-01,,2917.7799999987956,near_term_anchor:spot_flat,True,True,True
2026-01-08T11:00:00+00:00,2026-01-08T14:00:00+03:00,2026-01,,2917.7799999987683,near_term_anchor:spot_flat,True,True,True
2026-01-08T12:00:00+00:00,2026-01-08T15:00:00+03:00,2026-01,,2917.7799999987355,near_term_anchor:spot_flat,True,True,True
2026-01-08T13:00:00+00:00,2026-01-08T16:00:00+03:00,2026-01,,2917.7799999986987,near_term_anchor:spot_flat,True,True,True
2026-01-08T14:00:00+00:00,2026-01-08T17:00:00+03:00,2026-01,,2917.779999998659,near_term_anchor:spot_flat,True,True,True
2026-01-08T15:00:00+00:00,2026-01-08T18:00:00+03:00,2026-01,,2917.779999998618,near_term_anchor:spot_flat,True,True,True
2026-01-08T16:00:00+00:00,2026-01-08T19:00:00+03:00,2026-01,,2917.779999998577,near_term_anchor:spot_flat,True,True,True
2026-01-08T17:00:00+00:00,2026-01-08T20:00:00+03:00,2026-01,,2917.779999998536,near_term_anchor:spot_flat,True,True,True
2026-01-08T18:00:00+00:00,2026-01-08T21:00:00+03:00,2026-01,,2917.7799999984977,near_term_anchor:spot_flat,True,True,True
2026-01-08T19:00:00+00:00,2026-01-08T22:00:00+03:00,2026-01,,2917.7799999984636,near_term_anchor:spot_flat,True,True,True
2026-01-08T20:00:00+00:00,2026-01-08T23:00:00+03:00,2026-01,,2917.7799999984354,near_term_anchor:spot_flat,True,True,True
2026-01-08T21:00:00+00:00,2026-01-09T00:00:00+03:00,2026-01,,2917.7799999984136,near_term_anchor:spot_flat,True,True,True
2026-01-08T22:00:00+00:00,2026-01-09T01:00:00+03:00,2026-01,,2917.779999998399,near_term_anchor:spot_flat,True,True,True
2026-01-08T23:00:00+00:00,2026-01-09T02:00:00+03:00,2026-01,,2917.779999998392,near_term_anchor:spot_flat,True,True,True
2026-01-09T00:00:00+00:00,2026-01-09T03:00:00+03:00,2026-01,,2917.779999998392,near_term_anchor:spot_flat,True,True,True
2026-01-09T01:00:00+00:00,2026-01-09T04:00:00+03:00,2026-01,,2917.7799999984,near_term_anchor:spot_flat,True,True,True
2026-01-09T02:00:00+00:00,2026-01-09T05:00:00+03:00,2026-01,,2917.7799999984163,near_term_anchor:spot_flat,True,True,True
2026-01-09T03:00:00+00:00,2026-01-09T06:00:00+03:00,2026-01,,2917.7799999984404,near_term_anchor:spot_flat,True,True,True
2026-01-09T04:00:00+00:00,2026-01-09T07:00:00+03:00,2026-01,,2917.7799999984704,near_term_anchor:spot_flat,True,True,True
2026-01-09T05:00:00+00:00,2026-01-09T08:00:00+03:00,2026-01,,2917.7799999985054,near_term_anchor:spot_flat,True,True,True
2026-01-09T06:00:00+00:00,2026-01-09T09:00:00+03:00,2026-01,,2917.7799999985446,near_term_anchor:spot_flat,True,True,True
2026-01-09T07:00:00+00:00,2026-01-09T10:00:00+03:00,2026-01,,2917.779999998587,near_term_anchor:spot_flat,True,True,True
2026-01-09T08:00:00+00:00,2026-01-09T11:00:00+03:00,2026-01,,2917.7799999986323,near_term_anchor:spot_flat,True,True,True
2026-01-09T09:00:00+00:00,2026-01-09T12:00:00+03:00,2026-01,,2917.779999998679,near_term_anchor:spot_flat,True,True,True
2026-01-09T10:00:00+00:00,2026-01-09T13:00:00+03:00,2026-01,,2917.779999998728,near_term_anchor:spot_flat,True,True,True
2026-01-09T11:00:00+00:00,2026-01-09T14:00:00+03:00,2026-01,,2917.779999998777,near_term_anchor:spot_flat,True,True,True
2026-01-09T12:00:00+00:00,2026-01-09T15:00:00+03:00,2026-01,,2917.7799999988247,near_term_anchor:spot_flat,True,True,True
2026-01-09T13:00:00+00:00,2026-01-09T16:00:00+03:00,2026-01,,2917.779999998869,near_term_anchor:spot_flat,True,True,True
2026-01-09T14:00:00+00:00,2026-01-09T17:00:00+03:00,2026-01,,2917.779999998909,near_term_anchor:spot_flat,True,True,True
2026-01-09T15:00:00+00:00,2026-01-09T18:00:00+03:00,2026-01,,2917.779999998944,near_term_anchor:spot_flat,True,True,True
2026-01-09T16:00:00+00:00,2026-01-09T19:00:00+03:00,2026-01,,2917.7799999989725,near_term_anchor:spot_flat,True,True,True
2026-01-09T17:00:00+00:00,2026-01-09T20:00:00+03:00,2026-01,,2917.7799999989948,near_term_anchor:spot_flat,True,True,True
2026-01-09T18:00:00+00:00,2026-01-09T21:00:00+03:00,2026-01,,2917.7799999990116,near_term_anchor:spot_flat,True,True,True
2026-01-09T19:00:00+00:00,2026-01-09T22:00:00+03:00,2026-01,,2917.779999999022,near_term_anchor:spot_flat,True,True,True
2026-01-09T20:00:00+00:00,2026-01-09T23:00:00+03:00,2026-01,,2917.779999999025,near_term_anchor:spot_flat,True,True,True
2026-01-09T21:00:00+00:00,2026-01-10T00:00:00+03:00,2026-01,,2917.7799999990198,near_term_anchor:spot_flat,True,True,True
2026-01-09T22:00:00+00:00,2026-01-10T01:00:00+03:00,2026-01,,2917.7799999990057,near_term_anchor:spot_flat,True,True,True
2026-01-09T23:00:00+00:00,2026-01-10T02:00:00+03:00,2026-01,,2917.779999998982,near_term_anchor:spot_flat,True,True,True
2026-01-10T00:00:00+00:00,2026-01-10T03:00:00+03:00,2026-01,,2917.7799999989456,near_term_anchor:spot_flat,True,True,True
2026-01-10T01:00:00+00:00,2026-01-10T04:00:00+03:00,2026-01,,2917.779999998895,near_term_anchor:spot_flat,True,True,True
2026-01-10T02:00:00+00:00,2026-01-10T05:00:00+03:00,2026-01,,2917.77999999883,near_term_anchor:spot_flat,True,True,True
2026-01-10T03:00:00+00:00,2026-01-10T06:00:00+03:00,2026-01,,2917.7799999987506,near_term_anchor:spot_flat,True,True,True
2026-01-10T04:00:00+00:00,2026-01-10T07:00:00+03:00,2026-01,,2917.7799999986573,near_term_anchor:spot_flat,True,True,True
2026-01-10T05:00:00+00:00,2026-01-10T08:00:00+03:00,2026-01,,2917.7799999985523,near_term_anchor:spot_flat,True,True,True
2026-01-10T06:00:00+00:00,2026-01-10T09:00:00+03:00,2026-01,,2917.7799999984377,near_term_anchor:spot_flat,True,True,True
2026-01-10T07:00:00+00:00,2026-01-10T10:00:00+03:00,2026-01,,2917.7799999983154,near_term_anchor:spot_flat,True,True,True
2026-01-10T08:00:00+00:00,2026-01-10T11:00:00+03:00,2026-01,,2917.7799999981885,near_term_anchor:spot_flat,True,True,True
2026-01-10T09:00:00+00:00,2026-01-10T12:00:00+03:00,2026-01,,2917.7799999980575,near_term_anchor:spot_flat,True,True,True
2026-01-10T10:00:00+00:00,2026-01-10T13:00:00+03:00,2026-01,,2917.779999997924,near_term_anchor:spot_flat,True,True,True
2026-01-10T11:00:00+00:00,2026-01-10T14:00:00+03:00,2026-01,,2917.7799999977865,near_term_anchor:spot_flat,True,True,True
2026-01-10T12:00:00+00:00,2026-01-10T15:00:00+03:00,2026-01,,2917.779999997646,near_term_anchor:spot_flat,True,True,True
2026-01-10T13:00:00+00:00,2026-01-10T16:00:00+03:00,2026-01,,2917.779999997502,near_term_anchor:spot_flat,True,True,True
2026-01-10T14:00:00+00:00,2026-01-10T17:00:00+03:00,2026-01,,2917.779999997355,near_term_anchor:spot_flat,True,True,True
2026-01-10T15:00:00+00:00,2026-01-10T18:00:00+03:00,2026-01,,2917.779999997206,near_term_anchor:spot_flat,True,True,True
2026-01-10T16:00:00+00:00,2026-01-10T19:00:00+03:00,2026-01,,2917.7799999970575,near_term_anchor:spot_flat,True,True,True
2026-01-10T17:00:00+00:00,2026-01-10T20:00:00+03:00,2026-01,,2917.779999996912,near_term_anchor:spot_flat,True,True,True
2026-01-10T18:00:00+00:00,2026-01-10T21:00:00+03:00,2026-01,,2917.779999996772,near_term_anchor:spot_flat,True,True,True
2026-01-10T19:00:00+00:00,2026-01-10T22:00:00+03:00,2026-01,,2917.7799999966405,near_term_anchor:spot_flat,True,True,True
2026-01-10T20:00:00+00:00,2026-01-10T23:00:00+03:00,2026-01,,2917.7799999965196,near_term_anchor:spot_flat,True,True,True
2026-01-10T21:00:00+00:00,2026-01-11T00:00:00+03:00,2026-01,,2917.7799999964113,near_term_anchor:spot_flat,True,True,True
2026-01-10T22:00:00+00:00,2026-01-11T01:00:00+03:00,2026-01,,2917.7799999963163,near_term_anchor:spot_flat,True,True,True
2026-01-10T23:00:00+00:00,2026-01-11T02:00:00+03:00,2026-01,,2917.7799999962326,near_term_anchor:spot_flat,True,True,True
2026-01-11T00:00:00+00:00,2026-01-11T03:00:00+03:00,2026-01,,2917.779999996162,near_term_anchor:spot_flat,True,True,True
2026-01-11T01:00:00+00:00,2026-01-11T04:00:00+03:00,2026-01,,2917.779999996105,near_term_anchor:spot_flat,True,True,True
2026-01-11T02:00:00+00:00,2026-01-11T05:00:00+03:00,2026-01,,2917.77999999606,near_term_anchor:spot_flat,True,True,True
2026-01-11T03:00:00+00:00,2026-01-11T06:00:00+03:00,2026-01,,2917.779999996028,near_term_anchor:spot_flat,True,True,True
2026-01-11T04:00:00+00:00,2026-01-11T07:00:00+03:00,2026-01,,2917.7799999960084,near_term_anchor:spot_flat,True,True,True
2026-01-11T05:00:00+00:00,2026-01-11T08:00:00+03:00,2026-01,,2917.7799999960007,near_term_anchor:spot_flat,True,True,True
2026-01-11T06:00:00+00:00,2026-01-11T09:00:00+03:00,2026-01,,2917.7799999960043,near_term_anchor:spot_flat,True,True,True
2026-01-11T07:00:00+00:00,2026-01-11T10:00:00+03:00,2026-01,,2917.77999999602,near_term_anchor:spot_flat,True,True,True
2026-01-11T08:00:00+00:00,2026-01-11T11:00:00+03:00,2026-01,,2917.7799999960475,near_term_anchor:spot_flat,True,True,True
2026-01-11T09:00:00+00:00,2026-01-11T12:00:00+03:00,2026-01,,2917.779999996086,near_term_anchor:spot_flat,True,True,True
2026-01-11T10:00:00+00:00,2026-01-11T13:00:00+03:00,2026-01,,2917.779999996134,near_term_anchor:spot_flat,True,True,True
2026-01-11T11:00:00+00:00,2026-01-11T14:00:00+03:00,2026-01,,2917.779999996188,near_term_anchor:spot_flat,True,True,True
2026-01-11T12:00:00+00:00,2026-01-11T15:00:00+03:00,2026-01,,2917.779999996247,near_term_anchor:spot_flat,True,True,True
2026-01-11T13:00:00+00:00,2026-01-11T16:00:00+03:00,2026-01,,2917.7799999963104,near_term_anchor:spot_flat,True,True,True
2026-01-11T14:00:00+00:00,2026-01-11T17:00:00+03:00,2026-01,,2917.7799999963777,near_term_anchor:spot_flat,True,True,True
2026-01-11T15:00:00+00:00,2026-01-11T18:00:00+03:00,2026-01,,2917.779999996448,near_term_anchor:spot_flat,True,True,True
2026-01-11T16:00:00+00:00,2026-01-11T19:00:00+03:00,2026-01,,2917.7799999965223,near_term_anchor:spot_flat,True,True,True
2026-01-11T17:00:00+00:00,2026-01-11T20:00:00+03:00,2026-01,,2917.779999996601,near_term_anchor:spot_flat,True,True,True
2026-01-11T18:00:00+00:00,2026-01-11T21:00:00+03:00,2026-01,,2917.7799999966846,near_term_anchor:spot_flat,True,True,True
2026-01-11T19:00:00+00:00,2026-01-11T22:00:00+03:00,2026-01,,2917.7799999967747,near_term_anchor:spot_flat,True,True,True
2026-01-11T20:00:00+00:00,2026-01-11T23:00:00+03:00,2026-01,,2917.779999996871,near_term_anchor:spot_flat,True,True,True
2026-01-11T21:00:00+00:00,2026-01-12T00:00:00+03:00,2026-01,,2917.7799999969748,near_term_anchor:spot_flat,True,True,True
2026-01-11T22:00:00+00:00,2026-01-12T01:00:00+03:00,2026-01,,2917.7799999970853,near_term_anchor:spot_flat,True,True,True
2026-01-11T23:00:00+00:00,2026-01-12T02:00:00+03:00,2026-01,,2917.779999997202,near_term_anchor:spot_flat,True,True,True
2026-01-12T00:00:00+00:00,2026-01-12T03:00:00+03:00,2026-01,,2917.7799999973245,near_term_anchor:spot_flat,True,True,True
2026-01-12T01:00:00+00:00,2026-01-12T04:00:00+03:00,2026-01,,2917.779999997452,near_term_anchor:spot_flat,True,True,True
2026-01-12T02:00:00+00:00,2026-01-12T05:00:00+03:00,2026-01,,2917.7799999975814,near_term_anchor:spot_flat,True,True,True
2026-01-12T03:00:00+00:00,2026-01-12T06:00:00+03:00,2026-01,,2917.7799999977124,near_term_anchor:spot_flat,True,True,True
2026-01-12T04:00:00+00:00,2026-01-12T07:00:00+03:00,2026-01,,2917.7799999978433,near_term_anchor:spot_flat,True,True,True
2026-01-12T05:00:00+00:00,2026-01-12T08:00:00+03:00,2026-01,,2917.779999997973,near_term_anchor:spot_flat,True,True,True
2026-01-12T06:00:00+00:00,2026-01-12T09:00:00+03:00,2026-01,,2917.7799999981,near_term_anchor:spot_flat,True,True,True
2026-01-12T07:00:00+00:00,2026-01-12T10:00:00+03:00,2026-01,,2917.779999998225,near_term_anchor:spot_flat,True,True,True
2026-01-12T08:00:00+00:00,2026-01-12T11:00:00+03:00,2026-01,,2917.7799999983476,near_term_anchor:spot_flat,True,True,True
2026-01-12T09:00:00+00:00,2026-01-12T12:00:00+03:00,2026-01,,2917.77999999847,near_term_anchor:spot_flat,True,True,True
2026-01-12T10:00:00+00:00,2026-01-12T13:00:00+03:00,2026-01,,2917.7799999985914,near_term_anchor:spot_flat,True,True,True
2026-01-12T11:00:00+00:00,2026-01-12T14:00:00+03:00,2026-01,,2917.779999998712,near_term_anchor:spot_flat,True,True,True
2026-01-12T12:00:00+00:00,2026-01-12T15:00:00+03:00,2026-01,,2917.7799999988333,near_term_anchor:spot_flat,True,True,True
2026-01-12T13:00:00+00:00,2026-01-12T16:00:00+03:00,2026-01,,2917.779999998955,near_term_anchor:spot_flat,True,True,True
2026-01-12T14:00:00+00:00,2026-01-12T17:00:00+03:00,2026-01,,2917.779999999077,near_term_anchor:spot_flat,True,True,True
2026-01-12T15:00:00+00:00,2026-01-12T18:00:00+03:00,2026-01,,2917.7799999991967,near_term_anchor:spot_flat,True,True,True
2026-01-12T16:00:00+00:00,2026-01-12T19:00:00+03:00,2026-01,,2917.7799999993126,near_term_anchor:spot_flat,True,True,True
2026-01-12T17:00:00+00:00,2026-01-12T20:00:00+03:00,2026-01,,2917.779999999422,near_term_anchor:spot_flat,True,True,True
2026-01-12T18:00:00+00:00,2026-01-12T21:00:00+03:00,2026-01,,2917.7799999995245,near_term_anchor:spot_flat,True,True,True
2026-01-12T19:00:00+00:00,2026-01-12T22:00:00+03:00,2026-01,,2917.7799999996196,near_term_anchor:spot_flat,True,True,True
2026-01-12T20:00:00+00:00,2026-01-12T23:00:00+03:00,2026-01,,2917.7799999997064,near_term_anchor:spot_flat,True,True,True
2026-01-12T21:00:00+00:00,2026-01-13T00:00:00+03:00,2026-01,,2917.7799999997837,near_term_anchor:spot_flat,True,True,True
2026-01-12T22:00:00+00:00,2026-01-13T01:00:00+03:00,2026-01,,2917.779999999852,near_term_anchor:spot_flat,True,True,True
2026-01-12T23:00:00+00:00,2026-01-13T02:00:00+03:00,2026-01,,2917.77999999991,near_term_anchor:spot_flat,True,True,True
2026-01-13T00:00:00+00:00,2026-01-13T03:00:00+03:00,2026-01,,2917.7799999999575,near_term_anchor:spot_flat,True,True,True
2026-01-13T01:00:00+00:00,2026-01-13T04:00:00+03:00,2026-01,,2917.779999999995,near_term_anchor:spot_flat,True,True,True
2026-01-13T02:00:00+00:00,2026-01-13T05:00:00+03:00,2026-01,,2917.7800000000234,near_term_anchor:spot_flat,True,True,True
2026-01-13T03:00:00+00:00,2026-01-13T06:00:00+03:00,2026-01,,2917.7800000000416,near_term_anchor:spot_flat,True,True,True
2026-01-13T04:00:00+00:00,2026-01-13T07:00:00+03:00,2026-01,,2917.780000000049,near_term_anchor:spot_flat,True,True,True
2026-01-13T05:00:00+00:00,2026-01-13T08:00:00+03:00,2026-01,,2917.780000000045,near_term_anchor:spot_flat,True,True,True
2026-01-13T06:00:00+00:00,2026-01-13T09:00:00+03:00,2026-01,,2917.7800000000334,near_term_anchor:spot_flat,True,True,True
2026-01-13T07:00:00+00:00,2026-01-13T10:00:00+03:00,2026-01,,2917.780000000014,near_term_anchor:spot_flat,True,True,True
2026-01-13T08:00:00+00:00,2026-01-13T11:00:00+03:00,2026-01,,2917.7799999999884,near_term_anchor:spot_flat,True,True,True
2026-01-13T09:00:00+00:00,2026-01-13T12:00:00+03:00,2026-01,,2917.779999999958,near_term_anchor:spot_flat,True,True,True
2026-01-13T10:00:00+00:00,2026-01-13T13:00:00+03:00,2026-01,,2917.779999999923,near_term_anchor:spot_flat,True,True,True
2026-01-13T11:00:00+00:00,2026-01-13T14:00:00+03:00,2026-01,,2917.7799999998842,near_term_anchor:spot_flat,True,True,True
2026-01-13T12:00:00+00:00,2026-01-13T15:00:00+03:00,2026-01,,2917.779999999842,near_term_anchor:spot_flat,True,True,True
2026-01-13T13:00:00+00:00,2026-01-13T16:00:00+03:00,2026-01,,2917.7799999997947,near_term_anchor:spot_flat,True,True,True
2026-01-13T14:00:00+00:00,2026-01-13T17:00:00+03:00,2026-01,,2917.7799999997437,near_term_anchor:spot_flat,True,True,True
2026-01-13T15:00:00+00:00,2026-01-13T18:00:00+03:00,2026-01,,2917.7799999996905,near_term_anchor:spot_flat,True,True,True
2026-01-13T16:00:00+00:00,2026-01-13T19:00:00+03:00,2026-01,,2917.779999999637,near_term_anchor:spot_flat,True,True,True
2026-01-13T17:00:00+00:00,2026-01-13T20:00:00+03:00,2026-01,,2917.779999999583,near_term_anchor:spot_flat,True,True,True
2026-01-13T18:00:00+00:00,2026-01-13T21:00:00+03:00,2026-01,,2917.7799999995295,near_term_anchor:spot_flat,True,True,True
2026-01-13T19:00:00+00:00,2026-01-13T22:00:00+03:00,2026-01,,2917.779999999477,near_term_anchor:spot_flat,True,True,True
2026-01-13T20:00:00+00:00,2026-01-13T23:00:00+03:00,2026-01,,2917.7799999994245,near_term_anchor:spot_flat,True,True,True
2026-01-13T21:00:00+00:00,2026-01-14T00:00:00+03:00,2026-01,,2917.7799999993726,near_term_anchor:spot_flat,True,True,True
2026-01-13T22:00:00+00:00,2026-01-14T01:00:00+03:00,2026-01,,2917.77999999932,near_term_anchor:spot_flat,True,True,True
2026-01-13T23:00:00+00:00,2026-01-14T02:00:00+03:00,2026-01,,2917.779999999264,near_term_anchor:spot_flat,True,True,True
2026-01-14T00:00:00+00:00,2026-01-14T03:00:00+03:00,2026-01,,2917.779999999203,near_term_anchor:spot_flat,True,True,True
2026-01-14T01:00:00+00:00,2026-01-14T04:00:00+03:00,2026-01,,2917.7799999991353,near_term_anchor:spot_flat,True,True,True
2026-01-14T02:00:00+00:00,2026-01-14T05:00:00+03:00,2026-01,,2917.7799999990575,near_term_anchor:spot_flat,True,True,True
2026-01-14T03:00:00+00:00,2026-01-14T06:00:00+03:00,2026-01,,2917.77999999897,near_term_anchor:spot_flat,True,True,True
2026-01-14T04:00:00+00:00,2026-01-14T07:00:00+03:00,2026-01,,2917.779999998873,near_term_anchor:spot_flat,True,True,True
2026-01-14T05:00:00+00:00,2026-01-14T08:00:00+03:00,2026-01,,2917.779999998766,near_term_anchor:spot_flat,True,True,True
2026-01-14T06:00:00+00:00,2026-01-14T09:00:00+03:00,2026-01,,2917.7799999986505,near_term_anchor:spot_flat,True,True,True
2026-01-14T07:00:00+00:00,2026-01-14T10:00:00+03:00,2026-01,,2917.7799999985277,near_term_anchor:spot_flat,True,True,True
2026-01-14T08:00:00+00:00,2026-01-14T11:00:00+03:00,2026-01,,2917.7799999983986,near_term_anchor:spot_flat,True,True,True
2026-01-14T09:00:00+00:00,2026-01-14T12:00:00+03:00,2026-01,,2917.779999998264,near_term_anchor:spot_flat,True,True,True
2026-01-14T10:00:00+00:00,2026-01-14T13:00:00+03:00,2026-01,,2917.7799999981244,near_term_anchor:spot_flat,True,True,True
2026-01-14T11:00:00+00:00,2026-01-14T14:00:00+03:00,2026-01,,2917.779999997981,near_term_anchor:spot_flat,True,True,True
2026-01-14T12:00:00+00:00,2026-01-14T15:00:00+03:00,2026-01,,2917.779999997836,near_term_anchor:spot_flat,True,True,True
2026-01-14T13:00:00+00:00,2026-01-14T16:00:00+03:00,2026-01,,2917.7799999976924,near_term_anchor:spot_flat,True,True,True
2026-01-14T14:00:00+00:00,2026-01-14T17:00:00+03:00,2026-01,,2917.77999999755,near_term_anchor:spot_flat,True,True,True
2026-01-14T15:00:00+00:00,2026-01-14T18:00:00+03:00,2026-01,,2917.77999999741,near_term_anchor:spot_flat,True,True,True
2026-01-14T16:00:00+00:00,2026-01-14T19:00:00+03:00,2026-01,,2917.779999997272,near_term_anchor:spot_flat,True,True,True
2026-01-14T17:00:00+00:00,2026-01-14T20:00:00+03:00,2026-01,,2917.7799999971353,near_term_anchor:spot_flat,True,True,True
2026-01-14T18:00:00+00:00,2026-01-14T21:00:00+03:00,2026-01,,2917.779999997,near_term_anchor:spot_flat,True,True,True
2026-01-14T19:00:00+00:00,2026-01-14T22:00:00+03:00,2026-01,,2917.7799999968665,near_term_anchor:spot_flat,True,True,True
2026-01-14T20:00:00+00:00,2026-01-14T23:00:00+03:00,2026-01,,2917.779999996737,near_term_anchor:spot_flat,True,True,True
2026-01-14T21:00:00+00:00,2026-01-15T00:00:00+03:00,2026-01,,2917.7799999966123,near_term_anchor:spot_flat,True,True,True
2026-01-14T22:00:00+00:00,2026-01-15T01:00:00+03:00,2026-01,,2917.7799999964936,near_term_anchor:spot_flat,True,True,True
2026-01-14T23:00:00+00:00,2026-01-15T02:00:00+03:00,2026-01,,2917.779999996382,near_term_anchor:spot_flat,True,True,True
2026-01-15T00:00:00+00:00,2026-01-15T03:00:00+03:00,2026-01,,2917.779999996279,near_term_anchor:spot_flat,True,True,True
2026-01-15T01:00:00+00:00,2026-01-15T04:00:00+03:00,2026-01,,2917.779999996187,near_term_anchor:spot_flat,True,True,True
2026-01-15T02:00:00+00:00,2026-01-15T05:00:00+03:00,2026-01,,2917.779999996106,near_term_anchor:spot_flat,True,True,True
2026-01-15T03:00:00+00:00,2026-01-15T06:00:00+03:00,2026-01,,2917.7799999960366,near_term_anchor:spot_flat,True,True,True
2026-01-15T04:00:00+00:00,2026-01-15T07:00:00+03:00,2026-01,,2917.7799999959807,near_term_anchor:spot_flat,True,True,True
2026-01-15T05:00:00+00:00,2026-01-15T08:00:00+03:00,2026-01,,2917.7799999959393,near_term_anchor:spot_flat,True,True,True
2026-01-15T06:00:00+00:00,2026-01-15T09:00:00+03:00,2026-01,,2917.779999995913,near_term_anchor:spot_flat,True,True,True
2026-01-15T07:00:00+00:00,2026-01-15T10:00:00+03:00,2026-01,,2917.7799999959025,near_term_anchor:spot_flat,True,True,True
2026-01-15T08:00:00+00:00,2026-01-15T11:00:00+03:00,2026-01,,2917.7799999959084,near_term_anchor:spot_flat,True,True,True
2026-01-15T09:00:00+00:00,2026-01-15T12:00:00+03:00,2026-01,,2917.7799999959325,near_term_anchor:spot_flat,True,True,True
2026-01-15T10:00:00+00:00,2026-01-15T13:00:00+03:00,2026-01,,2917.779999995974,near_term_anchor:spot_flat,True,True,True
2026-01-15T11:00:00+00:00,2026-01-15T14:00:00+03:00,2026-01,,2917.7799999960316,near_term_anchor:spot_flat,True,True,True
2026-01-15T12:00:00+00:00,2026-01-15T15:00:00+03:00,2026-01,,2917.779999996106,near_term_anchor:spot_flat,True,True,True
2026-01-15T13:00:00+00:00,2026-01-15T16:00:00+03:00,2026-01,,2917.7799999961962,near_term_anchor:spot_flat,True,True,True
2026-01-15T14:00:00+00:00,2026-01-15T17:00:00+03:00,2026-01,,2917.779999996302,near_term_anchor:spot_flat,True,True,True
2026-01-15T15:00:00+00:00,2026-01-15T18:00:00+03:00,2026-01,,2917.779999996424,near_term_anchor:spot_flat,True,True,True
2026-01-15T16:00:00+00:00,2026-01-15T19:00:00+03:00,2026-01,,2917.77999999656,near_term_anchor:spot_flat,True,True,True
2026-01-15T17:00:00+00:00,2026-01-15T20:00:00+03:00,2026-01,,2917.7799999967087,near_term_anchor:spot_flat,True,True,True
2026-01-15T18:00:00+00:00,2026-01-15T21:00:00+03:00,2026-01,,2917.779999996869,near_term_anchor:spot_flat,True,True,True
2026-01-15T19:00:00+00:00,2026-01-15T22:00:00+03:00,2026-01,,2917.779999997037,near_term_anchor:spot_flat,True,True,True
2026-01-15T20:00:00+00:00,2026-01-15T23:00:00+03:00,2026-01,,2917.779999997212,near_term_anchor:spot_flat,True,True,True
2026-01-15T21:00:00+00:00,2026-01-16T00:00:00+03:00,2026-01,,2917.7799999973936,near_term_anchor:spot_flat,True,True,True
2026-01-15T22:00:00+00:00,2026-01-16T01:00:00+03:00,2026-01,,2917.779999997579,near_term_anchor:spot_flat,True,True,True
2026-01-15T23:00:00+00:00,2026-01-16T02:00:00+03:00,2026-01,,2917.779999997767,near_term_anchor:spot_flat,True,True,True
2026-01-16T00:00:00+00:00,2026-01-16T03:00:00+03:00,2026-01,,2917.779999997958,near_term_anchor:spot_flat,True,True,True
2026-01-16T01:00:00+00:00,2026-01-16T04:00:00+03:00,2026-01,,2917.7799999981503,near_term_anchor:spot_flat,True,True,True
2026-01-16T02:00:00+00:00,2026-01-16T05:00:00+03:00,2026-01,,2917.7799999983436,near_term_anchor:spot_flat,True,True,True
2026-01-16T03:00:00+00:00,2026-01-16T06:00:00+03:00,2026-01,,2917.779999998538,near_term_anchor:spot_flat,True,True,True
2026-01-16T04:00:00+00:00,2026-01-16T07:00:00+03:00,2026-01,,2917.779999998733,near_term_anchor:spot_flat,True,True,True
2026-01-16T05:00:00+00:00,2026-01-16T08:00:00+03:00,2026-01,,2917.779999998926,near_term_anchor:spot_flat,True,True,True
2026-01-16T06:00:00+00:00,2026-01-16T09:00:00+03:00,2026-01,,2917.779999999115,near_term_anchor:spot_flat,True,True,True
2026-01-16T07:00:00+00:00,2026-01-16T10:00:00+03:00,2026-01,,2917.779999999296,near_term_anchor:spot_flat,True,True,True
2026-01-16T08:00:00+00:00,2026-01-16T11:00:00+03:00,2026-01,,2917.779999999467,near_term_anchor:spot_flat,True,True,True
2026-01-16T09:00:00+00:00,2026-01-16T12:00:00+03:00,2026-01,,2917.779999999626,near_term_anchor:spot_flat,True,True,True
2026-01-16T10:00:00+00:00,2026-01-16T13:00:00+03:00,2026-01,,2917.779999999772,near_term_anchor:spot_flat,True,True,True
2026-01-16T11:00:00+00:00,2026-01-16T14:00:00+03:00,2026-01,,2917.7799999999033,near_term_anchor:spot_flat,True,True,True
2026-01-16T12:00:00+00:00,2026-01-16T15:00:00+03:00,2026-01,,2917.7800000000193,near_term_anchor:spot_flat,True,True,True
2026-01-16T13:00:00+00:00,2026-01-16T16:00:00+03:00,2026-01,,2917.7800000001184,near_term_anchor:spot_flat,True,True,True
2026-01-16T14:00:00+00:00,2026-01-16T17:00:00+03:00,2026-01,,2917.7800000002007,near_term_anchor:spot_flat,True,True,True
2026-01-16T15:00:00+00:00,2026-01-16T18:00:00+03:00,2026-01,,2917.780000000266,near_term_anchor:spot_flat,True,True,True
2026-01-16T16:00:00+00:00,2026-01-16T19:00:00+03:00,2026-01,,2917.780000000313,near_term_anchor:spot_flat,True,True,True
2026-01-16T17:00:00+00:00,2026-01-16T20:00:00+03:00,2026-01,,2917.7800000003417,near_term_anchor:spot_flat,True,True,True
2026-01-16T18:00:00+00:00,2026-01-16T21:00:00+03:00,2026-01,,2917.7800000003526,near_term_anchor:spot_flat,True,True,True
2026-01-16T19:00:00+00:00,2026-01-16T22:00:00+03:00,2026-01,,2917.7800000003454,near_term_anchor:spot_flat,True,True,True
2026-01-16T20:00:00+00:00,2026-01-16T23:00:00+03:00,2026-01,,2917.7800000003194,near_term_anchor:spot_flat,True,True,True
2026-01-16T21:00:00+00:00,2026-01-17T00:00:00+03:00,2026-01,,2917.7800000002744,near_term_anchor:spot_flat,True,True,True
2026-01-16T22:00:00+00:00,2026-01-17T01:00:00+03:00,2026-01,,2917.780000000212,near_term_anchor:spot_flat,True,True,True
2026-01-16T23:00:00+00:00,2026-01-17T02:00:00+03:00,2026-01,,2917.7800000001334,near_term_anchor:spot_flat,True,True,True
2026-01-17T00:00:00+00:00,2026-01-17T03:00:00+03:00,2026-01,,2917.7800000000398,near_term_anchor:spot_flat,True,True,True
2026-01-17T01:00:00+00:00,2026-01-17T04:00:00+03:00,2026-01,,2917.779999999934,near_term_anchor:spot_flat,True,True,True
2026-01-17T02:00:00+00:00,2026-01-17T05:00:00+03:00,2026-01,,2917.779999999816,near_term_anchor:spot_flat,True,True,True
2026-01-17T03:00:00+00:00,2026-01-17T06:00:00+03:00,2026-01,,2917.7799999996873,near_term_anchor:spot_flat,True,True,True
2026-01-17T04:00:00+00:00,2026-01-17T07:00:00+03:00,2026-01,,2917.7799999995477,near_term_anchor:spot_flat,True,True,True
2026-01-17T05:00:00+00:00,2026-01-17T08:00:00+03:00,2026-01,,2917.7799999993977,near_term_anchor:spot_flat,True,True,True
2026-01-17T06:00:00+00:00,2026-01-17T09:00:00+03:00,2026-01,,2917.779999999239,near_term_anchor:spot_flat,True,True,True
2026-01-17T07:00:00+00:00,2026-01-17T10:00:00+03:00,2026-01,,2917.779999999074,near_term_anchor:spot_flat,True,True,True
2026-01-17T08:00:00+00:00,2026-01-17T11:00:00+03:00,2026-01,,2917.779999998905,near_term_anchor:spot_flat,True,True,True
2026-01-17T09:00:00+00:00,2026-01-17T12:00:00+03:00,2026-01,,2917.779999998735,near_term_anchor:spot_flat,True,True,True
2026-01-17T10:00:00+00:00,2026-01-17T13:00:00+03:00,2026-01,,2917.779999998565,near_term_anchor:spot_flat,True,True,True
2026-01-17T11:00:00+00:00,2026-01-17T14:00:00+03:00,2026-01,,2917.779999998397,near_term_anchor:spot_flat,True,True,True
2026-01-17T12:00:00+00:00,2026-01-17T15:00:00+03:00,2026-01,,2917.7799999982353,near_term_anchor:spot_flat,True,True,True
2026-01-17T13:00:00+00:00,2026-01-17T16:00:00+03:00,2026-01,,2917.7799999980834,near_term_anchor:spot_flat,True,True,True
2026-01-17T14:00:00+00:00,2026-01-17T17:00:00+03:00,2026-01,,2917.779999997944,near_term_anchor:spot_flat,True,True,True
2026-01-17T15:00:00+00:00,2026-01-17T18:00:00+03:00,2026-01,,2917.77999999782,near_term_anchor:spot_flat,True,True,True
2026-01-17T16:00:00+00:00,2026-01-17T19:00:00+03:00,2026-01,,2917.779999997715,near_term_anchor:spot_flat,True,True,True
2026-01-17T17:00:00+00:00,2026-01-17T20:00:00+03:00,2026-01,,2917.779999997629,near_term_anchor:spot_flat,True,True,True
2026-01-17T18:00:00+00:00,2026-01-17T21:00:00+03:00,2026-01,,2917.7799999975614,near_term_anchor:spot_flat,True,True,True
2026-01-17T19:00:00+00:00,2026-01-17T22:00:00+03:00,2026-01,,2917.7799999975105,near_term_anchor:spot_flat,True,True,True
2026-01-17T20:00:00+00:00,2026-01-17T23:00:00+03:00,2026-01,,2917.7799999974754,near_term_anchor:spot_flat,True,True,True
2026-01-17T21:00:00+00:00,2026-01-18T00:00:00+03:00,2026-01,,2917.779999997456,near_term_anchor:spot_flat,True,True,True
2026-01-17T22:00:00+00:00,2026-01-18T01:00:00+03:00,2026-01,,2917.779999997451,near_term_anchor:spot_flat,True,True,True
2026-01-17T23:00:00+00:00,2026-01-18T02:00:00+03:00,2026-01,,2917.7799999974595,near_term_anchor:spot_flat,True,True,True
2026-01-18T00:00:00+00:00,2026-01-18T03:00:00+03:00,2026-01,,2917.779999997482,near_term_anchor:spot_flat,True,True,True
2026-01-18T01:00:00+00:00,2026-01-18T04:00:00+03:00,2026-01,,2917.7799999975164,near_term_anchor:spot_flat,True,True,True
2026-01-18T02:00:00+00:00,2026-01-18T05:00:00+03:00,2026-01,,2917.7799999975637,near_term_anchor:spot_flat,True,True,True
2026-01-18T03:00:00+00:00,2026-01-18T06:00:00+03:00,2026-01,,2917.7799999976237,near_term_anchor:spot_flat,True,True,True
2026-01-18T04:00:00+00:00,2026-01-18T07:00:00+03:00,2026-01,,2917.7799999976955,near_term_anchor:spot_flat,True,True,True
2026-01-18T05:00:00+00:00,2026-01-18T08:00:00+03:00,2026-01,,2917.7799999977774,near_term_anchor:spot_flat,True,True,True
2026-01-18T06:00:00+00:00,2026-01-18T09:00:00+03:00,2026-01,,2917.7799999978683,near_term_anchor:spot_flat,True,True,True
2026-01-18T07:00:00+00:00,2026-01-18T10:00:00+03:00,2026-01,,2917.7799999979684,near_term_anchor:spot_flat,True,True,True
2026-01-18T08:00:00+00:00,2026-01-18T11:00:00+03:00,2026-01,,2917.7799999980766,near_term_anchor:spot_flat,True,True,True
2026-01-18T09:00:00+00:00,2026-01-18T12:00:00+03:00,2026-01,,2917.779999998192,near_term_anchor:spot_flat,True,True,True
2026-01-18T10:00:00+00:00,2026-01-18T13:00:00+03:00,2026-01,,2917.7799999983135,near_term_anchor:spot_flat,True,True,True
2026-01-18T11:00:00+00:00,2026-01-18T14:00:00+03:00,2026-01,,2917.7799999984395,near_term_anchor:spot_flat,True,True,True
2026-01-18T12:00:00+00:00,2026-01-18T15:00:00+03:00,2026-01,,2917.7799999985677,near_term_anchor:spot_flat,True,True,True
2026-01-18T13:00:00+00:00,2026-01-18T16:00:00+03:00,2026-01,,2917.7799999986964,near_term_anchor:spot_flat,True,True,True
2026-01-18T14:00:00+00:00,2026-01-18T17:00:00+03:00,2026-01,,2917.7799999988247,near_term_anchor:spot_flat,True,True,True
2026-01-18T15:00:00+00:00,2026-01-18T18:00:00+03:00,2026-01,,2917.779999998951,near_term_anchor:spot_flat,True,True,True
2026-01-18T16:00:00+00:00,2026-01-18T19:00:00+03:00,2026-01,,2917.779999999075,near_term_anchor:spot_flat,True,True,True
2026-01-18T17:00:00+00:00,2026-01-18T20:00:00+03:00,2026-01,,2917.7799999991953,near_term_anchor:spot_flat,True,True,True
2026-01-18T18:00:00+00:00,2026-01-18T21:00:00+03:00,2026-01,,2917.779999999311,near_term_anchor:spot_flat,True,True,True
2026-01-18T19:00:00+00:00,2026-01-18T22:00:00+03:00,2026-01,,2917.7799999994213,near_term_anchor:spot_flat,True,True,True
2026-01-18T20:00:00+00:00,2026-01-18T23:00:00+03:00,2026-01,,2917.7799999995273,near_term_anchor:spot_flat,True,True,True
2026-01-18T21:00:00+00:00,2026-01-19T00:00:00+03:00,2026-01,,2917.7799999996273,near_term_anchor:spot_flat,True,True,True
2026-01-18T22:00:00+00:00,2026-01-19T01:00:00+03:00,2026-01,,2917.77999999972,near_term_anchor:spot_flat,True,True,True
2026-01-18T23:00:00+00:00,2026-01-19T02:00:00+03:00,2026-01,,2917.7799999998047,near_term_anchor:spot_flat,True,True,True
2026-01-19T00:00:00+00:00,2026-01-19T03:00:00+03:00,2026-01,,2917.779999999882,near_term_anchor:spot_flat,True,True,True
2026-01-19T01:00:00+00:00,2026-01-19T04:00:00+03:00,2026-01,,2917.779999999953,near_term_anchor:spot_flat,True,True,True
2026-01-19T02:00:00+00:00,2026-01-19T05:00:00+03:00,2026-01,,2917.780000000015,near_term_anchor:spot_flat,True,True,True
2026-01-19T03:00:00+00:00,2026-01-19T06:00:00+03:00,2026-01,,2917.780000000067,near_term_anchor:spot_flat,True,True,True
2026-01-19T04:00:00+00:00,2026-01-19T07:00:00+03:00,2026-01,,2917.7800000001066,near_term_anchor:spot_flat,True,True,True
2026-01-19T05:00:00+00:00,2026-01-19T08:00:00+03:00,2026-01,,2917.780000000133,near_term_anchor:spot_flat,True,True,True
2026-01-19T06:00:00+00:00,2026-01-19T09:00:00+03:00,2026-01,,2917.780000000143,near_term_anchor:spot_flat,True,True,True
2026-01-19T07:00:00+00:00,2026-01-19T10:00:00+03:00,2026-01,,2917.7800000001325,near_term_anchor:spot_flat,True,True,True
2026-01-19T08:00:00+00:00,2026-01-19T11:00:00+03:00,2026-01,,2917.780000000098,near_term_anchor:spot_flat,True,True,True
2026-01-19T09:00:00+00:00,2026-01-19T12:00:00+03:00,2026-01,,2917.7800000000375,near_term_anchor:spot_flat,True,True,True
2026-01-19T10:00:00+00:00,2026-01-19T13:00:00+03:00,2026-01,,2917.7799999999493,near_term_anchor:spot_flat,True,True,True
2026-01-19T11:00:00+00:00,2026-01-19T14:00:00+03:00,2026-01,,2917.779999999829,near_term_anchor:spot_flat,True,True,True
2026-01-19T12:00:00+00:00,2026-01-19T15:00:00+03:00,2026-01,,2917.7799999996732,near_term_anchor:spot_flat,True,True,True
2026-01-19T13:00:00+00:00,2026-01-19T16:00:00+03:00,2026-01,,2917.779999999478,near_term_anchor:spot_flat,True,True,True
2026-01-19T14:00:00+00:00,2026-01-19T17:00:00+03:00,2026-01,,2917.77999999924,near_term_anchor:spot_flat,True,True,True
2026-01-19T15:00:00+00:00,2026-01-19T18:00:00+03:00,2026-01,,2917.779999998952,near_term_anchor:spot_flat,True,True,True
2026-01-19T16:00:00+00:00,2026-01-19T19:00:00+03:00,2026-01,,2917.7799999986073,near_term_anchor:spot_flat,True,True,True
2026-01-19T17:00:00+00:00,2026-01-19T20:00:00+03:00,2026-01,,2917.7799999981985,near_term_anchor:spot_flat,True,True,True
2026-01-19T18:00:00+00:00,2026-01-19T21:00:00+03:00,2026-01,,2917.779999997717,near_term_anchor:spot_flat,True,True,True
2026-01-19T19:00:00+00:00,2026-01-19T22:00:00+03:00,2026-01,,2917.779999997154,near_term_anchor:spot_flat,True,True,True
2026-01-19T20:00:00+00:00,2026-01-19T23:00:00+03:00,2026-01,,2917.779999996502,near_term_anchor:spot_flat,True,True,True
2026-01-19T21:00:00+00:00,2026-01-20T00:00:00+03:00,2026-01,,2917.7799999957515,near_term_anchor:spot_flat,True,True,True
2026-01-19T22:00:00+00:00,2026-01-20T01:00:00+03:00,2026-01,,2917.7799999948948,near_term_anchor:spot_flat,True,True,True
2026-01-19T23:00:00+00:00,2026-01-20T02:00:00+03:00,2026-01,,2917.779999993924,near_term_anchor:spot_flat,True,True,True
2026-01-20T00:00:00+00:00,2026-01-20T03:00:00+03:00,2026-01,,2917.77999999283,near_term_anchor:spot_flat,True,True,True
2026-01-20T01:00:00+00:00,2026-01-20T04:00:00+03:00,2026-01,,2917.779999991606,near_term_anchor:spot_flat,True,True,True
2026-01-20T02:00:00+00:00,2026-01-20T05:00:00+03:00,2026-01,,2917.779999990244,near_term_anchor:spot_flat,True,True,True
2026-01-20T03:00:00+00:00,2026-01-20T06:00:00+03:00,2026-01,,2917.7799999887384,near_term_anchor:spot_flat,True,True,True
2026-01-20T04:00:00+00:00,2026-01-20T07:00:00+03:00,2026-01,,2917.7799999870845,near_term_anchor:spot_flat,True,True,True
2026-01-20T05:00:00+00:00,2026-01-20T08:00:00+03:00,2026-01,,2917.779999985279,near_term_anchor:spot_flat,True,True,True
2026-01-20T06:00:00+00:00,2026-01-20T09:00:00+03:00,2026-01,,2917.77999998332,near_term_anchor:spot_flat,True,True,True
2026-01-20T07:00:00+00:00,2026-01-20T10:00:00+03:00,2026-01,,2917.779999981205,near_term_anchor:spot_flat,True,True,True
2026-01-20T08:00:00+00:00,2026-01-20T11:00:00+03:00,2026-01,,2917.779999978934,near_term_anchor:spot_flat,True,True,True
2026-01-20T09:00:00+00:00,2026-01-20T12:00:00+03:00,2026-01,,2917.7799999765066,near_term_anchor:spot_flat,True,True,True
2026-01-20T10:00:00+00:00,2026-01-20T13:00:00+03:00,2026-01,,2917.779999973924,near_term_anchor:spot_flat,True,True,True
2026-01-20T11:00:00+00:00,2026-01-20T14:00:00+03:00,2026-01,,2917.77999997119,near_term_anchor:spot_flat,True,True,True
2026-01-20T12:00:00+00:00,2026-01-20T15:00:00+03:00,2026-01,,2917.7799999683134,near_term_anchor:spot_flat,True,True,True
2026-01-20T13:00:00+00:00,2026-01-20T16:00:00+03:00,2026-01,,2917.7799999653034,near_term_anchor:spot_flat,True,True,True
2026-01-20T14:00:00+00:00,2026-01-20T17:00:00+03:00,2026-01,,2917.7799999621725,near_term_anchor:spot_flat,True,True,True
2026-01-20T15:00:00+00:00,2026-01-20T18:00:00+03:00,2026-01,,2917.779999958936,near_term_anchor:spot_flat,True,True,True
2026-01-20T16:00:00+00:00,2026-01-20T19:00:00+03:00,2026-01,,2917.7799999556137,near_term_anchor:spot_flat,True,True,True
2026-01-20T17:00:00+00:00,2026-01-20T20:00:00+03:00,2026-01,,2917.77999995223,near_term_anchor:spot_flat,True,True,True
2026-01-20T18:00:00+00:00,2026-01-20T21:00:00+03:00,2026-01,,2917.7799999488143,near_term_anchor:spot_flat,True,True,True
2026-01-20T19:00:00+00:00,2026-01-20T22:00:00+03:00,2026-01,,2917.7799999454023,near_term_anchor:spot_flat,True,True,True
2026-01-20T20:00:00+00:00,2026-01-20T23:00:00+03:00,2026-01,,2917.779999942035,near_term_anchor:spot_flat,True,True,True
2026-01-20T21:00:00+00:00,2026-01-21T00:00:00+03:00,2026-01,,2917.7799999387585,near_term_anchor:spot_flat,True,True,True
2026-01-20T22:00:00+00:00,2026-01-21T01:00:00+03:00,2026-01,,2917.7799999356225,near_term_anchor:spot_flat,True,True,True
2026-01-20T23:00:00+00:00,2026-01-21T02:00:00+03:00,2026-01,,2917.779999932681,near_term_anchor:spot_flat,True,True,True
2026-01-21T00:00:00+00:00,2026-01-21T03:00:00+03:00,2026-01,,2917.779999929993,near_term_anchor:spot_flat,True,True,True
2026-01-21T01:00:00+00:00,2026-01-21T04:00:00+03:00,2026-01,,2917.7799999276244,near_term_anchor:spot_flat,True,True,True
2026-01-21T02:00:00+00:00,2026-01-21T05:00:00+03:00,2026-01,,2917.7799999256476,near_term_anchor:spot_flat,True,True,True
2026-01-21T03:00:00+00:00,2026-01-21T06:00:00+03:00,2026-01,,2917.7799999241447,near_term_anchor:spot_flat,True,True,True
2026-01-21T04:00:00+00:00,2026-01-21T07:00:00+03:00,2026-01,,2917.779999923204,near_term_anchor:spot_flat,True,True,True
2026-01-21T05:00:00+00:00,2026-01-21T08:00:00+03:00,2026-01,,2917.7799999229196,near_term_anchor:spot_flat,True,True,True
2026-01-21T06:00:00+00:00,2026-01-21T09:00:00+03:00,2026-01,,2917.7799999233944,near_term_anchor:spot_flat,True,True,True
2026-01-21T07:00:00+00:00,2026-01-21T10:00:00+03:00,2026-01,,2917.7799999247372,near_term_anchor:spot_flat,True,True,True
2026-01-21T08:00:00+00:00,2026-01-21T11:00:00+03:00,2026-01,,2917.779999927066,near_term_anchor:spot_flat,True,True,True
2026-01-21T09:00:00+00:00,2026-01-21T12:00:00+03:00,2026-01,,2917.7799999305043,near_term_anchor:spot_flat,True,True,True
2026-01-21T10:00:00+00:00,2026-01-21T13:00:00+03:00,2026-01,,2917.7799999351832,near_term_anchor:spot_flat,True,True,True
2026-01-21T11:00:00+00:00,2026-01-21T14:00:00+03:00,2026-01,,2917.779999941242,near_term_anchor:spot_flat,True,True,True
2026-01-21T12:00:00+00:00,2026-01-21T15:00:00+03:00,2026-01,,2917.7799999488248,near_term_anchor:spot_flat,True,True,True
2026-01-21T13:00:00+00:00,2026-01-21T16:00:00+03:00,2026-01,,2917.779999958082,near_term_anchor:spot_flat,True,True,True
2026-01-21T14:00:00+00:00,2026-01-21T17:00:00+03:00,2026-01,,2917.7799999691692,near_term_anchor:spot_flat,True,True,True
2026-01-21T15:00:00+00:00,2026-01-21T18:00:00+03:00,2026-01,,2917.7799999822455,near_term_anchor:spot_flat,True,True,True
2026-01-21T16:00:00+00:00,2026-01-21T19:00:00+03:00,2026-01,,2917.7799999974727,near_term_anchor:spot_flat,True,True,True
2026-01-21T17:00:00+00:00,2026-01-21T20:00:00+03:00,2026-01,,2917.7800000150155,near_term_anchor:spot_flat,True,True,True
2026-01-21T18:00:00+00:00,2026-01-21T21:00:00+03:00,2026-01,,2917.780000035037,near_term_anchor:spot_flat,True,True,True
2026-01-21T19:00:00+00:00,2026-01-21T22:00:00+03:00,2026-01,,2917.780000057699,near_term_anchor:spot_flat,True,True,True
2026-01-21T20:00:00+00:00,2026-01-21T23:00:00+03:00,2026-01,,2917.7800000831576,near_term_anchor:spot_flat,True,True,True
2026-01-21T21:00:00+00:00,2026-01-22T00:00:00+03:00,2026-01,,2917.780000111565,near_term_anchor:spot_flat,True,True,True
2026-01-21T22:00:00+00:00,2026-01-22T01:00:00+03:00,2026-01,,2917.7800001430664,near_term_anchor:spot_flat,True,True,True
2026-01-21T23:00:00+00:00,2026-01-22T02:00:00+03:00,2026-01,,2917.7800001777946,near_term_anchor:spot_flat,True,True,True
2026-01-22T00:00:00+00:00,2026-01-22T03:00:00+03:00,2026-01,,2917.7800002158674,near_term_anchor:spot_flat,True,True,True
2026-01-22T01:00:00+00:00,2026-01-22T04:00:00+03:00,2026-01,,2917.780000257385,near_term_anchor:spot_flat,True,True,True
2026-01-22T02:00:00+00:00,2026-01-22T05:00:00+03:00,2026-01,,2917.7800003024263,near_term_anchor:spot_flat,True,True,True
2026-01-22T03:00:00+00:00,2026-01-22T06:00:00+03:00,2026-01,,2917.780000351046,near_term_anchor:spot_flat,True,True,True
2026-01-22T04:00:00+00:00,2026-01-22T07:00:00+03:00,2026-01,,2917.7800004032683,near_term_anchor:spot_flat,True,True,True
2026-01-22T05:00:00+00:00,2026-01-22T08:00:00+03:00,2026-01,,2917.7800004590813,near_term_anchor:spot_flat,True,True,True
2026-01-22T06:00:00+00:00,2026-01-22T09:00:00+03:00,2026-01,,2917.780000518433,near_term_anchor:spot_flat,True,True,True
2026-01-22T07:00:00+00:00,2026-01-22T10:00:00+03:00,2026-01,,2917.780000581224,near_term_anchor:spot_flat,True,True,True
2026-01-22T08:00:00+00:00,2026-01-22T11:00:00+03:00,2026-01,,2917.7800006473026,near_term_anchor:spot_flat,True,True,True
2026-01-22T09:00:00+00:00,2026-01-22T12:00:00+03:00,2026-01,,2917.7800007164597,near_term_anchor:spot_flat,True,True,True
2026-01-22T10:00:00+00:00,2026-01-22T13:00:00+03:00,2026-01,,2917.7800007884234,near_term_anchor:spot_flat,True,True,True
2026-01-22T11:00:00+00:00,2026-01-22T14:00:00+03:00,2026-01,,2917.7800008628483,near_term_anchor:spot_flat,True,True,True
2026-01-22T12:00:00+00:00,2026-01-22T15:00:00+03:00,2026-01,,2917.780000939309,near_term_anchor:spot_flat,True,True,True
2026-01-22T13:00:00+00:00,2026-01-22T16:00:00+03:00,2026-01,,2917.780001017295,near_term_anchor:spot_flat,True,True,True
2026-01-22T14:00:00+00:00,2026-01-22T17:00:00+03:00,2026-01,,2917.780001096202,near_term_anchor:spot_flat,True,True,True
2026-01-22T15:00:00+00:00,2026-01-22T18:00:00+03:00,2026-01,,2917.780001175322,near_term_anchor:spot_flat,True,True,True
2026-01-22T16:00:00+00:00,2026-01-22T19:00:00+03:00,2026-01,,2917.7800012538382,near_term_anchor:spot_flat,True,True,True
2026-01-22T17:00:00+00:00,2026-01-22T20:00:00+03:00,2026-01,,2917.780001330816,near_term_anchor:spot_flat,True,True,True
2026-01-22T18:00:00+00:00,2026-01-22T21:00:00+03:00,2026-01,,2917.7800014051954,near_term_anchor:spot_flat,True,True,True
2026-01-22T19:00:00+00:00,2026-01-22T22:00:00+03:00,2026-01,,2917.7800014757836,near_term_anchor:spot_flat,True,True,True
2026-01-22T20:00:00+00:00,2026-01-22T23:00:00+03:00,2026-01,,2917.780001541245,near_term_anchor:spot_flat,True,True,True
2026-01-22T21:00:00+00:00,2026-01-23T00:00:00+03:00,2026-01,,2917.780001600098,near_term_anchor:spot_flat,True,True,True
2026-01-22T22:00:00+00:00,2026-01-23T01:00:00+03:00,2026-01,,2917.7800016507076,near_term_anchor:spot_flat,True,True,True
2026-01-22T23:00:00+00:00,2026-01-23T02:00:00+03:00,2026-01,,2917.7800016912774,near_term_anchor:spot_flat,True,True,True
2026-01-23T00:00:00+00:00,2026-01-23T03:00:00+03:00,2026-01,,2917.780001719846,near_term_anchor:spot_flat,True,True,True
2026-01-23T01:00:00+00:00,2026-01-23T04:00:00+03:00,2026-01,,2917.780001734284,near_term_anchor:spot_flat,True,True,True
2026-01-23T02:00:00+00:00,2026-01-23T05:00:00+03:00,2026-01,,2917.7800017322875,near_term_anchor:spot_flat,True,True,True
2026-01-23T03:00:00+00:00,2026-01-23T06:00:00+03:00,2026-01,,2917.780001711379,near_term_anchor:spot_flat,True,True,True
2026-01-23T04:00:00+00:00,2026-01-23T07:00:00+03:00,2026-01,,2917.7800016689075,near_term_anchor:spot_flat,True,True,True
2026-01-23T05:00:00+00:00,2026-01-23T08:00:00+03:00,2026-01,,2917.7800016020487,near_term_anchor:spot_flat,True,True,True
2026-01-23T06:00:00+00:00,2026-01-23T09:00:00+03:00,2026-01,,2917.7800015078133,near_term_anchor:spot_flat,True,True,True
2026-01-23T07:00:00+00:00,2026-01-23T10:00:00+03:00,2026-01,,2917.7800013830524,near_term_anchor:spot_flat,True,True,True
2026-01-23T08:00:00+00:00,2026-01-23T11:00:00+03:00,2026-01,,2917.780001224467,near_term_anchor:spot_flat,True,True,True
2026-01-23T09:00:00+00:00,2026-01-23T12:00:00+03:00,2026-01,,2917.780001028621,near_term_anchor:spot_flat,True,True,True
2026-01-23T10:00:00+00:00,2026-01-23T13:00:00+03:00,2026-01,,2917.780000791954,near_term_anchor:spot_flat,True,True,True
2026-01-23T11:00:00+00:00,2026-01-23T14:00:00+03:00,2026-01,,2917.7800005108024,near_term_anchor:spot_flat,True,True,True
2026-01-23T12:00:00+00:00,2026-01-23T15:00:00+03:00,2026-01,,2917.780000181424,near_term_anchor:spot_flat,True,True,True
2026-01-23T13:00:00+00:00,2026-01-23T16:00:00+03:00,2026-01,,2917.779999800025,near_term_anchor:spot_flat,True,True,True
2026-01-23T14:00:00+00:00,2026-01-23T17:00:00+03:00,2026-01,,2917.779999362794,near_term_anchor:spot_flat,True,True,True
2026-01-23T15:00:00+00:00,2026-01-23T18:00:00+03:00,2026-01,,2917.7799988659385,near_term_anchor:spot_flat,True,True,True
2026-01-23T16:00:00+00:00,2026-01-23T19:00:00+03:00,2026-01,,2917.779998305728,near_term_anchor:spot_flat,True,True,True
2026-01-23T17:00:00+00:00,2026-01-23T20:00:00+03:00,2026-01,,2917.7799976785454,near_term_anchor:spot_flat,True,True,True
2026-01-23T18:00:00+00:00,2026-01-23T21:00:00+03:00,2026-01,,2917.7799969809425,near_term_anchor:spot_flat,True,True,True
2026-01-23T19:00:00+00:00,2026-01-23T22:00:00+03:00,2026-01,,2917.7799962097033,near_term_anchor:spot_flat,True,True,True
2026-01-23T20:00:00+00:00,2026-01-23T23:00:00+03:00,2026-01,,2917.77999536191,near_term_anchor:spot_flat,True,True,True
2026-01-23T21:00:00+00:00,2026-01-24T00:00:00+03:00,2026-01,,2917.7799944350245,near_term_anchor:spot_flat,True,True,True
2026-01-23T22:00:00+00:00,2026-01-24T01:00:00+03:00,2026-01,,2917.779993426971,near_term_anchor:spot_flat,True,True,True
2026-01-23T23:00:00+00:00,2026-01-24T02:00:00+03:00,2026-01,,2917.779992336228,near_term_anchor:spot_flat,True,True,True
2026-01-24T00:00:00+00:00,2026-01-24T03:00:00+03:00,2026-01,,2917.779991161933,near_term_anchor:spot_flat,True,True,True
2026-01-24T01:00:00+00:00,2026-01-24T04:00:00+03:00,2026-01,,2917.7799899039906,near_term_anchor:spot_flat,True,True,True
2026-01-24T02:00:00+00:00,2026-01-24T05:00:00+03:00,2026-01,,2917.7799885631885,near_term_anchor:spot_flat,True,True,True
2026-01-24T03:00:00+00:00,2026-01-24T06:00:00+03:00,2026-01,,2917.7799871413235,near_term_anchor:spot_flat,True,True,True
2026-01-24T04:00:00+00:00,2026-01-24T07:00:00+03:00,2026-01,,2917.779985641333,near_term_anchor:spot_flat,True,True,True
2026-01-24T05:00:00+00:00,2026-01-24T08:00:00+03:00,2026-01,,2917.7799840674415,near_term_anchor:spot_flat,True,True,True
2026-01-24T06:00:00+00:00,2026-01-24T09:00:00+03:00,2026-01,,2917.779982425308,near_term_anchor:spot_flat,True,True,True
2026-01-24T07:00:00+00:00,2026-01-24T10:00:00+03:00,2026-01,,2917.7799807221813,near_term_anchor:spot_flat,True,True,True
2026-01-24T08:00:00+00:00,2026-01-24T11:00:00+03:00,2026-01,,2917.7799789670685,near_term_anchor:spot_flat,True,True,True
2026-01-24T09:00:00+00:00,2026-01-24T12:00:00+03:00,2026-01,,2917.7799771709037,near_term_anchor:spot_flat,True,True,True
2026-01-24T10:00:00+00:00,2026-01-24T13:00:00+03:00,2026-01,,2917.779975346726,near_term_anchor:spot_flat,True,True,True
2026-01-24T11:00:00+00:00,2026-01-24T14:00:00+03:00,2026-01,,2917.7799735098565,near_term_anchor:spot_flat,True,True,True
2026-01-24T12:00:00+00:00,2026-01-24T15:00:00+03:00,2026-01,,2917.779971678079,near_term_anchor:spot_flat,True,True,True
2026-01-24T13:00:00+00:00,2026-01-24T16:00:00+03:00,2026-01,,2917.779969871827,near_term_anchor:spot_flat,True,True,True
2026-01-24T14:00:00+00:00,2026-01-24T17:00:00+03:00,2026-01,,2917.779968114362,near_term_anchor:spot_flat,True,True,True
2026-01-24T15:00:00+00:00,2026-01-24T18:00:00+03:00,2026-01,,2917.779966431962,near_term_anchor:spot_flat,True,True,True
2026-01-24T16:00:00+00:00,2026-01-24T19:00:00+03:00,2026-01,,2917.7799648540913,near_term_anchor:spot_flat,True,True,True
2026-01-24T17:00:00+00:00,2026-01-24T20:00:00+03:00,2026-01,,2917.779963413573,near_term_anchor:spot_flat,True,True,True
2026-01-24T18:00:00+00:00,2026-01-24T21:00:00+03:00,2026-01,,2917.7799621467457,near_term_anchor:spot_flat,True,True,True
2026-01-24T19:00:00+00:00,2026-01-24T22:00:00+03:00,2026-01,,2917.779961093607,near_term_anchor:spot_flat,True,True,True
2026-01-24T20:00:00+00:00,2026-01-24T23:00:00+03:00,2026-01,,2917.7799602979385,near_term_anchor:spot_flat,True,True,True
2026-01-24T21:00:00+00:00,2026-01-25T00:00:00+03:00,2026-01,,2917.779959807413,near_term_anchor:spot_flat,True,True,True
2026-01-24T22:00:00+00:00,2026-01-25T01:00:00+03:00,2026-01,,2917.7799596736722,near_term_anchor:spot_flat,True,True,True
2026-01-24T23:00:00+00:00,2026-01-25T02:00:00+03:00,2026-01,,2917.779959952376,near_term_anchor:spot_flat,True,True,True
2026-01-25T00:00:00+00:00,2026-01-25T03:00:00+03:00,2026-01,,2917.779960703217,near_term_anchor:spot_flat,True,True,True
2026-01-25T01:00:00+00:00,2026-01-25T04:00:00+03:00,2026-01,,2917.779961989893,near_term_anchor:spot_flat,True,True,True
2026-01-25T02:00:00+00:00,2026-01-25T05:00:00+03:00,2026-01,,2917.779963880031,near_term_anchor:spot_flat,True,True,True
2026-01-25T03:00:00+00:00,2026-01-25T06:00:00+03:00,2026-01,,2917.779966445062,near_term_anchor:spot_flat,True,True,True
2026-01-25T04:00:00+00:00,2026-01-25T07:00:00+03:00,2026-01,,2917.77996976003,near_term_anchor:spot_flat,True,True,True
2026-01-25T05:00:00+00:00,2026-01-25T08:00:00+03:00,2026-01,,2917.77997390333,near_term_anchor:spot_flat,True,True,True
2026-01-25T06:00:00+00:00,2026-01-25T09:00:00+03:00,2026-01,,2917.7799789563824,near_term_anchor:spot_flat,True,True,True
2026-01-25T07:00:00+00:00,2026-01-25T10:00:00+03:00,2026-01,,2917.779985003215,near_term_anchor:spot_flat,True,True,True
2026-01-25T08:00:00+00:00,2026-01-25T11:00:00+03:00,2026-01,,2917.779992129962,near_term_anchor:spot_flat,True,True,True
2026-01-25T09:00:00+00:00,2026-01-25T12:00:00+03:00,2026-01,,2917.7800004242554,near_term_anchor:spot_flat,True,True,True
2026-01-25T10:00:00+00:00,2026-01-25T13:00:00+03:00,2026-01,,2917.7800099745155,near_term_anchor:spot_flat,True,True,True
2026-01-25T11:00:00+00:00,2026-01-25T14:00:00+03:00,2026-01,,2917.780020869116,near_term_anchor:spot_flat,True,True,True
2026-01-25T12:00:00+00:00,2026-01-25T15:00:00+03:00,2026-01,,2917.7800331954336,near_term_anchor:spot_flat,True,True,True
2026-01-25T13:00:00+00:00,2026-01-25T16:00:00+03:00,2026-01,,2917.7800470387574,near_term_anchor:spot_flat,True,True,True
2026-01-25T14:00:00+00:00,2026-01-25T17:00:00+03:00,2026-01,,2917.7800624810584,near_term_anchor:spot_flat,True,True,True
2026-01-25T15:00:00+00:00,2026-01-25T18:00:00+03:00,2026-01,,2917.780079599604,near_term_anchor:spot_flat,True,True,True
2026-01-25T16:00:00+00:00,2026-01-25T19:00:00+03:00,2026-01,,2917.7800984654123,near_term_anchor:spot_flat,True,True,True
2026-01-25T17:00:00+00:00,2026-01-25T20:00:00+03:00,2026-01,,2917.78011914154,near_term_anchor:spot_flat,True,True,True
2026-01-25T18:00:00+00:00,2026-01-25T21:00:00+03:00,2026-01,,2917.7801416811976,near_term_anchor:spot_flat,True,True,True
2026-01-25T19:00:00+00:00,2026-01-25T22:00:00+03:00,2026-01,,2917.780166125682,near_term_anchor:spot_flat,True,True,True
2026-01-25T20:00:00+00:00,2026-01-25T23:00:00+03:00,2026-01,,2917.7801925021213,near_term_anchor:spot_flat,True,True,True
2026-01-25T21:00:00+00:00,2026-01-26T00:00:00+03:00,2026-01,,2917.7802208210305,near_term_anchor:spot_flat,True,True,True
2026-01-25T22:00:00+00:00,2026-01-26T01:00:00+03:00,2026-01,,2917.7802510736733,near_term_anchor:spot_flat,True,True,True
2026-01-25T23:00:00+00:00,2026-01-26T02:00:00+03:00,2026-01,,2917.7802832292323,near_term_anchor:spot_flat,True,True,True
2026-01-26T00:00:00+00:00,2026-01-26T03:00:00+03:00,2026-01,,2917.7803172317817,near_term_anchor:spot_flat,True,True,True
2026-01-26T01:00:00+00:00,2026-01-26T04:00:00+03:00,2026-01,,2917.7803529970724,near_term_anchor:spot_flat,True,True,True
2026-01-26T02:00:00+00:00,2026-01-26T05:00:00+03:00,2026-01,,2917.7803904091306,near_term_anchor:spot_flat,True,True,True
2026-01-26T03:00:00+00:00,2026-01-26T06:00:00+03:00,2026-01,,2917.780429316684,near_term_anchor:spot_flat,True,True,True
2026-01-26T04:00:00+00:00,2026-01-26T07:00:00+03:00,2026-01,,2917.7804695294203,near_term_anchor:spot_flat,True,True,True
2026-01-26T05:00:00+00:00,2026-01-26T08:00:00+03:00,2026-01,,2917.780510814096,near_term_anchor:spot_flat,True,True,True
2026-01-26T06:00:00+00:00,2026-01-26T09:00:00+03:00,2026-01,,2917.7805528905155,near_term_anchor:spot_flat,True,True,True
2026-01-26T07:00:00+00:00,2026-01-26T10:00:00+03:00,2026-01,,2917.7805954273995,near_term_anchor:spot_flat,True,True,True
2026-01-26T08:00:00+00:00,2026-01-26T11:00:00+03:00,2026-01,,2917.7806380381817,near_term_anchor:spot_flat,True,True,True
2026-01-26T09:00:00+00:00,2026-01-26T12:00:00+03:00,2026-01,,2917.7806802767536,near_term_anchor:spot_flat,True,True,True
2026-01-26T10:00:00+00:00,2026-01-26T13:00:00+03:00,2026-01,,2917.780721633201,near_term_anchor:spot_flat,True,True,True
2026-01-26T11:00:00+00:00,2026-01-26T14:00:00+03:00,2026-01,,2917.780761529583,near_term_anchor:spot_flat,True,True,True
2026-01-26T12:00:00+00:00,2026-01-26T15:00:00+03:00,2026-01,,2917.7807993157894,near_term_anchor:spot_flat,True,True,True
2026-01-26T13:00:00+00:00,2026-01-26T16:00:00+03:00,2026-01,,2917.780834265559,near_term_anchor:spot_flat,True,True,True
2026-01-26T14:00:00+00:00,2026-01-26T17:00:00+03:00,2026-01,,2917.7808655726967,near_term_anchor:spot_flat,True,True,True
2026-01-26T15:00:00+00:00,2026-01-26T18:00:00+03:00,2026-01,,2917.780892347582,near_term_anchor:spot_flat,True,True,True
2026-01-26T16:00:00+00:00,2026-01-26T19:00:00+03:00,2026-01,,2917.780913614036,near_term_anchor:spot_flat,True,True,True
2026-01-26T17:00:00+00:00,2026-01-26T20:00:00+03:00,2026-01,,2917.7809283066463,near_term_anchor:spot_flat,True,True,True
2026-01-26T18:00:00+00:00,2026-01-26T21:00:00+03:00,2026-01,,2917.780935268637,near_term_anchor:spot_flat,True,True,True
2026-01-26T19:00:00+00:00,2026-01-26T22:00:00+03:00,2026-01,,2917.780933250402,near_term_anchor:spot_flat,True,True,True
2026-01-26T20:00:00+00:00,2026-01-26T23:00:00+03:00,2026-01,,2917.7809209088064,near_term_anchor:spot_flat,True,True,True
2026-01-26T21:00:00+00:00,2026-01-27T00:00:00+03:00,2026-01,,2917.78089680739,near_term_anchor:spot_flat,True,True,True
2026-01-26T22:00:00+00:00,2026-01-27T01:00:00+03:00,2026-01,,2917.7808594176013,near_term_anchor:spot_flat,True,True,True
2026-01-26T23:00:00+00:00,2026-01-27T02:00:00+03:00,2026-01,,2917.78080712121,near_term_anchor:spot_flat,True,True,True
2026-01-27T00:00:00+00:00,2026-01-27T03:00:00+03:00,2026-01,,2917.7807382140427,near_term_anchor:spot_flat,True,True,True
2026-01-27T01:00:00+00:00,2026-01-27T04:00:00+03:00,2026-01,,2917.7806509112147,near_term_anchor:spot_flat,True,True,True
2026-01-27T02:00:00+00:00,2026-01-27T05:00:00+03:00,2026-01,,2917.780543354019,near_term_anchor:spot_flat,True,True,True
2026-01-27T03:00:00+00:00,2026-01-27T06:00:00+03:00,2026-01,,2917.7804136186555,near_term_anchor:spot_flat,True,True,True
2026-01-27T04:00:00+00:00,2026-01-27T07:00:00+03:00,2026-01,,2917.78025972699,near_term_anchor:spot_flat,True,True,True
2026-01-27T05:00:00+00:00,2026-01-27T08:00:00+03:00,2026-01,,2917.7800796595247,near_term_anchor:spot_flat,True,True,True
2026-01-27T06:00:00+00:00,2026-01-27T09:00:00+03:00,2026-01,,2917.7798713707907,near_term_anchor:spot_flat,True,True,True
2026-01-27T07:00:00+00:00,2026-01-27T10:00:00+03:00,2026-01,,2917.7796328073523,near_term_anchor:spot_flat,True,True,True
2026-01-27T08:00:00+00:00,2026-01-27T11:00:00+03:00,2026-01,,2917.779361928637,near_term_anchor:spot_flat,True,True,True
2026-01-27T09:00:00+00:00,2026-01-27T12:00:00+03:00,2026-01,,2917.779056730792,near_term_anchor:spot_flat,True,True,True
2026-01-27T10:00:00+00:00,2026-01-27T13:00:00+03:00,2026-01,,2917.7787152737724,near_term_anchor:spot_flat,True,True,True
2026-01-27T11:00:00+00:00,2026-01-27T14:00:00+03:00,2026-01,,2917.7783357118587,near_term_anchor:spot_flat,True,True,True
2026-01-27T12:00:00+00:00,2026-01-27T15:00:00+03:00,2026-01,,2917.7779163278037,near_term_anchor:spot_flat,True,True,True
2026-01-27T13:00:00+00:00,2026-01-27T16:00:00+03:00,2026-01,,2917.7774555707892,near_term_anchor:spot_flat,True,True,True
2026-01-27T14:00:00+00:00,2026-01-27T17:00:00+03:00,2026-01,,2917.7769520983643,near_term_anchor:spot_flat,True,True,True
2026-01-27T15:00:00+00:00,2026-01-27T18:00:00+03:00,2026-01,,2917.776404822519,near_term_anchor:spot_flat,True,True,True
2026-01-27T16:00:00+00:00,2026-01-27T19:00:00+03:00,2026-01,,2917.775812960033,near_term_anchor:spot_flat,True,True,True
2026-01-27T17:00:00+00:00,2026-01-27T20:00:00+03:00,2026-01,,2917.7751760872025,near_term_anchor:spot_flat,True,True,True
2026-01-27T18:00:00+00:00,2026-01-27T21:00:00+03:00,2026-01,,2917.7744941990277,near_term_anchor:spot_flat,True,True,True
2026-01-27T19:00:00+00:00,2026-01-27T22:00:00+03:00,2026-01,,2917.7737677729006,near_term_anchor:spot_flat,True,True,True
2026-01-27T20:00:00+00:00,2026-01-27T23:00:00+03:00,2026-01,,2917.772997836792,near_term_anchor:spot_flat,True,True,True
2026-01-27T21:00:00+00:00,2026-01-28T00:00:00+03:00,2026-01,,2917.772186041895,near_term_anchor:spot_flat,True,True,True
2026-01-27T22:00:00+00:00,2026-01-28T01:00:00+03:00,2026-01,,2917.771334739619,near_term_anchor:spot_flat,True,True,True
2026-01-27T23:00:00+00:00,2026-01-28T02:00:00+03:00,2026-01,,2917.770447062768,near_term_anchor:spot_flat,True,True,True
2026-01-28T00:00:00+00:00,2026-01-28T03:00:00+03:00,2026-01,,2917.769527010675,near_term_anchor:spot_flat,True,True,True
2026-01-28T01:00:00+00:00,2026-01-28T04:00:00+03:00,2026-01,,2917.7685795379657,near_term_anchor:spot_flat,True,True,True
2026-01-28T02:00:00+00:00,2026-01-28T05:00:00+03:00,2026-01,,2917.7676106465656,near_term_anchor:spot_flat,True,True,True
2026-01-28T03:00:00+00:00,2026-01-28T06:00:00+03:00,2026-01,,2917.7666274804474,near_term_anchor:spot_flat,True,True,True
2026-01-28T04:00:00+00:00,2026-01-28T07:00:00+03:00,2026-01,,2917.765638422518,near_term_anchor:spot_flat,True,True,True
2026-01-28T05:00:00+00:00,2026-01-28T08:00:00+03:00,2026-01,,2917.764653192938,near_term_anchor:spot_flat,True,True,True
2026-01-28T06:00:00+00:00,2026-01-28T09:00:00+03:00,2026-01,,2917.763682948025,near_term_anchor:spot_flat,True,True,True
2026-01-28T07:00:00+00:00,2026-01-28T10:00:00+03:00,2026-01,,2917.7627403787747,near_term_anchor:spot_flat,True,True,True
2026-01-28T08:00:00+00:00,2026-01-28T11:00:00+03:00,2026-01,,2917.7618398078903,near_term_anchor:spot_flat,True,True,True
2026-01-28T09:00:00+00:00,2026-01-28T12:00:00+03:00,2026-01,,2917.7609972840382,near_term_anchor:spot_flat,True,True,True
2026-01-28T10:00:00+00:00,2026-01-28T13:00:00+03:00,2026-01,,2917.760230671904,near_term_anchor:spot_flat,True,True,True
2026-01-28T11:00:00+00:00,2026-01-28T14:00:00+03:00,2026-01,,2917.7595597364448,near_term_anchor:spot_flat,True,True,True
2026-01-28T12:00:00+00:00,2026-01-28T15:00:00+03:00,2026-01,,2917.75900621955,near_term_anchor:spot_flat,True,True,True
2026-01-28T13:00:00+00:00,2026-01-28T16:00:00+03:00,2026-01,,2917.758593907137,near_term_anchor:spot_flat,True,True,True
2026-01-28T14:00:00+00:00,2026-01-28T17:00:00+03:00,2026-01,,2917.7583486844997,near_term_anchor:spot_flat,True,True,True
2026-01-28T15:00:00+00:00,2026-01-28T18:00:00+03:00,2026-01,,2917.758298577539,near_term_anchor:spot_flat,True,True,True
2026-01-28T16:00:00+00:00,2026-01-28T19:00:00+03:00,2026-01,,2917.758473777287,near_term_anchor:spot_flat,True,True,True
2026-01-28T17:00:00+00:00,2026-01-28T20:00:00+03:00,2026-01,,2917.758906644918,near_term_anchor:spot_flat,True,True,True
2026-01-28T18:00:00+00:00,2026-01-28T21:00:00+03:00,2026-01,,2917.759631694228,near_term_anchor:spot_flat,True,True,True
2026-01-28T19:00:00+00:00,2026-01-28T22:00:00+03:00,2026-01,,2917.760685548349,near_term_anchor:spot_flat,True,True,True
2026-01-28T20:00:00+00:00,2026-01-28T23:00:00+03:00,2026-01,,2917.762106867243,near_term_anchor:spot_flat,True,True,True
2026-01-28T21:00:00+00:00,2026-01-29T00:00:00+03:00,2026-01,,2917.763936242318,near_term_anchor:spot_flat,True,True,True
2026-01-28T22:00:00+00:00,2026-01-29T01:00:00+03:00,2026-01,,2917.766216054295,near_term_anchor:spot_flat,True,True,True
2026-01-28T23:00:00+00:00,2026-01-29T02:00:00+03:00,2026-01,,2917.7689902902707,near_term_anchor:spot_flat,True,True,True
2026-01-29T00:00:00+00:00,2026-01-29T03:00:00+03:00,2026-01,,2917.772304315737,near_term_anchor:spot_flat,True,True,True
2026-01-29T01:00:00+00:00,2026-01-29T04:00:00+03:00,2026-01,,2917.7762045971563,near_term_anchor:spot_flat,True,True,True
2026-01-29T02:00:00+00:00,2026-01-29T05:00:00+03:00,2026-01,,2917.7807383705567,near_term_anchor:spot_flat,True,True,True
2026-01-29T03:00:00+00:00,2026-01-29T06:00:00+03:00,2026-01,,2917.785953251508,near_term_anchor:spot_flat,True,True,True
2026-01-29T04:00:00+00:00,2026-01-29T07:00:00+03:00,2026-01,,2917.7918967817427,near_term_anchor:spot_flat,True,True,True
2026-01-29T05:00:00+00:00,2026-01-29T08:00:00+03:00,2026-01,,2917.7986159076668,near_term_anchor:spot_flat,True,True,True
2026-01-29T06:00:00+00:00,2026-01-29T09:00:00+03:00,2026-01,,2917.8061563860083,near_term_anchor:spot_flat,True,True,True
2026-01-29T07:00:00+00:00,2026-01-29T10:00:00+03:00,2026-01,,2917.814562111903,near_term_anchor:spot_flat,True,True,True
2026-01-29T08:00:00+00:00,2026-01-29T11:00:00+03:00,2026-01,,2917.823874364847,near_term_anchor:spot_flat,True,True,True
2026-01-29T09:00:00+00:00,2026-01-29T12:00:00+03:00,2026-01,,2917.834130968125,near_term_anchor:spot_flat,True,True,True
2026-01-29T10:00:00+00:00,2026-01-29T13:00:00+03:00,2026-01,,2917.8453653575834,near_term_anchor:spot_flat,True,True,True
2026-01-29T11:00:00+00:00,2026-01-29T14:00:00+03:00,2026-01,,2917.8576055559715,near_term_anchor:spot_flat,True,True,True
2026-01-29T12:00:00+00:00,2026-01-29T15:00:00+03:00,2026-01,,2917.8708730495023,near_term_anchor:spot_flat,True,True,True
2026-01-29T13:00:00+00:00,2026-01-29T16:00:00+03:00,2026-01,,2917.8851815638322,near_term_anchor:spot_flat,True,True,True
2026-01-29T14:00:00+00:00,2026-01-29T17:00:00+03:00,2026-01,,2917.900535737313,near_term_anchor:spot_flat,True,True,True
2026-01-29T15:00:00+00:00,2026-01-29T18:00:00+03:00,2026-01,,2917.91692969014,near_term_anchor:spot_flat,True,True,True
2026-01-29T16:00:00+00:00,2026-01-29T19:00:00+03:00,2026-01,,2917.9343454889345,near_term_anchor:spot_flat,True,True,True
2026-01-29T17:00:00+00:00,2026-01-29T20:00:00+03:00,2026-01,,2917.9527515073482,near_term_anchor:spot_flat,True,True,True
2026-01-29T18:00:00+00:00,2026-01-29T21:00:00+03:00,2026-01,,2917.9721006844843,near_term_anchor:spot_flat,True,True,True
2026-01-29T19:00:00+00:00,2026-01-29T22:00:00+03:00,2026-01,,2917.992328684294,near_term_anchor:spot_flat,True,True,True
2026-01-29T20:00:00+00:00,2026-01-29T23:00:00+03:00,2026-01,,2918.013351960661,near_term_anchor:spot_flat,True,True,True
2026-01-29T21:00:00+00:00,2026-01-30T00:00:00+03:00,2026-01,,2918.0350657345984,near_term_anchor:spot_flat,True,True,True
2026-01-29T22:00:00+00:00,2026-01-30T01:00:00+03:00,2026-01,,2918.057341891922,near_term_anchor:spot_flat,True,True,True
2026-01-29T23:00:00+00:00,2026-01-30T02:00:00+03:00,2026-01,,2918.080026811875,near_term_anchor:spot_flat,True,True,True
2026-01-30T00:00:00+00:00,2026-01-30T03:00:00+03:00,2026-01,,2918.102939139512,near_term_anchor:spot_flat,True,True,True
2026-01-30T01:00:00+00:00,2026-01-30T04:00:00+03:00,2026-01,,2918.1258675172044,near_term_anchor:spot_flat,True,True,True
2026-01-30T02:00:00+00:00,2026-01-30T05:00:00+03:00,2026-01,,2918.1485682934126,near_term_anchor:spot_flat,True,True,True
2026-01-30T03:00:00+00:00,2026-01-30T06:00:00+03:00,2026-01,,2918.1707632298453,near_term_anchor:spot_flat,True,True,True
2026-01-30T04:00:00+00:00,2026-01-30T07:00:00+03:00,2026-01,,2918.192137231382,near_term_anchor:spot_flat,True,True,True
2026-01-30T05:00:00+00:00,2026-01-30T08:00:00+03:00,2026-01,,2918.2123361265776,near_term_anchor:spot_flat,True,True,True
2026-01-30T06:00:00+00:00,2026-01-30T09:00:00+03:00,2026-01,,2918.2309645302657,near_term_anchor:spot_flat,True,True,True
2026-01-30T07:00:00+00:00,2026-01-30T10:00:00+03:00,2026-01,,2918.2475838236646,near_term_anchor:spot_flat,True,True,True
2026-01-30T08:00:00+00:00,2026-01-30T11:00:00+03:00,2026-01,,2918.261710291539,near_term_anchor:spot_flat,True,True,True
2026-01-30T09:00:00+00:00,2026-01-30T12:00:00+03:00,2026-01,,2918.272813460273,near_term_anchor:spot_flat,True,True,True
2026-01-30T10:00:00+00:00,2026-01-30T13:00:00+03:00,2026-01,,2918.28031468522,near_term_anchor:spot_flat,True,True,True
2026-01-30T11:00:00+00:00,2026-01-30T14:00:00+03:00,2026-01,,2918.2835860403857,near_term_anchor:spot_flat,True,True,True
2026-01-30T12:00:00+00:00,2026-01-30T15:00:00+03:00,2026-01,,2918.2819495683066,near_term_anchor:spot_flat,True,True,True
2026-01-30T13:00:00+00:00,2026-01-30T16:00:00+03:00,2026-01,,2918.2746769529144,near_term_anchor:spot_flat,True,True,True
2026-01-30T14:00:00+00:00,2026-01-30T17:00:00+03:00,2026-01,,2918.260989683184,near_term_anchor:spot_flat,True,True,True
2026-01-30T15:00:00+00:00,2026-01-30T18:00:00+03:00,2026-01,,2918.240059780385,near_term_anchor:spot_flat,True,True,True
2026-01-30T16:00:00+00:00,2026-01-30T19:00:00+03:00,2026-01,,2918.2110111668185,near_term_anchor:spot_flat,True,True,True
2026-01-30T17:00:00+00:00,2026-01-30T20:00:00+03:00,2026-01,,2918.172921758811,near_term_anchor:spot_flat,True,True,True
2026-01-30T18:00:00+00:00,2026-01-30T21:00:00+03:00,2026-01,,2918.1248263715706,near_term_anchor:spot_flat,True,True,True
2026-01-30T19:00:00+00:00,2026-01-30T22:00:00+03:00,2026-01,,2918.0657205281314,near_term_anchor:spot_flat,True,True,True
2026-01-30T20:00:00+00:00,2026-01-30T23:00:00+03:00,2026-01,,2917.99456526889,near_term_anchor:spot_flat,True,True,True
2026-01-30T21:00:00+00:00,2026-01-31T00:00:00+03:00,2026-01,,2917.9102930621902,near_term_anchor:spot_flat,True,True,True
2026-01-30T22:00:00+00:00,2026-01-31T01:00:00+03:00,2026-01,,2917.811814919851,near_term_anchor:spot_flat,True,True,True
2026-01-30T23:00:00+00:00,2026-01-31T02:00:00+03:00,2026-01,,2917.698028824385,near_term_anchor:spot_flat,True,True,True
2026-01-31T00:00:00+00:00,2026-01-31T03:00:00+03:00,2026-01,,2917.567829576812,near_term_anchor:spot_flat,True,True,True
2026-01-31T01:00:00+00:00,2026-01-31T04:00:00+03:00,2026-01,,2917.4201201752694,near_term_anchor:spot_flat,True,True,True
2026-01-31T02:00:00+00:00,2026-01-31T05:00:00+03:00,2026-01,,2917.2538248349347,near_term_anchor:spot_flat,True,True,True
2026-01-31T03:00:00+00:00,2026-01-31T06:00:00+03:00,2026-01,,2917.0679037589703,near_term_anchor:spot_flat,True,True,True
2026-01-31T04:00:00+00:00,2026-01-31T07:00:00+03:00,2026-01,,2916.861369768055,near_term_anchor:spot_flat,True,True,True
2026-01-31T05:00:00+00:00,2026-01-31T08:00:00+03:00,2026-01,,2916.6333068924914,near_term_anchor:spot_flat,True,True,True
2026-01-31T06:00:00+00:00,2026-01-31T09:00:00+03:00,2026-01,,2916.3828910256057,near_term_anchor:spot_flat,True,True,True
2026-01-31T07:00:00+00:00,2026-01-31T10:00:00+03:00,2026-01,,2916.109412730035,near_term_anchor:spot_flat,True,True,True
2026-01-31T08:00:00+00:00,2026-01-31T11:00:00+03:00,2026-01,,2915.8123022793125,near_term_anchor:spot_flat,True,True,True
2026-01-31T09:00:00+00:00,2026-01-31T12:00:00+03:00,2026-01,,2915.4911570056975,near_term_anchor:spot_flat,True,True,True
2026-01-31T10:00:00+00:00,2026-01-31T13:00:00+03:00,2026-01,,2915.1457710112218,near_term_anchor:spot_flat,True,True,True
2026-01-31T11:00:00+00:00,2026-01-31T14:00:00+03:00,2026-01,,2914.776167282216,near_term_anchor:spot_flat,True,True,True
2026-01-31T12:00:00+00:00,2026-01-31T15:00:00+03:00,2026-01,,2914.38263222791,near_term_anchor:spot_flat,True,True,True
2026-01-31T13:00:00+00:00,2026-01-31T16:00:00+03:00,2026-01,,2913.9657526408037,near_term_anchor:spot_flat,True,True,True
2026-01-31T14:00:00+00:00,2026-01-31T17:00:00+03:00,2026-01,,2913.526455050175,near_term_anchor:spot_flat,True,True,True
2026-01-31T15:00:00+00:00,2026-01-31T18:00:00+03:00,2026-01,,2913.0660474100373,near_term_anchor:spot_flat,True,True,True
2026-01-31T16:00:00+00:00,2026-01-31T19:00:00+03:00,2026-01,,2912.5862630289002,near_term_anchor:spot_flat,True,True,True
2026-01-31T17:00:00+00:00,2026-01-31T20:00:00+03:00,2026-01,,2912.0893066105323,near_term_anchor:spot_flat,True,True,True
2026-01-31T18:00:00+00:00,2026-01-31T21:00:00+03:00,2026-01,,2911.5779022323977,near_term_anchor:spot_flat,True,True,True
2026-01-31T19:00:00+00:00,2026-01-31T22:00:00+03:00,2026-01,,2911.0553430412997,near_term_anchor:spot_flat,True,True,True
2026-01-31T20:00:00+00:00,2026-01-31T23:00:00+03:00,2026-01,,2910.525542393819,near_term_anchor:spot_flat,True,True,True
2026-01-31T21:00:00+00:00,2026-02-01T00:00:00+03:00,2026-02,EBM0226,2909.9930861122307,EPIAS_VEP:EBM0226,True,False,False
2026-01-31T22:00:00+00:00,2026-02-01T01:00:00+03:00,2026-02,EBM0226,2909.4632854645706,EPIAS_VEP:EBM0226,True,False,False
2026-01-31T23:00:00+00:00,2026-02-01T02:00:00+03:00,2026-02,EBM0226,2908.940726273119,EPIAS_VEP:EBM0226,True,False,False
2026-02-01T00:00:00+00:00,2026-02-01T03:00:00+03:00,2026-02,EBM0226,2908.429321894462,EPIAS_VEP:EBM0226,True,False,False
2026-02-01T01:00:00+00:00,2026-02-01T04:00:00+03:00,2026-02,EBM0226,2907.9323654754116,EPIAS_VEP:EBM0226,True,False,False
2026-02-01T02:00:00+00:00,2026-02-01T05:00:00+03:00,2026-02,EBM0226,2907.4525810934515,EPIAS_VEP:EBM0226,True,False,False
2026-02-01T03:00:00+00:00,2026-02-01T06:00:00+03:00,2026-02,EBM0226,2906.992173452374,EPIAS_VEP:EBM0226,True,False,False
2026-02-01T04:00:00+00:00,2026-02-01T07:00:00+03:00,2026-02,EBM0226,2906.552875860722,EPIAS_VEP:EBM0226,True,False,False
2026-02-01T05:00:00+00:00,2026-02-01T08:00:00+03:00,2026-02,EBM0226,2906.1359962725196,EPIAS_VEP:EBM0226,True,False,False
2026-02-01T06:00:00+00:00,2026-02-01T09:00:00+03:00,2026-02,EBM0226,2905.7424612170553,EPIAS_VEP:EBM0226,True,False,False
2026-02-01T07:00:00+00:00,2026-02-01T10:00:00+03:00,2026-02,EBM0226,2905.3728574868464,EPIAS_VEP:EBM0226,True,False,False
2026-02-01T08:00:00+00:00,2026-02-01T11:00:00+03:00,2026-02,EBM0226,2905.0274714911357,EPIAS_VEP:EBM0226,True,False,False
2026-02-01T09:00:00+00:00,2026-02-01T12:00:00+03:00,2026-02,EBM0226,2904.70632621626,EPIAS_VEP:EBM0226,True,False,False
2026-02-01T10:00:00+00:00,2026-02-01T13:00:00+03:00,2026-02,EBM0226,2904.409215764258,EPIAS_VEP:EBM0226,True,False,False
2026-02-01T11:00:00+00:00,2026-02-01T14:00:00+03:00,2026-02,EBM0226,2904.1357374673944,EPIAS_VEP:EBM0226,True,False,False
2026-02-01T12:00:00+00:00,2026-02-01T15:00:00+03:00,2026-02,EBM0226,2903.8853215992044,EPIAS_VEP:EBM0226,True,False,False
2026-02-01T13:00:00+00:00,2026-02-01T16:00:00+03:00,2026-02,EBM0226,2903.657258722324,EPIAS_VEP:EBM0226,True,False,False
2026-02-01T14:00:00+00:00,2026-02-01T17:00:00+03:00,2026-02,EBM0226,2903.45072473008,EPIAS_VEP:EBM0226,True,False,False
2026-02-01T15:00:00+00:00,2026-02-01T18:00:00+03:00,2026-02,EBM0226,2903.264803652778,EPIAS_VEP:EBM0226,True,False,False
2026-02-01T16:00:00+00:00,2026-02-01T19:00:00+03:00,2026-02,EBM0226,2903.098508311103,EPIAS_VEP:EBM0226,True,False,False
2026-02-01T17:00:00+00:00,2026-02-01T20:00:00+03:00,2026-02,EBM0226,2902.950798908224,EPIAS_VEP:EBM0226,True,False,False
2026-02-01T18:00:00+00:00,2026-02-01T21:00:00+03:00,2026-02,EBM0226,2902.820599659327,EPIAS_VEP:EBM0226,True,False,False
2026-02-01T19:00:00+00:00,2026-02-01T22:00:00+03:00,2026-02,EBM0226,2902.7068135625545,EPIAS_VEP:EBM0226,True,False,False
2026-02-01T20:00:00+00:00,2026-02-01T23:00:00+03:00,2026-02,EBM0226,2902.608335418932,EPIAS_VEP:EBM0226,True,False,False
2026-02-01T21:00:00+00:00,2026-02-02T00:00:00+03:00,2026-02,EBM0226,2902.524063210974,EPIAS_VEP:EBM0226,True,False,False
2026-02-01T22:00:00+00:00,2026-02-02T01:00:00+03:00,2026-02,EBM0226,2902.452907950507,EPIAS_VEP:EBM0226,True,False,False
2026-02-01T23:00:00+00:00,2026-02-02T02:00:00+03:00,2026-02,EBM0226,2902.3938021058816,EPIAS_VEP:EBM0226,True,False,False
2026-02-02T00:00:00+00:00,2026-02-02T03:00:00+03:00,2026-02,EBM0226,2902.345706717503,EPIAS_VEP:EBM0226,True,False,False
2026-02-02T01:00:00+00:00,2026-02-02T04:00:00+03:00,2026-02,EBM0226,2902.30761730842,EPIAS_VEP:EBM0226,True,False,False
2026-02-02T02:00:00+00:00,2026-02-02T05:00:00+03:00,2026-02,EBM0226,2902.2785686938573,EPIAS_VEP:EBM0226,True,False,False
2026-02-02T03:00:00+00:00,2026-02-02T06:00:00+03:00,2026-02,EBM0226,2902.257638790157,EPIAS_VEP:EBM0226,True,False,False
2026-02-02T04:00:00+00:00,2026-02-02T07:00:00+03:00,2026-02,EBM0226,2902.243951519638,EPIAS_VEP:EBM0226,True,False,False
2026-02-02T05:00:00+00:00,2026-02-02T08:00:00+03:00,2026-02,EBM0226,2902.2366789035864,EPIAS_VEP:EBM0226,True,False,False
2026-02-02T06:00:00+00:00,2026-02-02T09:00:00+03:00,2026-02,EBM0226,2902.2350424309857,EPIAS_VEP:EBM0226,True,False,False
2026-02-02T07:00:00+00:00,2026-02-02T10:00:00+03:00,2026-02,EBM0226,2902.238313785768,EPIAS_VEP:EBM0226,True,False,False
2026-02-02T08:00:00+00:00,2026-02-02T11:00:00+03:00,2026-02,EBM0226,2902.2458150104712,EPIAS_VEP:EBM0226,True,False,False
2026-02-02T09:00:00+00:00,2026-02-02T12:00:00+03:00,2026-02,EBM0226,2902.256918179109,EPIAS_VEP:EBM0226,True,False,False
2026-02-02T10:00:00+00:00,2026-02-02T13:00:00+03:00,2026-02,EBM0226,2902.2710446470373,EPIAS_VEP:EBM0226,True,False,False
2026-02-02T11:00:00+00:00,2026-02-02T14:00:00+03:00,2026-02,EBM0226,2902.2876639406377,EPIAS_VEP:EBM0226,True,False,False
2026-02-02T12:00:00+00:00,2026-02-02T15:00:00+03:00,2026-02,EBM0226,2902.3062923446723,EPIAS_VEP:EBM0226,True,False,False
2026-02-02T13:00:00+00:00,2026-02-02T16:00:00+03:00,2026-02,EBM0226,2902.326491240356,EPIAS_VEP:EBM0226,True,False,False
2026-02-02T14:00:00+00:00,2026-02-02T17:00:00+03:00,2026-02,EBM0226,2902.347865242511,EPIAS_VEP:EBM0226,True,False,False
2026-02-02T15:00:00+00:00,2026-02-02T18:00:00+03:00,2026-02,EBM0226,2902.370060179684,EPIAS_VEP:EBM0226,True,False,False
2026-02-02T16:00:00+00:00,2026-02-02T19:00:00+03:00,2026-02,EBM0226,2902.3927609567445,EPIAS_VEP:EBM0226,True,False,False
2026-02-02T17:00:00+00:00,2026-02-02T20:00:00+03:00,2026-02,EBM0226,2902.415689335392,EPIAS_VEP:EBM0226,True,False,False
2026-02-02T18:00:00+00:00,2026-02-02T21:00:00+03:00,2026-02,EBM0226,2902.438601664083,EPIAS_VEP:EBM0226,True,False,False
2026-02-02T19:00:00+00:00,2026-02-02T22:00:00+03:00,2026-02,EBM0226,2902.4612865851814,EPIAS_VEP:EBM0226,True,False,False
2026-02-02T20:00:00+00:00,2026-02-02T23:00:00+03:00,2026-02,EBM0226,2902.4835627437315,EPIAS_VEP:EBM0226,True,False,False
2026-02-02T21:00:00+00:00,2026-02-03T00:00:00+03:00,2026-02,EBM0226,2902.505276518968,EPIAS_VEP:EBM0226,True,False,False
2026-02-02T22:00:00+00:00,2026-02-03T01:00:00+03:00,2026-02,EBM0226,2902.526299796696,EPIAS_VEP:EBM0226,True,False,False
2026-02-02T23:00:00+00:00,2026-02-03T02:00:00+03:00,2026-02,EBM0226,2902.546527797917,EPIAS_VEP:EBM0226,True,False,False
2026-02-03T00:00:00+00:00,2026-02-03T03:00:00+03:00,2026-02,EBM0226,2902.5658769765023,EPIAS_VEP:EBM0226,True,False,False
2026-02-03T01:00:00+00:00,2026-02-03T04:00:00+03:00,2026-02,EBM0226,2902.5842829963917,EPIAS_VEP:EBM0226,True,False,False
2026-02-03T02:00:00+00:00,2026-02-03T05:00:00+03:00,2026-02,EBM0226,2902.6016987966773,EPIAS_VEP:EBM0226,True,False,False
2026-02-03T03:00:00+00:00,2026-02-03T06:00:00+03:00,2026-02,EBM0226,2902.6180927509927,EPIAS_VEP:EBM0226,True,False,False
2026-02-03T04:00:00+00:00,2026-02-03T07:00:00+03:00,2026-02,EBM0226,2902.63344692594,EPIAS_VEP:EBM0226,True,False,False
2026-02-03T05:00:00+00:00,2026-02-03T08:00:00+03:00,2026-02,EBM0226,2902.6477554416942,EPIAS_VEP:EBM0226,True,False,False
2026-02-03T06:00:00+00:00,2026-02-03T09:00:00+03:00,2026-02,EBM0226,2902.661022936592,EPIAS_VEP:EBM0226,True,False,False
2026-02-03T07:00:00+00:00,2026-02-03T10:00:00+03:00,2026-02,EBM0226,2902.673263136277,EPIAS_VEP:EBM0226,True,False,False
2026-02-03T08:00:00+00:00,2026-02-03T11:00:00+03:00,2026-02,EBM0226,2902.684497526956,EPIAS_VEP:EBM0226,True,False,False
2026-02-03T09:00:00+00:00,2026-02-03T12:00:00+03:00,2026-02,EBM0226,2902.6947541313725,EPIAS_VEP:EBM0226,True,False,False
2026-02-03T10:00:00+00:00,2026-02-03T13:00:00+03:00,2026-02,EBM0226,2902.704066385368,EPIAS_VEP:EBM0226,True,False,False
2026-02-03T11:00:00+00:00,2026-02-03T14:00:00+03:00,2026-02,EBM0226,2902.712472112222,EPIAS_VEP:EBM0226,True,False,False
2026-02-03T12:00:00+00:00,2026-02-03T15:00:00+03:00,2026-02,EBM0226,2902.7200125914264,EPIAS_VEP:EBM0226,True,False,False
2026-02-03T13:00:00+00:00,2026-02-03T16:00:00+03:00,2026-02,EBM0226,2902.72673171811,EPIAS_VEP:EBM0226,True,False,False
2026-02-03T14:00:00+00:00,2026-02-03T17:00:00+03:00,2026-02,EBM0226,2902.732675248996,EPIAS_VEP:EBM0226,True,False,False
2026-02-03T15:00:00+00:00,2026-02-03T18:00:00+03:00,2026-02,EBM0226,2902.737890130488,EPIAS_VEP:EBM0226,True,False,False
2026-02-03T16:00:00+00:00,2026-02-03T19:00:00+03:00,2026-02,EBM0226,2902.742423904315,EPIAS_VEP:EBM0226,True,False,False
2026-02-03T17:00:00+00:00,2026-02-03T20:00:00+03:00,2026-02,EBM0226,2902.746324186049,EPIAS_VEP:EBM0226,True,False,False
2026-02-03T18:00:00+00:00,2026-02-03T21:00:00+03:00,2026-02,EBM0226,2902.7496382117283,EPIAS_VEP:EBM0226,True,False,False
2026-02-03T19:00:00+00:00,2026-02-03T22:00:00+03:00,2026-02,EBM0226,2902.7524124478227,EPIAS_VEP:EBM0226,True,False,False
2026-02-03T20:00:00+00:00,2026-02-03T23:00:00+03:00,2026-02,EBM0226,2902.754692259831,EPIAS_VEP:EBM0226,True,False,False
2026-02-03T21:00:00+00:00,2026-02-04T00:00:00+03:00,2026-02,EBM0226,2902.7565216348585,EPIAS_VEP:EBM0226,True,False,False
2026-02-03T22:00:00+00:00,2026-02-04T01:00:00+03:00,2026-02,EBM0226,2902.7579429536418,EPIAS_VEP:EBM0226,True,False,False
2026-02-03T23:00:00+00:00,2026-02-04T02:00:00+03:00,2026-02,EBM0226,2902.7589968075995,EPIAS_VEP:EBM0226,True,False,False
2026-02-04T00:00:00+00:00,2026-02-04T03:00:00+03:00,2026-02,EBM0226,2902.7597218567053,EPIAS_VEP:EBM0226,True,False,False
2026-02-04T01:00:00+00:00,2026-02-04T04:00:00+03:00,2026-02,EBM0226,2902.760154724103,EPIAS_VEP:EBM0226,True,False,False
2026-02-04T02:00:00+00:00,2026-02-04T05:00:00+03:00,2026-02,EBM0226,2902.760329923603,EPIAS_VEP:EBM0226,True,False,False
2026-02-04T03:00:00+00:00,2026-02-04T06:00:00+03:00,2026-02,EBM0226,2902.760279816389,EPIAS_VEP:EBM0226,True,False,False
2026-02-04T04:00:00+00:00,2026-02-04T07:00:00+03:00,2026-02,EBM0226,2902.7600345934975,EPIAS_VEP:EBM0226,True,False,False
2026-02-04T05:00:00+00:00,2026-02-04T08:00:00+03:00,2026-02,EBM0226,2902.759622280825,EPIAS_VEP:EBM0226,True,False,False
2026-02-04T06:00:00+00:00,2026-02-04T09:00:00+03:00,2026-02,EBM0226,2902.7590687636643,EPIAS_VEP:EBM0226,True,False,False
2026-02-04T07:00:00+00:00,2026-02-04T10:00:00+03:00,2026-02,EBM0226,2902.7583978279295,EPIAS_VEP:EBM0226,True,False,False
2026-02-04T08:00:00+00:00,2026-02-04T11:00:00+03:00,2026-02,EBM0226,2902.7576312155097,EPIAS_VEP:EBM0226,True,False,False
2026-02-04T09:00:00+00:00,2026-02-04T12:00:00+03:00,2026-02,EBM0226,2902.7567886913657,EPIAS_VEP:EBM0226,True,False,False
2026-02-04T10:00:00+00:00,2026-02-04T13:00:00+03:00,2026-02,EBM0226,2902.755888120192,EPIAS_VEP:EBM0226,True,False,False
2026-02-04T11:00:00+00:00,2026-02-04T14:00:00+03:00,2026-02,EBM0226,2902.7549455506582,EPIAS_VEP:EBM0226,True,False,False
2026-02-04T12:00:00+00:00,2026-02-04T15:00:00+03:00,2026-02,EBM0226,2902.7539753054734,EPIAS_VEP:EBM0226,True,False,False
2026-02-04T13:00:00+00:00,2026-02-04T16:00:00+03:00,2026-02,EBM0226,2902.7529900756426,EPIAS_VEP:EBM0226,True,False,False
2026-02-04T14:00:00+00:00,2026-02-04T17:00:00+03:00,2026-02,EBM0226,2902.752001017494,EPIAS_VEP:EBM0226,True,False,False
2026-02-04T15:00:00+00:00,2026-02-04T18:00:00+03:00,2026-02,EBM0226,2902.7510178511916,EPIAS_VEP:EBM0226,True,False,False
2026-02-04T16:00:00+00:00,2026-02-04T19:00:00+03:00,2026-02,EBM0226,2902.7500489596473,EPIAS_VEP:EBM0226,True,False,False
2026-02-04T17:00:00+00:00,2026-02-04T20:00:00+03:00,2026-02,EBM0226,2902.7491014868333,EPIAS_VEP:EBM0226,True,False,False
2026-02-04T18:00:00+00:00,2026-02-04T21:00:00+03:00,2026-02,EBM0226,2902.748181434676,EPIAS_VEP:EBM0226,True,False,False
2026-02-04T19:00:00+00:00,2026-02-04T22:00:00+03:00,2026-02,EBM0226,2902.7472937578,EPIAS_VEP:EBM0226,True,False,False
2026-02-04T20:00:00+00:00,2026-02-04T23:00:00+03:00,2026-02,EBM0226,2902.746442455538,EPIAS_VEP:EBM0226,True,False,False
2026-02-04T21:00:00+00:00,2026-02-05T00:00:00+03:00,2026-02,EBM0226,2902.745630660693,EPIAS_VEP:EBM0226,True,False,False
2026-02-04T22:00:00+00:00,2026-02-05T01:00:00+03:00,2026-02,EBM0226,2902.7448607246715,EPIAS_VEP:EBM0226,True,False,False
2026-02-04T23:00:00+00:00,2026-02-05T02:00:00+03:00,2026-02,EBM0226,2902.744134298657,EPIAS_VEP:EBM0226,True,False,False
2026-02-05T00:00:00+00:00,2026-02-05T03:00:00+03:00,2026-02,EBM0226,2902.743452410609,EPIAS_VEP:EBM0226,True,False,False
2026-02-05T01:00:00+00:00,2026-02-05T04:00:00+03:00,2026-02,EBM0226,2902.7428155379093,EPIAS_VEP:EBM0226,True,False,False
2026-02-05T02:00:00+00:00,2026-02-05T05:00:00+03:00,2026-02,EBM0226,2902.742223675546,EPIAS_VEP:EBM0226,True,False,False
2026-02-05T03:00:00+00:00,2026-02-05T06:00:00+03:00,2026-02,EBM0226,2902.7416763998053,EPIAS_VEP:EBM0226,True,False,False
2026-02-05T04:00:00+00:00,2026-02-05T07:00:00+03:00,2026-02,EBM0226,2902.741172927455,EPIAS_VEP:EBM0226,True,False,False
2026-02-05T05:00:00+00:00,2026-02-05T08:00:00+03:00,2026-02,EBM0226,2902.7407121704705,EPIAS_VEP:EBM0226,True,False,False
2026-02-05T06:00:00+00:00,2026-02-05T09:00:00+03:00,2026-02,EBM0226,2902.7402927863727,EPIAS_VEP:EBM0226,True,False,False
2026-02-05T07:00:00+00:00,2026-02-05T10:00:00+03:00,2026-02,EBM0226,2902.7399132243236,EPIAS_VEP:EBM0226,True,False,False
2026-02-05T08:00:00+00:00,2026-02-05T11:00:00+03:00,2026-02,EBM0226,2902.7395717670574,EPIAS_VEP:EBM0226,True,False,False
2026-02-05T09:00:00+00:00,2026-02-05T12:00:00+03:00,2026-02,EBM0226,2902.73926656884,EPIAS_VEP:EBM0226,True,False,False
2026-02-05T10:00:00+00:00,2026-02-05T13:00:00+03:00,2026-02,EBM0226,2902.7389956896072,EPIAS_VEP:EBM0226,True,False,False
2026-02-05T11:00:00+00:00,2026-02-05T14:00:00+03:00,2026-02,EBM0226,2902.738757125497,EPIAS_VEP:EBM0226,True,False,False
2026-02-05T12:00:00+00:00,2026-02-05T15:00:00+03:00,2026-02,EBM0226,2902.7385488359346,EPIAS_VEP:EBM0226,True,False,False
2026-02-05T13:00:00+00:00,2026-02-05T16:00:00+03:00,2026-02,EBM0226,2902.738368767494,EPIAS_VEP:EBM0226,True,False,False
2026-02-05T14:00:00+00:00,2026-02-05T17:00:00+03:00,2026-02,EBM0226,2902.7382148747215,EPIAS_VEP:EBM0226,True,False,False
2026-02-05T15:00:00+00:00,2026-02-05T18:00:00+03:00,2026-02,EBM0226,2902.73808513814,EPIAS_VEP:EBM0226,True,False,False
2026-02-05T16:00:00+00:00,2026-02-05T19:00:00+03:00,2026-02,EBM0226,2902.7379775796408,EPIAS_VEP:EBM0226,True,False,False
2026-02-05T17:00:00+00:00,2026-02-05T20:00:00+03:00,2026-02,EBM0226,2902.7378902754467,EPIAS_VEP:EBM0226,True,False,False
2026-02-05T18:00:00+00:00,2026-02-05T21:00:00+03:00,2026-02,EBM0226,2902.73782136688,EPIAS_VEP:EBM0226,True,False,False
2026-02-05T19:00:00+00:00,2026-02-05T22:00:00+03:00,2026-02,EBM0226,2902.7377690690837,EPIAS_VEP:EBM0226,True,False,False
2026-02-05T20:00:00+00:00,2026-02-05T23:00:00+03:00,2026-02,EBM0226,2902.737731677912,EPIAS_VEP:EBM0226,True,False,False
2026-02-05T21:00:00+00:00,2026-02-06T00:00:00+03:00,2026-02,EBM0226,2902.737707575161,EPIAS_VEP:EBM0226,True,False,False
2026-02-05T22:00:00+00:00,2026-02-06T01:00:00+03:00,2026-02,EBM0226,2902.737695232307,EPIAS_VEP:EBM0226,True,False,False
2026-02-05T23:00:00+00:00,2026-02-06T02:00:00+03:00,2026-02,EBM0226,2902.737693212918,EPIAS_VEP:EBM0226,True,False,False
2026-02-06T00:00:00+00:00,2026-02-06T03:00:00+03:00,2026-02,EBM0226,2902.737700173886,EPIAS_VEP:EBM0226,True,False,False
2026-02-06T01:00:00+00:00,2026-02-06T04:00:00+03:00,2026-02,EBM0226,2902.737714865621,EPIAS_VEP:EBM0226,True,False,False
2026-02-06T02:00:00+00:00,2026-02-06T05:00:00+03:00,2026-02,EBM0226,2902.737736131362,EPIAS_VEP:EBM0226,True,False,False
2026-02-06T03:00:00+00:00,2026-02-06T06:00:00+03:00,2026-02,EBM0226,2902.7377629057087,EPIAS_VEP:EBM0226,True,False,False
2026-02-06T04:00:00+00:00,2026-02-06T07:00:00+03:00,2026-02,EBM0226,2902.737794212492,EPIAS_VEP:EBM0226,True,False,False
2026-02-06T05:00:00+00:00,2026-02-06T08:00:00+03:00,2026-02,EBM0226,2902.7378291620976,EPIAS_VEP:EBM0226,True,False,False
2026-02-06T06:00:00+00:00,2026-02-06T09:00:00+03:00,2026-02,EBM0226,2902.737866948328,EPIAS_VEP:EBM0226,True,False,False
2026-02-06T07:00:00+00:00,2026-02-06T10:00:00+03:00,2026-02,EBM0226,2902.7379068449154,EPIAS_VEP:EBM0226,True,False,False
2026-02-06T08:00:00+00:00,2026-02-06T11:00:00+03:00,2026-02,EBM0226,2902.7379482017486,EPIAS_VEP:EBM0226,True,False,False
2026-02-06T09:00:00+00:00,2026-02-06T12:00:00+03:00,2026-02,EBM0226,2902.7379904408654,EPIAS_VEP:EBM0226,True,False,False
2026-02-06T10:00:00+00:00,2026-02-06T13:00:00+03:00,2026-02,EBM0226,2902.738033052338,EPIAS_VEP:EBM0226,True,False,False
2026-02-06T11:00:00+00:00,2026-02-06T14:00:00+03:00,2026-02,EBM0226,2902.7380755900435,EPIAS_VEP:EBM0226,True,False,False
2026-02-06T12:00:00+00:00,2026-02-06T15:00:00+03:00,2026-02,EBM0226,2902.7381176674066,EPIAS_VEP:EBM0226,True,False,False
2026-02-06T13:00:00+00:00,2026-02-06T16:00:00+03:00,2026-02,EBM0226,2902.7381589531396,EPIAS_VEP:EBM0226,True,False,False
2026-02-06T14:00:00+00:00,2026-02-06T17:00:00+03:00,2026-02,EBM0226,2902.738199167046,EPIAS_VEP:EBM0226,True,False,False
2026-02-06T15:00:00+00:00,2026-02-06T18:00:00+03:00,2026-02,EBM0226,2902.7382380758777,EPIAS_VEP:EBM0226,True,False,False
2026-02-06T16:00:00+00:00,2026-02-06T19:00:00+03:00,2026-02,EBM0226,2902.738275489317,EPIAS_VEP:EBM0226,True,False,False
2026-02-06T17:00:00+00:00,2026-02-06T20:00:00+03:00,2026-02,EBM0226,2902.7383112560883,EPIAS_VEP:EBM0226,True,False,False
2026-02-06T18:00:00+00:00,2026-02-06T21:00:00+03:00,2026-02,EBM0226,2902.738345260218,EPIAS_VEP:EBM0226,True,False,False
2026-02-06T19:00:00+00:00,2026-02-06T22:00:00+03:00,2026-02,EBM0226,2902.738377417461,EPIAS_VEP:EBM0226,True,False,False
2026-02-06T20:00:00+00:00,2026-02-06T23:00:00+03:00,2026-02,EBM0226,2902.738407671898,EPIAS_VEP:EBM0226,True,False,False
2026-02-06T21:00:00+00:00,2026-02-07T00:00:00+03:00,2026-02,EBM0226,2902.7384359927155,EPIAS_VEP:EBM0226,True,False,False
2026-02-06T22:00:00+00:00,2026-02-07T01:00:00+03:00,2026-02,EBM0226,2902.7384623711764,EPIAS_VEP:EBM0226,True,False,False
2026-02-06T23:00:00+00:00,2026-02-07T02:00:00+03:00,2026-02,EBM0226,2902.7384868177955,EPIAS_VEP:EBM0226,True,False,False
2026-02-07T00:00:00+00:00,2026-02-07T03:00:00+03:00,2026-02,EBM0226,2902.7385093596963,EPIAS_VEP:EBM0226,True,False,False
2026-02-07T01:00:00+00:00,2026-02-07T04:00:00+03:00,2026-02,EBM0226,2902.738530038163,EPIAS_VEP:EBM0226,True,False,False
2026-02-07T02:00:00+00:00,2026-02-07T05:00:00+03:00,2026-02,EBM0226,2902.738548906391,EPIAS_VEP:EBM0226,True,False,False
2026-02-07T03:00:00+00:00,2026-02-07T06:00:00+03:00,2026-02,EBM0226,2902.7385660274163,EPIAS_VEP:EBM0226,True,False,False
2026-02-07T04:00:00+00:00,2026-02-07T07:00:00+03:00,2026-02,EBM0226,2902.7385814722306,EPIAS_VEP:EBM0226,True,False,False
2026-02-07T05:00:00+00:00,2026-02-07T08:00:00+03:00,2026-02,EBM0226,2902.738595318069,EPIAS_VEP:EBM0226,True,False,False
2026-02-07T06:00:00+00:00,2026-02-07T09:00:00+03:00,2026-02,EBM0226,2902.738607646871,EPIAS_VEP:EBM0226,True,False,False
2026-02-07T07:00:00+00:00,2026-02-07T10:00:00+03:00,2026-02,EBM0226,2902.738618543899,EPIAS_VEP:EBM0226,True,False,False
2026-02-07T08:00:00+00:00,2026-02-07T11:00:00+03:00,2026-02,EBM0226,2902.7386280965025,EPIAS_VEP:EBM0226,True,False,False
2026-02-07T09:00:00+00:00,2026-02-07T12:00:00+03:00,2026-02,EBM0226,2902.7386363930314,EPIAS_VEP:EBM0226,True,False,False
2026-02-07T10:00:00+00:00,2026-02-07T13:00:00+03:00,2026-02,EBM0226,2902.738643521878,EPIAS_VEP:EBM0226,True,False,False
2026-02-07T11:00:00+00:00,2026-02-07T14:00:00+03:00,2026-02,EBM0226,2902.738649570645,EPIAS_VEP:EBM0226,True,False,False
2026-02-07T12:00:00+00:00,2026-02-07T15:00:00+03:00,2026-02,EBM0226,2902.7386546254397,EPIAS_VEP:EBM0226,True,False,False
2026-02-07T13:00:00+00:00,2026-02-07T16:00:00+03:00,2026-02,EBM0226,2902.7386587702727,EPIAS_VEP:EBM0226,True,False,False
2026-02-07T14:00:00+00:00,2026-02-07T17:00:00+03:00,2026-02,EBM0226,2902.7386620865477,EPIAS_VEP:EBM0226,True,False,False
2026-02-07T15:00:00+00:00,2026-02-07T18:00:00+03:00,2026-02,EBM0226,2902.738664652655,EPIAS_VEP:EBM0226,True,False,False
2026-02-07T16:00:00+00:00,2026-02-07T19:00:00+03:00,2026-02,EBM0226,2902.7386665436366,EPIAS_VEP:EBM0226,True,False,False
2026-02-07T17:00:00+00:00,2026-02-07T20:00:00+03:00,2026-02,EBM0226,2902.738667830928,EPIAS_VEP:EBM0226,True,False,False
2026-02-07T18:00:00+00:00,2026-02-07T21:00:00+03:00,2026-02,EBM0226,2902.7386685821725,EPIAS_VEP:EBM0226,True,False,False
2026-02-07T19:00:00+00:00,2026-02-07T22:00:00+03:00,2026-02,EBM0226,2902.738668861084,EPIAS_VEP:EBM0226,True,False,False
2026-02-07T20:00:00+00:00,2026-02-07T23:00:00+03:00,2026-02,EBM0226,2902.7386687273756,EPIAS_VEP:EBM0226,True,False,False
2026-02-07T21:00:00+00:00,2026-02-08T00:00:00+03:00,2026-02,EBM0226,2902.738668236731,EPIAS_VEP:EBM0226,True,False,False
2026-02-07T22:00:00+00:00,2026-02-08T01:00:00+03:00,2026-02,EBM0226,2902.7386674408135,EPIAS_VEP:EBM0226,True,False,False
2026-02-07T23:00:00+00:00,2026-02-08T02:00:00+03:00,2026-02,EBM0226,2902.7386663873126,EPIAS_VEP:EBM0226,True,False,False
2026-02-08T00:00:00+00:00,2026-02-08T03:00:00+03:00,2026-02,EBM0226,2902.7386651200277,EPIAS_VEP:EBM0226,True,False,False
2026-02-08T01:00:00+00:00,2026-02-08T04:00:00+03:00,2026-02,EBM0226,2902.7386636789715,EPIAS_VEP:EBM0226,True,False,False
2026-02-08T02:00:00+00:00,2026-02-08T05:00:00+03:00,2026-02,EBM0226,2902.7386621004966,EPIAS_VEP:EBM0226,True,False,False
2026-02-08T03:00:00+00:00,2026-02-08T06:00:00+03:00,2026-02,EBM0226,2902.7386604174385,EPIAS_VEP:EBM0226,True,False,False
2026-02-08T04:00:00+00:00,2026-02-08T07:00:00+03:00,2026-02,EBM0226,2902.738658659272,EPIAS_VEP:EBM0226,True,False,False
2026-02-08T05:00:00+00:00,2026-02-08T08:00:00+03:00,2026-02,EBM0226,2902.738656852282,EPIAS_VEP:EBM0226,True,False,False
2026-02-08T06:00:00+00:00,2026-02-08T09:00:00+03:00,2026-02,EBM0226,2902.738655019738,EPIAS_VEP:EBM0226,True,False,False
2026-02-08T07:00:00+00:00,2026-02-08T10:00:00+03:00,2026-02,EBM0226,2902.7386531820753,EPIAS_VEP:EBM0226,True,False,False
2026-02-08T08:00:00+00:00,2026-02-08T11:00:00+03:00,2026-02,EBM0226,2902.7386513570796,EPIAS_VEP:EBM0226,True,False,False
2026-02-08T09:00:00+00:00,2026-02-08T12:00:00+03:00,2026-02,EBM0226,2902.738649560072,EPIAS_VEP:EBM0226,True,False,False
2026-02-08T10:00:00+00:00,2026-02-08T13:00:00+03:00,2026-02,EBM0226,2902.7386478040926,EPIAS_VEP:EBM0226,True,False,False
2026-02-08T11:00:00+00:00,2026-02-08T14:00:00+03:00,2026-02,EBM0226,2902.7386461000738,EPIAS_VEP:EBM0226,True,False,False
2026-02-08T12:00:00+00:00,2026-02-08T15:00:00+03:00,2026-02,EBM0226,2902.738644457022,EPIAS_VEP:EBM0226,True,False,False
2026-02-08T13:00:00+00:00,2026-02-08T16:00:00+03:00,2026-02,EBM0226,2902.738642882184,EPIAS_VEP:EBM0226,True,False,False
2026-02-08T14:00:00+00:00,2026-02-08T17:00:00+03:00,2026-02,EBM0226,2902.738641381215,EPIAS_VEP:EBM0226,True,False,False
2026-02-08T15:00:00+00:00,2026-02-08T18:00:00+03:00,2026-02,EBM0226,2902.7386399583324,EPIAS_VEP:EBM0226,True,False,False
2026-02-08T16:00:00+00:00,2026-02-08T19:00:00+03:00,2026-02,EBM0226,2902.7386386164726,EPIAS_VEP:EBM0226,True,False,False
2026-02-08T17:00:00+00:00,2026-02-08T20:00:00+03:00,2026-02,EBM0226,2902.7386373574286,EPIAS_VEP:EBM0226,True,False,False
2026-02-08T18:00:00+00:00,2026-02-08T21:00:00+03:00,2026-02,EBM0226,2902.738636181988,EPIAS_VEP:EBM0226,True,False,False
2026-02-08T19:00:00+00:00,2026-02-08T22:00:00+03:00,2026-02,EBM0226,2902.738635090058,EPIAS_VEP:EBM0226,True,False,False
2026-02-08T20:00:00+00:00,2026-02-08T23:00:00+03:00,2026-02,EBM0226,2902.7386340807807,EPIAS_VEP:EBM0226,True,False,False
2026-02-08T21:00:00+00:00,2026-02-09T00:00:00+03:00,2026-02,EBM0226,2902.7386331526445,EPIAS_VEP:EBM0226,True,False,False
2026-02-08T22:00:00+00:00,2026-02-09T01:00:00+03:00,2026-02,EBM0226,2902.738632303586,EPIAS_VEP:EBM0226,True,False,False
2026-02-08T23:00:00+00:00,2026-02-09T02:00:00+03:00,2026-02,EBM0226,2902.738631531082,EPIAS_VEP:EBM0226,True,False,False
2026-02-09T00:00:00+00:00,2026-02-09T03:00:00+03:00,2026-02,EBM0226,2902.738630832228,EPIAS_VEP:EBM0226,True,False,False
2026-02-09T01:00:00+00:00,2026-02-09T04:00:00+03:00,2026-02,EBM0226,2902.7386302038185,EPIAS_VEP:EBM0226,True,False,False
2026-02-09T02:00:00+00:00,2026-02-09T05:00:00+03:00,2026-02,EBM0226,2902.7386296424174,EPIAS_VEP:EBM0226,True,False,False
2026-02-09T03:00:00+00:00,2026-02-09T06:00:00+03:00,2026-02,EBM0226,2902.7386291444204,EPIAS_VEP:EBM0226,True,False,False
2026-02-09T04:00:00+00:00,2026-02-09T07:00:00+03:00,2026-02,EBM0226,2902.738628706104,EPIAS_VEP:EBM0226,True,False,False
2026-02-09T05:00:00+00:00,2026-02-09T08:00:00+03:00,2026-02,EBM0226,2902.7386283236865,EPIAS_VEP:EBM0226,True,False,False
2026-02-09T06:00:00+00:00,2026-02-09T09:00:00+03:00,2026-02,EBM0226,2902.738627993357,EPIAS_VEP:EBM0226,True,False,False
2026-02-09T07:00:00+00:00,2026-02-09T10:00:00+03:00,2026-02,EBM0226,2902.73862771133,EPIAS_VEP:EBM0226,True,False,False
2026-02-09T08:00:00+00:00,2026-02-09T11:00:00+03:00,2026-02,EBM0226,2902.7386274738647,EPIAS_VEP:EBM0226,True,False,False
2026-02-09T09:00:00+00:00,2026-02-09T12:00:00+03:00,2026-02,EBM0226,2902.738627277305,EPIAS_VEP:EBM0226,True,False,False
2026-02-09T10:00:00+00:00,2026-02-09T13:00:00+03:00,2026-02,EBM0226,2902.7386271180853,EPIAS_VEP:EBM0226,True,False,False
2026-02-09T11:00:00+00:00,2026-02-09T14:00:00+03:00,2026-02,EBM0226,2902.7386269927674,EPIAS_VEP:EBM0226,True,False,False
2026-02-09T12:00:00+00:00,2026-02-09T15:00:00+03:00,2026-02,EBM0226,2902.7386268980536,EPIAS_VEP:EBM0226,True,False,False
2026-02-09T13:00:00+00:00,2026-02-09T16:00:00+03:00,2026-02,EBM0226,2902.738626830795,EPIAS_VEP:EBM0226,True,False,False
2026-02-09T14:00:00+00:00,2026-02-09T17:00:00+03:00,2026-02,EBM0226,2902.738626788002,EPIAS_VEP:EBM0226,True,False,False
2026-02-09T15:00:00+00:00,2026-02-09T18:00:00+03:00,2026-02,EBM0226,2902.7386267668544,EPIAS_VEP:EBM0226,True,False,False
2026-02-09T16:00:00+00:00,2026-02-09T19:00:00+03:00,2026-02,EBM0226,2902.7386267646993,EPIAS_VEP:EBM0226,True,False,False
2026-02-09T17:00:00+00:00,2026-02-09T20:00:00+03:00,2026-02,EBM0226,2902.7386267790453,EPIAS_VEP:EBM0226,True,False,False
2026-02-09T18:00:00+00:00,2026-02-09T21:00:00+03:00,2026-02,EBM0226,2902.738626807603,EPIAS_VEP:EBM0226,True,False,False
2026-02-09T19:00:00+00:00,2026-02-09T22:00:00+03:00,2026-02,EBM0226,2902.738626848236,EPIAS_VEP:EBM0226,True,False,False
2026-02-09T20:00:00+00:00,2026-02-09T23:00:00+03:00,2026-02,EBM0226,2902.7386268989735,EPIAS_VEP:EBM0226,True,False,False
2026-02-09T21:00:00+00:00,2026-02-10T00:00:00+03:00,2026-02,EBM0226,2902.7386269580124,EPIAS_VEP:EBM0226,True,False,False
2026-02-09T22:00:00+00:00,2026-02-10T01:00:00+03:00,2026-02,EBM0226,2902.738627023707,EPIAS_VEP:EBM0226,True,False,False
2026-02-09T23:00:00+00:00,2026-02-10T02:00:00+03:00,2026-02,EBM0226,2902.7386270945667,EPIAS_VEP:EBM0226,True,False,False
2026-02-10T00:00:00+00:00,2026-02-10T03:00:00+03:00,2026-02,EBM0226,2902.738627169251,EPIAS_VEP:EBM0226,True,False,False
2026-02-10T01:00:00+00:00,2026-02-10T04:00:00+03:00,2026-02,EBM0226,2902.7386272465574,EPIAS_VEP:EBM0226,True,False,False
2026-02-10T02:00:00+00:00,2026-02-10T05:00:00+03:00,2026-02,EBM0226,2902.738627325411,EPIAS_VEP:EBM0226,True,False,False
2026-02-10T03:00:00+00:00,2026-02-10T06:00:00+03:00,2026-02,EBM0226,2902.738627404868,EPIAS_VEP:EBM0226,True,False,False
2026-02-10T04:00:00+00:00,2026-02-10T07:00:00+03:00,2026-02,EBM0226,2902.7386274841024,EPIAS_VEP:EBM0226,True,False,False
2026-02-10T05:00:00+00:00,2026-02-10T08:00:00+03:00,2026-02,EBM0226,2902.738627562393,EPIAS_VEP:EBM0226,True,False,False
2026-02-10T06:00:00+00:00,2026-02-10T09:00:00+03:00,2026-02,EBM0226,2902.738627639115,EPIAS_VEP:EBM0226,True,False,False
2026-02-10T07:00:00+00:00,2026-02-10T10:00:00+03:00,2026-02,EBM0226,2902.7386277137443,EPIAS_VEP:EBM0226,True,False,False
2026-02-10T08:00:00+00:00,2026-02-10T11:00:00+03:00,2026-02,EBM0226,2902.7386277858436,EPIAS_VEP:EBM0226,True,False,False
2026-02-10T09:00:00+00:00,2026-02-10T12:00:00+03:00,2026-02,EBM0226,2902.738627855051,EPIAS_VEP:EBM0226,True,False,False
2026-02-10T10:00:00+00:00,2026-02-10T13:00:00+03:00,2026-02,EBM0226,2902.738627921091,EPIAS_VEP:EBM0226,True,False,False
2026-02-10T11:00:00+00:00,2026-02-10T14:00:00+03:00,2026-02,EBM0226,2902.738627983749,EPIAS_VEP:EBM0226,True,False,False
2026-02-10T12:00:00+00:00,2026-02-10T15:00:00+03:00,2026-02,EBM0226,2902.7386280428746,EPIAS_VEP:EBM0226,True,False,False
2026-02-10T13:00:00+00:00,2026-02-10T16:00:00+03:00,2026-02,EBM0226,2902.738628098366,EPIAS_VEP:EBM0226,True,False,False
2026-02-10T14:00:00+00:00,2026-02-10T17:00:00+03:00,2026-02,EBM0226,2902.7386281501826,EPIAS_VEP:EBM0226,True,False,False
2026-02-10T15:00:00+00:00,2026-02-10T18:00:00+03:00,2026-02,EBM0226,2902.7386281983104,EPIAS_VEP:EBM0226,True,False,False
2026-02-10T16:00:00+00:00,2026-02-10T19:00:00+03:00,2026-02,EBM0226,2902.7386282427697,EPIAS_VEP:EBM0226,True,False,False
2026-02-10T17:00:00+00:00,2026-02-10T20:00:00+03:00,2026-02,EBM0226,2902.738628283613,EPIAS_VEP:EBM0226,True,False,False
2026-02-10T18:00:00+00:00,2026-02-10T21:00:00+03:00,2026-02,EBM0226,2902.7386283209094,EPIAS_VEP:EBM0226,True,False,False
2026-02-10T19:00:00+00:00,2026-02-10T22:00:00+03:00,2026-02,EBM0226,2902.7386283547553,EPIAS_VEP:EBM0226,True,False,False
2026-02-10T20:00:00+00:00,2026-02-10T23:00:00+03:00,2026-02,EBM0226,2902.738628385262,EPIAS_VEP:EBM0226,True,False,False
2026-02-10T21:00:00+00:00,2026-02-11T00:00:00+03:00,2026-02,EBM0226,2902.738628412557,EPIAS_VEP:EBM0226,True,False,False
2026-02-10T22:00:00+00:00,2026-02-11T01:00:00+03:00,2026-02,EBM0226,2902.7386284367744,EPIAS_VEP:EBM0226,True,False,False
2026-02-10T23:00:00+00:00,2026-02-11T02:00:00+03:00,2026-02,EBM0226,2902.7386284580703,EPIAS_VEP:EBM0226,True,False,False
2026-02-11T00:00:00+00:00,2026-02-11T03:00:00+03:00,2026-02,EBM0226,2902.738628476607,EPIAS_VEP:EBM0226,True,False,False
2026-02-11T01:00:00+00:00,2026-02-11T04:00:00+03:00,2026-02,EBM0226,2902.738628492551,EPIAS_VEP:EBM0226,True,False,False
2026-02-11T02:00:00+00:00,2026-02-11T05:00:00+03:00,2026-02,EBM0226,2902.7386285060793,EPIAS_VEP:EBM0226,True,False,False
2026-02-11T03:00:00+00:00,2026-02-11T06:00:00+03:00,2026-02,EBM0226,2902.738628517367,EPIAS_VEP:EBM0226,True,False,False
2026-02-11T04:00:00+00:00,2026-02-11T07:00:00+03:00,2026-02,EBM0226,2902.7386285265884,EPIAS_VEP:EBM0226,True,False,False
2026-02-11T05:00:00+00:00,2026-02-11T08:00:00+03:00,2026-02,EBM0226,2902.7386285339176,EPIAS_VEP:EBM0226,True,False,False
2026-02-11T06:00:00+00:00,2026-02-11T09:00:00+03:00,2026-02,EBM0226,2902.7386285395287,EPIAS_VEP:EBM0226,True,False,False
2026-02-11T07:00:00+00:00,2026-02-11T10:00:00+03:00,2026-02,EBM0226,2902.7386285435887,EPIAS_VEP:EBM0226,True,False,False
2026-02-11T08:00:00+00:00,2026-02-11T11:00:00+03:00,2026-02,EBM0226,2902.7386285462608,EPIAS_VEP:EBM0226,True,False,False
2026-02-11T09:00:00+00:00,2026-02-11T12:00:00+03:00,2026-02,EBM0226,2902.7386285476987,EPIAS_VEP:EBM0226,True,False,False
2026-02-11T10:00:00+00:00,2026-02-11T13:00:00+03:00,2026-02,EBM0226,2902.738628548049,EPIAS_VEP:EBM0226,True,False,False
2026-02-11T11:00:00+00:00,2026-02-11T14:00:00+03:00,2026-02,EBM0226,2902.7386285474577,EPIAS_VEP:EBM0226,True,False,False
2026-02-11T12:00:00+00:00,2026-02-11T15:00:00+03:00,2026-02,EBM0226,2902.7386285460652,EPIAS_VEP:EBM0226,True,False,False
2026-02-11T13:00:00+00:00,2026-02-11T16:00:00+03:00,2026-02,EBM0226,2902.738628544003,EPIAS_VEP:EBM0226,True,False,False
2026-02-11T14:00:00+00:00,2026-02-11T17:00:00+03:00,2026-02,EBM0226,2902.7386285413977,EPIAS_VEP:EBM0226,True,False,False
2026-02-11T15:00:00+00:00,2026-02-11T18:00:00+03:00,2026-02,EBM0226,2902.7386285383745,EPIAS_VEP:EBM0226,True,False,False
2026-02-11T16:00:00+00:00,2026-02-11T19:00:00+03:00,2026-02,EBM0226,2902.738628535054,EPIAS_VEP:EBM0226,True,False,False
2026-02-11T17:00:00+00:00,2026-02-11T20:00:00+03:00,2026-02,EBM0226,2902.738628531547,EPIAS_VEP:EBM0226,True,False,False
2026-02-11T18:00:00+00:00,2026-02-11T21:00:00+03:00,2026-02,EBM0226,2902.738628527958,EPIAS_VEP:EBM0226,True,False,False
2026-02-11T19:00:00+00:00,2026-02-11T22:00:00+03:00,2026-02,EBM0226,2902.7386285243856,EPIAS_VEP:EBM0226,True,False,False
2026-02-11T20:00:00+00:00,2026-02-11T23:00:00+03:00,2026-02,EBM0226,2902.738628520918,EPIAS_VEP:EBM0226,True,False,False
2026-02-11T21:00:00+00:00,2026-02-12T00:00:00+03:00,2026-02,EBM0226,2902.7386285176335,EPIAS_VEP:EBM0226,True,False,False
2026-02-11T22:00:00+00:00,2026-02-12T01:00:00+03:00,2026-02,EBM0226,2902.738628514601,EPIAS_VEP:EBM0226,True,False,False
2026-02-11T23:00:00+00:00,2026-02-12T02:00:00+03:00,2026-02,EBM0226,2902.7386285118714,EPIAS_VEP:EBM0226,True,False,False
2026-02-12T00:00:00+00:00,2026-02-12T03:00:00+03:00,2026-02,EBM0226,2902.7386285094854,EPIAS_VEP:EBM0226,True,False,False
2026-02-12T01:00:00+00:00,2026-02-12T04:00:00+03:00,2026-02,EBM0226,2902.738628507469,EPIAS_VEP:EBM0226,True,False,False
2026-02-12T02:00:00+00:00,2026-02-12T05:00:00+03:00,2026-02,EBM0226,2902.738628505835,EPIAS_VEP:EBM0226,True,False,False
2026-02-12T03:00:00+00:00,2026-02-12T06:00:00+03:00,2026-02,EBM0226,2902.7386285045945,EPIAS_VEP:EBM0226,True,False,False
2026-02-12T04:00:00+00:00,2026-02-12T07:00:00+03:00,2026-02,EBM0226,2902.738628503743,EPIAS_VEP:EBM0226,True,False,False
2026-02-12T05:00:00+00:00,2026-02-12T08:00:00+03:00,2026-02,EBM0226,2902.7386285032617,EPIAS_VEP:EBM0226,True,False,False
2026-02-12T06:00:00+00:00,2026-02-12T09:00:00+03:00,2026-02,EBM0226,2902.7386285031057,EPIAS_VEP:EBM0226,True,False,False
2026-02-12T07:00:00+00:00,2026-02-12T10:00:00+03:00,2026-02,EBM0226,2902.738628503254,EPIAS_VEP:EBM0226,True,False,False
2026-02-12T08:00:00+00:00,2026-02-12T11:00:00+03:00,2026-02,EBM0226,2902.7386285036873,EPIAS_VEP:EBM0226,True,False,False
2026-02-12T09:00:00+00:00,2026-02-12T12:00:00+03:00,2026-02,EBM0226,2902.7386285043904,EPIAS_VEP:EBM0226,True,False,False
2026-02-12T10:00:00+00:00,2026-02-12T13:00:00+03:00,2026-02,EBM0226,2902.738628505336,EPIAS_VEP:EBM0226,True,False,False
2026-02-12T11:00:00+00:00,2026-02-12T14:00:00+03:00,2026-02,EBM0226,2902.738628506499,EPIAS_VEP:EBM0226,True,False,False
2026-02-12T12:00:00+00:00,2026-02-12T15:00:00+03:00,2026-02,EBM0226,2902.7386285078514,EPIAS_VEP:EBM0226,True,False,False
2026-02-12T13:00:00+00:00,2026-02-12T16:00:00+03:00,2026-02,EBM0226,2902.738628509344,EPIAS_VEP:EBM0226,True,False,False
2026-02-12T14:00:00+00:00,2026-02-12T17:00:00+03:00,2026-02,EBM0226,2902.7386285109374,EPIAS_VEP:EBM0226,True,False,False
2026-02-12T15:00:00+00:00,2026-02-12T18:00:00+03:00,2026-02,EBM0226,2902.7386285125976,EPIAS_VEP:EBM0226,True,False,False
2026-02-12T16:00:00+00:00,2026-02-12T19:00:00+03:00,2026-02,EBM0226,2902.73862851429,EPIAS_VEP:EBM0226,True,False,False
2026-02-12T17:00:00+00:00,2026-02-12T20:00:00+03:00,2026-02,EBM0226,2902.73862851597,EPIAS_VEP:EBM0226,True,False,False
2026-02-12T18:00:00+00:00,2026-02-12T21:00:00+03:00,2026-02,EBM0226,2902.7386285176303,EPIAS_VEP:EBM0226,True,False,False
2026-02-12T19:00:00+00:00,2026-02-12T22:00:00+03:00,2026-02,EBM0226,2902.7386285192365,EPIAS_VEP:EBM0226,True,False,False
2026-02-12T20:00:00+00:00,2026-02-12T23:00:00+03:00,2026-02,EBM0226,2902.738628520753,EPIAS_VEP:EBM0226,True,False,False
2026-02-12T21:00:00+00:00,2026-02-13T00:00:00+03:00,2026-02,EBM0226,2902.738628522138,EPIAS_VEP:EBM0226,True,False,False
2026-02-12T22:00:00+00:00,2026-02-13T01:00:00+03:00,2026-02,EBM0226,2902.7386285233724,EPIAS_VEP:EBM0226,True,False,False
2026-02-12T23:00:00+00:00,2026-02-13T02:00:00+03:00,2026-02,EBM0226,2902.7386285244415,EPIAS_VEP:EBM0226,True,False,False
2026-02-13T00:00:00+00:00,2026-02-13T03:00:00+03:00,2026-02,EBM0226,2902.7386285253333,EPIAS_VEP:EBM0226,True,False,False
2026-02-13T01:00:00+00:00,2026-02-13T04:00:00+03:00,2026-02,EBM0226,2902.738628526034,EPIAS_VEP:EBM0226,True,False,False
2026-02-13T02:00:00+00:00,2026-02-13T05:00:00+03:00,2026-02,EBM0226,2902.738628526564,EPIAS_VEP:EBM0226,True,False,False
2026-02-13T03:00:00+00:00,2026-02-13T06:00:00+03:00,2026-02,EBM0226,2902.7386285269486,EPIAS_VEP:EBM0226,True,False,False
2026-02-13T04:00:00+00:00,2026-02-13T07:00:00+03:00,2026-02,EBM0226,2902.738628527211,EPIAS_VEP:EBM0226,True,False,False
2026-02-13T05:00:00+00:00,2026-02-13T08:00:00+03:00,2026-02,EBM0226,2902.738628527374,EPIAS_VEP:EBM0226,True,False,False
2026-02-13T06:00:00+00:00,2026-02-13T09:00:00+03:00,2026-02,EBM0226,2902.7386285274415,EPIAS_VEP:EBM0226,True,False,False
2026-02-13T07:00:00+00:00,2026-02-13T10:00:00+03:00,2026-02,EBM0226,2902.738628527424,EPIAS_VEP:EBM0226,True,False,False
2026-02-13T08:00:00+00:00,2026-02-13T11:00:00+03:00,2026-02,EBM0226,2902.738628527336,EPIAS_VEP:EBM0226,True,False,False
2026-02-13T09:00:00+00:00,2026-02-13T12:00:00+03:00,2026-02,EBM0226,2902.738628527171,EPIAS_VEP:EBM0226,True,False,False
2026-02-13T10:00:00+00:00,2026-02-13T13:00:00+03:00,2026-02,EBM0226,2902.7386285269204,EPIAS_VEP:EBM0226,True,False,False
2026-02-13T11:00:00+00:00,2026-02-13T14:00:00+03:00,2026-02,EBM0226,2902.7386285265707,EPIAS_VEP:EBM0226,True,False,False
2026-02-13T12:00:00+00:00,2026-02-13T15:00:00+03:00,2026-02,EBM0226,2902.7386285261077,EPIAS_VEP:EBM0226,True,False,False
2026-02-13T13:00:00+00:00,2026-02-13T16:00:00+03:00,2026-02,EBM0226,2902.7386285255193,EPIAS_VEP:EBM0226,True,False,False
2026-02-13T14:00:00+00:00,2026-02-13T17:00:00+03:00,2026-02,EBM0226,2902.738628524819,EPIAS_VEP:EBM0226,True,False,False
2026-02-13T15:00:00+00:00,2026-02-13T18:00:00+03:00,2026-02,EBM0226,2902.7386285240004,EPIAS_VEP:EBM0226,True,False,False
2026-02-13T16:00:00+00:00,2026-02-13T19:00:00+03:00,2026-02,EBM0226,2902.7386285230605,EPIAS_VEP:EBM0226,True,False,False
2026-02-13T17:00:00+00:00,2026-02-13T20:00:00+03:00,2026-02,EBM0226,2902.738628521975,EPIAS_VEP:EBM0226,True,False,False
2026-02-13T18:00:00+00:00,2026-02-13T21:00:00+03:00,2026-02,EBM0226,2902.73862852076,EPIAS_VEP:EBM0226,True,False,False
2026-02-13T19:00:00+00:00,2026-02-13T22:00:00+03:00,2026-02,EBM0226,2902.7386285194098,EPIAS_VEP:EBM0226,True,False,False
2026-02-13T20:00:00+00:00,2026-02-13T23:00:00+03:00,2026-02,EBM0226,2902.738628517927,EPIAS_VEP:EBM0226,True,False,False
2026-02-13T21:00:00+00:00,2026-02-14T00:00:00+03:00,2026-02,EBM0226,2902.7386285163097,EPIAS_VEP:EBM0226,True,False,False
2026-02-13T22:00:00+00:00,2026-02-14T01:00:00+03:00,2026-02,EBM0226,2902.738628514567,EPIAS_VEP:EBM0226,True,False,False
2026-02-13T23:00:00+00:00,2026-02-14T02:00:00+03:00,2026-02,EBM0226,2902.7386285127295,EPIAS_VEP:EBM0226,True,False,False
2026-02-14T00:00:00+00:00,2026-02-14T03:00:00+03:00,2026-02,EBM0226,2902.7386285108246,EPIAS_VEP:EBM0226,True,False,False
2026-02-14T01:00:00+00:00,2026-02-14T04:00:00+03:00,2026-02,EBM0226,2902.7386285088746,EPIAS_VEP:EBM0226,True,False,False
2026-02-14T02:00:00+00:00,2026-02-14T05:00:00+03:00,2026-02,EBM0226,2902.7386285068965,EPIAS_VEP:EBM0226,True,False,False
2026-02-14T03:00:00+00:00,2026-02-14T06:00:00+03:00,2026-02,EBM0226,2902.738628504914,EPIAS_VEP:EBM0226,True,False,False
2026-02-14T04:00:00+00:00,2026-02-14T07:00:00+03:00,2026-02,EBM0226,2902.738628502947,EPIAS_VEP:EBM0226,True,False,False
2026-02-14T05:00:00+00:00,2026-02-14T08:00:00+03:00,2026-02,EBM0226,2902.738628501011,EPIAS_VEP:EBM0226,True,False,False
2026-02-14T06:00:00+00:00,2026-02-14T09:00:00+03:00,2026-02,EBM0226,2902.738628499136,EPIAS_VEP:EBM0226,True,False,False
2026-02-14T07:00:00+00:00,2026-02-14T10:00:00+03:00,2026-02,EBM0226,2902.738628497339,EPIAS_VEP:EBM0226,True,False,False
2026-02-14T08:00:00+00:00,2026-02-14T11:00:00+03:00,2026-02,EBM0226,2902.7386284956324,EPIAS_VEP:EBM0226,True,False,False
2026-02-14T09:00:00+00:00,2026-02-14T12:00:00+03:00,2026-02,EBM0226,2902.738628494018,EPIAS_VEP:EBM0226,True,False,False
2026-02-14T10:00:00+00:00,2026-02-14T13:00:00+03:00,2026-02,EBM0226,2902.7386284925133,EPIAS_VEP:EBM0226,True,False,False
2026-02-14T11:00:00+00:00,2026-02-14T14:00:00+03:00,2026-02,EBM0226,2902.7386284911313,EPIAS_VEP:EBM0226,True,False,False
2026-02-14T12:00:00+00:00,2026-02-14T15:00:00+03:00,2026-02,EBM0226,2902.738628489885,EPIAS_VEP:EBM0226,True,False,False
2026-02-14T13:00:00+00:00,2026-02-14T16:00:00+03:00,2026-02,EBM0226,2902.738628488783,EPIAS_VEP:EBM0226,True,False,False
2026-02-14T14:00:00+00:00,2026-02-14T17:00:00+03:00,2026-02,EBM0226,2902.7386284878316,EPIAS_VEP:EBM0226,True,False,False
2026-02-14T15:00:00+00:00,2026-02-14T18:00:00+03:00,2026-02,EBM0226,2902.7386284870336,EPIAS_VEP:EBM0226,True,False,False
2026-02-14T16:00:00+00:00,2026-02-14T19:00:00+03:00,2026-02,EBM0226,2902.7386284863887,EPIAS_VEP:EBM0226,True,False,False
2026-02-14T17:00:00+00:00,2026-02-14T20:00:00+03:00,2026-02,EBM0226,2902.738628485891,EPIAS_VEP:EBM0226,True,False,False
2026-02-14T18:00:00+00:00,2026-02-14T21:00:00+03:00,2026-02,EBM0226,2902.7386284855406,EPIAS_VEP:EBM0226,True,False,False
2026-02-14T19:00:00+00:00,2026-02-14T22:00:00+03:00,2026-02,EBM0226,2902.7386284853337,EPIAS_VEP:EBM0226,True,False,False
2026-02-14T20:00:00+00:00,2026-02-14T23:00:00+03:00,2026-02,EBM0226,2902.738628485267,EPIAS_VEP:EBM0226,True,False,False
2026-02-14T21:00:00+00:00,2026-02-15T00:00:00+03:00,2026-02,EBM0226,2902.7386284853364,EPIAS_VEP:EBM0226,True,False,False
2026-02-14T22:00:00+00:00,2026-02-15T01:00:00+03:00,2026-02,EBM0226,2902.7386284855356,EPIAS_VEP:EBM0226,True,False,False
2026-02-14T23:00:00+00:00,2026-02-15T02:00:00+03:00,2026-02,EBM0226,2902.7386284858635,EPIAS_VEP:EBM0226,True,False,False
2026-02-15T00:00:00+00:00,2026-02-15T03:00:00+03:00,2026-02,EBM0226,2902.738628486318,EPIAS_VEP:EBM0226,True,False,False
2026-02-15T01:00:00+00:00,2026-02-15T04:00:00+03:00,2026-02,EBM0226,2902.7386284868844,EPIAS_VEP:EBM0226,True,False,False
2026-02-15T02:00:00+00:00,2026-02-15T05:00:00+03:00,2026-02,EBM0226,2902.738628487578,EPIAS_VEP:EBM0226,True,False,False
2026-02-15T03:00:00+00:00,2026-02-15T06:00:00+03:00,2026-02,EBM0226,2902.738628488398,EPIAS_VEP:EBM0226,True,False,False
2026-02-15T04:00:00+00:00,2026-02-15T07:00:00+03:00,2026-02,EBM0226,2902.738628489347,EPIAS_VEP:EBM0226,True,False,False
2026-02-15T05:00:00+00:00,2026-02-15T08:00:00+03:00,2026-02,EBM0226,2902.738628490431,EPIAS_VEP:EBM0226,True,False,False
2026-02-15T06:00:00+00:00,2026-02-15T09:00:00+03:00,2026-02,EBM0226,2902.738628491668,EPIAS_VEP:EBM0226,True,False,False
2026-02-15T07:00:00+00:00,2026-02-15T10:00:00+03:00,2026-02,EBM0226,2902.7386284930644,EPIAS_VEP:EBM0226,True,False,False
2026-02-15T08:00:00+00:00,2026-02-15T11:00:00+03:00,2026-02,EBM0226,2902.7386284946247,EPIAS_VEP:EBM0226,True,False,False
2026-02-15T09:00:00+00:00,2026-02-15T12:00:00+03:00,2026-02,EBM0226,2902.738628496346,EPIAS_VEP:EBM0226,True,False,False
2026-02-15T10:00:00+00:00,2026-02-15T13:00:00+03:00,2026-02,EBM0226,2902.738628498221,EPIAS_VEP:EBM0226,True,False,False
2026-02-15T11:00:00+00:00,2026-02-15T14:00:00+03:00,2026-02,EBM0226,2902.7386285002485,EPIAS_VEP:EBM0226,True,False,False
2026-02-15T12:00:00+00:00,2026-02-15T15:00:00+03:00,2026-02,EBM0226,2902.738628502426,EPIAS_VEP:EBM0226,True,False,False
2026-02-15T13:00:00+00:00,2026-02-15T16:00:00+03:00,2026-02,EBM0226,2902.7386285047405,EPIAS_VEP:EBM0226,True,False,False
2026-02-15T14:00:00+00:00,2026-02-15T17:00:00+03:00,2026-02,EBM0226,2902.738628507174,EPIAS_VEP:EBM0226,True,False,False
2026-02-15T15:00:00+00:00,2026-02-15T18:00:00+03:00,2026-02,EBM0226,2902.7386285097073,EPIAS_VEP:EBM0226,True,False,False
2026-02-15T16:00:00+00:00,2026-02-15T19:00:00+03:00,2026-02,EBM0226,2902.7386285123225,EPIAS_VEP:EBM0226,True,False,False
2026-02-15T17:00:00+00:00,2026-02-15T20:00:00+03:00,2026-02,EBM0226,2902.7386285149987,EPIAS_VEP:EBM0226,True,False,False
2026-02-15T18:00:00+00:00,2026-02-15T21:00:00+03:00,2026-02,EBM0226,2902.7386285177186,EPIAS_VEP:EBM0226,True,False,False
2026-02-15T19:00:00+00:00,2026-02-15T22:00:00+03:00,2026-02,EBM0226,2902.738628520462,EPIAS_VEP:EBM0226,True,False,False
2026-02-15T20:00:00+00:00,2026-02-15T23:00:00+03:00,2026-02,EBM0226,2902.738628523218,EPIAS_VEP:EBM0226,True,False,False
2026-02-15T21:00:00+00:00,2026-02-16T00:00:00+03:00,2026-02,EBM0226,2902.7386285259695,EPIAS_VEP:EBM0226,True,False,False
2026-02-15T22:00:00+00:00,2026-02-16T01:00:00+03:00,2026-02,EBM0226,2902.738628528697,EPIAS_VEP:EBM0226,True,False,False
2026-02-15T23:00:00+00:00,2026-02-16T02:00:00+03:00,2026-02,EBM0226,2902.7386285313773,EPIAS_VEP:EBM0226,True,False,False
2026-02-16T00:00:00+00:00,2026-02-16T03:00:00+03:00,2026-02,EBM0226,2902.738628533979,EPIAS_VEP:EBM0226,True,False,False
2026-02-16T01:00:00+00:00,2026-02-16T04:00:00+03:00,2026-02,EBM0226,2902.7386285364687,EPIAS_VEP:EBM0226,True,False,False
2026-02-16T02:00:00+00:00,2026-02-16T05:00:00+03:00,2026-02,EBM0226,2902.7386285388006,EPIAS_VEP:EBM0226,True,False,False
2026-02-16T03:00:00+00:00,2026-02-16T06:00:00+03:00,2026-02,EBM0226,2902.7386285409275,EPIAS_VEP:EBM0226,True,False,False
2026-02-16T04:00:00+00:00,2026-02-16T07:00:00+03:00,2026-02,EBM0226,2902.7386285427974,EPIAS_VEP:EBM0226,True,False,False
2026-02-16T05:00:00+00:00,2026-02-16T08:00:00+03:00,2026-02,EBM0226,2902.7386285443495,EPIAS_VEP:EBM0226,True,False,False
2026-02-16T06:00:00+00:00,2026-02-16T09:00:00+03:00,2026-02,EBM0226,2902.738628545521,EPIAS_VEP:EBM0226,True,False,False
2026-02-16T07:00:00+00:00,2026-02-16T10:00:00+03:00,2026-02,EBM0226,2902.7386285462394,EPIAS_VEP:EBM0226,True,False,False
2026-02-16T08:00:00+00:00,2026-02-16T11:00:00+03:00,2026-02,EBM0226,2902.7386285464245,EPIAS_VEP:EBM0226,True,False,False
2026-02-16T09:00:00+00:00,2026-02-16T12:00:00+03:00,2026-02,EBM0226,2902.7386285459825,EPIAS_VEP:EBM0226,True,False,False
2026-02-16T10:00:00+00:00,2026-02-16T13:00:00+03:00,2026-02,EBM0226,2902.738628544811,EPIAS_VEP:EBM0226,True,False,False
2026-02-16T11:00:00+00:00,2026-02-16T14:00:00+03:00,2026-02,EBM0226,2902.7386285428,EPIAS_VEP:EBM0226,True,False,False
2026-02-16T12:00:00+00:00,2026-02-16T15:00:00+03:00,2026-02,EBM0226,2902.738628539834,EPIAS_VEP:EBM0226,True,False,False
2026-02-16T13:00:00+00:00,2026-02-16T16:00:00+03:00,2026-02,EBM0226,2902.7386285357907,EPIAS_VEP:EBM0226,True,False,False
2026-02-16T14:00:00+00:00,2026-02-16T17:00:00+03:00,2026-02,EBM0226,2902.738628530538,EPIAS_VEP:EBM0226,True,False,False
2026-02-16T15:00:00+00:00,2026-02-16T18:00:00+03:00,2026-02,EBM0226,2902.738628523937,EPIAS_VEP:EBM0226,True,False,False
2026-02-16T16:00:00+00:00,2026-02-16T19:00:00+03:00,2026-02,EBM0226,2902.738628515843,EPIAS_VEP:EBM0226,True,False,False
2026-02-16T17:00:00+00:00,2026-02-16T20:00:00+03:00,2026-02,EBM0226,2902.7386285061034,EPIAS_VEP:EBM0226,True,False,False
2026-02-16T18:00:00+00:00,2026-02-16T21:00:00+03:00,2026-02,EBM0226,2902.738628494557,EPIAS_VEP:EBM0226,True,False,False
2026-02-16T19:00:00+00:00,2026-02-16T22:00:00+03:00,2026-02,EBM0226,2902.7386284810414,EPIAS_VEP:EBM0226,True,False,False
2026-02-16T20:00:00+00:00,2026-02-16T23:00:00+03:00,2026-02,EBM0226,2902.7386284653917,EPIAS_VEP:EBM0226,True,False,False
2026-02-16T21:00:00+00:00,2026-02-17T00:00:00+03:00,2026-02,EBM0226,2902.738628447442,EPIAS_VEP:EBM0226,True,False,False
2026-02-16T22:00:00+00:00,2026-02-17T01:00:00+03:00,2026-02,EBM0226,2902.738628427025,EPIAS_VEP:EBM0226,True,False,False
2026-02-16T23:00:00+00:00,2026-02-17T02:00:00+03:00,2026-02,EBM0226,2902.7386284039776,EPIAS_VEP:EBM0226,True,False,False
2026-02-17T00:00:00+00:00,2026-02-17T03:00:00+03:00,2026-02,EBM0226,2902.738628378141,EPIAS_VEP:EBM0226,True,False,False
2026-02-17T01:00:00+00:00,2026-02-17T04:00:00+03:00,2026-02,EBM0226,2902.7386283493647,EPIAS_VEP:EBM0226,True,False,False
2026-02-17T02:00:00+00:00,2026-02-17T05:00:00+03:00,2026-02,EBM0226,2902.7386283175124,EPIAS_VEP:EBM0226,True,False,False
2026-02-17T03:00:00+00:00,2026-02-17T06:00:00+03:00,2026-02,EBM0226,2902.7386282824555,EPIAS_VEP:EBM0226,True,False,False
2026-02-17T04:00:00+00:00,2026-02-17T07:00:00+03:00,2026-02,EBM0226,2902.738628244079,EPIAS_VEP:EBM0226,True,False,False
2026-02-17T05:00:00+00:00,2026-02-17T08:00:00+03:00,2026-02,EBM0226,2902.738628202278,EPIAS_VEP:EBM0226,True,False,False
2026-02-17T06:00:00+00:00,2026-02-17T09:00:00+03:00,2026-02,EBM0226,2902.7386281569616,EPIAS_VEP:EBM0226,True,False,False
2026-02-17T07:00:00+00:00,2026-02-17T10:00:00+03:00,2026-02,EBM0226,2902.7386281080676,EPIAS_VEP:EBM0226,True,False,False
2026-02-17T08:00:00+00:00,2026-02-17T11:00:00+03:00,2026-02,EBM0226,2902.738628055568,EPIAS_VEP:EBM0226,True,False,False
2026-02-17T09:00:00+00:00,2026-02-17T12:00:00+03:00,2026-02,EBM0226,2902.738627999473,EPIAS_VEP:EBM0226,True,False,False
2026-02-17T10:00:00+00:00,2026-02-17T13:00:00+03:00,2026-02,EBM0226,2902.738627939839,EPIAS_VEP:EBM0226,True,False,False
2026-02-17T11:00:00+00:00,2026-02-17T14:00:00+03:00,2026-02,EBM0226,2902.738627876771,EPIAS_VEP:EBM0226,True,False,False
2026-02-17T12:00:00+00:00,2026-02-17T15:00:00+03:00,2026-02,EBM0226,2902.738627810431,EPIAS_VEP:EBM0226,True,False,False
2026-02-17T13:00:00+00:00,2026-02-17T16:00:00+03:00,2026-02,EBM0226,2902.7386277410487,EPIAS_VEP:EBM0226,True,False,False
2026-02-17T14:00:00+00:00,2026-02-17T17:00:00+03:00,2026-02,EBM0226,2902.7386276689213,EPIAS_VEP:EBM0226,True,False,False
2026-02-17T15:00:00+00:00,2026-02-17T18:00:00+03:00,2026-02,EBM0226,2902.7386275944236,EPIAS_VEP:EBM0226,True,False,False
2026-02-17T16:00:00+00:00,2026-02-17T19:00:00+03:00,2026-02,EBM0226,2902.7386275180183,EPIAS_VEP:EBM0226,True,False,False
2026-02-17T17:00:00+00:00,2026-02-17T20:00:00+03:00,2026-02,EBM0226,2902.7386274402584,EPIAS_VEP:EBM0226,True,False,False
2026-02-17T18:00:00+00:00,2026-02-17T21:00:00+03:00,2026-02,EBM0226,2902.738627361794,EPIAS_VEP:EBM0226,True,False,False
2026-02-17T19:00:00+00:00,2026-02-17T22:00:00+03:00,2026-02,EBM0226,2902.7386272833774,EPIAS_VEP:EBM0226,True,False,False
2026-02-17T20:00:00+00:00,2026-02-17T23:00:00+03:00,2026-02,EBM0226,2902.738627205874,EPIAS_VEP:EBM0226,True,False,False
2026-02-17T21:00:00+00:00,2026-02-18T00:00:00+03:00,2026-02,EBM0226,2902.738627130267,EPIAS_VEP:EBM0226,True,False,False
2026-02-17T22:00:00+00:00,2026-02-18T01:00:00+03:00,2026-02,EBM0226,2902.738627057675,EPIAS_VEP:EBM0226,True,False,False
2026-02-17T23:00:00+00:00,2026-02-18T02:00:00+03:00,2026-02,EBM0226,2902.7386269893473,EPIAS_VEP:EBM0226,True,False,False
2026-02-18T00:00:00+00:00,2026-02-18T03:00:00+03:00,2026-02,EBM0226,2902.7386269266817,EPIAS_VEP:EBM0226,True,False,False
2026-02-18T01:00:00+00:00,2026-02-18T04:00:00+03:00,2026-02,EBM0226,2902.738626871225,EPIAS_VEP:EBM0226,True,False,False
2026-02-18T02:00:00+00:00,2026-02-18T05:00:00+03:00,2026-02,EBM0226,2902.7386268246787,EPIAS_VEP:EBM0226,True,False,False
2026-02-18T03:00:00+00:00,2026-02-18T06:00:00+03:00,2026-02,EBM0226,2902.7386267889015,EPIAS_VEP:EBM0226,True,False,False
2026-02-18T04:00:00+00:00,2026-02-18T07:00:00+03:00,2026-02,EBM0226,2902.7386267659185,EPIAS_VEP:EBM0226,True,False,False
2026-02-18T05:00:00+00:00,2026-02-18T08:00:00+03:00,2026-02,EBM0226,2902.7386267579254,EPIAS_VEP:EBM0226,True,False,False
2026-02-18T06:00:00+00:00,2026-02-18T09:00:00+03:00,2026-02,EBM0226,2902.7386267672878,EPIAS_VEP:EBM0226,True,False,False
2026-02-18T07:00:00+00:00,2026-02-18T10:00:00+03:00,2026-02,EBM0226,2902.738626796549,EPIAS_VEP:EBM0226,True,False,False
2026-02-18T08:00:00+00:00,2026-02-18T11:00:00+03:00,2026-02,EBM0226,2902.738626848418,EPIAS_VEP:EBM0226,True,False,False
2026-02-18T09:00:00+00:00,2026-02-18T12:00:00+03:00,2026-02,EBM0226,2902.738626925775,EPIAS_VEP:EBM0226,True,False,False
2026-02-18T10:00:00+00:00,2026-02-18T13:00:00+03:00,2026-02,EBM0226,2902.738627031666,EPIAS_VEP:EBM0226,True,False,False
2026-02-18T11:00:00+00:00,2026-02-18T14:00:00+03:00,2026-02,EBM0226,2902.738627169296,EPIAS_VEP:EBM0226,True,False,False
2026-02-18T12:00:00+00:00,2026-02-18T15:00:00+03:00,2026-02,EBM0226,2902.7386273420184,EPIAS_VEP:EBM0226,True,False,False
2026-02-18T13:00:00+00:00,2026-02-18T16:00:00+03:00,2026-02,EBM0226,2902.7386275533204,EPIAS_VEP:EBM0226,True,False,False
2026-02-18T14:00:00+00:00,2026-02-18T17:00:00+03:00,2026-02,EBM0226,2902.7386278068057,EPIAS_VEP:EBM0226,True,False,False
2026-02-18T15:00:00+00:00,2026-02-18T18:00:00+03:00,2026-02,EBM0226,2902.738628106172,EPIAS_VEP:EBM0226,True,False,False
2026-02-18T16:00:00+00:00,2026-02-18T19:00:00+03:00,2026-02,EBM0226,2902.738628455188,EPIAS_VEP:EBM0226,True,False,False
2026-02-18T17:00:00+00:00,2026-02-18T20:00:00+03:00,2026-02,EBM0226,2902.7386288576627,EPIAS_VEP:EBM0226,True,False,False
2026-02-18T18:00:00+00:00,2026-02-18T21:00:00+03:00,2026-02,EBM0226,2902.738629317409,EPIAS_VEP:EBM0226,True,False,False
2026-02-18T19:00:00+00:00,2026-02-18T22:00:00+03:00,2026-02,EBM0226,2902.7386298382007,EPIAS_VEP:EBM0226,True,False,False
2026-02-18T20:00:00+00:00,2026-02-18T23:00:00+03:00,2026-02,EBM0226,2902.7386304237275,EPIAS_VEP:EBM0226,True,False,False
2026-02-18T21:00:00+00:00,2026-02-19T00:00:00+03:00,2026-02,EBM0226,2902.738631077542,EPIAS_VEP:EBM0226,True,False,False
2026-02-18T22:00:00+00:00,2026-02-19T01:00:00+03:00,2026-02,EBM0226,2902.738631802999,EPIAS_VEP:EBM0226,True,False,False
2026-02-18T23:00:00+00:00,2026-02-19T02:00:00+03:00,2026-02,EBM0226,2902.7386326031888,EPIAS_VEP:EBM0226,True,False,False
2026-02-19T00:00:00+00:00,2026-02-19T03:00:00+03:00,2026-02,EBM0226,2902.738633480869,EPIAS_VEP:EBM0226,True,False,False
2026-02-19T01:00:00+00:00,2026-02-19T04:00:00+03:00,2026-02,EBM0226,2902.738634438386,EPIAS_VEP:EBM0226,True,False,False
2026-02-19T02:00:00+00:00,2026-02-19T05:00:00+03:00,2026-02,EBM0226,2902.738635477583,EPIAS_VEP:EBM0226,True,False,False
2026-02-19T03:00:00+00:00,2026-02-19T06:00:00+03:00,2026-02,EBM0226,2902.7386365997136,EPIAS_VEP:EBM0226,True,False,False
2026-02-19T04:00:00+00:00,2026-02-19T07:00:00+03:00,2026-02,EBM0226,2902.7386378053307,EPIAS_VEP:EBM0226,True,False,False
2026-02-19T05:00:00+00:00,2026-02-19T08:00:00+03:00,2026-02,EBM0226,2902.7386390941724,EPIAS_VEP:EBM0226,True,False,False
2026-02-19T06:00:00+00:00,2026-02-19T09:00:00+03:00,2026-02,EBM0226,2902.7386404650465,EPIAS_VEP:EBM0226,True,False,False
2026-02-19T07:00:00+00:00,2026-02-19T10:00:00+03:00,2026-02,EBM0226,2902.738641915693,EPIAS_VEP:EBM0226,True,False,False
2026-02-19T08:00:00+00:00,2026-02-19T11:00:00+03:00,2026-02,EBM0226,2902.7386434426467,EPIAS_VEP:EBM0226,True,False,False
2026-02-19T09:00:00+00:00,2026-02-19T12:00:00+03:00,2026-02,EBM0226,2902.7386450410945,EPIAS_VEP:EBM0226,True,False,False
2026-02-19T10:00:00+00:00,2026-02-19T13:00:00+03:00,2026-02,EBM0226,2902.7386467047218,EPIAS_VEP:EBM0226,True,False,False
2026-02-19T11:00:00+00:00,2026-02-19T14:00:00+03:00,2026-02,EBM0226,2902.7386484255458,EPIAS_VEP:EBM0226,True,False,False
2026-02-19T12:00:00+00:00,2026-02-19T15:00:00+03:00,2026-02,EBM0226,2902.7386501937513,EPIAS_VEP:EBM0226,True,False,False
2026-02-19T13:00:00+00:00,2026-02-19T16:00:00+03:00,2026-02,EBM0226,2902.7386519975203,EPIAS_VEP:EBM0226,True,False,False
2026-02-19T14:00:00+00:00,2026-02-19T17:00:00+03:00,2026-02,EBM0226,2902.7386538228743,EPIAS_VEP:EBM0226,True,False,False
2026-02-19T15:00:00+00:00,2026-02-19T18:00:00+03:00,2026-02,EBM0226,2902.7386556534607,EPIAS_VEP:EBM0226,True,False,False
2026-02-19T16:00:00+00:00,2026-02-19T19:00:00+03:00,2026-02,EBM0226,2902.7386574703814,EPIAS_VEP:EBM0226,True,False,False
2026-02-19T17:00:00+00:00,2026-02-19T20:00:00+03:00,2026-02,EBM0226,2902.7386592520143,EPIAS_VEP:EBM0226,True,False,False
2026-02-19T18:00:00+00:00,2026-02-19T21:00:00+03:00,2026-02,EBM0226,2902.7386609738246,EPIAS_VEP:EBM0226,True,False,False
2026-02-19T19:00:00+00:00,2026-02-19T22:00:00+03:00,2026-02,EBM0226,2902.738662608189,EPIAS_VEP:EBM0226,True,False,False
2026-02-19T20:00:00+00:00,2026-02-19T23:00:00+03:00,2026-02,EBM0226,2902.738664124235,EPIAS_VEP:EBM0226,True,False,False
2026-02-19T21:00:00+00:00,2026-02-20T00:00:00+03:00,2026-02,EBM0226,2902.7386654876786,EPIAS_VEP:EBM0226,True,False,False
2026-02-19T22:00:00+00:00,2026-02-20T01:00:00+03:00,2026-02,EBM0226,2902.7386666606703,EPIAS_VEP:EBM0226,True,False,False
2026-02-19T23:00:00+00:00,2026-02-20T02:00:00+03:00,2026-02,EBM0226,2902.738667601659,EPIAS_VEP:EBM0226,True,False,False
2026-02-20T00:00:00+00:00,2026-02-20T03:00:00+03:00,2026-02,EBM0226,2902.7386682652777,EPIAS_VEP:EBM0226,True,False,False
2026-02-20T01:00:00+00:00,2026-02-20T04:00:00+03:00,2026-02,EBM0226,2902.738668602244,EPIAS_VEP:EBM0226,True,False,False
2026-02-20T02:00:00+00:00,2026-02-20T05:00:00+03:00,2026-02,EBM0226,2902.7386685592965,EPIAS_VEP:EBM0226,True,False,False
2026-02-20T03:00:00+00:00,2026-02-20T06:00:00+03:00,2026-02,EBM0226,2902.7386680791565,EPIAS_VEP:EBM0226,True,False,False
2026-02-20T04:00:00+00:00,2026-02-20T07:00:00+03:00,2026-02,EBM0226,2902.738667100534,EPIAS_VEP:EBM0226,True,False,False
2026-02-20T05:00:00+00:00,2026-02-20T08:00:00+03:00,2026-02,EBM0226,2902.738665558177,EPIAS_VEP:EBM0226,True,False,False
2026-02-20T06:00:00+00:00,2026-02-20T09:00:00+03:00,2026-02,EBM0226,2902.738663382974,EPIAS_VEP:EBM0226,True,False,False
2026-02-20T07:00:00+00:00,2026-02-20T10:00:00+03:00,2026-02,EBM0226,2902.7386605020974,EPIAS_VEP:EBM0226,True,False,False
2026-02-20T08:00:00+00:00,2026-02-20T11:00:00+03:00,2026-02,EBM0226,2902.738656839225,EPIAS_VEP:EBM0226,True,False,False
2026-02-20T09:00:00+00:00,2026-02-20T12:00:00+03:00,2026-02,EBM0226,2902.738652314826,EPIAS_VEP:EBM0226,True,False,False
2026-02-20T10:00:00+00:00,2026-02-20T13:00:00+03:00,2026-02,EBM0226,2902.738646846529,EPIAS_VEP:EBM0226,True,False,False
2026-02-20T11:00:00+00:00,2026-02-20T14:00:00+03:00,2026-02,EBM0226,2902.738640349573,EPIAS_VEP:EBM0226,True,False,False
2026-02-20T12:00:00+00:00,2026-02-20T15:00:00+03:00,2026-02,EBM0226,2902.738632737359,EPIAS_VEP:EBM0226,True,False,False
2026-02-20T13:00:00+00:00,2026-02-20T16:00:00+03:00,2026-02,EBM0226,2902.738623922095,EPIAS_VEP:EBM0226,True,False,False
2026-02-20T14:00:00+00:00,2026-02-20T17:00:00+03:00,2026-02,EBM0226,2902.738613815567,EPIAS_VEP:EBM0226,True,False,False
2026-02-20T15:00:00+00:00,2026-02-20T18:00:00+03:00,2026-02,EBM0226,2902.738602330011,EPIAS_VEP:EBM0226,True,False,False
2026-02-20T16:00:00+00:00,2026-02-20T19:00:00+03:00,2026-02,EBM0226,2902.7385893791293,EPIAS_VEP:EBM0226,True,False,False
2026-02-20T17:00:00+00:00,2026-02-20T20:00:00+03:00,2026-02,EBM0226,2902.738574879239,EPIAS_VEP:EBM0226,True,False,False
2026-02-20T18:00:00+00:00,2026-02-20T21:00:00+03:00,2026-02,EBM0226,2902.7385587505714,EPIAS_VEP:EBM0226,True,False,False
2026-02-20T19:00:00+00:00,2026-02-20T22:00:00+03:00,2026-02,EBM0226,2902.7385409187104,EPIAS_VEP:EBM0226,True,False,False
2026-02-20T20:00:00+00:00,2026-02-20T23:00:00+03:00,2026-02,EBM0226,2902.738521316212,EPIAS_VEP:EBM0226,True,False,False
2026-02-20T21:00:00+00:00,2026-02-21T00:00:00+03:00,2026-02,EBM0226,2902.738499884388,EPIAS_VEP:EBM0226,True,False,False
2026-02-20T22:00:00+00:00,2026-02-21T01:00:00+03:00,2026-02,EBM0226,2902.73847657527,EPIAS_VEP:EBM0226,True,False,False
2026-02-20T23:00:00+00:00,2026-02-21T02:00:00+03:00,2026-02,EBM0226,2902.7384513537445,EPIAS_VEP:EBM0226,True,False,False
2026-02-21T00:00:00+00:00,2026-02-21T03:00:00+03:00,2026-02,EBM0226,2902.738424199885,EPIAS_VEP:EBM0226,True,False,False
2026-02-21T01:00:00+00:00,2026-02-21T04:00:00+03:00,2026-02,EBM0226,2902.738395111475,EPIAS_VEP:EBM0226,True,False,False
2026-02-21T02:00:00+00:00,2026-02-21T05:00:00+03:00,2026-02,EBM0226,2902.7383641067117,EPIAS_VEP:EBM0226,True,False,False
2026-02-21T03:00:00+00:00,2026-02-21T06:00:00+03:00,2026-02,EBM0226,2902.7383312271227,EPIAS_VEP:EBM0226,True,False,False
2026-02-21T04:00:00+00:00,2026-02-21T07:00:00+03:00,2026-02,EBM0226,2902.738296540662,EPIAS_VEP:EBM0226,True,False,False
2026-02-21T05:00:00+00:00,2026-02-21T08:00:00+03:00,2026-02,EBM0226,2902.7382601450013,EPIAS_VEP:EBM0226,True,False,False
2026-02-21T06:00:00+00:00,2026-02-21T09:00:00+03:00,2026-02,EBM0226,2902.7382221709995,EPIAS_VEP:EBM0226,True,False,False
2026-02-21T07:00:00+00:00,2026-02-21T10:00:00+03:00,2026-02,EBM0226,2902.738182786348,EPIAS_VEP:EBM0226,True,False,False
2026-02-21T08:00:00+00:00,2026-02-21T11:00:00+03:00,2026-02,EBM0226,2902.7381421993646,EPIAS_VEP:EBM0226,True,False,False
2026-02-21T09:00:00+00:00,2026-02-21T12:00:00+03:00,2026-02,EBM0226,2902.7381006629357,EPIAS_VEP:EBM0226,True,False,False
2026-02-21T10:00:00+00:00,2026-02-21T13:00:00+03:00,2026-02,EBM0226,2902.7380584785633,EPIAS_VEP:EBM0226,True,False,False
2026-02-21T11:00:00+00:00,2026-02-21T14:00:00+03:00,2026-02,EBM0226,2902.738016000532,EPIAS_VEP:EBM0226,True,False,False
2026-02-21T12:00:00+00:00,2026-02-21T15:00:00+03:00,2026-02,EBM0226,2902.737973640129,EPIAS_VEP:EBM0226,True,False,False
2026-02-21T13:00:00+00:00,2026-02-21T16:00:00+03:00,2026-02,EBM0226,2902.737931869895,EPIAS_VEP:EBM0226,True,False,False
2026-02-21T14:00:00+00:00,2026-02-21T17:00:00+03:00,2026-02,EBM0226,2902.7378912278496,EPIAS_VEP:EBM0226,True,False,False
2026-02-21T15:00:00+00:00,2026-02-21T18:00:00+03:00,2026-02,EBM0226,2902.7378523216776,EPIAS_VEP:EBM0226,True,False,False
2026-02-21T16:00:00+00:00,2026-02-21T19:00:00+03:00,2026-02,EBM0226,2902.7378158327915,EPIAS_VEP:EBM0226,True,False,False
2026-02-21T17:00:00+00:00,2026-02-21T20:00:00+03:00,2026-02,EBM0226,2902.7377825202248,EPIAS_VEP:EBM0226,True,False,False
2026-02-21T18:00:00+00:00,2026-02-21T21:00:00+03:00,2026-02,EBM0226,2902.7377532242813,EPIAS_VEP:EBM0226,True,False,False
2026-02-21T19:00:00+00:00,2026-02-21T22:00:00+03:00,2026-02,EBM0226,2902.73772886986,EPIAS_VEP:EBM0226,True,False,False
2026-02-21T20:00:00+00:00,2026-02-21T23:00:00+03:00,2026-02,EBM0226,2902.7377104693883,EPIAS_VEP:EBM0226,True,False,False
2026-02-21T21:00:00+00:00,2026-02-22T00:00:00+03:00,2026-02,EBM0226,2902.7376991252568,EPIAS_VEP:EBM0226,True,False,False
2026-02-21T22:00:00+00:00,2026-02-22T01:00:00+03:00,2026-02,EBM0226,2902.7376960316587,EPIAS_VEP:EBM0226,True,False,False
2026-02-21T23:00:00+00:00,2026-02-22T02:00:00+03:00,2026-02,EBM0226,2902.737702475727,EPIAS_VEP:EBM0226,True,False,False
2026-02-22T00:00:00+00:00,2026-02-22T03:00:00+03:00,2026-02,EBM0226,2902.7377198378394,EPIAS_VEP:EBM0226,True,False,False
2026-02-22T01:00:00+00:00,2026-02-22T04:00:00+03:00,2026-02,EBM0226,2902.7377495909727,EPIAS_VEP:EBM0226,True,False,False
2026-02-22T02:00:00+00:00,2026-02-22T05:00:00+03:00,2026-02,EBM0226,2902.73779329897,EPIAS_VEP:EBM0226,True,False,False
2026-02-22T03:00:00+00:00,2026-02-22T06:00:00+03:00,2026-02,EBM0226,2902.7378526135612,EPIAS_VEP:EBM0226,True,False,False
2026-02-22T04:00:00+00:00,2026-02-22T07:00:00+03:00,2026-02,EBM0226,2902.737929269987,EPIAS_VEP:EBM0226,True,False,False
2026-02-22T05:00:00+00:00,2026-02-22T08:00:00+03:00,2026-02,EBM0226,2902.7380250810747,EPIAS_VEP:EBM0226,True,False,False
2026-02-22T06:00:00+00:00,2026-02-22T09:00:00+03:00,2026-02,EBM0226,2902.738141929577,EPIAS_VEP:EBM0226,True,False,False
2026-02-22T07:00:00+00:00,2026-02-22T10:00:00+03:00,2026-02,EBM0226,2902.738281758581,EPIAS_VEP:EBM0226,True,False,False
2026-02-22T08:00:00+00:00,2026-02-22T11:00:00+03:00,2026-02,EBM0226,2902.738446559829,EPIAS_VEP:EBM0226,True,False,False
2026-02-22T09:00:00+00:00,2026-02-22T12:00:00+03:00,2026-02,EBM0226,2902.7386383597354,EPIAS_VEP:EBM0226,True,False,False
2026-02-22T10:00:00+00:00,2026-02-22T13:00:00+03:00,2026-02,EBM0226,2902.7388592029065,EPIAS_VEP:EBM0226,True,False,False
2026-02-22T11:00:00+00:00,2026-02-22T14:00:00+03:00,2026-02,EBM0226,2902.739111132963,EPIAS_VEP:EBM0226,True,False,False
2026-02-22T12:00:00+00:00,2026-02-22T15:00:00+03:00,2026-02,EBM0226,2902.739396170452,EPIAS_VEP:EBM0226,True,False,False
2026-02-22T13:00:00+00:00,2026-02-22T16:00:00+03:00,2026-02,EBM0226,2902.7397162876528,EPIAS_VEP:EBM0226,True,False,False
2026-02-22T14:00:00+00:00,2026-02-22T17:00:00+03:00,2026-02,EBM0226,2902.740073380069,EPIAS_VEP:EBM0226,True,False,False
2026-02-22T15:00:00+00:00,2026-02-22T18:00:00+03:00,2026-02,EBM0226,2902.7404692344253,EPIAS_VEP:EBM0226,True,False,False
2026-02-22T16:00:00+00:00,2026-02-22T19:00:00+03:00,2026-02,EBM0226,2902.7409054929517,EPIAS_VEP:EBM0226,True,False,False
2026-02-22T17:00:00+00:00,2026-02-22T20:00:00+03:00,2026-02,EBM0226,2902.7413836138057,EPIAS_VEP:EBM0226,True,False,False
2026-02-22T18:00:00+00:00,2026-02-22T21:00:00+03:00,2026-02,EBM0226,2902.7419048274346,EPIAS_VEP:EBM0226,True,False,False
2026-02-22T19:00:00+00:00,2026-02-22T22:00:00+03:00,2026-02,EBM0226,2902.742470088776,EPIAS_VEP:EBM0226,True,False,False
2026-02-22T20:00:00+00:00,2026-02-22T23:00:00+03:00,2026-02,EBM0226,2902.743080025137,EPIAS_VEP:EBM0226,True,False,False
2026-02-22T21:00:00+00:00,2026-02-23T00:00:00+03:00,2026-02,EBM0226,2902.743734879666,EPIAS_VEP:EBM0226,True,False,False
2026-02-22T22:00:00+00:00,2026-02-23T01:00:00+03:00,2026-02,EBM0226,2902.744434450361,EPIAS_VEP:EBM0226,True,False,False
2026-02-22T23:00:00+00:00,2026-02-23T02:00:00+03:00,2026-02,EBM0226,2902.745178024577,EPIAS_VEP:EBM0226,True,False,False
2026-02-23T00:00:00+00:00,2026-02-23T03:00:00+03:00,2026-02,EBM0226,2902.7459643090788,EPIAS_VEP:EBM0226,True,False,False
2026-02-23T01:00:00+00:00,2026-02-23T04:00:00+03:00,2026-02,EBM0226,2902.7467913556748,EPIAS_VEP:EBM0226,True,False,False
2026-02-23T02:00:00+00:00,2026-02-23T05:00:00+03:00,2026-02,EBM0226,2902.7476564825947,EPIAS_VEP:EBM0226,True,False,False
2026-02-23T03:00:00+00:00,2026-02-23T06:00:00+03:00,2026-02,EBM0226,2902.7485561917815,EPIAS_VEP:EBM0226,True,False,False
2026-02-23T04:00:00+00:00,2026-02-23T07:00:00+03:00,2026-02,EBM0226,2902.7494860823804,EPIAS_VEP:EBM0226,True,False,False
2026-02-23T05:00:00+00:00,2026-02-23T08:00:00+03:00,2026-02,EBM0226,2902.7504407607703,EPIAS_VEP:EBM0226,True,False,False
2026-02-23T06:00:00+00:00,2026-02-23T09:00:00+03:00,2026-02,EBM0226,2902.7514137475737,EPIAS_VEP:EBM0226,True,False,False
2026-02-23T07:00:00+00:00,2026-02-23T10:00:00+03:00,2026-02,EBM0226,2902.7523973821844,EPIAS_VEP:EBM0226,True,False,False
2026-02-23T08:00:00+00:00,2026-02-23T11:00:00+03:00,2026-02,EBM0226,2902.7533827254697,EPIAS_VEP:EBM0226,True,False,False
2026-02-23T09:00:00+00:00,2026-02-23T12:00:00+03:00,2026-02,EBM0226,2902.754359461409,EPIAS_VEP:EBM0226,True,False,False
2026-02-23T10:00:00+00:00,2026-02-23T13:00:00+03:00,2026-02,EBM0226,2902.7553157985512,EPIAS_VEP:EBM0226,True,False,False
2026-02-23T11:00:00+00:00,2026-02-23T14:00:00+03:00,2026-02,EBM0226,2902.7562383723557,EPIAS_VEP:EBM0226,True,False,False
2026-02-23T12:00:00+00:00,2026-02-23T15:00:00+03:00,2026-02,EBM0226,2902.7571121495484,EPIAS_VEP:EBM0226,True,False,False
2026-02-23T13:00:00+00:00,2026-02-23T16:00:00+03:00,2026-02,EBM0226,2902.757920335866,EPIAS_VEP:EBM0226,True,False,False
2026-02-23T14:00:00+00:00,2026-02-23T17:00:00+03:00,2026-02,EBM0226,2902.7586442886795,EPIAS_VEP:EBM0226,True,False,False
2026-02-23T15:00:00+00:00,2026-02-23T18:00:00+03:00,2026-02,EBM0226,2902.7592634361763,EPIAS_VEP:EBM0226,True,False,False
2026-02-23T16:00:00+00:00,2026-02-23T19:00:00+03:00,2026-02,EBM0226,2902.759755204966,EPIAS_VEP:EBM0226,True,False,False
2026-02-23T17:00:00+00:00,2026-02-23T20:00:00+03:00,2026-02,EBM0226,2902.760094958164,EPIAS_VEP:EBM0226,True,False,False
2026-02-23T18:00:00+00:00,2026-02-23T21:00:00+03:00,2026-02,EBM0226,2902.7602559462207,EPIAS_VEP:EBM0226,True,False,False
2026-02-23T19:00:00+00:00,2026-02-23T22:00:00+03:00,2026-02,EBM0226,2902.7602092729467,EPIAS_VEP:EBM0226,True,False,False
2026-02-23T20:00:00+00:00,2026-02-23T23:00:00+03:00,2026-02,EBM0226,2902.7599238794105,EPIAS_VEP:EBM0226,True,False,False
2026-02-23T21:00:00+00:00,2026-02-24T00:00:00+03:00,2026-02,EBM0226,2902.7593665486124,EPIAS_VEP:EBM0226,True,False,False
2026-02-23T22:00:00+00:00,2026-02-24T01:00:00+03:00,2026-02,EBM0226,2902.758501934019,EPIAS_VEP:EBM0226,True,False,False
2026-02-23T23:00:00+00:00,2026-02-24T02:00:00+03:00,2026-02,EBM0226,2902.7572926152934,EPIAS_VEP:EBM0226,True,False,False
2026-02-24T00:00:00+00:00,2026-02-24T03:00:00+03:00,2026-02,EBM0226,2902.7556991847523,EPIAS_VEP:EBM0226,True,False,False
2026-02-24T01:00:00+00:00,2026-02-24T04:00:00+03:00,2026-02,EBM0226,2902.7536803682947,EPIAS_VEP:EBM0226,True,False,False
2026-02-24T02:00:00+00:00,2026-02-24T05:00:00+03:00,2026-02,EBM0226,2902.751193184753,EPIAS_VEP:EBM0226,True,False,False
2026-02-24T03:00:00+00:00,2026-02-24T06:00:00+03:00,2026-02,EBM0226,2902.7481931477655,EPIAS_VEP:EBM0226,True,False,False
2026-02-24T04:00:00+00:00,2026-02-24T07:00:00+03:00,2026-02,EBM0226,2902.7446345144954,EPIAS_VEP:EBM0226,True,False,False
2026-02-24T05:00:00+00:00,2026-02-24T08:00:00+03:00,2026-02,EBM0226,2902.7404705856343,EPIAS_VEP:EBM0226,True,False,False
2026-02-24T06:00:00+00:00,2026-02-24T09:00:00+03:00,2026-02,EBM0226,2902.7356540612664,EPIAS_VEP:EBM0226,True,False,False
2026-02-24T07:00:00+00:00,2026-02-24T10:00:00+03:00,2026-02,EBM0226,2902.730137457261,EPIAS_VEP:EBM0226,True,False,False
2026-02-24T08:00:00+00:00,2026-02-24T11:00:00+03:00,2026-02,EBM0226,2902.7238735869228,EPIAS_VEP:EBM0226,True,False,False
2026-02-24T09:00:00+00:00,2026-02-24T12:00:00+03:00,2026-02,EBM0226,2902.716816112646,EPIAS_VEP:EBM0226,True,False,False
2026-02-24T10:00:00+00:00,2026-02-24T13:00:00+03:00,2026-02,EBM0226,2902.7089201723065,EPIAS_VEP:EBM0226,True,False,False
2026-02-24T11:00:00+00:00,2026-02-24T14:00:00+03:00,2026-02,EBM0226,2902.700143085007,EPIAS_VEP:EBM0226,True,False,False
2026-02-24T12:00:00+00:00,2026-02-24T15:00:00+03:00,2026-02,EBM0226,2902.6904451406704,EPIAS_VEP:EBM0226,True,False,False
2026-02-24T13:00:00+00:00,2026-02-24T16:00:00+03:00,2026-02,EBM0226,2902.679790477747,EPIAS_VEP:EBM0226,True,False,False
2026-02-24T14:00:00+00:00,2026-02-24T17:00:00+03:00,2026-02,EBM0226,2902.668148053017,EPIAS_VEP:EBM0226,True,False,False
2026-02-24T15:00:00+00:00,2026-02-24T18:00:00+03:00,2026-02,EBM0226,2902.6554927070515,EPIAS_VEP:EBM0226,True,False,False
2026-02-24T16:00:00+00:00,2026-02-24T19:00:00+03:00,2026-02,EBM0226,2902.641806328455,EPIAS_VEP:EBM0226,True,False,False
2026-02-24T17:00:00+00:00,2026-02-24T20:00:00+03:00,2026-02,EBM0226,2902.6270791194033,EPIAS_VEP:EBM0226,True,False,False
2026-02-24T18:00:00+00:00,2026-02-24T21:00:00+03:00,2026-02,EBM0226,2902.6113109642943,EPIAS_VEP:EBM0226,True,False,False
2026-02-24T19:00:00+00:00,2026-02-24T22:00:00+03:00,2026-02,EBM0226,2902.594512902443,EPIAS_VEP:EBM0226,True,False,False
2026-02-24T20:00:00+00:00,2026-02-24T23:00:00+03:00,2026-02,EBM0226,2902.576708704918,EPIAS_VEP:EBM0226,True,False,False
2026-02-24T21:00:00+00:00,2026-02-25T00:00:00+03:00,2026-02,EBM0226,2902.5579365543454,EPIAS_VEP:EBM0226,True,False,False
2026-02-24T22:00:00+00:00,2026-02-25T01:00:00+03:00,2026-02,EBM0226,2902.5382508253333,EPIAS_VEP:EBM0226,True,False,False
2026-02-24T23:00:00+00:00,2026-02-25T02:00:00+03:00,2026-02,EBM0226,2902.5177239616896,EPIAS_VEP:EBM0226,True,False,False
2026-02-25T00:00:00+00:00,2026-02-25T03:00:00+03:00,2026-02,EBM0226,2902.496448444991,EPIAS_VEP:EBM0226,True,False,False
2026-02-25T01:00:00+00:00,2026-02-25T04:00:00+03:00,2026-02,EBM0226,2902.474538847275,EPIAS_VEP:EBM0226,True,False,False
2026-02-25T02:00:00+00:00,2026-02-25T05:00:00+03:00,2026-02,EBM0226,2902.4521339585863,EPIAS_VEP:EBM0226,True,False,False
2026-02-25T03:00:00+00:00,2026-02-25T06:00:00+03:00,2026-02,EBM0226,2902.4293989779376,EPIAS_VEP:EBM0226,True,False,False
2026-02-25T04:00:00+00:00,2026-02-25T07:00:00+03:00,2026-02,EBM0226,2902.406527753796,EPIAS_VEP:EBM0226,True,False,False
2026-02-25T05:00:00+00:00,2026-02-25T08:00:00+03:00,2026-02,EBM0226,2902.3837450575793,EPIAS_VEP:EBM0226,True,False,False
2026-02-25T06:00:00+00:00,2026-02-25T09:00:00+03:00,2026-02,EBM0226,2902.3613088707807,EPIAS_VEP:EBM0226,True,False,False
2026-02-25T07:00:00+00:00,2026-02-25T10:00:00+03:00,2026-02,EBM0226,2902.3395126632327,EPIAS_VEP:EBM0226,True,False,False
2026-02-25T08:00:00+00:00,2026-02-25T11:00:00+03:00,2026-02,EBM0226,2902.3186876367267,EPIAS_VEP:EBM0226,True,False,False
2026-02-25T09:00:00+00:00,2026-02-25T12:00:00+03:00,2026-02,EBM0226,2902.2992049046366,EPIAS_VEP:EBM0226,True,False,False
2026-02-25T10:00:00+00:00,2026-02-25T13:00:00+03:00,2026-02,EBM0226,2902.2814775744164,EPIAS_VEP:EBM0226,True,False,False
2026-02-25T11:00:00+00:00,2026-02-25T14:00:00+03:00,2026-02,EBM0226,2902.2659626958803,EPIAS_VEP:EBM0226,True,False,False
2026-02-25T12:00:00+00:00,2026-02-25T15:00:00+03:00,2026-02,EBM0226,2902.2531630339317,EPIAS_VEP:EBM0226,True,False,False
2026-02-25T13:00:00+00:00,2026-02-25T16:00:00+03:00,2026-02,EBM0226,2902.243628620054,EPIAS_VEP:EBM0226,True,False,False
2026-02-25T14:00:00+00:00,2026-02-25T17:00:00+03:00,2026-02,EBM0226,2902.2379580322695,EPIAS_VEP:EBM0226,True,False,False
2026-02-25T15:00:00+00:00,2026-02-25T18:00:00+03:00,2026-02,EBM0226,2902.236799348583,EPIAS_VEP:EBM0226,True,False,False
2026-02-25T16:00:00+00:00,2026-02-25T19:00:00+03:00,2026-02,EBM0226,2902.240850714044,EPIAS_VEP:EBM0226,True,False,False
2026-02-25T17:00:00+00:00,2026-02-25T20:00:00+03:00,2026-02,EBM0226,2902.250860456612,EPIAS_VEP:EBM0226,True,False,False
2026-02-25T18:00:00+00:00,2026-02-25T21:00:00+03:00,2026-02,EBM0226,2902.2676266820204,EPIAS_VEP:EBM0226,True,False,False
2026-02-25T19:00:00+00:00,2026-02-25T22:00:00+03:00,2026-02,EBM0226,2902.2919962728047,EPIAS_VEP:EBM0226,True,False,False
2026-02-25T20:00:00+00:00,2026-02-25T23:00:00+03:00,2026-02,EBM0226,2902.3248632116793,EPIAS_VEP:EBM0226,True,False,False
2026-02-25T21:00:00+00:00,2026-02-26T00:00:00+03:00,2026-02,EBM0226,2902.367166144581,EPIAS_VEP:EBM0226,True,False,False
2026-02-25T22:00:00+00:00,2026-02-26T01:00:00+03:00,2026-02,EBM0226,2902.419885093972,EPIAS_VEP:EBM0226,True,False,False
2026-02-25T23:00:00+00:00,2026-02-26T02:00:00+03:00,2026-02,EBM0226,2902.4840372285453,EPIAS_VEP:EBM0226,True,False,False
2026-02-26T00:00:00+00:00,2026-02-26T03:00:00+03:00,2026-02,EBM0226,2902.560671591332,EPIAS_VEP:EBM0226,True,False,False
2026-02-26T01:00:00+00:00,2026-02-26T04:00:00+03:00,2026-02,EBM0226,2902.6508626844757,EPIAS_VEP:EBM0226,True,False,False
2026-02-26T02:00:00+00:00,2026-02-26T05:00:00+03:00,2026-02,EBM0226,2902.7557028058077,EPIAS_VEP:EBM0226,True,False,False
2026-02-26T03:00:00+00:00,2026-02-26T06:00:00+03:00,2026-02,EBM0226,2902.8762930297394,EPIAS_VEP:EBM0226,True,False,False
2026-02-26T04:00:00+00:00,2026-02-26T07:00:00+03:00,2026-02,EBM0226,2903.0137327232455,EPIAS_VEP:EBM0226,True,False,False
2026-02-26T05:00:00+00:00,2026-02-26T08:00:00+03:00,2026-02,EBM0226,2903.1691074868445,EPIAS_VEP:EBM0226,True,False,False
2026-02-26T06:00:00+00:00,2026-02-26T09:00:00+03:00,2026-02,EBM0226,2903.3434754106333,EPIAS_VEP:EBM0226,True,False,False
2026-02-26T07:00:00+00:00,2026-02-26T10:00:00+03:00,2026-02,EBM0226,2903.537851536803,EPIAS_VEP:EBM0226,True,False,False
2026-02-26T08:00:00+00:00,2026-02-26T11:00:00+03:00,2026-02,EBM0226,2903.7531904228485,EPIAS_VEP:EBM0226,True,False,False
2026-02-26T09:00:00+00:00,2026-02-26T12:00:00+03:00,2026-02,EBM0226,2903.990366703956,EPIAS_VEP:EBM0226,True,False,False
2026-02-26T10:00:00+00:00,2026-02-26T13:00:00+03:00,2026-02,EBM0226,2904.250153559117,EPIAS_VEP:EBM0226,True,False,False
2026-02-26T11:00:00+00:00,2026-02-26T14:00:00+03:00,2026-02,EBM0226,2904.5331989935025,EPIAS_VEP:EBM0226,True,False,False
2026-02-26T12:00:00+00:00,2026-02-26T15:00:00+03:00,2026-02,EBM0226,2904.8399998597783,EPIAS_VEP:EBM0226,True,False,False
2026-02-26T13:00:00+00:00,2026-02-26T16:00:00+03:00,2026-02,EBM0226,2905.170873553561,EPIAS_VEP:EBM0226,True,False,False
2026-02-26T14:00:00+00:00,2026-02-26T17:00:00+03:00,2026-02,EBM0226,2905.5259273333236,EPIAS_VEP:EBM0226,True,False,False
2026-02-26T15:00:00+00:00,2026-02-26T18:00:00+03:00,2026-02,EBM0226,2905.905025233029,EPIAS_VEP:EBM0226,True,False,False
2026-02-26T16:00:00+00:00,2026-02-26T19:00:00+03:00,2026-02,EBM0226,2906.3077525567473,EPIAS_VEP:EBM0226,True,False,False
2026-02-26T17:00:00+00:00,2026-02-26T20:00:00+03:00,2026-02,EBM0226,2906.733377968868,EPIAS_VEP:EBM0226,True,False,False
2026-02-26T18:00:00+00:00,2026-02-26T21:00:00+03:00,2026-02,EBM0226,2907.1808132213687,EPIAS_VEP:EBM0226,True,False,False
2026-02-26T19:00:00+00:00,2026-02-26T22:00:00+03:00,2026-02,EBM0226,2907.648570591272,EPIAS_VEP:EBM0226,True,False,False
2026-02-26T20:00:00+00:00,2026-02-26T23:00:00+03:00,2026-02,EBM0226,2908.1347181371207,EPIAS_VEP:EBM0226,True,False,False
2026-02-26T21:00:00+00:00,2026-02-27T00:00:00+03:00,2026-02,EBM0226,2908.6368329232396,EPIAS_VEP:EBM0226,True,False,False
2026-02-26T22:00:00+00:00,2026-02-27T01:00:00+03:00,2026-02,EBM0226,2909.1519524049772,EPIAS_VEP:EBM0226,True,False,False
2026-02-26T23:00:00+00:00,2026-02-27T02:00:00+03:00,2026-02,EBM0226,2909.6765242172305,EPIAS_VEP:EBM0226,True,False,False
2026-02-27T00:00:00+00:00,2026-02-27T03:00:00+03:00,2026-02,EBM0226,2910.206354662497,EPIAS_VEP:EBM0226,True,False,False
2026-02-27T01:00:00+00:00,2026-02-27T04:00:00+03:00,2026-02,EBM0226,2910.7365562536875,EPIAS_VEP:EBM0226,True,False,False
2026-02-27T02:00:00+00:00,2026-02-27T05:00:00+03:00,2026-02,EBM0226,2911.261494731085,EPIAS_VEP:EBM0226,True,False,False
2026-02-27T03:00:00+00:00,2026-02-27T06:00:00+03:00,2026-02,EBM0226,2911.7747360421845,EPIAS_VEP:EBM0226,True,False,False
2026-02-27T04:00:00+00:00,2026-02-27T07:00:00+03:00,2026-02,EBM0226,2912.268993847842,EPIAS_VEP:EBM0226,True,False,False
2026-02-27T05:00:00+00:00,2026-02-27T08:00:00+03:00,2026-02,EBM0226,2912.7360781981442,EPIAS_VEP:EBM0226,True,False,False
2026-02-27T06:00:00+00:00,2026-02-27T09:00:00+03:00,2026-02,EBM0226,2913.1668461066292,EPIAS_VEP:EBM0226,True,False,False
2026-02-27T07:00:00+00:00,2026-02-27T10:00:00+03:00,2026-02,EBM0226,2913.5511548418544,EPIAS_VEP:EBM0226,True,False,False
2026-02-27T08:00:00+00:00,2026-02-27T11:00:00+03:00,2026-02,EBM0226,2913.8778188506194,EPIAS_VEP:EBM0226,True,False,False
2026-02-27T09:00:00+00:00,2026-02-27T12:00:00+03:00,2026-02,EBM0226,2914.1345713270853,EPIAS_VEP:EBM0226,True,False,False
2026-02-27T10:00:00+00:00,2026-02-27T13:00:00+03:00,2026-02,EBM0226,2914.308031546376,EPIAS_VEP:EBM0226,True,False,False
2026-02-27T11:00:00+00:00,2026-02-27T14:00:00+03:00,2026-02,EBM0226,2914.3836791893227,EPIAS_VEP:EBM0226,True,False,False
2026-02-27T12:00:00+00:00,2026-02-27T15:00:00+03:00,2026-02,EBM0226,2914.3458369964483,EPIAS_VEP:EBM0226,True,False,False
2026-02-27T13:00:00+00:00,2026-02-27T16:00:00+03:00,2026-02,EBM0226,2914.1776632031924,EPIAS_VEP:EBM0226,True,False,False
2026-02-27T14:00:00+00:00,2026-02-27T17:00:00+03:00,2026-02,EBM0226,2913.86115532414,EPIAS_VEP:EBM0226,True,False,False
2026-02-27T15:00:00+00:00,2026-02-27T18:00:00+03:00,2026-02,EBM0226,2913.377166970392,EPIAS_VEP:EBM0226,True,False,False
2026-02-27T16:00:00+00:00,2026-02-27T19:00:00+03:00,2026-02,EBM0226,2912.705439500358,EPIAS_VEP:EBM0226,True,False,False
2026-02-27T17:00:00+00:00,2026-02-27T20:00:00+03:00,2026-02,EBM0226,2911.8246504185904,EPIAS_VEP:EBM0226,True,False,False
2026-02-27T18:00:00+00:00,2026-02-27T21:00:00+03:00,2026-02,EBM0226,2910.712480548538,EPIAS_VEP:EBM0226,True,False,False
2026-02-27T19:00:00+00:00,2026-02-27T22:00:00+03:00,2026-02,EBM0226,2909.3457021114514,EPIAS_VEP:EBM0226,True,False,False
2026-02-27T20:00:00+00:00,2026-02-27T23:00:00+03:00,2026-02,EBM0226,2907.7002899433714,EPIAS_VEP:EBM0226,True,False,False
2026-02-27T21:00:00+00:00,2026-02-28T00:00:00+03:00,2026-02,EBM0226,2905.7515581729704,EPIAS_VEP:EBM0226,True,False,False
2026-02-27T22:00:00+00:00,2026-02-28T01:00:00+03:00,2026-02,EBM0226,2903.4743247627634,EPIAS_VEP:EBM0226,True,False,False
2026-02-27T23:00:00+00:00,2026-02-28T02:00:00+03:00,2026-02,EBM0226,2900.8431063822927,EPIAS_VEP:EBM0226,True,False,False
2026-02-28T00:00:00+00:00,2026-02-28T03:00:00+03:00,2026-02,EBM0226,2897.8323461314676,EPIAS_VEP:EBM0226,True,False,False
2026-02-28T01:00:00+00:00,2026-02-28T04:00:00+03:00,2026-02,EBM0226,2894.4166766624016,EPIAS_VEP:EBM0226,True,False,False
2026-02-28T02:00:00+00:00,2026-02-28T05:00:00+03:00,2026-02,EBM0226,2890.571221255435,EPIAS_VEP:EBM0226,True,False,False
2026-02-28T03:00:00+00:00,2026-02-28T06:00:00+03:00,2026-02,EBM0226,2886.2719353860775,EPIAS_VEP:EBM0226,True,False,False
2026-02-28T04:00:00+00:00,2026-02-28T07:00:00+03:00,2026-02,EBM0226,2881.4959912705635,EPIAS_VEP:EBM0226,True,False,False
2026-02-28T05:00:00+00:00,2026-02-28T08:00:00+03:00,2026-02,EBM0226,2876.222207794437,EPIAS_VEP:EBM0226,True,False,False
2026-02-28T06:00:00+00:00,2026-02-28T09:00:00+03:00,2026-02,EBM0226,2870.4315281069667,EPIAS_VEP:EBM0226,True,False,False
2026-02-28T07:00:00+00:00,2026-02-28T10:00:00+03:00,2026-02,EBM0226,2864.107546999492,EPIAS_VEP:EBM0226,True,False,False
2026-02-28T08:00:00+00:00,2026-02-28T11:00:00+03:00,2026-02,EBM0226,2857.2370899733924,EPIAS_VEP:EBM0226,True,False,False
2026-02-28T09:00:00+00:00,2026-02-28T12:00:00+03:00,2026-02,EBM0226,2849.810845638195,EPIAS_VEP:EBM0226,True,False,False
2026-02-28T10:00:00+00:00,2026-02-28T13:00:00+03:00,2026-02,EBM0226,2841.824052757282,EPIAS_VEP:EBM0226,True,False,False
2026-02-28T11:00:00+00:00,2026-02-28T14:00:00+03:00,2026-02,EBM0226,2833.277242872325,EPIAS_VEP:EBM0226,True,False,False
2026-02-28T12:00:00+00:00,2026-02-28T15:00:00+03:00,2026-02,EBM0226,2824.177038982572,EPIAS_VEP:EBM0226,True,False,False
2026-02-28T13:00:00+00:00,2026-02-28T16:00:00+03:00,2026-02,EBM0226,2814.537010225835,EPIAS_VEP:EBM0226,True,False,False
2026-02-28T14:00:00+00:00,2026-02-28T17:00:00+03:00,2026-02,EBM0226,2804.3785818988795,EPIAS_VEP:EBM0226,True,False,False
2026-02-28T15:00:00+00:00,2026-02-28T18:00:00+03:00,2026-02,EBM0226,2793.7319994602963,EPIAS_VEP:EBM0226,True,False,False
2026-02-28T16:00:00+00:00,2026-02-28T19:00:00+03:00,2026-02,EBM0226,2782.637344373223,EPIAS_VEP:EBM0226,True,False,False
2026-02-28T17:00:00+00:00,2026-02-28T20:00:00+03:00,2026-02,EBM0226,2771.1455987638988,EPIAS_VEP:EBM0226,True,False,False
2026-02-28T18:00:00+00:00,2026-02-28T21:00:00+03:00,2026-02,EBM0226,2759.319754886978,EPIAS_VEP:EBM0226,True,False,False
2026-02-28T19:00:00+00:00,2026-02-28T22:00:00+03:00,2026-02,EBM0226,2747.235964301585,EPIAS_VEP:EBM0226,True,False,False
2026-02-28T20:00:00+00:00,2026-02-28T23:00:00+03:00,2026-02,EBM0226,2734.9847204516764,EPIAS_VEP:EBM0226,True,False,False
2026-02-28T21:00:00+00:00,2026-03-01T00:00:00+03:00,2026-03,EBM0326,2722.6720670490968,EPIAS_VEP:EBM0326,True,False,False
2026-02-28T22:00:00+00:00,2026-03-01T01:00:00+03:00,2026-03,EBM0326,2710.4208231965035,EPIAS_VEP:EBM0326,True,False,False
2026-02-28T23:00:00+00:00,2026-03-01T02:00:00+03:00,2026-03,EBM0326,2698.33703260571,EPIAS_VEP:EBM0326,True,False,False
2026-03-01T00:00:00+00:00,2026-03-01T03:00:00+03:00,2026-03,EBM0326,2686.511188722071,EPIAS_VEP:EBM0326,True,False,False
2026-03-01T01:00:00+00:00,2026-03-01T04:00:00+03:00,2026-03,EBM0326,2675.0194431035393,EPIAS_VEP:EBM0326,True,False,False
2026-03-01T02:00:00+00:00,2026-03-01T05:00:00+03:00,2026-03,EBM0326,2663.9247880050566,EPIAS_VEP:EBM0326,True,False,False
2026-03-01T03:00:00+00:00,2026-03-01T06:00:00+03:00,2026-03,EBM0326,2653.278205553116,EPIAS_VEP:EBM0326,True,False,False
2026-03-01T04:00:00+00:00,2026-03-01T07:00:00+03:00,2026-03,EBM0326,2643.1197772112705,EPIAS_VEP:EBM0326,True,False,False
2026-03-01T05:00:00+00:00,2026-03-01T08:00:00+03:00,2026-03,EBM0326,2633.479748438377,EPIAS_VEP:EBM0326,True,False,False
2026-03-01T06:00:00+00:00,2026-03-01T09:00:00+03:00,2026-03,EBM0326,2624.3795445314336,EPIAS_VEP:EBM0326,True,False,False
2026-03-01T07:00:00+00:00,2026-03-01T10:00:00+03:00,2026-03,EBM0326,2615.832734628454,EPIAS_VEP:EBM0326,True,False,False
2026-03-01T08:00:00+00:00,2026-03-01T11:00:00+03:00,2026-03,EBM0326,2607.84594172886,EPIAS_VEP:EBM0326,True,False,False
2026-03-01T09:00:00+00:00,2026-03-01T12:00:00+03:00,2026-03,EBM0326,2600.4196973744697,EPIAS_VEP:EBM0326,True,False,False
2026-03-01T10:00:00+00:00,2026-03-01T13:00:00+03:00,2026-03,EBM0326,2593.54924032879,EPIAS_VEP:EBM0326,True,False,False
2026-03-01T11:00:00+00:00,2026-03-01T14:00:00+03:00,2026-03,EBM0326,2587.2252592015534,EPIAS_VEP:EBM0326,True,False,False
2026-03-01T12:00:00+00:00,2026-03-01T15:00:00+03:00,2026-03,EBM0326,2581.4345794943215,EPIAS_VEP:EBM0326,True,False,False
2026-03-01T13:00:00+00:00,2026-03-01T16:00:00+03:00,2026-03,EBM0326,2576.160795998593,EPIAS_VEP:EBM0326,True,False,False
2026-03-01T14:00:00+00:00,2026-03-01T17:00:00+03:00,2026-03,EBM0326,2571.3848518637797,EPIAS_VEP:EBM0326,True,False,False
2026-03-01T15:00:00+00:00,2026-03-01T18:00:00+03:00,2026-03,EBM0326,2567.085565975552,EPIAS_VEP:EBM0326,True,False,False
2026-03-01T16:00:00+00:00,2026-03-01T19:00:00+03:00,2026-03,EBM0326,2563.2401105502586,EPIAS_VEP:EBM0326,True,False,False
2026-03-01T17:00:00+00:00,2026-03-01T20:00:00+03:00,2026-03,EBM0326,2559.824441063512,EPIAS_VEP:EBM0326,True,False,False
2026-03-01T18:00:00+00:00,2026-03-01T21:00:00+03:00,2026-03,EBM0326,2556.8136807957308,EPIAS_VEP:EBM0326,True,False,False
2026-03-01T19:00:00+00:00,2026-03-01T22:00:00+03:00,2026-03,EBM0326,2554.1824623990883,EPIAS_VEP:EBM0326,True,False,False
2026-03-01T20:00:00+00:00,2026-03-01T23:00:00+03:00,2026-03,EBM0326,2551.9052289735387,EPIAS_VEP:EBM0326,True,False,False
2026-03-01T21:00:00+00:00,2026-03-02T00:00:00+03:00,2026-03,EBM0326,2549.9564971886552,EPIAS_VEP:EBM0326,True,False,False
2026-03-01T22:00:00+00:00,2026-03-02T01:00:00+03:00,2026-03,EBM0326,2548.3110850069743,EPIAS_VEP:EBM0326,True,False,False
2026-03-01T23:00:00+00:00,2026-03-02T02:00:00+03:00,2026-03,EBM0326,2546.9443065571763,EPIAS_VEP:EBM0326,True,False,False
2026-03-02T00:00:00+00:00,2026-03-02T03:00:00+03:00,2026-03,EBM0326,2545.832136675301,EPIAS_VEP:EBM0326,True,False,False
2026-03-02T01:00:00+00:00,2026-03-02T04:00:00+03:00,2026-03,EBM0326,2544.9513475825947,EPIAS_VEP:EBM0326,True,False,False
2026-03-02T02:00:00+00:00,2026-03-02T05:00:00+03:00,2026-03,EBM0326,2544.2796201024953,EPIAS_VEP:EBM0326,True,False,False
2026-03-02T03:00:00+00:00,2026-03-02T06:00:00+03:00,2026-03,EBM0326,2543.795631739543,EPIAS_VEP:EBM0326,True,False,False
2026-03-02T04:00:00+00:00,2026-03-02T07:00:00+03:00,2026-03,EBM0326,2543.479123852127,EPIAS_VEP:EBM0326,True,False,False
2026-03-02T05:00:00+00:00,2026-03-02T08:00:00+03:00,2026-03,EBM0326,2543.310950051326,EPIAS_VEP:EBM0326,True,False,False
2026-03-02T06:00:00+00:00,2026-03-02T09:00:00+03:00,2026-03,EBM0326,2543.273107851694,EPIAS_VEP:EBM0326,True,False,False
2026-03-02T07:00:00+00:00,2026-03-02T10:00:00+03:00,2026-03,EBM0326,2543.3487554886406,EPIAS_VEP:EBM0326,True,False,False
2026-03-02T08:00:00+00:00,2026-03-02T11:00:00+03:00,2026-03,EBM0326,2543.52221570265,EPIAS_VEP:EBM0326,True,False,False
2026-03-02T09:00:00+00:00,2026-03-02T12:00:00+03:00,2026-03,EBM0326,2543.778968174519,EPIAS_VEP:EBM0326,True,False,False
2026-03-02T10:00:00+00:00,2026-03-02T13:00:00+03:00,2026-03,EBM0326,2544.105632179336,EPIAS_VEP:EBM0326,True,False,False
2026-03-02T11:00:00+00:00,2026-03-02T14:00:00+03:00,2026-03,EBM0326,2544.489940911233,EPIAS_VEP:EBM0326,True,False,False
2026-03-02T12:00:00+00:00,2026-03-02T15:00:00+03:00,2026-03,EBM0326,2544.9207088169837,EPIAS_VEP:EBM0326,True,False,False
2026-03-02T13:00:00+00:00,2026-03-02T16:00:00+03:00,2026-03,EBM0326,2545.3877931651305,EPIAS_VEP:EBM0326,True,False,False
2026-03-02T14:00:00+00:00,2026-03-02T17:00:00+03:00,2026-03,EBM0326,2545.882050969195,EPIAS_VEP:EBM0326,True,False,False
2026-03-02T15:00:00+00:00,2026-03-02T18:00:00+03:00,2026-03,EBM0326,2546.395292279243,EPIAS_VEP:EBM0326,True,False,False
2026-03-02T16:00:00+00:00,2026-03-02T19:00:00+03:00,2026-03,EBM0326,2546.9202307561054,EPIAS_VEP:EBM0326,True,False,False
2026-03-02T17:00:00+00:00,2026-03-02T20:00:00+03:00,2026-03,EBM0326,2547.4504323472443,EPIAS_VEP:EBM0326,True,False,False
2026-03-02T18:00:00+00:00,2026-03-02T21:00:00+03:00,2026-03,EBM0326,2547.9802627929084,EPIAS_VEP:EBM0326,True,False,False
2026-03-02T19:00:00+00:00,2026-03-02T22:00:00+03:00,2026-03,EBM0326,2548.5048346059725,EPIAS_VEP:EBM0326,True,False,False
2026-03-02T20:00:00+00:00,2026-03-02T23:00:00+03:00,2026-03,EBM0326,2549.019954088896,EPIAS_VEP:EBM0326,True,False,False
2026-03-02T21:00:00+00:00,2026-03-03T00:00:00+03:00,2026-03,EBM0326,2549.52206887654,EPIAS_VEP:EBM0326,True,False,False
2026-03-02T22:00:00+00:00,2026-03-03T01:00:00+03:00,2026-03,EBM0326,2550.008216424216,EPIAS_VEP:EBM0326,True,False,False
2026-03-02T23:00:00+00:00,2026-03-03T02:00:00+03:00,2026-03,EBM0326,2550.4759737962077,EPIAS_VEP:EBM0326,True,False,False
2026-03-03T00:00:00+00:00,2026-03-03T03:00:00+03:00,2026-03,EBM0326,2550.923409051017,EPIAS_VEP:EBM0326,True,False,False
2026-03-03T01:00:00+00:00,2026-03-03T04:00:00+03:00,2026-03,EBM0326,2551.3490344656293,EPIAS_VEP:EBM0326,True,False,False
2026-03-03T02:00:00+00:00,2026-03-03T05:00:00+03:00,2026-03,EBM0326,2551.751761791985,EPIAS_VEP:EBM0326,True,False,False
2026-03-03T03:00:00+00:00,2026-03-03T06:00:00+03:00,2026-03,EBM0326,2552.130859694437,EPIAS_VEP:EBM0326,True,False,False
2026-03-03T04:00:00+00:00,2026-03-03T07:00:00+03:00,2026-03,EBM0326,2552.4859134770218,EPIAS_VEP:EBM0326,True,False,False
2026-03-03T05:00:00+00:00,2026-03-03T08:00:00+03:00,2026-03,EBM0326,2552.8167871736655,EPIAS_VEP:EBM0326,True,False,False
2026-03-03T06:00:00+00:00,2026-03-03T09:00:00+03:00,2026-03,EBM0326,2553.1235880428094,EPIAS_VEP:EBM0326,True,False,False
2026-03-03T07:00:00+00:00,2026-03-03T10:00:00+03:00,2026-03,EBM0326,2553.4066334800373,EPIAS_VEP:EBM0326,True,False,False
2026-03-03T08:00:00+00:00,2026-03-03T11:00:00+03:00,2026-03,EBM0326,2553.666420337992,EPIAS_VEP:EBM0326,True,False,False
2026-03-03T09:00:00+00:00,2026-03-03T12:00:00+03:00,2026-03,EBM0326,2553.9035966218275,EPIAS_VEP:EBM0326,True,False,False
2026-03-03T10:00:00+00:00,2026-03-03T13:00:00+03:00,2026-03,EBM0326,2554.1189355105257,EPIAS_VEP:EBM0326,True,False,False
2026-03-03T11:00:00+00:00,2026-03-03T14:00:00+03:00,2026-03,EBM0326,2554.313311639265,EPIAS_VEP:EBM0326,True,False,False
2026-03-03T12:00:00+00:00,2026-03-03T15:00:00+03:00,2026-03,EBM0326,2554.487679565534,EPIAS_VEP:EBM0326,True,False,False
2026-03-03T13:00:00+00:00,2026-03-03T16:00:00+03:00,2026-03,EBM0326,2554.6430543315187,EPIAS_VEP:EBM0326,True,False,False
2026-03-03T14:00:00+00:00,2026-03-03T17:00:00+03:00,2026-03,EBM0326,2554.7804940273077,EPIAS_VEP:EBM0326,True,False,False
2026-03-03T15:00:00+00:00,2026-03-03T18:00:00+03:00,2026-03,EBM0326,2554.9010842534176,EPIAS_VEP:EBM0326,True,False,False
2026-03-03T16:00:00+00:00,2026-03-03T19:00:00+03:00,2026-03,EBM0326,2555.0059243768255,EPIAS_VEP:EBM0326,True,False,False
2026-03-03T17:00:00+00:00,2026-03-03T20:00:00+03:00,2026-03,EBM0326,2555.0961154719444,EPIAS_VEP:EBM0326,True,False,False
2026-03-03T18:00:00+00:00,2026-03-03T21:00:00+03:00,2026-03,EBM0326,2555.1727498366085,EPIAS_VEP:EBM0326,True,False,False
2026-03-03T19:00:00+00:00,2026-03-03T22:00:00+03:00,2026-03,EBM0326,2555.236901972967,EPIAS_VEP:EBM0326,True,False,False
2026-03-03T20:00:00+00:00,2026-03-03T23:00:00+03:00,2026-03,EBM0326,2555.2896209240457,EPIAS_VEP:EBM0326,True,False,False
2026-03-03T21:00:00+00:00,2026-03-04T00:00:00+03:00,2026-03,EBM0326,2555.331923858533,EPIAS_VEP:EBM0326,True,False,False
2026-03-03T22:00:00+00:00,2026-03-04T01:00:00+03:00,2026-03,EBM0326,2555.3647907988884,EPIAS_VEP:EBM0326,True,False,False
2026-03-03T23:00:00+00:00,2026-03-04T02:00:00+03:00,2026-03,EBM0326,2555.3891603910442,EPIAS_VEP:EBM0326,True,False,False
2026-03-04T00:00:00+00:00,2026-03-04T03:00:00+03:00,2026-03,EBM0326,2555.405926617714,EPIAS_VEP:EBM0326,True,False,False
2026-03-04T01:00:00+00:00,2026-03-04T04:00:00+03:00,2026-03,EBM0326,2555.415936361433,EPIAS_VEP:EBM0326,True,False,False
2026-03-04T02:00:00+00:00,2026-03-04T05:00:00+03:00,2026-03,EBM0326,2555.419987727936,EPIAS_VEP:EBM0326,True,False,False
2026-03-04T03:00:00+00:00,2026-03-04T06:00:00+03:00,2026-03,EBM0326,2555.4188290451843,EPIAS_VEP:EBM0326,True,False,False
2026-03-04T04:00:00+00:00,2026-03-04T07:00:00+03:00,2026-03,EBM0326,2555.4131584582246,EPIAS_VEP:EBM0326,True,False,False
2026-03-04T05:00:00+00:00,2026-03-04T08:00:00+03:00,2026-03,EBM0326,2555.403624045062,EPIAS_VEP:EBM0326,True,False,False
2026-03-04T06:00:00+00:00,2026-03-04T09:00:00+03:00,2026-03,EBM0326,2555.3908243837145,EPIAS_VEP:EBM0326,True,False,False
2026-03-04T07:00:00+00:00,2026-03-04T10:00:00+03:00,2026-03,EBM0326,2555.375309505657,EPIAS_VEP:EBM0326,True,False,False
2026-03-04T08:00:00+00:00,2026-03-04T11:00:00+03:00,2026-03,EBM0326,2555.3575821757863,EPIAS_VEP:EBM0326,True,False,False
2026-03-04T09:00:00+00:00,2026-03-04T12:00:00+03:00,2026-03,EBM0326,2555.3380994439112,EPIAS_VEP:EBM0326,True,False,False
2026-03-04T10:00:00+00:00,2026-03-04T13:00:00+03:00,2026-03,EBM0326,2555.3172744174844,EPIAS_VEP:EBM0326,True,False,False
2026-03-04T11:00:00+00:00,2026-03-04T14:00:00+03:00,2026-03,EBM0326,2555.2954782098773,EPIAS_VEP:EBM0326,True,False,False
2026-03-04T12:00:00+00:00,2026-03-04T15:00:00+03:00,2026-03,EBM0326,2555.273042022878,EPIAS_VEP:EBM0326,True,False,False
2026-03-04T13:00:00+00:00,2026-03-04T16:00:00+03:00,2026-03,EBM0326,2555.250259326316,EPIAS_VEP:EBM0326,True,False,False
2026-03-04T14:00:00+00:00,2026-03-04T17:00:00+03:00,2026-03,EBM0326,2555.227388101679,EPIAS_VEP:EBM0326,True,False,False
2026-03-04T15:00:00+00:00,2026-03-04T18:00:00+03:00,2026-03,EBM0326,2555.204653120383,EPIAS_VEP:EBM0326,True,False,False
2026-03-04T16:00:00+00:00,2026-03-04T19:00:00+03:00,2026-03,EBM0326,2555.182248230896,EPIAS_VEP:EBM0326,True,False,False
2026-03-04T17:00:00+00:00,2026-03-04T20:00:00+03:00,2026-03,EBM0326,2555.1603386322336,EPIAS_VEP:EBM0326,True,False,False
2026-03-04T18:00:00+00:00,2026-03-04T21:00:00+03:00,2026-03,EBM0326,2555.1390631144477,EPIAS_VEP:EBM0326,True,False,False
2026-03-04T19:00:00+00:00,2026-03-04T22:00:00+03:00,2026-03,EBM0326,2555.118536249589,EPIAS_VEP:EBM0326,True,False,False
2026-03-04T20:00:00+00:00,2026-03-04T23:00:00+03:00,2026-03,EBM0326,2555.0988505192577,EPIAS_VEP:EBM0326,True,False,False
2026-03-04T21:00:00+00:00,2026-03-05T00:00:00+03:00,2026-03,EBM0326,2555.080078367289,EPIAS_VEP:EBM0326,True,False,False
2026-03-04T22:00:00+00:00,2026-03-05T01:00:00+03:00,2026-03,EBM0326,2555.062274168325,EPIAS_VEP:EBM0326,True,False,False
2026-03-04T23:00:00+00:00,2026-03-05T02:00:00+03:00,2026-03,EBM0326,2555.045476105035,EPIAS_VEP:EBM0326,True,False,False
2026-03-05T00:00:00+00:00,2026-03-05T03:00:00+03:00,2026-03,EBM0326,2555.02970794853,EPIAS_VEP:EBM0326,True,False,False
2026-03-05T01:00:00+00:00,2026-03-05T04:00:00+03:00,2026-03,EBM0326,2555.0149807381717,EPIAS_VEP:EBM0326,True,False,False
2026-03-05T02:00:00+00:00,2026-03-05T05:00:00+03:00,2026-03,EBM0326,2555.0012943583893,EPIAS_VEP:EBM0326,True,False,False
2026-03-05T03:00:00+00:00,2026-03-05T06:00:00+03:00,2026-03,EBM0326,2554.988639011399,EPIAS_VEP:EBM0326,True,False,False
2026-03-05T04:00:00+00:00,2026-03-05T07:00:00+03:00,2026-03,EBM0326,2554.976996585842,EPIAS_VEP:EBM0326,True,False,False
2026-03-05T05:00:00+00:00,2026-03-05T08:00:00+03:00,2026-03,EBM0326,2554.966341922318,EPIAS_VEP:EBM0326,True,False,False
2026-03-05T06:00:00+00:00,2026-03-05T09:00:00+03:00,2026-03,EBM0326,2554.9566439776313,EPIAS_VEP:EBM0326,True,False,False
2026-03-05T07:00:00+00:00,2026-03-05T10:00:00+03:00,2026-03,EBM0326,2554.947866890254,EPIAS_VEP:EBM0326,True,False,False
2026-03-05T08:00:00+00:00,2026-03-05T11:00:00+03:00,2026-03,EBM0326,2554.939970950119,EPIAS_VEP:EBM0326,True,False,False
2026-03-05T09:00:00+00:00,2026-03-05T12:00:00+03:00,2026-03,EBM0326,2554.9329134763316,EPIAS_VEP:EBM0326,True,False,False
2026-03-05T10:00:00+00:00,2026-03-05T13:00:00+03:00,2026-03,EBM0326,2554.926649606764,EPIAS_VEP:EBM0326,True,False,False
2026-03-05T11:00:00+00:00,2026-03-05T14:00:00+03:00,2026-03,EBM0326,2554.9211330038024,EPIAS_VEP:EBM0326,True,False,False
2026-03-05T12:00:00+00:00,2026-03-05T15:00:00+03:00,2026-03,EBM0326,2554.9163164807323,EPIAS_VEP:EBM0326,True,False,False
2026-03-05T13:00:00+00:00,2026-03-05T16:00:00+03:00,2026-03,EBM0326,2554.9121525534,EPIAS_VEP:EBM0326,True,False,False
2026-03-05T14:00:00+00:00,2026-03-05T17:00:00+03:00,2026-03,EBM0326,2554.908593921862,EPIAS_VEP:EBM0326,True,False,False
2026-03-05T15:00:00+00:00,2026-03-05T18:00:00+03:00,2026-03,EBM0326,2554.9055938867814,EPIAS_VEP:EBM0326,True,False,False
2026-03-05T16:00:00+00:00,2026-03-05T19:00:00+03:00,2026-03,EBM0326,2554.9031067052874,EPIAS_VEP:EBM0326,True,False,False
2026-03-05T17:00:00+00:00,2026-03-05T20:00:00+03:00,2026-03,EBM0326,2554.9010878909844,EPIAS_VEP:EBM0326,True,False,False
2026-03-05T18:00:00+00:00,2026-03-05T21:00:00+03:00,2026-03,EBM0326,2554.899494462664,EPIAS_VEP:EBM0326,True,False,False
2026-03-05T19:00:00+00:00,2026-03-05T22:00:00+03:00,2026-03,EBM0326,2554.8982851461897,EPIAS_VEP:EBM0326,True,False,False
2026-03-05T20:00:00+00:00,2026-03-05T23:00:00+03:00,2026-03,EBM0326,2554.897420533839,EPIAS_VEP:EBM0326,True,False,False
2026-03-05T21:00:00+00:00,2026-03-06T00:00:00+03:00,2026-03,EBM0326,2554.8968632052365,EPIAS_VEP:EBM0326,True,False,False
2026-03-05T22:00:00+00:00,2026-03-06T01:00:00+03:00,2026-03,EBM0326,2554.896577813813,EPIAS_VEP:EBM0326,True,False,False
2026-03-05T23:00:00+00:00,2026-03-06T02:00:00+03:00,2026-03,EBM0326,2554.896531142539,EPIAS_VEP:EBM0326,True,False,False
2026-03-06T00:00:00+00:00,2026-03-06T03:00:00+03:00,2026-03,EBM0326,2554.8966921324627,EPIAS_VEP:EBM0326,True,False,False
2026-03-06T01:00:00+00:00,2026-03-06T04:00:00+03:00,2026-03,EBM0326,2554.8970318873803,EPIAS_VEP:EBM0326,True,False,False
2026-03-06T02:00:00+00:00,2026-03-06T05:00:00+03:00,2026-03,EBM0326,2554.8975236577353,EPIAS_VEP:EBM0326,True,False,False
2026-03-06T03:00:00+00:00,2026-03-06T06:00:00+03:00,2026-03,EBM0326,2554.8981428066436,EPIAS_VEP:EBM0326,True,False,False
2026-03-06T04:00:00+00:00,2026-03-06T07:00:00+03:00,2026-03,EBM0326,2554.8988667607177,EPIAS_VEP:EBM0326,True,False,False
2026-03-06T05:00:00+00:00,2026-03-06T08:00:00+03:00,2026-03,EBM0326,2554.8996749481494,EPIAS_VEP:EBM0326,True,False,False
2026-03-06T06:00:00+00:00,2026-03-06T09:00:00+03:00,2026-03,EBM0326,2554.9005487263153,EPIAS_VEP:EBM0326,True,False,False
2026-03-06T07:00:00+00:00,2026-03-06T10:00:00+03:00,2026-03,EBM0326,2554.9014713009587,EPIAS_VEP:EBM0326,True,False,False
2026-03-06T08:00:00+00:00,2026-03-06T11:00:00+03:00,2026-03,EBM0326,2554.902427638812,EPIAS_VEP:EBM0326,True,False,False
2026-03-06T09:00:00+00:00,2026-03-06T12:00:00+03:00,2026-03,EBM0326,2554.9034043753363,EPIAS_VEP:EBM0326,True,False,False
2026-03-06T10:00:00+00:00,2026-03-06T13:00:00+03:00,2026-03,EBM0326,2554.9043897190927,EPIAS_VEP:EBM0326,True,False,False
2026-03-06T11:00:00+00:00,2026-03-06T14:00:00+03:00,2026-03,EBM0326,2554.905373354064,EPIAS_VEP:EBM0326,True,False,False
2026-03-06T12:00:00+00:00,2026-03-06T15:00:00+03:00,2026-03,EBM0326,2554.9063463411203,EPIAS_VEP:EBM0326,True,False,False
2026-03-06T13:00:00+00:00,2026-03-06T16:00:00+03:00,2026-03,EBM0326,2554.907301019658,EPIAS_VEP:EBM0326,True,False,False
2026-03-06T14:00:00+00:00,2026-03-06T17:00:00+03:00,2026-03,EBM0326,2554.9082309103,EPIAS_VEP:EBM0326,True,False,False
2026-03-06T15:00:00+00:00,2026-03-06T18:00:00+03:00,2026-03,EBM0326,2554.909130619427,EPIAS_VEP:EBM0326,True,False,False
2026-03-06T16:00:00+00:00,2026-03-06T19:00:00+03:00,2026-03,EBM0326,2554.909995746188,EPIAS_VEP:EBM0326,True,False,False
2026-03-06T17:00:00+00:00,2026-03-06T20:00:00+03:00,2026-03,EBM0326,2554.910822792533,EPIAS_VEP:EBM0326,True,False,False
2026-03-06T18:00:00+00:00,2026-03-06T21:00:00+03:00,2026-03,EBM0326,2554.911609076697,EPIAS_VEP:EBM0326,True,False,False
2026-03-06T19:00:00+00:00,2026-03-06T22:00:00+03:00,2026-03,EBM0326,2554.912352650498,EPIAS_VEP:EBM0326,True,False,False
2026-03-06T20:00:00+00:00,2026-03-06T23:00:00+03:00,2026-03,EBM0326,2554.9130522207074,EPIAS_VEP:EBM0326,True,False,False
2026-03-06T21:00:00+00:00,2026-03-07T00:00:00+03:00,2026-03,EBM0326,2554.913707074691,EPIAS_VEP:EBM0326,True,False,False
2026-03-06T22:00:00+00:00,2026-03-07T01:00:00+03:00,2026-03,EBM0326,2554.9143170104526,EPIAS_VEP:EBM0326,True,False,False
2026-03-06T23:00:00+00:00,2026-03-07T02:00:00+03:00,2026-03,EBM0326,2554.9148822711513,EPIAS_VEP:EBM0326,True,False,False
2026-03-07T00:00:00+00:00,2026-03-07T03:00:00+03:00,2026-03,EBM0326,2554.915403484106,EPIAS_VEP:EBM0326,True,False,False
2026-03-07T01:00:00+00:00,2026-03-07T04:00:00+03:00,2026-03,EBM0326,2554.9158816042686,EPIAS_VEP:EBM0326,True,False,False
2026-03-07T02:00:00+00:00,2026-03-07T05:00:00+03:00,2026-03,EBM0326,2554.9163178621043,EPIAS_VEP:EBM0326,True,False,False
2026-03-07T03:00:00+00:00,2026-03-07T06:00:00+03:00,2026-03,EBM0326,2554.9167137157797,EPIAS_VEP:EBM0326,True,False,False
2026-03-07T04:00:00+00:00,2026-03-07T07:00:00+03:00,2026-03,EBM0326,2554.9170708075367,EPIAS_VEP:EBM0326,True,False,False
2026-03-07T05:00:00+00:00,2026-03-07T08:00:00+03:00,2026-03,EBM0326,2554.917390924105,EPIAS_VEP:EBM0326,True,False,False
2026-03-07T06:00:00+00:00,2026-03-07T09:00:00+03:00,2026-03,EBM0326,2554.9176759609945,EPIAS_VEP:EBM0326,True,False,False
2026-03-07T07:00:00+00:00,2026-03-07T10:00:00+03:00,2026-03,EBM0326,2554.9179278904853,EPIAS_VEP:EBM0326,True,False,False
2026-03-07T08:00:00+00:00,2026-03-07T11:00:00+03:00,2026-03,EBM0326,2554.9181487331193,EPIAS_VEP:EBM0326,True,False,False
2026-03-07T09:00:00+00:00,2026-03-07T12:00:00+03:00,2026-03,EBM0326,2554.9183405325125,EPIAS_VEP:EBM0326,True,False,False
2026-03-07T10:00:00+00:00,2026-03-07T13:00:00+03:00,2026-03,EBM0326,2554.9185053332662,EPIAS_VEP:EBM0326,True,False,False
2026-03-07T11:00:00+00:00,2026-03-07T14:00:00+03:00,2026-03,EBM0326,2554.9186451617907,EPIAS_VEP:EBM0326,True,False,False
2026-03-07T12:00:00+00:00,2026-03-07T15:00:00+03:00,2026-03,EBM0326,2554.918762009822,EPIAS_VEP:EBM0326,True,False,False
2026-03-07T13:00:00+00:00,2026-03-07T16:00:00+03:00,2026-03,EBM0326,2554.918857820442,EPIAS_VEP:EBM0326,True,False,False
2026-03-07T14:00:00+00:00,2026-03-07T17:00:00+03:00,2026-03,EBM0326,2554.918934476394,EPIAS_VEP:EBM0326,True,False,False
2026-03-07T15:00:00+00:00,2026-03-07T18:00:00+03:00,2026-03,EBM0326,2554.9189937904985,EPIAS_VEP:EBM0326,True,False,False
2026-03-07T16:00:00+00:00,2026-03-07T19:00:00+03:00,2026-03,EBM0326,2554.91903749799,EPIAS_VEP:EBM0326,True,False,False
2026-03-07T17:00:00+00:00,2026-03-07T20:00:00+03:00,2026-03,EBM0326,2554.919067250586,EPIAS_VEP:EBM0326,True,False,False
2026-03-07T18:00:00+00:00,2026-03-07T21:00:00+03:00,2026-03,EBM0326,2554.9190846121132,EPIAS_VEP:EBM0326,True,False,False
2026-03-07T19:00:00+00:00,2026-03-07T22:00:00+03:00,2026-03,EBM0326,2554.9190910555367,EPIAS_VEP:EBM0326,True,False,False
2026-03-07T20:00:00+00:00,2026-03-07T23:00:00+03:00,2026-03,EBM0326,2554.9190879612215,EPIAS_VEP:EBM0326,True,False,False
2026-03-07T21:00:00+00:00,2026-03-08T00:00:00+03:00,2026-03,EBM0326,2554.919076616289,EPIAS_VEP:EBM0326,True,False,False
2026-03-07T22:00:00+00:00,2026-03-08T01:00:00+03:00,2026-03,EBM0326,2554.9190582149263,EPIAS_VEP:EBM0326,True,False,False
2026-03-07T23:00:00+00:00,2026-03-08T02:00:00+03:00,2026-03,EBM0326,2554.919033859517,EPIAS_VEP:EBM0326,True,False,False
2026-03-08T00:00:00+00:00,2026-03-08T03:00:00+03:00,2026-03,EBM0326,2554.9190045624864,EPIAS_VEP:EBM0326,True,False,False
2026-03-08T01:00:00+00:00,2026-03-08T04:00:00+03:00,2026-03,EBM0326,2554.9189712487323,EPIAS_VEP:EBM0326,True,False,False
2026-03-08T02:00:00+00:00,2026-03-08T05:00:00+03:00,2026-03,EBM0326,2554.9189347585598,EPIAS_VEP:EBM0326,True,False,False
2026-03-08T03:00:00+00:00,2026-03-08T06:00:00+03:00,2026-03,EBM0326,2554.918895851008,EPIAS_VEP:EBM0326,True,False,False
2026-03-08T04:00:00+00:00,2026-03-08T07:00:00+03:00,2026-03,EBM0326,2554.9188552075025,EPIAS_VEP:EBM0326,True,False,False
2026-03-08T05:00:00+00:00,2026-03-08T08:00:00+03:00,2026-03,EBM0326,2554.9188134357423,EPIAS_VEP:EBM0326,True,False,False
2026-03-08T06:00:00+00:00,2026-03-08T09:00:00+03:00,2026-03,EBM0326,2554.918771073767,EPIAS_VEP:EBM0326,True,False,False
2026-03-08T07:00:00+00:00,2026-03-08T10:00:00+03:00,2026-03,EBM0326,2554.918728594132,EPIAS_VEP:EBM0326,True,False,False
2026-03-08T08:00:00+00:00,2026-03-08T11:00:00+03:00,2026-03,EBM0326,2554.918686408146,EPIAS_VEP:EBM0326,True,False,False
2026-03-08T09:00:00+00:00,2026-03-08T12:00:00+03:00,2026-03,EBM0326,2554.9186448701194,EPIAS_VEP:EBM0326,True,False,False
2026-03-08T10:00:00+00:00,2026-03-08T13:00:00+03:00,2026-03,EBM0326,2554.9186042815822,EPIAS_VEP:EBM0326,True,False,False
2026-03-08T11:00:00+00:00,2026-03-08T14:00:00+03:00,2026-03,EBM0326,2554.918564895437,EPIAS_VEP:EBM0326,True,False,False
2026-03-08T12:00:00+00:00,2026-03-08T15:00:00+03:00,2026-03,EBM0326,2554.918526920017,EPIAS_VEP:EBM0326,True,False,False
2026-03-08T13:00:00+00:00,2026-03-08T16:00:00+03:00,2026-03,EBM0326,2554.9184905230263,EPIAS_VEP:EBM0326,True,False,False
2026-03-08T14:00:00+00:00,2026-03-08T17:00:00+03:00,2026-03,EBM0326,2554.918455835339,EPIAS_VEP:EBM0326,True,False,False
2026-03-08T15:00:00+00:00,2026-03-08T18:00:00+03:00,2026-03,EBM0326,2554.9184229546377,EPIAS_VEP:EBM0326,True,False,False
2026-03-08T16:00:00+00:00,2026-03-08T19:00:00+03:00,2026-03,EBM0326,2554.91839194888,EPIAS_VEP:EBM0326,True,False,False
2026-03-08T17:00:00+00:00,2026-03-08T20:00:00+03:00,2026-03,EBM0326,2554.9183628595906,EPIAS_VEP:EBM0326,True,False,False
2026-03-08T18:00:00+00:00,2026-03-08T21:00:00+03:00,2026-03,EBM0326,2554.918335704959,EPIAS_VEP:EBM0326,True,False,False
2026-03-08T19:00:00+00:00,2026-03-08T22:00:00+03:00,2026-03,EBM0326,2554.9183104827503,EPIAS_VEP:EBM0326,True,False,False
2026-03-08T20:00:00+00:00,2026-03-08T23:00:00+03:00,2026-03,EBM0326,2554.9182871730195,EPIAS_VEP:EBM0326,True,False,False
2026-03-08T21:00:00+00:00,2026-03-09T00:00:00+03:00,2026-03,EBM0326,2554.9182657406354,EPIAS_VEP:EBM0326,True,False,False
2026-03-08T22:00:00+00:00,2026-03-09T01:00:00+03:00,2026-03,EBM0326,2554.91824613761,EPIAS_VEP:EBM0326,True,False,False
2026-03-08T23:00:00+00:00,2026-03-09T02:00:00+03:00,2026-03,EBM0326,2554.9182283052414,EPIAS_VEP:EBM0326,True,False,False
2026-03-09T00:00:00+00:00,2026-03-09T03:00:00+03:00,2026-03,EBM0326,2554.9182121760778,EPIAS_VEP:EBM0326,True,False,False
2026-03-09T01:00:00+00:00,2026-03-09T04:00:00+03:00,2026-03,EBM0326,2554.9181976756945,EPIAS_VEP:EBM0326,True,False,False
2026-03-09T02:00:00+00:00,2026-03-09T05:00:00+03:00,2026-03,EBM0326,2554.918184724313,EPIAS_VEP:EBM0326,True,False,False
2026-03-09T03:00:00+00:00,2026-03-09T06:00:00+03:00,2026-03,EBM0326,2554.918173238246,EPIAS_VEP:EBM0326,True,False,False
2026-03-09T04:00:00+00:00,2026-03-09T07:00:00+03:00,2026-03,EBM0326,2554.9181631311944,EPIAS_VEP:EBM0326,True,False,False
2026-03-09T05:00:00+00:00,2026-03-09T08:00:00+03:00,2026-03,EBM0326,2554.918154315397,EPIAS_VEP:EBM0326,True,False,False
2026-03-09T06:00:00+00:00,2026-03-09T09:00:00+03:00,2026-03,EBM0326,2554.9181467026383,EPIAS_VEP:EBM0326,True,False,False
2026-03-09T07:00:00+00:00,2026-03-09T10:00:00+03:00,2026-03,EBM0326,2554.9181402051345,EPIAS_VEP:EBM0326,True,False,False
2026-03-09T08:00:00+00:00,2026-03-09T11:00:00+03:00,2026-03,EBM0326,2554.9181347362914,EPIAS_VEP:EBM0326,True,False,False
2026-03-09T09:00:00+00:00,2026-03-09T12:00:00+03:00,2026-03,EBM0326,2554.9181302113548,EPIAS_VEP:EBM0326,True,False,False
2026-03-09T10:00:00+00:00,2026-03-09T13:00:00+03:00,2026-03,EBM0326,2554.9181265479588,EPIAS_VEP:EBM0326,True,False,False
2026-03-09T11:00:00+00:00,2026-03-09T14:00:00+03:00,2026-03,EBM0326,2554.918123666575,EPIAS_VEP:EBM0326,True,False,False
2026-03-09T12:00:00+00:00,2026-03-09T15:00:00+03:00,2026-03,EBM0326,2554.918121490881,EPIAS_VEP:EBM0326,True,False,False
2026-03-09T13:00:00+00:00,2026-03-09T16:00:00+03:00,2026-03,EBM0326,2554.918119948048,EPIAS_VEP:EBM0326,True,False,False
2026-03-09T14:00:00+00:00,2026-03-09T17:00:00+03:00,2026-03,EBM0326,2554.9181189689602,EPIAS_VEP:EBM0326,True,False,False
2026-03-09T15:00:00+00:00,2026-03-09T18:00:00+03:00,2026-03,EBM0326,2554.9181184883637,EPIAS_VEP:EBM0326,True,False,False
2026-03-09T16:00:00+00:00,2026-03-09T19:00:00+03:00,2026-03,EBM0326,2554.9181184449703,EPIAS_VEP:EBM0326,True,False,False
2026-03-09T17:00:00+00:00,2026-03-09T20:00:00+03:00,2026-03,EBM0326,2554.918118781504,EPIAS_VEP:EBM0326,True,False,False
2026-03-09T18:00:00+00:00,2026-03-09T21:00:00+03:00,2026-03,EBM0326,2554.918119444705,EPIAS_VEP:EBM0326,True,False,False
2026-03-09T19:00:00+00:00,2026-03-09T22:00:00+03:00,2026-03,EBM0326,2554.9181203852986,EPIAS_VEP:EBM0326,True,False,False
2026-03-09T20:00:00+00:00,2026-03-09T23:00:00+03:00,2026-03,EBM0326,2554.9181215579233,EPIAS_VEP:EBM0326,True,False,False
2026-03-09T21:00:00+00:00,2026-03-10T00:00:00+03:00,2026-03,EBM0326,2554.918122921042,EPIAS_VEP:EBM0326,True,False,False
2026-03-09T22:00:00+00:00,2026-03-10T01:00:00+03:00,2026-03,EBM0326,2554.918124436823,EPIAS_VEP:EBM0326,True,False,False
2026-03-09T23:00:00+00:00,2026-03-10T02:00:00+03:00,2026-03,EBM0326,2554.9181260710025,EPIAS_VEP:EBM0326,True,False,False
2026-03-10T00:00:00+00:00,2026-03-10T03:00:00+03:00,2026-03,EBM0326,2554.918127792737,EPIAS_VEP:EBM0326,True,False,False
2026-03-10T01:00:00+00:00,2026-03-10T04:00:00+03:00,2026-03,EBM0326,2554.9181295744347,EPIAS_VEP:EBM0326,True,False,False
2026-03-10T02:00:00+00:00,2026-03-10T05:00:00+03:00,2026-03,EBM0326,2554.9181313915883,EPIAS_VEP:EBM0326,True,False,False
2026-03-10T03:00:00+00:00,2026-03-10T06:00:00+03:00,2026-03,EBM0326,2554.918133222591,EPIAS_VEP:EBM0326,True,False,False
2026-03-10T04:00:00+00:00,2026-03-10T07:00:00+03:00,2026-03,EBM0326,2554.9181350485583,EPIAS_VEP:EBM0326,True,False,False
2026-03-10T05:00:00+00:00,2026-03-10T08:00:00+03:00,2026-03,EBM0326,2554.9181368531426,EPIAS_VEP:EBM0326,True,False,False
2026-03-10T06:00:00+00:00,2026-03-10T09:00:00+03:00,2026-03,EBM0326,2554.9181386223527,EPIAS_VEP:EBM0326,True,False,False
2026-03-10T07:00:00+00:00,2026-03-10T10:00:00+03:00,2026-03,EBM0326,2554.9181403443727,EPIAS_VEP:EBM0326,True,False,False
2026-03-10T08:00:00+00:00,2026-03-10T11:00:00+03:00,2026-03,EBM0326,2554.918142009386,EPIAS_VEP:EBM0326,True,False,False
2026-03-10T09:00:00+00:00,2026-03-10T12:00:00+03:00,2026-03,EBM0326,2554.918143609402,EPIAS_VEP:EBM0326,True,False,False
2026-03-10T10:00:00+00:00,2026-03-10T13:00:00+03:00,2026-03,EBM0326,2554.9181451380864,EPIAS_VEP:EBM0326,True,False,False
2026-03-10T11:00:00+00:00,2026-03-10T14:00:00+03:00,2026-03,EBM0326,2554.918146590608,EPIAS_VEP:EBM0326,True,False,False
2026-03-10T12:00:00+00:00,2026-03-10T15:00:00+03:00,2026-03,EBM0326,2554.9181479634826,EPIAS_VEP:EBM0326,True,False,False
2026-03-10T13:00:00+00:00,2026-03-10T16:00:00+03:00,2026-03,EBM0326,2554.9181492544285,EPIAS_VEP:EBM0326,True,False,False
2026-03-10T14:00:00+00:00,2026-03-10T17:00:00+03:00,2026-03,EBM0326,2554.918150462227,EPIAS_VEP:EBM0326,True,False,False
2026-03-10T15:00:00+00:00,2026-03-10T18:00:00+03:00,2026-03,EBM0326,2554.9181515865957,EPIAS_VEP:EBM0326,True,False,False
2026-03-10T16:00:00+00:00,2026-03-10T19:00:00+03:00,2026-03,EBM0326,2554.918152628067,EPIAS_VEP:EBM0326,True,False,False
2026-03-10T17:00:00+00:00,2026-03-10T20:00:00+03:00,2026-03,EBM0326,2554.918153587874,EPIAS_VEP:EBM0326,True,False,False
2026-03-10T18:00:00+00:00,2026-03-10T21:00:00+03:00,2026-03,EBM0326,2554.9181544678477,EPIAS_VEP:EBM0326,True,False,False
2026-03-10T19:00:00+00:00,2026-03-10T22:00:00+03:00,2026-03,EBM0326,2554.9181552703217,EPIAS_VEP:EBM0326,True,False,False
2026-03-10T20:00:00+00:00,2026-03-10T23:00:00+03:00,2026-03,EBM0326,2554.9181559980434,EPIAS_VEP:EBM0326,True,False,False
2026-03-10T21:00:00+00:00,2026-03-11T00:00:00+03:00,2026-03,EBM0326,2554.918156654093,EPIAS_VEP:EBM0326,True,False,False
2026-03-10T22:00:00+00:00,2026-03-11T01:00:00+03:00,2026-03,EBM0326,2554.918157241812,EPIAS_VEP:EBM0326,True,False,False
2026-03-10T23:00:00+00:00,2026-03-11T02:00:00+03:00,2026-03,EBM0326,2554.9181577647378,EPIAS_VEP:EBM0326,True,False,False
2026-03-11T00:00:00+00:00,2026-03-11T03:00:00+03:00,2026-03,EBM0326,2554.9181582265446,EPIAS_VEP:EBM0326,True,False,False
2026-03-11T01:00:00+00:00,2026-03-11T04:00:00+03:00,2026-03,EBM0326,2554.9181586309915,EPIAS_VEP:EBM0326,True,False,False
2026-03-11T02:00:00+00:00,2026-03-11T05:00:00+03:00,2026-03,EBM0326,2554.918158981877,EPIAS_VEP:EBM0326,True,False,False
2026-03-11T03:00:00+00:00,2026-03-11T06:00:00+03:00,2026-03,EBM0326,2554.918159282997,EPIAS_VEP:EBM0326,True,False,False
2026-03-11T04:00:00+00:00,2026-03-11T07:00:00+03:00,2026-03,EBM0326,2554.9181595381124,EPIAS_VEP:EBM0326,True,False,False
2026-03-11T05:00:00+00:00,2026-03-11T08:00:00+03:00,2026-03,EBM0326,2554.918159750915,EPIAS_VEP:EBM0326,True,False,False
2026-03-11T06:00:00+00:00,2026-03-11T09:00:00+03:00,2026-03,EBM0326,2554.9181599250032,EPIAS_VEP:EBM0326,True,False,False
2026-03-11T07:00:00+00:00,2026-03-11T10:00:00+03:00,2026-03,EBM0326,2554.918160063861,EPIAS_VEP:EBM0326,True,False,False
2026-03-11T08:00:00+00:00,2026-03-11T11:00:00+03:00,2026-03,EBM0326,2554.9181601708397,EPIAS_VEP:EBM0326,True,False,False
2026-03-11T09:00:00+00:00,2026-03-11T12:00:00+03:00,2026-03,EBM0326,2554.9181602491476,EPIAS_VEP:EBM0326,True,False,False
2026-03-11T10:00:00+00:00,2026-03-11T13:00:00+03:00,2026-03,EBM0326,2554.918160301836,EPIAS_VEP:EBM0326,True,False,False
2026-03-11T11:00:00+00:00,2026-03-11T14:00:00+03:00,2026-03,EBM0326,2554.918160331792,EPIAS_VEP:EBM0326,True,False,False
2026-03-11T12:00:00+00:00,2026-03-11T15:00:00+03:00,2026-03,EBM0326,2554.918160341733,EPIAS_VEP:EBM0326,True,False,False
2026-03-11T13:00:00+00:00,2026-03-11T16:00:00+03:00,2026-03,EBM0326,2554.918160334206,EPIAS_VEP:EBM0326,True,False,False
2026-03-11T14:00:00+00:00,2026-03-11T17:00:00+03:00,2026-03,EBM0326,2554.9181603115844,EPIAS_VEP:EBM0326,True,False,False
2026-03-11T15:00:00+00:00,2026-03-11T18:00:00+03:00,2026-03,EBM0326,2554.9181602760696,EPIAS_VEP:EBM0326,True,False,False
2026-03-11T16:00:00+00:00,2026-03-11T19:00:00+03:00,2026-03,EBM0326,2554.918160229692,EPIAS_VEP:EBM0326,True,False,False
2026-03-11T17:00:00+00:00,2026-03-11T20:00:00+03:00,2026-03,EBM0326,2554.918160174314,EPIAS_VEP:EBM0326,True,False,False
2026-03-11T18:00:00+00:00,2026-03-11T21:00:00+03:00,2026-03,EBM0326,2554.9181601116366,EPIAS_VEP:EBM0326,True,False,False
2026-03-11T19:00:00+00:00,2026-03-11T22:00:00+03:00,2026-03,EBM0326,2554.9181600432044,EPIAS_VEP:EBM0326,True,False,False
2026-03-11T20:00:00+00:00,2026-03-11T23:00:00+03:00,2026-03,EBM0326,2554.9181599704116,EPIAS_VEP:EBM0326,True,False,False
2026-03-11T21:00:00+00:00,2026-03-12T00:00:00+03:00,2026-03,EBM0326,2554.9181598945097,EPIAS_VEP:EBM0326,True,False,False
2026-03-11T22:00:00+00:00,2026-03-12T01:00:00+03:00,2026-03,EBM0326,2554.9181598166138,EPIAS_VEP:EBM0326,True,False,False
2026-03-11T23:00:00+00:00,2026-03-12T02:00:00+03:00,2026-03,EBM0326,2554.9181597377124,EPIAS_VEP:EBM0326,True,False,False
2026-03-12T00:00:00+00:00,2026-03-12T03:00:00+03:00,2026-03,EBM0326,2554.918159658673,EPIAS_VEP:EBM0326,True,False,False
2026-03-12T01:00:00+00:00,2026-03-12T04:00:00+03:00,2026-03,EBM0326,2554.918159580249,EPIAS_VEP:EBM0326,True,False,False
2026-03-12T02:00:00+00:00,2026-03-12T05:00:00+03:00,2026-03,EBM0326,2554.9181595030877,EPIAS_VEP:EBM0326,True,False,False
2026-03-12T03:00:00+00:00,2026-03-12T06:00:00+03:00,2026-03,EBM0326,2554.9181594277416,EPIAS_VEP:EBM0326,True,False,False
2026-03-12T04:00:00+00:00,2026-03-12T07:00:00+03:00,2026-03,EBM0326,2554.918159354672,EPIAS_VEP:EBM0326,True,False,False
2026-03-12T05:00:00+00:00,2026-03-12T08:00:00+03:00,2026-03,EBM0326,2554.9181592842583,EPIAS_VEP:EBM0326,True,False,False
2026-03-12T06:00:00+00:00,2026-03-12T09:00:00+03:00,2026-03,EBM0326,2554.918159216806,EPIAS_VEP:EBM0326,True,False,False
2026-03-12T07:00:00+00:00,2026-03-12T10:00:00+03:00,2026-03,EBM0326,2554.9181591525544,EPIAS_VEP:EBM0326,True,False,False
2026-03-12T08:00:00+00:00,2026-03-12T11:00:00+03:00,2026-03,EBM0326,2554.918159091682,EPIAS_VEP:EBM0326,True,False,False
2026-03-12T09:00:00+00:00,2026-03-12T12:00:00+03:00,2026-03,EBM0326,2554.9181590343123,EPIAS_VEP:EBM0326,True,False,False
2026-03-12T10:00:00+00:00,2026-03-12T13:00:00+03:00,2026-03,EBM0326,2554.9181589805207,EPIAS_VEP:EBM0326,True,False,False
2026-03-12T11:00:00+00:00,2026-03-12T14:00:00+03:00,2026-03,EBM0326,2554.9181589303344,EPIAS_VEP:EBM0326,True,False,False
2026-03-12T12:00:00+00:00,2026-03-12T15:00:00+03:00,2026-03,EBM0326,2554.9181588837437,EPIAS_VEP:EBM0326,True,False,False
2026-03-12T13:00:00+00:00,2026-03-12T16:00:00+03:00,2026-03,EBM0326,2554.918158840707,EPIAS_VEP:EBM0326,True,False,False
2026-03-12T14:00:00+00:00,2026-03-12T17:00:00+03:00,2026-03,EBM0326,2554.918158801154,EPIAS_VEP:EBM0326,True,False,False
2026-03-12T15:00:00+00:00,2026-03-12T18:00:00+03:00,2026-03,EBM0326,2554.918158764992,EPIAS_VEP:EBM0326,True,False,False
2026-03-12T16:00:00+00:00,2026-03-12T19:00:00+03:00,2026-03,EBM0326,2554.918158732111,EPIAS_VEP:EBM0326,True,False,False
2026-03-12T17:00:00+00:00,2026-03-12T20:00:00+03:00,2026-03,EBM0326,2554.918158702382,EPIAS_VEP:EBM0326,True,False,False
2026-03-12T18:00:00+00:00,2026-03-12T21:00:00+03:00,2026-03,EBM0326,2554.918158675664,EPIAS_VEP:EBM0326,True,False,False
2026-03-12T19:00:00+00:00,2026-03-12T22:00:00+03:00,2026-03,EBM0326,2554.9181586518093,EPIAS_VEP:EBM0326,True,False,False
2026-03-12T20:00:00+00:00,2026-03-12T23:00:00+03:00,2026-03,EBM0326,2554.918158630663,EPIAS_VEP:EBM0326,True,False,False
2026-03-12T21:00:00+00:00,2026-03-13T00:00:00+03:00,2026-03,EBM0326,2554.918158612066,EPIAS_VEP:EBM0326,True,False,False
2026-03-12T22:00:00+00:00,2026-03-13T01:00:00+03:00,2026-03,EBM0326,2554.918158595856,EPIAS_VEP:EBM0326,True,False,False
2026-03-12T23:00:00+00:00,2026-03-13T02:00:00+03:00,2026-03,EBM0326,2554.9181585818696,EPIAS_VEP:EBM0326,True,False,False
2026-03-13T00:00:00+00:00,2026-03-13T03:00:00+03:00,2026-03,EBM0326,2554.918158569945,EPIAS_VEP:EBM0326,True,False,False
2026-03-13T01:00:00+00:00,2026-03-13T04:00:00+03:00,2026-03,EBM0326,2554.9181585599204,EPIAS_VEP:EBM0326,True,False,False
2026-03-13T02:00:00+00:00,2026-03-13T05:00:00+03:00,2026-03,EBM0326,2554.9181585516394,EPIAS_VEP:EBM0326,True,False,False
2026-03-13T03:00:00+00:00,2026-03-13T06:00:00+03:00,2026-03,EBM0326,2554.9181585449483,EPIAS_VEP:EBM0326,True,False,False
2026-03-13T04:00:00+00:00,2026-03-13T07:00:00+03:00,2026-03,EBM0326,2554.9181585396987,EPIAS_VEP:EBM0326,True,False,False
2026-03-13T05:00:00+00:00,2026-03-13T08:00:00+03:00,2026-03,EBM0326,2554.9181585357487,EPIAS_VEP:EBM0326,True,False,False
2026-03-13T06:00:00+00:00,2026-03-13T09:00:00+03:00,2026-03,EBM0326,2554.918158532964,EPIAS_VEP:EBM0326,True,False,False
2026-03-13T07:00:00+00:00,2026-03-13T10:00:00+03:00,2026-03,EBM0326,2554.918158531217,EPIAS_VEP:EBM0326,True,False,False
2026-03-13T08:00:00+00:00,2026-03-13T11:00:00+03:00,2026-03,EBM0326,2554.9181585303886,EPIAS_VEP:EBM0326,True,False,False
2026-03-13T09:00:00+00:00,2026-03-13T12:00:00+03:00,2026-03,EBM0326,2554.9181585303654,EPIAS_VEP:EBM0326,True,False,False
2026-03-13T10:00:00+00:00,2026-03-13T13:00:00+03:00,2026-03,EBM0326,2554.918158531043,EPIAS_VEP:EBM0326,True,False,False
2026-03-13T11:00:00+00:00,2026-03-13T14:00:00+03:00,2026-03,EBM0326,2554.918158532324,EPIAS_VEP:EBM0326,True,False,False
2026-03-13T12:00:00+00:00,2026-03-13T15:00:00+03:00,2026-03,EBM0326,2554.918158534118,EPIAS_VEP:EBM0326,True,False,False
2026-03-13T13:00:00+00:00,2026-03-13T16:00:00+03:00,2026-03,EBM0326,2554.918158536343,EPIAS_VEP:EBM0326,True,False,False
2026-03-13T14:00:00+00:00,2026-03-13T17:00:00+03:00,2026-03,EBM0326,2554.918158538925,EPIAS_VEP:EBM0326,True,False,False
2026-03-13T15:00:00+00:00,2026-03-13T18:00:00+03:00,2026-03,EBM0326,2554.9181585417955,EPIAS_VEP:EBM0326,True,False,False
2026-03-13T16:00:00+00:00,2026-03-13T19:00:00+03:00,2026-03,EBM0326,2554.918158544892,EPIAS_VEP:EBM0326,True,False,False
2026-03-13T17:00:00+00:00,2026-03-13T20:00:00+03:00,2026-03,EBM0326,2554.918158548159,EPIAS_VEP:EBM0326,True,False,False
2026-03-13T18:00:00+00:00,2026-03-13T21:00:00+03:00,2026-03,EBM0326,2554.9181585515485,EPIAS_VEP:EBM0326,True,False,False
2026-03-13T19:00:00+00:00,2026-03-13T22:00:00+03:00,2026-03,EBM0326,2554.918158555016,EPIAS_VEP:EBM0326,True,False,False
2026-03-13T20:00:00+00:00,2026-03-13T23:00:00+03:00,2026-03,EBM0326,2554.9181585585197,EPIAS_VEP:EBM0326,True,False,False
2026-03-13T21:00:00+00:00,2026-03-14T00:00:00+03:00,2026-03,EBM0326,2554.9181585620227,EPIAS_VEP:EBM0326,True,False,False
2026-03-13T22:00:00+00:00,2026-03-14T01:00:00+03:00,2026-03,EBM0326,2554.9181585654937,EPIAS_VEP:EBM0326,True,False,False
2026-03-13T23:00:00+00:00,2026-03-14T02:00:00+03:00,2026-03,EBM0326,2554.9181585689066,EPIAS_VEP:EBM0326,True,False,False
2026-03-14T00:00:00+00:00,2026-03-14T03:00:00+03:00,2026-03,EBM0326,2554.918158572239,EPIAS_VEP:EBM0326,True,False,False
2026-03-14T01:00:00+00:00,2026-03-14T04:00:00+03:00,2026-03,EBM0326,2554.9181585754695,EPIAS_VEP:EBM0326,True,False,False
2026-03-14T02:00:00+00:00,2026-03-14T05:00:00+03:00,2026-03,EBM0326,2554.9181585785827,EPIAS_VEP:EBM0326,True,False,False
2026-03-14T03:00:00+00:00,2026-03-14T06:00:00+03:00,2026-03,EBM0326,2554.918158581566,EPIAS_VEP:EBM0326,True,False,False
2026-03-14T04:00:00+00:00,2026-03-14T07:00:00+03:00,2026-03,EBM0326,2554.918158584409,EPIAS_VEP:EBM0326,True,False,False
2026-03-14T05:00:00+00:00,2026-03-14T08:00:00+03:00,2026-03,EBM0326,2554.9181585871047,EPIAS_VEP:EBM0326,True,False,False
2026-03-14T06:00:00+00:00,2026-03-14T09:00:00+03:00,2026-03,EBM0326,2554.918158589648,EPIAS_VEP:EBM0326,True,False,False
2026-03-14T07:00:00+00:00,2026-03-14T10:00:00+03:00,2026-03,EBM0326,2554.918158592036,EPIAS_VEP:EBM0326,True,False,False
2026-03-14T08:00:00+00:00,2026-03-14T11:00:00+03:00,2026-03,EBM0326,2554.918158594267,EPIAS_VEP:EBM0326,True,False,False
2026-03-14T09:00:00+00:00,2026-03-14T12:00:00+03:00,2026-03,EBM0326,2554.918158596343,EPIAS_VEP:EBM0326,True,False,False
2026-03-14T10:00:00+00:00,2026-03-14T13:00:00+03:00,2026-03,EBM0326,2554.9181585982624,EPIAS_VEP:EBM0326,True,False,False
2026-03-14T11:00:00+00:00,2026-03-14T14:00:00+03:00,2026-03,EBM0326,2554.9181586000263,EPIAS_VEP:EBM0326,True,False,False
2026-03-14T12:00:00+00:00,2026-03-14T15:00:00+03:00,2026-03,EBM0326,2554.918158601637,EPIAS_VEP:EBM0326,True,False,False
2026-03-14T13:00:00+00:00,2026-03-14T16:00:00+03:00,2026-03,EBM0326,2554.918158603099,EPIAS_VEP:EBM0326,True,False,False
2026-03-14T14:00:00+00:00,2026-03-14T17:00:00+03:00,2026-03,EBM0326,2554.918158604418,EPIAS_VEP:EBM0326,True,False,False
2026-03-14T15:00:00+00:00,2026-03-14T18:00:00+03:00,2026-03,EBM0326,2554.9181586056,EPIAS_VEP:EBM0326,True,False,False
2026-03-14T16:00:00+00:00,2026-03-14T19:00:00+03:00,2026-03,EBM0326,2554.9181586066516,EPIAS_VEP:EBM0326,True,False,False
2026-03-14T17:00:00+00:00,2026-03-14T20:00:00+03:00,2026-03,EBM0326,2554.918158607579,EPIAS_VEP:EBM0326,True,False,False
2026-03-14T18:00:00+00:00,2026-03-14T21:00:00+03:00,2026-03,EBM0326,2554.9181586083882,EPIAS_VEP:EBM0326,True,False,False
2026-03-14T19:00:00+00:00,2026-03-14T22:00:00+03:00,2026-03,EBM0326,2554.9181586090876,EPIAS_VEP:EBM0326,True,False,False
2026-03-14T20:00:00+00:00,2026-03-14T23:00:00+03:00,2026-03,EBM0326,2554.918158609684,EPIAS_VEP:EBM0326,True,False,False
2026-03-14T21:00:00+00:00,2026-03-15T00:00:00+03:00,2026-03,EBM0326,2554.918158610183,EPIAS_VEP:EBM0326,True,False,False
2026-03-14T22:00:00+00:00,2026-03-15T01:00:00+03:00,2026-03,EBM0326,2554.918158610594,EPIAS_VEP:EBM0326,True,False,False
2026-03-14T23:00:00+00:00,2026-03-15T02:00:00+03:00,2026-03,EBM0326,2554.918158610925,EPIAS_VEP:EBM0326,True,False,False
2026-03-15T00:00:00+00:00,2026-03-15T03:00:00+03:00,2026-03,EBM0326,2554.918158611183,EPIAS_VEP:EBM0326,True,False,False
2026-03-15T01:00:00+00:00,2026-03-15T04:00:00+03:00,2026-03,EBM0326,2554.918158611375,EPIAS_VEP:EBM0326,True,False,False
2026-03-15T02:00:00+00:00,2026-03-15T05:00:00+03:00,2026-03,EBM0326,2554.918158611508,EPIAS_VEP:EBM0326,True,False,False
2026-03-15T03:00:00+00:00,2026-03-15T06:00:00+03:00,2026-03,EBM0326,2554.918158611588,EPIAS_VEP:EBM0326,True,False,False
2026-03-15T04:00:00+00:00,2026-03-15T07:00:00+03:00,2026-03,EBM0326,2554.9181586116206,EPIAS_VEP:EBM0326,True,False,False
2026-03-15T05:00:00+00:00,2026-03-15T08:00:00+03:00,2026-03,EBM0326,2554.918158611612,EPIAS_VEP:EBM0326,True,False,False
2026-03-15T06:00:00+00:00,2026-03-15T09:00:00+03:00,2026-03,EBM0326,2554.9181586115687,EPIAS_VEP:EBM0326,True,False,False
2026-03-15T07:00:00+00:00,2026-03-15T10:00:00+03:00,2026-03,EBM0326,2554.918158611495,EPIAS_VEP:EBM0326,True,False,False
2026-03-15T08:00:00+00:00,2026-03-15T11:00:00+03:00,2026-03,EBM0326,2554.918158611395,EPIAS_VEP:EBM0326,True,False,False
2026-03-15T09:00:00+00:00,2026-03-15T12:00:00+03:00,2026-03,EBM0326,2554.9181586112727,EPIAS_VEP:EBM0326,True,False,False
2026-03-15T10:00:00+00:00,2026-03-15T13:00:00+03:00,2026-03,EBM0326,2554.918158611131,EPIAS_VEP:EBM0326,True,False,False
2026-03-15T11:00:00+00:00,2026-03-15T14:00:00+03:00,2026-03,EBM0326,2554.9181586109726,EPIAS_VEP:EBM0326,True,False,False
2026-03-15T12:00:00+00:00,2026-03-15T15:00:00+03:00,2026-03,EBM0326,2554.918158610801,EPIAS_VEP:EBM0326,True,False,False
2026-03-15T13:00:00+00:00,2026-03-15T16:00:00+03:00,2026-03,EBM0326,2554.9181586106192,EPIAS_VEP:EBM0326,True,False,False
2026-03-15T14:00:00+00:00,2026-03-15T17:00:00+03:00,2026-03,EBM0326,2554.9181586104305,EPIAS_VEP:EBM0326,True,False,False
2026-03-15T15:00:00+00:00,2026-03-15T18:00:00+03:00,2026-03,EBM0326,2554.918158610237,EPIAS_VEP:EBM0326,True,False,False
2026-03-15T16:00:00+00:00,2026-03-15T19:00:00+03:00,2026-03,EBM0326,2554.9181586100403,EPIAS_VEP:EBM0326,True,False,False
2026-03-15T17:00:00+00:00,2026-03-15T20:00:00+03:00,2026-03,EBM0326,2554.918158609843,EPIAS_VEP:EBM0326,True,False,False
2026-03-15T18:00:00+00:00,2026-03-15T21:00:00+03:00,2026-03,EBM0326,2554.918158609645,EPIAS_VEP:EBM0326,True,False,False
2026-03-15T19:00:00+00:00,2026-03-15T22:00:00+03:00,2026-03,EBM0326,2554.9181586094483,EPIAS_VEP:EBM0326,True,False,False
2026-03-15T20:00:00+00:00,2026-03-15T23:00:00+03:00,2026-03,EBM0326,2554.918158609252,EPIAS_VEP:EBM0326,True,False,False
2026-03-15T21:00:00+00:00,2026-03-16T00:00:00+03:00,2026-03,EBM0326,2554.9181586090567,EPIAS_VEP:EBM0326,True,False,False
2026-03-15T22:00:00+00:00,2026-03-16T01:00:00+03:00,2026-03,EBM0326,2554.918158608864,EPIAS_VEP:EBM0326,True,False,False
2026-03-15T23:00:00+00:00,2026-03-16T02:00:00+03:00,2026-03,EBM0326,2554.918158608673,EPIAS_VEP:EBM0326,True,False,False
2026-03-16T00:00:00+00:00,2026-03-16T03:00:00+03:00,2026-03,EBM0326,2554.9181586084833,EPIAS_VEP:EBM0326,True,False,False
2026-03-16T01:00:00+00:00,2026-03-16T04:00:00+03:00,2026-03,EBM0326,2554.918158608297,EPIAS_VEP:EBM0326,True,False,False
2026-03-16T02:00:00+00:00,2026-03-16T05:00:00+03:00,2026-03,EBM0326,2554.9181586081127,EPIAS_VEP:EBM0326,True,False,False
2026-03-16T03:00:00+00:00,2026-03-16T06:00:00+03:00,2026-03,EBM0326,2554.9181586079294,EPIAS_VEP:EBM0326,True,False,False
2026-03-16T04:00:00+00:00,2026-03-16T07:00:00+03:00,2026-03,EBM0326,2554.918158607747,EPIAS_VEP:EBM0326,True,False,False
2026-03-16T05:00:00+00:00,2026-03-16T08:00:00+03:00,2026-03,EBM0326,2554.9181586075665,EPIAS_VEP:EBM0326,True,False,False
2026-03-16T06:00:00+00:00,2026-03-16T09:00:00+03:00,2026-03,EBM0326,2554.9181586073882,EPIAS_VEP:EBM0326,True,False,False
2026-03-16T07:00:00+00:00,2026-03-16T10:00:00+03:00,2026-03,EBM0326,2554.918158607213,EPIAS_VEP:EBM0326,True,False,False
2026-03-16T08:00:00+00:00,2026-03-16T11:00:00+03:00,2026-03,EBM0326,2554.9181586070426,EPIAS_VEP:EBM0326,True,False,False
2026-03-16T09:00:00+00:00,2026-03-16T12:00:00+03:00,2026-03,EBM0326,2554.9181586068776,EPIAS_VEP:EBM0326,True,False,False
2026-03-16T10:00:00+00:00,2026-03-16T13:00:00+03:00,2026-03,EBM0326,2554.918158606718,EPIAS_VEP:EBM0326,True,False,False
2026-03-16T11:00:00+00:00,2026-03-16T14:00:00+03:00,2026-03,EBM0326,2554.9181586065647,EPIAS_VEP:EBM0326,True,False,False
2026-03-16T12:00:00+00:00,2026-03-16T15:00:00+03:00,2026-03,EBM0326,2554.9181586064224,EPIAS_VEP:EBM0326,True,False,False
2026-03-16T13:00:00+00:00,2026-03-16T16:00:00+03:00,2026-03,EBM0326,2554.918158606295,EPIAS_VEP:EBM0326,True,False,False
2026-03-16T14:00:00+00:00,2026-03-16T17:00:00+03:00,2026-03,EBM0326,2554.9181586061814,EPIAS_VEP:EBM0326,True,False,False
2026-03-16T15:00:00+00:00,2026-03-16T18:00:00+03:00,2026-03,EBM0326,2554.9181586060818,EPIAS_VEP:EBM0326,True,False,False
2026-03-16T16:00:00+00:00,2026-03-16T19:00:00+03:00,2026-03,EBM0326,2554.9181586059954,EPIAS_VEP:EBM0326,True,False,False
2026-03-16T17:00:00+00:00,2026-03-16T20:00:00+03:00,2026-03,EBM0326,2554.9181586059203,EPIAS_VEP:EBM0326,True,False,False
2026-03-16T18:00:00+00:00,2026-03-16T21:00:00+03:00,2026-03,EBM0326,2554.9181586058553,EPIAS_VEP:EBM0326,True,False,False
2026-03-16T19:00:00+00:00,2026-03-16T22:00:00+03:00,2026-03,EBM0326,2554.918158605799,EPIAS_VEP:EBM0326,True,False,False
2026-03-16T20:00:00+00:00,2026-03-16T23:00:00+03:00,2026-03,EBM0326,2554.9181586057502,EPIAS_VEP:EBM0326,True,False,False
2026-03-16T21:00:00+00:00,2026-03-17T00:00:00+03:00,2026-03,EBM0326,2554.9181586057093,EPIAS_VEP:EBM0326,True,False,False
2026-03-16T22:00:00+00:00,2026-03-17T01:00:00+03:00,2026-03,EBM0326,2554.9181586056748,EPIAS_VEP:EBM0326,True,False,False
2026-03-16T23:00:00+00:00,2026-03-17T02:00:00+03:00,2026-03,EBM0326,2554.9181586056443,EPIAS_VEP:EBM0326,True,False,False
2026-03-17T00:00:00+00:00,2026-03-17T03:00:00+03:00,2026-03,EBM0326,2554.9181586056175,EPIAS_VEP:EBM0326,True,False,False
2026-03-17T01:00:00+00:00,2026-03-17T04:00:00+03:00,2026-03,EBM0326,2554.918158605594,EPIAS_VEP:EBM0326,True,False,False
2026-03-17T02:00:00+00:00,2026-03-17T05:00:00+03:00,2026-03,EBM0326,2554.918158605572,EPIAS_VEP:EBM0326,True,False,False
2026-03-17T03:00:00+00:00,2026-03-17T06:00:00+03:00,2026-03,EBM0326,2554.9181586055506,EPIAS_VEP:EBM0326,True,False,False
2026-03-17T04:00:00+00:00,2026-03-17T07:00:00+03:00,2026-03,EBM0326,2554.918158605529,EPIAS_VEP:EBM0326,True,False,False
2026-03-17T05:00:00+00:00,2026-03-17T08:00:00+03:00,2026-03,EBM0326,2554.9181586055056,EPIAS_VEP:EBM0326,True,False,False
2026-03-17T06:00:00+00:00,2026-03-17T09:00:00+03:00,2026-03,EBM0326,2554.9181586054806,EPIAS_VEP:EBM0326,True,False,False
2026-03-17T07:00:00+00:00,2026-03-17T10:00:00+03:00,2026-03,EBM0326,2554.9181586054538,EPIAS_VEP:EBM0326,True,False,False
2026-03-17T08:00:00+00:00,2026-03-17T11:00:00+03:00,2026-03,EBM0326,2554.918158605424,EPIAS_VEP:EBM0326,True,False,False
2026-03-17T09:00:00+00:00,2026-03-17T12:00:00+03:00,2026-03,EBM0326,2554.9181586053915,EPIAS_VEP:EBM0326,True,False,False
2026-03-17T10:00:00+00:00,2026-03-17T13:00:00+03:00,2026-03,EBM0326,2554.918158605356,EPIAS_VEP:EBM0326,True,False,False
2026-03-17T11:00:00+00:00,2026-03-17T14:00:00+03:00,2026-03,EBM0326,2554.9181586053182,EPIAS_VEP:EBM0326,True,False,False
2026-03-17T12:00:00+00:00,2026-03-17T15:00:00+03:00,2026-03,EBM0326,2554.9181586052787,EPIAS_VEP:EBM0326,True,False,False
2026-03-17T13:00:00+00:00,2026-03-17T16:00:00+03:00,2026-03,EBM0326,2554.918158605237,EPIAS_VEP:EBM0326,True,False,False
2026-03-17T14:00:00+00:00,2026-03-17T17:00:00+03:00,2026-03,EBM0326,2554.918158605196,EPIAS_VEP:EBM0326,True,False,False
2026-03-17T15:00:00+00:00,2026-03-17T18:00:00+03:00,2026-03,EBM0326,2554.9181586051573,EPIAS_VEP:EBM0326,True,False,False
2026-03-17T16:00:00+00:00,2026-03-17T19:00:00+03:00,2026-03,EBM0326,2554.918158605122,EPIAS_VEP:EBM0326,True,False,False
2026-03-17T17:00:00+00:00,2026-03-17T20:00:00+03:00,2026-03,EBM0326,2554.9181586050913,EPIAS_VEP:EBM0326,True,False,False
2026-03-17T18:00:00+00:00,2026-03-17T21:00:00+03:00,2026-03,EBM0326,2554.9181586050668,EPIAS_VEP:EBM0326,True,False,False
2026-03-17T19:00:00+00:00,2026-03-17T22:00:00+03:00,2026-03,EBM0326,2554.9181586050495,EPIAS_VEP:EBM0326,True,False,False
2026-03-17T20:00:00+00:00,2026-03-17T23:00:00+03:00,2026-03,EBM0326,2554.9181586050427,EPIAS_VEP:EBM0326,True,False,False
2026-03-17T21:00:00+00:00,2026-03-18T00:00:00+03:00,2026-03,EBM0326,2554.9181586050504,EPIAS_VEP:EBM0326,True,False,False
2026-03-17T22:00:00+00:00,2026-03-18T01:00:00+03:00,2026-03,EBM0326,2554.9181586050745,EPIAS_VEP:EBM0326,True,False,False
2026-03-17T23:00:00+00:00,2026-03-18T02:00:00+03:00,2026-03,EBM0326,2554.9181586051172,EPIAS_VEP:EBM0326,True,False,False
2026-03-18T00:00:00+00:00,2026-03-18T03:00:00+03:00,2026-03,EBM0326,2554.9181586051805,EPIAS_VEP:EBM0326,True,False,False
2026-03-18T01:00:00+00:00,2026-03-18T04:00:00+03:00,2026-03,EBM0326,2554.9181586052687,EPIAS_VEP:EBM0326,True,False,False
2026-03-18T02:00:00+00:00,2026-03-18T05:00:00+03:00,2026-03,EBM0326,2554.9181586053855,EPIAS_VEP:EBM0326,True,False,False
2026-03-18T03:00:00+00:00,2026-03-18T06:00:00+03:00,2026-03,EBM0326,2554.9181586055342,EPIAS_VEP:EBM0326,True,False,False
2026-03-18T04:00:00+00:00,2026-03-18T07:00:00+03:00,2026-03,EBM0326,2554.9181586057157,EPIAS_VEP:EBM0326,True,False,False
2026-03-18T05:00:00+00:00,2026-03-18T08:00:00+03:00,2026-03,EBM0326,2554.918158605932,EPIAS_VEP:EBM0326,True,False,False
2026-03-18T06:00:00+00:00,2026-03-18T09:00:00+03:00,2026-03,EBM0326,2554.918158606185,EPIAS_VEP:EBM0326,True,False,False
2026-03-18T07:00:00+00:00,2026-03-18T10:00:00+03:00,2026-03,EBM0326,2554.918158606475,EPIAS_VEP:EBM0326,True,False,False
2026-03-18T08:00:00+00:00,2026-03-18T11:00:00+03:00,2026-03,EBM0326,2554.9181586068025,EPIAS_VEP:EBM0326,True,False,False
2026-03-18T09:00:00+00:00,2026-03-18T12:00:00+03:00,2026-03,EBM0326,2554.918158607168,EPIAS_VEP:EBM0326,True,False,False
2026-03-18T10:00:00+00:00,2026-03-18T13:00:00+03:00,2026-03,EBM0326,2554.918158607574,EPIAS_VEP:EBM0326,True,False,False
2026-03-18T11:00:00+00:00,2026-03-18T14:00:00+03:00,2026-03,EBM0326,2554.9181586080203,EPIAS_VEP:EBM0326,True,False,False
2026-03-18T12:00:00+00:00,2026-03-18T15:00:00+03:00,2026-03,EBM0326,2554.9181586085065,EPIAS_VEP:EBM0326,True,False,False
2026-03-18T13:00:00+00:00,2026-03-18T16:00:00+03:00,2026-03,EBM0326,2554.918158609031,EPIAS_VEP:EBM0326,True,False,False
2026-03-18T14:00:00+00:00,2026-03-18T17:00:00+03:00,2026-03,EBM0326,2554.9181586095906,EPIAS_VEP:EBM0326,True,False,False
2026-03-18T15:00:00+00:00,2026-03-18T18:00:00+03:00,2026-03,EBM0326,2554.918158610185,EPIAS_VEP:EBM0326,True,False,False
2026-03-18T16:00:00+00:00,2026-03-18T19:00:00+03:00,2026-03,EBM0326,2554.9181586108107,EPIAS_VEP:EBM0326,True,False,False
2026-03-18T17:00:00+00:00,2026-03-18T20:00:00+03:00,2026-03,EBM0326,2554.9181586114646,EPIAS_VEP:EBM0326,True,False,False
2026-03-18T18:00:00+00:00,2026-03-18T21:00:00+03:00,2026-03,EBM0326,2554.918158612142,EPIAS_VEP:EBM0326,True,False,False
2026-03-18T19:00:00+00:00,2026-03-18T22:00:00+03:00,2026-03,EBM0326,2554.918158612838,EPIAS_VEP:EBM0326,True,False,False
2026-03-18T20:00:00+00:00,2026-03-18T23:00:00+03:00,2026-03,EBM0326,2554.9181586135464,EPIAS_VEP:EBM0326,True,False,False
2026-03-18T21:00:00+00:00,2026-03-19T00:00:00+03:00,2026-03,EBM0326,2554.9181586142613,EPIAS_VEP:EBM0326,True,False,False
2026-03-18T22:00:00+00:00,2026-03-19T01:00:00+03:00,2026-03,EBM0326,2554.918158614975,EPIAS_VEP:EBM0326,True,False,False
2026-03-18T23:00:00+00:00,2026-03-19T02:00:00+03:00,2026-03,EBM0326,2554.9181586156797,EPIAS_VEP:EBM0326,True,False,False
2026-03-19T00:00:00+00:00,2026-03-19T03:00:00+03:00,2026-03,EBM0326,2554.9181586163672,EPIAS_VEP:EBM0326,True,False,False
2026-03-19T01:00:00+00:00,2026-03-19T04:00:00+03:00,2026-03,EBM0326,2554.91815861703,EPIAS_VEP:EBM0326,True,False,False
2026-03-19T02:00:00+00:00,2026-03-19T05:00:00+03:00,2026-03,EBM0326,2554.918158617657,EPIAS_VEP:EBM0326,True,False,False
2026-03-19T03:00:00+00:00,2026-03-19T06:00:00+03:00,2026-03,EBM0326,2554.918158618239,EPIAS_VEP:EBM0326,True,False,False
2026-03-19T04:00:00+00:00,2026-03-19T07:00:00+03:00,2026-03,EBM0326,2554.918158618765,EPIAS_VEP:EBM0326,True,False,False
2026-03-19T05:00:00+00:00,2026-03-19T08:00:00+03:00,2026-03,EBM0326,2554.918158619225,EPIAS_VEP:EBM0326,True,False,False
2026-03-19T06:00:00+00:00,2026-03-19T09:00:00+03:00,2026-03,EBM0326,2554.9181586196055,EPIAS_VEP:EBM0326,True,False,False
2026-03-19T07:00:00+00:00,2026-03-19T10:00:00+03:00,2026-03,EBM0326,2554.918158619894,EPIAS_VEP:EBM0326,True,False,False
2026-03-19T08:00:00+00:00,2026-03-19T11:00:00+03:00,2026-03,EBM0326,2554.9181586200775,EPIAS_VEP:EBM0326,True,False,False
2026-03-19T09:00:00+00:00,2026-03-19T12:00:00+03:00,2026-03,EBM0326,2554.9181586201425,EPIAS_VEP:EBM0326,True,False,False
2026-03-19T10:00:00+00:00,2026-03-19T13:00:00+03:00,2026-03,EBM0326,2554.9181586200752,EPIAS_VEP:EBM0326,True,False,False
2026-03-19T11:00:00+00:00,2026-03-19T14:00:00+03:00,2026-03,EBM0326,2554.91815861986,EPIAS_VEP:EBM0326,True,False,False
2026-03-19T12:00:00+00:00,2026-03-19T15:00:00+03:00,2026-03,EBM0326,2554.9181586194795,EPIAS_VEP:EBM0326,True,False,False
2026-03-19T13:00:00+00:00,2026-03-19T16:00:00+03:00,2026-03,EBM0326,2554.918158618915,EPIAS_VEP:EBM0326,True,False,False
2026-03-19T14:00:00+00:00,2026-03-19T17:00:00+03:00,2026-03,EBM0326,2554.918158618147,EPIAS_VEP:EBM0326,True,False,False
2026-03-19T15:00:00+00:00,2026-03-19T18:00:00+03:00,2026-03,EBM0326,2554.9181586171526,EPIAS_VEP:EBM0326,True,False,False
2026-03-19T16:00:00+00:00,2026-03-19T19:00:00+03:00,2026-03,EBM0326,2554.918158615908,EPIAS_VEP:EBM0326,True,False,False
2026-03-19T17:00:00+00:00,2026-03-19T20:00:00+03:00,2026-03,EBM0326,2554.918158614388,EPIAS_VEP:EBM0326,True,False,False
2026-03-19T18:00:00+00:00,2026-03-19T21:00:00+03:00,2026-03,EBM0326,2554.9181586125687,EPIAS_VEP:EBM0326,True,False,False
2026-03-19T19:00:00+00:00,2026-03-19T22:00:00+03:00,2026-03,EBM0326,2554.918158610423,EPIAS_VEP:EBM0326,True,False,False
2026-03-19T20:00:00+00:00,2026-03-19T23:00:00+03:00,2026-03,EBM0326,2554.918158607925,EPIAS_VEP:EBM0326,True,False,False
2026-03-19T21:00:00+00:00,2026-03-20T00:00:00+03:00,2026-03,EBM0326,2554.918158605047,EPIAS_VEP:EBM0326,True,False,False
2026-03-19T22:00:00+00:00,2026-03-20T01:00:00+03:00,2026-03,EBM0326,2554.918158601763,EPIAS_VEP:EBM0326,True,False,False
2026-03-19T23:00:00+00:00,2026-03-20T02:00:00+03:00,2026-03,EBM0326,2554.9181585980473,EPIAS_VEP:EBM0326,True,False,False
2026-03-20T00:00:00+00:00,2026-03-20T03:00:00+03:00,2026-03,EBM0326,2554.9181585938754,EPIAS_VEP:EBM0326,True,False,False
2026-03-20T01:00:00+00:00,2026-03-20T04:00:00+03:00,2026-03,EBM0326,2554.9181585892243,EPIAS_VEP:EBM0326,True,False,False
2026-03-20T02:00:00+00:00,2026-03-20T05:00:00+03:00,2026-03,EBM0326,2554.9181585840724,EPIAS_VEP:EBM0326,True,False,False
2026-03-20T03:00:00+00:00,2026-03-20T06:00:00+03:00,2026-03,EBM0326,2554.9181585784,EPIAS_VEP:EBM0326,True,False,False
2026-03-20T04:00:00+00:00,2026-03-20T07:00:00+03:00,2026-03,EBM0326,2554.918158572189,EPIAS_VEP:EBM0326,True,False,False
2026-03-20T05:00:00+00:00,2026-03-20T08:00:00+03:00,2026-03,EBM0326,2554.918158565427,EPIAS_VEP:EBM0326,True,False,False
2026-03-20T06:00:00+00:00,2026-03-20T09:00:00+03:00,2026-03,EBM0326,2554.918158558103,EPIAS_VEP:EBM0326,True,False,False
2026-03-20T07:00:00+00:00,2026-03-20T10:00:00+03:00,2026-03,EBM0326,2554.918158550213,EPIAS_VEP:EBM0326,True,False,False
2026-03-20T08:00:00+00:00,2026-03-20T11:00:00+03:00,2026-03,EBM0326,2554.9181585417573,EPIAS_VEP:EBM0326,True,False,False
2026-03-20T09:00:00+00:00,2026-03-20T12:00:00+03:00,2026-03,EBM0326,2554.9181585327433,EPIAS_VEP:EBM0326,True,False,False
2026-03-20T10:00:00+00:00,2026-03-20T13:00:00+03:00,2026-03,EBM0326,2554.918158523184,EPIAS_VEP:EBM0326,True,False,False
2026-03-20T11:00:00+00:00,2026-03-20T14:00:00+03:00,2026-03,EBM0326,2554.9181585130996,EPIAS_VEP:EBM0326,True,False,False
2026-03-20T12:00:00+00:00,2026-03-20T15:00:00+03:00,2026-03,EBM0326,2554.9181585025185,EPIAS_VEP:EBM0326,True,False,False
2026-03-20T13:00:00+00:00,2026-03-20T16:00:00+03:00,2026-03,EBM0326,2554.9181584914772,EPIAS_VEP:EBM0326,True,False,False
2026-03-20T14:00:00+00:00,2026-03-20T17:00:00+03:00,2026-03,EBM0326,2554.9181584800226,EPIAS_VEP:EBM0326,True,False,False
2026-03-20T15:00:00+00:00,2026-03-20T18:00:00+03:00,2026-03,EBM0326,2554.9181584682115,EPIAS_VEP:EBM0326,True,False,False
2026-03-20T16:00:00+00:00,2026-03-20T19:00:00+03:00,2026-03,EBM0326,2554.9181584561147,EPIAS_VEP:EBM0326,True,False,False
2026-03-20T17:00:00+00:00,2026-03-20T20:00:00+03:00,2026-03,EBM0326,2554.91815844382,EPIAS_VEP:EBM0326,True,False,False
2026-03-20T18:00:00+00:00,2026-03-20T21:00:00+03:00,2026-03,EBM0326,2554.918158431431,EPIAS_VEP:EBM0326,True,False,False
2026-03-20T19:00:00+00:00,2026-03-20T22:00:00+03:00,2026-03,EBM0326,2554.918158419067,EPIAS_VEP:EBM0326,True,False,False
2026-03-20T20:00:00+00:00,2026-03-20T23:00:00+03:00,2026-03,EBM0326,2554.9181584068638,EPIAS_VEP:EBM0326,True,False,False
2026-03-20T21:00:00+00:00,2026-03-21T00:00:00+03:00,2026-03,EBM0326,2554.918158394975,EPIAS_VEP:EBM0326,True,False,False
2026-03-20T22:00:00+00:00,2026-03-21T01:00:00+03:00,2026-03,EBM0326,2554.9181583835752,EPIAS_VEP:EBM0326,True,False,False
2026-03-20T23:00:00+00:00,2026-03-21T02:00:00+03:00,2026-03,EBM0326,2554.9181583728605,EPIAS_VEP:EBM0326,True,False,False
2026-03-21T00:00:00+00:00,2026-03-21T03:00:00+03:00,2026-03,EBM0326,2554.9181583630493,EPIAS_VEP:EBM0326,True,False,False
2026-03-21T01:00:00+00:00,2026-03-21T04:00:00+03:00,2026-03,EBM0326,2554.918158354383,EPIAS_VEP:EBM0326,True,False,False
2026-03-21T02:00:00+00:00,2026-03-21T05:00:00+03:00,2026-03,EBM0326,2554.918158347126,EPIAS_VEP:EBM0326,True,False,False
2026-03-21T03:00:00+00:00,2026-03-21T06:00:00+03:00,2026-03,EBM0326,2554.9181583415684,EPIAS_VEP:EBM0326,True,False,False
2026-03-21T04:00:00+00:00,2026-03-21T07:00:00+03:00,2026-03,EBM0326,2554.918158338028,EPIAS_VEP:EBM0326,True,False,False
2026-03-21T05:00:00+00:00,2026-03-21T08:00:00+03:00,2026-03,EBM0326,2554.9181583368495,EPIAS_VEP:EBM0326,True,False,False
2026-03-21T06:00:00+00:00,2026-03-21T09:00:00+03:00,2026-03,EBM0326,2554.9181583384047,EPIAS_VEP:EBM0326,True,False,False
2026-03-21T07:00:00+00:00,2026-03-21T10:00:00+03:00,2026-03,EBM0326,2554.9181583430923,EPIAS_VEP:EBM0326,True,False,False
2026-03-21T08:00:00+00:00,2026-03-21T11:00:00+03:00,2026-03,EBM0326,2554.9181583513378,EPIAS_VEP:EBM0326,True,False,False
2026-03-21T09:00:00+00:00,2026-03-21T12:00:00+03:00,2026-03,EBM0326,2554.918158363594,EPIAS_VEP:EBM0326,True,False,False
2026-03-21T10:00:00+00:00,2026-03-21T13:00:00+03:00,2026-03,EBM0326,2554.9181583803384,EPIAS_VEP:EBM0326,True,False,False
2026-03-21T11:00:00+00:00,2026-03-21T14:00:00+03:00,2026-03,EBM0326,2554.9181584020725,EPIAS_VEP:EBM0326,True,False,False
2026-03-21T12:00:00+00:00,2026-03-21T15:00:00+03:00,2026-03,EBM0326,2554.918158429324,EPIAS_VEP:EBM0326,True,False,False
2026-03-21T13:00:00+00:00,2026-03-21T16:00:00+03:00,2026-03,EBM0326,2554.9181584626413,EPIAS_VEP:EBM0326,True,False,False
2026-03-21T14:00:00+00:00,2026-03-21T17:00:00+03:00,2026-03,EBM0326,2554.9181585025885,EPIAS_VEP:EBM0326,True,False,False
2026-03-21T15:00:00+00:00,2026-03-21T18:00:00+03:00,2026-03,EBM0326,2554.9181585497477,EPIAS_VEP:EBM0326,True,False,False
2026-03-21T16:00:00+00:00,2026-03-21T19:00:00+03:00,2026-03,EBM0326,2554.9181586047093,EPIAS_VEP:EBM0326,True,False,False
2026-03-21T17:00:00+00:00,2026-03-21T20:00:00+03:00,2026-03,EBM0326,2554.9181586680706,EPIAS_VEP:EBM0326,True,False,False
2026-03-21T18:00:00+00:00,2026-03-21T21:00:00+03:00,2026-03,EBM0326,2554.918158740427,EPIAS_VEP:EBM0326,True,False,False
2026-03-21T19:00:00+00:00,2026-03-21T22:00:00+03:00,2026-03,EBM0326,2554.918158822368,EPIAS_VEP:EBM0326,True,False,False
2026-03-21T20:00:00+00:00,2026-03-21T23:00:00+03:00,2026-03,EBM0326,2554.91815891447,EPIAS_VEP:EBM0326,True,False,False
2026-03-21T21:00:00+00:00,2026-03-22T00:00:00+03:00,2026-03,EBM0326,2554.918159017289,EPIAS_VEP:EBM0326,True,False,False
2026-03-21T22:00:00+00:00,2026-03-22T01:00:00+03:00,2026-03,EBM0326,2554.9181591313486,EPIAS_VEP:EBM0326,True,False,False
2026-03-21T23:00:00+00:00,2026-03-22T02:00:00+03:00,2026-03,EBM0326,2554.9181592571317,EPIAS_VEP:EBM0326,True,False,False
2026-03-22T00:00:00+00:00,2026-03-22T03:00:00+03:00,2026-03,EBM0326,2554.9181593950693,EPIAS_VEP:EBM0326,True,False,False
2026-03-22T01:00:00+00:00,2026-03-22T04:00:00+03:00,2026-03,EBM0326,2554.9181595455284,EPIAS_VEP:EBM0326,True,False,False
2026-03-22T02:00:00+00:00,2026-03-22T05:00:00+03:00,2026-03,EBM0326,2554.9181597087954,EPIAS_VEP:EBM0326,True,False,False
2026-03-22T03:00:00+00:00,2026-03-22T06:00:00+03:00,2026-03,EBM0326,2554.9181598850646,EPIAS_VEP:EBM0326,True,False,False
2026-03-22T04:00:00+00:00,2026-03-22T07:00:00+03:00,2026-03,EBM0326,2554.918160074419,EPIAS_VEP:EBM0326,True,False,False
2026-03-22T05:00:00+00:00,2026-03-22T08:00:00+03:00,2026-03,EBM0326,2554.918160276814,EPIAS_VEP:EBM0326,True,False,False
2026-03-22T06:00:00+00:00,2026-03-22T09:00:00+03:00,2026-03,EBM0326,2554.918160492059,EPIAS_VEP:EBM0326,True,False,False
2026-03-22T07:00:00+00:00,2026-03-22T10:00:00+03:00,2026-03,EBM0326,2554.9181607197966,EPIAS_VEP:EBM0326,True,False,False
2026-03-22T08:00:00+00:00,2026-03-22T11:00:00+03:00,2026-03,EBM0326,2554.9181609594816,EPIAS_VEP:EBM0326,True,False,False
2026-03-22T09:00:00+00:00,2026-03-22T12:00:00+03:00,2026-03,EBM0326,2554.9181612103575,EPIAS_VEP:EBM0326,True,False,False
2026-03-22T10:00:00+00:00,2026-03-22T13:00:00+03:00,2026-03,EBM0326,2554.918161471433,EPIAS_VEP:EBM0326,True,False,False
2026-03-22T11:00:00+00:00,2026-03-22T14:00:00+03:00,2026-03,EBM0326,2554.9181617414547,EPIAS_VEP:EBM0326,True,False,False
2026-03-22T12:00:00+00:00,2026-03-22T15:00:00+03:00,2026-03,EBM0326,2554.918162018883,EPIAS_VEP:EBM0326,True,False,False
2026-03-22T13:00:00+00:00,2026-03-22T16:00:00+03:00,2026-03,EBM0326,2554.918162301865,EPIAS_VEP:EBM0326,True,False,False
2026-03-22T14:00:00+00:00,2026-03-22T17:00:00+03:00,2026-03,EBM0326,2554.9181625882047,EPIAS_VEP:EBM0326,True,False,False
2026-03-22T15:00:00+00:00,2026-03-22T18:00:00+03:00,2026-03,EBM0326,2554.9181628753386,EPIAS_VEP:EBM0326,True,False,False
2026-03-22T16:00:00+00:00,2026-03-22T19:00:00+03:00,2026-03,EBM0326,2554.9181631603033,EPIAS_VEP:EBM0326,True,False,False
2026-03-22T17:00:00+00:00,2026-03-22T20:00:00+03:00,2026-03,EBM0326,2554.9181634397096,EPIAS_VEP:EBM0326,True,False,False
2026-03-22T18:00:00+00:00,2026-03-22T21:00:00+03:00,2026-03,EBM0326,2554.9181637097145,EPIAS_VEP:EBM0326,True,False,False
2026-03-22T19:00:00+00:00,2026-03-22T22:00:00+03:00,2026-03,EBM0326,2554.918163965992,EPIAS_VEP:EBM0326,True,False,False
2026-03-22T20:00:00+00:00,2026-03-22T23:00:00+03:00,2026-03,EBM0326,2554.9181642037024,EPIAS_VEP:EBM0326,True,False,False
2026-03-22T21:00:00+00:00,2026-03-23T00:00:00+03:00,2026-03,EBM0326,2554.918164417472,EPIAS_VEP:EBM0326,True,False,False
2026-03-22T22:00:00+00:00,2026-03-23T01:00:00+03:00,2026-03,EBM0326,2554.918164601365,EPIAS_VEP:EBM0326,True,False,False
2026-03-22T23:00:00+00:00,2026-03-23T02:00:00+03:00,2026-03,EBM0326,2554.9181647488667,EPIAS_VEP:EBM0326,True,False,False
2026-03-23T00:00:00+00:00,2026-03-23T03:00:00+03:00,2026-03,EBM0326,2554.9181648528643,EPIAS_VEP:EBM0326,True,False,False
2026-03-23T01:00:00+00:00,2026-03-23T04:00:00+03:00,2026-03,EBM0326,2554.9181649056286,EPIAS_VEP:EBM0326,True,False,False
2026-03-23T02:00:00+00:00,2026-03-23T05:00:00+03:00,2026-03,EBM0326,2554.918164898805,EPIAS_VEP:EBM0326,True,False,False
2026-03-23T03:00:00+00:00,2026-03-23T06:00:00+03:00,2026-03,EBM0326,2554.9181648234094,EPIAS_VEP:EBM0326,True,False,False
2026-03-23T04:00:00+00:00,2026-03-23T07:00:00+03:00,2026-03,EBM0326,2554.9181646698275,EPIAS_VEP:EBM0326,True,False,False
2026-03-23T05:00:00+00:00,2026-03-23T08:00:00+03:00,2026-03,EBM0326,2554.918164427823,EPIAS_VEP:EBM0326,True,False,False
2026-03-23T06:00:00+00:00,2026-03-23T09:00:00+03:00,2026-03,EBM0326,2554.918164086551,EPIAS_VEP:EBM0326,True,False,False
2026-03-23T07:00:00+00:00,2026-03-23T10:00:00+03:00,2026-03,EBM0326,2554.9181636345857,EPIAS_VEP:EBM0326,True,False,False
2026-03-23T08:00:00+00:00,2026-03-23T11:00:00+03:00,2026-03,EBM0326,2554.918163059953,EPIAS_VEP:EBM0326,True,False,False
2026-03-23T09:00:00+00:00,2026-03-23T12:00:00+03:00,2026-03,EBM0326,2554.9181623501754,EPIAS_VEP:EBM0326,True,False,False
2026-03-23T10:00:00+00:00,2026-03-23T13:00:00+03:00,2026-03,EBM0326,2554.9181614923323,EPIAS_VEP:EBM0326,True,False,False
2026-03-23T11:00:00+00:00,2026-03-23T14:00:00+03:00,2026-03,EBM0326,2554.9181604731293,EPIAS_VEP:EBM0326,True,False,False
2026-03-23T12:00:00+00:00,2026-03-23T15:00:00+03:00,2026-03,EBM0326,2554.9181592789832,EPIAS_VEP:EBM0326,True,False,False
2026-03-23T13:00:00+00:00,2026-03-23T16:00:00+03:00,2026-03,EBM0326,2554.918157896124,EPIAS_VEP:EBM0326,True,False,False
2026-03-23T14:00:00+00:00,2026-03-23T17:00:00+03:00,2026-03,EBM0326,2554.9181563107136,EPIAS_VEP:EBM0326,True,False,False
2026-03-23T15:00:00+00:00,2026-03-23T18:00:00+03:00,2026-03,EBM0326,2554.918154508988,EPIAS_VEP:EBM0326,True,False,False
2026-03-23T16:00:00+00:00,2026-03-23T19:00:00+03:00,2026-03,EBM0326,2554.9181524774135,EPIAS_VEP:EBM0326,True,False,False
2026-03-23T17:00:00+00:00,2026-03-23T20:00:00+03:00,2026-03,EBM0326,2554.9181502028637,EPIAS_VEP:EBM0326,True,False,False
2026-03-23T18:00:00+00:00,2026-03-23T21:00:00+03:00,2026-03,EBM0326,2554.9181476728254,EPIAS_VEP:EBM0326,True,False,False
2026-03-23T19:00:00+00:00,2026-03-23T22:00:00+03:00,2026-03,EBM0326,2554.9181448756226,EPIAS_VEP:EBM0326,True,False,False
2026-03-23T20:00:00+00:00,2026-03-23T23:00:00+03:00,2026-03,EBM0326,2554.9181418006724,EPIAS_VEP:EBM0326,True,False,False
2026-03-23T21:00:00+00:00,2026-03-24T00:00:00+03:00,2026-03,EBM0326,2554.9181384387657,EPIAS_VEP:EBM0326,True,False,False
2026-03-23T22:00:00+00:00,2026-03-24T01:00:00+03:00,2026-03,EBM0326,2554.918134782375,EPIAS_VEP:EBM0326,True,False,False
2026-03-23T23:00:00+00:00,2026-03-24T02:00:00+03:00,2026-03,EBM0326,2554.9181308259886,EPIAS_VEP:EBM0326,True,False,False
2026-03-24T00:00:00+00:00,2026-03-24T03:00:00+03:00,2026-03,EBM0326,2554.9181265664783,EPIAS_VEP:EBM0326,True,False,False
2026-03-24T01:00:00+00:00,2026-03-24T04:00:00+03:00,2026-03,EBM0326,2554.9181220034934,EPIAS_VEP:EBM0326,True,False,False
2026-03-24T02:00:00+00:00,2026-03-24T05:00:00+03:00,2026-03,EBM0326,2554.918117139885,EPIAS_VEP:EBM0326,True,False,False
2026-03-24T03:00:00+00:00,2026-03-24T06:00:00+03:00,2026-03,EBM0326,2554.918111982165,EPIAS_VEP:EBM0326,True,False,False
2026-03-24T04:00:00+00:00,2026-03-24T07:00:00+03:00,2026-03,EBM0326,2554.918106540992,EPIAS_VEP:EBM0326,True,False,False
2026-03-24T05:00:00+00:00,2026-03-24T08:00:00+03:00,2026-03,EBM0326,2554.9181008316873,EPIAS_VEP:EBM0326,True,False,False
2026-03-24T06:00:00+00:00,2026-03-24T09:00:00+03:00,2026-03,EBM0326,2554.9180948747785,EPIAS_VEP:EBM0326,True,False,False
2026-03-24T07:00:00+00:00,2026-03-24T10:00:00+03:00,2026-03,EBM0326,2554.9180886965696,EPIAS_VEP:EBM0326,True,False,False
2026-03-24T08:00:00+00:00,2026-03-24T11:00:00+03:00,2026-03,EBM0326,2554.9180823297393,EPIAS_VEP:EBM0326,True,False,False
2026-03-24T09:00:00+00:00,2026-03-24T12:00:00+03:00,2026-03,EBM0326,2554.9180758139587,EPIAS_VEP:EBM0326,True,False,False
2026-03-24T10:00:00+00:00,2026-03-24T13:00:00+03:00,2026-03,EBM0326,2554.918069196528,EPIAS_VEP:EBM0326,True,False,False
2026-03-24T11:00:00+00:00,2026-03-24T14:00:00+03:00,2026-03,EBM0326,2554.9180625330246,EPIAS_VEP:EBM0326,True,False,False
2026-03-24T12:00:00+00:00,2026-03-24T15:00:00+03:00,2026-03,EBM0326,2554.918055887967,EPIAS_VEP:EBM0326,True,False,False
2026-03-24T13:00:00+00:00,2026-03-24T16:00:00+03:00,2026-03,EBM0326,2554.9180493354825,EPIAS_VEP:EBM0326,True,False,False
2026-03-24T14:00:00+00:00,2026-03-24T17:00:00+03:00,2026-03,EBM0326,2554.9180429599705,EPIAS_VEP:EBM0326,True,False,False
2026-03-24T15:00:00+00:00,2026-03-24T18:00:00+03:00,2026-03,EBM0326,2554.918036856759,EPIAS_VEP:EBM0326,True,False,False
2026-03-24T16:00:00+00:00,2026-03-24T19:00:00+03:00,2026-03,EBM0326,2554.9180311327414,EPIAS_VEP:EBM0326,True,False,False
2026-03-24T17:00:00+00:00,2026-03-24T20:00:00+03:00,2026-03,EBM0326,2554.9180259069835,EPIAS_VEP:EBM0326,True,False,False
2026-03-24T18:00:00+00:00,2026-03-24T21:00:00+03:00,2026-03,EBM0326,2554.918021311299,EPIAS_VEP:EBM0326,True,False,False
2026-03-24T19:00:00+00:00,2026-03-24T22:00:00+03:00,2026-03,EBM0326,2554.9180174907724,EPIAS_VEP:EBM0326,True,False,False
2026-03-24T20:00:00+00:00,2026-03-24T23:00:00+03:00,2026-03,EBM0326,2554.918014604219,EPIAS_VEP:EBM0326,True,False,False
2026-03-24T21:00:00+00:00,2026-03-25T00:00:00+03:00,2026-03,EBM0326,2554.918012824566,EPIAS_VEP:EBM0326,True,False,False
2026-03-24T22:00:00+00:00,2026-03-25T01:00:00+03:00,2026-03,EBM0326,2554.9180123391434,EPIAS_VEP:EBM0326,True,False,False
2026-03-24T23:00:00+00:00,2026-03-25T02:00:00+03:00,2026-03,EBM0326,2554.918013349856,EPIAS_VEP:EBM0326,True,False,False
2026-03-25T00:00:00+00:00,2026-03-25T03:00:00+03:00,2026-03,EBM0326,2554.9180160732376,EPIAS_VEP:EBM0326,True,False,False
2026-03-25T01:00:00+00:00,2026-03-25T04:00:00+03:00,2026-03,EBM0326,2554.918020740347,EPIAS_VEP:EBM0326,True,False,False
2026-03-25T02:00:00+00:00,2026-03-25T05:00:00+03:00,2026-03,EBM0326,2554.918027596497,EPIAS_VEP:EBM0326,True,False,False
2026-03-25T03:00:00+00:00,2026-03-25T06:00:00+03:00,2026-03,EBM0326,2554.9180369007854,EPIAS_VEP:EBM0326,True,False,False
2026-03-25T04:00:00+00:00,2026-03-25T07:00:00+03:00,2026-03,EBM0326,2554.918048925412,EPIAS_VEP:EBM0326,True,False,False
2026-03-25T05:00:00+00:00,2026-03-25T08:00:00+03:00,2026-03,EBM0326,2554.9180639547467,EPIAS_VEP:EBM0326,True,False,False
2026-03-25T06:00:00+00:00,2026-03-25T09:00:00+03:00,2026-03,EBM0326,2554.9180822841276,EPIAS_VEP:EBM0326,True,False,False
2026-03-25T07:00:00+00:00,2026-03-25T10:00:00+03:00,2026-03,EBM0326,2554.9181042183595,EPIAS_VEP:EBM0326,True,False,False
2026-03-25T08:00:00+00:00,2026-03-25T11:00:00+03:00,2026-03,EBM0326,2554.9181300698783,EPIAS_VEP:EBM0326,True,False,False
2026-03-25T09:00:00+00:00,2026-03-25T12:00:00+03:00,2026-03,EBM0326,2554.918160156559,EPIAS_VEP:EBM0326,True,False,False
2026-03-25T10:00:00+00:00,2026-03-25T13:00:00+03:00,2026-03,EBM0326,2554.91819479913,EPIAS_VEP:EBM0326,True,False,False
2026-03-25T11:00:00+00:00,2026-03-25T14:00:00+03:00,2026-03,EBM0326,2554.9182343181647,EPIAS_VEP:EBM0326,True,False,False
2026-03-25T12:00:00+00:00,2026-03-25T15:00:00+03:00,2026-03,EBM0326,2554.9182790306168,EPIAS_VEP:EBM0326,True,False,False
2026-03-25T13:00:00+00:00,2026-03-25T16:00:00+03:00,2026-03,EBM0326,2554.91832924587,EPIAS_VEP:EBM0326,True,False,False
2026-03-25T14:00:00+00:00,2026-03-25T17:00:00+03:00,2026-03,EBM0326,2554.918385261266,EPIAS_VEP:EBM0326,True,False,False
2026-03-25T15:00:00+00:00,2026-03-25T18:00:00+03:00,2026-03,EBM0326,2554.91844735708,EPIAS_VEP:EBM0326,True,False,False
2026-03-25T16:00:00+00:00,2026-03-25T19:00:00+03:00,2026-03,EBM0326,2554.918515790923,EPIAS_VEP:EBM0326,True,False,False
2026-03-25T17:00:00+00:00,2026-03-25T20:00:00+03:00,2026-03,EBM0326,2554.9185907915303,EPIAS_VEP:EBM0326,True,False,False
2026-03-25T18:00:00+00:00,2026-03-25T21:00:00+03:00,2026-03,EBM0326,2554.91867255192,EPIAS_VEP:EBM0326,True,False,False
2026-03-25T19:00:00+00:00,2026-03-25T22:00:00+03:00,2026-03,EBM0326,2554.9187612218893,EPIAS_VEP:EBM0326,True,False,False
2026-03-25T20:00:00+00:00,2026-03-25T23:00:00+03:00,2026-03,EBM0326,2554.9188568998443,EPIAS_VEP:EBM0326,True,False,False
2026-03-25T21:00:00+00:00,2026-03-26T00:00:00+03:00,2026-03,EBM0326,2554.9189596239285,EPIAS_VEP:EBM0326,True,False,False
2026-03-25T22:00:00+00:00,2026-03-26T01:00:00+03:00,2026-03,EBM0326,2554.9190693624573,EPIAS_VEP:EBM0326,True,False,False
2026-03-25T23:00:00+00:00,2026-03-26T02:00:00+03:00,2026-03,EBM0326,2554.919186003643,EPIAS_VEP:EBM0326,True,False,False
2026-03-26T00:00:00+00:00,2026-03-26T03:00:00+03:00,2026-03,EBM0326,2554.919309344624,EPIAS_VEP:EBM0326,True,False,False
2026-03-26T01:00:00+00:00,2026-03-26T04:00:00+03:00,2026-03,EBM0326,2554.9194390797966,EPIAS_VEP:EBM0326,True,False,False
2026-03-26T02:00:00+00:00,2026-03-26T05:00:00+03:00,2026-03,EBM0326,2554.9195747884846,EPIAS_VEP:EBM0326,True,False,False
2026-03-26T03:00:00+00:00,2026-03-26T06:00:00+03:00,2026-03,EBM0326,2554.9197159219643,EPIAS_VEP:EBM0326,True,False,False
2026-03-26T04:00:00+00:00,2026-03-26T07:00:00+03:00,2026-03,EBM0326,2554.919861789893,EPIAS_VEP:EBM0326,True,False,False
2026-03-26T05:00:00+00:00,2026-03-26T08:00:00+03:00,2026-03,EBM0326,2554.9200115461967,EPIAS_VEP:EBM0326,True,False,False
2026-03-26T06:00:00+00:00,2026-03-26T09:00:00+03:00,2026-03,EBM0326,2554.920164174485,EPIAS_VEP:EBM0326,True,False,False
2026-03-26T07:00:00+00:00,2026-03-26T10:00:00+03:00,2026-03,EBM0326,2554.9203184730713,EPIAS_VEP:EBM0326,True,False,False
2026-03-26T08:00:00+00:00,2026-03-26T11:00:00+03:00,2026-03,EBM0326,2554.9204730397128,EPIAS_VEP:EBM0326,True,False,False
2026-03-26T09:00:00+00:00,2026-03-26T12:00:00+03:00,2026-03,EBM0326,2554.9206262561797,EPIAS_VEP:EBM0326,True,False,False
2026-03-26T10:00:00+00:00,2026-03-26T13:00:00+03:00,2026-03,EBM0326,2554.9207762728006,EPIAS_VEP:EBM0326,True,False,False
2026-03-26T11:00:00+00:00,2026-03-26T14:00:00+03:00,2026-03,EBM0326,2554.9209209931373,EPIAS_VEP:EBM0326,True,False,False
2026-03-26T12:00:00+00:00,2026-03-26T15:00:00+03:00,2026-03,EBM0326,2554.9210580589875,EPIAS_VEP:EBM0326,True,False,False
2026-03-26T13:00:00+00:00,2026-03-26T16:00:00+03:00,2026-03,EBM0326,2554.9211848359078,EPIAS_VEP:EBM0326,True,False,False
2026-03-26T14:00:00+00:00,2026-03-26T17:00:00+03:00,2026-03,EBM0326,2554.92129839951,EPIAS_VEP:EBM0326,True,False,False
2026-03-26T15:00:00+00:00,2026-03-26T18:00:00+03:00,2026-03,EBM0326,2554.9213955227833,EPIAS_VEP:EBM0326,True,False,False
2026-03-26T16:00:00+00:00,2026-03-26T19:00:00+03:00,2026-03,EBM0326,2554.9214726647388,EPIAS_VEP:EBM0326,True,False,False
2026-03-26T17:00:00+00:00,2026-03-26T20:00:00+03:00,2026-03,EBM0326,2554.9215259606945,EPIAS_VEP:EBM0326,True,False,False
2026-03-26T18:00:00+00:00,2026-03-26T21:00:00+03:00,2026-03,EBM0326,2554.921551214562,EPIAS_VEP:EBM0326,True,False,False
2026-03-26T19:00:00+00:00,2026-03-26T22:00:00+03:00,2026-03,EBM0326,2554.921543893518,EPIAS_VEP:EBM0326,True,False,False
2026-03-26T20:00:00+00:00,2026-03-26T23:00:00+03:00,2026-03,EBM0326,2554.9214991254785,EPIAS_VEP:EBM0326,True,False,False
2026-03-26T21:00:00+00:00,2026-03-27T00:00:00+03:00,2026-03,EBM0326,2554.921411699831,EPIAS_VEP:EBM0326,True,False,False
2026-03-26T22:00:00+00:00,2026-03-27T01:00:00+03:00,2026-03,EBM0326,2554.921276071912,EPIAS_VEP:EBM0326,True,False,False
2026-03-26T23:00:00+00:00,2026-03-27T02:00:00+03:00,2026-03,EBM0326,2554.9210863717462,EPIAS_VEP:EBM0326,True,False,False
2026-03-27T00:00:00+00:00,2026-03-27T03:00:00+03:00,2026-03,EBM0326,2554.9208364176143,EPIAS_VEP:EBM0326,True,False,False
2026-03-27T01:00:00+00:00,2026-03-27T04:00:00+03:00,2026-03,EBM0326,2554.9205197350198,EPIAS_VEP:EBM0326,True,False,False
2026-03-27T02:00:00+00:00,2026-03-27T05:00:00+03:00,2026-03,EBM0326,2554.920129581685,EPIAS_VEP:EBM0326,True,False,False
2026-03-27T03:00:00+00:00,2026-03-27T06:00:00+03:00,2026-03,EBM0326,2554.91965897922,EPIAS_VEP:EBM0326,True,False,False
2026-03-27T04:00:00+00:00,2026-03-27T07:00:00+03:00,2026-03,EBM0326,2554.9191007521354,EPIAS_VEP:EBM0326,True,False,False
2026-03-27T05:00:00+00:00,2026-03-27T08:00:00+03:00,2026-03,EBM0326,2554.9184475749066,EPIAS_VEP:EBM0326,True,False,False
2026-03-27T06:00:00+00:00,2026-03-27T09:00:00+03:00,2026-03,EBM0326,2554.9176920277955,EPIAS_VEP:EBM0326,True,False,False
2026-03-27T07:00:00+00:00,2026-03-27T10:00:00+03:00,2026-03,EBM0326,2554.916826662167,EPIAS_VEP:EBM0326,True,False,False
2026-03-27T08:00:00+00:00,2026-03-27T11:00:00+03:00,2026-03,EBM0326,2554.915844076044,EPIAS_VEP:EBM0326,True,False,False
2026-03-27T09:00:00+00:00,2026-03-27T12:00:00+03:00,2026-03,EBM0326,2554.914737000644,EPIAS_VEP:EBM0326,True,False,False
2026-03-27T10:00:00+00:00,2026-03-27T13:00:00+03:00,2026-03,EBM0326,2554.913498398638,EPIAS_VEP:EBM0326,True,False,False
2026-03-27T11:00:00+00:00,2026-03-27T14:00:00+03:00,2026-03,EBM0326,2554.912121574857,EPIAS_VEP:EBM0326,True,False,False
2026-03-27T12:00:00+00:00,2026-03-27T15:00:00+03:00,2026-03,EBM0326,2554.910600300152,EPIAS_VEP:EBM0326,True,False,False
2026-03-27T13:00:00+00:00,2026-03-27T16:00:00+03:00,2026-03,EBM0326,2554.908928949078,EPIAS_VEP:EBM0326,True,False,False
2026-03-27T14:00:00+00:00,2026-03-27T17:00:00+03:00,2026-03,EBM0326,2554.9071026520237,EPIAS_VEP:EBM0326,True,False,False
2026-03-27T15:00:00+00:00,2026-03-27T18:00:00+03:00,2026-03,EBM0326,2554.905117462345,EPIAS_VEP:EBM0326,True,False,False
2026-03-27T16:00:00+00:00,2026-03-27T19:00:00+03:00,2026-03,EBM0326,2554.9029705389917,EPIAS_VEP:EBM0326,True,False,False
2026-03-27T17:00:00+00:00,2026-03-27T20:00:00+03:00,2026-03,EBM0326,2554.9006603450293,EPIAS_VEP:EBM0326,True,False,False
2026-03-27T18:00:00+00:00,2026-03-27T21:00:00+03:00,2026-03,EBM0326,2554.8981868623314,EPIAS_VEP:EBM0326,True,False,False
2026-03-27T19:00:00+00:00,2026-03-27T22:00:00+03:00,2026-03,EBM0326,2554.8955518225966,EPIAS_VEP:EBM0326,True,False,False
2026-03-27T20:00:00+00:00,2026-03-27T23:00:00+03:00,2026-03,EBM0326,2554.892758954699,EPIAS_VEP:EBM0326,True,False,False
2026-03-27T21:00:00+00:00,2026-03-28T00:00:00+03:00,2026-03,EBM0326,2554.889814248189,EPIAS_VEP:EBM0326,True,False,False
2026-03-27T22:00:00+00:00,2026-03-28T01:00:00+03:00,2026-03,EBM0326,2554.886726232582,EPIAS_VEP:EBM0326,True,False,False
2026-03-27T23:00:00+00:00,2026-03-28T02:00:00+03:00,2026-03,EBM0326,2554.8835062718313,EPIAS_VEP:EBM0326,True,False,False
2026-03-28T00:00:00+00:00,2026-03-28T03:00:00+03:00,2026-03,EBM0326,2554.880168873126,EPIAS_VEP:EBM0326,True,False,False
2026-03-28T01:00:00+00:00,2026-03-28T04:00:00+03:00,2026-03,EBM0326,2554.8767320088887,EPIAS_VEP:EBM0326,True,False,False
2026-03-28T02:00:00+00:00,2026-03-28T05:00:00+03:00,2026-03,EBM0326,2554.8732174505153,EPIAS_VEP:EBM0326,True,False,False
2026-03-28T03:00:00+00:00,2026-03-28T06:00:00+03:00,2026-03,EBM0326,2554.8696511120615,EPIAS_VEP:EBM0326,True,False,False
2026-03-28T04:00:00+00:00,2026-03-28T07:00:00+03:00,2026-03,EBM0326,2554.866063401698,EPIAS_VEP:EBM0326,True,False,False
2026-03-28T05:00:00+00:00,2026-03-28T08:00:00+03:00,2026-03,EBM0326,2554.862489578345,EPIAS_VEP:EBM0326,True,False,False
2026-03-28T06:00:00+00:00,2026-03-28T09:00:00+03:00,2026-03,EBM0326,2554.8589701104465,EPIAS_VEP:EBM0326,True,False,False
2026-03-28T07:00:00+00:00,2026-03-28T10:00:00+03:00,2026-03,EBM0326,2554.855551033348,EPIAS_VEP:EBM0326,True,False,False
2026-03-28T08:00:00+00:00,2026-03-28T11:00:00+03:00,2026-03,EBM0326,2554.8522843012443,EPIAS_VEP:EBM0326,True,False,False
2026-03-28T09:00:00+00:00,2026-03-28T12:00:00+03:00,2026-03,EBM0326,2554.849228129089,EPIAS_VEP:EBM0326,True,False,False
2026-03-28T10:00:00+00:00,2026-03-28T13:00:00+03:00,2026-03,EBM0326,2554.8464473192676,EPIAS_VEP:EBM0326,True,False,False
2026-03-28T11:00:00+00:00,2026-03-28T14:00:00+03:00,2026-03,EBM0326,2554.8440135672117,EPIAS_VEP:EBM0326,True,False,False
2026-03-28T12:00:00+00:00,2026-03-28T15:00:00+03:00,2026-03,EBM0326,2554.8420057394837,EPIAS_VEP:EBM0326,True,False,False
2026-03-28T13:00:00+00:00,2026-03-28T16:00:00+03:00,2026-03,EBM0326,2554.8405101171484,EPIAS_VEP:EBM0326,True,False,False
2026-03-28T14:00:00+00:00,2026-03-28T17:00:00+03:00,2026-03,EBM0326,2554.8396205965582,EPIAS_VEP:EBM0326,True,False,False
2026-03-28T15:00:00+00:00,2026-03-28T18:00:00+03:00,2026-03,EBM0326,2554.8394388389147,EPIAS_VEP:EBM0326,True,False,False
2026-03-28T16:00:00+00:00,2026-03-28T19:00:00+03:00,2026-03,EBM0326,2554.8400743592215,EPIAS_VEP:EBM0326,True,False,False
2026-03-28T17:00:00+00:00,2026-03-28T20:00:00+03:00,2026-03,EBM0326,2554.8416445444605,EPIAS_VEP:EBM0326,True,False,False
2026-03-28T18:00:00+00:00,2026-03-28T21:00:00+03:00,2026-03,EBM0326,2554.8442745900384,EPIAS_VEP:EBM0326,True,False,False
2026-03-28T19:00:00+00:00,2026-03-28T22:00:00+03:00,2026-03,EBM0326,2554.848097342771,EPIAS_VEP:EBM0326,True,False,False
2026-03-28T20:00:00+00:00,2026-03-28T23:00:00+03:00,2026-03,EBM0326,2554.8532530378748,EPIAS_VEP:EBM0326,True,False,False
2026-03-28T21:00:00+00:00,2026-03-29T00:00:00+03:00,2026-03,EBM0326,2554.8598889166915,EPIAS_VEP:EBM0326,True,False,False
2026-03-28T22:00:00+00:00,2026-03-29T01:00:00+03:00,2026-03,EBM0326,2554.86815871112,EPIAS_VEP:EBM0326,True,False,False
2026-03-28T23:00:00+00:00,2026-03-29T02:00:00+03:00,2026-03,EBM0326,2554.8782219800287,EPIAS_VEP:EBM0326,True,False,False
2026-03-29T00:00:00+00:00,2026-03-29T03:00:00+03:00,2026-03,EBM0326,2554.890243282277,EPIAS_VEP:EBM0326,True,False,False
2026-03-29T01:00:00+00:00,2026-03-29T04:00:00+03:00,2026-03,EBM0326,2554.904391170385,EPIAS_VEP:EBM0326,True,False,False
2026-03-29T02:00:00+00:00,2026-03-29T05:00:00+03:00,2026-03,EBM0326,2554.9208369884086,EPIAS_VEP:EBM0326,True,False,False
2026-03-29T03:00:00+00:00,2026-03-29T06:00:00+03:00,2026-03,EBM0326,2554.939753457142,EPIAS_VEP:EBM0326,True,False,False
2026-03-29T04:00:00+00:00,2026-03-29T07:00:00+03:00,2026-03,EBM0326,2554.961313029545,EPIAS_VEP:EBM0326,True,False,False
2026-03-29T05:00:00+00:00,2026-03-29T08:00:00+03:00,2026-03,EBM0326,2554.9856859990905,EPIAS_VEP:EBM0326,True,False,False
2026-03-29T06:00:00+00:00,2026-03-29T09:00:00+03:00,2026-03,EBM0326,2555.0130383438086,EPIAS_VEP:EBM0326,True,False,False
2026-03-29T07:00:00+00:00,2026-03-29T10:00:00+03:00,2026-03,EBM0326,2555.0435292889924,EPIAS_VEP:EBM0326,True,False,False
2026-03-29T08:00:00+00:00,2026-03-29T11:00:00+03:00,2026-03,EBM0326,2555.0773085719607,EPIAS_VEP:EBM0326,True,False,False
2026-03-29T09:00:00+00:00,2026-03-29T12:00:00+03:00,2026-03,EBM0326,2555.1145133929667,EPIAS_VEP:EBM0326,True,False,False
2026-03-29T10:00:00+00:00,2026-03-29T13:00:00+03:00,2026-03,EBM0326,2555.1552650372664,EPIAS_VEP:EBM0326,True,False,False
2026-03-29T11:00:00+00:00,2026-03-29T14:00:00+03:00,2026-03,EBM0326,2555.199665154638,EPIAS_VEP:EBM0326,True,False,False
2026-03-29T12:00:00+00:00,2026-03-29T15:00:00+03:00,2026-03,EBM0326,2555.2477916842163,EPIAS_VEP:EBM0326,True,False,False
2026-03-29T13:00:00+00:00,2026-03-29T16:00:00+03:00,2026-03,EBM0326,2555.299694414483,EPIAS_VEP:EBM0326,True,False,False
2026-03-29T14:00:00+00:00,2026-03-29T17:00:00+03:00,2026-03,EBM0326,2555.355390170612,EPIAS_VEP:EBM0326,True,False,False
2026-03-29T15:00:00+00:00,2026-03-29T18:00:00+03:00,2026-03,EBM0326,2555.4148576241973,EPIAS_VEP:EBM0326,True,False,False
2026-03-29T16:00:00+00:00,2026-03-29T19:00:00+03:00,2026-03,EBM0326,2555.4780317236773,EPIAS_VEP:EBM0326,True,False,False
2026-03-29T17:00:00+00:00,2026-03-29T20:00:00+03:00,2026-03,EBM0326,2555.544797747586,EPIAS_VEP:EBM0326,True,False,False
2026-03-29T18:00:00+00:00,2026-03-29T21:00:00+03:00,2026-03,EBM0326,2555.614984987147,EPIAS_VEP:EBM0326,True,False,False
2026-03-29T19:00:00+00:00,2026-03-29T22:00:00+03:00,2026-03,EBM0326,2555.688360069669,EPIAS_VEP:EBM0326,True,False,False
2026-03-29T20:00:00+00:00,2026-03-29T23:00:00+03:00,2026-03,EBM0326,2555.764619939824,EPIAS_VEP:EBM0326,True,False,False
2026-03-29T21:00:00+00:00,2026-03-30T00:00:00+03:00,2026-03,EBM0326,2555.843384522138,EPIAS_VEP:EBM0326,True,False,False
2026-03-29T22:00:00+00:00,2026-03-30T01:00:00+03:00,2026-03,EBM0326,2555.924189095005,EPIAS_VEP:EBM0326,True,False,False
2026-03-29T23:00:00+00:00,2026-03-30T02:00:00+03:00,2026-03,EBM0326,2556.006476414229,EPIAS_VEP:EBM0326,True,False,False
2026-03-30T00:00:00+00:00,2026-03-30T03:00:00+03:00,2026-03,EBM0326,2556.0895886325625,EPIAS_VEP:EBM0326,True,False,False
2026-03-30T01:00:00+00:00,2026-03-30T04:00:00+03:00,2026-03,EBM0326,2556.1727590709775,EPIAS_VEP:EBM0326,True,False,False
2026-03-30T02:00:00+00:00,2026-03-30T05:00:00+03:00,2026-03,EBM0326,2556.2551039074438,EPIAS_VEP:EBM0326,True,False,False
2026-03-30T03:00:00+00:00,2026-03-30T06:00:00+03:00,2026-03,EBM0326,2556.3356138598847,EPIAS_VEP:EBM0326,True,False,False
2026-03-30T04:00:00+00:00,2026-03-30T07:00:00+03:00,2026-03,EBM0326,2556.4131459516957,EPIAS_VEP:EBM0326,True,False,False
2026-03-30T05:00:00+00:00,2026-03-30T08:00:00+03:00,2026-03,EBM0326,2556.4864154607453,EPIAS_VEP:EBM0326,True,False,False
2026-03-30T06:00:00+00:00,2026-03-30T09:00:00+03:00,2026-03,EBM0326,2556.553988166169,EPIAS_VEP:EBM0326,True,False,False
2026-03-30T07:00:00+00:00,2026-03-30T10:00:00+03:00,2026-03,EBM0326,2556.614273021414,EPIAS_VEP:EBM0326,True,False,False
2026-03-30T08:00:00+00:00,2026-03-30T11:00:00+03:00,2026-03,EBM0326,2556.6655153969728,EPIAS_VEP:EBM0326,True,False,False
2026-03-30T09:00:00+00:00,2026-03-30T12:00:00+03:00,2026-03,EBM0326,2556.705791051873,EPIAS_VEP:EBM0326,True,False,False
2026-03-30T10:00:00+00:00,2026-03-30T13:00:00+03:00,2026-03,EBM0326,2556.733001009463,EPIAS_VEP:EBM0326,True,False,False
2026-03-30T11:00:00+00:00,2026-03-30T14:00:00+03:00,2026-03,EBM0326,2556.7448675298497,EPIAS_VEP:EBM0326,True,False,False
2026-03-30T12:00:00+00:00,2026-03-30T15:00:00+03:00,2026-03,EBM0326,2556.7389313888993,EPIAS_VEP:EBM0326,True,False,False
2026-03-30T13:00:00+00:00,2026-03-30T16:00:00+03:00,2026-03,EBM0326,2556.712550691585,EPIAS_VEP:EBM0326,True,False,False
2026-03-30T14:00:00+00:00,2026-03-30T17:00:00+03:00,2026-03,EBM0326,2556.662901465601,EPIAS_VEP:EBM0326,True,False,False
2026-03-30T15:00:00+00:00,2026-03-30T18:00:00+03:00,2026-03,EBM0326,2556.5869802994334,EPIAS_VEP:EBM0326,True,False,False
2026-03-30T16:00:00+00:00,2026-03-30T19:00:00+03:00,2026-03,EBM0326,2556.4816093072814,EPIAS_VEP:EBM0326,True,False,False
2026-03-30T17:00:00+00:00,2026-03-30T20:00:00+03:00,2026-03,EBM0326,2556.343443721175,EPIAS_VEP:EBM0326,True,False,False
2026-03-30T18:00:00+00:00,2026-03-30T21:00:00+03:00,2026-03,EBM0326,2556.1689824280757,EPIAS_VEP:EBM0326,True,False,False
2026-03-30T19:00:00+00:00,2026-03-30T22:00:00+03:00,2026-03,EBM0326,2555.954581786435,EPIAS_VEP:EBM0326,True,False,False
2026-03-30T20:00:00+00:00,2026-03-30T23:00:00+03:00,2026-03,EBM0326,2555.6964730723216,EPIAS_VEP:EBM0326,True,False,False
2026-03-30T21:00:00+00:00,2026-03-31T00:00:00+03:00,2026-03,EBM0326,2555.3907839194853,EPIAS_VEP:EBM0326,True,False,False
2026-03-30T22:00:00+00:00,2026-03-31T01:00:00+03:00,2026-03,EBM0326,2555.0335641302304,EPIAS_VEP:EBM0326,True,False,False
2026-03-30T23:00:00+00:00,2026-03-31T02:00:00+03:00,2026-03,EBM0326,2554.6208162443295,EPIAS_VEP:EBM0326,True,False,False
2026-03-31T00:00:00+00:00,2026-03-31T03:00:00+03:00,2026-03,EBM0326,2554.148531261003,EPIAS_VEP:EBM0326,True,False,False
2026-03-31T01:00:00+00:00,2026-03-31T04:00:00+03:00,2026-03,EBM0326,2553.6127299137083,EPIAS_VEP:EBM0326,True,False,False
2026-03-31T02:00:00+00:00,2026-03-31T05:00:00+03:00,2026-03,EBM0326,2553.0095098986367,EPIAS_VEP:EBM0326,True,False,False
2026-03-31T03:00:00+00:00,2026-03-31T06:00:00+03:00,2026-03,EBM0326,2552.3350994548496,EPIAS_VEP:EBM0326,True,False,False
2026-03-31T04:00:00+00:00,2026-03-31T07:00:00+03:00,2026-03,EBM0326,2551.5859176862796,EPIAS_VEP:EBM0326,True,False,False
2026-03-31T05:00:00+00:00,2026-03-31T08:00:00+03:00,2026-03,EBM0326,2550.7586420027733,EPIAS_VEP:EBM0326,True,False,False
2026-03-31T06:00:00+00:00,2026-03-31T09:00:00+03:00,2026-03,EBM0326,2549.8502830382695,EPIAS_VEP:EBM0326,True,False,False
2026-03-31T07:00:00+00:00,2026-03-31T10:00:00+03:00,2026-03,EBM0326,2548.8582673783667,EPIAS_VEP:EBM0326,True,False,False
2026-03-31T08:00:00+00:00,2026-03-31T11:00:00+03:00,2026-03,EBM0326,2547.7805283962166,EPIAS_VEP:EBM0326,True,False,False
2026-03-31T09:00:00+00:00,2026-03-31T12:00:00+03:00,2026-03,EBM0326,2546.6156054540998,EPIAS_VEP:EBM0326,True,False,False
2026-03-31T10:00:00+00:00,2026-03-31T13:00:00+03:00,2026-03,EBM0326,2545.362751677316,EPIAS_VEP:EBM0326,True,False,False
2026-03-31T11:00:00+00:00,2026-03-31T14:00:00+03:00,2026-03,EBM0326,2544.0220504464737,EPIAS_VEP:EBM0326,True,False,False
2026-03-31T12:00:00+00:00,2026-03-31T15:00:00+03:00,2026-03,EBM0326,2542.594540682876,EPIAS_VEP:EBM0326,True,False,False
2026-03-31T13:00:00+00:00,2026-03-31T16:00:00+03:00,2026-03,EBM0326,2541.0823509186425,EPIAS_VEP:EBM0326,True,False,False
2026-03-31T14:00:00+00:00,2026-03-31T17:00:00+03:00,2026-03,EBM0326,2539.488842047673,EPIAS_VEP:EBM0326,True,False,False
2026-03-31T15:00:00+00:00,2026-03-31T18:00:00+03:00,2026-03,EBM0326,2537.8187585446626,EPIAS_VEP:EBM0326,True,False,False
2026-03-31T16:00:00+00:00,2026-03-31T19:00:00+03:00,2026-03,EBM0326,2536.078387815935,EPIAS_VEP:EBM0326,True,False,False
2026-03-31T17:00:00+00:00,2026-03-31T20:00:00+03:00,2026-03,EBM0326,2534.275727207824,EPIAS_VEP:EBM0326,True,False,False
2026-03-31T18:00:00+00:00,2026-03-31T21:00:00+03:00,2026-03,EBM0326,2532.4206580440186,EPIAS_VEP:EBM0326,True,False,False
2026-03-31T19:00:00+00:00,2026-03-31T22:00:00+03:00,2026-03,EBM0326,2530.5251258905146,EPIAS_VEP:EBM0326,True,False,False
2026-03-31T20:00:00+00:00,2026-03-31T23:00:00+03:00,2026-03,EBM0326,2528.6033260638274,EPIAS_VEP:EBM0326,True,False,False
2026-03-31T21:00:00+00:00,2026-04-01T00:00:00+03:00,2026-04,EBM0426,2526.671893184207,EPIAS_VEP:EBM0426,True,False,False
2026-03-31T22:00:00+00:00,2026-04-01T01:00:00+03:00,2026-04,EBM0426,2524.750093355158,EPIAS_VEP:EBM0426,True,False,False
2026-03-31T23:00:00+00:00,2026-04-01T02:00:00+03:00,2026-04,EBM0426,2522.8545611969043,EPIAS_VEP:EBM0426,True,False,False
2026-04-01T00:00:00+00:00,2026-04-01T03:00:00+03:00,2026-04,EBM0426,2520.999492026375,EPIAS_VEP:EBM0426,True,False,False
2026-04-01T01:00:00+00:00,2026-04-01T04:00:00+03:00,2026-04,EBM0426,2519.196831410416,EPIAS_VEP:EBM0426,True,False,False
2026-04-01T02:00:00+00:00,2026-04-01T05:00:00+03:00,2026-04,EBM0426,2517.4564606727085,EPIAS_VEP:EBM0426,True,False,False
2026-04-01T03:00:00+00:00,2026-04-01T06:00:00+03:00,2026-04,EBM0426,2515.7863771598295,EPIAS_VEP:EBM0426,True,False,False
2026-04-01T04:00:00+00:00,2026-04-01T07:00:00+03:00,2026-04,EBM0426,2514.1928682783264,EPIAS_VEP:EBM0426,True,False,False
2026-04-01T05:00:00+00:00,2026-04-01T08:00:00+03:00,2026-04,EBM0426,2512.680678503069,EPIAS_VEP:EBM0426,True,False,False
2026-04-01T06:00:00+00:00,2026-04-01T09:00:00+03:00,2026-04,EBM0426,2511.2531687281366,EPIAS_VEP:EBM0426,True,False,False
2026-04-01T07:00:00+00:00,2026-04-01T10:00:00+03:00,2026-04,EBM0426,2509.912467485797,EPIAS_VEP:EBM0426,True,False,False
2026-04-01T08:00:00+00:00,2026-04-01T11:00:00+03:00,2026-04,EBM0426,2508.6596136974836,EPIAS_VEP:EBM0426,True,False,False
2026-04-01T09:00:00+00:00,2026-04-01T12:00:00+03:00,2026-04,EBM0426,2507.4946907439166,EPIAS_VEP:EBM0426,True,False,False
2026-04-01T10:00:00+00:00,2026-04-01T13:00:00+03:00,2026-04,EBM0426,2506.416951750486,EPIAS_VEP:EBM0426,True,False,False
2026-04-01T11:00:00+00:00,2026-04-01T14:00:00+03:00,2026-04,EBM0426,2505.4249360795443,EPIAS_VEP:EBM0426,True,False,False
2026-04-01T12:00:00+00:00,2026-04-01T15:00:00+03:00,2026-04,EBM0426,2504.516577104307,EPIAS_VEP:EBM0426,True,False,False
2026-04-01T13:00:00+00:00,2026-04-01T16:00:00+03:00,2026-04,EBM0426,2503.68930141042,EPIAS_VEP:EBM0426,True,False,False
2026-04-01T14:00:00+00:00,2026-04-01T17:00:00+03:00,2026-04,EBM0426,2502.940119631855,EPIAS_VEP:EBM0426,True,False,False
2026-04-01T15:00:00+00:00,2026-04-01T18:00:00+03:00,2026-04,EBM0426,2502.265709178483,EPIAS_VEP:EBM0426,True,False,False
2026-04-01T16:00:00+00:00,2026-04-01T19:00:00+03:00,2026-04,EBM0426,2501.662489154249,EPIAS_VEP:EBM0426,True,False,False
2026-04-01T17:00:00+00:00,2026-04-01T20:00:00+03:00,2026-04,EBM0426,2501.1266877982175,EPIAS_VEP:EBM0426,True,False,False
2026-04-01T18:00:00+00:00,2026-04-01T21:00:00+03:00,2026-04,EBM0426,2500.6544028065764,EPIAS_VEP:EBM0426,True,False,False
2026-04-01T19:00:00+00:00,2026-04-01T22:00:00+03:00,2026-04,EBM0426,2500.241654912771,EPIAS_VEP:EBM0426,True,False,False
2026-04-01T20:00:00+00:00,2026-04-01T23:00:00+03:00,2026-04,EBM0426,2499.884435116037,EPIAS_VEP:EBM0426,True,False,False
2026-04-01T21:00:00+00:00,2026-04-02T00:00:00+03:00,2026-04,EBM0426,2499.5787459561548,EPIAS_VEP:EBM0426,True,False,False
2026-04-01T22:00:00+00:00,2026-04-02T01:00:00+03:00,2026-04,EBM0426,2499.3206372354334,EPIAS_VEP:EBM0426,True,False,False
2026-04-01T23:00:00+00:00,2026-04-02T02:00:00+03:00,2026-04,EBM0426,2499.1062365876246,EPIAS_VEP:EBM0426,True,False,False
2026-04-02T00:00:00+00:00,2026-04-02T03:00:00+03:00,2026-04,EBM0426,2498.9317752887946,EPIAS_VEP:EBM0426,True,False,False
2026-04-02T01:00:00+00:00,2026-04-02T04:00:00+03:00,2026-04,EBM0426,2498.793609697389,EPIAS_VEP:EBM0426,True,False,False
2026-04-02T02:00:00+00:00,2026-04-02T05:00:00+03:00,2026-04,EBM0426,2498.688238700363,EPIAS_VEP:EBM0426,True,False,False
2026-04-02T03:00:00+00:00,2026-04-02T06:00:00+03:00,2026-04,EBM0426,2498.6123175297394,EPIAS_VEP:EBM0426,True,False,False
2026-04-02T04:00:00+00:00,2026-04-02T07:00:00+03:00,2026-04,EBM0426,2498.562668299709,EPIAS_VEP:EBM0426,True,False,False
2026-04-02T05:00:00+00:00,2026-04-02T08:00:00+03:00,2026-04,EBM0426,2498.5362875987475,EPIAS_VEP:EBM0426,True,False,False
2026-04-02T06:00:00+00:00,2026-04-02T09:00:00+03:00,2026-04,EBM0426,2498.5303514545394,EPIAS_VEP:EBM0426,True,False,False
2026-04-02T07:00:00+00:00,2026-04-02T10:00:00+03:00,2026-04,EBM0426,2498.5422179720476,EPIAS_VEP:EBM0426,True,False,False
2026-04-02T08:00:00+00:00,2026-04-02T11:00:00+03:00,2026-04,EBM0426,2498.5694279271274,EPIAS_VEP:EBM0426,True,False,False
2026-04-02T09:00:00+00:00,2026-04-02T12:00:00+03:00,2026-04,EBM0426,2498.6097035798743,EPIAS_VEP:EBM0426,True,False,False
2026-04-02T10:00:00+00:00,2026-04-02T13:00:00+03:00,2026-04,EBM0426,2498.660945953627,EPIAS_VEP:EBM0426,True,False,False
2026-04-02T11:00:00+00:00,2026-04-02T14:00:00+03:00,2026-04,EBM0426,2498.7212308074063,EPIAS_VEP:EBM0426,True,False,False
2026-04-02T12:00:00+00:00,2026-04-02T15:00:00+03:00,2026-04,EBM0426,2498.7888035116744,EPIAS_VEP:EBM0426,True,False,False
2026-04-02T13:00:00+00:00,2026-04-02T16:00:00+03:00,2026-04,EBM0426,2498.86207301985,EPIAS_VEP:EBM0426,True,False,False
2026-04-02T14:00:00+00:00,2026-04-02T17:00:00+03:00,2026-04,EBM0426,2498.9396051110402,EPIAS_VEP:EBM0426,True,False,False
2026-04-02T15:00:00+00:00,2026-04-02T18:00:00+03:00,2026-04,EBM0426,2499.0201150630874,EPIAS_VEP:EBM0426,True,False,False
2026-04-02T16:00:00+00:00,2026-04-02T19:00:00+03:00,2026-04,EBM0426,2499.1024598993595,EPIAS_VEP:EBM0426,True,False,False
2026-04-02T17:00:00+00:00,2026-04-02T20:00:00+03:00,2026-04,EBM0426,2499.1856303377554,EPIAS_VEP:EBM0426,True,False,False
2026-04-02T18:00:00+00:00,2026-04-02T21:00:00+03:00,2026-04,EBM0426,2499.2687425562226,EPIAS_VEP:EBM0426,True,False,False
2026-04-02T19:00:00+00:00,2026-04-02T22:00:00+03:00,2026-04,EBM0426,2499.3510298757114,EPIAS_VEP:EBM0426,True,False,False
2026-04-02T20:00:00+00:00,2026-04-02T23:00:00+03:00,2026-04,EBM0426,2499.4318344489557,EPIAS_VEP:EBM0426,True,False,False
2026-04-02T21:00:00+00:00,2026-04-03T00:00:00+03:00,2026-04,EBM0426,2499.5105990317397,EPIAS_VEP:EBM0426,True,False,False
2026-04-02T22:00:00+00:00,2026-04-03T01:00:00+03:00,2026-04,EBM0426,2499.586858902441,EPIAS_VEP:EBM0426,True,False,False
2026-04-02T23:00:00+00:00,2026-04-03T02:00:00+03:00,2026-04,EBM0426,2499.6602339855694,EPIAS_VEP:EBM0426,True,False,False
2026-04-03T00:00:00+00:00,2026-04-03T03:00:00+03:00,2026-04,EBM0426,2499.730421225785,EPIAS_VEP:EBM0426,True,False,False
2026-04-03T01:00:00+00:00,2026-04-03T04:00:00+03:00,2026-04,EBM0426,2499.7971872503836,EPIAS_VEP:EBM0426,True,False,False
2026-04-03T02:00:00+00:00,2026-04-03T05:00:00+03:00,2026-04,EBM0426,2499.8603613505784,EPIAS_VEP:EBM0426,True,False,False
2026-04-03T03:00:00+00:00,2026-04-03T06:00:00+03:00,2026-04,EBM0426,2499.9198288048965,EPIAS_VEP:EBM0426,True,False,False
2026-04-03T04:00:00+00:00,2026-04-03T07:00:00+03:00,2026-04,EBM0426,2499.9755245617657,EPIAS_VEP:EBM0426,True,False,False
2026-04-03T05:00:00+00:00,2026-04-03T08:00:00+03:00,2026-04,EBM0426,2500.0274272927686,EPIAS_VEP:EBM0426,True,False,False
2026-04-03T06:00:00+00:00,2026-04-03T09:00:00+03:00,2026-04,EBM0426,2500.0755538230705,EPIAS_VEP:EBM0426,True,False,False
2026-04-03T07:00:00+00:00,2026-04-03T10:00:00+03:00,2026-04,EBM0426,2500.119953941147,EPIAS_VEP:EBM0426,True,False,False
2026-04-03T08:00:00+00:00,2026-04-03T11:00:00+03:00,2026-04,EBM0426,2500.160705586128,EPIAS_VEP:EBM0426,True,False,False
2026-04-03T09:00:00+00:00,2026-04-03T12:00:00+03:00,2026-04,EBM0426,2500.1979104077895,EPIAS_VEP:EBM0426,True,False,False
2026-04-03T10:00:00+00:00,2026-04-03T13:00:00+03:00,2026-04,EBM0426,2500.2316896913844,EPIAS_VEP:EBM0426,True,False,False
2026-04-03T11:00:00+00:00,2026-04-03T14:00:00+03:00,2026-04,EBM0426,2500.2621806371617,EPIAS_VEP:EBM0426,True,False,False
2026-04-03T12:00:00+00:00,2026-04-03T15:00:00+03:00,2026-04,EBM0426,2500.28953298244,EPIAS_VEP:EBM0426,True,False,False
2026-04-03T13:00:00+00:00,2026-04-03T16:00:00+03:00,2026-04,EBM0426,2500.3139059525124,EPIAS_VEP:EBM0426,True,False,False
2026-04-03T14:00:00+00:00,2026-04-03T17:00:00+03:00,2026-04,EBM0426,2500.3354655254084,EPIAS_VEP:EBM0426,True,False,False
2026-04-03T15:00:00+00:00,2026-04-03T18:00:00+03:00,2026-04,EBM0426,2500.3543819946017,EPIAS_VEP:EBM0426,True,False,False
2026-04-03T16:00:00+00:00,2026-04-03T19:00:00+03:00,2026-04,EBM0426,2500.370827813051,EPIAS_VEP:EBM0426,True,False,False
2026-04-03T17:00:00+00:00,2026-04-03T20:00:00+03:00,2026-04,EBM0426,2500.384975701554,EPIAS_VEP:EBM0426,True,False,False
2026-04-03T18:00:00+00:00,2026-04-03T21:00:00+03:00,2026-04,EBM0426,2500.396997004166,EPIAS_VEP:EBM0426,True,False,False
2026-04-03T19:00:00+00:00,2026-04-03T22:00:00+03:00,2026-04,EBM0426,2500.4070602734087,EPIAS_VEP:EBM0426,True,False,False
2026-04-03T20:00:00+00:00,2026-04-03T23:00:00+03:00,2026-04,EBM0426,2500.4153300681405,EPIAS_VEP:EBM0426,True,False,False
2026-04-03T21:00:00+00:00,2026-04-04T00:00:00+03:00,2026-04,EBM0426,2500.421965947231,EPIAS_VEP:EBM0426,True,False,False
2026-04-03T22:00:00+00:00,2026-04-04T01:00:00+03:00,2026-04,EBM0426,2500.427121642581,EPIAS_VEP:EBM0426,True,False,False
2026-04-03T23:00:00+00:00,2026-04-04T02:00:00+03:00,2026-04,EBM0426,2500.4309443955326,EPIAS_VEP:EBM0426,True,False,False
2026-04-04T00:00:00+00:00,2026-04-04T03:00:00+03:00,2026-04,EBM0426,2500.4335744413015,EPIAS_VEP:EBM0426,True,False,False
2026-04-04T01:00:00+00:00,2026-04-04T04:00:00+03:00,2026-04,EBM0426,2500.435144626702,EPIAS_VEP:EBM0426,True,False,False
2026-04-04T02:00:00+00:00,2026-04-04T05:00:00+03:00,2026-04,EBM0426,2500.435780147141,EPIAS_VEP:EBM0426,True,False,False
2026-04-04T03:00:00+00:00,2026-04-04T06:00:00+03:00,2026-04,EBM0426,2500.4355983896,EPIAS_VEP:EBM0426,True,False,False
2026-04-04T04:00:00+00:00,2026-04-04T07:00:00+03:00,2026-04,EBM0426,2500.4347088690843,EPIAS_VEP:EBM0426,True,False,False
2026-04-04T05:00:00+00:00,2026-04-04T08:00:00+03:00,2026-04,EBM0426,2500.4332132468007,EPIAS_VEP:EBM0426,True,False,False
2026-04-04T06:00:00+00:00,2026-04-04T09:00:00+03:00,2026-04,EBM0426,2500.431205419105,EPIAS_VEP:EBM0426,True,False,False
2026-04-04T07:00:00+00:00,2026-04-04T10:00:00+03:00,2026-04,EBM0426,2500.428771667067,EPIAS_VEP:EBM0426,True,False,False
2026-04-04T08:00:00+00:00,2026-04-04T11:00:00+03:00,2026-04,EBM0426,2500.425990857253,EPIAS_VEP:EBM0426,True,False,False
2026-04-04T09:00:00+00:00,2026-04-04T12:00:00+03:00,2026-04,EBM0426,2500.4229346851,EPIAS_VEP:EBM0426,True,False,False
2026-04-04T10:00:00+00:00,2026-04-04T13:00:00+03:00,2026-04,EBM0426,2500.419667952994,EPIAS_VEP:EBM0426,True,False,False
2026-04-04T11:00:00+00:00,2026-04-04T14:00:00+03:00,2026-04,EBM0426,2500.416248875892,EPIAS_VEP:EBM0426,True,False,False
2026-04-04T12:00:00+00:00,2026-04-04T15:00:00+03:00,2026-04,EBM0426,2500.4127294079913,EPIAS_VEP:EBM0426,True,False,False
2026-04-04T13:00:00+00:00,2026-04-04T16:00:00+03:00,2026-04,EBM0426,2500.409155584641,EPIAS_VEP:EBM0426,True,False,False
2026-04-04T14:00:00+00:00,2026-04-04T17:00:00+03:00,2026-04,EBM0426,2500.405567874283,EPIAS_VEP:EBM0426,True,False,False
2026-04-04T15:00:00+00:00,2026-04-04T18:00:00+03:00,2026-04,EBM0426,2500.4020015358383,EPIAS_VEP:EBM0426,True,False,False
2026-04-04T16:00:00+00:00,2026-04-04T19:00:00+03:00,2026-04,EBM0426,2500.3984869774795,EPIAS_VEP:EBM0426,True,False,False
2026-04-04T17:00:00+00:00,2026-04-04T20:00:00+03:00,2026-04,EBM0426,2500.3950501132626,EPIAS_VEP:EBM0426,True,False,False
2026-04-04T18:00:00+00:00,2026-04-04T21:00:00+03:00,2026-04,EBM0426,2500.3917127145837,EPIAS_VEP:EBM0426,True,False,False
2026-04-04T19:00:00+00:00,2026-04-04T22:00:00+03:00,2026-04,EBM0426,2500.388492753864,EPIAS_VEP:EBM0426,True,False,False
2026-04-04T20:00:00+00:00,2026-04-04T23:00:00+03:00,2026-04,EBM0426,2500.385404738291,EPIAS_VEP:EBM0426,True,False,False
2026-04-04T21:00:00+00:00,2026-04-05T00:00:00+03:00,2026-04,EBM0426,2500.3824600318158,EPIAS_VEP:EBM0426,True,False,False
2026-04-04T22:00:00+00:00,2026-04-05T01:00:00+03:00,2026-04,EBM0426,2500.3796671639534,EPIAS_VEP:EBM0426,True,False,False
2026-04-04T23:00:00+00:00,2026-04-05T02:00:00+03:00,2026-04,EBM0426,2500.377032124253,EPIAS_VEP:EBM0426,True,False,False
2026-04-05T00:00:00+00:00,2026-04-05T03:00:00+03:00,2026-04,EBM0426,2500.3745586415857,EPIAS_VEP:EBM0426,True,False,False
2026-04-05T01:00:00+00:00,2026-04-05T04:00:00+03:00,2026-04,EBM0426,2500.372248447649,EPIAS_VEP:EBM0426,True,False,False
2026-04-05T02:00:00+00:00,2026-04-05T05:00:00+03:00,2026-04,EBM0426,2500.370101524313,EPIAS_VEP:EBM0426,True,False,False
2026-04-05T03:00:00+00:00,2026-04-05T06:00:00+03:00,2026-04,EBM0426,2500.3681163346437,EPIAS_VEP:EBM0426,True,False,False
2026-04-05T04:00:00+00:00,2026-04-05T07:00:00+03:00,2026-04,EBM0426,2500.3662900375903,EPIAS_VEP:EBM0426,True,False,False
2026-04-05T05:00:00+00:00,2026-04-05T08:00:00+03:00,2026-04,EBM0426,2500.3646186865058,EPIAS_VEP:EBM0426,True,False,False
2026-04-05T06:00:00+00:00,2026-04-05T09:00:00+03:00,2026-04,EBM0426,2500.3630974117777,EPIAS_VEP:EBM0426,True,False,False
2026-04-05T07:00:00+00:00,2026-04-05T10:00:00+03:00,2026-04,EBM0426,2500.3617205879623,EPIAS_VEP:EBM0426,True,False,False
2026-04-05T08:00:00+00:00,2026-04-05T11:00:00+03:00,2026-04,EBM0426,2500.3604819859124,EPIAS_VEP:EBM0426,True,False,False
2026-04-05T09:00:00+00:00,2026-04-05T12:00:00+03:00,2026-04,EBM0426,2500.35937491046,EPIAS_VEP:EBM0426,True,False,False
2026-04-05T10:00:00+00:00,2026-04-05T13:00:00+03:00,2026-04,EBM0426,2500.3583923242754,EPIAS_VEP:EBM0426,True,False,False
2026-04-05T11:00:00+00:00,2026-04-05T14:00:00+03:00,2026-04,EBM0426,2500.3575269585795,EPIAS_VEP:EBM0426,True,False,False
2026-04-05T12:00:00+00:00,2026-04-05T15:00:00+03:00,2026-04,EBM0426,2500.356771411396,EPIAS_VEP:EBM0426,True,False,False
2026-04-05T13:00:00+00:00,2026-04-05T16:00:00+03:00,2026-04,EBM0426,2500.3561182340904,EPIAS_VEP:EBM0426,True,False,False
2026-04-05T14:00:00+00:00,2026-04-05T17:00:00+03:00,2026-04,EBM0426,2500.3555600069253,EPIAS_VEP:EBM0426,True,False,False
2026-04-05T15:00:00+00:00,2026-04-05T18:00:00+03:00,2026-04,EBM0426,2500.3550894043765,EPIAS_VEP:EBM0426,True,False,False
2026-04-05T16:00:00+00:00,2026-04-05T19:00:00+03:00,2026-04,EBM0426,2500.3546992509587,EPIAS_VEP:EBM0426,True,False,False
2026-04-05T17:00:00+00:00,2026-04-05T20:00:00+03:00,2026-04,EBM0426,2500.354382568284,EPIAS_VEP:EBM0426,True,False,False
2026-04-05T18:00:00+00:00,2026-04-05T21:00:00+03:00,2026-04,EBM0426,2500.3541326140776,EPIAS_VEP:EBM0426,True,False,False
2026-04-05T19:00:00+00:00,2026-04-05T22:00:00+03:00,2026-04,EBM0426,2500.3539429138436,EPIAS_VEP:EBM0426,True,False,False
2026-04-05T20:00:00+00:00,2026-04-05T23:00:00+03:00,2026-04,EBM0426,2500.3538072858646,EPIAS_VEP:EBM0426,True,False,False
2026-04-05T21:00:00+00:00,2026-04-06T00:00:00+03:00,2026-04,EBM0426,2500.353719860167,EPIAS_VEP:EBM0426,True,False,False
2026-04-05T22:00:00+00:00,2026-04-06T01:00:00+03:00,2026-04,EBM0426,2500.3536750920866,EPIAS_VEP:EBM0426,True,False,False
2026-04-05T23:00:00+00:00,2026-04-06T02:00:00+03:00,2026-04,EBM0426,2500.353667771011,EPIAS_VEP:EBM0426,True,False,False
2026-04-06T00:00:00+00:00,2026-04-06T03:00:00+03:00,2026-04,EBM0426,2500.353693024858,EPIAS_VEP:EBM0426,True,False,False
2026-04-06T01:00:00+00:00,2026-04-06T04:00:00+03:00,2026-04,EBM0426,2500.353746320804,EPIAS_VEP:EBM0426,True,False,False
2026-04-06T02:00:00+00:00,2026-04-06T05:00:00+03:00,2026-04,EBM0426,2500.3538234627613,EPIAS_VEP:EBM0426,True,False,False
2026-04-06T03:00:00+00:00,2026-04-06T06:00:00+03:00,2026-04,EBM0426,2500.353920586048,EPIAS_VEP:EBM0426,True,False,False
2026-04-06T04:00:00+00:00,2026-04-06T07:00:00+03:00,2026-04,EBM0426,2500.354034149674,EPIAS_VEP:EBM0426,True,False,False
2026-04-06T05:00:00+00:00,2026-04-06T08:00:00+03:00,2026-04,EBM0426,2500.354160926629,EPIAS_VEP:EBM0426,True,False,False
2026-04-06T06:00:00+00:00,2026-04-06T09:00:00+03:00,2026-04,EBM0426,2500.3542979925232,EPIAS_VEP:EBM0426,True,False,False
2026-04-06T07:00:00+00:00,2026-04-06T10:00:00+03:00,2026-04,EBM0426,2500.3544427129136,EPIAS_VEP:EBM0426,True,False,False
2026-04-06T08:00:00+00:00,2026-04-06T11:00:00+03:00,2026-04,EBM0426,2500.3545927295963,EPIAS_VEP:EBM0426,True,False,False
2026-04-06T09:00:00+00:00,2026-04-06T12:00:00+03:00,2026-04,EBM0426,2500.3547459461347,EPIAS_VEP:EBM0426,True,False,False
2026-04-06T10:00:00+00:00,2026-04-06T13:00:00+03:00,2026-04,EBM0426,2500.354900512856,EPIAS_VEP:EBM0426,True,False,False
2026-04-06T11:00:00+00:00,2026-04-06T14:00:00+03:00,2026-04,EBM0426,2500.3550548115318,EPIAS_VEP:EBM0426,True,False,False
2026-04-06T12:00:00+00:00,2026-04-06T15:00:00+03:00,2026-04,EBM0426,2500.3552074399186,EPIAS_VEP:EBM0426,True,False,False
2026-04-06T13:00:00+00:00,2026-04-06T16:00:00+03:00,2026-04,EBM0426,2500.35535719633,EPIAS_VEP:EBM0426,True,False,False
2026-04-06T14:00:00+00:00,2026-04-06T17:00:00+03:00,2026-04,EBM0426,2500.355503064372,EPIAS_VEP:EBM0426,True,False,False
2026-04-06T15:00:00+00:00,2026-04-06T18:00:00+03:00,2026-04,EBM0426,2500.35564419797,EPIAS_VEP:EBM0426,True,False,False
2026-04-06T16:00:00+00:00,2026-04-06T19:00:00+03:00,2026-04,EBM0426,2500.355779906778,EPIAS_VEP:EBM0426,True,False,False
2026-04-06T17:00:00+00:00,2026-04-06T20:00:00+03:00,2026-04,EBM0426,2500.35590964207,EPIAS_VEP:EBM0426,True,False,False
2026-04-06T18:00:00+00:00,2026-04-06T21:00:00+03:00,2026-04,EBM0426,2500.3560329831685,EPIAS_VEP:EBM0426,True,False,False
2026-04-06T19:00:00+00:00,2026-04-06T22:00:00+03:00,2026-04,EBM0426,2500.356149624469,EPIAS_VEP:EBM0426,True,False,False
2026-04-06T20:00:00+00:00,2026-04-06T23:00:00+03:00,2026-04,EBM0426,2500.356259363106,EPIAS_VEP:EBM0426,True,False,False
2026-04-06T21:00:00+00:00,2026-04-07T00:00:00+03:00,2026-04,EBM0426,2500.356362087292,EPIAS_VEP:EBM0426,True,False,False
2026-04-06T22:00:00+00:00,2026-04-07T01:00:00+03:00,2026-04,EBM0426,2500.35645776534,EPIAS_VEP:EBM0426,True,False,False
2026-04-06T23:00:00+00:00,2026-04-07T02:00:00+03:00,2026-04,EBM0426,2500.3565464353924,EPIAS_VEP:EBM0426,True,False,False
2026-04-07T00:00:00+00:00,2026-04-07T03:00:00+03:00,2026-04,EBM0426,2500.356628195851,EPIAS_VEP:EBM0426,True,False,False
2026-04-07T01:00:00+00:00,2026-04-07T04:00:00+03:00,2026-04,EBM0426,2500.356703196514,EPIAS_VEP:EBM0426,True,False,False
2026-04-07T02:00:00+00:00,2026-04-07T05:00:00+03:00,2026-04,EBM0426,2500.356771630397,EPIAS_VEP:EBM0426,True,False,False
2026-04-07T03:00:00+00:00,2026-04-07T06:00:00+03:00,2026-04,EBM0426,2500.356833726234,EPIAS_VEP:EBM0426,True,False,False
2026-04-07T04:00:00+00:00,2026-04-07T07:00:00+03:00,2026-04,EBM0426,2500.356889741636,EPIAS_VEP:EBM0426,True,False,False
2026-04-07T05:00:00+00:00,2026-04-07T08:00:00+03:00,2026-04,EBM0426,2500.3569399568805,EPIAS_VEP:EBM0426,True,False,False
2026-04-07T06:00:00+00:00,2026-04-07T09:00:00+03:00,2026-04,EBM0426,2500.3569846693104,EPIAS_VEP:EBM0426,True,False,False
2026-04-07T07:00:00+00:00,2026-04-07T10:00:00+03:00,2026-04,EBM0426,2500.3570241883103,EPIAS_VEP:EBM0426,True,False,False
2026-04-07T08:00:00+00:00,2026-04-07T11:00:00+03:00,2026-04,EBM0426,2500.3570588308366,EPIAS_VEP:EBM0426,True,False,False
2026-04-07T09:00:00+00:00,2026-04-07T12:00:00+03:00,2026-04,EBM0426,2500.3570889174644,EPIAS_VEP:EBM0426,True,False,False
2026-04-07T10:00:00+00:00,2026-04-07T13:00:00+03:00,2026-04,EBM0426,2500.3571147689217,EPIAS_VEP:EBM0426,True,False,False
2026-04-07T11:00:00+00:00,2026-04-07T14:00:00+03:00,2026-04,EBM0426,2500.3571367030854,EPIAS_VEP:EBM0426,True,False,False
2026-04-07T12:00:00+00:00,2026-04-07T15:00:00+03:00,2026-04,EBM0426,2500.3571550323923,EPIAS_VEP:EBM0426,True,False,False
2026-04-07T13:00:00+00:00,2026-04-07T16:00:00+03:00,2026-04,EBM0426,2500.3571700616462,EPIAS_VEP:EBM0426,True,False,False
2026-04-07T14:00:00+00:00,2026-04-07T17:00:00+03:00,2026-04,EBM0426,2500.3571820861866,EPIAS_VEP:EBM0426,True,False,False
2026-04-07T15:00:00+00:00,2026-04-07T18:00:00+03:00,2026-04,EBM0426,2500.357191390385,EPIAS_VEP:EBM0426,True,False,False
2026-04-07T16:00:00+00:00,2026-04-07T19:00:00+03:00,2026-04,EBM0426,2500.357198246444,EPIAS_VEP:EBM0426,True,False,False
2026-04-07T17:00:00+00:00,2026-04-07T20:00:00+03:00,2026-04,EBM0426,2500.3572029134616,EPIAS_VEP:EBM0426,True,False,False
2026-04-07T18:00:00+00:00,2026-04-07T21:00:00+03:00,2026-04,EBM0426,2500.3572056367484,EPIAS_VEP:EBM0426,True,False,False
2026-04-07T19:00:00+00:00,2026-04-07T22:00:00+03:00,2026-04,EBM0426,2500.357206647361,EPIAS_VEP:EBM0426,True,False,False
2026-04-07T20:00:00+00:00,2026-04-07T23:00:00+03:00,2026-04,EBM0426,2500.3572061618315,EPIAS_VEP:EBM0426,True,False,False
2026-04-07T21:00:00+00:00,2026-04-08T00:00:00+03:00,2026-04,EBM0426,2500.3572043820627,EPIAS_VEP:EBM0426,True,False,False
2026-04-07T22:00:00+00:00,2026-04-08T01:00:00+03:00,2026-04,EBM0426,2500.357201495381,EPIAS_VEP:EBM0426,True,False,False
2026-04-07T23:00:00+00:00,2026-04-08T02:00:00+03:00,2026-04,EBM0426,2500.357197674715,EPIAS_VEP:EBM0426,True,False,False
2026-04-08T00:00:00+00:00,2026-04-08T03:00:00+03:00,2026-04,EBM0426,2500.357193078878,EPIAS_VEP:EBM0426,True,False,False
2026-04-08T01:00:00+00:00,2026-04-08T04:00:00+03:00,2026-04,EBM0426,2500.357187852957,EPIAS_VEP:EBM0426,True,False,False
2026-04-08T02:00:00+00:00,2026-04-08T05:00:00+03:00,2026-04,EBM0426,2500.357182128767,EPIAS_VEP:EBM0426,True,False,False
2026-04-08T03:00:00+00:00,2026-04-08T06:00:00+03:00,2026-04,EBM0426,2500.3571760253767,EPIAS_VEP:EBM0426,True,False,False
2026-04-08T04:00:00+00:00,2026-04-08T07:00:00+03:00,2026-04,EBM0426,2500.3571696496783,EPIAS_VEP:EBM0426,True,False,False
2026-04-08T05:00:00+00:00,2026-04-08T08:00:00+03:00,2026-04,EBM0426,2500.357163097,EPIAS_VEP:EBM0426,True,False,False
2026-04-08T06:00:00+00:00,2026-04-08T09:00:00+03:00,2026-04,EBM0426,2500.357156451743,EPIAS_VEP:EBM0426,True,False,False
2026-04-08T07:00:00+00:00,2026-04-08T10:00:00+03:00,2026-04,EBM0426,2500.357149788034,EPIAS_VEP:EBM0426,True,False,False
2026-04-08T08:00:00+00:00,2026-04-08T11:00:00+03:00,2026-04,EBM0426,2500.3571431703945,EPIAS_VEP:EBM0426,True,False,False
2026-04-08T09:00:00+00:00,2026-04-08T12:00:00+03:00,2026-04,EBM0426,2500.357136654403,EPIAS_VEP:EBM0426,True,False,False
2026-04-08T10:00:00+00:00,2026-04-08T13:00:00+03:00,2026-04,EBM0426,2500.3571302873597,EPIAS_VEP:EBM0426,True,False,False
2026-04-08T11:00:00+00:00,2026-04-08T14:00:00+03:00,2026-04,EBM0426,2500.357124108938,EPIAS_VEP:EBM0426,True,False,False
2026-04-08T12:00:00+00:00,2026-04-08T15:00:00+03:00,2026-04,EBM0426,2500.35711815182,EPIAS_VEP:EBM0426,True,False,False
2026-04-08T13:00:00+00:00,2026-04-08T16:00:00+03:00,2026-04,EBM0426,2500.3571124423133,EPIAS_VEP:EBM0426,True,False,False
2026-04-08T14:00:00+00:00,2026-04-08T17:00:00+03:00,2026-04,EBM0426,2500.35710700095,EPIAS_VEP:EBM0426,True,False,False
2026-04-08T15:00:00+00:00,2026-04-08T18:00:00+03:00,2026-04,EBM0426,2500.3571018430557,EPIAS_VEP:EBM0426,True,False,False
2026-04-08T16:00:00+00:00,2026-04-08T19:00:00+03:00,2026-04,EBM0426,2500.357096979293,EPIAS_VEP:EBM0426,True,False,False
2026-04-08T17:00:00+00:00,2026-04-08T20:00:00+03:00,2026-04,EBM0426,2500.3570924161745,EPIAS_VEP:EBM0426,True,False,False
2026-04-08T18:00:00+00:00,2026-04-08T21:00:00+03:00,2026-04,EBM0426,2500.3570881565524,EPIAS_VEP:EBM0426,True,False,False
2026-04-08T19:00:00+00:00,2026-04-08T22:00:00+03:00,2026-04,EBM0426,2500.3570842000763,EPIAS_VEP:EBM0426,True,False,False
2026-04-08T20:00:00+00:00,2026-04-08T23:00:00+03:00,2026-04,EBM0426,2500.357080543618,EPIAS_VEP:EBM0426,True,False,False
2026-04-08T21:00:00+00:00,2026-04-09T00:00:00+03:00,2026-04,EBM0426,2500.3570771816653,EPIAS_VEP:EBM0426,True,False,False
2026-04-08T22:00:00+00:00,2026-04-09T01:00:00+03:00,2026-04,EBM0426,2500.3570741066906,EPIAS_VEP:EBM0426,True,False,False
2026-04-08T23:00:00+00:00,2026-04-09T02:00:00+03:00,2026-04,EBM0426,2500.357071309486,EPIAS_VEP:EBM0426,True,False,False
2026-04-09T00:00:00+00:00,2026-04-09T03:00:00+03:00,2026-04,EBM0426,2500.3570687794695,EPIAS_VEP:EBM0426,True,False,False
2026-04-09T01:00:00+00:00,2026-04-09T04:00:00+03:00,2026-04,EBM0426,2500.3570665049665,EPIAS_VEP:EBM0426,True,False,False
2026-04-09T02:00:00+00:00,2026-04-09T05:00:00+03:00,2026-04,EBM0426,2500.3570644734614,EPIAS_VEP:EBM0426,True,False,False
2026-04-09T03:00:00+00:00,2026-04-09T06:00:00+03:00,2026-04,EBM0426,2500.3570626718233,EPIAS_VEP:EBM0426,True,False,False
2026-04-09T04:00:00+00:00,2026-04-09T07:00:00+03:00,2026-04,EBM0426,2500.357061086513,EPIAS_VEP:EBM0426,True,False,False
2026-04-09T05:00:00+00:00,2026-04-09T08:00:00+03:00,2026-04,EBM0426,2500.357059703762,EPIAS_VEP:EBM0426,True,False,False
2026-04-09T06:00:00+00:00,2026-04-09T09:00:00+03:00,2026-04,EBM0426,2500.3570585097295,EPIAS_VEP:EBM0426,True,False,False
2026-04-09T07:00:00+00:00,2026-04-09T10:00:00+03:00,2026-04,EBM0426,2500.3570574906425,EPIAS_VEP:EBM0426,True,False,False
2026-04-09T08:00:00+00:00,2026-04-09T11:00:00+03:00,2026-04,EBM0426,2500.357056632916,EPIAS_VEP:EBM0426,True,False,False
2026-04-09T09:00:00+00:00,2026-04-09T12:00:00+03:00,2026-04,EBM0426,2500.357055923253,EPIAS_VEP:EBM0426,True,False,False
2026-04-09T10:00:00+00:00,2026-04-09T13:00:00+03:00,2026-04,EBM0426,2500.3570553487316,EPIAS_VEP:EBM0426,True,False,False
2026-04-09T11:00:00+00:00,2026-04-09T14:00:00+03:00,2026-04,EBM0426,2500.3570548968737,EPIAS_VEP:EBM0426,True,False,False
2026-04-09T12:00:00+00:00,2026-04-09T15:00:00+03:00,2026-04,EBM0426,2500.3570545557036,EPIAS_VEP:EBM0426,True,False,False
2026-04-09T13:00:00+00:00,2026-04-09T16:00:00+03:00,2026-04,EBM0426,2500.3570543137953,EPIAS_VEP:EBM0426,True,False,False
2026-04-09T14:00:00+00:00,2026-04-09T17:00:00+03:00,2026-04,EBM0426,2500.3570541603053,EPIAS_VEP:EBM0426,True,False,False
2026-04-09T15:00:00+00:00,2026-04-09T18:00:00+03:00,2026-04,EBM0426,2500.3570540849987,EPIAS_VEP:EBM0426,True,False,False
2026-04-09T16:00:00+00:00,2026-04-09T19:00:00+03:00,2026-04,EBM0426,2500.3570540782607,EPIAS_VEP:EBM0426,True,False,False
2026-04-09T17:00:00+00:00,2026-04-09T20:00:00+03:00,2026-04,EBM0426,2500.357054131109,EPIAS_VEP:EBM0426,True,False,False
2026-04-09T18:00:00+00:00,2026-04-09T21:00:00+03:00,2026-04,EBM0426,2500.3570542351904,EPIAS_VEP:EBM0426,True,False,False
2026-04-09T19:00:00+00:00,2026-04-09T22:00:00+03:00,2026-04,EBM0426,2500.3570543827773,EPIAS_VEP:EBM0426,True,False,False
2026-04-09T20:00:00+00:00,2026-04-09T23:00:00+03:00,2026-04,EBM0426,2500.3570545667567,EPIAS_VEP:EBM0426,True,False,False
2026-04-09T21:00:00+00:00,2026-04-10T00:00:00+03:00,2026-04,EBM0426,2500.357054780614,EPIAS_VEP:EBM0426,True,False,False
2026-04-09T22:00:00+00:00,2026-04-10T01:00:00+03:00,2026-04,EBM0426,2500.3570550184154,EPIAS_VEP:EBM0426,True,False,False
2026-04-09T23:00:00+00:00,2026-04-10T02:00:00+03:00,2026-04,EBM0426,2500.357055274788,EPIAS_VEP:EBM0426,True,False,False
2026-04-10T00:00:00+00:00,2026-04-10T03:00:00+03:00,2026-04,EBM0426,2500.3570555448937,EPIAS_VEP:EBM0426,True,False,False
2026-04-10T01:00:00+00:00,2026-04-10T04:00:00+03:00,2026-04,EBM0426,2500.357055824407,EPIAS_VEP:EBM0426,True,False,False
2026-04-10T02:00:00+00:00,2026-04-10T05:00:00+03:00,2026-04,EBM0426,2500.3570561094825,EPIAS_VEP:EBM0426,True,False,False
2026-04-10T03:00:00+00:00,2026-04-10T06:00:00+03:00,2026-04,EBM0426,2500.357056396731,EPIAS_VEP:EBM0426,True,False,False
2026-04-10T04:00:00+00:00,2026-04-10T07:00:00+03:00,2026-04,EBM0426,2500.3570566831886,EPIAS_VEP:EBM0426,True,False,False
2026-04-10T05:00:00+00:00,2026-04-10T08:00:00+03:00,2026-04,EBM0426,2500.35705696629,EPIAS_VEP:EBM0426,True,False,False
2026-04-10T06:00:00+00:00,2026-04-10T09:00:00+03:00,2026-04,EBM0426,2500.3570572438402,EPIAS_VEP:EBM0426,True,False,False
2026-04-10T07:00:00+00:00,2026-04-10T10:00:00+03:00,2026-04,EBM0426,2500.3570575139856,EPIAS_VEP:EBM0426,True,False,False
2026-04-10T08:00:00+00:00,2026-04-10T11:00:00+03:00,2026-04,EBM0426,2500.3570577751866,EPIAS_VEP:EBM0426,True,False,False
2026-04-10T09:00:00+00:00,2026-04-10T12:00:00+03:00,2026-04,EBM0426,2500.3570580261903,EPIAS_VEP:EBM0426,True,False,False
2026-04-10T10:00:00+00:00,2026-04-10T13:00:00+03:00,2026-04,EBM0426,2500.3570582660036,EPIAS_VEP:EBM0426,True,False,False
2026-04-10T11:00:00+00:00,2026-04-10T14:00:00+03:00,2026-04,EBM0426,2500.3570584938666,EPIAS_VEP:EBM0426,True,False,False
2026-04-10T12:00:00+00:00,2026-04-10T15:00:00+03:00,2026-04,EBM0426,2500.357058709232,EPIAS_VEP:EBM0426,True,False,False
2026-04-10T13:00:00+00:00,2026-04-10T16:00:00+03:00,2026-04,EBM0426,2500.3570589117426,EPIAS_VEP:EBM0426,True,False,False
2026-04-10T14:00:00+00:00,2026-04-10T17:00:00+03:00,2026-04,EBM0426,2500.357059101206,EPIAS_VEP:EBM0426,True,False,False
2026-04-10T15:00:00+00:00,2026-04-10T18:00:00+03:00,2026-04,EBM0426,2500.357059277578,EPIAS_VEP:EBM0426,True,False,False
2026-04-10T16:00:00+00:00,2026-04-10T19:00:00+03:00,2026-04,EBM0426,2500.3570594409416,EPIAS_VEP:EBM0426,True,False,False
2026-04-10T17:00:00+00:00,2026-04-10T20:00:00+03:00,2026-04,EBM0426,2500.3570595914907,EPIAS_VEP:EBM0426,True,False,False
2026-04-10T18:00:00+00:00,2026-04-10T21:00:00+03:00,2026-04,EBM0426,2500.3570597295134,EPIAS_VEP:EBM0426,True,False,False
2026-04-10T19:00:00+00:00,2026-04-10T22:00:00+03:00,2026-04,EBM0426,2500.357059855374,EPIAS_VEP:EBM0426,True,False,False
2026-04-10T20:00:00+00:00,2026-04-10T23:00:00+03:00,2026-04,EBM0426,2500.3570599695036,EPIAS_VEP:EBM0426,True,False,False
2026-04-10T21:00:00+00:00,2026-04-11T00:00:00+03:00,2026-04,EBM0426,2500.357060072385,EPIAS_VEP:EBM0426,True,False,False
2026-04-10T22:00:00+00:00,2026-04-11T01:00:00+03:00,2026-04,EBM0426,2500.357060164542,EPIAS_VEP:EBM0426,True,False,False
2026-04-10T23:00:00+00:00,2026-04-11T02:00:00+03:00,2026-04,EBM0426,2500.357060246528,EPIAS_VEP:EBM0426,True,False,False
2026-04-11T00:00:00+00:00,2026-04-11T03:00:00+03:00,2026-04,EBM0426,2500.357060318919,EPIAS_VEP:EBM0426,True,False,False
2026-04-11T01:00:00+00:00,2026-04-11T04:00:00+03:00,2026-04,EBM0426,2500.3570603823064,EPIAS_VEP:EBM0426,True,False,False
2026-04-11T02:00:00+00:00,2026-04-11T05:00:00+03:00,2026-04,EBM0426,2500.357060437287,EPIAS_VEP:EBM0426,True,False,False
2026-04-11T03:00:00+00:00,2026-04-11T06:00:00+03:00,2026-04,EBM0426,2500.357060484458,EPIAS_VEP:EBM0426,True,False,False
2026-04-11T04:00:00+00:00,2026-04-11T07:00:00+03:00,2026-04,EBM0426,2500.3570605244095,EPIAS_VEP:EBM0426,True,False,False
2026-04-11T05:00:00+00:00,2026-04-11T08:00:00+03:00,2026-04,EBM0426,2500.35706055772,EPIAS_VEP:EBM0426,True,False,False
2026-04-11T06:00:00+00:00,2026-04-11T09:00:00+03:00,2026-04,EBM0426,2500.357060584956,EPIAS_VEP:EBM0426,True,False,False
2026-04-11T07:00:00+00:00,2026-04-11T10:00:00+03:00,2026-04,EBM0426,2500.357060606663,EPIAS_VEP:EBM0426,True,False,False
2026-04-11T08:00:00+00:00,2026-04-11T11:00:00+03:00,2026-04,EBM0426,2500.3570606233657,EPIAS_VEP:EBM0426,True,False,False
2026-04-11T09:00:00+00:00,2026-04-11T12:00:00+03:00,2026-04,EBM0426,2500.357060635567,EPIAS_VEP:EBM0426,True,False,False
2026-04-11T10:00:00+00:00,2026-04-11T13:00:00+03:00,2026-04,EBM0426,2500.357060643744,EPIAS_VEP:EBM0426,True,False,False
2026-04-11T11:00:00+00:00,2026-04-11T14:00:00+03:00,2026-04,EBM0426,2500.3570606483504,EPIAS_VEP:EBM0426,True,False,False
2026-04-11T12:00:00+00:00,2026-04-11T15:00:00+03:00,2026-04,EBM0426,2500.3570606498142,EPIAS_VEP:EBM0426,True,False,False
2026-04-11T13:00:00+00:00,2026-04-11T16:00:00+03:00,2026-04,EBM0426,2500.357060648534,EPIAS_VEP:EBM0426,True,False,False
2026-04-11T14:00:00+00:00,2026-04-11T17:00:00+03:00,2026-04,EBM0426,2500.357060644884,EPIAS_VEP:EBM0426,True,False,False
2026-04-11T15:00:00+00:00,2026-04-11T18:00:00+03:00,2026-04,EBM0426,2500.3570606392104,EPIAS_VEP:EBM0426,True,False,False
2026-04-11T16:00:00+00:00,2026-04-11T19:00:00+03:00,2026-04,EBM0426,2500.3570606318344,EPIAS_VEP:EBM0426,True,False,False
2026-04-11T17:00:00+00:00,2026-04-11T20:00:00+03:00,2026-04,EBM0426,2500.3570606230487,EPIAS_VEP:EBM0426,True,False,False
2026-04-11T18:00:00+00:00,2026-04-11T21:00:00+03:00,2026-04,EBM0426,2500.3570606131216,EPIAS_VEP:EBM0426,True,False,False
2026-04-11T19:00:00+00:00,2026-04-11T22:00:00+03:00,2026-04,EBM0426,2500.3570606022963,EPIAS_VEP:EBM0426,True,False,False
2026-04-11T20:00:00+00:00,2026-04-11T23:00:00+03:00,2026-04,EBM0426,2500.3570605907926,EPIAS_VEP:EBM0426,True,False,False
2026-04-11T21:00:00+00:00,2026-04-12T00:00:00+03:00,2026-04,EBM0426,2500.3570605788077,EPIAS_VEP:EBM0426,True,False,False
2026-04-11T22:00:00+00:00,2026-04-12T01:00:00+03:00,2026-04,EBM0426,2500.357060566519,EPIAS_VEP:EBM0426,True,False,False
2026-04-11T23:00:00+00:00,2026-04-12T02:00:00+03:00,2026-04,EBM0426,2500.357060554082,EPIAS_VEP:EBM0426,True,False,False
2026-04-12T00:00:00+00:00,2026-04-12T03:00:00+03:00,2026-04,EBM0426,2500.357060541633,EPIAS_VEP:EBM0426,True,False,False
2026-04-12T01:00:00+00:00,2026-04-12T04:00:00+03:00,2026-04,EBM0426,2500.3570605292894,EPIAS_VEP:EBM0426,True,False,False
2026-04-12T02:00:00+00:00,2026-04-12T05:00:00+03:00,2026-04,EBM0426,2500.357060517154,EPIAS_VEP:EBM0426,True,False,False
2026-04-12T03:00:00+00:00,2026-04-12T06:00:00+03:00,2026-04,EBM0426,2500.3570605053137,EPIAS_VEP:EBM0426,True,False,False
2026-04-12T04:00:00+00:00,2026-04-12T07:00:00+03:00,2026-04,EBM0426,2500.3570604938395,EPIAS_VEP:EBM0426,True,False,False
2026-04-12T05:00:00+00:00,2026-04-12T08:00:00+03:00,2026-04,EBM0426,2500.357060482789,EPIAS_VEP:EBM0426,True,False,False
2026-04-12T06:00:00+00:00,2026-04-12T09:00:00+03:00,2026-04,EBM0426,2500.357060472211,EPIAS_VEP:EBM0426,True,False,False
2026-04-12T07:00:00+00:00,2026-04-12T10:00:00+03:00,2026-04,EBM0426,2500.3570604621427,EPIAS_VEP:EBM0426,True,False,False
2026-04-12T08:00:00+00:00,2026-04-12T11:00:00+03:00,2026-04,EBM0426,2500.3570604526126,EPIAS_VEP:EBM0426,True,False,False
2026-04-12T09:00:00+00:00,2026-04-12T12:00:00+03:00,2026-04,EBM0426,2500.357060443638,EPIAS_VEP:EBM0426,True,False,False
2026-04-12T10:00:00+00:00,2026-04-12T13:00:00+03:00,2026-04,EBM0426,2500.357060435231,EPIAS_VEP:EBM0426,True,False,False
2026-04-12T11:00:00+00:00,2026-04-12T14:00:00+03:00,2026-04,EBM0426,2500.3570604273946,EPIAS_VEP:EBM0426,True,False,False
2026-04-12T12:00:00+00:00,2026-04-12T15:00:00+03:00,2026-04,EBM0426,2500.357060420129,EPIAS_VEP:EBM0426,True,False,False
2026-04-12T13:00:00+00:00,2026-04-12T16:00:00+03:00,2026-04,EBM0426,2500.357060413428,EPIAS_VEP:EBM0426,True,False,False
2026-04-12T14:00:00+00:00,2026-04-12T17:00:00+03:00,2026-04,EBM0426,2500.3570604072797,EPIAS_VEP:EBM0426,True,False,False
2026-04-12T15:00:00+00:00,2026-04-12T18:00:00+03:00,2026-04,EBM0426,2500.35706040167,EPIAS_VEP:EBM0426,True,False,False
2026-04-12T16:00:00+00:00,2026-04-12T19:00:00+03:00,2026-04,EBM0426,2500.357060396581,EPIAS_VEP:EBM0426,True,False,False
2026-04-12T17:00:00+00:00,2026-04-12T20:00:00+03:00,2026-04,EBM0426,2500.3570603919907,EPIAS_VEP:EBM0426,True,False,False
2026-04-12T18:00:00+00:00,2026-04-12T21:00:00+03:00,2026-04,EBM0426,2500.3570603878766,EPIAS_VEP:EBM0426,True,False,False
2026-04-12T19:00:00+00:00,2026-04-12T22:00:00+03:00,2026-04,EBM0426,2500.357060384215,EPIAS_VEP:EBM0426,True,False,False
2026-04-12T20:00:00+00:00,2026-04-12T23:00:00+03:00,2026-04,EBM0426,2500.3570603809817,EPIAS_VEP:EBM0426,True,False,False
2026-04-12T21:00:00+00:00,2026-04-13T00:00:00+03:00,2026-04,EBM0426,2500.357060378151,EPIAS_VEP:EBM0426,True,False,False
2026-04-12T22:00:00+00:00,2026-04-13T01:00:00+03:00,2026-04,EBM0426,2500.357060375698,EPIAS_VEP:EBM0426,True,False,False
2026-04-12T23:00:00+00:00,2026-04-13T02:00:00+03:00,2026-04,EBM0426,2500.357060373598,EPIAS_VEP:EBM0426,True,False,False
2026-04-13T00:00:00+00:00,2026-04-13T03:00:00+03:00,2026-04,EBM0426,2500.357060371825,EPIAS_VEP:EBM0426,True,False,False
2026-04-13T01:00:00+00:00,2026-04-13T04:00:00+03:00,2026-04,EBM0426,2500.3570603703533,EPIAS_VEP:EBM0426,True,False,False
2026-04-13T02:00:00+00:00,2026-04-13T05:00:00+03:00,2026-04,EBM0426,2500.3570603691574,EPIAS_VEP:EBM0426,True,False,False
2026-04-13T03:00:00+00:00,2026-04-13T06:00:00+03:00,2026-04,EBM0426,2500.357060368211,EPIAS_VEP:EBM0426,True,False,False
2026-04-13T04:00:00+00:00,2026-04-13T07:00:00+03:00,2026-04,EBM0426,2500.3570603674893,EPIAS_VEP:EBM0426,True,False,False
2026-04-13T05:00:00+00:00,2026-04-13T08:00:00+03:00,2026-04,EBM0426,2500.3570603669696,EPIAS_VEP:EBM0426,True,False,False
2026-04-13T06:00:00+00:00,2026-04-13T09:00:00+03:00,2026-04,EBM0426,2500.3570603666303,EPIAS_VEP:EBM0426,True,False,False
2026-04-13T07:00:00+00:00,2026-04-13T10:00:00+03:00,2026-04,EBM0426,2500.357060366451,EPIAS_VEP:EBM0426,True,False,False
2026-04-13T08:00:00+00:00,2026-04-13T11:00:00+03:00,2026-04,EBM0426,2500.3570603664134,EPIAS_VEP:EBM0426,True,False,False
2026-04-13T09:00:00+00:00,2026-04-13T12:00:00+03:00,2026-04,EBM0426,2500.3570603664984,EPIAS_VEP:EBM0426,True,False,False
2026-04-13T10:00:00+00:00,2026-04-13T13:00:00+03:00,2026-04,EBM0426,2500.357060366689,EPIAS_VEP:EBM0426,True,False,False
2026-04-13T11:00:00+00:00,2026-04-13T14:00:00+03:00,2026-04,EBM0426,2500.3570603669696,EPIAS_VEP:EBM0426,True,False,False
2026-04-13T12:00:00+00:00,2026-04-13T15:00:00+03:00,2026-04,EBM0426,2500.357060367325,EPIAS_VEP:EBM0426,True,False,False
2026-04-13T13:00:00+00:00,2026-04-13T16:00:00+03:00,2026-04,EBM0426,2500.3570603677426,EPIAS_VEP:EBM0426,True,False,False
2026-04-13T14:00:00+00:00,2026-04-13T17:00:00+03:00,2026-04,EBM0426,2500.3570603682087,EPIAS_VEP:EBM0426,True,False,False
2026-04-13T15:00:00+00:00,2026-04-13T18:00:00+03:00,2026-04,EBM0426,2500.357060368712,EPIAS_VEP:EBM0426,True,False,False
2026-04-13T16:00:00+00:00,2026-04-13T19:00:00+03:00,2026-04,EBM0426,2500.357060369243,EPIAS_VEP:EBM0426,True,False,False
2026-04-13T17:00:00+00:00,2026-04-13T20:00:00+03:00,2026-04,EBM0426,2500.3570603697917,EPIAS_VEP:EBM0426,True,False,False
2026-04-13T18:00:00+00:00,2026-04-13T21:00:00+03:00,2026-04,EBM0426,2500.3570603703497,EPIAS_VEP:EBM0426,True,False,False
2026-04-13T19:00:00+00:00,2026-04-13T22:00:00+03:00,2026-04,EBM0426,2500.35706037091,EPIAS_VEP:EBM0426,True,False,False
2026-04-13T20:00:00+00:00,2026-04-13T23:00:00+03:00,2026-04,EBM0426,2500.357060371466,EPIAS_VEP:EBM0426,True,False,False
2026-04-13T21:00:00+00:00,2026-04-14T00:00:00+03:00,2026-04,EBM0426,2500.357060372013,EPIAS_VEP:EBM0426,True,False,False
2026-04-13T22:00:00+00:00,2026-04-14T01:00:00+03:00,2026-04,EBM0426,2500.357060372546,EPIAS_VEP:EBM0426,True,False,False
2026-04-13T23:00:00+00:00,2026-04-14T02:00:00+03:00,2026-04,EBM0426,2500.357060373062,EPIAS_VEP:EBM0426,True,False,False
2026-04-14T00:00:00+00:00,2026-04-14T03:00:00+03:00,2026-04,EBM0426,2500.357060373558,EPIAS_VEP:EBM0426,True,False,False
2026-04-14T01:00:00+00:00,2026-04-14T04:00:00+03:00,2026-04,EBM0426,2500.3570603740336,EPIAS_VEP:EBM0426,True,False,False
2026-04-14T02:00:00+00:00,2026-04-14T05:00:00+03:00,2026-04,EBM0426,2500.357060374487,EPIAS_VEP:EBM0426,True,False,False
2026-04-14T03:00:00+00:00,2026-04-14T06:00:00+03:00,2026-04,EBM0426,2500.357060374917,EPIAS_VEP:EBM0426,True,False,False
2026-04-14T04:00:00+00:00,2026-04-14T07:00:00+03:00,2026-04,EBM0426,2500.3570603753237,EPIAS_VEP:EBM0426,True,False,False
2026-04-14T05:00:00+00:00,2026-04-14T08:00:00+03:00,2026-04,EBM0426,2500.357060375706,EPIAS_VEP:EBM0426,True,False,False
2026-04-14T06:00:00+00:00,2026-04-14T09:00:00+03:00,2026-04,EBM0426,2500.357060376064,EPIAS_VEP:EBM0426,True,False,False
2026-04-14T07:00:00+00:00,2026-04-14T10:00:00+03:00,2026-04,EBM0426,2500.357060376398,EPIAS_VEP:EBM0426,True,False,False
2026-04-14T08:00:00+00:00,2026-04-14T11:00:00+03:00,2026-04,EBM0426,2500.357060376706,EPIAS_VEP:EBM0426,True,False,False
2026-04-14T09:00:00+00:00,2026-04-14T12:00:00+03:00,2026-04,EBM0426,2500.3570603769886,EPIAS_VEP:EBM0426,True,False,False
2026-04-14T10:00:00+00:00,2026-04-14T13:00:00+03:00,2026-04,EBM0426,2500.357060377247,EPIAS_VEP:EBM0426,True,False,False
2026-04-14T11:00:00+00:00,2026-04-14T14:00:00+03:00,2026-04,EBM0426,2500.357060377483,EPIAS_VEP:EBM0426,True,False,False
2026-04-14T12:00:00+00:00,2026-04-14T15:00:00+03:00,2026-04,EBM0426,2500.357060377698,EPIAS_VEP:EBM0426,True,False,False
2026-04-14T13:00:00+00:00,2026-04-14T16:00:00+03:00,2026-04,EBM0426,2500.3570603778917,EPIAS_VEP:EBM0426,True,False,False
2026-04-14T14:00:00+00:00,2026-04-14T17:00:00+03:00,2026-04,EBM0426,2500.3570603780654,EPIAS_VEP:EBM0426,True,False,False
2026-04-14T15:00:00+00:00,2026-04-14T18:00:00+03:00,2026-04,EBM0426,2500.3570603782223,EPIAS_VEP:EBM0426,True,False,False
2026-04-14T16:00:00+00:00,2026-04-14T19:00:00+03:00,2026-04,EBM0426,2500.357060378364,EPIAS_VEP:EBM0426,True,False,False
2026-04-14T17:00:00+00:00,2026-04-14T20:00:00+03:00,2026-04,EBM0426,2500.357060378492,EPIAS_VEP:EBM0426,True,False,False
2026-04-14T18:00:00+00:00,2026-04-14T21:00:00+03:00,2026-04,EBM0426,2500.3570603786065,EPIAS_VEP:EBM0426,True,False,False
2026-04-14T19:00:00+00:00,2026-04-14T22:00:00+03:00,2026-04,EBM0426,2500.357060378709,EPIAS_VEP:EBM0426,True,False,False
2026-04-14T20:00:00+00:00,2026-04-14T23:00:00+03:00,2026-04,EBM0426,2500.3570603787985,EPIAS_VEP:EBM0426,True,False,False
2026-04-14T21:00:00+00:00,2026-04-15T00:00:00+03:00,2026-04,EBM0426,2500.357060378875,EPIAS_VEP:EBM0426,True,False,False
2026-04-14T22:00:00+00:00,2026-04-15T01:00:00+03:00,2026-04,EBM0426,2500.3570603789385,EPIAS_VEP:EBM0426,True,False,False
2026-04-14T23:00:00+00:00,2026-04-15T02:00:00+03:00,2026-04,EBM0426,2500.3570603789904,EPIAS_VEP:EBM0426,True,False,False
2026-04-15T00:00:00+00:00,2026-04-15T03:00:00+03:00,2026-04,EBM0426,2500.3570603790304,EPIAS_VEP:EBM0426,True,False,False
2026-04-15T01:00:00+00:00,2026-04-15T04:00:00+03:00,2026-04,EBM0426,2500.3570603790604,EPIAS_VEP:EBM0426,True,False,False
2026-04-15T02:00:00+00:00,2026-04-15T05:00:00+03:00,2026-04,EBM0426,2500.3570603790827,EPIAS_VEP:EBM0426,True,False,False
2026-04-15T03:00:00+00:00,2026-04-15T06:00:00+03:00,2026-04,EBM0426,2500.3570603790963,EPIAS_VEP:EBM0426,True,False,False
2026-04-15T04:00:00+00:00,2026-04-15T07:00:00+03:00,2026-04,EBM0426,2500.357060379103,EPIAS_VEP:EBM0426,True,False,False
2026-04-15T05:00:00+00:00,2026-04-15T08:00:00+03:00,2026-04,EBM0426,2500.3570603791036,EPIAS_VEP:EBM0426,True,False,False
2026-04-15T06:00:00+00:00,2026-04-15T09:00:00+03:00,2026-04,EBM0426,2500.3570603790986,EPIAS_VEP:EBM0426,True,False,False
2026-04-15T07:00:00+00:00,2026-04-15T10:00:00+03:00,2026-04,EBM0426,2500.357060379088,EPIAS_VEP:EBM0426,True,False,False
2026-04-15T08:00:00+00:00,2026-04-15T11:00:00+03:00,2026-04,EBM0426,2500.357060379073,EPIAS_VEP:EBM0426,True,False,False
2026-04-15T09:00:00+00:00,2026-04-15T12:00:00+03:00,2026-04,EBM0426,2500.3570603790545,EPIAS_VEP:EBM0426,True,False,False
2026-04-15T10:00:00+00:00,2026-04-15T13:00:00+03:00,2026-04,EBM0426,2500.357060379031,EPIAS_VEP:EBM0426,True,False,False
2026-04-15T11:00:00+00:00,2026-04-15T14:00:00+03:00,2026-04,EBM0426,2500.357060379003,EPIAS_VEP:EBM0426,True,False,False
2026-04-15T12:00:00+00:00,2026-04-15T15:00:00+03:00,2026-04,EBM0426,2500.35706037897,EPIAS_VEP:EBM0426,True,False,False
2026-04-15T13:00:00+00:00,2026-04-15T16:00:00+03:00,2026-04,EBM0426,2500.3570603789326,EPIAS_VEP:EBM0426,True,False,False
2026-04-15T14:00:00+00:00,2026-04-15T17:00:00+03:00,2026-04,EBM0426,2500.3570603788917,EPIAS_VEP:EBM0426,True,False,False
2026-04-15T15:00:00+00:00,2026-04-15T18:00:00+03:00,2026-04,EBM0426,2500.357060378847,EPIAS_VEP:EBM0426,True,False,False
2026-04-15T16:00:00+00:00,2026-04-15T19:00:00+03:00,2026-04,EBM0426,2500.357060378799,EPIAS_VEP:EBM0426,True,False,False
2026-04-15T17:00:00+00:00,2026-04-15T20:00:00+03:00,2026-04,EBM0426,2500.357060378747,EPIAS_VEP:EBM0426,True,False,False
2026-04-15T18:00:00+00:00,2026-04-15T21:00:00+03:00,2026-04,EBM0426,2500.357060378694,EPIAS_VEP:EBM0426,True,False,False
2026-04-15T19:00:00+00:00,2026-04-15T22:00:00+03:00,2026-04,EBM0426,2500.3570603786397,EPIAS_VEP:EBM0426,True,False,False
2026-04-15T20:00:00+00:00,2026-04-15T23:00:00+03:00,2026-04,EBM0426,2500.357060378586,EPIAS_VEP:EBM0426,True,False,False
2026-04-15T21:00:00+00:00,2026-04-16T00:00:00+03:00,2026-04,EBM0426,2500.3570603785342,EPIAS_VEP:EBM0426,True,False,False
2026-04-15T22:00:00+00:00,2026-04-16T01:00:00+03:00,2026-04,EBM0426,2500.357060378486,EPIAS_VEP:EBM0426,True,False,False
2026-04-15T23:00:00+00:00,2026-04-16T02:00:00+03:00,2026-04,EBM0426,2500.3570603784424,EPIAS_VEP:EBM0426,True,False,False
2026-04-16T00:00:00+00:00,2026-04-16T03:00:00+03:00,2026-04,EBM0426,2500.3570603784033,EPIAS_VEP:EBM0426,True,False,False
2026-04-16T01:00:00+00:00,2026-04-16T04:00:00+03:00,2026-04,EBM0426,2500.357060378369,EPIAS_VEP:EBM0426,True,False,False
2026-04-16T02:00:00+00:00,2026-04-16T05:00:00+03:00,2026-04,EBM0426,2500.3570603783405,EPIAS_VEP:EBM0426,True,False,False
2026-04-16T03:00:00+00:00,2026-04-16T06:00:00+03:00,2026-04,EBM0426,2500.3570603783155,EPIAS_VEP:EBM0426,True,False,False
2026-04-16T04:00:00+00:00,2026-04-16T07:00:00+03:00,2026-04,EBM0426,2500.357060378294,EPIAS_VEP:EBM0426,True,False,False
2026-04-16T05:00:00+00:00,2026-04-16T08:00:00+03:00,2026-04,EBM0426,2500.3570603782755,EPIAS_VEP:EBM0426,True,False,False
2026-04-16T06:00:00+00:00,2026-04-16T09:00:00+03:00,2026-04,EBM0426,2500.3570603782596,EPIAS_VEP:EBM0426,True,False,False
2026-04-16T07:00:00+00:00,2026-04-16T10:00:00+03:00,2026-04,EBM0426,2500.3570603782464,EPIAS_VEP:EBM0426,True,False,False
2026-04-16T08:00:00+00:00,2026-04-16T11:00:00+03:00,2026-04,EBM0426,2500.3570603782373,EPIAS_VEP:EBM0426,True,False,False
2026-04-16T09:00:00+00:00,2026-04-16T12:00:00+03:00,2026-04,EBM0426,2500.3570603782337,EPIAS_VEP:EBM0426,True,False,False
2026-04-16T10:00:00+00:00,2026-04-16T13:00:00+03:00,2026-04,EBM0426,2500.3570603782355,EPIAS_VEP:EBM0426,True,False,False
2026-04-16T11:00:00+00:00,2026-04-16T14:00:00+03:00,2026-04,EBM0426,2500.357060378243,EPIAS_VEP:EBM0426,True,False,False
2026-04-16T12:00:00+00:00,2026-04-16T15:00:00+03:00,2026-04,EBM0426,2500.357060378257,EPIAS_VEP:EBM0426,True,False,False
2026-04-16T13:00:00+00:00,2026-04-16T16:00:00+03:00,2026-04,EBM0426,2500.357060378277,EPIAS_VEP:EBM0426,True,False,False
2026-04-16T14:00:00+00:00,2026-04-16T17:00:00+03:00,2026-04,EBM0426,2500.3570603783037,EPIAS_VEP:EBM0426,True,False,False
2026-04-16T15:00:00+00:00,2026-04-16T18:00:00+03:00,2026-04,EBM0426,2500.3570603783364,EPIAS_VEP:EBM0426,True,False,False
2026-04-16T16:00:00+00:00,2026-04-16T19:00:00+03:00,2026-04,EBM0426,2500.3570603783724,EPIAS_VEP:EBM0426,True,False,False
2026-04-16T17:00:00+00:00,2026-04-16T20:00:00+03:00,2026-04,EBM0426,2500.3570603784096,EPIAS_VEP:EBM0426,True,False,False
2026-04-16T18:00:00+00:00,2026-04-16T21:00:00+03:00,2026-04,EBM0426,2500.357060378447,EPIAS_VEP:EBM0426,True,False,False
2026-04-16T19:00:00+00:00,2026-04-16T22:00:00+03:00,2026-04,EBM0426,2500.3570603784833,EPIAS_VEP:EBM0426,True,False,False
2026-04-16T20:00:00+00:00,2026-04-16T23:00:00+03:00,2026-04,EBM0426,2500.357060378518,EPIAS_VEP:EBM0426,True,False,False
2026-04-16T21:00:00+00:00,2026-04-17T00:00:00+03:00,2026-04,EBM0426,2500.3570603785483,EPIAS_VEP:EBM0426,True,False,False
2026-04-16T22:00:00+00:00,2026-04-17T01:00:00+03:00,2026-04,EBM0426,2500.357060378574,EPIAS_VEP:EBM0426,True,False,False
2026-04-16T23:00:00+00:00,2026-04-17T02:00:00+03:00,2026-04,EBM0426,2500.3570603785956,EPIAS_VEP:EBM0426,True,False,False
2026-04-17T00:00:00+00:00,2026-04-17T03:00:00+03:00,2026-04,EBM0426,2500.3570603786143,EPIAS_VEP:EBM0426,True,False,False
2026-04-17T01:00:00+00:00,2026-04-17T04:00:00+03:00,2026-04,EBM0426,2500.357060378632,EPIAS_VEP:EBM0426,True,False,False
2026-04-17T02:00:00+00:00,2026-04-17T05:00:00+03:00,2026-04,EBM0426,2500.3570603786507,EPIAS_VEP:EBM0426,True,False,False
2026-04-17T03:00:00+00:00,2026-04-17T06:00:00+03:00,2026-04,EBM0426,2500.35706037867,EPIAS_VEP:EBM0426,True,False,False
2026-04-17T04:00:00+00:00,2026-04-17T07:00:00+03:00,2026-04,EBM0426,2500.3570603786898,EPIAS_VEP:EBM0426,True,False,False
2026-04-17T05:00:00+00:00,2026-04-17T08:00:00+03:00,2026-04,EBM0426,2500.357060378708,EPIAS_VEP:EBM0426,True,False,False
2026-04-17T06:00:00+00:00,2026-04-17T09:00:00+03:00,2026-04,EBM0426,2500.357060378724,EPIAS_VEP:EBM0426,True,False,False
2026-04-17T07:00:00+00:00,2026-04-17T10:00:00+03:00,2026-04,EBM0426,2500.3570603787352,EPIAS_VEP:EBM0426,True,False,False
2026-04-17T08:00:00+00:00,2026-04-17T11:00:00+03:00,2026-04,EBM0426,2500.3570603787407,EPIAS_VEP:EBM0426,True,False,False
2026-04-17T09:00:00+00:00,2026-04-17T12:00:00+03:00,2026-04,EBM0426,2500.3570603787407,EPIAS_VEP:EBM0426,True,False,False
2026-04-17T10:00:00+00:00,2026-04-17T13:00:00+03:00,2026-04,EBM0426,2500.357060378736,EPIAS_VEP:EBM0426,True,False,False
2026-04-17T11:00:00+00:00,2026-04-17T14:00:00+03:00,2026-04,EBM0426,2500.3570603787266,EPIAS_VEP:EBM0426,True,False,False
2026-04-17T12:00:00+00:00,2026-04-17T15:00:00+03:00,2026-04,EBM0426,2500.357060378713,EPIAS_VEP:EBM0426,True,False,False
2026-04-17T13:00:00+00:00,2026-04-17T16:00:00+03:00,2026-04,EBM0426,2500.3570603786948,EPIAS_VEP:EBM0426,True,False,False
2026-04-17T14:00:00+00:00,2026-04-17T17:00:00+03:00,2026-04,EBM0426,2500.357060378673,EPIAS_VEP:EBM0426,True,False,False
2026-04-17T15:00:00+00:00,2026-04-17T18:00:00+03:00,2026-04,EBM0426,2500.357060378646,EPIAS_VEP:EBM0426,True,False,False
2026-04-17T16:00:00+00:00,2026-04-17T19:00:00+03:00,2026-04,EBM0426,2500.3570603786143,EPIAS_VEP:EBM0426,True,False,False
2026-04-17T17:00:00+00:00,2026-04-17T20:00:00+03:00,2026-04,EBM0426,2500.357060378577,EPIAS_VEP:EBM0426,True,False,False
2026-04-17T18:00:00+00:00,2026-04-17T21:00:00+03:00,2026-04,EBM0426,2500.3570603785333,EPIAS_VEP:EBM0426,True,False,False
2026-04-17T19:00:00+00:00,2026-04-17T22:00:00+03:00,2026-04,EBM0426,2500.3570603784824,EPIAS_VEP:EBM0426,True,False,False
2026-04-17T20:00:00+00:00,2026-04-17T23:00:00+03:00,2026-04,EBM0426,2500.3570603784233,EPIAS_VEP:EBM0426,True,False,False
2026-04-17T21:00:00+00:00,2026-04-18T00:00:00+03:00,2026-04,EBM0426,2500.3570603783555,EPIAS_VEP:EBM0426,True,False,False
2026-04-17T22:00:00+00:00,2026-04-18T01:00:00+03:00,2026-04,EBM0426,2500.35706037828,EPIAS_VEP:EBM0426,True,False,False
2026-04-17T23:00:00+00:00,2026-04-18T02:00:00+03:00,2026-04,EBM0426,2500.357060378198,EPIAS_VEP:EBM0426,True,False,False
2026-04-18T00:00:00+00:00,2026-04-18T03:00:00+03:00,2026-04,EBM0426,2500.357060378111,EPIAS_VEP:EBM0426,True,False,False
2026-04-18T01:00:00+00:00,2026-04-18T04:00:00+03:00,2026-04,EBM0426,2500.3570603780186,EPIAS_VEP:EBM0426,True,False,False
2026-04-18T02:00:00+00:00,2026-04-18T05:00:00+03:00,2026-04,EBM0426,2500.357060377923,EPIAS_VEP:EBM0426,True,False,False
2026-04-18T03:00:00+00:00,2026-04-18T06:00:00+03:00,2026-04,EBM0426,2500.3570603778253,EPIAS_VEP:EBM0426,True,False,False
2026-04-18T04:00:00+00:00,2026-04-18T07:00:00+03:00,2026-04,EBM0426,2500.3570603777257,EPIAS_VEP:EBM0426,True,False,False
2026-04-18T05:00:00+00:00,2026-04-18T08:00:00+03:00,2026-04,EBM0426,2500.3570603776234,EPIAS_VEP:EBM0426,True,False,False
2026-04-18T06:00:00+00:00,2026-04-18T09:00:00+03:00,2026-04,EBM0426,2500.3570603775174,EPIAS_VEP:EBM0426,True,False,False
2026-04-18T07:00:00+00:00,2026-04-18T10:00:00+03:00,2026-04,EBM0426,2500.3570603774097,EPIAS_VEP:EBM0426,True,False,False
2026-04-18T08:00:00+00:00,2026-04-18T11:00:00+03:00,2026-04,EBM0426,2500.3570603773046,EPIAS_VEP:EBM0426,True,False,False
2026-04-18T09:00:00+00:00,2026-04-18T12:00:00+03:00,2026-04,EBM0426,2500.3570603772073,EPIAS_VEP:EBM0426,True,False,False
2026-04-18T10:00:00+00:00,2026-04-18T13:00:00+03:00,2026-04,EBM0426,2500.357060377123,EPIAS_VEP:EBM0426,True,False,False
2026-04-18T11:00:00+00:00,2026-04-18T14:00:00+03:00,2026-04,EBM0426,2500.357060377057,EPIAS_VEP:EBM0426,True,False,False
2026-04-18T12:00:00+00:00,2026-04-18T15:00:00+03:00,2026-04,EBM0426,2500.3570603770145,EPIAS_VEP:EBM0426,True,False,False
2026-04-18T13:00:00+00:00,2026-04-18T16:00:00+03:00,2026-04,EBM0426,2500.357060376999,EPIAS_VEP:EBM0426,True,False,False
2026-04-18T14:00:00+00:00,2026-04-18T17:00:00+03:00,2026-04,EBM0426,2500.3570603770177,EPIAS_VEP:EBM0426,True,False,False
2026-04-18T15:00:00+00:00,2026-04-18T18:00:00+03:00,2026-04,EBM0426,2500.357060377075,EPIAS_VEP:EBM0426,True,False,False
2026-04-18T16:00:00+00:00,2026-04-18T19:00:00+03:00,2026-04,EBM0426,2500.357060377174,EPIAS_VEP:EBM0426,True,False,False
2026-04-18T17:00:00+00:00,2026-04-18T20:00:00+03:00,2026-04,EBM0426,2500.357060377318,EPIAS_VEP:EBM0426,True,False,False
2026-04-18T18:00:00+00:00,2026-04-18T21:00:00+03:00,2026-04,EBM0426,2500.35706037751,EPIAS_VEP:EBM0426,True,False,False
2026-04-18T19:00:00+00:00,2026-04-18T22:00:00+03:00,2026-04,EBM0426,2500.357060377756,EPIAS_VEP:EBM0426,True,False,False
2026-04-18T20:00:00+00:00,2026-04-18T23:00:00+03:00,2026-04,EBM0426,2500.357060378059,EPIAS_VEP:EBM0426,True,False,False
2026-04-18T21:00:00+00:00,2026-04-19T00:00:00+03:00,2026-04,EBM0426,2500.357060378421,EPIAS_VEP:EBM0426,True,False,False
2026-04-18T22:00:00+00:00,2026-04-19T01:00:00+03:00,2026-04,EBM0426,2500.357060378845,EPIAS_VEP:EBM0426,True,False,False
2026-04-18T23:00:00+00:00,2026-04-19T02:00:00+03:00,2026-04,EBM0426,2500.3570603793323,EPIAS_VEP:EBM0426,True,False,False
2026-04-19T00:00:00+00:00,2026-04-19T03:00:00+03:00,2026-04,EBM0426,2500.3570603798858,EPIAS_VEP:EBM0426,True,False,False
2026-04-19T01:00:00+00:00,2026-04-19T04:00:00+03:00,2026-04,EBM0426,2500.3570603805074,EPIAS_VEP:EBM0426,True,False,False
2026-04-19T02:00:00+00:00,2026-04-19T05:00:00+03:00,2026-04,EBM0426,2500.3570603812,EPIAS_VEP:EBM0426,True,False,False
2026-04-19T03:00:00+00:00,2026-04-19T06:00:00+03:00,2026-04,EBM0426,2500.3570603819653,EPIAS_VEP:EBM0426,True,False,False
2026-04-19T04:00:00+00:00,2026-04-19T07:00:00+03:00,2026-04,EBM0426,2500.3570603828052,EPIAS_VEP:EBM0426,True,False,False
2026-04-19T05:00:00+00:00,2026-04-19T08:00:00+03:00,2026-04,EBM0426,2500.3570603837243,EPIAS_VEP:EBM0426,True,False,False
2026-04-19T06:00:00+00:00,2026-04-19T09:00:00+03:00,2026-04,EBM0426,2500.3570603847243,EPIAS_VEP:EBM0426,True,False,False
2026-04-19T07:00:00+00:00,2026-04-19T10:00:00+03:00,2026-04,EBM0426,2500.357060385806,EPIAS_VEP:EBM0426,True,False,False
2026-04-19T08:00:00+00:00,2026-04-19T11:00:00+03:00,2026-04,EBM0426,2500.3570603869703,EPIAS_VEP:EBM0426,True,False,False
2026-04-19T09:00:00+00:00,2026-04-19T12:00:00+03:00,2026-04,EBM0426,2500.357060388215,EPIAS_VEP:EBM0426,True,False,False
2026-04-19T10:00:00+00:00,2026-04-19T13:00:00+03:00,2026-04,EBM0426,2500.357060389538,EPIAS_VEP:EBM0426,True,False,False
2026-04-19T11:00:00+00:00,2026-04-19T14:00:00+03:00,2026-04,EBM0426,2500.357060390936,EPIAS_VEP:EBM0426,True,False,False
2026-04-19T12:00:00+00:00,2026-04-19T15:00:00+03:00,2026-04,EBM0426,2500.3570603924027,EPIAS_VEP:EBM0426,True,False,False
2026-04-19T13:00:00+00:00,2026-04-19T16:00:00+03:00,2026-04,EBM0426,2500.3570603939334,EPIAS_VEP:EBM0426,True,False,False
2026-04-19T14:00:00+00:00,2026-04-19T17:00:00+03:00,2026-04,EBM0426,2500.357060395522,EPIAS_VEP:EBM0426,True,False,False
2026-04-19T15:00:00+00:00,2026-04-19T18:00:00+03:00,2026-04,EBM0426,2500.357060397161,EPIAS_VEP:EBM0426,True,False,False
2026-04-19T16:00:00+00:00,2026-04-19T19:00:00+03:00,2026-04,EBM0426,2500.3570603988423,EPIAS_VEP:EBM0426,True,False,False
2026-04-19T17:00:00+00:00,2026-04-19T20:00:00+03:00,2026-04,EBM0426,2500.357060400553,EPIAS_VEP:EBM0426,True,False,False
2026-04-19T18:00:00+00:00,2026-04-19T21:00:00+03:00,2026-04,EBM0426,2500.3570604022784,EPIAS_VEP:EBM0426,True,False,False
2026-04-19T19:00:00+00:00,2026-04-19T22:00:00+03:00,2026-04,EBM0426,2500.3570604039996,EPIAS_VEP:EBM0426,True,False,False
2026-04-19T20:00:00+00:00,2026-04-19T23:00:00+03:00,2026-04,EBM0426,2500.3570604056968,EPIAS_VEP:EBM0426,True,False,False
2026-04-19T21:00:00+00:00,2026-04-20T00:00:00+03:00,2026-04,EBM0426,2500.3570604073466,EPIAS_VEP:EBM0426,True,False,False
2026-04-19T22:00:00+00:00,2026-04-20T01:00:00+03:00,2026-04,EBM0426,2500.3570604089246,EPIAS_VEP:EBM0426,True,False,False
2026-04-19T23:00:00+00:00,2026-04-20T02:00:00+03:00,2026-04,EBM0426,2500.3570604104043,EPIAS_VEP:EBM0426,True,False,False
2026-04-20T00:00:00+00:00,2026-04-20T03:00:00+03:00,2026-04,EBM0426,2500.3570604117576,EPIAS_VEP:EBM0426,True,False,False
2026-04-20T01:00:00+00:00,2026-04-20T04:00:00+03:00,2026-04,EBM0426,2500.3570604129523,EPIAS_VEP:EBM0426,True,False,False
2026-04-20T02:00:00+00:00,2026-04-20T05:00:00+03:00,2026-04,EBM0426,2500.3570604139522,EPIAS_VEP:EBM0426,True,False,False
2026-04-20T03:00:00+00:00,2026-04-20T06:00:00+03:00,2026-04,EBM0426,2500.357060414718,EPIAS_VEP:EBM0426,True,False,False
2026-04-20T04:00:00+00:00,2026-04-20T07:00:00+03:00,2026-04,EBM0426,2500.357060415207,EPIAS_VEP:EBM0426,True,False,False
2026-04-20T05:00:00+00:00,2026-04-20T08:00:00+03:00,2026-04,EBM0426,2500.357060415374,EPIAS_VEP:EBM0426,True,False,False
2026-04-20T06:00:00+00:00,2026-04-20T09:00:00+03:00,2026-04,EBM0426,2500.357060415168,EPIAS_VEP:EBM0426,True,False,False
2026-04-20T07:00:00+00:00,2026-04-20T10:00:00+03:00,2026-04,EBM0426,2500.3570604145343,EPIAS_VEP:EBM0426,True,False,False
2026-04-20T08:00:00+00:00,2026-04-20T11:00:00+03:00,2026-04,EBM0426,2500.357060413417,EPIAS_VEP:EBM0426,True,False,False
2026-04-20T09:00:00+00:00,2026-04-20T12:00:00+03:00,2026-04,EBM0426,2500.357060411756,EPIAS_VEP:EBM0426,True,False,False
2026-04-20T10:00:00+00:00,2026-04-20T13:00:00+03:00,2026-04,EBM0426,2500.3570604094884,EPIAS_VEP:EBM0426,True,False,False
2026-04-20T11:00:00+00:00,2026-04-20T14:00:00+03:00,2026-04,EBM0426,2500.357060406548,EPIAS_VEP:EBM0426,True,False,False
2026-04-20T12:00:00+00:00,2026-04-20T15:00:00+03:00,2026-04,EBM0426,2500.3570604028655,EPIAS_VEP:EBM0426,True,False,False
2026-04-20T13:00:00+00:00,2026-04-20T16:00:00+03:00,2026-04,EBM0426,2500.3570603983685,EPIAS_VEP:EBM0426,True,False,False
2026-04-20T14:00:00+00:00,2026-04-20T17:00:00+03:00,2026-04,EBM0426,2500.357060392982,EPIAS_VEP:EBM0426,True,False,False
2026-04-20T15:00:00+00:00,2026-04-20T18:00:00+03:00,2026-04,EBM0426,2500.3570603866306,EPIAS_VEP:EBM0426,True,False,False
2026-04-20T16:00:00+00:00,2026-04-20T19:00:00+03:00,2026-04,EBM0426,2500.3570603792364,EPIAS_VEP:EBM0426,True,False,False
2026-04-20T17:00:00+00:00,2026-04-20T20:00:00+03:00,2026-04,EBM0426,2500.357060370722,EPIAS_VEP:EBM0426,True,False,False
2026-04-20T18:00:00+00:00,2026-04-20T21:00:00+03:00,2026-04,EBM0426,2500.3570603610096,EPIAS_VEP:EBM0426,True,False,False
2026-04-20T19:00:00+00:00,2026-04-20T22:00:00+03:00,2026-04,EBM0426,2500.3570603500216,EPIAS_VEP:EBM0426,True,False,False
2026-04-20T20:00:00+00:00,2026-04-20T23:00:00+03:00,2026-04,EBM0426,2500.357060337682,EPIAS_VEP:EBM0426,True,False,False
2026-04-20T21:00:00+00:00,2026-04-21T00:00:00+03:00,2026-04,EBM0426,2500.357060323918,EPIAS_VEP:EBM0426,True,False,False
2026-04-20T22:00:00+00:00,2026-04-21T01:00:00+03:00,2026-04,EBM0426,2500.357060308661,EPIAS_VEP:EBM0426,True,False,False
2026-04-20T23:00:00+00:00,2026-04-21T02:00:00+03:00,2026-04,EBM0426,2500.357060291848,EPIAS_VEP:EBM0426,True,False,False
2026-04-21T00:00:00+00:00,2026-04-21T03:00:00+03:00,2026-04,EBM0426,2500.357060273422,EPIAS_VEP:EBM0426,True,False,False
2026-04-21T01:00:00+00:00,2026-04-21T04:00:00+03:00,2026-04,EBM0426,2500.357060253336,EPIAS_VEP:EBM0426,True,False,False
2026-04-21T02:00:00+00:00,2026-04-21T05:00:00+03:00,2026-04,EBM0426,2500.357060231553,EPIAS_VEP:EBM0426,True,False,False
2026-04-21T03:00:00+00:00,2026-04-21T06:00:00+03:00,2026-04,EBM0426,2500.357060208049,EPIAS_VEP:EBM0426,True,False,False
2026-04-21T04:00:00+00:00,2026-04-21T07:00:00+03:00,2026-04,EBM0426,2500.3570601828133,EPIAS_VEP:EBM0426,True,False,False
2026-04-21T05:00:00+00:00,2026-04-21T08:00:00+03:00,2026-04,EBM0426,2500.3570601558513,EPIAS_VEP:EBM0426,True,False,False
2026-04-21T06:00:00+00:00,2026-04-21T09:00:00+03:00,2026-04,EBM0426,2500.3570601271895,EPIAS_VEP:EBM0426,True,False,False
2026-04-21T07:00:00+00:00,2026-04-21T10:00:00+03:00,2026-04,EBM0426,2500.357060096875,EPIAS_VEP:EBM0426,True,False,False
2026-04-21T08:00:00+00:00,2026-04-21T11:00:00+03:00,2026-04,EBM0426,2500.3570600649814,EPIAS_VEP:EBM0426,True,False,False
2026-04-21T09:00:00+00:00,2026-04-21T12:00:00+03:00,2026-04,EBM0426,2500.3570600316098,EPIAS_VEP:EBM0426,True,False,False
2026-04-21T10:00:00+00:00,2026-04-21T13:00:00+03:00,2026-04,EBM0426,2500.3570599968925,EPIAS_VEP:EBM0426,True,False,False
2026-04-21T11:00:00+00:00,2026-04-21T14:00:00+03:00,2026-04,EBM0426,2500.357059960996,EPIAS_VEP:EBM0426,True,False,False
2026-04-21T12:00:00+00:00,2026-04-21T15:00:00+03:00,2026-04,EBM0426,2500.3570599241248,EPIAS_VEP:EBM0426,True,False,False
2026-04-21T13:00:00+00:00,2026-04-21T16:00:00+03:00,2026-04,EBM0426,2500.3570598865244,EPIAS_VEP:EBM0426,True,False,False
2026-04-21T14:00:00+00:00,2026-04-21T17:00:00+03:00,2026-04,EBM0426,2500.357059848486,EPIAS_VEP:EBM0426,True,False,False
2026-04-21T15:00:00+00:00,2026-04-21T18:00:00+03:00,2026-04,EBM0426,2500.3570598103497,EPIAS_VEP:EBM0426,True,False,False
2026-04-21T16:00:00+00:00,2026-04-21T19:00:00+03:00,2026-04,EBM0426,2500.3570597725065,EPIAS_VEP:EBM0426,True,False,False
2026-04-21T17:00:00+00:00,2026-04-21T20:00:00+03:00,2026-04,EBM0426,2500.3570597354046,EPIAS_VEP:EBM0426,True,False,False
2026-04-21T18:00:00+00:00,2026-04-21T21:00:00+03:00,2026-04,EBM0426,2500.3570596995532,EPIAS_VEP:EBM0426,True,False,False
2026-04-21T19:00:00+00:00,2026-04-21T22:00:00+03:00,2026-04,EBM0426,2500.357059665525,EPIAS_VEP:EBM0426,True,False,False
2026-04-21T20:00:00+00:00,2026-04-21T23:00:00+03:00,2026-04,EBM0426,2500.3570596339596,EPIAS_VEP:EBM0426,True,False,False
2026-04-21T21:00:00+00:00,2026-04-22T00:00:00+03:00,2026-04,EBM0426,2500.357059605568,EPIAS_VEP:EBM0426,True,False,False
2026-04-21T22:00:00+00:00,2026-04-22T01:00:00+03:00,2026-04,EBM0426,2500.3570595811348,EPIAS_VEP:EBM0426,True,False,False
2026-04-21T23:00:00+00:00,2026-04-22T02:00:00+03:00,2026-04,EBM0426,2500.357059561521,EPIAS_VEP:EBM0426,True,False,False
2026-04-22T00:00:00+00:00,2026-04-22T03:00:00+03:00,2026-04,EBM0426,2500.3570595476667,EPIAS_VEP:EBM0426,True,False,False
2026-04-22T01:00:00+00:00,2026-04-22T04:00:00+03:00,2026-04,EBM0426,2500.357059540594,EPIAS_VEP:EBM0426,True,False,False
2026-04-22T02:00:00+00:00,2026-04-22T05:00:00+03:00,2026-04,EBM0426,2500.3570595414085,EPIAS_VEP:EBM0426,True,False,False
2026-04-22T03:00:00+00:00,2026-04-22T06:00:00+03:00,2026-04,EBM0426,2500.3570595512983,EPIAS_VEP:EBM0426,True,False,False
2026-04-22T04:00:00+00:00,2026-04-22T07:00:00+03:00,2026-04,EBM0426,2500.3570595715355,EPIAS_VEP:EBM0426,True,False,False
2026-04-22T05:00:00+00:00,2026-04-22T08:00:00+03:00,2026-04,EBM0426,2500.3570596034747,EPIAS_VEP:EBM0426,True,False,False
2026-04-22T06:00:00+00:00,2026-04-22T09:00:00+03:00,2026-04,EBM0426,2500.357059648551,EPIAS_VEP:EBM0426,True,False,False
2026-04-22T07:00:00+00:00,2026-04-22T10:00:00+03:00,2026-04,EBM0426,2500.357059708275,EPIAS_VEP:EBM0426,True,False,False
2026-04-22T08:00:00+00:00,2026-04-22T11:00:00+03:00,2026-04,EBM0426,2500.3570597842286,EPIAS_VEP:EBM0426,True,False,False
2026-04-22T09:00:00+00:00,2026-04-22T12:00:00+03:00,2026-04,EBM0426,2500.357059878061,EPIAS_VEP:EBM0426,True,False,False
2026-04-22T10:00:00+00:00,2026-04-22T13:00:00+03:00,2026-04,EBM0426,2500.35705999148,EPIAS_VEP:EBM0426,True,False,False
2026-04-22T11:00:00+00:00,2026-04-22T14:00:00+03:00,2026-04,EBM0426,2500.35706012624,EPIAS_VEP:EBM0426,True,False,False
2026-04-22T12:00:00+00:00,2026-04-22T15:00:00+03:00,2026-04,EBM0426,2500.3570602841346,EPIAS_VEP:EBM0426,True,False,False
2026-04-22T13:00:00+00:00,2026-04-22T16:00:00+03:00,2026-04,EBM0426,2500.3570604669817,EPIAS_VEP:EBM0426,True,False,False
2026-04-22T14:00:00+00:00,2026-04-22T17:00:00+03:00,2026-04,EBM0426,2500.357060676607,EPIAS_VEP:EBM0426,True,False,False
2026-04-22T15:00:00+00:00,2026-04-22T18:00:00+03:00,2026-04,EBM0426,2500.3570609148273,EPIAS_VEP:EBM0426,True,False,False
2026-04-22T16:00:00+00:00,2026-04-22T19:00:00+03:00,2026-04,EBM0426,2500.3570611834302,EPIAS_VEP:EBM0426,True,False,False
2026-04-22T17:00:00+00:00,2026-04-22T20:00:00+03:00,2026-04,EBM0426,2500.3570614841487,EPIAS_VEP:EBM0426,True,False,False
2026-04-22T18:00:00+00:00,2026-04-22T21:00:00+03:00,2026-04,EBM0426,2500.357061818637,EPIAS_VEP:EBM0426,True,False,False
2026-04-22T19:00:00+00:00,2026-04-22T22:00:00+03:00,2026-04,EBM0426,2500.357062188437,EPIAS_VEP:EBM0426,True,False,False
2026-04-22T20:00:00+00:00,2026-04-22T23:00:00+03:00,2026-04,EBM0426,2500.357062594946,EPIAS_VEP:EBM0426,True,False,False
2026-04-22T21:00:00+00:00,2026-04-23T00:00:00+03:00,2026-04,EBM0426,2500.35706303938,EPIAS_VEP:EBM0426,True,False,False
2026-04-22T22:00:00+00:00,2026-04-23T01:00:00+03:00,2026-04,EBM0426,2500.3570635227325,EPIAS_VEP:EBM0426,True,False,False
2026-04-22T23:00:00+00:00,2026-04-23T02:00:00+03:00,2026-04,EBM0426,2500.357064045729,EPIAS_VEP:EBM0426,True,False,False
2026-04-23T00:00:00+00:00,2026-04-23T03:00:00+03:00,2026-04,EBM0426,2500.3570646087824,EPIAS_VEP:EBM0426,True,False,False
2026-04-23T01:00:00+00:00,2026-04-23T04:00:00+03:00,2026-04,EBM0426,2500.357065211935,EPIAS_VEP:EBM0426,True,False,False
2026-04-23T02:00:00+00:00,2026-04-23T05:00:00+03:00,2026-04,EBM0426,2500.357065854808,EPIAS_VEP:EBM0426,True,False,False
2026-04-23T03:00:00+00:00,2026-04-23T06:00:00+03:00,2026-04,EBM0426,2500.357066536537,EPIAS_VEP:EBM0426,True,False,False
2026-04-23T04:00:00+00:00,2026-04-23T07:00:00+03:00,2026-04,EBM0426,2500.357067255712,EPIAS_VEP:EBM0426,True,False,False
2026-04-23T05:00:00+00:00,2026-04-23T08:00:00+03:00,2026-04,EBM0426,2500.357068010306,EPIAS_VEP:EBM0426,True,False,False
2026-04-23T06:00:00+00:00,2026-04-23T09:00:00+03:00,2026-04,EBM0426,2500.3570687976053,EPIAS_VEP:EBM0426,True,False,False
2026-04-23T07:00:00+00:00,2026-04-23T10:00:00+03:00,2026-04,EBM0426,2500.357069614133,EPIAS_VEP:EBM0426,True,False,False
2026-04-23T08:00:00+00:00,2026-04-23T11:00:00+03:00,2026-04,EBM0426,2500.3570704555686,EPIAS_VEP:EBM0426,True,False,False
2026-04-23T09:00:00+00:00,2026-04-23T12:00:00+03:00,2026-04,EBM0426,2500.357071316669,EPIAS_VEP:EBM0426,True,False,False
2026-04-23T10:00:00+00:00,2026-04-23T13:00:00+03:00,2026-04,EBM0426,2500.3570721911833,EPIAS_VEP:EBM0426,True,False,False
2026-04-23T11:00:00+00:00,2026-04-23T14:00:00+03:00,2026-04,EBM0426,2500.357073071767,EPIAS_VEP:EBM0426,True,False,False
2026-04-23T12:00:00+00:00,2026-04-23T15:00:00+03:00,2026-04,EBM0426,2500.3570739498955,EPIAS_VEP:EBM0426,True,False,False
2026-04-23T13:00:00+00:00,2026-04-23T16:00:00+03:00,2026-04,EBM0426,2500.3570748157754,EPIAS_VEP:EBM0426,True,False,False
2026-04-23T14:00:00+00:00,2026-04-23T17:00:00+03:00,2026-04,EBM0426,2500.357075658256,EPIAS_VEP:EBM0426,True,False,False
2026-04-23T15:00:00+00:00,2026-04-23T18:00:00+03:00,2026-04,EBM0426,2500.3570764647425,EPIAS_VEP:EBM0426,True,False,False
2026-04-23T16:00:00+00:00,2026-04-23T19:00:00+03:00,2026-04,EBM0426,2500.3570772211133,EPIAS_VEP:EBM0426,True,False,False
2026-04-23T17:00:00+00:00,2026-04-23T20:00:00+03:00,2026-04,EBM0426,2500.3570779116367,EPIAS_VEP:EBM0426,True,False,False
2026-04-23T18:00:00+00:00,2026-04-23T21:00:00+03:00,2026-04,EBM0426,2500.3570785188963,EPIAS_VEP:EBM0426,True,False,False
2026-04-23T19:00:00+00:00,2026-04-23T22:00:00+03:00,2026-04,EBM0426,2500.3570790237227,EPIAS_VEP:EBM0426,True,False,False
2026-04-23T20:00:00+00:00,2026-04-23T23:00:00+03:00,2026-04,EBM0426,2500.357079405132,EPIAS_VEP:EBM0426,True,False,False
2026-04-23T21:00:00+00:00,2026-04-24T00:00:00+03:00,2026-04,EBM0426,2500.357079640276,EPIAS_VEP:EBM0426,True,False,False
2026-04-23T22:00:00+00:00,2026-04-24T01:00:00+03:00,2026-04,EBM0426,2500.3570797044035,EPIAS_VEP:EBM0426,True,False,False
2026-04-23T23:00:00+00:00,2026-04-24T02:00:00+03:00,2026-04,EBM0426,2500.3570795708383,EPIAS_VEP:EBM0426,True,False,False
2026-04-24T00:00:00+00:00,2026-04-24T03:00:00+03:00,2026-04,EBM0426,2500.35707921097,EPIAS_VEP:EBM0426,True,False,False
2026-04-24T01:00:00+00:00,2026-04-24T04:00:00+03:00,2026-04,EBM0426,2500.3570785942707,EPIAS_VEP:EBM0426,True,False,False
2026-04-24T02:00:00+00:00,2026-04-24T05:00:00+03:00,2026-04,EBM0426,2500.3570776883284,EPIAS_VEP:EBM0426,True,False,False
2026-04-24T03:00:00+00:00,2026-04-24T06:00:00+03:00,2026-04,EBM0426,2500.357076458911,EPIAS_VEP:EBM0426,True,False,False
2026-04-24T04:00:00+00:00,2026-04-24T07:00:00+03:00,2026-04,EBM0426,2500.3570748700545,EPIAS_VEP:EBM0426,True,False,False
2026-04-24T05:00:00+00:00,2026-04-24T08:00:00+03:00,2026-04,EBM0426,2500.3570728841883,EPIAS_VEP:EBM0426,True,False,False
2026-04-24T06:00:00+00:00,2026-04-24T09:00:00+03:00,2026-04,EBM0426,2500.357070462292,EPIAS_VEP:EBM0426,True,False,False
2026-04-24T07:00:00+00:00,2026-04-24T10:00:00+03:00,2026-04,EBM0426,2500.3570675640954,EPIAS_VEP:EBM0426,True,False,False
2026-04-24T08:00:00+00:00,2026-04-24T11:00:00+03:00,2026-04,EBM0426,2500.357064148317,EPIAS_VEP:EBM0426,True,False,False
2026-04-24T09:00:00+00:00,2026-04-24T12:00:00+03:00,2026-04,EBM0426,2500.3570601729584,EPIAS_VEP:EBM0426,True,False,False
2026-04-24T10:00:00+00:00,2026-04-24T13:00:00+03:00,2026-04,EBM0426,2500.3570555956426,EPIAS_VEP:EBM0426,True,False,False
2026-04-24T11:00:00+00:00,2026-04-24T14:00:00+03:00,2026-04,EBM0426,2500.3570503740143,EPIAS_VEP:EBM0426,True,False,False
2026-04-24T12:00:00+00:00,2026-04-24T15:00:00+03:00,2026-04,EBM0426,2500.3570444661973,EPIAS_VEP:EBM0426,True,False,False
2026-04-24T13:00:00+00:00,2026-04-24T16:00:00+03:00,2026-04,EBM0426,2500.357037831315,EPIAS_VEP:EBM0426,True,False,False
2026-04-24T14:00:00+00:00,2026-04-24T17:00:00+03:00,2026-04,EBM0426,2500.357030430083,EPIAS_VEP:EBM0426,True,False,False
2026-04-24T15:00:00+00:00,2026-04-24T18:00:00+03:00,2026-04,EBM0426,2500.357022225472,EPIAS_VEP:EBM0426,True,False,False
2026-04-24T16:00:00+00:00,2026-04-24T19:00:00+03:00,2026-04,EBM0426,2500.3570131834485,EPIAS_VEP:EBM0426,True,False,False
2026-04-24T17:00:00+00:00,2026-04-24T20:00:00+03:00,2026-04,EBM0426,2500.357003273792,EPIAS_VEP:EBM0426,True,False,False
2026-04-24T18:00:00+00:00,2026-04-24T21:00:00+03:00,2026-04,EBM0426,2500.356992471002,EPIAS_VEP:EBM0426,True,False,False
2026-04-24T19:00:00+00:00,2026-04-24T22:00:00+03:00,2026-04,EBM0426,2500.3569807552876,EPIAS_VEP:EBM0426,True,False,False
2026-04-24T20:00:00+00:00,2026-04-24T23:00:00+03:00,2026-04,EBM0426,2500.35696811365,EPIAS_VEP:EBM0426,True,False,False
2026-04-24T21:00:00+00:00,2026-04-25T00:00:00+03:00,2026-04,EBM0426,2500.3569545410514,EPIAS_VEP:EBM0426,True,False,False
2026-04-24T22:00:00+00:00,2026-04-25T01:00:00+03:00,2026-04,EBM0426,2500.3569400416804,EPIAS_VEP:EBM0426,True,False,False
2026-04-24T23:00:00+00:00,2026-04-25T02:00:00+03:00,2026-04,EBM0426,2500.356924630307,EPIAS_VEP:EBM0426,True,False,False
2026-04-25T00:00:00+00:00,2026-04-25T03:00:00+03:00,2026-04,EBM0426,2500.3569083337334,EPIAS_VEP:EBM0426,True,False,False
2026-04-25T01:00:00+00:00,2026-04-25T04:00:00+03:00,2026-04,EBM0426,2500.3568911923376,EPIAS_VEP:EBM0426,True,False,False
2026-04-25T02:00:00+00:00,2026-04-25T05:00:00+03:00,2026-04,EBM0426,2500.3568732617023,EPIAS_VEP:EBM0426,True,False,False
2026-04-25T03:00:00+00:00,2026-04-25T06:00:00+03:00,2026-04,EBM0426,2500.3568546143274,EPIAS_VEP:EBM0426,True,False,False
2026-04-25T04:00:00+00:00,2026-04-25T07:00:00+03:00,2026-04,EBM0426,2500.356835341426,EPIAS_VEP:EBM0426,True,False,False
2026-04-25T05:00:00+00:00,2026-04-25T08:00:00+03:00,2026-04,EBM0426,2500.3568155547846,EPIAS_VEP:EBM0426,True,False,False
2026-04-25T06:00:00+00:00,2026-04-25T09:00:00+03:00,2026-04,EBM0426,2500.356795388693,EPIAS_VEP:EBM0426,True,False,False
2026-04-25T07:00:00+00:00,2026-04-25T10:00:00+03:00,2026-04,EBM0426,2500.3567750019247,EPIAS_VEP:EBM0426,True,False,False
2026-04-25T08:00:00+00:00,2026-04-25T11:00:00+03:00,2026-04,EBM0426,2500.3567545797514,EPIAS_VEP:EBM0426,True,False,False
2026-04-25T09:00:00+00:00,2026-04-25T12:00:00+03:00,2026-04,EBM0426,2500.356734335981,EPIAS_VEP:EBM0426,True,False,False
2026-04-25T10:00:00+00:00,2026-04-25T13:00:00+03:00,2026-04,EBM0426,2500.3567145150027,EPIAS_VEP:EBM0426,True,False,False
2026-04-25T11:00:00+00:00,2026-04-25T14:00:00+03:00,2026-04,EBM0426,2500.3566953938102,EPIAS_VEP:EBM0426,True,False,False
2026-04-25T12:00:00+00:00,2026-04-25T15:00:00+03:00,2026-04,EBM0426,2500.356677283982,EPIAS_VEP:EBM0426,True,False,False
2026-04-25T13:00:00+00:00,2026-04-25T16:00:00+03:00,2026-04,EBM0426,2500.356660533595,EPIAS_VEP:EBM0426,True,False,False
2026-04-25T14:00:00+00:00,2026-04-25T17:00:00+03:00,2026-04,EBM0426,2500.3566455290334,EPIAS_VEP:EBM0426,True,False,False
2026-04-25T15:00:00+00:00,2026-04-25T18:00:00+03:00,2026-04,EBM0426,2500.356632696668,EPIAS_VEP:EBM0426,True,False,False
2026-04-25T16:00:00+00:00,2026-04-25T19:00:00+03:00,2026-04,EBM0426,2500.3566225043546,EPIAS_VEP:EBM0426,True,False,False
2026-04-25T17:00:00+00:00,2026-04-25T20:00:00+03:00,2026-04,EBM0426,2500.356615462716,EPIAS_VEP:EBM0426,True,False,False
2026-04-25T18:00:00+00:00,2026-04-25T21:00:00+03:00,2026-04,EBM0426,2500.356612126162,EPIAS_VEP:EBM0426,True,False,False
2026-04-25T19:00:00+00:00,2026-04-25T22:00:00+03:00,2026-04,EBM0426,2500.3566130935938,EPIAS_VEP:EBM0426,True,False,False
2026-04-25T20:00:00+00:00,2026-04-25T23:00:00+03:00,2026-04,EBM0426,2500.3566190087377,EPIAS_VEP:EBM0426,True,False,False
2026-04-25T21:00:00+00:00,2026-04-26T00:00:00+03:00,2026-04,EBM0426,2500.35663056005,EPIAS_VEP:EBM0426,True,False,False
2026-04-25T22:00:00+00:00,2026-04-26T01:00:00+03:00,2026-04,EBM0426,2500.356648480123,EPIAS_VEP:EBM0426,True,False,False
2026-04-25T23:00:00+00:00,2026-04-26T02:00:00+03:00,2026-04,EBM0426,2500.3566735445324,EPIAS_VEP:EBM0426,True,False,False
2026-04-26T00:00:00+00:00,2026-04-26T03:00:00+03:00,2026-04,EBM0426,2500.3567065700413,EPIAS_VEP:EBM0426,True,False,False
2026-04-26T01:00:00+00:00,2026-04-26T04:00:00+03:00,2026-04,EBM0426,2500.356748412096,EPIAS_VEP:EBM0426,True,False,False
2026-04-26T02:00:00+00:00,2026-04-26T05:00:00+03:00,2026-04,EBM0426,2500.3567999615225,EPIAS_VEP:EBM0426,True,False,False
2026-04-26T03:00:00+00:00,2026-04-26T06:00:00+03:00,2026-04,EBM0426,2500.3568621403456,EPIAS_VEP:EBM0426,True,False,False
2026-04-26T04:00:00+00:00,2026-04-26T07:00:00+03:00,2026-04,EBM0426,2500.3569358966306,EPIAS_VEP:EBM0426,True,False,False
2026-04-26T05:00:00+00:00,2026-04-26T08:00:00+03:00,2026-04,EBM0426,2500.3570221982673,EPIAS_VEP:EBM0426,True,False,False
2026-04-26T06:00:00+00:00,2026-04-26T09:00:00+03:00,2026-04,EBM0426,2500.357122025594,EPIAS_VEP:EBM0426,True,False,False
2026-04-26T07:00:00+00:00,2026-04-26T10:00:00+03:00,2026-04,EBM0426,2500.3572363627663,EPIAS_VEP:EBM0426,True,False,False
2026-04-26T08:00:00+00:00,2026-04-26T11:00:00+03:00,2026-04,EBM0426,2500.3573661877763,EPIAS_VEP:EBM0426,True,False,False
2026-04-26T09:00:00+00:00,2026-04-26T12:00:00+03:00,2026-04,EBM0426,2500.3575124610165,EPIAS_VEP:EBM0426,True,False,False
2026-04-26T10:00:00+00:00,2026-04-26T13:00:00+03:00,2026-04,EBM0426,2500.3576761122995,EPIAS_VEP:EBM0426,True,False,False
2026-04-26T11:00:00+00:00,2026-04-26T14:00:00+03:00,2026-04,EBM0426,2500.357858026229,EPIAS_VEP:EBM0426,True,False,False
2026-04-26T12:00:00+00:00,2026-04-26T15:00:00+03:00,2026-04,EBM0426,2500.358059025836,EPIAS_VEP:EBM0426,True,False,False
2026-04-26T13:00:00+00:00,2026-04-26T16:00:00+03:00,2026-04,EBM0426,2500.358279854385,EPIAS_VEP:EBM0426,True,False,False
2026-04-26T14:00:00+00:00,2026-04-26T17:00:00+03:00,2026-04,EBM0426,2500.3585211552777,EPIAS_VEP:EBM0426,True,False,False
2026-04-26T15:00:00+00:00,2026-04-26T18:00:00+03:00,2026-04,EBM0426,2500.3587834499704,EPIAS_VEP:EBM0426,True,False,False
2026-04-26T16:00:00+00:00,2026-04-26T19:00:00+03:00,2026-04,EBM0426,2500.35906711384,EPIAS_VEP:EBM0426,True,False,False
2026-04-26T17:00:00+00:00,2026-04-26T20:00:00+03:00,2026-04,EBM0426,2500.359372349956,EPIAS_VEP:EBM0426,True,False,False
2026-04-26T18:00:00+00:00,2026-04-26T21:00:00+03:00,2026-04,EBM0426,2500.3596991607155,EPIAS_VEP:EBM0426,True,False,False
2026-04-26T19:00:00+00:00,2026-04-26T22:00:00+03:00,2026-04,EBM0426,2500.3600473173187,EPIAS_VEP:EBM0426,True,False,False
2026-04-26T20:00:00+00:00,2026-04-26T23:00:00+03:00,2026-04,EBM0426,2500.360416327087,EPIAS_VEP:EBM0426,True,False,False
2026-04-26T21:00:00+00:00,2026-04-27T00:00:00+03:00,2026-04,EBM0426,2500.3608053986486,EPIAS_VEP:EBM0426,True,False,False
2026-04-26T22:00:00+00:00,2026-04-27T01:00:00+03:00,2026-04,EBM0426,2500.3612134050372,EPIAS_VEP:EBM0426,True,False,False
2026-04-26T23:00:00+00:00,2026-04-27T02:00:00+03:00,2026-04,EBM0426,2500.361638844785,EPIAS_VEP:EBM0426,True,False,False
2026-04-27T00:00:00+00:00,2026-04-27T03:00:00+03:00,2026-04,EBM0426,2500.362079801121,EPIAS_VEP:EBM0426,True,False,False
2026-04-27T01:00:00+00:00,2026-04-27T04:00:00+03:00,2026-04,EBM0426,2500.362533899428,EPIAS_VEP:EBM0426,True,False,False
2026-04-27T02:00:00+00:00,2026-04-27T05:00:00+03:00,2026-04,EBM0426,2500.3629982631437,EPIAS_VEP:EBM0426,True,False,False
2026-04-27T03:00:00+00:00,2026-04-27T06:00:00+03:00,2026-04,EBM0426,2500.363469468355,EPIAS_VEP:EBM0426,True,False,False
2026-04-27T04:00:00+00:00,2026-04-27T07:00:00+03:00,2026-04,EBM0426,2500.36394349736,EPIAS_VEP:EBM0426,True,False,False
2026-04-27T05:00:00+00:00,2026-04-27T08:00:00+03:00,2026-04,EBM0426,2500.364415691548,EPIAS_VEP:EBM0426,True,False,False
2026-04-27T06:00:00+00:00,2026-04-27T09:00:00+03:00,2026-04,EBM0426,2500.3648807039945,EPIAS_VEP:EBM0426,True,False,False
2026-04-27T07:00:00+00:00,2026-04-27T10:00:00+03:00,2026-04,EBM0426,2500.3653324522434,EPIAS_VEP:EBM0426,True,False,False
2026-04-27T08:00:00+00:00,2026-04-27T11:00:00+03:00,2026-04,EBM0426,2500.365764071807,EPIAS_VEP:EBM0426,True,False,False
2026-04-27T09:00:00+00:00,2026-04-27T12:00:00+03:00,2026-04,EBM0426,2500.36616787099,EPIAS_VEP:EBM0426,True,False,False
2026-04-27T10:00:00+00:00,2026-04-27T13:00:00+03:00,2026-04,EBM0426,2500.366535287728,EPIAS_VEP:EBM0426,True,False,False
2026-04-27T11:00:00+00:00,2026-04-27T14:00:00+03:00,2026-04,EBM0426,2500.366856849206,EPIAS_VEP:EBM0426,True,False,False
2026-04-27T12:00:00+00:00,2026-04-27T15:00:00+03:00,2026-04,EBM0426,2500.3671221351206,EPIAS_VEP:EBM0426,True,False,False
2026-04-27T13:00:00+00:00,2026-04-27T16:00:00+03:00,2026-04,EBM0426,2500.367319745518,EPIAS_VEP:EBM0426,True,False,False
2026-04-27T14:00:00+00:00,2026-04-27T17:00:00+03:00,2026-04,EBM0426,2500.3674372742707,EPIAS_VEP:EBM0426,True,False,False
2026-04-27T15:00:00+00:00,2026-04-27T18:00:00+03:00,2026-04,EBM0426,2500.367461289313,EPIAS_VEP:EBM0426,True,False,False
2026-04-27T16:00:00+00:00,2026-04-27T19:00:00+03:00,2026-04,EBM0426,2500.367377320889,EPIAS_VEP:EBM0426,True,False,False
2026-04-27T17:00:00+00:00,2026-04-27T20:00:00+03:00,2026-04,EBM0426,2500.3671698591515,EPIAS_VEP:EBM0426,True,False,False
2026-04-27T18:00:00+00:00,2026-04-27T21:00:00+03:00,2026-04,EBM0426,2500.3668223625587,EPIAS_VEP:EBM0426,True,False,False
2026-04-27T19:00:00+00:00,2026-04-27T22:00:00+03:00,2026-04,EBM0426,2500.366317278619,EPIAS_VEP:EBM0426,True,False,False
2026-04-27T20:00:00+00:00,2026-04-27T23:00:00+03:00,2026-04,EBM0426,2500.365636078643,EPIAS_VEP:EBM0426,True,False,False
2026-04-27T21:00:00+00:00,2026-04-28T00:00:00+03:00,2026-04,EBM0426,2500.364759308253,EPIAS_VEP:EBM0426,True,False,False
2026-04-27T22:00:00+00:00,2026-04-28T01:00:00+03:00,2026-04,EBM0426,2500.3636666555017,EPIAS_VEP:EBM0426,True,False,False
2026-04-27T23:00:00+00:00,2026-04-28T02:00:00+03:00,2026-04,EBM0426,2500.3623370385517,EPIAS_VEP:EBM0426,True,False,False
2026-04-28T00:00:00+00:00,2026-04-28T03:00:00+03:00,2026-04,EBM0426,2500.3607487149334,EPIAS_VEP:EBM0426,True,False,False
2026-04-28T01:00:00+00:00,2026-04-28T04:00:00+03:00,2026-04,EBM0426,2500.3588794145126,EPIAS_VEP:EBM0426,True,False,False
2026-04-28T02:00:00+00:00,2026-04-28T05:00:00+03:00,2026-04,EBM0426,2500.356706498322,EPIAS_VEP:EBM0426,True,False,False
2026-04-28T03:00:00+00:00,2026-04-28T06:00:00+03:00,2026-04,EBM0426,2500.3542071454913,EPIAS_VEP:EBM0426,True,False,False
2026-04-28T04:00:00+00:00,2026-04-28T07:00:00+03:00,2026-04,EBM0426,2500.351358570537,EPIAS_VEP:EBM0426,True,False,False
2026-04-28T05:00:00+00:00,2026-04-28T08:00:00+03:00,2026-04,EBM0426,2500.348138273298,EPIAS_VEP:EBM0426,True,False,False
2026-04-28T06:00:00+00:00,2026-04-28T09:00:00+03:00,2026-04,EBM0426,2500.344524323796,EPIAS_VEP:EBM0426,True,False,False
2026-04-28T07:00:00+00:00,2026-04-28T10:00:00+03:00,2026-04,EBM0426,2500.3404956842614,EPIAS_VEP:EBM0426,True,False,False
2026-04-28T08:00:00+00:00,2026-04-28T11:00:00+03:00,2026-04,EBM0426,2500.3360325705307,EPIAS_VEP:EBM0426,True,False,False
2026-04-28T09:00:00+00:00,2026-04-28T12:00:00+03:00,2026-04,EBM0426,2500.331116854911,EPIAS_VEP:EBM0426,True,False,False
2026-04-28T10:00:00+00:00,2026-04-28T13:00:00+03:00,2026-04,EBM0426,2500.325732512489,EPIAS_VEP:EBM0426,True,False,False
2026-04-28T11:00:00+00:00,2026-04-28T14:00:00+03:00,2026-04,EBM0426,2500.3198661127053,EPIAS_VEP:EBM0426,True,False,False
2026-04-28T12:00:00+00:00,2026-04-28T15:00:00+03:00,2026-04,EBM0426,2500.3135073577873,EPIAS_VEP:EBM0426,True,False,False
2026-04-28T13:00:00+00:00,2026-04-28T16:00:00+03:00,2026-04,EBM0426,2500.3066496693887,EPIAS_VEP:EBM0426,True,False,False
2026-04-28T14:00:00+00:00,2026-04-28T17:00:00+03:00,2026-04,EBM0426,2500.2992908244646,EPIAS_VEP:EBM0426,True,False,False
2026-04-28T15:00:00+00:00,2026-04-28T18:00:00+03:00,2026-04,EBM0426,2500.2914336410417,EPIAS_VEP:EBM0426,True,False,False
2026-04-28T16:00:00+00:00,2026-04-28T19:00:00+03:00,2026-04,EBM0426,2500.283086714102,EPIAS_VEP:EBM0426,True,False,False
2026-04-28T17:00:00+00:00,2026-04-28T20:00:00+03:00,2026-04,EBM0426,2500.274265201301,EPIAS_VEP:EBM0426,True,False,False
2026-04-28T18:00:00+00:00,2026-04-28T21:00:00+03:00,2026-04,EBM0426,2500.26499165766,EPIAS_VEP:EBM0426,True,False,False
2026-04-28T19:00:00+00:00,2026-04-28T22:00:00+03:00,2026-04,EBM0426,2500.255296917717,EPIAS_VEP:EBM0426,True,False,False
2026-04-28T20:00:00+00:00,2026-04-28T23:00:00+03:00,2026-04,EBM0426,2500.245221022882,EPIAS_VEP:EBM0426,True,False,False
2026-04-28T21:00:00+00:00,2026-04-29T00:00:00+03:00,2026-04,EBM0426,2500.2348141909124,EPIAS_VEP:EBM0426,True,False,False
2026-04-28T22:00:00+00:00,2026-04-29T01:00:00+03:00,2026-04,EBM0426,2500.2241378234985,EPIAS_VEP:EBM0426,True,False,False
2026-04-28T23:00:00+00:00,2026-04-29T02:00:00+03:00,2026-04,EBM0426,2500.2132655469513,EPIAS_VEP:EBM0426,True,False,False
2026-04-29T00:00:00+00:00,2026-04-29T03:00:00+03:00,2026-04,EBM0426,2500.202284279837,EPIAS_VEP:EBM0426,True,False,False
2026-04-29T01:00:00+00:00,2026-04-29T04:00:00+03:00,2026-04,EBM0426,2500.1912953202027,EPIAS_VEP:EBM0426,True,False,False
2026-04-29T02:00:00+00:00,2026-04-29T05:00:00+03:00,2026-04,EBM0426,2500.1804154437054,EPIAS_VEP:EBM0426,True,False,False
2026-04-29T03:00:00+00:00,2026-04-29T06:00:00+03:00,2026-04,EBM0426,2500.169778002507,EPIAS_VEP:EBM0426,True,False,False
2026-04-29T04:00:00+00:00,2026-04-29T07:00:00+03:00,2026-04,EBM0426,2500.1595340132644,EPIAS_VEP:EBM0426,True,False,False
2026-04-29T05:00:00+00:00,2026-04-29T08:00:00+03:00,2026-04,EBM0426,2500.149853220873,EPIAS_VEP:EBM0426,True,False,False
2026-04-29T06:00:00+00:00,2026-04-29T09:00:00+03:00,2026-04,EBM0426,2500.1409251228656,EPIAS_VEP:EBM0426,True,False,False
2026-04-29T07:00:00+00:00,2026-04-29T10:00:00+03:00,2026-04,EBM0426,2500.1329599374935,EPIAS_VEP:EBM0426,True,False,False
2026-04-29T08:00:00+00:00,2026-04-29T11:00:00+03:00,2026-04,EBM0426,2500.1261894965305,EPIAS_VEP:EBM0426,True,False,False
2026-04-29T09:00:00+00:00,2026-04-29T12:00:00+03:00,2026-04,EBM0426,2500.1208680418995,EPIAS_VEP:EBM0426,True,False,False
2026-04-29T10:00:00+00:00,2026-04-29T13:00:00+03:00,2026-04,EBM0426,2500.11727290261,EPIAS_VEP:EBM0426,True,False,False
2026-04-29T11:00:00+00:00,2026-04-29T14:00:00+03:00,2026-04,EBM0426,2500.1157050269053,EPIAS_VEP:EBM0426,True,False,False
2026-04-29T12:00:00+00:00,2026-04-29T15:00:00+03:00,2026-04,EBM0426,2500.1164893417763,EPIAS_VEP:EBM0426,True,False,False
2026-04-29T13:00:00+00:00,2026-04-29T16:00:00+03:00,2026-04,EBM0426,2500.119974909748,EPIAS_VEP:EBM0426,True,False,False
2026-04-29T14:00:00+00:00,2026-04-29T17:00:00+03:00,2026-04,EBM0426,2500.126534850449,EPIAS_VEP:EBM0426,True,False,False
2026-04-29T15:00:00+00:00,2026-04-29T18:00:00+03:00,2026-04,EBM0426,2500.1365659920534,EPIAS_VEP:EBM0426,True,False,False
2026-04-29T16:00:00+00:00,2026-04-29T19:00:00+03:00,2026-04,EBM0426,2500.150488215289,EPIAS_VEP:EBM0426,True,False,False
2026-04-29T17:00:00+00:00,2026-04-29T20:00:00+03:00,2026-04,EBM0426,2500.1687434503215,EPIAS_VEP:EBM0426,True,False,False
2026-04-29T18:00:00+00:00,2026-04-29T21:00:00+03:00,2026-04,EBM0426,2500.1917942845316,EPIAS_VEP:EBM0426,True,False,False
2026-04-29T19:00:00+00:00,2026-04-29T22:00:00+03:00,2026-04,EBM0426,2500.220122136994,EPIAS_VEP:EBM0426,True,False,False
2026-04-29T20:00:00+00:00,2026-04-29T23:00:00+03:00,2026-04,EBM0426,2500.2542249533913,EPIAS_VEP:EBM0426,True,False,False
2026-04-29T21:00:00+00:00,2026-04-30T00:00:00+03:00,2026-04,EBM0426,2500.2946143732283,EPIAS_VEP:EBM0426,True,False,False
2026-04-29T22:00:00+00:00,2026-04-30T01:00:00+03:00,2026-04,EBM0426,2500.341812319554,EPIAS_VEP:EBM0426,True,False,False
2026-04-29T23:00:00+00:00,2026-04-30T02:00:00+03:00,2026-04,EBM0426,2500.3963469600144,EPIAS_VEP:EBM0426,True,False,False
2026-04-30T00:00:00+00:00,2026-04-30T03:00:00+03:00,2026-04,EBM0426,2500.4587479870634,EPIAS_VEP:EBM0426,True,False,False
2026-04-30T01:00:00+00:00,2026-04-30T04:00:00+03:00,2026-04,EBM0426,2500.5295411644956,EPIAS_VEP:EBM0426,True,False,False
2026-04-30T02:00:00+00:00,2026-04-30T05:00:00+03:00,2026-04,EBM0426,2500.6092420873456,EPIAS_VEP:EBM0426,True,False,False
2026-04-30T03:00:00+00:00,2026-04-30T06:00:00+03:00,2026-04,EBM0426,2500.698349102569,EPIAS_VEP:EBM0426,True,False,False
2026-04-30T04:00:00+00:00,2026-04-30T07:00:00+03:00,2026-04,EBM0426,2500.7973353389493,EPIAS_VEP:EBM0426,True,False,False
2026-04-30T05:00:00+00:00,2026-04-30T08:00:00+03:00,2026-04,EBM0426,2500.906639796398,EPIAS_VEP:EBM0426,True,False,False
2026-04-30T06:00:00+00:00,2026-04-30T09:00:00+03:00,2026-04,EBM0426,2501.026657447329,EPIAS_VEP:EBM0426,True,False,False
2026-04-30T07:00:00+00:00,2026-04-30T10:00:00+03:00,2026-04,EBM0426,2501.1577283062147,EPIAS_VEP:EBM0426,True,False,False
2026-04-30T08:00:00+00:00,2026-04-30T11:00:00+03:00,2026-04,EBM0426,2501.300125427818,EPIAS_VEP:EBM0426,True,False,False
2026-04-30T09:00:00+00:00,2026-04-30T12:00:00+03:00,2026-04,EBM0426,2501.4540418001093,EPIAS_VEP:EBM0426,True,False,False
2026-04-30T10:00:00+00:00,2026-04-30T13:00:00+03:00,2026-04,EBM0426,2501.6195761045556,EPIAS_VEP:EBM0426,True,False,False
2026-04-30T11:00:00+00:00,2026-04-30T14:00:00+03:00,2026-04,EBM0426,2501.796717324477,EPIAS_VEP:EBM0426,True,False,False
2026-04-30T12:00:00+00:00,2026-04-30T15:00:00+03:00,2026-04,EBM0426,2501.985328191629,EPIAS_VEP:EBM0426,True,False,False
2026-04-30T13:00:00+00:00,2026-04-30T16:00:00+03:00,2026-04,EBM0426,2502.18512747208,EPIAS_VEP:EBM0426,True,False,False
2026-04-30T14:00:00+00:00,2026-04-30T17:00:00+03:00,2026-04,EBM0426,2502.3956711051055,EPIAS_VEP:EBM0426,True,False,False
2026-04-30T15:00:00+00:00,2026-04-30T18:00:00+03:00,2026-04,EBM0426,2502.6163322232715,EPIAS_VEP:EBM0426,True,False,False
2026-04-30T16:00:00+00:00,2026-04-30T19:00:00+03:00,2026-04,EBM0426,2502.846280098047,EPIAS_VEP:EBM0426,True,False,False
2026-04-30T17:00:00+00:00,2026-04-30T20:00:00+03:00,2026-04,EBM0426,2503.0844580737776,EPIAS_VEP:EBM0426,True,False,False
2026-04-30T18:00:00+00:00,2026-04-30T21:00:00+03:00,2026-04,EBM0426,2503.3295605727776,EPIAS_VEP:EBM0426,True,False,False
2026-04-30T19:00:00+00:00,2026-04-30T22:00:00+03:00,2026-04,EBM0426,2503.5800092779336,EPIAS_VEP:EBM0426,True,False,False
2026-04-30T20:00:00+00:00,2026-04-30T23:00:00+03:00,2026-04,EBM0426,2503.8339286219007,EPIAS_VEP:EBM0426,True,False,False
2026-04-30T21:00:00+00:00,2026-05-01T00:00:00+03:00,2026-05,EBM0526,2504.089120741681,EPIAS_VEP:EBM0526,True,False,False
2026-04-30T22:00:00+00:00,2026-05-01T01:00:00+03:00,2026-05,EBM0526,2504.343040087451,EPIAS_VEP:EBM0526,True,False,False
2026-04-30T23:00:00+00:00,2026-05-01T02:00:00+03:00,2026-05,EBM0526,2504.5934887962267,EPIAS_VEP:EBM0526,True,False,False
2026-05-01T00:00:00+00:00,2026-05-01T03:00:00+03:00,2026-05,EBM0526,2504.838591300345,EPIAS_VEP:EBM0526,True,False,False
2026-05-01T01:00:00+00:00,2026-05-01T04:00:00+03:00,2026-05,EBM0526,2505.076769282179,EPIAS_VEP:EBM0526,True,False,False
2026-05-01T02:00:00+00:00,2026-05-01T05:00:00+03:00,2026-05,EBM0526,2505.30671716389,EPIAS_VEP:EBM0526,True,False,False
2026-05-01T03:00:00+00:00,2026-05-01T06:00:00+03:00,2026-05,EBM0526,2505.5273782896256,EPIAS_VEP:EBM0526,True,False,False
2026-05-01T04:00:00+00:00,2026-05-01T07:00:00+03:00,2026-05,EBM0526,2505.7379219307372,EPIAS_VEP:EBM0526,True,False,False
2026-05-01T05:00:00+00:00,2026-05-01T08:00:00+03:00,2026-05,EBM0526,2505.937721219664,EPIAS_VEP:EBM0526,True,False,False
2026-05-01T06:00:00+00:00,2026-05-01T09:00:00+03:00,2026-05,EBM0526,2506.1263320955677,EPIAS_VEP:EBM0526,True,False,False
2026-05-01T07:00:00+00:00,2026-05-01T10:00:00+03:00,2026-05,EBM0526,2506.3034733244044,EPIAS_VEP:EBM0526,True,False,False
2026-05-01T08:00:00+00:00,2026-05-01T11:00:00+03:00,2026-05,EBM0526,2506.4690076378397,EPIAS_VEP:EBM0526,True,False,False
2026-05-01T09:00:00+00:00,2026-05-01T12:00:00+03:00,2026-05,EBM0526,2506.622924019122,EPIAS_VEP:EBM0526,True,False,False
2026-05-01T10:00:00+00:00,2026-05-01T13:00:00+03:00,2026-05,EBM0526,2506.765321149656,EPIAS_VEP:EBM0526,True,False,False
2026-05-01T11:00:00+00:00,2026-05-01T14:00:00+03:00,2026-05,EBM0526,2506.896392017359,EPIAS_VEP:EBM0526,True,False,False
2026-05-01T12:00:00+00:00,2026-05-01T15:00:00+03:00,2026-05,EBM0526,2507.016409676953,EPIAS_VEP:EBM0526,True,False,False
2026-05-01T13:00:00+00:00,2026-05-01T16:00:00+03:00,2026-05,EBM0526,2507.1257141428705,EPIAS_VEP:EBM0526,True,False,False
2026-05-01T14:00:00+00:00,2026-05-01T17:00:00+03:00,2026-05,EBM0526,2507.224700387495,EPIAS_VEP:EBM0526,True,False,False
2026-05-01T15:00:00+00:00,2026-05-01T18:00:00+03:00,2026-05,EBM0526,2507.3138074107123,EPIAS_VEP:EBM0526,True,False,False
2026-05-01T16:00:00+00:00,2026-05-01T19:00:00+03:00,2026-05,EBM0526,2507.3935083412866,EPIAS_VEP:EBM0526,True,False,False
2026-05-01T17:00:00+00:00,2026-05-01T20:00:00+03:00,2026-05,EBM0526,2507.464301526156,EPIAS_VEP:EBM0526,True,False,False
2026-05-01T18:00:00+00:00,2026-05-01T21:00:00+03:00,2026-05,EBM0526,2507.5267025603403,EPIAS_VEP:EBM0526,True,False,False
2026-05-01T19:00:00+00:00,2026-05-01T22:00:00+03:00,2026-05,EBM0526,2507.5812372076257,EPIAS_VEP:EBM0526,True,False,False
2026-05-01T20:00:00+00:00,2026-05-01T23:00:00+03:00,2026-05,EBM0526,2507.62843516046,EPIAS_VEP:EBM0526,True,False,False
2026-05-01T21:00:00+00:00,2026-05-02T00:00:00+03:00,2026-05,EBM0526,2507.668824586486,EPIAS_VEP:EBM0526,True,False,False
2026-05-01T22:00:00+00:00,2026-05-02T01:00:00+03:00,2026-05,EBM0526,2507.702927408748,EPIAS_VEP:EBM0526,True,False,False
2026-05-01T23:00:00+00:00,2026-05-02T02:00:00+03:00,2026-05,EBM0526,2507.7312552667468,EPIAS_VEP:EBM0526,True,False,False
2026-05-02T00:00:00+00:00,2026-05-02T03:00:00+03:00,2026-05,EBM0526,2507.75430610616,EPIAS_VEP:EBM0526,True,False,False
2026-05-02T01:00:00+00:00,2026-05-02T04:00:00+03:00,2026-05,EBM0526,2507.7725613460566,EPIAS_VEP:EBM0526,True,False,False
2026-05-02T02:00:00+00:00,2026-05-02T05:00:00+03:00,2026-05,EBM0526,2507.786483573811,EPIAS_VEP:EBM0526,True,False,False
2026-05-02T03:00:00+00:00,2026-05-02T06:00:00+03:00,2026-05,EBM0526,2507.7965147195805,EPIAS_VEP:EBM0526,True,False,False
2026-05-02T04:00:00+00:00,2026-05-02T07:00:00+03:00,2026-05,EBM0526,2507.803074664081,EPIAS_VEP:EBM0526,True,False,False
2026-05-02T05:00:00+00:00,2026-05-02T08:00:00+03:00,2026-05,EBM0526,2507.8065602354736,EPIAS_VEP:EBM0526,True,False,False
2026-05-02T06:00:00+00:00,2026-05-02T09:00:00+03:00,2026-05,EBM0526,2507.8073445533705,EPIAS_VEP:EBM0526,True,False,False
2026-05-02T07:00:00+00:00,2026-05-02T10:00:00+03:00,2026-05,EBM0526,2507.805776680278,EPIAS_VEP:EBM0526,True,False,False
2026-05-02T08:00:00+00:00,2026-05-02T11:00:00+03:00,2026-05,EBM0526,2507.8021815431634,EPIAS_VEP:EBM0526,True,False,False
2026-05-02T09:00:00+00:00,2026-05-02T12:00:00+03:00,2026-05,EBM0526,2507.7968600902436,EPIAS_VEP:EBM0526,True,False,False
2026-05-02T10:00:00+00:00,2026-05-02T13:00:00+03:00,2026-05,EBM0526,2507.7900896504984,EPIAS_VEP:EBM0526,True,False,False
2026-05-02T11:00:00+00:00,2026-05-02T14:00:00+03:00,2026-05,EBM0526,2507.782124465815,EPIAS_VEP:EBM0526,True,False,False
2026-05-02T12:00:00+00:00,2026-05-02T15:00:00+03:00,2026-05,EBM0526,2507.7731963680317,EPIAS_VEP:EBM0526,True,False,False
2026-05-02T13:00:00+00:00,2026-05-02T16:00:00+03:00,2026-05,EBM0526,2507.763515575458,EPIAS_VEP:EBM0526,True,False,False
2026-05-02T14:00:00+00:00,2026-05-02T17:00:00+03:00,2026-05,EBM0526,2507.7532715856837,EPIAS_VEP:EBM0526,True,False,False
2026-05-02T15:00:00+00:00,2026-05-02T18:00:00+03:00,2026-05,EBM0526,2507.7426341436585,EPIAS_VEP:EBM0526,True,False,False
2026-05-02T16:00:00+00:00,2026-05-02T19:00:00+03:00,2026-05,EBM0526,2507.731754266089,EPIAS_VEP:EBM0526,True,False,False
2026-05-02T17:00:00+00:00,2026-05-02T20:00:00+03:00,2026-05,EBM0526,2507.720765305185,EPIAS_VEP:EBM0526,True,False,False
2026-05-02T18:00:00+00:00,2026-05-02T21:00:00+03:00,2026-05,EBM0526,2507.709784036645,EPIAS_VEP:EBM0526,True,False,False
2026-05-02T19:00:00+00:00,2026-05-02T22:00:00+03:00,2026-05,EBM0526,2507.6989117585526,EPIAS_VEP:EBM0526,True,False,False
2026-05-02T20:00:00+00:00,2026-05-02T23:00:00+03:00,2026-05,EBM0526,2507.6882353895053,EPIAS_VEP:EBM0526,True,False,False
2026-05-02T21:00:00+00:00,2026-05-03T00:00:00+03:00,2026-05,EBM0526,2507.677828555841,EPIAS_VEP:EBM0526,True,False,False
2026-05-02T22:00:00+00:00,2026-05-03T01:00:00+03:00,2026-05,EBM0526,2507.6677526592775,EPIAS_VEP:EBM0526,True,False,False
2026-05-02T23:00:00+00:00,2026-05-03T02:00:00+03:00,2026-05,EBM0526,2507.6580579175916,EPIAS_VEP:EBM0526,True,False,False
2026-05-03T00:00:00+00:00,2026-05-03T03:00:00+03:00,2026-05,EBM0526,2507.648784372213,EPIAS_VEP:EBM0526,True,False,False
2026-05-03T01:00:00+00:00,2026-05-03T04:00:00+03:00,2026-05,EBM0526,2507.6399628576974,EPIAS_VEP:EBM0526,True,False,False
2026-05-03T02:00:00+00:00,2026-05-03T05:00:00+03:00,2026-05,EBM0526,2507.631615929078,EPIAS_VEP:EBM0526,True,False,False
2026-05-03T03:00:00+00:00,2026-05-03T06:00:00+03:00,2026-05,EBM0526,2507.623758744019,EPIAS_VEP:EBM0526,True,False,False
2026-05-03T04:00:00+00:00,2026-05-03T07:00:00+03:00,2026-05,EBM0526,2507.6163998975103,EPIAS_VEP:EBM0526,True,False,False
2026-05-03T05:00:00+00:00,2026-05-03T08:00:00+03:00,2026-05,EBM0526,2507.6095422075828,EPIAS_VEP:EBM0526,True,False,False
2026-05-03T06:00:00+00:00,2026-05-03T09:00:00+03:00,2026-05,EBM0526,2507.6031834511973,EPIAS_VEP:EBM0526,True,False,False
2026-05-03T07:00:00+00:00,2026-05-03T10:00:00+03:00,2026-05,EBM0526,2507.5973170500115,EPIAS_VEP:EBM0526,True,False,False
2026-05-03T08:00:00+00:00,2026-05-03T11:00:00+03:00,2026-05,EBM0526,2507.5919327062543,EPIAS_VEP:EBM0526,True,False,False
2026-05-03T09:00:00+00:00,2026-05-03T12:00:00+03:00,2026-05,EBM0526,2507.587016989368,EPIAS_VEP:EBM0526,True,False,False
2026-05-03T10:00:00+00:00,2026-05-03T13:00:00+03:00,2026-05,EBM0526,2507.5825538744416,EPIAS_VEP:EBM0526,True,False,False
2026-05-03T11:00:00+00:00,2026-05-03T14:00:00+03:00,2026-05,EBM0526,2507.578525233784,EPIAS_VEP:EBM0526,True,False,False
2026-05-03T12:00:00+00:00,2026-05-03T15:00:00+03:00,2026-05,EBM0526,2507.5749112832336,EPIAS_VEP:EBM0526,True,False,False
2026-05-03T13:00:00+00:00,2026-05-03T16:00:00+03:00,2026-05,EBM0526,2507.5716909850194,EPIAS_VEP:EBM0526,True,False,False
2026-05-03T14:00:00+00:00,2026-05-03T17:00:00+03:00,2026-05,EBM0526,2507.5688424091604,EPIAS_VEP:EBM0526,True,False,False
2026-05-03T15:00:00+00:00,2026-05-03T18:00:00+03:00,2026-05,EBM0526,2507.5663430554937,EPIAS_VEP:EBM0526,True,False,False
2026-05-03T16:00:00+00:00,2026-05-03T19:00:00+03:00,2026-05,EBM0526,2507.5641701385334,EPIAS_VEP:EBM0526,True,False,False
2026-05-03T17:00:00+00:00,2026-05-03T20:00:00+03:00,2026-05,EBM0526,2507.5623008374073,EPIAS_VEP:EBM0526,True,False,False
2026-05-03T18:00:00+00:00,2026-05-03T21:00:00+03:00,2026-05,EBM0526,2507.5607125131446,EPIAS_VEP:EBM0526,True,False,False
2026-05-03T19:00:00+00:00,2026-05-03T22:00:00+03:00,2026-05,EBM0526,2507.5593828956094,EPIAS_VEP:EBM0526,True,False,False
2026-05-03T20:00:00+00:00,2026-05-03T23:00:00+03:00,2026-05,EBM0526,2507.558290242331,EPIAS_VEP:EBM0526,True,False,False
2026-05-03T21:00:00+00:00,2026-05-04T00:00:00+03:00,2026-05,EBM0526,2507.5574134714684,EPIAS_VEP:EBM0526,True,False,False
2026-05-03T22:00:00+00:00,2026-05-04T01:00:00+03:00,2026-05,EBM0526,2507.5567322710713,EPIAS_VEP:EBM0526,True,False,False
2026-05-03T23:00:00+00:00,2026-05-04T02:00:00+03:00,2026-05,EBM0526,2507.556227186759,EPIAS_VEP:EBM0526,True,False,False
2026-05-04T00:00:00+00:00,2026-05-04T03:00:00+03:00,2026-05,EBM0526,2507.55587968984,EPIAS_VEP:EBM0526,True,False,False
2026-05-04T01:00:00+00:00,2026-05-04T04:00:00+03:00,2026-05,EBM0526,2507.5556722278243,EPIAS_VEP:EBM0526,True,False,False
2026-05-04T02:00:00+00:00,2026-05-04T05:00:00+03:00,2026-05,EBM0526,2507.5555882591693,EPIAS_VEP:EBM0526,True,False,False
2026-05-04T03:00:00+00:00,2026-05-04T06:00:00+03:00,2026-05,EBM0526,2507.5556122740254,EPIAS_VEP:EBM0526,True,False,False
2026-05-04T04:00:00+00:00,2026-05-04T07:00:00+03:00,2026-05,EBM0526,2507.5557298026347,EPIAS_VEP:EBM0526,True,False,False
2026-05-04T05:00:00+00:00,2026-05-04T08:00:00+03:00,2026-05,EBM0526,2507.5559274129305,EPIAS_VEP:EBM0526,True,False,False
2026-05-04T06:00:00+00:00,2026-05-04T09:00:00+03:00,2026-05,EBM0526,2507.5561926987803,EPIAS_VEP:EBM0526,True,False,False
2026-05-04T07:00:00+00:00,2026-05-04T10:00:00+03:00,2026-05,EBM0526,2507.556514260227,EPIAS_VEP:EBM0526,True,False,False
2026-05-04T08:00:00+00:00,2026-05-04T11:00:00+03:00,2026-05,EBM0526,2507.5568816769614,EPIAS_VEP:EBM0526,True,False,False
2026-05-04T09:00:00+00:00,2026-05-04T12:00:00+03:00,2026-05,EBM0526,2507.5572854761654,EPIAS_VEP:EBM0526,True,False,False
2026-05-04T10:00:00+00:00,2026-05-04T13:00:00+03:00,2026-05,EBM0526,2507.5577170957695,EPIAS_VEP:EBM0526,True,False,False
2026-05-04T11:00:00+00:00,2026-05-04T14:00:00+03:00,2026-05,EBM0526,2507.5581688440748,EPIAS_VEP:EBM0526,True,False,False
2026-05-04T12:00:00+00:00,2026-05-04T15:00:00+03:00,2026-05,EBM0526,2507.558633856591,EPIAS_VEP:EBM0526,True,False,False
2026-05-04T13:00:00+00:00,2026-05-04T16:00:00+03:00,2026-05,EBM0526,2507.5591060508614,EPIAS_VEP:EBM0526,True,False,False
2026-05-04T14:00:00+00:00,2026-05-04T17:00:00+03:00,2026-05,EBM0526,2507.55958007996,EPIAS_VEP:EBM0526,True,False,False
2026-05-04T15:00:00+00:00,2026-05-04T18:00:00+03:00,2026-05,EBM0526,2507.560051285274,EPIAS_VEP:EBM0526,True,False,False
2026-05-04T16:00:00+00:00,2026-05-04T19:00:00+03:00,2026-05,EBM0526,2507.560515649097,EPIAS_VEP:EBM0526,True,False,False
2026-05-04T17:00:00+00:00,2026-05-04T20:00:00+03:00,2026-05,EBM0526,2507.5609697475134,EPIAS_VEP:EBM0526,True,False,False
2026-05-04T18:00:00+00:00,2026-05-04T21:00:00+03:00,2026-05,EBM0526,2507.561410703958,EPIAS_VEP:EBM0526,True,False,False
2026-05-04T19:00:00+00:00,2026-05-04T22:00:00+03:00,2026-05,EBM0526,2507.561836143808,EPIAS_VEP:EBM0526,True,False,False
2026-05-04T20:00:00+00:00,2026-05-04T23:00:00+03:00,2026-05,EBM0526,2507.5622441502887,EPIAS_VEP:EBM0526,True,False,False
2026-05-04T21:00:00+00:00,2026-05-05T00:00:00+03:00,2026-05,EBM0526,2507.5626332219285,EPIAS_VEP:EBM0526,True,False,False
2026-05-04T22:00:00+00:00,2026-05-05T01:00:00+03:00,2026-05,EBM0526,2507.5630022317573,EPIAS_VEP:EBM0526,True,False,False
2026-05-04T23:00:00+00:00,2026-05-05T02:00:00+03:00,2026-05,EBM0526,2507.5633503884033,EPIAS_VEP:EBM0526,True,False,False
2026-05-05T00:00:00+00:00,2026-05-05T03:00:00+03:00,2026-05,EBM0526,2507.563677199188,EPIAS_VEP:EBM0526,True,False,False
2026-05-05T01:00:00+00:00,2026-05-05T04:00:00+03:00,2026-05,EBM0526,2507.5639824353084,EPIAS_VEP:EBM0526,True,False,False
2026-05-05T02:00:00+00:00,2026-05-05T05:00:00+03:00,2026-05,EBM0526,2507.564266099161,EPIAS_VEP:EBM0526,True,False,False
2026-05-05T03:00:00+00:00,2026-05-05T06:00:00+03:00,2026-05,EBM0526,2507.564528393817,EPIAS_VEP:EBM0526,True,False,False
2026-05-05T04:00:00+00:00,2026-05-05T07:00:00+03:00,2026-05,EBM0526,2507.564769694654,EPIAS_VEP:EBM0526,True,False,False
2026-05-05T05:00:00+00:00,2026-05-05T08:00:00+03:00,2026-05,EBM0526,2507.564990523127,EPIAS_VEP:EBM0526,True,False,False
2026-05-05T06:00:00+00:00,2026-05-05T09:00:00+03:00,2026-05,EBM0526,2507.5651915226385,EPIAS_VEP:EBM0526,True,False,False
2026-05-05T07:00:00+00:00,2026-05-05T10:00:00+03:00,2026-05,EBM0526,2507.565373436456,EPIAS_VEP:EBM0526,True,False,False
2026-05-05T08:00:00+00:00,2026-05-05T11:00:00+03:00,2026-05,EBM0526,2507.565537087611,EPIAS_VEP:EBM0526,True,False,False
2026-05-05T09:00:00+00:00,2026-05-05T12:00:00+03:00,2026-05,EBM0526,2507.565683360711,EPIAS_VEP:EBM0526,True,False,False
2026-05-05T10:00:00+00:00,2026-05-05T13:00:00+03:00,2026-05,EBM0526,2507.56581318557,EPIAS_VEP:EBM0526,True,False,False
2026-05-05T11:00:00+00:00,2026-05-05T14:00:00+03:00,2026-05,EBM0526,2507.565927522582,EPIAS_VEP:EBM0526,True,False,False
2026-05-05T12:00:00+00:00,2026-05-05T15:00:00+03:00,2026-05,EBM0526,2507.5660273497397,EPIAS_VEP:EBM0526,True,False,False
2026-05-05T13:00:00+00:00,2026-05-05T16:00:00+03:00,2026-05,EBM0526,2507.5661136511976,EPIAS_VEP:EBM0526,True,False,False
2026-05-05T14:00:00+00:00,2026-05-05T17:00:00+03:00,2026-05,EBM0526,2507.5661874072935,EPIAS_VEP:EBM0526,True,False,False
2026-05-05T15:00:00+00:00,2026-05-05T18:00:00+03:00,2026-05,EBM0526,2507.5662495859174,EPIAS_VEP:EBM0526,True,False,False
2026-05-05T16:00:00+00:00,2026-05-05T19:00:00+03:00,2026-05,EBM0526,2507.5663011351344,EPIAS_VEP:EBM0526,True,False,False
2026-05-05T17:00:00+00:00,2026-05-05T20:00:00+03:00,2026-05,EBM0526,2507.5663429769697,EPIAS_VEP:EBM0526,True,False,False
2026-05-05T18:00:00+00:00,2026-05-05T21:00:00+03:00,2026-05,EBM0526,2507.5663760022526,EPIAS_VEP:EBM0526,True,False,False
2026-05-05T19:00:00+00:00,2026-05-05T22:00:00+03:00,2026-05,EBM0526,2507.5664010664314,EPIAS_VEP:EBM0526,True,False,False
2026-05-05T20:00:00+00:00,2026-05-05T23:00:00+03:00,2026-05,EBM0526,2507.566418986271,EPIAS_VEP:EBM0526,True,False,False
2026-05-05T21:00:00+00:00,2026-05-06T00:00:00+03:00,2026-05,EBM0526,2507.566430537346,EPIAS_VEP:EBM0526,True,False,False
2026-05-05T22:00:00+00:00,2026-05-06T01:00:00+03:00,2026-05,EBM0526,2507.5664364522513,EPIAS_VEP:EBM0526,True,False,False
2026-05-05T23:00:00+00:00,2026-05-06T02:00:00+03:00,2026-05,EBM0526,2507.5664374194434,EPIAS_VEP:EBM0526,True,False,False
2026-05-06T00:00:00+00:00,2026-05-06T03:00:00+03:00,2026-05,EBM0526,2507.566434082653,EPIAS_VEP:EBM0526,True,False,False
2026-05-06T01:00:00+00:00,2026-05-06T04:00:00+03:00,2026-05,EBM0526,2507.5664270407838,EPIAS_VEP:EBM0526,True,False,False
2026-05-06T02:00:00+00:00,2026-05-06T05:00:00+03:00,2026-05,EBM0526,2507.5664168482485,EPIAS_VEP:EBM0526,True,False,False
2026-05-06T03:00:00+00:00,2026-05-06T06:00:00+03:00,2026-05,EBM0526,2507.5664040156744,EPIAS_VEP:EBM0526,True,False,False
2026-05-06T04:00:00+00:00,2026-05-06T07:00:00+03:00,2026-05,EBM0526,2507.5663890109204,EPIAS_VEP:EBM0526,True,False,False
2026-05-06T05:00:00+00:00,2026-05-06T08:00:00+03:00,2026-05,EBM0526,2507.5663722603585,EPIAS_VEP:EBM0526,True,False,False
2026-05-06T06:00:00+00:00,2026-05-06T09:00:00+03:00,2026-05,EBM0526,2507.5663541503764,EPIAS_VEP:EBM0526,True,False,False
2026-05-06T07:00:00+00:00,2026-05-06T10:00:00+03:00,2026-05,EBM0526,2507.566335029053,EPIAS_VEP:EBM0526,True,False,False
2026-05-06T08:00:00+00:00,2026-05-06T11:00:00+03:00,2026-05,EBM0526,2507.5663152079687,EPIAS_VEP:EBM0526,True,False,False
2026-05-06T09:00:00+00:00,2026-05-06T12:00:00+03:00,2026-05,EBM0526,2507.5662949641182,EPIAS_VEP:EBM0526,True,False,False
2026-05-06T10:00:00+00:00,2026-05-06T13:00:00+03:00,2026-05,EBM0526,2507.5662745418945,EPIAS_VEP:EBM0526,True,False,False
2026-05-06T11:00:00+00:00,2026-05-06T14:00:00+03:00,2026-05,EBM0526,2507.566254155109,EPIAS_VEP:EBM0526,True,False,False
2026-05-06T12:00:00+00:00,2026-05-06T15:00:00+03:00,2026-05,EBM0526,2507.566233989033,EPIAS_VEP:EBM0526,True,False,False
2026-05-06T13:00:00+00:00,2026-05-06T16:00:00+03:00,2026-05,EBM0526,2507.5662142024394,EPIAS_VEP:EBM0526,True,False,False
2026-05-06T14:00:00+00:00,2026-05-06T17:00:00+03:00,2026-05,EBM0526,2507.5661949296177,EPIAS_VEP:EBM0526,True,False,False
2026-05-06T15:00:00+00:00,2026-05-06T18:00:00+03:00,2026-05,EBM0526,2507.566176282355,EPIAS_VEP:EBM0526,True,False,False
2026-05-06T16:00:00+00:00,2026-05-06T19:00:00+03:00,2026-05,EBM0526,2507.5661583518627,EPIAS_VEP:EBM0526,True,False,False
2026-05-06T17:00:00+00:00,2026-05-06T20:00:00+03:00,2026-05,EBM0526,2507.5661412106383,EPIAS_VEP:EBM0526,True,False,False
2026-05-06T18:00:00+00:00,2026-05-06T21:00:00+03:00,2026-05,EBM0526,2507.5661249142618,EPIAS_VEP:EBM0526,True,False,False
2026-05-06T19:00:00+00:00,2026-05-06T22:00:00+03:00,2026-05,EBM0526,2507.5661095031082,EPIAS_VEP:EBM0526,True,False,False
2026-05-06T20:00:00+00:00,2026-05-06T23:00:00+03:00,2026-05,EBM0526,2507.566095003978,EPIAS_VEP:EBM0526,True,False,False
2026-05-06T21:00:00+00:00,2026-05-07T00:00:00+03:00,2026-05,EBM0526,2507.5660814316398,EPIAS_VEP:EBM0526,True,False,False
2026-05-06T22:00:00+00:00,2026-05-07T01:00:00+03:00,2026-05,EBM0526,2507.5660687902778,EPIAS_VEP:EBM0526,True,False,False
2026-05-06T23:00:00+00:00,2026-05-07T02:00:00+03:00,2026-05,EBM0526,2507.5660570748496,EPIAS_VEP:EBM0526,True,False,False
2026-05-07T00:00:00+00:00,2026-05-07T03:00:00+03:00,2026-05,EBM0526,2507.566046272351,EPIAS_VEP:EBM0526,True,False,False
2026-05-07T01:00:00+00:00,2026-05-07T04:00:00+03:00,2026-05,EBM0526,2507.5660363629872,EPIAS_VEP:EBM0526,True,False,False
2026-05-07T02:00:00+00:00,2026-05-07T05:00:00+03:00,2026-05,EBM0526,2507.566027321254,EPIAS_VEP:EBM0526,True,False,False
2026-05-07T03:00:00+00:00,2026-05-07T06:00:00+03:00,2026-05,EBM0526,2507.5660191169286,EPIAS_VEP:EBM0526,True,False,False
2026-05-07T04:00:00+00:00,2026-05-07T07:00:00+03:00,2026-05,EBM0526,2507.5660117159737,EPIAS_VEP:EBM0526,True,False,False
2026-05-07T05:00:00+00:00,2026-05-07T08:00:00+03:00,2026-05,EBM0526,2507.566005081358,EPIAS_VEP:EBM0526,True,False,False
2026-05-07T06:00:00+00:00,2026-05-07T09:00:00+03:00,2026-05,EBM0526,2507.5659991737966,EPIAS_VEP:EBM0526,True,False,False
2026-05-07T07:00:00+00:00,2026-05-07T10:00:00+03:00,2026-05,EBM0526,2507.565993952412,EPIAS_VEP:EBM0526,True,False,False
2026-05-07T08:00:00+00:00,2026-05-07T11:00:00+03:00,2026-05,EBM0526,2507.5659893753277,EPIAS_VEP:EBM0526,True,False,False
2026-05-07T09:00:00+00:00,2026-05-07T12:00:00+03:00,2026-05,EBM0526,2507.565985400188,EPIAS_VEP:EBM0526,True,False,False
2026-05-07T10:00:00+00:00,2026-05-07T13:00:00+03:00,2026-05,EBM0526,2507.5659819846164,EPIAS_VEP:EBM0526,True,False,False
2026-05-07T11:00:00+00:00,2026-05-07T14:00:00+03:00,2026-05,EBM0526,2507.5659790866157,EPIAS_VEP:EBM0526,True,False,False
2026-05-07T12:00:00+00:00,2026-05-07T15:00:00+03:00,2026-05,EBM0526,2507.5659766649073,EPIAS_VEP:EBM0526,True,False,False
2026-05-07T13:00:00+00:00,2026-05-07T16:00:00+03:00,2026-05,EBM0526,2507.5659746792185,EPIAS_VEP:EBM0526,True,False,False
2026-05-07T14:00:00+00:00,2026-05-07T17:00:00+03:00,2026-05,EBM0526,2507.5659730905286,EPIAS_VEP:EBM0526,True,False,False
2026-05-07T15:00:00+00:00,2026-05-07T18:00:00+03:00,2026-05,EBM0526,2507.565971861266,EPIAS_VEP:EBM0526,True,False,False
2026-05-07T16:00:00+00:00,2026-05-07T19:00:00+03:00,2026-05,EBM0526,2507.5659709554657,EPIAS_VEP:EBM0526,True,False,False
2026-05-07T17:00:00+00:00,2026-05-07T20:00:00+03:00,2026-05,EBM0526,2507.5659703388924,EPIAS_VEP:EBM0526,True,False,False
2026-05-07T18:00:00+00:00,2026-05-07T21:00:00+03:00,2026-05,EBM0526,2507.565969979132,EPIAS_VEP:EBM0526,True,False,False
2026-05-07T19:00:00+00:00,2026-05-07T22:00:00+03:00,2026-05,EBM0526,2507.5659698456548,EPIAS_VEP:EBM0526,True,False,False
2026-05-07T20:00:00+00:00,2026-05-07T23:00:00+03:00,2026-05,EBM0526,2507.565969909847,EPIAS_VEP:EBM0526,True,False,False
2026-05-07T21:00:00+00:00,2026-05-08T00:00:00+03:00,2026-05,EBM0526,2507.565970145031,EPIAS_VEP:EBM0526,True,False,False
2026-05-07T22:00:00+00:00,2026-05-08T01:00:00+03:00,2026-05,EBM0526,2507.5659705264557,EPIAS_VEP:EBM0526,True,False,False
2026-05-07T23:00:00+00:00,2026-05-08T02:00:00+03:00,2026-05,EBM0526,2507.5659710312725,EPIAS_VEP:EBM0526,True,False,False
2026-05-08T00:00:00+00:00,2026-05-08T03:00:00+03:00,2026-05,EBM0526,2507.565971638497,EPIAS_VEP:EBM0526,True,False,False
2026-05-08T01:00:00+00:00,2026-05-08T04:00:00+03:00,2026-05,EBM0526,2507.5659723289587,EPIAS_VEP:EBM0526,True,False,False
2026-05-08T02:00:00+00:00,2026-05-08T05:00:00+03:00,2026-05,EBM0526,2507.565973085242,EPIAS_VEP:EBM0526,True,False,False
2026-05-08T03:00:00+00:00,2026-05-08T06:00:00+03:00,2026-05,EBM0526,2507.5659738916174,EPIAS_VEP:EBM0526,True,False,False
2026-05-08T04:00:00+00:00,2026-05-08T07:00:00+03:00,2026-05,EBM0526,2507.56597473396,EPIAS_VEP:EBM0526,True,False,False
2026-05-08T05:00:00+00:00,2026-05-08T08:00:00+03:00,2026-05,EBM0526,2507.5659755996758,EPIAS_VEP:EBM0526,True,False,False
2026-05-08T06:00:00+00:00,2026-05-08T09:00:00+03:00,2026-05,EBM0526,2507.5659764776137,EPIAS_VEP:EBM0526,True,False,False
2026-05-08T07:00:00+00:00,2026-05-08T10:00:00+03:00,2026-05,EBM0526,2507.565977357981,EPIAS_VEP:EBM0526,True,False,False
2026-05-08T08:00:00+00:00,2026-05-08T11:00:00+03:00,2026-05,EBM0526,2507.5659782322555,EPIAS_VEP:EBM0526,True,False,False
2026-05-08T09:00:00+00:00,2026-05-08T12:00:00+03:00,2026-05,EBM0526,2507.5659790930954,EPIAS_VEP:EBM0526,True,False,False
2026-05-08T10:00:00+00:00,2026-05-08T13:00:00+03:00,2026-05,EBM0526,2507.5659799342534,EPIAS_VEP:EBM0526,True,False,False
2026-05-08T11:00:00+00:00,2026-05-08T14:00:00+03:00,2026-05,EBM0526,2507.5659807504894,EPIAS_VEP:EBM0526,True,False,False
2026-05-08T12:00:00+00:00,2026-05-08T15:00:00+03:00,2026-05,EBM0526,2507.565981537489,EPIAS_VEP:EBM0526,True,False,False
2026-05-08T13:00:00+00:00,2026-05-08T16:00:00+03:00,2026-05,EBM0526,2507.5659822917764,EPIAS_VEP:EBM0526,True,False,False
2026-05-08T14:00:00+00:00,2026-05-08T17:00:00+03:00,2026-05,EBM0526,2507.5659830106392,EPIAS_VEP:EBM0526,True,False,False
2026-05-08T15:00:00+00:00,2026-05-08T18:00:00+03:00,2026-05,EBM0526,2507.565983692052,EPIAS_VEP:EBM0526,True,False,False
2026-05-08T16:00:00+00:00,2026-05-08T19:00:00+03:00,2026-05,EBM0526,2507.565984334608,EPIAS_VEP:EBM0526,True,False,False
2026-05-08T17:00:00+00:00,2026-05-08T20:00:00+03:00,2026-05,EBM0526,2507.5659849374465,EPIAS_VEP:EBM0526,True,False,False
2026-05-08T18:00:00+00:00,2026-05-08T21:00:00+03:00,2026-05,EBM0526,2507.565985500191,EPIAS_VEP:EBM0526,True,False,False
2026-05-08T19:00:00+00:00,2026-05-08T22:00:00+03:00,2026-05,EBM0526,2507.5659860228866,EPIAS_VEP:EBM0526,True,False,False
2026-05-08T20:00:00+00:00,2026-05-08T23:00:00+03:00,2026-05,EBM0526,2507.5659865059465,EPIAS_VEP:EBM0526,True,False,False
2026-05-08T21:00:00+00:00,2026-05-09T00:00:00+03:00,2026-05,EBM0526,2507.5659869500996,EPIAS_VEP:EBM0526,True,False,False
2026-05-08T22:00:00+00:00,2026-05-09T01:00:00+03:00,2026-05,EBM0526,2507.5659873563395,EPIAS_VEP:EBM0526,True,False,False
2026-05-08T23:00:00+00:00,2026-05-09T02:00:00+03:00,2026-05,EBM0526,2507.565987725882,EPIAS_VEP:EBM0526,True,False,False
2026-05-09T00:00:00+00:00,2026-05-09T03:00:00+03:00,2026-05,EBM0526,2507.5659880601243,EPIAS_VEP:EBM0526,True,False,False
2026-05-09T01:00:00+00:00,2026-05-09T04:00:00+03:00,2026-05,EBM0526,2507.5659883606077,EPIAS_VEP:EBM0526,True,False,False
2026-05-09T02:00:00+00:00,2026-05-09T05:00:00+03:00,2026-05,EBM0526,2507.5659886289864,EPIAS_VEP:EBM0526,True,False,False
2026-05-09T03:00:00+00:00,2026-05-09T06:00:00+03:00,2026-05,EBM0526,2507.5659888669948,EPIAS_VEP:EBM0526,True,False,False
2026-05-09T04:00:00+00:00,2026-05-09T07:00:00+03:00,2026-05,EBM0526,2507.565989076421,EPIAS_VEP:EBM0526,True,False,False
2026-05-09T05:00:00+00:00,2026-05-09T08:00:00+03:00,2026-05,EBM0526,2507.565989259081,EPIAS_VEP:EBM0526,True,False,False
2026-05-09T06:00:00+00:00,2026-05-09T09:00:00+03:00,2026-05,EBM0526,2507.565989416804,EPIAS_VEP:EBM0526,True,False,False
2026-05-09T07:00:00+00:00,2026-05-09T10:00:00+03:00,2026-05,EBM0526,2507.5659895514086,EPIAS_VEP:EBM0526,True,False,False
2026-05-09T08:00:00+00:00,2026-05-09T11:00:00+03:00,2026-05,EBM0526,2507.56598966469,EPIAS_VEP:EBM0526,True,False,False
2026-05-09T09:00:00+00:00,2026-05-09T12:00:00+03:00,2026-05,EBM0526,2507.565989758404,EPIAS_VEP:EBM0526,True,False,False
2026-05-09T10:00:00+00:00,2026-05-09T13:00:00+03:00,2026-05,EBM0526,2507.5659898342587,EPIAS_VEP:EBM0526,True,False,False
2026-05-09T11:00:00+00:00,2026-05-09T14:00:00+03:00,2026-05,EBM0526,2507.5659898939025,EPIAS_VEP:EBM0526,True,False,False
2026-05-09T12:00:00+00:00,2026-05-09T15:00:00+03:00,2026-05,EBM0526,2507.565989938917,EPIAS_VEP:EBM0526,True,False,False
2026-05-09T13:00:00+00:00,2026-05-09T16:00:00+03:00,2026-05,EBM0526,2507.565989970813,EPIAS_VEP:EBM0526,True,False,False
2026-05-09T14:00:00+00:00,2026-05-09T17:00:00+03:00,2026-05,EBM0526,2507.5659899910247,EPIAS_VEP:EBM0526,True,False,False
2026-05-09T15:00:00+00:00,2026-05-09T18:00:00+03:00,2026-05,EBM0526,2507.5659900009055,EPIAS_VEP:EBM0526,True,False,False
2026-05-09T16:00:00+00:00,2026-05-09T19:00:00+03:00,2026-05,EBM0526,2507.5659900017267,EPIAS_VEP:EBM0526,True,False,False
2026-05-09T17:00:00+00:00,2026-05-09T20:00:00+03:00,2026-05,EBM0526,2507.5659899946772,EPIAS_VEP:EBM0526,True,False,False
2026-05-09T18:00:00+00:00,2026-05-09T21:00:00+03:00,2026-05,EBM0526,2507.565989980861,EPIAS_VEP:EBM0526,True,False,False
2026-05-09T19:00:00+00:00,2026-05-09T22:00:00+03:00,2026-05,EBM0526,2507.5659899613,EPIAS_VEP:EBM0526,True,False,False
2026-05-09T20:00:00+00:00,2026-05-09T23:00:00+03:00,2026-05,EBM0526,2507.5659899369352,EPIAS_VEP:EBM0526,True,False,False
2026-05-09T21:00:00+00:00,2026-05-10T00:00:00+03:00,2026-05,EBM0526,2507.5659899086268,EPIAS_VEP:EBM0526,True,False,False
2026-05-09T22:00:00+00:00,2026-05-10T01:00:00+03:00,2026-05,EBM0526,2507.565989877158,EPIAS_VEP:EBM0526,True,False,False
2026-05-09T23:00:00+00:00,2026-05-10T02:00:00+03:00,2026-05,EBM0526,2507.5659898432386,EPIAS_VEP:EBM0526,True,False,False
2026-05-10T00:00:00+00:00,2026-05-10T03:00:00+03:00,2026-05,EBM0526,2507.565989807508,EPIAS_VEP:EBM0526,True,False,False
2026-05-10T01:00:00+00:00,2026-05-10T04:00:00+03:00,2026-05,EBM0526,2507.5659897705364,EPIAS_VEP:EBM0526,True,False,False
2026-05-10T02:00:00+00:00,2026-05-10T05:00:00+03:00,2026-05,EBM0526,2507.5659897328333,EPIAS_VEP:EBM0526,True,False,False
2026-05-10T03:00:00+00:00,2026-05-10T06:00:00+03:00,2026-05,EBM0526,2507.5659896948464,EPIAS_VEP:EBM0526,True,False,False
2026-05-10T04:00:00+00:00,2026-05-10T07:00:00+03:00,2026-05,EBM0526,2507.5659896569673,EPIAS_VEP:EBM0526,True,False,False
2026-05-10T05:00:00+00:00,2026-05-10T08:00:00+03:00,2026-05,EBM0526,2507.5659896195343,EPIAS_VEP:EBM0526,True,False,False
2026-05-10T06:00:00+00:00,2026-05-10T09:00:00+03:00,2026-05,EBM0526,2507.5659895828376,EPIAS_VEP:EBM0526,True,False,False
2026-05-10T07:00:00+00:00,2026-05-10T10:00:00+03:00,2026-05,EBM0526,2507.565989547122,EPIAS_VEP:EBM0526,True,False,False
2026-05-10T08:00:00+00:00,2026-05-10T11:00:00+03:00,2026-05,EBM0526,2507.565989512591,EPIAS_VEP:EBM0526,True,False,False
2026-05-10T09:00:00+00:00,2026-05-10T12:00:00+03:00,2026-05,EBM0526,2507.5659894794107,EPIAS_VEP:EBM0526,True,False,False
2026-05-10T10:00:00+00:00,2026-05-10T13:00:00+03:00,2026-05,EBM0526,2507.565989447714,EPIAS_VEP:EBM0526,True,False,False
2026-05-10T11:00:00+00:00,2026-05-10T14:00:00+03:00,2026-05,EBM0526,2507.5659894176006,EPIAS_VEP:EBM0526,True,False,False
2026-05-10T12:00:00+00:00,2026-05-10T15:00:00+03:00,2026-05,EBM0526,2507.5659893891443,EPIAS_VEP:EBM0526,True,False,False
2026-05-10T13:00:00+00:00,2026-05-10T16:00:00+03:00,2026-05,EBM0526,2507.5659893623942,EPIAS_VEP:EBM0526,True,False,False
2026-05-10T14:00:00+00:00,2026-05-10T17:00:00+03:00,2026-05,EBM0526,2507.565989337376,EPIAS_VEP:EBM0526,True,False,False
2026-05-10T15:00:00+00:00,2026-05-10T18:00:00+03:00,2026-05,EBM0526,2507.5659893140937,EPIAS_VEP:EBM0526,True,False,False
2026-05-10T16:00:00+00:00,2026-05-10T19:00:00+03:00,2026-05,EBM0526,2507.5659892925364,EPIAS_VEP:EBM0526,True,False,False
2026-05-10T17:00:00+00:00,2026-05-10T20:00:00+03:00,2026-05,EBM0526,2507.565989272677,EPIAS_VEP:EBM0526,True,False,False
2026-05-10T18:00:00+00:00,2026-05-10T21:00:00+03:00,2026-05,EBM0526,2507.5659892544763,EPIAS_VEP:EBM0526,True,False,False
2026-05-10T19:00:00+00:00,2026-05-10T22:00:00+03:00,2026-05,EBM0526,2507.565989237884,EPIAS_VEP:EBM0526,True,False,False
2026-05-10T20:00:00+00:00,2026-05-10T23:00:00+03:00,2026-05,EBM0526,2507.565989222843,EPIAS_VEP:EBM0526,True,False,False
2026-05-10T21:00:00+00:00,2026-05-11T00:00:00+03:00,2026-05,EBM0526,2507.5659892092904,EPIAS_VEP:EBM0526,True,False,False
2026-05-10T22:00:00+00:00,2026-05-11T01:00:00+03:00,2026-05,EBM0526,2507.5659891971554,EPIAS_VEP:EBM0526,True,False,False
2026-05-10T23:00:00+00:00,2026-05-11T02:00:00+03:00,2026-05,EBM0526,2507.5659891863656,EPIAS_VEP:EBM0526,True,False,False
2026-05-11T00:00:00+00:00,2026-05-11T03:00:00+03:00,2026-05,EBM0526,2507.565989176847,EPIAS_VEP:EBM0526,True,False,False
2026-05-11T01:00:00+00:00,2026-05-11T04:00:00+03:00,2026-05,EBM0526,2507.565989168521,EPIAS_VEP:EBM0526,True,False,False
2026-05-11T02:00:00+00:00,2026-05-11T05:00:00+03:00,2026-05,EBM0526,2507.56598916131,EPIAS_VEP:EBM0526,True,False,False
2026-05-11T03:00:00+00:00,2026-05-11T06:00:00+03:00,2026-05,EBM0526,2507.5659891551363,EPIAS_VEP:EBM0526,True,False,False
2026-05-11T04:00:00+00:00,2026-05-11T07:00:00+03:00,2026-05,EBM0526,2507.5659891499226,EPIAS_VEP:EBM0526,True,False,False
2026-05-11T05:00:00+00:00,2026-05-11T08:00:00+03:00,2026-05,EBM0526,2507.565989145593,EPIAS_VEP:EBM0526,True,False,False
2026-05-11T06:00:00+00:00,2026-05-11T09:00:00+03:00,2026-05,EBM0526,2507.5659891420723,EPIAS_VEP:EBM0526,True,False,False
2026-05-11T07:00:00+00:00,2026-05-11T10:00:00+03:00,2026-05,EBM0526,2507.565989139289,EPIAS_VEP:EBM0526,True,False,False
2026-05-11T08:00:00+00:00,2026-05-11T11:00:00+03:00,2026-05,EBM0526,2507.565989137172,EPIAS_VEP:EBM0526,True,False,False
2026-05-11T09:00:00+00:00,2026-05-11T12:00:00+03:00,2026-05,EBM0526,2507.565989135654,EPIAS_VEP:EBM0526,True,False,False
2026-05-11T10:00:00+00:00,2026-05-11T13:00:00+03:00,2026-05,EBM0526,2507.565989134671,EPIAS_VEP:EBM0526,True,False,False
2026-05-11T11:00:00+00:00,2026-05-11T14:00:00+03:00,2026-05,EBM0526,2507.565989134162,EPIAS_VEP:EBM0526,True,False,False
2026-05-11T12:00:00+00:00,2026-05-11T15:00:00+03:00,2026-05,EBM0526,2507.5659891340683,EPIAS_VEP:EBM0526,True,False,False
2026-05-11T13:00:00+00:00,2026-05-11T16:00:00+03:00,2026-05,EBM0526,2507.5659891343366,EPIAS_VEP:EBM0526,True,False,False
2026-05-11T14:00:00+00:00,2026-05-11T17:00:00+03:00,2026-05,EBM0526,2507.5659891349173,EPIAS_VEP:EBM0526,True,False,False
2026-05-11T15:00:00+00:00,2026-05-11T18:00:00+03:00,2026-05,EBM0526,2507.565989135764,EPIAS_VEP:EBM0526,True,False,False
2026-05-11T16:00:00+00:00,2026-05-11T19:00:00+03:00,2026-05,EBM0526,2507.5659891368337,EPIAS_VEP:EBM0526,True,False,False
2026-05-11T17:00:00+00:00,2026-05-11T20:00:00+03:00,2026-05,EBM0526,2507.5659891380865,EPIAS_VEP:EBM0526,True,False,False
2026-05-11T18:00:00+00:00,2026-05-11T21:00:00+03:00,2026-05,EBM0526,2507.565989139485,EPIAS_VEP:EBM0526,True,False,False
2026-05-11T19:00:00+00:00,2026-05-11T22:00:00+03:00,2026-05,EBM0526,2507.565989140995,EPIAS_VEP:EBM0526,True,False,False
2026-05-11T20:00:00+00:00,2026-05-11T23:00:00+03:00,2026-05,EBM0526,2507.565989142587,EPIAS_VEP:EBM0526,True,False,False
2026-05-11T21:00:00+00:00,2026-05-12T00:00:00+03:00,2026-05,EBM0526,2507.5659891442347,EPIAS_VEP:EBM0526,True,False,False
2026-05-11T22:00:00+00:00,2026-05-12T01:00:00+03:00,2026-05,EBM0526,2507.565989145915,EPIAS_VEP:EBM0526,True,False,False
2026-05-11T23:00:00+00:00,2026-05-12T02:00:00+03:00,2026-05,EBM0526,2507.5659891476075,EPIAS_VEP:EBM0526,True,False,False
2026-05-12T00:00:00+00:00,2026-05-12T03:00:00+03:00,2026-05,EBM0526,2507.5659891492955,EPIAS_VEP:EBM0526,True,False,False
2026-05-12T01:00:00+00:00,2026-05-12T04:00:00+03:00,2026-05,EBM0526,2507.5659891509627,EPIAS_VEP:EBM0526,True,False,False
2026-05-12T02:00:00+00:00,2026-05-12T05:00:00+03:00,2026-05,EBM0526,2507.5659891525943,EPIAS_VEP:EBM0526,True,False,False
2026-05-12T03:00:00+00:00,2026-05-12T06:00:00+03:00,2026-05,EBM0526,2507.5659891541777,EPIAS_VEP:EBM0526,True,False,False
2026-05-12T04:00:00+00:00,2026-05-12T07:00:00+03:00,2026-05,EBM0526,2507.5659891557043,EPIAS_VEP:EBM0526,True,False,False
2026-05-12T05:00:00+00:00,2026-05-12T08:00:00+03:00,2026-05,EBM0526,2507.5659891571686,EPIAS_VEP:EBM0526,True,False,False
2026-05-12T06:00:00+00:00,2026-05-12T09:00:00+03:00,2026-05,EBM0526,2507.565989158565,EPIAS_VEP:EBM0526,True,False,False
2026-05-12T07:00:00+00:00,2026-05-12T10:00:00+03:00,2026-05,EBM0526,2507.56598915989,EPIAS_VEP:EBM0526,True,False,False
2026-05-12T08:00:00+00:00,2026-05-12T11:00:00+03:00,2026-05,EBM0526,2507.5659891611404,EPIAS_VEP:EBM0526,True,False,False
2026-05-12T09:00:00+00:00,2026-05-12T12:00:00+03:00,2026-05,EBM0526,2507.565989162316,EPIAS_VEP:EBM0526,True,False,False
2026-05-12T10:00:00+00:00,2026-05-12T13:00:00+03:00,2026-05,EBM0526,2507.5659891634164,EPIAS_VEP:EBM0526,True,False,False
2026-05-12T11:00:00+00:00,2026-05-12T14:00:00+03:00,2026-05,EBM0526,2507.5659891644436,EPIAS_VEP:EBM0526,True,False,False
2026-05-12T12:00:00+00:00,2026-05-12T15:00:00+03:00,2026-05,EBM0526,2507.565989165399,EPIAS_VEP:EBM0526,True,False,False
2026-05-12T13:00:00+00:00,2026-05-12T16:00:00+03:00,2026-05,EBM0526,2507.5659891662845,EPIAS_VEP:EBM0526,True,False,False
2026-05-12T14:00:00+00:00,2026-05-12T17:00:00+03:00,2026-05,EBM0526,2507.5659891671016,EPIAS_VEP:EBM0526,True,False,False
2026-05-12T15:00:00+00:00,2026-05-12T18:00:00+03:00,2026-05,EBM0526,2507.565989167854,EPIAS_VEP:EBM0526,True,False,False
2026-05-12T16:00:00+00:00,2026-05-12T19:00:00+03:00,2026-05,EBM0526,2507.565989168543,EPIAS_VEP:EBM0526,True,False,False
2026-05-12T17:00:00+00:00,2026-05-12T20:00:00+03:00,2026-05,EBM0526,2507.5659891691716,EPIAS_VEP:EBM0526,True,False,False
2026-05-12T18:00:00+00:00,2026-05-12T21:00:00+03:00,2026-05,EBM0526,2507.565989169742,EPIAS_VEP:EBM0526,True,False,False
2026-05-12T19:00:00+00:00,2026-05-12T22:00:00+03:00,2026-05,EBM0526,2507.5659891702567,EPIAS_VEP:EBM0526,True,False,False
2026-05-12T20:00:00+00:00,2026-05-12T23:00:00+03:00,2026-05,EBM0526,2507.565989170719,EPIAS_VEP:EBM0526,True,False,False
2026-05-12T21:00:00+00:00,2026-05-13T00:00:00+03:00,2026-05,EBM0526,2507.5659891711307,EPIAS_VEP:EBM0526,True,False,False
2026-05-12T22:00:00+00:00,2026-05-13T01:00:00+03:00,2026-05,EBM0526,2507.5659891714927,EPIAS_VEP:EBM0526,True,False,False
2026-05-12T23:00:00+00:00,2026-05-13T02:00:00+03:00,2026-05,EBM0526,2507.5659891718074,EPIAS_VEP:EBM0526,True,False,False
2026-05-13T00:00:00+00:00,2026-05-13T03:00:00+03:00,2026-05,EBM0526,2507.565989172079,EPIAS_VEP:EBM0526,True,False,False
2026-05-13T01:00:00+00:00,2026-05-13T04:00:00+03:00,2026-05,EBM0526,2507.5659891723103,EPIAS_VEP:EBM0526,True,False,False
2026-05-13T02:00:00+00:00,2026-05-13T05:00:00+03:00,2026-05,EBM0526,2507.565989172505,EPIAS_VEP:EBM0526,True,False,False
2026-05-13T03:00:00+00:00,2026-05-13T06:00:00+03:00,2026-05,EBM0526,2507.565989172664,EPIAS_VEP:EBM0526,True,False,False
2026-05-13T04:00:00+00:00,2026-05-13T07:00:00+03:00,2026-05,EBM0526,2507.5659891727896,EPIAS_VEP:EBM0526,True,False,False
2026-05-13T05:00:00+00:00,2026-05-13T08:00:00+03:00,2026-05,EBM0526,2507.5659891728837,EPIAS_VEP:EBM0526,True,False,False
2026-05-13T06:00:00+00:00,2026-05-13T09:00:00+03:00,2026-05,EBM0526,2507.565989172948,EPIAS_VEP:EBM0526,True,False,False
2026-05-13T07:00:00+00:00,2026-05-13T10:00:00+03:00,2026-05,EBM0526,2507.5659891729842,EPIAS_VEP:EBM0526,True,False,False
2026-05-13T08:00:00+00:00,2026-05-13T11:00:00+03:00,2026-05,EBM0526,2507.565989172996,EPIAS_VEP:EBM0526,True,False,False
2026-05-13T09:00:00+00:00,2026-05-13T12:00:00+03:00,2026-05,EBM0526,2507.565989172986,EPIAS_VEP:EBM0526,True,False,False
2026-05-13T10:00:00+00:00,2026-05-13T13:00:00+03:00,2026-05,EBM0526,2507.5659891729574,EPIAS_VEP:EBM0526,True,False,False
2026-05-13T11:00:00+00:00,2026-05-13T14:00:00+03:00,2026-05,EBM0526,2507.565989172912,EPIAS_VEP:EBM0526,True,False,False
2026-05-13T12:00:00+00:00,2026-05-13T15:00:00+03:00,2026-05,EBM0526,2507.5659891728524,EPIAS_VEP:EBM0526,True,False,False
2026-05-13T13:00:00+00:00,2026-05-13T16:00:00+03:00,2026-05,EBM0526,2507.5659891727805,EPIAS_VEP:EBM0526,True,False,False
2026-05-13T14:00:00+00:00,2026-05-13T17:00:00+03:00,2026-05,EBM0526,2507.5659891726987,EPIAS_VEP:EBM0526,True,False,False
2026-05-13T15:00:00+00:00,2026-05-13T18:00:00+03:00,2026-05,EBM0526,2507.5659891726086,EPIAS_VEP:EBM0526,True,False,False
2026-05-13T16:00:00+00:00,2026-05-13T19:00:00+03:00,2026-05,EBM0526,2507.565989172512,EPIAS_VEP:EBM0526,True,False,False
2026-05-13T17:00:00+00:00,2026-05-13T20:00:00+03:00,2026-05,EBM0526,2507.565989172412,EPIAS_VEP:EBM0526,True,False,False
2026-05-13T18:00:00+00:00,2026-05-13T21:00:00+03:00,2026-05,EBM0526,2507.565989172309,EPIAS_VEP:EBM0526,True,False,False
2026-05-13T19:00:00+00:00,2026-05-13T22:00:00+03:00,2026-05,EBM0526,2507.5659891722034,EPIAS_VEP:EBM0526,True,False,False
2026-05-13T20:00:00+00:00,2026-05-13T23:00:00+03:00,2026-05,EBM0526,2507.5659891720975,EPIAS_VEP:EBM0526,True,False,False
2026-05-13T21:00:00+00:00,2026-05-14T00:00:00+03:00,2026-05,EBM0526,2507.5659891719924,EPIAS_VEP:EBM0526,True,False,False
2026-05-13T22:00:00+00:00,2026-05-14T01:00:00+03:00,2026-05,EBM0526,2507.565989171889,EPIAS_VEP:EBM0526,True,False,False
2026-05-13T23:00:00+00:00,2026-05-14T02:00:00+03:00,2026-05,EBM0526,2507.5659891717883,EPIAS_VEP:EBM0526,True,False,False
2026-05-14T00:00:00+00:00,2026-05-14T03:00:00+03:00,2026-05,EBM0526,2507.5659891716896,EPIAS_VEP:EBM0526,True,False,False
2026-05-14T01:00:00+00:00,2026-05-14T04:00:00+03:00,2026-05,EBM0526,2507.565989171593,EPIAS_VEP:EBM0526,True,False,False
2026-05-14T02:00:00+00:00,2026-05-14T05:00:00+03:00,2026-05,EBM0526,2507.565989171501,EPIAS_VEP:EBM0526,True,False,False
2026-05-14T03:00:00+00:00,2026-05-14T06:00:00+03:00,2026-05,EBM0526,2507.5659891714135,EPIAS_VEP:EBM0526,True,False,False
2026-05-14T04:00:00+00:00,2026-05-14T07:00:00+03:00,2026-05,EBM0526,2507.565989171332,EPIAS_VEP:EBM0526,True,False,False
2026-05-14T05:00:00+00:00,2026-05-14T08:00:00+03:00,2026-05,EBM0526,2507.565989171257,EPIAS_VEP:EBM0526,True,False,False
2026-05-14T06:00:00+00:00,2026-05-14T09:00:00+03:00,2026-05,EBM0526,2507.5659891711884,EPIAS_VEP:EBM0526,True,False,False
2026-05-14T07:00:00+00:00,2026-05-14T10:00:00+03:00,2026-05,EBM0526,2507.5659891711275,EPIAS_VEP:EBM0526,True,False,False
2026-05-14T08:00:00+00:00,2026-05-14T11:00:00+03:00,2026-05,EBM0526,2507.565989171074,EPIAS_VEP:EBM0526,True,False,False
2026-05-14T09:00:00+00:00,2026-05-14T12:00:00+03:00,2026-05,EBM0526,2507.565989171026,EPIAS_VEP:EBM0526,True,False,False
2026-05-14T10:00:00+00:00,2026-05-14T13:00:00+03:00,2026-05,EBM0526,2507.5659891709847,EPIAS_VEP:EBM0526,True,False,False
2026-05-14T11:00:00+00:00,2026-05-14T14:00:00+03:00,2026-05,EBM0526,2507.565989170948,EPIAS_VEP:EBM0526,True,False,False
2026-05-14T12:00:00+00:00,2026-05-14T15:00:00+03:00,2026-05,EBM0526,2507.5659891709147,EPIAS_VEP:EBM0526,True,False,False
2026-05-14T13:00:00+00:00,2026-05-14T16:00:00+03:00,2026-05,EBM0526,2507.565989170884,EPIAS_VEP:EBM0526,True,False,False
2026-05-14T14:00:00+00:00,2026-05-14T17:00:00+03:00,2026-05,EBM0526,2507.5659891708565,EPIAS_VEP:EBM0526,True,False,False
2026-05-14T15:00:00+00:00,2026-05-14T18:00:00+03:00,2026-05,EBM0526,2507.565989170831,EPIAS_VEP:EBM0526,True,False,False
2026-05-14T16:00:00+00:00,2026-05-14T19:00:00+03:00,2026-05,EBM0526,2507.5659891708074,EPIAS_VEP:EBM0526,True,False,False
2026-05-14T17:00:00+00:00,2026-05-14T20:00:00+03:00,2026-05,EBM0526,2507.5659891707865,EPIAS_VEP:EBM0526,True,False,False
2026-05-14T18:00:00+00:00,2026-05-14T21:00:00+03:00,2026-05,EBM0526,2507.565989170769,EPIAS_VEP:EBM0526,True,False,False
2026-05-14T19:00:00+00:00,2026-05-14T22:00:00+03:00,2026-05,EBM0526,2507.5659891707555,EPIAS_VEP:EBM0526,True,False,False
2026-05-14T20:00:00+00:00,2026-05-14T23:00:00+03:00,2026-05,EBM0526,2507.565989170746,EPIAS_VEP:EBM0526,True,False,False
2026-05-14T21:00:00+00:00,2026-05-15T00:00:00+03:00,2026-05,EBM0526,2507.5659891707437,EPIAS_VEP:EBM0526,True,False,False
2026-05-14T22:00:00+00:00,2026-05-15T01:00:00+03:00,2026-05,EBM0526,2507.5659891707496,EPIAS_VEP:EBM0526,True,False,False
2026-05-14T23:00:00+00:00,2026-05-15T02:00:00+03:00,2026-05,EBM0526,2507.565989170767,EPIAS_VEP:EBM0526,True,False,False
2026-05-15T00:00:00+00:00,2026-05-15T03:00:00+03:00,2026-05,EBM0526,2507.565989170795,EPIAS_VEP:EBM0526,True,False,False
2026-05-15T01:00:00+00:00,2026-05-15T04:00:00+03:00,2026-05,EBM0526,2507.5659891708333,EPIAS_VEP:EBM0526,True,False,False
2026-05-15T02:00:00+00:00,2026-05-15T05:00:00+03:00,2026-05,EBM0526,2507.5659891708824,EPIAS_VEP:EBM0526,True,False,False
2026-05-15T03:00:00+00:00,2026-05-15T06:00:00+03:00,2026-05,EBM0526,2507.565989170942,EPIAS_VEP:EBM0526,True,False,False
2026-05-15T04:00:00+00:00,2026-05-15T07:00:00+03:00,2026-05,EBM0526,2507.5659891710134,EPIAS_VEP:EBM0526,True,False,False
2026-05-15T05:00:00+00:00,2026-05-15T08:00:00+03:00,2026-05,EBM0526,2507.5659891710975,EPIAS_VEP:EBM0526,True,False,False
2026-05-15T06:00:00+00:00,2026-05-15T09:00:00+03:00,2026-05,EBM0526,2507.5659891711953,EPIAS_VEP:EBM0526,True,False,False
2026-05-15T07:00:00+00:00,2026-05-15T10:00:00+03:00,2026-05,EBM0526,2507.5659891713076,EPIAS_VEP:EBM0526,True,False,False
2026-05-15T08:00:00+00:00,2026-05-15T11:00:00+03:00,2026-05,EBM0526,2507.5659891714336,EPIAS_VEP:EBM0526,True,False,False
2026-05-15T09:00:00+00:00,2026-05-15T12:00:00+03:00,2026-05,EBM0526,2507.5659891715736,EPIAS_VEP:EBM0526,True,False,False
2026-05-15T10:00:00+00:00,2026-05-15T13:00:00+03:00,2026-05,EBM0526,2507.5659891717282,EPIAS_VEP:EBM0526,True,False,False
2026-05-15T11:00:00+00:00,2026-05-15T14:00:00+03:00,2026-05,EBM0526,2507.565989171895,EPIAS_VEP:EBM0526,True,False,False
2026-05-15T12:00:00+00:00,2026-05-15T15:00:00+03:00,2026-05,EBM0526,2507.5659891720725,EPIAS_VEP:EBM0526,True,False,False
2026-05-15T13:00:00+00:00,2026-05-15T16:00:00+03:00,2026-05,EBM0526,2507.565989172258,EPIAS_VEP:EBM0526,True,False,False
2026-05-15T14:00:00+00:00,2026-05-15T17:00:00+03:00,2026-05,EBM0526,2507.565989172448,EPIAS_VEP:EBM0526,True,False,False
2026-05-15T15:00:00+00:00,2026-05-15T18:00:00+03:00,2026-05,EBM0526,2507.5659891726386,EPIAS_VEP:EBM0526,True,False,False
2026-05-15T16:00:00+00:00,2026-05-15T19:00:00+03:00,2026-05,EBM0526,2507.565989172827,EPIAS_VEP:EBM0526,True,False,False
2026-05-15T17:00:00+00:00,2026-05-15T20:00:00+03:00,2026-05,EBM0526,2507.5659891730097,EPIAS_VEP:EBM0526,True,False,False
2026-05-15T18:00:00+00:00,2026-05-15T21:00:00+03:00,2026-05,EBM0526,2507.565989173185,EPIAS_VEP:EBM0526,True,False,False
2026-05-15T19:00:00+00:00,2026-05-15T22:00:00+03:00,2026-05,EBM0526,2507.565989173351,EPIAS_VEP:EBM0526,True,False,False
2026-05-15T20:00:00+00:00,2026-05-15T23:00:00+03:00,2026-05,EBM0526,2507.5659891735045,EPIAS_VEP:EBM0526,True,False,False
2026-05-15T21:00:00+00:00,2026-05-16T00:00:00+03:00,2026-05,EBM0526,2507.565989173639,EPIAS_VEP:EBM0526,True,False,False
2026-05-15T22:00:00+00:00,2026-05-16T01:00:00+03:00,2026-05,EBM0526,2507.5659891737505,EPIAS_VEP:EBM0526,True,False,False
2026-05-15T23:00:00+00:00,2026-05-16T02:00:00+03:00,2026-05,EBM0526,2507.565989173834,EPIAS_VEP:EBM0526,True,False,False
2026-05-16T00:00:00+00:00,2026-05-16T03:00:00+03:00,2026-05,EBM0526,2507.565989173888,EPIAS_VEP:EBM0526,True,False,False
2026-05-16T01:00:00+00:00,2026-05-16T04:00:00+03:00,2026-05,EBM0526,2507.565989173909,EPIAS_VEP:EBM0526,True,False,False
2026-05-16T02:00:00+00:00,2026-05-16T05:00:00+03:00,2026-05,EBM0526,2507.5659891738965,EPIAS_VEP:EBM0526,True,False,False
2026-05-16T03:00:00+00:00,2026-05-16T06:00:00+03:00,2026-05,EBM0526,2507.565989173855,EPIAS_VEP:EBM0526,True,False,False
2026-05-16T04:00:00+00:00,2026-05-16T07:00:00+03:00,2026-05,EBM0526,2507.565989173789,EPIAS_VEP:EBM0526,True,False,False
2026-05-16T05:00:00+00:00,2026-05-16T08:00:00+03:00,2026-05,EBM0526,2507.565989173703,EPIAS_VEP:EBM0526,True,False,False
2026-05-16T06:00:00+00:00,2026-05-16T09:00:00+03:00,2026-05,EBM0526,2507.5659891736004,EPIAS_VEP:EBM0526,True,False,False
2026-05-16T07:00:00+00:00,2026-05-16T10:00:00+03:00,2026-05,EBM0526,2507.5659891734826,EPIAS_VEP:EBM0526,True,False,False
2026-05-16T08:00:00+00:00,2026-05-16T11:00:00+03:00,2026-05,EBM0526,2507.5659891733517,EPIAS_VEP:EBM0526,True,False,False
2026-05-16T09:00:00+00:00,2026-05-16T12:00:00+03:00,2026-05,EBM0526,2507.56598917321,EPIAS_VEP:EBM0526,True,False,False
2026-05-16T10:00:00+00:00,2026-05-16T13:00:00+03:00,2026-05,EBM0526,2507.5659891730597,EPIAS_VEP:EBM0526,True,False,False
2026-05-16T11:00:00+00:00,2026-05-16T14:00:00+03:00,2026-05,EBM0526,2507.565989172903,EPIAS_VEP:EBM0526,True,False,False
2026-05-16T12:00:00+00:00,2026-05-16T15:00:00+03:00,2026-05,EBM0526,2507.5659891727414,EPIAS_VEP:EBM0526,True,False,False
2026-05-16T13:00:00+00:00,2026-05-16T16:00:00+03:00,2026-05,EBM0526,2507.565989172576,EPIAS_VEP:EBM0526,True,False,False
2026-05-16T14:00:00+00:00,2026-05-16T17:00:00+03:00,2026-05,EBM0526,2507.565989172408,EPIAS_VEP:EBM0526,True,False,False
2026-05-16T15:00:00+00:00,2026-05-16T18:00:00+03:00,2026-05,EBM0526,2507.5659891722403,EPIAS_VEP:EBM0526,True,False,False
2026-05-16T16:00:00+00:00,2026-05-16T19:00:00+03:00,2026-05,EBM0526,2507.5659891720757,EPIAS_VEP:EBM0526,True,False,False
2026-05-16T17:00:00+00:00,2026-05-16T20:00:00+03:00,2026-05,EBM0526,2507.565989171914,EPIAS_VEP:EBM0526,True,False,False
2026-05-16T18:00:00+00:00,2026-05-16T21:00:00+03:00,2026-05,EBM0526,2507.5659891717555,EPIAS_VEP:EBM0526,True,False,False
2026-05-16T19:00:00+00:00,2026-05-16T22:00:00+03:00,2026-05,EBM0526,2507.5659891715986,EPIAS_VEP:EBM0526,True,False,False
2026-05-16T20:00:00+00:00,2026-05-16T23:00:00+03:00,2026-05,EBM0526,2507.565989171442,EPIAS_VEP:EBM0526,True,False,False
2026-05-16T21:00:00+00:00,2026-05-17T00:00:00+03:00,2026-05,EBM0526,2507.5659891712853,EPIAS_VEP:EBM0526,True,False,False
2026-05-16T22:00:00+00:00,2026-05-17T01:00:00+03:00,2026-05,EBM0526,2507.565989171128,EPIAS_VEP:EBM0526,True,False,False
2026-05-16T23:00:00+00:00,2026-05-17T02:00:00+03:00,2026-05,EBM0526,2507.56598917097,EPIAS_VEP:EBM0526,True,False,False
2026-05-17T00:00:00+00:00,2026-05-17T03:00:00+03:00,2026-05,EBM0526,2507.565989170811,EPIAS_VEP:EBM0526,True,False,False
2026-05-17T01:00:00+00:00,2026-05-17T04:00:00+03:00,2026-05,EBM0526,2507.565989170649,EPIAS_VEP:EBM0526,True,False,False
2026-05-17T02:00:00+00:00,2026-05-17T05:00:00+03:00,2026-05,EBM0526,2507.565989170485,EPIAS_VEP:EBM0526,True,False,False
2026-05-17T03:00:00+00:00,2026-05-17T06:00:00+03:00,2026-05,EBM0526,2507.565989170318,EPIAS_VEP:EBM0526,True,False,False
2026-05-17T04:00:00+00:00,2026-05-17T07:00:00+03:00,2026-05,EBM0526,2507.56598917015,EPIAS_VEP:EBM0526,True,False,False
2026-05-17T05:00:00+00:00,2026-05-17T08:00:00+03:00,2026-05,EBM0526,2507.565989169981,EPIAS_VEP:EBM0526,True,False,False
2026-05-17T06:00:00+00:00,2026-05-17T09:00:00+03:00,2026-05,EBM0526,2507.565989169814,EPIAS_VEP:EBM0526,True,False,False
2026-05-17T07:00:00+00:00,2026-05-17T10:00:00+03:00,2026-05,EBM0526,2507.56598916965,EPIAS_VEP:EBM0526,True,False,False
2026-05-17T08:00:00+00:00,2026-05-17T11:00:00+03:00,2026-05,EBM0526,2507.5659891694922,EPIAS_VEP:EBM0526,True,False,False
2026-05-17T09:00:00+00:00,2026-05-17T12:00:00+03:00,2026-05,EBM0526,2507.5659891693426,EPIAS_VEP:EBM0526,True,False,False
2026-05-17T10:00:00+00:00,2026-05-17T13:00:00+03:00,2026-05,EBM0526,2507.5659891692044,EPIAS_VEP:EBM0526,True,False,False
2026-05-17T11:00:00+00:00,2026-05-17T14:00:00+03:00,2026-05,EBM0526,2507.565989169081,EPIAS_VEP:EBM0526,True,False,False
2026-05-17T12:00:00+00:00,2026-05-17T15:00:00+03:00,2026-05,EBM0526,2507.5659891689756,EPIAS_VEP:EBM0526,True,False,False
2026-05-17T13:00:00+00:00,2026-05-17T16:00:00+03:00,2026-05,EBM0526,2507.5659891688906,EPIAS_VEP:EBM0526,True,False,False
2026-05-17T14:00:00+00:00,2026-05-17T17:00:00+03:00,2026-05,EBM0526,2507.5659891688297,EPIAS_VEP:EBM0526,True,False,False
2026-05-17T15:00:00+00:00,2026-05-17T18:00:00+03:00,2026-05,EBM0526,2507.5659891687974,EPIAS_VEP:EBM0526,True,False,False
2026-05-17T16:00:00+00:00,2026-05-17T19:00:00+03:00,2026-05,EBM0526,2507.5659891688,EPIAS_VEP:EBM0526,True,False,False
2026-05-17T17:00:00+00:00,2026-05-17T20:00:00+03:00,2026-05,EBM0526,2507.565989168844,EPIAS_VEP:EBM0526,True,False,False
2026-05-17T18:00:00+00:00,2026-05-17T21:00:00+03:00,2026-05,EBM0526,2507.5659891689356,EPIAS_VEP:EBM0526,True,False,False
2026-05-17T19:00:00+00:00,2026-05-17T22:00:00+03:00,2026-05,EBM0526,2507.5659891690802,EPIAS_VEP:EBM0526,True,False,False
2026-05-17T20:00:00+00:00,2026-05-17T23:00:00+03:00,2026-05,EBM0526,2507.5659891692844,EPIAS_VEP:EBM0526,True,False,False
2026-05-17T21:00:00+00:00,2026-05-18T00:00:00+03:00,2026-05,EBM0526,2507.565989169554,EPIAS_VEP:EBM0526,True,False,False
2026-05-17T22:00:00+00:00,2026-05-18T01:00:00+03:00,2026-05,EBM0526,2507.5659891698974,EPIAS_VEP:EBM0526,True,False,False
2026-05-17T23:00:00+00:00,2026-05-18T02:00:00+03:00,2026-05,EBM0526,2507.5659891703203,EPIAS_VEP:EBM0526,True,False,False
2026-05-18T00:00:00+00:00,2026-05-18T03:00:00+03:00,2026-05,EBM0526,2507.5659891708283,EPIAS_VEP:EBM0526,True,False,False
2026-05-18T01:00:00+00:00,2026-05-18T04:00:00+03:00,2026-05,EBM0526,2507.565989171426,EPIAS_VEP:EBM0526,True,False,False
2026-05-18T02:00:00+00:00,2026-05-18T05:00:00+03:00,2026-05,EBM0526,2507.5659891721175,EPIAS_VEP:EBM0526,True,False,False
2026-05-18T03:00:00+00:00,2026-05-18T06:00:00+03:00,2026-05,EBM0526,2507.5659891729083,EPIAS_VEP:EBM0526,True,False,False
2026-05-18T04:00:00+00:00,2026-05-18T07:00:00+03:00,2026-05,EBM0526,2507.5659891738032,EPIAS_VEP:EBM0526,True,False,False
2026-05-18T05:00:00+00:00,2026-05-18T08:00:00+03:00,2026-05,EBM0526,2507.5659891748064,EPIAS_VEP:EBM0526,True,False,False
2026-05-18T06:00:00+00:00,2026-05-18T09:00:00+03:00,2026-05,EBM0526,2507.5659891759205,EPIAS_VEP:EBM0526,True,False,False
2026-05-18T07:00:00+00:00,2026-05-18T10:00:00+03:00,2026-05,EBM0526,2507.565989177151,EPIAS_VEP:EBM0526,True,False,False
2026-05-18T08:00:00+00:00,2026-05-18T11:00:00+03:00,2026-05,EBM0526,2507.5659891785012,EPIAS_VEP:EBM0526,True,False,False
2026-05-18T09:00:00+00:00,2026-05-18T12:00:00+03:00,2026-05,EBM0526,2507.5659891799737,EPIAS_VEP:EBM0526,True,False,False
2026-05-18T10:00:00+00:00,2026-05-18T13:00:00+03:00,2026-05,EBM0526,2507.5659891815703,EPIAS_VEP:EBM0526,True,False,False
2026-05-18T11:00:00+00:00,2026-05-18T14:00:00+03:00,2026-05,EBM0526,2507.5659891832906,EPIAS_VEP:EBM0526,True,False,False
2026-05-18T12:00:00+00:00,2026-05-18T15:00:00+03:00,2026-05,EBM0526,2507.5659891851337,EPIAS_VEP:EBM0526,True,False,False
2026-05-18T13:00:00+00:00,2026-05-18T16:00:00+03:00,2026-05,EBM0526,2507.565989187096,EPIAS_VEP:EBM0526,True,False,False
2026-05-18T14:00:00+00:00,2026-05-18T17:00:00+03:00,2026-05,EBM0526,2507.565989189174,EPIAS_VEP:EBM0526,True,False,False
2026-05-18T15:00:00+00:00,2026-05-18T18:00:00+03:00,2026-05,EBM0526,2507.5659891913633,EPIAS_VEP:EBM0526,True,False,False
2026-05-18T16:00:00+00:00,2026-05-18T19:00:00+03:00,2026-05,EBM0526,2507.5659891936543,EPIAS_VEP:EBM0526,True,False,False
2026-05-18T17:00:00+00:00,2026-05-18T20:00:00+03:00,2026-05,EBM0526,2507.565989196038,EPIAS_VEP:EBM0526,True,False,False
2026-05-18T18:00:00+00:00,2026-05-18T21:00:00+03:00,2026-05,EBM0526,2507.565989198504,EPIAS_VEP:EBM0526,True,False,False
2026-05-18T19:00:00+00:00,2026-05-18T22:00:00+03:00,2026-05,EBM0526,2507.565989201038,EPIAS_VEP:EBM0526,True,False,False
2026-05-18T20:00:00+00:00,2026-05-18T23:00:00+03:00,2026-05,EBM0526,2507.565989203623,EPIAS_VEP:EBM0526,True,False,False
2026-05-18T21:00:00+00:00,2026-05-19T00:00:00+03:00,2026-05,EBM0526,2507.56598920624,EPIAS_VEP:EBM0526,True,False,False
2026-05-18T22:00:00+00:00,2026-05-19T01:00:00+03:00,2026-05,EBM0526,2507.5659892088656,EPIAS_VEP:EBM0526,True,False,False
2026-05-18T23:00:00+00:00,2026-05-19T02:00:00+03:00,2026-05,EBM0526,2507.565989211474,EPIAS_VEP:EBM0526,True,False,False
2026-05-19T00:00:00+00:00,2026-05-19T03:00:00+03:00,2026-05,EBM0526,2507.565989214037,EPIAS_VEP:EBM0526,True,False,False
2026-05-19T01:00:00+00:00,2026-05-19T04:00:00+03:00,2026-05,EBM0526,2507.565989216521,EPIAS_VEP:EBM0526,True,False,False
2026-05-19T02:00:00+00:00,2026-05-19T05:00:00+03:00,2026-05,EBM0526,2507.565989218887,EPIAS_VEP:EBM0526,True,False,False
2026-05-19T03:00:00+00:00,2026-05-19T06:00:00+03:00,2026-05,EBM0526,2507.5659892210933,EPIAS_VEP:EBM0526,True,False,False
2026-05-19T04:00:00+00:00,2026-05-19T07:00:00+03:00,2026-05,EBM0526,2507.565989223093,EPIAS_VEP:EBM0526,True,False,False
2026-05-19T05:00:00+00:00,2026-05-19T08:00:00+03:00,2026-05,EBM0526,2507.565989224834,EPIAS_VEP:EBM0526,True,False,False
2026-05-19T06:00:00+00:00,2026-05-19T09:00:00+03:00,2026-05,EBM0526,2507.5659892262574,EPIAS_VEP:EBM0526,True,False,False
2026-05-19T07:00:00+00:00,2026-05-19T10:00:00+03:00,2026-05,EBM0526,2507.5659892272984,EPIAS_VEP:EBM0526,True,False,False
2026-05-19T08:00:00+00:00,2026-05-19T11:00:00+03:00,2026-05,EBM0526,2507.5659892278845,EPIAS_VEP:EBM0526,True,False,False
2026-05-19T09:00:00+00:00,2026-05-19T12:00:00+03:00,2026-05,EBM0526,2507.56598922794,EPIAS_VEP:EBM0526,True,False,False
2026-05-19T10:00:00+00:00,2026-05-19T13:00:00+03:00,2026-05,EBM0526,2507.5659892273816,EPIAS_VEP:EBM0526,True,False,False
2026-05-19T11:00:00+00:00,2026-05-19T14:00:00+03:00,2026-05,EBM0526,2507.5659892261215,EPIAS_VEP:EBM0526,True,False,False
2026-05-19T12:00:00+00:00,2026-05-19T15:00:00+03:00,2026-05,EBM0526,2507.5659892240647,EPIAS_VEP:EBM0526,True,False,False
2026-05-19T13:00:00+00:00,2026-05-19T16:00:00+03:00,2026-05,EBM0526,2507.565989221112,EPIAS_VEP:EBM0526,True,False,False
2026-05-19T14:00:00+00:00,2026-05-19T17:00:00+03:00,2026-05,EBM0526,2507.5659892171575,EPIAS_VEP:EBM0526,True,False,False
2026-05-19T15:00:00+00:00,2026-05-19T18:00:00+03:00,2026-05,EBM0526,2507.565989212089,EPIAS_VEP:EBM0526,True,False,False
2026-05-19T16:00:00+00:00,2026-05-19T19:00:00+03:00,2026-05,EBM0526,2507.5659892057906,EPIAS_VEP:EBM0526,True,False,False
2026-05-19T17:00:00+00:00,2026-05-19T20:00:00+03:00,2026-05,EBM0526,2507.5659891981422,EPIAS_VEP:EBM0526,True,False,False
2026-05-19T18:00:00+00:00,2026-05-19T21:00:00+03:00,2026-05,EBM0526,2507.5659891890205,EPIAS_VEP:EBM0526,True,False,False
2026-05-19T19:00:00+00:00,2026-05-19T22:00:00+03:00,2026-05,EBM0526,2507.5659891782993,EPIAS_VEP:EBM0526,True,False,False
2026-05-19T20:00:00+00:00,2026-05-19T23:00:00+03:00,2026-05,EBM0526,2507.5659891658515,EPIAS_VEP:EBM0526,True,False,False
2026-05-19T21:00:00+00:00,2026-05-20T00:00:00+03:00,2026-05,EBM0526,2507.5659891515497,EPIAS_VEP:EBM0526,True,False,False
2026-05-19T22:00:00+00:00,2026-05-20T01:00:00+03:00,2026-05,EBM0526,2507.565989135266,EPIAS_VEP:EBM0526,True,False,False
2026-05-19T23:00:00+00:00,2026-05-20T02:00:00+03:00,2026-05,EBM0526,2507.565989116875,EPIAS_VEP:EBM0526,True,False,False
2026-05-20T00:00:00+00:00,2026-05-20T03:00:00+03:00,2026-05,EBM0526,2507.565989096253,EPIAS_VEP:EBM0526,True,False,False
2026-05-20T01:00:00+00:00,2026-05-20T04:00:00+03:00,2026-05,EBM0526,2507.5659890732836,EPIAS_VEP:EBM0526,True,False,False
2026-05-20T02:00:00+00:00,2026-05-20T05:00:00+03:00,2026-05,EBM0526,2507.5659890478582,EPIAS_VEP:EBM0526,True,False,False
2026-05-20T03:00:00+00:00,2026-05-20T06:00:00+03:00,2026-05,EBM0526,2507.5659890198763,EPIAS_VEP:EBM0526,True,False,False
2026-05-20T04:00:00+00:00,2026-05-20T07:00:00+03:00,2026-05,EBM0526,2507.565988989253,EPIAS_VEP:EBM0526,True,False,False
2026-05-20T05:00:00+00:00,2026-05-20T08:00:00+03:00,2026-05,EBM0526,2507.565988955919,EPIAS_VEP:EBM0526,True,False,False
2026-05-20T06:00:00+00:00,2026-05-20T09:00:00+03:00,2026-05,EBM0526,2507.5659889198205,EPIAS_VEP:EBM0526,True,False,False
2026-05-20T07:00:00+00:00,2026-05-20T10:00:00+03:00,2026-05,EBM0526,2507.565988880928,EPIAS_VEP:EBM0526,True,False,False
2026-05-20T08:00:00+00:00,2026-05-20T11:00:00+03:00,2026-05,EBM0526,2507.5659888392383,EPIAS_VEP:EBM0526,True,False,False
2026-05-20T09:00:00+00:00,2026-05-20T12:00:00+03:00,2026-05,EBM0526,2507.5659887947754,EPIAS_VEP:EBM0526,True,False,False
2026-05-20T10:00:00+00:00,2026-05-20T13:00:00+03:00,2026-05,EBM0526,2507.5659887475977,EPIAS_VEP:EBM0526,True,False,False
2026-05-20T11:00:00+00:00,2026-05-20T14:00:00+03:00,2026-05,EBM0526,2507.565988697802,EPIAS_VEP:EBM0526,True,False,False
2026-05-20T12:00:00+00:00,2026-05-20T15:00:00+03:00,2026-05,EBM0526,2507.565988645525,EPIAS_VEP:EBM0526,True,False,False
2026-05-20T13:00:00+00:00,2026-05-20T16:00:00+03:00,2026-05,EBM0526,2507.565988590951,EPIAS_VEP:EBM0526,True,False,False
2026-05-20T14:00:00+00:00,2026-05-20T17:00:00+03:00,2026-05,EBM0526,2507.565988534316,EPIAS_VEP:EBM0526,True,False,False
2026-05-20T15:00:00+00:00,2026-05-20T18:00:00+03:00,2026-05,EBM0526,2507.5659884759148,EPIAS_VEP:EBM0526,True,False,False
2026-05-20T16:00:00+00:00,2026-05-20T19:00:00+03:00,2026-05,EBM0526,2507.565988416103,EPIAS_VEP:EBM0526,True,False,False
2026-05-20T17:00:00+00:00,2026-05-20T20:00:00+03:00,2026-05,EBM0526,2507.5659883553067,EPIAS_VEP:EBM0526,True,False,False
2026-05-20T18:00:00+00:00,2026-05-20T21:00:00+03:00,2026-05,EBM0526,2507.5659882940267,EPIAS_VEP:EBM0526,True,False,False
2026-05-20T19:00:00+00:00,2026-05-20T22:00:00+03:00,2026-05,EBM0526,2507.5659882328473,EPIAS_VEP:EBM0526,True,False,False
2026-05-20T20:00:00+00:00,2026-05-20T23:00:00+03:00,2026-05,EBM0526,2507.5659881724405,EPIAS_VEP:EBM0526,True,False,False
2026-05-20T21:00:00+00:00,2026-05-21T00:00:00+03:00,2026-05,EBM0526,2507.5659881135716,EPIAS_VEP:EBM0526,True,False,False
2026-05-20T22:00:00+00:00,2026-05-21T01:00:00+03:00,2026-05,EBM0526,2507.5659880571075,EPIAS_VEP:EBM0526,True,False,False
2026-05-20T23:00:00+00:00,2026-05-21T02:00:00+03:00,2026-05,EBM0526,2507.565988004019,EPIAS_VEP:EBM0526,True,False,False
2026-05-21T00:00:00+00:00,2026-05-21T03:00:00+03:00,2026-05,EBM0526,2507.5659879553873,EPIAS_VEP:EBM0526,True,False,False
2026-05-21T01:00:00+00:00,2026-05-21T04:00:00+03:00,2026-05,EBM0526,2507.5659879124123,EPIAS_VEP:EBM0526,True,False,False
2026-05-21T02:00:00+00:00,2026-05-21T05:00:00+03:00,2026-05,EBM0526,2507.565987876414,EPIAS_VEP:EBM0526,True,False,False
2026-05-21T03:00:00+00:00,2026-05-21T06:00:00+03:00,2026-05,EBM0526,2507.5659878488405,EPIAS_VEP:EBM0526,True,False,False
2026-05-21T04:00:00+00:00,2026-05-21T07:00:00+03:00,2026-05,EBM0526,2507.5659878312676,EPIAS_VEP:EBM0526,True,False,False
2026-05-21T05:00:00+00:00,2026-05-21T08:00:00+03:00,2026-05,EBM0526,2507.5659878254055,EPIAS_VEP:EBM0526,True,False,False
2026-05-21T06:00:00+00:00,2026-05-21T09:00:00+03:00,2026-05,EBM0526,2507.565987833097,EPIAS_VEP:EBM0526,True,False,False
2026-05-21T07:00:00+00:00,2026-05-21T10:00:00+03:00,2026-05,EBM0526,2507.565987856319,EPIAS_VEP:EBM0526,True,False,False
2026-05-21T08:00:00+00:00,2026-05-21T11:00:00+03:00,2026-05,EBM0526,2507.565987897184,EPIAS_VEP:EBM0526,True,False,False
2026-05-21T09:00:00+00:00,2026-05-21T12:00:00+03:00,2026-05,EBM0526,2507.5659879579325,EPIAS_VEP:EBM0526,True,False,False
2026-05-21T10:00:00+00:00,2026-05-21T13:00:00+03:00,2026-05,EBM0526,2507.565988040933,EPIAS_VEP:EBM0526,True,False,False
2026-05-21T11:00:00+00:00,2026-05-21T14:00:00+03:00,2026-05,EBM0526,2507.5659881486754,EPIAS_VEP:EBM0526,True,False,False
2026-05-21T12:00:00+00:00,2026-05-21T15:00:00+03:00,2026-05,EBM0526,2507.5659882837617,EPIAS_VEP:EBM0526,True,False,False
2026-05-21T13:00:00+00:00,2026-05-21T16:00:00+03:00,2026-05,EBM0526,2507.565988448896,EPIAS_VEP:EBM0526,True,False,False
2026-05-21T14:00:00+00:00,2026-05-21T17:00:00+03:00,2026-05,EBM0526,2507.5659886468725,EPIAS_VEP:EBM0526,True,False,False
2026-05-21T15:00:00+00:00,2026-05-21T18:00:00+03:00,2026-05,EBM0526,2507.565988880561,EPIAS_VEP:EBM0526,True,False,False
2026-05-21T16:00:00+00:00,2026-05-21T19:00:00+03:00,2026-05,EBM0526,2507.565989152882,EPIAS_VEP:EBM0526,True,False,False
2026-05-21T17:00:00+00:00,2026-05-21T20:00:00+03:00,2026-05,EBM0526,2507.565989466784,EPIAS_VEP:EBM0526,True,False,False
2026-05-21T18:00:00+00:00,2026-05-21T21:00:00+03:00,2026-05,EBM0526,2507.5659898252156,EPIAS_VEP:EBM0526,True,False,False
2026-05-21T19:00:00+00:00,2026-05-21T22:00:00+03:00,2026-05,EBM0526,2507.565990231099,EPIAS_VEP:EBM0526,True,False,False
2026-05-21T20:00:00+00:00,2026-05-21T23:00:00+03:00,2026-05,EBM0526,2507.565990687288,EPIAS_VEP:EBM0526,True,False,False
2026-05-21T21:00:00+00:00,2026-05-22T00:00:00+03:00,2026-05,EBM0526,2507.56599119653,EPIAS_VEP:EBM0526,True,False,False
2026-05-21T22:00:00+00:00,2026-05-22T01:00:00+03:00,2026-05,EBM0526,2507.5659917614225,EPIAS_VEP:EBM0526,True,False,False
2026-05-21T23:00:00+00:00,2026-05-22T02:00:00+03:00,2026-05,EBM0526,2507.56599238436,EPIAS_VEP:EBM0526,True,False,False
2026-05-22T00:00:00+00:00,2026-05-22T03:00:00+03:00,2026-05,EBM0526,2507.5659930674756,EPIAS_VEP:EBM0526,True,False,False
2026-05-22T01:00:00+00:00,2026-05-22T04:00:00+03:00,2026-05,EBM0526,2507.5659938125823,EPIAS_VEP:EBM0526,True,False,False
2026-05-22T02:00:00+00:00,2026-05-22T05:00:00+03:00,2026-05,EBM0526,2507.5659946211035,EPIAS_VEP:EBM0526,True,False,False
2026-05-22T03:00:00+00:00,2026-05-22T06:00:00+03:00,2026-05,EBM0526,2507.565995493997,EPIAS_VEP:EBM0526,True,False,False
2026-05-22T04:00:00+00:00,2026-05-22T07:00:00+03:00,2026-05,EBM0526,2507.565996431675,EPIAS_VEP:EBM0526,True,False,False
2026-05-22T05:00:00+00:00,2026-05-22T08:00:00+03:00,2026-05,EBM0526,2507.565997433919,EPIAS_VEP:EBM0526,True,False,False
2026-05-22T06:00:00+00:00,2026-05-22T09:00:00+03:00,2026-05,EBM0526,2507.5659984997837,EPIAS_VEP:EBM0526,True,False,False
2026-05-22T07:00:00+00:00,2026-05-22T10:00:00+03:00,2026-05,EBM0526,2507.5659996274976,EPIAS_VEP:EBM0526,True,False,False
2026-05-22T08:00:00+00:00,2026-05-22T11:00:00+03:00,2026-05,EBM0526,2507.566000814357,EPIAS_VEP:EBM0526,True,False,False
2026-05-22T09:00:00+00:00,2026-05-22T12:00:00+03:00,2026-05,EBM0526,2507.5660020566092,EPIAS_VEP:EBM0526,True,False,False
2026-05-22T10:00:00+00:00,2026-05-22T13:00:00+03:00,2026-05,EBM0526,2507.5660033493386,EPIAS_VEP:EBM0526,True,False,False
2026-05-22T11:00:00+00:00,2026-05-22T14:00:00+03:00,2026-05,EBM0526,2507.5660046863395,EPIAS_VEP:EBM0526,True,False,False
2026-05-22T12:00:00+00:00,2026-05-22T15:00:00+03:00,2026-05,EBM0526,2507.566006059988,EPIAS_VEP:EBM0526,True,False,False
2026-05-22T13:00:00+00:00,2026-05-22T16:00:00+03:00,2026-05,EBM0526,2507.566007461111,EPIAS_VEP:EBM0526,True,False,False
2026-05-22T14:00:00+00:00,2026-05-22T17:00:00+03:00,2026-05,EBM0526,2507.566008878846,EPIAS_VEP:EBM0526,True,False,False
2026-05-22T15:00:00+00:00,2026-05-22T18:00:00+03:00,2026-05,EBM0526,2507.5660103005007,EPIAS_VEP:EBM0526,True,False,False
2026-05-22T16:00:00+00:00,2026-05-22T19:00:00+03:00,2026-05,EBM0526,2507.566011711411,EPIAS_VEP:EBM0526,True,False,False
2026-05-22T17:00:00+00:00,2026-05-22T20:00:00+03:00,2026-05,EBM0526,2507.566013094799,EPIAS_VEP:EBM0526,True,False,False
2026-05-22T18:00:00+00:00,2026-05-22T21:00:00+03:00,2026-05,EBM0526,2507.5660144316316,EPIAS_VEP:EBM0526,True,False,False
2026-05-22T19:00:00+00:00,2026-05-22T22:00:00+03:00,2026-05,EBM0526,2507.566015700485,EPIAS_VEP:EBM0526,True,False,False
2026-05-22T20:00:00+00:00,2026-05-22T23:00:00+03:00,2026-05,EBM0526,2507.566016877409,EPIAS_VEP:EBM0526,True,False,False
2026-05-22T21:00:00+00:00,2026-05-23T00:00:00+03:00,2026-05,EBM0526,2507.5660179358,EPIAS_VEP:EBM0526,True,False,False
2026-05-22T22:00:00+00:00,2026-05-23T01:00:00+03:00,2026-05,EBM0526,2507.5660188462844,EPIAS_VEP:EBM0526,True,False,False
2026-05-22T23:00:00+00:00,2026-05-23T02:00:00+03:00,2026-05,EBM0526,2507.56601957661,EPIAS_VEP:EBM0526,True,False,False
2026-05-23T00:00:00+00:00,2026-05-23T03:00:00+03:00,2026-05,EBM0526,2507.5660200915577,EPIAS_VEP:EBM0526,True,False,False
2026-05-23T01:00:00+00:00,2026-05-23T04:00:00+03:00,2026-05,EBM0526,2507.5660203528673,EPIAS_VEP:EBM0526,True,False,False
2026-05-23T02:00:00+00:00,2026-05-23T05:00:00+03:00,2026-05,EBM0526,2507.5660203191856,EPIAS_VEP:EBM0526,True,False,False
2026-05-23T03:00:00+00:00,2026-05-23T06:00:00+03:00,2026-05,EBM0526,2507.5660199460403,EPIAS_VEP:EBM0526,True,False,False
2026-05-23T04:00:00+00:00,2026-05-23T07:00:00+03:00,2026-05,EBM0526,2507.566019185845,EPIAS_VEP:EBM0526,True,False,False
2026-05-23T05:00:00+00:00,2026-05-23T08:00:00+03:00,2026-05,EBM0526,2507.5660179879355,EPIAS_VEP:EBM0526,True,False,False
2026-05-23T06:00:00+00:00,2026-05-23T09:00:00+03:00,2026-05,EBM0526,2507.566016298645,EPIAS_VEP:EBM0526,True,False,False
2026-05-23T07:00:00+00:00,2026-05-23T10:00:00+03:00,2026-05,EBM0526,2507.5660140614245,EPIAS_VEP:EBM0526,True,False,False
2026-05-23T08:00:00+00:00,2026-05-23T11:00:00+03:00,2026-05,EBM0526,2507.5660112170117,EPIAS_VEP:EBM0526,True,False,False
2026-05-23T09:00:00+00:00,2026-05-23T12:00:00+03:00,2026-05,EBM0526,2507.5660077036537,EPIAS_VEP:EBM0526,True,False,False
2026-05-23T10:00:00+00:00,2026-05-23T13:00:00+03:00,2026-05,EBM0526,2507.566003457393,EPIAS_VEP:EBM0526,True,False,False
2026-05-23T11:00:00+00:00,2026-05-23T14:00:00+03:00,2026-05,EBM0526,2507.565998412419,EPIAS_VEP:EBM0526,True,False,False
2026-05-23T12:00:00+00:00,2026-05-23T15:00:00+03:00,2026-05,EBM0526,2507.565992501492,EPIAS_VEP:EBM0526,True,False,False
2026-05-23T13:00:00+00:00,2026-05-23T16:00:00+03:00,2026-05,EBM0526,2507.56598565645,EPIAS_VEP:EBM0526,True,False,False
2026-05-23T14:00:00+00:00,2026-05-23T17:00:00+03:00,2026-05,EBM0526,2507.5659778087966,EPIAS_VEP:EBM0526,True,False,False
2026-05-23T15:00:00+00:00,2026-05-23T18:00:00+03:00,2026-05,EBM0526,2507.565968890388,EPIAS_VEP:EBM0526,True,False,False
2026-05-23T16:00:00+00:00,2026-05-23T19:00:00+03:00,2026-05,EBM0526,2507.5659588342155,EPIAS_VEP:EBM0526,True,False,False
2026-05-23T17:00:00+00:00,2026-05-23T20:00:00+03:00,2026-05,EBM0526,2507.5659475752996,EPIAS_VEP:EBM0526,True,False,False
2026-05-23T18:00:00+00:00,2026-05-23T21:00:00+03:00,2026-05,EBM0526,2507.5659350516935,EPIAS_VEP:EBM0526,True,False,False
2026-05-23T19:00:00+00:00,2026-05-23T22:00:00+03:00,2026-05,EBM0526,2507.5659212056116,EPIAS_VEP:EBM0526,True,False,False
2026-05-23T20:00:00+00:00,2026-05-23T23:00:00+03:00,2026-05,EBM0526,2507.565905984678,EPIAS_VEP:EBM0526,True,False,False
2026-05-23T21:00:00+00:00,2026-05-24T00:00:00+03:00,2026-05,EBM0526,2507.565889343315,EPIAS_VEP:EBM0526,True,False,False
2026-05-23T22:00:00+00:00,2026-05-24T01:00:00+03:00,2026-05,EBM0526,2507.5658712442632,EPIAS_VEP:EBM0526,True,False,False
2026-05-23T23:00:00+00:00,2026-05-24T02:00:00+03:00,2026-05,EBM0526,2507.565851660246,EPIAS_VEP:EBM0526,True,False,False
2026-05-24T00:00:00+00:00,2026-05-24T03:00:00+03:00,2026-05,EBM0526,2507.5658305757806,EPIAS_VEP:EBM0526,True,False,False
2026-05-24T01:00:00+00:00,2026-05-24T04:00:00+03:00,2026-05,EBM0526,2507.565807989135,EPIAS_VEP:EBM0526,True,False,False
2026-05-24T02:00:00+00:00,2026-05-24T05:00:00+03:00,2026-05,EBM0526,2507.565783914437,EPIAS_VEP:EBM0526,True,False,False
2026-05-24T03:00:00+00:00,2026-05-24T06:00:00+03:00,2026-05,EBM0526,2507.565758383929,EPIAS_VEP:EBM0526,True,False,False
2026-05-24T04:00:00+00:00,2026-05-24T07:00:00+03:00,2026-05,EBM0526,2507.5657314503815,EPIAS_VEP:EBM0526,True,False,False
2026-05-24T05:00:00+00:00,2026-05-24T08:00:00+03:00,2026-05,EBM0526,2507.565703189643,EPIAS_VEP:EBM0526,True,False,False
2026-05-24T06:00:00+00:00,2026-05-24T09:00:00+03:00,2026-05,EBM0526,2507.565673703332,EPIAS_VEP:EBM0526,True,False,False
2026-05-24T07:00:00+00:00,2026-05-24T10:00:00+03:00,2026-05,EBM0526,2507.5656431216626,EPIAS_VEP:EBM0526,True,False,False
2026-05-24T08:00:00+00:00,2026-05-24T11:00:00+03:00,2026-05,EBM0526,2507.5656116063956,EPIAS_VEP:EBM0526,True,False,False
2026-05-24T09:00:00+00:00,2026-05-24T12:00:00+03:00,2026-05,EBM0526,2507.5655793538986,EPIAS_VEP:EBM0526,True,False,False
2026-05-24T10:00:00+00:00,2026-05-24T13:00:00+03:00,2026-05,EBM0526,2507.5655465982973,EPIAS_VEP:EBM0526,True,False,False
2026-05-24T11:00:00+00:00,2026-05-24T14:00:00+03:00,2026-05,EBM0526,2507.565513614699,EPIAS_VEP:EBM0526,True,False,False
2026-05-24T12:00:00+00:00,2026-05-24T15:00:00+03:00,2026-05,EBM0526,2507.5654807224687,EPIAS_VEP:EBM0526,True,False,False
2026-05-24T13:00:00+00:00,2026-05-24T16:00:00+03:00,2026-05,EBM0526,2507.5654482885275,EPIAS_VEP:EBM0526,True,False,False
2026-05-24T14:00:00+00:00,2026-05-24T17:00:00+03:00,2026-05,EBM0526,2507.5654167306407,EPIAS_VEP:EBM0526,True,False,False
2026-05-24T15:00:00+00:00,2026-05-24T18:00:00+03:00,2026-05,EBM0526,2507.56538652066,EPIAS_VEP:EBM0526,True,False,False
2026-05-24T16:00:00+00:00,2026-05-24T19:00:00+03:00,2026-05,EBM0526,2507.565358187681,EPIAS_VEP:EBM0526,True,False,False
2026-05-24T17:00:00+00:00,2026-05-24T20:00:00+03:00,2026-05,EBM0526,2507.5653323210645,EPIAS_VEP:EBM0526,True,False,False
2026-05-24T18:00:00+00:00,2026-05-24T21:00:00+03:00,2026-05,EBM0526,2507.56530957327,EPIAS_VEP:EBM0526,True,False,False
2026-05-24T19:00:00+00:00,2026-05-24T22:00:00+03:00,2026-05,EBM0526,2507.565290662443,EPIAS_VEP:EBM0526,True,False,False
2026-05-24T20:00:00+00:00,2026-05-24T23:00:00+03:00,2026-05,EBM0526,2507.565276374687,EPIAS_VEP:EBM0526,True,False,False
2026-05-24T21:00:00+00:00,2026-05-25T00:00:00+03:00,2026-05,EBM0526,2507.565267565956,EPIAS_VEP:EBM0526,True,False,False
2026-05-24T22:00:00+00:00,2026-05-25T01:00:00+03:00,2026-05,EBM0526,2507.5652651634864,EPIAS_VEP:EBM0526,True,False,False
2026-05-24T23:00:00+00:00,2026-05-25T02:00:00+03:00,2026-05,EBM0526,2507.5652701666727,EPIAS_VEP:EBM0526,True,False,False
2026-05-25T00:00:00+00:00,2026-05-25T03:00:00+03:00,2026-05,EBM0526,2507.565283647311,EPIAS_VEP:EBM0526,True,False,False
2026-05-25T01:00:00+00:00,2026-05-25T04:00:00+03:00,2026-05,EBM0526,2507.565306749098,EPIAS_VEP:EBM0526,True,False,False
2026-05-25T02:00:00+00:00,2026-05-25T05:00:00+03:00,2026-05,EBM0526,2507.565340686282,EPIAS_VEP:EBM0526,True,False,False
2026-05-25T03:00:00+00:00,2026-05-25T06:00:00+03:00,2026-05,EBM0526,2507.5653867413525,EPIAS_VEP:EBM0526,True,False,False
2026-05-25T04:00:00+00:00,2026-05-25T07:00:00+03:00,2026-05,EBM0526,2507.565446261649,EPIAS_VEP:EBM0526,True,False,False
2026-05-25T05:00:00+00:00,2026-05-25T08:00:00+03:00,2026-05,EBM0526,2507.5655206547544,EPIAS_VEP:EBM0526,True,False,False
2026-05-25T06:00:00+00:00,2026-05-25T09:00:00+03:00,2026-05,EBM0526,2507.565611382541,EPIAS_VEP:EBM0526,True,False,False
2026-05-25T07:00:00+00:00,2026-05-25T10:00:00+03:00,2026-05,EBM0526,2507.5657199537354,EPIAS_VEP:EBM0526,True,False,False
2026-05-25T08:00:00+00:00,2026-05-25T11:00:00+03:00,2026-05,EBM0526,2507.5658479148415,EPIAS_VEP:EBM0526,True,False,False
2026-05-25T09:00:00+00:00,2026-05-25T12:00:00+03:00,2026-05,EBM0526,2507.5659968392865,EPIAS_VEP:EBM0526,True,False,False
2026-05-25T10:00:00+00:00,2026-05-25T13:00:00+03:00,2026-05,EBM0526,2507.566168314623,EPIAS_VEP:EBM0526,True,False,False
2026-05-25T11:00:00+00:00,2026-05-25T14:00:00+03:00,2026-05,EBM0526,2507.566363927636,EPIAS_VEP:EBM0526,True,False,False
2026-05-25T12:00:00+00:00,2026-05-25T15:00:00+03:00,2026-05,EBM0526,2507.5665852471952,EPIAS_VEP:EBM0526,True,False,False
2026-05-25T13:00:00+00:00,2026-05-25T16:00:00+03:00,2026-05,EBM0526,2507.5668338046953,EPIAS_VEP:EBM0526,True,False,False
2026-05-25T14:00:00+00:00,2026-05-25T17:00:00+03:00,2026-05,EBM0526,2507.567111071922,EPIAS_VEP:EBM0526,True,False,False
2026-05-25T15:00:00+00:00,2026-05-25T18:00:00+03:00,2026-05,EBM0526,2507.567418436198,EPIAS_VEP:EBM0526,True,False,False
2026-05-25T16:00:00+00:00,2026-05-25T19:00:00+03:00,2026-05,EBM0526,2507.567757172655,EPIAS_VEP:EBM0526,True,False,False
2026-05-25T17:00:00+00:00,2026-05-25T20:00:00+03:00,2026-05,EBM0526,2507.568128413499,EPIAS_VEP:EBM0526,True,False,False
2026-05-25T18:00:00+00:00,2026-05-25T21:00:00+03:00,2026-05,EBM0526,2507.568533114136,EPIAS_VEP:EBM0526,True,False,False
2026-05-25T19:00:00+00:00,2026-05-25T22:00:00+03:00,2026-05,EBM0526,2507.568972016049,EPIAS_VEP:EBM0526,True,False,False
2026-05-25T20:00:00+00:00,2026-05-25T23:00:00+03:00,2026-05,EBM0526,2507.5694456063275,EPIAS_VEP:EBM0526,True,False,False
2026-05-25T21:00:00+00:00,2026-05-26T00:00:00+03:00,2026-05,EBM0526,2507.5699540737755,EPIAS_VEP:EBM0526,True,False,False
2026-05-25T22:00:00+00:00,2026-05-26T01:00:00+03:00,2026-05,EBM0526,2507.570497261555,EPIAS_VEP:EBM0526,True,False,False
2026-05-25T23:00:00+00:00,2026-05-26T02:00:00+03:00,2026-05,EBM0526,2507.5710746163386,EPIAS_VEP:EBM0526,True,False,False
2026-05-26T00:00:00+00:00,2026-05-26T03:00:00+03:00,2026-05,EBM0526,2507.5716851339866,EPIAS_VEP:EBM0526,True,False,False
2026-05-26T01:00:00+00:00,2026-05-26T04:00:00+03:00,2026-05,EBM0526,2507.572327301818,EPIAS_VEP:EBM0526,True,False,False
2026-05-26T02:00:00+00:00,2026-05-26T05:00:00+03:00,2026-05,EBM0526,2507.5729990375526,EPIAS_VEP:EBM0526,True,False,False
2026-05-26T03:00:00+00:00,2026-05-26T06:00:00+03:00,2026-05,EBM0526,2507.573697625096,EPIAS_VEP:EBM0526,True,False,False
2026-05-26T04:00:00+00:00,2026-05-26T07:00:00+03:00,2026-05,EBM0526,2507.5744196473674,EPIAS_VEP:EBM0526,True,False,False
2026-05-26T05:00:00+00:00,2026-05-26T08:00:00+03:00,2026-05,EBM0526,2507.5751609164395,EPIAS_VEP:EBM0526,True,False,False
2026-05-26T06:00:00+00:00,2026-05-26T09:00:00+03:00,2026-05,EBM0526,2507.5759164013375,EPIAS_VEP:EBM0526,True,False,False
2026-05-26T07:00:00+00:00,2026-05-26T10:00:00+03:00,2026-05,EBM0526,2507.5766801539125,EPIAS_VEP:EBM0526,True,False,False
2026-05-26T08:00:00+00:00,2026-05-26T11:00:00+03:00,2026-05,EBM0526,2507.5774452332935,EPIAS_VEP:EBM0526,True,False,False
2026-05-26T09:00:00+00:00,2026-05-26T12:00:00+03:00,2026-05,EBM0526,2507.5782036295095,EPIAS_VEP:EBM0526,True,False,False
2026-05-26T10:00:00+00:00,2026-05-26T13:00:00+03:00,2026-05,EBM0526,2507.578946186983,EPIAS_VEP:EBM0526,True,False,False
2026-05-26T11:00:00+00:00,2026-05-26T14:00:00+03:00,2026-05,EBM0526,2507.5796625286916,EPIAS_VEP:EBM0526,True,False,False
2026-05-26T12:00:00+00:00,2026-05-26T15:00:00+03:00,2026-05,EBM0526,2507.580340981911,EPIAS_VEP:EBM0526,True,False,False
2026-05-26T13:00:00+00:00,2026-05-26T16:00:00+03:00,2026-05,EBM0526,2507.5809685065824,EPIAS_VEP:EBM0526,True,False,False
2026-05-26T14:00:00+00:00,2026-05-26T17:00:00+03:00,2026-05,EBM0526,2507.581530627467,EPIAS_VEP:EBM0526,True,False,False
2026-05-26T15:00:00+00:00,2026-05-26T18:00:00+03:00,2026-05,EBM0526,2507.5820113713926,EPIAS_VEP:EBM0526,True,False,False
2026-05-26T16:00:00+00:00,2026-05-26T19:00:00+03:00,2026-05,EBM0526,2507.5823932110434,EPIAS_VEP:EBM0526,True,False,False
2026-05-26T17:00:00+00:00,2026-05-26T20:00:00+03:00,2026-05,EBM0526,2507.5826570168833,EPIAS_VEP:EBM0526,True,False,False
2026-05-26T18:00:00+00:00,2026-05-26T21:00:00+03:00,2026-05,EBM0526,2507.5827820189697,EPIAS_VEP:EBM0526,True,False,False
2026-05-26T19:00:00+00:00,2026-05-26T22:00:00+03:00,2026-05,EBM0526,2507.5827457805754,EPIAS_VEP:EBM0526,True,False,False
2026-05-26T20:00:00+00:00,2026-05-26T23:00:00+03:00,2026-05,EBM0526,2507.5825241856883,EPIAS_VEP:EBM0526,True,False,False
2026-05-26T21:00:00+00:00,2026-05-27T00:00:00+03:00,2026-05,EBM0526,2507.582091442636,EPIAS_VEP:EBM0526,True,False,False
2026-05-26T22:00:00+00:00,2026-05-27T01:00:00+03:00,2026-05,EBM0526,2507.5814201062426,EPIAS_VEP:EBM0526,True,False,False
2026-05-26T23:00:00+00:00,2026-05-27T02:00:00+03:00,2026-05,EBM0526,2507.5804811211046,EPIAS_VEP:EBM0526,True,False,False
2026-05-27T00:00:00+00:00,2026-05-27T03:00:00+03:00,2026-05,EBM0526,2507.5792438887265,EPIAS_VEP:EBM0526,True,False,False
2026-05-27T01:00:00+00:00,2026-05-27T04:00:00+03:00,2026-05,EBM0526,2507.577676361418,EPIAS_VEP:EBM0526,True,False,False
2026-05-27T02:00:00+00:00,2026-05-27T05:00:00+03:00,2026-05,EBM0526,2507.5757451660165,EPIAS_VEP:EBM0526,True,False,False
2026-05-27T03:00:00+00:00,2026-05-27T06:00:00+03:00,2026-05,EBM0526,2507.5734157606425,EPIAS_VEP:EBM0526,True,False,False
2026-05-27T04:00:00+00:00,2026-05-27T07:00:00+03:00,2026-05,EBM0526,2507.570652627818,EPIAS_VEP:EBM0526,True,False,False
2026-05-27T05:00:00+00:00,2026-05-27T08:00:00+03:00,2026-05,EBM0526,2507.567419507406,EPIAS_VEP:EBM0526,True,False,False
2026-05-27T06:00:00+00:00,2026-05-27T09:00:00+03:00,2026-05,EBM0526,2507.5636796729223,EPIAS_VEP:EBM0526,True,False,False
2026-05-27T07:00:00+00:00,2026-05-27T10:00:00+03:00,2026-05,EBM0526,2507.5593962548487,EPIAS_VEP:EBM0526,True,False,False
2026-05-27T08:00:00+00:00,2026-05-27T11:00:00+03:00,2026-05,EBM0526,2507.5545326146166,EPIAS_VEP:EBM0526,True,False,False
2026-05-27T09:00:00+00:00,2026-05-27T12:00:00+03:00,2026-05,EBM0526,2507.549052772947,EPIAS_VEP:EBM0526,True,False,False
2026-05-27T10:00:00+00:00,2026-05-27T13:00:00+03:00,2026-05,EBM0526,2507.5429218962176,EPIAS_VEP:EBM0526,True,False,False
2026-05-27T11:00:00+00:00,2026-05-27T14:00:00+03:00,2026-05,EBM0526,2507.5361068444463,EPIAS_VEP:EBM0526,True,False,False
2026-05-27T12:00:00+00:00,2026-05-27T15:00:00+03:00,2026-05,EBM0526,2507.5285767843784,EPIAS_VEP:EBM0526,True,False,False
2026-05-27T13:00:00+00:00,2026-05-27T16:00:00+03:00,2026-05,EBM0526,2507.520303870992,EPIAS_VEP:EBM0526,True,False,False
2026-05-27T14:00:00+00:00,2026-05-27T17:00:00+03:00,2026-05,EBM0526,2507.511264000503,EPIAS_VEP:EBM0526,True,False,False
2026-05-27T15:00:00+00:00,2026-05-27T18:00:00+03:00,2026-05,EBM0526,2507.5014376376594,EPIAS_VEP:EBM0526,True,False,False
2026-05-27T16:00:00+00:00,2026-05-27T19:00:00+03:00,2026-05,EBM0526,2507.490810719724,EPIAS_VEP:EBM0526,True,False,False
2026-05-27T17:00:00+00:00,2026-05-27T20:00:00+03:00,2026-05,EBM0526,2507.4793756391146,EPIAS_VEP:EBM0526,True,False,False
2026-05-27T18:00:00+00:00,2026-05-27T21:00:00+03:00,2026-05,EBM0526,2507.4671323060943,EPIAS_VEP:EBM0526,True,False,False
2026-05-27T19:00:00+00:00,2026-05-27T22:00:00+03:00,2026-05,EBM0526,2507.45408929228,EPIAS_VEP:EBM0526,True,False,False
2026-05-27T20:00:00+00:00,2026-05-27T23:00:00+03:00,2026-05,EBM0526,2507.4402650549755,EPIAS_VEP:EBM0526,True,False,False
2026-05-27T21:00:00+00:00,2026-05-28T00:00:00+03:00,2026-05,EBM0526,2507.425689241472,EPIAS_VEP:EBM0526,True,False,False
2026-05-27T22:00:00+00:00,2026-05-28T01:00:00+03:00,2026-05,EBM0526,2507.4104040714715,EPIAS_VEP:EBM0526,True,False,False
2026-05-27T23:00:00+00:00,2026-05-28T02:00:00+03:00,2026-05,EBM0526,2507.394465794669,EPIAS_VEP:EBM0526,True,False,False
2026-05-28T00:00:00+00:00,2026-05-28T03:00:00+03:00,2026-05,EBM0526,2507.377946219272,EPIAS_VEP:EBM0526,True,False,False
2026-05-28T01:00:00+00:00,2026-05-28T04:00:00+03:00,2026-05,EBM0526,2507.3609343058247,EPIAS_VEP:EBM0526,True,False,False
2026-05-28T02:00:00+00:00,2026-05-28T05:00:00+03:00,2026-05,EBM0526,2507.3435378191643,EPIAS_VEP:EBM0526,True,False,False
2026-05-28T03:00:00+00:00,2026-05-28T06:00:00+03:00,2026-05,EBM0526,2507.325885029614,EPIAS_VEP:EBM0526,True,False,False
2026-05-28T04:00:00+00:00,2026-05-28T07:00:00+03:00,2026-05,EBM0526,2507.3081264526318,EPIAS_VEP:EBM0526,True,False,False
2026-05-28T05:00:00+00:00,2026-05-28T08:00:00+03:00,2026-05,EBM0526,2507.2904366140906,EPIAS_VEP:EBM0526,True,False,False
2026-05-28T06:00:00+00:00,2026-05-28T09:00:00+03:00,2026-05,EBM0526,2507.273015826134,EPIAS_VEP:EBM0526,True,False,False
2026-05-28T07:00:00+00:00,2026-05-28T10:00:00+03:00,2026-05,EBM0526,2507.256091956161,EPIAS_VEP:EBM0526,True,False,False
2026-05-28T08:00:00+00:00,2026-05-28T11:00:00+03:00,2026-05,EBM0526,2507.239922168905,EPIAS_VEP:EBM0526,True,False,False
2026-05-28T09:00:00+00:00,2026-05-28T12:00:00+03:00,2026-05,EBM0526,2507.224794618821,EPIAS_VEP:EBM0526,True,False,False
2026-05-28T10:00:00+00:00,2026-05-28T13:00:00+03:00,2026-05,EBM0526,2507.2110300670647,EPIAS_VEP:EBM0526,True,False,False
2026-05-28T11:00:00+00:00,2026-05-28T14:00:00+03:00,2026-05,EBM0526,2507.198983394248,EPIAS_VEP:EBM0526,True,False,False
2026-05-28T12:00:00+00:00,2026-05-28T15:00:00+03:00,2026-05,EBM0526,2507.1890449768944,EPIAS_VEP:EBM0526,True,False,False
2026-05-28T13:00:00+00:00,2026-05-28T16:00:00+03:00,2026-05,EBM0526,2507.1816418921053,EPIAS_VEP:EBM0526,True,False,False
2026-05-28T14:00:00+00:00,2026-05-28T17:00:00+03:00,2026-05,EBM0526,2507.177238911404,EPIAS_VEP:EBM0526,True,False,False
2026-05-28T15:00:00+00:00,2026-05-28T18:00:00+03:00,2026-05,EBM0526,2507.1763392410403,EPIAS_VEP:EBM0526,True,False,False
2026-05-28T16:00:00+00:00,2026-05-28T19:00:00+03:00,2026-05,EBM0526,2507.1794849622897,EPIAS_VEP:EBM0526,True,False,False
2026-05-28T17:00:00+00:00,2026-05-28T20:00:00+03:00,2026-05,EBM0526,2507.1872571214208,EPIAS_VEP:EBM0526,True,False,False
2026-05-28T18:00:00+00:00,2026-05-28T21:00:00+03:00,2026-05,EBM0526,2507.2002754151213,EPIAS_VEP:EBM0526,True,False,False
2026-05-28T19:00:00+00:00,2026-05-28T22:00:00+03:00,2026-05,EBM0526,2507.219197413285,EPIAS_VEP:EBM0526,True,False,False
2026-05-28T20:00:00+00:00,2026-05-28T23:00:00+03:00,2026-05,EBM0526,2507.2447172571824,EPIAS_VEP:EBM0526,True,False,False
2026-05-28T21:00:00+00:00,2026-05-29T00:00:00+03:00,2026-05,EBM0526,2507.2775637672576,EPIAS_VEP:EBM0526,True,False,False
2026-05-28T22:00:00+00:00,2026-05-29T01:00:00+03:00,2026-05,EBM0526,2507.318497891147,EPIAS_VEP:EBM0526,True,False,False
2026-05-28T23:00:00+00:00,2026-05-29T02:00:00+03:00,2026-05,EBM0526,2507.3683094190264,EPIAS_VEP:EBM0526,True,False,False
2026-05-29T00:00:00+00:00,2026-05-29T03:00:00+03:00,2026-05,EBM0526,2507.4278128901988,EPIAS_VEP:EBM0526,True,False,False
2026-05-29T01:00:00+00:00,2026-05-29T04:00:00+03:00,2026-05,EBM0526,2507.4978426119424,EPIAS_VEP:EBM0526,True,False,False
2026-05-29T02:00:00+00:00,2026-05-29T05:00:00+03:00,2026-05,EBM0526,2507.5792467091633,EPIAS_VEP:EBM0526,True,False,False
2026-05-29T03:00:00+00:00,2026-05-29T06:00:00+03:00,2026-05,EBM0526,2507.6728801214235,EPIAS_VEP:EBM0526,True,False,False
2026-05-29T04:00:00+00:00,2026-05-29T07:00:00+03:00,2026-05,EBM0526,2507.77959646253,EPIAS_VEP:EBM0526,True,False,False
2026-05-29T05:00:00+00:00,2026-05-29T08:00:00+03:00,2026-05,EBM0526,2507.9002386571965,EPIAS_VEP:EBM0526,True,False,False
2026-05-29T06:00:00+00:00,2026-05-29T09:00:00+03:00,2026-05,EBM0526,2508.035628269406,EPIAS_VEP:EBM0526,True,False,False
2026-05-29T07:00:00+00:00,2026-05-29T10:00:00+03:00,2026-05,EBM0526,2508.186553438193,EPIAS_VEP:EBM0526,True,False,False
2026-05-29T08:00:00+00:00,2026-05-29T11:00:00+03:00,2026-05,EBM0526,2508.3537553386827,EPIAS_VEP:EBM0526,True,False,False
2026-05-29T09:00:00+00:00,2026-05-29T12:00:00+03:00,2026-05,EBM0526,2508.537913089573,EPIAS_VEP:EBM0526,True,False,False
2026-05-29T10:00:00+00:00,2026-05-29T13:00:00+03:00,2026-05,EBM0526,2508.7396270329455,EPIAS_VEP:EBM0526,True,False,False
2026-05-29T11:00:00+00:00,2026-05-29T14:00:00+03:00,2026-05,EBM0526,2508.959400318487,EPIAS_VEP:EBM0526,True,False,False
2026-05-29T12:00:00+00:00,2026-05-29T15:00:00+03:00,2026-05,EBM0526,2509.1976187320993,EPIAS_VEP:EBM0526,True,False,False
2026-05-29T13:00:00+00:00,2026-05-29T16:00:00+03:00,2026-05,EBM0526,2509.45452871857,EPIAS_VEP:EBM0526,True,False,False
2026-05-29T14:00:00+00:00,2026-05-29T17:00:00+03:00,2026-05,EBM0526,2509.730213559732,EPIAS_VEP:EBM0526,True,False,False
2026-05-29T15:00:00+00:00,2026-05-29T18:00:00+03:00,2026-05,EBM0526,2510.024567683461,EPIAS_VEP:EBM0526,True,False,False
2026-05-29T16:00:00+00:00,2026-05-29T19:00:00+03:00,2026-05,EBM0526,2510.337269095195,EPIAS_VEP:EBM0526,True,False,False
2026-05-29T17:00:00+00:00,2026-05-29T20:00:00+03:00,2026-05,EBM0526,2510.6677499425205,EPIAS_VEP:EBM0526,True,False,False
2026-05-29T18:00:00+00:00,2026-05-29T21:00:00+03:00,2026-05,EBM0526,2511.0151652450327,EPIAS_VEP:EBM0526,True,False,False
2026-05-29T19:00:00+00:00,2026-05-29T22:00:00+03:00,2026-05,EBM0526,2511.3783598462487,EPIAS_VEP:EBM0526,True,False,False
2026-05-29T20:00:00+00:00,2026-05-29T23:00:00+03:00,2026-05,EBM0526,2511.75583367208,EPIAS_VEP:EBM0526,True,False,False
2026-05-29T21:00:00+00:00,2026-05-30T00:00:00+03:00,2026-05,EBM0526,2512.14570541137,EPIAS_VEP:EBM0526,True,False,False
2026-05-29T22:00:00+00:00,2026-05-30T01:00:00+03:00,2026-05,EBM0526,2512.5456747685103,EPIAS_VEP:EBM0526,True,False,False
2026-05-29T23:00:00+00:00,2026-05-30T02:00:00+03:00,2026-05,EBM0526,2512.9529834762407,EPIAS_VEP:EBM0526,True,False,False
2026-05-30T00:00:00+00:00,2026-05-30T03:00:00+03:00,2026-05,EBM0526,2513.36437529874,EPIAS_VEP:EBM0526,True,False,False
2026-05-30T01:00:00+00:00,2026-05-30T04:00:00+03:00,2026-05,EBM0526,2513.776055300757,EPIAS_VEP:EBM0526,True,False,False
2026-05-30T02:00:00+00:00,2026-05-30T05:00:00+03:00,2026-05,EBM0526,2514.1836487084256,EPIAS_VEP:EBM0526,True,False,False
2026-05-30T03:00:00+00:00,2026-05-30T06:00:00+03:00,2026-05,EBM0526,2514.5821597412673,EPIAS_VEP:EBM0526,True,False,False
2026-05-30T04:00:00+00:00,2026-05-30T07:00:00+03:00,2026-05,EBM0526,2514.965930852849,EPIAS_VEP:EBM0526,True,False,False
2026-05-30T05:00:00+00:00,2026-05-30T08:00:00+03:00,2026-05,EBM0526,2515.328602879679,EPIAS_VEP:EBM0526,True,False,False
2026-05-30T06:00:00+00:00,2026-05-30T09:00:00+03:00,2026-05,EBM0526,2515.663076664098,EPIAS_VEP:EBM0526,True,False,False
2026-05-30T07:00:00+00:00,2026-05-30T10:00:00+03:00,2026-05,EBM0526,2515.961476787078,EPIAS_VEP:EBM0526,True,False,False
2026-05-30T08:00:00+00:00,2026-05-30T11:00:00+03:00,2026-05,EBM0526,2516.215118120842,EPIAS_VEP:EBM0526,True,False,False
2026-05-30T09:00:00+00:00,2026-05-30T12:00:00+03:00,2026-05,EBM0526,2516.41447598885,EPIAS_VEP:EBM0526,True,False,False
2026-05-30T10:00:00+00:00,2026-05-30T13:00:00+03:00,2026-05,EBM0526,2516.549160801668,EPIAS_VEP:EBM0526,True,False,False
2026-05-30T11:00:00+00:00,2026-05-30T14:00:00+03:00,2026-05,EBM0526,2516.6078981211817,EPIAS_VEP:EBM0526,True,False,False
2026-05-30T12:00:00+00:00,2026-05-30T15:00:00+03:00,2026-05,EBM0526,2516.578515192113,EPIAS_VEP:EBM0526,True,False,False
2026-05-30T13:00:00+00:00,2026-05-30T16:00:00+03:00,2026-05,EBM0526,2516.44793506829,EPIAS_VEP:EBM0526,True,False,False
2026-05-30T14:00:00+00:00,2026-05-30T17:00:00+03:00,2026-05,EBM0526,2516.2021795509345,EPIAS_VEP:EBM0526,True,False,False
2026-05-30T15:00:00+00:00,2026-05-30T18:00:00+03:00,2026-05,EBM0526,2515.8263822466797,EPIAS_VEP:EBM0526,True,False,False
2026-05-30T16:00:00+00:00,2026-05-30T19:00:00+03:00,2026-05,EBM0526,2515.3048131431224,EPIAS_VEP:EBM0526,True,False,False
2026-05-30T17:00:00+00:00,2026-05-30T20:00:00+03:00,2026-05,EBM0526,2514.6209161885517,EPIAS_VEP:EBM0526,True,False,False
2026-05-30T18:00:00+00:00,2026-05-30T21:00:00+03:00,2026-05,EBM0526,2513.7573614488565,EPIAS_VEP:EBM0526,True,False,False
2026-05-30T19:00:00+00:00,2026-05-30T22:00:00+03:00,2026-05,EBM0526,2512.696113497225,EPIAS_VEP:EBM0526,True,False,False
2026-05-30T20:00:00+00:00,2026-05-30T23:00:00+03:00,2026-05,EBM0526,2511.4185177696154,EPIAS_VEP:EBM0526,True,False,False
2026-05-30T21:00:00+00:00,2026-05-31T00:00:00+03:00,2026-05,EBM0526,2509.9054066895533,EPIAS_VEP:EBM0526,True,False,False
2026-05-30T22:00:00+00:00,2026-05-31T01:00:00+03:00,2026-05,EBM0526,2508.1372274277032,EPIAS_VEP:EBM0526,True,False,False
2026-05-30T23:00:00+00:00,2026-05-31T02:00:00+03:00,2026-05,EBM0526,2506.094193212978,EPIAS_VEP:EBM0526,True,False,False
2026-05-31T00:00:00+00:00,2026-05-31T03:00:00+03:00,2026-05,EBM0526,2503.7564601504655,EPIAS_VEP:EBM0526,True,False,False
2026-05-31T01:00:00+00:00,2026-05-31T04:00:00+03:00,2026-05,EBM0526,2501.104331524851,EPIAS_VEP:EBM0526,True,False,False
2026-05-31T02:00:00+00:00,2026-05-31T05:00:00+03:00,2026-05,EBM0526,2498.118491573724,EPIAS_VEP:EBM0526,True,False,False
2026-05-31T03:00:00+00:00,2026-05-31T06:00:00+03:00,2026-05,EBM0526,2494.7802707004344,EPIAS_VEP:EBM0526,True,False,False
2026-05-31T04:00:00+00:00,2026-05-31T07:00:00+03:00,2026-05,EBM0526,2491.071944058093,EPIAS_VEP:EBM0526,True,False,False
2026-05-31T05:00:00+00:00,2026-05-31T08:00:00+03:00,2026-05,EBM0526,2486.9770653716646,EPIAS_VEP:EBM0526,True,False,False
2026-05-31T06:00:00+00:00,2026-05-31T09:00:00+03:00,2026-05,EBM0526,2482.480837770624,EPIAS_VEP:EBM0526,True,False,False
2026-05-31T07:00:00+00:00,2026-05-31T10:00:00+03:00,2026-05,EBM0526,2477.5705232768273,EPIAS_VEP:EBM0526,True,False,False
2026-05-31T08:00:00+00:00,2026-05-31T11:00:00+03:00,2026-05,EBM0526,2472.2358924272685,EPIAS_VEP:EBM0526,True,False,False
2026-05-31T09:00:00+00:00,2026-05-31T12:00:00+03:00,2026-05,EBM0526,2466.469715305531,EPIAS_VEP:EBM0526,True,False,False
2026-05-31T10:00:00+00:00,2026-05-31T13:00:00+03:00,2026-05,EBM0526,2460.268295004873,EPIAS_VEP:EBM0526,True,False,False
2026-05-31T11:00:00+00:00,2026-05-31T14:00:00+03:00,2026-05,EBM0526,2453.6320442459382,EPIAS_VEP:EBM0526,True,False,False
2026-05-31T12:00:00+00:00,2026-05-31T15:00:00+03:00,2026-05,EBM0526,2446.5661055187884,EPIAS_VEP:EBM0526,True,False,False
2026-05-31T13:00:00+00:00,2026-05-31T16:00:00+03:00,2026-05,EBM0526,2439.0810147079687,EPIAS_VEP:EBM0526,True,False,False
2026-05-31T14:00:00+00:00,2026-05-31T17:00:00+03:00,2026-05,EBM0526,2431.193407686408,EPIAS_VEP:EBM0526,True,False,False
2026-05-31T15:00:00+00:00,2026-05-31T18:00:00+03:00,2026-05,EBM0526,2422.9267688244718,EPIAS_VEP:EBM0526,True,False,False
2026-05-31T16:00:00+00:00,2026-05-31T19:00:00+03:00,2026-05,EBM0526,2414.312219750683,EPIAS_VEP:EBM0526,True,False,False
2026-05-31T17:00:00+00:00,2026-05-31T20:00:00+03:00,2026-05,EBM0526,2405.389346015576,EPIAS_VEP:EBM0526,True,False,False
2026-05-31T18:00:00+00:00,2026-05-31T21:00:00+03:00,2026-05,EBM0526,2396.20705854664,EPIAS_VEP:EBM0526,True,False,False
2026-05-31T19:00:00+00:00,2026-05-31T22:00:00+03:00,2026-05,EBM0526,2386.8244859362303,EPIAS_VEP:EBM0526,True,False,False
2026-05-31T20:00:00+00:00,2026-05-31T23:00:00+03:00,2026-05,EBM0526,2377.3118926674524,EPIAS_VEP:EBM0526,True,False,False
2026-05-31T21:00:00+00:00,2026-06-01T00:00:00+03:00,2026-06,EBM0626,2367.7516173756,EPIAS_VEP:EBM0626,True,False,False
2026-05-31T22:00:00+00:00,2026-06-01T01:00:00+03:00,2026-06,EBM0626,2358.2390241056182,EPIAS_VEP:EBM0626,True,False,False
2026-05-31T23:00:00+00:00,2026-06-01T02:00:00+03:00,2026-06,EBM0626,2348.856451492807,EPIAS_VEP:EBM0626,True,False,False
2026-06-01T00:00:00+00:00,2026-06-01T03:00:00+03:00,2026-06,EBM0626,2339.674164022148,EPIAS_VEP:EBM0626,True,False,False
2026-06-01T01:00:00+00:00,2026-06-01T04:00:00+03:00,2026-06,EBM0626,2330.751290285565,EPIAS_VEP:EBM0626,True,False,False
2026-06-01T02:00:00+00:00,2026-06-01T05:00:00+03:00,2026-06,EBM0626,2322.1367412106706,EPIAS_VEP:EBM0626,True,False,False
2026-06-01T03:00:00+00:00,2026-06-01T06:00:00+03:00,2026-06,EBM0626,2313.870102348139,EPIAS_VEP:EBM0626,True,False,False
2026-06-01T04:00:00+00:00,2026-06-01T07:00:00+03:00,2026-06,EBM0626,2305.9824953266166,EPIAS_VEP:EBM0626,True,False,False
2026-06-01T05:00:00+00:00,2026-06-01T08:00:00+03:00,2026-06,EBM0626,2298.4974045163813,EPIAS_VEP:EBM0626,True,False,False
2026-06-01T06:00:00+00:00,2026-06-01T09:00:00+03:00,2026-06,EBM0626,2291.431465790271,EPIAS_VEP:EBM0626,True,False,False
2026-06-01T07:00:00+00:00,2026-06-01T10:00:00+03:00,2026-06,EBM0626,2284.7952150327646,EPIAS_VEP:EBM0626,True,False,False
2026-06-01T08:00:00+00:00,2026-06-01T11:00:00+03:00,2026-06,EBM0626,2278.5937947338543,EPIAS_VEP:EBM0626,True,False,False
2026-06-01T09:00:00+00:00,2026-06-01T12:00:00+03:00,2026-06,EBM0626,2272.8276176141217,EPIAS_VEP:EBM0626,True,False,False
2026-06-01T10:00:00+00:00,2026-06-01T13:00:00+03:00,2026-06,EBM0626,2267.492986766767,EPIAS_VEP:EBM0626,True,False,False
2026-06-01T11:00:00+00:00,2026-06-01T14:00:00+03:00,2026-06,EBM0626,2262.582672275321,EPIAS_VEP:EBM0626,True,False,False
2026-06-01T12:00:00+00:00,2026-06-01T15:00:00+03:00,2026-06,EBM0626,2258.0864446767287,EPIAS_VEP:EBM0626,True,False,False
2026-06-01T13:00:00+00:00,2026-06-01T16:00:00+03:00,2026-06,EBM0626,2253.9915659928006,EPIAS_VEP:EBM0626,True,False,False
2026-06-01T14:00:00+00:00,2026-06-01T17:00:00+03:00,2026-06,EBM0626,2250.2832393529716,EPIAS_VEP:EBM0626,True,False,False
2026-06-01T15:00:00+00:00,2026-06-01T18:00:00+03:00,2026-06,EBM0626,2246.945018482171,EPIAS_VEP:EBM0626,True,False,False
2026-06-01T16:00:00+00:00,2026-06-01T19:00:00+03:00,2026-06,EBM0626,2243.959178533483,EPIAS_VEP:EBM0626,True,False,False
2026-06-01T17:00:00+00:00,2026-06-01T20:00:00+03:00,2026-06,EBM0626,2241.307049910237,EPIAS_VEP:EBM0626,True,False,False
2026-06-01T18:00:00+00:00,2026-06-01T21:00:00+03:00,2026-06,EBM0626,2238.9693168500016,EPIAS_VEP:EBM0626,True,False,False
2026-06-01T19:00:00+00:00,2026-06-01T22:00:00+03:00,2026-06,EBM0626,2236.926282637446,EPIAS_VEP:EBM0626,True,False,False
2026-06-01T20:00:00+00:00,2026-06-01T23:00:00+03:00,2026-06,EBM0626,2235.1581033776474,EPIAS_VEP:EBM0626,True,False,False
2026-06-01T21:00:00+00:00,2026-06-02T00:00:00+03:00,2026-06,EBM0626,2233.6449922995116,EPIAS_VEP:EBM0626,True,False,False
2026-06-01T22:00:00+00:00,2026-06-02T01:00:00+03:00,2026-06,EBM0626,2232.3673965736984,EPIAS_VEP:EBM0626,True,False,False
2026-06-01T23:00:00+00:00,2026-06-02T02:00:00+03:00,2026-06,EBM0626,2231.3061486237298,EPIAS_VEP:EBM0626,True,False,False
2026-06-02T00:00:00+00:00,2026-06-02T03:00:00+03:00,2026-06,EBM0626,2230.442593885562,EPIAS_VEP:EBM0626,True,False,False
2026-06-02T01:00:00+00:00,2026-06-02T04:00:00+03:00,2026-06,EBM0626,2229.758696932381,EPIAS_VEP:EBM0626,True,False,False
2026-06-02T02:00:00+00:00,2026-06-02T05:00:00+03:00,2026-06,EBM0626,2229.237127830077,EPIAS_VEP:EBM0626,True,False,False
2026-06-02T03:00:00+00:00,2026-06-02T06:00:00+03:00,2026-06,EBM0626,2228.86133052694,EPIAS_VEP:EBM0626,True,False,False
2026-06-02T04:00:00+00:00,2026-06-02T07:00:00+03:00,2026-06,EBM0626,2228.615575010569,EPIAS_VEP:EBM0626,True,False,False
2026-06-02T05:00:00+00:00,2026-06-02T08:00:00+03:00,2026-06,EBM0626,2228.4849948876017,EPIAS_VEP:EBM0626,True,False,False
2026-06-02T06:00:00+00:00,2026-06-02T09:00:00+03:00,2026-06,EBM0626,2228.4556119592667,EPIAS_VEP:EBM0626,True,False,False
2026-06-02T07:00:00+00:00,2026-06-02T10:00:00+03:00,2026-06,EBM0626,2228.514349279395,EPIAS_VEP:EBM0626,True,False,False
2026-06-02T08:00:00+00:00,2026-06-02T11:00:00+03:00,2026-06,EBM0626,2228.6490340927157,EPIAS_VEP:EBM0626,True,False,False
2026-06-02T09:00:00+00:00,2026-06-02T12:00:00+03:00,2026-06,EBM0626,2228.8483919611213,EPIAS_VEP:EBM0626,True,False,False
2026-06-02T10:00:00+00:00,2026-06-02T13:00:00+03:00,2026-06,EBM0626,2229.102033295186,EPIAS_VEP:EBM0626,True,False,False
2026-06-02T11:00:00+00:00,2026-06-02T14:00:00+03:00,2026-06,EBM0626,2229.4004334183815,EPIAS_VEP:EBM0626,True,False,False
2026-06-02T12:00:00+00:00,2026-06-02T15:00:00+03:00,2026-06,EBM0626,2229.73490720294,EPIAS_VEP:EBM0626,True,False,False
2026-06-02T13:00:00+00:00,2026-06-02T16:00:00+03:00,2026-06,EBM0626,2230.0975792298445,EPIAS_VEP:EBM0626,True,False,False
2026-06-02T14:00:00+00:00,2026-06-02T17:00:00+03:00,2026-06,EBM0626,2230.4813503414507,EPIAS_VEP:EBM0626,True,False,False
2026-06-02T15:00:00+00:00,2026-06-02T18:00:00+03:00,2026-06,EBM0626,2230.8798613742842,EPIAS_VEP:EBM0626,True,False,False
2026-06-02T16:00:00+00:00,2026-06-02T19:00:00+03:00,2026-06,EBM0626,2231.287454781929,EPIAS_VEP:EBM0626,True,False,False
2026-06-02T17:00:00+00:00,2026-06-02T20:00:00+03:00,2026-06,EBM0626,2231.6991347839225,EPIAS_VEP:EBM0626,True,False,False
2026-06-02T18:00:00+00:00,2026-06-02T21:00:00+03:00,2026-06,EBM0626,2232.110526606418,EPIAS_VEP:EBM0626,True,False,False
2026-06-02T19:00:00+00:00,2026-06-02T22:00:00+03:00,2026-06,EBM0626,2232.5178353141805,EPIAS_VEP:EBM0626,True,False,False
2026-06-02T20:00:00+00:00,2026-06-02T23:00:00+03:00,2026-06,EBM0626,2232.9178046714073,EPIAS_VEP:EBM0626,True,False,False
2026-06-02T21:00:00+00:00,2026-06-03T00:00:00+03:00,2026-06,EBM0626,2233.307676410855,EPIAS_VEP:EBM0626,True,False,False
2026-06-02T22:00:00+00:00,2026-06-03T01:00:00+03:00,2026-06,EBM0626,2233.6851502369054,EPIAS_VEP:EBM0626,True,False,False
2026-06-02T23:00:00+00:00,2026-06-03T02:00:00+03:00,2026-06,EBM0626,2234.048344838392,EPIAS_VEP:EBM0626,True,False,False
2026-06-03T00:00:00+00:00,2026-06-03T03:00:00+03:00,2026-06,EBM0626,2234.395760141216,EPIAS_VEP:EBM0626,True,False,False
2026-06-03T01:00:00+00:00,2026-06-03T04:00:00+03:00,2026-06,EBM0626,2234.726240988887,EPIAS_VEP:EBM0626,True,False,False
2026-06-03T02:00:00+00:00,2026-06-03T05:00:00+03:00,2026-06,EBM0626,2235.0389424009923,EPIAS_VEP:EBM0626,True,False,False
2026-06-03T03:00:00+00:00,2026-06-03T06:00:00+03:00,2026-06,EBM0626,2235.3332965251125,EPIAS_VEP:EBM0626,True,False,False
2026-06-03T04:00:00+00:00,2026-06-03T07:00:00+03:00,2026-06,EBM0626,2235.6089813666804,EPIAS_VEP:EBM0626,True,False,False
2026-06-03T05:00:00+00:00,2026-06-03T08:00:00+03:00,2026-06,EBM0626,2235.8658913535687,EPIAS_VEP:EBM0626,True,False,False
2026-06-03T06:00:00+00:00,2026-06-03T09:00:00+03:00,2026-06,EBM0626,2236.1041097676048,EPIAS_VEP:EBM0626,True,False,False
2026-06-03T07:00:00+00:00,2026-06-03T10:00:00+03:00,2026-06,EBM0626,2236.323883053574,EPIAS_VEP:EBM0626,True,False,False
2026-06-03T08:00:00+00:00,2026-06-03T11:00:00+03:00,2026-06,EBM0626,2236.525596997376,EPIAS_VEP:EBM0626,True,False,False
2026-06-03T09:00:00+00:00,2026-06-03T12:00:00+03:00,2026-06,EBM0626,2236.7097547486965,EPIAS_VEP:EBM0626,True,False,False
2026-06-03T10:00:00+00:00,2026-06-03T13:00:00+03:00,2026-06,EBM0626,2236.8769566496153,EPIAS_VEP:EBM0626,True,False,False
2026-06-03T11:00:00+00:00,2026-06-03T14:00:00+03:00,2026-06,EBM0626,2237.027881818827,EPIAS_VEP:EBM0626,True,False,False
2026-06-03T12:00:00+00:00,2026-06-03T15:00:00+03:00,2026-06,EBM0626,2237.163271431456,EPIAS_VEP:EBM0626,True,False,False
2026-06-03T13:00:00+00:00,2026-06-03T16:00:00+03:00,2026-06,EBM0626,2237.2839136265366,EPIAS_VEP:EBM0626,True,False,False
2026-06-03T14:00:00+00:00,2026-06-03T17:00:00+03:00,2026-06,EBM0626,2237.390629968052,EPIAS_VEP:EBM0626,True,False,False
2026-06-03T15:00:00+00:00,2026-06-03T18:00:00+03:00,2026-06,EBM0626,2237.484263380715,EPIAS_VEP:EBM0626,True,False,False
2026-06-03T16:00:00+00:00,2026-06-03T19:00:00+03:00,2026-06,EBM0626,2237.565667478333,EPIAS_VEP:EBM0626,True,False,False
2026-06-03T17:00:00+00:00,2026-06-03T20:00:00+03:00,2026-06,EBM0626,2237.635697200468,EPIAS_VEP:EBM0626,True,False,False
2026-06-03T18:00:00+00:00,2026-06-03T21:00:00+03:00,2026-06,EBM0626,2237.695200672024,EPIAS_VEP:EBM0626,True,False,False
2026-06-03T19:00:00+00:00,2026-06-03T22:00:00+03:00,2026-06,EBM0626,2237.74501220028,EPIAS_VEP:EBM0626,True,False,False
2026-06-03T20:00:00+00:00,2026-06-03T23:00:00+03:00,2026-06,EBM0626,2237.7859463245386,EPIAS_VEP:EBM0626,True,False,False
2026-06-03T21:00:00+00:00,2026-06-04T00:00:00+03:00,2026-06,EBM0626,2237.8187928349744,EPIAS_VEP:EBM0626,True,False,False
2026-06-03T22:00:00+00:00,2026-06-04T01:00:00+03:00,2026-06,EBM0626,2237.8443126792213,EPIAS_VEP:EBM0626,True,False,False
2026-06-03T23:00:00+00:00,2026-06-04T02:00:00+03:00,2026-06,EBM0626,2237.8632346777217,EPIAS_VEP:EBM0626,True,False,False
2026-06-04T00:00:00+00:00,2026-06-04T03:00:00+03:00,2026-06,EBM0626,2237.876252971743,EPIAS_VEP:EBM0626,True,False,False
2026-06-04T01:00:00+00:00,2026-06-04T04:00:00+03:00,2026-06,EBM0626,2237.8840251311767,EPIAS_VEP:EBM0626,True,False,False
2026-06-04T02:00:00+00:00,2026-06-04T05:00:00+03:00,2026-06,EBM0626,2237.88717085271,EPIAS_VEP:EBM0626,True,False,False
2026-06-04T03:00:00+00:00,2026-06-04T06:00:00+03:00,2026-06,EBM0626,2237.886271182608,EPIAS_VEP:EBM0626,True,False,False
2026-06-04T04:00:00+00:00,2026-06-04T07:00:00+03:00,2026-06,EBM0626,2237.8818682021456,EPIAS_VEP:EBM0626,True,False,False
2026-06-04T05:00:00+00:00,2026-06-04T08:00:00+03:00,2026-06,EBM0626,2237.874465117571,EPIAS_VEP:EBM0626,True,False,False
2026-06-04T06:00:00+00:00,2026-06-04T09:00:00+03:00,2026-06,EBM0626,2237.8645267004053,EPIAS_VEP:EBM0626,True,False,False
2026-06-04T07:00:00+00:00,2026-06-04T10:00:00+03:00,2026-06,EBM0626,2237.8524800277487,EPIAS_VEP:EBM0626,True,False,False
2026-06-04T08:00:00+00:00,2026-06-04T11:00:00+03:00,2026-06,EBM0626,2237.838715476125,EPIAS_VEP:EBM0626,True,False,False
2026-06-04T09:00:00+00:00,2026-06-04T12:00:00+03:00,2026-06,EBM0626,2237.823587926147,EPIAS_VEP:EBM0626,True,False,False
2026-06-04T10:00:00+00:00,2026-06-04T13:00:00+03:00,2026-06,EBM0626,2237.8074181389748,EPIAS_VEP:EBM0626,True,False,False
2026-06-04T11:00:00+00:00,2026-06-04T14:00:00+03:00,2026-06,EBM0626,2237.790494269067,EPIAS_VEP:EBM0626,True,False,False
2026-06-04T12:00:00+00:00,2026-06-04T15:00:00+03:00,2026-06,EBM0626,2237.7730734811607,EPIAS_VEP:EBM0626,True,False,False
2026-06-04T13:00:00+00:00,2026-06-04T16:00:00+03:00,2026-06,EBM0626,2237.7553836426573,EPIAS_VEP:EBM0626,True,False,False
2026-06-04T14:00:00+00:00,2026-06-04T17:00:00+03:00,2026-06,EBM0626,2237.737625065703,EPIAS_VEP:EBM0626,True,False,False
2026-06-04T15:00:00+00:00,2026-06-04T18:00:00+03:00,2026-06,EBM0626,2237.7199722761725,EPIAS_VEP:EBM0626,True,False,False
2026-06-04T16:00:00+00:00,2026-06-04T19:00:00+03:00,2026-06,EBM0626,2237.7025757895267,EPIAS_VEP:EBM0626,True,False,False
2026-06-04T17:00:00+00:00,2026-06-04T20:00:00+03:00,2026-06,EBM0626,2237.6855638760894,EPIAS_VEP:EBM0626,True,False,False
2026-06-04T18:00:00+00:00,2026-06-04T21:00:00+03:00,2026-06,EBM0626,2237.669044300699,EPIAS_VEP:EBM0626,True,False,False
2026-06-04T19:00:00+00:00,2026-06-04T22:00:00+03:00,2026-06,EBM0626,2237.6531060238995,EPIAS_VEP:EBM0626,True,False,False
2026-06-04T20:00:00+00:00,2026-06-04T23:00:00+03:00,2026-06,EBM0626,2237.6378208538954,EPIAS_VEP:EBM0626,True,False,False
2026-06-04T21:00:00+00:00,2026-06-05T00:00:00+03:00,2026-06,EBM0626,2237.623245040382,EPIAS_VEP:EBM0626,True,False,False
2026-06-04T22:00:00+00:00,2026-06-05T01:00:00+03:00,2026-06,EBM0626,2237.609420803061,EPIAS_VEP:EBM0626,True,False,False
2026-06-04T23:00:00+00:00,2026-06-05T02:00:00+03:00,2026-06,EBM0626,2237.5963777892216,EPIAS_VEP:EBM0626,True,False,False
2026-06-05T00:00:00+00:00,2026-06-05T03:00:00+03:00,2026-06,EBM0626,2237.5841344561654,EPIAS_VEP:EBM0626,True,False,False
2026-06-05T01:00:00+00:00,2026-06-05T04:00:00+03:00,2026-06,EBM0626,2237.572699375508,EPIAS_VEP:EBM0626,True,False,False
2026-06-05T02:00:00+00:00,2026-06-05T05:00:00+03:00,2026-06,EBM0626,2237.562072457513,EPIAS_VEP:EBM0626,True,False,False
2026-06-05T03:00:00+00:00,2026-06-05T06:00:00+03:00,2026-06,EBM0626,2237.552246094598,EPIAS_VEP:EBM0626,True,False,False
2026-06-05T04:00:00+00:00,2026-06-05T07:00:00+03:00,2026-06,EBM0626,2237.5432062240297,EPIAS_VEP:EBM0626,True,False,False
2026-06-05T05:00:00+00:00,2026-06-05T08:00:00+03:00,2026-06,EBM0626,2237.5349333105546,EPIAS_VEP:EBM0626,True,False,False
2026-06-05T06:00:00+00:00,2026-06-05T09:00:00+03:00,2026-06,EBM0626,2237.527403250389,EPIAS_VEP:EBM0626,True,False,False
2026-06-05T07:00:00+00:00,2026-06-05T10:00:00+03:00,2026-06,EBM0626,2237.5205881985107,EPIAS_VEP:EBM0626,True,False,False
2026-06-05T08:00:00+00:00,2026-06-05T11:00:00+03:00,2026-06,EBM0626,2237.5144573216685,EPIAS_VEP:EBM0626,True,False,False
2026-06-05T09:00:00+00:00,2026-06-05T12:00:00+03:00,2026-06,EBM0626,2237.5089774798817,EPIAS_VEP:EBM0626,True,False,False
2026-06-05T10:00:00+00:00,2026-06-05T13:00:00+03:00,2026-06,EBM0626,2237.5041138395304,EPIAS_VEP:EBM0626,True,False,False
2026-06-05T11:00:00+00:00,2026-06-05T14:00:00+03:00,2026-06,EBM0626,2237.499830421339,EPIAS_VEP:EBM0626,True,False,False
2026-06-05T12:00:00+00:00,2026-06-05T15:00:00+03:00,2026-06,EBM0626,2237.496090586741,EPIAS_VEP:EBM0626,True,False,False
2026-06-05T13:00:00+00:00,2026-06-05T16:00:00+03:00,2026-06,EBM0626,2237.492857466219,EPIAS_VEP:EBM0626,True,False,False
2026-06-05T14:00:00+00:00,2026-06-05T17:00:00+03:00,2026-06,EBM0626,2237.490094333289,EPIAS_VEP:EBM0626,True,False,False
2026-06-05T15:00:00+00:00,2026-06-05T18:00:00+03:00,2026-06,EBM0626,2237.4877649278123,EPIAS_VEP:EBM0626,True,False,False
2026-06-05T16:00:00+00:00,2026-06-05T19:00:00+03:00,2026-06,EBM0626,2237.485833732309,EPIAS_VEP:EBM0626,True,False,False
2026-06-05T17:00:00+00:00,2026-06-05T20:00:00+03:00,2026-06,EBM0626,2237.4842662048977,EPIAS_VEP:EBM0626,True,False,False
2026-06-05T18:00:00+00:00,2026-06-05T21:00:00+03:00,2026-06,EBM0626,2237.483028972417,EPIAS_VEP:EBM0626,True,False,False
2026-06-05T19:00:00+00:00,2026-06-05T22:00:00+03:00,2026-06,EBM0626,2237.4820899871756,EPIAS_VEP:EBM0626,True,False,False
2026-06-05T20:00:00+00:00,2026-06-05T23:00:00+03:00,2026-06,EBM0626,2237.4814186506787,EPIAS_VEP:EBM0626,True,False,False
2026-06-05T21:00:00+00:00,2026-06-06T00:00:00+03:00,2026-06,EBM0626,2237.480985907524,EPIAS_VEP:EBM0626,True,False,False
2026-06-05T22:00:00+00:00,2026-06-06T01:00:00+03:00,2026-06,EBM0626,2237.480764312536,EPIAS_VEP:EBM0626,True,False,False
2026-06-05T23:00:00+00:00,2026-06-06T02:00:00+03:00,2026-06,EBM0626,2237.4807280740424,EPIAS_VEP:EBM0626,True,False,False
2026-06-06T00:00:00+00:00,2026-06-06T03:00:00+03:00,2026-06,EBM0626,2237.480853076031,EPIAS_VEP:EBM0626,True,False,False
2026-06-06T01:00:00+00:00,2026-06-06T04:00:00+03:00,2026-06,EBM0626,2237.4811168817737,EPIAS_VEP:EBM0626,True,False,False
2026-06-06T02:00:00+00:00,2026-06-06T05:00:00+03:00,2026-06,EBM0626,2237.481498721327,EPIAS_VEP:EBM0626,True,False,False
2026-06-06T03:00:00+00:00,2026-06-06T06:00:00+03:00,2026-06,EBM0626,2237.481979465153,EPIAS_VEP:EBM0626,True,False,False
2026-06-06T04:00:00+00:00,2026-06-06T07:00:00+03:00,2026-06,EBM0626,2237.482541585932,EPIAS_VEP:EBM0626,True,False,False
2026-06-06T05:00:00+00:00,2026-06-06T08:00:00+03:00,2026-06,EBM0626,2237.4831691104905,EPIAS_VEP:EBM0626,True,False,False
2026-06-06T06:00:00+00:00,2026-06-06T09:00:00+03:00,2026-06,EBM0626,2237.4838475635893,EPIAS_VEP:EBM0626,True,False,False
2026-06-06T07:00:00+00:00,2026-06-06T10:00:00+03:00,2026-06,EBM0626,2237.4845639051696,EPIAS_VEP:EBM0626,True,False,False
2026-06-06T08:00:00+00:00,2026-06-06T11:00:00+03:00,2026-06,EBM0626,2237.4853064625104,EPIAS_VEP:EBM0626,True,False,False
2026-06-06T09:00:00+00:00,2026-06-06T12:00:00+03:00,2026-06,EBM0626,2237.486064858591,EPIAS_VEP:EBM0626,True,False,False
2026-06-06T10:00:00+00:00,2026-06-06T13:00:00+03:00,2026-06,EBM0626,2237.4868299378372,EPIAS_VEP:EBM0626,True,False,False
2026-06-06T11:00:00+00:00,2026-06-06T14:00:00+03:00,2026-06,EBM0626,2237.4875936902813,EPIAS_VEP:EBM0626,True,False,False
2026-06-06T12:00:00+00:00,2026-06-06T15:00:00+03:00,2026-06,EBM0626,2237.4883491750534,EPIAS_VEP:EBM0626,True,False,False
2026-06-06T13:00:00+00:00,2026-06-06T16:00:00+03:00,2026-06,EBM0626,2237.4890904440063,EPIAS_VEP:EBM0626,True,False,False
2026-06-06T14:00:00+00:00,2026-06-06T17:00:00+03:00,2026-06,EBM0626,2237.489812466167,EPIAS_VEP:EBM0626,True,False,False
2026-06-06T15:00:00+00:00,2026-06-06T18:00:00+03:00,2026-06,EBM0626,2237.490511053613,EPIAS_VEP:EBM0626,True,False,False
2026-06-06T16:00:00+00:00,2026-06-06T19:00:00+03:00,2026-06,EBM0626,2237.4911827892647,EPIAS_VEP:EBM0626,True,False,False
2026-06-06T17:00:00+00:00,2026-06-06T20:00:00+03:00,2026-06,EBM0626,2237.4918249570296,EPIAS_VEP:EBM0626,True,False,False
2026-06-06T18:00:00+00:00,2026-06-06T21:00:00+03:00,2026-06,EBM0626,2237.492435474628,EPIAS_VEP:EBM0626,True,False,False
2026-06-06T19:00:00+00:00,2026-06-06T22:00:00+03:00,2026-06,EBM0626,2237.493012829377,EPIAS_VEP:EBM0626,True,False,False
2026-06-06T20:00:00+00:00,2026-06-06T23:00:00+03:00,2026-06,EBM0626,2237.4935560171393,EPIAS_VEP:EBM0626,True,False,False
2026-06-06T21:00:00+00:00,2026-06-07T00:00:00+03:00,2026-06,EBM0626,2237.494064484584,EPIAS_VEP:EBM0626,True,False,False
2026-06-06T22:00:00+00:00,2026-06-07T01:00:00+03:00,2026-06,EBM0626,2237.4945380748723,EPIAS_VEP:EBM0626,True,False,False
2026-06-06T23:00:00+00:00,2026-06-07T02:00:00+03:00,2026-06,EBM0626,2237.494976976806,EPIAS_VEP:EBM0626,True,False,False
2026-06-07T00:00:00+00:00,2026-06-07T03:00:00+03:00,2026-06,EBM0626,2237.4953816774723,EPIAS_VEP:EBM0626,True,False,False
2026-06-07T01:00:00+00:00,2026-06-07T04:00:00+03:00,2026-06,EBM0626,2237.495752918354,EPIAS_VEP:EBM0626,True,False,False
2026-06-07T02:00:00+00:00,2026-06-07T05:00:00+03:00,2026-06,EBM0626,2237.496091654858,EPIAS_VEP:EBM0626,True,False,False
2026-06-07T03:00:00+00:00,2026-06-07T06:00:00+03:00,2026-06,EBM0626,2237.4963990191927,EPIAS_VEP:EBM0626,True,False,False
2026-06-07T04:00:00+00:00,2026-06-07T07:00:00+03:00,2026-06,EBM0626,2237.496676286493,EPIAS_VEP:EBM0626,True,False,False
2026-06-07T05:00:00+00:00,2026-06-07T08:00:00+03:00,2026-06,EBM0626,2237.496924844082,EPIAS_VEP:EBM0626,True,False,False
2026-06-07T06:00:00+00:00,2026-06-07T09:00:00+03:00,2026-06,EBM0626,2237.497146163746,EPIAS_VEP:EBM0626,True,False,False
2026-06-07T07:00:00+00:00,2026-06-07T10:00:00+03:00,2026-06,EBM0626,2237.497341776878,EPIAS_VEP:EBM0626,True,False,False
2026-06-07T08:00:00+00:00,2026-06-07T11:00:00+03:00,2026-06,EBM0626,2237.4975132523455,EPIAS_VEP:EBM0626,True,False,False
2026-06-07T09:00:00+00:00,2026-06-07T12:00:00+03:00,2026-06,EBM0626,2237.4976621769315,EPIAS_VEP:EBM0626,True,False,False
2026-06-07T10:00:00+00:00,2026-06-07T13:00:00+03:00,2026-06,EBM0626,2237.497790138186,EPIAS_VEP:EBM0626,True,False,False
2026-06-07T11:00:00+00:00,2026-06-07T14:00:00+03:00,2026-06,EBM0626,2237.4978987095324,EPIAS_VEP:EBM0626,True,False,False
2026-06-07T12:00:00+00:00,2026-06-07T15:00:00+03:00,2026-06,EBM0626,2237.497989437473,EPIAS_VEP:EBM0626,True,False,False
2026-06-07T13:00:00+00:00,2026-06-07T16:00:00+03:00,2026-06,EBM0626,2237.4980638307293,EPIAS_VEP:EBM0626,True,False,False
2026-06-07T14:00:00+00:00,2026-06-07T17:00:00+03:00,2026-06,EBM0626,2237.4981233511735,EPIAS_VEP:EBM0626,True,False,False
2026-06-07T15:00:00+00:00,2026-06-07T18:00:00+03:00,2026-06,EBM0626,2237.4981694063863,EPIAS_VEP:EBM0626,True,False,False
2026-06-07T16:00:00+00:00,2026-06-07T19:00:00+03:00,2026-06,EBM0626,2237.4982033437063,EPIAS_VEP:EBM0626,True,False,False
2026-06-07T17:00:00+00:00,2026-06-07T20:00:00+03:00,2026-06,EBM0626,2237.4982264456235,EPIAS_VEP:EBM0626,True,False,False
2026-06-07T18:00:00+00:00,2026-06-07T21:00:00+03:00,2026-06,EBM0626,2237.498239926384,EPIAS_VEP:EBM0626,True,False,False
2026-06-07T19:00:00+00:00,2026-06-07T22:00:00+03:00,2026-06,EBM0626,2237.4982449296813,EPIAS_VEP:EBM0626,True,False,False
2026-06-07T20:00:00+00:00,2026-06-07T23:00:00+03:00,2026-06,EBM0626,2237.4982425273074,EPIAS_VEP:EBM0626,True,False,False
2026-06-07T21:00:00+00:00,2026-06-08T00:00:00+03:00,2026-06,EBM0626,2237.4982337186543,EPIAS_VEP:EBM0626,True,False,False
2026-06-07T22:00:00+00:00,2026-06-08T01:00:00+03:00,2026-06,EBM0626,2237.498219430953,EPIAS_VEP:EBM0626,True,False,False
2026-06-07T23:00:00+00:00,2026-06-08T02:00:00+03:00,2026-06,EBM0626,2237.498200520159,EPIAS_VEP:EBM0626,True,False,False
2026-06-08T00:00:00+00:00,2026-06-08T03:00:00+03:00,2026-06,EBM0626,2237.498177772375,EPIAS_VEP:EBM0626,True,False,False
2026-06-08T01:00:00+00:00,2026-06-08T04:00:00+03:00,2026-06,EBM0626,2237.4981519057455,EPIAS_VEP:EBM0626,True,False,False
2026-06-08T02:00:00+00:00,2026-06-08T05:00:00+03:00,2026-06,EBM0626,2237.4981235727337,EPIAS_VEP:EBM0626,True,False,False
2026-06-08T03:00:00+00:00,2026-06-08T06:00:00+03:00,2026-06,EBM0626,2237.498093362705,EPIAS_VEP:EBM0626,True,False,False
2026-06-08T04:00:00+00:00,2026-06-08T07:00:00+03:00,2026-06,EBM0626,2237.4980618047584,EPIAS_VEP:EBM0626,True,False,False
2026-06-08T05:00:00+00:00,2026-06-08T08:00:00+03:00,2026-06,EBM0626,2237.498029370751,EPIAS_VEP:EBM0626,True,False,False
2026-06-08T06:00:00+00:00,2026-06-08T09:00:00+03:00,2026-06,EBM0626,2237.4979964784497,EPIAS_VEP:EBM0626,True,False,False
2026-06-08T07:00:00+00:00,2026-06-08T10:00:00+03:00,2026-06,EBM0626,2237.4979634947763,EPIAS_VEP:EBM0626,True,False,False
2026-06-08T08:00:00+00:00,2026-06-08T11:00:00+03:00,2026-06,EBM0626,2237.4979307390963,EPIAS_VEP:EBM0626,True,False,False
2026-06-08T09:00:00+00:00,2026-06-08T12:00:00+03:00,2026-06,EBM0626,2237.4978984865184,EPIAS_VEP:EBM0626,True,False,False
2026-06-08T10:00:00+00:00,2026-06-08T13:00:00+03:00,2026-06,EBM0626,2237.4978669711686,EPIAS_VEP:EBM0626,True,False,False
2026-06-08T11:00:00+00:00,2026-06-08T14:00:00+03:00,2026-06,EBM0626,2237.497836389417,EPIAS_VEP:EBM0626,True,False,False
2026-06-08T12:00:00+00:00,2026-06-08T15:00:00+03:00,2026-06,EBM0626,2237.497806903029,EPIAS_VEP:EBM0626,True,False,False
2026-06-08T13:00:00+00:00,2026-06-08T16:00:00+03:00,2026-06,EBM0626,2237.4977786422214,EPIAS_VEP:EBM0626,True,False,False
2026-06-08T14:00:00+00:00,2026-06-08T17:00:00+03:00,2026-06,EBM0626,2237.4977517086127,EPIAS_VEP:EBM0626,True,False,False
2026-06-08T15:00:00+00:00,2026-06-08T18:00:00+03:00,2026-06,EBM0626,2237.4977261780496,EPIAS_VEP:EBM0626,True,False,False
2026-06-08T16:00:00+00:00,2026-06-08T19:00:00+03:00,2026-06,EBM0626,2237.4977021033005,EPIAS_VEP:EBM0626,True,False,False
2026-06-08T17:00:00+00:00,2026-06-08T20:00:00+03:00,2026-06,EBM0626,2237.497679516607,EPIAS_VEP:EBM0626,True,False,False
2026-06-08T18:00:00+00:00,2026-06-08T21:00:00+03:00,2026-06,EBM0626,2237.497658432094,EPIAS_VEP:EBM0626,True,False,False
2026-06-08T19:00:00+00:00,2026-06-08T22:00:00+03:00,2026-06,EBM0626,2237.4976388480263,EPIAS_VEP:EBM0626,True,False,False
2026-06-08T20:00:00+00:00,2026-06-08T23:00:00+03:00,2026-06,EBM0626,2237.4976207489203,EPIAS_VEP:EBM0626,True,False,False
2026-06-08T21:00:00+00:00,2026-06-09T00:00:00+03:00,2026-06,EBM0626,2237.4976041074992,EPIAS_VEP:EBM0626,True,False,False
2026-06-08T22:00:00+00:00,2026-06-09T01:00:00+03:00,2026-06,EBM0626,2237.4975888865033,EPIAS_VEP:EBM0626,True,False,False
2026-06-08T23:00:00+00:00,2026-06-09T02:00:00+03:00,2026-06,EBM0626,2237.4975750403532,EPIAS_VEP:EBM0626,True,False,False
2026-06-09T00:00:00+00:00,2026-06-09T03:00:00+03:00,2026-06,EBM0626,2237.4975625166735,EPIAS_VEP:EBM0626,True,False,False
2026-06-09T01:00:00+00:00,2026-06-09T04:00:00+03:00,2026-06,EBM0626,2237.497551257677,EPIAS_VEP:EBM0626,True,False,False
2026-06-09T02:00:00+00:00,2026-06-09T05:00:00+03:00,2026-06,EBM0626,2237.4975412014164,EPIAS_VEP:EBM0626,True,False,False
2026-06-09T03:00:00+00:00,2026-06-09T06:00:00+03:00,2026-06,EBM0626,2237.497532282912,EPIAS_VEP:EBM0626,True,False,False
2026-06-09T04:00:00+00:00,2026-06-09T07:00:00+03:00,2026-06,EBM0626,2237.4975244351563,EPIAS_VEP:EBM0626,True,False,False
2026-06-09T05:00:00+00:00,2026-06-09T08:00:00+03:00,2026-06,EBM0626,2237.4975175900054,EPIAS_VEP:EBM0626,True,False,False
2026-06-09T06:00:00+00:00,2026-06-09T09:00:00+03:00,2026-06,EBM0626,2237.4975116789637,EPIAS_VEP:EBM0626,True,False,False
2026-06-09T07:00:00+00:00,2026-06-09T10:00:00+03:00,2026-06,EBM0626,2237.4975066338693,EPIAS_VEP:EBM0626,True,False,False
2026-06-09T08:00:00+00:00,2026-06-09T11:00:00+03:00,2026-06,EBM0626,2237.4975023874854,EPIAS_VEP:EBM0626,True,False,False
2026-06-09T09:00:00+00:00,2026-06-09T12:00:00+03:00,2026-06,EBM0626,2237.497498874004,EPIAS_VEP:EBM0626,True,False,False
2026-06-09T10:00:00+00:00,2026-06-09T13:00:00+03:00,2026-06,EBM0626,2237.497496029471,EPIAS_VEP:EBM0626,True,False,False
2026-06-09T11:00:00+00:00,2026-06-09T14:00:00+03:00,2026-06,EBM0626,2237.497493792135,EPIAS_VEP:EBM0626,True,False,False
2026-06-09T12:00:00+00:00,2026-06-09T15:00:00+03:00,2026-06,EBM0626,2237.4974921027338,EPIAS_VEP:EBM0626,True,False,False
2026-06-09T13:00:00+00:00,2026-06-09T16:00:00+03:00,2026-06,EBM0626,2237.497490904718,EPIAS_VEP:EBM0626,True,False,False
2026-06-09T14:00:00+00:00,2026-06-09T17:00:00+03:00,2026-06,EBM0626,2237.4974901444207,EPIAS_VEP:EBM0626,True,False,False
2026-06-09T15:00:00+00:00,2026-06-09T18:00:00+03:00,2026-06,EBM0626,2237.4974897711772,EPIAS_VEP:EBM0626,True,False,False
2026-06-09T16:00:00+00:00,2026-06-09T19:00:00+03:00,2026-06,EBM0626,2237.4974897374004,EPIAS_VEP:EBM0626,True,False,False
2026-06-09T17:00:00+00:00,2026-06-09T20:00:00+03:00,2026-06,EBM0626,2237.4974899986178,EPIAS_VEP:EBM0626,True,False,False
2026-06-09T18:00:00+00:00,2026-06-09T21:00:00+03:00,2026-06,EBM0626,2237.497490513477,EPIAS_VEP:EBM0626,True,False,False
2026-06-09T19:00:00+00:00,2026-06-09T22:00:00+03:00,2026-06,EBM0626,2237.4974912437174,EPIAS_VEP:EBM0626,True,False,False
2026-06-09T20:00:00+00:00,2026-06-09T23:00:00+03:00,2026-06,EBM0626,2237.4974921541207,EPIAS_VEP:EBM0626,True,False,False
2026-06-09T21:00:00+00:00,2026-06-10T00:00:00+03:00,2026-06,EBM0626,2237.4974932124364,EPIAS_VEP:EBM0626,True,False,False
2026-06-09T22:00:00+00:00,2026-06-10T01:00:00+03:00,2026-06,EBM0626,2237.4974943892894,EPIAS_VEP:EBM0626,True,False,False
2026-06-09T23:00:00+00:00,2026-06-10T02:00:00+03:00,2026-06,EBM0626,2237.497495658075,EPIAS_VEP:EBM0626,True,False,False
2026-06-10T00:00:00+00:00,2026-06-10T03:00:00+03:00,2026-06,EBM0626,2237.4974969948435,EPIAS_VEP:EBM0626,True,False,False
2026-06-10T01:00:00+00:00,2026-06-10T04:00:00+03:00,2026-06,EBM0626,2237.4974983781703,EPIAS_VEP:EBM0626,True,False,False
2026-06-10T02:00:00+00:00,2026-06-10T05:00:00+03:00,2026-06,EBM0626,2237.497499789025,EPIAS_VEP:EBM0626,True,False,False
2026-06-10T03:00:00+00:00,2026-06-10T06:00:00+03:00,2026-06,EBM0626,2237.4975012106293,EPIAS_VEP:EBM0626,True,False,False
2026-06-10T04:00:00+00:00,2026-06-10T07:00:00+03:00,2026-06,EBM0626,2237.49750262832,EPIAS_VEP:EBM0626,True,False,False
2026-06-10T05:00:00+00:00,2026-06-10T08:00:00+03:00,2026-06,EBM0626,2237.4975040294044,EPIAS_VEP:EBM0626,True,False,False
2026-06-10T06:00:00+00:00,2026-06-10T09:00:00+03:00,2026-06,EBM0626,2237.4975054030187,EPIAS_VEP:EBM0626,True,False,False
2026-06-10T07:00:00+00:00,2026-06-10T10:00:00+03:00,2026-06,EBM0626,2237.497506739989,EPIAS_VEP:EBM0626,True,False,False
2026-06-10T08:00:00+00:00,2026-06-10T11:00:00+03:00,2026-06,EBM0626,2237.497508032694,EPIAS_VEP:EBM0626,True,False,False
2026-06-10T09:00:00+00:00,2026-06-10T12:00:00+03:00,2026-06,EBM0626,2237.497509274929,EPIAS_VEP:EBM0626,True,False,False
2026-06-10T10:00:00+00:00,2026-06-10T13:00:00+03:00,2026-06,EBM0626,2237.4975104617793,EPIAS_VEP:EBM0626,True,False,False
2026-06-10T11:00:00+00:00,2026-06-10T14:00:00+03:00,2026-06,EBM0626,2237.4975115894936,EPIAS_VEP:EBM0626,True,False,False
2026-06-10T12:00:00+00:00,2026-06-10T15:00:00+03:00,2026-06,EBM0626,2237.4975126553663,EPIAS_VEP:EBM0626,True,False,False
2026-06-10T13:00:00+00:00,2026-06-10T16:00:00+03:00,2026-06,EBM0626,2237.497513657626,EPIAS_VEP:EBM0626,True,False,False
2026-06-10T14:00:00+00:00,2026-06-10T17:00:00+03:00,2026-06,EBM0626,2237.4975145953285,EPIAS_VEP:EBM0626,True,False,False
2026-06-10T15:00:00+00:00,2026-06-10T18:00:00+03:00,2026-06,EBM0626,2237.497515468256,EPIAS_VEP:EBM0626,True,False,False
2026-06-10T16:00:00+00:00,2026-06-10T19:00:00+03:00,2026-06,EBM0626,2237.4975162768224,EPIAS_VEP:EBM0626,True,False,False
2026-06-10T17:00:00+00:00,2026-06-10T20:00:00+03:00,2026-06,EBM0626,2237.4975170219873,EPIAS_VEP:EBM0626,True,False,False
2026-06-10T18:00:00+00:00,2026-06-10T21:00:00+03:00,2026-06,EBM0626,2237.4975177051756,EPIAS_VEP:EBM0626,True,False,False
2026-06-10T19:00:00+00:00,2026-06-10T22:00:00+03:00,2026-06,EBM0626,2237.497518328202,EPIAS_VEP:EBM0626,True,False,False
2026-06-10T20:00:00+00:00,2026-06-10T23:00:00+03:00,2026-06,EBM0626,2237.4975188932003,EPIAS_VEP:EBM0626,True,False,False
2026-06-10T21:00:00+00:00,2026-06-11T00:00:00+03:00,2026-06,EBM0626,2237.497519402562,EPIAS_VEP:EBM0626,True,False,False
2026-06-10T22:00:00+00:00,2026-06-11T01:00:00+03:00,2026-06,EBM0626,2237.497519858882,EPIAS_VEP:EBM0626,True,False,False
2026-06-10T23:00:00+00:00,2026-06-11T02:00:00+03:00,2026-06,EBM0626,2237.4975202649057,EPIAS_VEP:EBM0626,True,False,False
2026-06-11T00:00:00+00:00,2026-06-11T03:00:00+03:00,2026-06,EBM0626,2237.4975206234867,EPIAS_VEP:EBM0626,True,False,False
2026-06-11T01:00:00+00:00,2026-06-11T04:00:00+03:00,2026-06,EBM0626,2237.497520937543,EPIAS_VEP:EBM0626,True,False,False
2026-06-11T02:00:00+00:00,2026-06-11T05:00:00+03:00,2026-06,EBM0626,2237.4975212100217,EPIAS_VEP:EBM0626,True,False,False
2026-06-11T03:00:00+00:00,2026-06-11T06:00:00+03:00,2026-06,EBM0626,2237.4975214438687,EPIAS_VEP:EBM0626,True,False,False
2026-06-11T04:00:00+00:00,2026-06-11T07:00:00+03:00,2026-06,EBM0626,2237.4975216420007,EPIAS_VEP:EBM0626,True,False,False
2026-06-11T05:00:00+00:00,2026-06-11T08:00:00+03:00,2026-06,EBM0626,2237.497521807283,EPIAS_VEP:EBM0626,True,False,False
2026-06-11T06:00:00+00:00,2026-06-11T09:00:00+03:00,2026-06,EBM0626,2237.4975219425096,EPIAS_VEP:EBM0626,True,False,False
2026-06-11T07:00:00+00:00,2026-06-11T10:00:00+03:00,2026-06,EBM0626,2237.497522050386,EPIAS_VEP:EBM0626,True,False,False
2026-06-11T08:00:00+00:00,2026-06-11T11:00:00+03:00,2026-06,EBM0626,2237.497522133516,EPIAS_VEP:EBM0626,True,False,False
2026-06-11T09:00:00+00:00,2026-06-11T12:00:00+03:00,2026-06,EBM0626,2237.497522194392,EPIAS_VEP:EBM0626,True,False,False
2026-06-11T10:00:00+00:00,2026-06-11T13:00:00+03:00,2026-06,EBM0626,2237.4975222353837,EPIAS_VEP:EBM0626,True,False,False
2026-06-11T11:00:00+00:00,2026-06-11T14:00:00+03:00,2026-06,EBM0626,2237.497522258734,EPIAS_VEP:EBM0626,True,False,False
2026-06-11T12:00:00+00:00,2026-06-11T15:00:00+03:00,2026-06,EBM0626,2237.4975222665553,EPIAS_VEP:EBM0626,True,False,False
2026-06-11T13:00:00+00:00,2026-06-11T16:00:00+03:00,2026-06,EBM0626,2237.497522260824,EPIAS_VEP:EBM0626,True,False,False
2026-06-11T14:00:00+00:00,2026-06-11T17:00:00+03:00,2026-06,EBM0626,2237.4975222433823,EPIAS_VEP:EBM0626,True,False,False
2026-06-11T15:00:00+00:00,2026-06-11T18:00:00+03:00,2026-06,EBM0626,2237.497522215938,EPIAS_VEP:EBM0626,True,False,False
2026-06-11T16:00:00+00:00,2026-06-11T19:00:00+03:00,2026-06,EBM0626,2237.497522180067,EPIAS_VEP:EBM0626,True,False,False
2026-06-11T17:00:00+00:00,2026-06-11T20:00:00+03:00,2026-06,EBM0626,2237.4975221372147,EPIAS_VEP:EBM0626,True,False,False
2026-06-11T18:00:00+00:00,2026-06-11T21:00:00+03:00,2026-06,EBM0626,2237.4975220887004,EPIAS_VEP:EBM0626,True,False,False
2026-06-11T19:00:00+00:00,2026-06-11T22:00:00+03:00,2026-06,EBM0626,2237.4975220357223,EPIAS_VEP:EBM0626,True,False,False
2026-06-11T20:00:00+00:00,2026-06-11T23:00:00+03:00,2026-06,EBM0626,2237.4975219793632,EPIAS_VEP:EBM0626,True,False,False
2026-06-11T21:00:00+00:00,2026-06-12T00:00:00+03:00,2026-06,EBM0626,2237.497521920594,EPIAS_VEP:EBM0626,True,False,False
2026-06-11T22:00:00+00:00,2026-06-12T01:00:00+03:00,2026-06,EBM0626,2237.4975218602785,EPIAS_VEP:EBM0626,True,False,False
2026-06-11T23:00:00+00:00,2026-06-12T02:00:00+03:00,2026-06,EBM0626,2237.4975217991823,EPIAS_VEP:EBM0626,True,False,False
2026-06-12T00:00:00+00:00,2026-06-12T03:00:00+03:00,2026-06,EBM0626,2237.4975217379756,EPIAS_VEP:EBM0626,True,False,False
2026-06-12T01:00:00+00:00,2026-06-12T04:00:00+03:00,2026-06,EBM0626,2237.4975216772414,EPIAS_VEP:EBM0626,True,False,False
2026-06-12T02:00:00+00:00,2026-06-12T05:00:00+03:00,2026-06,EBM0626,2237.4975216174835,EPIAS_VEP:EBM0626,True,False,False
2026-06-12T03:00:00+00:00,2026-06-12T06:00:00+03:00,2026-06,EBM0626,2237.497521559129,EPIAS_VEP:EBM0626,True,False,False
2026-06-12T04:00:00+00:00,2026-06-12T07:00:00+03:00,2026-06,EBM0626,2237.4975215025343,EPIAS_VEP:EBM0626,True,False,False
2026-06-12T05:00:00+00:00,2026-06-12T08:00:00+03:00,2026-06,EBM0626,2237.497521447994,EPIAS_VEP:EBM0626,True,False,False
2026-06-12T06:00:00+00:00,2026-06-12T09:00:00+03:00,2026-06,EBM0626,2237.497521395745,EPIAS_VEP:EBM0626,True,False,False
2026-06-12T07:00:00+00:00,2026-06-12T10:00:00+03:00,2026-06,EBM0626,2237.4975213459716,EPIAS_VEP:EBM0626,True,False,False
2026-06-12T08:00:00+00:00,2026-06-12T11:00:00+03:00,2026-06,EBM0626,2237.4975212988097,EPIAS_VEP:EBM0626,True,False,False
2026-06-12T09:00:00+00:00,2026-06-12T12:00:00+03:00,2026-06,EBM0626,2237.497521254355,EPIAS_VEP:EBM0626,True,False,False
2026-06-12T10:00:00+00:00,2026-06-12T13:00:00+03:00,2026-06,EBM0626,2237.497521212664,EPIAS_VEP:EBM0626,True,False,False
2026-06-12T11:00:00+00:00,2026-06-12T14:00:00+03:00,2026-06,EBM0626,2237.497521173762,EPIAS_VEP:EBM0626,True,False,False
2026-06-12T12:00:00+00:00,2026-06-12T15:00:00+03:00,2026-06,EBM0626,2237.4975211376427,EPIAS_VEP:EBM0626,True,False,False
2026-06-12T13:00:00+00:00,2026-06-12T16:00:00+03:00,2026-06,EBM0626,2237.497521104275,EPIAS_VEP:EBM0626,True,False,False
2026-06-12T14:00:00+00:00,2026-06-12T17:00:00+03:00,2026-06,EBM0626,2237.4975210736075,EPIAS_VEP:EBM0626,True,False,False
2026-06-12T15:00:00+00:00,2026-06-12T18:00:00+03:00,2026-06,EBM0626,2237.497521045568,EPIAS_VEP:EBM0626,True,False,False
2026-06-12T16:00:00+00:00,2026-06-12T19:00:00+03:00,2026-06,EBM0626,2237.4975210200696,EPIAS_VEP:EBM0626,True,False,False
2026-06-12T17:00:00+00:00,2026-06-12T20:00:00+03:00,2026-06,EBM0626,2237.497520997012,EPIAS_VEP:EBM0626,True,False,False
2026-06-12T18:00:00+00:00,2026-06-12T21:00:00+03:00,2026-06,EBM0626,2237.4975209762856,EPIAS_VEP:EBM0626,True,False,False
2026-06-12T19:00:00+00:00,2026-06-12T22:00:00+03:00,2026-06,EBM0626,2237.4975209577747,EPIAS_VEP:EBM0626,True,False,False
2026-06-12T20:00:00+00:00,2026-06-12T23:00:00+03:00,2026-06,EBM0626,2237.4975209413583,EPIAS_VEP:EBM0626,True,False,False
2026-06-12T21:00:00+00:00,2026-06-13T00:00:00+03:00,2026-06,EBM0626,2237.497520926913,EPIAS_VEP:EBM0626,True,False,False
2026-06-12T22:00:00+00:00,2026-06-13T01:00:00+03:00,2026-06,EBM0626,2237.497520914312,EPIAS_VEP:EBM0626,True,False,False
2026-06-12T23:00:00+00:00,2026-06-13T02:00:00+03:00,2026-06,EBM0626,2237.49752090343,EPIAS_VEP:EBM0626,True,False,False
2026-06-13T00:00:00+00:00,2026-06-13T03:00:00+03:00,2026-06,EBM0626,2237.4975208941405,EPIAS_VEP:EBM0626,True,False,False
2026-06-13T01:00:00+00:00,2026-06-13T04:00:00+03:00,2026-06,EBM0626,2237.4975208863184,EPIAS_VEP:EBM0626,True,False,False
2026-06-13T02:00:00+00:00,2026-06-13T05:00:00+03:00,2026-06,EBM0626,2237.4975208798433,EPIAS_VEP:EBM0626,True,False,False
2026-06-13T03:00:00+00:00,2026-06-13T06:00:00+03:00,2026-06,EBM0626,2237.4975208745977,EPIAS_VEP:EBM0626,True,False,False
2026-06-13T04:00:00+00:00,2026-06-13T07:00:00+03:00,2026-06,EBM0626,2237.497520870467,EPIAS_VEP:EBM0626,True,False,False
2026-06-13T05:00:00+00:00,2026-06-13T08:00:00+03:00,2026-06,EBM0626,2237.4975208673404,EPIAS_VEP:EBM0626,True,False,False
2026-06-13T06:00:00+00:00,2026-06-13T09:00:00+03:00,2026-06,EBM0626,2237.497520865114,EPIAS_VEP:EBM0626,True,False,False
2026-06-13T07:00:00+00:00,2026-06-13T10:00:00+03:00,2026-06,EBM0626,2237.497520863689,EPIAS_VEP:EBM0626,True,False,False
2026-06-13T08:00:00+00:00,2026-06-13T11:00:00+03:00,2026-06,EBM0626,2237.4975208629717,EPIAS_VEP:EBM0626,True,False,False
2026-06-13T09:00:00+00:00,2026-06-13T12:00:00+03:00,2026-06,EBM0626,2237.4975208628757,EPIAS_VEP:EBM0626,True,False,False
2026-06-13T10:00:00+00:00,2026-06-13T13:00:00+03:00,2026-06,EBM0626,2237.4975208633214,EPIAS_VEP:EBM0626,True,False,False
2026-06-13T11:00:00+00:00,2026-06-13T14:00:00+03:00,2026-06,EBM0626,2237.4975208642327,EPIAS_VEP:EBM0626,True,False,False
2026-06-13T12:00:00+00:00,2026-06-13T15:00:00+03:00,2026-06,EBM0626,2237.497520865541,EPIAS_VEP:EBM0626,True,False,False
2026-06-13T13:00:00+00:00,2026-06-13T16:00:00+03:00,2026-06,EBM0626,2237.497520867184,EPIAS_VEP:EBM0626,True,False,False
2026-06-13T14:00:00+00:00,2026-06-13T17:00:00+03:00,2026-06,EBM0626,2237.497520869101,EPIAS_VEP:EBM0626,True,False,False
2026-06-13T15:00:00+00:00,2026-06-13T18:00:00+03:00,2026-06,EBM0626,2237.4975208712376,EPIAS_VEP:EBM0626,True,False,False
2026-06-13T16:00:00+00:00,2026-06-13T19:00:00+03:00,2026-06,EBM0626,2237.497520873543,EPIAS_VEP:EBM0626,True,False,False
2026-06-13T17:00:00+00:00,2026-06-13T20:00:00+03:00,2026-06,EBM0626,2237.4975208759743,EPIAS_VEP:EBM0626,True,False,False
2026-06-13T18:00:00+00:00,2026-06-13T21:00:00+03:00,2026-06,EBM0626,2237.4975208784917,EPIAS_VEP:EBM0626,True,False,False
2026-06-13T19:00:00+00:00,2026-06-13T22:00:00+03:00,2026-06,EBM0626,2237.497520881062,EPIAS_VEP:EBM0626,True,False,False
2026-06-13T20:00:00+00:00,2026-06-13T23:00:00+03:00,2026-06,EBM0626,2237.497520883655,EPIAS_VEP:EBM0626,True,False,False
2026-06-13T21:00:00+00:00,2026-06-14T00:00:00+03:00,2026-06,EBM0626,2237.4975208862443,EPIAS_VEP:EBM0626,True,False,False
2026-06-13T22:00:00+00:00,2026-06-14T01:00:00+03:00,2026-06,EBM0626,2237.4975208888072,EPIAS_VEP:EBM0626,True,False,False
2026-06-13T23:00:00+00:00,2026-06-14T02:00:00+03:00,2026-06,EBM0626,2237.4975208913233,EPIAS_VEP:EBM0626,True,False,False
2026-06-14T00:00:00+00:00,2026-06-14T03:00:00+03:00,2026-06,EBM0626,2237.497520893776,EPIAS_VEP:EBM0626,True,False,False
2026-06-14T01:00:00+00:00,2026-06-14T04:00:00+03:00,2026-06,EBM0626,2237.497520896151,EPIAS_VEP:EBM0626,True,False,False
2026-06-14T02:00:00+00:00,2026-06-14T05:00:00+03:00,2026-06,EBM0626,2237.497520898438,EPIAS_VEP:EBM0626,True,False,False
2026-06-14T03:00:00+00:00,2026-06-14T06:00:00+03:00,2026-06,EBM0626,2237.4975209006266,EPIAS_VEP:EBM0626,True,False,False
2026-06-14T04:00:00+00:00,2026-06-14T07:00:00+03:00,2026-06,EBM0626,2237.4975209027098,EPIAS_VEP:EBM0626,True,False,False
2026-06-14T05:00:00+00:00,2026-06-14T08:00:00+03:00,2026-06,EBM0626,2237.4975209046825,EPIAS_VEP:EBM0626,True,False,False
2026-06-14T06:00:00+00:00,2026-06-14T09:00:00+03:00,2026-06,EBM0626,2237.497520906542,EPIAS_VEP:EBM0626,True,False,False
2026-06-14T07:00:00+00:00,2026-06-14T10:00:00+03:00,2026-06,EBM0626,2237.497520908287,EPIAS_VEP:EBM0626,True,False,False
2026-06-14T08:00:00+00:00,2026-06-14T11:00:00+03:00,2026-06,EBM0626,2237.497520909917,EPIAS_VEP:EBM0626,True,False,False
2026-06-14T09:00:00+00:00,2026-06-14T12:00:00+03:00,2026-06,EBM0626,2237.497520911434,EPIAS_VEP:EBM0626,True,False,False
2026-06-14T10:00:00+00:00,2026-06-14T13:00:00+03:00,2026-06,EBM0626,2237.4975209128397,EPIAS_VEP:EBM0626,True,False,False
2026-06-14T11:00:00+00:00,2026-06-14T14:00:00+03:00,2026-06,EBM0626,2237.4975209141357,EPIAS_VEP:EBM0626,True,False,False
2026-06-14T12:00:00+00:00,2026-06-14T15:00:00+03:00,2026-06,EBM0626,2237.4975209153263,EPIAS_VEP:EBM0626,True,False,False
2026-06-14T13:00:00+00:00,2026-06-14T16:00:00+03:00,2026-06,EBM0626,2237.4975209164168,EPIAS_VEP:EBM0626,True,False,False
2026-06-14T14:00:00+00:00,2026-06-14T17:00:00+03:00,2026-06,EBM0626,2237.4975209174117,EPIAS_VEP:EBM0626,True,False,False
2026-06-14T15:00:00+00:00,2026-06-14T18:00:00+03:00,2026-06,EBM0626,2237.4975209183162,EPIAS_VEP:EBM0626,True,False,False
2026-06-14T16:00:00+00:00,2026-06-14T19:00:00+03:00,2026-06,EBM0626,2237.4975209191357,EPIAS_VEP:EBM0626,True,False,False
2026-06-14T17:00:00+00:00,2026-06-14T20:00:00+03:00,2026-06,EBM0626,2237.4975209198765,EPIAS_VEP:EBM0626,True,False,False
2026-06-14T18:00:00+00:00,2026-06-14T21:00:00+03:00,2026-06,EBM0626,2237.4975209205445,EPIAS_VEP:EBM0626,True,False,False
2026-06-14T19:00:00+00:00,2026-06-14T22:00:00+03:00,2026-06,EBM0626,2237.497520921145,EPIAS_VEP:EBM0626,True,False,False
2026-06-14T20:00:00+00:00,2026-06-14T23:00:00+03:00,2026-06,EBM0626,2237.4975209216846,EPIAS_VEP:EBM0626,True,False,False
2026-06-14T21:00:00+00:00,2026-06-15T00:00:00+03:00,2026-06,EBM0626,2237.4975209221693,EPIAS_VEP:EBM0626,True,False,False
2026-06-14T22:00:00+00:00,2026-06-15T01:00:00+03:00,2026-06,EBM0626,2237.4975209226054,EPIAS_VEP:EBM0626,True,False,False
2026-06-14T23:00:00+00:00,2026-06-15T02:00:00+03:00,2026-06,EBM0626,2237.4975209229974,EPIAS_VEP:EBM0626,True,False,False
2026-06-15T00:00:00+00:00,2026-06-15T03:00:00+03:00,2026-06,EBM0626,2237.4975209233503,EPIAS_VEP:EBM0626,True,False,False
2026-06-15T01:00:00+00:00,2026-06-15T04:00:00+03:00,2026-06,EBM0626,2237.4975209236695,EPIAS_VEP:EBM0626,True,False,False
2026-06-15T02:00:00+00:00,2026-06-15T05:00:00+03:00,2026-06,EBM0626,2237.4975209239606,EPIAS_VEP:EBM0626,True,False,False
2026-06-15T03:00:00+00:00,2026-06-15T06:00:00+03:00,2026-06,EBM0626,2237.4975209242284,EPIAS_VEP:EBM0626,True,False,False
2026-06-15T04:00:00+00:00,2026-06-15T07:00:00+03:00,2026-06,EBM0626,2237.4975209244762,EPIAS_VEP:EBM0626,True,False,False
2026-06-15T05:00:00+00:00,2026-06-15T08:00:00+03:00,2026-06,EBM0626,2237.4975209247077,EPIAS_VEP:EBM0626,True,False,False
2026-06-15T06:00:00+00:00,2026-06-15T09:00:00+03:00,2026-06,EBM0626,2237.497520924927,EPIAS_VEP:EBM0626,True,False,False
2026-06-15T07:00:00+00:00,2026-06-15T10:00:00+03:00,2026-06,EBM0626,2237.4975209251375,EPIAS_VEP:EBM0626,True,False,False
2026-06-15T08:00:00+00:00,2026-06-15T11:00:00+03:00,2026-06,EBM0626,2237.497520925342,EPIAS_VEP:EBM0626,True,False,False
2026-06-15T09:00:00+00:00,2026-06-15T12:00:00+03:00,2026-06,EBM0626,2237.4975209255435,EPIAS_VEP:EBM0626,True,False,False
2026-06-15T10:00:00+00:00,2026-06-15T13:00:00+03:00,2026-06,EBM0626,2237.4975209257445,EPIAS_VEP:EBM0626,True,False,False
2026-06-15T11:00:00+00:00,2026-06-15T14:00:00+03:00,2026-06,EBM0626,2237.497520925948,EPIAS_VEP:EBM0626,True,False,False
2026-06-15T12:00:00+00:00,2026-06-15T15:00:00+03:00,2026-06,EBM0626,2237.4975209261565,EPIAS_VEP:EBM0626,True,False,False
2026-06-15T13:00:00+00:00,2026-06-15T16:00:00+03:00,2026-06,EBM0626,2237.497520926374,EPIAS_VEP:EBM0626,True,False,False
2026-06-15T14:00:00+00:00,2026-06-15T17:00:00+03:00,2026-06,EBM0626,2237.4975209266036,EPIAS_VEP:EBM0626,True,False,False
2026-06-15T15:00:00+00:00,2026-06-15T18:00:00+03:00,2026-06,EBM0626,2237.4975209268473,EPIAS_VEP:EBM0626,True,False,False
2026-06-15T16:00:00+00:00,2026-06-15T19:00:00+03:00,2026-06,EBM0626,2237.4975209271083,EPIAS_VEP:EBM0626,True,False,False
2026-06-15T17:00:00+00:00,2026-06-15T20:00:00+03:00,2026-06,EBM0626,2237.4975209273885,EPIAS_VEP:EBM0626,True,False,False
2026-06-15T18:00:00+00:00,2026-06-15T21:00:00+03:00,2026-06,EBM0626,2237.4975209276886,EPIAS_VEP:EBM0626,True,False,False
2026-06-15T19:00:00+00:00,2026-06-15T22:00:00+03:00,2026-06,EBM0626,2237.49752092801,EPIAS_VEP:EBM0626,True,False,False
2026-06-15T20:00:00+00:00,2026-06-15T23:00:00+03:00,2026-06,EBM0626,2237.497520928354,EPIAS_VEP:EBM0626,True,False,False
2026-06-15T21:00:00+00:00,2026-06-16T00:00:00+03:00,2026-06,EBM0626,2237.49752092872,EPIAS_VEP:EBM0626,True,False,False
2026-06-15T22:00:00+00:00,2026-06-16T01:00:00+03:00,2026-06,EBM0626,2237.4975209291074,EPIAS_VEP:EBM0626,True,False,False
2026-06-15T23:00:00+00:00,2026-06-16T02:00:00+03:00,2026-06,EBM0626,2237.4975209295144,EPIAS_VEP:EBM0626,True,False,False
2026-06-16T00:00:00+00:00,2026-06-16T03:00:00+03:00,2026-06,EBM0626,2237.4975209299396,EPIAS_VEP:EBM0626,True,False,False
2026-06-16T01:00:00+00:00,2026-06-16T04:00:00+03:00,2026-06,EBM0626,2237.497520930379,EPIAS_VEP:EBM0626,True,False,False
2026-06-16T02:00:00+00:00,2026-06-16T05:00:00+03:00,2026-06,EBM0626,2237.4975209308272,EPIAS_VEP:EBM0626,True,False,False
2026-06-16T03:00:00+00:00,2026-06-16T06:00:00+03:00,2026-06,EBM0626,2237.497520931279,EPIAS_VEP:EBM0626,True,False,False
2026-06-16T04:00:00+00:00,2026-06-16T07:00:00+03:00,2026-06,EBM0626,2237.4975209317286,EPIAS_VEP:EBM0626,True,False,False
2026-06-16T05:00:00+00:00,2026-06-16T08:00:00+03:00,2026-06,EBM0626,2237.49752093217,EPIAS_VEP:EBM0626,True,False,False
2026-06-16T06:00:00+00:00,2026-06-16T09:00:00+03:00,2026-06,EBM0626,2237.4975209325944,EPIAS_VEP:EBM0626,True,False,False
2026-06-16T07:00:00+00:00,2026-06-16T10:00:00+03:00,2026-06,EBM0626,2237.4975209329928,EPIAS_VEP:EBM0626,True,False,False
2026-06-16T08:00:00+00:00,2026-06-16T11:00:00+03:00,2026-06,EBM0626,2237.4975209333525,EPIAS_VEP:EBM0626,True,False,False
2026-06-16T09:00:00+00:00,2026-06-16T12:00:00+03:00,2026-06,EBM0626,2237.4975209336594,EPIAS_VEP:EBM0626,True,False,False
2026-06-16T10:00:00+00:00,2026-06-16T13:00:00+03:00,2026-06,EBM0626,2237.4975209339,EPIAS_VEP:EBM0626,True,False,False
2026-06-16T11:00:00+00:00,2026-06-16T14:00:00+03:00,2026-06,EBM0626,2237.497520934059,EPIAS_VEP:EBM0626,True,False,False
2026-06-16T12:00:00+00:00,2026-06-16T15:00:00+03:00,2026-06,EBM0626,2237.4975209341196,EPIAS_VEP:EBM0626,True,False,False
2026-06-16T13:00:00+00:00,2026-06-16T16:00:00+03:00,2026-06,EBM0626,2237.4975209340632,EPIAS_VEP:EBM0626,True,False,False
2026-06-16T14:00:00+00:00,2026-06-16T17:00:00+03:00,2026-06,EBM0626,2237.4975209338722,EPIAS_VEP:EBM0626,True,False,False
2026-06-16T15:00:00+00:00,2026-06-16T18:00:00+03:00,2026-06,EBM0626,2237.497520933526,EPIAS_VEP:EBM0626,True,False,False
2026-06-16T16:00:00+00:00,2026-06-16T19:00:00+03:00,2026-06,EBM0626,2237.4975209330037,EPIAS_VEP:EBM0626,True,False,False
2026-06-16T17:00:00+00:00,2026-06-16T20:00:00+03:00,2026-06,EBM0626,2237.4975209322815,EPIAS_VEP:EBM0626,True,False,False
2026-06-16T18:00:00+00:00,2026-06-16T21:00:00+03:00,2026-06,EBM0626,2237.4975209313357,EPIAS_VEP:EBM0626,True,False,False
2026-06-16T19:00:00+00:00,2026-06-16T22:00:00+03:00,2026-06,EBM0626,2237.4975209301415,EPIAS_VEP:EBM0626,True,False,False
2026-06-16T20:00:00+00:00,2026-06-16T23:00:00+03:00,2026-06,EBM0626,2237.497520928674,EPIAS_VEP:EBM0626,True,False,False
2026-06-16T21:00:00+00:00,2026-06-17T00:00:00+03:00,2026-06,EBM0626,2237.4975209269073,EPIAS_VEP:EBM0626,True,False,False
2026-06-16T22:00:00+00:00,2026-06-17T01:00:00+03:00,2026-06,EBM0626,2237.4975209248155,EPIAS_VEP:EBM0626,True,False,False
2026-06-16T23:00:00+00:00,2026-06-17T02:00:00+03:00,2026-06,EBM0626,2237.497520922374,EPIAS_VEP:EBM0626,True,False,False
2026-06-17T00:00:00+00:00,2026-06-17T03:00:00+03:00,2026-06,EBM0626,2237.4975209195572,EPIAS_VEP:EBM0626,True,False,False
2026-06-17T01:00:00+00:00,2026-06-17T04:00:00+03:00,2026-06,EBM0626,2237.49752091634,EPIAS_VEP:EBM0626,True,False,False
2026-06-17T02:00:00+00:00,2026-06-17T05:00:00+03:00,2026-06,EBM0626,2237.497520912696,EPIAS_VEP:EBM0626,True,False,False
2026-06-17T03:00:00+00:00,2026-06-17T06:00:00+03:00,2026-06,EBM0626,2237.4975209086,EPIAS_VEP:EBM0626,True,False,False
2026-06-17T04:00:00+00:00,2026-06-17T07:00:00+03:00,2026-06,EBM0626,2237.497520904027,EPIAS_VEP:EBM0626,True,False,False
2026-06-17T05:00:00+00:00,2026-06-17T08:00:00+03:00,2026-06,EBM0626,2237.497520898953,EPIAS_VEP:EBM0626,True,False,False
2026-06-17T06:00:00+00:00,2026-06-17T09:00:00+03:00,2026-06,EBM0626,2237.4975208933556,EPIAS_VEP:EBM0626,True,False,False
2026-06-17T07:00:00+00:00,2026-06-17T10:00:00+03:00,2026-06,EBM0626,2237.4975208872143,EPIAS_VEP:EBM0626,True,False,False
2026-06-17T08:00:00+00:00,2026-06-17T11:00:00+03:00,2026-06,EBM0626,2237.4975208805113,EPIAS_VEP:EBM0626,True,False,False
2026-06-17T09:00:00+00:00,2026-06-17T12:00:00+03:00,2026-06,EBM0626,2237.497520873233,EPIAS_VEP:EBM0626,True,False,False
2026-06-17T10:00:00+00:00,2026-06-17T13:00:00+03:00,2026-06,EBM0626,2237.49752086537,EPIAS_VEP:EBM0626,True,False,False
2026-06-17T11:00:00+00:00,2026-06-17T14:00:00+03:00,2026-06,EBM0626,2237.4975208569185,EPIAS_VEP:EBM0626,True,False,False
2026-06-17T12:00:00+00:00,2026-06-17T15:00:00+03:00,2026-06,EBM0626,2237.49752084788,EPIAS_VEP:EBM0626,True,False,False
2026-06-17T13:00:00+00:00,2026-06-17T16:00:00+03:00,2026-06,EBM0626,2237.497520838261,EPIAS_VEP:EBM0626,True,False,False
2026-06-17T14:00:00+00:00,2026-06-17T17:00:00+03:00,2026-06,EBM0626,2237.497520828076,EPIAS_VEP:EBM0626,True,False,False
2026-06-17T15:00:00+00:00,2026-06-17T18:00:00+03:00,2026-06,EBM0626,2237.4975208173487,EPIAS_VEP:EBM0626,True,False,False
2026-06-17T16:00:00+00:00,2026-06-17T19:00:00+03:00,2026-06,EBM0626,2237.497520806111,EPIAS_VEP:EBM0626,True,False,False
2026-06-17T17:00:00+00:00,2026-06-17T20:00:00+03:00,2026-06,EBM0626,2237.4975207944067,EPIAS_VEP:EBM0626,True,False,False
2026-06-17T18:00:00+00:00,2026-06-17T21:00:00+03:00,2026-06,EBM0626,2237.4975207822913,EPIAS_VEP:EBM0626,True,False,False
2026-06-17T19:00:00+00:00,2026-06-17T22:00:00+03:00,2026-06,EBM0626,2237.4975207698335,EPIAS_VEP:EBM0626,True,False,False
2026-06-17T20:00:00+00:00,2026-06-17T23:00:00+03:00,2026-06,EBM0626,2237.497520757114,EPIAS_VEP:EBM0626,True,False,False
2026-06-17T21:00:00+00:00,2026-06-18T00:00:00+03:00,2026-06,EBM0626,2237.49752074423,EPIAS_VEP:EBM0626,True,False,False
2026-06-17T22:00:00+00:00,2026-06-18T01:00:00+03:00,2026-06,EBM0626,2237.4975207312928,EPIAS_VEP:EBM0626,True,False,False
2026-06-17T23:00:00+00:00,2026-06-18T02:00:00+03:00,2026-06,EBM0626,2237.4975207184325,EPIAS_VEP:EBM0626,True,False,False
2026-06-18T00:00:00+00:00,2026-06-18T03:00:00+03:00,2026-06,EBM0626,2237.4975207058005,EPIAS_VEP:EBM0626,True,False,False
2026-06-18T01:00:00+00:00,2026-06-18T04:00:00+03:00,2026-06,EBM0626,2237.4975206935687,EPIAS_VEP:EBM0626,True,False,False
2026-06-18T02:00:00+00:00,2026-06-18T05:00:00+03:00,2026-06,EBM0626,2237.4975206819313,EPIAS_VEP:EBM0626,True,False,False
2026-06-18T03:00:00+00:00,2026-06-18T06:00:00+03:00,2026-06,EBM0626,2237.4975206711047,EPIAS_VEP:EBM0626,True,False,False
2026-06-18T04:00:00+00:00,2026-06-18T07:00:00+03:00,2026-06,EBM0626,2237.49752066133,EPIAS_VEP:EBM0626,True,False,False
2026-06-18T05:00:00+00:00,2026-06-18T08:00:00+03:00,2026-06,EBM0626,2237.497520652872,EPIAS_VEP:EBM0626,True,False,False
2026-06-18T06:00:00+00:00,2026-06-18T09:00:00+03:00,2026-06,EBM0626,2237.4975206460226,EPIAS_VEP:EBM0626,True,False,False
2026-06-18T07:00:00+00:00,2026-06-18T10:00:00+03:00,2026-06,EBM0626,2237.4975206411004,EPIAS_VEP:EBM0626,True,False,False
2026-06-18T08:00:00+00:00,2026-06-18T11:00:00+03:00,2026-06,EBM0626,2237.4975206384524,EPIAS_VEP:EBM0626,True,False,False
2026-06-18T09:00:00+00:00,2026-06-18T12:00:00+03:00,2026-06,EBM0626,2237.497520638454,EPIAS_VEP:EBM0626,True,False,False
2026-06-18T10:00:00+00:00,2026-06-18T13:00:00+03:00,2026-06,EBM0626,2237.4975206415083,EPIAS_VEP:EBM0626,True,False,False
2026-06-18T11:00:00+00:00,2026-06-18T14:00:00+03:00,2026-06,EBM0626,2237.497520648047,EPIAS_VEP:EBM0626,True,False,False
2026-06-18T12:00:00+00:00,2026-06-18T15:00:00+03:00,2026-06,EBM0626,2237.497520658529,EPIAS_VEP:EBM0626,True,False,False
2026-06-18T13:00:00+00:00,2026-06-18T16:00:00+03:00,2026-06,EBM0626,2237.49752067344,EPIAS_VEP:EBM0626,True,False,False
2026-06-18T14:00:00+00:00,2026-06-18T17:00:00+03:00,2026-06,EBM0626,2237.4975206932927,EPIAS_VEP:EBM0626,True,False,False
2026-06-18T15:00:00+00:00,2026-06-18T18:00:00+03:00,2026-06,EBM0626,2237.4975207186258,EPIAS_VEP:EBM0626,True,False,False
2026-06-18T16:00:00+00:00,2026-06-18T19:00:00+03:00,2026-06,EBM0626,2237.49752075,EPIAS_VEP:EBM0626,True,False,False
2026-06-18T17:00:00+00:00,2026-06-18T20:00:00+03:00,2026-06,EBM0626,2237.4975207879975,EPIAS_VEP:EBM0626,True,False,False
2026-06-18T18:00:00+00:00,2026-06-18T21:00:00+03:00,2026-06,EBM0626,2237.4975208332157,EPIAS_VEP:EBM0626,True,False,False
2026-06-18T19:00:00+00:00,2026-06-18T22:00:00+03:00,2026-06,EBM0626,2237.4975208862675,EPIAS_VEP:EBM0626,True,False,False
2026-06-18T20:00:00+00:00,2026-06-18T23:00:00+03:00,2026-06,EBM0626,2237.497520947773,EPIAS_VEP:EBM0626,True,False,False
2026-06-18T21:00:00+00:00,2026-06-19T00:00:00+03:00,2026-06,EBM0626,2237.497521018357,EPIAS_VEP:EBM0626,True,False,False
2026-06-18T22:00:00+00:00,2026-06-19T01:00:00+03:00,2026-06,EBM0626,2237.4975210986413,EPIAS_VEP:EBM0626,True,False,False
2026-06-18T23:00:00+00:00,2026-06-19T02:00:00+03:00,2026-06,EBM0626,2237.4975211892393,EPIAS_VEP:EBM0626,True,False,False
2026-06-19T00:00:00+00:00,2026-06-19T03:00:00+03:00,2026-06,EBM0626,2237.4975212907484,EPIAS_VEP:EBM0626,True,False,False
2026-06-19T01:00:00+00:00,2026-06-19T04:00:00+03:00,2026-06,EBM0626,2237.4975214037386,EPIAS_VEP:EBM0626,True,False,False
2026-06-19T02:00:00+00:00,2026-06-19T05:00:00+03:00,2026-06,EBM0626,2237.4975215287436,EPIAS_VEP:EBM0626,True,False,False
2026-06-19T03:00:00+00:00,2026-06-19T06:00:00+03:00,2026-06,EBM0626,2237.4975216662497,EPIAS_VEP:EBM0626,True,False,False
2026-06-19T04:00:00+00:00,2026-06-19T07:00:00+03:00,2026-06,EBM0626,2237.4975218166824,EPIAS_VEP:EBM0626,True,False,False
2026-06-19T05:00:00+00:00,2026-06-19T08:00:00+03:00,2026-06,EBM0626,2237.4975219803923,EPIAS_VEP:EBM0626,True,False,False
2026-06-19T06:00:00+00:00,2026-06-19T09:00:00+03:00,2026-06,EBM0626,2237.497522157639,EPIAS_VEP:EBM0626,True,False,False
2026-06-19T07:00:00+00:00,2026-06-19T10:00:00+03:00,2026-06,EBM0626,2237.497522348577,EPIAS_VEP:EBM0626,True,False,False
2026-06-19T08:00:00+00:00,2026-06-19T11:00:00+03:00,2026-06,EBM0626,2237.4975225532376,EPIAS_VEP:EBM0626,True,False,False
2026-06-19T09:00:00+00:00,2026-06-19T12:00:00+03:00,2026-06,EBM0626,2237.497522771508,EPIAS_VEP:EBM0626,True,False,False
2026-06-19T10:00:00+00:00,2026-06-19T13:00:00+03:00,2026-06,EBM0626,2237.4975230031137,EPIAS_VEP:EBM0626,True,False,False
2026-06-19T11:00:00+00:00,2026-06-19T14:00:00+03:00,2026-06,EBM0626,2237.497523247594,EPIAS_VEP:EBM0626,True,False,False
2026-06-19T12:00:00+00:00,2026-06-19T15:00:00+03:00,2026-06,EBM0626,2237.4975235042807,EPIAS_VEP:EBM0626,True,False,False
2026-06-19T13:00:00+00:00,2026-06-19T16:00:00+03:00,2026-06,EBM0626,2237.497523772272,EPIAS_VEP:EBM0626,True,False,False
2026-06-19T14:00:00+00:00,2026-06-19T17:00:00+03:00,2026-06,EBM0626,2237.497524050407,EPIAS_VEP:EBM0626,True,False,False
2026-06-19T15:00:00+00:00,2026-06-19T18:00:00+03:00,2026-06,EBM0626,2237.497524337239,EPIAS_VEP:EBM0626,True,False,False
2026-06-19T16:00:00+00:00,2026-06-19T19:00:00+03:00,2026-06,EBM0626,2237.4975246310096,EPIAS_VEP:EBM0626,True,False,False
2026-06-19T17:00:00+00:00,2026-06-19T20:00:00+03:00,2026-06,EBM0626,2237.497524929617,EPIAS_VEP:EBM0626,True,False,False
2026-06-19T18:00:00+00:00,2026-06-19T21:00:00+03:00,2026-06,EBM0626,2237.49752523059,EPIAS_VEP:EBM0626,True,False,False
2026-06-19T19:00:00+00:00,2026-06-19T22:00:00+03:00,2026-06,EBM0626,2237.4975255310546,EPIAS_VEP:EBM0626,True,False,False
2026-06-19T20:00:00+00:00,2026-06-19T23:00:00+03:00,2026-06,EBM0626,2237.497525827708,EPIAS_VEP:EBM0626,True,False,False
2026-06-19T21:00:00+00:00,2026-06-20T00:00:00+03:00,2026-06,EBM0626,2237.4975261167865,EPIAS_VEP:EBM0626,True,False,False
2026-06-19T22:00:00+00:00,2026-06-20T01:00:00+03:00,2026-06,EBM0626,2237.497526394036,EPIAS_VEP:EBM0626,True,False,False
2026-06-19T23:00:00+00:00,2026-06-20T02:00:00+03:00,2026-06,EBM0626,2237.4975266546835,EPIAS_VEP:EBM0626,True,False,False
2026-06-20T00:00:00+00:00,2026-06-20T03:00:00+03:00,2026-06,EBM0626,2237.4975268934095,EPIAS_VEP:EBM0626,True,False,False
2026-06-20T01:00:00+00:00,2026-06-20T04:00:00+03:00,2026-06,EBM0626,2237.497527104322,EPIAS_VEP:EBM0626,True,False,False
2026-06-20T02:00:00+00:00,2026-06-20T05:00:00+03:00,2026-06,EBM0626,2237.497527280931,EPIAS_VEP:EBM0626,True,False,False
2026-06-20T03:00:00+00:00,2026-06-20T06:00:00+03:00,2026-06,EBM0626,2237.4975274161293,EPIAS_VEP:EBM0626,True,False,False
2026-06-20T04:00:00+00:00,2026-06-20T07:00:00+03:00,2026-06,EBM0626,2237.4975275021725,EPIAS_VEP:EBM0626,True,False,False
2026-06-20T05:00:00+00:00,2026-06-20T08:00:00+03:00,2026-06,EBM0626,2237.497527530666,EPIAS_VEP:EBM0626,True,False,False
2026-06-20T06:00:00+00:00,2026-06-20T09:00:00+03:00,2026-06,EBM0626,2237.4975274925578,EPIAS_VEP:EBM0626,True,False,False
2026-06-20T07:00:00+00:00,2026-06-20T10:00:00+03:00,2026-06,EBM0626,2237.4975273781356,EPIAS_VEP:EBM0626,True,False,False
2026-06-20T08:00:00+00:00,2026-06-20T11:00:00+03:00,2026-06,EBM0626,2237.497527177029,EPIAS_VEP:EBM0626,True,False,False
2026-06-20T09:00:00+00:00,2026-06-20T12:00:00+03:00,2026-06,EBM0626,2237.497526878222,EPIAS_VEP:EBM0626,True,False,False
2026-06-20T10:00:00+00:00,2026-06-20T13:00:00+03:00,2026-06,EBM0626,2237.497526470072,EPIAS_VEP:EBM0626,True,False,False
2026-06-20T11:00:00+00:00,2026-06-20T14:00:00+03:00,2026-06,EBM0626,2237.497525940341,EPIAS_VEP:EBM0626,True,False,False
2026-06-20T12:00:00+00:00,2026-06-20T15:00:00+03:00,2026-06,EBM0626,2237.497525276235,EPIAS_VEP:EBM0626,True,False,False
2026-06-20T13:00:00+00:00,2026-06-20T16:00:00+03:00,2026-06,EBM0626,2237.4975244644593,EPIAS_VEP:EBM0626,True,False,False
2026-06-20T14:00:00+00:00,2026-06-20T17:00:00+03:00,2026-06,EBM0626,2237.497523491281,EPIAS_VEP:EBM0626,True,False,False
2026-06-20T15:00:00+00:00,2026-06-20T18:00:00+03:00,2026-06,EBM0626,2237.497522342613,EPIAS_VEP:EBM0626,True,False,False
2026-06-20T16:00:00+00:00,2026-06-20T19:00:00+03:00,2026-06,EBM0626,2237.4975210041116,EPIAS_VEP:EBM0626,True,False,False
2026-06-20T17:00:00+00:00,2026-06-20T20:00:00+03:00,2026-06,EBM0626,2237.4975194612907,EPIAS_VEP:EBM0626,True,False,False
2026-06-20T18:00:00+00:00,2026-06-20T21:00:00+03:00,2026-06,EBM0626,2237.4975176996586,EPIAS_VEP:EBM0626,True,False,False
2026-06-20T19:00:00+00:00,2026-06-20T22:00:00+03:00,2026-06,EBM0626,2237.4975157048702,EPIAS_VEP:EBM0626,True,False,False
2026-06-20T20:00:00+00:00,2026-06-20T23:00:00+03:00,2026-06,EBM0626,2237.4975134629017,EPIAS_VEP:EBM0626,True,False,False
2026-06-20T21:00:00+00:00,2026-06-21T00:00:00+03:00,2026-06,EBM0626,2237.497510960251,EPIAS_VEP:EBM0626,True,False,False
2026-06-20T22:00:00+00:00,2026-06-21T01:00:00+03:00,2026-06,EBM0626,2237.4975081841603,EPIAS_VEP:EBM0626,True,False,False
2026-06-20T23:00:00+00:00,2026-06-21T02:00:00+03:00,2026-06,EBM0626,2237.4975051228694,EPIAS_VEP:EBM0626,True,False,False
2026-06-21T00:00:00+00:00,2026-06-21T03:00:00+03:00,2026-06,EBM0626,2237.497501765891,EPIAS_VEP:EBM0626,True,False,False
2026-06-21T01:00:00+00:00,2026-06-21T04:00:00+03:00,2026-06,EBM0626,2237.4974981043188,EPIAS_VEP:EBM0626,True,False,False
2026-06-21T02:00:00+00:00,2026-06-21T05:00:00+03:00,2026-06,EBM0626,2237.4974941311625,EPIAS_VEP:EBM0626,True,False,False
2026-06-21T03:00:00+00:00,2026-06-21T06:00:00+03:00,2026-06,EBM0626,2237.4974898417145,EPIAS_VEP:EBM0626,True,False,False
2026-06-21T04:00:00+00:00,2026-06-21T07:00:00+03:00,2026-06,EBM0626,2237.497485233946,EPIAS_VEP:EBM0626,True,False,False
2026-06-21T05:00:00+00:00,2026-06-21T08:00:00+03:00,2026-06,EBM0626,2237.4974803089362,EPIAS_VEP:EBM0626,True,False,False
2026-06-21T06:00:00+00:00,2026-06-21T09:00:00+03:00,2026-06,EBM0626,2237.497475071333,EPIAS_VEP:EBM0626,True,False,False
2026-06-21T07:00:00+00:00,2026-06-21T10:00:00+03:00,2026-06,EBM0626,2237.497469529847,EPIAS_VEP:EBM0626,True,False,False
2026-06-21T08:00:00+00:00,2026-06-21T11:00:00+03:00,2026-06,EBM0626,2237.497463697772,EPIAS_VEP:EBM0626,True,False,False
2026-06-21T09:00:00+00:00,2026-06-21T12:00:00+03:00,2026-06,EBM0626,2237.497457593543,EPIAS_VEP:EBM0626,True,False,False
2026-06-21T10:00:00+00:00,2026-06-21T13:00:00+03:00,2026-06,EBM0626,2237.497451241316,EPIAS_VEP:EBM0626,True,False,False
2026-06-21T11:00:00+00:00,2026-06-21T14:00:00+03:00,2026-06,EBM0626,2237.4974446715796,EPIAS_VEP:EBM0626,True,False,False
2026-06-21T12:00:00+00:00,2026-06-21T15:00:00+03:00,2026-06,EBM0626,2237.497437921792,EPIAS_VEP:EBM0626,True,False,False
2026-06-21T13:00:00+00:00,2026-06-21T16:00:00+03:00,2026-06,EBM0626,2237.497431037036,EPIAS_VEP:EBM0626,True,False,False
2026-06-21T14:00:00+00:00,2026-06-21T17:00:00+03:00,2026-06,EBM0626,2237.497424070696,EPIAS_VEP:EBM0626,True,False,False
2026-06-21T15:00:00+00:00,2026-06-21T18:00:00+03:00,2026-06,EBM0626,2237.497417085144,EPIAS_VEP:EBM0626,True,False,False
2026-06-21T16:00:00+00:00,2026-06-21T19:00:00+03:00,2026-06,EBM0626,2237.497410152436,EPIAS_VEP:EBM0626,True,False,False
2026-06-21T17:00:00+00:00,2026-06-21T20:00:00+03:00,2026-06,EBM0626,2237.4974033550097,EPIAS_VEP:EBM0626,True,False,False
2026-06-21T18:00:00+00:00,2026-06-21T21:00:00+03:00,2026-06,EBM0626,2237.49739678638,EPIAS_VEP:EBM0626,True,False,False
2026-06-21T19:00:00+00:00,2026-06-21T22:00:00+03:00,2026-06,EBM0626,2237.4973905518154,EPIAS_VEP:EBM0626,True,False,False
2026-06-21T20:00:00+00:00,2026-06-21T23:00:00+03:00,2026-06,EBM0626,2237.4973847690003,EPIAS_VEP:EBM0626,True,False,False
2026-06-21T21:00:00+00:00,2026-06-22T00:00:00+03:00,2026-06,EBM0626,2237.497379568653,EPIAS_VEP:EBM0626,True,False,False
2026-06-21T22:00:00+00:00,2026-06-22T01:00:00+03:00,2026-06,EBM0626,2237.4973750951053,EPIAS_VEP:EBM0626,True,False,False
2026-06-21T23:00:00+00:00,2026-06-22T02:00:00+03:00,2026-06,EBM0626,2237.4973715068263,EPIAS_VEP:EBM0626,True,False,False
2026-06-22T00:00:00+00:00,2026-06-22T03:00:00+03:00,2026-06,EBM0626,2237.497368976867,EPIAS_VEP:EBM0626,True,False,False
2026-06-22T01:00:00+00:00,2026-06-22T04:00:00+03:00,2026-06,EBM0626,2237.49736769322,EPIAS_VEP:EBM0626,True,False,False
2026-06-22T02:00:00+00:00,2026-06-22T05:00:00+03:00,2026-06,EBM0626,2237.497367859071,EPIAS_VEP:EBM0626,True,False,False
2026-06-22T03:00:00+00:00,2026-06-22T06:00:00+03:00,2026-06,EBM0626,2237.4973696929296,EPIAS_VEP:EBM0626,True,False,False
2026-06-22T04:00:00+00:00,2026-06-22T07:00:00+03:00,2026-06,EBM0626,2237.497373428613,EPIAS_VEP:EBM0626,True,False,False
2026-06-22T05:00:00+00:00,2026-06-22T08:00:00+03:00,2026-06,EBM0626,2237.497379315061,EPIAS_VEP:EBM0626,True,False,False
2026-06-22T06:00:00+00:00,2026-06-22T09:00:00+03:00,2026-06,EBM0626,2237.4973876159615,EPIAS_VEP:EBM0626,True,False,False
2026-06-22T07:00:00+00:00,2026-06-22T10:00:00+03:00,2026-06,EBM0626,2237.4973986091627,EPIAS_VEP:EBM0626,True,False,False
2026-06-22T08:00:00+00:00,2026-06-22T11:00:00+03:00,2026-06,EBM0626,2237.497412585845,EPIAS_VEP:EBM0626,True,False,False
2026-06-22T09:00:00+00:00,2026-06-22T12:00:00+03:00,2026-06,EBM0626,2237.497429849419,EPIAS_VEP:EBM0626,True,False,False
2026-06-22T10:00:00+00:00,2026-06-22T13:00:00+03:00,2026-06,EBM0626,2237.49745071413,EPIAS_VEP:EBM0626,True,False,False
2026-06-22T11:00:00+00:00,2026-06-22T14:00:00+03:00,2026-06,EBM0626,2237.49747550333,EPIAS_VEP:EBM0626,True,False,False
2026-06-22T12:00:00+00:00,2026-06-22T15:00:00+03:00,2026-06,EBM0626,2237.4975045473925,EPIAS_VEP:EBM0626,True,False,False
2026-06-22T13:00:00+00:00,2026-06-22T16:00:00+03:00,2026-06,EBM0626,2237.4975381812324,EPIAS_VEP:EBM0626,True,False,False
2026-06-22T14:00:00+00:00,2026-06-22T17:00:00+03:00,2026-06,EBM0626,2237.4975767414016,EPIAS_VEP:EBM0626,True,False,False
2026-06-22T15:00:00+00:00,2026-06-22T18:00:00+03:00,2026-06,EBM0626,2237.4976205627277,EPIAS_VEP:EBM0626,True,False,False
2026-06-22T16:00:00+00:00,2026-06-22T19:00:00+03:00,2026-06,EBM0626,2237.497669974457,EPIAS_VEP:EBM0626,True,False,False
2026-06-22T17:00:00+00:00,2026-06-22T20:00:00+03:00,2026-06,EBM0626,2237.4977252958724,EPIAS_VEP:EBM0626,True,False,False
2026-06-22T18:00:00+00:00,2026-06-22T21:00:00+03:00,2026-06,EBM0626,2237.497786831349,EPIAS_VEP:EBM0626,True,False,False
2026-06-22T19:00:00+00:00,2026-06-22T22:00:00+03:00,2026-06,EBM0626,2237.497854864825,EPIAS_VEP:EBM0626,True,False,False
2026-06-22T20:00:00+00:00,2026-06-22T23:00:00+03:00,2026-06,EBM0626,2237.4979296536476,EPIAS_VEP:EBM0626,True,False,False
2026-06-22T21:00:00+00:00,2026-06-23T00:00:00+03:00,2026-06,EBM0626,2237.4980114217697,EPIAS_VEP:EBM0626,True,False,False
2026-06-22T22:00:00+00:00,2026-06-23T01:00:00+03:00,2026-06,EBM0626,2237.498100352272,EPIAS_VEP:EBM0626,True,False,False
2026-06-22T23:00:00+00:00,2026-06-23T02:00:00+03:00,2026-06,EBM0626,2237.498196579186,EPIAS_VEP:EBM0626,True,False,False
2026-06-23T00:00:00+00:00,2026-06-23T03:00:00+03:00,2026-06,EBM0626,2237.498300178598,EPIAS_VEP:EBM0626,True,False,False
2026-06-23T01:00:00+00:00,2026-06-23T04:00:00+03:00,2026-06,EBM0626,2237.498411159031,EPIAS_VEP:EBM0626,True,False,False
2026-06-23T02:00:00+00:00,2026-06-23T05:00:00+03:00,2026-06,EBM0626,2237.4985294510807,EPIAS_VEP:EBM0626,True,False,False
2026-06-23T03:00:00+00:00,2026-06-23T06:00:00+03:00,2026-06,EBM0626,2237.498654896319,EPIAS_VEP:EBM0626,True,False,False
2026-06-23T04:00:00+00:00,2026-06-23T07:00:00+03:00,2026-06,EBM0626,2237.498787235465,EPIAS_VEP:EBM0626,True,False,False
2026-06-23T05:00:00+00:00,2026-06-23T08:00:00+03:00,2026-06,EBM0626,2237.4989260958405,EPIAS_VEP:EBM0626,True,False,False
2026-06-23T06:00:00+00:00,2026-06-23T09:00:00+03:00,2026-06,EBM0626,2237.4990709781355,EPIAS_VEP:EBM0626,True,False,False
2026-06-23T07:00:00+00:00,2026-06-23T10:00:00+03:00,2026-06,EBM0626,2237.499221242521,EPIAS_VEP:EBM0626,True,False,False
2026-06-23T08:00:00+00:00,2026-06-23T11:00:00+03:00,2026-06,EBM0626,2237.499376094162,EPIAS_VEP:EBM0626,True,False,False
2026-06-23T09:00:00+00:00,2026-06-23T12:00:00+03:00,2026-06,EBM0626,2237.4995345681914,EPIAS_VEP:EBM0626,True,False,False
2026-06-23T10:00:00+00:00,2026-06-23T13:00:00+03:00,2026-06,EBM0626,2237.4996955142246,EPIAS_VEP:EBM0626,True,False,False
2026-06-23T11:00:00+00:00,2026-06-23T14:00:00+03:00,2026-06,EBM0626,2237.499857580513,EPIAS_VEP:EBM0626,True,False,False
2026-06-23T12:00:00+00:00,2026-06-23T15:00:00+03:00,2026-06,EBM0626,2237.5000191978484,EPIAS_VEP:EBM0626,True,False,False
2026-06-23T13:00:00+00:00,2026-06-23T16:00:00+03:00,2026-06,EBM0626,2237.5001785633585,EPIAS_VEP:EBM0626,True,False,False
2026-06-23T14:00:00+00:00,2026-06-23T17:00:00+03:00,2026-06,EBM0626,2237.500333624344,EPIAS_VEP:EBM0626,True,False,False
2026-06-23T15:00:00+00:00,2026-06-23T18:00:00+03:00,2026-06,EBM0626,2237.5004820623403,EPIAS_VEP:EBM0626,True,False,False
2026-06-23T16:00:00+00:00,2026-06-23T19:00:00+03:00,2026-06,EBM0626,2237.500621277612,EPIAS_VEP:EBM0626,True,False,False
2026-06-23T17:00:00+00:00,2026-06-23T20:00:00+03:00,2026-06,EBM0626,2237.5007483743107,EPIAS_VEP:EBM0626,True,False,False
2026-06-23T18:00:00+00:00,2026-06-23T21:00:00+03:00,2026-06,EBM0626,2237.500860146554,EPIAS_VEP:EBM0626,True,False,False
2026-06-23T19:00:00+00:00,2026-06-23T22:00:00+03:00,2026-06,EBM0626,2237.500953065714,EPIAS_VEP:EBM0626,True,False,False
2026-06-23T20:00:00+00:00,2026-06-23T23:00:00+03:00,2026-06,EBM0626,2237.501023269241,EPIAS_VEP:EBM0626,True,False,False
2026-06-23T21:00:00+00:00,2026-06-24T00:00:00+03:00,2026-06,EBM0626,2237.501066551373,EPIAS_VEP:EBM0626,True,False,False
2026-06-23T22:00:00+00:00,2026-06-24T01:00:00+03:00,2026-06,EBM0626,2237.50107835611,EPIAS_VEP:EBM0626,True,False,False
2026-06-23T23:00:00+00:00,2026-06-24T02:00:00+03:00,2026-06,EBM0626,2237.5010537728917,EPIAS_VEP:EBM0626,True,False,False
2026-06-24T00:00:00+00:00,2026-06-24T03:00:00+03:00,2026-06,EBM0626,2237.500987535412,EPIAS_VEP:EBM0626,True,False,False
2026-06-24T01:00:00+00:00,2026-06-24T04:00:00+03:00,2026-06,EBM0626,2237.500874024082,EPIAS_VEP:EBM0626,True,False,False
2026-06-24T02:00:00+00:00,2026-06-24T05:00:00+03:00,2026-06,EBM0626,2237.5007072726507,EPIAS_VEP:EBM0626,True,False,False
2026-06-24T03:00:00+00:00,2026-06-24T06:00:00+03:00,2026-06,EBM0626,2237.500480979557,EPIAS_VEP:EBM0626,True,False,False
2026-06-24T04:00:00+00:00,2026-06-24T07:00:00+03:00,2026-06,EBM0626,2237.500188524604,EPIAS_VEP:EBM0626,True,False,False
2026-06-24T05:00:00+00:00,2026-06-24T08:00:00+03:00,2026-06,EBM0626,2237.499822991589,EPIAS_VEP:EBM0626,True,False,False
2026-06-24T06:00:00+00:00,2026-06-24T09:00:00+03:00,2026-06,EBM0626,2237.4993771975487,EPIAS_VEP:EBM0626,True,False,False
2026-06-24T07:00:00+00:00,2026-06-24T10:00:00+03:00,2026-06,EBM0626,2237.4988437293136,EPIAS_VEP:EBM0626,True,False,False
2026-06-24T08:00:00+00:00,2026-06-24T11:00:00+03:00,2026-06,EBM0626,2237.4982149880857,EPIAS_VEP:EBM0626,True,False,False
2026-06-24T09:00:00+00:00,2026-06-24T12:00:00+03:00,2026-06,EBM0626,2237.4974832427856,EPIAS_VEP:EBM0626,True,False,False
2026-06-24T10:00:00+00:00,2026-06-24T13:00:00+03:00,2026-06,EBM0626,2237.4966406929284,EPIAS_VEP:EBM0626,True,False,False
2026-06-24T11:00:00+00:00,2026-06-24T14:00:00+03:00,2026-06,EBM0626,2237.495679541797,EPIAS_VEP:EBM0626,True,False,False
2026-06-24T12:00:00+00:00,2026-06-24T15:00:00+03:00,2026-06,EBM0626,2237.4945920806954,EPIAS_VEP:EBM0626,True,False,False
2026-06-24T13:00:00+00:00,2026-06-24T16:00:00+03:00,2026-06,EBM0626,2237.4933707850655,EPIAS_VEP:EBM0626,True,False,False
2026-06-24T14:00:00+00:00,2026-06-24T17:00:00+03:00,2026-06,EBM0626,2237.4920084232326,EPIAS_VEP:EBM0626,True,False,False
2026-06-24T15:00:00+00:00,2026-06-24T18:00:00+03:00,2026-06,EBM0626,2237.4904981785353,EPIAS_VEP:EBM0626,True,False,False
2026-06-24T16:00:00+00:00,2026-06-24T19:00:00+03:00,2026-06,EBM0626,2237.488833785564,EPIAS_VEP:EBM0626,True,False,False
2026-06-24T17:00:00+00:00,2026-06-24T20:00:00+03:00,2026-06,EBM0626,2237.4870096811846,EPIAS_VEP:EBM0626,True,False,False
2026-06-24T18:00:00+00:00,2026-06-24T21:00:00+03:00,2026-06,EBM0626,2237.4850211709754,EPIAS_VEP:EBM0626,True,False,False
2026-06-24T19:00:00+00:00,2026-06-24T22:00:00+03:00,2026-06,EBM0626,2237.482864611638,EPIAS_VEP:EBM0626,True,False,False
2026-06-24T20:00:00+00:00,2026-06-24T23:00:00+03:00,2026-06,EBM0626,2237.4805376098475,EPIAS_VEP:EBM0626,True,False,False
2026-06-24T21:00:00+00:00,2026-06-25T00:00:00+03:00,2026-06,EBM0626,2237.478039237912,EPIAS_VEP:EBM0626,True,False,False
2026-06-24T22:00:00+00:00,2026-06-25T01:00:00+03:00,2026-06,EBM0626,2237.4753702664707,EPIAS_VEP:EBM0626,True,False,False
2026-06-24T23:00:00+00:00,2026-06-25T02:00:00+03:00,2026-06,EBM0626,2237.4725334143304,EPIAS_VEP:EBM0626,True,False,False
2026-06-25T00:00:00+00:00,2026-06-25T03:00:00+03:00,2026-06,EBM0626,2237.4695336153636,EPIAS_VEP:EBM0626,True,False,False
2026-06-25T01:00:00+00:00,2026-06-25T04:00:00+03:00,2026-06,EBM0626,2237.4663783021933,EPIAS_VEP:EBM0626,True,False,False
2026-06-25T02:00:00+00:00,2026-06-25T05:00:00+03:00,2026-06,EBM0626,2237.4630777061725,EPIAS_VEP:EBM0626,True,False,False
2026-06-25T03:00:00+00:00,2026-06-25T06:00:00+03:00,2026-06,EBM0626,2237.459645172916,EPIAS_VEP:EBM0626,True,False,False
2026-06-25T04:00:00+00:00,2026-06-25T07:00:00+03:00,2026-06,EBM0626,2237.456097492361,EPIAS_VEP:EBM0626,True,False,False
2026-06-25T05:00:00+00:00,2026-06-25T08:00:00+03:00,2026-06,EBM0626,2237.4524552420194,EPIAS_VEP:EBM0626,True,False,False
2026-06-25T06:00:00+00:00,2026-06-25T09:00:00+03:00,2026-06,EBM0626,2237.448743141746,EPIAS_VEP:EBM0626,True,False,False
2026-06-25T07:00:00+00:00,2026-06-25T10:00:00+03:00,2026-06,EBM0626,2237.4449904179637,EPIAS_VEP:EBM0626,True,False,False
2026-06-25T08:00:00+00:00,2026-06-25T11:00:00+03:00,2026-06,EBM0626,2237.441231174875,EPIAS_VEP:EBM0626,True,False,False
2026-06-25T09:00:00+00:00,2026-06-25T12:00:00+03:00,2026-06,EBM0626,2237.4375047697326,EPIAS_VEP:EBM0626,True,False,False
2026-06-25T10:00:00+00:00,2026-06-25T13:00:00+03:00,2026-06,EBM0626,2237.433856188764,EPIAS_VEP:EBM0626,True,False,False
2026-06-25T11:00:00+00:00,2026-06-25T14:00:00+03:00,2026-06,EBM0626,2237.430336419811,EPIAS_VEP:EBM0626,True,False,False
2026-06-25T12:00:00+00:00,2026-06-25T15:00:00+03:00,2026-06,EBM0626,2237.4270028171873,EPIAS_VEP:EBM0626,True,False,False
2026-06-25T13:00:00+00:00,2026-06-25T16:00:00+03:00,2026-06,EBM0626,2237.4239194536594,EPIAS_VEP:EBM0626,True,False,False
2026-06-25T14:00:00+00:00,2026-06-25T17:00:00+03:00,2026-06,EBM0626,2237.421157453805,EPIAS_VEP:EBM0626,True,False,False
2026-06-25T15:00:00+00:00,2026-06-25T18:00:00+03:00,2026-06,EBM0626,2237.4187953023475,EPIAS_VEP:EBM0626,True,False,False
2026-06-25T16:00:00+00:00,2026-06-25T19:00:00+03:00,2026-06,EBM0626,2237.416919120358,EPIAS_VEP:EBM0626,True,False,False
2026-06-25T17:00:00+00:00,2026-06-25T20:00:00+03:00,2026-06,EBM0626,2237.4156229014707,EPIAS_VEP:EBM0626,True,False,False
2026-06-25T18:00:00+00:00,2026-06-25T21:00:00+03:00,2026-06,EBM0626,2237.4150086994987,EPIAS_VEP:EBM0626,True,False,False
2026-06-25T19:00:00+00:00,2026-06-25T22:00:00+03:00,2026-06,EBM0626,2237.41518675806,EPIAS_VEP:EBM0626,True,False,False
2026-06-25T20:00:00+00:00,2026-06-25T23:00:00+03:00,2026-06,EBM0626,2237.416275571995,EPIAS_VEP:EBM0626,True,False,False
2026-06-25T21:00:00+00:00,2026-06-26T00:00:00+03:00,2026-06,EBM0626,2237.4184018695614,EPIAS_VEP:EBM0626,True,False,False
2026-06-25T22:00:00+00:00,2026-06-26T01:00:00+03:00,2026-06,EBM0626,2237.4217005035534,EPIAS_VEP:EBM0626,True,False,False
2026-06-25T23:00:00+00:00,2026-06-26T02:00:00+03:00,2026-06,EBM0626,2237.4263142386676,EPIAS_VEP:EBM0626,True,False,False
2026-06-26T00:00:00+00:00,2026-06-26T03:00:00+03:00,2026-06,EBM0626,2237.432393421642,EPIAS_VEP:EBM0626,True,False,False
2026-06-26T01:00:00+00:00,2026-06-26T04:00:00+03:00,2026-06,EBM0626,2237.440095519882,EPIAS_VEP:EBM0626,True,False,False
2026-06-26T02:00:00+00:00,2026-06-26T05:00:00+03:00,2026-06,EBM0626,2237.4495845135434,EPIAS_VEP:EBM0626,True,False,False
2026-06-26T03:00:00+00:00,2026-06-26T06:00:00+03:00,2026-06,EBM0626,2237.461030125322,EPIAS_VEP:EBM0626,True,False,False
2026-06-26T04:00:00+00:00,2026-06-26T07:00:00+03:00,2026-06,EBM0626,2237.4746068715535,EPIAS_VEP:EBM0626,True,False,False
2026-06-26T05:00:00+00:00,2026-06-26T08:00:00+03:00,2026-06,EBM0626,2237.490492917654,EPIAS_VEP:EBM0626,True,False,False
2026-06-26T06:00:00+00:00,2026-06-26T09:00:00+03:00,2026-06,EBM0626,2237.5088687204443,EPIAS_VEP:EBM0626,True,False,False
2026-06-26T07:00:00+00:00,2026-06-26T10:00:00+03:00,2026-06,EBM0626,2237.529915439545,EPIAS_VEP:EBM0626,True,False,False
2026-06-26T08:00:00+00:00,2026-06-26T11:00:00+03:00,2026-06,EBM0626,2237.553813099799,EPIAS_VEP:EBM0626,True,False,False
2026-06-26T09:00:00+00:00,2026-06-26T12:00:00+03:00,2026-06,EBM0626,2237.5807384865957,EPIAS_VEP:EBM0626,True,False,False
2026-06-26T10:00:00+00:00,2026-06-26T13:00:00+03:00,2026-06,EBM0626,2237.610862756108,EPIAS_VEP:EBM0626,True,False,False
2026-06-26T11:00:00+00:00,2026-06-26T14:00:00+03:00,2026-06,EBM0626,2237.6443487427523,EPIAS_VEP:EBM0626,True,False,False
2026-06-26T12:00:00+00:00,2026-06-26T15:00:00+03:00,2026-06,EBM0626,2237.681347946763,EPIAS_VEP:EBM0626,True,False,False
2026-06-26T13:00:00+00:00,2026-06-26T16:00:00+03:00,2026-06,EBM0626,2237.7219971855916,EPIAS_VEP:EBM0626,True,False,False
2026-06-26T14:00:00+00:00,2026-06-26T17:00:00+03:00,2026-06,EBM0626,2237.766414893988,EPIAS_VEP:EBM0626,True,False,False
2026-06-26T15:00:00+00:00,2026-06-26T18:00:00+03:00,2026-06,EBM0626,2237.8146970590738,EPIAS_VEP:EBM0626,True,False,False
2026-06-26T16:00:00+00:00,2026-06-26T19:00:00+03:00,2026-06,EBM0626,2237.8669127785743,EPIAS_VEP:EBM0626,True,False,False
2026-06-26T17:00:00+00:00,2026-06-26T20:00:00+03:00,2026-06,EBM0626,2237.9230994326017,EPIAS_VEP:EBM0626,True,False,False
2026-06-26T18:00:00+00:00,2026-06-26T21:00:00+03:00,2026-06,EBM0626,2237.983257462082,EPIAS_VEP:EBM0626,True,False,False
2026-06-26T19:00:00+00:00,2026-06-26T22:00:00+03:00,2026-06,EBM0626,2238.04734475009,EPIAS_VEP:EBM0626,True,False,False
2026-06-26T20:00:00+00:00,2026-06-26T23:00:00+03:00,2026-06,EBM0626,2238.115270606047,EPIAS_VEP:EBM0626,True,False,False
2026-06-26T21:00:00+00:00,2026-06-27T00:00:00+03:00,2026-06,EBM0626,2238.1868893569913,EPIAS_VEP:EBM0626,True,False,False
2026-06-26T22:00:00+00:00,2026-06-27T01:00:00+03:00,2026-06,EBM0626,2238.2619935549938,EPIAS_VEP:EBM0626,True,False,False
2026-06-26T23:00:00+00:00,2026-06-27T02:00:00+03:00,2026-06,EBM0626,2238.3403068152825,EPIAS_VEP:EBM0626,True,False,False
2026-06-27T00:00:00+00:00,2026-06-27T03:00:00+03:00,2026-06,EBM0626,2238.4214763058208,EPIAS_VEP:EBM0626,True,False,False
2026-06-27T01:00:00+00:00,2026-06-27T04:00:00+03:00,2026-06,EBM0626,2238.505064915985,EPIAS_VEP:EBM0626,True,False,False
2026-06-27T02:00:00+00:00,2026-06-27T05:00:00+03:00,2026-06,EBM0626,2238.5905431396104,EPIAS_VEP:EBM0626,True,False,False
2026-06-27T03:00:00+00:00,2026-06-27T06:00:00+03:00,2026-06,EBM0626,2238.6772807161333,EPIAS_VEP:EBM0626,True,False,False
2026-06-27T04:00:00+00:00,2026-06-27T07:00:00+03:00,2026-06,EBM0626,2238.7645380827676,EPIAS_VEP:EBM0626,True,False,False
2026-06-27T05:00:00+00:00,2026-06-27T08:00:00+03:00,2026-06,EBM0626,2238.851457700749,EPIAS_VEP:EBM0626,True,False,False
2026-06-27T06:00:00+00:00,2026-06-27T09:00:00+03:00,2026-06,EBM0626,2238.937055329599,EPIAS_VEP:EBM0626,True,False,False
2026-06-27T07:00:00+00:00,2026-06-27T10:00:00+03:00,2026-06,EBM0626,2239.0202113351593,EPIAS_VEP:EBM0626,True,False,False
2026-06-27T08:00:00+00:00,2026-06-27T11:00:00+03:00,2026-06,EBM0626,2239.099662129831,EPIAS_VEP:EBM0626,True,False,False
2026-06-27T09:00:00+00:00,2026-06-27T12:00:00+03:00,2026-06,EBM0626,2239.1739918569724,EPIAS_VEP:EBM0626,True,False,False
2026-06-27T10:00:00+00:00,2026-06-27T13:00:00+03:00,2026-06,EBM0626,2239.2416244458213,EPIAS_VEP:EBM0626,True,False,False
2026-06-27T11:00:00+00:00,2026-06-27T14:00:00+03:00,2026-06,EBM0626,2239.300816178521,EPIAS_VEP:EBM0626,True,False,False
2026-06-27T12:00:00+00:00,2026-06-27T15:00:00+03:00,2026-06,EBM0626,2239.3496489268628,EPIAS_VEP:EBM0626,True,False,False
2026-06-27T13:00:00+00:00,2026-06-27T16:00:00+03:00,2026-06,EBM0626,2239.386024233111,EPIAS_VEP:EBM0626,True,False,False
2026-06-27T14:00:00+00:00,2026-06-27T17:00:00+03:00,2026-06,EBM0626,2239.40765842673,EPIAS_VEP:EBM0626,True,False,False
2026-06-27T15:00:00+00:00,2026-06-27T18:00:00+03:00,2026-06,EBM0626,2239.412078986852,EPIAS_VEP:EBM0626,True,False,False
2026-06-27T16:00:00+00:00,2026-06-27T19:00:00+03:00,2026-06,EBM0626,2239.39662237886,EPIAS_VEP:EBM0626,True,False,False
2026-06-27T17:00:00+00:00,2026-06-27T20:00:00+03:00,2026-06,EBM0626,2239.3584336123304,EPIAS_VEP:EBM0626,True,False,False
2026-06-27T18:00:00+00:00,2026-06-27T21:00:00+03:00,2026-06,EBM0626,2239.2944677866963,EPIAS_VEP:EBM0626,True,False,False
2026-06-27T19:00:00+00:00,2026-06-27T22:00:00+03:00,2026-06,EBM0626,2239.20149391012,EPIAS_VEP:EBM0626,True,False,False
2026-06-27T20:00:00+00:00,2026-06-27T23:00:00+03:00,2026-06,EBM0626,2239.0761012960793,EPIAS_VEP:EBM0626,True,False,False
2026-06-27T21:00:00+00:00,2026-06-28T00:00:00+03:00,2026-06,EBM0626,2238.9147088607533,EPIAS_VEP:EBM0626,True,False,False
2026-06-27T22:00:00+00:00,2026-06-28T01:00:00+03:00,2026-06,EBM0626,2238.7135776622836,EPIAS_VEP:EBM0626,True,False,False
2026-06-27T23:00:00+00:00,2026-06-28T02:00:00+03:00,2026-06,EBM0626,2238.468827040018,EPIAS_VEP:EBM0626,True,False,False
2026-06-28T00:00:00+00:00,2026-06-28T03:00:00+03:00,2026-06,EBM0626,2238.1764547276302,EPIAS_VEP:EBM0626,True,False,False
2026-06-28T01:00:00+00:00,2026-06-28T04:00:00+03:00,2026-06,EBM0626,2237.8323613281823,EPIAS_VEP:EBM0626,True,False,False
2026-06-28T02:00:00+00:00,2026-06-28T05:00:00+03:00,2026-06,EBM0626,2237.432379551356,EPIAS_VEP:EBM0626,True,False,False
2026-06-28T03:00:00+00:00,2026-06-28T06:00:00+03:00,2026-06,EBM0626,2236.9723086227914,EPIAS_VEP:EBM0626,True,False,False
2026-06-28T04:00:00+00:00,2026-06-28T07:00:00+03:00,2026-06,EBM0626,2236.447954282266,EPIAS_VEP:EBM0626,True,False,False
2026-06-28T05:00:00+00:00,2026-06-28T08:00:00+03:00,2026-06,EBM0626,2235.855174790787,EPIAS_VEP:EBM0626,True,False,False
2026-06-28T06:00:00+00:00,2026-06-28T09:00:00+03:00,2026-06,EBM0626,2235.1899333660263,EPIAS_VEP:EBM0626,True,False,False
2026-06-28T07:00:00+00:00,2026-06-28T10:00:00+03:00,2026-06,EBM0626,2234.44835746027,EPIAS_VEP:EBM0626,True,False,False
2026-06-28T08:00:00+00:00,2026-06-28T11:00:00+03:00,2026-06,EBM0626,2233.626805284558,EPIAS_VEP:EBM0626,True,False,False
2026-06-28T09:00:00+00:00,2026-06-28T12:00:00+03:00,2026-06,EBM0626,2232.721939966278,EPIAS_VEP:EBM0626,True,False,False
2026-06-28T10:00:00+00:00,2026-06-28T13:00:00+03:00,2026-06,EBM0626,2231.730811704381,EPIAS_VEP:EBM0626,True,False,False
2026-06-28T11:00:00+00:00,2026-06-28T14:00:00+03:00,2026-06,EBM0626,2230.6509482559136,EPIAS_VEP:EBM0626,True,False,False
2026-06-28T12:00:00+00:00,2026-06-28T15:00:00+03:00,2026-06,EBM0626,2229.480454048846,EPIAS_VEP:EBM0626,True,False,False
2026-06-28T13:00:00+00:00,2026-06-28T16:00:00+03:00,2026-06,EBM0626,2228.2181181684127,EPIAS_VEP:EBM0626,True,False,False
2026-06-28T14:00:00+00:00,2026-06-28T17:00:00+03:00,2026-06,EBM0626,2226.863531406537,EPIAS_VEP:EBM0626,True,False,False
2026-06-28T15:00:00+00:00,2026-06-28T18:00:00+03:00,2026-06,EBM0626,2225.4172124954175,EPIAS_VEP:EBM0626,True,False,False
2026-06-28T16:00:00+00:00,2026-06-28T19:00:00+03:00,2026-06,EBM0626,2223.8807435662056,EPIAS_VEP:EBM0626,True,False,False
2026-06-28T17:00:00+00:00,2026-06-28T20:00:00+03:00,2026-06,EBM0626,2222.256914780895,EPIAS_VEP:EBM0626,True,False,False
2026-06-28T18:00:00+00:00,2026-06-28T21:00:00+03:00,2026-06,EBM0626,2220.549877979215,EPIAS_VEP:EBM0626,True,False,False
2026-06-28T19:00:00+00:00,2026-06-28T22:00:00+03:00,2026-06,EBM0626,2218.765309061558,EPIAS_VEP:EBM0626,True,False,False
2026-06-28T20:00:00+00:00,2026-06-28T23:00:00+03:00,2026-06,EBM0626,2216.91057869261,EPIAS_VEP:EBM0626,True,False,False
2026-06-28T21:00:00+00:00,2026-06-29T00:00:00+03:00,2026-06,EBM0626,2214.9949307582447,EPIAS_VEP:EBM0626,True,False,False
2026-06-28T22:00:00+00:00,2026-06-29T01:00:00+03:00,2026-06,EBM0626,2213.029667838559,EPIAS_VEP:EBM0626,True,False,False
2026-06-28T23:00:00+00:00,2026-06-29T02:00:00+03:00,2026-06,EBM0626,2211.0283427726667,EPIAS_VEP:EBM0626,True,False,False
2026-06-29T00:00:00+00:00,2026-06-29T03:00:00+03:00,2026-06,EBM0626,2209.0069551849906,EPIAS_VEP:EBM0626,True,False,False
2026-06-29T01:00:00+00:00,2026-06-29T04:00:00+03:00,2026-06,EBM0626,2206.984151617767,EPIAS_VEP:EBM0626,True,False,False
2026-06-29T02:00:00+00:00,2026-06-29T05:00:00+03:00,2026-06,EBM0626,2204.981427669807,EPIAS_VEP:EBM0626,True,False,False
2026-06-29T03:00:00+00:00,2026-06-29T06:00:00+03:00,2026-06,EBM0626,2203.0233302768524,EPIAS_VEP:EBM0626,True,False,False
2026-06-29T04:00:00+00:00,2026-06-29T07:00:00+03:00,2026-06,EBM0626,2201.13765798397,EPIAS_VEP:EBM0626,True,False,False
2026-06-29T05:00:00+00:00,2026-06-29T08:00:00+03:00,2026-06,EBM0626,2199.35565675529,EPIAS_VEP:EBM0626,True,False,False
2026-06-29T06:00:00+00:00,2026-06-29T09:00:00+03:00,2026-06,EBM0626,2197.7122085412375,EPIAS_VEP:EBM0626,True,False,False
2026-06-29T07:00:00+00:00,2026-06-29T10:00:00+03:00,2026-06,EBM0626,2196.2460094786525,EPIAS_VEP:EBM0626,True,False,False
2026-06-29T08:00:00+00:00,2026-06-29T11:00:00+03:00,2026-06,EBM0626,2194.999734235614,EPIAS_VEP:EBM0626,True,False,False
2026-06-29T09:00:00+00:00,2026-06-29T12:00:00+03:00,2026-06,EBM0626,2194.0201826313446,EPIAS_VEP:EBM0626,True,False,False
2026-06-29T10:00:00+00:00,2026-06-29T13:00:00+03:00,2026-06,EBM0626,2193.3584042637344,EPIAS_VEP:EBM0626,True,False,False
2026-06-29T11:00:00+00:00,2026-06-29T14:00:00+03:00,2026-06,EBM0626,2193.069796464504,EPIAS_VEP:EBM0626,True,False,False
2026-06-29T12:00:00+00:00,2026-06-29T15:00:00+03:00,2026-06,EBM0626,2193.2141704770393,EPIAS_VEP:EBM0626,True,False,False
2026-06-29T13:00:00+00:00,2026-06-29T16:00:00+03:00,2026-06,EBM0626,2193.8557803171707,EPIAS_VEP:EBM0626,True,False,False
2026-06-29T14:00:00+00:00,2026-06-29T17:00:00+03:00,2026-06,EBM0626,2195.0633083357748,EPIAS_VEP:EBM0626,True,False,False
2026-06-29T15:00:00+00:00,2026-06-29T18:00:00+03:00,2026-06,EBM0626,2196.9098010577886,EPIAS_VEP:EBM0626,True,False,False
2026-06-29T16:00:00+00:00,2026-06-29T19:00:00+03:00,2026-06,EBM0626,2199.4725484294067,EPIAS_VEP:EBM0626,True,False,False
2026-06-29T17:00:00+00:00,2026-06-29T20:00:00+03:00,2026-06,EBM0626,2202.8328991688118,EPIAS_VEP:EBM0626,True,False,False
2026-06-29T18:00:00+00:00,2026-06-29T21:00:00+03:00,2026-06,EBM0626,2207.0760044914346,EPIAS_VEP:EBM0626,True,False,False
2026-06-29T19:00:00+00:00,2026-06-29T22:00:00+03:00,2026-06,EBM0626,2212.290482074883,EPIAS_VEP:EBM0626,True,False,False
2026-06-29T20:00:00+00:00,2026-06-29T23:00:00+03:00,2026-06,EBM0626,2218.567991748409,EPIAS_VEP:EBM0626,True,False,False
2026-06-29T21:00:00+00:00,2026-06-30T00:00:00+03:00,2026-06,EBM0626,2226.0027140451484,EPIAS_VEP:EBM0626,True,False,False
2026-06-29T22:00:00+00:00,2026-06-30T01:00:00+03:00,2026-06,EBM0626,2234.6907224511547,EPIAS_VEP:EBM0626,True,False,False
2026-06-29T23:00:00+00:00,2026-06-30T02:00:00+03:00,2026-06,EBM0626,2244.72923993317,EPIAS_VEP:EBM0626,True,False,False
2026-06-30T00:00:00+00:00,2026-06-30T03:00:00+03:00,2026-06,EBM0626,2256.215770137782,EPIAS_VEP:EBM0626,True,False,False
2026-06-30T01:00:00+00:00,2026-06-30T04:00:00+03:00,2026-06,EBM0626,2269.247093539679,EPIAS_VEP:EBM0626,True,False,False
2026-06-30T02:00:00+00:00,2026-06-30T05:00:00+03:00,2026-06,EBM0626,2283.918118788625,EPIAS_VEP:EBM0626,True,False,False
2026-06-30T03:00:00+00:00,2026-06-30T06:00:00+03:00,2026-06,EBM0626,2300.320579577122,EPIAS_VEP:EBM0626,True,False,False
2026-06-30T04:00:00+00:00,2026-06-30T07:00:00+03:00,2026-06,EBM0626,2318.5415675378836,EPIAS_VEP:EBM0626,True,False,False
2026-06-30T05:00:00+00:00,2026-06-30T08:00:00+03:00,2026-06,EBM0626,2338.661891997761,EPIAS_VEP:EBM0626,True,False,False
2026-06-30T06:00:00+00:00,2026-06-30T09:00:00+03:00,2026-06,EBM0626,2360.754257878943,EPIAS_VEP:EBM0626,True,False,False
2026-06-30T07:00:00+00:00,2026-06-30T10:00:00+03:00,2026-06,EBM0626,2384.8812536665114,EPIAS_VEP:EBM0626,True,False,False
2026-06-30T08:00:00+00:00,2026-06-30T11:00:00+03:00,2026-06,EBM0626,2411.0931421718524,EPIAS_VEP:EBM0626,True,False,False
2026-06-30T09:00:00+00:00,2026-06-30T12:00:00+03:00,2026-06,EBM0626,2439.425447833077,EPIAS_VEP:EBM0626,True,False,False
2026-06-30T10:00:00+00:00,2026-06-30T13:00:00+03:00,2026-06,EBM0626,2469.896335526179,EPIAS_VEP:EBM0626,True,False,False
2026-06-30T11:00:00+00:00,2026-06-30T14:00:00+03:00,2026-06,EBM0626,2502.5037773344548,EPIAS_VEP:EBM0626,True,False,False
2026-06-30T12:00:00+00:00,2026-06-30T15:00:00+03:00,2026-06,EBM0626,2537.2225054597398,EPIAS_VEP:EBM0626,True,False,False
2026-06-30T13:00:00+00:00,2026-06-30T16:00:00+03:00,2026-06,EBM0626,2574.0007514782237,EPIAS_VEP:EBM0626,True,False,False
2026-06-30T14:00:00+00:00,2026-06-30T17:00:00+03:00,2026-06,EBM0626,2612.756774467657,EPIAS_VEP:EBM0626,True,False,False
2026-06-30T15:00:00+00:00,2026-06-30T18:00:00+03:00,2026-06,EBM0626,2653.375183182741,EPIAS_VEP:EBM0626,True,False,False
2026-06-30T16:00:00+00:00,2026-06-30T19:00:00+03:00,2026-06,EBM0626,2695.703060452797,EPIAS_VEP:EBM0626,True,False,False
2026-06-30T17:00:00+00:00,2026-06-30T20:00:00+03:00,2026-06,EBM0626,2739.545901340926,EPIAS_VEP:EBM0626,True,False,False
2026-06-30T18:00:00+00:00,2026-06-30T21:00:00+03:00,2026-06,EBM0626,2784.6633803563063,EPIAS_VEP:EBM0626,True,False,False
2026-06-30T19:00:00+00:00,2026-06-30T22:00:00+03:00,2026-06,EBM0626,2830.764967169919,EPIAS_VEP:EBM0626,True,False,False
2026-06-30T20:00:00+00:00,2026-06-30T23:00:00+03:00,2026-06,EBM0626,2877.505414869177,EPIAS_VEP:EBM0626,True,False,False
2026-06-30T21:00:00+00:00,2026-07-01T00:00:00+03:00,2026-07,EBM0726,2924.4801497946496,EPIAS_VEP:EBM0726,True,False,False
2026-06-30T22:00:00+00:00,2026-07-01T01:00:00+03:00,2026-07,EBM0726,2971.220597497511,EPIAS_VEP:EBM0726,True,False,False
2026-06-30T23:00:00+00:00,2026-07-01T02:00:00+03:00,2026-07,EBM0726,3017.3221843183237,EPIAS_VEP:EBM0726,True,False,False
2026-07-01T00:00:00+00:00,2026-07-01T03:00:00+03:00,2026-07,EBM0726,3062.4396633422666,EPIAS_VEP:EBM0726,True,False,False
2026-07-01T01:00:00+00:00,2026-07-01T04:00:00+03:00,2026-07,EBM0726,3106.2825042404543,EPIAS_VEP:EBM0726,True,False,False
2026-07-01T02:00:00+00:00,2026-07-01T05:00:00+03:00,2026-07,EBM0726,3148.610381522034,EPIAS_VEP:EBM0726,True,False,False
2026-07-01T03:00:00+00:00,2026-07-01T06:00:00+03:00,2026-07,EBM0726,3189.228790250096,EPIAS_VEP:EBM0726,True,False,False
2026-07-01T04:00:00+00:00,2026-07-01T07:00:00+03:00,2026-07,EBM0726,3227.984813253947,EPIAS_VEP:EBM0726,True,False,False
2026-07-01T05:00:00+00:00,2026-07-01T08:00:00+03:00,2026-07,EBM0726,3264.763059288234,EPIAS_VEP:EBM0726,True,False,False
2026-07-01T06:00:00+00:00,2026-07-01T09:00:00+03:00,2026-07,EBM0726,3299.4817874306477,EPIAS_VEP:EBM0726,True,False,False
2026-07-01T07:00:00+00:00,2026-07-01T10:00:00+03:00,2026-07,EBM0726,3332.0892292573158,EPIAS_VEP:EBM0726,True,False,False
2026-07-01T08:00:00+00:00,2026-07-01T11:00:00+03:00,2026-07,EBM0726,3362.560116969992,EPIAS_VEP:EBM0726,True,False,False
2026-07-01T09:00:00+00:00,2026-07-01T12:00:00+03:00,2026-07,EBM0726,3390.89242265187,EPIAS_VEP:EBM0726,True,False,False
2026-07-01T10:00:00+00:00,2026-07-01T13:00:00+03:00,2026-07,EBM0726,3417.1043111788126,EPIAS_VEP:EBM0726,True,False,False
2026-07-01T11:00:00+00:00,2026-07-01T14:00:00+03:00,2026-07,EBM0726,3441.2313069887828,EPIAS_VEP:EBM0726,True,False,False
2026-07-01T12:00:00+00:00,2026-07-01T15:00:00+03:00,2026-07,EBM0726,3463.3236728929937,EPIAS_VEP:EBM0726,True,False,False
2026-07-01T13:00:00+00:00,2026-07-01T16:00:00+03:00,2026-07,EBM0726,3483.443997376326,EPIAS_VEP:EBM0726,True,False,False
2026-07-01T14:00:00+00:00,2026-07-01T17:00:00+03:00,2026-07,EBM0726,3501.6649853607405,EPIAS_VEP:EBM0726,True,False,False
2026-07-01T15:00:00+00:00,2026-07-01T18:00:00+03:00,2026-07,EBM0726,3518.0674461728227,EPIAS_VEP:EBM0726,True,False,False
2026-07-01T16:00:00+00:00,2026-07-01T19:00:00+03:00,2026-07,EBM0726,3532.738471444993,EPIAS_VEP:EBM0726,True,False,False
2026-07-01T17:00:00+00:00,2026-07-01T20:00:00+03:00,2026-07,EBM0726,3545.76979486942,EPIAS_VEP:EBM0726,True,False,False
2026-07-01T18:00:00+00:00,2026-07-01T21:00:00+03:00,2026-07,EBM0726,3557.2563250954936,EPIAS_VEP:EBM0726,True,False,False
2026-07-01T19:00:00+00:00,2026-07-01T22:00:00+03:00,2026-07,EBM0726,3567.294842597485,EPIAS_VEP:EBM0726,True,False,False
2026-07-01T20:00:00+00:00,2026-07-01T23:00:00+03:00,2026-07,EBM0726,3575.982851021523,EPIAS_VEP:EBM0726,True,False,False
2026-07-01T21:00:00+00:00,2026-07-02T00:00:00+03:00,2026-07,EBM0726,3583.417573333842,EPIAS_VEP:EBM0726,True,False,False
2026-07-01T22:00:00+00:00,2026-07-02T01:00:00+03:00,2026-07,EBM0726,3589.695083019945,EPIAS_VEP:EBM0726,True,False,False
2026-07-01T23:00:00+00:00,2026-07-02T02:00:00+03:00,2026-07,EBM0726,3594.909560612366,EPIAS_VEP:EBM0726,True,False,False
2026-07-02T00:00:00+00:00,2026-07-02T03:00:00+03:00,2026-07,EBM0726,3599.1526659397045,EPIAS_VEP:EBM0726,True,False,False
2026-07-02T01:00:00+00:00,2026-07-02T04:00:00+03:00,2026-07,EBM0726,3602.5130166788626,EPIAS_VEP:EBM0726,True,False,False
2026-07-02T02:00:00+00:00,2026-07-02T05:00:00+03:00,2026-07,EBM0726,3605.0757640445163,EPIAS_VEP:EBM0726,True,False,False
2026-07-02T03:00:00+00:00,2026-07-02T06:00:00+03:00,2026-07,EBM0726,3606.9222567555,EPIAS_VEP:EBM0726,True,False,False
2026-07-02T04:00:00+00:00,2026-07-02T07:00:00+03:00,2026-07,EBM0726,3608.1297847586115,EPIAS_VEP:EBM0726,True,False,False
2026-07-02T05:00:00+00:00,2026-07-02T08:00:00+03:00,2026-07,EBM0726,3608.7713945793407,EPIAS_VEP:EBM0726,True,False,False
2026-07-02T06:00:00+00:00,2026-07-02T09:00:00+03:00,2026-07,EBM0726,3608.915768569066,EPIAS_VEP:EBM0726,True,False,False
2026-07-02T07:00:00+00:00,2026-07-02T10:00:00+03:00,2026-07,EBM0726,3608.627160744077,EPIAS_VEP:EBM0726,True,False,False
2026-07-02T08:00:00+00:00,2026-07-02T11:00:00+03:00,2026-07,EBM0726,3607.965382348171,EPIAS_VEP:EBM0726,True,False,False
2026-07-02T09:00:00+00:00,2026-07-02T12:00:00+03:00,2026-07,EBM0726,3606.9858307134364,EPIAS_VEP:EBM0726,True,False,False
2026-07-02T10:00:00+00:00,2026-07-02T13:00:00+03:00,2026-07,EBM0726,3605.7395554380983,EPIAS_VEP:EBM0726,True,False,False
2026-07-02T11:00:00+00:00,2026-07-02T14:00:00+03:00,2026-07,EBM0726,3604.273356341677,EPIAS_VEP:EBM0726,True,False,False
2026-07-02T12:00:00+00:00,2026-07-02T15:00:00+03:00,2026-07,EBM0726,3602.629908092515,EPIAS_VEP:EBM0726,True,False,False
2026-07-02T13:00:00+00:00,2026-07-02T16:00:00+03:00,2026-07,EBM0726,3600.84790682769,EPIAS_VEP:EBM0726,True,False,False
2026-07-02T14:00:00+00:00,2026-07-02T17:00:00+03:00,2026-07,EBM0726,3598.9622344978347,EPIAS_VEP:EBM0726,True,False,False
2026-07-02T15:00:00+00:00,2026-07-02T18:00:00+03:00,2026-07,EBM0726,3597.004137067267,EPIAS_VEP:EBM0726,True,False,False
2026-07-02T16:00:00+00:00,2026-07-02T19:00:00+03:00,2026-07,EBM0726,3595.001413081222,EPIAS_VEP:EBM0726,True,False,False
2026-07-02T17:00:00+00:00,2026-07-02T20:00:00+03:00,2026-07,EBM0726,3592.9786094755973,EPIAS_VEP:EBM0726,True,False,False
2026-07-02T18:00:00+00:00,2026-07-02T21:00:00+03:00,2026-07,EBM0726,3590.957221849349,EPIAS_VEP:EBM0726,True,False,False
2026-07-02T19:00:00+00:00,2026-07-02T22:00:00+03:00,2026-07,EBM0726,3588.9558967448525,EPIAS_VEP:EBM0726,True,False,False
2026-07-02T20:00:00+00:00,2026-07-02T23:00:00+03:00,2026-07,EBM0726,3586.990633786668,EPIAS_VEP:EBM0726,True,False,False
2026-07-02T21:00:00+00:00,2026-07-03T00:00:00+03:00,2026-07,EBM0726,3585.074985814047,EPIAS_VEP:EBM0726,True,False,False
2026-07-02T22:00:00+00:00,2026-07-03T01:00:00+03:00,2026-07,EBM0726,3583.2202554072323,EPIAS_VEP:EBM0726,True,False,False
2026-07-02T23:00:00+00:00,2026-07-03T02:00:00+03:00,2026-07,EBM0726,3581.4356864522515,EPIAS_VEP:EBM0726,True,False,False
2026-07-03T00:00:00+00:00,2026-07-03T03:00:00+03:00,2026-07,EBM0726,3579.728649613958,EPIAS_VEP:EBM0726,True,False,False
2026-07-03T01:00:00+00:00,2026-07-03T04:00:00+03:00,2026-07,EBM0726,3578.104820792928,EPIAS_VEP:EBM0726,True,False,False
2026-07-03T02:00:00+00:00,2026-07-03T05:00:00+03:00,2026-07,EBM0726,3576.5683518291407,EPIAS_VEP:EBM0726,True,False,False
2026-07-03T03:00:00+00:00,2026-07-03T06:00:00+03:00,2026-07,EBM0726,3575.1220328848644,EPIAS_VEP:EBM0726,True,False,False
2026-07-03T04:00:00+00:00,2026-07-03T07:00:00+03:00,2026-07,EBM0726,3573.767446091552,EPIAS_VEP:EBM0726,True,False,False
2026-07-03T05:00:00+00:00,2026-07-03T08:00:00+03:00,2026-07,EBM0726,3572.5051101817335,EPIAS_VEP:EBM0726,True,False,False
2026-07-03T06:00:00+00:00,2026-07-03T09:00:00+03:00,2026-07,EBM0726,3571.3346159476946,EPIAS_VEP:EBM0726,True,False,False
2026-07-03T07:00:00+00:00,2026-07-03T10:00:00+03:00,2026-07,EBM0726,3570.25475247507,EPIAS_VEP:EBM0726,True,False,False
2026-07-03T08:00:00+00:00,2026-07-03T11:00:00+03:00,2026-07,EBM0726,3569.263624192267,EPIAS_VEP:EBM0726,True,False,False
2026-07-03T09:00:00+00:00,2026-07-03T12:00:00+03:00,2026-07,EBM0726,3568.3587588568116,EPIAS_VEP:EBM0726,True,False,False
2026-07-03T10:00:00+00:00,2026-07-03T13:00:00+03:00,2026-07,EBM0726,3567.537206668177,EPIAS_VEP:EBM0726,True,False,False
2026-07-03T11:00:00+00:00,2026-07-03T14:00:00+03:00,2026-07,EBM0726,3566.7956307543163,EPIAS_VEP:EBM0726,True,False,False
2026-07-03T12:00:00+00:00,2026-07-03T15:00:00+03:00,2026-07,EBM0726,3566.1303893268823,EPIAS_VEP:EBM0726,True,False,False
2026-07-03T13:00:00+00:00,2026-07-03T16:00:00+03:00,2026-07,EBM0726,3565.5376098374663,EPIAS_VEP:EBM0726,True,False,False
2026-07-03T14:00:00+00:00,2026-07-03T17:00:00+03:00,2026-07,EBM0726,3565.0132555030914,EPIAS_VEP:EBM0726,True,False,False
2026-07-03T15:00:00+00:00,2026-07-03T18:00:00+03:00,2026-07,EBM0726,3564.553184584167,EPIAS_VEP:EBM0726,True,False,False
2026-07-03T16:00:00+00:00,2026-07-03T19:00:00+03:00,2026-07,EBM0726,3564.1532028199185,EPIAS_VEP:EBM0726,True,False,False
2026-07-03T17:00:00+00:00,2026-07-03T20:00:00+03:00,2026-07,EBM0726,3563.8091094354786,EPIAS_VEP:EBM0726,True,False,False
2026-07-03T18:00:00+00:00,2026-07-03T21:00:00+03:00,2026-07,EBM0726,3563.516737140065,EPIAS_VEP:EBM0726,True,False,False
2026-07-03T19:00:00+00:00,2026-07-03T22:00:00+03:00,2026-07,EBM0726,3563.2719865363188,EPIAS_VEP:EBM0726,True,False,False
2026-07-03T20:00:00+00:00,2026-07-03T23:00:00+03:00,2026-07,EBM0726,3563.070855357534,EPIAS_VEP:EBM0726,True,False,False
2026-07-03T21:00:00+00:00,2026-07-04T00:00:00+03:00,2026-07,EBM0726,3562.9094629427177,EPIAS_VEP:EBM0726,True,False,False
2026-07-03T22:00:00+00:00,2026-07-04T01:00:00+03:00,2026-07,EBM0726,3562.7840703497086,EPIAS_VEP:EBM0726,True,False,False
2026-07-03T23:00:00+00:00,2026-07-04T02:00:00+03:00,2026-07,EBM0726,3562.6910964944177,EPIAS_VEP:EBM0726,True,False,False
2026-07-04T00:00:00+00:00,2026-07-04T03:00:00+03:00,2026-07,EBM0726,3562.627130690088,EPIAS_VEP:EBM0726,True,False,False
2026-07-04T01:00:00+00:00,2026-07-04T04:00:00+03:00,2026-07,EBM0726,3562.588941944683,EPIAS_VEP:EBM0726,True,False,False
2026-07-04T02:00:00+00:00,2026-07-04T05:00:00+03:00,2026-07,EBM0726,3562.573485357462,EPIAS_VEP:EBM0726,True,False,False
2026-07-04T03:00:00+00:00,2026-07-04T06:00:00+03:00,2026-07,EBM0726,3562.577905937858,EPIAS_VEP:EBM0726,True,False,False
2026-07-04T04:00:00+00:00,2026-07-04T07:00:00+03:00,2026-07,EBM0726,3562.599540151134,EPIAS_VEP:EBM0726,True,False,False
2026-07-04T05:00:00+00:00,2026-07-04T08:00:00+03:00,2026-07,EBM0726,3562.635915476325,EPIAS_VEP:EBM0726,True,False,False
2026-07-04T06:00:00+00:00,2026-07-04T09:00:00+03:00,2026-07,EBM0726,3562.684748242816,EPIAS_VEP:EBM0726,True,False,False
2026-07-04T07:00:00+00:00,2026-07-04T10:00:00+03:00,2026-07,EBM0726,3562.7439399928107,EPIAS_VEP:EBM0726,True,False,False
2026-07-04T08:00:00+00:00,2026-07-04T11:00:00+03:00,2026-07,EBM0726,3562.8115725980538,EPIAS_VEP:EBM0726,True,False,False
2026-07-04T09:00:00+00:00,2026-07-04T12:00:00+03:00,2026-07,EBM0726,3562.8859023406576,EPIAS_VEP:EBM0726,True,False,False
2026-07-04T10:00:00+00:00,2026-07-04T13:00:00+03:00,2026-07,EBM0726,3562.965353149842,EPIAS_VEP:EBM0726,True,False,False
2026-07-04T11:00:00+00:00,2026-07-04T14:00:00+03:00,2026-07,EBM0726,3563.04850916896,EPIAS_VEP:EBM0726,True,False,False
2026-07-04T12:00:00+00:00,2026-07-04T15:00:00+03:00,2026-07,EBM0726,3563.1341068104166,EPIAS_VEP:EBM0726,True,False,False
2026-07-04T13:00:00+00:00,2026-07-04T16:00:00+03:00,2026-07,EBM0726,3563.221026440065,EPIAS_VEP:EBM0726,True,False,False
2026-07-04T14:00:00+00:00,2026-07-04T17:00:00+03:00,2026-07,EBM0726,3563.3082838174464,EPIAS_VEP:EBM0726,True,False,False
2026-07-04T15:00:00+00:00,2026-07-04T18:00:00+03:00,2026-07,EBM0726,3563.3950214038223,EPIAS_VEP:EBM0726,True,False,False
2026-07-04T16:00:00+00:00,2026-07-04T19:00:00+03:00,2026-07,EBM0726,3563.4804996364387,EPIAS_VEP:EBM0726,True,False,False
2026-07-04T17:00:00+00:00,2026-07-04T20:00:00+03:00,2026-07,EBM0726,3563.5640882547696,EPIAS_VEP:EBM0726,True,False,False
2026-07-04T18:00:00+00:00,2026-07-04T21:00:00+03:00,2026-07,EBM0726,3563.6452577526884,EPIAS_VEP:EBM0726,True,False,False
2026-07-04T19:00:00+00:00,2026-07-04T22:00:00+03:00,2026-07,EBM0726,3563.723571019606,EPIAS_VEP:EBM0726,True,False,False
2026-07-04T20:00:00+00:00,2026-07-04T23:00:00+03:00,2026-07,EBM0726,3563.798675223522,EPIAS_VEP:EBM0726,True,False,False
2026-07-04T21:00:00+00:00,2026-07-05T00:00:00+03:00,2026-07,EBM0726,3563.870293979704,EPIAS_VEP:EBM0726,True,False,False
2026-07-04T22:00:00+00:00,2026-07-05T01:00:00+03:00,2026-07,EBM0726,3563.9382198402654,EPIAS_VEP:EBM0726,True,False,False
2026-07-04T23:00:00+00:00,2026-07-05T02:00:00+03:00,2026-07,EBM0726,3564.0023071322876,EPIAS_VEP:EBM0726,True,False,False
2026-07-05T00:00:00+00:00,2026-07-05T03:00:00+03:00,2026-07,EBM0726,3564.0624651652342,EPIAS_VEP:EBM0726,True,False,False
2026-07-05T01:00:00+00:00,2026-07-05T04:00:00+03:00,2026-07,EBM0726,3564.1186518222225,EPIAS_VEP:EBM0726,True,False,False
2026-07-05T02:00:00+00:00,2026-07-05T05:00:00+03:00,2026-07,EBM0726,3564.1708675442196,EPIAS_VEP:EBM0726,True,False,False
2026-07-05T03:00:00+00:00,2026-07-05T06:00:00+03:00,2026-07,EBM0726,3564.2191497113786,EPIAS_VEP:EBM0726,True,False,False
2026-07-05T04:00:00+00:00,2026-07-05T07:00:00+03:00,2026-07,EBM0726,3564.2635674214634,EPIAS_VEP:EBM0726,True,False,False
2026-07-05T05:00:00+00:00,2026-07-05T08:00:00+03:00,2026-07,EBM0726,3564.304216661634,EPIAS_VEP:EBM0726,True,False,False
2026-07-05T06:00:00+00:00,2026-07-05T09:00:00+03:00,2026-07,EBM0726,3564.341215866675,EPIAS_VEP:EBM0726,True,False,False
2026-07-05T07:00:00+00:00,2026-07-05T10:00:00+03:00,2026-07,EBM0726,3564.374701854071,EPIAS_VEP:EBM0726,True,False,False
2026-07-05T08:00:00+00:00,2026-07-05T11:00:00+03:00,2026-07,EBM0726,3564.4048261240873,EPIAS_VEP:EBM0726,True,False,False
2026-07-05T09:00:00+00:00,2026-07-05T12:00:00+03:00,2026-07,EBM0726,3564.4317515111684,EPIAS_VEP:EBM0726,True,False,False
2026-07-05T10:00:00+00:00,2026-07-05T13:00:00+03:00,2026-07,EBM0726,3564.455649171514,EPIAS_VEP:EBM0726,True,False,False
2026-07-05T11:00:00+00:00,2026-07-05T14:00:00+03:00,2026-07,EBM0726,3564.4766958905398,EPIAS_VEP:EBM0726,True,False,False
2026-07-05T12:00:00+00:00,2026-07-05T15:00:00+03:00,2026-07,EBM0726,3564.4950716931125,EPIAS_VEP:EBM0726,True,False,False
2026-07-05T13:00:00+00:00,2026-07-05T16:00:00+03:00,2026-07,EBM0726,3564.510957738875,EPIAS_VEP:EBM0726,True,False,False
2026-07-05T14:00:00+00:00,2026-07-05T17:00:00+03:00,2026-07,EBM0726,3564.524534484667,EPIAS_VEP:EBM0726,True,False,False
2026-07-05T15:00:00+00:00,2026-07-05T18:00:00+03:00,2026-07,EBM0726,3564.5359800959236,EPIAS_VEP:EBM0726,True,False,False
2026-07-05T16:00:00+00:00,2026-07-05T19:00:00+03:00,2026-07,EBM0726,3564.5454690889956,EPIAS_VEP:EBM0726,True,False,False
2026-07-05T17:00:00+00:00,2026-07-05T20:00:00+03:00,2026-07,EBM0726,3564.553171186591,EPIAS_VEP:EBM0726,True,False,False
2026-07-05T18:00:00+00:00,2026-07-05T21:00:00+03:00,2026-07,EBM0726,3564.5592503688777,EPIAS_VEP:EBM0726,True,False,False
2026-07-05T19:00:00+00:00,2026-07-05T22:00:00+03:00,2026-07,EBM0726,3564.563864103271,EPIAS_VEP:EBM0726,True,False,False
2026-07-05T20:00:00+00:00,2026-07-05T23:00:00+03:00,2026-07,EBM0726,3564.5671627365173,EPIAS_VEP:EBM0726,True,False,False
2026-07-05T21:00:00+00:00,2026-07-06T00:00:00+03:00,2026-07,EBM0726,3564.56928903332,EPIAS_VEP:EBM0726,True,False,False
2026-07-05T22:00:00+00:00,2026-07-06T01:00:00+03:00,2026-07,EBM0726,3564.570377846477,EPIAS_VEP:EBM0726,True,False,False
2026-07-05T23:00:00+00:00,2026-07-06T02:00:00+03:00,2026-07,EBM0726,3564.5705559042517,EPIAS_VEP:EBM0726,True,False,False
2026-07-06T00:00:00+00:00,2026-07-06T03:00:00+03:00,2026-07,EBM0726,3564.5699417014876,EPIAS_VEP:EBM0726,True,False,False
2026-07-06T01:00:00+00:00,2026-07-06T04:00:00+03:00,2026-07,EBM0726,3564.5686454818056,EPIAS_VEP:EBM0726,True,False,False
2026-07-06T02:00:00+00:00,2026-07-06T05:00:00+03:00,2026-07,EBM0726,3564.566769299025,EPIAS_VEP:EBM0726,True,False,False
2026-07-06T03:00:00+00:00,2026-07-06T06:00:00+03:00,2026-07,EBM0726,3564.564407146783,EPIAS_VEP:EBM0726,True,False,False
2026-07-06T04:00:00+00:00,2026-07-06T07:00:00+03:00,2026-07,EBM0726,3564.561645146153,EPIAS_VEP:EBM0726,True,False,False
2026-07-06T05:00:00+00:00,2026-07-06T08:00:00+03:00,2026-07,EBM0726,3564.55856178186,EPIAS_VEP:EBM0726,True,False,False
2026-07-06T06:00:00+00:00,2026-07-06T09:00:00+03:00,2026-07,EBM0726,3564.5552281784835,EPIAS_VEP:EBM0726,True,False,False
2026-07-06T07:00:00+00:00,2026-07-06T10:00:00+03:00,2026-07,EBM0726,3564.551708408791,EPIAS_VEP:EBM0726,True,False,False
2026-07-06T08:00:00+00:00,2026-07-06T11:00:00+03:00,2026-07,EBM0726,3564.5480598271,EPIAS_VEP:EBM0726,True,False,False
2026-07-06T09:00:00+00:00,2026-07-06T12:00:00+03:00,2026-07,EBM0726,3564.5443334212573,EPIAS_VEP:EBM0726,True,False,False
2026-07-06T10:00:00+00:00,2026-07-06T13:00:00+03:00,2026-07,EBM0726,3564.540574177493,EPIAS_VEP:EBM0726,True,False,False
2026-07-06T11:00:00+00:00,2026-07-06T14:00:00+03:00,2026-07,EBM0726,3564.5368214530627,EPIAS_VEP:EBM0726,True,False,False
2026-07-06T12:00:00+00:00,2026-07-06T15:00:00+03:00,2026-07,EBM0726,3564.533109352173,EPIAS_VEP:EBM0726,True,False,False
2026-07-06T13:00:00+00:00,2026-07-06T16:00:00+03:00,2026-07,EBM0726,3564.5294671012502,EPIAS_VEP:EBM0726,True,False,False
2026-07-06T14:00:00+00:00,2026-07-06T17:00:00+03:00,2026-07,EBM0726,3564.5259194201503,EPIAS_VEP:EBM0726,True,False,False
2026-07-06T15:00:00+00:00,2026-07-06T18:00:00+03:00,2026-07,EBM0726,3564.522486886388,EPIAS_VEP:EBM0726,True,False,False
2026-07-06T16:00:00+00:00,2026-07-06T19:00:00+03:00,2026-07,EBM0726,3564.5191862899,EPIAS_VEP:EBM0726,True,False,False
2026-07-06T17:00:00+00:00,2026-07-06T20:00:00+03:00,2026-07,EBM0726,3564.5160309763028,EPIAS_VEP:EBM0726,True,False,False
2026-07-06T18:00:00+00:00,2026-07-06T21:00:00+03:00,2026-07,EBM0726,3564.513031176951,EPIAS_VEP:EBM0726,True,False,False
2026-07-06T19:00:00+00:00,2026-07-06T22:00:00+03:00,2026-07,EBM0726,3564.5101943244654,EPIAS_VEP:EBM0726,True,False,False
2026-07-06T20:00:00+00:00,2026-07-06T23:00:00+03:00,2026-07,EBM0726,3564.507525352715,EPIAS_VEP:EBM0726,True,False,False
2026-07-06T21:00:00+00:00,2026-07-07T00:00:00+03:00,2026-07,EBM0726,3564.505026980507,EPIAS_VEP:EBM0726,True,False,False
2026-07-06T22:00:00+00:00,2026-07-07T01:00:00+03:00,2026-07,EBM0726,3564.5026999784795,EPIAS_VEP:EBM0726,True,False,False
2026-07-06T23:00:00+00:00,2026-07-07T02:00:00+03:00,2026-07,EBM0726,3564.5005434189407,EPIAS_VEP:EBM0726,True,False,False
2026-07-07T00:00:00+00:00,2026-07-07T03:00:00+03:00,2026-07,EBM0726,3564.498554908566,EPIAS_VEP:EBM0726,True,False,False
2026-07-07T01:00:00+00:00,2026-07-07T04:00:00+03:00,2026-07,EBM0726,3564.496730804056,EPIAS_VEP:EBM0726,True,False,False
2026-07-07T02:00:00+00:00,2026-07-07T05:00:00+03:00,2026-07,EBM0726,3564.4950664109874,EPIAS_VEP:EBM0726,True,False,False
2026-07-07T03:00:00+00:00,2026-07-07T06:00:00+03:00,2026-07,EBM0726,3564.493556166223,EPIAS_VEP:EBM0726,True,False,False
2026-07-07T04:00:00+00:00,2026-07-07T07:00:00+03:00,2026-07,EBM0726,3564.4921938043503,EPIAS_VEP:EBM0726,True,False,False
2026-07-07T05:00:00+00:00,2026-07-07T08:00:00+03:00,2026-07,EBM0726,3564.4909725087095,EPIAS_VEP:EBM0726,True,False,False
2026-07-07T06:00:00+00:00,2026-07-07T09:00:00+03:00,2026-07,EBM0726,3564.489885047625,EPIAS_VEP:EBM0726,True,False,False
2026-07-07T07:00:00+00:00,2026-07-07T10:00:00+03:00,2026-07,EBM0726,3564.4889238965375,EPIAS_VEP:EBM0726,True,False,False
2026-07-07T08:00:00+00:00,2026-07-07T11:00:00+03:00,2026-07,EBM0726,3564.48808134675,EPIAS_VEP:EBM0726,True,False,False
2026-07-07T09:00:00+00:00,2026-07-07T12:00:00+03:00,2026-07,EBM0726,3564.4873496015434,EPIAS_VEP:EBM0726,True,False,False
2026-07-07T10:00:00+00:00,2026-07-07T13:00:00+03:00,2026-07,EBM0726,3564.4867208604282,EPIAS_VEP:EBM0726,True,False,False
2026-07-07T11:00:00+00:00,2026-07-07T14:00:00+03:00,2026-07,EBM0726,3564.4861873923223,EPIAS_VEP:EBM0726,True,False,False
2026-07-07T12:00:00+00:00,2026-07-07T15:00:00+03:00,2026-07,EBM0726,3564.4857415984225,EPIAS_VEP:EBM0726,True,False,False
2026-07-07T13:00:00+00:00,2026-07-07T16:00:00+03:00,2026-07,EBM0726,3564.4853760655565,EPIAS_VEP:EBM0726,True,False,False
2026-07-07T14:00:00+00:00,2026-07-07T17:00:00+03:00,2026-07,EBM0726,3564.485083610757,EPIAS_VEP:EBM0726,True,False,False
2026-07-07T15:00:00+00:00,2026-07-07T18:00:00+03:00,2026-07,EBM0726,3564.4848573178188,EPIAS_VEP:EBM0726,True,False,False
2026-07-07T16:00:00+00:00,2026-07-07T19:00:00+03:00,2026-07,EBM0726,3564.4846905665418,EPIAS_VEP:EBM0726,True,False,False
2026-07-07T17:00:00+00:00,2026-07-07T20:00:00+03:00,2026-07,EBM0726,3564.484577055361,EPIAS_VEP:EBM0726,True,False,False
2026-07-07T18:00:00+00:00,2026-07-07T21:00:00+03:00,2026-07,EBM0726,3564.4845108180243,EPIAS_VEP:EBM0726,True,False,False
2026-07-07T19:00:00+00:00,2026-07-07T22:00:00+03:00,2026-07,EBM0726,3564.4844862349414,EPIAS_VEP:EBM0726,True,False,False
2026-07-07T20:00:00+00:00,2026-07-07T23:00:00+03:00,2026-07,EBM0726,3564.484498039808,EPIAS_VEP:EBM0726,True,False,False
2026-07-07T21:00:00+00:00,2026-07-08T00:00:00+03:00,2026-07,EBM0726,3564.484541322061,EPIAS_VEP:EBM0726,True,False,False
2026-07-07T22:00:00+00:00,2026-07-08T01:00:00+03:00,2026-07,EBM0726,3564.484611525699,EPIAS_VEP:EBM0726,True,False,False
2026-07-07T23:00:00+00:00,2026-07-08T02:00:00+03:00,2026-07,EBM0726,3564.4847044449575,EPIAS_VEP:EBM0726,True,False,False
2026-07-08T00:00:00+00:00,2026-07-08T03:00:00+03:00,2026-07,EBM0726,3564.484816217286,EPIAS_VEP:EBM0726,True,False,False
2026-07-08T01:00:00+00:00,2026-07-08T04:00:00+03:00,2026-07,EBM0726,3564.484943314057,EPIAS_VEP:EBM0726,True,False,False
2026-07-08T02:00:00+00:00,2026-07-08T05:00:00+03:00,2026-07,EBM0726,3564.4850825293856,EPIAS_VEP:EBM0726,True,False,False
2026-07-08T03:00:00+00:00,2026-07-08T06:00:00+03:00,2026-07,EBM0726,3564.485230967422,EPIAS_VEP:EBM0726,True,False,False
2026-07-08T04:00:00+00:00,2026-07-08T07:00:00+03:00,2026-07,EBM0726,3564.4853860284306,EPIAS_VEP:EBM0726,True,False,False
2026-07-08T05:00:00+00:00,2026-07-08T08:00:00+03:00,2026-07,EBM0726,3564.4855453939467,EPIAS_VEP:EBM0726,True,False,False
2026-07-08T06:00:00+00:00,2026-07-08T09:00:00+03:00,2026-07,EBM0726,3564.485707011268,EPIAS_VEP:EBM0726,True,False,False
2026-07-08T07:00:00+00:00,2026-07-08T10:00:00+03:00,2026-07,EBM0726,3564.485869077523,EPIAS_VEP:EBM0726,True,False,False
2026-07-08T08:00:00+00:00,2026-07-08T11:00:00+03:00,2026-07,EBM0726,3564.486030023505,EPIAS_VEP:EBM0726,True,False,False
2026-07-08T09:00:00+00:00,2026-07-08T12:00:00+03:00,2026-07,EBM0726,3564.486188497469,EPIAS_VEP:EBM0726,True,False,False
2026-07-08T10:00:00+00:00,2026-07-08T13:00:00+03:00,2026-07,EBM0726,3564.4863433490336,EPIAS_VEP:EBM0726,True,False,False
2026-07-08T11:00:00+00:00,2026-07-08T14:00:00+03:00,2026-07,EBM0726,3564.486493613336,EPIAS_VEP:EBM0726,True,False,False
2026-07-08T12:00:00+00:00,2026-07-08T15:00:00+03:00,2026-07,EBM0726,3564.4866384955444,EPIAS_VEP:EBM0726,True,False,False
2026-07-08T13:00:00+00:00,2026-07-08T16:00:00+03:00,2026-07,EBM0726,3564.486777355832,EPIAS_VEP:EBM0726,True,False,False
2026-07-08T14:00:00+00:00,2026-07-08T17:00:00+03:00,2026-07,EBM0726,3564.486909694891,EPIAS_VEP:EBM0726,True,False,False
2026-07-08T15:00:00+00:00,2026-07-08T18:00:00+03:00,2026-07,EBM0726,3564.487035140043,EPIAS_VEP:EBM0726,True,False,False
2026-07-08T16:00:00+00:00,2026-07-08T19:00:00+03:00,2026-07,EBM0726,3564.487153432009,EPIAS_VEP:EBM0726,True,False,False
2026-07-08T17:00:00+00:00,2026-07-08T20:00:00+03:00,2026-07,EBM0726,3564.4872644123616,EPIAS_VEP:EBM0726,True,False,False
2026-07-08T18:00:00+00:00,2026-07-08T21:00:00+03:00,2026-07,EBM0726,3564.4873680116953,EPIAS_VEP:EBM0726,True,False,False
2026-07-08T19:00:00+00:00,2026-07-08T22:00:00+03:00,2026-07,EBM0726,3564.487464238533,EPIAS_VEP:EBM0726,True,False,False
2026-07-08T20:00:00+00:00,2026-07-08T23:00:00+03:00,2026-07,EBM0726,3564.487553168963,EPIAS_VEP:EBM0726,True,False,False
2026-07-08T21:00:00+00:00,2026-07-09T00:00:00+03:00,2026-07,EBM0726,3564.4876349370156,EPIAS_VEP:EBM0726,True,False,False
2026-07-08T22:00:00+00:00,2026-07-09T01:00:00+03:00,2026-07,EBM0726,3564.4877097257713,EPIAS_VEP:EBM0726,True,False,False
2026-07-08T23:00:00+00:00,2026-07-09T02:00:00+03:00,2026-07,EBM0726,3564.487777759184,EPIAS_VEP:EBM0726,True,False,False
2026-07-09T00:00:00+00:00,2026-07-09T03:00:00+03:00,2026-07,EBM0726,3564.4878392946,EPIAS_VEP:EBM0726,True,False,False
2026-07-09T01:00:00+00:00,2026-07-09T04:00:00+03:00,2026-07,EBM0726,3564.4878946159574,EPIAS_VEP:EBM0726,True,False,False
2026-07-09T02:00:00+00:00,2026-07-09T05:00:00+03:00,2026-07,EBM0726,3564.4879440276313,EPIAS_VEP:EBM0726,True,False,False
2026-07-09T03:00:00+00:00,2026-07-09T06:00:00+03:00,2026-07,EBM0726,3564.4879878489014,EPIAS_VEP:EBM0726,True,False,False
2026-07-09T04:00:00+00:00,2026-07-09T07:00:00+03:00,2026-07,EBM0726,3564.4880264090098,EPIAS_VEP:EBM0726,True,False,False
2026-07-09T05:00:00+00:00,2026-07-09T08:00:00+03:00,2026-07,EBM0726,3564.4880600427823,EPIAS_VEP:EBM0726,True,False,False
2026-07-09T06:00:00+00:00,2026-07-09T09:00:00+03:00,2026-07,EBM0726,3564.4880890867726,EPIAS_VEP:EBM0726,True,False,False
2026-07-09T07:00:00+00:00,2026-07-09T10:00:00+03:00,2026-07,EBM0726,3564.4881138758947,EPIAS_VEP:EBM0726,True,False,False
2026-07-09T08:00:00+00:00,2026-07-09T11:00:00+03:00,2026-07,EBM0726,3564.4881347405208,EPIAS_VEP:EBM0726,True,False,False
2026-07-09T09:00:00+00:00,2026-07-09T12:00:00+03:00,2026-07,EBM0726,3564.488152004003,EPIAS_VEP:EBM0726,True,False,False
2026-07-09T10:00:00+00:00,2026-07-09T13:00:00+03:00,2026-07,EBM0726,3564.488165980585,EPIAS_VEP:EBM0726,True,False,False
2026-07-09T11:00:00+00:00,2026-07-09T14:00:00+03:00,2026-07,EBM0726,3564.4881769736803,EPIAS_VEP:EBM0726,True,False,False
2026-07-09T12:00:00+00:00,2026-07-09T15:00:00+03:00,2026-07,EBM0726,3564.488185274471,EPIAS_VEP:EBM0726,True,False,False
2026-07-09T13:00:00+00:00,2026-07-09T16:00:00+03:00,2026-07,EBM0726,3564.4881911608104,EPIAS_VEP:EBM0726,True,False,False
2026-07-09T14:00:00+00:00,2026-07-09T17:00:00+03:00,2026-07,EBM0726,3564.4881948963894,EPIAS_VEP:EBM0726,True,False,False
2026-07-09T15:00:00+00:00,2026-07-09T18:00:00+03:00,2026-07,EBM0726,3564.4881967301503,EPIAS_VEP:EBM0726,True,False,False
2026-07-09T16:00:00+00:00,2026-07-09T19:00:00+03:00,2026-07,EBM0726,3564.4881968959094,EPIAS_VEP:EBM0726,True,False,False
2026-07-09T17:00:00+00:00,2026-07-09T20:00:00+03:00,2026-07,EBM0726,3564.4881956121753,EPIAS_VEP:EBM0726,True,False,False
2026-07-09T18:00:00+00:00,2026-07-09T21:00:00+03:00,2026-07,EBM0726,3564.4881930821366,EPIAS_VEP:EBM0726,True,False,False
2026-07-09T19:00:00+00:00,2026-07-09T22:00:00+03:00,2026-07,EBM0726,3564.4881894937876,EPIAS_VEP:EBM0726,True,False,False
2026-07-09T20:00:00+00:00,2026-07-09T23:00:00+03:00,2026-07,EBM0726,3564.488185020178,EPIAS_VEP:EBM0726,True,False,False
2026-07-09T21:00:00+00:00,2026-07-10T00:00:00+03:00,2026-07,EBM0726,3564.4881798197775,EPIAS_VEP:EBM0726,True,False,False
2026-07-09T22:00:00+00:00,2026-07-10T01:00:00+03:00,2026-07,EBM0726,3564.488174036921,EPIAS_VEP:EBM0726,True,False,False
2026-07-09T23:00:00+00:00,2026-07-10T02:00:00+03:00,2026-07,EBM0726,3564.4881678023285,EPIAS_VEP:EBM0726,True,False,False
2026-07-10T00:00:00+00:00,2026-07-10T03:00:00+03:00,2026-07,EBM0726,3564.4881612336817,EPIAS_VEP:EBM0726,True,False,False
2026-07-10T01:00:00+00:00,2026-07-10T04:00:00+03:00,2026-07,EBM0726,3564.4881544362497,EPIAS_VEP:EBM0726,True,False,False
2026-07-10T02:00:00+00:00,2026-07-10T05:00:00+03:00,2026-07,EBM0726,3564.488147503545,EPIAS_VEP:EBM0726,True,False,False
2026-07-10T03:00:00+00:00,2026-07-10T06:00:00+03:00,2026-07,EBM0726,3564.4881405180026,EPIAS_VEP:EBM0726,True,False,False
2026-07-10T04:00:00+00:00,2026-07-10T07:00:00+03:00,2026-07,EBM0726,3564.488133551675,EPIAS_VEP:EBM0726,True,False,False
2026-07-10T05:00:00+00:00,2026-07-10T08:00:00+03:00,2026-07,EBM0726,3564.4881266669313,EPIAS_VEP:EBM0726,True,False,False
2026-07-10T06:00:00+00:00,2026-07-10T09:00:00+03:00,2026-07,EBM0726,3564.4881199171527,EPIAS_VEP:EBM0726,True,False,False
2026-07-10T07:00:00+00:00,2026-07-10T10:00:00+03:00,2026-07,EBM0726,3564.4881133474214,EPIAS_VEP:EBM0726,True,False,False
2026-07-10T08:00:00+00:00,2026-07-10T11:00:00+03:00,2026-07,EBM0726,3564.488106995194,EPIAS_VEP:EBM0726,True,False,False
2026-07-10T09:00:00+00:00,2026-07-10T12:00:00+03:00,2026-07,EBM0726,3564.4881008909592,EPIAS_VEP:EBM0726,True,False,False
2026-07-10T10:00:00+00:00,2026-07-10T13:00:00+03:00,2026-07,EBM0726,3564.4880950588745,EPIAS_VEP:EBM0726,True,False,False
2026-07-10T11:00:00+00:00,2026-07-10T14:00:00+03:00,2026-07,EBM0726,3564.488089517375,EPIAS_VEP:EBM0726,True,False,False
2026-07-10T12:00:00+00:00,2026-07-10T15:00:00+03:00,2026-07,EBM0726,3564.488084279757,EPIAS_VEP:EBM0726,True,False,False
2026-07-10T13:00:00+00:00,2026-07-10T16:00:00+03:00,2026-07,EBM0726,3564.488079354731,EPIAS_VEP:EBM0726,True,False,False
2026-07-10T14:00:00+00:00,2026-07-10T17:00:00+03:00,2026-07,EBM0726,3564.4880747469488,EPIAS_VEP:EBM0726,True,False,False
2026-07-10T15:00:00+00:00,2026-07-10T18:00:00+03:00,2026-07,EBM0726,3564.488070457489,EPIAS_VEP:EBM0726,True,False,False
2026-07-10T16:00:00+00:00,2026-07-10T19:00:00+03:00,2026-07,EBM0726,3564.488066484321,EPIAS_VEP:EBM0726,True,False,False
2026-07-10T17:00:00+00:00,2026-07-10T20:00:00+03:00,2026-07,EBM0726,3564.4880628227347,EPIAS_VEP:EBM0726,True,False,False
2026-07-10T18:00:00+00:00,2026-07-10T21:00:00+03:00,2026-07,EBM0726,3564.4880594657393,EPIAS_VEP:EBM0726,True,False,False
2026-07-10T19:00:00+00:00,2026-07-10T22:00:00+03:00,2026-07,EBM0726,3564.488056404426,EPIAS_VEP:EBM0726,True,False,False
2026-07-10T20:00:00+00:00,2026-07-10T23:00:00+03:00,2026-07,EBM0726,3564.488053628307,EPIAS_VEP:EBM0726,True,False,False
2026-07-10T21:00:00+00:00,2026-07-11T00:00:00+03:00,2026-07,EBM0726,3564.488051125621,EPIAS_VEP:EBM0726,True,False,False
2026-07-10T22:00:00+00:00,2026-07-11T01:00:00+03:00,2026-07,EBM0726,3564.488048883611,EPIAS_VEP:EBM0726,True,False,False
2026-07-10T23:00:00+00:00,2026-07-11T02:00:00+03:00,2026-07,EBM0726,3564.4880468887745,EPIAS_VEP:EBM0726,True,False,False
2026-07-11T00:00:00+00:00,2026-07-11T03:00:00+03:00,2026-07,EBM0726,3564.488045127089,EPIAS_VEP:EBM0726,True,False,False
2026-07-11T01:00:00+00:00,2026-07-11T04:00:00+03:00,2026-07,EBM0726,3564.48804358421,EPIAS_VEP:EBM0726,True,False,False
2026-07-11T02:00:00+00:00,2026-07-11T05:00:00+03:00,2026-07,EBM0726,3564.4880422456454,EPIAS_VEP:EBM0726,True,False,False
2026-07-11T03:00:00+00:00,2026-07-11T06:00:00+03:00,2026-07,EBM0726,3564.4880410969104,EPIAS_VEP:EBM0726,True,False,False
2026-07-11T04:00:00+00:00,2026-07-11T07:00:00+03:00,2026-07,EBM0726,3564.488040123661,EPIAS_VEP:EBM0726,True,False,False
2026-07-11T05:00:00+00:00,2026-07-11T08:00:00+03:00,2026-07,EBM0726,3564.488039311811,EPIAS_VEP:EBM0726,True,False,False
2026-07-11T06:00:00+00:00,2026-07-11T09:00:00+03:00,2026-07,EBM0726,3564.4880386476284,EPIAS_VEP:EBM0726,True,False,False
2026-07-11T07:00:00+00:00,2026-07-11T10:00:00+03:00,2026-07,EBM0726,3564.48803811782,EPIAS_VEP:EBM0726,True,False,False
2026-07-11T08:00:00+00:00,2026-07-11T11:00:00+03:00,2026-07,EBM0726,3564.488037709594,EPIAS_VEP:EBM0726,True,False,False
2026-07-11T09:00:00+00:00,2026-07-11T12:00:00+03:00,2026-07,EBM0726,3564.488037410715,EPIAS_VEP:EBM0726,True,False,False
2026-07-11T10:00:00+00:00,2026-07-11T13:00:00+03:00,2026-07,EBM0726,3564.488037209542,EPIAS_VEP:EBM0726,True,False,False
2026-07-11T11:00:00+00:00,2026-07-11T14:00:00+03:00,2026-07,EBM0726,3564.4880370950614,EPIAS_VEP:EBM0726,True,False,False
2026-07-11T12:00:00+00:00,2026-07-11T15:00:00+03:00,2026-07,EBM0726,3564.4880370569026,EPIAS_VEP:EBM0726,True,False,False
2026-07-11T13:00:00+00:00,2026-07-11T16:00:00+03:00,2026-07,EBM0726,3564.488037085354,EPIAS_VEP:EBM0726,True,False,False
2026-07-11T14:00:00+00:00,2026-07-11T17:00:00+03:00,2026-07,EBM0726,3564.4880371713652,EPIAS_VEP:EBM0726,True,False,False
2026-07-11T15:00:00+00:00,2026-07-11T18:00:00+03:00,2026-07,EBM0726,3564.488037306543,EPIAS_VEP:EBM0726,True,False,False
2026-07-11T16:00:00+00:00,2026-07-11T19:00:00+03:00,2026-07,EBM0726,3564.488037483143,EPIAS_VEP:EBM0726,True,False,False
2026-07-11T17:00:00+00:00,2026-07-11T20:00:00+03:00,2026-07,EBM0726,3564.4880376940573,EPIAS_VEP:EBM0726,True,False,False
2026-07-11T18:00:00+00:00,2026-07-11T21:00:00+03:00,2026-07,EBM0726,3564.4880379327933,EPIAS_VEP:EBM0726,True,False,False
2026-07-11T19:00:00+00:00,2026-07-11T22:00:00+03:00,2026-07,EBM0726,3564.488038193458,EPIAS_VEP:EBM0726,True,False,False
2026-07-11T20:00:00+00:00,2026-07-11T23:00:00+03:00,2026-07,EBM0726,3564.4880384707326,EPIAS_VEP:EBM0726,True,False,False
2026-07-11T21:00:00+00:00,2026-07-12T00:00:00+03:00,2026-07,EBM0726,3564.488038759845,EPIAS_VEP:EBM0726,True,False,False
2026-07-11T22:00:00+00:00,2026-07-12T01:00:00+03:00,2026-07,EBM0726,3564.488039056543,EPIAS_VEP:EBM0726,True,False,False
2026-07-11T23:00:00+00:00,2026-07-12T02:00:00+03:00,2026-07,EBM0726,3564.488039357064,EPIAS_VEP:EBM0726,True,False,False
2026-07-12T00:00:00+00:00,2026-07-12T03:00:00+03:00,2026-07,EBM0726,3564.488039658106,EPIAS_VEP:EBM0726,True,False,False
2026-07-12T01:00:00+00:00,2026-07-12T04:00:00+03:00,2026-07,EBM0726,3564.4880399567965,EPIAS_VEP:EBM0726,True,False,False
2026-07-12T02:00:00+00:00,2026-07-12T05:00:00+03:00,2026-07,EBM0726,3564.4880402506633,EPIAS_VEP:EBM0726,True,False,False
2026-07-12T03:00:00+00:00,2026-07-12T06:00:00+03:00,2026-07,EBM0726,3564.4880405376043,EPIAS_VEP:EBM0726,True,False,False
2026-07-12T04:00:00+00:00,2026-07-12T07:00:00+03:00,2026-07,EBM0726,3564.4880408158597,EPIAS_VEP:EBM0726,True,False,False
2026-07-12T05:00:00+00:00,2026-07-12T08:00:00+03:00,2026-07,EBM0726,3564.4880410839846,EPIAS_VEP:EBM0726,True,False,False
2026-07-12T06:00:00+00:00,2026-07-12T09:00:00+03:00,2026-07,EBM0726,3564.4880413408173,EPIAS_VEP:EBM0726,True,False,False
2026-07-12T07:00:00+00:00,2026-07-12T10:00:00+03:00,2026-07,EBM0726,3564.4880415854554,EPIAS_VEP:EBM0726,True,False,False
2026-07-12T08:00:00+00:00,2026-07-12T11:00:00+03:00,2026-07,EBM0726,3564.4880418172297,EPIAS_VEP:EBM0726,True,False,False
2026-07-12T09:00:00+00:00,2026-07-12T12:00:00+03:00,2026-07,EBM0726,3564.488042035677,EPIAS_VEP:EBM0726,True,False,False
2026-07-12T10:00:00+00:00,2026-07-12T13:00:00+03:00,2026-07,EBM0726,3564.4880422405226,EPIAS_VEP:EBM0726,True,False,False
2026-07-12T11:00:00+00:00,2026-07-12T14:00:00+03:00,2026-07,EBM0726,3564.488042431652,EPIAS_VEP:EBM0726,True,False,False
2026-07-12T12:00:00+00:00,2026-07-12T15:00:00+03:00,2026-07,EBM0726,3564.488042609093,EPIAS_VEP:EBM0726,True,False,False
2026-07-12T13:00:00+00:00,2026-07-12T16:00:00+03:00,2026-07,EBM0726,3564.4880427729977,EPIAS_VEP:EBM0726,True,False,False
2026-07-12T14:00:00+00:00,2026-07-12T17:00:00+03:00,2026-07,EBM0726,3564.488042923625,EPIAS_VEP:EBM0726,True,False,False
2026-07-12T15:00:00+00:00,2026-07-12T18:00:00+03:00,2026-07,EBM0726,3564.488043061325,EPIAS_VEP:EBM0726,True,False,False
2026-07-12T16:00:00+00:00,2026-07-12T19:00:00+03:00,2026-07,EBM0726,3564.488043186522,EPIAS_VEP:EBM0726,True,False,False
2026-07-12T17:00:00+00:00,2026-07-12T20:00:00+03:00,2026-07,EBM0726,3564.4880432997024,EPIAS_VEP:EBM0726,True,False,False
2026-07-12T18:00:00+00:00,2026-07-12T21:00:00+03:00,2026-07,EBM0726,3564.4880434013976,EPIAS_VEP:EBM0726,True,False,False
2026-07-12T19:00:00+00:00,2026-07-12T22:00:00+03:00,2026-07,EBM0726,3564.4880434921774,EPIAS_VEP:EBM0726,True,False,False
2026-07-12T20:00:00+00:00,2026-07-12T23:00:00+03:00,2026-07,EBM0726,3564.4880435726377,EPIAS_VEP:EBM0726,True,False,False
2026-07-12T21:00:00+00:00,2026-07-13T00:00:00+03:00,2026-07,EBM0726,3564.488043643389,EPIAS_VEP:EBM0726,True,False,False
2026-07-12T22:00:00+00:00,2026-07-13T01:00:00+03:00,2026-07,EBM0726,3564.488043705053,EPIAS_VEP:EBM0726,True,False,False
2026-07-12T23:00:00+00:00,2026-07-13T02:00:00+03:00,2026-07,EBM0726,3564.488043758251,EPIAS_VEP:EBM0726,True,False,False
2026-07-13T00:00:00+00:00,2026-07-13T03:00:00+03:00,2026-07,EBM0726,3564.4880438036053,EPIAS_VEP:EBM0726,True,False,False
2026-07-13T01:00:00+00:00,2026-07-13T04:00:00+03:00,2026-07,EBM0726,3564.488043841728,EPIAS_VEP:EBM0726,True,False,False
2026-07-13T02:00:00+00:00,2026-07-13T05:00:00+03:00,2026-07,EBM0726,3564.488043873217,EPIAS_VEP:EBM0726,True,False,False
2026-07-13T03:00:00+00:00,2026-07-13T06:00:00+03:00,2026-07,EBM0726,3564.4880438986515,EPIAS_VEP:EBM0726,True,False,False
2026-07-13T04:00:00+00:00,2026-07-13T07:00:00+03:00,2026-07,EBM0726,3564.4880439185927,EPIAS_VEP:EBM0726,True,False,False
2026-07-13T05:00:00+00:00,2026-07-13T08:00:00+03:00,2026-07,EBM0726,3564.4880439335775,EPIAS_VEP:EBM0726,True,False,False
2026-07-13T06:00:00+00:00,2026-07-13T09:00:00+03:00,2026-07,EBM0726,3564.4880439441167,EPIAS_VEP:EBM0726,True,False,False
2026-07-13T07:00:00+00:00,2026-07-13T10:00:00+03:00,2026-07,EBM0726,3564.4880439506937,EPIAS_VEP:EBM0726,True,False,False
2026-07-13T08:00:00+00:00,2026-07-13T11:00:00+03:00,2026-07,EBM0726,3564.4880439537637,EPIAS_VEP:EBM0726,True,False,False
2026-07-13T09:00:00+00:00,2026-07-13T12:00:00+03:00,2026-07,EBM0726,3564.488043953754,EPIAS_VEP:EBM0726,True,False,False
2026-07-13T10:00:00+00:00,2026-07-13T13:00:00+03:00,2026-07,EBM0726,3564.488043951065,EPIAS_VEP:EBM0726,True,False,False
2026-07-13T11:00:00+00:00,2026-07-13T14:00:00+03:00,2026-07,EBM0726,3564.4880439460717,EPIAS_VEP:EBM0726,True,False,False
2026-07-13T12:00:00+00:00,2026-07-13T15:00:00+03:00,2026-07,EBM0726,3564.4880439391254,EPIAS_VEP:EBM0726,True,False,False
2026-07-13T13:00:00+00:00,2026-07-13T16:00:00+03:00,2026-07,EBM0726,3564.4880439305493,EPIAS_VEP:EBM0726,True,False,False
2026-07-13T14:00:00+00:00,2026-07-13T17:00:00+03:00,2026-07,EBM0726,3564.488043920638,EPIAS_VEP:EBM0726,True,False,False
2026-07-13T15:00:00+00:00,2026-07-13T18:00:00+03:00,2026-07,EBM0726,3564.4880439096605,EPIAS_VEP:EBM0726,True,False,False
2026-07-13T16:00:00+00:00,2026-07-13T19:00:00+03:00,2026-07,EBM0726,3564.48804389786,EPIAS_VEP:EBM0726,True,False,False
2026-07-13T17:00:00+00:00,2026-07-13T20:00:00+03:00,2026-07,EBM0726,3564.488043885456,EPIAS_VEP:EBM0726,True,False,False
2026-07-13T18:00:00+00:00,2026-07-13T21:00:00+03:00,2026-07,EBM0726,3564.4880438726454,EPIAS_VEP:EBM0726,True,False,False
2026-07-13T19:00:00+00:00,2026-07-13T22:00:00+03:00,2026-07,EBM0726,3564.4880438596,EPIAS_VEP:EBM0726,True,False,False
2026-07-13T20:00:00+00:00,2026-07-13T23:00:00+03:00,2026-07,EBM0726,3564.488043846472,EPIAS_VEP:EBM0726,True,False,False
2026-07-13T21:00:00+00:00,2026-07-14T00:00:00+03:00,2026-07,EBM0726,3564.4880438333917,EPIAS_VEP:EBM0726,True,False,False
2026-07-13T22:00:00+00:00,2026-07-14T01:00:00+03:00,2026-07,EBM0726,3564.4880438204727,EPIAS_VEP:EBM0726,True,False,False
2026-07-13T23:00:00+00:00,2026-07-14T02:00:00+03:00,2026-07,EBM0726,3564.488043807812,EPIAS_VEP:EBM0726,True,False,False
2026-07-14T00:00:00+00:00,2026-07-14T03:00:00+03:00,2026-07,EBM0726,3564.488043795493,EPIAS_VEP:EBM0726,True,False,False
2026-07-14T01:00:00+00:00,2026-07-14T04:00:00+03:00,2026-07,EBM0726,3564.488043783585,EPIAS_VEP:EBM0726,True,False,False
2026-07-14T02:00:00+00:00,2026-07-14T05:00:00+03:00,2026-07,EBM0726,3564.488043772146,EPIAS_VEP:EBM0726,True,False,False
2026-07-14T03:00:00+00:00,2026-07-14T06:00:00+03:00,2026-07,EBM0726,3564.4880437612196,EPIAS_VEP:EBM0726,True,False,False
2026-07-14T04:00:00+00:00,2026-07-14T07:00:00+03:00,2026-07,EBM0726,3564.4880437508405,EPIAS_VEP:EBM0726,True,False,False
2026-07-14T05:00:00+00:00,2026-07-14T08:00:00+03:00,2026-07,EBM0726,3564.4880437410325,EPIAS_VEP:EBM0726,True,False,False
2026-07-14T06:00:00+00:00,2026-07-14T09:00:00+03:00,2026-07,EBM0726,3564.488043731811,EPIAS_VEP:EBM0726,True,False,False
2026-07-14T07:00:00+00:00,2026-07-14T10:00:00+03:00,2026-07,EBM0726,3564.4880437231855,EPIAS_VEP:EBM0726,True,False,False
2026-07-14T08:00:00+00:00,2026-07-14T11:00:00+03:00,2026-07,EBM0726,3564.4880437151596,EPIAS_VEP:EBM0726,True,False,False
2026-07-14T09:00:00+00:00,2026-07-14T12:00:00+03:00,2026-07,EBM0726,3564.4880437077322,EPIAS_VEP:EBM0726,True,False,False
2026-07-14T10:00:00+00:00,2026-07-14T13:00:00+03:00,2026-07,EBM0726,3564.488043700895,EPIAS_VEP:EBM0726,True,False,False
2026-07-14T11:00:00+00:00,2026-07-14T14:00:00+03:00,2026-07,EBM0726,3564.488043694638,EPIAS_VEP:EBM0726,True,False,False
2026-07-14T12:00:00+00:00,2026-07-14T15:00:00+03:00,2026-07,EBM0726,3564.4880436889443,EPIAS_VEP:EBM0726,True,False,False
2026-07-14T13:00:00+00:00,2026-07-14T16:00:00+03:00,2026-07,EBM0726,3564.488043683798,EPIAS_VEP:EBM0726,True,False,False
2026-07-14T14:00:00+00:00,2026-07-14T17:00:00+03:00,2026-07,EBM0726,3564.488043679179,EPIAS_VEP:EBM0726,True,False,False
2026-07-14T15:00:00+00:00,2026-07-14T18:00:00+03:00,2026-07,EBM0726,3564.488043675066,EPIAS_VEP:EBM0726,True,False,False
2026-07-14T16:00:00+00:00,2026-07-14T19:00:00+03:00,2026-07,EBM0726,3564.4880436714357,EPIAS_VEP:EBM0726,True,False,False
2026-07-14T17:00:00+00:00,2026-07-14T20:00:00+03:00,2026-07,EBM0726,3564.488043668264,EPIAS_VEP:EBM0726,True,False,False
2026-07-14T18:00:00+00:00,2026-07-14T21:00:00+03:00,2026-07,EBM0726,3564.488043665523,EPIAS_VEP:EBM0726,True,False,False
2026-07-14T19:00:00+00:00,2026-07-14T22:00:00+03:00,2026-07,EBM0726,3564.488043663186,EPIAS_VEP:EBM0726,True,False,False
2026-07-14T20:00:00+00:00,2026-07-14T23:00:00+03:00,2026-07,EBM0726,3564.488043661226,EPIAS_VEP:EBM0726,True,False,False
2026-07-14T21:00:00+00:00,2026-07-15T00:00:00+03:00,2026-07,EBM0726,3564.4880436596122,EPIAS_VEP:EBM0726,True,False,False
2026-07-14T22:00:00+00:00,2026-07-15T01:00:00+03:00,2026-07,EBM0726,3564.488043658316,EPIAS_VEP:EBM0726,True,False,False
2026-07-14T23:00:00+00:00,2026-07-15T02:00:00+03:00,2026-07,EBM0726,3564.48804365731,EPIAS_VEP:EBM0726,True,False,False
2026-07-15T00:00:00+00:00,2026-07-15T03:00:00+03:00,2026-07,EBM0726,3564.488043656567,EPIAS_VEP:EBM0726,True,False,False
2026-07-15T01:00:00+00:00,2026-07-15T04:00:00+03:00,2026-07,EBM0726,3564.488043656059,EPIAS_VEP:EBM0726,True,False,False
2026-07-15T02:00:00+00:00,2026-07-15T05:00:00+03:00,2026-07,EBM0726,3564.488043655762,EPIAS_VEP:EBM0726,True,False,False
2026-07-15T03:00:00+00:00,2026-07-15T06:00:00+03:00,2026-07,EBM0726,3564.4880436556523,EPIAS_VEP:EBM0726,True,False,False
2026-07-15T04:00:00+00:00,2026-07-15T07:00:00+03:00,2026-07,EBM0726,3564.488043655708,EPIAS_VEP:EBM0726,True,False,False
2026-07-15T05:00:00+00:00,2026-07-15T08:00:00+03:00,2026-07,EBM0726,3564.488043655909,EPIAS_VEP:EBM0726,True,False,False
2026-07-15T06:00:00+00:00,2026-07-15T09:00:00+03:00,2026-07,EBM0726,3564.4880436562344,EPIAS_VEP:EBM0726,True,False,False
2026-07-15T07:00:00+00:00,2026-07-15T10:00:00+03:00,2026-07,EBM0726,3564.4880436566646,EPIAS_VEP:EBM0726,True,False,False
2026-07-15T08:00:00+00:00,2026-07-15T11:00:00+03:00,2026-07,EBM0726,3564.4880436571825,EPIAS_VEP:EBM0726,True,False,False
2026-07-15T09:00:00+00:00,2026-07-15T12:00:00+03:00,2026-07,EBM0726,3564.488043657771,EPIAS_VEP:EBM0726,True,False,False
2026-07-15T10:00:00+00:00,2026-07-15T13:00:00+03:00,2026-07,EBM0726,3564.4880436584153,EPIAS_VEP:EBM0726,True,False,False
2026-07-15T11:00:00+00:00,2026-07-15T14:00:00+03:00,2026-07,EBM0726,3564.488043659103,EPIAS_VEP:EBM0726,True,False,False
2026-07-15T12:00:00+00:00,2026-07-15T15:00:00+03:00,2026-07,EBM0726,3564.4880436598223,EPIAS_VEP:EBM0726,True,False,False
2026-07-15T13:00:00+00:00,2026-07-15T16:00:00+03:00,2026-07,EBM0726,3564.4880436605636,EPIAS_VEP:EBM0726,True,False,False
2026-07-15T14:00:00+00:00,2026-07-15T17:00:00+03:00,2026-07,EBM0726,3564.488043661316,EPIAS_VEP:EBM0726,True,False,False
2026-07-15T15:00:00+00:00,2026-07-15T18:00:00+03:00,2026-07,EBM0726,3564.4880436620724,EPIAS_VEP:EBM0726,True,False,False
2026-07-15T16:00:00+00:00,2026-07-15T19:00:00+03:00,2026-07,EBM0726,3564.4880436628264,EPIAS_VEP:EBM0726,True,False,False
2026-07-15T17:00:00+00:00,2026-07-15T20:00:00+03:00,2026-07,EBM0726,3564.4880436635713,EPIAS_VEP:EBM0726,True,False,False
2026-07-15T18:00:00+00:00,2026-07-15T21:00:00+03:00,2026-07,EBM0726,3564.488043664301,EPIAS_VEP:EBM0726,True,False,False
2026-07-15T19:00:00+00:00,2026-07-15T22:00:00+03:00,2026-07,EBM0726,3564.4880436650137,EPIAS_VEP:EBM0726,True,False,False
2026-07-15T20:00:00+00:00,2026-07-15T23:00:00+03:00,2026-07,EBM0726,3564.488043665707,EPIAS_VEP:EBM0726,True,False,False
2026-07-15T21:00:00+00:00,2026-07-16T00:00:00+03:00,2026-07,EBM0726,3564.4880436663766,EPIAS_VEP:EBM0726,True,False,False
2026-07-15T22:00:00+00:00,2026-07-16T01:00:00+03:00,2026-07,EBM0726,3564.4880436670187,EPIAS_VEP:EBM0726,True,False,False
2026-07-15T23:00:00+00:00,2026-07-16T02:00:00+03:00,2026-07,EBM0726,3564.4880436676294,EPIAS_VEP:EBM0726,True,False,False
2026-07-16T00:00:00+00:00,2026-07-16T03:00:00+03:00,2026-07,EBM0726,3564.4880436682038,EPIAS_VEP:EBM0726,True,False,False
2026-07-16T01:00:00+00:00,2026-07-16T04:00:00+03:00,2026-07,EBM0726,3564.488043668738,EPIAS_VEP:EBM0726,True,False,False
2026-07-16T02:00:00+00:00,2026-07-16T05:00:00+03:00,2026-07,EBM0726,3564.4880436692274,EPIAS_VEP:EBM0726,True,False,False
2026-07-16T03:00:00+00:00,2026-07-16T06:00:00+03:00,2026-07,EBM0726,3564.488043669667,EPIAS_VEP:EBM0726,True,False,False
2026-07-16T04:00:00+00:00,2026-07-16T07:00:00+03:00,2026-07,EBM0726,3564.4880436700532,EPIAS_VEP:EBM0726,True,False,False
2026-07-16T05:00:00+00:00,2026-07-16T08:00:00+03:00,2026-07,EBM0726,3564.4880436703857,EPIAS_VEP:EBM0726,True,False,False
2026-07-16T06:00:00+00:00,2026-07-16T09:00:00+03:00,2026-07,EBM0726,3564.488043670662,EPIAS_VEP:EBM0726,True,False,False
2026-07-16T07:00:00+00:00,2026-07-16T10:00:00+03:00,2026-07,EBM0726,3564.4880436708872,EPIAS_VEP:EBM0726,True,False,False
2026-07-16T08:00:00+00:00,2026-07-16T11:00:00+03:00,2026-07,EBM0726,3564.488043671066,EPIAS_VEP:EBM0726,True,False,False
2026-07-16T09:00:00+00:00,2026-07-16T12:00:00+03:00,2026-07,EBM0726,3564.4880436712033,EPIAS_VEP:EBM0726,True,False,False
2026-07-16T10:00:00+00:00,2026-07-16T13:00:00+03:00,2026-07,EBM0726,3564.488043671303,EPIAS_VEP:EBM0726,True,False,False
2026-07-16T11:00:00+00:00,2026-07-16T14:00:00+03:00,2026-07,EBM0726,3564.4880436713674,EPIAS_VEP:EBM0726,True,False,False
2026-07-16T12:00:00+00:00,2026-07-16T15:00:00+03:00,2026-07,EBM0726,3564.4880436714,EPIAS_VEP:EBM0726,True,False,False
2026-07-16T13:00:00+00:00,2026-07-16T16:00:00+03:00,2026-07,EBM0726,3564.4880436714043,EPIAS_VEP:EBM0726,True,False,False
2026-07-16T14:00:00+00:00,2026-07-16T17:00:00+03:00,2026-07,EBM0726,3564.488043671383,EPIAS_VEP:EBM0726,True,False,False
2026-07-16T15:00:00+00:00,2026-07-16T18:00:00+03:00,2026-07,EBM0726,3564.48804367134,EPIAS_VEP:EBM0726,True,False,False
2026-07-16T16:00:00+00:00,2026-07-16T19:00:00+03:00,2026-07,EBM0726,3564.48804367128,EPIAS_VEP:EBM0726,True,False,False
2026-07-16T17:00:00+00:00,2026-07-16T20:00:00+03:00,2026-07,EBM0726,3564.4880436712056,EPIAS_VEP:EBM0726,True,False,False
2026-07-16T18:00:00+00:00,2026-07-16T21:00:00+03:00,2026-07,EBM0726,3564.488043671117,EPIAS_VEP:EBM0726,True,False,False
2026-07-16T19:00:00+00:00,2026-07-16T22:00:00+03:00,2026-07,EBM0726,3564.488043671015,EPIAS_VEP:EBM0726,True,False,False
2026-07-16T20:00:00+00:00,2026-07-16T23:00:00+03:00,2026-07,EBM0726,3564.4880436709022,EPIAS_VEP:EBM0726,True,False,False
2026-07-16T21:00:00+00:00,2026-07-17T00:00:00+03:00,2026-07,EBM0726,3564.4880436707817,EPIAS_VEP:EBM0726,True,False,False
2026-07-16T22:00:00+00:00,2026-07-17T01:00:00+03:00,2026-07,EBM0726,3564.488043670656,EPIAS_VEP:EBM0726,True,False,False
2026-07-16T23:00:00+00:00,2026-07-17T02:00:00+03:00,2026-07,EBM0726,3564.488043670527,EPIAS_VEP:EBM0726,True,False,False
2026-07-17T00:00:00+00:00,2026-07-17T03:00:00+03:00,2026-07,EBM0726,3564.4880436703957,EPIAS_VEP:EBM0726,True,False,False
2026-07-17T01:00:00+00:00,2026-07-17T04:00:00+03:00,2026-07,EBM0726,3564.4880436702606,EPIAS_VEP:EBM0726,True,False,False
2026-07-17T02:00:00+00:00,2026-07-17T05:00:00+03:00,2026-07,EBM0726,3564.488043670122,EPIAS_VEP:EBM0726,True,False,False
2026-07-17T03:00:00+00:00,2026-07-17T06:00:00+03:00,2026-07,EBM0726,3564.48804366998,EPIAS_VEP:EBM0726,True,False,False
2026-07-17T04:00:00+00:00,2026-07-17T07:00:00+03:00,2026-07,EBM0726,3564.4880436698368,EPIAS_VEP:EBM0726,True,False,False
2026-07-17T05:00:00+00:00,2026-07-17T08:00:00+03:00,2026-07,EBM0726,3564.488043669692,EPIAS_VEP:EBM0726,True,False,False
2026-07-17T06:00:00+00:00,2026-07-17T09:00:00+03:00,2026-07,EBM0726,3564.4880436695466,EPIAS_VEP:EBM0726,True,False,False
2026-07-17T07:00:00+00:00,2026-07-17T10:00:00+03:00,2026-07,EBM0726,3564.488043669401,EPIAS_VEP:EBM0726,True,False,False
2026-07-17T08:00:00+00:00,2026-07-17T11:00:00+03:00,2026-07,EBM0726,3564.4880436692583,EPIAS_VEP:EBM0726,True,False,False
2026-07-17T09:00:00+00:00,2026-07-17T12:00:00+03:00,2026-07,EBM0726,3564.4880436691196,EPIAS_VEP:EBM0726,True,False,False
2026-07-17T10:00:00+00:00,2026-07-17T13:00:00+03:00,2026-07,EBM0726,3564.4880436689855,EPIAS_VEP:EBM0726,True,False,False
2026-07-17T11:00:00+00:00,2026-07-17T14:00:00+03:00,2026-07,EBM0726,3564.488043668857,EPIAS_VEP:EBM0726,True,False,False
2026-07-17T12:00:00+00:00,2026-07-17T15:00:00+03:00,2026-07,EBM0726,3564.4880436687363,EPIAS_VEP:EBM0726,True,False,False
2026-07-17T13:00:00+00:00,2026-07-17T16:00:00+03:00,2026-07,EBM0726,3564.4880436686262,EPIAS_VEP:EBM0726,True,False,False
2026-07-17T14:00:00+00:00,2026-07-17T17:00:00+03:00,2026-07,EBM0726,3564.48804366853,EPIAS_VEP:EBM0726,True,False,False
2026-07-17T15:00:00+00:00,2026-07-17T18:00:00+03:00,2026-07,EBM0726,3564.4880436684502,EPIAS_VEP:EBM0726,True,False,False
2026-07-17T16:00:00+00:00,2026-07-17T19:00:00+03:00,2026-07,EBM0726,3564.4880436683898,EPIAS_VEP:EBM0726,True,False,False
2026-07-17T17:00:00+00:00,2026-07-17T20:00:00+03:00,2026-07,EBM0726,3564.488043668346,EPIAS_VEP:EBM0726,True,False,False
2026-07-17T18:00:00+00:00,2026-07-17T21:00:00+03:00,2026-07,EBM0726,3564.4880436683165,EPIAS_VEP:EBM0726,True,False,False
2026-07-17T19:00:00+00:00,2026-07-17T22:00:00+03:00,2026-07,EBM0726,3564.4880436682997,EPIAS_VEP:EBM0726,True,False,False
2026-07-17T20:00:00+00:00,2026-07-17T23:00:00+03:00,2026-07,EBM0726,3564.488043668294,EPIAS_VEP:EBM0726,True,False,False
2026-07-17T21:00:00+00:00,2026-07-18T00:00:00+03:00,2026-07,EBM0726,3564.488043668298,EPIAS_VEP:EBM0726,True,False,False
2026-07-17T22:00:00+00:00,2026-07-18T01:00:00+03:00,2026-07,EBM0726,3564.4880436683097,EPIAS_VEP:EBM0726,True,False,False
2026-07-17T23:00:00+00:00,2026-07-18T02:00:00+03:00,2026-07,EBM0726,3564.488043668327,EPIAS_VEP:EBM0726,True,False,False
2026-07-18T00:00:00+00:00,2026-07-18T03:00:00+03:00,2026-07,EBM0726,3564.488043668347,EPIAS_VEP:EBM0726,True,False,False
2026-07-18T01:00:00+00:00,2026-07-18T04:00:00+03:00,2026-07,EBM0726,3564.488043668367,EPIAS_VEP:EBM0726,True,False,False
2026-07-18T02:00:00+00:00,2026-07-18T05:00:00+03:00,2026-07,EBM0726,3564.4880436683857,EPIAS_VEP:EBM0726,True,False,False
2026-07-18T03:00:00+00:00,2026-07-18T06:00:00+03:00,2026-07,EBM0726,3564.488043668402,EPIAS_VEP:EBM0726,True,False,False
2026-07-18T04:00:00+00:00,2026-07-18T07:00:00+03:00,2026-07,EBM0726,3564.4880436684152,EPIAS_VEP:EBM0726,True,False,False
2026-07-18T05:00:00+00:00,2026-07-18T08:00:00+03:00,2026-07,EBM0726,3564.4880436684252,EPIAS_VEP:EBM0726,True,False,False
2026-07-18T06:00:00+00:00,2026-07-18T09:00:00+03:00,2026-07,EBM0726,3564.4880436684325,EPIAS_VEP:EBM0726,True,False,False
2026-07-18T07:00:00+00:00,2026-07-18T10:00:00+03:00,2026-07,EBM0726,3564.4880436684384,EPIAS_VEP:EBM0726,True,False,False
2026-07-18T08:00:00+00:00,2026-07-18T11:00:00+03:00,2026-07,EBM0726,3564.488043668445,EPIAS_VEP:EBM0726,True,False,False
2026-07-18T09:00:00+00:00,2026-07-18T12:00:00+03:00,2026-07,EBM0726,3564.4880436684525,EPIAS_VEP:EBM0726,True,False,False
2026-07-18T10:00:00+00:00,2026-07-18T13:00:00+03:00,2026-07,EBM0726,3564.488043668463,EPIAS_VEP:EBM0726,True,False,False
2026-07-18T11:00:00+00:00,2026-07-18T14:00:00+03:00,2026-07,EBM0726,3564.488043668476,EPIAS_VEP:EBM0726,True,False,False
2026-07-18T12:00:00+00:00,2026-07-18T15:00:00+03:00,2026-07,EBM0726,3564.488043668492,EPIAS_VEP:EBM0726,True,False,False
2026-07-18T13:00:00+00:00,2026-07-18T16:00:00+03:00,2026-07,EBM0726,3564.4880436685107,EPIAS_VEP:EBM0726,True,False,False
2026-07-18T14:00:00+00:00,2026-07-18T17:00:00+03:00,2026-07,EBM0726,3564.4880436685326,EPIAS_VEP:EBM0726,True,False,False
2026-07-18T15:00:00+00:00,2026-07-18T18:00:00+03:00,2026-07,EBM0726,3564.4880436685585,EPIAS_VEP:EBM0726,True,False,False
2026-07-18T16:00:00+00:00,2026-07-18T19:00:00+03:00,2026-07,EBM0726,3564.488043668589,EPIAS_VEP:EBM0726,True,False,False
2026-07-18T17:00:00+00:00,2026-07-18T20:00:00+03:00,2026-07,EBM0726,3564.488043668624,EPIAS_VEP:EBM0726,True,False,False
2026-07-18T18:00:00+00:00,2026-07-18T21:00:00+03:00,2026-07,EBM0726,3564.488043668663,EPIAS_VEP:EBM0726,True,False,False
2026-07-18T19:00:00+00:00,2026-07-18T22:00:00+03:00,2026-07,EBM0726,3564.488043668705,EPIAS_VEP:EBM0726,True,False,False
2026-07-18T20:00:00+00:00,2026-07-18T23:00:00+03:00,2026-07,EBM0726,3564.488043668749,EPIAS_VEP:EBM0726,True,False,False
2026-07-18T21:00:00+00:00,2026-07-19T00:00:00+03:00,2026-07,EBM0726,3564.4880436687945,EPIAS_VEP:EBM0726,True,False,False
2026-07-18T22:00:00+00:00,2026-07-19T01:00:00+03:00,2026-07,EBM0726,3564.488043668842,EPIAS_VEP:EBM0726,True,False,False
2026-07-18T23:00:00+00:00,2026-07-19T02:00:00+03:00,2026-07,EBM0726,3564.4880436688904,EPIAS_VEP:EBM0726,True,False,False
2026-07-19T00:00:00+00:00,2026-07-19T03:00:00+03:00,2026-07,EBM0726,3564.4880436689405,EPIAS_VEP:EBM0726,True,False,False
2026-07-19T01:00:00+00:00,2026-07-19T04:00:00+03:00,2026-07,EBM0726,3564.4880436689923,EPIAS_VEP:EBM0726,True,False,False
2026-07-19T02:00:00+00:00,2026-07-19T05:00:00+03:00,2026-07,EBM0726,3564.4880436690482,EPIAS_VEP:EBM0726,True,False,False
2026-07-19T03:00:00+00:00,2026-07-19T06:00:00+03:00,2026-07,EBM0726,3564.488043669108,EPIAS_VEP:EBM0726,True,False,False
2026-07-19T04:00:00+00:00,2026-07-19T07:00:00+03:00,2026-07,EBM0726,3564.4880436691697,EPIAS_VEP:EBM0726,True,False,False
2026-07-19T05:00:00+00:00,2026-07-19T08:00:00+03:00,2026-07,EBM0726,3564.488043669232,EPIAS_VEP:EBM0726,True,False,False
2026-07-19T06:00:00+00:00,2026-07-19T09:00:00+03:00,2026-07,EBM0726,3564.488043669295,EPIAS_VEP:EBM0726,True,False,False
2026-07-19T07:00:00+00:00,2026-07-19T10:00:00+03:00,2026-07,EBM0726,3564.488043669358,EPIAS_VEP:EBM0726,True,False,False
2026-07-19T08:00:00+00:00,2026-07-19T11:00:00+03:00,2026-07,EBM0726,3564.488043669419,EPIAS_VEP:EBM0726,True,False,False
2026-07-19T09:00:00+00:00,2026-07-19T12:00:00+03:00,2026-07,EBM0726,3564.4880436694775,EPIAS_VEP:EBM0726,True,False,False
2026-07-19T10:00:00+00:00,2026-07-19T13:00:00+03:00,2026-07,EBM0726,3564.4880436695335,EPIAS_VEP:EBM0726,True,False,False
2026-07-19T11:00:00+00:00,2026-07-19T14:00:00+03:00,2026-07,EBM0726,3564.4880436695853,EPIAS_VEP:EBM0726,True,False,False
2026-07-19T12:00:00+00:00,2026-07-19T15:00:00+03:00,2026-07,EBM0726,3564.4880436696326,EPIAS_VEP:EBM0726,True,False,False
2026-07-19T13:00:00+00:00,2026-07-19T16:00:00+03:00,2026-07,EBM0726,3564.4880436696753,EPIAS_VEP:EBM0726,True,False,False
2026-07-19T14:00:00+00:00,2026-07-19T17:00:00+03:00,2026-07,EBM0726,3564.488043669713,EPIAS_VEP:EBM0726,True,False,False
2026-07-19T15:00:00+00:00,2026-07-19T18:00:00+03:00,2026-07,EBM0726,3564.4880436697445,EPIAS_VEP:EBM0726,True,False,False
2026-07-19T16:00:00+00:00,2026-07-19T19:00:00+03:00,2026-07,EBM0726,3564.4880436697676,EPIAS_VEP:EBM0726,True,False,False
2026-07-19T17:00:00+00:00,2026-07-19T20:00:00+03:00,2026-07,EBM0726,3564.488043669782,EPIAS_VEP:EBM0726,True,False,False
2026-07-19T18:00:00+00:00,2026-07-19T21:00:00+03:00,2026-07,EBM0726,3564.488043669787,EPIAS_VEP:EBM0726,True,False,False
2026-07-19T19:00:00+00:00,2026-07-19T22:00:00+03:00,2026-07,EBM0726,3564.488043669779,EPIAS_VEP:EBM0726,True,False,False
2026-07-19T20:00:00+00:00,2026-07-19T23:00:00+03:00,2026-07,EBM0726,3564.488043669756,EPIAS_VEP:EBM0726,True,False,False
2026-07-19T21:00:00+00:00,2026-07-20T00:00:00+03:00,2026-07,EBM0726,3564.4880436697167,EPIAS_VEP:EBM0726,True,False,False
2026-07-19T22:00:00+00:00,2026-07-20T01:00:00+03:00,2026-07,EBM0726,3564.4880436696603,EPIAS_VEP:EBM0726,True,False,False
2026-07-19T23:00:00+00:00,2026-07-20T02:00:00+03:00,2026-07,EBM0726,3564.488043669588,EPIAS_VEP:EBM0726,True,False,False
2026-07-20T00:00:00+00:00,2026-07-20T03:00:00+03:00,2026-07,EBM0726,3564.488043669501,EPIAS_VEP:EBM0726,True,False,False
2026-07-20T01:00:00+00:00,2026-07-20T04:00:00+03:00,2026-07,EBM0726,3564.4880436694025,EPIAS_VEP:EBM0726,True,False,False
2026-07-20T02:00:00+00:00,2026-07-20T05:00:00+03:00,2026-07,EBM0726,3564.4880436692956,EPIAS_VEP:EBM0726,True,False,False
2026-07-20T03:00:00+00:00,2026-07-20T06:00:00+03:00,2026-07,EBM0726,3564.4880436691838,EPIAS_VEP:EBM0726,True,False,False
2026-07-20T04:00:00+00:00,2026-07-20T07:00:00+03:00,2026-07,EBM0726,3564.4880436690687,EPIAS_VEP:EBM0726,True,False,False
2026-07-20T05:00:00+00:00,2026-07-20T08:00:00+03:00,2026-07,EBM0726,3564.4880436689523,EPIAS_VEP:EBM0726,True,False,False
2026-07-20T06:00:00+00:00,2026-07-20T09:00:00+03:00,2026-07,EBM0726,3564.4880436688363,EPIAS_VEP:EBM0726,True,False,False
2026-07-20T07:00:00+00:00,2026-07-20T10:00:00+03:00,2026-07,EBM0726,3564.488043668723,EPIAS_VEP:EBM0726,True,False,False
2026-07-20T08:00:00+00:00,2026-07-20T11:00:00+03:00,2026-07,EBM0726,3564.488043668614,EPIAS_VEP:EBM0726,True,False,False
2026-07-20T09:00:00+00:00,2026-07-20T12:00:00+03:00,2026-07,EBM0726,3564.4880436685125,EPIAS_VEP:EBM0726,True,False,False
2026-07-20T10:00:00+00:00,2026-07-20T13:00:00+03:00,2026-07,EBM0726,3564.4880436684193,EPIAS_VEP:EBM0726,True,False,False
2026-07-20T11:00:00+00:00,2026-07-20T14:00:00+03:00,2026-07,EBM0726,3564.4880436683384,EPIAS_VEP:EBM0726,True,False,False
2026-07-20T12:00:00+00:00,2026-07-20T15:00:00+03:00,2026-07,EBM0726,3564.4880436682747,EPIAS_VEP:EBM0726,True,False,False
2026-07-20T13:00:00+00:00,2026-07-20T16:00:00+03:00,2026-07,EBM0726,3564.488043668229,EPIAS_VEP:EBM0726,True,False,False
2026-07-20T14:00:00+00:00,2026-07-20T17:00:00+03:00,2026-07,EBM0726,3564.488043668201,EPIAS_VEP:EBM0726,True,False,False
2026-07-20T15:00:00+00:00,2026-07-20T18:00:00+03:00,2026-07,EBM0726,3564.4880436681933,EPIAS_VEP:EBM0726,True,False,False
2026-07-20T16:00:00+00:00,2026-07-20T19:00:00+03:00,2026-07,EBM0726,3564.488043668205,EPIAS_VEP:EBM0726,True,False,False
2026-07-20T17:00:00+00:00,2026-07-20T20:00:00+03:00,2026-07,EBM0726,3564.488043668237,EPIAS_VEP:EBM0726,True,False,False
2026-07-20T18:00:00+00:00,2026-07-20T21:00:00+03:00,2026-07,EBM0726,3564.4880436682893,EPIAS_VEP:EBM0726,True,False,False
2026-07-20T19:00:00+00:00,2026-07-20T22:00:00+03:00,2026-07,EBM0726,3564.4880436683625,EPIAS_VEP:EBM0726,True,False,False
2026-07-20T20:00:00+00:00,2026-07-20T23:00:00+03:00,2026-07,EBM0726,3564.4880436684552,EPIAS_VEP:EBM0726,True,False,False
2026-07-20T21:00:00+00:00,2026-07-21T00:00:00+03:00,2026-07,EBM0726,3564.488043668568,EPIAS_VEP:EBM0726,True,False,False
2026-07-20T22:00:00+00:00,2026-07-21T01:00:00+03:00,2026-07,EBM0726,3564.4880436686985,EPIAS_VEP:EBM0726,True,False,False
2026-07-20T23:00:00+00:00,2026-07-21T02:00:00+03:00,2026-07,EBM0726,3564.488043668843,EPIAS_VEP:EBM0726,True,False,False
2026-07-21T00:00:00+00:00,2026-07-21T03:00:00+03:00,2026-07,EBM0726,3564.4880436689996,EPIAS_VEP:EBM0726,True,False,False
2026-07-21T01:00:00+00:00,2026-07-21T04:00:00+03:00,2026-07,EBM0726,3564.4880436691637,EPIAS_VEP:EBM0726,True,False,False
2026-07-21T02:00:00+00:00,2026-07-21T05:00:00+03:00,2026-07,EBM0726,3564.488043669333,EPIAS_VEP:EBM0726,True,False,False
2026-07-21T03:00:00+00:00,2026-07-21T06:00:00+03:00,2026-07,EBM0726,3564.488043669504,EPIAS_VEP:EBM0726,True,False,False
2026-07-21T04:00:00+00:00,2026-07-21T07:00:00+03:00,2026-07,EBM0726,3564.4880436696744,EPIAS_VEP:EBM0726,True,False,False
2026-07-21T05:00:00+00:00,2026-07-21T08:00:00+03:00,2026-07,EBM0726,3564.4880436698436,EPIAS_VEP:EBM0726,True,False,False
2026-07-21T06:00:00+00:00,2026-07-21T09:00:00+03:00,2026-07,EBM0726,3564.48804367001,EPIAS_VEP:EBM0726,True,False,False
2026-07-21T07:00:00+00:00,2026-07-21T10:00:00+03:00,2026-07,EBM0726,3564.4880436701733,EPIAS_VEP:EBM0726,True,False,False
2026-07-21T08:00:00+00:00,2026-07-21T11:00:00+03:00,2026-07,EBM0726,3564.4880436703347,EPIAS_VEP:EBM0726,True,False,False
2026-07-21T09:00:00+00:00,2026-07-21T12:00:00+03:00,2026-07,EBM0726,3564.4880436704925,EPIAS_VEP:EBM0726,True,False,False
2026-07-21T10:00:00+00:00,2026-07-21T13:00:00+03:00,2026-07,EBM0726,3564.4880436706458,EPIAS_VEP:EBM0726,True,False,False
2026-07-21T11:00:00+00:00,2026-07-21T14:00:00+03:00,2026-07,EBM0726,3564.4880436707926,EPIAS_VEP:EBM0726,True,False,False
2026-07-21T12:00:00+00:00,2026-07-21T15:00:00+03:00,2026-07,EBM0726,3564.4880436709304,EPIAS_VEP:EBM0726,True,False,False
2026-07-21T13:00:00+00:00,2026-07-21T16:00:00+03:00,2026-07,EBM0726,3564.4880436710578,EPIAS_VEP:EBM0726,True,False,False
2026-07-21T14:00:00+00:00,2026-07-21T17:00:00+03:00,2026-07,EBM0726,3564.488043671173,EPIAS_VEP:EBM0726,True,False,False
2026-07-21T15:00:00+00:00,2026-07-21T18:00:00+03:00,2026-07,EBM0726,3564.488043671274,EPIAS_VEP:EBM0726,True,False,False
2026-07-21T16:00:00+00:00,2026-07-21T19:00:00+03:00,2026-07,EBM0726,3564.488043671362,EPIAS_VEP:EBM0726,True,False,False
2026-07-21T17:00:00+00:00,2026-07-21T20:00:00+03:00,2026-07,EBM0726,3564.4880436714348,EPIAS_VEP:EBM0726,True,False,False
2026-07-21T18:00:00+00:00,2026-07-21T21:00:00+03:00,2026-07,EBM0726,3564.4880436714902,EPIAS_VEP:EBM0726,True,False,False
2026-07-21T19:00:00+00:00,2026-07-21T22:00:00+03:00,2026-07,EBM0726,3564.488043671528,EPIAS_VEP:EBM0726,True,False,False
2026-07-21T20:00:00+00:00,2026-07-21T23:00:00+03:00,2026-07,EBM0726,3564.4880436715484,EPIAS_VEP:EBM0726,True,False,False
2026-07-21T21:00:00+00:00,2026-07-22T00:00:00+03:00,2026-07,EBM0726,3564.4880436715525,EPIAS_VEP:EBM0726,True,False,False
2026-07-21T22:00:00+00:00,2026-07-22T01:00:00+03:00,2026-07,EBM0726,3564.4880436715393,EPIAS_VEP:EBM0726,True,False,False
2026-07-21T23:00:00+00:00,2026-07-22T02:00:00+03:00,2026-07,EBM0726,3564.4880436715102,EPIAS_VEP:EBM0726,True,False,False
2026-07-22T00:00:00+00:00,2026-07-22T03:00:00+03:00,2026-07,EBM0726,3564.488043671467,EPIAS_VEP:EBM0726,True,False,False
2026-07-22T01:00:00+00:00,2026-07-22T04:00:00+03:00,2026-07,EBM0726,3564.488043671411,EPIAS_VEP:EBM0726,True,False,False
2026-07-22T02:00:00+00:00,2026-07-22T05:00:00+03:00,2026-07,EBM0726,3564.488043671344,EPIAS_VEP:EBM0726,True,False,False
2026-07-22T03:00:00+00:00,2026-07-22T06:00:00+03:00,2026-07,EBM0726,3564.488043671267,EPIAS_VEP:EBM0726,True,False,False
2026-07-22T04:00:00+00:00,2026-07-22T07:00:00+03:00,2026-07,EBM0726,3564.488043671183,EPIAS_VEP:EBM0726,True,False,False
2026-07-22T05:00:00+00:00,2026-07-22T08:00:00+03:00,2026-07,EBM0726,3564.4880436710946,EPIAS_VEP:EBM0726,True,False,False
2026-07-22T06:00:00+00:00,2026-07-22T09:00:00+03:00,2026-07,EBM0726,3564.488043671006,EPIAS_VEP:EBM0726,True,False,False
2026-07-22T07:00:00+00:00,2026-07-22T10:00:00+03:00,2026-07,EBM0726,3564.48804367092,EPIAS_VEP:EBM0726,True,False,False
2026-07-22T08:00:00+00:00,2026-07-22T11:00:00+03:00,2026-07,EBM0726,3564.488043670838,EPIAS_VEP:EBM0726,True,False,False
2026-07-22T09:00:00+00:00,2026-07-22T12:00:00+03:00,2026-07,EBM0726,3564.488043670762,EPIAS_VEP:EBM0726,True,False,False
2026-07-22T10:00:00+00:00,2026-07-22T13:00:00+03:00,2026-07,EBM0726,3564.4880436706926,EPIAS_VEP:EBM0726,True,False,False
2026-07-22T11:00:00+00:00,2026-07-22T14:00:00+03:00,2026-07,EBM0726,3564.4880436706294,EPIAS_VEP:EBM0726,True,False,False
2026-07-22T12:00:00+00:00,2026-07-22T15:00:00+03:00,2026-07,EBM0726,3564.488043670573,EPIAS_VEP:EBM0726,True,False,False
2026-07-22T13:00:00+00:00,2026-07-22T16:00:00+03:00,2026-07,EBM0726,3564.488043670525,EPIAS_VEP:EBM0726,True,False,False
2026-07-22T14:00:00+00:00,2026-07-22T17:00:00+03:00,2026-07,EBM0726,3564.4880436704852,EPIAS_VEP:EBM0726,True,False,False
2026-07-22T15:00:00+00:00,2026-07-22T18:00:00+03:00,2026-07,EBM0726,3564.4880436704543,EPIAS_VEP:EBM0726,True,False,False
2026-07-22T16:00:00+00:00,2026-07-22T19:00:00+03:00,2026-07,EBM0726,3564.488043670432,EPIAS_VEP:EBM0726,True,False,False
2026-07-22T17:00:00+00:00,2026-07-22T20:00:00+03:00,2026-07,EBM0726,3564.4880436704184,EPIAS_VEP:EBM0726,True,False,False
2026-07-22T18:00:00+00:00,2026-07-22T21:00:00+03:00,2026-07,EBM0726,3564.488043670412,EPIAS_VEP:EBM0726,True,False,False
2026-07-22T19:00:00+00:00,2026-07-22T22:00:00+03:00,2026-07,EBM0726,3564.488043670412,EPIAS_VEP:EBM0726,True,False,False
2026-07-22T20:00:00+00:00,2026-07-22T23:00:00+03:00,2026-07,EBM0726,3564.488043670418,EPIAS_VEP:EBM0726,True,False,False
2026-07-22T21:00:00+00:00,2026-07-23T00:00:00+03:00,2026-07,EBM0726,3564.488043670429,EPIAS_VEP:EBM0726,True,False,False
2026-07-22T22:00:00+00:00,2026-07-23T01:00:00+03:00,2026-07,EBM0726,3564.488043670445,EPIAS_VEP:EBM0726,True,False,False
2026-07-22T23:00:00+00:00,2026-07-23T02:00:00+03:00,2026-07,EBM0726,3564.4880436704657,EPIAS_VEP:EBM0726,True,False,False
2026-07-23T00:00:00+00:00,2026-07-23T03:00:00+03:00,2026-07,EBM0726,3564.48804367049,EPIAS_VEP:EBM0726,True,False,False
2026-07-23T01:00:00+00:00,2026-07-23T04:00:00+03:00,2026-07,EBM0726,3564.4880436705157,EPIAS_VEP:EBM0726,True,False,False
2026-07-23T02:00:00+00:00,2026-07-23T05:00:00+03:00,2026-07,EBM0726,3564.4880436705434,EPIAS_VEP:EBM0726,True,False,False
2026-07-23T03:00:00+00:00,2026-07-23T06:00:00+03:00,2026-07,EBM0726,3564.488043670573,EPIAS_VEP:EBM0726,True,False,False
2026-07-23T04:00:00+00:00,2026-07-23T07:00:00+03:00,2026-07,EBM0726,3564.488043670602,EPIAS_VEP:EBM0726,True,False,False
2026-07-23T05:00:00+00:00,2026-07-23T08:00:00+03:00,2026-07,EBM0726,3564.488043670629,EPIAS_VEP:EBM0726,True,False,False
2026-07-23T06:00:00+00:00,2026-07-23T09:00:00+03:00,2026-07,EBM0726,3564.488043670649,EPIAS_VEP:EBM0726,True,False,False
2026-07-23T07:00:00+00:00,2026-07-23T10:00:00+03:00,2026-07,EBM0726,3564.4880436706594,EPIAS_VEP:EBM0726,True,False,False
2026-07-23T08:00:00+00:00,2026-07-23T11:00:00+03:00,2026-07,EBM0726,3564.488043670657,EPIAS_VEP:EBM0726,True,False,False
2026-07-23T09:00:00+00:00,2026-07-23T12:00:00+03:00,2026-07,EBM0726,3564.488043670643,EPIAS_VEP:EBM0726,True,False,False
2026-07-23T10:00:00+00:00,2026-07-23T13:00:00+03:00,2026-07,EBM0726,3564.488043670618,EPIAS_VEP:EBM0726,True,False,False
2026-07-23T11:00:00+00:00,2026-07-23T14:00:00+03:00,2026-07,EBM0726,3564.488043670583,EPIAS_VEP:EBM0726,True,False,False
2026-07-23T12:00:00+00:00,2026-07-23T15:00:00+03:00,2026-07,EBM0726,3564.4880436705384,EPIAS_VEP:EBM0726,True,False,False
2026-07-23T13:00:00+00:00,2026-07-23T16:00:00+03:00,2026-07,EBM0726,3564.4880436704843,EPIAS_VEP:EBM0726,True,False,False
2026-07-23T14:00:00+00:00,2026-07-23T17:00:00+03:00,2026-07,EBM0726,3564.4880436704216,EPIAS_VEP:EBM0726,True,False,False
2026-07-23T15:00:00+00:00,2026-07-23T18:00:00+03:00,2026-07,EBM0726,3564.48804367035,EPIAS_VEP:EBM0726,True,False,False
2026-07-23T16:00:00+00:00,2026-07-23T19:00:00+03:00,2026-07,EBM0726,3564.4880436702697,EPIAS_VEP:EBM0726,True,False,False
2026-07-23T17:00:00+00:00,2026-07-23T20:00:00+03:00,2026-07,EBM0726,3564.4880436701806,EPIAS_VEP:EBM0726,True,False,False
2026-07-23T18:00:00+00:00,2026-07-23T21:00:00+03:00,2026-07,EBM0726,3564.488043670083,EPIAS_VEP:EBM0726,True,False,False
2026-07-23T19:00:00+00:00,2026-07-23T22:00:00+03:00,2026-07,EBM0726,3564.4880436699755,EPIAS_VEP:EBM0726,True,False,False
2026-07-23T20:00:00+00:00,2026-07-23T23:00:00+03:00,2026-07,EBM0726,3564.4880436698577,EPIAS_VEP:EBM0726,True,False,False
2026-07-23T21:00:00+00:00,2026-07-24T00:00:00+03:00,2026-07,EBM0726,3564.488043669731,EPIAS_VEP:EBM0726,True,False,False
2026-07-23T22:00:00+00:00,2026-07-24T01:00:00+03:00,2026-07,EBM0726,3564.488043669597,EPIAS_VEP:EBM0726,True,False,False
2026-07-23T23:00:00+00:00,2026-07-24T02:00:00+03:00,2026-07,EBM0726,3564.488043669457,EPIAS_VEP:EBM0726,True,False,False
2026-07-24T00:00:00+00:00,2026-07-24T03:00:00+03:00,2026-07,EBM0726,3564.488043669313,EPIAS_VEP:EBM0726,True,False,False
2026-07-24T01:00:00+00:00,2026-07-24T04:00:00+03:00,2026-07,EBM0726,3564.488043669166,EPIAS_VEP:EBM0726,True,False,False
2026-07-24T02:00:00+00:00,2026-07-24T05:00:00+03:00,2026-07,EBM0726,3564.4880436690178,EPIAS_VEP:EBM0726,True,False,False
2026-07-24T03:00:00+00:00,2026-07-24T06:00:00+03:00,2026-07,EBM0726,3564.4880436688686,EPIAS_VEP:EBM0726,True,False,False
2026-07-24T04:00:00+00:00,2026-07-24T07:00:00+03:00,2026-07,EBM0726,3564.488043668719,EPIAS_VEP:EBM0726,True,False,False
2026-07-24T05:00:00+00:00,2026-07-24T08:00:00+03:00,2026-07,EBM0726,3564.4880436685703,EPIAS_VEP:EBM0726,True,False,False
2026-07-24T06:00:00+00:00,2026-07-24T09:00:00+03:00,2026-07,EBM0726,3564.4880436684225,EPIAS_VEP:EBM0726,True,False,False
2026-07-24T07:00:00+00:00,2026-07-24T10:00:00+03:00,2026-07,EBM0726,3564.488043668277,EPIAS_VEP:EBM0726,True,False,False
2026-07-24T08:00:00+00:00,2026-07-24T11:00:00+03:00,2026-07,EBM0726,3564.4880436681337,EPIAS_VEP:EBM0726,True,False,False
2026-07-24T09:00:00+00:00,2026-07-24T12:00:00+03:00,2026-07,EBM0726,3564.4880436679937,EPIAS_VEP:EBM0726,True,False,False
2026-07-24T10:00:00+00:00,2026-07-24T13:00:00+03:00,2026-07,EBM0726,3564.4880436678573,EPIAS_VEP:EBM0726,True,False,False
2026-07-24T11:00:00+00:00,2026-07-24T14:00:00+03:00,2026-07,EBM0726,3564.4880436677254,EPIAS_VEP:EBM0726,True,False,False
2026-07-24T12:00:00+00:00,2026-07-24T15:00:00+03:00,2026-07,EBM0726,3564.488043667601,EPIAS_VEP:EBM0726,True,False,False
2026-07-24T13:00:00+00:00,2026-07-24T16:00:00+03:00,2026-07,EBM0726,3564.4880436674857,EPIAS_VEP:EBM0726,True,False,False
2026-07-24T14:00:00+00:00,2026-07-24T17:00:00+03:00,2026-07,EBM0726,3564.488043667382,EPIAS_VEP:EBM0726,True,False,False
2026-07-24T15:00:00+00:00,2026-07-24T18:00:00+03:00,2026-07,EBM0726,3564.4880436672884,EPIAS_VEP:EBM0726,True,False,False
2026-07-24T16:00:00+00:00,2026-07-24T19:00:00+03:00,2026-07,EBM0726,3564.4880436672056,EPIAS_VEP:EBM0726,True,False,False
2026-07-24T17:00:00+00:00,2026-07-24T20:00:00+03:00,2026-07,EBM0726,3564.4880436671324,EPIAS_VEP:EBM0726,True,False,False
2026-07-24T18:00:00+00:00,2026-07-24T21:00:00+03:00,2026-07,EBM0726,3564.4880436670655,EPIAS_VEP:EBM0726,True,False,False
2026-07-24T19:00:00+00:00,2026-07-24T22:00:00+03:00,2026-07,EBM0726,3564.488043667003,EPIAS_VEP:EBM0726,True,False,False
2026-07-24T20:00:00+00:00,2026-07-24T23:00:00+03:00,2026-07,EBM0726,3564.4880436669396,EPIAS_VEP:EBM0726,True,False,False
2026-07-24T21:00:00+00:00,2026-07-25T00:00:00+03:00,2026-07,EBM0726,3564.4880436668745,EPIAS_VEP:EBM0726,True,False,False
2026-07-24T22:00:00+00:00,2026-07-25T01:00:00+03:00,2026-07,EBM0726,3564.4880436668077,EPIAS_VEP:EBM0726,True,False,False
2026-07-24T23:00:00+00:00,2026-07-25T02:00:00+03:00,2026-07,EBM0726,3564.488043666739,EPIAS_VEP:EBM0726,True,False,False
2026-07-25T00:00:00+00:00,2026-07-25T03:00:00+03:00,2026-07,EBM0726,3564.488043666668,EPIAS_VEP:EBM0726,True,False,False
2026-07-25T01:00:00+00:00,2026-07-25T04:00:00+03:00,2026-07,EBM0726,3564.488043666595,EPIAS_VEP:EBM0726,True,False,False
2026-07-25T02:00:00+00:00,2026-07-25T05:00:00+03:00,2026-07,EBM0726,3564.488043666519,EPIAS_VEP:EBM0726,True,False,False
2026-07-25T03:00:00+00:00,2026-07-25T06:00:00+03:00,2026-07,EBM0726,3564.4880436664416,EPIAS_VEP:EBM0726,True,False,False
2026-07-25T04:00:00+00:00,2026-07-25T07:00:00+03:00,2026-07,EBM0726,3564.488043666363,EPIAS_VEP:EBM0726,True,False,False
2026-07-25T05:00:00+00:00,2026-07-25T08:00:00+03:00,2026-07,EBM0726,3564.488043666285,EPIAS_VEP:EBM0726,True,False,False
2026-07-25T06:00:00+00:00,2026-07-25T09:00:00+03:00,2026-07,EBM0726,3564.4880436662097,EPIAS_VEP:EBM0726,True,False,False
2026-07-25T07:00:00+00:00,2026-07-25T10:00:00+03:00,2026-07,EBM0726,3564.488043666137,EPIAS_VEP:EBM0726,True,False,False
2026-07-25T08:00:00+00:00,2026-07-25T11:00:00+03:00,2026-07,EBM0726,3564.4880436660696,EPIAS_VEP:EBM0726,True,False,False
2026-07-25T09:00:00+00:00,2026-07-25T12:00:00+03:00,2026-07,EBM0726,3564.4880436660096,EPIAS_VEP:EBM0726,True,False,False
2026-07-25T10:00:00+00:00,2026-07-25T13:00:00+03:00,2026-07,EBM0726,3564.488043665958,EPIAS_VEP:EBM0726,True,False,False
2026-07-25T11:00:00+00:00,2026-07-25T14:00:00+03:00,2026-07,EBM0726,3564.488043665913,EPIAS_VEP:EBM0726,True,False,False
2026-07-25T12:00:00+00:00,2026-07-25T15:00:00+03:00,2026-07,EBM0726,3564.4880436658755,EPIAS_VEP:EBM0726,True,False,False
2026-07-25T13:00:00+00:00,2026-07-25T16:00:00+03:00,2026-07,EBM0726,3564.4880436658445,EPIAS_VEP:EBM0726,True,False,False
2026-07-25T14:00:00+00:00,2026-07-25T17:00:00+03:00,2026-07,EBM0726,3564.488043665818,EPIAS_VEP:EBM0726,True,False,False
2026-07-25T15:00:00+00:00,2026-07-25T18:00:00+03:00,2026-07,EBM0726,3564.488043665795,EPIAS_VEP:EBM0726,True,False,False
2026-07-25T16:00:00+00:00,2026-07-25T19:00:00+03:00,2026-07,EBM0726,3564.488043665775,EPIAS_VEP:EBM0726,True,False,False
2026-07-25T17:00:00+00:00,2026-07-25T20:00:00+03:00,2026-07,EBM0726,3564.4880436657572,EPIAS_VEP:EBM0726,True,False,False
2026-07-25T18:00:00+00:00,2026-07-25T21:00:00+03:00,2026-07,EBM0726,3564.488043665741,EPIAS_VEP:EBM0726,True,False,False
2026-07-25T19:00:00+00:00,2026-07-25T22:00:00+03:00,2026-07,EBM0726,3564.4880436657254,EPIAS_VEP:EBM0726,True,False,False
2026-07-25T20:00:00+00:00,2026-07-25T23:00:00+03:00,2026-07,EBM0726,3564.4880436657104,EPIAS_VEP:EBM0726,True,False,False
2026-07-25T21:00:00+00:00,2026-07-26T00:00:00+03:00,2026-07,EBM0726,3564.4880436656954,EPIAS_VEP:EBM0726,True,False,False
2026-07-25T22:00:00+00:00,2026-07-26T01:00:00+03:00,2026-07,EBM0726,3564.4880436656813,EPIAS_VEP:EBM0726,True,False,False
2026-07-25T23:00:00+00:00,2026-07-26T02:00:00+03:00,2026-07,EBM0726,3564.488043665667,EPIAS_VEP:EBM0726,True,False,False
2026-07-26T00:00:00+00:00,2026-07-26T03:00:00+03:00,2026-07,EBM0726,3564.4880436656535,EPIAS_VEP:EBM0726,True,False,False
2026-07-26T01:00:00+00:00,2026-07-26T04:00:00+03:00,2026-07,EBM0726,3564.488043665641,EPIAS_VEP:EBM0726,True,False,False
2026-07-26T02:00:00+00:00,2026-07-26T05:00:00+03:00,2026-07,EBM0726,3564.4880436656294,EPIAS_VEP:EBM0726,True,False,False
2026-07-26T03:00:00+00:00,2026-07-26T06:00:00+03:00,2026-07,EBM0726,3564.488043665621,EPIAS_VEP:EBM0726,True,False,False
2026-07-26T04:00:00+00:00,2026-07-26T07:00:00+03:00,2026-07,EBM0726,3564.4880436656144,EPIAS_VEP:EBM0726,True,False,False
2026-07-26T05:00:00+00:00,2026-07-26T08:00:00+03:00,2026-07,EBM0726,3564.4880436656117,EPIAS_VEP:EBM0726,True,False,False
2026-07-26T06:00:00+00:00,2026-07-26T09:00:00+03:00,2026-07,EBM0726,3564.4880436656135,EPIAS_VEP:EBM0726,True,False,False
2026-07-26T07:00:00+00:00,2026-07-26T10:00:00+03:00,2026-07,EBM0726,3564.4880436656204,EPIAS_VEP:EBM0726,True,False,False
2026-07-26T08:00:00+00:00,2026-07-26T11:00:00+03:00,2026-07,EBM0726,3564.4880436656326,EPIAS_VEP:EBM0726,True,False,False
2026-07-26T09:00:00+00:00,2026-07-26T12:00:00+03:00,2026-07,EBM0726,3564.4880436656517,EPIAS_VEP:EBM0726,True,False,False
2026-07-26T10:00:00+00:00,2026-07-26T13:00:00+03:00,2026-07,EBM0726,3564.488043665678,EPIAS_VEP:EBM0726,True,False,False
2026-07-26T11:00:00+00:00,2026-07-26T14:00:00+03:00,2026-07,EBM0726,3564.488043665713,EPIAS_VEP:EBM0726,True,False,False
2026-07-26T12:00:00+00:00,2026-07-26T15:00:00+03:00,2026-07,EBM0726,3564.4880436657572,EPIAS_VEP:EBM0726,True,False,False
2026-07-26T13:00:00+00:00,2026-07-26T16:00:00+03:00,2026-07,EBM0726,3564.488043665809,EPIAS_VEP:EBM0726,True,False,False
2026-07-26T14:00:00+00:00,2026-07-26T17:00:00+03:00,2026-07,EBM0726,3564.4880436658677,EPIAS_VEP:EBM0726,True,False,False
2026-07-26T15:00:00+00:00,2026-07-26T18:00:00+03:00,2026-07,EBM0726,3564.4880436659328,EPIAS_VEP:EBM0726,True,False,False
2026-07-26T16:00:00+00:00,2026-07-26T19:00:00+03:00,2026-07,EBM0726,3564.4880436660033,EPIAS_VEP:EBM0726,True,False,False
2026-07-26T17:00:00+00:00,2026-07-26T20:00:00+03:00,2026-07,EBM0726,3564.488043666078,EPIAS_VEP:EBM0726,True,False,False
2026-07-26T18:00:00+00:00,2026-07-26T21:00:00+03:00,2026-07,EBM0726,3564.488043666156,EPIAS_VEP:EBM0726,True,False,False
2026-07-26T19:00:00+00:00,2026-07-26T22:00:00+03:00,2026-07,EBM0726,3564.488043666233,EPIAS_VEP:EBM0726,True,False,False
2026-07-26T20:00:00+00:00,2026-07-26T23:00:00+03:00,2026-07,EBM0726,3564.4880436663043,EPIAS_VEP:EBM0726,True,False,False
2026-07-26T21:00:00+00:00,2026-07-27T00:00:00+03:00,2026-07,EBM0726,3564.4880436663693,EPIAS_VEP:EBM0726,True,False,False
2026-07-26T22:00:00+00:00,2026-07-27T01:00:00+03:00,2026-07,EBM0726,3564.488043666427,EPIAS_VEP:EBM0726,True,False,False
2026-07-26T23:00:00+00:00,2026-07-27T02:00:00+03:00,2026-07,EBM0726,3564.488043666476,EPIAS_VEP:EBM0726,True,False,False
2026-07-27T00:00:00+00:00,2026-07-27T03:00:00+03:00,2026-07,EBM0726,3564.488043666517,EPIAS_VEP:EBM0726,True,False,False
2026-07-27T01:00:00+00:00,2026-07-27T04:00:00+03:00,2026-07,EBM0726,3564.48804366655,EPIAS_VEP:EBM0726,True,False,False
2026-07-27T02:00:00+00:00,2026-07-27T05:00:00+03:00,2026-07,EBM0726,3564.4880436665767,EPIAS_VEP:EBM0726,True,False,False
2026-07-27T03:00:00+00:00,2026-07-27T06:00:00+03:00,2026-07,EBM0726,3564.4880436666,EPIAS_VEP:EBM0726,True,False,False
2026-07-27T04:00:00+00:00,2026-07-27T07:00:00+03:00,2026-07,EBM0726,3564.4880436666213,EPIAS_VEP:EBM0726,True,False,False
2026-07-27T05:00:00+00:00,2026-07-27T08:00:00+03:00,2026-07,EBM0726,3564.488043666642,EPIAS_VEP:EBM0726,True,False,False
2026-07-27T06:00:00+00:00,2026-07-27T09:00:00+03:00,2026-07,EBM0726,3564.488043666663,EPIAS_VEP:EBM0726,True,False,False
2026-07-27T07:00:00+00:00,2026-07-27T10:00:00+03:00,2026-07,EBM0726,3564.4880436666845,EPIAS_VEP:EBM0726,True,False,False
2026-07-27T08:00:00+00:00,2026-07-27T11:00:00+03:00,2026-07,EBM0726,3564.4880436667063,EPIAS_VEP:EBM0726,True,False,False
2026-07-27T09:00:00+00:00,2026-07-27T12:00:00+03:00,2026-07,EBM0726,3564.488043666731,EPIAS_VEP:EBM0726,True,False,False
2026-07-27T10:00:00+00:00,2026-07-27T13:00:00+03:00,2026-07,EBM0726,3564.48804366676,EPIAS_VEP:EBM0726,True,False,False
2026-07-27T11:00:00+00:00,2026-07-27T14:00:00+03:00,2026-07,EBM0726,3564.4880436667963,EPIAS_VEP:EBM0726,True,False,False
2026-07-27T12:00:00+00:00,2026-07-27T15:00:00+03:00,2026-07,EBM0726,3564.488043666843,EPIAS_VEP:EBM0726,True,False,False
2026-07-27T13:00:00+00:00,2026-07-27T16:00:00+03:00,2026-07,EBM0726,3564.4880436669014,EPIAS_VEP:EBM0726,True,False,False
2026-07-27T14:00:00+00:00,2026-07-27T17:00:00+03:00,2026-07,EBM0726,3564.48804366697,EPIAS_VEP:EBM0726,True,False,False
2026-07-27T15:00:00+00:00,2026-07-27T18:00:00+03:00,2026-07,EBM0726,3564.4880436670483,EPIAS_VEP:EBM0726,True,False,False
2026-07-27T16:00:00+00:00,2026-07-27T19:00:00+03:00,2026-07,EBM0726,3564.488043667134,EPIAS_VEP:EBM0726,True,False,False
2026-07-27T17:00:00+00:00,2026-07-27T20:00:00+03:00,2026-07,EBM0726,3564.488043667228,EPIAS_VEP:EBM0726,True,False,False
2026-07-27T18:00:00+00:00,2026-07-27T21:00:00+03:00,2026-07,EBM0726,3564.4880436673293,EPIAS_VEP:EBM0726,True,False,False
2026-07-27T19:00:00+00:00,2026-07-27T22:00:00+03:00,2026-07,EBM0726,3564.488043667436,EPIAS_VEP:EBM0726,True,False,False
2026-07-27T20:00:00+00:00,2026-07-27T23:00:00+03:00,2026-07,EBM0726,3564.488043667546,EPIAS_VEP:EBM0726,True,False,False
2026-07-27T21:00:00+00:00,2026-07-28T00:00:00+03:00,2026-07,EBM0726,3564.4880436676594,EPIAS_VEP:EBM0726,True,False,False
2026-07-27T22:00:00+00:00,2026-07-28T01:00:00+03:00,2026-07,EBM0726,3564.488043667775,EPIAS_VEP:EBM0726,True,False,False
2026-07-27T23:00:00+00:00,2026-07-28T02:00:00+03:00,2026-07,EBM0726,3564.4880436678927,EPIAS_VEP:EBM0726,True,False,False
2026-07-28T00:00:00+00:00,2026-07-28T03:00:00+03:00,2026-07,EBM0726,3564.4880436680132,EPIAS_VEP:EBM0726,True,False,False
2026-07-28T01:00:00+00:00,2026-07-28T04:00:00+03:00,2026-07,EBM0726,3564.4880436681365,EPIAS_VEP:EBM0726,True,False,False
2026-07-28T02:00:00+00:00,2026-07-28T05:00:00+03:00,2026-07,EBM0726,3564.488043668263,EPIAS_VEP:EBM0726,True,False,False
2026-07-28T03:00:00+00:00,2026-07-28T06:00:00+03:00,2026-07,EBM0726,3564.488043668392,EPIAS_VEP:EBM0726,True,False,False
2026-07-28T04:00:00+00:00,2026-07-28T07:00:00+03:00,2026-07,EBM0726,3564.488043668525,EPIAS_VEP:EBM0726,True,False,False
2026-07-28T05:00:00+00:00,2026-07-28T08:00:00+03:00,2026-07,EBM0726,3564.4880436686612,EPIAS_VEP:EBM0726,True,False,False
2026-07-28T06:00:00+00:00,2026-07-28T09:00:00+03:00,2026-07,EBM0726,3564.4880436688013,EPIAS_VEP:EBM0726,True,False,False
2026-07-28T07:00:00+00:00,2026-07-28T10:00:00+03:00,2026-07,EBM0726,3564.4880436689446,EPIAS_VEP:EBM0726,True,False,False
2026-07-28T08:00:00+00:00,2026-07-28T11:00:00+03:00,2026-07,EBM0726,3564.4880436690905,EPIAS_VEP:EBM0726,True,False,False
2026-07-28T09:00:00+00:00,2026-07-28T12:00:00+03:00,2026-07,EBM0726,3564.4880436692383,EPIAS_VEP:EBM0726,True,False,False
2026-07-28T10:00:00+00:00,2026-07-28T13:00:00+03:00,2026-07,EBM0726,3564.488043669388,EPIAS_VEP:EBM0726,True,False,False
2026-07-28T11:00:00+00:00,2026-07-28T14:00:00+03:00,2026-07,EBM0726,3564.488043669539,EPIAS_VEP:EBM0726,True,False,False
2026-07-28T12:00:00+00:00,2026-07-28T15:00:00+03:00,2026-07,EBM0726,3564.4880436696903,EPIAS_VEP:EBM0726,True,False,False
2026-07-28T13:00:00+00:00,2026-07-28T16:00:00+03:00,2026-07,EBM0726,3564.488043669843,EPIAS_VEP:EBM0726,True,False,False
2026-07-28T14:00:00+00:00,2026-07-28T17:00:00+03:00,2026-07,EBM0726,3564.488043669998,EPIAS_VEP:EBM0726,True,False,False
2026-07-28T15:00:00+00:00,2026-07-28T18:00:00+03:00,2026-07,EBM0726,3564.488043670157,EPIAS_VEP:EBM0726,True,False,False
2026-07-28T16:00:00+00:00,2026-07-28T19:00:00+03:00,2026-07,EBM0726,3564.4880436703183,EPIAS_VEP:EBM0726,True,False,False
2026-07-28T17:00:00+00:00,2026-07-28T20:00:00+03:00,2026-07,EBM0726,3564.488043670483,EPIAS_VEP:EBM0726,True,False,False
2026-07-28T18:00:00+00:00,2026-07-28T21:00:00+03:00,2026-07,EBM0726,3564.4880436706517,EPIAS_VEP:EBM0726,True,False,False
2026-07-28T19:00:00+00:00,2026-07-28T22:00:00+03:00,2026-07,EBM0726,3564.4880436708245,EPIAS_VEP:EBM0726,True,False,False
2026-07-28T20:00:00+00:00,2026-07-28T23:00:00+03:00,2026-07,EBM0726,3564.488043671002,EPIAS_VEP:EBM0726,True,False,False
2026-07-28T21:00:00+00:00,2026-07-29T00:00:00+03:00,2026-07,EBM0726,3564.488043671179,EPIAS_VEP:EBM0726,True,False,False
2026-07-28T22:00:00+00:00,2026-07-29T01:00:00+03:00,2026-07,EBM0726,3564.4880436713534,EPIAS_VEP:EBM0726,True,False,False
2026-07-28T23:00:00+00:00,2026-07-29T02:00:00+03:00,2026-07,EBM0726,3564.4880436715207,EPIAS_VEP:EBM0726,True,False,False
2026-07-29T00:00:00+00:00,2026-07-29T03:00:00+03:00,2026-07,EBM0726,3564.488043671676,EPIAS_VEP:EBM0726,True,False,False
2026-07-29T01:00:00+00:00,2026-07-29T04:00:00+03:00,2026-07,EBM0726,3564.488043671825,EPIAS_VEP:EBM0726,True,False,False
2026-07-29T02:00:00+00:00,2026-07-29T05:00:00+03:00,2026-07,EBM0726,3564.488043671971,EPIAS_VEP:EBM0726,True,False,False
2026-07-29T03:00:00+00:00,2026-07-29T06:00:00+03:00,2026-07,EBM0726,3564.4880436721187,EPIAS_VEP:EBM0726,True,False,False
2026-07-29T04:00:00+00:00,2026-07-29T07:00:00+03:00,2026-07,EBM0726,3564.4880436722738,EPIAS_VEP:EBM0726,True,False,False
2026-07-29T05:00:00+00:00,2026-07-29T08:00:00+03:00,2026-07,EBM0726,3564.488043672442,EPIAS_VEP:EBM0726,True,False,False
2026-07-29T06:00:00+00:00,2026-07-29T09:00:00+03:00,2026-07,EBM0726,3564.488043672628,EPIAS_VEP:EBM0726,True,False,False
2026-07-29T07:00:00+00:00,2026-07-29T10:00:00+03:00,2026-07,EBM0726,3564.4880436728354,EPIAS_VEP:EBM0726,True,False,False
2026-07-29T08:00:00+00:00,2026-07-29T11:00:00+03:00,2026-07,EBM0726,3564.4880436730678,EPIAS_VEP:EBM0726,True,False,False
2026-07-29T09:00:00+00:00,2026-07-29T12:00:00+03:00,2026-07,EBM0726,3564.488043673328,EPIAS_VEP:EBM0726,True,False,False
2026-07-29T10:00:00+00:00,2026-07-29T13:00:00+03:00,2026-07,EBM0726,3564.4880436736175,EPIAS_VEP:EBM0726,True,False,False
2026-07-29T11:00:00+00:00,2026-07-29T14:00:00+03:00,2026-07,EBM0726,3564.4880436739363,EPIAS_VEP:EBM0726,True,False,False
2026-07-29T12:00:00+00:00,2026-07-29T15:00:00+03:00,2026-07,EBM0726,3564.488043674283,EPIAS_VEP:EBM0726,True,False,False
2026-07-29T13:00:00+00:00,2026-07-29T16:00:00+03:00,2026-07,EBM0726,3564.4880436746575,EPIAS_VEP:EBM0726,True,False,False
2026-07-29T14:00:00+00:00,2026-07-29T17:00:00+03:00,2026-07,EBM0726,3564.488043675062,EPIAS_VEP:EBM0726,True,False,False
2026-07-29T15:00:00+00:00,2026-07-29T18:00:00+03:00,2026-07,EBM0726,3564.4880436754956,EPIAS_VEP:EBM0726,True,False,False
2026-07-29T16:00:00+00:00,2026-07-29T19:00:00+03:00,2026-07,EBM0726,3564.4880436759586,EPIAS_VEP:EBM0726,True,False,False
2026-07-29T17:00:00+00:00,2026-07-29T20:00:00+03:00,2026-07,EBM0726,3564.4880436764506,EPIAS_VEP:EBM0726,True,False,False
2026-07-29T18:00:00+00:00,2026-07-29T21:00:00+03:00,2026-07,EBM0726,3564.4880436769704,EPIAS_VEP:EBM0726,True,False,False
2026-07-29T19:00:00+00:00,2026-07-29T22:00:00+03:00,2026-07,EBM0726,3564.488043677517,EPIAS_VEP:EBM0726,True,False,False
2026-07-29T20:00:00+00:00,2026-07-29T23:00:00+03:00,2026-07,EBM0726,3564.488043678086,EPIAS_VEP:EBM0726,True,False,False
2026-07-29T21:00:00+00:00,2026-07-30T00:00:00+03:00,2026-07,EBM0726,3564.488043678673,EPIAS_VEP:EBM0726,True,False,False
2026-07-29T22:00:00+00:00,2026-07-30T01:00:00+03:00,2026-07,EBM0726,3564.4880436792723,EPIAS_VEP:EBM0726,True,False,False
2026-07-29T23:00:00+00:00,2026-07-30T02:00:00+03:00,2026-07,EBM0726,3564.4880436798785,EPIAS_VEP:EBM0726,True,False,False
2026-07-30T00:00:00+00:00,2026-07-30T03:00:00+03:00,2026-07,EBM0726,3564.488043680483,EPIAS_VEP:EBM0726,True,False,False
2026-07-30T01:00:00+00:00,2026-07-30T04:00:00+03:00,2026-07,EBM0726,3564.4880436810777,EPIAS_VEP:EBM0726,True,False,False
2026-07-30T02:00:00+00:00,2026-07-30T05:00:00+03:00,2026-07,EBM0726,3564.488043681654,EPIAS_VEP:EBM0726,True,False,False
2026-07-30T03:00:00+00:00,2026-07-30T06:00:00+03:00,2026-07,EBM0726,3564.4880436822014,EPIAS_VEP:EBM0726,True,False,False
2026-07-30T04:00:00+00:00,2026-07-30T07:00:00+03:00,2026-07,EBM0726,3564.488043682709,EPIAS_VEP:EBM0726,True,False,False
2026-07-30T05:00:00+00:00,2026-07-30T08:00:00+03:00,2026-07,EBM0726,3564.488043683165,EPIAS_VEP:EBM0726,True,False,False
2026-07-30T06:00:00+00:00,2026-07-30T09:00:00+03:00,2026-07,EBM0726,3564.488043683555,EPIAS_VEP:EBM0726,True,False,False
2026-07-30T07:00:00+00:00,2026-07-30T10:00:00+03:00,2026-07,EBM0726,3564.488043683863,EPIAS_VEP:EBM0726,True,False,False
2026-07-30T08:00:00+00:00,2026-07-30T11:00:00+03:00,2026-07,EBM0726,3564.4880436840704,EPIAS_VEP:EBM0726,True,False,False
2026-07-30T09:00:00+00:00,2026-07-30T12:00:00+03:00,2026-07,EBM0726,3564.4880436841563,EPIAS_VEP:EBM0726,True,False,False
2026-07-30T10:00:00+00:00,2026-07-30T13:00:00+03:00,2026-07,EBM0726,3564.4880436840967,EPIAS_VEP:EBM0726,True,False,False
2026-07-30T11:00:00+00:00,2026-07-30T14:00:00+03:00,2026-07,EBM0726,3564.488043683867,EPIAS_VEP:EBM0726,True,False,False
2026-07-30T12:00:00+00:00,2026-07-30T15:00:00+03:00,2026-07,EBM0726,3564.48804368344,EPIAS_VEP:EBM0726,True,False,False
2026-07-30T13:00:00+00:00,2026-07-30T16:00:00+03:00,2026-07,EBM0726,3564.488043682786,EPIAS_VEP:EBM0726,True,False,False
2026-07-30T14:00:00+00:00,2026-07-30T17:00:00+03:00,2026-07,EBM0726,3564.4880436818753,EPIAS_VEP:EBM0726,True,False,False
2026-07-30T15:00:00+00:00,2026-07-30T18:00:00+03:00,2026-07,EBM0726,3564.488043680675,EPIAS_VEP:EBM0726,True,False,False
2026-07-30T16:00:00+00:00,2026-07-30T19:00:00+03:00,2026-07,EBM0726,3564.488043679152,EPIAS_VEP:EBM0726,True,False,False
2026-07-30T17:00:00+00:00,2026-07-30T20:00:00+03:00,2026-07,EBM0726,3564.488043677269,EPIAS_VEP:EBM0726,True,False,False
2026-07-30T18:00:00+00:00,2026-07-30T21:00:00+03:00,2026-07,EBM0726,3564.4880436749922,EPIAS_VEP:EBM0726,True,False,False
2026-07-30T19:00:00+00:00,2026-07-30T22:00:00+03:00,2026-07,EBM0726,3564.4880436722847,EPIAS_VEP:EBM0726,True,False,False
2026-07-30T20:00:00+00:00,2026-07-30T23:00:00+03:00,2026-07,EBM0726,3564.4880436691087,EPIAS_VEP:EBM0726,True,False,False
2026-07-30T21:00:00+00:00,2026-07-31T00:00:00+03:00,2026-07,EBM0726,3564.4880436654294,EPIAS_VEP:EBM0726,True,False,False
2026-07-30T22:00:00+00:00,2026-07-31T01:00:00+03:00,2026-07,EBM0726,3564.4880436612107,EPIAS_VEP:EBM0726,True,False,False
2026-07-30T23:00:00+00:00,2026-07-31T02:00:00+03:00,2026-07,EBM0726,3564.4880436564176,EPIAS_VEP:EBM0726,True,False,False
2026-07-31T00:00:00+00:00,2026-07-31T03:00:00+03:00,2026-07,EBM0726,3564.488043651016,EPIAS_VEP:EBM0726,True,False,False
2026-07-31T01:00:00+00:00,2026-07-31T04:00:00+03:00,2026-07,EBM0726,3564.488043644974,EPIAS_VEP:EBM0726,True,False,False
2026-07-31T02:00:00+00:00,2026-07-31T05:00:00+03:00,2026-07,EBM0726,3564.48804363826,EPIAS_VEP:EBM0726,True,False,False
2026-07-31T03:00:00+00:00,2026-07-31T06:00:00+03:00,2026-07,EBM0726,3564.488043630847,EPIAS_VEP:EBM0726,True,False,False
2026-07-31T04:00:00+00:00,2026-07-31T07:00:00+03:00,2026-07,EBM0726,3564.488043622711,EPIAS_VEP:EBM0726,True,False,False
2026-07-31T05:00:00+00:00,2026-07-31T08:00:00+03:00,2026-07,EBM0726,3564.488043613831,EPIAS_VEP:EBM0726,True,False,False
2026-07-31T06:00:00+00:00,2026-07-31T09:00:00+03:00,2026-07,EBM0726,3564.488043604193,EPIAS_VEP:EBM0726,True,False,False
2026-07-31T07:00:00+00:00,2026-07-31T10:00:00+03:00,2026-07,EBM0726,3564.4880435937894,EPIAS_VEP:EBM0726,True,False,False
2026-07-31T08:00:00+00:00,2026-07-31T11:00:00+03:00,2026-07,EBM0726,3564.48804358262,EPIAS_VEP:EBM0726,True,False,False
2026-07-31T09:00:00+00:00,2026-07-31T12:00:00+03:00,2026-07,EBM0726,3564.488043570689,EPIAS_VEP:EBM0726,True,False,False
2026-07-31T10:00:00+00:00,2026-07-31T13:00:00+03:00,2026-07,EBM0726,3564.488043558012,EPIAS_VEP:EBM0726,True,False,False
2026-07-31T11:00:00+00:00,2026-07-31T14:00:00+03:00,2026-07,EBM0726,3564.4880435446103,EPIAS_VEP:EBM0726,True,False,False
2026-07-31T12:00:00+00:00,2026-07-31T15:00:00+03:00,2026-07,EBM0726,3564.4880435305167,EPIAS_VEP:EBM0726,True,False,False
2026-07-31T13:00:00+00:00,2026-07-31T16:00:00+03:00,2026-07,EBM0726,3564.488043515776,EPIAS_VEP:EBM0726,True,False,False
2026-07-31T14:00:00+00:00,2026-07-31T17:00:00+03:00,2026-07,EBM0726,3564.488043500436,EPIAS_VEP:EBM0726,True,False,False
2026-07-31T15:00:00+00:00,2026-07-31T18:00:00+03:00,2026-07,EBM0726,3564.488043484563,EPIAS_VEP:EBM0726,True,False,False
2026-07-31T16:00:00+00:00,2026-07-31T19:00:00+03:00,2026-07,EBM0726,3564.488043468254,EPIAS_VEP:EBM0726,True,False,False
2026-07-31T17:00:00+00:00,2026-07-31T20:00:00+03:00,2026-07,EBM0726,3564.4880434514853,EPIAS_VEP:EBM0726,True,False,False
2026-07-31T18:00:00+00:00,2026-07-31T21:00:00+03:00,2026-07,EBM0726,3564.488043434425,EPIAS_VEP:EBM0726,True,False,False
2026-07-31T19:00:00+00:00,2026-07-31T22:00:00+03:00,2026-07,EBM0726,3564.4880434172956,EPIAS_VEP:EBM0726,True,False,False
2026-07-31T20:00:00+00:00,2026-07-31T23:00:00+03:00,2026-07,EBM0726,3564.4880434005136,EPIAS_VEP:EBM0726,True,False,False
